binary,offset_dec,offset_hex,keywords,string
AeCompute.dll,148905884,0x8e01f9c,mask,FastMaskH
AeCompute.dll,149819156,0x8ee0f14,mask,fastmaskH
AeCompute.dll,149820740,0x8ee1544,mask,fastmaskH
AeCompute.dll,151050602,0x900d96a,flow,D$Pflow
AeCompute.dll,151309300,0x904cbf4,flow,D$`Flow
AeCompute.dll,152688861,0x919d8dd,mask,Mask@
AeCompute.dll,154249048,0x931a758,object,The script object is no longer valid.
AeCompute.dll,154250216,0x931abe8,mask,FastMask
AeCompute.dll,154250240,0x931ac00,mask|track,This provides the utility to run Fast Mask pipeline to track mask on video (or sequence of images) after initializing it with starting mask and color image that corresponds to the starting mask.
AeCompute.dll,154250464,0x931ace0,object|mask,Constructs a new Fast Mask Wrapper object.
AeCompute.dll,154250512,0x931ad10,object|mask,getFastMaskWrapperObject
AeCompute.dll,154250544,0x931ad30,object|mask,"Initializes the Fast Mask Object with the color space, starting mask and color image that corresponds to the starting mask."
AeCompute.dll,154250672,0x931adb0,mask,startingMaskPath
AeCompute.dll,154250736,0x931adf0,object|mask,initializeFastMaskObject
AeCompute.dll,154250768,0x931ae10,mask|track,Runs Fast Mask pipeline to track mask on sequentially next image of the video since the last time trackNextFrame was called or since initialization with starting mask.
AeCompute.dll,154250984,0x931aee8,track,trackNextFrame
AeCompute.dll,154251008,0x931af00,track,Print Tracking Started Logs to distinguish between multiple tracking sessions.
AeCompute.dll,154251088,0x931af50,track,printTrackingStartedLogs
AeCompute.dll,154251120,0x931af70,track,Print Tracking Ended Logs to distinguish between multiple tracking sessions.
AeCompute.dll,154251200,0x931afc0,track,printTrackingEndedLogs
AeCompute.dll,154251296,0x931b020,track,Tracking Started...
AeCompute.dll,154251320,0x931b038,track,Tracking Ended...
AeCompute.dll,154252400,0x931b470,mask,"class std::basic_string_view<char,struct std::char_traits<char> > __cdecl dvacore::utility::detail::FunctionName<struct DVACompute::IFastMaskWrapper>(void)"
AeCompute.dll,154253728,0x931b9a0,mask,fastmask2_image_encoder
AeCompute.dll,154253768,0x931b9c8,mask,fastmask2_mask_encoder
AeCompute.dll,154253808,0x931b9f0,mask,fastmask2_mask_decoder
AeCompute.dll,154254064,0x931baf0,mask,"class std::basic_string_view<char,struct std::char_traits<char> > __cdecl dvacore::utility::detail::FunctionName<class DVACompute::FastMaskWrapper>(void)"
AeCompute.dll,154254456,0x931bc78,mask,DVACompute::FastMaskWrapper
AeCompute.dll,154254488,0x931bc98,mask,kFastMaskWrapperClassID
AeCompute.dll,154255104,0x931bf00,mask,fastmask3_image_encoder
AeCompute.dll,154255128,0x931bf18,mask,fastmask3_mask_encoder
AeCompute.dll,154255152,0x931bf30,mask,fastmask3_mask_decoder
AeCompute.dll,154255176,0x931bf48,mask,FastMask State Reset...
AeCompute.dll,154255200,0x931bf60,mask,FastMask State Initialized...
AeCompute.dll,154255232,0x931bf80,mask,DVACompute.FastMaskWrapper.VideoFrameToSolaxImageConversion
AeCompute.dll,154255296,0x931bfc0,mask,DVACompute.FastMaskWrapper.InvokeSolaxFastMaskAlgo
AeCompute.dll,154255352,0x931bff8,mask|track,DVACompute.FastMaskWrapper.TrackedMaskToOutputDataConversion
AeCompute.dll,154255416,0x931c038,mask|track,DVACompute::FastMaskWrapper::TrackNextFrame
AeCompute.dll,154264152,0x931e258,mask,DVACompute::CreateVideoFrameFromMask::<lambda_1>::operator ()
AeCompute.dll,154264216,0x931e298,mask,DVACompute::CreateVideoFrameFromMask
AeCompute.dll,154272240,0x93201f0,mask,SmartMaskingUtils
AeCompute.dll,154272264,0x9320208,mask,Collection of utility functions for Smart Masking.
AeCompute.dll,154272320,0x9320240,mask,Compares the expected Mask with the predicted path and returns the Intersection Over Union (IOU) score.
AeCompute.dll,154272424,0x93202a8,mask,predictedMaskPath
AeCompute.dll,154272448,0x93202c0,mask,expectedMaskPath
AeCompute.dll,154272496,0x93202f0,object|mask,Compares the expected mask with the predicted path and return a vector of Intersection Over Union (IOU) scores for every object in the mask.
AeCompute.dll,154273752,0x93207d8,model,DVACompute::SolaxModelResult::get_result
AeCompute.dll,154273808,0x9320810,inference|model,D:\releases\dva\MediaCore\DVACompute\Core\Src\Inference\SolaxModelResult.cpp
AeCompute.dll,154274008,0x93208d8,mask,InstanceMaskPrediction-20240502
AeCompute.dll,154274040,0x93208f8,model|refine,UniversalRefinementModel-20240502
AeCompute.dll,154274080,0x9320920,lasso,DeepLasso-20240605
AeCompute.dll,154274104,0x9320938,mask,FastMask2ImgEncoder512-20231103
AeCompute.dll,154274136,0x9320958,mask,FastMask2MaskEncoder512-20231103
AeCompute.dll,154274176,0x9320980,mask,FastMask2MaskDecoder512-20231103
AeCompute.dll,154274216,0x93209a8,mask,FastMask3ImgEncoder512-20241118
AeCompute.dll,154274248,0x93209c8,mask,FastMask3MaskEncoder512-20241118
AeCompute.dll,154274288,0x93209f0,mask,FastMask3MaskDecoder512-20241118
AeCompute.dll,154274328,0x9320a18,flow,OpticalFlow-20240507
AeCompute.dll,154274352,0x9320a30,flow,OpticalFlow-20240814
AeCompute.dll,154275536,0x9320ed0,model, model = 
AeCompute.dll,154275616,0x9320f20,inference,Demangling of tensor batch for DVAML Inference not implemented yet.
AeCompute.dll,154275704,0x9320f78,inference,Null output feature from inference
AeCompute.dll,154275792,0x9320fd0,inference,DVACompute::DVAMLInferenceEngine::RunInference::<lambda_1>::()::<lambda_1>::operator ()
AeCompute.dll,154275888,0x9321030,inference,D:\releases\dva\MediaCore\DVACompute\Core\Src\Inference\DVAMLInferenceEngine.cpp
AeCompute.dll,154275992,0x9321098,model,Modelname: 
AeCompute.dll,154276176,0x9321150,inference,DVACompute::DVAMLInferenceEngine::RunInference::<lambda_1>::()::<lambda_2>::operator ()
AeCompute.dll,154276264,0x93211a8,inference,Inference evaluation failed
AeCompute.dll,154276336,0x93211f0,inference,DVACompute::DVAMLInferenceEngine::RunInference::<lambda_1>::operator ()
AeCompute.dll,154276832,0x93213e0,inference,Inference Successful.
AeCompute.dll,154276856,0x93213f8,inference,Operation failed in Inference Step.
AeCompute.dll,154283488,0x9322de0,object,ObjectSelection
AeCompute.dll,154283504,0x9322df0,object|mask|model,This provides the utility to run Object Selection model on the given input image and returns the predicted mask
AeCompute.dll,154283616,0x9322e60,object,Constructs a new Object Selection Wrapper object.
AeCompute.dll,154283672,0x9322e98,object,getObjectSelectionWrapperObject
AeCompute.dll,154283712,0x9322ec0,object|mask,Runs Object Selection pipeline to detect object in masked area in the input image and returns the mask around detected object.
AeCompute.dll,154283840,0x9322f40,mask,maskPath
AeCompute.dll,154283872,0x9322f60,object|mask,detectObjectsUsingMask
AeCompute.dll,154283904,0x9322f80,object|mask,Runs Object Selection pipeline to detect object in area outlined by boundary points in the input image and returns the mask around detected object.
AeCompute.dll,154284056,0x9323018,mask,maskBoundaryPoints
AeCompute.dll,154284080,0x9323030,object,detectObjectsUsingBoundary
AeCompute.dll,154284992,0x93233c0,object,"class std::basic_string_view<char,struct std::char_traits<char> > __cdecl dvacore::utility::detail::FunctionName<struct DVACompute::IObjectSelectionWrapper>(void)"
AeCompute.dll,154285888,0x9323740,object,DVACompute::ObjectSelectionWrapper
AeCompute.dll,154285928,0x9323768,object,kObjectSelectionWrapperClassID
AeCompute.dll,154286272,0x93238c0,object,"class std::basic_string_view<char,struct std::char_traits<char> > __cdecl dvacore::utility::detail::FunctionName<class DVACompute::ObjectSelectionWrapper>(void)"
AeCompute.dll,154286488,0x9323998,mask|lasso,masking_ai_deep_lasso
AeCompute.dll,154286528,0x93239c0,mask,masking_ai_ultimate_urm
AeCompute.dll,154286552,0x93239d8,object|mask,DVACompute::ObjectSelectionWrapper::DetectObjectsUsingMask
AeCompute.dll,154286616,0x9323a18,object,DVACompute - ObjectSelectionWrapper
AeCompute.dll,154286656,0x9323a40,object,DVACompute::ObjectSelectionWrapper::DetectObjectsUsingBoundary
AeCompute.dll,154286720,0x9323a80,object,DVACompute::ObjectSelectionWrapper::ApplyBinaryThreshold
AeCompute.dll,154287912,0x9323f28,segment,PreSegmentation
AeCompute.dll,154287936,0x9323f40,object|mask|segment,This provides the utility to run Pre Segmentation pipeline on the given input image and returns the mask around detected objects
AeCompute.dll,154288072,0x9323fc8,object|segment,Constructs a new Pre Segmentation Wrapper object.
AeCompute.dll,154288128,0x9324000,object|segment,getPreSegmentationWrapperObject
AeCompute.dll,154288160,0x9324020,object|mask|segment,Runs Pre Segmentation pipeline to detect objects in the input image and returns the mask around detected object.
AeCompute.dll,154288280,0x9324098,segment,runPreSegmentation
AeCompute.dll,154288784,0x9324290,segment,"class std::basic_string_view<char,struct std::char_traits<char> > __cdecl dvacore::utility::detail::FunctionName<struct DVACompute::IPreSegmentationWrapper>(void)"
AeCompute.dll,154289768,0x9324668,segment,DVACompute::PreSegmentationWrapper
AeCompute.dll,154289808,0x9324690,segment,kPreSegmentationWrapperClassID
AeCompute.dll,154290176,0x9324800,segment,"class std::basic_string_view<char,struct std::char_traits<char> > __cdecl dvacore::utility::detail::FunctionName<class DVACompute::PreSegmentationWrapper>(void)"
AeCompute.dll,154290376,0x93248c8,mask,masking_ai_ppyoloe
AeCompute.dll,154290432,0x9324900,mask,masking_ai_imp
AeCompute.dll,154290488,0x9324938,segment,DVACompute::PreSegmentationWrapper::RunPreSegmentation
AeCompute.dll,154290560,0x9324980,mask|segment|refine,PresegmentationWrapper::RefineMask using provided bounding box: 
AeCompute.dll,154290632,0x93249c8,mask|segment|refine,DVACompute::PreSegmentationWrapper::RefineMask
AeCompute.dll,154290720,0x9324a20,segment,PreSegmentationWrapper Time taken by DOMOLite API = 
AeCompute.dll,154293096,0x9325368,track,VectorSelectionTracker
AeCompute.dll,154293120,0x9325380,track,kVectorSelectionTrackerClassID
AeCompute.dll,154293152,0x93253a0,track,DVACompute::VectorSelectionTracker
AeCompute.dll,154293488,0x93254f0,track,"class std::basic_string_view<char,struct std::char_traits<char> > __cdecl dvacore::utility::detail::FunctionName<class DVACompute::VectorSelectionTracker>(void)"
AeCompute.dll,154293696,0x93255c0,track,"class std::basic_string_view<char,struct std::char_traits<char> > __cdecl dvacore::utility::detail::FunctionName<struct DVACompute::IVectorSelectionTracker>(void)"
AeCompute.dll,154294256,0x93257f0,track,DVACompute.VectorSelectionTracker.Setup
AeCompute.dll,154294392,0x9325878,track,DVACompute.VectorSelectionTracker.Run
AeCompute.dll,154294432,0x93258a0,track,VectorSelectionTrackerSink
AeCompute.dll,154294464,0x93258c0,track,tracking
AeCompute.dll,154294480,0x93258d0,mask|track,SparseVectorMaskTracker
AeCompute.dll,154294616,0x9325958,mask|track,SparseVectorMaskTrackerState
AeCompute.dll,154294688,0x93259a0,track,/VectorSelectionTracker_
AeCompute.dll,154294720,0x93259c0,track,DVACompute.VectorSelectionTracker
AeCompute.dll,154295888,0x9325e50,flow,const char *__cdecl flow::detail::type_id_impl<bool>::unique_type_identifier(void)
AeCompute.dll,154295984,0x9325eb0,flow,const char *__cdecl flow::detail::type_id_impl<float>::unique_type_identifier(void)
AeCompute.dll,154296080,0x9325f10,flow,"const char *__cdecl flow::detail::type_id_impl<class std::basic_string<char,struct std::char_traits<char>,class std::allocator<char> > >::unique_type_identifier(void)"
AeCompute.dll,154296256,0x9325fc0,flow,const char *__cdecl flow::detail::type_id_impl<enum solax::ColorSpace>::unique_type_identifier(void)
AeCompute.dll,154296368,0x9326030,flow,const char *__cdecl flow::detail::type_id_impl<enum solax::ScalarType>::unique_type_identifier(void)
AeCompute.dll,154296480,0x93260a0,flow,const char *__cdecl flow::detail::type_id_impl<int>::unique_type_identifier(void)
AeCompute.dll,154296576,0x9326100,flow,const char *__cdecl flow::detail::type_id_impl<struct flow::eof_t>::unique_type_identifier(void)
AeCompute.dll,154296688,0x9326170,flow,const char *__cdecl flow::detail::type_id_impl<class std::shared_ptr<class solax::Tensor> >::unique_type_identifier(void)
AeCompute.dll,154297312,0x93263e0,flow,const char *__cdecl flow::detail::type_id_impl<class std::shared_ptr<class solax::Image> >::unique_type_identifier(void)
AeCompute.dll,154298640,0x9326910,flow,const char *__cdecl flow::detail::type_id_impl<class transmute::VideoNew>::unique_type_identifier(void)
AeCompute.dll,154298752,0x9326980,flow,const char *__cdecl flow::detail::type_id_impl<class solax::Rational>::unique_type_identifier(void)
AeCompute.dll,154298864,0x93269f0,flow,"const char *__cdecl flow::detail::type_id_impl<class flow::ScalarSubset<class solax::Rational,class solax::Rational> >::unique_type_identifier(void)"
AeCompute.dll,154300192,0x9326f20,flow,const char *__cdecl flow::detail::type_id_impl<class dvacore::async::Future<class flow::TaskData> >::unique_type_identifier(void)
AeCompute.dll,154300912,0x93271f0,flow,"const char *__cdecl flow::detail::type_id_impl<class std::vector<class flow::Value,class std::allocator<class flow::Value> > >::unique_type_identifier(void)"
AeCompute.dll,154303168,0x9327ac0,cache,.transmutecache
AeCompute.dll,154305120,0x9328260,flow,const char *__cdecl flow::detail::type_id_impl<class solax::Frame>::unique_type_identifier(void)
AeCompute.dll,154306568,0x9328808,mask|track,Fastmask track current frame
AeCompute.dll,154306600,0x9328828,mask,Fastmask convert image to expected format
AeCompute.dll,154306648,0x9328858,mask,Fastmask::next_mask
AeCompute.dll,154306672,0x9328870,model,Models not loaded
AeCompute.dll,154309088,0x93291e0,mask,[FastMaskHost::_calcMaskBounds] Unexpected mask depth!
AeCompute.dll,154309144,0x9329218,model,Model prediction failed: {}
AeCompute.dll,154309176,0x9329238,mask,[Fastmask ImageEncoder]
AeCompute.dll,154309200,0x9329250,mask,[Fastmask ImageEncoder] failed: {}
AeCompute.dll,154309240,0x9329278,mask,FastMask CalcInputBoundsTime
AeCompute.dll,154309272,0x9329298,mask,FastMask PreProcessMask
AeCompute.dll,154309296,0x93292b0,mask,FastMask Restart
AeCompute.dll,154309320,0x93292c8,mask,FastMask PreProcessImage
AeCompute.dll,154309352,0x93292e8,mask,FastMask RunImageEncoder
AeCompute.dll,154309384,0x9329308,mask,FastMask EstimateMask
AeCompute.dll,154309408,0x9329320,mask,FastMask ApplySearchRadius
AeCompute.dll,154309440,0x9329340,mask,FastMask MemoryUpdate
AeCompute.dll,154309464,0x9329358,mask,FastMask PostProcessing
AeCompute.dll,154310568,0x93297a8,mask,[Fastmask MaskEncoder]
AeCompute.dll,154310592,0x93297c0,mask,[Fastmask MaskEncoder] failed: {}
AeCompute.dll,154310664,0x9329808,mask,[Fastmask MaskDecoder]
AeCompute.dll,154318312,0x932b5e8,object,This context object has not been split yet.
AeCompute.dll,154318592,0x932b700,object,A progress object can only be split once.
AeCompute.dll,154334208,0x932f400,model,"{} has been registered with options, but get_model() was called."
AeCompute.dll,154334280,0x932f448,model,[ModelRegistry::get_model_factory::factory] Getting model {}
AeCompute.dll,154334376,0x932f4a8,model,Duplicate model registration for {}
AeCompute.dll,154334416,0x932f4d0,model,[ModelRegistry::_register_model] Stored model {}
AeCompute.dll,154337784,0x93301f8,object,"`Options` object does not have a field named ""{}"""
AeCompute.dll,154337968,0x93302b0,object,Object selection failed: {}
AeCompute.dll,154338000,0x93302d0,model|lasso,Deep Lasso Model failed to load!
AeCompute.dll,154338040,0x93302f8,lasso,Deep Lasso Pre-Processing
AeCompute.dll,154338072,0x9330318,inference|lasso,Deep Lasso Inference
AeCompute.dll,154338096,0x9330330,lasso,Deep Lasso Post-Processing
AeCompute.dll,154338128,0x9330350,lasso,Complete Deep Lasso
AeCompute.dll,154338152,0x9330368,mask|lasso,Fill polygon to create mask (Deep Lasso)
AeCompute.dll,154338200,0x9330398,object|model,Unsupported object selection model type
AeCompute.dll,154339256,0x93307b8,mask,Mask must be of type {}
AeCompute.dll,154339280,0x93307d0,mask,Empty masks list
AeCompute.dll,154339304,0x93307e8,mask,Mask is null
AeCompute.dll,154339328,0x9330800,object,Too many objects detected. Only the first 255 objects will be shown.
AeCompute.dll,154340632,0x9330d18,mask|refine,"Empty mask supplied for refinement, returning original mask"
AeCompute.dll,154340768,0x9330da0,object|refine,Margin around the object to refine must be provided for post-processing
AeCompute.dll,154340848,0x9330df0,object|refine,Original margin around the object to refine must be provided for post-processing
AeCompute.dll,154340968,0x9330e68,model,Found `register_models`.
AeCompute.dll,154342416,0x9331410,refine,ultimate_urm::internal::adaptive_tile_refinement
AeCompute.dll,154344800,0x9331d60,object,ObjectDetector::preprocess
AeCompute.dll,154344832,0x9331d80,object,ObjectDetector::postprocess
AeCompute.dll,154346440,0x93323c8,mask,InstanceMaskPredictor::preprocess_fixed
AeCompute.dll,154346480,0x93323f0,mask,InstanceMaskPredictor::preprocess_instance
AeCompute.dll,154346528,0x9332420,mask,InstanceMaskPredictor::compute_async: No bounding boxes provided
AeCompute.dll,154346600,0x9332468,mask,InstanceMaskPredictor::postprocess_instance
AeCompute.dll,154346648,0x9332498,mask,InstanceMaskPredictor::postprocess_fixed
AeCompute.dll,154348640,0x9332c60,track,solax_tracking_2d
AeCompute.dll,154350688,0x9333460,flow,"const char *__cdecl flow::detail::type_id_impl<class std::function<void __cdecl(class flow::Array &,bool)> >::unique_type_identifier(void)"
AeCompute.dll,154352096,0x93339e0,flow,const char *__cdecl flow::detail::type_id_impl<class flow::Value>::unique_type_identifier(void)
AeCompute.dll,154352192,0x9333a40,flow,const char *__cdecl flow::detail::type_id_impl<struct flow::Flow>::unique_type_identifier(void)
AeCompute.dll,154352288,0x9333aa0,flow,const char *__cdecl flow::detail::type_id_impl<class flow::Array>::unique_type_identifier(void)
AeCompute.dll,154352384,0x9333b00,flow,"const char *__cdecl flow::detail::type_id_impl<class std::unordered_map<class std::basic_string<char,struct std::char_traits<char>,class std::allocator<char> >,class flow::Value,struct std::hash<class std::basic_string<char,struct std::char_traits<char>,class std::allocator<char> > >,struct std::equal_to<class std::basic_string<char,struct std::char_traits<char>,class std::allocator<char> > >,class std::allocator<struct std::pair<class std::basic_string<char,struct std::char_traits<char>,class std::allocator<char> > const ,class flow::Value> > > >::unique_type_identifier(void)"
AeCompute.dll,154353664,0x9334000,cache,NodeCachePolicy
AeCompute.dll,154353848,0x93340b8,flow,Node::then(): Node {} has no flow out socket
AeCompute.dll,154353896,0x93340e8,flow,Node::then(): Node {} has no flow in socket
AeCompute.dll,154354000,0x9334150,flow,const char *__cdecl flow::detail::type_id_impl<class flow::Node>::unique_type_identifier(void)
AeCompute.dll,154354096,0x93341b0,flow,const char *__cdecl flow::detail::type_id_impl<class flow::Socket>::unique_type_identifier(void)
AeCompute.dll,154354208,0x9334220,flow,const char *__cdecl flow::detail::type_id_impl<class std::optional<class flow::Socket> >::unique_type_identifier(void)
AeCompute.dll,154354784,0x9334460,flow|cache,const char *__cdecl flow::detail::type_id_impl<struct flow::NodeCachePolicy>::unique_type_identifier(void)
AeCompute.dll,154356384,0x9334aa0,cache,"cache(false, true) is not implemented"
AeCompute.dll,154356624,0x9334b90,flow,const char *__cdecl flow::detail::type_id_impl<class flow::Event>::unique_type_identifier(void)
AeCompute.dll,154356720,0x9334bf0,flow,const char *__cdecl flow::detail::type_id_impl<class flow::Offset>::unique_type_identifier(void)
AeCompute.dll,154356848,0x9334c70,flow,"const char *__cdecl flow::detail::type_id_impl<class std::basic_string_view<char,struct std::char_traits<char> > >::unique_type_identifier(void)"
AeCompute.dll,154357136,0x9334d90,flow,const char *__cdecl flow::detail::type_id_impl<enum flow::NodeFlag>::unique_type_identifier(void)
AeCompute.dll,154362512,0x9336290,flow,const char *__cdecl flow::detail::type_id_impl<class std::function<void __cdecl(class flow::Value &)> >::unique_type_identifier(void)
AeCompute.dll,154367528,0x9337628,object,object
AeCompute.dll,154372240,0x9338890,object,00010203040506070809101112131415161718192021222324252627282930313233343536373839404142434445464748495051525354555657585960616263646566676869707172737475767778798081828384858687888990919293949596979899object key
AeCompute.dll,154372456,0x9338968,object,object separator
AeCompute.dll,154372480,0x9338980,flow,number overflow parsing '
AeCompute.dll,154372688,0x9338a50,object,excessive object size: 
AeCompute.dll,154375360,0x93394c0,flow,const char *__cdecl flow::detail::type_id_impl<class std::shared_ptr<class flow::EvaluationGuard> >::unique_type_identifier(void)
AeCompute.dll,154376712,0x9339a08,flow,"Node {} does not have output flow socket, remove set_flow()"
AeCompute.dll,154377232,0x9339c10,flow,const char *__cdecl flow::detail::type_id_impl<std::nullptr_t>::unique_type_identifier(void)
AeCompute.dll,154377328,0x9339c70,flow,const char *__cdecl flow::detail::type_id_impl<class std::function<class flow::Value __cdecl(class flow::Value const &)> >::unique_type_identifier(void)
AeCompute.dll,154377488,0x9339d10,flow,const char *__cdecl flow::detail::type_id_impl<class flow::ContainerInterface>::unique_type_identifier(void)
AeCompute.dll,154378472,0x933a0e8,object,cannot create object from initializer list
AeCompute.dll,154380160,0x933a780,flow,"const char *__cdecl flow::detail::type_id_impl<class std::function<class flow::Value __cdecl(class flow::Value const &,class std::unordered_map<class std::basic_string<char,struct std::char_traits<char>,class std::allocator<char> >,class flow::Value,struct std::hash<class std::basic_string<char,struct std::char_traits<char>,class std::allocator<char> > >,struct std::equal_to<class std::basic_string<char,struct std::char_traits<char>,class std::allocator<char> > >,class std::allocator<struct std::pair<class std::basic_string<char,struct std::char_traits<char>,class std::allocator<char> > const ,class flow::Value> > > const &,class flow::Value const &,class flow::Value const &,class flow::Value const &)> >::unique_type_identifier(void)"
AeCompute.dll,154385312,0x933bba0,flow,"const char *__cdecl flow::detail::type_id_impl<class std::function<unsigned __int64 __cdecl(class flow::Value const &,class std::tuple<> const &)> >::unique_type_identifier(void)"
AeCompute.dll,154385504,0x933bc60,flow,const char *__cdecl flow::detail::type_id_impl<class std::function<bool __cdecl(class flow::Value const &)> >::unique_type_identifier(void)
AeCompute.dll,154387200,0x933c300,flow,IfElseFlow
AeCompute.dll,154387760,0x933c530,flow,FlowStart
AeCompute.dll,154387776,0x933c540,flow,FlowTick
AeCompute.dll,154387792,0x933c550,flow,FlowDeferred
AeCompute.dll,154393200,0x933da70,flow,"Performs case-insensitive string matching. Outputs flow to 'Found' if the search string is found in the input string, otherwise to 'NotFound'."
AeCompute.dll,154393648,0x933dc30,flow,If Else (Flow)
AeCompute.dll,154393696,0x933dc60,flow,"Conditional flow routing. Routes flow to 'True' if the boolean input is true, 'False' otherwise. 'Either' always receives flow."
AeCompute.dll,154393944,0x933dd58,flow,Flow0
AeCompute.dll,154393952,0x933dd60,flow,Flow1
AeCompute.dll,154393960,0x933dd68,flow,Flow2
AeCompute.dll,154393968,0x933dd70,flow,Flow3
AeCompute.dll,154393976,0x933dd78,flow,Flow4
AeCompute.dll,154393984,0x933dd80,flow,Sequences flow execution by outputting to multiple flow outputs simultaneously.
AeCompute.dll,154394064,0x933ddd0,flow,A debugging sink node that accepts up to 5 optional inputs of any type and passes flow through.
AeCompute.dll,154394288,0x933deb0,flow,Passes up to 5 optional input values directly to corresponding output values and passes flow through.
AeCompute.dll,154394400,0x933df20,flow,Logical OR operation for flow. Sets output flow if either input A or input B has flow.
AeCompute.dll,154394512,0x933df90,object,Creates a new Blob object that is a deep copy of the input Blob.
AeCompute.dll,154394704,0x933e050,object,"Set the filename and content type of a Blob. This node will create a new Blob object, that will share a pointer to the binary buffer of the original Blob."
AeCompute.dll,154395392,0x933e300,flow,const char *__cdecl flow::detail::type_id_impl<class foonathan::string_id::string_id>::unique_type_identifier(void)
AeCompute.dll,154395520,0x933e380,flow,"const char *__cdecl flow::detail::type_id_impl<class std::array<float,2> >::unique_type_identifier(void)"
AeCompute.dll,154395632,0x933e3f0,flow,"const char *__cdecl flow::detail::type_id_impl<class std::array<float,4> >::unique_type_identifier(void)"
AeCompute.dll,154395744,0x933e460,flow,const char *__cdecl flow::detail::type_id_impl<class flow::Blob>::unique_type_identifier(void)
AeCompute.dll,154402000,0x933fcd0,flow,"const char *__cdecl flow::detail::type_id_impl<class flow::ScalarSubset<int,int> >::unique_type_identifier(void)"
AeCompute.dll,154406336,0x9340dc0,flow,"const char *__cdecl flow::detail::type_id_impl<class flow::ScalarSubset<int,int>::Iterator>::unique_type_identifier(void)"
AeCompute.dll,154406560,0x9340ea0,object,"type must be object, but is "
AeCompute.dll,154407360,0x93411c0,flow,"const char *__cdecl flow::detail::type_id_impl<class std::function<void __cdecl(class flow::Value &,class std::tuple<class nlohmann::json_abi_v3_11_3::basic_json<class std::map,class std::vector,class std::basic_string<char,struct std::char_traits<char>,class std::allocator<char> >,bool,__int64,unsigned __int64,double,class std::allocator,struct nlohmann::json_abi_v3_11_3::adl_serializer,class std::vector<unsigned char,class std::allocator<unsigned char> >,void> const &> const &)> >::unique_type_identifier(void)"
AeCompute.dll,154407888,0x93413d0,flow,"const char *__cdecl flow::detail::type_id_impl<class std::function<class nlohmann::json_abi_v3_11_3::basic_json<class std::map,class std::vector,class std::basic_string<char,struct std::char_traits<char>,class std::allocator<char> >,bool,__int64,unsigned __int64,double,class std::allocator,struct nlohmann::json_abi_v3_11_3::adl_serializer,class std::vector<unsigned char,class std::allocator<unsigned char> >,void> __cdecl(class flow::Value const &,class std::tuple<> const &)> >::unique_type_identifier(void)"
AeCompute.dll,154411872,0x9342360,flow,const char *__cdecl flow::detail::type_id_impl<class std::shared_ptr<class flow::GraphEvaluation> >::unique_type_identifier(void)
AeCompute.dll,154412016,0x93423f0,flow,const char *__cdecl flow::detail::type_id_impl<class flow::GraphHandle>::unique_type_identifier(void)
AeCompute.dll,154414088,0x9342c08,cache,Used cached outputs for '{}'
AeCompute.dll,154414120,0x9342c28,cache,Failed to use cached outputs for '{}'
AeCompute.dll,154414160,0x9342c50,cache,Failed to retrieve cached outputs for '{}': {}
AeCompute.dll,154414296,0x9342cd8,cache,Failed to cache outputs for '{}': {}
AeCompute.dll,154414672,0x9342e50,flow,"const char *__cdecl flow::detail::type_id_impl<class std::vector<class std::shared_ptr<class flow::RequirementBase>,class std::allocator<class std::shared_ptr<class flow::RequirementBase> > > >::unique_type_identifier(void)"
AeCompute.dll,154414896,0x9342f30,flow,const char *__cdecl flow::detail::type_id_impl<unsigned __int64>::unique_type_identifier(void)
AeCompute.dll,154417792,0x9343a80,flow,"const char *__cdecl flow::detail::type_id_impl<class std::unordered_map<class foonathan::string_id::string_id,class flow::Properties,struct std::hash<class foonathan::string_id::string_id>,struct std::equal_to<class foonathan::string_id::string_id>,class std::allocator<struct std::pair<class foonathan::string_id::string_id const ,class flow::Properties> > > >::unique_type_identifier(void)"
AeCompute.dll,154422176,0x9344ba0,object,cannot use key() for non-object iterators
AeCompute.dll,154422224,0x9344bd0,flow,const char *__cdecl flow::detail::type_id_impl<class std::filesystem::path>::unique_type_identifier(void)
AeCompute.dll,154425155,0x9345743,cache,tr.disable_cache()
AeCompute.dll,154435072,0x9347e00,flow,Serialization warning: type '{}' is not registered in current flow::Context
AeCompute.dll,154436208,0x9348270,object,BJData object does not support ND-array size in optimized format
AeCompute.dll,154436832,0x93484e0,flow,excessive ndarray size caused overflow
AeCompute.dll,154438077,0x93489bd,cache,K@~Cannot chain a cache to itself
AeCompute.dll,154439176,0x9348e08,cache,Failed to create cache directory at {}
AeCompute.dll,154439216,0x9348e30,cache,Failed to open cache file at {}
AeCompute.dll,154439304,0x9348e88,cache,Removing prefix {} from DiskCache
AeCompute.dll,154440120,0x93491b8,cache,Removing prefix {} from MemoryCache
AeCompute.dll,154446888,0x934ac28,object,JSON_to_modulespec: data is not a JSON object
AeCompute.dll,154448272,0x934b190,flow,"const char *__cdecl flow::detail::type_id_impl<class std::vector<class std::shared_ptr<struct transmute::FileDependency>,class std::allocator<class std::shared_ptr<struct transmute::FileDependency> > > >::unique_type_identifier(void)"
AeCompute.dll,154453680,0x934c6b0,flow,const char *__cdecl flow::detail::type_id_impl<enum transmute::AtomicOperation>::unique_type_identifier(void)
AeCompute.dll,154460683,0x934e20b,object,    A Blob object containing the encoded image.
AeCompute.dll,154462913,0x934eac1,object,"Extract the alpha channel from an image. Constructs a new Image object,"
AeCompute.dll,154463297,0x934ec41,object,"Constructs a new Image object, maintaining the same precision as the original image,"
AeCompute.dll,154463745,0x934ee01,object,"Constructs a new Image object, maintaining the same precision as the original image,"
AeCompute.dll,154464560,0x934f130,flow,const char *__cdecl flow::detail::type_id_impl<enum solax::ChannelType>::unique_type_identifier(void)
AeCompute.dll,154465984,0x934f6c0,mask,Only supports uint8 mask.
AeCompute.dll,154466016,0x934f6e0,mask,Dilate Mask
AeCompute.dll,154466032,0x934f6f0,mask,DilateMask
AeCompute.dll,154466049,0x934f701,mask,Dilates a mask by a given kernel size.
AeCompute.dll,154466161,0x934f771,mask,    Image: The mask to dilate.
AeCompute.dll,154466275,0x934f7e3,mask,    A new Image containing the dilated mask.
AeCompute.dll,154466336,0x934f820,mask,Erode Mask
AeCompute.dll,154466352,0x934f830,mask,ErodeMask
AeCompute.dll,154466369,0x934f841,mask,Erodes a mask by a given kernel size.
AeCompute.dll,154466480,0x934f8b0,mask,    Image: The mask to dilate.
AeCompute.dll,154466594,0x934f922,mask,    A new Image containing the eroded mask.
AeCompute.dll,154468816,0x93501d0,flow,const char *__cdecl flow::detail::type_id_impl<class transmute::ImageRegion>::unique_type_identifier(void)
AeCompute.dll,154479520,0x9352ba0,flow,"const char *__cdecl flow::detail::type_id_impl<class std::function<int __cdecl(class std::basic_string_view<char,struct std::char_traits<char> >,struct flow::UIData &,class std::vector<class std::basic_string<char,struct std::char_traits<char>,class std::allocator<char> >,class std::allocator<class std::basic_string<char,struct std::char_traits<char>,class std::allocator<char> > > > const &,int)> >::unique_type_identifier(void)"
AeCompute.dll,154479952,0x9352d50,flow,"const char *__cdecl flow::detail::type_id_impl<class std::vector<enum solax::ColorSpace,class std::allocator<enum solax::ColorSpace> > >::unique_type_identifier(void)"
AeCompute.dll,154480128,0x9352e00,flow,"const char *__cdecl flow::detail::type_id_impl<class std::vector<enum solax::ScalarType,class std::allocator<enum solax::ScalarType> > >::unique_type_identifier(void)"
AeCompute.dll,154480304,0x9352eb0,flow,"const char *__cdecl flow::detail::type_id_impl<class std::vector<enum solax::ChannelType,class std::allocator<enum solax::ChannelType> > >::unique_type_identifier(void)"
AeCompute.dll,154480768,0x9353080,flow,"const char *__cdecl flow::detail::type_id_impl<class std::function<bool __cdecl(class flow::Value &,class std::tuple<struct flow::UIData &,class flow::Properties const &> const &)> >::unique_type_identifier(void)"
AeCompute.dll,154482128,0x93535d0,flow,const char *__cdecl flow::detail::type_id_impl<class transmute::Vec2>::unique_type_identifier(void)
AeCompute.dll,154489952,0x9355460,flow,const char *__cdecl flow::detail::type_id_impl<class std::shared_ptr<class transmute::Video> >::unique_type_identifier(void)
AeCompute.dll,154490832,0x93557d0,flow,"const char *__cdecl flow::detail::type_id_impl<class flow::ScalarSubset<class solax::Rational,class solax::Rational>::Iterator>::unique_type_identifier(void)"
AeCompute.dll,154493864,0x93563a8,track,Invalid tracker type string: 
AeCompute.dll,154493896,0x93563c8,flow,OpticalFlowForward
AeCompute.dll,154493920,0x93563e0,flow,OpticalFlowBackward
AeCompute.dll,154493944,0x93563f8,flow,OpticalFlow
AeCompute.dll,154494064,0x9356470,track,SequentialTrackerState
AeCompute.dll,154494088,0x9356488,flow,Missing optical flow. Forward optical flow must be provided.
AeCompute.dll,154494232,0x9356518,flow,OpticalFlow1Forward
AeCompute.dll,154494256,0x9356530,flow,OpticalFlow1Backward
AeCompute.dll,154494280,0x9356548,flow,OpticalFlow2Forward
AeCompute.dll,154494304,0x9356560,flow,OpticalFlow2Backward
AeCompute.dll,154494328,0x9356578,flow,No optical flow 1 forward
AeCompute.dll,154494480,0x9356610,mask|track|flow,OpticalFlowVectorMaskTrackerState
AeCompute.dll,154494544,0x9356650,flow,Missing optical flow - is NULL. Forward and backward optical flow must be provided.
AeCompute.dll,154494656,0x93566c0,flow,Missing optical flow - is NULL. Forward optical flow must be provided.
AeCompute.dll,154494736,0x9356710,mask,Mask type not supported. Only ImagePtr and ImageRegion are supported.
AeCompute.dll,154494872,0x9356798,track,Invalid tracker type
AeCompute.dll,154495026,0x9356832,mask,"If the image has more than one channel, the alpha channel is used as the mask."
AeCompute.dll,154495105,0x9356881,mask,"If the image has only one channel, the image is used as the mask."
AeCompute.dll,154495320,0x9356958,track,Sequential Mesh Tracker
AeCompute.dll,154495344,0x9356970,track,SequentialMeshTracker
AeCompute.dll,154495368,0x9356988,track,Keyframe Mesh Tracker
AeCompute.dll,154495392,0x93569a0,track,KeyframeMeshTracker
AeCompute.dll,154495416,0x93569b8,mask|track|flow,OpticalFlow Vector Mask Tracker
AeCompute.dll,154495448,0x93569d8,mask|track|flow,OpticalFlowVectorMaskTracker
AeCompute.dll,154495489,0x9356a01,mask|track|flow,Track a vector mask using optical flow.
AeCompute.dll,154495600,0x9356a70,mask|track,Sparse Vector Mask Tracker
AeCompute.dll,154495633,0x9356a91,mask|track,Track a vector mask using sparse key points.
AeCompute.dll,154495679,0x9356abf,mask,Mask can be Image or ImageRegion.
AeCompute.dll,154495890,0x9356b92,mask,Outputs the transformation matrices for the mask:
AeCompute.dll,154496112,0x9356c70,mask,"No alpha channel found, and more than one channel found in image. No clear way to make a mask from this"
AeCompute.dll,154497024,0x9357000,track|flow,const char *__cdecl flow::detail::type_id_impl<class std::shared_ptr<class solax::tracking_2d::mesh_tracker::SequentialMeshTracker> >::unique_type_identifier(void)
AeCompute.dll,154497200,0x93570b0,mask|track|flow,const char *__cdecl flow::detail::type_id_impl<class std::shared_ptr<class solax::tracking_2d::mask_tracker_dense::MaskTrackerDense> >::unique_type_identifier(void)
AeCompute.dll,154497376,0x9357160,mask|track|flow,const char *__cdecl flow::detail::type_id_impl<class std::shared_ptr<class solax::tracking_2d::mask_tracker_sparse::MaskTrackerSparse> >::unique_type_identifier(void)
AeCompute.dll,154499088,0x9357810,track|flow,"Missing (nullptr) forward flow, which is required for tracking"
AeCompute.dll,154499152,0x9357850,flow,"Missing backward flow, but cycle consistency is enabled"
AeCompute.dll,154500112,0x9357c10,track,Not enough points to track!
AeCompute.dll,154500176,0x9357c50,track,MeshTrackerBase::next
AeCompute.dll,154501048,0x9357fb8,track,SequentialMeshTracker::next
AeCompute.dll,154505440,0x93590e0,track,D:\releases\dva\build\mb\projects\solax\modules\tracking_2d\submodules\core\src\solax_internal\tracking_2d\utils.cpp
AeCompute.dll,154505560,0x9359158,track,solax::tracking_2d::utils::decompose_transform
AeCompute.dll,154506720,0x93595e0,mask|track,MaskTrackerDense::next
AeCompute.dll,154507616,0x9359960,track,No points to track!
AeCompute.dll,154507672,0x9359998,mask|track|flow,MaskTrackerSparseOpticalFlow::next
AeCompute.dll,154509904,0x935a250,cache,Disabling memory cache
AeCompute.dll,154509928,0x935a268,cache,Enabling disk cache at {}
AeCompute.dll,154509960,0x935a288,cache,Disk cache is chained to memory cache
AeCompute.dll,154510000,0x935a2b0,cache,Disk cache is set as the only cache
AeCompute.dll,154511088,0x935a6f0,flow,const char *__cdecl flow::detail::type_id_impl<class std::function<bool __cdecl(void)> >::unique_type_identifier(void)
AeCompute.dll,154511968,0x935aa60,flow,const char *__cdecl flow::detail::type_id_impl<class std::weak_ptr<class transmute::IdentityServiceAdapter> >::unique_type_identifier(void)
AeCompute.dll,154514704,0x935b510,flow,const char *__cdecl flow::detail::type_id_impl<class std::weak_ptr<class transmute::NetworkPolicy> >::unique_type_identifier(void)
AeCompute.dll,154543792,0x93626b0,flow,const char *__cdecl flow::detail::type_id_impl<class transmute::IVec2>::unique_type_identifier(void)
AeCompute.dll,154543904,0x9362720,flow,const char *__cdecl flow::detail::type_id_impl<class transmute::IVec3>::unique_type_identifier(void)
AeCompute.dll,154544016,0x9362790,flow,const char *__cdecl flow::detail::type_id_impl<class transmute::IVec4>::unique_type_identifier(void)
AeCompute.dll,154544128,0x9362800,flow,const char *__cdecl flow::detail::type_id_impl<class transmute::Vec3>::unique_type_identifier(void)
AeCompute.dll,154544240,0x9362870,flow,const char *__cdecl flow::detail::type_id_impl<class transmute::Vec4>::unique_type_identifier(void)
AeCompute.dll,154544352,0x93628e0,flow,const char *__cdecl flow::detail::type_id_impl<class transmute::Mat4>::unique_type_identifier(void)
AeCompute.dll,154544464,0x9362950,flow,const char *__cdecl flow::detail::type_id_impl<class transmute::MatrixXf>::unique_type_identifier(void)
AeCompute.dll,154544576,0x93629c0,flow,const char *__cdecl flow::detail::type_id_impl<class transmute::MatrixXi>::unique_type_identifier(void)
AeCompute.dll,154549168,0x9363bb0,flow,"const char *__cdecl flow::detail::type_id_impl<class std::vector<enum transmute::AtomicOperation,class std::allocator<enum transmute::AtomicOperation> > >::unique_type_identifier(void)"
AeCompute.dll,154598353,0x936fbd1,cache,D:\j\workspace\research_halideCI_staging\META\dist\git\adobe\thirdparty\halide\src\runtime\cache.cpp:284 halide_abort_if_false() failed: prev_hash_entry != nullptr
AeCompute.dll,154598518,0x936fc76,cache,D:\j\workspace\research_halideCI_staging\META\dist\git\adobe\thirdparty\halide\src\runtime\cache.cpp:373 halide_abort_if_false() failed: entry->more_recent != nullptr
AeCompute.dll,154598686,0x936fd1e,cache,D:\j\workspace\research_halideCI_staging\META\dist\git\adobe\thirdparty\halide\src\runtime\cache.cpp:377 halide_abort_if_false() failed: least_recently_used == entry
AeCompute.dll,154598853,0x936fdc5,cache,D:\j\workspace\research_halideCI_staging\META\dist\git\adobe\thirdparty\halide\src\runtime\cache.cpp:380 halide_abort_if_false() failed: entry->more_recent != nullptr
AeCompute.dll,154599021,0x936fe6d,cache,D:\j\workspace\research_halideCI_staging\META\dist\git\adobe\thirdparty\halide\src\runtime\cache.cpp:472 halide_abort_if_false() failed: no_host_pointers_equal
AeCompute.dll,154599182,0x936ff0e,cache,D:\j\workspace\research_halideCI_staging\META\dist\git\adobe\thirdparty\halide\src\runtime\cache.cpp:550 halide_abort_if_false() failed: entry->in_use_count > 0
AeCompute.dll,154600502,0x9370436,inference,Bounds inference call to external stage 
AeCompute.dll,156394244,0x9526304,object|mask,??R?$TransformObjectIntoScriptingObject@V?$InterfaceRef@UIFastMaskWrapper@DVACompute@@@classref@dvacore@@@utility@dvascripting@@QEBA?AV?$IntrusivePtr@VScriptObject@dvascripting@@@RefCountedInterface@1dvacore@@AEBV?$InterfaceRef@UIFastMaskWrapper@DVACompute@@@classref@5@H@Z
AeCompute.dll,156394518,0x9526416,object,??R?$TransformObjectIntoScriptingObject@V?$InterfaceRef@UIObjectSelectionWrapper@DVACompute@@@classref@dvacore@@@utility@dvascripting@@QEBA?AV?$IntrusivePtr@VScriptObject@dvascripting@@@RefCountedInterface@1dvacore@@AEBV?$InterfaceRef@UIObjectSelectionWrapper@DVACompute@@@classref@5@H@Z
AeCompute.dll,156394806,0x9526536,object|segment,??R?$TransformObjectIntoScriptingObject@V?$InterfaceRef@UIPreSegmentationWrapper@DVACompute@@@classref@dvacore@@@utility@dvascripting@@QEBA?AV?$IntrusivePtr@VScriptObject@dvascripting@@@RefCountedInterface@1dvacore@@AEBV?$InterfaceRef@UIPreSegmentationWrapper@DVACompute@@@classref@5@H@Z
AeCompute.dll,156402484,0x9528334,object,?allocate@r1@detail@tbb@@YAPEAXAEAPEAVsmall_object_pool@d1@23@_KAEBUexecution_data@523@@Z
AeCompute.dll,156402576,0x9528390,object,?allocate@r1@detail@tbb@@YAPEAXAEAPEAVsmall_object_pool@d1@23@_K@Z
AeCompute.dll,156402646,0x95283d6,object,?deallocate@r1@detail@tbb@@YAXAEAVsmall_object_pool@d1@23@PEAX_KAEBUexecution_data@523@@Z
AeCompute.dll,156403336,0x9528688,object,?CreateFactoryInstance@ScriptObjectDefinitionBase@definition@dvascripting@@UEAA?AV?$IntrusivePtr@VScriptObject@dvascripting@@@RefCountedInterface@utility@dvacore@@AEBV?$IntrusivePtr@VScriptContext@dvascripting@@@567@@Z
AeCompute.dll,156403674,0x95287da,object,?GetContextHdl@ScriptObjectBase@dvascripting@@QEBAHXZ
AeCompute.dll,156403730,0x9528812,object,?SetContext@ScriptObjectBase@dvascripting@@QEAAXAEBV?$IntrusivePtr@VScriptContext@dvascripting@@@RefCountedInterface@utility@dvacore@@@Z
AeCompute.dll,156404232,0x9528a08,object,?Finalize@ScriptObject@dvascripting@@QEAAXXZ
AeCompute.dll,156404280,0x9528a38,object,?IsPending@ScriptObject@dvascripting@@QEBA_NXZ
AeCompute.dll,156404330,0x9528a6a,object,??0ScriptObjectDefinitionBase@definition@dvascripting@@QEAA@PEBD0@Z
AeCompute.dll,156404400,0x9528ab0,object,??1ScriptObjectDefinitionBase@definition@dvascripting@@UEAA@XZ
AeCompute.dll,156404466,0x9528af2,object,?AddProperty@ScriptObjectDefinitionBase@definition@dvascripting@@QEAAXV?$IntrusivePtr@VScriptItemDefinitionBase@definition@dvascripting@@@RefCountedInterface@utility@dvacore@@@Z
AeCompute.dll,156404646,0x9528ba6,object,?AddComponent@ScriptObjectDefinitionBase@definition@dvascripting@@QEAAXAEBV?$IntrusivePtr@VScriptObjectDefinitionBase@definition@dvascripting@@@RefCountedInterface@utility@dvacore@@@Z
AeCompute.dll,156404832,0x9528c60,object,?GetObjectFlags@ScriptObjectDefinitionBase@definition@dvascripting@@QEBA?AV?$Flags@I@utility@dvacore@@_N@Z
AeCompute.dll,156404942,0x9528cce,object,?AddOrModifyNamespace@ScriptObjectDefinitionBase@definition@dvascripting@@QEAAXAEBV?$basic_string@DU?$char_traits@D@std@@V?$allocator@D@2@@std@@AEBV?$Flags@I@utility@dvacore@@@Z
AeCompute.dll,156405122,0x9528d82,object,?ComponentsBegin@ScriptObjectDefinitionBase@definition@dvascripting@@IEBA?AV?$_Vector_const_iterator@V?$_Vector_val@U?$_Simple_types@V?$IntrusivePtr@VScriptObjectDefinitionBase@definition@dvascripting@@@RefCountedInterface@utility@dvacore@@@std@@@std@@@std@@XZ
AeCompute.dll,156405386,0x9528e8a,object,?ComponentsEnd@ScriptObjectDefinitionBase@definition@dvascripting@@IEBA?AV?$_Vector_const_iterator@V?$_Vector_val@U?$_Simple_types@V?$IntrusivePtr@VScriptObjectDefinitionBase@definition@dvascripting@@@RefCountedInterface@utility@dvacore@@@std@@@std@@@std@@XZ
AeCompute.dll,156405648,0x9528f90,object,??0ScriptDefinitionContext@definition@dvascripting@@QEAA@V?$IntrusivePtr@VScriptObjectDefinitionBase@definition@dvascripting@@@RefCountedInterface@utility@dvacore@@@Z
AeCompute.dll,156405952,0x95290c0,object,?GetScriptComponentGroupDefinitions@ScriptDefinitions@definition@dvascripting@@QEAA?AV?$vector@V?$IntrusivePtr@VScriptObjectDefinitionBase@definition@dvascripting@@@RefCountedInterface@utility@dvacore@@U?$STLAllocator@V?$IntrusivePtr@VScriptObjectDefinitionBase@definition@dvascripting@@@RefCountedInterface@utility@dvacore@@@allocator@4@@std@@AEBV?$basic_string@DU?$char_traits@D@std@@V?$allocator@D@2@@5@@Z
AeCompute.dll,156406364,0x952925c,object,?AddObjectDefinition@ScriptDefinitions@definition@dvascripting@@AEAAXAEBV?$basic_string@DU?$char_traits@D@std@@V?$allocator@D@2@@std@@AEBV?$IntrusivePtr@VScriptObjectDefinitionBase@definition@dvascripting@@@RefCountedInterface@utility@dvacore@@@Z
AeCompute.dll,156407940,0x9529884,object,??0?$PropertyType@V?$IntrusivePtr@VScriptObject@dvascripting@@@RefCountedInterface@utility@dvacore@@@dvascripting@@QEAA@XZ
AeCompute.dll,156408066,0x9529902,object,?Validate@?$PropertyType@V?$IntrusivePtr@VScriptObject@dvascripting@@@RefCountedInterface@utility@dvacore@@@dvascripting@@QEBAPEAV?$unordered_map@V?$basic_string@EU?$char_traits@E@std@@U?$STLAllocator@E@allocator@dvacore@@@std@@V?$shared_ptr@Vany@std@@@2@U?$hash@V?$basic_string@EU?$char_traits@E@std@@U?$STLAllocator@E@allocator@dvacore@@@std@@@2@U?$equal_to@V?$basic_string@EU?$char_traits@E@std@@U?$STLAllocator@E@allocator@dvacore@@@std@@@2@U?$STLAllocator@U?$pair@$$CBV?$basic_string@EU?$char_traits@E@std@@U?$STLAllocator@E@allocator@dvacore@@@std@@V?$shared_ptr@Vany@std@@@2@@std@@@allocator@dvacore@@@std@@AEBV?$IntrusivePtr@VScriptObject@dvascripting@@@RefCountedInterface@utility@dvacore@@PEAV34@@Z
AeCompute.dll,156408778,0x9529bca,object,??1?$PropertyType@V?$IntrusivePtr@VScriptObject@dvascripting@@@RefCountedInterface@utility@dvacore@@@dvascripting@@UEAA@XZ
AeCompute.dll,156408904,0x9529c48,object,??0?$PropertyType@V?$IntrusivePtr@VScriptObject@dvascripting@@@RefCountedInterface@utility@dvacore@@@dvascripting@@QEAA@AEBV01@@Z
AeCompute.dll,156409036,0x9529ccc,object,??0?$PropertyType@V?$shared_ptr@VNativeObject@dvascripting@@@std@@@dvascripting@@QEAA@XZ
AeCompute.dll,156409128,0x9529d28,object,?Validate@?$PropertyType@V?$shared_ptr@VNativeObject@dvascripting@@@std@@@dvascripting@@QEBAPEAV?$unordered_map@V?$basic_string@EU?$char_traits@E@std@@U?$STLAllocator@E@allocator@dvacore@@@std@@V?$shared_ptr@Vany@std@@@2@U?$hash@V?$basic_string@EU?$char_traits@E@std@@U?$STLAllocator@E@allocator@dvacore@@@std@@@2@U?$equal_to@V?$basic_string@EU?$char_traits@E@std@@U?$STLAllocator@E@allocator@dvacore@@@std@@@2@U?$STLAllocator@U?$pair@$$CBV?$basic_string@EU?$char_traits@E@std@@U?$STLAllocator@E@allocator@dvacore@@@std@@V?$shared_ptr@Vany@std@@@2@@std@@@allocator@dvacore@@@std@@AEBV?$shared_ptr@VNativeObject@dvascripting@@@4@PEAV34@@Z
AeCompute.dll,156409768,0x9529fa8,object,??1?$PropertyType@V?$shared_ptr@VNativeObject@dvascripting@@@std@@@dvascripting@@UEAA@XZ
AeCompute.dll,156409860,0x952a004,object,??0?$PropertyType@V?$shared_ptr@VNativeObject@dvascripting@@@std@@@dvascripting@@QEAA@AEBV01@@Z
AeCompute.dll,156409958,0x952a066,object,?CreateScriptObject@utils@dvascripting@@YA?AV?$IntrusivePtr@VScriptObject@dvascripting@@@RefCountedInterface@utility@dvacore@@HPEBDV?$function@$$A6AXAEBV?$IntrusivePtr@VScriptObject@dvascripting@@@RefCountedInterface@utility@dvacore@@@Z@std@@@Z
AeCompute.dll,156412638,0x952aade,object,??0?$ParameterType@V?$IntrusivePtr@VScriptObject@dvascripting@@@RefCountedInterface@utility@dvacore@@@dvascripting@@QEAA@PEBD@Z
AeCompute.dll,156412768,0x952ab60,object,?Validate@?$ParameterType@V?$IntrusivePtr@VScriptObject@dvascripting@@@RefCountedInterface@utility@dvacore@@@dvascripting@@QEBA?AV?$IntrusivePtr@VScriptObject@dvascripting@@@RefCountedInterface@utility@dvacore@@IPEBV?$vector@V?$shared_ptr@Vany@std@@@std@@U?$STLAllocator@V?$shared_ptr@Vany@std@@@std@@@allocator@dvacore@@@std@@@Z
AeCompute.dll,156413100,0x952acac,object,??1?$ParameterType@V?$IntrusivePtr@VScriptObject@dvascripting@@@RefCountedInterface@utility@dvacore@@@dvascripting@@UEAA@XZ
AeCompute.dll,156413226,0x952ad2a,object,??0?$ParameterType@V?$IntrusivePtr@VScriptObject@dvascripting@@@RefCountedInterface@utility@dvacore@@@dvascripting@@QEAA@AEBV01@@Z
AeCompute.dll,156413790,0x952af5e,object,??0ScriptObjectMessageRouter@dvascripting@@QEAA@PEBD@Z
AeCompute.dll,156413848,0x952af98,object,??1ScriptObjectMessageRouter@dvascripting@@UEAA@XZ
AeCompute.dll,156413902,0x952afce,object,??0ScriptObjectDefinitionInitiatorBase@factory@dvascripting@@QEAA@XZ
AeCompute.dll,156413974,0x952b016,object,??1ScriptObjectDefinitionInitiatorBase@factory@dvascripting@@UEAA@XZ
AeCompute.dll,156414046,0x952b05e,object,??0ScriptObjectDefinitionRegistrar@factory@dvascripting@@QEAA@V?$IntrusivePtr@VScriptObjectDefinitionInitiatorBase@factory@dvascripting@@@RefCountedInterface@utility@dvacore@@@Z
AeCompute.dll,156414226,0x952b112,object,??1ScriptObjectDefinitionRegistrar@factory@dvascripting@@QEAA@XZ
AeCompute.dll,156414344,0x952b188,object,?InitializePendingAdapter@ScriptObject@dvascripting@@MEAAXXZ
AeCompute.dll,156414408,0x952b1c8,object,?DoCreatePendingAdapter@ScriptObject@dvascripting@@MEAAXXZ
AeCompute.dll,156414470,0x952b206,object,?SetObjectOwner@ScriptObjectBase@dvascripting@@MEAAX_N@Z
AeCompute.dll,156414530,0x952b242,object,?IsValid@ScriptObject@dvascripting@@UEBA_NXZ
AeCompute.dll,156414578,0x952b272,object,?Invalidate@ScriptObject@dvascripting@@UEAAXXZ
AeCompute.dll,156414628,0x952b2a4,object,?HasAdapter@ScriptObjectBase@dvascripting@@UEBA_NXZ
AeCompute.dll,156414682,0x952b2da,object,?ClearAdapter@ScriptObject@dvascripting@@UEAAXXZ
AeCompute.dll,156414734,0x952b30e,object,?SetAdapter@ScriptObjectBase@dvascripting@@UEAAXPEAVIScriptObjectAdapterBase@2@@Z
AeCompute.dll,156414818,0x952b362,object,?IsObjectOwner@ScriptObjectBase@dvascripting@@UEBA_NXZ
AeCompute.dll,156414876,0x952b39c,object,?UnlockObject@ScriptObjectBase@dvascripting@@UEAAXXZ
AeCompute.dll,156414932,0x952b3d4,object,?LockObject@ScriptObject@dvascripting@@UEAAXXZ
AeCompute.dll,156414982,0x952b406,object,?IsEventTarget@ScriptObjectBase@dvascripting@@UEBA_NXZ
AeCompute.dll,156415040,0x952b440,object,?IsFactoryObject@ScriptObjectBase@dvascripting@@UEBA_NXZ
AeCompute.dll,156415100,0x952b47c,object,?GetDefinition@ScriptObjectBase@dvascripting@@UEBAAEBV?$IntrusivePtr@VScriptObjectDefinitionBase@definition@dvascripting@@@RefCountedInterface@utility@dvacore@@XZ
AeCompute.dll,156415266,0x952b522,object,?GetAdapter@ScriptObject@dvascripting@@UEBAPEAVIScriptObjectAdapterBase@2@XZ
AeCompute.dll,156415346,0x952b572,object,?AddComponent@ScriptObject@dvascripting@@UEAAXAEBV?$IntrusivePtr@VScriptObjectDefinitionBase@definition@dvascripting@@@RefCountedInterface@utility@dvacore@@@Z
AeCompute.dll,156415508,0x952b614,object,?SetEventTarget@ScriptObjectBase@dvascripting@@UEAAXXZ
AeCompute.dll,156415566,0x952b64e,object,?SetFactoryObject@ScriptObjectBase@dvascripting@@UEAAXXZ
AeCompute.dll,156415626,0x952b68a,object,?SetDefinition@ScriptObject@dvascripting@@UEAAXAEBV?$IntrusivePtr@VScriptObjectDefinitionBase@definition@dvascripting@@@RefCountedInterface@utility@dvacore@@@Z
AeCompute.dll,156415832,0x952b758,object,?sCurrent@ScriptObjectDefinitionBase@definition@dvascripting@@1V?$IntrusivePtr@VScriptObjectDefinitionBase@definition@dvascripting@@@RefCountedInterface@utility@dvacore@@A
AeCompute.dll,156416006,0x952b806,object,??0ScriptObject@dvascripting@@QEAA@PEBD@Z
AeCompute.dll,156416050,0x952b832,object,??1ScriptObject@dvascripting@@UEAA@XZ
AeCompute.dll,156417728,0x952bec0,object,?Hash@ScriptObject@dvascripting@@UEBA_KXZ
AeCompute.dll,156417772,0x952beec,object,?IsEqual@ScriptObject@dvascripting@@UEBA_NAEBV?$IntrusivePtr@VScriptObject@dvascripting@@@RefCountedInterface@utility@dvacore@@@Z
AeCompute.dll,156417904,0x952bf70,object,??0?$ParameterType@V?$vector@V?$IntrusivePtr@VScriptObject@dvascripting@@@RefCountedInterface@utility@dvacore@@U?$STLAllocator@V?$IntrusivePtr@VScriptObject@dvascripting@@@RefCountedInterface@utility@dvacore@@@allocator@4@@std@@@dvascripting@@QEAA@PEBD@Z
AeCompute.dll,156418162,0x952c072,object,?Validate@?$ParameterType@V?$vector@V?$IntrusivePtr@VScriptObject@dvascripting@@@RefCountedInterface@utility@dvacore@@U?$STLAllocator@V?$IntrusivePtr@VScriptObject@dvascripting@@@RefCountedInterface@utility@dvacore@@@allocator@4@@std@@@dvascripting@@QEBA?AV?$vector@V?$IntrusivePtr@VScriptObject@dvascripting@@@RefCountedInterface@utility@dvacore@@U?$STLAllocator@V?$IntrusivePtr@VScriptObject@dvascripting@@@RefCountedInterface@utility@dvacore@@@allocator@4@@std@@IPEBV?$vector@V?$shared_ptr@Vany@std@@@std@@U?$STLAllocator@V?$shared_ptr@Vany@std@@@std@@@allocator@dvacore@@@4@@Z
AeCompute.dll,156418746,0x952c2ba,object,??1?$ParameterType@V?$vector@V?$IntrusivePtr@VScriptObject@dvascripting@@@RefCountedInterface@utility@dvacore@@U?$STLAllocator@V?$IntrusivePtr@VScriptObject@dvascripting@@@RefCountedInterface@utility@dvacore@@@allocator@4@@std@@@dvascripting@@UEAA@XZ
AeCompute.dll,156419000,0x952c3b8,object,??0?$ParameterType@V?$vector@V?$IntrusivePtr@VScriptObject@dvascripting@@@RefCountedInterface@utility@dvacore@@U?$STLAllocator@V?$IntrusivePtr@VScriptObject@dvascripting@@@RefCountedInterface@utility@dvacore@@@allocator@4@@std@@@dvascripting@@QEAA@AEBV01@@Z
AeCompute.dll,156419260,0x952c4bc,object,?GetFloatPoint@PointFloatObject@dom@dvascripting@@QEAA?AV?$PointT@M@geom@dvacore@@XZ
AeCompute.dll,156419366,0x952c526,object,?AddRefCount@RefCountedObject@utility@dvacore@@MEAAXXZ
AeCompute.dll,156419424,0x952c560,object,?ReleaseRefCount@RefCountedObject@utility@dvacore@@MEAAXXZ
AeCompute.dll,156419486,0x952c59e,object,?ReleaseObject@RefCountedImplementation@utility@dvacore@@UEAAXXZ
AeCompute.dll,156419554,0x952c5e2,object,?RetainObject@RefCountedImplementation@utility@dvacore@@UEAAXXZ
AeCompute.dll,156420720,0x952ca70,object,?AddRefCount@RefCountedObjectWithWeakPtr@utility@dvacore@@UEAAXXZ
AeCompute.dll,156420788,0x952cab4,object,?ReleaseRefCount@RefCountedObjectWithWeakPtr@utility@dvacore@@UEAAXXZ
AeCompute.dll,156421936,0x952cf30,object,?DestructOnMainThread@RefCountedObjectWithWeakPtr@utility@dvacore@@UEAA_NXZ
AeCompute.dll,156422958,0x952d32e,object,?AddObject@ClassWatcher@classref@dvacore@@YAXPEAUUnknownBase@23@@Z
AeCompute.dll,156428898,0x952ea62,model,?RegisterModel@ORTGPUEvaluatorRegistry@ort@dvaml@@QEAAXVImmutableString@utility@dvacore@@@Z
AeCompute.dll,156429988,0x952eea4,model,?IsModelRegistered@ORTGPUEvaluatorRegistry@ort@dvaml@@QEBA_NVImmutableString@utility@dvacore@@@Z
AeCompute.dll,156430112,0x952ef20,inference,??0InferencePriorityMap@dvamlprocessing@@QEAA@XZ
AeCompute.dll,156430164,0x952ef54,inference|model,?GetModelEvaluatorRef@dvamlprocessing@@YA?AV?$Future@V?$InterfaceRef@UIModelEvaluator@dvamlprocessing@@@classref@dvacore@@@async@dvacore@@AEBVImmutableString@utility@4@W4EvaluatorType@1@VInferencePriorityMap@1@@Z
AeCompute.dll,156432066,0x952f6c2,object,?GetColorSpace@ColorSpaceObject@Scripting@CSC@@QEBA?AUColorSpace@color@dvamediatypes@@XZ
AeCompute.dll,156435460,0x9530404,flow,?uflow@?$basic_streambuf@DU?$char_traits@D@std@@@std@@MEAAHXZ
AeCompute.dll,156436654,0x95308ae,flow,?underflow@?$basic_streambuf@DU?$char_traits@D@std@@@std@@MEAAHXZ
AeCompute.dll,156449788,0x9533bfc,flow,?create@SparsePyrLKOpticalFlow@cv@@SA?AU?$Ptr@VSparsePyrLKOpticalFlow@cv@@@2@V?$Size_@H@2@HVTermCriteria@2@HN@Z
AeCompute.dll,156449902,0x9533c6e,track,?goodFeaturesToTrack@cv@@YAXAEBV_InputArray@1@AEBV_OutputArray@1@HNN0H_NN@Z
AeCompute.dll,156450146,0x9533d62,object,WaitForSingleObject
AeCompute.dll,156455360,0x95351c0,object,.?AVScriptObjectBase@dvascripting@@
AeCompute.dll,156455424,0x9535200,object|mask,.?AV?$ScriptObjectDefinitionBaseT@VFastMaskObject@Scripting@DVACompute@@@definition@dvascripting@@
AeCompute.dll,156455552,0x9535280,object,.?AVScriptObjectDefinitionBase@definition@dvascripting@@
AeCompute.dll,156455672,0x95352f8,object,.?AVScriptObject@dvascripting@@
AeCompute.dll,156455720,0x9535328,object|mask,.?AVFastMaskObject@Scripting@DVACompute@@
AeCompute.dll,156456176,0x95354f0,object,.?AVColorSpaceObject@Scripting@CSC@@
AeCompute.dll,156456456,0x9535608,mask,.?AUIFastMaskWrapper@DVACompute@@
AeCompute.dll,156456512,0x9535640,object|mask,.?AV?$InterfaceRefScriptObject@V?$InterfaceRef@UIFastMaskWrapper@DVACompute@@@classref@dvacore@@@dvascripting@@
AeCompute.dll,156456848,0x9535790,object|mask,.?AV<lambda_1>@?1??CreateFastMaskObject@Scripting@DVACompute@@YA?AV?$IntrusivePtr@VScriptObject@dvascripting@@@RefCountedInterface@utility@dvacore@@AEBV?$InterfaceRef@UIFastMaskWrapper@DVACompute@@@classref@7@H@Z@
AeCompute.dll,156457088,0x9535880,object|mask|track,.?AV?$_Binder@U_Unforced@std@@V<lambda_1>@?1???$AsyncWithExecutorAndContinuationExecutorAndDelay@V?$shared_ptr@VAsyncExecutor@threads@dvacore@@@std@@_JU?$ratio@$00$0DOI@@2@V12@V<lambda_1>@?1??TrackNextFrame@FastMaskObject@Scripting@DVACompute@@QEAA?AV?$shared_ptr@VNativePromise@dvascripting@@@2@AEBV?$basic_string@EU?$char_traits@E@std@@U?$STLAllocator@E@allocator@dvacore@@@2@0N@Z@$$V@async@dvacore@@YA?A_PAEBV?$shared_ptr@VAsyncExecutor@threads@dvacore@@@2@AEBV?$duration@_JU?$ratio@$00$0DOI@@std@@@chrono@2@0$$QEAV3?1??TrackNextFrame@FastMaskObject@Scripting@DVACompute@@QEAA?AV?$shared_ptr@VNativePromise@dvascripting@@@2@AEBV?$basic_string@EU?$char_traits@E@std@@U?$STLAllocator@E@allocator@dvacore@@@2@2N@Z@@Z@$$V@std@@
AeCompute.dll,156457840,0x9535b70,object|mask,.?AV<lambda_1>@?1???$CreateScriptObject@VFastMaskObject@Scripting@DVACompute@@@utils@dvascripting@@YA?AV?$IntrusivePtr@VFastMaskObject@Scripting@DVACompute@@@RefCountedInterface@utility@dvacore@@HV?$function@$$A6AXAEBV?$IntrusivePtr@VFastMaskObject@Scripting@DVACompute@@@RefCountedInterface@utility@dvacore@@@Z@std@@@Z@
AeCompute.dll,156458192,0x9535cd0,object|mask,.?AV<lambda_1>@?4???$RegisterMethod@VFastMaskObject@Scripting@DVACompute@@V?$PropertyType@_N@dvascripting@@P8123@EAA_NXZ@definition@dvascripting@@YAXPEBDV?$PropertyType@_N@2@$$QEAP8FastMaskObject@Scripting@DVACompute@@EAA_NXZW4ScriptObjectPropertyModifier@2@W4ItemThreadOption@2@0W4ScriptItemFlag@2@@Z@
AeCompute.dll,156458512,0x9535e10,object|mask,.?AV<lambda_1>@?4???$RegisterMethod@VFastMaskObject@Scripting@DVACompute@@V?$PropertyType@V?$shared_ptr@VNativeObject@dvascripting@@@std@@@dvascripting@@V?$ParameterType@V?$basic_string@EU?$char_traits@E@std@@U?$STLAllocator@E@allocator@dvacore@@@std@@@5@V65@V?$ParameterType@N@5@P8123@EAA?AV?$shared_ptr@VNativePromise@dvascripting@@@std@@AEBV?$basic_string@EU?$char_traits@E@std@@U?$STLAllocator@E@allocator@dvacore@@@9@0N@Z@definition@dvascripting@@YAXPEBDV?$ParameterType@V?$basic_string@EU?$char_traits@E@std@@U?$STLAllocator@E@allocator@dvacore@@@std@@@2@1V?$ParameterType@N@2@V?$PropertyType@V?$shared_ptr@VNativeObject@dvascripting@@@std@@@2@$$QEAP8FastMaskObject@Scripting@DVACompute@@EAA?AV?$shared_ptr@VNativePromise@dvascripting@@@std@@AEBV?$basic_string@EU?$char_traits@E@std@@U?$STLAllocator@E@allocator@dvacore@@@std@@4N@ZW4ScriptObjectPropertyModifier@2@W4ItemThreadOption@2@0W4ScriptItemFlag@2@@Z@
AeCompute.dll,156459456,0x95361c0,object|mask,.?AV<lambda_1>@?4???$RegisterMethod@VFastMaskObject@Scripting@DVACompute@@V?$PropertyType@_N@dvascripting@@V?$ParameterType@V?$IntrusivePtr@VScriptObject@dvascripting@@@RefCountedInterface@utility@dvacore@@@5@V?$ParameterType@V?$basic_string@EU?$char_traits@E@std@@U?$STLAllocator@E@allocator@dvacore@@@std@@@5@V75@P8123@EAA_NAEBV?$IntrusivePtr@VScriptObject@dvascripting@@@RefCountedInterface@utility@dvacore@@AEBV?$basic_string@EU?$char_traits@E@std@@U?$STLAllocator@E@allocator@dvacore@@@std@@1@Z@definition@dvascripting@@YAXPEBDV?$ParameterType@V?$IntrusivePtr@VScriptObject@dvascripting@@@RefCountedInterface@utility@dvacore@@@2@V?$ParameterType@V?$basic_string@EU?$char_traits@E@std@@U?$STLAllocator@E@allocator@dvacore@@@std@@@2@2V?$PropertyType@_N@2@$$QEAP8FastMaskObject@Scripting@DVACompute@@EAA_NAEBV?$IntrusivePtr@VScriptObject@dvascripting@@@RefCountedInterface@utility@dvacore@@AEBV?$basic_string@EU?$char_traits@E@std@@U?$STLAllocator@E@allocator@dvacore@@@std@@5@ZW4ScriptObjectPropertyModifier@2@W4ItemThreadOption@2@0W4ScriptItemFlag@2@@Z@
AeCompute.dll,156460544,0x9536600,object|mask,.?AV<lambda_1>@?4???$RegisterMethod@VFastMaskObject@Scripting@DVACompute@@V?$PropertyType@V?$IntrusivePtr@VScriptObject@dvascripting@@@RefCountedInterface@utility@dvacore@@@dvascripting@@P8123@EAA?AV?$IntrusivePtr@VScriptObject@dvascripting@@@RefCountedInterface@utility@dvacore@@XZ@definition@dvascripting@@YAXPEBDV?$PropertyType@V?$IntrusivePtr@VScriptObject@dvascripting@@@RefCountedInterface@utility@dvacore@@@2@$$QEAP8FastMaskObject@Scripting@DVACompute@@EAA?AV?$IntrusivePtr@VScriptObject@dvascripting@@@RefCountedInterface@utility@dvacore@@XZW4ScriptObjectPropertyModifier@2@W4ItemThreadOption@2@0W4ScriptItemFlag@2@@Z@
AeCompute.dll,156461200,0x9536890,object|mask|track,.?AV<lambda_1>@?6???$CallContinuationAsync@V?$shared_ptr@VAsyncExecutor@threads@dvacore@@@std@@V<lambda_1>@?1???$MakeContinuation@V<lambda_1>@?1???$OnSuccessWithExecutor@V?$shared_ptr@VAsyncExecutor@threads@dvacore@@@std@@V<lambda_2>@?1??TrackNextFrame@FastMaskObject@Scripting@DVACompute@@QEAA?AV?$shared_ptr@VNativePromise@dvascripting@@@2@AEBV?$basic_string@EU?$char_traits@E@std@@U?$STLAllocator@E@allocator@dvacore@@@2@0N@Z@@?$Future@UFastMaskOutputData@DVACompute@@@async@dvacore@@QEBA?A_P$$QEAV?$shared_ptr@VAsyncExecutor@threads@dvacore@@@std@@$$QEAV<lambda_2>@?1??TrackNextFrame@FastMaskObject@Scripting@DVACompute@@QEAA?AV?$shared_ptr@VNativePromise@dvascripting@@@6@AEBV?$basic_string@EU?$char_traits@E@std@@U?$STLAllocator@E@allocator@dvacore@@@6@1N@Z@@Z@V?$Promise@_N@34@@?$Future@UFastMaskOutputData@DVACompute@@@async@dvacore@@AEBA?A_P$$QEAV3?1???$OnSuccessWithExecutor@V?$shared_ptr@VAsyncExecutor@threads@dvacore@@@std@@V<lambda_2>@?1??TrackNextFrame@FastMaskObject@Scripting@DVACompute@@QEAA?AV?$shared_ptr@VNativePromise@dvascripting@@@2@AEBV?$basic_string@EU?$char_traits@E@std@@U?$STLAllocator@E@allocator@dvacore@@@2@0N@Z@@456@QEBA?A_P$$QEAV12@$$QEAV<lambda_2>@?1??TrackNextFrame@FastMaskObject@Scripting@DVACompute@@QEAA?AV?$shared_ptr@VNativePromise@dvascripting@@@2@AEBV?$basic_string@EU?$char_traits@E@std@@U?$STLAllocator@E@allocator@dvacore@@@2@1N@Z@@Z@$$QEAV?$Promise@_N@56@@Z@@detail@async@dvacore@@YAX$$QEAV?$shared_ptr@VAsyncExecutor@threads@dvacore@@@std@@$$QEAV0?1???$MakeContinuation@V<lambda_1>@?1???$OnSuccessWithExecutor@V?$shared_ptr@VAsyncExecutor@threads@dvacore@@@std@@V<lambda_2>@?1??TrackNextFrame@FastMaskObject@Scripting@DVACompute@@QEAA?AV?$shared_ptr@VNativePromise@dvascripting@@@2@AEBV?$basic_string@EU?$char_traits@E@std@@U?$STLAllocator@E@allocator@dvacore@@@2@0N@Z@@?$Future@UFastMaskOutputData@DVACompute@@@async@dvacore@@QEBA?A_P$$QEAV?$shared_ptr@VAsyncExecutor@threads@dvacore@@@std@@$$QEAV<lambda_2>@?1??TrackNextFrame@FastMaskObject@Scripting@DVACompute@@QEAA?AV?$shared_ptr@VNativePromise@dvascripting@@@6@AEBV?$basic_string@EU?$char_traits@E@std@@U?$STLAllocator@E@allocator@dvacore@@@6@1N@Z@@Z@V?$Promise@_N@34@@?$Future@UFastMaskOutputData@DVACompute@@@23@AEBA?A_P$$QEAV0?1???$OnSuccessWithExecutor@V?$shared_ptr@VAsyncExecutor@threads@dvacore@@@std@@V<lambda_2>@?1??TrackNextFrame@FastMaskObject@Scripting@DVACompute@@QEAA?AV?$shared_ptr@VNativePromise@dvascripting@@@2@AEBV?$basic_string@EU?$char_traits@E@std@@U?$STLAllocator@E@allocator@dvacore@@@2@0N@Z@@623@QEBA?A_P0$$QEAV<lambda_2>@?1??TrackNextFrame@FastMaskObject@Scripting@DVACompute@@QEAA?AV?$shared_ptr@VNativePromise@dvascripting@@@5@AEBV?$basic_string@EU?$char_traits@E@std@@U?$STLAllocator@E@allocator@dvacore@@@5@1N@Z@@Z@$$QEAV?$Promise@_N@23@@Z@V?$shared_ptr@VUntypedFutureState@detail@async@dvacore@@@5@@Z@
AeCompute.dll,156464064,0x95373c0,mask,.?AV<lambda_1>@?6???$Allocate@VFastMaskWrapper@DVACompute@@@?$AllocateClassInstanceHelper@VFastMaskWrapper@DVACompute@@@detail@classref@dvacore@@SA?AV?$shared_ptr@VFastMaskWrapper@DVACompute@@@std@@XZ@
AeCompute.dll,156464288,0x95374a0,mask,.?AVFastMaskWrapper@DVACompute@@
AeCompute.dll,156464528,0x9537590,mask|model,.?AV<lambda_3>@?1??RegisterModelFactories@FastMaskWrapper@DVACompute@@UEAAXXZ@
AeCompute.dll,156464624,0x95375f0,mask|model,.?AV<lambda_2>@?1??RegisterModelFactories@FastMaskWrapper@DVACompute@@UEAAXXZ@
AeCompute.dll,156464720,0x9537650,mask|model,.?AV<lambda_1>@?1??RegisterModelFactories@FastMaskWrapper@DVACompute@@UEAAXXZ@
AeCompute.dll,156469040,0x9538730,object|mask,.?AV?$ScriptObjectDefinitionBaseT@VSmartMaskingUtilsObject@Scripting@DVACompute@@@definition@dvascripting@@
AeCompute.dll,156469168,0x95387b0,object|mask,.?AVSmartMaskingUtilsObject@Scripting@DVACompute@@
AeCompute.dll,156469248,0x9538800,object|mask,.?AV<lambda_1>@?4???$RegisterMethod@VSmartMaskingUtilsObject@Scripting@DVACompute@@V?$PropertyType@V?$vector@MU?$STLAllocator@M@allocator@dvacore@@@std@@@dvascripting@@V?$ParameterType@V?$basic_string@EU?$char_traits@E@std@@U?$STLAllocator@E@allocator@dvacore@@@std@@@5@V65@P8123@EAA?AV?$vector@MU?$STLAllocator@M@allocator@dvacore@@@std@@AEBV?$basic_string@EU?$char_traits@E@std@@U?$STLAllocator@E@allocator@dvacore@@@8@0@Z@definition@dvascripting@@YAXPEBDV?$ParameterType@V?$basic_string@EU?$char_traits@E@std@@U?$STLAllocator@E@allocator@dvacore@@@std@@@2@1V?$PropertyType@V?$vector@MU?$STLAllocator@M@allocator@dvacore@@@std@@@2@$$QEAP8SmartMaskingUtilsObject@Scripting@DVACompute@@EAA?AV?$vector@MU?$STLAllocator@M@allocator@dvacore@@@std@@AEBV?$basic_string@EU?$char_traits@E@std@@U?$STLAllocator@E@allocator@dvacore@@@9@3@ZW4ScriptObjectPropertyModifier@2@W4ItemThreadOption@2@0W4ScriptItemFlag@2@@Z@
AeCompute.dll,156470176,0x9538ba0,object|mask,.?AV<lambda_1>@?4???$RegisterMethod@VSmartMaskingUtilsObject@Scripting@DVACompute@@V?$PropertyType@M@dvascripting@@V?$ParameterType@V?$basic_string@EU?$char_traits@E@std@@U?$STLAllocator@E@allocator@dvacore@@@std@@@5@V65@P8123@EAAMAEBV?$basic_string@EU?$char_traits@E@std@@U?$STLAllocator@E@allocator@dvacore@@@std@@0@Z@definition@dvascripting@@YAXPEBDV?$ParameterType@V?$basic_string@EU?$char_traits@E@std@@U?$STLAllocator@E@allocator@dvacore@@@std@@@2@1V?$PropertyType@M@2@$$QEAP8SmartMaskingUtilsObject@Scripting@DVACompute@@EAAMAEBV?$basic_string@EU?$char_traits@E@std@@U?$STLAllocator@E@allocator@dvacore@@@std@@3@ZW4ScriptObjectPropertyModifier@2@W4ItemThreadOption@2@0W4ScriptItemFlag@2@@Z@
AeCompute.dll,156470896,0x9538e70,model,.?AUIMLModel@dvaml@@
AeCompute.dll,156470984,0x9538ec8,model,.?AUIModelEvaluator@dvamlprocessing@@
AeCompute.dll,156471040,0x9538f00,inference,.?AVprediction_failed_exception@inference@solax@@
AeCompute.dll,156472064,0x9539300,object,.?AV?$ScriptObjectDefinitionBaseT@VObjectSelectionObject@Scripting@DVACompute@@@definition@dvascripting@@
AeCompute.dll,156472192,0x9539380,object,.?AVObjectSelectionObject@Scripting@DVACompute@@
AeCompute.dll,156472264,0x95393c8,object,.?AVPointFloatObject@dom@dvascripting@@
AeCompute.dll,156472320,0x9539400,object,.?AUIObjectSelectionWrapper@DVACompute@@
AeCompute.dll,156472384,0x9539440,object,.?AV?$InterfaceRefScriptObject@V?$InterfaceRef@UIObjectSelectionWrapper@DVACompute@@@classref@dvacore@@@dvascripting@@
AeCompute.dll,156472528,0x95394d0,object,.?AV<lambda_1>@?1??CreateObjectSelectionObject@Scripting@DVACompute@@YA?AV?$IntrusivePtr@VScriptObject@dvascripting@@@RefCountedInterface@utility@dvacore@@AEBV?$InterfaceRef@UIObjectSelectionWrapper@DVACompute@@@classref@7@H@Z@
AeCompute.dll,156472784,0x95395d0,object,.?AV?$_Binder@U_Unforced@std@@V<lambda_1>@?1???$AsyncWithExecutorAndContinuationExecutorAndDelay@V?$shared_ptr@VAsyncExecutor@threads@dvacore@@@std@@_JU?$ratio@$00$0DOI@@2@V12@V<lambda_2>@?1??DetectObjectsUsingBoundary@ObjectSelectionObject@Scripting@DVACompute@@QEAA?AV?$shared_ptr@VNativePromise@dvascripting@@@2@AEBV?$IntrusivePtr@VScriptObject@dvascripting@@@RefCountedInterface@utility@dvacore@@AEBV?$basic_string@EU?$char_traits@E@std@@U?$STLAllocator@E@allocator@dvacore@@@2@AEBV?$vector@V?$IntrusivePtr@VScriptObject@dvascripting@@@RefCountedInterface@utility@dvacore@@U?$STLAllocator@V?$IntrusivePtr@VScriptObject@dvascripting@@@RefCountedInterface@utility@dvacore@@@allocator@4@@2@1@Z@$$V@async@dvacore@@YA?A_PAEBV?$shared_ptr@VAsyncExecutor@threads@dvacore@@@2@AEBV?$duration@_JU?$ratio@$00$0DOI@@std@@@chrono@2@0$$QEAV<lambda_2>@?1??DetectObjectsUsingBoundary@ObjectSelectionObject@Scripting@DVACompute@@QEAA?AV?$shared_ptr@VNativePromise@dvascripting@@@2@AEBV?$IntrusivePtr@VScriptObject@dvascripting@@@RefCountedInterface@utility@5@AEBV?$basic_string@EU?$char_traits@E@std@@U?$STLAllocator@E@allocator@dvacore@@@2@AEBV?$vector@V?$IntrusivePtr@VScriptObject@dvascripting@@@RefCountedInterface@utility@dvacore@@U?$STLAllocator@V?$IntrusivePtr@VScriptObject@dvascripting@@@RefCountedInterface@utility@dvacore@@@allocator@4@@2@3@Z@@Z@$$V@std@@
AeCompute.dll,156474160,0x9539b30,object|mask,.?AV?$_Binder@U_Unforced@std@@V<lambda_1>@?1???$AsyncWithExecutorAndContinuationExecutorAndDelay@V?$shared_ptr@VAsyncExecutor@threads@dvacore@@@std@@_JU?$ratio@$00$0DOI@@2@V12@V<lambda_1>@?1??DetectObjectsUsingMask@ObjectSelectionObject@Scripting@DVACompute@@QEAA?AV?$shared_ptr@VNativePromise@dvascripting@@@2@AEBV?$IntrusivePtr@VScriptObject@dvascripting@@@RefCountedInterface@utility@dvacore@@AEBV?$basic_string@EU?$char_traits@E@std@@U?$STLAllocator@E@allocator@dvacore@@@2@11@Z@$$V@async@dvacore@@YA?A_PAEBV?$shared_ptr@VAsyncExecutor@threads@dvacore@@@2@AEBV?$duration@_JU?$ratio@$00$0DOI@@std@@@chrono@2@0$$QEAV3?1??DetectObjectsUsingMask@ObjectSelectionObject@Scripting@DVACompute@@QEAA?AV?$shared_ptr@VNativePromise@dvascripting@@@2@AEBV?$IntrusivePtr@VScriptObject@dvascripting@@@RefCountedInterface@utility@5@AEBV?$basic_string@EU?$char_traits@E@std@@U?$STLAllocator@E@allocator@dvacore@@@2@33@Z@@Z@$$V@std@@
AeCompute.dll,156475104,0x9539ee0,object,.?AV<lambda_1>@?1???$CreateScriptObject@VObjectSelectionObject@Scripting@DVACompute@@@utils@dvascripting@@YA?AV?$IntrusivePtr@VObjectSelectionObject@Scripting@DVACompute@@@RefCountedInterface@utility@dvacore@@HV?$function@$$A6AXAEBV?$IntrusivePtr@VObjectSelectionObject@Scripting@DVACompute@@@RefCountedInterface@utility@dvacore@@@Z@std@@@Z@
AeCompute.dll,156475472,0x953a050,object,.?AV<lambda_1>@?4???$RegisterMethod@VObjectSelectionObject@Scripting@DVACompute@@V?$PropertyType@V?$shared_ptr@VNativeObject@dvascripting@@@std@@@dvascripting@@V?$ParameterType@V?$IntrusivePtr@VScriptObject@dvascripting@@@RefCountedInterface@utility@dvacore@@@5@V?$ParameterType@V?$basic_string@EU?$char_traits@E@std@@U?$STLAllocator@E@allocator@dvacore@@@std@@@5@V?$ParameterType@V?$vector@V?$IntrusivePtr@VScriptObject@dvascripting@@@RefCountedInterface@utility@dvacore@@U?$STLAllocator@V?$IntrusivePtr@VScriptObject@dvascripting@@@RefCountedInterface@utility@dvacore@@@allocator@4@@std@@@5@V75@P8123@EAA?AV?$shared_ptr@VNativePromise@dvascripting@@@std@@AEBV?$IntrusivePtr@VScriptObject@dvascripting@@@RefCountedInterface@utility@dvacore@@AEBV?$basic_string@EU?$char_traits@E@std@@U?$STLAllocator@E@allocator@dvacore@@@std@@AEBV?$vector@V?$IntrusivePtr@VScriptObject@dvascripting@@@RefCountedInterface@utility@dvacore@@U?$STLAllocator@V?$IntrusivePtr@VScriptObject@dvascripting@@@RefCountedInterface@utility@dvacore@@@allocator@4@@std@@1@Z@definition@dvascripting@@YAXPEBDV?$ParameterType@V?$IntrusivePtr@VScriptObject@dvascripting@@@RefCountedInterface@utility@dvacore@@@2@V?$ParameterType@V?$basic_string@EU?$char_traits@E@std@@U?$STLAllocator@E@allocator@dvacore@@@std@@@2@V?$ParameterType@V?$vector@V?$IntrusivePtr@VScriptObject@dvascripting@@@RefCountedInterface@utility@dvacore@@U?$STLAllocator@V?$IntrusivePtr@VScriptObject@dvascripting@@@RefCountedInterface@utility@dvacore@@@allocator@4@@std@@@2@2V?$PropertyType@V?$shared_ptr@VNativeObject@dvascripting@@@std@@@2@$$QEAP8ObjectSelectionObject@Scripting@DVACompute@@EAA?AV?$shared_ptr@VNativePromise@dvascripting@@@std@@AEBV?$IntrusivePtr@VScriptObject@dvascripting@@@RefCountedInterface@utility@dvacore@@AEBV?$basic_string@EU?$char_traits@E@std@@U?$STLAllocator@E@allocator@dvacore@@@std@@AEBV?$vector@V?$IntrusivePtr@VScriptObject@dvascripting@@@RefCountedInterface@utility@dvacore@@U?$STLAllocator@V?$IntrusivePtr@VScriptObject@dvascripting@@@RefCountedInterface@utility@dvacore@@@allocator@4@@std@@6@ZW4ScriptObjectPropertyModifier@2@W4ItemThreadOption@2@0W4ScriptItemFlag@2@@Z@
AeCompute.dll,156477632,0x953a8c0,object,.?AV<lambda_1>@?4???$RegisterMethod@VObjectSelectionObject@Scripting@DVACompute@@V?$PropertyType@V?$shared_ptr@VNativeObject@dvascripting@@@std@@@dvascripting@@V?$ParameterType@V?$IntrusivePtr@VScriptObject@dvascripting@@@RefCountedInterface@utility@dvacore@@@5@V?$ParameterType@V?$basic_string@EU?$char_traits@E@std@@U?$STLAllocator@E@allocator@dvacore@@@std@@@5@V75@V75@P8123@EAA?AV?$shared_ptr@VNativePromise@dvascripting@@@std@@AEBV?$IntrusivePtr@VScriptObject@dvascripting@@@RefCountedInterface@utility@dvacore@@AEBV?$basic_string@EU?$char_traits@E@std@@U?$STLAllocator@E@allocator@dvacore@@@9@11@Z@definition@dvascripting@@YAXPEBDV?$ParameterType@V?$IntrusivePtr@VScriptObject@dvascripting@@@RefCountedInterface@utility@dvacore@@@2@V?$ParameterType@V?$basic_string@EU?$char_traits@E@std@@U?$STLAllocator@E@allocator@dvacore@@@std@@@2@22V?$PropertyType@V?$shared_ptr@VNativeObject@dvascripting@@@std@@@2@$$QEAP8ObjectSelectionObject@Scripting@DVACompute@@EAA?AV?$shared_ptr@VNativePromise@dvascripting@@@std@@AEBV?$IntrusivePtr@VScriptObject@dvascripting@@@RefCountedInterface@utility@dvacore@@AEBV?$basic_string@EU?$char_traits@E@std@@U?$STLAllocator@E@allocator@dvacore@@@std@@55@ZW4ScriptObjectPropertyModifier@2@W4ItemThreadOption@2@0W4ScriptItemFlag@2@@Z@
AeCompute.dll,156478928,0x953add0,object,.?AV<lambda_1>@?4???$RegisterMethod@VObjectSelectionObject@Scripting@DVACompute@@V?$PropertyType@V?$IntrusivePtr@VScriptObject@dvascripting@@@RefCountedInterface@utility@dvacore@@@dvascripting@@P8123@EAA?AV?$IntrusivePtr@VScriptObject@dvascripting@@@RefCountedInterface@utility@dvacore@@XZ@definition@dvascripting@@YAXPEBDV?$PropertyType@V?$IntrusivePtr@VScriptObject@dvascripting@@@RefCountedInterface@utility@dvacore@@@2@$$QEAP8ObjectSelectionObject@Scripting@DVACompute@@EAA?AV?$IntrusivePtr@VScriptObject@dvascripting@@@RefCountedInterface@utility@dvacore@@XZW4ScriptObjectPropertyModifier@2@W4ItemThreadOption@2@0W4ScriptItemFlag@2@@Z@
AeCompute.dll,156479648,0x953b0a0,object|mask,.?AV<lambda_1>@?6???$CallContinuationAsync@V?$shared_ptr@VAsyncExecutor@threads@dvacore@@@std@@V<lambda_1>@?1???$MakeContinuation@V<lambda_1>@?1???$OnSuccessWithExecutor@V?$shared_ptr@VAsyncExecutor@threads@dvacore@@@std@@V<lambda_2>@?1??DetectObjectsUsingMask@ObjectSelectionObject@Scripting@DVACompute@@QEAA?AV?$shared_ptr@VNativePromise@dvascripting@@@2@AEBV?$IntrusivePtr@VScriptObject@dvascripting@@@RefCountedInterface@utility@dvacore@@AEBV?$basic_string@EU?$char_traits@E@std@@U?$STLAllocator@E@allocator@dvacore@@@2@11@Z@@?$Future@V?$InterfaceRef@UIVideoFrame@MF@@@classref@dvacore@@@async@dvacore@@QEBA?A_P$$QEAV?$shared_ptr@VAsyncExecutor@threads@dvacore@@@std@@$$QEAV<lambda_2>@?1??DetectObjectsUsingMask@ObjectSelectionObject@Scripting@DVACompute@@QEAA?AV?$shared_ptr@VNativePromise@dvascripting@@@6@AEBV?$IntrusivePtr@VScriptObject@dvascripting@@@RefCountedInterface@utility@4@AEBV?$basic_string@EU?$char_traits@E@std@@U?$STLAllocator@E@allocator@dvacore@@@6@22@Z@@Z@V?$Promise@_N@34@@?$Future@V?$InterfaceRef@UIVideoFrame@MF@@@classref@dvacore@@@async@dvacore@@AEBA?A_P$$QEAV3?1???$OnSuccessWithExecutor@V?$shared_ptr@VAsyncExecutor@threads@dvacore@@@std@@V<lambda_2>@?1??DetectObjectsUsingMask@ObjectSelectionObject@Scripting@DVACompute@@QEAA?AV?$shared_ptr@VNativePromise@dvascripting@@@2@AEBV?$IntrusivePtr@VScriptObject@dvascripting@@@RefCountedInterface@utility@dvacore@@AEBV?$basic_string@EU?$char_traits@E@std@@U?$STLAllocator@E@allocator@dvacore@@@2@11@Z@@456@QEBA?A_P$$QEAV12@$$QEAV<lambda_2>@?1??DetectObjectsUsingMask@ObjectSelectionObject@Scripting@DVACompute@@QEAA?AV?$shared_ptr@VNativePromise@dvascripting@@@2@AEBV?$IntrusivePtr@VScriptObject@dvascripting@@@RefCountedInterface@utility@6@AEBV?$basic_string@EU?$char_traits@E@std@@U?$STLAllocator@E@allocator@dvacore@@@2@22@Z@@Z@$$QEAV?$Promise@_N@56@@Z@@detail@async@dvacore@@YAX$$QEAV?$shared_ptr@VAsyncExecutor@threads@dvacore@@@std@@$$QEAV0?1???$MakeContinuation@V<lambda_1>@?1???$OnSuccessWithExecutor@V?$shared_ptr@VAsyncExecutor@threads@dvacore@@@std@@V<lambda_2>@?1??DetectObjectsUsingMask@ObjectSelectionObject@Scripting@DVACompute@@QEAA?AV?$shared_ptr@VNativePromise@dvascripting@@@2@AEBV?$IntrusivePtr@VScriptObject@dvascripting@@@RefCountedInterface@utility@dvacore@@AEBV?$basic_string@EU?$char_traits@E@std@@U?$STLAllocator@E@allocator@dvacore@@@2@11@Z@@?$Future@V?$InterfaceRef@UIVideoFrame@MF@@@classref@dvacore@@@async@dvacore@@QEBA?A_P$$QEAV?$shared_ptr@VAsyncExecutor@threads@dvacore@@@std@@$$QEAV<lambda_2>@?1??DetectObjectsUsingMask@ObjectSelectionObject@Scripting@DVACompute@@QEAA?AV?$shared_ptr@VNativePromise@dvascripting@@@6@AEBV?$IntrusivePtr@VScriptObject@dvascripting@@@RefCountedInterface@utility@4@AEBV?$basic_string@EU?$char_traits@E@std@@U?$STLAllocator@E@allocator@dvacore@@@6@22@Z@@Z@V?$Promise@_N@34@@?$Future@V?$InterfaceRef@UIVideoFrame@MF@@@classref@dvacore@@@23@AEBA?A_P$$QEAV0?1???$OnSuccessWithExecutor@V?$shared_ptr@VAsyncExecutor@threads@dvacore@@@std@@V<lambda_2>@?1??DetectObjectsUsingMask@ObjectSelectionObject@Scripting@DVACompute@@QEAA?AV?$shared_ptr@VNativePromise@dvascripting@@@2@AEBV?$IntrusivePtr@VScriptObject@dvascripting@@@RefCountedInterface@utility@dvacore@@AEBV?$basic_string@EU?$char_traits@E@std@@U?$STLAllocator@E@allocator@dvacore@@@2@11@Z@@623@QEBA?A_P0$$QEAV<lambda_2>@?1??DetectObjectsUsingMask@ObjectSelectionObject@Scripting@DVACompute@@QEAA?AV?$shared_ptr@VNativePromise@dvascripting@@@5@AEBV?$IntrusivePtr@VScriptObject@dvascripting@@@RefCountedInterface@utility@3@AEBV?$basic_string@EU?$char_traits@E@std@@U?$STLAllocator@E@allocator@dvacore@@@5@22@Z@@Z@$$QEAV?$Promise@_N@23@@Z@V?$shared_ptr@VUntypedFutureState@detail@async@dvacore@@@5@@Z@
AeCompute.dll,156483360,0x953bf20,object,.?AV<lambda_1>@?6???$Allocate@VObjectSelectionWrapper@DVACompute@@@?$AllocateClassInstanceHelper@VObjectSelectionWrapper@DVACompute@@@detail@classref@dvacore@@SA?AV?$shared_ptr@VObjectSelectionWrapper@DVACompute@@@std@@XZ@
AeCompute.dll,156483664,0x953c050,object,.?AVObjectSelectionWrapper@DVACompute@@
AeCompute.dll,156483728,0x953c090,object|model,.?AV<lambda_2>@?1??RegisterModelFactories@ObjectSelectionWrapper@DVACompute@@UEAAXXZ@
AeCompute.dll,156483840,0x953c100,object|model,.?AV<lambda_1>@?1??RegisterModelFactories@ObjectSelectionWrapper@DVACompute@@UEAAXXZ@
AeCompute.dll,156483952,0x953c170,object|segment,.?AVPreSegmentationObject@Scripting@DVACompute@@
AeCompute.dll,156484032,0x953c1c0,object|segment,.?AV?$ScriptObjectDefinitionBaseT@VPreSegmentationObject@Scripting@DVACompute@@@definition@dvascripting@@
AeCompute.dll,156484160,0x953c240,segment,.?AUIPreSegmentationWrapper@DVACompute@@
AeCompute.dll,156484224,0x953c280,object|segment,.?AV?$InterfaceRefScriptObject@V?$InterfaceRef@UIPreSegmentationWrapper@DVACompute@@@classref@dvacore@@@dvascripting@@
AeCompute.dll,156484368,0x953c310,object|segment,.?AV<lambda_1>@?1??CreatePreSegmentationObject@Scripting@DVACompute@@YA?AV?$IntrusivePtr@VScriptObject@dvascripting@@@RefCountedInterface@utility@dvacore@@AEBV?$InterfaceRef@UIPreSegmentationWrapper@DVACompute@@@classref@7@H@Z@
AeCompute.dll,156484624,0x953c410,object|segment,.?AV<lambda_1>@?1???$CreateScriptObject@VPreSegmentationObject@Scripting@DVACompute@@@utils@dvascripting@@YA?AV?$IntrusivePtr@VPreSegmentationObject@Scripting@DVACompute@@@RefCountedInterface@utility@dvacore@@HV?$function@$$A6AXAEBV?$IntrusivePtr@VPreSegmentationObject@Scripting@DVACompute@@@RefCountedInterface@utility@dvacore@@@Z@std@@@Z@
AeCompute.dll,156484992,0x953c580,object|segment,.?AV<lambda_1>@?4???$RegisterMethod@VPreSegmentationObject@Scripting@DVACompute@@V?$PropertyType@V?$shared_ptr@VNativeObject@dvascripting@@@std@@@dvascripting@@V?$ParameterType@V?$IntrusivePtr@VScriptObject@dvascripting@@@RefCountedInterface@utility@dvacore@@@5@V?$ParameterType@V?$basic_string@EU?$char_traits@E@std@@U?$STLAllocator@E@allocator@dvacore@@@std@@@5@V75@P8123@EAA?AV?$shared_ptr@VNativePromise@dvascripting@@@std@@AEBV?$IntrusivePtr@VScriptObject@dvascripting@@@RefCountedInterface@utility@dvacore@@AEBV?$basic_string@EU?$char_traits@E@std@@U?$STLAllocator@E@allocator@dvacore@@@9@1@Z@definition@dvascripting@@YAXPEBDV?$ParameterType@V?$IntrusivePtr@VScriptObject@dvascripting@@@RefCountedInterface@utility@dvacore@@@2@V?$ParameterType@V?$basic_string@EU?$char_traits@E@std@@U?$STLAllocator@E@allocator@dvacore@@@std@@@2@2V?$PropertyType@V?$shared_ptr@VNativeObject@dvascripting@@@std@@@2@$$QEAP8PreSegmentationObject@Scripting@DVACompute@@EAA?AV?$shared_ptr@VNativePromise@dvascripting@@@std@@AEBV?$IntrusivePtr@VScriptObject@dvascripting@@@RefCountedInterface@utility@dvacore@@AEBV?$basic_string@EU?$char_traits@E@std@@U?$STLAllocator@E@allocator@dvacore@@@std@@5@ZW4ScriptObjectPropertyModifier@2@W4ItemThreadOption@2@0W4ScriptItemFlag@2@@Z@
AeCompute.dll,156486272,0x953ca80,object|segment,.?AV<lambda_1>@?4???$RegisterMethod@VPreSegmentationObject@Scripting@DVACompute@@V?$PropertyType@V?$IntrusivePtr@VScriptObject@dvascripting@@@RefCountedInterface@utility@dvacore@@@dvascripting@@P8123@EAA?AV?$IntrusivePtr@VScriptObject@dvascripting@@@RefCountedInterface@utility@dvacore@@XZ@definition@dvascripting@@YAXPEBDV?$PropertyType@V?$IntrusivePtr@VScriptObject@dvascripting@@@RefCountedInterface@utility@dvacore@@@2@$$QEAP8PreSegmentationObject@Scripting@DVACompute@@EAA?AV?$IntrusivePtr@VScriptObject@dvascripting@@@RefCountedInterface@utility@dvacore@@XZW4ScriptObjectPropertyModifier@2@W4ItemThreadOption@2@0W4ScriptItemFlag@2@@Z@
AeCompute.dll,156486944,0x953cd20,object|segment,.?AV<lambda_1>@?6???$CallContinuationAsync@V?$shared_ptr@VAsyncExecutor@threads@dvacore@@@std@@V<lambda_1>@?1???$MakeContinuation@V<lambda_1>@?1???$OnSuccessWithExecutor@V?$shared_ptr@VAsyncExecutor@threads@dvacore@@@std@@V<lambda_1>@?1??RunPreSegmentation@PreSegmentationObject@Scripting@DVACompute@@QEAA?AV?$shared_ptr@VNativePromise@dvascripting@@@2@AEBV?$IntrusivePtr@VScriptObject@dvascripting@@@RefCountedInterface@utility@dvacore@@AEBV?$basic_string@EU?$char_traits@E@std@@U?$STLAllocator@E@allocator@dvacore@@@2@1@Z@@?$Future@UPreSegmentationResult@DVACompute@@@async@dvacore@@QEBA?A_P$$QEAV?$shared_ptr@VAsyncExecutor@threads@dvacore@@@std@@$$QEAV1?1??RunPreSegmentation@PreSegmentationObject@Scripting@DVACompute@@QEAA?AV?$shared_ptr@VNativePromise@dvascripting@@@6@AEBV?$IntrusivePtr@VScriptObject@dvascripting@@@RefCountedInterface@utility@4@AEBV?$basic_string@EU?$char_traits@E@std@@U?$STLAllocator@E@allocator@dvacore@@@6@2@Z@@Z@V?$Promise@_N@34@@?$Future@UPreSegmentationResult@DVACompute@@@async@dvacore@@AEBA?A_P$$QEAV3?1???$OnSuccessWithExecutor@V?$shared_ptr@VAsyncExecutor@threads@dvacore@@@std@@V<lambda_1>@?1??RunPreSegmentation@PreSegmentationObject@Scripting@DVACompute@@QEAA?AV?$shared_ptr@VNativePromise@dvascripting@@@2@AEBV?$IntrusivePtr@VScriptObject@dvascripting@@@RefCountedInterface@utility@dvacore@@AEBV?$basic_string@EU?$char_traits@E@std@@U?$STLAllocator@E@allocator@dvacore@@@2@1@Z@@456@QEBA?A_P$$QEAV12@$$QEAV3?1??RunPreSegmentation@PreSegmentationObject@Scripting@DVACompute@@QEAA?AV?$shared_ptr@VNativePromise@dvascripting@@@2@AEBV?$IntrusivePtr@VScriptObject@dvascripting@@@RefCountedInterface@utility@6@AEBV?$basic_string@EU?$char_traits@E@std@@U?$STLAllocator@E@allocator@dvacore@@@2@2@Z@@Z@$$QEAV?$Promise@_N@56@@Z@@detail@async@dvacore@@YAX$$QEAV?$shared_ptr@VAsyncExecutor@threads@dvacore@@@std@@$$QEAV0?1???$MakeContinuation@V<lambda_1>@?1???$OnSuccessWithExecutor@V?$shared_ptr@VAsyncExecutor@threads@dvacore@@@std@@V<lambda_1>@?1??RunPreSegmentation@PreSegmentationObject@Scripting@DVACompute@@QEAA?AV?$shared_ptr@VNativePromise@dvascripting@@@2@AEBV?$IntrusivePtr@VScriptObject@dvascripting@@@RefCountedInterface@utility@dvacore@@AEBV?$basic_string@EU?$char_traits@E@std@@U?$STLAllocator@E@allocator@dvacore@@@2@1@Z@@?$Future@UPreSegmentationResult@DVACompute@@@async@dvacore@@QEBA?A_P$$QEAV?$shared_ptr@VAsyncExecutor@threads@dvacore@@@std@@$$QEAV1?1??RunPreSegmentation@PreSegmentationObject@Scripting@DVACompute@@QEAA?AV?$shared_ptr@VNativePromise@dvascripting@@@6@AEBV?$IntrusivePtr@VScriptObject@dvascripting@@@RefCountedInterface@utility@4@AEBV?$basic_string@EU?$char_traits@E@std@@U?$STLAllocator@E@allocator@dvacore@@@6@2@Z@@Z@V?$Promise@_N@34@@?$Future@UPreSegmentationResult@DVACompute@@@23@AEBA?A_P$$QEAV0?1???$OnSuccessWithExecutor@V?$shared_ptr@VAsyncExecutor@threads@dvacore@@@std@@V<lambda_1>@?1??RunPreSegmentation@PreSegmentationObject@Scripting@DVACompute@@QEAA?AV?$shared_ptr@VNativePromise@dvascripting@@@2@AEBV?$IntrusivePtr@VScriptObject@dvascripting@@@RefCountedInterface@utility@dvacore@@AEBV?$basic_string@EU?$char_traits@E@std@@U?$STLAllocator@E@allocator@dvacore@@@2@1@Z@@623@QEBA?A_P0$$QEAV0?1??RunPreSegmentation@PreSegmentationObject@Scripting@DVACompute@@QEAA?AV?$shared_ptr@VNativePromise@dvascripting@@@5@AEBV?$IntrusivePtr@VScriptObject@dvascripting@@@RefCountedInterface@utility@3@AEBV?$basic_string@EU?$char_traits@E@std@@U?$STLAllocator@E@allocator@dvacore@@@5@2@Z@@Z@$$QEAV?$Promise@_N@23@@Z@V?$shared_ptr@VUntypedFutureState@detail@async@dvacore@@@5@@Z@
AeCompute.dll,156490576,0x953db50,segment,.?AV<lambda_1>@?6???$Allocate@VPreSegmentationWrapper@DVACompute@@@?$AllocateClassInstanceHelper@VPreSegmentationWrapper@DVACompute@@@detail@classref@dvacore@@SA?AV?$shared_ptr@VPreSegmentationWrapper@DVACompute@@@std@@XZ@
AeCompute.dll,156490816,0x953dc40,segment,.?AVPreSegmentationWrapper@DVACompute@@
AeCompute.dll,156490880,0x953dc80,segment|model,.?AV<lambda_3>@?1??RegisterModelFactories@PreSegmentationWrapper@DVACompute@@UEAAXXZ@
AeCompute.dll,156490992,0x953dcf0,segment|model,.?AV<lambda_2>@?1??RegisterModelFactories@PreSegmentationWrapper@DVACompute@@UEAAXXZ@
AeCompute.dll,156491104,0x953dd60,segment|model,.?AV<lambda_1>@?1??RegisterModelFactories@PreSegmentationWrapper@DVACompute@@UEAAXXZ@
AeCompute.dll,156491216,0x953ddd0,mask|segment|refine,.?AV<lambda_1>@?6???$CallContinuationAsync@V?$shared_ptr@VAsyncExecutor@threads@dvacore@@@std@@V<lambda_1>@?1???$MakeContinuation@V<lambda_1>@?1???$OnSuccessWithExecutor@V?$shared_ptr@VAsyncExecutor@threads@dvacore@@@std@@V<lambda_1>@?5??RefineMask@PreSegmentationWrapper@DVACompute@@UEAA?AV?$Future@V?$InterfaceRef@UIVideoFrame@MF@@@classref@dvacore@@@async@dvacore@@AEBV?$InterfaceRef@UIVideoFrame@MF@@@classref@9@0V?$optional@V?$RectT@_J@geom@dvacore@@@2@@Z@@?$Future@V?$shared_ptr@V?$Image_@E@solax@@@std@@@async@dvacore@@QEBA?A_P$$QEAV?$shared_ptr@VAsyncExecutor@threads@dvacore@@@std@@$$QEAV1?5??RefineMask@PreSegmentationWrapper@DVACompute@@UEAA?AV?$Future@V?$InterfaceRef@UIVideoFrame@MF@@@classref@dvacore@@@34@AEBV?$InterfaceRef@UIVideoFrame@MF@@@classref@4@1V?$optional@V?$RectT@_J@geom@dvacore@@@6@@Z@@Z@V?$Promise@V?$InterfaceRef@UIVideoFrame@MF@@@classref@dvacore@@@34@@?$Future@V?$shared_ptr@V?$Image_@E@solax@@@std@@@async@dvacore@@AEBA?A_P$$QEAV3?1???$OnSuccessWithExecutor@V?$shared_ptr@VAsyncExecutor@threads@dvacore@@@std@@V<lambda_1>@?5??RefineMask@PreSegmentationWrapper@DVACompute@@UEAA?AV?$Future@V?$InterfaceRef@UIVideoFrame@MF@@@classref@dvacore@@@async@dvacore@@AEBV?$InterfaceRef@UIVideoFrame@MF@@@classref@9@0V?$optional@V?$RectT@_J@geom@dvacore@@@2@@Z@@456@QEBA?A_P$$QEAV12@$$QEAV3?5??RefineMask@PreSegmentationWrapper@DVACompute@@UEAA?AV?$Future@V?$InterfaceRef@UIVideoFrame@MF@@@classref@dvacore@@@56@AEBV?$InterfaceRef@UIVideoFrame@MF@@@classref@6@1V?$optional@V?$RectT@_J@geom@dvacore@@@2@@Z@@Z@$$QEAV?$Promise@V?$InterfaceRef@UIVideoFrame@MF@@@classref@dvacore@@@56@@Z@@detail@async@dvacore@@YAX$$QEAV?$shared_ptr@VAsyncExecutor@threads@dvacore@@@std@@$$QEAV0?1???$MakeContinuation@V<lambda_1>@?1???$OnSuccessWithExecutor@V?$shared_ptr@VAsyncExecutor@threads@dvacore@@@std@@V<lambda_1>@?5??RefineMask@PreSegmentationWrapper@DVACompute@@UEAA?AV?$Future@V?$InterfaceRef@UIVideoFrame@MF@@@classref@dvacore@@@async@dvacore@@AEBV?$InterfaceRef@UIVideoFrame@MF@@@classref@9@0V?$optional@V?$RectT@_J@geom@dvacore@@@2@@Z@@?$Future@V?$shared_ptr@V?$Image_@E@solax@@@std@@@async@dvacore@@QEBA?A_P$$QEAV?$shared_ptr@VAsyncExecutor@threads@dvacore@@@std@@$$QEAV1?5??RefineMask@PreSegmentationWrapper@DVACompute@@UEAA?AV?$Future@V?$InterfaceRef@UIVideoFrame@MF@@@classref@dvacore@@@34@AEBV?$InterfaceRef@UIVideoFrame@MF@@@classref@4@1V?$optional@V?$RectT@_J@geom@dvacore@@@6@@Z@@Z@V?$Promise@V?$InterfaceRef@UIVideoFrame@MF@@@classref@dvacore@@@34@@?$Future@V?$shared_ptr@V?$Image_@E@solax@@@std@@@23@AEBA?A_P$$QEAV0?1???$OnSuccessWithExecutor@V?$shared_ptr@VAsyncExecutor@threads@dvacore@@@std@@V<lambda_1>@?5??RefineMask@PreSegmentationWrapper@DVACompute@@UEAA?AV?$Future@V?$InterfaceRef@UIVideoFrame@MF@@@classref@dvacore@@@async@dvacore@@AEBV?$InterfaceRef@UIVideoFrame@MF@@@classref@9@0V?$optional@V?$RectT@_J@geom@dvacore@@@2@@Z@@623@QEBA?A_P0$$QEAV0?5??RefineMask@PreSegmentationWrapper@DVACompute@@UEAA?AV?$Future@V?$InterfaceRef@UIVideoFrame@MF@@@classref@dvacore@@@23@AEBV?$InterfaceRef@UIVideoFrame@MF@@@classref@3@1V?$optional@V?$RectT@_J@geom@dvacore@@@5@@Z@@Z@$$QEAV?$Promise@V?$InterfaceRef@UIVideoFrame@MF@@@classref@dvacore@@@23@@Z@V?$shared_ptr@VUntypedFutureState@detail@async@dvacore@@@5@@Z@
AeCompute.dll,156494480,0x953ea90,segment,.?AV<lambda_1>@?6???$CallContinuationAsync@V?$shared_ptr@VAsyncExecutor@threads@dvacore@@@std@@V<lambda_1>@?1???$MakeContinuation@V<lambda_1>@?1???$OnSuccessWithExecutor@V?$shared_ptr@VAsyncExecutor@threads@dvacore@@@std@@V<lambda_2>@?5??RunPreSegmentation@PreSegmentationWrapper@DVACompute@@UEAA?AV?$Future@UPreSegmentationResult@DVACompute@@@async@dvacore@@AEBV?$InterfaceRef@UIVideoFrame@MF@@@classref@9@@Z@@?$Future@U?$pair@V?$shared_ptr@V?$Image_@E@solax@@@std@@V?$vector@V?$Rect@_J@solax@@V?$allocator@V?$Rect@_J@solax@@@std@@@2@@std@@@async@dvacore@@QEBA?A_P$$QEAV?$shared_ptr@VAsyncExecutor@threads@dvacore@@@std@@$$QEAV<lambda_2>@?5??RunPreSegmentation@PreSegmentationWrapper@DVACompute@@UEAA?AV?$Future@UPreSegmentationResult@DVACompute@@@34@AEBV?$InterfaceRef@UIVideoFrame@MF@@@classref@4@@Z@@Z@V?$Promise@UPreSegmentationResult@DVACompute@@@34@@?$Future@U?$pair@V?$shared_ptr@V?$Image_@E@solax@@@std@@V?$vector@V?$Rect@_J@solax@@V?$allocator@V?$Rect@_J@solax@@@std@@@2@@std@@@async@dvacore@@AEBA?A_P$$QEAV3?1???$OnSuccessWithExecutor@V?$shared_ptr@VAsyncExecutor@threads@dvacore@@@std@@V<lambda_2>@?5??RunPreSegmentation@PreSegmentationWrapper@DVACompute@@UEAA?AV?$Future@UPreSegmentationResult@DVACompute@@@async@dvacore@@AEBV?$InterfaceRef@UIVideoFrame@MF@@@classref@9@@Z@@456@QEBA?A_P$$QEAV12@$$QEAV<lambda_2>@?5??RunPreSegmentation@PreSegmentationWrapper@DVACompute@@UEAA?AV?$Future@UPreSegmentationResult@DVACompute@@@56@AEBV?$InterfaceRef@UIVideoFrame@MF@@@classref@6@@Z@@Z@$$QEAV?$Promise@UPreSegmentationResult@DVACompute@@@56@@Z@@detail@async@dvacore@@YAX$$QEAV?$shared_ptr@VAsyncExecutor@threads@dvacore@@@std@@$$QEAV0?1???$MakeContinuation@V<lambda_1>@?1???$OnSuccessWithExecutor@V?$shared_ptr@VAsyncExecutor@threads@dvacore@@@std@@V<lambda_2>@?5??RunPreSegmentation@PreSegmentationWrapper@DVACompute@@UEAA?AV?$Future@UPreSegmentationResult@DVACompute@@@async@dvacore@@AEBV?$InterfaceRef@UIVideoFrame@MF@@@classref@9@@Z@@?$Future@U?$pair@V?$shared_ptr@V?$Image_@E@solax@@@std@@V?$vector@V?$Rect@_J@solax@@V?$allocator@V?$Rect@_J@solax@@@std@@@2@@std@@@async@dvacore@@QEBA?A_P$$QEAV?$shared_ptr@VAsyncExecutor@threads@dvacore@@@std@@$$QEAV<lambda_2>@?5??RunPreSegmentation@PreSegmentationWrapper@DVACompute@@UEAA?AV?$Future@UPreSegmentationResult@DVACompute@@@34@AEBV?$InterfaceRef@UIVideoFrame@MF@@@classref@4@@Z@@Z@V?$Promise@UPreSegmentationResult@DVACompute@@@34@@?$Future@U?$pair@V?$shared_ptr@V?$Image_@E@solax@@@std@@V?$vector@V?$Rect@_J@solax@@V?$allocator@V?$Rect@_J@solax@@@std@@@2@@std@@@23@AEBA?A_P$$QEAV0?1???$OnSuccessWithExecutor@V?$shared_ptr@VAsyncExecutor@threads@dvacore@@@std@@V<lambda_2>@?5??RunPreSegmentation@PreSegmentationWrapper@DVACompute@@UEAA?AV?$Future@UPreSegmentationResult@DVACompute@@@async@dvacore@@AEBV?$InterfaceRef@UIVideoFrame@MF@@@classref@9@@Z@@623@QEBA?A_P0$$QEAV<lambda_2>@?5??RunPreSegmentation@PreSegmentationWrapper@DVACompute@@UEAA?AV?$Future@UPreSegmentationResult@DVACompute@@@23@AEBV?$InterfaceRef@UIVideoFrame@MF@@@classref@3@@Z@@Z@$$QEAV?$Promise@UPreSegmentationResult@DVACompute@@@23@@Z@V?$shared_ptr@VUntypedFutureState@detail@async@dvacore@@@5@@Z@
AeCompute.dll,156497696,0x953f720,track,.?AV<lambda_1>@?6???$Allocate@VVectorSelectionTracker@DVACompute@@@?$AllocateClassInstanceHelper@VVectorSelectionTracker@DVACompute@@@detail@classref@dvacore@@SA?AV?$shared_ptr@VVectorSelectionTracker@DVACompute@@@std@@XZ@
AeCompute.dll,156497936,0x953f810,track,.?AVVectorSelectionTracker@DVACompute@@
AeCompute.dll,156497992,0x953f848,flow,.?AVbad_cast@Value@flow@@
AeCompute.dll,156498048,0x953f880,track,.?AV<lambda_4>@?8??Track@VectorSelectionTracker@DVACompute@@UEAA_NAEBUVectorSelectionTrackerInputParams@3@@Z@
AeCompute.dll,156498176,0x953f900,track,.?AV<lambda_1>@?1??Track@VectorSelectionTracker@DVACompute@@UEAA_NAEBUVectorSelectionTrackerInputParams@3@@Z@
AeCompute.dll,156498464,0x953fa20,track,.?AV<lambda_5>@?8??Track@VectorSelectionTracker@DVACompute@@UEAA_NAEBUVectorSelectionTrackerInputParams@3@@Z@
AeCompute.dll,156498592,0x953faa0,track,.?AV<lambda_3>@?8??Track@VectorSelectionTracker@DVACompute@@UEAA_NAEBUVectorSelectionTrackerInputParams@3@@Z@
AeCompute.dll,156498720,0x953fb20,track,.?AV<lambda_2>@?8??Track@VectorSelectionTracker@DVACompute@@UEAA_NAEBUVectorSelectionTrackerInputParams@3@@Z@
AeCompute.dll,156498896,0x953fbd0,flow,.?AV<lambda_5>@?1??execute@DVATransmuteTaskExecutor@DVACompute@@UEAA?AVTaskFuture@flow@@V?$shared_ptr@VTaskGraph@flow@@@std@@@Z@
AeCompute.dll,156499056,0x953fc70,flow,.?AV<lambda_2>@?BB@???$schedule_step@V?$shared_ptr@VAsyncExecutor@threads@dvacore@@@std@@U?$FuturesAPI@V?$Future@VTaskData@flow@@@async@dvacore@@@flow@@@flow@@YA?AW4ScheduleStepResult@1@AEAV?$shared_ptr@VAsyncExecutor@threads@dvacore@@@std@@V?$shared_ptr@U?$SchedulingState@U?$FuturesAPI@V?$Future@VTaskData@flow@@@async@dvacore@@@flow@@@flow@@@4@AEBU?$FuturesAPI@V?$Future@VTaskData@flow@@@async@dvacore@@@1@@Z@
AeCompute.dll,156499488,0x953fe20,flow,.?AV<lambda_1>@?1???$schedule_step@V?$shared_ptr@VAsyncExecutor@threads@dvacore@@@std@@U?$FuturesAPI@V?$Future@VTaskData@flow@@@async@dvacore@@@flow@@@flow@@YA?AW4ScheduleStepResult@1@AEAV?$shared_ptr@VAsyncExecutor@threads@dvacore@@@std@@V?$shared_ptr@U?$SchedulingState@U?$FuturesAPI@V?$Future@VTaskData@flow@@@async@dvacore@@@flow@@@flow@@@4@AEBU?$FuturesAPI@V?$Future@VTaskData@flow@@@async@dvacore@@@1@@Z@
AeCompute.dll,156499920,0x953ffd0,flow,.?AV<lambda_4>@?7??execute@DVATransmuteTaskExecutor@DVACompute@@UEAA?AVTaskFuture@flow@@V?$shared_ptr@VTaskGraph@flow@@@std@@@Z@
AeCompute.dll,156500080,0x9540070,flow,.?AV<lambda_3>@?7??execute@DVATransmuteTaskExecutor@DVACompute@@UEAA?AVTaskFuture@flow@@V?$shared_ptr@VTaskGraph@flow@@@std@@@Z@
AeCompute.dll,156500240,0x9540110,flow,.?AV<lambda_2>@?7??execute@DVATransmuteTaskExecutor@DVACompute@@UEAA?AVTaskFuture@flow@@V?$shared_ptr@VTaskGraph@flow@@@std@@@Z@
AeCompute.dll,156500400,0x95401b0,flow,.?AV<lambda_1>@?4??execute@DVATransmuteTaskExecutor@DVACompute@@UEAA?AVTaskFuture@flow@@V?$shared_ptr@VTaskGraph@flow@@@std@@@Z@
AeCompute.dll,156500560,0x9540250,flow,.?AV<lambda_1>@?6???$CallContinuationAsync@V?$shared_ptr@VAsyncExecutor@threads@dvacore@@@std@@V<lambda_1>@?1???$MakeContinuation@V<lambda_1>@?1???$OnSuccessWithExecutor@AEAV?$shared_ptr@VAsyncExecutor@threads@dvacore@@@std@@V<lambda_1>@?1???$run@U?$FuturesAPI@V?$Future@VTaskData@flow@@@async@dvacore@@@flow@@@Impl@DVATransmuteTaskExecutor@DVACompute@@QEAA?A_PV?$shared_ptr@U?$SchedulingState@U?$FuturesAPI@V?$Future@VTaskData@flow@@@async@dvacore@@@flow@@@flow@@@2@$$QEAU?$FuturesAPI@V?$Future@VTaskData@flow@@@async@dvacore@@@flow@@@Z@@?$Future@_N@async@dvacore@@QEBA?A_PAEAV?$shared_ptr@VAsyncExecutor@threads@dvacore@@@std@@$$QEAV1?1???$run@U?$FuturesAPI@V?$Future@VTaskData@flow@@@async@dvacore@@@flow@@@Impl@DVATransmuteTaskExecutor@DVACompute@@QEAA?A_PV?$shared_ptr@U?$SchedulingState@U?$FuturesAPI@V?$Future@VTaskData@flow@@@async@dvacore@@@flow@@@flow@@@6@$$QEAU?$FuturesAPI@V?$Future@VTaskData@flow@@@async@dvacore@@@flow@@@Z@@Z@V?$Promise@X@34@@?$Future@_N@async@dvacore@@AEBA?A_P$$QEAV3?1???$OnSuccessWithExecutor@AEAV?$shared_ptr@VAsyncExecutor@threads@dvacore@@@std@@V<lambda_1>@?1???$run@U?$FuturesAPI@V?$Future@VTaskData@flow@@@async@dvacore@@@flow@@@Impl@DVATransmuteTaskExecutor@DVACompute@@QEAA?A_PV?$shared_ptr@U?$SchedulingState@U?$FuturesAPI@V?$Future@VTaskData@flow@@@async@dvacore@@@flow@@@flow@@@2@$$QEAU?$FuturesAPI@V?$Future@VTaskData@flow@@@async@dvacore@@@flow@@@Z@@456@QEBA?A_PAEAV12@$$QEAV3?1???$run@U?$FuturesAPI@V?$Future@VTaskData@flow@@@async@dvacore@@@flow@@@Impl@DVATransmuteTaskExecutor@DVACompute@@QEAA?A_PV?$shared_ptr@U?$SchedulingState@U?$FuturesAPI@V?$Future@VTaskData@flow@@@async@dvacore@@@flow@@@flow@@@2@$$QEAU?$FuturesAPI@V?$Future@VTaskData@flow@@@async@dvacore@@@flow@@@Z@@Z@$$QEAV?$Promise@X@56@@Z@@detail@async@dvacore@@YAX$$QEAV?$shared_ptr@VAsyncExecutor@threads@dvacore@@@std@@$$QEAV0?1???$MakeContinuation@V<lambda_1>@?1???$OnSuccessWithExecutor@AEAV?$shared_ptr@VAsyncExecutor@threads@dvacore@@@std@@V<lambda_1>@?1???$run@U?$FuturesAPI@V?$Future@VTaskData@flow@@@async@dvacore@@@flow@@@Impl@DVATransmuteTaskExecutor@DVACompute@@QEAA?A_PV?$shared_ptr@U?$SchedulingState@U?$FuturesAPI@V?$Future@VTaskData@flow@@@async@dvacore@@@flow@@@flow@@@2@$$QEAU?$FuturesAPI@V?$Future@VTaskData@flow@@@async@dvacore@@@flow@@@Z@@?$Future@_N@async@dvacore@@QEBA?A_PAEAV?$shared_ptr@VAsyncExecutor@threads@dvacore@@@std@@$$QEAV1?1???$run@U?$FuturesAPI@V?$Future@VTaskData@flow@@@async@dvacore@@@flow@@@Impl@DVATransmuteTaskExecutor@DVACompute@@QEAA?A_PV?$shared_ptr@U?$SchedulingState@U?$FuturesAPI@V?$Future@VTaskData@flow@@@async@dvacore@@@flow@@@flow@@@6@$$QEAU?$FuturesAPI@V?$Future@VTaskData@flow@@@async@dvacore@@@flow@@@Z@@Z@V?$Promise@X@34@@?$Future@_N@23@AEBA?A_P$$QEAV0?1???$OnSuccessWithExecutor@AEAV?$shared_ptr@VAsyncExecutor@threads@dvacore@@@std@@V<lambda_1>@?1???$run@U?$FuturesAPI@V?$Future@VTaskData@flow@@@async@dvacore@@@flow@@@Impl@DVATransmuteTaskExecutor@DVACompute@@QEAA?A_PV?$shared_ptr@U?$SchedulingState@U?$FuturesAPI@V?$Future@VTaskData@flow@@@async@dvacore@@@flow@@@flow@@@2@$$QEAU?$FuturesAPI@V?$Future@VTaskData@flow@@@async@dvacore@@@flow@@@Z@@623@QEBA?A_PAEAV45@$$QEAV0?1???$run@U?$FuturesAPI@V?$Future@VTaskData@flow@@@async@dvacore@@@flow@@@Impl@DVATransmuteTaskExecutor@DVACompute@@QEAA?A_PV?$shared_ptr@U?$SchedulingState@U?$FuturesAPI@V?$Future@VTaskData@flow@@@async@dvacore@@@flow@@@flow@@@5@$$QEAU?$FuturesAPI@V?$Future@VTaskData@flow@@@async@dvacore@@@flow@@@Z@@Z@$$QEAV?$Promise@X@23@@Z@V?$shared_ptr@VUntypedFutureState@detail@async@dvacore@@@5@@Z@
AeCompute.dll,156504112,0x9541030,flow,.?AV<lambda_1>@?6???$CallContinuationAsync@V?$shared_ptr@VAsyncExecutor@threads@dvacore@@@std@@V<lambda_1>@?1???$MakeContinuation@V<lambda_1>@?1???$OnSuccessWithExecutor@V?$shared_ptr@VAsyncExecutor@threads@dvacore@@@std@@V<lambda_1>@?1???$AllOf@V?$vector@V?$Future@VTaskData@flow@@@async@dvacore@@U?$STLAllocator@V?$Future@VTaskData@flow@@@async@dvacore@@@allocator@3@@std@@@async@dvacore@@YA?A_PV?$vector@V?$Future@VTaskData@flow@@@async@dvacore@@U?$STLAllocator@V?$Future@VTaskData@flow@@@async@dvacore@@@allocator@3@@2@@Z@@?$Future@X@async@dvacore@@QEBA?A_P$$QEAV?$shared_ptr@VAsyncExecutor@threads@dvacore@@@std@@$$QEAV1?1???$AllOf@V?$vector@V?$Future@VTaskData@flow@@@async@dvacore@@U?$STLAllocator@V?$Future@VTaskData@flow@@@async@dvacore@@@allocator@3@@std@@@34@YA?A_PV?$vector@V?$Future@VTaskData@flow@@@async@dvacore@@U?$STLAllocator@V?$Future@VTaskData@flow@@@async@dvacore@@@allocator@3@@6@@Z@@Z@V?$Promise@V?$vector@VTaskData@flow@@U?$STLAllocator@VTaskData@flow@@@allocator@dvacore@@@std@@@34@@?$Future@X@async@dvacore@@AEBA?A_P$$QEAV3?1???$OnSuccessWithExecutor@V?$shared_ptr@VAsyncExecutor@threads@dvacore@@@std@@V<lambda_1>@?1???$AllOf@V?$vector@V?$Future@VTaskData@flow@@@async@dvacore@@U?$STLAllocator@V?$Future@VTaskData@flow@@@async@dvacore@@@allocator@3@@std@@@async@dvacore@@YA?A_PV?$vector@V?$Future@VTaskData@flow@@@async@dvacore@@U?$STLAllocator@V?$Future@VTaskData@flow@@@async@dvacore@@@allocator@3@@2@@Z@@456@QEBA?A_P$$QEAV12@$$QEAV3?1???$AllOf@V?$vector@V?$Future@VTaskData@flow@@@async@dvacore@@U?$STLAllocator@V?$Future@VTaskData@flow@@@async@dvacore@@@allocator@3@@std@@@56@YA?A_PV?$vector@V?$Future@VTaskData@flow@@@async@dvacore@@U?$STLAllocator@V?$Future@VTaskData@flow@@@async@dvacore@@@allocator@3@@2@@Z@@Z@$$QEAV?$Promise@V?$vector@VTaskData@flow@@U?$STLAllocator@VTaskData@flow@@@allocator@dvacore@@@std@@@56@@Z@@detail@async@dvacore@@YAX$$QEAV?$shared_ptr@VAsyncExecutor@threads@dvacore@@@std@@$$QEAV0?1???$MakeContinuation@V<lambda_1>@?1???$OnSuccessWithExecutor@V?$shared_ptr@VAsyncExecutor@threads@dvacore@@@std@@V<lambda_1>@?1???$AllOf@V?$vector@V?$Future@VTaskData@flow@@@async@dvacore@@U?$STLAllocator@V?$Future@VTaskData@flow@@@async@dvacore@@@allocator@3@@std@@@async@dvacore@@YA?A_PV?$vector@V?$Future@VTaskData@flow@@@async@dvacore@@U?$STLAllocator@V?$Future@VTaskData@flow@@@async@dvacore@@@allocator@3@@2@@Z@@?$Future@X@async@dvacore@@QEBA?A_P$$QEAV?$shared_ptr@VAsyncExecutor@threads@dvacore@@@std@@$$QEAV1?1???$AllOf@V?$vector@V?$Future@VTaskData@flow@@@async@dvacore@@U?$STLAllocator@V?$Future@VTaskData@flow@@@async@dvacore@@@allocator@3@@std@@@34@YA?A_PV?$vector@V?$Future@VTaskData@flow@@@async@dvacore@@U?$STLAllocator@V?$Future@VTaskData@flow@@@async@dvacore@@@allocator@3@@6@@Z@@Z@V?$Promise@V?$vector@VTaskData@flow@@U?$STLAllocator@VTaskData@flow@@@allocator@dvacore@@@std@@@34@@?$Future@X@23@AEBA?A_P$$QEAV0?1???$OnSuccessWithExecutor@V?$shared_ptr@VAsyncExecutor@threads@dvacore@@@std@@V<lambda_1>@?1???$AllOf@V?$vector@V?$Future@VTaskData@flow@@@async@dvacore@@U?$STLAllocator@V?$Future@VTaskData@flow@@@async@dvacore@@@allocator@3@@std@@@async@dvacore@@YA?A_PV?$vector@V?$Future@VTaskData@flow@@@async@dvacore@@U?$STLAllocator@V?$Future@VTaskData@flow@@@async@dvacore@@@allocator@3@@2@@Z@@623@QEBA?A_P0$$QEAV0?1???$AllOf@V?$vector@V?$Future@VTaskData@flow@@@async@dvacore@@U?$STLAllocator@V?$Future@VTaskData@flow@@@async@dvacore@@@allocator@3@@std@@@23@YA?A_PV?$vector@V?$Future@VTaskData@flow@@@async@dvacore@@U?$STLAllocator@V?$Future@VTaskData@flow@@@async@dvacore@@@allocator@3@@5@@Z@@Z@$$QEAV?$Promise@V?$vector@VTaskData@flow@@U?$STLAllocator@VTaskData@flow@@@allocator@dvacore@@@std@@@23@@Z@V?$shared_ptr@VUntypedFutureState@detail@async@dvacore@@@5@@Z@
AeCompute.dll,156507872,0x9541ee0,flow,.?AV<lambda_1>@?6???$CallContinuationAsync@V?$shared_ptr@VAsyncExecutor@threads@dvacore@@@std@@V<lambda_1>@?1???$MakeContinuation@V<lambda_1>@?1???$OnSuccessWithExecutor@AEAV?$shared_ptr@VAsyncExecutor@threads@dvacore@@@std@@V<lambda_1>@?1???$are_we_done@V?$shared_ptr@VAsyncExecutor@threads@dvacore@@@std@@U?$FuturesAPI@V?$Future@VTaskData@flow@@@async@dvacore@@@flow@@@flow@@YAXAEAV12@AEBU?$FuturesAPI@V?$Future@VTaskData@flow@@@async@dvacore@@@4@V?$shared_ptr@U?$SchedulingState@U?$FuturesAPI@V?$Future@VTaskData@flow@@@async@dvacore@@@flow@@@flow@@@2@@Z@@?$Future@X@async@dvacore@@QEBA?A_PAEAV?$shared_ptr@VAsyncExecutor@threads@dvacore@@@std@@$$QEAV1?1???$are_we_done@V?$shared_ptr@VAsyncExecutor@threads@dvacore@@@std@@U?$FuturesAPI@V?$Future@VTaskData@flow@@@async@dvacore@@@flow@@@flow@@YAX0AEBU?$FuturesAPI@V?$Future@VTaskData@flow@@@async@dvacore@@@7@V?$shared_ptr@U?$SchedulingState@U?$FuturesAPI@V?$Future@VTaskData@flow@@@async@dvacore@@@flow@@@flow@@@6@@Z@@Z@V?$Promise@X@34@@?$Future@X@async@dvacore@@AEBA?A_P$$QEAV3?1???$OnSuccessWithExecutor@AEAV?$shared_ptr@VAsyncExecutor@threads@dvacore@@@std@@V<lambda_1>@?1???$are_we_done@V?$shared_ptr@VAsyncExecutor@threads@dvacore@@@std@@U?$FuturesAPI@V?$Future@VTaskData@flow@@@async@dvacore@@@flow@@@flow@@YAXAEAV12@AEBU?$FuturesAPI@V?$Future@VTaskData@flow@@@async@dvacore@@@4@V?$shared_ptr@U?$SchedulingState@U?$FuturesAPI@V?$Future@VTaskData@flow@@@async@dvacore@@@flow@@@flow@@@2@@Z@@456@QEBA?A_PAEAV12@$$QEAV3?1???$are_we_done@V?$shared_ptr@VAsyncExecutor@threads@dvacore@@@std@@U?$FuturesAPI@V?$Future@VTaskData@flow@@@async@dvacore@@@flow@@@flow@@YAX0AEBU?$FuturesAPI@V?$Future@VTaskData@flow@@@async@dvacore@@@7@V?$shared_ptr@U?$SchedulingState@U?$FuturesAPI@V?$Future@VTaskData@flow@@@async@dvacore@@@flow@@@flow@@@2@@Z@@Z@$$QEAV?$Promise@X@56@@Z@@detail@async@dvacore@@YAX$$QEAV?$shared_ptr@VAsyncExecutor@threads@dvacore@@@std@@$$QEAV0?1???$MakeContinuation@V<lambda_1>@?1???$OnSuccessWithExecutor@AEAV?$shared_ptr@VAsyncExecutor@threads@dvacore@@@std@@V<lambda_1>@?1???$are_we_done@V?$shared_ptr@VAsyncExecutor@threads@dvacore@@@std@@U?$FuturesAPI@V?$Future@VTaskData@flow@@@async@dvacore@@@flow@@@flow@@YAXAEAV12@AEBU?$FuturesAPI@V?$Future@VTaskData@flow@@@async@dvacore@@@4@V?$shared_ptr@U?$SchedulingState@U?$FuturesAPI@V?$Future@VTaskData@flow@@@async@dvacore@@@flow@@@flow@@@2@@Z@@?$Future@X@async@dvacore@@QEBA?A_PAEAV?$shared_ptr@VAsyncExecutor@threads@dvacore@@@std@@$$QEAV1?1???$are_we_done@V?$shared_ptr@VAsyncExecutor@threads@dvacore@@@std@@U?$FuturesAPI@V?$Future@VTaskData@flow@@@async@dvacore@@@flow@@@flow@@YAX0AEBU?$FuturesAPI@V?$Future@VTaskData@flow@@@async@dvacore@@@7@V?$shared_ptr@U?$SchedulingState@U?$FuturesAPI@V?$Future@VTaskData@flow@@@async@dvacore@@@flow@@@flow@@@6@@Z@@Z@V?$Promise@X@34@@?$Future@X@23@AEBA?A_P$$QEAV0?1???$OnSuccessWithExecutor@AEAV?$shared_ptr@VAsyncExecutor@threads@dvacore@@@std@@V<lambda_1>@?1???$are_we_done@V?$shared_ptr@VAsyncExecutor@threads@dvacore@@@std@@U?$FuturesAPI@V?$Future@VTaskData@flow@@@async@dvacore@@@flow@@@flow@@YAXAEAV12@AEBU?$FuturesAPI@V?$Future@VTaskData@flow@@@async@dvacore@@@4@V?$shared_ptr@U?$SchedulingState@U?$FuturesAPI@V?$Future@VTaskData@flow@@@async@dvacore@@@flow@@@flow@@@2@@Z@@623@QEBA?A_PAEAV45@$$QEAV0?1???$are_we_done@V?$shared_ptr@VAsyncExecutor@threads@dvacore@@@std@@U?$FuturesAPI@V?$Future@VTaskData@flow@@@async@dvacore@@@flow@@@flow@@YAX1AEBU?$FuturesAPI@V?$Future@VTaskData@flow@@@async@dvacore@@@7@V?$shared_ptr@U?$SchedulingState@U?$FuturesAPI@V?$Future@VTaskData@flow@@@async@dvacore@@@flow@@@flow@@@5@@Z@@Z@$$QEAV?$Promise@X@23@@Z@V?$shared_ptr@VUntypedFutureState@detail@async@dvacore@@@5@@Z@
AeCompute.dll,156511680,0x9542dc0,flow,.?AV<lambda_1>@?6???$CallContinuationAsync@V?$shared_ptr@VAsyncExecutor@threads@dvacore@@@std@@V<lambda_1>@?1???$MakeContinuation@V<lambda_1>@?1???$spawn@AEAV?$shared_ptr@VAsyncExecutor@threads@dvacore@@@std@@@?$FuturesAPI@V?$Future@VTaskData@flow@@@async@dvacore@@@flow@@SA?AV?$Future@VTaskData@flow@@@async@dvacore@@AEAV?$shared_ptr@VAsyncExecutor@threads@dvacore@@@std@@V?$function@$$A6A?AVTaskData@flow@@XZ@8@@Z@V?$Promise@VTaskData@flow@@@56@@?$Future@X@async@dvacore@@AEBA?A_P$$QEAV3?1???$spawn@AEAV?$shared_ptr@VAsyncExecutor@threads@dvacore@@@std@@@?$FuturesAPI@V?$Future@VTaskData@flow@@@async@dvacore@@@flow@@SA?AV?$Future@VTaskData@flow@@@56@AEAV12@V?$function@$$A6A?AVTaskData@flow@@XZ@2@@Z@$$QEAV?$Promise@VTaskData@flow@@@56@@Z@@detail@async@dvacore@@YAX$$QEAV?$shared_ptr@VAsyncExecutor@threads@dvacore@@@std@@$$QEAV0?1???$MakeContinuation@V<lambda_1>@?1???$spawn@AEAV?$shared_ptr@VAsyncExecutor@threads@dvacore@@@std@@@?$FuturesAPI@V?$Future@VTaskData@flow@@@async@dvacore@@@flow@@SA?AV?$Future@VTaskData@flow@@@async@dvacore@@AEAV?$shared_ptr@VAsyncExecutor@threads@dvacore@@@std@@V?$function@$$A6A?AVTaskData@flow@@XZ@8@@Z@V?$Promise@VTaskData@flow@@@56@@?$Future@X@23@AEBA?A_P$$QEAV0?1???$spawn@AEAV?$shared_ptr@VAsyncExecutor@threads@dvacore@@@std@@@?$FuturesAPI@V?$Future@VTaskData@flow@@@async@dvacore@@@flow@@SA?AV?$Future@VTaskData@flow@@@23@AEAV45@V?$function@$$A6A?AVTaskData@flow@@XZ@5@@Z@$$QEAV?$Promise@VTaskData@flow@@@23@@Z@V?$shared_ptr@VUntypedFutureState@detail@async@dvacore@@@5@@Z@
AeCompute.dll,156513328,0x9543430,flow,.?AV<lambda_3>@?1??SetupTransmuteFrameFeed@DVACompute@@YA?AVTaskSelector@flow@@AEAV?$shared_ptr@UTransmuteFrameFeed@DVACompute@@@std@@AEAUEvaluationOptions@4@AEBV?$rational@_J@boost@@222_NHAEBV?$function@$$A6A?AV?$Future@V?$InterfaceRef@UIVideoFrame@MF@@@classref@dvacore@@@async@dvacore@@AEBVTickTime@dvamediatypes@@@Z@6@AEBVSocket@4@AEBVNode@4@@Z@
AeCompute.dll,156513696,0x95435a0,flow,.?AV<lambda_2>@?1??SetupTransmuteFrameFeed@DVACompute@@YA?AVTaskSelector@flow@@AEAV?$shared_ptr@UTransmuteFrameFeed@DVACompute@@@std@@AEAUEvaluationOptions@4@AEBV?$rational@_J@boost@@222_NHAEBV?$function@$$A6A?AV?$Future@V?$InterfaceRef@UIVideoFrame@MF@@@classref@dvacore@@@async@dvacore@@AEBVTickTime@dvamediatypes@@@Z@6@AEBVSocket@4@AEBVNode@4@@Z@
AeCompute.dll,156514128,0x9543750,flow,.?AV<lambda_1>@?1???$graft_output@VRational@solax@@@EvaluationOptions@flow@@QEAAXAEBVNode@2@V?$function@$$A6AXAEBVRational@solax@@@Z@std@@@Z@
AeCompute.dll,156514288,0x95437f0,flow,.?AV<lambda_1>@?1???$graft_input@VFuture@async@dvacore@@VFrame@solax@@VRational@5@@EvaluationOptions@flow@@QEAAXAEBVSocket@2@V?$function@$$A6A?AV?$Future@VFrame@solax@@@async@dvacore@@AEBVRational@solax@@@Z@std@@@Z@
AeCompute.dll,156514528,0x95438e0,flow,.?AV<lambda_1>@?6???$CallContinuationAsync@V?$shared_ptr@VAsyncExecutor@threads@dvacore@@@std@@V<lambda_1>@?1???$MakeContinuation@V<lambda_1>@?1???$OnSuccessWithExecutor@V?$shared_ptr@VAsyncExecutor@threads@dvacore@@@std@@V<lambda_1>@?1???$socket_future_to_taskdata_future@VFrame@solax@@@flow@@YA?AV?$Future@VTaskData@flow@@@async@dvacore@@HV?$Future@VFrame@solax@@@67@@Z@@?$Future@VFrame@solax@@@async@dvacore@@QEBA?A_P$$QEAV?$shared_ptr@VAsyncExecutor@threads@dvacore@@@std@@$$QEAV1?1???$socket_future_to_taskdata_future@VFrame@solax@@@flow@@YA?AV?$Future@VTaskData@flow@@@34@HV234@@Z@@Z@V?$Promise@VTaskData@flow@@@34@@?$Future@VFrame@solax@@@async@dvacore@@AEBA?A_P$$QEAV3?1???$OnSuccessWithExecutor@V?$shared_ptr@VAsyncExecutor@threads@dvacore@@@std@@V<lambda_1>@?1???$socket_future_to_taskdata_future@VFrame@solax@@@flow@@YA?AV?$Future@VTaskData@flow@@@async@dvacore@@HV?$Future@VFrame@solax@@@67@@Z@@456@QEBA?A_P$$QEAV12@$$QEAV3?1???$socket_future_to_taskdata_future@VFrame@solax@@@flow@@YA?AV?$Future@VTaskData@flow@@@56@HV456@@Z@@Z@$$QEAV?$Promise@VTaskData@flow@@@56@@Z@@detail@async@dvacore@@YAX$$QEAV?$shared_ptr@VAsyncExecutor@threads@dvacore@@@std@@$$QEAV0?1???$MakeContinuation@V<lambda_1>@?1???$OnSuccessWithExecutor@V?$shared_ptr@VAsyncExecutor@threads@dvacore@@@std@@V<lambda_1>@?1???$socket_future_to_taskdata_future@VFrame@solax@@@flow@@YA?AV?$Future@VTaskData@flow@@@async@dvacore@@HV?$Future@VFrame@solax@@@67@@Z@@?$Future@VFrame@solax@@@async@dvacore@@QEBA?A_P$$QEAV?$shared_ptr@VAsyncExecutor@threads@dvacore@@@std@@$$QEAV1?1???$socket_future_to_taskdata_future@VFrame@solax@@@flow@@YA?AV?$Future@VTaskData@flow@@@34@HV234@@Z@@Z@V?$Promise@VTaskData@flow@@@34@@?$Future@VFrame@solax@@@23@AEBA?A_P$$QEAV0?1???$OnSuccessWithExecutor@V?$shared_ptr@VAsyncExecutor@threads@dvacore@@@std@@V<lambda_1>@?1???$socket_future_to_taskdata_future@VFrame@solax@@@flow@@YA?AV?$Future@VTaskData@flow@@@async@dvacore@@HV?$Future@VFrame@solax@@@67@@Z@@623@QEBA?A_P0$$QEAV0?1???$socket_future_to_taskdata_future@VFrame@solax@@@flow@@YA?AV?$Future@VTaskData@flow@@@23@HV623@@Z@@Z@$$QEAV?$Promise@VTaskData@flow@@@23@@Z@V?$shared_ptr@VUntypedFutureState@detail@async@dvacore@@@5@@Z@
AeCompute.dll,156516736,0x9544180,mask,.?AV<lambda_2>@?1???$fastmask@$00@fastmask@solax@@YAXV?$shared_ptr@VVideoSource@solax@@@std@@V?$shared_ptr@VImage@solax@@@4@VRational@2@V?$shared_ptr@VVideoSink@solax@@@4@NPEAVContext@2@@Z@
AeCompute.dll,156516944,0x9544250,mask,.?AV<lambda_1>@?1???$fastmask@$00@fastmask@solax@@YAXV?$shared_ptr@VVideoSource@solax@@@std@@V?$shared_ptr@VImage@solax@@@4@VRational@2@V?$shared_ptr@VVideoSink@solax@@@4@NPEAVContext@2@@Z@
AeCompute.dll,156517152,0x9544320,mask,.?AV<lambda_2>@?1???$fastmask@$0A@@fastmask@solax@@YAXV?$shared_ptr@VVideoSource@solax@@@std@@V?$shared_ptr@VImage@solax@@@4@VRational@2@V?$shared_ptr@VVideoSink@solax@@@4@NPEAVContext@2@@Z@
AeCompute.dll,156517360,0x95443f0,mask,.?AV<lambda_1>@?1???$fastmask@$0A@@fastmask@solax@@YAXV?$shared_ptr@VVideoSource@solax@@@std@@V?$shared_ptr@VImage@solax@@@4@VRational@2@V?$shared_ptr@VVideoSink@solax@@@4@NPEAVContext@2@@Z@
AeCompute.dll,156518448,0x9544830,inference|model,.?AVmodel_options_ignored_exception@inference@solax@@
AeCompute.dll,156518608,0x95448d0,inference|model,.?AVmodel_not_found_exception@inference@solax@@
AeCompute.dll,156518752,0x9544960,inference|model,.?AVmodel_already_registered_exception@inference@solax@@
AeCompute.dll,156518912,0x9544a00,inference|model,.?AV<lambda_1>@?1??get_model_factory@ModelRegistry@inference@solax@@SA?AV?$function@$$A6A?AV?$future@V?$shared_ptr@VLocalModelBase@inference@solax@@@std@@X@v3@stlab@@XZ@std@@V?$basic_string@DU?$char_traits@D@std@@V?$allocator@D@2@@6@@Z@
AeCompute.dll,156519168,0x9544b00,inference|model,.?AV<lambda_1>@?1??_get_model_factory_and_options@ModelRegistry@inference@solax@@AEAA?AU?$pair@V?$function@$$A6A?AV?$future@V?$shared_ptr@VLocalModelBase@inference@solax@@@std@@X@v3@stlab@@XZ@std@@VOptions@solax@@@std@@AEBV?$basic_string@DU?$char_traits@D@std@@V?$allocator@D@2@@6@@Z@
AeCompute.dll,156520144,0x9544ed0,flow,.?AV<lambda_1>@?1??register_type@TypeRegistry@flow@@AEAAAEAVDataTypeDefinition@3@_KV?$basic_string@DU?$char_traits@D@std@@V?$allocator@D@2@@std@@@Z@
AeCompute.dll,156520320,0x9544f80,flow,.?AV<lambda_1>@?1???R0?1??get_nodes_distance_from_source@flow@@YA?AV?$unordered_map@VNode@flow@@IU?$hash@VNode@flow@@@std@@U?$equal_to@VNode@flow@@@4@V?$allocator@U?$pair@$$CBVNode@flow@@I@std@@@4@@std@@AEBVGraph@2@_N@Z@QEBA@VNode@2@I@Z@
AeCompute.dll,156520576,0x9545080,flow,.?AV<lambda_3>@?L@??update_coverage@flow@@YAXAEBVNode@2@AEAV?$unordered_set@VNode@flow@@U?$hash@VNode@flow@@@std@@U?$equal_to@VNode@flow@@@4@V?$allocator@VNode@flow@@@4@@std@@PEBV?$unordered_map@VSocket@flow@@VValue@2@U?$hash@VSocket@flow@@@std@@U?$equal_to@VSocket@flow@@@5@V?$allocator@U?$pair@$$CBVSocket@flow@@VValue@2@@std@@@5@@5@@Z@
AeCompute.dll,156520944,0x95451f0,flow,.?AV<lambda_2>@?8??update_coverage@flow@@YAXAEBVNode@2@AEAV?$unordered_set@VNode@flow@@U?$hash@VNode@flow@@@std@@U?$equal_to@VNode@flow@@@4@V?$allocator@VNode@flow@@@4@@std@@PEBV?$unordered_map@VSocket@flow@@VValue@2@U?$hash@VSocket@flow@@@std@@U?$equal_to@VSocket@flow@@@5@V?$allocator@U?$pair@$$CBVSocket@flow@@VValue@2@@std@@@5@@5@@Z@
AeCompute.dll,156521312,0x9545360,flow,.?AV<lambda_1>@?3??update_coverage@flow@@YAXAEBVNode@2@AEAV?$unordered_set@VNode@flow@@U?$hash@VNode@flow@@@std@@U?$equal_to@VNode@flow@@@4@V?$allocator@VNode@flow@@@4@@std@@PEBV?$unordered_map@VSocket@flow@@VValue@2@U?$hash@VSocket@flow@@@std@@U?$equal_to@VSocket@flow@@@5@V?$allocator@U?$pair@$$CBVSocket@flow@@VValue@2@@std@@@5@@5@@Z@
AeCompute.dll,156521680,0x95454d0,flow,.?AV<lambda_2>@?L@??get_topologically_sorted_nodes@flow@@YA?AV?$vector@VNode@flow@@V?$allocator@VNode@flow@@@std@@@std@@AEBV?$unordered_set@VNode@flow@@U?$hash@VNode@flow@@@std@@U?$equal_to@VNode@flow@@@4@V?$allocator@VNode@flow@@@4@@4@@Z@
AeCompute.dll,156521936,0x95455d0,flow,.?AV<lambda_1>@?5??get_topologically_sorted_nodes@flow@@YA?AV?$vector@VNode@flow@@V?$allocator@VNode@flow@@@std@@@std@@AEBV?$unordered_set@VNode@flow@@U?$hash@VNode@flow@@@std@@U?$equal_to@VNode@flow@@@4@V?$allocator@VNode@flow@@@4@@4@@Z@
AeCompute.dll,156522192,0x95456d0,flow,.?AV<lambda_1>@?3??get_dependency_evaluation_order@flow@@YA?AV?$vector@VNode@flow@@V?$allocator@VNode@flow@@@std@@@std@@AEBVNode@2@PEBV?$unordered_map@VSocket@flow@@VValue@2@U?$hash@VSocket@flow@@@std@@U?$equal_to@VSocket@flow@@@5@V?$allocator@U?$pair@$$CBVSocket@flow@@VValue@2@@std@@@5@@4@@Z@
AeCompute.dll,156522512,0x9545810,flow,.?AV<lambda_1>@?1??get_nodes_distance_from_source@flow@@YA?AV?$unordered_map@VNode@flow@@IU?$hash@VNode@flow@@@std@@U?$equal_to@VNode@flow@@@4@V?$allocator@U?$pair@$$CBVNode@flow@@I@std@@@4@@std@@AEBVGraph@2@_N@Z@
AeCompute.dll,156522752,0x9545900,flow,.?AV<lambda_2>@?1??copy_from@Document@flow@@QEAAXAEBV23@W4LoadPolicy@23@@Z@
AeCompute.dll,156522848,0x9545960,flow,.?AV<lambda_1>@?1??copy_from@Document@flow@@QEAAXAEBV23@W4LoadPolicy@23@@Z@
AeCompute.dll,156522944,0x95459c0,flow,.?AV<lambda_4>@?CN@??create_subgraph@Document@flow@@QEAA?AU?$pair@VGraphHandle@flow@@VNode@2@@std@@VGraphHandle@3@AEBV?$basic_string@DU?$char_traits@D@std@@V?$allocator@D@2@@5@AEBV?$vector@VNode@flow@@V?$allocator@VNode@flow@@@std@@@5@_N@Z@
AeCompute.dll,156523216,0x9545ad0,flow,.?AV<lambda_3>@?BM@??create_subgraph@Document@flow@@QEAA?AU?$pair@VGraphHandle@flow@@VNode@2@@std@@VGraphHandle@3@AEBV?$basic_string@DU?$char_traits@D@std@@V?$allocator@D@2@@5@AEBV?$vector@VNode@flow@@V?$allocator@VNode@flow@@@std@@@5@_N@Z@
AeCompute.dll,156523488,0x9545be0,flow,.?AV<lambda_2>@?BI@??create_subgraph@Document@flow@@QEAA?AU?$pair@VGraphHandle@flow@@VNode@2@@std@@VGraphHandle@3@AEBV?$basic_string@DU?$char_traits@D@std@@V?$allocator@D@2@@5@AEBV?$vector@VNode@flow@@V?$allocator@VNode@flow@@@std@@@5@_N@Z@
AeCompute.dll,156523760,0x9545cf0,flow,.?AV<lambda_1>@?BB@??create_subgraph@Document@flow@@QEAA?AU?$pair@VGraphHandle@flow@@VNode@2@@std@@VGraphHandle@3@AEBV?$basic_string@DU?$char_traits@D@std@@V?$allocator@D@2@@5@AEBV?$vector@VNode@flow@@V?$allocator@VNode@flow@@@std@@@5@_N@Z@
AeCompute.dll,156524512,0x9545fe0,flow,.?AV<lambda_7>@?FF@??evaluate@flow@@YA?AUEvaluationResult@2@AEAVTaskExecutor@2@AEBV?$unordered_set@VSocket@flow@@U?$hash@VSocket@flow@@@std@@U?$equal_to@VSocket@flow@@@4@V?$allocator@VSocket@flow@@@4@@std@@AEBVTaskSelector@2@AEBUEvaluationOptions@2@@Z@
AeCompute.dll,156524784,0x95460f0,flow,.?AV<lambda_6>@?EL@??evaluate@flow@@YA?AUEvaluationResult@2@AEAVTaskExecutor@2@AEBV?$unordered_set@VSocket@flow@@U?$hash@VSocket@flow@@@std@@U?$equal_to@VSocket@flow@@@4@V?$allocator@VSocket@flow@@@4@@std@@AEBVTaskSelector@2@AEBUEvaluationOptions@2@@Z@
AeCompute.dll,156525056,0x9546200,flow,.?AV<lambda_5>@?EL@??evaluate@flow@@YA?AUEvaluationResult@2@AEAVTaskExecutor@2@AEBV?$unordered_set@VSocket@flow@@U?$hash@VSocket@flow@@@std@@U?$equal_to@VSocket@flow@@@4@V?$allocator@VSocket@flow@@@4@@std@@AEBVTaskSelector@2@AEBUEvaluationOptions@2@@Z@
AeCompute.dll,156525328,0x9546310,flow,.?AV<lambda_4>@?EL@??evaluate@flow@@YA?AUEvaluationResult@2@AEAVTaskExecutor@2@AEBV?$unordered_set@VSocket@flow@@U?$hash@VSocket@flow@@@std@@U?$equal_to@VSocket@flow@@@4@V?$allocator@VSocket@flow@@@4@@std@@AEBVTaskSelector@2@AEBUEvaluationOptions@2@@Z@
AeCompute.dll,156525600,0x9546420,flow,.?AV<lambda_3>@?EO@??evaluate@flow@@YA?AUEvaluationResult@2@AEAVTaskExecutor@2@AEBV?$unordered_set@VSocket@flow@@U?$hash@VSocket@flow@@@std@@U?$equal_to@VSocket@flow@@@4@V?$allocator@VSocket@flow@@@4@@std@@AEBVTaskSelector@2@AEBUEvaluationOptions@2@@Z@
AeCompute.dll,156525872,0x9546530,flow,.?AV<lambda_2>@?DN@??evaluate@flow@@YA?AUEvaluationResult@2@AEAVTaskExecutor@2@AEBV?$unordered_set@VSocket@flow@@U?$hash@VSocket@flow@@@std@@U?$equal_to@VSocket@flow@@@4@V?$allocator@VSocket@flow@@@4@@std@@AEBVTaskSelector@2@AEBUEvaluationOptions@2@@Z@
AeCompute.dll,156526144,0x9546640,flow,.?AV<lambda_2>@?BL@???R0?DN@??evaluate@flow@@YA?AUEvaluationResult@2@AEAVTaskExecutor@2@AEBV?$unordered_set@VSocket@flow@@U?$hash@VSocket@flow@@@std@@U?$equal_to@VSocket@flow@@@4@V?$allocator@VSocket@flow@@@4@@std@@AEBVTaskSelector@2@AEBUEvaluationOptions@2@@Z@QEBA@AEBVNodeTaskKey@2@AEB_K@Z@
AeCompute.dll,156526464,0x9546780,flow,.?AV<lambda_1>@?BI@???R<lambda_2>@?DN@??evaluate@flow@@YA?AUEvaluationResult@3@AEAVTaskExecutor@3@AEBV?$unordered_set@VSocket@flow@@U?$hash@VSocket@flow@@@std@@U?$equal_to@VSocket@flow@@@4@V?$allocator@VSocket@flow@@@4@@std@@AEBVTaskSelector@3@AEBUEvaluationOptions@3@@Z@QEBA@AEBVNodeTaskKey@3@AEB_K@Z@
AeCompute.dll,156526784,0x95468c0,flow,.?AV<lambda_1>@?BH@??evaluate_single_node@flow@@YA?AV?$unordered_map@V?$basic_string@DU?$char_traits@D@std@@V?$allocator@D@2@@std@@VValue@flow@@U?$hash@V?$basic_string@DU?$char_traits@D@std@@V?$allocator@D@2@@std@@@2@U?$equal_to@V?$basic_string@DU?$char_traits@D@std@@V?$allocator@D@2@@std@@@2@V?$allocator@U?$pair@$$CBV?$basic_string@DU?$char_traits@D@std@@V?$allocator@D@2@@std@@VValue@flow@@@std@@@2@@std@@AEAVContext@2@AEAVDocumentManager@2@Vstring_id@7foonathan@@AEBV34@@Z@
AeCompute.dll,156527280,0x9546ab0,flow,.?AU?$default_delete@VArrayStorage@flow@@@std@@
AeCompute.dll,156527344,0x9546af0,flow,.?AV<lambda_45>@?1??register_builtin_types@flow@@YAXAEAVTypeRegistry@2@@Z@
AeCompute.dll,156527440,0x9546b50,flow,.?AV<lambda_44>@?1??register_builtin_types@flow@@YAXAEAVTypeRegistry@2@@Z@
AeCompute.dll,156527536,0x9546bb0,flow,.?AV<lambda_43>@?1??register_builtin_types@flow@@YAXAEAVTypeRegistry@2@@Z@
AeCompute.dll,156527632,0x9546c10,flow,.?AV<lambda_42>@?1??register_builtin_types@flow@@YAXAEAVTypeRegistry@2@@Z@
AeCompute.dll,156527728,0x9546c70,flow,.?AV<lambda_41>@?1??register_builtin_types@flow@@YAXAEAVTypeRegistry@2@@Z@
AeCompute.dll,156527824,0x9546cd0,flow,.?AV<lambda_40>@?1??register_builtin_types@flow@@YAXAEAVTypeRegistry@2@@Z@
AeCompute.dll,156527920,0x9546d30,flow,.?AV<lambda_39>@?1??register_builtin_types@flow@@YAXAEAVTypeRegistry@2@@Z@
AeCompute.dll,156528016,0x9546d90,flow,.?AV<lambda_38>@?1??register_builtin_types@flow@@YAXAEAVTypeRegistry@2@@Z@
AeCompute.dll,156528112,0x9546df0,flow,.?AV<lambda_37>@?1??register_builtin_types@flow@@YAXAEAVTypeRegistry@2@@Z@
AeCompute.dll,156528208,0x9546e50,flow,.?AV<lambda_36>@?1??register_builtin_types@flow@@YAXAEAVTypeRegistry@2@@Z@
AeCompute.dll,156528304,0x9546eb0,flow,.?AV<lambda_35>@?1??register_builtin_types@flow@@YAXAEAVTypeRegistry@2@@Z@
AeCompute.dll,156528400,0x9546f10,flow,.?AV<lambda_34>@?1??register_builtin_types@flow@@YAXAEAVTypeRegistry@2@@Z@
AeCompute.dll,156528496,0x9546f70,flow,.?AV<lambda_33>@?1??register_builtin_types@flow@@YAXAEAVTypeRegistry@2@@Z@
AeCompute.dll,156528592,0x9546fd0,flow,.?AV<lambda_32>@?1??register_builtin_types@flow@@YAXAEAVTypeRegistry@2@@Z@
AeCompute.dll,156528688,0x9547030,flow,.?AV<lambda_31>@?1??register_builtin_types@flow@@YAXAEAVTypeRegistry@2@@Z@
AeCompute.dll,156528784,0x9547090,flow,.?AV<lambda_30>@?1??register_builtin_types@flow@@YAXAEAVTypeRegistry@2@@Z@
AeCompute.dll,156528880,0x95470f0,flow,.?AV<lambda_29>@?1??register_builtin_types@flow@@YAXAEAVTypeRegistry@2@@Z@
AeCompute.dll,156528976,0x9547150,flow,.?AV<lambda_28>@?1??register_builtin_types@flow@@YAXAEAVTypeRegistry@2@@Z@
AeCompute.dll,156529072,0x95471b0,flow,.?AV<lambda_27>@?1??register_builtin_types@flow@@YAXAEAVTypeRegistry@2@@Z@
AeCompute.dll,156529168,0x9547210,flow,.?AV<lambda_26>@?1??register_builtin_types@flow@@YAXAEAVTypeRegistry@2@@Z@
AeCompute.dll,156529264,0x9547270,flow,.?AV<lambda_25>@?3??register_builtin_types@flow@@YAXAEAVTypeRegistry@2@@Z@
AeCompute.dll,156529360,0x95472d0,flow,.?AV<lambda_24>@?3??register_builtin_types@flow@@YAXAEAVTypeRegistry@2@@Z@
AeCompute.dll,156529456,0x9547330,flow,.?AV<lambda_23>@?3??register_builtin_types@flow@@YAXAEAVTypeRegistry@2@@Z@
AeCompute.dll,156529552,0x9547390,flow,.?AV<lambda_22>@?3??register_builtin_types@flow@@YAXAEAVTypeRegistry@2@@Z@
AeCompute.dll,156529648,0x95473f0,flow,.?AV<lambda_21>@?2??register_builtin_types@flow@@YAXAEAVTypeRegistry@2@@Z@
AeCompute.dll,156529744,0x9547450,flow,.?AV<lambda_20>@?2??register_builtin_types@flow@@YAXAEAVTypeRegistry@2@@Z@
AeCompute.dll,156529840,0x95474b0,flow,.?AV<lambda_19>@?2??register_builtin_types@flow@@YAXAEAVTypeRegistry@2@@Z@
AeCompute.dll,156529936,0x9547510,flow,.?AV<lambda_18>@?2??register_builtin_types@flow@@YAXAEAVTypeRegistry@2@@Z@
AeCompute.dll,156530032,0x9547570,flow,.?AV<lambda_17>@?1??register_builtin_types@flow@@YAXAEAVTypeRegistry@2@@Z@
AeCompute.dll,156530128,0x95475d0,flow,.?AV<lambda_16>@?1??register_builtin_types@flow@@YAXAEAVTypeRegistry@2@@Z@
AeCompute.dll,156530224,0x9547630,flow,.?AV<lambda_15>@?1??register_builtin_types@flow@@YAXAEAVTypeRegistry@2@@Z@
AeCompute.dll,156530320,0x9547690,flow,.?AV<lambda_14>@?1??register_builtin_types@flow@@YAXAEAVTypeRegistry@2@@Z@
AeCompute.dll,156530416,0x95476f0,flow,.?AV<lambda_13>@?1??register_builtin_types@flow@@YAXAEAVTypeRegistry@2@@Z@
AeCompute.dll,156530512,0x9547750,flow,.?AV<lambda_12>@?1??register_builtin_types@flow@@YAXAEAVTypeRegistry@2@@Z@
AeCompute.dll,156530608,0x95477b0,flow,.?AV<lambda_11>@?1??register_builtin_types@flow@@YAXAEAVTypeRegistry@2@@Z@
AeCompute.dll,156530704,0x9547810,flow,.?AV<lambda_10>@?1??register_builtin_types@flow@@YAXAEAVTypeRegistry@2@@Z@
AeCompute.dll,156530800,0x9547870,flow,.?AV<lambda_9>@?1??register_builtin_types@flow@@YAXAEAVTypeRegistry@2@@Z@
AeCompute.dll,156530896,0x95478d0,flow,.?AV<lambda_8>@?1??register_builtin_types@flow@@YAXAEAVTypeRegistry@2@@Z@
AeCompute.dll,156530992,0x9547930,flow,.?AV<lambda_7>@?1??register_builtin_types@flow@@YAXAEAVTypeRegistry@2@@Z@
AeCompute.dll,156531088,0x9547990,flow,.?AV<lambda_6>@?1??register_builtin_types@flow@@YAXAEAVTypeRegistry@2@@Z@
AeCompute.dll,156531184,0x95479f0,flow,.?AV<lambda_5>@?1??register_builtin_types@flow@@YAXAEAVTypeRegistry@2@@Z@
AeCompute.dll,156531280,0x9547a50,flow,.?AV<lambda_4>@?1??register_builtin_types@flow@@YAXAEAVTypeRegistry@2@@Z@
AeCompute.dll,156531376,0x9547ab0,flow,.?AV<lambda_3>@?1??register_builtin_types@flow@@YAXAEAVTypeRegistry@2@@Z@
AeCompute.dll,156531472,0x9547b10,flow,.?AV<lambda_2>@?1??register_builtin_types@flow@@YAXAEAVTypeRegistry@2@@Z@
AeCompute.dll,156531568,0x9547b70,flow,.?AV<lambda_1>@?1??register_builtin_types@flow@@YAXAEAVTypeRegistry@2@@Z@
AeCompute.dll,156531664,0x9547bd0,flow,.?AV<lambda_49>@?1??register_builtin_nodes_and_events@flow@@YAXAEAVContext@2@@Z@
AeCompute.dll,156531776,0x9547c40,flow,.?AV<lambda_48>@?1??register_builtin_nodes_and_events@flow@@YAXAEAVContext@2@@Z@
AeCompute.dll,156531888,0x9547cb0,flow,.?AV<lambda_47>@?1??register_builtin_nodes_and_events@flow@@YAXAEAVContext@2@@Z@
AeCompute.dll,156532000,0x9547d20,flow,.?AV<lambda_46>@?1??register_builtin_nodes_and_events@flow@@YAXAEAVContext@2@@Z@
AeCompute.dll,156532112,0x9547d90,flow,.?AV<lambda_45>@?1??register_builtin_nodes_and_events@flow@@YAXAEAVContext@2@@Z@
AeCompute.dll,156532224,0x9547e00,flow,.?AV<lambda_44>@?1??register_builtin_nodes_and_events@flow@@YAXAEAVContext@2@@Z@
AeCompute.dll,156532336,0x9547e70,flow,.?AV<lambda_43>@?1??register_builtin_nodes_and_events@flow@@YAXAEAVContext@2@@Z@
AeCompute.dll,156532448,0x9547ee0,flow,.?AV<lambda_42>@?1??register_builtin_nodes_and_events@flow@@YAXAEAVContext@2@@Z@
AeCompute.dll,156532560,0x9547f50,flow,.?AV<lambda_41>@?1??register_builtin_nodes_and_events@flow@@YAXAEAVContext@2@@Z@
AeCompute.dll,156532672,0x9547fc0,flow,.?AV<lambda_40>@?1??register_builtin_nodes_and_events@flow@@YAXAEAVContext@2@@Z@
AeCompute.dll,156532784,0x9548030,flow,.?AV<lambda_39>@?1??register_builtin_nodes_and_events@flow@@YAXAEAVContext@2@@Z@
AeCompute.dll,156532896,0x95480a0,flow,.?AV<lambda_38>@?1??register_builtin_nodes_and_events@flow@@YAXAEAVContext@2@@Z@
AeCompute.dll,156533008,0x9548110,flow,.?AV<lambda_37>@?1??register_builtin_nodes_and_events@flow@@YAXAEAVContext@2@@Z@
AeCompute.dll,156533120,0x9548180,flow,.?AV<lambda_36>@?1??register_builtin_nodes_and_events@flow@@YAXAEAVContext@2@@Z@
AeCompute.dll,156533232,0x95481f0,flow,.?AV<lambda_35>@?1??register_builtin_nodes_and_events@flow@@YAXAEAVContext@2@@Z@
AeCompute.dll,156533344,0x9548260,flow,.?AV<lambda_34>@?1??register_builtin_nodes_and_events@flow@@YAXAEAVContext@2@@Z@
AeCompute.dll,156533456,0x95482d0,flow,.?AV<lambda_33>@?1??register_builtin_nodes_and_events@flow@@YAXAEAVContext@2@@Z@
AeCompute.dll,156533568,0x9548340,flow,.?AV<lambda_32>@?1??register_builtin_nodes_and_events@flow@@YAXAEAVContext@2@@Z@
AeCompute.dll,156533680,0x95483b0,flow,.?AV<lambda_31>@?1??register_builtin_nodes_and_events@flow@@YAXAEAVContext@2@@Z@
AeCompute.dll,156533792,0x9548420,flow,.?AV<lambda_30>@?1??register_builtin_nodes_and_events@flow@@YAXAEAVContext@2@@Z@
AeCompute.dll,156533904,0x9548490,flow,.?AV<lambda_29>@?1??register_builtin_nodes_and_events@flow@@YAXAEAVContext@2@@Z@
AeCompute.dll,156534016,0x9548500,flow,.?AV<lambda_28>@?1??register_builtin_nodes_and_events@flow@@YAXAEAVContext@2@@Z@
AeCompute.dll,156534128,0x9548570,flow,.?AV<lambda_27>@?1??register_builtin_nodes_and_events@flow@@YAXAEAVContext@2@@Z@
AeCompute.dll,156534240,0x95485e0,flow,.?AV<lambda_26>@?1??register_builtin_nodes_and_events@flow@@YAXAEAVContext@2@@Z@
AeCompute.dll,156534352,0x9548650,flow,.?AV<lambda_25>@?1??register_builtin_nodes_and_events@flow@@YAXAEAVContext@2@@Z@
AeCompute.dll,156534464,0x95486c0,flow,.?AV<lambda_24>@?1??register_builtin_nodes_and_events@flow@@YAXAEAVContext@2@@Z@
AeCompute.dll,156534576,0x9548730,flow,.?AV<lambda_23>@?1??register_builtin_nodes_and_events@flow@@YAXAEAVContext@2@@Z@
AeCompute.dll,156534688,0x95487a0,flow,.?AV<lambda_22>@?1??register_builtin_nodes_and_events@flow@@YAXAEAVContext@2@@Z@
AeCompute.dll,156534800,0x9548810,flow,.?AV<lambda_21>@?1??register_builtin_nodes_and_events@flow@@YAXAEAVContext@2@@Z@
AeCompute.dll,156534912,0x9548880,flow,.?AV<lambda_20>@?1??register_builtin_nodes_and_events@flow@@YAXAEAVContext@2@@Z@
AeCompute.dll,156535024,0x95488f0,flow,.?AV<lambda_19>@?1??register_builtin_nodes_and_events@flow@@YAXAEAVContext@2@@Z@
AeCompute.dll,156535136,0x9548960,flow,.?AV<lambda_18>@?1??register_builtin_nodes_and_events@flow@@YAXAEAVContext@2@@Z@
AeCompute.dll,156535248,0x95489d0,flow,.?AV<lambda_17>@?1??register_builtin_nodes_and_events@flow@@YAXAEAVContext@2@@Z@
AeCompute.dll,156535360,0x9548a40,flow,.?AV<lambda_16>@?1??register_builtin_nodes_and_events@flow@@YAXAEAVContext@2@@Z@
AeCompute.dll,156535472,0x9548ab0,flow,.?AV<lambda_15>@?1??register_builtin_nodes_and_events@flow@@YAXAEAVContext@2@@Z@
AeCompute.dll,156535584,0x9548b20,flow,.?AV<lambda_14>@?1??register_builtin_nodes_and_events@flow@@YAXAEAVContext@2@@Z@
AeCompute.dll,156535696,0x9548b90,flow,.?AV<lambda_13>@?1??register_builtin_nodes_and_events@flow@@YAXAEAVContext@2@@Z@
AeCompute.dll,156535808,0x9548c00,flow,.?AV<lambda_12>@?1??register_builtin_nodes_and_events@flow@@YAXAEAVContext@2@@Z@
AeCompute.dll,156535920,0x9548c70,flow,.?AV<lambda_11>@?1??register_builtin_nodes_and_events@flow@@YAXAEAVContext@2@@Z@
AeCompute.dll,156536032,0x9548ce0,flow,.?AV<lambda_10>@?1??register_builtin_nodes_and_events@flow@@YAXAEAVContext@2@@Z@
AeCompute.dll,156536144,0x9548d50,flow,.?AV<lambda_9>@?1??register_builtin_nodes_and_events@flow@@YAXAEAVContext@2@@Z@
AeCompute.dll,156536240,0x9548db0,flow,.?AV<lambda_8>@?3??register_builtin_nodes_and_events@flow@@YAXAEAVContext@2@@Z@
AeCompute.dll,156536336,0x9548e10,flow,.?AV<lambda_7>@?3??register_builtin_nodes_and_events@flow@@YAXAEAVContext@2@@Z@
AeCompute.dll,156536432,0x9548e70,flow,.?AV<lambda_6>@?3??register_builtin_nodes_and_events@flow@@YAXAEAVContext@2@@Z@
AeCompute.dll,156536528,0x9548ed0,flow,.?AV<lambda_5>@?3??register_builtin_nodes_and_events@flow@@YAXAEAVContext@2@@Z@
AeCompute.dll,156536624,0x9548f30,flow,.?AV<lambda_4>@?2??register_builtin_nodes_and_events@flow@@YAXAEAVContext@2@@Z@
AeCompute.dll,156536720,0x9548f90,flow,.?AV<lambda_3>@?2??register_builtin_nodes_and_events@flow@@YAXAEAVContext@2@@Z@
AeCompute.dll,156536816,0x9548ff0,flow,.?AV<lambda_2>@?2??register_builtin_nodes_and_events@flow@@YAXAEAVContext@2@@Z@
AeCompute.dll,156536912,0x9549050,flow,.?AV<lambda_1>@?2??register_builtin_nodes_and_events@flow@@YAXAEAVContext@2@@Z@
AeCompute.dll,156537008,0x95490b0,flow,.?AV<lambda_1>@?4???$func@UComputeByteSize@Property@flow@@VBlob@3@@DataTypeDefinition@flow@@QEAAAEAV12@AEBV?$function@$$A6A_KAEBVBlob@flow@@@Z@std@@@Z@
AeCompute.dll,156537184,0x9549160,flow,.?AV<lambda_1>@?4???$func@UHash@Property@flow@@VBlob@3@@DataTypeDefinition@flow@@QEAAAEAV12@AEBV?$function@$$A6A_KAEBVBlob@flow@@@Z@std@@@Z@
AeCompute.dll,156537344,0x9549200,flow,.?AV<lambda_1>@?6???$func@UJsonDeserialize@Property@flow@@VBlob@3@@DataTypeDefinition@flow@@QEAAAEAV12@AEBV?$function@$$A6AXAEAVBlob@flow@@AEBV?$basic_json@Vmap@std@@Vvector@2@V?$basic_string@DU?$char_traits@D@std@@V?$allocator@D@2@@2@_N_J_KNVallocator@2@Uadl_serializer@json_abi_v3_11_3@nlohmann@@V?$vector@EV?$allocator@E@std@@@2@X@json_abi_v3_11_3@nlohmann@@@Z@std@@@Z@
AeCompute.dll,156537744,0x9549390,flow,.?AV<lambda_1>@?4???$func@UJsonSerialize@Property@flow@@VBlob@3@@DataTypeDefinition@flow@@QEAAAEAV12@AEBV?$function@$$A6A?AV?$basic_json@Vmap@std@@Vvector@2@V?$basic_string@DU?$char_traits@D@std@@V?$allocator@D@2@@2@_N_J_KNVallocator@2@Uadl_serializer@json_abi_v3_11_3@nlohmann@@V?$vector@EV?$allocator@E@std@@@2@X@json_abi_v3_11_3@nlohmann@@AEBVBlob@flow@@@Z@std@@@Z@
AeCompute.dll,156538144,0x9549520,flow,.?AV<lambda_2>@?9???$type@VBlob@flow@@@TypeRegistry@flow@@QEAAAEAVDataTypeDefinition@2@V?$basic_string@DU?$char_traits@D@std@@V?$allocator@D@2@@std@@@Z@
AeCompute.dll,156538320,0x95495d0,flow,.?AV<lambda_1>@?4???$type@VBlob@flow@@@TypeRegistry@flow@@QEAAAEAVDataTypeDefinition@2@V?$basic_string@DU?$char_traits@D@std@@V?$allocator@D@2@@std@@@Z@
AeCompute.dll,156538496,0x9549680,flow,.?AV<lambda_1>@?4???$func@UComputeByteSize@Property@flow@@_N@DataTypeDefinition@flow@@QEAAAEAV12@AEBV?$function@$$A6A_KAEB_N@Z@std@@@Z@
AeCompute.dll,156538656,0x9549720,flow,.?AV<lambda_1>@?6???$func@UJsonDeserialize@Property@flow@@_N@DataTypeDefinition@flow@@QEAAAEAV12@AEBV?$function@$$A6AXAEA_NAEBV?$basic_json@Vmap@std@@Vvector@2@V?$basic_string@DU?$char_traits@D@std@@V?$allocator@D@2@@2@_N_J_KNVallocator@2@Uadl_serializer@json_abi_v3_11_3@nlohmann@@V?$vector@EV?$allocator@E@std@@@2@X@json_abi_v3_11_3@nlohmann@@@Z@std@@@Z@
AeCompute.dll,156539040,0x95498a0,flow,.?AV<lambda_1>@?4???$func@UJsonSerialize@Property@flow@@_N@DataTypeDefinition@flow@@QEAAAEAV12@AEBV?$function@$$A6A?AV?$basic_json@Vmap@std@@Vvector@2@V?$basic_string@DU?$char_traits@D@std@@V?$allocator@D@2@@2@_N_J_KNVallocator@2@Uadl_serializer@json_abi_v3_11_3@nlohmann@@V?$vector@EV?$allocator@E@std@@@2@X@json_abi_v3_11_3@nlohmann@@AEB_N@Z@std@@@Z@
AeCompute.dll,156539424,0x9549a20,flow,.?AV<lambda_1>@?4???$func@UHash@Property@flow@@_N@DataTypeDefinition@flow@@QEAAAEAV12@AEBV?$function@$$A6A_KAEB_N@Z@std@@@Z@
AeCompute.dll,156539568,0x9549ab0,flow,.?AV<lambda_2>@?9???$type@_N@TypeRegistry@flow@@QEAAAEAVDataTypeDefinition@2@V?$basic_string@DU?$char_traits@D@std@@V?$allocator@D@2@@std@@@Z@
AeCompute.dll,156539728,0x9549b50,flow,.?AV<lambda_1>@?4???$type@_N@TypeRegistry@flow@@QEAAAEAVDataTypeDefinition@2@V?$basic_string@DU?$char_traits@D@std@@V?$allocator@D@2@@std@@@Z@
AeCompute.dll,156539888,0x9549bf0,flow,.?AV<lambda_1>@?4???$func@UComputeByteSize@Property@flow@@V?$basic_string@DU?$char_traits@D@std@@V?$allocator@D@2@@std@@@DataTypeDefinition@flow@@QEAAAEAV12@AEBV?$function@$$A6A_KAEBV?$basic_string@DU?$char_traits@D@std@@V?$allocator@D@2@@std@@@Z@std@@@Z@
AeCompute.dll,156540160,0x9549d00,flow,.?AV<lambda_1>@?6???$func@UJsonDeserialize@Property@flow@@V?$basic_string@DU?$char_traits@D@std@@V?$allocator@D@2@@std@@@DataTypeDefinition@flow@@QEAAAEAV12@AEBV?$function@$$A6AXAEAV?$basic_string@DU?$char_traits@D@std@@V?$allocator@D@2@@std@@AEBV?$basic_json@Vmap@std@@Vvector@2@V?$basic_string@DU?$char_traits@D@std@@V?$allocator@D@2@@2@_N_J_KNVallocator@2@Uadl_serializer@json_abi_v3_11_3@nlohmann@@V?$vector@EV?$allocator@E@std@@@2@X@json_abi_v3_11_3@nlohmann@@@Z@std@@@Z@
AeCompute.dll,156540656,0x9549ef0,flow,.?AV<lambda_1>@?4???$func@UJsonSerialize@Property@flow@@V?$basic_string@DU?$char_traits@D@std@@V?$allocator@D@2@@std@@@DataTypeDefinition@flow@@QEAAAEAV12@AEBV?$function@$$A6A?AV?$basic_json@Vmap@std@@Vvector@2@V?$basic_string@DU?$char_traits@D@std@@V?$allocator@D@2@@2@_N_J_KNVallocator@2@Uadl_serializer@json_abi_v3_11_3@nlohmann@@V?$vector@EV?$allocator@E@std@@@2@X@json_abi_v3_11_3@nlohmann@@AEBV?$basic_string@DU?$char_traits@D@std@@V?$allocator@D@2@@std@@@Z@std@@@Z@
AeCompute.dll,156541152,0x954a0e0,flow,.?AV<lambda_1>@?4???$func@UHash@Property@flow@@V?$basic_string@DU?$char_traits@D@std@@V?$allocator@D@2@@std@@@DataTypeDefinition@flow@@QEAAAEAV12@AEBV?$function@$$A6A_KAEBV?$basic_string@DU?$char_traits@D@std@@V?$allocator@D@2@@std@@@Z@std@@@Z@
AeCompute.dll,156541424,0x954a1f0,flow,.?AV<lambda_2>@?9???$type@V?$basic_string@DU?$char_traits@D@std@@V?$allocator@D@2@@std@@@TypeRegistry@flow@@QEAAAEAVDataTypeDefinition@2@V?$basic_string@DU?$char_traits@D@std@@V?$allocator@D@2@@std@@@Z@
AeCompute.dll,156541648,0x954a2d0,flow,.?AV<lambda_1>@?4???$type@V?$basic_string@DU?$char_traits@D@std@@V?$allocator@D@2@@std@@@TypeRegistry@flow@@QEAAAEAVDataTypeDefinition@2@V?$basic_string@DU?$char_traits@D@std@@V?$allocator@D@2@@std@@@Z@
AeCompute.dll,156541872,0x954a3b0,flow,.?AV<lambda_1>@?4???$func@UComputeByteSize@Property@flow@@M@DataTypeDefinition@flow@@QEAAAEAV12@AEBV?$function@$$A6A_KAEBM@Z@std@@@Z@
AeCompute.dll,156542032,0x954a450,flow,.?AV<lambda_1>@?6???$func@UJsonDeserialize@Property@flow@@M@DataTypeDefinition@flow@@QEAAAEAV12@AEBV?$function@$$A6AXAEAMAEBV?$basic_json@Vmap@std@@Vvector@2@V?$basic_string@DU?$char_traits@D@std@@V?$allocator@D@2@@2@_N_J_KNVallocator@2@Uadl_serializer@json_abi_v3_11_3@nlohmann@@V?$vector@EV?$allocator@E@std@@@2@X@json_abi_v3_11_3@nlohmann@@@Z@std@@@Z@
AeCompute.dll,156542416,0x954a5d0,flow,.?AV<lambda_1>@?4???$func@UJsonSerialize@Property@flow@@M@DataTypeDefinition@flow@@QEAAAEAV12@AEBV?$function@$$A6A?AV?$basic_json@Vmap@std@@Vvector@2@V?$basic_string@DU?$char_traits@D@std@@V?$allocator@D@2@@2@_N_J_KNVallocator@2@Uadl_serializer@json_abi_v3_11_3@nlohmann@@V?$vector@EV?$allocator@E@std@@@2@X@json_abi_v3_11_3@nlohmann@@AEBM@Z@std@@@Z@
AeCompute.dll,156542784,0x954a740,flow,.?AV<lambda_1>@?4???$func@UHash@Property@flow@@M@DataTypeDefinition@flow@@QEAAAEAV12@AEBV?$function@$$A6A_KAEBM@Z@std@@@Z@
AeCompute.dll,156542928,0x954a7d0,flow,.?AV<lambda_2>@?9???$type@M@TypeRegistry@flow@@QEAAAEAVDataTypeDefinition@2@V?$basic_string@DU?$char_traits@D@std@@V?$allocator@D@2@@std@@@Z@
AeCompute.dll,156543088,0x954a870,flow,.?AV<lambda_1>@?4???$type@M@TypeRegistry@flow@@QEAAAEAVDataTypeDefinition@2@V?$basic_string@DU?$char_traits@D@std@@V?$allocator@D@2@@std@@@Z@
AeCompute.dll,156543248,0x954a910,flow,.?AV<lambda_1>@?4???$func@UComputeByteSize@Property@flow@@H@DataTypeDefinition@flow@@QEAAAEAV12@AEBV?$function@$$A6A_KAEBH@Z@std@@@Z@
AeCompute.dll,156543408,0x954a9b0,flow,.?AV<lambda_1>@?6???$func@UJsonDeserialize@Property@flow@@H@DataTypeDefinition@flow@@QEAAAEAV12@AEBV?$function@$$A6AXAEAHAEBV?$basic_json@Vmap@std@@Vvector@2@V?$basic_string@DU?$char_traits@D@std@@V?$allocator@D@2@@2@_N_J_KNVallocator@2@Uadl_serializer@json_abi_v3_11_3@nlohmann@@V?$vector@EV?$allocator@E@std@@@2@X@json_abi_v3_11_3@nlohmann@@@Z@std@@@Z@
AeCompute.dll,156543792,0x954ab30,flow,.?AV<lambda_1>@?4???$func@UJsonSerialize@Property@flow@@H@DataTypeDefinition@flow@@QEAAAEAV12@AEBV?$function@$$A6A?AV?$basic_json@Vmap@std@@Vvector@2@V?$basic_string@DU?$char_traits@D@std@@V?$allocator@D@2@@2@_N_J_KNVallocator@2@Uadl_serializer@json_abi_v3_11_3@nlohmann@@V?$vector@EV?$allocator@E@std@@@2@X@json_abi_v3_11_3@nlohmann@@AEBH@Z@std@@@Z@
AeCompute.dll,156544160,0x954aca0,flow,.?AV<lambda_1>@?4???$func@UHash@Property@flow@@H@DataTypeDefinition@flow@@QEAAAEAV12@AEBV?$function@$$A6A_KAEBH@Z@std@@@Z@
AeCompute.dll,156544304,0x954ad30,flow,.?AV<lambda_2>@?9???$type@H@TypeRegistry@flow@@QEAAAEAVDataTypeDefinition@2@V?$basic_string@DU?$char_traits@D@std@@V?$allocator@D@2@@std@@@Z@
AeCompute.dll,156544464,0x954add0,flow,.?AV<lambda_1>@?4???$type@H@TypeRegistry@flow@@QEAAAEAVDataTypeDefinition@2@V?$basic_string@DU?$char_traits@D@std@@V?$allocator@D@2@@std@@@Z@
AeCompute.dll,156544624,0x954ae70,flow,.?AV<lambda_1>@?6???$func@UJsonDeserialize@Property@flow@@VArray@3@@DataTypeDefinition@flow@@QEAAAEAV12@AEBV?$function@$$A6AXAEAVArray@flow@@AEBV?$basic_json@Vmap@std@@Vvector@2@V?$basic_string@DU?$char_traits@D@std@@V?$allocator@D@2@@2@_N_J_KNVallocator@2@Uadl_serializer@json_abi_v3_11_3@nlohmann@@V?$vector@EV?$allocator@E@std@@@2@X@json_abi_v3_11_3@nlohmann@@@Z@std@@@Z@
AeCompute.dll,156545024,0x954b000,flow,.?AV<lambda_1>@?4???$func@UJsonSerialize@Property@flow@@VArray@3@@DataTypeDefinition@flow@@QEAAAEAV12@AEBV?$function@$$A6A?AV?$basic_json@Vmap@std@@Vvector@2@V?$basic_string@DU?$char_traits@D@std@@V?$allocator@D@2@@2@_N_J_KNVallocator@2@Uadl_serializer@json_abi_v3_11_3@nlohmann@@V?$vector@EV?$allocator@E@std@@@2@X@json_abi_v3_11_3@nlohmann@@AEBVArray@flow@@@Z@std@@@Z@
AeCompute.dll,156545424,0x954b190,flow,.?AV<lambda_1>@?4???$func@UComputeByteSize@Property@flow@@VArray@3@@DataTypeDefinition@flow@@QEAAAEAV12@AEBV?$function@$$A6A_KAEBVArray@flow@@@Z@std@@@Z@
AeCompute.dll,156545600,0x954b240,flow,.?AV<lambda_1>@?4???$func@UHash@Property@flow@@VArray@3@@DataTypeDefinition@flow@@QEAAAEAV12@AEBV?$function@$$A6A_KAEBVArray@flow@@@Z@std@@@Z@
AeCompute.dll,156545760,0x954b2e0,flow,.?AV<lambda_2>@?9???$type@VArray@flow@@@TypeRegistry@flow@@QEAAAEAVDataTypeDefinition@2@V?$basic_string@DU?$char_traits@D@std@@V?$allocator@D@2@@std@@@Z@
AeCompute.dll,156545936,0x954b390,flow,.?AV<lambda_1>@?4???$type@VArray@flow@@@TypeRegistry@flow@@QEAAAEAVDataTypeDefinition@2@V?$basic_string@DU?$char_traits@D@std@@V?$allocator@D@2@@std@@@Z@
AeCompute.dll,156546112,0x954b440,flow,.?AV<lambda_1>@?6???$func@UJsonDeserialize@Property@flow@@V?$unordered_map@V?$basic_string@DU?$char_traits@D@std@@V?$allocator@D@2@@std@@VValue@flow@@U?$hash@V?$basic_string@DU?$char_traits@D@std@@V?$allocator@D@2@@std@@@2@U?$equal_to@V?$basic_string@DU?$char_traits@D@std@@V?$allocator@D@2@@std@@@2@V?$allocator@U?$pair@$$CBV?$basic_string@DU?$char_traits@D@std@@V?$allocator@D@2@@std@@VValue@flow@@@std@@@2@@std@@@DataTypeDefinition@flow@@QEAAAEAV12@AEBV?$function@$$A6AXAEAV?$unordered_map@V?$basic_string@DU?$char_traits@D@std@@V?$allocator@D@2@@std@@VValue@flow@@U?$hash@V?$basic_string@DU?$char_traits@D@std@@V?$allocator@D@2@@std@@@2@U?$equal_to@V?$basic_string@DU?$char_traits@D@std@@V?$allocator@D@2@@std@@@2@V?$allocator@U?$pair@$$CBV?$basic_string@DU?$char_traits@D@std@@V?$allocator@D@2@@std@@VValue@flow@@@std@@@2@@std@@AEBV?$basic_json@Vmap@std@@Vvector@2@V?$basic_string@DU?$char_traits@D@std@@V?$allocator@D@2@@2@_N_J_KNVallocator@2@Uadl_serializer@json_abi_v3_11_3@nlohmann@@V?$vector@EV?$allocator@E@std@@@2@X@json_abi_v3_11_3@nlohmann@@@Z@std@@@Z@
AeCompute.dll,156547200,0x954b880,flow,.?AV<lambda_1>@?4???$func@UJsonSerialize@Property@flow@@V?$unordered_map@V?$basic_string@DU?$char_traits@D@std@@V?$allocator@D@2@@std@@VValue@flow@@U?$hash@V?$basic_string@DU?$char_traits@D@std@@V?$allocator@D@2@@std@@@2@U?$equal_to@V?$basic_string@DU?$char_traits@D@std@@V?$allocator@D@2@@std@@@2@V?$allocator@U?$pair@$$CBV?$basic_string@DU?$char_traits@D@std@@V?$allocator@D@2@@std@@VValue@flow@@@std@@@2@@std@@@DataTypeDefinition@flow@@QEAAAEAV12@AEBV?$function@$$A6A?AV?$basic_json@Vmap@std@@Vvector@2@V?$basic_string@DU?$char_traits@D@std@@V?$allocator@D@2@@2@_N_J_KNVallocator@2@Uadl_serializer@json_abi_v3_11_3@nlohmann@@V?$vector@EV?$allocator@E@std@@@2@X@json_abi_v3_11_3@nlohmann@@AEBV?$unordered_map@V?$basic_string@DU?$char_traits@D@std@@V?$allocator@D@2@@std@@VValue@flow@@U?$hash@V?$basic_string@DU?$char_traits@D@std@@V?$allocator@D@2@@std@@@2@U?$equal_to@V?$basic_string@DU?$char_traits@D@std@@V?$allocator@D@2@@std@@@2@V?$allocator@U?$pair@$$CBV?$basic_string@DU?$char_traits@D@std@@V?$allocator@D@2@@std@@VValue@flow@@@std@@@2@@std@@@Z@std@@@Z@
AeCompute.dll,156548288,0x954bcc0,flow,.?AV<lambda_1>@?4???$func@UComputeByteSize@Property@flow@@V?$unordered_map@V?$basic_string@DU?$char_traits@D@std@@V?$allocator@D@2@@std@@VValue@flow@@U?$hash@V?$basic_string@DU?$char_traits@D@std@@V?$allocator@D@2@@std@@@2@U?$equal_to@V?$basic_string@DU?$char_traits@D@std@@V?$allocator@D@2@@std@@@2@V?$allocator@U?$pair@$$CBV?$basic_string@DU?$char_traits@D@std@@V?$allocator@D@2@@std@@VValue@flow@@@std@@@2@@std@@@DataTypeDefinition@flow@@QEAAAEAV12@AEBV?$function@$$A6A_KAEBV?$unordered_map@V?$basic_string@DU?$char_traits@D@std@@V?$allocator@D@2@@std@@VValue@flow@@U?$hash@V?$basic_string@DU?$char_traits@D@std@@V?$allocator@D@2@@std@@@2@U?$equal_to@V?$basic_string@DU?$char_traits@D@std@@V?$allocator@D@2@@std@@@2@V?$allocator@U?$pair@$$CBV?$basic_string@DU?$char_traits@D@std@@V?$allocator@D@2@@std@@VValue@flow@@@std@@@2@@std@@@Z@std@@@Z@
AeCompute.dll,156549152,0x954c020,flow,.?AV<lambda_1>@?4???$func@UHash@Property@flow@@V?$unordered_map@V?$basic_string@DU?$char_traits@D@std@@V?$allocator@D@2@@std@@VValue@flow@@U?$hash@V?$basic_string@DU?$char_traits@D@std@@V?$allocator@D@2@@std@@@2@U?$equal_to@V?$basic_string@DU?$char_traits@D@std@@V?$allocator@D@2@@std@@@2@V?$allocator@U?$pair@$$CBV?$basic_string@DU?$char_traits@D@std@@V?$allocator@D@2@@std@@VValue@flow@@@std@@@2@@std@@@DataTypeDefinition@flow@@QEAAAEAV12@AEBV?$function@$$A6A_KAEBV?$unordered_map@V?$basic_string@DU?$char_traits@D@std@@V?$allocator@D@2@@std@@VValue@flow@@U?$hash@V?$basic_string@DU?$char_traits@D@std@@V?$allocator@D@2@@std@@@2@U?$equal_to@V?$basic_string@DU?$char_traits@D@std@@V?$allocator@D@2@@std@@@2@V?$allocator@U?$pair@$$CBV?$basic_string@DU?$char_traits@D@std@@V?$allocator@D@2@@std@@VValue@flow@@@std@@@2@@std@@@Z@std@@@Z@
AeCompute.dll,156550016,0x954c380,flow,.?AV<lambda_2>@?9???$type@V?$unordered_map@V?$basic_string@DU?$char_traits@D@std@@V?$allocator@D@2@@std@@VValue@flow@@U?$hash@V?$basic_string@DU?$char_traits@D@std@@V?$allocator@D@2@@std@@@2@U?$equal_to@V?$basic_string@DU?$char_traits@D@std@@V?$allocator@D@2@@std@@@2@V?$allocator@U?$pair@$$CBV?$basic_string@DU?$char_traits@D@std@@V?$allocator@D@2@@std@@VValue@flow@@@std@@@2@@std@@@TypeRegistry@flow@@QEAAAEAVDataTypeDefinition@2@V?$basic_string@DU?$char_traits@D@std@@V?$allocator@D@2@@std@@@Z@
AeCompute.dll,156550544,0x954c590,flow,.?AV<lambda_1>@?4???$type@V?$unordered_map@V?$basic_string@DU?$char_traits@D@std@@V?$allocator@D@2@@std@@VValue@flow@@U?$hash@V?$basic_string@DU?$char_traits@D@std@@V?$allocator@D@2@@std@@@2@U?$equal_to@V?$basic_string@DU?$char_traits@D@std@@V?$allocator@D@2@@std@@@2@V?$allocator@U?$pair@$$CBV?$basic_string@DU?$char_traits@D@std@@V?$allocator@D@2@@std@@VValue@flow@@@std@@@2@@std@@@TypeRegistry@flow@@QEAAAEAVDataTypeDefinition@2@V?$basic_string@DU?$char_traits@D@std@@V?$allocator@D@2@@std@@@Z@
AeCompute.dll,156551072,0x954c7a0,flow,.?AV<lambda_2>@?9???$type@VEvent@flow@@@TypeRegistry@flow@@QEAAAEAVDataTypeDefinition@2@V?$basic_string@DU?$char_traits@D@std@@V?$allocator@D@2@@std@@@Z@
AeCompute.dll,156551248,0x954c850,flow,.?AV<lambda_1>@?4???$type@VEvent@flow@@@TypeRegistry@flow@@QEAAAEAVDataTypeDefinition@2@V?$basic_string@DU?$char_traits@D@std@@V?$allocator@D@2@@std@@@Z@
AeCompute.dll,156551424,0x954c900,flow,.?AV<lambda_1>@?4???$func@UComputeByteSize@Property@flow@@VValue@3@@DataTypeDefinition@flow@@QEAAAEAV12@AEBV?$function@$$A6A_KAEBVValue@flow@@@Z@std@@@Z@
AeCompute.dll,156551600,0x954c9b0,flow,.?AV<lambda_1>@?4???$func@UHash@Property@flow@@VValue@3@@DataTypeDefinition@flow@@QEAAAEAV12@AEBV?$function@$$A6A_KAEBVValue@flow@@@Z@std@@@Z@
AeCompute.dll,156551760,0x954ca50,flow,.?AV<lambda_2>@?7???$type@VValue@flow@@@TypeRegistry@flow@@QEAAAEAVDataTypeDefinition@2@V?$basic_string@DU?$char_traits@D@std@@V?$allocator@D@2@@std@@@Z@
AeCompute.dll,156551936,0x954cb00,flow,.?AV<lambda_1>@?4???$type@VValue@flow@@@TypeRegistry@flow@@QEAAAEAVDataTypeDefinition@2@V?$basic_string@DU?$char_traits@D@std@@V?$allocator@D@2@@std@@@Z@
AeCompute.dll,156552112,0x954cbb0,flow,.?AV<lambda_1>@?4???$func@UComputeByteSize@Property@flow@@V?$array@M$03@std@@@DataTypeDefinition@flow@@QEAAAEAV12@AEBV?$function@$$A6A_KAEBV?$array@M$03@std@@@Z@std@@@Z@
AeCompute.dll,156552304,0x954cc70,flow,.?AV<lambda_1>@?4???$func@UHash@Property@flow@@V?$array@M$03@std@@@DataTypeDefinition@flow@@QEAAAEAV12@AEBV?$function@$$A6A_KAEBV?$array@M$03@std@@@Z@std@@@Z@
AeCompute.dll,156552480,0x954cd20,flow,.?AV<lambda_1>@?6???$func@UJsonDeserialize@Property@flow@@V?$array@M$03@std@@@DataTypeDefinition@flow@@QEAAAEAV12@AEBV?$function@$$A6AXAEAV?$array@M$03@std@@AEBV?$basic_json@Vmap@std@@Vvector@2@V?$basic_string@DU?$char_traits@D@std@@V?$allocator@D@2@@2@_N_J_KNVallocator@2@Uadl_serializer@json_abi_v3_11_3@nlohmann@@V?$vector@EV?$allocator@E@std@@@2@X@json_abi_v3_11_3@nlohmann@@@Z@std@@@Z@
AeCompute.dll,156552896,0x954cec0,flow,.?AV<lambda_1>@?4???$func@UJsonSerialize@Property@flow@@V?$array@M$03@std@@@DataTypeDefinition@flow@@QEAAAEAV12@AEBV?$function@$$A6A?AV?$basic_json@Vmap@std@@Vvector@2@V?$basic_string@DU?$char_traits@D@std@@V?$allocator@D@2@@2@_N_J_KNVallocator@2@Uadl_serializer@json_abi_v3_11_3@nlohmann@@V?$vector@EV?$allocator@E@std@@@2@X@json_abi_v3_11_3@nlohmann@@AEBV?$array@M$03@std@@@Z@std@@@Z@
AeCompute.dll,156553312,0x954d060,flow,.?AV<lambda_2>@?9???$type@V?$array@M$03@std@@@TypeRegistry@flow@@QEAAAEAVDataTypeDefinition@2@V?$basic_string@DU?$char_traits@D@std@@V?$allocator@D@2@@std@@@Z@
AeCompute.dll,156553488,0x954d110,flow,.?AV<lambda_1>@?4???$type@V?$array@M$03@std@@@TypeRegistry@flow@@QEAAAEAVDataTypeDefinition@2@V?$basic_string@DU?$char_traits@D@std@@V?$allocator@D@2@@std@@@Z@
AeCompute.dll,156553664,0x954d1c0,flow,.?AV<lambda_1>@?4???$func@UComputeByteSize@Property@flow@@V?$array@M$01@std@@@DataTypeDefinition@flow@@QEAAAEAV12@AEBV?$function@$$A6A_KAEBV?$array@M$01@std@@@Z@std@@@Z@
AeCompute.dll,156553856,0x954d280,flow,.?AV<lambda_1>@?4???$func@UHash@Property@flow@@V?$array@M$01@std@@@DataTypeDefinition@flow@@QEAAAEAV12@AEBV?$function@$$A6A_KAEBV?$array@M$01@std@@@Z@std@@@Z@
AeCompute.dll,156554032,0x954d330,flow,.?AV<lambda_1>@?6???$func@UJsonDeserialize@Property@flow@@V?$array@M$01@std@@@DataTypeDefinition@flow@@QEAAAEAV12@AEBV?$function@$$A6AXAEAV?$array@M$01@std@@AEBV?$basic_json@Vmap@std@@Vvector@2@V?$basic_string@DU?$char_traits@D@std@@V?$allocator@D@2@@2@_N_J_KNVallocator@2@Uadl_serializer@json_abi_v3_11_3@nlohmann@@V?$vector@EV?$allocator@E@std@@@2@X@json_abi_v3_11_3@nlohmann@@@Z@std@@@Z@
AeCompute.dll,156554448,0x954d4d0,flow,.?AV<lambda_1>@?4???$func@UJsonSerialize@Property@flow@@V?$array@M$01@std@@@DataTypeDefinition@flow@@QEAAAEAV12@AEBV?$function@$$A6A?AV?$basic_json@Vmap@std@@Vvector@2@V?$basic_string@DU?$char_traits@D@std@@V?$allocator@D@2@@2@_N_J_KNVallocator@2@Uadl_serializer@json_abi_v3_11_3@nlohmann@@V?$vector@EV?$allocator@E@std@@@2@X@json_abi_v3_11_3@nlohmann@@AEBV?$array@M$01@std@@@Z@std@@@Z@
AeCompute.dll,156554864,0x954d670,flow,.?AV<lambda_2>@?9???$type@V?$array@M$01@std@@@TypeRegistry@flow@@QEAAAEAVDataTypeDefinition@2@V?$basic_string@DU?$char_traits@D@std@@V?$allocator@D@2@@std@@@Z@
AeCompute.dll,156555040,0x954d720,flow,.?AV<lambda_1>@?4???$type@V?$array@M$01@std@@@TypeRegistry@flow@@QEAAAEAVDataTypeDefinition@2@V?$basic_string@DU?$char_traits@D@std@@V?$allocator@D@2@@std@@@Z@
AeCompute.dll,156555216,0x954d7d0,flow,.?AV<lambda_1>@?4???$func@UComputeByteSize@Property@flow@@Vstring_id@4foonathan@@@DataTypeDefinition@flow@@QEAAAEAV12@AEBV?$function@$$A6A_KAEBVstring_id@1foonathan@@@Z@std@@@Z@
AeCompute.dll,156555424,0x954d8a0,flow,.?AV<lambda_1>@?4???$func@UHash@Property@flow@@Vstring_id@4foonathan@@@DataTypeDefinition@flow@@QEAAAEAV12@AEBV?$function@$$A6A_KAEBVstring_id@1foonathan@@@Z@std@@@Z@
AeCompute.dll,156555616,0x954d960,flow,.?AV<lambda_1>@?6???$func@UJsonDeserialize@Property@flow@@Vstring_id@4foonathan@@@DataTypeDefinition@flow@@QEAAAEAV12@AEBV?$function@$$A6AXAEAVstring_id@1foonathan@@AEBV?$basic_json@Vmap@std@@Vvector@2@V?$basic_string@DU?$char_traits@D@std@@V?$allocator@D@2@@2@_N_J_KNVallocator@2@Uadl_serializer@json_abi_v3_11_3@nlohmann@@V?$vector@EV?$allocator@E@std@@@2@X@json_abi_v3_11_3@nlohmann@@@Z@std@@@Z@
AeCompute.dll,156556032,0x954db00,flow,.?AV<lambda_1>@?4???$func@UJsonSerialize@Property@flow@@Vstring_id@4foonathan@@@DataTypeDefinition@flow@@QEAAAEAV12@AEBV?$function@$$A6A?AV?$basic_json@Vmap@std@@Vvector@2@V?$basic_string@DU?$char_traits@D@std@@V?$allocator@D@2@@2@_N_J_KNVallocator@2@Uadl_serializer@json_abi_v3_11_3@nlohmann@@V?$vector@EV?$allocator@E@std@@@2@X@json_abi_v3_11_3@nlohmann@@AEBVstring_id@4foonathan@@@Z@std@@@Z@
AeCompute.dll,156556448,0x954dca0,flow,.?AV<lambda_2>@?9???$type@Vstring_id@1foonathan@@@TypeRegistry@flow@@QEAAAEAVDataTypeDefinition@2@V?$basic_string@DU?$char_traits@D@std@@V?$allocator@D@2@@std@@@Z@
AeCompute.dll,156556640,0x954dd60,flow,.?AV<lambda_1>@?4???$type@Vstring_id@1foonathan@@@TypeRegistry@flow@@QEAAAEAVDataTypeDefinition@2@V?$basic_string@DU?$char_traits@D@std@@V?$allocator@D@2@@std@@@Z@
AeCompute.dll,156556832,0x954de20,flow,.?AV<lambda_1>@?4???$func@UComputeByteSize@Property@flow@@UFlow@3@@DataTypeDefinition@flow@@QEAAAEAV12@AEBV?$function@$$A6A_KAEBUFlow@flow@@@Z@std@@@Z@
AeCompute.dll,156557008,0x954ded0,flow,.?AV<lambda_1>@?6???$func@UJsonDeserialize@Property@flow@@UFlow@3@@DataTypeDefinition@flow@@QEAAAEAV12@AEBV?$function@$$A6AXAEAUFlow@flow@@AEBV?$basic_json@Vmap@std@@Vvector@2@V?$basic_string@DU?$char_traits@D@std@@V?$allocator@D@2@@2@_N_J_KNVallocator@2@Uadl_serializer@json_abi_v3_11_3@nlohmann@@V?$vector@EV?$allocator@E@std@@@2@X@json_abi_v3_11_3@nlohmann@@@Z@std@@@Z@
AeCompute.dll,156557408,0x954e060,flow,.?AV<lambda_1>@?4???$func@UJsonSerialize@Property@flow@@UFlow@3@@DataTypeDefinition@flow@@QEAAAEAV12@AEBV?$function@$$A6A?AV?$basic_json@Vmap@std@@Vvector@2@V?$basic_string@DU?$char_traits@D@std@@V?$allocator@D@2@@2@_N_J_KNVallocator@2@Uadl_serializer@json_abi_v3_11_3@nlohmann@@V?$vector@EV?$allocator@E@std@@@2@X@json_abi_v3_11_3@nlohmann@@AEBUFlow@flow@@@Z@std@@@Z@
AeCompute.dll,156557808,0x954e1f0,flow,.?AV<lambda_2>@?9???$type@UFlow@flow@@@TypeRegistry@flow@@QEAAAEAVDataTypeDefinition@2@V?$basic_string@DU?$char_traits@D@std@@V?$allocator@D@2@@std@@@Z@
AeCompute.dll,156557984,0x954e2a0,flow,.?AV<lambda_1>@?4???$type@UFlow@flow@@@TypeRegistry@flow@@QEAAAEAVDataTypeDefinition@2@V?$basic_string@DU?$char_traits@D@std@@V?$allocator@D@2@@std@@@Z@
AeCompute.dll,156558160,0x954e350,flow,.?AV<lambda_1>@?1???$register_implicit_conversion_to@H@DataTypeDefinition@flow@@QEAAXV?$function@$$A6AHAEBVValue@flow@@@Z@std@@@Z@
AeCompute.dll,156558320,0x954e3f0,flow,.?AV<lambda_1>@?1???$register_implicit_conversion_to@M@DataTypeDefinition@flow@@QEAAXV?$function@$$A6AMAEBVValue@flow@@@Z@std@@@Z@
AeCompute.dll,156558480,0x954e490,flow,.?AV<lambda_1>@?5??get_subgraph_socket_map@flow@@YA?AV?$unordered_map@VSocket@flow@@V12@U?$hash@VSocket@flow@@@std@@U?$equal_to@VSocket@flow@@@4@V?$allocator@U?$pair@$$CBVSocket@flow@@V12@@std@@@4@@std@@VGraphHandle@2@VNode@2@@Z@
AeCompute.dll,156558736,0x954e590,flow,.?AV<lambda_1>@?1??update_subgraph_node_type@flow@@YA?AVstring_id@3foonathan@@VGraphHandle@2@@Z@
AeCompute.dll,156558864,0x954e610,flow,.?AV<lambda_3>@?1??execute@NodeImplementation@flow@@QEAA_NAEAVNodeContext@3@@Z@
AeCompute.dll,156558960,0x954e670,flow,.?AV<lambda_2>@?P@??fulfill_requirements@NodeImplementation@flow@@QEAA_NAEBV?$function@$$A6AXAEAVNodeImplementation@flow@@AEAVRequirementBase@2@MV?$basic_string_view@DU?$char_traits@D@std@@@std@@@Z@std@@AEBV?$function@$$A6AXXZ@5@@Z@
AeCompute.dll,156559216,0x954e770,flow,.?AV<lambda_1>@?P@??fulfill_requirements@NodeImplementation@flow@@QEAA_NAEBV?$function@$$A6AXAEAVNodeImplementation@flow@@AEAVRequirementBase@2@MV?$basic_string_view@DU?$char_traits@D@std@@@std@@@Z@std@@AEBV?$function@$$A6AXXZ@5@@Z@
AeCompute.dll,156559472,0x954e870,flow,.?AV<lambda_1>@?1???1NodeImplementation@flow@@UEAA@XZ@
AeCompute.dll,156559552,0x954e8c0,flow,.?AV<lambda_2>@?BJ@??execute@NodeImplementation@flow@@QEAA_NAEAVNodeContext@3@@Z@
AeCompute.dll,156559664,0x954e930,flow,.?AV<lambda_1>@?BH@??execute@NodeImplementation@flow@@QEAA_NAEAVNodeContext@3@@Z@
AeCompute.dll,156559776,0x954e9a0,flow,.P6AXAEAVValue@flow@@AEAV?$basic_istream@DU?$char_traits@D@std@@@std@@@Z
AeCompute.dll,156559872,0x954ea00,flow,.P6AXAEAV?$basic_ostream@DU?$char_traits@D@std@@@std@@AEBVValue@flow@@@Z
AeCompute.dll,156559968,0x954ea60,flow|cache,.?AV<lambda_1>@?1??make_default_memory_cache@flow@@YA?AV?$shared_ptr@VMemoryCache@flow@@@std@@_K@Z@
AeCompute.dll,156560480,0x954ec60,flow,.?AV<lambda_1>@?1??register_trigger_node@EventDefinition@flow@@QEAA?AVstring_id@4foonathan@@AEAVContext@3@@Z@
AeCompute.dll,156561056,0x954eea0,flow,.?AV<lambda_1>@?1???$func@$1?generic_event_fire_node@flow@@YA_NAEAVNodeContext@2@@Z@NodeFactory@flow@@QEAAAEAV12@XZ@
AeCompute.dll,156561200,0x954ef30,flow,.?AV?$_Fake_no_copy_callable_adapter@V<lambda_1>@?1???R1?1??register_trigger_node@EventDefinition@flow@@QEAA?AVstring_id@5foonathan@@AEAVContext@4@@Z@QEBA@AEAVNodeContext@4@@Z@@std@@
AeCompute.dll,156561408,0x954f000,flow,.?AV<lambda_1>@?1???$?0V?$_Fake_no_copy_callable_adapter@V<lambda_1>@?1???R1?1??register_trigger_node@EventDefinition@flow@@QEAA?AVstring_id@5foonathan@@AEAVContext@4@@Z@QEBA@AEAVNodeContext@4@@Z@@std@@@?$_Task_async_state@X@std@@QEAA@$$QEAV?$_Fake_no_copy_callable_adapter@V<lambda_1>@?1???R1?1??register_trigger_node@EventDefinition@flow@@QEAA?AVstring_id@5foonathan@@AEAVContext@4@@Z@QEBA@AEAVNodeContext@4@@Z@@2@@Z@
AeCompute.dll,156561856,0x954f1c0,flow,.?AV<lambda_2>@?BA@??destroy_values_by_affinity@flow@@YAXAEBVContext@2@AEBV?$unordered_map@V?$basic_string_view@DU?$char_traits@D@std@@@std@@V?$vector@PEAVValue@flow@@V?$allocator@PEAVValue@flow@@@std@@@2@U?$hash@V?$basic_string_view@DU?$char_traits@D@std@@@std@@@2@U?$equal_to@V?$basic_string_view@DU?$char_traits@D@std@@@std@@@2@V?$allocator@U?$pair@$$CBV?$basic_string_view@DU?$char_traits@D@std@@@std@@V?$vector@PEAVValue@flow@@V?$allocator@PEAVValue@flow@@@std@@@2@@std@@@2@@std@@V?$shared_ptr@VExecutorCycleDetector@flow@@@5@@Z@
AeCompute.dll,156562416,0x954f3f0,flow,.?AV<lambda_1>@?1??destroy_value@flow@@YA_NAEBVContext@2@AEAVValue@2@V?$shared_ptr@VExecutorCycleDetector@flow@@@std@@@Z@
AeCompute.dll,156562560,0x954f480,flow,.?AV?$_Fake_no_copy_callable_adapter@V<lambda_1>@?1??start@GraphEvaluation@flow@@QEAA_NXZ@@std@@
AeCompute.dll,156562688,0x954f500,flow,.?AV<lambda_1>@?1???$?0V?$_Fake_no_copy_callable_adapter@V<lambda_1>@?1??start@GraphEvaluation@flow@@QEAA_NXZ@@std@@@?$_Task_async_state@X@std@@QEAA@$$QEAV?$_Fake_no_copy_callable_adapter@V<lambda_1>@?1??start@GraphEvaluation@flow@@QEAA_NXZ@@2@@Z@
AeCompute.dll,156562952,0x954f608,flow,.?AVEvaluationExpired@flow@@
AeCompute.dll,156563000,0x954f638,flow,.?AVEvaluationCancelled@flow@@
AeCompute.dll,156563056,0x954f670,flow,.?AV<lambda_1>@?1??get_flow_successors@StreamEvaluation@flow@@AEAA?AV?$vector@VNode@flow@@V?$allocator@VNode@flow@@@std@@@std@@VNode@3@@Z@
AeCompute.dll,156563216,0x954f710,flow,.?AV<lambda_1>@?BD@??advance@StreamEvaluation@flow@@AEAA_NV?$shared_ptr@VExecutorCycleDetector@flow@@@std@@@Z@
AeCompute.dll,156563344,0x954f790,flow,.?AV?$_Fake_no_copy_callable_adapter@V<lambda_1>@?1??evaluate_async@StreamEvaluation@flow@@QEAAXXZ@@std@@
AeCompute.dll,156563472,0x954f810,flow,.?AV<lambda_1>@?1???$?0V?$_Fake_no_copy_callable_adapter@V<lambda_1>@?1??evaluate_async@StreamEvaluation@flow@@QEAAXXZ@@std@@@?$_Task_async_state@_N@std@@QEAA@$$QEAV?$_Fake_no_copy_callable_adapter@V<lambda_1>@?1??evaluate_async@StreamEvaluation@flow@@QEAAXXZ@@2@@Z@
AeCompute.dll,156563760,0x954f930,flow,.?AV<lambda_1>@?1??clear@StreamNodeContext@flow@@QEAAXXZ@
AeCompute.dll,156563840,0x954f980,flow,.?AV<lambda_1>@?BB@??evaluate@StreamNodeContext@flow@@UEAA_NXZ@
AeCompute.dll,156563920,0x954f9d0,flow,.?AV<lambda_1>@?1??compute_graph_domain@flow@@YA?AV?$unique_ptr@VGraphDomain@flow@@U?$default_delete@VGraphDomain@flow@@@std@@@std@@AEBV?$unordered_set@VSocket@flow@@U?$hash@VSocket@flow@@@std@@U?$equal_to@VSocket@flow@@@4@V?$allocator@VSocket@flow@@@4@@4@@Z@
AeCompute.dll,156564208,0x954faf0,flow,.?AV<lambda_1>@?1??get_source_nodes_for@flow@@YA?AU?$pair@V?$unordered_set@VNode@flow@@U?$hash@VNode@flow@@@std@@U?$equal_to@VNode@flow@@@4@V?$allocator@VNode@flow@@@4@@std@@V12@@std@@AEBVNode@2@@Z@
AeCompute.dll,156564432,0x954fbd0,flow,.?AV<lambda_1>@?3??rewrite_with_queue@Impl@TaskRewriter@flow@@QEAAXUStep@34@@Z@
AeCompute.dll,156564528,0x954fc30,flow,.?AV<lambda_1>@?3??rewrite_with_stack@Impl@TaskRewriter@flow@@QEAAXUStep@34@@Z@
AeCompute.dll,156564624,0x954fc90,flow,.?AV<lambda_1>@?1??get_dynamic_subgraph_function@Impl@TaskRewriter@flow@@SA?AV?$function@$$A6A?AVTaskData@flow@@V12@V?$function@$$A6A_NXZ@std@@@Z@std@@UStep@34@V?$weak_ptr@VTaskRewriter@flow@@@6@@Z@
AeCompute.dll,156564848,0x954fd70,flow,.?AV<lambda_1>@?1??get_merge_function@flow@@YA?AV?$function@$$A6A?AVTaskData@flow@@V12@V?$function@$$A6A_NXZ@std@@@Z@std@@VNode@2@VValue@2@AEBV?$basic_string@DU?$char_traits@D@std@@V?$allocator@D@2@@4@@Z@
AeCompute.dll,156565072,0x954fe50,flow,.?AV<lambda_1>@?1??get_regular_function@flow@@YA?AV?$function@$$A6A?AVTaskData@flow@@V12@V?$function@$$A6A_NXZ@std@@@Z@std@@VNode@2@@Z@
AeCompute.dll,156565232,0x954fef0,flow,.?AV<lambda_1>@?1??get_pass_through_function@flow@@YA?AV?$function@$$A6A?AVTaskData@flow@@V12@V?$function@$$A6A_NXZ@std@@@Z@std@@VNode@2@@Z@
AeCompute.dll,156565392,0x954ff90,flow,.?AV<lambda_1>@?1??get_element_getter_function@flow@@YA?AV?$function@$$A6A?AVTaskData@flow@@V12@V?$function@$$A6A_NXZ@std@@@Z@std@@VNode@2@VValue@2@@Z@
AeCompute.dll,156565568,0x9550040,flow,.?AV<lambda_1>@?1??get_init_function@flow@@YA?AV?$function@$$A6A?AVTaskData@flow@@V12@V?$function@$$A6A_NXZ@std@@@Z@std@@VNode@2@@Z@
AeCompute.dll,156565728,0x95500e0,flow,.?AV<lambda_1>@?1???0Impl@TaskRewriter@flow@@QEAA@VGraphHandle@3@AEBV?$shared_ptr@VTaskGraph@flow@@@std@@@Z@
AeCompute.dll,156565856,0x9550160,flow,.?AU?$default_delete@VValue@flow@@@std@@
AeCompute.dll,156565920,0x95501a0,flow,.?AV<lambda_1>@?1??run@TaskContext@flow@@QEAA_NXZ@
AeCompute.dll,156566000,0x95501f0,flow,.?AV<lambda_1>@?5???R0?1??run@TaskContext@flow@@QEAA_NXZ@QEBA@V?$shared_ptr@VExecutorCycleDetector@flow@@@std@@@Z@
AeCompute.dll,156566480,0x95503d0,flow,.?AV<lambda_1>@?1??JSON_to_loadfn@?A0x0ed68a4f@transmute@@YA?AV?$function@$$A6AXAEAVContext@flow@@@Z@std@@AEBV?$basic_json@Vmap@std@@Vvector@2@V?$basic_string@DU?$char_traits@D@std@@V?$allocator@D@2@@2@_N_J_KNVallocator@2@Uadl_serializer@json_abi_v3_11_3@nlohmann@@V?$vector@EV?$allocator@E@std@@@2@X@json_abi_v3_11_3@nlohmann@@AEBVpath@filesystem@5@@Z@
AeCompute.dll,156566864,0x9550550,flow,.?AV<lambda_3>@?BB@???R<lambda_1>@?1??JSON_to_loadfn@?A0x0ed68a4f@transmute@@YA?AV?$function@$$A6AXAEAVContext@flow@@@Z@std@@AEBV?$basic_json@Vmap@std@@Vvector@2@V?$basic_string@DU?$char_traits@D@std@@V?$allocator@D@2@@2@_N_J_KNVallocator@2@Uadl_serializer@json_abi_v3_11_3@nlohmann@@V?$vector@EV?$allocator@E@std@@@2@X@json_abi_v3_11_3@nlohmann@@AEBVpath@filesystem@6@@Z@QEBA@AEAVContext@flow@@@Z@
AeCompute.dll,156567280,0x95506f0,flow,.?AV<lambda_1>@?L@???R0?1??JSON_to_loadfn@?A0x0ed68a4f@transmute@@YA?AV?$function@$$A6AXAEAVContext@flow@@@Z@std@@AEBV?$basic_json@Vmap@std@@Vvector@2@V?$basic_string@DU?$char_traits@D@std@@V?$allocator@D@2@@2@_N_J_KNVallocator@2@Uadl_serializer@json_abi_v3_11_3@nlohmann@@V?$vector@EV?$allocator@E@std@@@2@X@json_abi_v3_11_3@nlohmann@@AEBVpath@filesystem@5@@Z@QEBA@AEAVContext@flow@@@Z@
AeCompute.dll,156567696,0x9550890,flow,.?AV<lambda_5>@?BF@??resolve_requirement@?A0x0ed68a4f@transmute@@YAXAEBV?$basic_string@DU?$char_traits@D@std@@V?$allocator@D@2@@std@@AEBV?$basic_json@Vmap@std@@Vvector@2@V?$basic_string@DU?$char_traits@D@std@@V?$allocator@D@2@@2@_N_J_KNVallocator@2@Uadl_serializer@json_abi_v3_11_3@nlohmann@@V?$vector@EV?$allocator@E@std@@@2@X@json_abi_v3_11_3@nlohmann@@AEBVpath@filesystem@5@2AEAV?$back_insert_iterator@V?$vector@V?$shared_ptr@VRequirementBase@flow@@@std@@V?$allocator@V?$shared_ptr@VRequirementBase@flow@@@std@@@2@@std@@@5@@Z@
AeCompute.dll,156568256,0x9550ac0,flow,.?AV<lambda_4>@?BB@??resolve_requirement@?A0x0ed68a4f@transmute@@YAXAEBV?$basic_string@DU?$char_traits@D@std@@V?$allocator@D@2@@std@@AEBV?$basic_json@Vmap@std@@Vvector@2@V?$basic_string@DU?$char_traits@D@std@@V?$allocator@D@2@@2@_N_J_KNVallocator@2@Uadl_serializer@json_abi_v3_11_3@nlohmann@@V?$vector@EV?$allocator@E@std@@@2@X@json_abi_v3_11_3@nlohmann@@AEBVpath@filesystem@5@2AEAV?$back_insert_iterator@V?$vector@V?$shared_ptr@VRequirementBase@flow@@@std@@V?$allocator@V?$shared_ptr@VRequirementBase@flow@@@std@@@2@@std@@@5@@Z@
AeCompute.dll,156568816,0x9550cf0,flow,.?AV<lambda_3>@?N@??resolve_requirement@?A0x0ed68a4f@transmute@@YAXAEBV?$basic_string@DU?$char_traits@D@std@@V?$allocator@D@2@@std@@AEBV?$basic_json@Vmap@std@@Vvector@2@V?$basic_string@DU?$char_traits@D@std@@V?$allocator@D@2@@2@_N_J_KNVallocator@2@Uadl_serializer@json_abi_v3_11_3@nlohmann@@V?$vector@EV?$allocator@E@std@@@2@X@json_abi_v3_11_3@nlohmann@@AEBVpath@filesystem@5@2AEAV?$back_insert_iterator@V?$vector@V?$shared_ptr@VRequirementBase@flow@@@std@@V?$allocator@V?$shared_ptr@VRequirementBase@flow@@@std@@@2@@std@@@5@@Z@
AeCompute.dll,156569376,0x9550f20,flow,.?AV<lambda_2>@?8??resolve_requirement@?A0x0ed68a4f@transmute@@YAXAEBV?$basic_string@DU?$char_traits@D@std@@V?$allocator@D@2@@std@@AEBV?$basic_json@Vmap@std@@Vvector@2@V?$basic_string@DU?$char_traits@D@std@@V?$allocator@D@2@@2@_N_J_KNVallocator@2@Uadl_serializer@json_abi_v3_11_3@nlohmann@@V?$vector@EV?$allocator@E@std@@@2@X@json_abi_v3_11_3@nlohmann@@AEBVpath@filesystem@5@2AEAV?$back_insert_iterator@V?$vector@V?$shared_ptr@VRequirementBase@flow@@@std@@V?$allocator@V?$shared_ptr@VRequirementBase@flow@@@std@@@2@@std@@@5@@Z@
AeCompute.dll,156569920,0x9551140,flow,.?AV<lambda_1>@?4??resolve_requirement@?A0x0ed68a4f@transmute@@YAXAEBV?$basic_string@DU?$char_traits@D@std@@V?$allocator@D@2@@std@@AEBV?$basic_json@Vmap@std@@Vvector@2@V?$basic_string@DU?$char_traits@D@std@@V?$allocator@D@2@@2@_N_J_KNVallocator@2@Uadl_serializer@json_abi_v3_11_3@nlohmann@@V?$vector@EV?$allocator@E@std@@@2@X@json_abi_v3_11_3@nlohmann@@AEBVpath@filesystem@5@2AEAV?$back_insert_iterator@V?$vector@V?$shared_ptr@VRequirementBase@flow@@@std@@V?$allocator@V?$shared_ptr@VRequirementBase@flow@@@std@@@2@@std@@@5@@Z@
AeCompute.dll,156570464,0x9551360,flow,.?AV<lambda_1>@?1???$func@$1?binary_image_op_array@?A0xfdc2dc91@transmute@@YA_NAEAVNodeContext@flow@@@Z@NodeFactory@flow@@QEAAAEAV12@XZ@
AeCompute.dll,156570624,0x9551400,flow,.?AV<lambda_1>@?1???$func@$1?binary_image_op@?A0xfdc2dc91@transmute@@YA_NAEAVNodeContext@flow@@@Z@NodeFactory@flow@@QEAAAEAV12@XZ@
AeCompute.dll,156570784,0x95514a0,flow,.?AV<lambda_1>@?1???$func@$1?unpack_rgba_to_depth_cast_func@?A0x9afbf3b6@transmute@@YA_NAEAVNodeContext@flow@@@Z@NodeFactory@flow@@QEAAAEAV12@XZ@
AeCompute.dll,156570960,0x9551550,flow,.?AV<lambda_1>@?1???$func@$1?unpack_rgba_to_depth_scaling_func@?A0x9afbf3b6@transmute@@YA_NAEAVNodeContext@flow@@@Z@NodeFactory@flow@@QEAAAEAV12@XZ@
AeCompute.dll,156571136,0x9551600,flow,.?AV<lambda_1>@?1???$func@$1?unpack_rgba_to_depth_threejs_func@?A0x9afbf3b6@transmute@@YA_NAEAVNodeContext@flow@@@Z@NodeFactory@flow@@QEAAAEAV12@XZ@
AeCompute.dll,156571312,0x95516b0,flow,.?AV<lambda_1>@?1???$func@$1?pack_depth_to_rgba_cast_func@?A0x9afbf3b6@transmute@@YA_NAEAVNodeContext@flow@@@Z@NodeFactory@flow@@QEAAAEAV12@XZ@
AeCompute.dll,156571472,0x9551750,flow,.?AV<lambda_1>@?1???$func@$1?pack_depth_to_rgba_scaling_func@?A0x9afbf3b6@transmute@@YA_NAEAVNodeContext@flow@@@Z@NodeFactory@flow@@QEAAAEAV12@XZ@
AeCompute.dll,156571648,0x9551800,flow,.?AV<lambda_1>@?1???$func@$1?pack_depth_to_rgba_threejs_func@?A0x9afbf3b6@transmute@@YA_NAEAVNodeContext@flow@@@Z@NodeFactory@flow@@QEAAAEAV12@XZ@
AeCompute.dll,156571816,0x95518a8,flow,.P6A_NAEAVNodeContext@flow@@@Z
AeCompute.dll,156571872,0x95518e0,flow,.?AV<lambda_1>@?1???$func@$1?split_channels_func@?A0xadffffae@transmute@@YA_NAEAVNodeContext@flow@@@Z@NodeFactory@flow@@QEAAAEAV12@XZ@
AeCompute.dll,156572032,0x9551980,flow,.?AV<lambda_1>@?1???$func@$1?extract_channel_by_index_func@?A0xadffffae@transmute@@YA_NAEAVNodeContext@flow@@@Z@NodeFactory@flow@@QEAAAEAV12@XZ@
AeCompute.dll,156572208,0x9551a30,flow,.?AV<lambda_1>@?1???$func@$1?extract_channel_func@?A0xadffffae@transmute@@YA_NAEAVNodeContext@flow@@@Z@NodeFactory@flow@@QEAAAEAV12@XZ@
AeCompute.dll,156572368,0x9551ad0,flow,.?AV<lambda_1>@?1???$func@$1?add_alpha_channel_func@?A0xadffffae@transmute@@YA_NAEAVNodeContext@flow@@@Z@NodeFactory@flow@@QEAAAEAV12@XZ@
AeCompute.dll,156572528,0x9551b70,flow,.?AV<lambda_1>@?1???$func@$1?erode_func@?A0xaa300f36@transmute@@YA_NAEAVNodeContext@flow@@@Z@NodeFactory@flow@@QEAAAEAV12@XZ@
AeCompute.dll,156572672,0x9551c00,flow,.?AV<lambda_1>@?1???$func@$1?dilate_func@?A0xaa300f36@transmute@@YA_NAEAVNodeContext@flow@@@Z@NodeFactory@flow@@QEAAAEAV12@XZ@
AeCompute.dll,156572816,0x9551c90,flow,.?AV<lambda_2>@?1??register_region_nodes@transmute@@YAXPEAVContext@flow@@@Z@
AeCompute.dll,156572912,0x9551cf0,flow,.?AV<lambda_1>@?1??register_region_nodes@transmute@@YAXPEAVContext@flow@@@Z@
AeCompute.dll,156573008,0x9551d50,flow,.?AV<lambda_1>@?1???$func@$1?image_float_values_remapping_func@?A0x30f07ddb@transmute@@YA_NAEAVNodeContext@flow@@@Z@NodeFactory@flow@@QEAAAEAV12@XZ@
AeCompute.dll,156573184,0x9551e00,flow,.?AV<lambda_1>@?1???$func@$1?convert_disparity_depth_func_tensor@?A0x30f07ddb@transmute@@YA_NAEAVNodeContext@flow@@@Z@NodeFactory@flow@@QEAAAEAV12@XZ@
AeCompute.dll,156573360,0x9551eb0,flow,.?AV<lambda_1>@?1???$func@$1?convert_disparity_depth_func@?A0x30f07ddb@transmute@@YA_NAEAVNodeContext@flow@@@Z@NodeFactory@flow@@QEAAAEAV12@XZ@
AeCompute.dll,156573520,0x9551f50,flow,.?AV<lambda_1>@?1???$func@$1?query_image_func@?A0x30f07ddb@transmute@@YA_NAEAVNodeContext@flow@@@Z@NodeFactory@flow@@QEAAAEAV12@XZ@
AeCompute.dll,156573680,0x9551ff0,flow,.?AV<lambda_1>@?1???$func@$1?invert_image_func@?A0x30f07ddb@transmute@@YA_NAEAVNodeContext@flow@@@Z@NodeFactory@flow@@QEAAAEAV12@XZ@
AeCompute.dll,156573840,0x9552090,flow,.?AV<lambda_1>@?1???$func@$1?fill_image_func@?A0x30f07ddb@transmute@@YA_NAEAVNodeContext@flow@@@Z@NodeFactory@flow@@QEAAAEAV12@XZ@
AeCompute.dll,156574000,0x9552130,flow,.?AV<lambda_1>@?1???$func@$1?create_image_func@?A0x30f07ddb@transmute@@YA_NAEAVNodeContext@flow@@@Z@NodeFactory@flow@@QEAAAEAV12@XZ@
AeCompute.dll,156574160,0x95521d0,flow,.?AV<lambda_1>@?1???$func@$1?convert_image_func@?A0x30f07ddb@transmute@@YA_NAEAVNodeContext@flow@@@Z@NodeFactory@flow@@QEAAAEAV12@XZ@
AeCompute.dll,156574320,0x9552270,flow,.?AV<lambda_1>@?1???$func@$1?clone_image_func@?A0x30f07ddb@transmute@@YA_NAEAVNodeContext@flow@@@Z@NodeFactory@flow@@QEAAAEAV12@XZ@
AeCompute.dll,156575792,0x9552830,flow,.?AV<lambda_1>@?4???$func@UComputeByteSize@Property@flow@@V?$shared_ptr@VImage@solax@@@std@@@DataTypeDefinition@flow@@QEAAAEAV12@AEBV?$function@$$A6A_KAEBV?$shared_ptr@VImage@solax@@@std@@@Z@std@@@Z@
AeCompute.dll,156576016,0x9552910,flow,.?AV<lambda_1>@?4???$func@UHash@Property@flow@@V?$shared_ptr@VImage@solax@@@std@@@DataTypeDefinition@flow@@QEAAAEAV12@AEBV?$function@$$A6A_KAEBV?$shared_ptr@VImage@solax@@@std@@@Z@std@@@Z@
AeCompute.dll,156576224,0x95529e0,flow,.?AV<lambda_1>@?6???$func@UJsonDeserialize@Property@flow@@V?$shared_ptr@VImage@solax@@@std@@@DataTypeDefinition@flow@@QEAAAEAV12@AEBV?$function@$$A6AXAEAV?$shared_ptr@VImage@solax@@@std@@AEBV?$basic_json@Vmap@std@@Vvector@2@V?$basic_string@DU?$char_traits@D@std@@V?$allocator@D@2@@2@_N_J_KNVallocator@2@Uadl_serializer@json_abi_v3_11_3@nlohmann@@V?$vector@EV?$allocator@E@std@@@2@X@json_abi_v3_11_3@nlohmann@@@Z@std@@@Z@
AeCompute.dll,156576672,0x9552ba0,flow,.?AV<lambda_1>@?4???$func@UJsonSerialize@Property@flow@@V?$shared_ptr@VImage@solax@@@std@@@DataTypeDefinition@flow@@QEAAAEAV12@AEBV?$function@$$A6A?AV?$basic_json@Vmap@std@@Vvector@2@V?$basic_string@DU?$char_traits@D@std@@V?$allocator@D@2@@2@_N_J_KNVallocator@2@Uadl_serializer@json_abi_v3_11_3@nlohmann@@V?$vector@EV?$allocator@E@std@@@2@X@json_abi_v3_11_3@nlohmann@@AEBV?$shared_ptr@VImage@solax@@@std@@@Z@std@@@Z@
AeCompute.dll,156577120,0x9552d60,flow,.?AV<lambda_1>@?4???$func@UComputeByteSize@Property@flow@@W4ChannelType@solax@@@DataTypeDefinition@flow@@QEAAAEAV12@AEBV?$function@$$A6A_KAEBW4ChannelType@solax@@@Z@std@@@Z@
AeCompute.dll,156577312,0x9552e20,flow,.?AV<lambda_1>@?4???$func@UHash@Property@flow@@W4ChannelType@solax@@@DataTypeDefinition@flow@@QEAAAEAV12@AEBV?$function@$$A6A_KAEBW4ChannelType@solax@@@Z@std@@@Z@
AeCompute.dll,156577504,0x9552ee0,flow,.?AV<lambda_1>@?1???$register_as_enum@W4ChannelType@solax@@@DataTypeDefinition@flow@@QEAAXAEBV?$vector@V?$basic_string@DU?$char_traits@D@std@@V?$allocator@D@2@@std@@V?$allocator@V?$basic_string@DU?$char_traits@D@std@@V?$allocator@D@2@@std@@@2@@std@@AEBV?$vector@W4ChannelType@solax@@V?$allocator@W4ChannelType@solax@@@std@@@4@@Z@
AeCompute.dll,156577856,0x9553040,flow,.?AV<lambda_1>@?6???$func@UJsonDeserialize@Property@flow@@W4ScalarType@solax@@@DataTypeDefinition@flow@@QEAAAEAV12@AEBV?$function@$$A6AXAEAW4ScalarType@solax@@AEBV?$basic_json@Vmap@std@@Vvector@2@V?$basic_string@DU?$char_traits@D@std@@V?$allocator@D@2@@2@_N_J_KNVallocator@2@Uadl_serializer@json_abi_v3_11_3@nlohmann@@V?$vector@EV?$allocator@E@std@@@2@X@json_abi_v3_11_3@nlohmann@@@Z@std@@@Z@
AeCompute.dll,156578272,0x95531e0,flow,.?AV<lambda_1>@?4???$func@UJsonSerialize@Property@flow@@W4ScalarType@solax@@@DataTypeDefinition@flow@@QEAAAEAV12@AEBV?$function@$$A6A?AV?$basic_json@Vmap@std@@Vvector@2@V?$basic_string@DU?$char_traits@D@std@@V?$allocator@D@2@@2@_N_J_KNVallocator@2@Uadl_serializer@json_abi_v3_11_3@nlohmann@@V?$vector@EV?$allocator@E@std@@@2@X@json_abi_v3_11_3@nlohmann@@AEBW4ScalarType@solax@@@Z@std@@@Z@
AeCompute.dll,156578688,0x9553380,flow,.?AV<lambda_1>@?4???$func@UComputeByteSize@Property@flow@@W4ScalarType@solax@@@DataTypeDefinition@flow@@QEAAAEAV12@AEBV?$function@$$A6A_KAEBW4ScalarType@solax@@@Z@std@@@Z@
AeCompute.dll,156578880,0x9553440,flow,.?AV<lambda_1>@?4???$func@UHash@Property@flow@@W4ScalarType@solax@@@DataTypeDefinition@flow@@QEAAAEAV12@AEBV?$function@$$A6A_KAEBW4ScalarType@solax@@@Z@std@@@Z@
AeCompute.dll,156579072,0x9553500,flow,.?AV<lambda_1>@?1???$register_as_enum@W4ScalarType@solax@@@DataTypeDefinition@flow@@QEAAXAEBV?$vector@V?$basic_string@DU?$char_traits@D@std@@V?$allocator@D@2@@std@@V?$allocator@V?$basic_string@DU?$char_traits@D@std@@V?$allocator@D@2@@std@@@2@@std@@AEBV?$vector@W4ScalarType@solax@@V?$allocator@W4ScalarType@solax@@@std@@@4@@Z@
AeCompute.dll,156579424,0x9553660,flow,.?AV<lambda_1>@?6???$func@UJsonDeserialize@Property@flow@@W4ColorSpace@solax@@@DataTypeDefinition@flow@@QEAAAEAV12@AEBV?$function@$$A6AXAEAW4ColorSpace@solax@@AEBV?$basic_json@Vmap@std@@Vvector@2@V?$basic_string@DU?$char_traits@D@std@@V?$allocator@D@2@@2@_N_J_KNVallocator@2@Uadl_serializer@json_abi_v3_11_3@nlohmann@@V?$vector@EV?$allocator@E@std@@@2@X@json_abi_v3_11_3@nlohmann@@@Z@std@@@Z@
AeCompute.dll,156579840,0x9553800,flow,.?AV<lambda_1>@?4???$func@UJsonSerialize@Property@flow@@W4ColorSpace@solax@@@DataTypeDefinition@flow@@QEAAAEAV12@AEBV?$function@$$A6A?AV?$basic_json@Vmap@std@@Vvector@2@V?$basic_string@DU?$char_traits@D@std@@V?$allocator@D@2@@2@_N_J_KNVallocator@2@Uadl_serializer@json_abi_v3_11_3@nlohmann@@V?$vector@EV?$allocator@E@std@@@2@X@json_abi_v3_11_3@nlohmann@@AEBW4ColorSpace@solax@@@Z@std@@@Z@
AeCompute.dll,156580256,0x95539a0,flow,.?AV<lambda_1>@?4???$func@UComputeByteSize@Property@flow@@W4ColorSpace@solax@@@DataTypeDefinition@flow@@QEAAAEAV12@AEBV?$function@$$A6A_KAEBW4ColorSpace@solax@@@Z@std@@@Z@
AeCompute.dll,156580448,0x9553a60,flow,.?AV<lambda_1>@?4???$func@UHash@Property@flow@@W4ColorSpace@solax@@@DataTypeDefinition@flow@@QEAAAEAV12@AEBV?$function@$$A6A_KAEBW4ColorSpace@solax@@@Z@std@@@Z@
AeCompute.dll,156580640,0x9553b20,flow,.?AV<lambda_1>@?1???$register_as_enum@W4ColorSpace@solax@@@DataTypeDefinition@flow@@QEAAXAEBV?$vector@V?$basic_string@DU?$char_traits@D@std@@V?$allocator@D@2@@std@@V?$allocator@V?$basic_string@DU?$char_traits@D@std@@V?$allocator@D@2@@std@@@2@@std@@AEBV?$vector@W4ColorSpace@solax@@V?$allocator@W4ColorSpace@solax@@@std@@@4@@Z@
AeCompute.dll,156580992,0x9553c80,flow,.?AV<lambda_2>@?9???$type@V?$shared_ptr@VImage@solax@@@std@@@TypeRegistry@flow@@QEAAAEAVDataTypeDefinition@2@V?$basic_string@DU?$char_traits@D@std@@V?$allocator@D@2@@std@@@Z@
AeCompute.dll,156581184,0x9553d40,flow,.?AV<lambda_1>@?4???$type@V?$shared_ptr@VImage@solax@@@std@@@TypeRegistry@flow@@QEAAAEAVDataTypeDefinition@2@V?$basic_string@DU?$char_traits@D@std@@V?$allocator@D@2@@std@@@Z@
AeCompute.dll,156581376,0x9553e00,flow,.?AV<lambda_1>@?6???$func@UWidget@Property@flow@@W4ChannelType@solax@@@DataTypeDefinition@flow@@QEAAAEAV12@AEBV?$function@$$A6A_NAEAW4ChannelType@solax@@AEAUUIData@flow@@AEBVProperties@4@@Z@std@@@Z@
AeCompute.dll,156581600,0x9553ee0,flow,.?AV<lambda_2>@?9???$type@W4ChannelType@solax@@@TypeRegistry@flow@@QEAAAEAVDataTypeDefinition@2@V?$basic_string@DU?$char_traits@D@std@@V?$allocator@D@2@@std@@@Z@
AeCompute.dll,156581792,0x9553fa0,flow,.?AV<lambda_1>@?4???$type@W4ChannelType@solax@@@TypeRegistry@flow@@QEAAAEAVDataTypeDefinition@2@V?$basic_string@DU?$char_traits@D@std@@V?$allocator@D@2@@std@@@Z@
AeCompute.dll,156581984,0x9554060,flow,.?AV<lambda_1>@?6???$func@UWidget@Property@flow@@W4ScalarType@solax@@@DataTypeDefinition@flow@@QEAAAEAV12@AEBV?$function@$$A6A_NAEAW4ScalarType@solax@@AEAUUIData@flow@@AEBVProperties@4@@Z@std@@@Z@
AeCompute.dll,156582208,0x9554140,flow,.?AV<lambda_2>@?9???$type@W4ScalarType@solax@@@TypeRegistry@flow@@QEAAAEAVDataTypeDefinition@2@V?$basic_string@DU?$char_traits@D@std@@V?$allocator@D@2@@std@@@Z@
AeCompute.dll,156582400,0x9554200,flow,.?AV<lambda_1>@?4???$type@W4ScalarType@solax@@@TypeRegistry@flow@@QEAAAEAVDataTypeDefinition@2@V?$basic_string@DU?$char_traits@D@std@@V?$allocator@D@2@@std@@@Z@
AeCompute.dll,156582592,0x95542c0,flow,.?AV<lambda_1>@?6???$func@UWidget@Property@flow@@W4ColorSpace@solax@@@DataTypeDefinition@flow@@QEAAAEAV12@AEBV?$function@$$A6A_NAEAW4ColorSpace@solax@@AEAUUIData@flow@@AEBVProperties@4@@Z@std@@@Z@
AeCompute.dll,156582816,0x95543a0,flow,.?AV<lambda_2>@?9???$type@W4ColorSpace@solax@@@TypeRegistry@flow@@QEAAAEAVDataTypeDefinition@2@V?$basic_string@DU?$char_traits@D@std@@V?$allocator@D@2@@std@@@Z@
AeCompute.dll,156583008,0x9554460,flow,.?AV<lambda_1>@?4???$type@W4ColorSpace@solax@@@TypeRegistry@flow@@QEAAAEAVDataTypeDefinition@2@V?$basic_string@DU?$char_traits@D@std@@V?$allocator@D@2@@std@@@Z@
AeCompute.dll,156583200,0x9554520,flow,.?AV<lambda_6>@?1??register_imageregion@transmute@@YAXAEAVContext@flow@@@Z@
AeCompute.dll,156583296,0x9554580,flow,.?AV<lambda_5>@?1??register_imageregion@transmute@@YAXAEAVContext@flow@@@Z@
AeCompute.dll,156583392,0x95545e0,flow,.?AV<lambda_4>@?1??register_imageregion@transmute@@YAXAEAVContext@flow@@@Z@
AeCompute.dll,156583488,0x9554640,flow,.?AV<lambda_3>@?1??register_imageregion@transmute@@YAXAEAVContext@flow@@@Z@
AeCompute.dll,156583584,0x95546a0,flow,.?AV<lambda_2>@?1??register_imageregion@transmute@@YAXAEAVContext@flow@@@Z@
AeCompute.dll,156583680,0x9554700,flow,.?AV<lambda_1>@?1??register_imageregion@transmute@@YAXAEAVContext@flow@@@Z@
AeCompute.dll,156583776,0x9554760,flow,.?AV<lambda_1>@?4???$func@UComputeByteSize@Property@flow@@VImageRegion@transmute@@@DataTypeDefinition@flow@@QEAAAEAV12@AEBV?$function@$$A6A_KAEBVImageRegion@transmute@@@Z@std@@@Z@
AeCompute.dll,156583984,0x9554830,flow,.?AV<lambda_1>@?4???$func@UHash@Property@flow@@VImageRegion@transmute@@@DataTypeDefinition@flow@@QEAAAEAV12@AEBV?$function@$$A6A_KAEBVImageRegion@transmute@@@Z@std@@@Z@
AeCompute.dll,156584176,0x95548f0,flow,.?AV<lambda_1>@?6???$func@UJsonDeserialize@Property@flow@@VImageRegion@transmute@@@DataTypeDefinition@flow@@QEAAAEAV12@AEBV?$function@$$A6AXAEAVImageRegion@transmute@@AEBV?$basic_json@Vmap@std@@Vvector@2@V?$basic_string@DU?$char_traits@D@std@@V?$allocator@D@2@@2@_N_J_KNVallocator@2@Uadl_serializer@json_abi_v3_11_3@nlohmann@@V?$vector@EV?$allocator@E@std@@@2@X@json_abi_v3_11_3@nlohmann@@@Z@std@@@Z@
AeCompute.dll,156584608,0x9554aa0,flow,.?AV<lambda_1>@?4???$func@UJsonSerialize@Property@flow@@VImageRegion@transmute@@@DataTypeDefinition@flow@@QEAAAEAV12@AEBV?$function@$$A6A?AV?$basic_json@Vmap@std@@Vvector@2@V?$basic_string@DU?$char_traits@D@std@@V?$allocator@D@2@@2@_N_J_KNVallocator@2@Uadl_serializer@json_abi_v3_11_3@nlohmann@@V?$vector@EV?$allocator@E@std@@@2@X@json_abi_v3_11_3@nlohmann@@AEBVImageRegion@transmute@@@Z@std@@@Z@
AeCompute.dll,156585024,0x9554c40,flow,.?AV<lambda_2>@?9???$type@VImageRegion@transmute@@@TypeRegistry@flow@@QEAAAEAVDataTypeDefinition@2@V?$basic_string@DU?$char_traits@D@std@@V?$allocator@D@2@@std@@@Z@
AeCompute.dll,156585216,0x9554d00,flow,.?AV<lambda_1>@?4???$type@VImageRegion@transmute@@@TypeRegistry@flow@@QEAAAEAVDataTypeDefinition@2@V?$basic_string@DU?$char_traits@D@std@@V?$allocator@D@2@@std@@@Z@
AeCompute.dll,156585408,0x9554dc0,flow,.?AV<lambda_8>@?1??module_load@_VideoOps@@YAXPEAVContext@flow@@PEAX@Z@
AeCompute.dll,156585504,0x9554e20,flow,.?AV<lambda_7>@?1??module_load@_VideoOps@@YAXPEAVContext@flow@@PEAX@Z@
AeCompute.dll,156585600,0x9554e80,flow,.?AV<lambda_6>@?1??module_load@_VideoOps@@YAXPEAVContext@flow@@PEAX@Z@
AeCompute.dll,156585696,0x9554ee0,flow,.?AV<lambda_5>@?3??module_load@_VideoOps@@YAXPEAVContext@flow@@PEAX@Z@
AeCompute.dll,156585792,0x9554f40,flow,.?AV<lambda_4>@?3??module_load@_VideoOps@@YAXPEAVContext@flow@@PEAX@Z@
AeCompute.dll,156585888,0x9554fa0,flow,.?AV<lambda_3>@?1??module_load@_VideoOps@@YAXPEAVContext@flow@@PEAX@Z@
AeCompute.dll,156585984,0x9555000,flow,.?AV<lambda_2>@?2??module_load@_VideoOps@@YAXPEAVContext@flow@@PEAX@Z@
AeCompute.dll,156586080,0x9555060,flow,.?AV<lambda_1>@?2??module_load@_VideoOps@@YAXPEAVContext@flow@@PEAX@Z@
AeCompute.dll,156586176,0x95550c0,flow,.?AV<lambda_13>@?9??register_time_remapping_nodes@@YAXAEAVContext@flow@@@Z@
AeCompute.dll,156586272,0x9555120,flow,.?AV<lambda_12>@?8??register_time_remapping_nodes@@YAXAEAVContext@flow@@@Z@
AeCompute.dll,156586368,0x9555180,flow,.?AV<lambda_11>@?7??register_time_remapping_nodes@@YAXAEAVContext@flow@@@Z@
AeCompute.dll,156586464,0x95551e0,flow,.?AV<lambda_10>@?6??register_time_remapping_nodes@@YAXAEAVContext@flow@@@Z@
AeCompute.dll,156586560,0x9555240,flow,.?AV<lambda_9>@?6??register_time_remapping_nodes@@YAXAEAVContext@flow@@@Z@
AeCompute.dll,156586656,0x95552a0,flow,.?AV<lambda_8>@?5??register_time_remapping_nodes@@YAXAEAVContext@flow@@@Z@
AeCompute.dll,156586752,0x9555300,flow,.?AV<lambda_7>@?5??register_time_remapping_nodes@@YAXAEAVContext@flow@@@Z@
AeCompute.dll,156586848,0x9555360,flow,.?AV<lambda_6>@?4??register_time_remapping_nodes@@YAXAEAVContext@flow@@@Z@
AeCompute.dll,156586944,0x95553c0,flow,.?AV<lambda_5>@?4??register_time_remapping_nodes@@YAXAEAVContext@flow@@@Z@
AeCompute.dll,156587040,0x9555420,flow,.?AV<lambda_4>@?4??register_time_remapping_nodes@@YAXAEAVContext@flow@@@Z@
AeCompute.dll,156587136,0x9555480,flow,.?AV<lambda_3>@?3??register_time_remapping_nodes@@YAXAEAVContext@flow@@@Z@
AeCompute.dll,156587232,0x95554e0,flow,.?AV<lambda_2>@?3??register_time_remapping_nodes@@YAXAEAVContext@flow@@@Z@
AeCompute.dll,156587328,0x9555540,flow,.?AV<lambda_1>@?2??register_time_remapping_nodes@@YAXAEAVContext@flow@@@Z@
AeCompute.dll,156587424,0x95555a0,flow,.?AV<lambda_1>@?1???$custom@VVideoNew@transmute@@@Offset@flow@@SA?AV12@V?$function@$$A6A?AVValue@flow@@AEBVRational@solax@@AEBV?$unordered_map@V?$basic_string@DU?$char_traits@D@std@@V?$allocator@D@2@@std@@VValue@flow@@U?$hash@V?$basic_string@DU?$char_traits@D@std@@V?$allocator@D@2@@std@@@2@U?$equal_to@V?$basic_string@DU?$char_traits@D@std@@V?$allocator@D@2@@std@@@2@V?$allocator@U?$pair@$$CBV?$basic_string@DU?$char_traits@D@std@@V?$allocator@D@2@@std@@VValue@flow@@@std@@@2@@std@@0PEBV34@PEBV?$ScalarSubset@VRational@solax@@V12@@2@@Z@std@@@Z@
AeCompute.dll,156589152,0x9555c60,flow,.?AV<lambda_1>@?6???$func@UJsonDeserialize@Property@flow@@VRational@solax@@@DataTypeDefinition@flow@@QEAAAEAV12@AEBV?$function@$$A6AXAEAVRational@solax@@AEBV?$basic_json@Vmap@std@@Vvector@2@V?$basic_string@DU?$char_traits@D@std@@V?$allocator@D@2@@2@_N_J_KNVallocator@2@Uadl_serializer@json_abi_v3_11_3@nlohmann@@V?$vector@EV?$allocator@E@std@@@2@X@json_abi_v3_11_3@nlohmann@@@Z@std@@@Z@
AeCompute.dll,156589568,0x9555e00,flow,.?AV<lambda_1>@?4???$func@UJsonSerialize@Property@flow@@VRational@solax@@@DataTypeDefinition@flow@@QEAAAEAV12@AEBV?$function@$$A6A?AV?$basic_json@Vmap@std@@Vvector@2@V?$basic_string@DU?$char_traits@D@std@@V?$allocator@D@2@@2@_N_J_KNVallocator@2@Uadl_serializer@json_abi_v3_11_3@nlohmann@@V?$vector@EV?$allocator@E@std@@@2@X@json_abi_v3_11_3@nlohmann@@AEBVRational@solax@@@Z@std@@@Z@
AeCompute.dll,156589968,0x9555f90,flow,.?AV<lambda_1>@?4???$func@UComputeByteSize@Property@flow@@VRational@solax@@@DataTypeDefinition@flow@@QEAAAEAV12@AEBV?$function@$$A6A_KAEBVRational@solax@@@Z@std@@@Z@
AeCompute.dll,156590160,0x9556050,flow,.?AV<lambda_1>@?4???$func@UHash@Property@flow@@VRational@solax@@@DataTypeDefinition@flow@@QEAAAEAV12@AEBV?$function@$$A6A_KAEBVRational@solax@@@Z@std@@@Z@
AeCompute.dll,156590336,0x9556100,flow,.?AV<lambda_1>@?6???$func@UJsonDeserialize@Property@flow@@VFrame@solax@@@DataTypeDefinition@flow@@QEAAAEAV12@AEBV?$function@$$A6AXAEAVFrame@solax@@AEBV?$basic_json@Vmap@std@@Vvector@2@V?$basic_string@DU?$char_traits@D@std@@V?$allocator@D@2@@2@_N_J_KNVallocator@2@Uadl_serializer@json_abi_v3_11_3@nlohmann@@V?$vector@EV?$allocator@E@std@@@2@X@json_abi_v3_11_3@nlohmann@@@Z@std@@@Z@
AeCompute.dll,156590736,0x9556290,flow,.?AV<lambda_1>@?4???$func@UJsonSerialize@Property@flow@@VFrame@solax@@@DataTypeDefinition@flow@@QEAAAEAV12@AEBV?$function@$$A6A?AV?$basic_json@Vmap@std@@Vvector@2@V?$basic_string@DU?$char_traits@D@std@@V?$allocator@D@2@@2@_N_J_KNVallocator@2@Uadl_serializer@json_abi_v3_11_3@nlohmann@@V?$vector@EV?$allocator@E@std@@@2@X@json_abi_v3_11_3@nlohmann@@AEBVFrame@solax@@@Z@std@@@Z@
AeCompute.dll,156591136,0x9556420,flow,.?AV<lambda_1>@?4???$func@UComputeByteSize@Property@flow@@VFrame@solax@@@DataTypeDefinition@flow@@QEAAAEAV12@AEBV?$function@$$A6A_KAEBVFrame@solax@@@Z@std@@@Z@
AeCompute.dll,156591312,0x95564d0,flow,.?AV<lambda_1>@?4???$func@UHash@Property@flow@@VFrame@solax@@@DataTypeDefinition@flow@@QEAAAEAV12@AEBV?$function@$$A6A_KAEBVFrame@solax@@@Z@std@@@Z@
AeCompute.dll,156591488,0x9556580,flow,.?AV<lambda_1>@?4???$func@UComputeByteSize@Property@flow@@V?$shared_ptr@VVideo@transmute@@@std@@@DataTypeDefinition@flow@@QEAAAEAV12@AEBV?$function@$$A6A_KAEBV?$shared_ptr@VVideo@transmute@@@std@@@Z@std@@@Z@
AeCompute.dll,156591712,0x9556660,flow,.?AV<lambda_1>@?4???$func@UHash@Property@flow@@V?$shared_ptr@VVideo@transmute@@@std@@@DataTypeDefinition@flow@@QEAAAEAV12@AEBV?$function@$$A6A_KAEBV?$shared_ptr@VVideo@transmute@@@std@@@Z@std@@@Z@
AeCompute.dll,156591936,0x9556740,flow,.?AV<lambda_1>@?6???$func@UJsonDeserialize@Property@flow@@V?$shared_ptr@VVideo@transmute@@@std@@@DataTypeDefinition@flow@@QEAAAEAV12@AEBV?$function@$$A6AXAEAV?$shared_ptr@VVideo@transmute@@@std@@AEBV?$basic_json@Vmap@std@@Vvector@2@V?$basic_string@DU?$char_traits@D@std@@V?$allocator@D@2@@2@_N_J_KNVallocator@2@Uadl_serializer@json_abi_v3_11_3@nlohmann@@V?$vector@EV?$allocator@E@std@@@2@X@json_abi_v3_11_3@nlohmann@@@Z@std@@@Z@
AeCompute.dll,156592384,0x9556900,flow,.?AV<lambda_1>@?4???$func@UJsonSerialize@Property@flow@@V?$shared_ptr@VVideo@transmute@@@std@@@DataTypeDefinition@flow@@QEAAAEAV12@AEBV?$function@$$A6A?AV?$basic_json@Vmap@std@@Vvector@2@V?$basic_string@DU?$char_traits@D@std@@V?$allocator@D@2@@2@_N_J_KNVallocator@2@Uadl_serializer@json_abi_v3_11_3@nlohmann@@V?$vector@EV?$allocator@E@std@@@2@X@json_abi_v3_11_3@nlohmann@@AEBV?$shared_ptr@VVideo@transmute@@@std@@@Z@std@@@Z@
AeCompute.dll,156592832,0x9556ac0,flow,.?AV<lambda_2>@?9???$type@VRational@solax@@@TypeRegistry@flow@@QEAAAEAVDataTypeDefinition@2@V?$basic_string@DU?$char_traits@D@std@@V?$allocator@D@2@@std@@@Z@
AeCompute.dll,156593008,0x9556b70,flow,.?AV<lambda_1>@?4???$type@VRational@solax@@@TypeRegistry@flow@@QEAAAEAVDataTypeDefinition@2@V?$basic_string@DU?$char_traits@D@std@@V?$allocator@D@2@@std@@@Z@
AeCompute.dll,156593184,0x9556c20,flow,.?AV<lambda_2>@?9???$type@VFrame@solax@@@TypeRegistry@flow@@QEAAAEAVDataTypeDefinition@2@V?$basic_string@DU?$char_traits@D@std@@V?$allocator@D@2@@std@@@Z@
AeCompute.dll,156593360,0x9556cd0,flow,.?AV<lambda_1>@?4???$type@VFrame@solax@@@TypeRegistry@flow@@QEAAAEAVDataTypeDefinition@2@V?$basic_string@DU?$char_traits@D@std@@V?$allocator@D@2@@std@@@Z@
AeCompute.dll,156593536,0x9556d80,flow,.?AV<lambda_2>@?9???$type@VVideoNew@transmute@@@TypeRegistry@flow@@QEAAAEAVDataTypeDefinition@2@V?$basic_string@DU?$char_traits@D@std@@V?$allocator@D@2@@std@@@Z@
AeCompute.dll,156593728,0x9556e40,flow,.?AV<lambda_1>@?4???$type@VVideoNew@transmute@@@TypeRegistry@flow@@QEAAAEAVDataTypeDefinition@2@V?$basic_string@DU?$char_traits@D@std@@V?$allocator@D@2@@std@@@Z@
AeCompute.dll,156593920,0x9556f00,flow,.?AV<lambda_2>@?9???$type@V?$shared_ptr@VVideo@transmute@@@std@@@TypeRegistry@flow@@QEAAAEAVDataTypeDefinition@2@V?$basic_string@DU?$char_traits@D@std@@V?$allocator@D@2@@std@@@Z@
AeCompute.dll,156594128,0x9556fd0,flow,.?AV<lambda_1>@?4???$type@V?$shared_ptr@VVideo@transmute@@@std@@@TypeRegistry@flow@@QEAAAEAVDataTypeDefinition@2@V?$basic_string@DU?$char_traits@D@std@@V?$allocator@D@2@@std@@@Z@
AeCompute.dll,156594336,0x95570a0,track|flow,.?AV<lambda_6>@?1??module_load@_solax_tracking_2d@@YAXPEAVContext@flow@@PEAX@Z@
AeCompute.dll,156594432,0x9557100,track|flow,.?AV<lambda_5>@?1??module_load@_solax_tracking_2d@@YAXPEAVContext@flow@@PEAX@Z@
AeCompute.dll,156594528,0x9557160,track|flow,.?AV<lambda_4>@?1??module_load@_solax_tracking_2d@@YAXPEAVContext@flow@@PEAX@Z@
AeCompute.dll,156594624,0x95571c0,track|flow,.?AV<lambda_3>@?1??module_load@_solax_tracking_2d@@YAXPEAVContext@flow@@PEAX@Z@
AeCompute.dll,156594720,0x9557220,track|flow,.?AV<lambda_2>@?1??module_load@_solax_tracking_2d@@YAXPEAVContext@flow@@PEAX@Z@
AeCompute.dll,156594816,0x9557280,track|flow,.?AV<lambda_1>@?1??module_load@_solax_tracking_2d@@YAXPEAVContext@flow@@PEAX@Z@
AeCompute.dll,156594912,0x95572e0,mask|track|flow,.?AV<lambda_2>@?9???$type@V?$shared_ptr@VMaskTrackerSparse@mask_tracker_sparse@tracking_2d@solax@@@std@@@TypeRegistry@flow@@QEAAAEAVDataTypeDefinition@2@V?$basic_string@DU?$char_traits@D@std@@V?$allocator@D@2@@std@@@Z@
AeCompute.dll,156595152,0x95573d0,mask|track|flow,.?AV<lambda_1>@?4???$type@V?$shared_ptr@VMaskTrackerSparse@mask_tracker_sparse@tracking_2d@solax@@@std@@@TypeRegistry@flow@@QEAAAEAVDataTypeDefinition@2@V?$basic_string@DU?$char_traits@D@std@@V?$allocator@D@2@@std@@@Z@
AeCompute.dll,156595392,0x95574c0,mask|track|flow,.?AV<lambda_2>@?9???$type@V?$shared_ptr@VMaskTrackerDense@mask_tracker_dense@tracking_2d@solax@@@std@@@TypeRegistry@flow@@QEAAAEAVDataTypeDefinition@2@V?$basic_string@DU?$char_traits@D@std@@V?$allocator@D@2@@std@@@Z@
AeCompute.dll,156595632,0x95575b0,mask|track|flow,.?AV<lambda_1>@?4???$type@V?$shared_ptr@VMaskTrackerDense@mask_tracker_dense@tracking_2d@solax@@@std@@@TypeRegistry@flow@@QEAAAEAVDataTypeDefinition@2@V?$basic_string@DU?$char_traits@D@std@@V?$allocator@D@2@@std@@@Z@
AeCompute.dll,156595872,0x95576a0,track|flow,.?AV<lambda_2>@?9???$type@V?$shared_ptr@VSequentialMeshTracker@mesh_tracker@tracking_2d@solax@@@std@@@TypeRegistry@flow@@QEAAAEAVDataTypeDefinition@2@V?$basic_string@DU?$char_traits@D@std@@V?$allocator@D@2@@std@@@Z@
AeCompute.dll,156596112,0x9557790,track|flow,.?AV<lambda_1>@?4???$type@V?$shared_ptr@VSequentialMeshTracker@mesh_tracker@tracking_2d@solax@@@std@@@TypeRegistry@flow@@QEAAAEAVDataTypeDefinition@2@V?$basic_string@DU?$char_traits@D@std@@V?$allocator@D@2@@std@@@Z@
AeCompute.dll,156596384,0x95578a0,track,.?AVtoo_few_points_exception@mesh_tracker@tracking_2d@solax@@
AeCompute.dll,156596544,0x9557940,flow,.?AV<lambda_1>@?1??register_array_type_node@transmute@@YA?AVNodeFactory@flow@@AEAVContext@4@@Z@
AeCompute.dll,156596656,0x95579b0,flow,.?AV<lambda_1>@?1??register_type_node@transmute@@YA?AVNodeFactory@flow@@AEAVContext@4@AEAVDataTypeDefinition@4@@Z@
AeCompute.dll,156596800,0x9557a40,flow,.?AV<lambda_1>@?1???$register_provider@UGPURequirement@transmute@@@Context@flow@@QEAAXV?$function@$$A6AXAEAUGPURequirement@transmute@@@Z@std@@@Z@
AeCompute.dll,156596976,0x9557af0,flow,.?AV<lambda_1>@?1???$register_provider@UGitRepoRequirement@transmute@@@Context@flow@@QEAAXV?$function@$$A6AXAEAUGitRepoRequirement@transmute@@@Z@std@@@Z@
AeCompute.dll,156598016,0x9557f00,flow,.?AV<lambda_1>@?1???$register_implicit_conversion_to@V?$shared_ptr@VTensor@solax@@@std@@@DataTypeDefinition@flow@@QEAAXV?$function@$$A6A?AV?$shared_ptr@VTensor@solax@@@std@@AEBVValue@flow@@@Z@std@@@Z@
AeCompute.dll,156598240,0x9557fe0,flow,.?AV<lambda_1>@?1???$register_implicit_conversion_to@Vpath@filesystem@std@@@DataTypeDefinition@flow@@QEAAXV?$function@$$A6A?AVpath@filesystem@std@@AEBVValue@flow@@@Z@std@@@Z@
AeCompute.dll,156598432,0x95580a0,flow,.?AV<lambda_1>@?1???$register_implicit_conversion_to@V?$basic_string@DU?$char_traits@D@std@@V?$allocator@D@2@@std@@@DataTypeDefinition@flow@@QEAAXV?$function@$$A6A?AV?$basic_string@DU?$char_traits@D@std@@V?$allocator@D@2@@std@@AEBVValue@flow@@@Z@std@@@Z@
AeCompute.dll,156598704,0x95581b0,flow,.?AV<lambda_1>@?1???$register_implicit_conversion_to@VRational@solax@@@DataTypeDefinition@flow@@QEAAXV?$function@$$A6A?AVRational@solax@@AEBVValue@flow@@@Z@std@@@Z@
AeCompute.dll,156598896,0x9558270,flow,.?AV<lambda_1>@?1???$register_implicit_conversion_to@V?$shared_ptr@VImage@solax@@@std@@@DataTypeDefinition@flow@@QEAAXV?$function@$$A6A?AV?$shared_ptr@VImage@solax@@@std@@AEBVValue@flow@@@Z@std@@@Z@
AeCompute.dll,156599120,0x9558350,flow,.?AV<lambda_4>@?1??register_path@transmute@@YAXAEAVContext@flow@@@Z@
AeCompute.dll,156599216,0x95583b0,flow,.?AV<lambda_3>@?1??register_path@transmute@@YAXAEAVContext@flow@@@Z@
AeCompute.dll,156599312,0x9558410,flow,.?AV<lambda_2>@?1??register_path@transmute@@YAXAEAVContext@flow@@@Z@
AeCompute.dll,156599408,0x9558470,flow,.?AV<lambda_1>@?1??register_path@transmute@@YAXAEAVContext@flow@@@Z@
AeCompute.dll,156599504,0x95584d0,flow,.?AV<lambda_15>@?BB@??register_path_nodes@?A0x2ac4f499@transmute@@YA?AV?$vector@Vstring_id@1foonathan@@V?$allocator@Vstring_id@1foonathan@@@std@@@std@@AEAVContext@flow@@@Z@
AeCompute.dll,156599696,0x9558590,flow,.?AV<lambda_14>@?BA@??register_path_nodes@?A0x2ac4f499@transmute@@YA?AV?$vector@Vstring_id@1foonathan@@V?$allocator@Vstring_id@1foonathan@@@std@@@std@@AEAVContext@flow@@@Z@
AeCompute.dll,156599888,0x9558650,flow,.?AV<lambda_13>@?P@??register_path_nodes@?A0x2ac4f499@transmute@@YA?AV?$vector@Vstring_id@1foonathan@@V?$allocator@Vstring_id@1foonathan@@@std@@@std@@AEAVContext@flow@@@Z@
AeCompute.dll,156600080,0x9558710,flow,.?AV<lambda_12>@?O@??register_path_nodes@?A0x2ac4f499@transmute@@YA?AV?$vector@Vstring_id@1foonathan@@V?$allocator@Vstring_id@1foonathan@@@std@@@std@@AEAVContext@flow@@@Z@
AeCompute.dll,156600272,0x95587d0,flow,.?AV<lambda_11>@?N@??register_path_nodes@?A0x2ac4f499@transmute@@YA?AV?$vector@Vstring_id@1foonathan@@V?$allocator@Vstring_id@1foonathan@@@std@@@std@@AEAVContext@flow@@@Z@
AeCompute.dll,156600464,0x9558890,flow,.?AV<lambda_10>@?M@??register_path_nodes@?A0x2ac4f499@transmute@@YA?AV?$vector@Vstring_id@1foonathan@@V?$allocator@Vstring_id@1foonathan@@@std@@@std@@AEAVContext@flow@@@Z@
AeCompute.dll,156600656,0x9558950,flow,.?AV<lambda_9>@?L@??register_path_nodes@?A0x2ac4f499@transmute@@YA?AV?$vector@Vstring_id@1foonathan@@V?$allocator@Vstring_id@1foonathan@@@std@@@std@@AEAVContext@flow@@@Z@
AeCompute.dll,156600848,0x9558a10,flow,.?AV<lambda_8>@?9??register_path_nodes@?A0x2ac4f499@transmute@@YA?AV?$vector@Vstring_id@1foonathan@@V?$allocator@Vstring_id@1foonathan@@@std@@@std@@AEAVContext@flow@@@Z@
AeCompute.dll,156601040,0x9558ad0,flow,.?AV<lambda_7>@?8??register_path_nodes@?A0x2ac4f499@transmute@@YA?AV?$vector@Vstring_id@1foonathan@@V?$allocator@Vstring_id@1foonathan@@@std@@@std@@AEAVContext@flow@@@Z@
AeCompute.dll,156601232,0x9558b90,flow,.?AV<lambda_6>@?7??register_path_nodes@?A0x2ac4f499@transmute@@YA?AV?$vector@Vstring_id@1foonathan@@V?$allocator@Vstring_id@1foonathan@@@std@@@std@@AEAVContext@flow@@@Z@
AeCompute.dll,156601424,0x9558c50,flow,.?AV<lambda_5>@?6??register_path_nodes@?A0x2ac4f499@transmute@@YA?AV?$vector@Vstring_id@1foonathan@@V?$allocator@Vstring_id@1foonathan@@@std@@@std@@AEAVContext@flow@@@Z@
AeCompute.dll,156601616,0x9558d10,flow,.?AV<lambda_4>@?5??register_path_nodes@?A0x2ac4f499@transmute@@YA?AV?$vector@Vstring_id@1foonathan@@V?$allocator@Vstring_id@1foonathan@@@std@@@std@@AEAVContext@flow@@@Z@
AeCompute.dll,156601808,0x9558dd0,flow,.?AV<lambda_3>@?4??register_path_nodes@?A0x2ac4f499@transmute@@YA?AV?$vector@Vstring_id@1foonathan@@V?$allocator@Vstring_id@1foonathan@@@std@@@std@@AEAVContext@flow@@@Z@
AeCompute.dll,156602000,0x9558e90,flow,.?AV<lambda_2>@?3??register_path_nodes@?A0x2ac4f499@transmute@@YA?AV?$vector@Vstring_id@1foonathan@@V?$allocator@Vstring_id@1foonathan@@@std@@@std@@AEAVContext@flow@@@Z@
AeCompute.dll,156602192,0x9558f50,flow,.?AV<lambda_1>@?2??register_path_nodes@?A0x2ac4f499@transmute@@YA?AV?$vector@Vstring_id@1foonathan@@V?$allocator@Vstring_id@1foonathan@@@std@@@std@@AEAVContext@flow@@@Z@
AeCompute.dll,156602384,0x9559010,flow,.?AV<lambda_1>@?4???$func@UComputeByteSize@Property@flow@@Vpath@filesystem@std@@@DataTypeDefinition@flow@@QEAAAEAV12@AEBV?$function@$$A6A_KAEBVpath@filesystem@std@@@Z@std@@@Z@
AeCompute.dll,156602576,0x95590d0,flow,.?AV<lambda_1>@?4???$func@UHash@Property@flow@@Vpath@filesystem@std@@@DataTypeDefinition@flow@@QEAAAEAV12@AEBV?$function@$$A6A_KAEBVpath@filesystem@std@@@Z@std@@@Z@
AeCompute.dll,156602768,0x9559190,flow,.?AV<lambda_1>@?6???$func@UJsonDeserialize@Property@flow@@Vpath@filesystem@std@@@DataTypeDefinition@flow@@QEAAAEAV12@AEBV?$function@$$A6AXAEAVpath@filesystem@std@@AEBV?$basic_json@Vmap@std@@Vvector@2@V?$basic_string@DU?$char_traits@D@std@@V?$allocator@D@2@@2@_N_J_KNVallocator@2@Uadl_serializer@json_abi_v3_11_3@nlohmann@@V?$vector@EV?$allocator@E@std@@@2@X@json_abi_v3_11_3@nlohmann@@@Z@std@@@Z@
AeCompute.dll,156603184,0x9559330,flow,.?AV<lambda_1>@?4???$func@UJsonSerialize@Property@flow@@Vpath@filesystem@std@@@DataTypeDefinition@flow@@QEAAAEAV12@AEBV?$function@$$A6A?AV?$basic_json@Vmap@std@@Vvector@2@V?$basic_string@DU?$char_traits@D@std@@V?$allocator@D@2@@2@_N_J_KNVallocator@2@Uadl_serializer@json_abi_v3_11_3@nlohmann@@V?$vector@EV?$allocator@E@std@@@2@X@json_abi_v3_11_3@nlohmann@@AEBVpath@filesystem@std@@@Z@std@@@Z@
AeCompute.dll,156603600,0x95594d0,flow,.?AV<lambda_2>@?9???$type@Vpath@filesystem@std@@@TypeRegistry@flow@@QEAAAEAVDataTypeDefinition@2@V?$basic_string@DU?$char_traits@D@std@@V?$allocator@D@2@@std@@@Z@
AeCompute.dll,156603792,0x9559590,flow,.?AV<lambda_1>@?4???$type@Vpath@filesystem@std@@@TypeRegistry@flow@@QEAAAEAVDataTypeDefinition@2@V?$basic_string@DU?$char_traits@D@std@@V?$allocator@D@2@@std@@@Z@
AeCompute.dll,156605984,0x9559e20,flow,.?AV<lambda_2_>@?0???0RequirementMonitor@?A0x78828c1c@@QEAA@AEAVRequirementBase@flow@@@Z@
AeCompute.dll,156606096,0x9559e90,flow,.?AV<lambda_1_>@?0???0RequirementMonitor@?A0x78828c1c@@QEAA@AEAVRequirementBase@flow@@@Z@
AeCompute.dll,156606208,0x9559f00,flow,.?AV<lambda_22>@?1??register_numeric@transmute@@YAXAEAVContext@flow@@@Z@
AeCompute.dll,156606304,0x9559f60,flow,.?AV<lambda_21>@?1??register_numeric@transmute@@YAXAEAVContext@flow@@@Z@
AeCompute.dll,156606400,0x9559fc0,flow,.?AV<lambda_20>@?1??register_numeric@transmute@@YAXAEAVContext@flow@@@Z@
AeCompute.dll,156606496,0x955a020,flow,.?AV<lambda_19>@?1??register_numeric@transmute@@YAXAEAVContext@flow@@@Z@
AeCompute.dll,156606592,0x955a080,flow,.?AV<lambda_18>@?1??register_numeric@transmute@@YAXAEAVContext@flow@@@Z@
AeCompute.dll,156606688,0x955a0e0,flow,.?AV<lambda_17>@?1??register_numeric@transmute@@YAXAEAVContext@flow@@@Z@
AeCompute.dll,156606784,0x955a140,flow,.?AV<lambda_16>@?1??register_numeric@transmute@@YAXAEAVContext@flow@@@Z@
AeCompute.dll,156606880,0x955a1a0,flow,.?AV<lambda_15>@?1??register_numeric@transmute@@YAXAEAVContext@flow@@@Z@
AeCompute.dll,156606976,0x955a200,flow,.?AV<lambda_14>@?1??register_numeric@transmute@@YAXAEAVContext@flow@@@Z@
AeCompute.dll,156607072,0x955a260,flow,.?AV<lambda_13>@?1??register_numeric@transmute@@YAXAEAVContext@flow@@@Z@
AeCompute.dll,156607168,0x955a2c0,flow,.?AV<lambda_12>@?1??register_numeric@transmute@@YAXAEAVContext@flow@@@Z@
AeCompute.dll,156607264,0x955a320,flow,.?AV<lambda_11>@?1??register_numeric@transmute@@YAXAEAVContext@flow@@@Z@
AeCompute.dll,156607360,0x955a380,flow,.?AV<lambda_10>@?1??register_numeric@transmute@@YAXAEAVContext@flow@@@Z@
AeCompute.dll,156607456,0x955a3e0,flow,.?AV<lambda_9>@?1??register_numeric@transmute@@YAXAEAVContext@flow@@@Z@
AeCompute.dll,156607552,0x955a440,flow,.?AV<lambda_8>@?1??register_numeric@transmute@@YAXAEAVContext@flow@@@Z@
AeCompute.dll,156607648,0x955a4a0,flow,.?AV<lambda_7>@?1??register_numeric@transmute@@YAXAEAVContext@flow@@@Z@
AeCompute.dll,156607744,0x955a500,flow,.?AV<lambda_6>@?1??register_numeric@transmute@@YAXAEAVContext@flow@@@Z@
AeCompute.dll,156607840,0x955a560,flow,.?AV<lambda_5>@?1??register_numeric@transmute@@YAXAEAVContext@flow@@@Z@
AeCompute.dll,156607936,0x955a5c0,flow,.?AV<lambda_4>@?1??register_numeric@transmute@@YAXAEAVContext@flow@@@Z@
AeCompute.dll,156608032,0x955a620,flow,.?AV<lambda_3>@?1??register_numeric@transmute@@YAXAEAVContext@flow@@@Z@
AeCompute.dll,156608128,0x955a680,flow,.?AV<lambda_2>@?1??register_numeric@transmute@@YAXAEAVContext@flow@@@Z@
AeCompute.dll,156608224,0x955a6e0,flow,.?AV<lambda_1>@?1??register_numeric@transmute@@YAXAEAVContext@flow@@@Z@
AeCompute.dll,156608320,0x955a740,flow,.?AV<lambda_16>@?BC@??register_cast_nodes@?A0x33670063@transmute@@YA?AV?$vector@Vstring_id@1foonathan@@V?$allocator@Vstring_id@1foonathan@@@std@@@std@@AEAVContext@flow@@@Z@
AeCompute.dll,156608512,0x955a800,flow,.?AV<lambda_15>@?BB@??register_cast_nodes@?A0x33670063@transmute@@YA?AV?$vector@Vstring_id@1foonathan@@V?$allocator@Vstring_id@1foonathan@@@std@@@std@@AEAVContext@flow@@@Z@
AeCompute.dll,156608704,0x955a8c0,flow,.?AV<lambda_14>@?BA@??register_cast_nodes@?A0x33670063@transmute@@YA?AV?$vector@Vstring_id@1foonathan@@V?$allocator@Vstring_id@1foonathan@@@std@@@std@@AEAVContext@flow@@@Z@
AeCompute.dll,156608896,0x955a980,flow,.?AV<lambda_13>@?P@??register_cast_nodes@?A0x33670063@transmute@@YA?AV?$vector@Vstring_id@1foonathan@@V?$allocator@Vstring_id@1foonathan@@@std@@@std@@AEAVContext@flow@@@Z@
AeCompute.dll,156609088,0x955aa40,flow,.?AV<lambda_12>@?O@??register_cast_nodes@?A0x33670063@transmute@@YA?AV?$vector@Vstring_id@1foonathan@@V?$allocator@Vstring_id@1foonathan@@@std@@@std@@AEAVContext@flow@@@Z@
AeCompute.dll,156609280,0x955ab00,flow,.?AV<lambda_11>@?N@??register_cast_nodes@?A0x33670063@transmute@@YA?AV?$vector@Vstring_id@1foonathan@@V?$allocator@Vstring_id@1foonathan@@@std@@@std@@AEAVContext@flow@@@Z@
AeCompute.dll,156609472,0x955abc0,flow,.?AV<lambda_10>@?M@??register_cast_nodes@?A0x33670063@transmute@@YA?AV?$vector@Vstring_id@1foonathan@@V?$allocator@Vstring_id@1foonathan@@@std@@@std@@AEAVContext@flow@@@Z@
AeCompute.dll,156609664,0x955ac80,flow,.?AV<lambda_9>@?L@??register_cast_nodes@?A0x33670063@transmute@@YA?AV?$vector@Vstring_id@1foonathan@@V?$allocator@Vstring_id@1foonathan@@@std@@@std@@AEAVContext@flow@@@Z@
AeCompute.dll,156609856,0x955ad40,flow,.?AV<lambda_8>@?9??register_cast_nodes@?A0x33670063@transmute@@YA?AV?$vector@Vstring_id@1foonathan@@V?$allocator@Vstring_id@1foonathan@@@std@@@std@@AEAVContext@flow@@@Z@
AeCompute.dll,156610048,0x955ae00,flow,.?AV<lambda_7>@?8??register_cast_nodes@?A0x33670063@transmute@@YA?AV?$vector@Vstring_id@1foonathan@@V?$allocator@Vstring_id@1foonathan@@@std@@@std@@AEAVContext@flow@@@Z@
AeCompute.dll,156610240,0x955aec0,flow,.?AV<lambda_6>@?7??register_cast_nodes@?A0x33670063@transmute@@YA?AV?$vector@Vstring_id@1foonathan@@V?$allocator@Vstring_id@1foonathan@@@std@@@std@@AEAVContext@flow@@@Z@
AeCompute.dll,156610432,0x955af80,flow,.?AV<lambda_5>@?6??register_cast_nodes@?A0x33670063@transmute@@YA?AV?$vector@Vstring_id@1foonathan@@V?$allocator@Vstring_id@1foonathan@@@std@@@std@@AEAVContext@flow@@@Z@
AeCompute.dll,156610624,0x955b040,flow,.?AV<lambda_4>@?5??register_cast_nodes@?A0x33670063@transmute@@YA?AV?$vector@Vstring_id@1foonathan@@V?$allocator@Vstring_id@1foonathan@@@std@@@std@@AEAVContext@flow@@@Z@
AeCompute.dll,156610816,0x955b100,flow,.?AV<lambda_3>@?4??register_cast_nodes@?A0x33670063@transmute@@YA?AV?$vector@Vstring_id@1foonathan@@V?$allocator@Vstring_id@1foonathan@@@std@@@std@@AEAVContext@flow@@@Z@
AeCompute.dll,156611008,0x955b1c0,flow,.?AV<lambda_2>@?3??register_cast_nodes@?A0x33670063@transmute@@YA?AV?$vector@Vstring_id@1foonathan@@V?$allocator@Vstring_id@1foonathan@@@std@@@std@@AEAVContext@flow@@@Z@
AeCompute.dll,156611200,0x955b280,flow,.?AV<lambda_1>@?2??register_cast_nodes@?A0x33670063@transmute@@YA?AV?$vector@Vstring_id@1foonathan@@V?$allocator@Vstring_id@1foonathan@@@std@@@std@@AEAVContext@flow@@@Z@
AeCompute.dll,156611392,0x955b340,flow,.?AV<lambda_1>@?1???$register_as_enum@W4AtomicOperation@transmute@@@DataTypeDefinition@flow@@QEAAXAEBV?$vector@V?$basic_string@DU?$char_traits@D@std@@V?$allocator@D@2@@std@@V?$allocator@V?$basic_string@DU?$char_traits@D@std@@V?$allocator@D@2@@std@@@2@@std@@AEBV?$vector@W4AtomicOperation@transmute@@V?$allocator@W4AtomicOperation@transmute@@@std@@@4@@Z@
AeCompute.dll,156611776,0x955b4c0,flow,.?AV<lambda_1>@?4???$func@UComputeByteSize@Property@flow@@W4AtomicOperation@transmute@@@DataTypeDefinition@flow@@QEAAAEAV12@AEBV?$function@$$A6A_KAEBW4AtomicOperation@transmute@@@Z@std@@@Z@
AeCompute.dll,156611984,0x955b590,flow,.?AV<lambda_1>@?4???$func@UHash@Property@flow@@W4AtomicOperation@transmute@@@DataTypeDefinition@flow@@QEAAAEAV12@AEBV?$function@$$A6A_KAEBW4AtomicOperation@transmute@@@Z@std@@@Z@
AeCompute.dll,156612192,0x955b660,flow,.?AV<lambda_1>@?6???$func@UJsonDeserialize@Property@flow@@W4AtomicOperation@transmute@@@DataTypeDefinition@flow@@QEAAAEAV12@AEBV?$function@$$A6AXAEAW4AtomicOperation@transmute@@AEBV?$basic_json@Vmap@std@@Vvector@2@V?$basic_string@DU?$char_traits@D@std@@V?$allocator@D@2@@2@_N_J_KNVallocator@2@Uadl_serializer@json_abi_v3_11_3@nlohmann@@V?$vector@EV?$allocator@E@std@@@2@X@json_abi_v3_11_3@nlohmann@@@Z@std@@@Z@
AeCompute.dll,156612624,0x955b810,flow,.?AV<lambda_1>@?4???$func@UJsonSerialize@Property@flow@@W4AtomicOperation@transmute@@@DataTypeDefinition@flow@@QEAAAEAV12@AEBV?$function@$$A6A?AV?$basic_json@Vmap@std@@Vvector@2@V?$basic_string@DU?$char_traits@D@std@@V?$allocator@D@2@@2@_N_J_KNVallocator@2@Uadl_serializer@json_abi_v3_11_3@nlohmann@@V?$vector@EV?$allocator@E@std@@@2@X@json_abi_v3_11_3@nlohmann@@AEBW4AtomicOperation@transmute@@@Z@std@@@Z@
AeCompute.dll,156613056,0x955b9c0,flow,.?AV<lambda_1>@?6???$func@UJsonDeserialize@Property@flow@@VMatrixXf@transmute@@@DataTypeDefinition@flow@@QEAAAEAV12@AEBV?$function@$$A6AXAEAVMatrixXf@transmute@@AEBV?$basic_json@Vmap@std@@Vvector@2@V?$basic_string@DU?$char_traits@D@std@@V?$allocator@D@2@@2@_N_J_KNVallocator@2@Uadl_serializer@json_abi_v3_11_3@nlohmann@@V?$vector@EV?$allocator@E@std@@@2@X@json_abi_v3_11_3@nlohmann@@@Z@std@@@Z@
AeCompute.dll,156613472,0x955bb60,flow,.?AV<lambda_1>@?4???$func@UJsonSerialize@Property@flow@@VMatrixXf@transmute@@@DataTypeDefinition@flow@@QEAAAEAV12@AEBV?$function@$$A6A?AV?$basic_json@Vmap@std@@Vvector@2@V?$basic_string@DU?$char_traits@D@std@@V?$allocator@D@2@@2@_N_J_KNVallocator@2@Uadl_serializer@json_abi_v3_11_3@nlohmann@@V?$vector@EV?$allocator@E@std@@@2@X@json_abi_v3_11_3@nlohmann@@AEBVMatrixXf@transmute@@@Z@std@@@Z@
AeCompute.dll,156613888,0x955bd00,flow,.?AV<lambda_1>@?6???$func@UJsonDeserialize@Property@flow@@VMatrixXi@transmute@@@DataTypeDefinition@flow@@QEAAAEAV12@AEBV?$function@$$A6AXAEAVMatrixXi@transmute@@AEBV?$basic_json@Vmap@std@@Vvector@2@V?$basic_string@DU?$char_traits@D@std@@V?$allocator@D@2@@2@_N_J_KNVallocator@2@Uadl_serializer@json_abi_v3_11_3@nlohmann@@V?$vector@EV?$allocator@E@std@@@2@X@json_abi_v3_11_3@nlohmann@@@Z@std@@@Z@
AeCompute.dll,156614304,0x955bea0,flow,.?AV<lambda_1>@?4???$func@UJsonSerialize@Property@flow@@VMatrixXi@transmute@@@DataTypeDefinition@flow@@QEAAAEAV12@AEBV?$function@$$A6A?AV?$basic_json@Vmap@std@@Vvector@2@V?$basic_string@DU?$char_traits@D@std@@V?$allocator@D@2@@2@_N_J_KNVallocator@2@Uadl_serializer@json_abi_v3_11_3@nlohmann@@V?$vector@EV?$allocator@E@std@@@2@X@json_abi_v3_11_3@nlohmann@@AEBVMatrixXi@transmute@@@Z@std@@@Z@
AeCompute.dll,156614720,0x955c040,flow,.?AV<lambda_1>@?6???$func@UJsonDeserialize@Property@flow@@VMat4@transmute@@@DataTypeDefinition@flow@@QEAAAEAV12@AEBV?$function@$$A6AXAEAVMat4@transmute@@AEBV?$basic_json@Vmap@std@@Vvector@2@V?$basic_string@DU?$char_traits@D@std@@V?$allocator@D@2@@2@_N_J_KNVallocator@2@Uadl_serializer@json_abi_v3_11_3@nlohmann@@V?$vector@EV?$allocator@E@std@@@2@X@json_abi_v3_11_3@nlohmann@@@Z@std@@@Z@
AeCompute.dll,156615136,0x955c1e0,flow,.?AV<lambda_1>@?4???$func@UJsonSerialize@Property@flow@@VMat4@transmute@@@DataTypeDefinition@flow@@QEAAAEAV12@AEBV?$function@$$A6A?AV?$basic_json@Vmap@std@@Vvector@2@V?$basic_string@DU?$char_traits@D@std@@V?$allocator@D@2@@2@_N_J_KNVallocator@2@Uadl_serializer@json_abi_v3_11_3@nlohmann@@V?$vector@EV?$allocator@E@std@@@2@X@json_abi_v3_11_3@nlohmann@@AEBVMat4@transmute@@@Z@std@@@Z@
AeCompute.dll,156615536,0x955c370,flow,.?AV<lambda_1>@?6???$func@UJsonDeserialize@Property@flow@@VIVec4@transmute@@@DataTypeDefinition@flow@@QEAAAEAV12@AEBV?$function@$$A6AXAEAVIVec4@transmute@@AEBV?$basic_json@Vmap@std@@Vvector@2@V?$basic_string@DU?$char_traits@D@std@@V?$allocator@D@2@@2@_N_J_KNVallocator@2@Uadl_serializer@json_abi_v3_11_3@nlohmann@@V?$vector@EV?$allocator@E@std@@@2@X@json_abi_v3_11_3@nlohmann@@@Z@std@@@Z@
AeCompute.dll,156615952,0x955c510,flow,.?AV<lambda_1>@?4???$func@UJsonSerialize@Property@flow@@VIVec4@transmute@@@DataTypeDefinition@flow@@QEAAAEAV12@AEBV?$function@$$A6A?AV?$basic_json@Vmap@std@@Vvector@2@V?$basic_string@DU?$char_traits@D@std@@V?$allocator@D@2@@2@_N_J_KNVallocator@2@Uadl_serializer@json_abi_v3_11_3@nlohmann@@V?$vector@EV?$allocator@E@std@@@2@X@json_abi_v3_11_3@nlohmann@@AEBVIVec4@transmute@@@Z@std@@@Z@
AeCompute.dll,156616368,0x955c6b0,flow,.?AV<lambda_1>@?6???$func@UJsonDeserialize@Property@flow@@VIVec3@transmute@@@DataTypeDefinition@flow@@QEAAAEAV12@AEBV?$function@$$A6AXAEAVIVec3@transmute@@AEBV?$basic_json@Vmap@std@@Vvector@2@V?$basic_string@DU?$char_traits@D@std@@V?$allocator@D@2@@2@_N_J_KNVallocator@2@Uadl_serializer@json_abi_v3_11_3@nlohmann@@V?$vector@EV?$allocator@E@std@@@2@X@json_abi_v3_11_3@nlohmann@@@Z@std@@@Z@
AeCompute.dll,156616784,0x955c850,flow,.?AV<lambda_1>@?4???$func@UJsonSerialize@Property@flow@@VIVec3@transmute@@@DataTypeDefinition@flow@@QEAAAEAV12@AEBV?$function@$$A6A?AV?$basic_json@Vmap@std@@Vvector@2@V?$basic_string@DU?$char_traits@D@std@@V?$allocator@D@2@@2@_N_J_KNVallocator@2@Uadl_serializer@json_abi_v3_11_3@nlohmann@@V?$vector@EV?$allocator@E@std@@@2@X@json_abi_v3_11_3@nlohmann@@AEBVIVec3@transmute@@@Z@std@@@Z@
AeCompute.dll,156617200,0x955c9f0,flow,.?AV<lambda_1>@?6???$func@UJsonDeserialize@Property@flow@@VIVec2@transmute@@@DataTypeDefinition@flow@@QEAAAEAV12@AEBV?$function@$$A6AXAEAVIVec2@transmute@@AEBV?$basic_json@Vmap@std@@Vvector@2@V?$basic_string@DU?$char_traits@D@std@@V?$allocator@D@2@@2@_N_J_KNVallocator@2@Uadl_serializer@json_abi_v3_11_3@nlohmann@@V?$vector@EV?$allocator@E@std@@@2@X@json_abi_v3_11_3@nlohmann@@@Z@std@@@Z@
AeCompute.dll,156617616,0x955cb90,flow,.?AV<lambda_1>@?4???$func@UJsonSerialize@Property@flow@@VIVec2@transmute@@@DataTypeDefinition@flow@@QEAAAEAV12@AEBV?$function@$$A6A?AV?$basic_json@Vmap@std@@Vvector@2@V?$basic_string@DU?$char_traits@D@std@@V?$allocator@D@2@@2@_N_J_KNVallocator@2@Uadl_serializer@json_abi_v3_11_3@nlohmann@@V?$vector@EV?$allocator@E@std@@@2@X@json_abi_v3_11_3@nlohmann@@AEBVIVec2@transmute@@@Z@std@@@Z@
AeCompute.dll,156618032,0x955cd30,flow,.?AV<lambda_1>@?6???$func@UJsonDeserialize@Property@flow@@VVec4@transmute@@@DataTypeDefinition@flow@@QEAAAEAV12@AEBV?$function@$$A6AXAEAVVec4@transmute@@AEBV?$basic_json@Vmap@std@@Vvector@2@V?$basic_string@DU?$char_traits@D@std@@V?$allocator@D@2@@2@_N_J_KNVallocator@2@Uadl_serializer@json_abi_v3_11_3@nlohmann@@V?$vector@EV?$allocator@E@std@@@2@X@json_abi_v3_11_3@nlohmann@@@Z@std@@@Z@
AeCompute.dll,156618448,0x955ced0,flow,.?AV<lambda_1>@?4???$func@UJsonSerialize@Property@flow@@VVec4@transmute@@@DataTypeDefinition@flow@@QEAAAEAV12@AEBV?$function@$$A6A?AV?$basic_json@Vmap@std@@Vvector@2@V?$basic_string@DU?$char_traits@D@std@@V?$allocator@D@2@@2@_N_J_KNVallocator@2@Uadl_serializer@json_abi_v3_11_3@nlohmann@@V?$vector@EV?$allocator@E@std@@@2@X@json_abi_v3_11_3@nlohmann@@AEBVVec4@transmute@@@Z@std@@@Z@
AeCompute.dll,156618848,0x955d060,flow,.?AV<lambda_1>@?6???$func@UJsonDeserialize@Property@flow@@VVec3@transmute@@@DataTypeDefinition@flow@@QEAAAEAV12@AEBV?$function@$$A6AXAEAVVec3@transmute@@AEBV?$basic_json@Vmap@std@@Vvector@2@V?$basic_string@DU?$char_traits@D@std@@V?$allocator@D@2@@2@_N_J_KNVallocator@2@Uadl_serializer@json_abi_v3_11_3@nlohmann@@V?$vector@EV?$allocator@E@std@@@2@X@json_abi_v3_11_3@nlohmann@@@Z@std@@@Z@
AeCompute.dll,156619264,0x955d200,flow,.?AV<lambda_1>@?4???$func@UJsonSerialize@Property@flow@@VVec3@transmute@@@DataTypeDefinition@flow@@QEAAAEAV12@AEBV?$function@$$A6A?AV?$basic_json@Vmap@std@@Vvector@2@V?$basic_string@DU?$char_traits@D@std@@V?$allocator@D@2@@2@_N_J_KNVallocator@2@Uadl_serializer@json_abi_v3_11_3@nlohmann@@V?$vector@EV?$allocator@E@std@@@2@X@json_abi_v3_11_3@nlohmann@@AEBVVec3@transmute@@@Z@std@@@Z@
AeCompute.dll,156619664,0x955d390,flow,.?AV<lambda_1>@?6???$func@UJsonDeserialize@Property@flow@@VVec2@transmute@@@DataTypeDefinition@flow@@QEAAAEAV12@AEBV?$function@$$A6AXAEAVVec2@transmute@@AEBV?$basic_json@Vmap@std@@Vvector@2@V?$basic_string@DU?$char_traits@D@std@@V?$allocator@D@2@@2@_N_J_KNVallocator@2@Uadl_serializer@json_abi_v3_11_3@nlohmann@@V?$vector@EV?$allocator@E@std@@@2@X@json_abi_v3_11_3@nlohmann@@@Z@std@@@Z@
AeCompute.dll,156620080,0x955d530,flow,.?AV<lambda_1>@?4???$func@UJsonSerialize@Property@flow@@VVec2@transmute@@@DataTypeDefinition@flow@@QEAAAEAV12@AEBV?$function@$$A6A?AV?$basic_json@Vmap@std@@Vvector@2@V?$basic_string@DU?$char_traits@D@std@@V?$allocator@D@2@@2@_N_J_KNVallocator@2@Uadl_serializer@json_abi_v3_11_3@nlohmann@@V?$vector@EV?$allocator@E@std@@@2@X@json_abi_v3_11_3@nlohmann@@AEBVVec2@transmute@@@Z@std@@@Z@
AeCompute.dll,156622272,0x955ddc0,flow,.?AV<lambda_1>@?6???$func@UWidget@Property@flow@@W4AtomicOperation@transmute@@@DataTypeDefinition@flow@@QEAAAEAV12@AEBV?$function@$$A6A_NAEAW4AtomicOperation@transmute@@AEAUUIData@flow@@AEBVProperties@4@@Z@std@@@Z@
AeCompute.dll,156622512,0x955deb0,flow,.?AV<lambda_2>@?9???$type@W4AtomicOperation@transmute@@@TypeRegistry@flow@@QEAAAEAVDataTypeDefinition@2@V?$basic_string@DU?$char_traits@D@std@@V?$allocator@D@2@@std@@@Z@
AeCompute.dll,156622704,0x955df70,flow,.?AV<lambda_1>@?4???$type@W4AtomicOperation@transmute@@@TypeRegistry@flow@@QEAAAEAVDataTypeDefinition@2@V?$basic_string@DU?$char_traits@D@std@@V?$allocator@D@2@@std@@@Z@
AeCompute.dll,156622896,0x955e030,flow,.?AV<lambda_1>@?4???$func@UComputeByteSize@Property@flow@@VMat4@transmute@@@DataTypeDefinition@flow@@QEAAAEAV12@AEBV?$function@$$A6A_KAEBVMat4@transmute@@@Z@std@@@Z@
AeCompute.dll,156623088,0x955e0f0,flow,.?AV<lambda_1>@?4???$func@UHash@Property@flow@@VMat4@transmute@@@DataTypeDefinition@flow@@QEAAAEAV12@AEBV?$function@$$A6A_KAEBVMat4@transmute@@@Z@std@@@Z@
AeCompute.dll,156623264,0x955e1a0,flow,.?AV<lambda_1>@?4???$func@UComputeByteSize@Property@flow@@VVec4@transmute@@@DataTypeDefinition@flow@@QEAAAEAV12@AEBV?$function@$$A6A_KAEBVVec4@transmute@@@Z@std@@@Z@
AeCompute.dll,156623456,0x955e260,flow,.?AV<lambda_1>@?4???$func@UHash@Property@flow@@VVec4@transmute@@@DataTypeDefinition@flow@@QEAAAEAV12@AEBV?$function@$$A6A_KAEBVVec4@transmute@@@Z@std@@@Z@
AeCompute.dll,156623632,0x955e310,flow,.?AV<lambda_1>@?4???$func@UComputeByteSize@Property@flow@@VVec3@transmute@@@DataTypeDefinition@flow@@QEAAAEAV12@AEBV?$function@$$A6A_KAEBVVec3@transmute@@@Z@std@@@Z@
AeCompute.dll,156623824,0x955e3d0,flow,.?AV<lambda_1>@?4???$func@UHash@Property@flow@@VVec3@transmute@@@DataTypeDefinition@flow@@QEAAAEAV12@AEBV?$function@$$A6A_KAEBVVec3@transmute@@@Z@std@@@Z@
AeCompute.dll,156624000,0x955e480,flow,.?AV<lambda_1>@?4???$func@UComputeByteSize@Property@flow@@VVec2@transmute@@@DataTypeDefinition@flow@@QEAAAEAV12@AEBV?$function@$$A6A_KAEBVVec2@transmute@@@Z@std@@@Z@
AeCompute.dll,156624192,0x955e540,flow,.?AV<lambda_1>@?4???$func@UHash@Property@flow@@VVec2@transmute@@@DataTypeDefinition@flow@@QEAAAEAV12@AEBV?$function@$$A6A_KAEBVVec2@transmute@@@Z@std@@@Z@
AeCompute.dll,156624368,0x955e5f0,flow,.?AV<lambda_1>@?4???$func@UComputeByteSize@Property@flow@@VIVec4@transmute@@@DataTypeDefinition@flow@@QEAAAEAV12@AEBV?$function@$$A6A_KAEBVIVec4@transmute@@@Z@std@@@Z@
AeCompute.dll,156624560,0x955e6b0,flow,.?AV<lambda_1>@?4???$func@UHash@Property@flow@@VIVec4@transmute@@@DataTypeDefinition@flow@@QEAAAEAV12@AEBV?$function@$$A6A_KAEBVIVec4@transmute@@@Z@std@@@Z@
AeCompute.dll,156624736,0x955e760,flow,.?AV<lambda_1>@?4???$func@UComputeByteSize@Property@flow@@VIVec3@transmute@@@DataTypeDefinition@flow@@QEAAAEAV12@AEBV?$function@$$A6A_KAEBVIVec3@transmute@@@Z@std@@@Z@
AeCompute.dll,156624928,0x955e820,flow,.?AV<lambda_1>@?4???$func@UHash@Property@flow@@VIVec3@transmute@@@DataTypeDefinition@flow@@QEAAAEAV12@AEBV?$function@$$A6A_KAEBVIVec3@transmute@@@Z@std@@@Z@
AeCompute.dll,156625104,0x955e8d0,flow,.?AV<lambda_1>@?4???$func@UComputeByteSize@Property@flow@@VIVec2@transmute@@@DataTypeDefinition@flow@@QEAAAEAV12@AEBV?$function@$$A6A_KAEBVIVec2@transmute@@@Z@std@@@Z@
AeCompute.dll,156625296,0x955e990,flow,.?AV<lambda_1>@?4???$func@UHash@Property@flow@@VIVec2@transmute@@@DataTypeDefinition@flow@@QEAAAEAV12@AEBV?$function@$$A6A_KAEBVIVec2@transmute@@@Z@std@@@Z@
AeCompute.dll,156625472,0x955ea40,flow,.?AV<lambda_2>@?9???$type@VMatrixXi@transmute@@@TypeRegistry@flow@@QEAAAEAVDataTypeDefinition@2@V?$basic_string@DU?$char_traits@D@std@@V?$allocator@D@2@@std@@@Z@
AeCompute.dll,156625664,0x955eb00,flow,.?AV<lambda_1>@?4???$type@VMatrixXi@transmute@@@TypeRegistry@flow@@QEAAAEAVDataTypeDefinition@2@V?$basic_string@DU?$char_traits@D@std@@V?$allocator@D@2@@std@@@Z@
AeCompute.dll,156625856,0x955ebc0,flow,.?AV<lambda_2>@?9???$type@VMatrixXf@transmute@@@TypeRegistry@flow@@QEAAAEAVDataTypeDefinition@2@V?$basic_string@DU?$char_traits@D@std@@V?$allocator@D@2@@std@@@Z@
AeCompute.dll,156626048,0x955ec80,flow,.?AV<lambda_1>@?4???$type@VMatrixXf@transmute@@@TypeRegistry@flow@@QEAAAEAVDataTypeDefinition@2@V?$basic_string@DU?$char_traits@D@std@@V?$allocator@D@2@@std@@@Z@
AeCompute.dll,156626240,0x955ed40,flow,.?AV<lambda_2>@?9???$type@VMat4@transmute@@@TypeRegistry@flow@@QEAAAEAVDataTypeDefinition@2@V?$basic_string@DU?$char_traits@D@std@@V?$allocator@D@2@@std@@@Z@
AeCompute.dll,156626416,0x955edf0,flow,.?AV<lambda_1>@?4???$type@VMat4@transmute@@@TypeRegistry@flow@@QEAAAEAVDataTypeDefinition@2@V?$basic_string@DU?$char_traits@D@std@@V?$allocator@D@2@@std@@@Z@
AeCompute.dll,156626592,0x955eea0,flow,.?AV<lambda_2>@?9???$type@VIVec4@transmute@@@TypeRegistry@flow@@QEAAAEAVDataTypeDefinition@2@V?$basic_string@DU?$char_traits@D@std@@V?$allocator@D@2@@std@@@Z@
AeCompute.dll,156626768,0x955ef50,flow,.?AV<lambda_1>@?4???$type@VIVec4@transmute@@@TypeRegistry@flow@@QEAAAEAVDataTypeDefinition@2@V?$basic_string@DU?$char_traits@D@std@@V?$allocator@D@2@@std@@@Z@
AeCompute.dll,156626944,0x955f000,flow,.?AV<lambda_2>@?9???$type@VIVec3@transmute@@@TypeRegistry@flow@@QEAAAEAVDataTypeDefinition@2@V?$basic_string@DU?$char_traits@D@std@@V?$allocator@D@2@@std@@@Z@
AeCompute.dll,156627120,0x955f0b0,flow,.?AV<lambda_1>@?4???$type@VIVec3@transmute@@@TypeRegistry@flow@@QEAAAEAVDataTypeDefinition@2@V?$basic_string@DU?$char_traits@D@std@@V?$allocator@D@2@@std@@@Z@
AeCompute.dll,156627296,0x955f160,flow,.?AV<lambda_2>@?9???$type@VIVec2@transmute@@@TypeRegistry@flow@@QEAAAEAVDataTypeDefinition@2@V?$basic_string@DU?$char_traits@D@std@@V?$allocator@D@2@@std@@@Z@
AeCompute.dll,156627472,0x955f210,flow,.?AV<lambda_1>@?4???$type@VIVec2@transmute@@@TypeRegistry@flow@@QEAAAEAVDataTypeDefinition@2@V?$basic_string@DU?$char_traits@D@std@@V?$allocator@D@2@@std@@@Z@
AeCompute.dll,156627648,0x955f2c0,flow,.?AV<lambda_2>@?9???$type@VVec4@transmute@@@TypeRegistry@flow@@QEAAAEAVDataTypeDefinition@2@V?$basic_string@DU?$char_traits@D@std@@V?$allocator@D@2@@std@@@Z@
AeCompute.dll,156627824,0x955f370,flow,.?AV<lambda_1>@?4???$type@VVec4@transmute@@@TypeRegistry@flow@@QEAAAEAVDataTypeDefinition@2@V?$basic_string@DU?$char_traits@D@std@@V?$allocator@D@2@@std@@@Z@
AeCompute.dll,156628000,0x955f420,flow,.?AV<lambda_2>@?9???$type@VVec3@transmute@@@TypeRegistry@flow@@QEAAAEAVDataTypeDefinition@2@V?$basic_string@DU?$char_traits@D@std@@V?$allocator@D@2@@std@@@Z@
AeCompute.dll,156628176,0x955f4d0,flow,.?AV<lambda_1>@?4???$type@VVec3@transmute@@@TypeRegistry@flow@@QEAAAEAVDataTypeDefinition@2@V?$basic_string@DU?$char_traits@D@std@@V?$allocator@D@2@@std@@@Z@
AeCompute.dll,156628352,0x955f580,flow,.?AV<lambda_2>@?9???$type@VVec2@transmute@@@TypeRegistry@flow@@QEAAAEAVDataTypeDefinition@2@V?$basic_string@DU?$char_traits@D@std@@V?$allocator@D@2@@std@@@Z@
AeCompute.dll,156628528,0x955f630,flow,.?AV<lambda_1>@?4???$type@VVec2@transmute@@@TypeRegistry@flow@@QEAAAEAVDataTypeDefinition@2@V?$basic_string@DU?$char_traits@D@std@@V?$allocator@D@2@@std@@@Z@
AeCompute.dll,156629216,0x955f8e0,flow,.?AV<lambda_1>@?4???$func@UComputeByteSize@Property@flow@@V?$shared_ptr@VTensor@solax@@@std@@@DataTypeDefinition@flow@@QEAAAEAV12@AEBV?$function@$$A6A_KAEBV?$shared_ptr@VTensor@solax@@@std@@@Z@std@@@Z@
AeCompute.dll,156629440,0x955f9c0,flow,.?AV<lambda_1>@?4???$func@UHash@Property@flow@@V?$shared_ptr@VTensor@solax@@@std@@@DataTypeDefinition@flow@@QEAAAEAV12@AEBV?$function@$$A6A_KAEBV?$shared_ptr@VTensor@solax@@@std@@@Z@std@@@Z@
AeCompute.dll,156629648,0x955fa90,flow,.?AV<lambda_1>@?6???$func@UJsonDeserialize@Property@flow@@V?$shared_ptr@VTensor@solax@@@std@@@DataTypeDefinition@flow@@QEAAAEAV12@AEBV?$function@$$A6AXAEAV?$shared_ptr@VTensor@solax@@@std@@AEBV?$basic_json@Vmap@std@@Vvector@2@V?$basic_string@DU?$char_traits@D@std@@V?$allocator@D@2@@2@_N_J_KNVallocator@2@Uadl_serializer@json_abi_v3_11_3@nlohmann@@V?$vector@EV?$allocator@E@std@@@2@X@json_abi_v3_11_3@nlohmann@@@Z@std@@@Z@
AeCompute.dll,156630096,0x955fc50,flow,.?AV<lambda_1>@?4???$func@UJsonSerialize@Property@flow@@V?$shared_ptr@VTensor@solax@@@std@@@DataTypeDefinition@flow@@QEAAAEAV12@AEBV?$function@$$A6A?AV?$basic_json@Vmap@std@@Vvector@2@V?$basic_string@DU?$char_traits@D@std@@V?$allocator@D@2@@2@_N_J_KNVallocator@2@Uadl_serializer@json_abi_v3_11_3@nlohmann@@V?$vector@EV?$allocator@E@std@@@2@X@json_abi_v3_11_3@nlohmann@@AEBV?$shared_ptr@VTensor@solax@@@std@@@Z@std@@@Z@
AeCompute.dll,156630544,0x955fe10,flow,.?AV<lambda_2>@?9???$type@V?$shared_ptr@VTensor@solax@@@std@@@TypeRegistry@flow@@QEAAAEAVDataTypeDefinition@2@V?$basic_string@DU?$char_traits@D@std@@V?$allocator@D@2@@std@@@Z@
AeCompute.dll,156630736,0x955fed0,flow,.?AV<lambda_1>@?4???$type@V?$shared_ptr@VTensor@solax@@@std@@@TypeRegistry@flow@@QEAAAEAVDataTypeDefinition@2@V?$basic_string@DU?$char_traits@D@std@@V?$allocator@D@2@@std@@@Z@
AeCompute.dll,156631184,0x9560090,object,.?AVRefCountedObject@utility@dvacore@@
AeCompute.dll,156631312,0x9560110,object|mask,.?AV?$ScriptObjectDefinitionInitiator@VFastMaskObject@Scripting@DVACompute@@@factory@dvascripting@@
AeCompute.dll,156631440,0x9560190,object,.?AVScriptObjectDefinitionInitiatorBase@factory@dvascripting@@
AeCompute.dll,156631584,0x9560220,object|mask,.?AV?$ScriptObjectDefinition@VFastMaskObject@Scripting@DVACompute@@@definition@dvascripting@@
AeCompute.dll,156632448,0x9560580,object,.?AVNativeObject@dvascripting@@
AeCompute.dll,156632592,0x9560610,object,.?AV?$_Func_base@XAEBV?$IntrusivePtr@VScriptObject@dvascripting@@@RefCountedInterface@utility@dvacore@@@std@@
AeCompute.dll,156632880,0x9560730,object,.?AVScriptObjectMessageRouter@dvascripting@@
AeCompute.dll,156632944,0x9560770,object,.?AVRefCountedObjectWithWeakPtr@utility@dvacore@@
AeCompute.dll,156633024,0x95607c0,mask,.?AV?$ScriptCastInterface@V?$InterfaceRef@UIFastMaskWrapper@DVACompute@@@classref@dvacore@@@dvascripting@@
AeCompute.dll,156633424,0x9560950,mask,.?AV?$FutureState@UFastMaskOutputData@DVACompute@@@detail@async@dvacore@@
AeCompute.dll,156633584,0x95609f0,object|mask,.?AV?$_Func_base@XAEBV?$IntrusivePtr@VFastMaskObject@Scripting@DVACompute@@@RefCountedInterface@utility@dvacore@@@std@@
AeCompute.dll,156633728,0x9560a80,object|mask,.?AV?$ScriptItemDefinition@VFastMaskObject@Scripting@DVACompute@@@definition@dvascripting@@
AeCompute.dll,156633920,0x9560b40,object|mask,.?AV?$_Func_base@XPEBV?$vector@V?$shared_ptr@Vany@std@@@std@@U?$STLAllocator@V?$shared_ptr@Vany@std@@@std@@@allocator@dvacore@@@std@@PEAV?$unordered_map@V?$basic_string@EU?$char_traits@E@std@@U?$STLAllocator@E@allocator@dvacore@@@std@@V?$shared_ptr@Vany@std@@@2@U?$hash@V?$basic_string@EU?$char_traits@E@std@@U?$STLAllocator@E@allocator@dvacore@@@std@@@2@U?$equal_to@V?$basic_string@EU?$char_traits@E@std@@U?$STLAllocator@E@allocator@dvacore@@@std@@@2@U?$STLAllocator@U?$pair@$$CBV?$basic_string@EU?$char_traits@E@std@@U?$STLAllocator@E@allocator@dvacore@@@std@@V?$shared_ptr@Vany@std@@@2@@std@@@allocator@dvacore@@@2@PEAVFastMaskObject@Scripting@DVACompute@@@std@@
AeCompute.dll,156635056,0x9560fb0,mask,.?AV?$_Ref_count_obj_alloc3@V?$FutureState@UFastMaskOutputData@DVACompute@@@detail@async@dvacore@@U?$STLAllocator@V?$FutureState@UFastMaskOutputData@DVACompute@@@detail@async@dvacore@@@allocator@4@@std@@
AeCompute.dll,156635280,0x9561090,mask,.?AV?$_Ebco_base@U?$STLAllocator@V?$FutureState@UFastMaskOutputData@DVACompute@@@detail@async@dvacore@@@allocator@dvacore@@$00@std@@
AeCompute.dll,156635440,0x9561130,mask,.?AU?$STLAllocator@V?$FutureState@UFastMaskOutputData@DVACompute@@@detail@async@dvacore@@@allocator@dvacore@@
AeCompute.dll,156635792,0x9561290,object|mask|track,.?AV?$_Func_impl_no_alloc@V?$_Binder@U_Unforced@std@@V<lambda_1>@?1???$AsyncWithExecutorAndContinuationExecutorAndDelay@V?$shared_ptr@VAsyncExecutor@threads@dvacore@@@std@@_JU?$ratio@$00$0DOI@@2@V12@V<lambda_1>@?1??TrackNextFrame@FastMaskObject@Scripting@DVACompute@@QEAA?AV?$shared_ptr@VNativePromise@dvascripting@@@2@AEBV?$basic_string@EU?$char_traits@E@std@@U?$STLAllocator@E@allocator@dvacore@@@2@0N@Z@$$V@async@dvacore@@YA?A_PAEBV?$shared_ptr@VAsyncExecutor@threads@dvacore@@@2@AEBV?$duration@_JU?$ratio@$00$0DOI@@std@@@chrono@2@0$$QEAV3?1??TrackNextFrame@FastMaskObject@Scripting@DVACompute@@QEAA?AV?$shared_ptr@VNativePromise@dvascripting@@@2@AEBV?$basic_string@EU?$char_traits@E@std@@U?$STLAllocator@E@allocator@dvacore@@@2@2N@Z@@Z@$$V@std@@X$$V@std@@
AeCompute.dll,156636576,0x95615a0,object|mask,.?AV?$_Func_impl_no_alloc@V<lambda_1>@?1??CreateFastMaskObject@Scripting@DVACompute@@YA?AV?$IntrusivePtr@VScriptObject@dvascripting@@@RefCountedInterface@utility@dvacore@@AEBV?$InterfaceRef@UIFastMaskWrapper@DVACompute@@@classref@8@H@Z@XAEBV?$IntrusivePtr@VFastMaskObject@Scripting@DVACompute@@@678@@std@@
AeCompute.dll,156637664,0x95619e0,object|mask,.?AV?$_Func_impl_no_alloc@V<lambda_1>@?4???$RegisterMethod@VFastMaskObject@Scripting@DVACompute@@V?$PropertyType@V?$IntrusivePtr@VScriptObject@dvascripting@@@RefCountedInterface@utility@dvacore@@@dvascripting@@P8123@EAA?AV?$IntrusivePtr@VScriptObject@dvascripting@@@RefCountedInterface@utility@dvacore@@XZ@definition@dvascripting@@YAXPEBDV?$PropertyType@V?$IntrusivePtr@VScriptObject@dvascripting@@@RefCountedInterface@utility@dvacore@@@3@$$QEAP8FastMaskObject@Scripting@DVACompute@@EAA?AV?$IntrusivePtr@VScriptObject@dvascripting@@@RefCountedInterface@utility@dvacore@@XZW4ScriptObjectPropertyModifier@3@W4ItemThreadOption@3@0W4ScriptItemFlag@3@@Z@XPEBV?$vector@V?$shared_ptr@Vany@std@@@std@@U?$STLAllocator@V?$shared_ptr@Vany@std@@@std@@@allocator@dvacore@@@std@@PEAV?$unordered_map@V?$basic_string@EU?$char_traits@E@std@@U?$STLAllocator@E@allocator@dvacore@@@std@@V?$shared_ptr@Vany@std@@@2@U?$hash@V?$basic_string@EU?$char_traits@E@std@@U?$STLAllocator@E@allocator@dvacore@@@std@@@2@U?$equal_to@V?$basic_string@EU?$char_traits@E@std@@U?$STLAllocator@E@allocator@dvacore@@@std@@@2@U?$STLAllocator@U?$pair@$$CBV?$basic_string@EU?$char_traits@E@std@@U?$STLAllocator@E@allocator@dvacore@@@std@@V?$shared_ptr@Vany@std@@@2@@std@@@allocator@dvacore@@@std@@PEAV567@@std@@
AeCompute.dll,156638960,0x9561ef0,object|mask,.?AV?$_Func_impl_no_alloc@V<lambda_1>@?4???$RegisterMethod@VFastMaskObject@Scripting@DVACompute@@V?$PropertyType@_N@dvascripting@@V?$ParameterType@V?$IntrusivePtr@VScriptObject@dvascripting@@@RefCountedInterface@utility@dvacore@@@5@V?$ParameterType@V?$basic_string@EU?$char_traits@E@std@@U?$STLAllocator@E@allocator@dvacore@@@std@@@5@V75@P8123@EAA_NAEBV?$IntrusivePtr@VScriptObject@dvascripting@@@RefCountedInterface@utility@dvacore@@AEBV?$basic_string@EU?$char_traits@E@std@@U?$STLAllocator@E@allocator@dvacore@@@std@@1@Z@definition@dvascripting@@YAXPEBDV?$ParameterType@V?$IntrusivePtr@VScriptObject@dvascripting@@@RefCountedInterface@utility@dvacore@@@3@V?$ParameterType@V?$basic_string@EU?$char_traits@E@std@@U?$STLAllocator@E@allocator@dvacore@@@std@@@3@2V?$PropertyType@_N@3@$$QEAP8FastMaskObject@Scripting@DVACompute@@EAA_NAEBV?$IntrusivePtr@VScriptObject@dvascripting@@@RefCountedInterface@utility@dvacore@@AEBV?$basic_string@EU?$char_traits@E@std@@U?$STLAllocator@E@allocator@dvacore@@@std@@5@ZW4ScriptObjectPropertyModifier@3@W4ItemThreadOption@3@0W4ScriptItemFlag@3@@Z@XPEBV?$vector@V?$shared_ptr@Vany@std@@@std@@U?$STLAllocator@V?$shared_ptr@Vany@std@@@std@@@allocator@dvacore@@@std@@PEAV?$unordered_map@V?$basic_string@EU?$char_traits@E@std@@U?$STLAllocator@E@allocator@dvacore@@@std@@V?$shared_ptr@Vany@std@@@2@U?$hash@V?$basic_string@EU?$char_traits@E@std@@U?$STLAllocator@E@allocator@dvacore@@@std@@@2@U?$equal_to@V?$basic_string@EU?$char_traits@E@std@@U?$STLAllocator@E@allocator@dvacore@@@std@@@2@U?$STLAllocator@U?$pair@$$CBV?$basic_string@EU?$char_traits@E@std@@U?$STLAllocator@E@allocator@dvacore@@@std@@V?$shared_ptr@Vany@std@@@2@@std@@@allocator@dvacore@@@std@@PEAV789@@std@@
AeCompute.dll,156640688,0x95625b0,object|mask,.?AV?$_Func_impl_no_alloc@V<lambda_1>@?4???$RegisterMethod@VFastMaskObject@Scripting@DVACompute@@V?$PropertyType@V?$shared_ptr@VNativeObject@dvascripting@@@std@@@dvascripting@@V?$ParameterType@V?$basic_string@EU?$char_traits@E@std@@U?$STLAllocator@E@allocator@dvacore@@@std@@@5@V65@V?$ParameterType@N@5@P8123@EAA?AV?$shared_ptr@VNativePromise@dvascripting@@@std@@AEBV?$basic_string@EU?$char_traits@E@std@@U?$STLAllocator@E@allocator@dvacore@@@9@0N@Z@definition@dvascripting@@YAXPEBDV?$ParameterType@V?$basic_string@EU?$char_traits@E@std@@U?$STLAllocator@E@allocator@dvacore@@@std@@@3@1V?$ParameterType@N@3@V?$PropertyType@V?$shared_ptr@VNativeObject@dvascripting@@@std@@@3@$$QEAP8FastMaskObject@Scripting@DVACompute@@EAA?AV?$shared_ptr@VNativePromise@dvascripting@@@std@@AEBV?$basic_string@EU?$char_traits@E@std@@U?$STLAllocator@E@allocator@dvacore@@@std@@4N@ZW4ScriptObjectPropertyModifier@3@W4ItemThreadOption@3@0W4ScriptItemFlag@3@@Z@XPEBV?$vector@V?$shared_ptr@Vany@std@@@std@@U?$STLAllocator@V?$shared_ptr@Vany@std@@@std@@@allocator@dvacore@@@std@@PEAV?$unordered_map@V?$basic_string@EU?$char_traits@E@std@@U?$STLAllocator@E@allocator@dvacore@@@std@@V?$shared_ptr@Vany@std@@@2@U?$hash@V?$basic_string@EU?$char_traits@E@std@@U?$STLAllocator@E@allocator@dvacore@@@std@@@2@U?$equal_to@V?$basic_string@EU?$char_traits@E@std@@U?$STLAllocator@E@allocator@dvacore@@@std@@@2@U?$STLAllocator@U?$pair@$$CBV?$basic_string@EU?$char_traits@E@std@@U?$STLAllocator@E@allocator@dvacore@@@std@@V?$shared_ptr@Vany@std@@@2@@std@@@allocator@dvacore@@@std@@PEAV789@@std@@
AeCompute.dll,156642272,0x9562be0,object|mask,.?AV?$_Func_impl_no_alloc@V<lambda_1>@?4???$RegisterMethod@VFastMaskObject@Scripting@DVACompute@@V?$PropertyType@_N@dvascripting@@P8123@EAA_NXZ@definition@dvascripting@@YAXPEBDV?$PropertyType@_N@3@$$QEAP8FastMaskObject@Scripting@DVACompute@@EAA_NXZW4ScriptObjectPropertyModifier@3@W4ItemThreadOption@3@0W4ScriptItemFlag@3@@Z@XPEBV?$vector@V?$shared_ptr@Vany@std@@@std@@U?$STLAllocator@V?$shared_ptr@Vany@std@@@std@@@allocator@dvacore@@@std@@PEAV?$unordered_map@V?$basic_string@EU?$char_traits@E@std@@U?$STLAllocator@E@allocator@dvacore@@@std@@V?$shared_ptr@Vany@std@@@2@U?$hash@V?$basic_string@EU?$char_traits@E@std@@U?$STLAllocator@E@allocator@dvacore@@@std@@@2@U?$equal_to@V?$basic_string@EU?$char_traits@E@std@@U?$STLAllocator@E@allocator@dvacore@@@std@@@2@U?$STLAllocator@U?$pair@$$CBV?$basic_string@EU?$char_traits@E@std@@U?$STLAllocator@E@allocator@dvacore@@@std@@V?$shared_ptr@Vany@std@@@2@@std@@@allocator@dvacore@@@std@@PEAV567@@std@@
AeCompute.dll,156643232,0x9562fa0,object|mask|track,.?AV?$InvocationImplementation@V<lambda_1>@?1???$AddContinuationWithExecutor@V?$shared_ptr@VAsyncExecutor@threads@dvacore@@@std@@V<lambda_1>@?1???$MakeContinuation@V<lambda_1>@?1???$OnSuccessWithExecutor@V?$shared_ptr@VAsyncExecutor@threads@dvacore@@@std@@V<lambda_2>@?1??TrackNextFrame@FastMaskObject@Scripting@DVACompute@@QEAA?AV?$shared_ptr@VNativePromise@dvascripting@@@2@AEBV?$basic_string@EU?$char_traits@E@std@@U?$STLAllocator@E@allocator@dvacore@@@2@0N@Z@@?$Future@UFastMaskOutputData@DVACompute@@@async@dvacore@@QEBA?A_P$$QEAV?$shared_ptr@VAsyncExecutor@threads@dvacore@@@std@@$$QEAV<lambda_2>@?1??TrackNextFrame@FastMaskObject@Scripting@DVACompute@@QEAA?AV?$shared_ptr@VNativePromise@dvascripting@@@6@AEBV?$basic_string@EU?$char_traits@E@std@@U?$STLAllocator@E@allocator@dvacore@@@6@1N@Z@@Z@V?$Promise@_N@34@@?$Future@UFastMaskOutputData@DVACompute@@@async@dvacore@@AEBA?A_P$$QEAV3?1???$OnSuccessWithExecutor@V?$shared_ptr@VAsyncExecutor@threads@dvacore@@@std@@V<lambda_2>@?1??TrackNextFrame@FastMaskObject@Scripting@DVACompute@@QEAA?AV?$shared_ptr@VNativePromise@dvascripting@@@2@AEBV?$basic_string@EU?$char_traits@E@std@@U?$STLAllocator@E@allocator@dvacore@@@2@0N@Z@@456@QEBA?A_P$$QEAV12@$$QEAV<lambda_2>@?1??TrackNextFrame@FastMaskObject@Scripting@DVACompute@@QEAA?AV?$shared_ptr@VNativePromise@dvascripting@@@2@AEBV?$basic_string@EU?$char_traits@E@std@@U?$STLAllocator@E@allocator@dvacore@@@2@1N@Z@@Z@$$QEAV?$Promise@_N@56@@Z@@UntypedFutureState@detail@async@dvacore@@QEAAX$$QEAV?$shared_ptr@VAsyncExecutor@threads@dvacore@@@std@@$$QEAV1?1???$MakeContinuation@V<lambda_1>@?1???$OnSuccessWithExecutor@V?$shared_ptr@VAsyncExecutor@threads@dvacore@@@std@@V<lambda_2>@?1??TrackNextFrame@FastMaskObject@Scripting@DVACompute@@QEAA?AV?$shared_ptr@VNativePromise@dvascripting@@@2@AEBV?$basic_string@EU?$char_traits@E@std@@U?$STLAllocator@E@allocator@dvacore@@@2@0N@Z@@?$Future@UFastMaskOutputData@DVACompute@@@async@dvacore@@QEBA?A_P$$QEAV?$shared_ptr@VAsyncExecutor@threads@dvacore@@@std@@$$QEAV<lambda_2>@?1??TrackNextFrame@FastMaskObject@Scripting@DVACompute@@QEAA?AV?$shared_ptr@VNativePromise@dvascripting@@@6@AEBV?$basic_string@EU?$char_traits@E@std@@U?$STLAllocator@E@allocator@dvacore@@@6@1N@Z@@Z@V?$Promise@_N@34@@?$Future@UFastMaskOutputData@DVACompute@@@45@AEBA?A_P$$QEAV1?1???$OnSuccessWithExecutor@V?$shared_ptr@VAsyncExecutor@threads@dvacore@@@std@@V<lambda_2>@?1??TrackNextFrame@FastMaskObject@Scripting@DVACompute@@QEAA?AV?$shared_ptr@VNativePromise@dvascripting@@@2@AEBV?$basic_string@EU?$char_traits@E@std@@U?$STLAllocator@E@allocator@dvacore@@@2@0N@Z@@845@QEBA?A_P0$$QEAV<lambda_2>@?1??TrackNextFrame@FastMaskObject@Scripting@DVACompute@@QEAA?AV?$shared_ptr@VNativePromise@dvascripting@@@7@AEBV?$basic_string@EU?$char_traits@E@std@@U?$STLAllocator@E@allocator@dvacore@@@7@1N@Z@@Z@$$QEAV?$Promise@_N@45@@Z@@Z@$$A6AXXZ@detail@dvacore@@
AeCompute.dll,156646608,0x9563cd0,object|mask,.?AV?$_Func_impl_no_alloc@V<lambda_1>@?1???$CreateScriptObject@VFastMaskObject@Scripting@DVACompute@@@utils@dvascripting@@YA?AV?$IntrusivePtr@VFastMaskObject@Scripting@DVACompute@@@RefCountedInterface@utility@dvacore@@HV?$function@$$A6AXAEBV?$IntrusivePtr@VFastMaskObject@Scripting@DVACompute@@@RefCountedInterface@utility@dvacore@@@Z@std@@@Z@XAEBV?$IntrusivePtr@VScriptObject@dvascripting@@@567@@std@@
AeCompute.dll,156647040,0x9563e80,object|mask|track,.?AV?$_Ref_count_obj_alloc3@V<lambda_1>@?1???$MakeContinuation@V<lambda_1>@?1???$OnSuccessWithExecutor@V?$shared_ptr@VAsyncExecutor@threads@dvacore@@@std@@V<lambda_2>@?1??TrackNextFrame@FastMaskObject@Scripting@DVACompute@@QEAA?AV?$shared_ptr@VNativePromise@dvascripting@@@2@AEBV?$basic_string@EU?$char_traits@E@std@@U?$STLAllocator@E@allocator@dvacore@@@2@0N@Z@@?$Future@UFastMaskOutputData@DVACompute@@@async@dvacore@@QEBA?A_P$$QEAV?$shared_ptr@VAsyncExecutor@threads@dvacore@@@std@@$$QEAV<lambda_2>@?1??TrackNextFrame@FastMaskObject@Scripting@DVACompute@@QEAA?AV?$shared_ptr@VNativePromise@dvascripting@@@6@AEBV?$basic_string@EU?$char_traits@E@std@@U?$STLAllocator@E@allocator@dvacore@@@6@1N@Z@@Z@V?$Promise@_N@34@@?$Future@UFastMaskOutputData@DVACompute@@@async@dvacore@@AEBA?A_P$$QEAV1?1???$OnSuccessWithExecutor@V?$shared_ptr@VAsyncExecutor@threads@dvacore@@@std@@V<lambda_2>@?1??TrackNextFrame@FastMaskObject@Scripting@DVACompute@@QEAA?AV?$shared_ptr@VNativePromise@dvascripting@@@2@AEBV?$basic_string@EU?$char_traits@E@std@@U?$STLAllocator@E@allocator@dvacore@@@2@0N@Z@@234@QEBA?A_P$$QEAV?$shared_ptr@VAsyncExecutor@threads@dvacore@@@std@@$$QEAV<lambda_2>@?1??TrackNextFrame@FastMaskObject@Scripting@DVACompute@@QEAA?AV?$shared_ptr@VNativePromise@dvascripting@@@6@AEBV?$basic_string@EU?$char_traits@E@std@@U?$STLAllocator@E@allocator@dvacore@@@6@1N@Z@@Z@$$QEAV?$Promise@_N@34@@Z@U?$STLAllocator@V<lambda_1>@?1???$MakeContinuation@V<lambda_1>@?1???$OnSuccessWithExecutor@V?$shared_ptr@VAsyncExecutor@threads@dvacore@@@std@@V<lambda_2>@?1??TrackNextFrame@FastMaskObject@Scripting@DVACompute@@QEAA?AV?$shared_ptr@VNativePromise@dvascripting@@@2@AEBV?$basic_string@EU?$char_traits@E@std@@U?$STLAllocator@E@allocator@dvacore@@@2@0N@Z@@?$Future@UFastMaskOutputData@DVACompute@@@async@dvacore@@QEBA?A_P$$QEAV?$shared_ptr@VAsyncExecutor@threads@dvacore@@@std@@$$QEAV<lambda_2>@?1??TrackNextFrame@FastMaskObject@Scripting@DVACompute@@QEAA?AV?$shared_ptr@VNativePromise@dvascripting@@@6@AEBV?$basic_string@EU?$char_traits@E@std@@U?$STLAllocator@E@allocator@dvacore@@@6@1N@Z@@Z@V?$Promise@_N@34@@?$Future@UFastMaskOutputData@DVACompute@@@async@dvacore@@AEBA?A_P$$QEAV1?1???$OnSuccessWithExecutor@V?$shared_ptr@VAsyncExecutor@threads@dvacore@@@std@@V<lambda_2>@?1??TrackNextFrame@FastMaskObject@Scripting@DVACompute@@QEAA?AV?$shared_ptr@VNativePromise@dvascripting@@@2@AEBV?$basic_string@EU?$char_traits@E@std@@U?$STLAllocator@E@allocator@dvacore@@@2@0N@Z@@234@QEBA?A_P$$QEAV?$shared_ptr@VAsyncExecutor@threads@dvacore@@@std@@$$QEAV<lambda_2>@?1??TrackNextFrame@FastMaskObject@Scripting@DVACompute@@QEAA?AV?$shared_ptr@VNativePromise@dvascripting@@@6@AEBV?$basic_string@EU?$char_traits@E@std@@U?$STLAllocator@E@allocator@dvacore@@@6@1N@Z@@Z@$$QEAV?$Promise@_N@34@@Z@@allocator@4@@std@@
AeCompute.dll,156649840,0x9564970,object|mask|track,.?AV?$_Ebco_base@U?$STLAllocator@V<lambda_1>@?1???$MakeContinuation@V<lambda_1>@?1???$OnSuccessWithExecutor@V?$shared_ptr@VAsyncExecutor@threads@dvacore@@@std@@V<lambda_2>@?1??TrackNextFrame@FastMaskObject@Scripting@DVACompute@@QEAA?AV?$shared_ptr@VNativePromise@dvascripting@@@2@AEBV?$basic_string@EU?$char_traits@E@std@@U?$STLAllocator@E@allocator@dvacore@@@2@0N@Z@@?$Future@UFastMaskOutputData@DVACompute@@@async@dvacore@@QEBA?A_P$$QEAV?$shared_ptr@VAsyncExecutor@threads@dvacore@@@std@@$$QEAV<lambda_2>@?1??TrackNextFrame@FastMaskObject@Scripting@DVACompute@@QEAA?AV?$shared_ptr@VNativePromise@dvascripting@@@6@AEBV?$basic_string@EU?$char_traits@E@std@@U?$STLAllocator@E@allocator@dvacore@@@6@1N@Z@@Z@V?$Promise@_N@34@@?$Future@UFastMaskOutputData@DVACompute@@@async@dvacore@@AEBA?A_P$$QEAV1?1???$OnSuccessWithExecutor@V?$shared_ptr@VAsyncExecutor@threads@dvacore@@@std@@V<lambda_2>@?1??TrackNextFrame@FastMaskObject@Scripting@DVACompute@@QEAA?AV?$shared_ptr@VNativePromise@dvascripting@@@2@AEBV?$basic_string@EU?$char_traits@E@std@@U?$STLAllocator@E@allocator@dvacore@@@2@0N@Z@@234@QEBA?A_P$$QEAV?$shared_ptr@VAsyncExecutor@threads@dvacore@@@std@@$$QEAV<lambda_2>@?1??TrackNextFrame@FastMaskObject@Scripting@DVACompute@@QEAA?AV?$shared_ptr@VNativePromise@dvascripting@@@6@AEBV?$basic_string@EU?$char_traits@E@std@@U?$STLAllocator@E@allocator@dvacore@@@6@1N@Z@@Z@$$QEAV?$Promise@_N@34@@Z@@allocator@dvacore@@$00@std@@
AeCompute.dll,156651280,0x9564f10,object|mask|track,.?AU?$STLAllocator@V<lambda_1>@?1???$MakeContinuation@V<lambda_1>@?1???$OnSuccessWithExecutor@V?$shared_ptr@VAsyncExecutor@threads@dvacore@@@std@@V<lambda_2>@?1??TrackNextFrame@FastMaskObject@Scripting@DVACompute@@QEAA?AV?$shared_ptr@VNativePromise@dvascripting@@@2@AEBV?$basic_string@EU?$char_traits@E@std@@U?$STLAllocator@E@allocator@dvacore@@@2@0N@Z@@?$Future@UFastMaskOutputData@DVACompute@@@async@dvacore@@QEBA?A_P$$QEAV?$shared_ptr@VAsyncExecutor@threads@dvacore@@@std@@$$QEAV<lambda_2>@?1??TrackNextFrame@FastMaskObject@Scripting@DVACompute@@QEAA?AV?$shared_ptr@VNativePromise@dvascripting@@@6@AEBV?$basic_string@EU?$char_traits@E@std@@U?$STLAllocator@E@allocator@dvacore@@@6@1N@Z@@Z@V?$Promise@_N@34@@?$Future@UFastMaskOutputData@DVACompute@@@async@dvacore@@AEBA?A_P$$QEAV1?1???$OnSuccessWithExecutor@V?$shared_ptr@VAsyncExecutor@threads@dvacore@@@std@@V<lambda_2>@?1??TrackNextFrame@FastMaskObject@Scripting@DVACompute@@QEAA?AV?$shared_ptr@VNativePromise@dvascripting@@@2@AEBV?$basic_string@EU?$char_traits@E@std@@U?$STLAllocator@E@allocator@dvacore@@@2@0N@Z@@234@QEBA?A_P$$QEAV?$shared_ptr@VAsyncExecutor@threads@dvacore@@@std@@$$QEAV<lambda_2>@?1??TrackNextFrame@FastMaskObject@Scripting@DVACompute@@QEAA?AV?$shared_ptr@VNativePromise@dvascripting@@@6@AEBV?$basic_string@EU?$char_traits@E@std@@U?$STLAllocator@E@allocator@dvacore@@@6@1N@Z@@Z@$$QEAV?$Promise@_N@34@@Z@@allocator@dvacore@@
AeCompute.dll,156653696,0x9565880,object|mask|track,.?AV?$_Func_impl_no_alloc@V<lambda_1>@?6???$CallContinuationAsync@V?$shared_ptr@VAsyncExecutor@threads@dvacore@@@std@@V<lambda_1>@?1???$MakeContinuation@V<lambda_1>@?1???$OnSuccessWithExecutor@V?$shared_ptr@VAsyncExecutor@threads@dvacore@@@std@@V<lambda_2>@?1??TrackNextFrame@FastMaskObject@Scripting@DVACompute@@QEAA?AV?$shared_ptr@VNativePromise@dvascripting@@@2@AEBV?$basic_string@EU?$char_traits@E@std@@U?$STLAllocator@E@allocator@dvacore@@@2@0N@Z@@?$Future@UFastMaskOutputData@DVACompute@@@async@dvacore@@QEBA?A_P$$QEAV?$shared_ptr@VAsyncExecutor@threads@dvacore@@@std@@$$QEAV<lambda_2>@?1??TrackNextFrame@FastMaskObject@Scripting@DVACompute@@QEAA?AV?$shared_ptr@VNativePromise@dvascripting@@@6@AEBV?$basic_string@EU?$char_traits@E@std@@U?$STLAllocator@E@allocator@dvacore@@@6@1N@Z@@Z@V?$Promise@_N@34@@?$Future@UFastMaskOutputData@DVACompute@@@async@dvacore@@AEBA?A_P$$QEAV3?1???$OnSuccessWithExecutor@V?$shared_ptr@VAsyncExecutor@threads@dvacore@@@std@@V<lambda_2>@?1??TrackNextFrame@FastMaskObject@Scripting@DVACompute@@QEAA?AV?$shared_ptr@VNativePromise@dvascripting@@@2@AEBV?$basic_string@EU?$char_traits@E@std@@U?$STLAllocator@E@allocator@dvacore@@@2@0N@Z@@456@QEBA?A_P$$QEAV12@$$QEAV<lambda_2>@?1??TrackNextFrame@FastMaskObject@Scripting@DVACompute@@QEAA?AV?$shared_ptr@VNativePromise@dvascripting@@@2@AEBV?$basic_string@EU?$char_traits@E@std@@U?$STLAllocator@E@allocator@dvacore@@@2@1N@Z@@Z@$$QEAV?$Promise@_N@56@@Z@@detail@async@dvacore@@YAX$$QEAV?$shared_ptr@VAsyncExecutor@threads@dvacore@@@std@@$$QEAV1?1???$MakeContinuation@V<lambda_1>@?1???$OnSuccessWithExecutor@V?$shared_ptr@VAsyncExecutor@threads@dvacore@@@std@@V<lambda_2>@?1??TrackNextFrame@FastMaskObject@Scripting@DVACompute@@QEAA?AV?$shared_ptr@VNativePromise@dvascripting@@@2@AEBV?$basic_string@EU?$char_traits@E@std@@U?$STLAllocator@E@allocator@dvacore@@@2@0N@Z@@?$Future@UFastMaskOutputData@DVACompute@@@async@dvacore@@QEBA?A_P$$QEAV?$shared_ptr@VAsyncExecutor@threads@dvacore@@@std@@$$QEAV<lambda_2>@?1??TrackNextFrame@FastMaskObject@Scripting@DVACompute@@QEAA?AV?$shared_ptr@VNativePromise@dvascripting@@@6@AEBV?$basic_string@EU?$char_traits@E@std@@U?$STLAllocator@E@allocator@dvacore@@@6@1N@Z@@Z@V?$Promise@_N@34@@?$Future@UFastMaskOutputData@DVACompute@@@34@AEBA?A_P$$QEAV1?1???$OnSuccessWithExecutor@V?$shared_ptr@VAsyncExecutor@threads@dvacore@@@std@@V<lambda_2>@?1??TrackNextFrame@FastMaskObject@Scripting@DVACompute@@QEAA?AV?$shared_ptr@VNativePromise@dvascripting@@@2@AEBV?$basic_string@EU?$char_traits@E@std@@U?$STLAllocator@E@allocator@dvacore@@@2@0N@Z@@734@QEBA?A_P0$$QEAV<lambda_2>@?1??TrackNextFrame@FastMaskObject@Scripting@DVACompute@@QEAA?AV?$shared_ptr@VNativePromise@dvascripting@@@6@AEBV?$basic_string@EU?$char_traits@E@std@@U?$STLAllocator@E@allocator@dvacore@@@6@1N@Z@@Z@$$QEAV?$Promise@_N@34@@Z@V?$shared_ptr@VUntypedFutureState@detail@async@dvacore@@@6@@Z@X$$V@std@@
AeCompute.dll,156658720,0x9566c20,object|mask|track,.?AV?$_Ebco_base@U?$STLAllocator@V?$InvocationImplementation@V<lambda_1>@?1???$AddContinuationWithExecutor@V?$shared_ptr@VAsyncExecutor@threads@dvacore@@@std@@V<lambda_1>@?1???$MakeContinuation@V<lambda_1>@?1???$OnSuccessWithExecutor@V?$shared_ptr@VAsyncExecutor@threads@dvacore@@@std@@V<lambda_2>@?1??TrackNextFrame@FastMaskObject@Scripting@DVACompute@@QEAA?AV?$shared_ptr@VNativePromise@dvascripting@@@2@AEBV?$basic_string@EU?$char_traits@E@std@@U?$STLAllocator@E@allocator@dvacore@@@2@0N@Z@@?$Future@UFastMaskOutputData@DVACompute@@@async@dvacore@@QEBA?A_P$$QEAV?$shared_ptr@VAsyncExecutor@threads@dvacore@@@std@@$$QEAV<lambda_2>@?1??TrackNextFrame@FastMaskObject@Scripting@DVACompute@@QEAA?AV?$shared_ptr@VNativePromise@dvascripting@@@6@AEBV?$basic_string@EU?$char_traits@E@std@@U?$STLAllocator@E@allocator@dvacore@@@6@1N@Z@@Z@V?$Promise@_N@34@@?$Future@UFastMaskOutputData@DVACompute@@@async@dvacore@@AEBA?A_P$$QEAV3?1???$OnSuccessWithExecutor@V?$shared_ptr@VAsyncExecutor@threads@dvacore@@@std@@V<lambda_2>@?1??TrackNextFrame@FastMaskObject@Scripting@DVACompute@@QEAA?AV?$shared_ptr@VNativePromise@dvascripting@@@2@AEBV?$basic_string@EU?$char_traits@E@std@@U?$STLAllocator@E@allocator@dvacore@@@2@0N@Z@@456@QEBA?A_P$$QEAV12@$$QEAV<lambda_2>@?1??TrackNextFrame@FastMaskObject@Scripting@DVACompute@@QEAA?AV?$shared_ptr@VNativePromise@dvascripting@@@2@AEBV?$basic_string@EU?$char_traits@E@std@@U?$STLAllocator@E@allocator@dvacore@@@2@1N@Z@@Z@$$QEAV?$Promise@_N@56@@Z@@UntypedFutureState@detail@async@dvacore@@QEAAX$$QEAV?$shared_ptr@VAsyncExecutor@threads@dvacore@@@std@@$$QEAV1?1???$MakeContinuation@V<lambda_1>@?1???$OnSuccessWithExecutor@V?$shared_ptr@VAsyncExecutor@threads@dvacore@@@std@@V<lambda_2>@?1??TrackNextFrame@FastMaskObject@Scripting@DVACompute@@QEAA?AV?$shared_ptr@VNativePromise@dvascripting@@@2@AEBV?$basic_string@EU?$char_traits@E@std@@U?$STLAllocator@E@allocator@dvacore@@@2@0N@Z@@?$Future@UFastMaskOutputData@DVACompute@@@async@dvacore@@QEBA?A_P$$QEAV?$shared_ptr@VAsyncExecutor@threads@dvacore@@@std@@$$QEAV<lambda_2>@?1??TrackNextFrame@FastMaskObject@Scripting@DVACompute@@QEAA?AV?$shared_ptr@VNativePromise@dvascripting@@@6@AEBV?$basic_string@EU?$char_traits@E@std@@U?$STLAllocator@E@allocator@dvacore@@@6@1N@Z@@Z@V?$Promise@_N@34@@?$Future@UFastMaskOutputData@DVACompute@@@45@AEBA?A_P$$QEAV1?1???$OnSuccessWithExecutor@V?$shared_ptr@VAsyncExecutor@threads@dvacore@@@std@@V<lambda_2>@?1??TrackNextFrame@FastMaskObject@Scripting@DVACompute@@QEAA?AV?$shared_ptr@VNativePromise@dvascripting@@@2@AEBV?$basic_string@EU?$char_traits@E@std@@U?$STLAllocator@E@allocator@dvacore@@@2@0N@Z@@845@QEBA?A_P0$$QEAV<lambda_2>@?1??TrackNextFrame@FastMaskObject@Scripting@DVACompute@@QEAA?AV?$shared_ptr@VNativePromise@dvascripting@@@7@AEBV?$basic_string@EU?$char_traits@E@std@@U?$STLAllocator@E@allocator@dvacore@@@7@1N@Z@@Z@$$QEAV?$Promise@_N@45@@Z@@Z@$$A6AXXZ@detail@dvacore@@@allocator@dvacore@@$00@std@@
AeCompute.dll,156661664,0x95677a0,object|mask|track,.?AU?$STLAllocator@V?$InvocationImplementation@V<lambda_1>@?1???$AddContinuationWithExecutor@V?$shared_ptr@VAsyncExecutor@threads@dvacore@@@std@@V<lambda_1>@?1???$MakeContinuation@V<lambda_1>@?1???$OnSuccessWithExecutor@V?$shared_ptr@VAsyncExecutor@threads@dvacore@@@std@@V<lambda_2>@?1??TrackNextFrame@FastMaskObject@Scripting@DVACompute@@QEAA?AV?$shared_ptr@VNativePromise@dvascripting@@@2@AEBV?$basic_string@EU?$char_traits@E@std@@U?$STLAllocator@E@allocator@dvacore@@@2@0N@Z@@?$Future@UFastMaskOutputData@DVACompute@@@async@dvacore@@QEBA?A_P$$QEAV?$shared_ptr@VAsyncExecutor@threads@dvacore@@@std@@$$QEAV<lambda_2>@?1??TrackNextFrame@FastMaskObject@Scripting@DVACompute@@QEAA?AV?$shared_ptr@VNativePromise@dvascripting@@@6@AEBV?$basic_string@EU?$char_traits@E@std@@U?$STLAllocator@E@allocator@dvacore@@@6@1N@Z@@Z@V?$Promise@_N@34@@?$Future@UFastMaskOutputData@DVACompute@@@async@dvacore@@AEBA?A_P$$QEAV3?1???$OnSuccessWithExecutor@V?$shared_ptr@VAsyncExecutor@threads@dvacore@@@std@@V<lambda_2>@?1??TrackNextFrame@FastMaskObject@Scripting@DVACompute@@QEAA?AV?$shared_ptr@VNativePromise@dvascripting@@@2@AEBV?$basic_string@EU?$char_traits@E@std@@U?$STLAllocator@E@allocator@dvacore@@@2@0N@Z@@456@QEBA?A_P$$QEAV12@$$QEAV<lambda_2>@?1??TrackNextFrame@FastMaskObject@Scripting@DVACompute@@QEAA?AV?$shared_ptr@VNativePromise@dvascripting@@@2@AEBV?$basic_string@EU?$char_traits@E@std@@U?$STLAllocator@E@allocator@dvacore@@@2@1N@Z@@Z@$$QEAV?$Promise@_N@56@@Z@@UntypedFutureState@detail@async@dvacore@@QEAAX$$QEAV?$shared_ptr@VAsyncExecutor@threads@dvacore@@@std@@$$QEAV1?1???$MakeContinuation@V<lambda_1>@?1???$OnSuccessWithExecutor@V?$shared_ptr@VAsyncExecutor@threads@dvacore@@@std@@V<lambda_2>@?1??TrackNextFrame@FastMaskObject@Scripting@DVACompute@@QEAA?AV?$shared_ptr@VNativePromise@dvascripting@@@2@AEBV?$basic_string@EU?$char_traits@E@std@@U?$STLAllocator@E@allocator@dvacore@@@2@0N@Z@@?$Future@UFastMaskOutputData@DVACompute@@@async@dvacore@@QEBA?A_P$$QEAV?$shared_ptr@VAsyncExecutor@threads@dvacore@@@std@@$$QEAV<lambda_2>@?1??TrackNextFrame@FastMaskObject@Scripting@DVACompute@@QEAA?AV?$shared_ptr@VNativePromise@dvascripting@@@6@AEBV?$basic_string@EU?$char_traits@E@std@@U?$STLAllocator@E@allocator@dvacore@@@6@1N@Z@@Z@V?$Promise@_N@34@@?$Future@UFastMaskOutputData@DVACompute@@@45@AEBA?A_P$$QEAV1?1???$OnSuccessWithExecutor@V?$shared_ptr@VAsyncExecutor@threads@dvacore@@@std@@V<lambda_2>@?1??TrackNextFrame@FastMaskObject@Scripting@DVACompute@@QEAA?AV?$shared_ptr@VNativePromise@dvascripting@@@2@AEBV?$basic_string@EU?$char_traits@E@std@@U?$STLAllocator@E@allocator@dvacore@@@2@0N@Z@@845@QEBA?A_P0$$QEAV<lambda_2>@?1??TrackNextFrame@FastMaskObject@Scripting@DVACompute@@QEAA?AV?$shared_ptr@VNativePromise@dvascripting@@@7@AEBV?$basic_string@EU?$char_traits@E@std@@U?$STLAllocator@E@allocator@dvacore@@@7@1N@Z@@Z@$$QEAV?$Promise@_N@45@@Z@@Z@$$A6AXXZ@detail@dvacore@@@allocator@dvacore@@
AeCompute.dll,156665008,0x95684b0,mask,.?AV?$_Ref_count_resource_alloc@PEAVFastMaskWrapper@DVACompute@@V<lambda_1>@?6???$Allocate@VFastMaskWrapper@DVACompute@@@?$AllocateClassInstanceHelper@VFastMaskWrapper@DVACompute@@@detail@classref@dvacore@@SA?AV?$shared_ptr@VFastMaskWrapper@DVACompute@@@std@@XZ@U?$STLAllocator@VFastMaskWrapper@DVACompute@@@allocator@7@@std@@
AeCompute.dll,156665408,0x9568640,inference|model,.?AV?$_Func_base@V?$future@V?$shared_ptr@VLocalModelBase@inference@solax@@@std@@X@v3@stlab@@$$V@std@@
AeCompute.dll,156665536,0x95686c0,mask,.?AV?$_Ref_count_obj_alloc3@V?$Fastmask@$00@fastmask@solax@@U?$STLAllocator@V?$Fastmask@$00@fastmask@solax@@@allocator@dvacore@@@std@@
AeCompute.dll,156665696,0x9568760,mask,.?AV?$_Ebco_base@U?$STLAllocator@V?$Fastmask@$00@fastmask@solax@@@allocator@dvacore@@$00@std@@
AeCompute.dll,156665808,0x95687d0,mask,.?AU?$STLAllocator@V?$Fastmask@$00@fastmask@solax@@@allocator@dvacore@@
AeCompute.dll,156665984,0x9568880,mask|inference|model,.?AV?$_Func_impl_no_alloc@V<lambda_1>@?1??RegisterModelFactories@FastMaskWrapper@DVACompute@@UEAAXXZ@V?$future@V?$shared_ptr@VLocalModelBase@inference@solax@@@std@@X@v3@stlab@@$$V@std@@
AeCompute.dll,156666192,0x9568950,mask|inference|model,.?AV?$_Func_impl_no_alloc@V<lambda_2>@?1??RegisterModelFactories@FastMaskWrapper@DVACompute@@UEAAXXZ@V?$future@V?$shared_ptr@VLocalModelBase@inference@solax@@@std@@X@v3@stlab@@$$V@std@@
AeCompute.dll,156666400,0x9568a20,mask|inference|model,.?AV?$_Func_impl_no_alloc@V<lambda_3>@?1??RegisterModelFactories@FastMaskWrapper@DVACompute@@UEAAXXZ@V?$future@V?$shared_ptr@VLocalModelBase@inference@solax@@@std@@X@v3@stlab@@$$V@std@@
AeCompute.dll,156697344,0x9570300,object|mask,.?AV?$ScriptObjectDefinitionInitiator@VSmartMaskingUtilsObject@Scripting@DVACompute@@@factory@dvascripting@@
AeCompute.dll,156697472,0x9570380,object|mask,.?AV?$ScriptObjectDefinition@VSmartMaskingUtilsObject@Scripting@DVACompute@@@definition@dvascripting@@
AeCompute.dll,156697600,0x9570400,object|mask,.?AV?$ScriptItemDefinition@VSmartMaskingUtilsObject@Scripting@DVACompute@@@definition@dvascripting@@
AeCompute.dll,156697728,0x9570480,object|mask,.?AV?$_Func_base@XPEBV?$vector@V?$shared_ptr@Vany@std@@@std@@U?$STLAllocator@V?$shared_ptr@Vany@std@@@std@@@allocator@dvacore@@@std@@PEAV?$unordered_map@V?$basic_string@EU?$char_traits@E@std@@U?$STLAllocator@E@allocator@dvacore@@@std@@V?$shared_ptr@Vany@std@@@2@U?$hash@V?$basic_string@EU?$char_traits@E@std@@U?$STLAllocator@E@allocator@dvacore@@@std@@@2@U?$equal_to@V?$basic_string@EU?$char_traits@E@std@@U?$STLAllocator@E@allocator@dvacore@@@std@@@2@U?$STLAllocator@U?$pair@$$CBV?$basic_string@EU?$char_traits@E@std@@U?$STLAllocator@E@allocator@dvacore@@@std@@V?$shared_ptr@Vany@std@@@2@@std@@@allocator@dvacore@@@2@PEAVSmartMaskingUtilsObject@Scripting@DVACompute@@@std@@
AeCompute.dll,156698432,0x9570740,object|mask,.?AV?$_Func_impl_no_alloc@V<lambda_1>@?4???$RegisterMethod@VSmartMaskingUtilsObject@Scripting@DVACompute@@V?$PropertyType@M@dvascripting@@V?$ParameterType@V?$basic_string@EU?$char_traits@E@std@@U?$STLAllocator@E@allocator@dvacore@@@std@@@5@V65@P8123@EAAMAEBV?$basic_string@EU?$char_traits@E@std@@U?$STLAllocator@E@allocator@dvacore@@@std@@0@Z@definition@dvascripting@@YAXPEBDV?$ParameterType@V?$basic_string@EU?$char_traits@E@std@@U?$STLAllocator@E@allocator@dvacore@@@std@@@3@1V?$PropertyType@M@3@$$QEAP8SmartMaskingUtilsObject@Scripting@DVACompute@@EAAMAEBV?$basic_string@EU?$char_traits@E@std@@U?$STLAllocator@E@allocator@dvacore@@@std@@3@ZW4ScriptObjectPropertyModifier@3@W4ItemThreadOption@3@0W4ScriptItemFlag@3@@Z@XPEBV?$vector@V?$shared_ptr@Vany@std@@@std@@U?$STLAllocator@V?$shared_ptr@Vany@std@@@std@@@allocator@dvacore@@@std@@PEAV?$unordered_map@V?$basic_string@EU?$char_traits@E@std@@U?$STLAllocator@E@allocator@dvacore@@@std@@V?$shared_ptr@Vany@std@@@2@U?$hash@V?$basic_string@EU?$char_traits@E@std@@U?$STLAllocator@E@allocator@dvacore@@@std@@@2@U?$equal_to@V?$basic_string@EU?$char_traits@E@std@@U?$STLAllocator@E@allocator@dvacore@@@std@@@2@U?$STLAllocator@U?$pair@$$CBV?$basic_string@EU?$char_traits@E@std@@U?$STLAllocator@E@allocator@dvacore@@@std@@V?$shared_ptr@Vany@std@@@2@@std@@@allocator@dvacore@@@std@@PEAV678@@std@@
AeCompute.dll,156699792,0x9570c90,object|mask,.?AV?$_Func_impl_no_alloc@V<lambda_1>@?4???$RegisterMethod@VSmartMaskingUtilsObject@Scripting@DVACompute@@V?$PropertyType@V?$vector@MU?$STLAllocator@M@allocator@dvacore@@@std@@@dvascripting@@V?$ParameterType@V?$basic_string@EU?$char_traits@E@std@@U?$STLAllocator@E@allocator@dvacore@@@std@@@5@V65@P8123@EAA?AV?$vector@MU?$STLAllocator@M@allocator@dvacore@@@std@@AEBV?$basic_string@EU?$char_traits@E@std@@U?$STLAllocator@E@allocator@dvacore@@@8@0@Z@definition@dvascripting@@YAXPEBDV?$ParameterType@V?$basic_string@EU?$char_traits@E@std@@U?$STLAllocator@E@allocator@dvacore@@@std@@@3@1V?$PropertyType@V?$vector@MU?$STLAllocator@M@allocator@dvacore@@@std@@@3@$$QEAP8SmartMaskingUtilsObject@Scripting@DVACompute@@EAA?AV?$vector@MU?$STLAllocator@M@allocator@dvacore@@@std@@AEBV?$basic_string@EU?$char_traits@E@std@@U?$STLAllocator@E@allocator@dvacore@@@std@@3@ZW4ScriptObjectPropertyModifier@3@W4ItemThreadOption@3@0W4ScriptItemFlag@3@@Z@XPEBV?$vector@V?$shared_ptr@Vany@std@@@std@@U?$STLAllocator@V?$shared_ptr@Vany@std@@@std@@@allocator@dvacore@@@std@@PEAV?$unordered_map@V?$basic_string@EU?$char_traits@E@std@@U?$STLAllocator@E@allocator@dvacore@@@std@@V?$shared_ptr@Vany@std@@@2@U?$hash@V?$basic_string@EU?$char_traits@E@std@@U?$STLAllocator@E@allocator@dvacore@@@std@@@2@U?$equal_to@V?$basic_string@EU?$char_traits@E@std@@U?$STLAllocator@E@allocator@dvacore@@@std@@@2@U?$STLAllocator@U?$pair@$$CBV?$basic_string@EU?$char_traits@E@std@@U?$STLAllocator@E@allocator@dvacore@@@std@@V?$shared_ptr@Vany@std@@@2@@std@@@allocator@dvacore@@@std@@PEAV678@@std@@
AeCompute.dll,156701360,0x95712b0,inference|model,.?AVModelResult@inference@solax@@
AeCompute.dll,156701416,0x95712e8,model,.?AVSolaxModelResult@DVACompute@@
AeCompute.dll,156701472,0x9571320,inference,.?AVDVAMLInferenceEngine@DVACompute@@
AeCompute.dll,156701528,0x9571358,inference|model,.?AVLocalModelBase@inference@solax@@
AeCompute.dll,156701584,0x9571390,inference,.?AV?$FutureState@V?$shared_ptr@VDVAMLInferenceEngine@DVACompute@@@std@@@detail@async@dvacore@@
AeCompute.dll,156702256,0x9571630,inference|model,.?AV?$FutureState@V?$shared_ptr@VModelResult@inference@solax@@@std@@@detail@async@dvacore@@
AeCompute.dll,156702592,0x9571780,inference|model,.?AU?$shared_task@V?$shared_ptr@VLocalModelBase@inference@solax@@@std@@@detail@v3@stlab@@
AeCompute.dll,156702704,0x95717f0,inference|model,.?AU?$shared_task@V?$shared_ptr@VModelResult@inference@solax@@@std@@@detail@v3@stlab@@
AeCompute.dll,156703872,0x9571c80,inference|model,.?AV?$_Ref_count_obj_alloc3@V?$FutureState@V?$shared_ptr@VModelResult@inference@solax@@@std@@@detail@async@dvacore@@U?$STLAllocator@V?$FutureState@V?$shared_ptr@VModelResult@inference@solax@@@std@@@detail@async@dvacore@@@allocator@4@@std@@
AeCompute.dll,156704128,0x9571d80,inference|model,.?AV?$_Ebco_base@U?$STLAllocator@V?$FutureState@V?$shared_ptr@VModelResult@inference@solax@@@std@@@detail@async@dvacore@@@allocator@dvacore@@$00@std@@
AeCompute.dll,156704304,0x9571e30,inference|model,.?AU?$STLAllocator@V?$FutureState@V?$shared_ptr@VModelResult@inference@solax@@@std@@@detail@async@dvacore@@@allocator@dvacore@@
AeCompute.dll,156706784,0x95727e0,inference,.?AV?$_Ref_count_obj_alloc3@V?$FutureState@V?$shared_ptr@VDVAMLInferenceEngine@DVACompute@@@std@@@detail@async@dvacore@@U?$STLAllocator@V?$FutureState@V?$shared_ptr@VDVAMLInferenceEngine@DVACompute@@@std@@@detail@async@dvacore@@@allocator@4@@std@@
AeCompute.dll,156707056,0x95728f0,inference,.?AV?$_Ebco_base@U?$STLAllocator@V?$FutureState@V?$shared_ptr@VDVAMLInferenceEngine@DVACompute@@@std@@@detail@async@dvacore@@@allocator@dvacore@@$00@std@@
AeCompute.dll,156707232,0x95729a0,inference,.?AU?$STLAllocator@V?$FutureState@V?$shared_ptr@VDVAMLInferenceEngine@DVACompute@@@std@@@detail@async@dvacore@@@allocator@dvacore@@
AeCompute.dll,156707392,0x9572a40,inference|model,.?AU?$shared@V<lambda_1>@?9???$package@$$A6A?AV?$shared_ptr@VLocalModelBase@inference@solax@@@std@@V12@@ZUsolax_default_executor_type@scheduling@solax@@V<lambda_1>@?6???$make_promise@V?$shared_ptr@VLocalModelBase@inference@solax@@@std@@$$CBUsolax_default_executor_type@scheduling@solax@@@45@YA?A_PU345@@Z@@v3@stlab@@YA?AU?$pair@V?$packaged_task@V?$shared_ptr@VLocalModelBase@inference@solax@@@std@@@v3@stlab@@V?$future@V?$shared_ptr@VLocalModelBase@inference@solax@@@std@@X@23@@std@@Usolax_default_executor_type@scheduling@solax@@$$QEAV1?6???$make_promise@V?$shared_ptr@VLocalModelBase@inference@solax@@@std@@$$CBUsolax_default_executor_type@scheduling@solax@@@78@YA?A_PU678@@Z@@Z@$$A6A?AV?$shared_ptr@VLocalModelBase@inference@solax@@@5@V95@@Z@detail@v3@stlab@@
AeCompute.dll,156708176,0x9572d50,inference|model,.?AU?$shared_base@V?$shared_ptr@VLocalModelBase@inference@solax@@@std@@X@detail@v3@stlab@@
AeCompute.dll,156708288,0x9572dc0,inference|model,.?AV?$enable_shared_from_this@U?$shared_base@V?$shared_ptr@VLocalModelBase@inference@solax@@@std@@X@detail@v3@stlab@@@std@@
AeCompute.dll,156708432,0x9572e50,inference|model,.?AU?$shared@V<lambda_1>@?7???$package@$$A6A?AV?$future@V?$shared_ptr@VLocalModelBase@inference@solax@@@std@@X@v3@stlab@@XZV?$function@$$A6AXV?$task_@$00X$$V@v3@stlab@@@Z@std@@V<lambda_1>@?1???$recover@V?$function@$$A6AXV?$task_@$00X$$V@v3@stlab@@@Z@std@@V<lambda_2>@?1???$ConvertDvaFutureToSolaxFuture@V?$shared_ptr@VDVAMLInferenceEngine@DVACompute@@@std@@V?$shared_ptr@VLocalModelBase@inference@solax@@@2@@DVACompute@@YA?AV?$future@V?$shared_ptr@VLocalModelBase@inference@solax@@@std@@X@v3@stlab@@V?$Future@V?$shared_ptr@VDVAMLInferenceEngine@DVACompute@@@std@@@async@dvacore@@@Z@@?$shared_base@V?$shared_ptr@VLocalModelBase@inference@solax@@@std@@X@detail@23@QEAA?A_P$$QEAV123@V45@$$QEAV<lambda_2>@?1???$ConvertDvaFutureToSolaxFuture@V?$shared_ptr@VDVAMLInferenceEngine@DVACompute@@@std@@V?$shared_ptr@VLocalModelBase@inference@solax@@@2@@DVACompute@@YA?AV123@V?$Future@V?$shared_ptr@VDVAMLInferenceEngine@DVACompute@@@std@@@async@dvacore@@@Z@@Z@@v3@stlab@@YA?AU?$pair@V?$packaged_task@$$V@v3@stlab@@V?$future@V?$shared_ptr@VLocalModelBase@inference@solax@@@std@@X@23@@std@@V?$function@$$A6AXV?$task_@$00X$$V@v3@stlab@@@Z@5@$$QEAV1?1???$recover@V?$function@$$A6AXV?$task_@$00X$$V@v3@stlab@@@Z@std@@V<lambda_2>@?1???$ConvertDvaFutureToSolaxFuture@V?$shared_ptr@VDVAMLInferenceEngine@DVACompute@@@std@@V?$shared_ptr@VLocalModelBase@inference@solax@@@2@@DVACompute@@YA?AV?$future@V?$shared_ptr@VLocalModelBase@inference@solax@@@std@@X@v3@stlab@@V?$Future@V?$shared_ptr@VDVAMLInferenceEngine@DVACompute@@@std@@@async@dvacore@@@Z@@?$shared_base@V?$shared_ptr@VLocalModelBase@inference@solax@@@std@@X@detail@23@QEAA?A_P$$QEAV?$future@V?$shared_ptr@VLocalModelBase@inference@solax@@@std@@X@23@0$$QEAV<lambda_2>@?1???$ConvertDvaFutureToSolaxFuture@V?$shared_ptr@VDVAMLInferenceEngine@DVACompute@@@std@@V?$shared_ptr@VLocalModelBase@inference@solax@@@2@@DVACompute@@YA?AV923@V?$Future@V?$shared_ptr@VDVAMLInferenceEngine@DVACompute@@@std@@@async@dvacore@@@Z@@Z@@Z@$$A6A?AV?$shared_ptr@VLocalModelBase@inference@solax@@@5@XZ@detail@v3@stlab@@
AeCompute.dll,156710496,0x9573660,inference|model,.?AV?$InvocationImplementation@V<lambda_1>@?1???$MakeContinuation@V<lambda_1>@?1??predict@DVAMLInferenceEngine@DVACompute@@UEAA?AV?$future@V?$shared_ptr@VModelResult@inference@solax@@@std@@X@v3@stlab@@AEBV?$vector@V?$shared_ptr@VTensor@solax@@@std@@V?$allocator@V?$shared_ptr@VTensor@solax@@@std@@@2@@std@@@Z@V?$Promise@V?$shared_ptr@VModelResult@inference@solax@@@std@@@async@dvacore@@@?$Future@V?$unordered_map@VImmutableString@utility@dvacore@@U?$pair@V?$InterfaceRef@UITensorMLFeature@dvaml@@@classref@dvacore@@V?$InterfaceRef@UITensorFeatureDescription@dvaml@@@23@@std@@U?$hash@VImmutableString@utility@dvacore@@@5@U?$equal_to@VImmutableString@utility@dvacore@@@5@U?$STLAllocator@U?$pair@$$CBVImmutableString@utility@dvacore@@U?$pair@V?$InterfaceRef@UITensorMLFeature@dvaml@@@classref@dvacore@@V?$InterfaceRef@UITensorFeatureDescription@dvaml@@@23@@std@@@std@@@allocator@3@@std@@@async@dvacore@@AEBA?A_P$$QEAV1?1??predict@DVAMLInferenceEngine@DVACompute@@UEAA?AV?$future@V?$shared_ptr@VModelResult@inference@solax@@@std@@X@v3@stlab@@AEBV?$vector@V?$shared_ptr@VTensor@solax@@@std@@V?$allocator@V?$shared_ptr@VTensor@solax@@@std@@@2@@std@@@Z@$$QEAV?$Promise@V?$shared_ptr@VModelResult@inference@solax@@@std@@@34@@Z@$$A6AXXZ@detail@dvacore@@
AeCompute.dll,156711760,0x9573b50,inference|model,.?AU?$shared@V<lambda_1>@?9???$package@$$A6A?AV?$shared_ptr@VModelResult@inference@solax@@@std@@V12@@ZUsolax_default_executor_type@scheduling@solax@@V<lambda_1>@?6???$make_promise@V?$shared_ptr@VModelResult@inference@solax@@@std@@$$CBUsolax_default_executor_type@scheduling@solax@@@45@YA?A_PU345@@Z@@v3@stlab@@YA?AU?$pair@V?$packaged_task@V?$shared_ptr@VModelResult@inference@solax@@@std@@@v3@stlab@@V?$future@V?$shared_ptr@VModelResult@inference@solax@@@std@@X@23@@std@@Usolax_default_executor_type@scheduling@solax@@$$QEAV1?6???$make_promise@V?$shared_ptr@VModelResult@inference@solax@@@std@@$$CBUsolax_default_executor_type@scheduling@solax@@@78@YA?A_PU678@@Z@@Z@$$A6A?AV?$shared_ptr@VModelResult@inference@solax@@@5@V95@@Z@detail@v3@stlab@@
AeCompute.dll,156712528,0x9573e50,inference|model,.?AU?$shared_base@V?$shared_ptr@VModelResult@inference@solax@@@std@@X@detail@v3@stlab@@
AeCompute.dll,156712640,0x9573ec0,inference|model,.?AV?$enable_shared_from_this@U?$shared_base@V?$shared_ptr@VModelResult@inference@solax@@@std@@X@detail@v3@stlab@@@std@@
AeCompute.dll,156712784,0x9573f50,inference|model,.?AU?$shared@V<lambda_1>@?7???$package@$$A6A?AV?$future@V?$shared_ptr@VModelResult@inference@solax@@@std@@X@v3@stlab@@XZV?$function@$$A6AXV?$task_@$00X$$V@v3@stlab@@@Z@std@@V<lambda_1>@?1???$recover@V?$function@$$A6AXV?$task_@$00X$$V@v3@stlab@@@Z@std@@V<lambda_2>@?1???$ConvertDvaFutureToSolaxFuture@V?$shared_ptr@VModelResult@inference@solax@@@std@@V12@@DVACompute@@YA?AV?$future@V?$shared_ptr@VModelResult@inference@solax@@@std@@X@v3@stlab@@V?$Future@V?$shared_ptr@VModelResult@inference@solax@@@std@@@async@dvacore@@@Z@@?$shared_base@V?$shared_ptr@VModelResult@inference@solax@@@std@@X@detail@23@QEAA?A_P$$QEAV123@V45@$$QEAV<lambda_2>@?1???$ConvertDvaFutureToSolaxFuture@V?$shared_ptr@VModelResult@inference@solax@@@std@@V12@@DVACompute@@YA?AV123@V?$Future@V?$shared_ptr@VModelResult@inference@solax@@@std@@@async@dvacore@@@Z@@Z@@v3@stlab@@YA?AU?$pair@V?$packaged_task@$$V@v3@stlab@@V?$future@V?$shared_ptr@VModelResult@inference@solax@@@std@@X@23@@std@@V?$function@$$A6AXV?$task_@$00X$$V@v3@stlab@@@Z@5@$$QEAV1?1???$recover@V?$function@$$A6AXV?$task_@$00X$$V@v3@stlab@@@Z@std@@V<lambda_2>@?1???$ConvertDvaFutureToSolaxFuture@V?$shared_ptr@VModelResult@inference@solax@@@std@@V12@@DVACompute@@YA?AV?$future@V?$shared_ptr@VModelResult@inference@solax@@@std@@X@v3@stlab@@V?$Future@V?$shared_ptr@VModelResult@inference@solax@@@std@@@async@dvacore@@@Z@@?$shared_base@V?$shared_ptr@VModelResult@inference@solax@@@std@@X@detail@23@QEAA?A_P$$QEAV?$future@V?$shared_ptr@VModelResult@inference@solax@@@std@@X@23@0$$QEAV<lambda_2>@?1???$ConvertDvaFutureToSolaxFuture@V?$shared_ptr@VModelResult@inference@solax@@@std@@V12@@DVACompute@@YA?AV923@V?$Future@V?$shared_ptr@VModelResult@inference@solax@@@std@@@async@dvacore@@@Z@@Z@@Z@$$A6A?AV?$shared_ptr@VModelResult@inference@solax@@@5@XZ@detail@v3@stlab@@
AeCompute.dll,156714608,0x9574670,inference,.?AV?$_Ref_count_obj_alloc3@VDVAMLInferenceEngine@DVACompute@@U?$STLAllocator@VDVAMLInferenceEngine@DVACompute@@@allocator@dvacore@@@std@@
AeCompute.dll,156714768,0x9574710,inference,.?AV?$_Ebco_base@U?$STLAllocator@VDVAMLInferenceEngine@DVACompute@@@allocator@dvacore@@$00@std@@
AeCompute.dll,156714896,0x9574790,inference,.?AU?$STLAllocator@VDVAMLInferenceEngine@DVACompute@@@allocator@dvacore@@
AeCompute.dll,156715104,0x9574860,inference|model,.?AV?$InvocationImplementation@V<lambda_1>@?1???$MakeContinuation@V<lambda_1>@?1???$ConvertDvaFutureToSolaxFuture@V?$shared_ptr@VDVAMLInferenceEngine@DVACompute@@@std@@V?$shared_ptr@VLocalModelBase@inference@solax@@@2@@DVACompute@@YA?AV?$future@V?$shared_ptr@VLocalModelBase@inference@solax@@@std@@X@v3@stlab@@V?$Future@V?$shared_ptr@VDVAMLInferenceEngine@DVACompute@@@std@@@async@dvacore@@@Z@V?$Promise@X@78@@?$Future@V?$shared_ptr@VDVAMLInferenceEngine@DVACompute@@@std@@@async@dvacore@@AEBA?A_P$$QEAV1?1???$ConvertDvaFutureToSolaxFuture@V?$shared_ptr@VDVAMLInferenceEngine@DVACompute@@@std@@V?$shared_ptr@VLocalModelBase@inference@solax@@@2@@DVACompute@@YA?AV?$future@V?$shared_ptr@VLocalModelBase@inference@solax@@@std@@X@v3@stlab@@V234@@Z@$$QEAV?$Promise@X@34@@Z@$$A6AXXZ@detail@dvacore@@
AeCompute.dll,156715920,0x9574b90,inference|model,.?AV?$InvocationImplementation@V<lambda_1>@?1???$MakeContinuation@V<lambda_1>@?1???$ConvertDvaFutureToSolaxFuture@V?$shared_ptr@VModelResult@inference@solax@@@std@@V12@@DVACompute@@YA?AV?$future@V?$shared_ptr@VModelResult@inference@solax@@@std@@X@v3@stlab@@V?$Future@V?$shared_ptr@VModelResult@inference@solax@@@std@@@async@dvacore@@@Z@V?$Promise@X@78@@?$Future@V?$shared_ptr@VModelResult@inference@solax@@@std@@@async@dvacore@@AEBA?A_P$$QEAV1?1???$ConvertDvaFutureToSolaxFuture@V?$shared_ptr@VModelResult@inference@solax@@@std@@V12@@DVACompute@@YA?AV?$future@V?$shared_ptr@VModelResult@inference@solax@@@std@@X@v3@stlab@@V234@@Z@$$QEAV?$Promise@X@34@@Z@$$A6AXXZ@detail@dvacore@@
AeCompute.dll,156716960,0x9574fa0,inference|model,.?AV?$_Ebco_base@U?$STLAllocator@V<lambda_1>@?1???$MakeContinuation@V<lambda_1>@?1???$OnSuccessWithExecutor@V?$shared_ptr@VAsyncExecutor@threads@dvacore@@@std@@V<lambda_1>@?1??CreateDVAMLInferenceEngine@DVACompute@@YA?AV?$Future@V?$shared_ptr@VDVAMLInferenceEngine@DVACompute@@@std@@@async@dvacore@@AEBVImmutableString@utility@8@AEBV?$unordered_map@V?$basic_string@DU?$char_traits@D@std@@V?$allocator@D@2@@std@@V12@U?$hash@V?$basic_string@DU?$char_traits@D@std@@V?$allocator@D@2@@std@@@2@U?$equal_to@V?$basic_string@DU?$char_traits@D@std@@V?$allocator@D@2@@std@@@2@V?$allocator@U?$pair@$$CBV?$basic_string@DU?$char_traits@D@std@@V?$allocator@D@2@@std@@V12@@std@@@2@@2@@Z@@?$Future@V?$InterfaceRef@UIModelEvaluator@dvamlprocessing@@@classref@dvacore@@@async@dvacore@@QEBA?A_P$$QEAV?$shared_ptr@VAsyncExecutor@threads@dvacore@@@std@@$$QEAV1?1??CreateDVAMLInferenceEngine@DVACompute@@YA?AV?$Future@V?$shared_ptr@VDVAMLInferenceEngine@DVACompute@@@std@@@34@AEBVImmutableString@utility@4@AEBV?$unordered_map@V?$basic_string@DU?$char_traits@D@std@@V?$allocator@D@2@@std@@V12@U?$hash@V?$basic_string@DU?$char_traits@D@std@@V?$allocator@D@2@@std@@@2@U?$equal_to@V?$basic_string@DU?$char_traits@D@std@@V?$allocator@D@2@@std@@@2@V?$allocator@U?$pair@$$CBV?$basic_string@DU?$char_traits@D@std@@V?$allocator@D@2@@std@@V12@@std@@@2@@6@@Z@@Z@V?$Promise@V?$shared_ptr@VDVAMLInferenceEngine@DVACompute@@@std@@@34@@?$Future@V?$InterfaceRef@UIModelEvaluator@dvamlprocessing@@@classref@dvacore@@@async@dvacore@@AEBA?A_P$$QEAV1?1???$OnSuccessWithExecutor@V?$shared_ptr@VAsyncExecutor@threads@dvacore@@@std@@V<lambda_1>@?1??CreateDVAMLInferenceEngine@DVACompute@@YA?AV?$Future@V?$shared_ptr@VDVAMLInferenceEngine@DVACompute@@@std@@@async@dvacore@@AEBVImmutableString@utility@8@AEBV?$unordered_map@V?$basic_string@DU?$char_traits@D@std@@V?$allocator@D@2@@std@@V12@U?$hash@V?$basic_string@DU?$char_traits@D@std@@V?$allocator@D@2@@std@@@2@U?$equal_to@V?$basic_string@DU?$char_traits@D@std@@V?$allocator@D@2@@std@@@2@V?$allocator@U?$pair@$$CBV?$basic_string@DU?$char_traits@D@std@@V?$allocator@D@2@@std@@V12@@std@@@2@@2@@Z@@234@QEBA?A_P$$QEAV?$shared_ptr@VAsyncExecutor@threads@dvacore@@@std@@$$QEAV1?1??CreateDVAMLInferenceEngine@DVACompute@@YA?AV?$Future@V?$shared_ptr@VDVAMLInferenceEngine@DVACompute@@@std@@@34@AEBVImmutableString@utility@4@AEBV?$unordered_map@V?$basic_string@DU?$char_traits@D@std@@V?$allocator@D@2@@std@@V12@U?$hash@V?$basic_string@DU?$char_traits@D@std@@V?$allocator@D@2@@std@@@2@U?$equal_to@V?$basic_string@DU?$char_traits@D@std@@V?$allocator@D@2@@std@@@2@V?$allocator@U?$pair@$$CBV?$basic_string@DU?$char_traits@D@std@@V?$allocator@D@2@@std@@V12@@std@@@2@@6@@Z@@Z@$$QEAV?$Promise@V?$shared_ptr@VDVAMLInferenceEngine@DVACompute@@@std@@@34@@Z@@allocator@dvacore@@$00@std@@
AeCompute.dll,156719760,0x9575a90,inference|model,.?AU?$STLAllocator@V<lambda_1>@?1???$MakeContinuation@V<lambda_1>@?1???$OnSuccessWithExecutor@V?$shared_ptr@VAsyncExecutor@threads@dvacore@@@std@@V<lambda_1>@?1??CreateDVAMLInferenceEngine@DVACompute@@YA?AV?$Future@V?$shared_ptr@VDVAMLInferenceEngine@DVACompute@@@std@@@async@dvacore@@AEBVImmutableString@utility@8@AEBV?$unordered_map@V?$basic_string@DU?$char_traits@D@std@@V?$allocator@D@2@@std@@V12@U?$hash@V?$basic_string@DU?$char_traits@D@std@@V?$allocator@D@2@@std@@@2@U?$equal_to@V?$basic_string@DU?$char_traits@D@std@@V?$allocator@D@2@@std@@@2@V?$allocator@U?$pair@$$CBV?$basic_string@DU?$char_traits@D@std@@V?$allocator@D@2@@std@@V12@@std@@@2@@2@@Z@@?$Future@V?$InterfaceRef@UIModelEvaluator@dvamlprocessing@@@classref@dvacore@@@async@dvacore@@QEBA?A_P$$QEAV?$shared_ptr@VAsyncExecutor@threads@dvacore@@@std@@$$QEAV1?1??CreateDVAMLInferenceEngine@DVACompute@@YA?AV?$Future@V?$shared_ptr@VDVAMLInferenceEngine@DVACompute@@@std@@@34@AEBVImmutableString@utility@4@AEBV?$unordered_map@V?$basic_string@DU?$char_traits@D@std@@V?$allocator@D@2@@std@@V12@U?$hash@V?$basic_string@DU?$char_traits@D@std@@V?$allocator@D@2@@std@@@2@U?$equal_to@V?$basic_string@DU?$char_traits@D@std@@V?$allocator@D@2@@std@@@2@V?$allocator@U?$pair@$$CBV?$basic_string@DU?$char_traits@D@std@@V?$allocator@D@2@@std@@V12@@std@@@2@@6@@Z@@Z@V?$Promise@V?$shared_ptr@VDVAMLInferenceEngine@DVACompute@@@std@@@34@@?$Future@V?$InterfaceRef@UIModelEvaluator@dvamlprocessing@@@classref@dvacore@@@async@dvacore@@AEBA?A_P$$QEAV1?1???$OnSuccessWithExecutor@V?$shared_ptr@VAsyncExecutor@threads@dvacore@@@std@@V<lambda_1>@?1??CreateDVAMLInferenceEngine@DVACompute@@YA?AV?$Future@V?$shared_ptr@VDVAMLInferenceEngine@DVACompute@@@std@@@async@dvacore@@AEBVImmutableString@utility@8@AEBV?$unordered_map@V?$basic_string@DU?$char_traits@D@std@@V?$allocator@D@2@@std@@V12@U?$hash@V?$basic_string@DU?$char_traits@D@std@@V?$allocator@D@2@@std@@@2@U?$equal_to@V?$basic_string@DU?$char_traits@D@std@@V?$allocator@D@2@@std@@@2@V?$allocator@U?$pair@$$CBV?$basic_string@DU?$char_traits@D@std@@V?$allocator@D@2@@std@@V12@@std@@@2@@2@@Z@@234@QEBA?A_P$$QEAV?$shared_ptr@VAsyncExecutor@threads@dvacore@@@std@@$$QEAV1?1??CreateDVAMLInferenceEngine@DVACompute@@YA?AV?$Future@V?$shared_ptr@VDVAMLInferenceEngine@DVACompute@@@std@@@34@AEBVImmutableString@utility@4@AEBV?$unordered_map@V?$basic_string@DU?$char_traits@D@std@@V?$allocator@D@2@@std@@V12@U?$hash@V?$basic_string@DU?$char_traits@D@std@@V?$allocator@D@2@@std@@@2@U?$equal_to@V?$basic_string@DU?$char_traits@D@std@@V?$allocator@D@2@@std@@@2@V?$allocator@U?$pair@$$CBV?$basic_string@DU?$char_traits@D@std@@V?$allocator@D@2@@std@@V12@@std@@@2@@6@@Z@@Z@$$QEAV?$Promise@V?$shared_ptr@VDVAMLInferenceEngine@DVACompute@@@std@@@34@@Z@@allocator@dvacore@@
AeCompute.dll,156722592,0x95765a0,inference|model,.?AV?$_Ebco_base@U?$STLAllocator@V<lambda_1>@?1???$MakeContinuation@V<lambda_1>@?1???$OnSuccessWithExecutor@V?$shared_ptr@VAsyncExecutor@threads@dvacore@@@std@@V<lambda_1>@?1??CreateSolaxMLInferenceEngine@DVACompute@@YA?AV?$future@V?$shared_ptr@VLocalModelBase@inference@solax@@@std@@X@v3@stlab@@AEBVImmutableString@utility@dvacore@@AEBV?$unordered_map@V?$basic_string@DU?$char_traits@D@std@@V?$allocator@D@2@@std@@V12@U?$hash@V?$basic_string@DU?$char_traits@D@std@@V?$allocator@D@2@@std@@@2@U?$equal_to@V?$basic_string@DU?$char_traits@D@std@@V?$allocator@D@2@@std@@@2@V?$allocator@U?$pair@$$CBV?$basic_string@DU?$char_traits@D@std@@V?$allocator@D@2@@std@@V12@@std@@@2@@2@@Z@@?$Future@V?$shared_ptr@VDVAMLInferenceEngine@DVACompute@@@std@@@async@dvacore@@QEBA?A_P$$QEAV?$shared_ptr@VAsyncExecutor@threads@dvacore@@@std@@$$QEAV1?1??CreateSolaxMLInferenceEngine@DVACompute@@YA?AV?$future@V?$shared_ptr@VLocalModelBase@inference@solax@@@std@@X@v3@stlab@@AEBVImmutableString@utility@4@AEBV?$unordered_map@V?$basic_string@DU?$char_traits@D@std@@V?$allocator@D@2@@std@@V12@U?$hash@V?$basic_string@DU?$char_traits@D@std@@V?$allocator@D@2@@std@@@2@U?$equal_to@V?$basic_string@DU?$char_traits@D@std@@V?$allocator@D@2@@std@@@2@V?$allocator@U?$pair@$$CBV?$basic_string@DU?$char_traits@D@std@@V?$allocator@D@2@@std@@V12@@std@@@2@@6@@Z@@Z@V?$Promise@X@34@@?$Future@V?$shared_ptr@VDVAMLInferenceEngine@DVACompute@@@std@@@async@dvacore@@AEBA?A_P$$QEAV1?1???$OnSuccessWithExecutor@V?$shared_ptr@VAsyncExecutor@threads@dvacore@@@std@@V<lambda_1>@?1??CreateSolaxMLInferenceEngine@DVACompute@@YA?AV?$future@V?$shared_ptr@VLocalModelBase@inference@solax@@@std@@X@v3@stlab@@AEBVImmutableString@utility@dvacore@@AEBV?$unordered_map@V?$basic_string@DU?$char_traits@D@std@@V?$allocator@D@2@@std@@V12@U?$hash@V?$basic_string@DU?$char_traits@D@std@@V?$allocator@D@2@@std@@@2@U?$equal_to@V?$basic_string@DU?$char_traits@D@std@@V?$allocator@D@2@@std@@@2@V?$allocator@U?$pair@$$CBV?$basic_string@DU?$char_traits@D@std@@V?$allocator@D@2@@std@@V12@@std@@@2@@2@@Z@@234@QEBA?A_P$$QEAV?$shared_ptr@VAsyncExecutor@threads@dvacore@@@std@@$$QEAV1?1??CreateSolaxMLInferenceEngine@DVACompute@@YA?AV?$future@V?$shared_ptr@VLocalModelBase@inference@solax@@@std@@X@v3@stlab@@AEBVImmutableString@utility@4@AEBV?$unordered_map@V?$basic_string@DU?$char_traits@D@std@@V?$allocator@D@2@@std@@V12@U?$hash@V?$basic_string@DU?$char_traits@D@std@@V?$allocator@D@2@@std@@@2@U?$equal_to@V?$basic_string@DU?$char_traits@D@std@@V?$allocator@D@2@@std@@@2@V?$allocator@U?$pair@$$CBV?$basic_string@DU?$char_traits@D@std@@V?$allocator@D@2@@std@@V12@@std@@@2@@6@@Z@@Z@$$QEAV?$Promise@X@34@@Z@@allocator@dvacore@@$00@std@@
AeCompute.dll,156725280,0x9577020,inference|model,.?AU?$STLAllocator@V<lambda_1>@?1???$MakeContinuation@V<lambda_1>@?1???$OnSuccessWithExecutor@V?$shared_ptr@VAsyncExecutor@threads@dvacore@@@std@@V<lambda_1>@?1??CreateSolaxMLInferenceEngine@DVACompute@@YA?AV?$future@V?$shared_ptr@VLocalModelBase@inference@solax@@@std@@X@v3@stlab@@AEBVImmutableString@utility@dvacore@@AEBV?$unordered_map@V?$basic_string@DU?$char_traits@D@std@@V?$allocator@D@2@@std@@V12@U?$hash@V?$basic_string@DU?$char_traits@D@std@@V?$allocator@D@2@@std@@@2@U?$equal_to@V?$basic_string@DU?$char_traits@D@std@@V?$allocator@D@2@@std@@@2@V?$allocator@U?$pair@$$CBV?$basic_string@DU?$char_traits@D@std@@V?$allocator@D@2@@std@@V12@@std@@@2@@2@@Z@@?$Future@V?$shared_ptr@VDVAMLInferenceEngine@DVACompute@@@std@@@async@dvacore@@QEBA?A_P$$QEAV?$shared_ptr@VAsyncExecutor@threads@dvacore@@@std@@$$QEAV1?1??CreateSolaxMLInferenceEngine@DVACompute@@YA?AV?$future@V?$shared_ptr@VLocalModelBase@inference@solax@@@std@@X@v3@stlab@@AEBVImmutableString@utility@4@AEBV?$unordered_map@V?$basic_string@DU?$char_traits@D@std@@V?$allocator@D@2@@std@@V12@U?$hash@V?$basic_string@DU?$char_traits@D@std@@V?$allocator@D@2@@std@@@2@U?$equal_to@V?$basic_string@DU?$char_traits@D@std@@V?$allocator@D@2@@std@@@2@V?$allocator@U?$pair@$$CBV?$basic_string@DU?$char_traits@D@std@@V?$allocator@D@2@@std@@V12@@std@@@2@@6@@Z@@Z@V?$Promise@X@34@@?$Future@V?$shared_ptr@VDVAMLInferenceEngine@DVACompute@@@std@@@async@dvacore@@AEBA?A_P$$QEAV1?1???$OnSuccessWithExecutor@V?$shared_ptr@VAsyncExecutor@threads@dvacore@@@std@@V<lambda_1>@?1??CreateSolaxMLInferenceEngine@DVACompute@@YA?AV?$future@V?$shared_ptr@VLocalModelBase@inference@solax@@@std@@X@v3@stlab@@AEBVImmutableString@utility@dvacore@@AEBV?$unordered_map@V?$basic_string@DU?$char_traits@D@std@@V?$allocator@D@2@@std@@V12@U?$hash@V?$basic_string@DU?$char_traits@D@std@@V?$allocator@D@2@@std@@@2@U?$equal_to@V?$basic_string@DU?$char_traits@D@std@@V?$allocator@D@2@@std@@@2@V?$allocator@U?$pair@$$CBV?$basic_string@DU?$char_traits@D@std@@V?$allocator@D@2@@std@@V12@@std@@@2@@2@@Z@@234@QEBA?A_P$$QEAV?$shared_ptr@VAsyncExecutor@threads@dvacore@@@std@@$$QEAV1?1??CreateSolaxMLInferenceEngine@DVACompute@@YA?AV?$future@V?$shared_ptr@VLocalModelBase@inference@solax@@@std@@X@v3@stlab@@AEBVImmutableString@utility@4@AEBV?$unordered_map@V?$basic_string@DU?$char_traits@D@std@@V?$allocator@D@2@@std@@V12@U?$hash@V?$basic_string@DU?$char_traits@D@std@@V?$allocator@D@2@@std@@@2@U?$equal_to@V?$basic_string@DU?$char_traits@D@std@@V?$allocator@D@2@@std@@@2@V?$allocator@U?$pair@$$CBV?$basic_string@DU?$char_traits@D@std@@V?$allocator@D@2@@std@@V12@@std@@@2@@6@@Z@@Z@$$QEAV?$Promise@X@34@@Z@@allocator@dvacore@@
AeCompute.dll,156733824,0x9579180,inference|model,.?AV?$_Ref_count_obj_alloc3@V?$InvocationImplementation@V<lambda_1>@?1???$MakeContinuation@V<lambda_1>@?1??predict@DVAMLInferenceEngine@DVACompute@@UEAA?AV?$future@V?$shared_ptr@VModelResult@inference@solax@@@std@@X@v3@stlab@@AEBV?$vector@V?$shared_ptr@VTensor@solax@@@std@@V?$allocator@V?$shared_ptr@VTensor@solax@@@std@@@2@@std@@@Z@V?$Promise@V?$shared_ptr@VModelResult@inference@solax@@@std@@@async@dvacore@@@?$Future@V?$unordered_map@VImmutableString@utility@dvacore@@U?$pair@V?$InterfaceRef@UITensorMLFeature@dvaml@@@classref@dvacore@@V?$InterfaceRef@UITensorFeatureDescription@dvaml@@@23@@std@@U?$hash@VImmutableString@utility@dvacore@@@5@U?$equal_to@VImmutableString@utility@dvacore@@@5@U?$STLAllocator@U?$pair@$$CBVImmutableString@utility@dvacore@@U?$pair@V?$InterfaceRef@UITensorMLFeature@dvaml@@@classref@dvacore@@V?$InterfaceRef@UITensorFeatureDescription@dvaml@@@23@@std@@@std@@@allocator@3@@std@@@async@dvacore@@AEBA?A_P$$QEAV1?1??predict@DVAMLInferenceEngine@DVACompute@@UEAA?AV?$future@V?$shared_ptr@VModelResult@inference@solax@@@std@@X@v3@stlab@@AEBV?$vector@V?$shared_ptr@VTensor@solax@@@std@@V?$allocator@V?$shared_ptr@VTensor@solax@@@std@@@2@@std@@@Z@$$QEAV?$Promise@V?$shared_ptr@VModelResult@inference@solax@@@std@@@34@@Z@$$A6AXXZ@detail@dvacore@@U?$STLAllocator@V?$InvocationImplementation@V<lambda_1>@?1???$MakeContinuation@V<lambda_1>@?1??predict@DVAMLInferenceEngine@DVACompute@@UEAA?AV?$future@V?$shared_ptr@VModelResult@inference@solax@@@std@@X@v3@stlab@@AEBV?$vector@V?$shared_ptr@VTensor@solax@@@std@@V?$allocator@V?$shared_ptr@VTensor@solax@@@std@@@2@@std@@@Z@V?$Promise@V?$shared_ptr@VModelResult@inference@solax@@@std@@@async@dvacore@@@?$Future@V?$unordered_map@VImmutableString@utility@dvacore@@U?$pair@V?$InterfaceRef@UITensorMLFeature@dvaml@@@classref@dvacore@@V?$InterfaceRef@UITensorFeatureDescription@dvaml@@@23@@std@@U?$hash@VImmutableString@utility@dvacore@@@5@U?$equal_to@VImmutableString@utility@dvacore@@@5@U?$STLAllocator@U?$pair@$$CBVImmutableString@utility@dvacore@@U?$pair@V?$InterfaceRef@UITensorMLFeature@dvaml@@@classref@dvacore@@V?$InterfaceRef@UITensorFeatureDescription@dvaml@@@23@@std@@@std@@@allocator@3@@std@@@async@dvacore@@AEBA?A_P$$QEAV1?1??predict@DVAMLInferenceEngine@DVACompute@@UEAA?AV?$future@V?$shared_ptr@VModelResult@inference@solax@@@std@@X@v3@stlab@@AEBV?$vector@V?$shared_ptr@VTensor@solax@@@std@@V?$allocator@V?$shared_ptr@VTensor@solax@@@std@@@2@@std@@@Z@$$QEAV?$Promise@V?$shared_ptr@VModelResult@inference@solax@@@std@@@34@@Z@$$A6AXXZ@detail@dvacore@@@allocator@3@@std@@
AeCompute.dll,156736400,0x9579b90,inference|model,.?AV?$_Ebco_base@U?$STLAllocator@V?$InvocationImplementation@V<lambda_1>@?1???$MakeContinuation@V<lambda_1>@?1??predict@DVAMLInferenceEngine@DVACompute@@UEAA?AV?$future@V?$shared_ptr@VModelResult@inference@solax@@@std@@X@v3@stlab@@AEBV?$vector@V?$shared_ptr@VTensor@solax@@@std@@V?$allocator@V?$shared_ptr@VTensor@solax@@@std@@@2@@std@@@Z@V?$Promise@V?$shared_ptr@VModelResult@inference@solax@@@std@@@async@dvacore@@@?$Future@V?$unordered_map@VImmutableString@utility@dvacore@@U?$pair@V?$InterfaceRef@UITensorMLFeature@dvaml@@@classref@dvacore@@V?$InterfaceRef@UITensorFeatureDescription@dvaml@@@23@@std@@U?$hash@VImmutableString@utility@dvacore@@@5@U?$equal_to@VImmutableString@utility@dvacore@@@5@U?$STLAllocator@U?$pair@$$CBVImmutableString@utility@dvacore@@U?$pair@V?$InterfaceRef@UITensorMLFeature@dvaml@@@classref@dvacore@@V?$InterfaceRef@UITensorFeatureDescription@dvaml@@@23@@std@@@std@@@allocator@3@@std@@@async@dvacore@@AEBA?A_P$$QEAV1?1??predict@DVAMLInferenceEngine@DVACompute@@UEAA?AV?$future@V?$shared_ptr@VModelResult@inference@solax@@@std@@X@v3@stlab@@AEBV?$vector@V?$shared_ptr@VTensor@solax@@@std@@V?$allocator@V?$shared_ptr@VTensor@solax@@@std@@@2@@std@@@Z@$$QEAV?$Promise@V?$shared_ptr@VModelResult@inference@solax@@@std@@@34@@Z@$$A6AXXZ@detail@dvacore@@@allocator@dvacore@@$00@std@@
AeCompute.dll,156737728,0x957a0c0,inference|model,.?AU?$STLAllocator@V?$InvocationImplementation@V<lambda_1>@?1???$MakeContinuation@V<lambda_1>@?1??predict@DVAMLInferenceEngine@DVACompute@@UEAA?AV?$future@V?$shared_ptr@VModelResult@inference@solax@@@std@@X@v3@stlab@@AEBV?$vector@V?$shared_ptr@VTensor@solax@@@std@@V?$allocator@V?$shared_ptr@VTensor@solax@@@std@@@2@@std@@@Z@V?$Promise@V?$shared_ptr@VModelResult@inference@solax@@@std@@@async@dvacore@@@?$Future@V?$unordered_map@VImmutableString@utility@dvacore@@U?$pair@V?$InterfaceRef@UITensorMLFeature@dvaml@@@classref@dvacore@@V?$InterfaceRef@UITensorFeatureDescription@dvaml@@@23@@std@@U?$hash@VImmutableString@utility@dvacore@@@5@U?$equal_to@VImmutableString@utility@dvacore@@@5@U?$STLAllocator@U?$pair@$$CBVImmutableString@utility@dvacore@@U?$pair@V?$InterfaceRef@UITensorMLFeature@dvaml@@@classref@dvacore@@V?$InterfaceRef@UITensorFeatureDescription@dvaml@@@23@@std@@@std@@@allocator@3@@std@@@async@dvacore@@AEBA?A_P$$QEAV1?1??predict@DVAMLInferenceEngine@DVACompute@@UEAA?AV?$future@V?$shared_ptr@VModelResult@inference@solax@@@std@@X@v3@stlab@@AEBV?$vector@V?$shared_ptr@VTensor@solax@@@std@@V?$allocator@V?$shared_ptr@VTensor@solax@@@std@@@2@@std@@@Z@$$QEAV?$Promise@V?$shared_ptr@VModelResult@inference@solax@@@std@@@34@@Z@$$A6AXXZ@detail@dvacore@@@allocator@dvacore@@
AeCompute.dll,156739152,0x957a650,inference|model,.?AV?$_Ref_count_obj2@U?$shared@V<lambda_1>@?9???$package@$$A6A?AV?$shared_ptr@VLocalModelBase@inference@solax@@@std@@V12@@ZUsolax_default_executor_type@scheduling@solax@@V<lambda_1>@?6???$make_promise@V?$shared_ptr@VLocalModelBase@inference@solax@@@std@@$$CBUsolax_default_executor_type@scheduling@solax@@@45@YA?A_PU345@@Z@@v3@stlab@@YA?AU?$pair@V?$packaged_task@V?$shared_ptr@VLocalModelBase@inference@solax@@@std@@@v3@stlab@@V?$future@V?$shared_ptr@VLocalModelBase@inference@solax@@@std@@X@23@@std@@Usolax_default_executor_type@scheduling@solax@@$$QEAV1?6???$make_promise@V?$shared_ptr@VLocalModelBase@inference@solax@@@std@@$$CBUsolax_default_executor_type@scheduling@solax@@@78@YA?A_PU678@@Z@@Z@$$A6A?AV?$shared_ptr@VLocalModelBase@inference@solax@@@5@V95@@Z@detail@v3@stlab@@@std@@
AeCompute.dll,156739968,0x957a980,inference|model,.?AV?$_Ref_count_obj2@U?$shared@V<lambda_1>@?7???$package@$$A6A?AV?$future@V?$shared_ptr@VLocalModelBase@inference@solax@@@std@@X@v3@stlab@@XZV?$function@$$A6AXV?$task_@$00X$$V@v3@stlab@@@Z@std@@V<lambda_1>@?1???$recover@V?$function@$$A6AXV?$task_@$00X$$V@v3@stlab@@@Z@std@@V<lambda_2>@?1???$ConvertDvaFutureToSolaxFuture@V?$shared_ptr@VDVAMLInferenceEngine@DVACompute@@@std@@V?$shared_ptr@VLocalModelBase@inference@solax@@@2@@DVACompute@@YA?AV?$future@V?$shared_ptr@VLocalModelBase@inference@solax@@@std@@X@v3@stlab@@V?$Future@V?$shared_ptr@VDVAMLInferenceEngine@DVACompute@@@std@@@async@dvacore@@@Z@@?$shared_base@V?$shared_ptr@VLocalModelBase@inference@solax@@@std@@X@detail@23@QEAA?A_P$$QEAV123@V45@$$QEAV<lambda_2>@?1???$ConvertDvaFutureToSolaxFuture@V?$shared_ptr@VDVAMLInferenceEngine@DVACompute@@@std@@V?$shared_ptr@VLocalModelBase@inference@solax@@@2@@DVACompute@@YA?AV123@V?$Future@V?$shared_ptr@VDVAMLInferenceEngine@DVACompute@@@std@@@async@dvacore@@@Z@@Z@@v3@stlab@@YA?AU?$pair@V?$packaged_task@$$V@v3@stlab@@V?$future@V?$shared_ptr@VLocalModelBase@inference@solax@@@std@@X@23@@std@@V?$function@$$A6AXV?$task_@$00X$$V@v3@stlab@@@Z@5@$$QEAV1?1???$recover@V?$function@$$A6AXV?$task_@$00X$$V@v3@stlab@@@Z@std@@V<lambda_2>@?1???$ConvertDvaFutureToSolaxFuture@V?$shared_ptr@VDVAMLInferenceEngine@DVACompute@@@std@@V?$shared_ptr@VLocalModelBase@inference@solax@@@2@@DVACompute@@YA?AV?$future@V?$shared_ptr@VLocalModelBase@inference@solax@@@std@@X@v3@stlab@@V?$Future@V?$shared_ptr@VDVAMLInferenceEngine@DVACompute@@@std@@@async@dvacore@@@Z@@?$shared_base@V?$shared_ptr@VLocalModelBase@inference@solax@@@std@@X@detail@23@QEAA?A_P$$QEAV?$future@V?$shared_ptr@VLocalModelBase@inference@solax@@@std@@X@23@0$$QEAV<lambda_2>@?1???$ConvertDvaFutureToSolaxFuture@V?$shared_ptr@VDVAMLInferenceEngine@DVACompute@@@std@@V?$shared_ptr@VLocalModelBase@inference@solax@@@2@@DVACompute@@YA?AV923@V?$Future@V?$shared_ptr@VDVAMLInferenceEngine@DVACompute@@@std@@@async@dvacore@@@Z@@Z@@Z@$$A6A?AV?$shared_ptr@VLocalModelBase@inference@solax@@@5@XZ@detail@v3@stlab@@@std@@
AeCompute.dll,156742048,0x957b1a0,inference|model,.?AU?$shared@V<lambda_1>@?9???$package@$$A6A?AV?$shared_ptr@VModelResult@inference@solax@@@std@@V12@@ZUimmediate_executor_type@detail@v3@stlab@@V<lambda_1>@?1???$?RUimmediate_executor_type@detail@v3@stlab@@@?$_make_exceptional_future@V?$shared_ptr@VModelResult@inference@solax@@@std@@@456@QEBA?AV?$future@V?$shared_ptr@VModelResult@inference@solax@@@std@@X@56@AEBVexception_ptr@2@U3456@@Z@@v3@stlab@@YA?AU?$pair@V?$packaged_task@V?$shared_ptr@VModelResult@inference@solax@@@std@@@v3@stlab@@V?$future@V?$shared_ptr@VModelResult@inference@solax@@@std@@X@23@@std@@Uimmediate_executor_type@detail@23@$$QEAV1?1???$?RUimmediate_executor_type@detail@v3@stlab@@@?$_make_exceptional_future@V?$shared_ptr@VModelResult@inference@solax@@@std@@@723@QEBA?AV?$future@V?$shared_ptr@VModelResult@inference@solax@@@std@@X@23@AEBVexception_ptr@5@0@Z@@Z@$$A6A?AV?$shared_ptr@VModelResult@inference@solax@@@5@V?$shared_ptr@VModelResult@inference@solax@@@5@@Z@detail@v3@stlab@@
AeCompute.dll,156743024,0x957b570,inference|model,.?AV?$_Ref_count_obj2@U?$shared@V<lambda_1>@?9???$package@$$A6A?AV?$shared_ptr@VModelResult@inference@solax@@@std@@V12@@ZUsolax_default_executor_type@scheduling@solax@@V<lambda_1>@?6???$make_promise@V?$shared_ptr@VModelResult@inference@solax@@@std@@$$CBUsolax_default_executor_type@scheduling@solax@@@45@YA?A_PU345@@Z@@v3@stlab@@YA?AU?$pair@V?$packaged_task@V?$shared_ptr@VModelResult@inference@solax@@@std@@@v3@stlab@@V?$future@V?$shared_ptr@VModelResult@inference@solax@@@std@@X@23@@std@@Usolax_default_executor_type@scheduling@solax@@$$QEAV1?6???$make_promise@V?$shared_ptr@VModelResult@inference@solax@@@std@@$$CBUsolax_default_executor_type@scheduling@solax@@@78@YA?A_PU678@@Z@@Z@$$A6A?AV?$shared_ptr@VModelResult@inference@solax@@@5@V95@@Z@detail@v3@stlab@@@std@@
AeCompute.dll,156743824,0x957b890,inference|model,.?AV?$_Ref_count_obj2@U?$shared@V<lambda_1>@?7???$package@$$A6A?AV?$future@V?$shared_ptr@VModelResult@inference@solax@@@std@@X@v3@stlab@@XZV?$function@$$A6AXV?$task_@$00X$$V@v3@stlab@@@Z@std@@V<lambda_1>@?1???$recover@V?$function@$$A6AXV?$task_@$00X$$V@v3@stlab@@@Z@std@@V<lambda_2>@?1???$ConvertDvaFutureToSolaxFuture@V?$shared_ptr@VModelResult@inference@solax@@@std@@V12@@DVACompute@@YA?AV?$future@V?$shared_ptr@VModelResult@inference@solax@@@std@@X@v3@stlab@@V?$Future@V?$shared_ptr@VModelResult@inference@solax@@@std@@@async@dvacore@@@Z@@?$shared_base@V?$shared_ptr@VModelResult@inference@solax@@@std@@X@detail@23@QEAA?A_P$$QEAV123@V45@$$QEAV<lambda_2>@?1???$ConvertDvaFutureToSolaxFuture@V?$shared_ptr@VModelResult@inference@solax@@@std@@V12@@DVACompute@@YA?AV123@V?$Future@V?$shared_ptr@VModelResult@inference@solax@@@std@@@async@dvacore@@@Z@@Z@@v3@stlab@@YA?AU?$pair@V?$packaged_task@$$V@v3@stlab@@V?$future@V?$shared_ptr@VModelResult@inference@solax@@@std@@X@23@@std@@V?$function@$$A6AXV?$task_@$00X$$V@v3@stlab@@@Z@5@$$QEAV1?1???$recover@V?$function@$$A6AXV?$task_@$00X$$V@v3@stlab@@@Z@std@@V<lambda_2>@?1???$ConvertDvaFutureToSolaxFuture@V?$shared_ptr@VModelResult@inference@solax@@@std@@V12@@DVACompute@@YA?AV?$future@V?$shared_ptr@VModelResult@inference@solax@@@std@@X@v3@stlab@@V?$Future@V?$shared_ptr@VModelResult@inference@solax@@@std@@@async@dvacore@@@Z@@?$shared_base@V?$shared_ptr@VModelResult@inference@solax@@@std@@X@detail@23@QEAA?A_P$$QEAV?$future@V?$shared_ptr@VModelResult@inference@solax@@@std@@X@23@0$$QEAV<lambda_2>@?1???$ConvertDvaFutureToSolaxFuture@V?$shared_ptr@VModelResult@inference@solax@@@std@@V12@@DVACompute@@YA?AV923@V?$Future@V?$shared_ptr@VModelResult@inference@solax@@@std@@@async@dvacore@@@Z@@Z@@Z@$$A6A?AV?$shared_ptr@VModelResult@inference@solax@@@5@XZ@detail@v3@stlab@@@std@@
AeCompute.dll,156745840,0x957c070,model,.?AV?$_Ref_count_obj_alloc3@VSolaxModelResult@DVACompute@@U?$STLAllocator@VSolaxModelResult@DVACompute@@@allocator@dvacore@@@std@@
AeCompute.dll,156746000,0x957c110,model,.?AV?$_Ebco_base@U?$STLAllocator@VSolaxModelResult@DVACompute@@@allocator@dvacore@@$00@std@@
AeCompute.dll,156746112,0x957c180,model,.?AU?$STLAllocator@VSolaxModelResult@DVACompute@@@allocator@dvacore@@
AeCompute.dll,156746704,0x957c3d0,inference|model,.?AV?$_Ref_count_obj_alloc3@V?$InvocationImplementation@V<lambda_1>@?1???$MakeContinuation@V<lambda_1>@?1???$ConvertDvaFutureToSolaxFuture@V?$shared_ptr@VModelResult@inference@solax@@@std@@V12@@DVACompute@@YA?AV?$future@V?$shared_ptr@VModelResult@inference@solax@@@std@@X@v3@stlab@@V?$Future@V?$shared_ptr@VModelResult@inference@solax@@@std@@@async@dvacore@@@Z@V?$Promise@X@78@@?$Future@V?$shared_ptr@VModelResult@inference@solax@@@std@@@async@dvacore@@AEBA?A_P$$QEAV1?1???$ConvertDvaFutureToSolaxFuture@V?$shared_ptr@VModelResult@inference@solax@@@std@@V12@@DVACompute@@YA?AV?$future@V?$shared_ptr@VModelResult@inference@solax@@@std@@X@v3@stlab@@V234@@Z@$$QEAV?$Promise@X@34@@Z@$$A6AXXZ@detail@dvacore@@U?$STLAllocator@V?$InvocationImplementation@V<lambda_1>@?1???$MakeContinuation@V<lambda_1>@?1???$ConvertDvaFutureToSolaxFuture@V?$shared_ptr@VModelResult@inference@solax@@@std@@V12@@DVACompute@@YA?AV?$future@V?$shared_ptr@VModelResult@inference@solax@@@std@@X@v3@stlab@@V?$Future@V?$shared_ptr@VModelResult@inference@solax@@@std@@@async@dvacore@@@Z@V?$Promise@X@78@@?$Future@V?$shared_ptr@VModelResult@inference@solax@@@std@@@async@dvacore@@AEBA?A_P$$QEAV1?1???$ConvertDvaFutureToSolaxFuture@V?$shared_ptr@VModelResult@inference@solax@@@std@@V12@@DVACompute@@YA?AV?$future@V?$shared_ptr@VModelResult@inference@solax@@@std@@X@v3@stlab@@V234@@Z@$$QEAV?$Promise@X@34@@Z@$$A6AXXZ@detail@dvacore@@@allocator@3@@std@@
AeCompute.dll,156748144,0x957c970,inference|model,.?AV?$_Ebco_base@U?$STLAllocator@V?$InvocationImplementation@V<lambda_1>@?1???$MakeContinuation@V<lambda_1>@?1???$ConvertDvaFutureToSolaxFuture@V?$shared_ptr@VModelResult@inference@solax@@@std@@V12@@DVACompute@@YA?AV?$future@V?$shared_ptr@VModelResult@inference@solax@@@std@@X@v3@stlab@@V?$Future@V?$shared_ptr@VModelResult@inference@solax@@@std@@@async@dvacore@@@Z@V?$Promise@X@78@@?$Future@V?$shared_ptr@VModelResult@inference@solax@@@std@@@async@dvacore@@AEBA?A_P$$QEAV1?1???$ConvertDvaFutureToSolaxFuture@V?$shared_ptr@VModelResult@inference@solax@@@std@@V12@@DVACompute@@YA?AV?$future@V?$shared_ptr@VModelResult@inference@solax@@@std@@X@v3@stlab@@V234@@Z@$$QEAV?$Promise@X@34@@Z@$$A6AXXZ@detail@dvacore@@@allocator@dvacore@@$00@std@@
AeCompute.dll,156748912,0x957cc70,inference|model,.?AU?$STLAllocator@V?$InvocationImplementation@V<lambda_1>@?1???$MakeContinuation@V<lambda_1>@?1???$ConvertDvaFutureToSolaxFuture@V?$shared_ptr@VModelResult@inference@solax@@@std@@V12@@DVACompute@@YA?AV?$future@V?$shared_ptr@VModelResult@inference@solax@@@std@@X@v3@stlab@@V?$Future@V?$shared_ptr@VModelResult@inference@solax@@@std@@@async@dvacore@@@Z@V?$Promise@X@78@@?$Future@V?$shared_ptr@VModelResult@inference@solax@@@std@@@async@dvacore@@AEBA?A_P$$QEAV1?1???$ConvertDvaFutureToSolaxFuture@V?$shared_ptr@VModelResult@inference@solax@@@std@@V12@@DVACompute@@YA?AV?$future@V?$shared_ptr@VModelResult@inference@solax@@@std@@X@v3@stlab@@V234@@Z@$$QEAV?$Promise@X@34@@Z@$$A6AXXZ@detail@dvacore@@@allocator@dvacore@@
AeCompute.dll,156749648,0x957cf50,inference|model,.?AV?$_Ref_count_obj_alloc3@V?$InvocationImplementation@V<lambda_1>@?1???$MakeContinuation@V<lambda_1>@?1???$ConvertDvaFutureToSolaxFuture@V?$shared_ptr@VDVAMLInferenceEngine@DVACompute@@@std@@V?$shared_ptr@VLocalModelBase@inference@solax@@@2@@DVACompute@@YA?AV?$future@V?$shared_ptr@VLocalModelBase@inference@solax@@@std@@X@v3@stlab@@V?$Future@V?$shared_ptr@VDVAMLInferenceEngine@DVACompute@@@std@@@async@dvacore@@@Z@V?$Promise@X@78@@?$Future@V?$shared_ptr@VDVAMLInferenceEngine@DVACompute@@@std@@@async@dvacore@@AEBA?A_P$$QEAV1?1???$ConvertDvaFutureToSolaxFuture@V?$shared_ptr@VDVAMLInferenceEngine@DVACompute@@@std@@V?$shared_ptr@VLocalModelBase@inference@solax@@@2@@DVACompute@@YA?AV?$future@V?$shared_ptr@VLocalModelBase@inference@solax@@@std@@X@v3@stlab@@V234@@Z@$$QEAV?$Promise@X@34@@Z@$$A6AXXZ@detail@dvacore@@U?$STLAllocator@V?$InvocationImplementation@V<lambda_1>@?1???$MakeContinuation@V<lambda_1>@?1???$ConvertDvaFutureToSolaxFuture@V?$shared_ptr@VDVAMLInferenceEngine@DVACompute@@@std@@V?$shared_ptr@VLocalModelBase@inference@solax@@@2@@DVACompute@@YA?AV?$future@V?$shared_ptr@VLocalModelBase@inference@solax@@@std@@X@v3@stlab@@V?$Future@V?$shared_ptr@VDVAMLInferenceEngine@DVACompute@@@std@@@async@dvacore@@@Z@V?$Promise@X@78@@?$Future@V?$shared_ptr@VDVAMLInferenceEngine@DVACompute@@@std@@@async@dvacore@@AEBA?A_P$$QEAV1?1???$ConvertDvaFutureToSolaxFuture@V?$shared_ptr@VDVAMLInferenceEngine@DVACompute@@@std@@V?$shared_ptr@VLocalModelBase@inference@solax@@@2@@DVACompute@@YA?AV?$future@V?$shared_ptr@VLocalModelBase@inference@solax@@@std@@X@v3@stlab@@V234@@Z@$$QEAV?$Promise@X@34@@Z@$$A6AXXZ@detail@dvacore@@@allocator@3@@std@@
AeCompute.dll,156751312,0x957d5d0,inference|model,.?AV?$_Ebco_base@U?$STLAllocator@V?$InvocationImplementation@V<lambda_1>@?1???$MakeContinuation@V<lambda_1>@?1???$ConvertDvaFutureToSolaxFuture@V?$shared_ptr@VDVAMLInferenceEngine@DVACompute@@@std@@V?$shared_ptr@VLocalModelBase@inference@solax@@@2@@DVACompute@@YA?AV?$future@V?$shared_ptr@VLocalModelBase@inference@solax@@@std@@X@v3@stlab@@V?$Future@V?$shared_ptr@VDVAMLInferenceEngine@DVACompute@@@std@@@async@dvacore@@@Z@V?$Promise@X@78@@?$Future@V?$shared_ptr@VDVAMLInferenceEngine@DVACompute@@@std@@@async@dvacore@@AEBA?A_P$$QEAV1?1???$ConvertDvaFutureToSolaxFuture@V?$shared_ptr@VDVAMLInferenceEngine@DVACompute@@@std@@V?$shared_ptr@VLocalModelBase@inference@solax@@@2@@DVACompute@@YA?AV?$future@V?$shared_ptr@VLocalModelBase@inference@solax@@@std@@X@v3@stlab@@V234@@Z@$$QEAV?$Promise@X@34@@Z@$$A6AXXZ@detail@dvacore@@@allocator@dvacore@@$00@std@@
AeCompute.dll,156752192,0x957d940,inference|model,.?AU?$STLAllocator@V?$InvocationImplementation@V<lambda_1>@?1???$MakeContinuation@V<lambda_1>@?1???$ConvertDvaFutureToSolaxFuture@V?$shared_ptr@VDVAMLInferenceEngine@DVACompute@@@std@@V?$shared_ptr@VLocalModelBase@inference@solax@@@2@@DVACompute@@YA?AV?$future@V?$shared_ptr@VLocalModelBase@inference@solax@@@std@@X@v3@stlab@@V?$Future@V?$shared_ptr@VDVAMLInferenceEngine@DVACompute@@@std@@@async@dvacore@@@Z@V?$Promise@X@78@@?$Future@V?$shared_ptr@VDVAMLInferenceEngine@DVACompute@@@std@@@async@dvacore@@AEBA?A_P$$QEAV1?1???$ConvertDvaFutureToSolaxFuture@V?$shared_ptr@VDVAMLInferenceEngine@DVACompute@@@std@@V?$shared_ptr@VLocalModelBase@inference@solax@@@2@@DVACompute@@YA?AV?$future@V?$shared_ptr@VLocalModelBase@inference@solax@@@std@@X@v3@stlab@@V234@@Z@$$QEAV?$Promise@X@34@@Z@$$A6AXXZ@detail@dvacore@@@allocator@dvacore@@
AeCompute.dll,156756784,0x957eb30,inference|model,.?AV?$_Ref_count_obj2@U?$shared@V<lambda_1>@?9???$package@$$A6A?AV?$shared_ptr@VModelResult@inference@solax@@@std@@V12@@ZUimmediate_executor_type@detail@v3@stlab@@V<lambda_1>@?1???$?RUimmediate_executor_type@detail@v3@stlab@@@?$_make_exceptional_future@V?$shared_ptr@VModelResult@inference@solax@@@std@@@456@QEBA?AV?$future@V?$shared_ptr@VModelResult@inference@solax@@@std@@X@56@AEBVexception_ptr@2@U3456@@Z@@v3@stlab@@YA?AU?$pair@V?$packaged_task@V?$shared_ptr@VModelResult@inference@solax@@@std@@@v3@stlab@@V?$future@V?$shared_ptr@VModelResult@inference@solax@@@std@@X@23@@std@@Uimmediate_executor_type@detail@23@$$QEAV1?1???$?RUimmediate_executor_type@detail@v3@stlab@@@?$_make_exceptional_future@V?$shared_ptr@VModelResult@inference@solax@@@std@@@723@QEBA?AV?$future@V?$shared_ptr@VModelResult@inference@solax@@@std@@X@23@AEBVexception_ptr@5@0@Z@@Z@$$A6A?AV?$shared_ptr@VModelResult@inference@solax@@@5@V?$shared_ptr@VModelResult@inference@solax@@@5@@Z@detail@v3@stlab@@@std@@
AeCompute.dll,156774784,0x9583180,object,.?AV?$ScriptObjectDefinitionInitiator@VObjectSelectionObject@Scripting@DVACompute@@@factory@dvascripting@@
AeCompute.dll,156774912,0x9583200,object,.?AV?$ScriptObjectDefinition@VObjectSelectionObject@Scripting@DVACompute@@@definition@dvascripting@@
AeCompute.dll,156775040,0x9583280,object,.?AV?$ScriptCastInterface@V?$InterfaceRef@UIObjectSelectionWrapper@DVACompute@@@classref@dvacore@@@dvascripting@@
AeCompute.dll,156775296,0x9583380,object,.?AV?$_Func_base@XAEBV?$IntrusivePtr@VObjectSelectionObject@Scripting@DVACompute@@@RefCountedInterface@utility@dvacore@@@std@@
AeCompute.dll,156775440,0x9583410,object,.?AV?$ScriptItemDefinition@VObjectSelectionObject@Scripting@DVACompute@@@definition@dvascripting@@
AeCompute.dll,156775568,0x9583490,object,.?AV?$_Func_base@XPEBV?$vector@V?$shared_ptr@Vany@std@@@std@@U?$STLAllocator@V?$shared_ptr@Vany@std@@@std@@@allocator@dvacore@@@std@@PEAV?$unordered_map@V?$basic_string@EU?$char_traits@E@std@@U?$STLAllocator@E@allocator@dvacore@@@std@@V?$shared_ptr@Vany@std@@@2@U?$hash@V?$basic_string@EU?$char_traits@E@std@@U?$STLAllocator@E@allocator@dvacore@@@std@@@2@U?$equal_to@V?$basic_string@EU?$char_traits@E@std@@U?$STLAllocator@E@allocator@dvacore@@@std@@@2@U?$STLAllocator@U?$pair@$$CBV?$basic_string@EU?$char_traits@E@std@@U?$STLAllocator@E@allocator@dvacore@@@std@@V?$shared_ptr@Vany@std@@@2@@std@@@allocator@dvacore@@@2@PEAVObjectSelectionObject@Scripting@DVACompute@@@std@@
AeCompute.dll,156776880,0x95839b0,object|mask,.?AV?$_Func_impl_no_alloc@V?$_Binder@U_Unforced@std@@V<lambda_1>@?1???$AsyncWithExecutorAndContinuationExecutorAndDelay@V?$shared_ptr@VAsyncExecutor@threads@dvacore@@@std@@_JU?$ratio@$00$0DOI@@2@V12@V<lambda_1>@?1??DetectObjectsUsingMask@ObjectSelectionObject@Scripting@DVACompute@@QEAA?AV?$shared_ptr@VNativePromise@dvascripting@@@2@AEBV?$IntrusivePtr@VScriptObject@dvascripting@@@RefCountedInterface@utility@dvacore@@AEBV?$basic_string@EU?$char_traits@E@std@@U?$STLAllocator@E@allocator@dvacore@@@2@11@Z@$$V@async@dvacore@@YA?A_PAEBV?$shared_ptr@VAsyncExecutor@threads@dvacore@@@2@AEBV?$duration@_JU?$ratio@$00$0DOI@@std@@@chrono@2@0$$QEAV3?1??DetectObjectsUsingMask@ObjectSelectionObject@Scripting@DVACompute@@QEAA?AV?$shared_ptr@VNativePromise@dvascripting@@@2@AEBV?$IntrusivePtr@VScriptObject@dvascripting@@@RefCountedInterface@utility@5@AEBV?$basic_string@EU?$char_traits@E@std@@U?$STLAllocator@E@allocator@dvacore@@@2@33@Z@@Z@$$V@std@@X$$V@std@@
AeCompute.dll,156777856,0x9583d80,object,.?AV?$_Func_impl_no_alloc@V?$_Binder@U_Unforced@std@@V<lambda_1>@?1???$AsyncWithExecutorAndContinuationExecutorAndDelay@V?$shared_ptr@VAsyncExecutor@threads@dvacore@@@std@@_JU?$ratio@$00$0DOI@@2@V12@V<lambda_2>@?1??DetectObjectsUsingBoundary@ObjectSelectionObject@Scripting@DVACompute@@QEAA?AV?$shared_ptr@VNativePromise@dvascripting@@@2@AEBV?$IntrusivePtr@VScriptObject@dvascripting@@@RefCountedInterface@utility@dvacore@@AEBV?$basic_string@EU?$char_traits@E@std@@U?$STLAllocator@E@allocator@dvacore@@@2@AEBV?$vector@V?$IntrusivePtr@VScriptObject@dvascripting@@@RefCountedInterface@utility@dvacore@@U?$STLAllocator@V?$IntrusivePtr@VScriptObject@dvascripting@@@RefCountedInterface@utility@dvacore@@@allocator@4@@2@1@Z@$$V@async@dvacore@@YA?A_PAEBV?$shared_ptr@VAsyncExecutor@threads@dvacore@@@2@AEBV?$duration@_JU?$ratio@$00$0DOI@@std@@@chrono@2@0$$QEAV<lambda_2>@?1??DetectObjectsUsingBoundary@ObjectSelectionObject@Scripting@DVACompute@@QEAA?AV?$shared_ptr@VNativePromise@dvascripting@@@2@AEBV?$IntrusivePtr@VScriptObject@dvascripting@@@RefCountedInterface@utility@5@AEBV?$basic_string@EU?$char_traits@E@std@@U?$STLAllocator@E@allocator@dvacore@@@2@AEBV?$vector@V?$IntrusivePtr@VScriptObject@dvascripting@@@RefCountedInterface@utility@dvacore@@U?$STLAllocator@V?$IntrusivePtr@VScriptObject@dvascripting@@@RefCountedInterface@utility@dvacore@@@allocator@4@@2@3@Z@@Z@$$V@std@@X$$V@std@@
AeCompute.dll,156779264,0x9584300,object,.?AV?$_Func_impl_no_alloc@V<lambda_1>@?1??CreateObjectSelectionObject@Scripting@DVACompute@@YA?AV?$IntrusivePtr@VScriptObject@dvascripting@@@RefCountedInterface@utility@dvacore@@AEBV?$InterfaceRef@UIObjectSelectionWrapper@DVACompute@@@classref@8@H@Z@XAEBV?$IntrusivePtr@VObjectSelectionObject@Scripting@DVACompute@@@678@@std@@
AeCompute.dll,156779616,0x9584460,object,.?AV?$_Func_impl_no_alloc@V<lambda_1>@?4???$RegisterMethod@VObjectSelectionObject@Scripting@DVACompute@@V?$PropertyType@V?$IntrusivePtr@VScriptObject@dvascripting@@@RefCountedInterface@utility@dvacore@@@dvascripting@@P8123@EAA?AV?$IntrusivePtr@VScriptObject@dvascripting@@@RefCountedInterface@utility@dvacore@@XZ@definition@dvascripting@@YAXPEBDV?$PropertyType@V?$IntrusivePtr@VScriptObject@dvascripting@@@RefCountedInterface@utility@dvacore@@@3@$$QEAP8ObjectSelectionObject@Scripting@DVACompute@@EAA?AV?$IntrusivePtr@VScriptObject@dvascripting@@@RefCountedInterface@utility@dvacore@@XZW4ScriptObjectPropertyModifier@3@W4ItemThreadOption@3@0W4ScriptItemFlag@3@@Z@XPEBV?$vector@V?$shared_ptr@Vany@std@@@std@@U?$STLAllocator@V?$shared_ptr@Vany@std@@@std@@@allocator@dvacore@@@std@@PEAV?$unordered_map@V?$basic_string@EU?$char_traits@E@std@@U?$STLAllocator@E@allocator@dvacore@@@std@@V?$shared_ptr@Vany@std@@@2@U?$hash@V?$basic_string@EU?$char_traits@E@std@@U?$STLAllocator@E@allocator@dvacore@@@std@@@2@U?$equal_to@V?$basic_string@EU?$char_traits@E@std@@U?$STLAllocator@E@allocator@dvacore@@@std@@@2@U?$STLAllocator@U?$pair@$$CBV?$basic_string@EU?$char_traits@E@std@@U?$STLAllocator@E@allocator@dvacore@@@std@@V?$shared_ptr@Vany@std@@@2@@std@@@allocator@dvacore@@@std@@PEAV567@@std@@
AeCompute.dll,156780928,0x9584980,object,.?AV?$_Func_impl_no_alloc@V<lambda_1>@?4???$RegisterMethod@VObjectSelectionObject@Scripting@DVACompute@@V?$PropertyType@V?$shared_ptr@VNativeObject@dvascripting@@@std@@@dvascripting@@V?$ParameterType@V?$IntrusivePtr@VScriptObject@dvascripting@@@RefCountedInterface@utility@dvacore@@@5@V?$ParameterType@V?$basic_string@EU?$char_traits@E@std@@U?$STLAllocator@E@allocator@dvacore@@@std@@@5@V75@V75@P8123@EAA?AV?$shared_ptr@VNativePromise@dvascripting@@@std@@AEBV?$IntrusivePtr@VScriptObject@dvascripting@@@RefCountedInterface@utility@dvacore@@AEBV?$basic_string@EU?$char_traits@E@std@@U?$STLAllocator@E@allocator@dvacore@@@9@11@Z@definition@dvascripting@@YAXPEBDV?$ParameterType@V?$IntrusivePtr@VScriptObject@dvascripting@@@RefCountedInterface@utility@dvacore@@@3@V?$ParameterType@V?$basic_string@EU?$char_traits@E@std@@U?$STLAllocator@E@allocator@dvacore@@@std@@@3@22V?$PropertyType@V?$shared_ptr@VNativeObject@dvascripting@@@std@@@3@$$QEAP8ObjectSelectionObject@Scripting@DVACompute@@EAA?AV?$shared_ptr@VNativePromise@dvascripting@@@std@@AEBV?$IntrusivePtr@VScriptObject@dvascripting@@@RefCountedInterface@utility@dvacore@@AEBV?$basic_string@EU?$char_traits@E@std@@U?$STLAllocator@E@allocator@dvacore@@@std@@55@ZW4ScriptObjectPropertyModifier@3@W4ItemThreadOption@3@0W4ScriptItemFlag@3@@Z@XPEBV?$vector@V?$shared_ptr@Vany@std@@@std@@U?$STLAllocator@V?$shared_ptr@Vany@std@@@std@@@allocator@dvacore@@@std@@PEAV?$unordered_map@V?$basic_string@EU?$char_traits@E@std@@U?$STLAllocator@E@allocator@dvacore@@@std@@V?$shared_ptr@Vany@std@@@2@U?$hash@V?$basic_string@EU?$char_traits@E@std@@U?$STLAllocator@E@allocator@dvacore@@@std@@@2@U?$equal_to@V?$basic_string@EU?$char_traits@E@std@@U?$STLAllocator@E@allocator@dvacore@@@std@@@2@U?$STLAllocator@U?$pair@$$CBV?$basic_string@EU?$char_traits@E@std@@U?$STLAllocator@E@allocator@dvacore@@@std@@V?$shared_ptr@Vany@std@@@2@@std@@@allocator@dvacore@@@std@@PEAV789@@std@@
AeCompute.dll,156782864,0x9585110,object,.?AV?$_Func_impl_no_alloc@V<lambda_1>@?4???$RegisterMethod@VObjectSelectionObject@Scripting@DVACompute@@V?$PropertyType@V?$shared_ptr@VNativeObject@dvascripting@@@std@@@dvascripting@@V?$ParameterType@V?$IntrusivePtr@VScriptObject@dvascripting@@@RefCountedInterface@utility@dvacore@@@5@V?$ParameterType@V?$basic_string@EU?$char_traits@E@std@@U?$STLAllocator@E@allocator@dvacore@@@std@@@5@V?$ParameterType@V?$vector@V?$IntrusivePtr@VScriptObject@dvascripting@@@RefCountedInterface@utility@dvacore@@U?$STLAllocator@V?$IntrusivePtr@VScriptObject@dvascripting@@@RefCountedInterface@utility@dvacore@@@allocator@4@@std@@@5@V75@P8123@EAA?AV?$shared_ptr@VNativePromise@dvascripting@@@std@@AEBV?$IntrusivePtr@VScriptObject@dvascripting@@@RefCountedInterface@utility@dvacore@@AEBV?$basic_string@EU?$char_traits@E@std@@U?$STLAllocator@E@allocator@dvacore@@@std@@AEBV?$vector@V?$IntrusivePtr@VScriptObject@dvascripting@@@RefCountedInterface@utility@dvacore@@U?$STLAllocator@V?$IntrusivePtr@VScriptObject@dvascripting@@@RefCountedInterface@utility@dvacore@@@allocator@4@@std@@1@Z@definition@dvascripting@@YAXPEBDV?$ParameterType@V?$IntrusivePtr@VScriptObject@dvascripting@@@RefCountedInterface@utility@dvacore@@@3@V?$ParameterType@V?$basic_string@EU?$char_traits@E@std@@U?$STLAllocator@E@allocator@dvacore@@@std@@@3@V?$ParameterType@V?$vector@V?$IntrusivePtr@VScriptObject@dvascripting@@@RefCountedInterface@utility@dvacore@@U?$STLAllocator@V?$IntrusivePtr@VScriptObject@dvascripting@@@RefCountedInterface@utility@dvacore@@@allocator@4@@std@@@3@2V?$PropertyType@V?$shared_ptr@VNativeObject@dvascripting@@@std@@@3@$$QEAP8ObjectSelectionObject@Scripting@DVACompute@@EAA?AV?$shared_ptr@VNativePromise@dvascripting@@@std@@AEBV?$IntrusivePtr@VScriptObject@dvascripting@@@RefCountedInterface@utility@dvacore@@AEBV?$basic_string@EU?$char_traits@E@std@@U?$STLAllocator@E@allocator@dvacore@@@std@@AEBV?$vector@V?$IntrusivePtr@VScriptObject@dvascripting@@@RefCountedInterface@utility@dvacore@@U?$STLAllocator@V?$IntrusivePtr@VScriptObject@dvascripting@@@RefCountedInterface@utility@dvacore@@@allocator@4@@std@@6@ZW4ScriptObjectPropertyModifier@3@W4ItemThreadOption@3@0W4ScriptItemFlag@3@@Z@XPEBV?$vector@V?$shared_ptr@Vany@std@@@std@@U?$STLAllocator@V?$shared_ptr@Vany@std@@@std@@@allocator@dvacore@@@std@@PEAV?$unordered_map@V?$basic_string@EU?$char_traits@E@std@@U?$STLAllocator@E@allocator@dvacore@@@std@@V?$shared_ptr@Vany@std@@@2@U?$hash@V?$basic_string@EU?$char_traits@E@std@@U?$STLAllocator@E@allocator@dvacore@@@std@@@2@U?$equal_to@V?$basic_string@EU?$char_traits@E@std@@U?$STLAllocator@E@allocator@dvacore@@@std@@@2@U?$STLAllocator@U?$pair@$$CBV?$basic_string@EU?$char_traits@E@std@@U?$STLAllocator@E@allocator@dvacore@@@std@@V?$shared_ptr@Vany@std@@@2@@std@@@allocator@dvacore@@@std@@PEAV89DVACompute@@@std@@
AeCompute.dll,156785680,0x9585c10,object|mask,.?AV?$InvocationImplementation@V<lambda_1>@?1???$AddContinuationWithExecutor@V?$shared_ptr@VAsyncExecutor@threads@dvacore@@@std@@V<lambda_1>@?1???$MakeContinuation@V<lambda_1>@?1???$OnSuccessWithExecutor@V?$shared_ptr@VAsyncExecutor@threads@dvacore@@@std@@V<lambda_2>@?1??DetectObjectsUsingMask@ObjectSelectionObject@Scripting@DVACompute@@QEAA?AV?$shared_ptr@VNativePromise@dvascripting@@@2@AEBV?$IntrusivePtr@VScriptObject@dvascripting@@@RefCountedInterface@utility@dvacore@@AEBV?$basic_string@EU?$char_traits@E@std@@U?$STLAllocator@E@allocator@dvacore@@@2@11@Z@@?$Future@V?$InterfaceRef@UIVideoFrame@MF@@@classref@dvacore@@@async@dvacore@@QEBA?A_P$$QEAV?$shared_ptr@VAsyncExecutor@threads@dvacore@@@std@@$$QEAV<lambda_2>@?1??DetectObjectsUsingMask@ObjectSelectionObject@Scripting@DVACompute@@QEAA?AV?$shared_ptr@VNativePromise@dvascripting@@@6@AEBV?$IntrusivePtr@VScriptObject@dvascripting@@@RefCountedInterface@utility@4@AEBV?$basic_string@EU?$char_traits@E@std@@U?$STLAllocator@E@allocator@dvacore@@@6@22@Z@@Z@V?$Promise@_N@34@@?$Future@V?$InterfaceRef@UIVideoFrame@MF@@@classref@dvacore@@@async@dvacore@@AEBA?A_P$$QEAV3?1???$OnSuccessWithExecutor@V?$shared_ptr@VAsyncExecutor@threads@dvacore@@@std@@V<lambda_2>@?1??DetectObjectsUsingMask@ObjectSelectionObject@Scripting@DVACompute@@QEAA?AV?$shared_ptr@VNativePromise@dvascripting@@@2@AEBV?$IntrusivePtr@VScriptObject@dvascripting@@@RefCountedInterface@utility@dvacore@@AEBV?$basic_string@EU?$char_traits@E@std@@U?$STLAllocator@E@allocator@dvacore@@@2@11@Z@@456@QEBA?A_P$$QEAV12@$$QEAV<lambda_2>@?1??DetectObjectsUsingMask@ObjectSelectionObject@Scripting@DVACompute@@QEAA?AV?$shared_ptr@VNativePromise@dvascripting@@@2@AEBV?$IntrusivePtr@VScriptObject@dvascripting@@@RefCountedInterface@utility@6@AEBV?$basic_string@EU?$char_traits@E@std@@U?$STLAllocator@E@allocator@dvacore@@@2@22@Z@@Z@$$QEAV?$Promise@_N@56@@Z@@UntypedFutureState@detail@async@dvacore@@QEAAX$$QEAV?$shared_ptr@VAsyncExecutor@threads@dvacore@@@std@@$$QEAV1?1???$MakeContinuation@V<lambda_1>@?1???$OnSuccessWithExecutor@V?$shared_ptr@VAsyncExecutor@threads@dvacore@@@std@@V<lambda_2>@?1??DetectObjectsUsingMask@ObjectSelectionObject@Scripting@DVACompute@@QEAA?AV?$shared_ptr@VNativePromise@dvascripting@@@2@AEBV?$IntrusivePtr@VScriptObject@dvascripting@@@RefCountedInterface@utility@dvacore@@AEBV?$basic_string@EU?$char_traits@E@std@@U?$STLAllocator@E@allocator@dvacore@@@2@11@Z@@?$Future@V?$InterfaceRef@UIVideoFrame@MF@@@classref@dvacore@@@async@dvacore@@QEBA?A_P$$QEAV?$shared_ptr@VAsyncExecutor@threads@dvacore@@@std@@$$QEAV<lambda_2>@?1??DetectObjectsUsingMask@ObjectSelectionObject@Scripting@DVACompute@@QEAA?AV?$shared_ptr@VNativePromise@dvascripting@@@6@AEBV?$IntrusivePtr@VScriptObject@dvascripting@@@RefCountedInterface@utility@4@AEBV?$basic_string@EU?$char_traits@E@std@@U?$STLAllocator@E@allocator@dvacore@@@6@22@Z@@Z@V?$Promise@_N@34@@?$Future@V?$InterfaceRef@UIVideoFrame@MF@@@classref@dvacore@@@45@AEBA?A_P$$QEAV1?1???$OnSuccessWithExecutor@V?$shared_ptr@VAsyncExecutor@threads@dvacore@@@std@@V<lambda_2>@?1??DetectObjectsUsingMask@ObjectSelectionObject@Scripting@DVACompute@@QEAA?AV?$shared_ptr@VNativePromise@dvascripting@@@2@AEBV?$IntrusivePtr@VScriptObject@dvascripting@@@RefCountedInterface@utility@dvacore@@AEBV?$basic_string@EU?$char_traits@E@std@@U?$STLAllocator@E@allocator@dvacore@@@2@11@Z@@845@QEBA?A_P0$$QEAV<lambda_2>@?1??DetectObjectsUsingMask@ObjectSelectionObject@Scripting@DVACompute@@QEAA?AV?$shared_ptr@VNativePromise@dvascripting@@@7@AEBV?$IntrusivePtr@VScriptObject@dvascripting@@@RefCountedInterface@utility@5@AEBV?$basic_string@EU?$char_traits@E@std@@U?$STLAllocator@E@allocator@dvacore@@@7@22@Z@@Z@$$QEAV?$Promise@_N@45@@Z@@Z@$$A6AXXZ@detail@dvacore@@
AeCompute.dll,156789472,0x9586ae0,object,.?AV?$_Func_impl_no_alloc@V<lambda_1>@?1???$CreateScriptObject@VObjectSelectionObject@Scripting@DVACompute@@@utils@dvascripting@@YA?AV?$IntrusivePtr@VObjectSelectionObject@Scripting@DVACompute@@@RefCountedInterface@utility@dvacore@@HV?$function@$$A6AXAEBV?$IntrusivePtr@VObjectSelectionObject@Scripting@DVACompute@@@RefCountedInterface@utility@dvacore@@@Z@std@@@Z@XAEBV?$IntrusivePtr@VScriptObject@dvascripting@@@567@@std@@
AeCompute.dll,156789920,0x9586ca0,object|mask,.?AV?$_Ref_count_obj_alloc3@V<lambda_1>@?1???$MakeContinuation@V<lambda_1>@?1???$OnSuccessWithExecutor@V?$shared_ptr@VAsyncExecutor@threads@dvacore@@@std@@V<lambda_2>@?1??DetectObjectsUsingMask@ObjectSelectionObject@Scripting@DVACompute@@QEAA?AV?$shared_ptr@VNativePromise@dvascripting@@@2@AEBV?$IntrusivePtr@VScriptObject@dvascripting@@@RefCountedInterface@utility@dvacore@@AEBV?$basic_string@EU?$char_traits@E@std@@U?$STLAllocator@E@allocator@dvacore@@@2@11@Z@@?$Future@V?$InterfaceRef@UIVideoFrame@MF@@@classref@dvacore@@@async@dvacore@@QEBA?A_P$$QEAV?$shared_ptr@VAsyncExecutor@threads@dvacore@@@std@@$$QEAV<lambda_2>@?1??DetectObjectsUsingMask@ObjectSelectionObject@Scripting@DVACompute@@QEAA?AV?$shared_ptr@VNativePromise@dvascripting@@@6@AEBV?$IntrusivePtr@VScriptObject@dvascripting@@@RefCountedInterface@utility@4@AEBV?$basic_string@EU?$char_traits@E@std@@U?$STLAllocator@E@allocator@dvacore@@@6@22@Z@@Z@V?$Promise@_N@34@@?$Future@V?$InterfaceRef@UIVideoFrame@MF@@@classref@dvacore@@@async@dvacore@@AEBA?A_P$$QEAV1?1???$OnSuccessWithExecutor@V?$shared_ptr@VAsyncExecutor@threads@dvacore@@@std@@V<lambda_2>@?1??DetectObjectsUsingMask@ObjectSelectionObject@Scripting@DVACompute@@QEAA?AV?$shared_ptr@VNativePromise@dvascripting@@@2@AEBV?$IntrusivePtr@VScriptObject@dvascripting@@@RefCountedInterface@utility@dvacore@@AEBV?$basic_string@EU?$char_traits@E@std@@U?$STLAllocator@E@allocator@dvacore@@@2@11@Z@@234@QEBA?A_P$$QEAV?$shared_ptr@VAsyncExecutor@threads@dvacore@@@std@@$$QEAV<lambda_2>@?1??DetectObjectsUsingMask@ObjectSelectionObject@Scripting@DVACompute@@QEAA?AV?$shared_ptr@VNativePromise@dvascripting@@@6@AEBV?$IntrusivePtr@VScriptObject@dvascripting@@@RefCountedInterface@utility@4@AEBV?$basic_string@EU?$char_traits@E@std@@U?$STLAllocator@E@allocator@dvacore@@@6@22@Z@@Z@$$QEAV?$Promise@_N@34@@Z@U?$STLAllocator@V<lambda_1>@?1???$MakeContinuation@V<lambda_1>@?1???$OnSuccessWithExecutor@V?$shared_ptr@VAsyncExecutor@threads@dvacore@@@std@@V<lambda_2>@?1??DetectObjectsUsingMask@ObjectSelectionObject@Scripting@DVACompute@@QEAA?AV?$shared_ptr@VNativePromise@dvascripting@@@2@AEBV?$IntrusivePtr@VScriptObject@dvascripting@@@RefCountedInterface@utility@dvacore@@AEBV?$basic_string@EU?$char_traits@E@std@@U?$STLAllocator@E@allocator@dvacore@@@2@11@Z@@?$Future@V?$InterfaceRef@UIVideoFrame@MF@@@classref@dvacore@@@async@dvacore@@QEBA?A_P$$QEAV?$shared_ptr@VAsyncExecutor@threads@dvacore@@@std@@$$QEAV<lambda_2>@?1??DetectObjectsUsingMask@ObjectSelectionObject@Scripting@DVACompute@@QEAA?AV?$shared_ptr@VNativePromise@dvascripting@@@6@AEBV?$IntrusivePtr@VScriptObject@dvascripting@@@RefCountedInterface@utility@4@AEBV?$basic_string@EU?$char_traits@E@std@@U?$STLAllocator@E@allocator@dvacore@@@6@22@Z@@Z@V?$Promise@_N@34@@?$Future@V?$InterfaceRef@UIVideoFrame@MF@@@classref@dvacore@@@async@dvacore@@AEBA?A_P$$QEAV1?1???$OnSuccessWithExecutor@V?$shared_ptr@VAsyncExecutor@threads@dvacore@@@std@@V<lambda_2>@?1??DetectObjectsUsingMask@ObjectSelectionObject@Scripting@DVACompute@@QEAA?AV?$shared_ptr@VNativePromise@dvascripting@@@2@AEBV?$IntrusivePtr@VScriptObject@dvascripting@@@RefCountedInterface@utility@dvacore@@AEBV?$basic_string@EU?$char_traits@E@std@@U?$STLAllocator@E@allocator@dvacore@@@2@11@Z@@234@QEBA?A_P$$QEAV?$shared_ptr@VAsyncExecutor@threads@dvacore@@@std@@$$QEAV<lambda_2>@?1??DetectObjectsUsingMask@ObjectSelectionObject@Scripting@DVACompute@@QEAA?AV?$shared_ptr@VNativePromise@dvascripting@@@6@AEBV?$IntrusivePtr@VScriptObject@dvascripting@@@RefCountedInterface@utility@4@AEBV?$basic_string@EU?$char_traits@E@std@@U?$STLAllocator@E@allocator@dvacore@@@6@22@Z@@Z@$$QEAV?$Promise@_N@34@@Z@@allocator@4@@std@@
AeCompute.dll,156793584,0x9587af0,object|mask,.?AV?$_Ebco_base@U?$STLAllocator@V<lambda_1>@?1???$MakeContinuation@V<lambda_1>@?1???$OnSuccessWithExecutor@V?$shared_ptr@VAsyncExecutor@threads@dvacore@@@std@@V<lambda_2>@?1??DetectObjectsUsingMask@ObjectSelectionObject@Scripting@DVACompute@@QEAA?AV?$shared_ptr@VNativePromise@dvascripting@@@2@AEBV?$IntrusivePtr@VScriptObject@dvascripting@@@RefCountedInterface@utility@dvacore@@AEBV?$basic_string@EU?$char_traits@E@std@@U?$STLAllocator@E@allocator@dvacore@@@2@11@Z@@?$Future@V?$InterfaceRef@UIVideoFrame@MF@@@classref@dvacore@@@async@dvacore@@QEBA?A_P$$QEAV?$shared_ptr@VAsyncExecutor@threads@dvacore@@@std@@$$QEAV<lambda_2>@?1??DetectObjectsUsingMask@ObjectSelectionObject@Scripting@DVACompute@@QEAA?AV?$shared_ptr@VNativePromise@dvascripting@@@6@AEBV?$IntrusivePtr@VScriptObject@dvascripting@@@RefCountedInterface@utility@4@AEBV?$basic_string@EU?$char_traits@E@std@@U?$STLAllocator@E@allocator@dvacore@@@6@22@Z@@Z@V?$Promise@_N@34@@?$Future@V?$InterfaceRef@UIVideoFrame@MF@@@classref@dvacore@@@async@dvacore@@AEBA?A_P$$QEAV1?1???$OnSuccessWithExecutor@V?$shared_ptr@VAsyncExecutor@threads@dvacore@@@std@@V<lambda_2>@?1??DetectObjectsUsingMask@ObjectSelectionObject@Scripting@DVACompute@@QEAA?AV?$shared_ptr@VNativePromise@dvascripting@@@2@AEBV?$IntrusivePtr@VScriptObject@dvascripting@@@RefCountedInterface@utility@dvacore@@AEBV?$basic_string@EU?$char_traits@E@std@@U?$STLAllocator@E@allocator@dvacore@@@2@11@Z@@234@QEBA?A_P$$QEAV?$shared_ptr@VAsyncExecutor@threads@dvacore@@@std@@$$QEAV<lambda_2>@?1??DetectObjectsUsingMask@ObjectSelectionObject@Scripting@DVACompute@@QEAA?AV?$shared_ptr@VNativePromise@dvascripting@@@6@AEBV?$IntrusivePtr@VScriptObject@dvascripting@@@RefCountedInterface@utility@4@AEBV?$basic_string@EU?$char_traits@E@std@@U?$STLAllocator@E@allocator@dvacore@@@6@22@Z@@Z@$$QEAV?$Promise@_N@34@@Z@@allocator@dvacore@@$00@std@@
AeCompute.dll,156795456,0x9588240,object|mask,.?AU?$STLAllocator@V<lambda_1>@?1???$MakeContinuation@V<lambda_1>@?1???$OnSuccessWithExecutor@V?$shared_ptr@VAsyncExecutor@threads@dvacore@@@std@@V<lambda_2>@?1??DetectObjectsUsingMask@ObjectSelectionObject@Scripting@DVACompute@@QEAA?AV?$shared_ptr@VNativePromise@dvascripting@@@2@AEBV?$IntrusivePtr@VScriptObject@dvascripting@@@RefCountedInterface@utility@dvacore@@AEBV?$basic_string@EU?$char_traits@E@std@@U?$STLAllocator@E@allocator@dvacore@@@2@11@Z@@?$Future@V?$InterfaceRef@UIVideoFrame@MF@@@classref@dvacore@@@async@dvacore@@QEBA?A_P$$QEAV?$shared_ptr@VAsyncExecutor@threads@dvacore@@@std@@$$QEAV<lambda_2>@?1??DetectObjectsUsingMask@ObjectSelectionObject@Scripting@DVACompute@@QEAA?AV?$shared_ptr@VNativePromise@dvascripting@@@6@AEBV?$IntrusivePtr@VScriptObject@dvascripting@@@RefCountedInterface@utility@4@AEBV?$basic_string@EU?$char_traits@E@std@@U?$STLAllocator@E@allocator@dvacore@@@6@22@Z@@Z@V?$Promise@_N@34@@?$Future@V?$InterfaceRef@UIVideoFrame@MF@@@classref@dvacore@@@async@dvacore@@AEBA?A_P$$QEAV1?1???$OnSuccessWithExecutor@V?$shared_ptr@VAsyncExecutor@threads@dvacore@@@std@@V<lambda_2>@?1??DetectObjectsUsingMask@ObjectSelectionObject@Scripting@DVACompute@@QEAA?AV?$shared_ptr@VNativePromise@dvascripting@@@2@AEBV?$IntrusivePtr@VScriptObject@dvascripting@@@RefCountedInterface@utility@dvacore@@AEBV?$basic_string@EU?$char_traits@E@std@@U?$STLAllocator@E@allocator@dvacore@@@2@11@Z@@234@QEBA?A_P$$QEAV?$shared_ptr@VAsyncExecutor@threads@dvacore@@@std@@$$QEAV<lambda_2>@?1??DetectObjectsUsingMask@ObjectSelectionObject@Scripting@DVACompute@@QEAA?AV?$shared_ptr@VNativePromise@dvascripting@@@6@AEBV?$IntrusivePtr@VScriptObject@dvascripting@@@RefCountedInterface@utility@4@AEBV?$basic_string@EU?$char_traits@E@std@@U?$STLAllocator@E@allocator@dvacore@@@6@22@Z@@Z@$$QEAV?$Promise@_N@34@@Z@@allocator@dvacore@@
AeCompute.dll,156797360,0x95889b0,object,.?AV?$_Ebco_base@U?$STLAllocator@V<lambda_1>@?1???$MakeContinuation@V<lambda_1>@?1???$OnSuccessWithExecutor@V?$shared_ptr@VAsyncExecutor@threads@dvacore@@@std@@V<lambda_3>@?1??DetectObjectsUsingBoundary@ObjectSelectionObject@Scripting@DVACompute@@QEAA?AV?$shared_ptr@VNativePromise@dvascripting@@@2@AEBV?$IntrusivePtr@VScriptObject@dvascripting@@@RefCountedInterface@utility@dvacore@@AEBV?$basic_string@EU?$char_traits@E@std@@U?$STLAllocator@E@allocator@dvacore@@@2@AEBV?$vector@V?$IntrusivePtr@VScriptObject@dvascripting@@@RefCountedInterface@utility@dvacore@@U?$STLAllocator@V?$IntrusivePtr@VScriptObject@dvascripting@@@RefCountedInterface@utility@dvacore@@@allocator@4@@2@1@Z@@?$Future@V?$InterfaceRef@UIVideoFrame@MF@@@classref@dvacore@@@async@dvacore@@QEBA?A_P$$QEAV?$shared_ptr@VAsyncExecutor@threads@dvacore@@@std@@$$QEAV<lambda_3>@?1??DetectObjectsUsingBoundary@ObjectSelectionObject@Scripting@DVACompute@@QEAA?AV?$shared_ptr@VNativePromise@dvascripting@@@6@AEBV?$IntrusivePtr@VScriptObject@dvascripting@@@RefCountedInterface@utility@4@AEBV?$basic_string@EU?$char_traits@E@std@@U?$STLAllocator@E@allocator@dvacore@@@6@AEBV?$vector@V?$IntrusivePtr@VScriptObject@dvascripting@@@RefCountedInterface@utility@dvacore@@U?$STLAllocator@V?$IntrusivePtr@VScriptObject@dvascripting@@@RefCountedInterface@utility@dvacore@@@allocator@4@@6@2@Z@@Z@V?$Promise@_N@34@@?$Future@V?$InterfaceRef@UIVideoFrame@MF@@@classref@dvacore@@@async@dvacore@@AEBA?A_P$$QEAV1?1???$OnSuccessWithExecutor@V?$shared_ptr@VAsyncExecutor@threads@dvacore@@@std@@V<lambda_3>@?1??DetectObjectsUsingBoundary@ObjectSelectionObject@Scripting@DVACompute@@QEAA?AV?$shared_ptr@VNativePromise@dvascripting@@@2@AEBV?$IntrusivePtr@VScriptObject@dvascripting@@@RefCountedInterface@utility@dvacore@@AEBV?$basic_string@EU?$char_traits@E@std@@U?$STLAllocator@E@allocator@dvacore@@@2@AEBV?$vector@V?$IntrusivePtr@VScriptObject@dvascripting@@@RefCountedInterface@utility@dvacore@@U?$STLAllocator@V?$IntrusivePtr@VScriptObject@dvascripting@@@RefCountedInterface@utility@dvacore@@@allocator@4@@2@1@Z@@234@QEBA?A_P$$QEAV?$shared_ptr@VAsyncExecutor@threads@dvacore@@@std@@$$QEAV<lambda_3>@?1??DetectObjectsUsingBoundary@ObjectSelectionObject@Scripting@DVACompute@@QEAA?AV?$shared_ptr@VNativePromise@dvascripting@@@6@AEBV?$IntrusivePtr@VScriptObject@dvascripting@@@RefCountedInterface@utility@4@AEBV?$basic_string@EU?$char_traits@E@std@@U?$STLAllocator@E@allocator@dvacore@@@6@AEBV?$vector@V?$IntrusivePtr@VScriptObject@dvascripting@@@RefCountedInterface@utility@dvacore@@U?$STLAllocator@V?$IntrusivePtr@VScriptObject@dvascripting@@@RefCountedInterface@utility@dvacore@@@allocator@4@@6@2@Z@@Z@$$QEAV?$Promise@_N@34@@Z@@allocator@dvacore@@$00@std@@
AeCompute.dll,156800080,0x9589450,object,.?AU?$STLAllocator@V<lambda_1>@?1???$MakeContinuation@V<lambda_1>@?1???$OnSuccessWithExecutor@V?$shared_ptr@VAsyncExecutor@threads@dvacore@@@std@@V<lambda_3>@?1??DetectObjectsUsingBoundary@ObjectSelectionObject@Scripting@DVACompute@@QEAA?AV?$shared_ptr@VNativePromise@dvascripting@@@2@AEBV?$IntrusivePtr@VScriptObject@dvascripting@@@RefCountedInterface@utility@dvacore@@AEBV?$basic_string@EU?$char_traits@E@std@@U?$STLAllocator@E@allocator@dvacore@@@2@AEBV?$vector@V?$IntrusivePtr@VScriptObject@dvascripting@@@RefCountedInterface@utility@dvacore@@U?$STLAllocator@V?$IntrusivePtr@VScriptObject@dvascripting@@@RefCountedInterface@utility@dvacore@@@allocator@4@@2@1@Z@@?$Future@V?$InterfaceRef@UIVideoFrame@MF@@@classref@dvacore@@@async@dvacore@@QEBA?A_P$$QEAV?$shared_ptr@VAsyncExecutor@threads@dvacore@@@std@@$$QEAV<lambda_3>@?1??DetectObjectsUsingBoundary@ObjectSelectionObject@Scripting@DVACompute@@QEAA?AV?$shared_ptr@VNativePromise@dvascripting@@@6@AEBV?$IntrusivePtr@VScriptObject@dvascripting@@@RefCountedInterface@utility@4@AEBV?$basic_string@EU?$char_traits@E@std@@U?$STLAllocator@E@allocator@dvacore@@@6@AEBV?$vector@V?$IntrusivePtr@VScriptObject@dvascripting@@@RefCountedInterface@utility@dvacore@@U?$STLAllocator@V?$IntrusivePtr@VScriptObject@dvascripting@@@RefCountedInterface@utility@dvacore@@@allocator@4@@6@2@Z@@Z@V?$Promise@_N@34@@?$Future@V?$InterfaceRef@UIVideoFrame@MF@@@classref@dvacore@@@async@dvacore@@AEBA?A_P$$QEAV1?1???$OnSuccessWithExecutor@V?$shared_ptr@VAsyncExecutor@threads@dvacore@@@std@@V<lambda_3>@?1??DetectObjectsUsingBoundary@ObjectSelectionObject@Scripting@DVACompute@@QEAA?AV?$shared_ptr@VNativePromise@dvascripting@@@2@AEBV?$IntrusivePtr@VScriptObject@dvascripting@@@RefCountedInterface@utility@dvacore@@AEBV?$basic_string@EU?$char_traits@E@std@@U?$STLAllocator@E@allocator@dvacore@@@2@AEBV?$vector@V?$IntrusivePtr@VScriptObject@dvascripting@@@RefCountedInterface@utility@dvacore@@U?$STLAllocator@V?$IntrusivePtr@VScriptObject@dvascripting@@@RefCountedInterface@utility@dvacore@@@allocator@4@@2@1@Z@@234@QEBA?A_P$$QEAV?$shared_ptr@VAsyncExecutor@threads@dvacore@@@std@@$$QEAV<lambda_3>@?1??DetectObjectsUsingBoundary@ObjectSelectionObject@Scripting@DVACompute@@QEAA?AV?$shared_ptr@VNativePromise@dvascripting@@@6@AEBV?$IntrusivePtr@VScriptObject@dvascripting@@@RefCountedInterface@utility@4@AEBV?$basic_string@EU?$char_traits@E@std@@U?$STLAllocator@E@allocator@dvacore@@@6@AEBV?$vector@V?$IntrusivePtr@VScriptObject@dvascripting@@@RefCountedInterface@utility@dvacore@@U?$STLAllocator@V?$IntrusivePtr@VScriptObject@dvascripting@@@RefCountedInterface@utility@dvacore@@@allocator@4@@6@2@Z@@Z@$$QEAV?$Promise@_N@34@@Z@@allocator@dvacore@@
AeCompute.dll,156802784,0x9589ee0,object|mask,.?AV?$_Func_impl_no_alloc@V<lambda_1>@?6???$CallContinuationAsync@V?$shared_ptr@VAsyncExecutor@threads@dvacore@@@std@@V<lambda_1>@?1???$MakeContinuation@V<lambda_1>@?1???$OnSuccessWithExecutor@V?$shared_ptr@VAsyncExecutor@threads@dvacore@@@std@@V<lambda_2>@?1??DetectObjectsUsingMask@ObjectSelectionObject@Scripting@DVACompute@@QEAA?AV?$shared_ptr@VNativePromise@dvascripting@@@2@AEBV?$IntrusivePtr@VScriptObject@dvascripting@@@RefCountedInterface@utility@dvacore@@AEBV?$basic_string@EU?$char_traits@E@std@@U?$STLAllocator@E@allocator@dvacore@@@2@11@Z@@?$Future@V?$InterfaceRef@UIVideoFrame@MF@@@classref@dvacore@@@async@dvacore@@QEBA?A_P$$QEAV?$shared_ptr@VAsyncExecutor@threads@dvacore@@@std@@$$QEAV<lambda_2>@?1??DetectObjectsUsingMask@ObjectSelectionObject@Scripting@DVACompute@@QEAA?AV?$shared_ptr@VNativePromise@dvascripting@@@6@AEBV?$IntrusivePtr@VScriptObject@dvascripting@@@RefCountedInterface@utility@4@AEBV?$basic_string@EU?$char_traits@E@std@@U?$STLAllocator@E@allocator@dvacore@@@6@22@Z@@Z@V?$Promise@_N@34@@?$Future@V?$InterfaceRef@UIVideoFrame@MF@@@classref@dvacore@@@async@dvacore@@AEBA?A_P$$QEAV3?1???$OnSuccessWithExecutor@V?$shared_ptr@VAsyncExecutor@threads@dvacore@@@std@@V<lambda_2>@?1??DetectObjectsUsingMask@ObjectSelectionObject@Scripting@DVACompute@@QEAA?AV?$shared_ptr@VNativePromise@dvascripting@@@2@AEBV?$IntrusivePtr@VScriptObject@dvascripting@@@RefCountedInterface@utility@dvacore@@AEBV?$basic_string@EU?$char_traits@E@std@@U?$STLAllocator@E@allocator@dvacore@@@2@11@Z@@456@QEBA?A_P$$QEAV12@$$QEAV<lambda_2>@?1??DetectObjectsUsingMask@ObjectSelectionObject@Scripting@DVACompute@@QEAA?AV?$shared_ptr@VNativePromise@dvascripting@@@2@AEBV?$IntrusivePtr@VScriptObject@dvascripting@@@RefCountedInterface@utility@6@AEBV?$basic_string@EU?$char_traits@E@std@@U?$STLAllocator@E@allocator@dvacore@@@2@22@Z@@Z@$$QEAV?$Promise@_N@56@@Z@@detail@async@dvacore@@YAX$$QEAV?$shared_ptr@VAsyncExecutor@threads@dvacore@@@std@@$$QEAV1?1???$MakeContinuation@V<lambda_1>@?1???$OnSuccessWithExecutor@V?$shared_ptr@VAsyncExecutor@threads@dvacore@@@std@@V<lambda_2>@?1??DetectObjectsUsingMask@ObjectSelectionObject@Scripting@DVACompute@@QEAA?AV?$shared_ptr@VNativePromise@dvascripting@@@2@AEBV?$IntrusivePtr@VScriptObject@dvascripting@@@RefCountedInterface@utility@dvacore@@AEBV?$basic_string@EU?$char_traits@E@std@@U?$STLAllocator@E@allocator@dvacore@@@2@11@Z@@?$Future@V?$InterfaceRef@UIVideoFrame@MF@@@classref@dvacore@@@async@dvacore@@QEBA?A_P$$QEAV?$shared_ptr@VAsyncExecutor@threads@dvacore@@@std@@$$QEAV<lambda_2>@?1??DetectObjectsUsingMask@ObjectSelectionObject@Scripting@DVACompute@@QEAA?AV?$shared_ptr@VNativePromise@dvascripting@@@6@AEBV?$IntrusivePtr@VScriptObject@dvascripting@@@RefCountedInterface@utility@4@AEBV?$basic_string@EU?$char_traits@E@std@@U?$STLAllocator@E@allocator@dvacore@@@6@22@Z@@Z@V?$Promise@_N@34@@?$Future@V?$InterfaceRef@UIVideoFrame@MF@@@classref@dvacore@@@34@AEBA?A_P$$QEAV1?1???$OnSuccessWithExecutor@V?$shared_ptr@VAsyncExecutor@threads@dvacore@@@std@@V<lambda_2>@?1??DetectObjectsUsingMask@ObjectSelectionObject@Scripting@DVACompute@@QEAA?AV?$shared_ptr@VNativePromise@dvascripting@@@2@AEBV?$IntrusivePtr@VScriptObject@dvascripting@@@RefCountedInterface@utility@dvacore@@AEBV?$basic_string@EU?$char_traits@E@std@@U?$STLAllocator@E@allocator@dvacore@@@2@11@Z@@734@QEBA?A_P0$$QEAV<lambda_2>@?1??DetectObjectsUsingMask@ObjectSelectionObject@Scripting@DVACompute@@QEAA?AV?$shared_ptr@VNativePromise@dvascripting@@@6@AEBV?$IntrusivePtr@VScriptObject@dvascripting@@@RefCountedInterface@utility@4@AEBV?$basic_string@EU?$char_traits@E@std@@U?$STLAllocator@E@allocator@dvacore@@@6@22@Z@@Z@$$QEAV?$Promise@_N@34@@Z@V?$shared_ptr@VUntypedFutureState@detail@async@dvacore@@@6@@Z@X$$V@std@@
AeCompute.dll,156806816,0x958aea0,object|mask,.?AV?$_Ebco_base@U?$STLAllocator@V?$InvocationImplementation@V<lambda_1>@?1???$AddContinuationWithExecutor@V?$shared_ptr@VAsyncExecutor@threads@dvacore@@@std@@V<lambda_1>@?1???$MakeContinuation@V<lambda_1>@?1???$OnSuccessWithExecutor@V?$shared_ptr@VAsyncExecutor@threads@dvacore@@@std@@V<lambda_2>@?1??DetectObjectsUsingMask@ObjectSelectionObject@Scripting@DVACompute@@QEAA?AV?$shared_ptr@VNativePromise@dvascripting@@@2@AEBV?$IntrusivePtr@VScriptObject@dvascripting@@@RefCountedInterface@utility@dvacore@@AEBV?$basic_string@EU?$char_traits@E@std@@U?$STLAllocator@E@allocator@dvacore@@@2@11@Z@@?$Future@V?$InterfaceRef@UIVideoFrame@MF@@@classref@dvacore@@@async@dvacore@@QEBA?A_P$$QEAV?$shared_ptr@VAsyncExecutor@threads@dvacore@@@std@@$$QEAV<lambda_2>@?1??DetectObjectsUsingMask@ObjectSelectionObject@Scripting@DVACompute@@QEAA?AV?$shared_ptr@VNativePromise@dvascripting@@@6@AEBV?$IntrusivePtr@VScriptObject@dvascripting@@@RefCountedInterface@utility@4@AEBV?$basic_string@EU?$char_traits@E@std@@U?$STLAllocator@E@allocator@dvacore@@@6@22@Z@@Z@V?$Promise@_N@34@@?$Future@V?$InterfaceRef@UIVideoFrame@MF@@@classref@dvacore@@@async@dvacore@@AEBA?A_P$$QEAV3?1???$OnSuccessWithExecutor@V?$shared_ptr@VAsyncExecutor@threads@dvacore@@@std@@V<lambda_2>@?1??DetectObjectsUsingMask@ObjectSelectionObject@Scripting@DVACompute@@QEAA?AV?$shared_ptr@VNativePromise@dvascripting@@@2@AEBV?$IntrusivePtr@VScriptObject@dvascripting@@@RefCountedInterface@utility@dvacore@@AEBV?$basic_string@EU?$char_traits@E@std@@U?$STLAllocator@E@allocator@dvacore@@@2@11@Z@@456@QEBA?A_P$$QEAV12@$$QEAV<lambda_2>@?1??DetectObjectsUsingMask@ObjectSelectionObject@Scripting@DVACompute@@QEAA?AV?$shared_ptr@VNativePromise@dvascripting@@@2@AEBV?$IntrusivePtr@VScriptObject@dvascripting@@@RefCountedInterface@utility@6@AEBV?$basic_string@EU?$char_traits@E@std@@U?$STLAllocator@E@allocator@dvacore@@@2@22@Z@@Z@$$QEAV?$Promise@_N@56@@Z@@UntypedFutureState@detail@async@dvacore@@QEAAX$$QEAV?$shared_ptr@VAsyncExecutor@threads@dvacore@@@std@@$$QEAV1?1???$MakeContinuation@V<lambda_1>@?1???$OnSuccessWithExecutor@V?$shared_ptr@VAsyncExecutor@threads@dvacore@@@std@@V<lambda_2>@?1??DetectObjectsUsingMask@ObjectSelectionObject@Scripting@DVACompute@@QEAA?AV?$shared_ptr@VNativePromise@dvascripting@@@2@AEBV?$IntrusivePtr@VScriptObject@dvascripting@@@RefCountedInterface@utility@dvacore@@AEBV?$basic_string@EU?$char_traits@E@std@@U?$STLAllocator@E@allocator@dvacore@@@2@11@Z@@?$Future@V?$InterfaceRef@UIVideoFrame@MF@@@classref@dvacore@@@async@dvacore@@QEBA?A_P$$QEAV?$shared_ptr@VAsyncExecutor@threads@dvacore@@@std@@$$QEAV<lambda_2>@?1??DetectObjectsUsingMask@ObjectSelectionObject@Scripting@DVACompute@@QEAA?AV?$shared_ptr@VNativePromise@dvascripting@@@6@AEBV?$IntrusivePtr@VScriptObject@dvascripting@@@RefCountedInterface@utility@4@AEBV?$basic_string@EU?$char_traits@E@std@@U?$STLAllocator@E@allocator@dvacore@@@6@22@Z@@Z@V?$Promise@_N@34@@?$Future@V?$InterfaceRef@UIVideoFrame@MF@@@classref@dvacore@@@45@AEBA?A_P$$QEAV1?1???$OnSuccessWithExecutor@V?$shared_ptr@VAsyncExecutor@threads@dvacore@@@std@@V<lambda_2>@?1??DetectObjectsUsingMask@ObjectSelectionObject@Scripting@DVACompute@@QEAA?AV?$shared_ptr@VNativePromise@dvascripting@@@2@AEBV?$IntrusivePtr@VScriptObject@dvascripting@@@RefCountedInterface@utility@dvacore@@AEBV?$basic_string@EU?$char_traits@E@std@@U?$STLAllocator@E@allocator@dvacore@@@2@11@Z@@845@QEBA?A_P0$$QEAV<lambda_2>@?1??DetectObjectsUsingMask@ObjectSelectionObject@Scripting@DVACompute@@QEAA?AV?$shared_ptr@VNativePromise@dvascripting@@@7@AEBV?$IntrusivePtr@VScriptObject@dvascripting@@@RefCountedInterface@utility@5@AEBV?$basic_string@EU?$char_traits@E@std@@U?$STLAllocator@E@allocator@dvacore@@@7@22@Z@@Z@$$QEAV?$Promise@_N@45@@Z@@Z@$$A6AXXZ@detail@dvacore@@@allocator@dvacore@@$00@std@@
AeCompute.dll,156810608,0x958bd70,object|mask,.?AU?$STLAllocator@V?$InvocationImplementation@V<lambda_1>@?1???$AddContinuationWithExecutor@V?$shared_ptr@VAsyncExecutor@threads@dvacore@@@std@@V<lambda_1>@?1???$MakeContinuation@V<lambda_1>@?1???$OnSuccessWithExecutor@V?$shared_ptr@VAsyncExecutor@threads@dvacore@@@std@@V<lambda_2>@?1??DetectObjectsUsingMask@ObjectSelectionObject@Scripting@DVACompute@@QEAA?AV?$shared_ptr@VNativePromise@dvascripting@@@2@AEBV?$IntrusivePtr@VScriptObject@dvascripting@@@RefCountedInterface@utility@dvacore@@AEBV?$basic_string@EU?$char_traits@E@std@@U?$STLAllocator@E@allocator@dvacore@@@2@11@Z@@?$Future@V?$InterfaceRef@UIVideoFrame@MF@@@classref@dvacore@@@async@dvacore@@QEBA?A_P$$QEAV?$shared_ptr@VAsyncExecutor@threads@dvacore@@@std@@$$QEAV<lambda_2>@?1??DetectObjectsUsingMask@ObjectSelectionObject@Scripting@DVACompute@@QEAA?AV?$shared_ptr@VNativePromise@dvascripting@@@6@AEBV?$IntrusivePtr@VScriptObject@dvascripting@@@RefCountedInterface@utility@4@AEBV?$basic_string@EU?$char_traits@E@std@@U?$STLAllocator@E@allocator@dvacore@@@6@22@Z@@Z@V?$Promise@_N@34@@?$Future@V?$InterfaceRef@UIVideoFrame@MF@@@classref@dvacore@@@async@dvacore@@AEBA?A_P$$QEAV3?1???$OnSuccessWithExecutor@V?$shared_ptr@VAsyncExecutor@threads@dvacore@@@std@@V<lambda_2>@?1??DetectObjectsUsingMask@ObjectSelectionObject@Scripting@DVACompute@@QEAA?AV?$shared_ptr@VNativePromise@dvascripting@@@2@AEBV?$IntrusivePtr@VScriptObject@dvascripting@@@RefCountedInterface@utility@dvacore@@AEBV?$basic_string@EU?$char_traits@E@std@@U?$STLAllocator@E@allocator@dvacore@@@2@11@Z@@456@QEBA?A_P$$QEAV12@$$QEAV<lambda_2>@?1??DetectObjectsUsingMask@ObjectSelectionObject@Scripting@DVACompute@@QEAA?AV?$shared_ptr@VNativePromise@dvascripting@@@2@AEBV?$IntrusivePtr@VScriptObject@dvascripting@@@RefCountedInterface@utility@6@AEBV?$basic_string@EU?$char_traits@E@std@@U?$STLAllocator@E@allocator@dvacore@@@2@22@Z@@Z@$$QEAV?$Promise@_N@56@@Z@@UntypedFutureState@detail@async@dvacore@@QEAAX$$QEAV?$shared_ptr@VAsyncExecutor@threads@dvacore@@@std@@$$QEAV1?1???$MakeContinuation@V<lambda_1>@?1???$OnSuccessWithExecutor@V?$shared_ptr@VAsyncExecutor@threads@dvacore@@@std@@V<lambda_2>@?1??DetectObjectsUsingMask@ObjectSelectionObject@Scripting@DVACompute@@QEAA?AV?$shared_ptr@VNativePromise@dvascripting@@@2@AEBV?$IntrusivePtr@VScriptObject@dvascripting@@@RefCountedInterface@utility@dvacore@@AEBV?$basic_string@EU?$char_traits@E@std@@U?$STLAllocator@E@allocator@dvacore@@@2@11@Z@@?$Future@V?$InterfaceRef@UIVideoFrame@MF@@@classref@dvacore@@@async@dvacore@@QEBA?A_P$$QEAV?$shared_ptr@VAsyncExecutor@threads@dvacore@@@std@@$$QEAV<lambda_2>@?1??DetectObjectsUsingMask@ObjectSelectionObject@Scripting@DVACompute@@QEAA?AV?$shared_ptr@VNativePromise@dvascripting@@@6@AEBV?$IntrusivePtr@VScriptObject@dvascripting@@@RefCountedInterface@utility@4@AEBV?$basic_string@EU?$char_traits@E@std@@U?$STLAllocator@E@allocator@dvacore@@@6@22@Z@@Z@V?$Promise@_N@34@@?$Future@V?$InterfaceRef@UIVideoFrame@MF@@@classref@dvacore@@@45@AEBA?A_P$$QEAV1?1???$OnSuccessWithExecutor@V?$shared_ptr@VAsyncExecutor@threads@dvacore@@@std@@V<lambda_2>@?1??DetectObjectsUsingMask@ObjectSelectionObject@Scripting@DVACompute@@QEAA?AV?$shared_ptr@VNativePromise@dvascripting@@@2@AEBV?$IntrusivePtr@VScriptObject@dvascripting@@@RefCountedInterface@utility@dvacore@@AEBV?$basic_string@EU?$char_traits@E@std@@U?$STLAllocator@E@allocator@dvacore@@@2@11@Z@@845@QEBA?A_P0$$QEAV<lambda_2>@?1??DetectObjectsUsingMask@ObjectSelectionObject@Scripting@DVACompute@@QEAA?AV?$shared_ptr@VNativePromise@dvascripting@@@7@AEBV?$IntrusivePtr@VScriptObject@dvascripting@@@RefCountedInterface@utility@5@AEBV?$basic_string@EU?$char_traits@E@std@@U?$STLAllocator@E@allocator@dvacore@@@7@22@Z@@Z@$$QEAV?$Promise@_N@45@@Z@@Z@$$A6AXXZ@detail@dvacore@@@allocator@dvacore@@
AeCompute.dll,156814480,0x958cc90,object,.?AV?$_Ref_count_resource_alloc@PEAVObjectSelectionWrapper@DVACompute@@V<lambda_1>@?6???$Allocate@VObjectSelectionWrapper@DVACompute@@@?$AllocateClassInstanceHelper@VObjectSelectionWrapper@DVACompute@@@detail@classref@dvacore@@SA?AV?$shared_ptr@VObjectSelectionWrapper@DVACompute@@@std@@XZ@U?$STLAllocator@VObjectSelectionWrapper@DVACompute@@@allocator@7@@std@@
AeCompute.dll,156814864,0x958ce10,object|model,.?AUmodel_configuration_base@object_selection@solax@@
AeCompute.dll,156814944,0x958ce60,object|lasso,.?AUdeep_lasso_configuration@object_selection@solax@@
AeCompute.dll,156815024,0x958ceb0,object|lasso,.?AV?$_Ref_count_obj_alloc3@VDeepLasso@object_selection@solax@@U?$STLAllocator@VDeepLasso@object_selection@solax@@@allocator@dvacore@@@std@@
AeCompute.dll,156815184,0x958cf50,object|lasso,.?AV?$_Ebco_base@U?$STLAllocator@VDeepLasso@object_selection@solax@@@allocator@dvacore@@$00@std@@
AeCompute.dll,156815312,0x958cfd0,object|lasso,.?AU?$STLAllocator@VDeepLasso@object_selection@solax@@@allocator@dvacore@@
AeCompute.dll,156815408,0x958d030,object|mask|refine,.?AV?$_Ref_count_obj_alloc3@VObjectMaskRefiner@ultimate_urm@solax@@U?$STLAllocator@VObjectMaskRefiner@ultimate_urm@solax@@@allocator@dvacore@@@std@@
AeCompute.dll,156815584,0x958d0e0,object|mask|refine,.?AV?$_Ebco_base@U?$STLAllocator@VObjectMaskRefiner@ultimate_urm@solax@@@allocator@dvacore@@$00@std@@
AeCompute.dll,156815712,0x958d160,object|mask|refine,.?AU?$STLAllocator@VObjectMaskRefiner@ultimate_urm@solax@@@allocator@dvacore@@
AeCompute.dll,156815808,0x958d1c0,object|inference|model,.?AV?$_Func_impl_no_alloc@V<lambda_1>@?1??RegisterModelFactories@ObjectSelectionWrapper@DVACompute@@UEAAXXZ@V?$future@V?$shared_ptr@VLocalModelBase@inference@solax@@@std@@X@v3@stlab@@$$V@std@@
AeCompute.dll,156816032,0x958d2a0,object|inference|model,.?AV?$_Func_impl_no_alloc@V<lambda_2>@?1??RegisterModelFactories@ObjectSelectionWrapper@DVACompute@@UEAAXXZ@V?$future@V?$shared_ptr@VLocalModelBase@inference@solax@@@std@@X@v3@stlab@@$$V@std@@
AeCompute.dll,156818704,0x958dd10,object|segment,.?AV?$ScriptObjectDefinitionInitiator@VPreSegmentationObject@Scripting@DVACompute@@@factory@dvascripting@@
AeCompute.dll,156818832,0x958dd90,object|segment,.?AV?$ScriptObjectDefinition@VPreSegmentationObject@Scripting@DVACompute@@@definition@dvascripting@@
AeCompute.dll,156818960,0x958de10,segment,.?AV?$ScriptCastInterface@V?$InterfaceRef@UIPreSegmentationWrapper@DVACompute@@@classref@dvacore@@@dvascripting@@
AeCompute.dll,156819104,0x958dea0,object|segment,.?AV?$_Func_base@XAEBV?$IntrusivePtr@VPreSegmentationObject@Scripting@DVACompute@@@RefCountedInterface@utility@dvacore@@@std@@
AeCompute.dll,156819248,0x958df30,object|segment,.?AV?$ScriptItemDefinition@VPreSegmentationObject@Scripting@DVACompute@@@definition@dvascripting@@
AeCompute.dll,156819376,0x958dfb0,object|segment,.?AV?$_Func_base@XPEBV?$vector@V?$shared_ptr@Vany@std@@@std@@U?$STLAllocator@V?$shared_ptr@Vany@std@@@std@@@allocator@dvacore@@@std@@PEAV?$unordered_map@V?$basic_string@EU?$char_traits@E@std@@U?$STLAllocator@E@allocator@dvacore@@@std@@V?$shared_ptr@Vany@std@@@2@U?$hash@V?$basic_string@EU?$char_traits@E@std@@U?$STLAllocator@E@allocator@dvacore@@@std@@@2@U?$equal_to@V?$basic_string@EU?$char_traits@E@std@@U?$STLAllocator@E@allocator@dvacore@@@std@@@2@U?$STLAllocator@U?$pair@$$CBV?$basic_string@EU?$char_traits@E@std@@U?$STLAllocator@E@allocator@dvacore@@@std@@V?$shared_ptr@Vany@std@@@2@@std@@@allocator@dvacore@@@2@PEAVPreSegmentationObject@Scripting@DVACompute@@@std@@
AeCompute.dll,156820080,0x958e270,object|segment,.?AV?$_Func_impl_no_alloc@V<lambda_1>@?1??CreatePreSegmentationObject@Scripting@DVACompute@@YA?AV?$IntrusivePtr@VScriptObject@dvascripting@@@RefCountedInterface@utility@dvacore@@AEBV?$InterfaceRef@UIPreSegmentationWrapper@DVACompute@@@classref@8@H@Z@XAEBV?$IntrusivePtr@VPreSegmentationObject@Scripting@DVACompute@@@678@@std@@
AeCompute.dll,156820432,0x958e3d0,object|segment,.?AV?$_Func_impl_no_alloc@V<lambda_1>@?4???$RegisterMethod@VPreSegmentationObject@Scripting@DVACompute@@V?$PropertyType@V?$IntrusivePtr@VScriptObject@dvascripting@@@RefCountedInterface@utility@dvacore@@@dvascripting@@P8123@EAA?AV?$IntrusivePtr@VScriptObject@dvascripting@@@RefCountedInterface@utility@dvacore@@XZ@definition@dvascripting@@YAXPEBDV?$PropertyType@V?$IntrusivePtr@VScriptObject@dvascripting@@@RefCountedInterface@utility@dvacore@@@3@$$QEAP8PreSegmentationObject@Scripting@DVACompute@@EAA?AV?$IntrusivePtr@VScriptObject@dvascripting@@@RefCountedInterface@utility@dvacore@@XZW4ScriptObjectPropertyModifier@3@W4ItemThreadOption@3@0W4ScriptItemFlag@3@@Z@XPEBV?$vector@V?$shared_ptr@Vany@std@@@std@@U?$STLAllocator@V?$shared_ptr@Vany@std@@@std@@@allocator@dvacore@@@std@@PEAV?$unordered_map@V?$basic_string@EU?$char_traits@E@std@@U?$STLAllocator@E@allocator@dvacore@@@std@@V?$shared_ptr@Vany@std@@@2@U?$hash@V?$basic_string@EU?$char_traits@E@std@@U?$STLAllocator@E@allocator@dvacore@@@std@@@2@U?$equal_to@V?$basic_string@EU?$char_traits@E@std@@U?$STLAllocator@E@allocator@dvacore@@@std@@@2@U?$STLAllocator@U?$pair@$$CBV?$basic_string@EU?$char_traits@E@std@@U?$STLAllocator@E@allocator@dvacore@@@std@@V?$shared_ptr@Vany@std@@@2@@std@@@allocator@dvacore@@@std@@PEAV567@@std@@
AeCompute.dll,156821744,0x958e8f0,object|segment,.?AV?$_Func_impl_no_alloc@V<lambda_1>@?4???$RegisterMethod@VPreSegmentationObject@Scripting@DVACompute@@V?$PropertyType@V?$shared_ptr@VNativeObject@dvascripting@@@std@@@dvascripting@@V?$ParameterType@V?$IntrusivePtr@VScriptObject@dvascripting@@@RefCountedInterface@utility@dvacore@@@5@V?$ParameterType@V?$basic_string@EU?$char_traits@E@std@@U?$STLAllocator@E@allocator@dvacore@@@std@@@5@V75@P8123@EAA?AV?$shared_ptr@VNativePromise@dvascripting@@@std@@AEBV?$IntrusivePtr@VScriptObject@dvascripting@@@RefCountedInterface@utility@dvacore@@AEBV?$basic_string@EU?$char_traits@E@std@@U?$STLAllocator@E@allocator@dvacore@@@9@1@Z@definition@dvascripting@@YAXPEBDV?$ParameterType@V?$IntrusivePtr@VScriptObject@dvascripting@@@RefCountedInterface@utility@dvacore@@@3@V?$ParameterType@V?$basic_string@EU?$char_traits@E@std@@U?$STLAllocator@E@allocator@dvacore@@@std@@@3@2V?$PropertyType@V?$shared_ptr@VNativeObject@dvascripting@@@std@@@3@$$QEAP8PreSegmentationObject@Scripting@DVACompute@@EAA?AV?$shared_ptr@VNativePromise@dvascripting@@@std@@AEBV?$IntrusivePtr@VScriptObject@dvascripting@@@RefCountedInterface@utility@dvacore@@AEBV?$basic_string@EU?$char_traits@E@std@@U?$STLAllocator@E@allocator@dvacore@@@std@@5@ZW4ScriptObjectPropertyModifier@3@W4ItemThreadOption@3@0W4ScriptItemFlag@3@@Z@XPEBV?$vector@V?$shared_ptr@Vany@std@@@std@@U?$STLAllocator@V?$shared_ptr@Vany@std@@@std@@@allocator@dvacore@@@std@@PEAV?$unordered_map@V?$basic_string@EU?$char_traits@E@std@@U?$STLAllocator@E@allocator@dvacore@@@std@@V?$shared_ptr@Vany@std@@@2@U?$hash@V?$basic_string@EU?$char_traits@E@std@@U?$STLAllocator@E@allocator@dvacore@@@std@@@2@U?$equal_to@V?$basic_string@EU?$char_traits@E@std@@U?$STLAllocator@E@allocator@dvacore@@@std@@@2@U?$STLAllocator@U?$pair@$$CBV?$basic_string@EU?$char_traits@E@std@@U?$STLAllocator@E@allocator@dvacore@@@std@@V?$shared_ptr@Vany@std@@@2@@std@@@allocator@dvacore@@@std@@PEAV789@@std@@
AeCompute.dll,156823664,0x958f070,object|segment,.?AV?$InvocationImplementation@V<lambda_1>@?1???$AddContinuationWithExecutor@V?$shared_ptr@VAsyncExecutor@threads@dvacore@@@std@@V<lambda_1>@?1???$MakeContinuation@V<lambda_1>@?1???$OnSuccessWithExecutor@V?$shared_ptr@VAsyncExecutor@threads@dvacore@@@std@@V<lambda_1>@?1??RunPreSegmentation@PreSegmentationObject@Scripting@DVACompute@@QEAA?AV?$shared_ptr@VNativePromise@dvascripting@@@2@AEBV?$IntrusivePtr@VScriptObject@dvascripting@@@RefCountedInterface@utility@dvacore@@AEBV?$basic_string@EU?$char_traits@E@std@@U?$STLAllocator@E@allocator@dvacore@@@2@1@Z@@?$Future@UPreSegmentationResult@DVACompute@@@async@dvacore@@QEBA?A_P$$QEAV?$shared_ptr@VAsyncExecutor@threads@dvacore@@@std@@$$QEAV1?1??RunPreSegmentation@PreSegmentationObject@Scripting@DVACompute@@QEAA?AV?$shared_ptr@VNativePromise@dvascripting@@@6@AEBV?$IntrusivePtr@VScriptObject@dvascripting@@@RefCountedInterface@utility@4@AEBV?$basic_string@EU?$char_traits@E@std@@U?$STLAllocator@E@allocator@dvacore@@@6@2@Z@@Z@V?$Promise@_N@34@@?$Future@UPreSegmentationResult@DVACompute@@@async@dvacore@@AEBA?A_P$$QEAV3?1???$OnSuccessWithExecutor@V?$shared_ptr@VAsyncExecutor@threads@dvacore@@@std@@V<lambda_1>@?1??RunPreSegmentation@PreSegmentationObject@Scripting@DVACompute@@QEAA?AV?$shared_ptr@VNativePromise@dvascripting@@@2@AEBV?$IntrusivePtr@VScriptObject@dvascripting@@@RefCountedInterface@utility@dvacore@@AEBV?$basic_string@EU?$char_traits@E@std@@U?$STLAllocator@E@allocator@dvacore@@@2@1@Z@@456@QEBA?A_P$$QEAV12@$$QEAV3?1??RunPreSegmentation@PreSegmentationObject@Scripting@DVACompute@@QEAA?AV?$shared_ptr@VNativePromise@dvascripting@@@2@AEBV?$IntrusivePtr@VScriptObject@dvascripting@@@RefCountedInterface@utility@6@AEBV?$basic_string@EU?$char_traits@E@std@@U?$STLAllocator@E@allocator@dvacore@@@2@2@Z@@Z@$$QEAV?$Promise@_N@56@@Z@@UntypedFutureState@detail@async@dvacore@@QEAAX$$QEAV?$shared_ptr@VAsyncExecutor@threads@dvacore@@@std@@$$QEAV1?1???$MakeContinuation@V<lambda_1>@?1???$OnSuccessWithExecutor@V?$shared_ptr@VAsyncExecutor@threads@dvacore@@@std@@V<lambda_1>@?1??RunPreSegmentation@PreSegmentationObject@Scripting@DVACompute@@QEAA?AV?$shared_ptr@VNativePromise@dvascripting@@@2@AEBV?$IntrusivePtr@VScriptObject@dvascripting@@@RefCountedInterface@utility@dvacore@@AEBV?$basic_string@EU?$char_traits@E@std@@U?$STLAllocator@E@allocator@dvacore@@@2@1@Z@@?$Future@UPreSegmentationResult@DVACompute@@@async@dvacore@@QEBA?A_P$$QEAV?$shared_ptr@VAsyncExecutor@threads@dvacore@@@std@@$$QEAV1?1??RunPreSegmentation@PreSegmentationObject@Scripting@DVACompute@@QEAA?AV?$shared_ptr@VNativePromise@dvascripting@@@6@AEBV?$IntrusivePtr@VScriptObject@dvascripting@@@RefCountedInterface@utility@4@AEBV?$basic_string@EU?$char_traits@E@std@@U?$STLAllocator@E@allocator@dvacore@@@6@2@Z@@Z@V?$Promise@_N@34@@?$Future@UPreSegmentationResult@DVACompute@@@45@AEBA?A_P$$QEAV1?1???$OnSuccessWithExecutor@V?$shared_ptr@VAsyncExecutor@threads@dvacore@@@std@@V<lambda_1>@?1??RunPreSegmentation@PreSegmentationObject@Scripting@DVACompute@@QEAA?AV?$shared_ptr@VNativePromise@dvascripting@@@2@AEBV?$IntrusivePtr@VScriptObject@dvascripting@@@RefCountedInterface@utility@dvacore@@AEBV?$basic_string@EU?$char_traits@E@std@@U?$STLAllocator@E@allocator@dvacore@@@2@1@Z@@845@QEBA?A_P0$$QEAV1?1??RunPreSegmentation@PreSegmentationObject@Scripting@DVACompute@@QEAA?AV?$shared_ptr@VNativePromise@dvascripting@@@7@AEBV?$IntrusivePtr@VScriptObject@dvascripting@@@RefCountedInterface@utility@5@AEBV?$basic_string@EU?$char_traits@E@std@@U?$STLAllocator@E@allocator@dvacore@@@7@2@Z@@Z@$$QEAV?$Promise@_N@45@@Z@@Z@$$A6AXXZ@detail@dvacore@@
AeCompute.dll,156827248,0x958fe70,object|segment,.?AV?$_Func_impl_no_alloc@V<lambda_1>@?1???$CreateScriptObject@VPreSegmentationObject@Scripting@DVACompute@@@utils@dvascripting@@YA?AV?$IntrusivePtr@VPreSegmentationObject@Scripting@DVACompute@@@RefCountedInterface@utility@dvacore@@HV?$function@$$A6AXAEBV?$IntrusivePtr@VPreSegmentationObject@Scripting@DVACompute@@@RefCountedInterface@utility@dvacore@@@Z@std@@@Z@XAEBV?$IntrusivePtr@VScriptObject@dvascripting@@@567@@std@@
AeCompute.dll,156827696,0x9590030,object|segment,.?AV?$_Ref_count_obj_alloc3@V<lambda_1>@?1???$MakeContinuation@V<lambda_1>@?1???$OnSuccessWithExecutor@V?$shared_ptr@VAsyncExecutor@threads@dvacore@@@std@@V<lambda_1>@?1??RunPreSegmentation@PreSegmentationObject@Scripting@DVACompute@@QEAA?AV?$shared_ptr@VNativePromise@dvascripting@@@2@AEBV?$IntrusivePtr@VScriptObject@dvascripting@@@RefCountedInterface@utility@dvacore@@AEBV?$basic_string@EU?$char_traits@E@std@@U?$STLAllocator@E@allocator@dvacore@@@2@1@Z@@?$Future@UPreSegmentationResult@DVACompute@@@async@dvacore@@QEBA?A_P$$QEAV?$shared_ptr@VAsyncExecutor@threads@dvacore@@@std@@$$QEAV1?1??RunPreSegmentation@PreSegmentationObject@Scripting@DVACompute@@QEAA?AV?$shared_ptr@VNativePromise@dvascripting@@@6@AEBV?$IntrusivePtr@VScriptObject@dvascripting@@@RefCountedInterface@utility@4@AEBV?$basic_string@EU?$char_traits@E@std@@U?$STLAllocator@E@allocator@dvacore@@@6@2@Z@@Z@V?$Promise@_N@34@@?$Future@UPreSegmentationResult@DVACompute@@@async@dvacore@@AEBA?A_P$$QEAV1?1???$OnSuccessWithExecutor@V?$shared_ptr@VAsyncExecutor@threads@dvacore@@@std@@V<lambda_1>@?1??RunPreSegmentation@PreSegmentationObject@Scripting@DVACompute@@QEAA?AV?$shared_ptr@VNativePromise@dvascripting@@@2@AEBV?$IntrusivePtr@VScriptObject@dvascripting@@@RefCountedInterface@utility@dvacore@@AEBV?$basic_string@EU?$char_traits@E@std@@U?$STLAllocator@E@allocator@dvacore@@@2@1@Z@@234@QEBA?A_P$$QEAV?$shared_ptr@VAsyncExecutor@threads@dvacore@@@std@@$$QEAV1?1??RunPreSegmentation@PreSegmentationObject@Scripting@DVACompute@@QEAA?AV?$shared_ptr@VNativePromise@dvascripting@@@6@AEBV?$IntrusivePtr@VScriptObject@dvascripting@@@RefCountedInterface@utility@4@AEBV?$basic_string@EU?$char_traits@E@std@@U?$STLAllocator@E@allocator@dvacore@@@6@2@Z@@Z@$$QEAV?$Promise@_N@34@@Z@U?$STLAllocator@V<lambda_1>@?1???$MakeContinuation@V<lambda_1>@?1???$OnSuccessWithExecutor@V?$shared_ptr@VAsyncExecutor@threads@dvacore@@@std@@V<lambda_1>@?1??RunPreSegmentation@PreSegmentationObject@Scripting@DVACompute@@QEAA?AV?$shared_ptr@VNativePromise@dvascripting@@@2@AEBV?$IntrusivePtr@VScriptObject@dvascripting@@@RefCountedInterface@utility@dvacore@@AEBV?$basic_string@EU?$char_traits@E@std@@U?$STLAllocator@E@allocator@dvacore@@@2@1@Z@@?$Future@UPreSegmentationResult@DVACompute@@@async@dvacore@@QEBA?A_P$$QEAV?$shared_ptr@VAsyncExecutor@threads@dvacore@@@std@@$$QEAV1?1??RunPreSegmentation@PreSegmentationObject@Scripting@DVACompute@@QEAA?AV?$shared_ptr@VNativePromise@dvascripting@@@6@AEBV?$IntrusivePtr@VScriptObject@dvascripting@@@RefCountedInterface@utility@4@AEBV?$basic_string@EU?$char_traits@E@std@@U?$STLAllocator@E@allocator@dvacore@@@6@2@Z@@Z@V?$Promise@_N@34@@?$Future@UPreSegmentationResult@DVACompute@@@async@dvacore@@AEBA?A_P$$QEAV1?1???$OnSuccessWithExecutor@V?$shared_ptr@VAsyncExecutor@threads@dvacore@@@std@@V<lambda_1>@?1??RunPreSegmentation@PreSegmentationObject@Scripting@DVACompute@@QEAA?AV?$shared_ptr@VNativePromise@dvascripting@@@2@AEBV?$IntrusivePtr@VScriptObject@dvascripting@@@RefCountedInterface@utility@dvacore@@AEBV?$basic_string@EU?$char_traits@E@std@@U?$STLAllocator@E@allocator@dvacore@@@2@1@Z@@234@QEBA?A_P$$QEAV?$shared_ptr@VAsyncExecutor@threads@dvacore@@@std@@$$QEAV1?1??RunPreSegmentation@PreSegmentationObject@Scripting@DVACompute@@QEAA?AV?$shared_ptr@VNativePromise@dvascripting@@@6@AEBV?$IntrusivePtr@VScriptObject@dvascripting@@@RefCountedInterface@utility@4@AEBV?$basic_string@EU?$char_traits@E@std@@U?$STLAllocator@E@allocator@dvacore@@@6@2@Z@@Z@$$QEAV?$Promise@_N@34@@Z@@allocator@4@@std@@
AeCompute.dll,156831200,0x9590de0,object|segment,.?AV?$_Ebco_base@U?$STLAllocator@V<lambda_1>@?1???$MakeContinuation@V<lambda_1>@?1???$OnSuccessWithExecutor@V?$shared_ptr@VAsyncExecutor@threads@dvacore@@@std@@V<lambda_1>@?1??RunPreSegmentation@PreSegmentationObject@Scripting@DVACompute@@QEAA?AV?$shared_ptr@VNativePromise@dvascripting@@@2@AEBV?$IntrusivePtr@VScriptObject@dvascripting@@@RefCountedInterface@utility@dvacore@@AEBV?$basic_string@EU?$char_traits@E@std@@U?$STLAllocator@E@allocator@dvacore@@@2@1@Z@@?$Future@UPreSegmentationResult@DVACompute@@@async@dvacore@@QEBA?A_P$$QEAV?$shared_ptr@VAsyncExecutor@threads@dvacore@@@std@@$$QEAV1?1??RunPreSegmentation@PreSegmentationObject@Scripting@DVACompute@@QEAA?AV?$shared_ptr@VNativePromise@dvascripting@@@6@AEBV?$IntrusivePtr@VScriptObject@dvascripting@@@RefCountedInterface@utility@4@AEBV?$basic_string@EU?$char_traits@E@std@@U?$STLAllocator@E@allocator@dvacore@@@6@2@Z@@Z@V?$Promise@_N@34@@?$Future@UPreSegmentationResult@DVACompute@@@async@dvacore@@AEBA?A_P$$QEAV1?1???$OnSuccessWithExecutor@V?$shared_ptr@VAsyncExecutor@threads@dvacore@@@std@@V<lambda_1>@?1??RunPreSegmentation@PreSegmentationObject@Scripting@DVACompute@@QEAA?AV?$shared_ptr@VNativePromise@dvascripting@@@2@AEBV?$IntrusivePtr@VScriptObject@dvascripting@@@RefCountedInterface@utility@dvacore@@AEBV?$basic_string@EU?$char_traits@E@std@@U?$STLAllocator@E@allocator@dvacore@@@2@1@Z@@234@QEBA?A_P$$QEAV?$shared_ptr@VAsyncExecutor@threads@dvacore@@@std@@$$QEAV1?1??RunPreSegmentation@PreSegmentationObject@Scripting@DVACompute@@QEAA?AV?$shared_ptr@VNativePromise@dvascripting@@@6@AEBV?$IntrusivePtr@VScriptObject@dvascripting@@@RefCountedInterface@utility@4@AEBV?$basic_string@EU?$char_traits@E@std@@U?$STLAllocator@E@allocator@dvacore@@@6@2@Z@@Z@$$QEAV?$Promise@_N@34@@Z@@allocator@dvacore@@$00@std@@
AeCompute.dll,156832992,0x95914e0,object|segment,.?AU?$STLAllocator@V<lambda_1>@?1???$MakeContinuation@V<lambda_1>@?1???$OnSuccessWithExecutor@V?$shared_ptr@VAsyncExecutor@threads@dvacore@@@std@@V<lambda_1>@?1??RunPreSegmentation@PreSegmentationObject@Scripting@DVACompute@@QEAA?AV?$shared_ptr@VNativePromise@dvascripting@@@2@AEBV?$IntrusivePtr@VScriptObject@dvascripting@@@RefCountedInterface@utility@dvacore@@AEBV?$basic_string@EU?$char_traits@E@std@@U?$STLAllocator@E@allocator@dvacore@@@2@1@Z@@?$Future@UPreSegmentationResult@DVACompute@@@async@dvacore@@QEBA?A_P$$QEAV?$shared_ptr@VAsyncExecutor@threads@dvacore@@@std@@$$QEAV1?1??RunPreSegmentation@PreSegmentationObject@Scripting@DVACompute@@QEAA?AV?$shared_ptr@VNativePromise@dvascripting@@@6@AEBV?$IntrusivePtr@VScriptObject@dvascripting@@@RefCountedInterface@utility@4@AEBV?$basic_string@EU?$char_traits@E@std@@U?$STLAllocator@E@allocator@dvacore@@@6@2@Z@@Z@V?$Promise@_N@34@@?$Future@UPreSegmentationResult@DVACompute@@@async@dvacore@@AEBA?A_P$$QEAV1?1???$OnSuccessWithExecutor@V?$shared_ptr@VAsyncExecutor@threads@dvacore@@@std@@V<lambda_1>@?1??RunPreSegmentation@PreSegmentationObject@Scripting@DVACompute@@QEAA?AV?$shared_ptr@VNativePromise@dvascripting@@@2@AEBV?$IntrusivePtr@VScriptObject@dvascripting@@@RefCountedInterface@utility@dvacore@@AEBV?$basic_string@EU?$char_traits@E@std@@U?$STLAllocator@E@allocator@dvacore@@@2@1@Z@@234@QEBA?A_P$$QEAV?$shared_ptr@VAsyncExecutor@threads@dvacore@@@std@@$$QEAV1?1??RunPreSegmentation@PreSegmentationObject@Scripting@DVACompute@@QEAA?AV?$shared_ptr@VNativePromise@dvascripting@@@6@AEBV?$IntrusivePtr@VScriptObject@dvascripting@@@RefCountedInterface@utility@4@AEBV?$basic_string@EU?$char_traits@E@std@@U?$STLAllocator@E@allocator@dvacore@@@6@2@Z@@Z@$$QEAV?$Promise@_N@34@@Z@@allocator@dvacore@@
AeCompute.dll,156834768,0x9591bd0,object|segment,.?AV?$_Func_impl_no_alloc@V<lambda_1>@?6???$CallContinuationAsync@V?$shared_ptr@VAsyncExecutor@threads@dvacore@@@std@@V<lambda_1>@?1???$MakeContinuation@V<lambda_1>@?1???$OnSuccessWithExecutor@V?$shared_ptr@VAsyncExecutor@threads@dvacore@@@std@@V<lambda_1>@?1??RunPreSegmentation@PreSegmentationObject@Scripting@DVACompute@@QEAA?AV?$shared_ptr@VNativePromise@dvascripting@@@2@AEBV?$IntrusivePtr@VScriptObject@dvascripting@@@RefCountedInterface@utility@dvacore@@AEBV?$basic_string@EU?$char_traits@E@std@@U?$STLAllocator@E@allocator@dvacore@@@2@1@Z@@?$Future@UPreSegmentationResult@DVACompute@@@async@dvacore@@QEBA?A_P$$QEAV?$shared_ptr@VAsyncExecutor@threads@dvacore@@@std@@$$QEAV1?1??RunPreSegmentation@PreSegmentationObject@Scripting@DVACompute@@QEAA?AV?$shared_ptr@VNativePromise@dvascripting@@@6@AEBV?$IntrusivePtr@VScriptObject@dvascripting@@@RefCountedInterface@utility@4@AEBV?$basic_string@EU?$char_traits@E@std@@U?$STLAllocator@E@allocator@dvacore@@@6@2@Z@@Z@V?$Promise@_N@34@@?$Future@UPreSegmentationResult@DVACompute@@@async@dvacore@@AEBA?A_P$$QEAV3?1???$OnSuccessWithExecutor@V?$shared_ptr@VAsyncExecutor@threads@dvacore@@@std@@V<lambda_1>@?1??RunPreSegmentation@PreSegmentationObject@Scripting@DVACompute@@QEAA?AV?$shared_ptr@VNativePromise@dvascripting@@@2@AEBV?$IntrusivePtr@VScriptObject@dvascripting@@@RefCountedInterface@utility@dvacore@@AEBV?$basic_string@EU?$char_traits@E@std@@U?$STLAllocator@E@allocator@dvacore@@@2@1@Z@@456@QEBA?A_P$$QEAV12@$$QEAV3?1??RunPreSegmentation@PreSegmentationObject@Scripting@DVACompute@@QEAA?AV?$shared_ptr@VNativePromise@dvascripting@@@2@AEBV?$IntrusivePtr@VScriptObject@dvascripting@@@RefCountedInterface@utility@6@AEBV?$basic_string@EU?$char_traits@E@std@@U?$STLAllocator@E@allocator@dvacore@@@2@2@Z@@Z@$$QEAV?$Promise@_N@56@@Z@@detail@async@dvacore@@YAX$$QEAV?$shared_ptr@VAsyncExecutor@threads@dvacore@@@std@@$$QEAV1?1???$MakeContinuation@V<lambda_1>@?1???$OnSuccessWithExecutor@V?$shared_ptr@VAsyncExecutor@threads@dvacore@@@std@@V<lambda_1>@?1??RunPreSegmentation@PreSegmentationObject@Scripting@DVACompute@@QEAA?AV?$shared_ptr@VNativePromise@dvascripting@@@2@AEBV?$IntrusivePtr@VScriptObject@dvascripting@@@RefCountedInterface@utility@dvacore@@AEBV?$basic_string@EU?$char_traits@E@std@@U?$STLAllocator@E@allocator@dvacore@@@2@1@Z@@?$Future@UPreSegmentationResult@DVACompute@@@async@dvacore@@QEBA?A_P$$QEAV?$shared_ptr@VAsyncExecutor@threads@dvacore@@@std@@$$QEAV1?1??RunPreSegmentation@PreSegmentationObject@Scripting@DVACompute@@QEAA?AV?$shared_ptr@VNativePromise@dvascripting@@@6@AEBV?$IntrusivePtr@VScriptObject@dvascripting@@@RefCountedInterface@utility@4@AEBV?$basic_string@EU?$char_traits@E@std@@U?$STLAllocator@E@allocator@dvacore@@@6@2@Z@@Z@V?$Promise@_N@34@@?$Future@UPreSegmentationResult@DVACompute@@@34@AEBA?A_P$$QEAV1?1???$OnSuccessWithExecutor@V?$shared_ptr@VAsyncExecutor@threads@dvacore@@@std@@V<lambda_1>@?1??RunPreSegmentation@PreSegmentationObject@Scripting@DVACompute@@QEAA?AV?$shared_ptr@VNativePromise@dvascripting@@@2@AEBV?$IntrusivePtr@VScriptObject@dvascripting@@@RefCountedInterface@utility@dvacore@@AEBV?$basic_string@EU?$char_traits@E@std@@U?$STLAllocator@E@allocator@dvacore@@@2@1@Z@@734@QEBA?A_P0$$QEAV1?1??RunPreSegmentation@PreSegmentationObject@Scripting@DVACompute@@QEAA?AV?$shared_ptr@VNativePromise@dvascripting@@@6@AEBV?$IntrusivePtr@VScriptObject@dvascripting@@@RefCountedInterface@utility@4@AEBV?$basic_string@EU?$char_traits@E@std@@U?$STLAllocator@E@allocator@dvacore@@@6@2@Z@@Z@$$QEAV?$Promise@_N@34@@Z@V?$shared_ptr@VUntypedFutureState@detail@async@dvacore@@@6@@Z@X$$V@std@@
AeCompute.dll,156838416,0x9592a10,object|segment,.?AV?$_Ebco_base@U?$STLAllocator@V?$InvocationImplementation@V<lambda_1>@?1???$AddContinuationWithExecutor@V?$shared_ptr@VAsyncExecutor@threads@dvacore@@@std@@V<lambda_1>@?1???$MakeContinuation@V<lambda_1>@?1???$OnSuccessWithExecutor@V?$shared_ptr@VAsyncExecutor@threads@dvacore@@@std@@V<lambda_1>@?1??RunPreSegmentation@PreSegmentationObject@Scripting@DVACompute@@QEAA?AV?$shared_ptr@VNativePromise@dvascripting@@@2@AEBV?$IntrusivePtr@VScriptObject@dvascripting@@@RefCountedInterface@utility@dvacore@@AEBV?$basic_string@EU?$char_traits@E@std@@U?$STLAllocator@E@allocator@dvacore@@@2@1@Z@@?$Future@UPreSegmentationResult@DVACompute@@@async@dvacore@@QEBA?A_P$$QEAV?$shared_ptr@VAsyncExecutor@threads@dvacore@@@std@@$$QEAV1?1??RunPreSegmentation@PreSegmentationObject@Scripting@DVACompute@@QEAA?AV?$shared_ptr@VNativePromise@dvascripting@@@6@AEBV?$IntrusivePtr@VScriptObject@dvascripting@@@RefCountedInterface@utility@4@AEBV?$basic_string@EU?$char_traits@E@std@@U?$STLAllocator@E@allocator@dvacore@@@6@2@Z@@Z@V?$Promise@_N@34@@?$Future@UPreSegmentationResult@DVACompute@@@async@dvacore@@AEBA?A_P$$QEAV3?1???$OnSuccessWithExecutor@V?$shared_ptr@VAsyncExecutor@threads@dvacore@@@std@@V<lambda_1>@?1??RunPreSegmentation@PreSegmentationObject@Scripting@DVACompute@@QEAA?AV?$shared_ptr@VNativePromise@dvascripting@@@2@AEBV?$IntrusivePtr@VScriptObject@dvascripting@@@RefCountedInterface@utility@dvacore@@AEBV?$basic_string@EU?$char_traits@E@std@@U?$STLAllocator@E@allocator@dvacore@@@2@1@Z@@456@QEBA?A_P$$QEAV12@$$QEAV3?1??RunPreSegmentation@PreSegmentationObject@Scripting@DVACompute@@QEAA?AV?$shared_ptr@VNativePromise@dvascripting@@@2@AEBV?$IntrusivePtr@VScriptObject@dvascripting@@@RefCountedInterface@utility@6@AEBV?$basic_string@EU?$char_traits@E@std@@U?$STLAllocator@E@allocator@dvacore@@@2@2@Z@@Z@$$QEAV?$Promise@_N@56@@Z@@UntypedFutureState@detail@async@dvacore@@QEAAX$$QEAV?$shared_ptr@VAsyncExecutor@threads@dvacore@@@std@@$$QEAV1?1???$MakeContinuation@V<lambda_1>@?1???$OnSuccessWithExecutor@V?$shared_ptr@VAsyncExecutor@threads@dvacore@@@std@@V<lambda_1>@?1??RunPreSegmentation@PreSegmentationObject@Scripting@DVACompute@@QEAA?AV?$shared_ptr@VNativePromise@dvascripting@@@2@AEBV?$IntrusivePtr@VScriptObject@dvascripting@@@RefCountedInterface@utility@dvacore@@AEBV?$basic_string@EU?$char_traits@E@std@@U?$STLAllocator@E@allocator@dvacore@@@2@1@Z@@?$Future@UPreSegmentationResult@DVACompute@@@async@dvacore@@QEBA?A_P$$QEAV?$shared_ptr@VAsyncExecutor@threads@dvacore@@@std@@$$QEAV1?1??RunPreSegmentation@PreSegmentationObject@Scripting@DVACompute@@QEAA?AV?$shared_ptr@VNativePromise@dvascripting@@@6@AEBV?$IntrusivePtr@VScriptObject@dvascripting@@@RefCountedInterface@utility@4@AEBV?$basic_string@EU?$char_traits@E@std@@U?$STLAllocator@E@allocator@dvacore@@@6@2@Z@@Z@V?$Promise@_N@34@@?$Future@UPreSegmentationResult@DVACompute@@@45@AEBA?A_P$$QEAV1?1???$OnSuccessWithExecutor@V?$shared_ptr@VAsyncExecutor@threads@dvacore@@@std@@V<lambda_1>@?1??RunPreSegmentation@PreSegmentationObject@Scripting@DVACompute@@QEAA?AV?$shared_ptr@VNativePromise@dvascripting@@@2@AEBV?$IntrusivePtr@VScriptObject@dvascripting@@@RefCountedInterface@utility@dvacore@@AEBV?$basic_string@EU?$char_traits@E@std@@U?$STLAllocator@E@allocator@dvacore@@@2@1@Z@@845@QEBA?A_P0$$QEAV1?1??RunPreSegmentation@PreSegmentationObject@Scripting@DVACompute@@QEAA?AV?$shared_ptr@VNativePromise@dvascripting@@@7@AEBV?$IntrusivePtr@VScriptObject@dvascripting@@@RefCountedInterface@utility@5@AEBV?$basic_string@EU?$char_traits@E@std@@U?$STLAllocator@E@allocator@dvacore@@@7@2@Z@@Z@$$QEAV?$Promise@_N@45@@Z@@Z@$$A6AXXZ@detail@dvacore@@@allocator@dvacore@@$00@std@@
AeCompute.dll,156842064,0x9593850,object|segment,.?AU?$STLAllocator@V?$InvocationImplementation@V<lambda_1>@?1???$AddContinuationWithExecutor@V?$shared_ptr@VAsyncExecutor@threads@dvacore@@@std@@V<lambda_1>@?1???$MakeContinuation@V<lambda_1>@?1???$OnSuccessWithExecutor@V?$shared_ptr@VAsyncExecutor@threads@dvacore@@@std@@V<lambda_1>@?1??RunPreSegmentation@PreSegmentationObject@Scripting@DVACompute@@QEAA?AV?$shared_ptr@VNativePromise@dvascripting@@@2@AEBV?$IntrusivePtr@VScriptObject@dvascripting@@@RefCountedInterface@utility@dvacore@@AEBV?$basic_string@EU?$char_traits@E@std@@U?$STLAllocator@E@allocator@dvacore@@@2@1@Z@@?$Future@UPreSegmentationResult@DVACompute@@@async@dvacore@@QEBA?A_P$$QEAV?$shared_ptr@VAsyncExecutor@threads@dvacore@@@std@@$$QEAV1?1??RunPreSegmentation@PreSegmentationObject@Scripting@DVACompute@@QEAA?AV?$shared_ptr@VNativePromise@dvascripting@@@6@AEBV?$IntrusivePtr@VScriptObject@dvascripting@@@RefCountedInterface@utility@4@AEBV?$basic_string@EU?$char_traits@E@std@@U?$STLAllocator@E@allocator@dvacore@@@6@2@Z@@Z@V?$Promise@_N@34@@?$Future@UPreSegmentationResult@DVACompute@@@async@dvacore@@AEBA?A_P$$QEAV3?1???$OnSuccessWithExecutor@V?$shared_ptr@VAsyncExecutor@threads@dvacore@@@std@@V<lambda_1>@?1??RunPreSegmentation@PreSegmentationObject@Scripting@DVACompute@@QEAA?AV?$shared_ptr@VNativePromise@dvascripting@@@2@AEBV?$IntrusivePtr@VScriptObject@dvascripting@@@RefCountedInterface@utility@dvacore@@AEBV?$basic_string@EU?$char_traits@E@std@@U?$STLAllocator@E@allocator@dvacore@@@2@1@Z@@456@QEBA?A_P$$QEAV12@$$QEAV3?1??RunPreSegmentation@PreSegmentationObject@Scripting@DVACompute@@QEAA?AV?$shared_ptr@VNativePromise@dvascripting@@@2@AEBV?$IntrusivePtr@VScriptObject@dvascripting@@@RefCountedInterface@utility@6@AEBV?$basic_string@EU?$char_traits@E@std@@U?$STLAllocator@E@allocator@dvacore@@@2@2@Z@@Z@$$QEAV?$Promise@_N@56@@Z@@UntypedFutureState@detail@async@dvacore@@QEAAX$$QEAV?$shared_ptr@VAsyncExecutor@threads@dvacore@@@std@@$$QEAV1?1???$MakeContinuation@V<lambda_1>@?1???$OnSuccessWithExecutor@V?$shared_ptr@VAsyncExecutor@threads@dvacore@@@std@@V<lambda_1>@?1??RunPreSegmentation@PreSegmentationObject@Scripting@DVACompute@@QEAA?AV?$shared_ptr@VNativePromise@dvascripting@@@2@AEBV?$IntrusivePtr@VScriptObject@dvascripting@@@RefCountedInterface@utility@dvacore@@AEBV?$basic_string@EU?$char_traits@E@std@@U?$STLAllocator@E@allocator@dvacore@@@2@1@Z@@?$Future@UPreSegmentationResult@DVACompute@@@async@dvacore@@QEBA?A_P$$QEAV?$shared_ptr@VAsyncExecutor@threads@dvacore@@@std@@$$QEAV1?1??RunPreSegmentation@PreSegmentationObject@Scripting@DVACompute@@QEAA?AV?$shared_ptr@VNativePromise@dvascripting@@@6@AEBV?$IntrusivePtr@VScriptObject@dvascripting@@@RefCountedInterface@utility@4@AEBV?$basic_string@EU?$char_traits@E@std@@U?$STLAllocator@E@allocator@dvacore@@@6@2@Z@@Z@V?$Promise@_N@34@@?$Future@UPreSegmentationResult@DVACompute@@@45@AEBA?A_P$$QEAV1?1???$OnSuccessWithExecutor@V?$shared_ptr@VAsyncExecutor@threads@dvacore@@@std@@V<lambda_1>@?1??RunPreSegmentation@PreSegmentationObject@Scripting@DVACompute@@QEAA?AV?$shared_ptr@VNativePromise@dvascripting@@@2@AEBV?$IntrusivePtr@VScriptObject@dvascripting@@@RefCountedInterface@utility@dvacore@@AEBV?$basic_string@EU?$char_traits@E@std@@U?$STLAllocator@E@allocator@dvacore@@@2@1@Z@@845@QEBA?A_P0$$QEAV1?1??RunPreSegmentation@PreSegmentationObject@Scripting@DVACompute@@QEAA?AV?$shared_ptr@VNativePromise@dvascripting@@@7@AEBV?$IntrusivePtr@VScriptObject@dvascripting@@@RefCountedInterface@utility@5@AEBV?$basic_string@EU?$char_traits@E@std@@U?$STLAllocator@E@allocator@dvacore@@@7@2@Z@@Z@$$QEAV?$Promise@_N@45@@Z@@Z@$$A6AXXZ@detail@dvacore@@@allocator@dvacore@@
AeCompute.dll,156845776,0x95946d0,segment,.?AV?$_Ref_count_resource_alloc@PEAVPreSegmentationWrapper@DVACompute@@V<lambda_1>@?6???$Allocate@VPreSegmentationWrapper@DVACompute@@@?$AllocateClassInstanceHelper@VPreSegmentationWrapper@DVACompute@@@detail@classref@dvacore@@SA?AV?$shared_ptr@VPreSegmentationWrapper@DVACompute@@@std@@XZ@U?$STLAllocator@VPreSegmentationWrapper@DVACompute@@@allocator@7@@std@@
AeCompute.dll,156846160,0x9594850,segment,.?AV?$FutureState@UPreSegmentationResult@DVACompute@@@detail@async@dvacore@@
AeCompute.dll,156846560,0x95949e0,segment,.?AU?$shared@V<lambda_1>@?9???$package@$$A6A?AU?$pair@V?$shared_ptr@V?$Image_@E@solax@@@std@@V?$vector@V?$Rect@_J@solax@@V?$allocator@V?$Rect@_J@solax@@@std@@@2@@std@@XZV?$function@$$A6AXV?$task_@$00X$$V@v3@stlab@@@Z@2@V<lambda_1>@?1???$recover@V?$function@$$A6AXV?$task_@$00X$$V@v3@stlab@@@Z@std@@V<lambda_1>@?1???$then@V<lambda_1>@?5??RunPreSegmentation@PreSegmentationWrapper@DVACompute@@UEAA?AV?$Future@UPreSegmentationResult@DVACompute@@@async@dvacore@@AEBV?$InterfaceRef@UIVideoFrame@MF@@@classref@7@@Z@@?$future@U?$pair@V?$vector@V?$shared_ptr@V?$Image_@E@solax@@@std@@V?$allocator@V?$shared_ptr@V?$Image_@E@solax@@@std@@@2@@std@@V?$vector@V?$Rect@_J@solax@@V?$allocator@V?$Rect@_J@solax@@@std@@@2@@std@@X@v3@stlab@@QEHAA?A_P$$QEAV3?5??RunPreSegmentation@PreSegmentationWrapper@DVACompute@@UEAA?AV?$Future@UPreSegmentationResult@DVACompute@@@async@dvacore@@AEBV?$InterfaceRef@UIVideoFrame@MF@@@classref@dvacore@@@Z@@Z@@?$shared_base@U?$pair@V?$vector@V?$shared_ptr@V?$Image_@E@solax@@@std@@V?$allocator@V?$shared_ptr@V?$Image_@E@solax@@@std@@@2@@std@@V?$vector@V?$Rect@_J@solax@@V?$allocator@V?$Rect@_J@solax@@@std@@@2@@std@@X@detail@v3@stlab@@QEAA?A_P$$QEAV?$future@U?$pair@V?$vector@V?$shared_ptr@V?$Image_@E@solax@@@std@@V?$allocator@V?$shared_ptr@V?$Image_@E@solax@@@std@@@2@@std@@V?$vector@V?$Rect@_J@solax@@V?$allocator@V?$Rect@_J@solax@@@std@@@2@@std@@X@78@V32@$$QEAV4?1???$then@V<lambda_1>@?5??RunPreSegmentation@PreSegmentationWrapper@DVACompute@@UEAA?AV?$Future@UPreSegmentationResult@DVACompute@@@async@dvacore@@AEBV?$InterfaceRef@UIVideoFrame@MF@@@classref@7@@Z@@978@QEHAA?A_P$$QEAV4?5??RunPreSegmentation@PreSegmentationWrapper@DVACompute@@UEAA?AV?$Future@UPreSegmentationResult@DVACompute@@@async@dvacore@@AEBV?$InterfaceRef@UIVideoFrame@MF@@@classref@dvacore@@@Z@@Z@@Z@@v3@stlab@@YA?AU?$pair@V?$packaged_task@$$V@v3@stlab@@V?$future@U?$pair@V?$shared_ptr@V?$Image_@E@solax@@@std@@V?$vector@V?$Rect@_J@solax@@V?$allocator@V?$Rect@_J@solax@@@std@@@2@@std@@X@23@@std@@V?$function@$$A6AXV?$task_@$00X$$V@v3@stlab@@@Z@5@$$QEAV1?1???$recover@V?$function@$$A6AXV?$task_@$00X$$V@v3@stlab@@@Z@std@@V<lambda_1>@?1???$then@V<lambda_1>@?5??RunPreSegmentation@PreSegmentationWrapper@DVACompute@@UEAA?AV?$Future@UPreSegmentationResult@DVACompute@@@async@dvacore@@AEBV?$InterfaceRef@UIVideoFrame@MF@@@classref@7@@Z@@?$future@U?$pair@V?$vector@V?$shared_ptr@V?$Image_@E@solax@@@std@@V?$allocator@V?$shared_ptr@V?$Image_@E@solax@@@std@@@2@@std@@V?$vector@V?$Rect@_J@solax@@V?$allocator@V?$Rect@_J@solax@@@std@@@2@@std@@X@v3@stlab@@QEHAA?A_P$$QEAV3?5??RunPreSegmentation@PreSegmentationWrapper@DVACompute@@UEAA?AV?$Future@UPreSegmentationResult@DVACompute@@@async@dvacore@@AEBV?$InterfaceRef@UIVideoFrame@MF@@@classref@dvacore@@@Z@@Z@@?$shared_base@U?$pair@V?$vector@V?$shared_ptr@V?$Image_@E@solax@@@std@@V?$allocator@V?$shared_ptr@V?$Image_@E@solax@@@std@@@2@@std@@V?$vector@V?$Rect@_J@solax@@V?$allocator@V?$Rect@_J@solax@@@std@@@2@@std@@X@detail@23@QEAA?A_P$$QEAV?$future@U?$pair@V?$vector@V?$shared_ptr@V?$Image_@E@solax@@@std@@V?$allocator@V?$shared_ptr@V?$Image_@E@solax@@@std@@@2@@std@@V?$vector@V?$Rect@_J@solax@@V?$allocator@V?$Rect@_J@solax@@@std@@@2@@std@@X@23@0$$QEAV1?1???$then@V<lambda_1>@?5??RunPreSegmentation@PreSegmentationWrapper@DVACompute@@UEAA?AV?$Future@UPreSegmentationResult@DVACompute@@@async@dvacore@@AEBV?$InterfaceRef@UIVideoFrame@MF@@@classref@7@@Z@@923@QEHAA?A_P$$QEAV1?5??RunPreSegmentation@PreSegmentationWrapper@DVACompute@@UEAA?AV?$Future@UPreSegmentationResult@DVACompute@@@async@dvacore@@AEBV?$InterfaceRef@UIVideoFrame@MF@@@classref@dvacore@@@Z@@Z@@Z@@Z@$$A6A?AU?$pair@V?$shared_ptr@V?$Image_@E@solax@@@std@@V?$vector@V?$Rect@_J@solax@@V?$allocator@V?$Rect@_J@solax@@@std@@@2@@5@XZ@detail@v3@stlab@@
AeCompute.dll,156851056,0x9595b70,segment,.?AV?$_Ref_count_obj_alloc3@V?$FutureState@UPreSegmentationResult@DVACompute@@@detail@async@dvacore@@U?$STLAllocator@V?$FutureState@UPreSegmentationResult@DVACompute@@@detail@async@dvacore@@@allocator@4@@std@@
AeCompute.dll,156851296,0x9595c60,segment,.?AV?$_Ebco_base@U?$STLAllocator@V?$FutureState@UPreSegmentationResult@DVACompute@@@detail@async@dvacore@@@allocator@dvacore@@$00@std@@
AeCompute.dll,156851456,0x9595d00,segment,.?AU?$STLAllocator@V?$FutureState@UPreSegmentationResult@DVACompute@@@detail@async@dvacore@@@allocator@dvacore@@
AeCompute.dll,156851600,0x9595d90,segment|inference|model,.?AV?$_Func_impl_no_alloc@V<lambda_1>@?1??RegisterModelFactories@PreSegmentationWrapper@DVACompute@@UEAAXXZ@V?$future@V?$shared_ptr@VLocalModelBase@inference@solax@@@std@@X@v3@stlab@@$$V@std@@
AeCompute.dll,156851824,0x9595e70,segment|inference|model,.?AV?$_Func_impl_no_alloc@V<lambda_2>@?1??RegisterModelFactories@PreSegmentationWrapper@DVACompute@@UEAAXXZ@V?$future@V?$shared_ptr@VLocalModelBase@inference@solax@@@std@@X@v3@stlab@@$$V@std@@
AeCompute.dll,156852048,0x9595f50,segment|inference|model,.?AV?$_Func_impl_no_alloc@V<lambda_3>@?1??RegisterModelFactories@PreSegmentationWrapper@DVACompute@@UEAAXXZ@V?$future@V?$shared_ptr@VLocalModelBase@inference@solax@@@std@@X@v3@stlab@@$$V@std@@
AeCompute.dll,156857936,0x9597650,segment,.?AV?$_Ref_count_obj2@U?$shared@V<lambda_1>@?9???$package@$$A6A?AU?$pair@V?$shared_ptr@V?$Image_@E@solax@@@std@@V?$vector@V?$Rect@_J@solax@@V?$allocator@V?$Rect@_J@solax@@@std@@@2@@std@@XZV?$function@$$A6AXV?$task_@$00X$$V@v3@stlab@@@Z@2@V<lambda_1>@?1???$recover@V?$function@$$A6AXV?$task_@$00X$$V@v3@stlab@@@Z@std@@V<lambda_1>@?1???$then@V<lambda_1>@?5??RunPreSegmentation@PreSegmentationWrapper@DVACompute@@UEAA?AV?$Future@UPreSegmentationResult@DVACompute@@@async@dvacore@@AEBV?$InterfaceRef@UIVideoFrame@MF@@@classref@7@@Z@@?$future@U?$pair@V?$vector@V?$shared_ptr@V?$Image_@E@solax@@@std@@V?$allocator@V?$shared_ptr@V?$Image_@E@solax@@@std@@@2@@std@@V?$vector@V?$Rect@_J@solax@@V?$allocator@V?$Rect@_J@solax@@@std@@@2@@std@@X@v3@stlab@@QEHAA?A_P$$QEAV3?5??RunPreSegmentation@PreSegmentationWrapper@DVACompute@@UEAA?AV?$Future@UPreSegmentationResult@DVACompute@@@async@dvacore@@AEBV?$InterfaceRef@UIVideoFrame@MF@@@classref@dvacore@@@Z@@Z@@?$shared_base@U?$pair@V?$vector@V?$shared_ptr@V?$Image_@E@solax@@@std@@V?$allocator@V?$shared_ptr@V?$Image_@E@solax@@@std@@@2@@std@@V?$vector@V?$Rect@_J@solax@@V?$allocator@V?$Rect@_J@solax@@@std@@@2@@std@@X@detail@v3@stlab@@QEAA?A_P$$QEAV?$future@U?$pair@V?$vector@V?$shared_ptr@V?$Image_@E@solax@@@std@@V?$allocator@V?$shared_ptr@V?$Image_@E@solax@@@std@@@2@@std@@V?$vector@V?$Rect@_J@solax@@V?$allocator@V?$Rect@_J@solax@@@std@@@2@@std@@X@78@V32@$$QEAV4?1???$then@V<lambda_1>@?5??RunPreSegmentation@PreSegmentationWrapper@DVACompute@@UEAA?AV?$Future@UPreSegmentationResult@DVACompute@@@async@dvacore@@AEBV?$InterfaceRef@UIVideoFrame@MF@@@classref@7@@Z@@978@QEHAA?A_P$$QEAV4?5??RunPreSegmentation@PreSegmentationWrapper@DVACompute@@UEAA?AV?$Future@UPreSegmentationResult@DVACompute@@@async@dvacore@@AEBV?$InterfaceRef@UIVideoFrame@MF@@@classref@dvacore@@@Z@@Z@@Z@@v3@stlab@@YA?AU?$pair@V?$packaged_task@$$V@v3@stlab@@V?$future@U?$pair@V?$shared_ptr@V?$Image_@E@solax@@@std@@V?$vector@V?$Rect@_J@solax@@V?$allocator@V?$Rect@_J@solax@@@std@@@2@@std@@X@23@@std@@V?$function@$$A6AXV?$task_@$00X$$V@v3@stlab@@@Z@5@$$QEAV1?1???$recover@V?$function@$$A6AXV?$task_@$00X$$V@v3@stlab@@@Z@std@@V<lambda_1>@?1???$then@V<lambda_1>@?5??RunPreSegmentation@PreSegmentationWrapper@DVACompute@@UEAA?AV?$Future@UPreSegmentationResult@DVACompute@@@async@dvacore@@AEBV?$InterfaceRef@UIVideoFrame@MF@@@classref@7@@Z@@?$future@U?$pair@V?$vector@V?$shared_ptr@V?$Image_@E@solax@@@std@@V?$allocator@V?$shared_ptr@V?$Image_@E@solax@@@std@@@2@@std@@V?$vector@V?$Rect@_J@solax@@V?$allocator@V?$Rect@_J@solax@@@std@@@2@@std@@X@v3@stlab@@QEHAA?A_P$$QEAV3?5??RunPreSegmentation@PreSegmentationWrapper@DVACompute@@UEAA?AV?$Future@UPreSegmentationResult@DVACompute@@@async@dvacore@@AEBV?$InterfaceRef@UIVideoFrame@MF@@@classref@dvacore@@@Z@@Z@@?$shared_base@U?$pair@V?$vector@V?$shared_ptr@V?$Image_@E@solax@@@std@@V?$allocator@V?$shared_ptr@V?$Image_@E@solax@@@std@@@2@@std@@V?$vector@V?$Rect@_J@solax@@V?$allocator@V?$Rect@_J@solax@@@std@@@2@@std@@X@detail@23@QEAA?A_P$$QEAV?$future@U?$pair@V?$vector@V?$shared_ptr@V?$Image_@E@solax@@@std@@V?$allocator@V?$shared_ptr@V?$Image_@E@solax@@@std@@@2@@std@@V?$vector@V?$Rect@_J@solax@@V?$allocator@V?$Rect@_J@solax@@@std@@@2@@std@@X@23@0$$QEAV1?1???$then@V<lambda_1>@?5??RunPreSegmentation@PreSegmentationWrapper@DVACompute@@UEAA?AV?$Future@UPreSegmentationResult@DVACompute@@@async@dvacore@@AEBV?$InterfaceRef@UIVideoFrame@MF@@@classref@7@@Z@@923@QEHAA?A_P$$QEAV1?5??RunPreSegmentation@PreSegmentationWrapper@DVACompute@@UEAA?AV?$Future@UPreSegmentationResult@DVACompute@@@async@dvacore@@AEBV?$InterfaceRef@UIVideoFrame@MF@@@classref@dvacore@@@Z@@Z@@Z@@Z@$$A6A?AU?$pair@V?$shared_ptr@V?$Image_@E@solax@@@std@@V?$vector@V?$Rect@_J@solax@@V?$allocator@V?$Rect@_J@solax@@@std@@@2@@5@XZ@detail@v3@stlab@@@std@@
AeCompute.dll,156863104,0x9598a80,segment,.?AV?$InvocationImplementation@V<lambda_1>@?1???$AddContinuationWithExecutor@V?$shared_ptr@VAsyncExecutor@threads@dvacore@@@std@@V<lambda_1>@?1???$MakeContinuation@V<lambda_1>@?1???$OnSuccessWithExecutor@V?$shared_ptr@VAsyncExecutor@threads@dvacore@@@std@@V<lambda_2>@?5??RunPreSegmentation@PreSegmentationWrapper@DVACompute@@UEAA?AV?$Future@UPreSegmentationResult@DVACompute@@@async@dvacore@@AEBV?$InterfaceRef@UIVideoFrame@MF@@@classref@9@@Z@@?$Future@U?$pair@V?$shared_ptr@V?$Image_@E@solax@@@std@@V?$vector@V?$Rect@_J@solax@@V?$allocator@V?$Rect@_J@solax@@@std@@@2@@std@@@async@dvacore@@QEBA?A_P$$QEAV?$shared_ptr@VAsyncExecutor@threads@dvacore@@@std@@$$QEAV<lambda_2>@?5??RunPreSegmentation@PreSegmentationWrapper@DVACompute@@UEAA?AV?$Future@UPreSegmentationResult@DVACompute@@@34@AEBV?$InterfaceRef@UIVideoFrame@MF@@@classref@4@@Z@@Z@V?$Promise@UPreSegmentationResult@DVACompute@@@34@@?$Future@U?$pair@V?$shared_ptr@V?$Image_@E@solax@@@std@@V?$vector@V?$Rect@_J@solax@@V?$allocator@V?$Rect@_J@solax@@@std@@@2@@std@@@async@dvacore@@AEBA?A_P$$QEAV3?1???$OnSuccessWithExecutor@V?$shared_ptr@VAsyncExecutor@threads@dvacore@@@std@@V<lambda_2>@?5??RunPreSegmentation@PreSegmentationWrapper@DVACompute@@UEAA?AV?$Future@UPreSegmentationResult@DVACompute@@@async@dvacore@@AEBV?$InterfaceRef@UIVideoFrame@MF@@@classref@9@@Z@@456@QEBA?A_P$$QEAV12@$$QEAV<lambda_2>@?5??RunPreSegmentation@PreSegmentationWrapper@DVACompute@@UEAA?AV?$Future@UPreSegmentationResult@DVACompute@@@56@AEBV?$InterfaceRef@UIVideoFrame@MF@@@classref@6@@Z@@Z@$$QEAV?$Promise@UPreSegmentationResult@DVACompute@@@56@@Z@@UntypedFutureState@detail@async@dvacore@@QEAAX$$QEAV?$shared_ptr@VAsyncExecutor@threads@dvacore@@@std@@$$QEAV1?1???$MakeContinuation@V<lambda_1>@?1???$OnSuccessWithExecutor@V?$shared_ptr@VAsyncExecutor@threads@dvacore@@@std@@V<lambda_2>@?5??RunPreSegmentation@PreSegmentationWrapper@DVACompute@@UEAA?AV?$Future@UPreSegmentationResult@DVACompute@@@async@dvacore@@AEBV?$InterfaceRef@UIVideoFrame@MF@@@classref@9@@Z@@?$Future@U?$pair@V?$shared_ptr@V?$Image_@E@solax@@@std@@V?$vector@V?$Rect@_J@solax@@V?$allocator@V?$Rect@_J@solax@@@std@@@2@@std@@@async@dvacore@@QEBA?A_P$$QEAV?$shared_ptr@VAsyncExecutor@threads@dvacore@@@std@@$$QEAV<lambda_2>@?5??RunPreSegmentation@PreSegmentationWrapper@DVACompute@@UEAA?AV?$Future@UPreSegmentationResult@DVACompute@@@34@AEBV?$InterfaceRef@UIVideoFrame@MF@@@classref@4@@Z@@Z@V?$Promise@UPreSegmentationResult@DVACompute@@@34@@?$Future@U?$pair@V?$shared_ptr@V?$Image_@E@solax@@@std@@V?$vector@V?$Rect@_J@solax@@V?$allocator@V?$Rect@_J@solax@@@std@@@2@@std@@@45@AEBA?A_P$$QEAV1?1???$OnSuccessWithExecutor@V?$shared_ptr@VAsyncExecutor@threads@dvacore@@@std@@V<lambda_2>@?5??RunPreSegmentation@PreSegmentationWrapper@DVACompute@@UEAA?AV?$Future@UPreSegmentationResult@DVACompute@@@async@dvacore@@AEBV?$InterfaceRef@UIVideoFrame@MF@@@classref@9@@Z@@845@QEBA?A_P0$$QEAV<lambda_2>@?5??RunPreSegmentation@PreSegmentationWrapper@DVACompute@@UEAA?AV?$Future@UPreSegmentationResult@DVACompute@@@45@AEBV?$InterfaceRef@UIVideoFrame@MF@@@classref@5@@Z@@Z@$$QEAV?$Promise@UPreSegmentationResult@DVACompute@@@45@@Z@@Z@$$A6AXXZ@detail@dvacore@@
AeCompute.dll,156866992,0x95999b0,mask|segment|refine,.?AV?$InvocationImplementation@V<lambda_1>@?1???$AddContinuationWithExecutor@V?$shared_ptr@VAsyncExecutor@threads@dvacore@@@std@@V<lambda_1>@?1???$MakeContinuation@V<lambda_1>@?1???$OnSuccessWithExecutor@V?$shared_ptr@VAsyncExecutor@threads@dvacore@@@std@@V<lambda_1>@?5??RefineMask@PreSegmentationWrapper@DVACompute@@UEAA?AV?$Future@V?$InterfaceRef@UIVideoFrame@MF@@@classref@dvacore@@@async@dvacore@@AEBV?$InterfaceRef@UIVideoFrame@MF@@@classref@9@0V?$optional@V?$RectT@_J@geom@dvacore@@@2@@Z@@?$Future@V?$shared_ptr@V?$Image_@E@solax@@@std@@@async@dvacore@@QEBA?A_P$$QEAV?$shared_ptr@VAsyncExecutor@threads@dvacore@@@std@@$$QEAV1?5??RefineMask@PreSegmentationWrapper@DVACompute@@UEAA?AV?$Future@V?$InterfaceRef@UIVideoFrame@MF@@@classref@dvacore@@@34@AEBV?$InterfaceRef@UIVideoFrame@MF@@@classref@4@1V?$optional@V?$RectT@_J@geom@dvacore@@@6@@Z@@Z@V?$Promise@V?$InterfaceRef@UIVideoFrame@MF@@@classref@dvacore@@@34@@?$Future@V?$shared_ptr@V?$Image_@E@solax@@@std@@@async@dvacore@@AEBA?A_P$$QEAV3?1???$OnSuccessWithExecutor@V?$shared_ptr@VAsyncExecutor@threads@dvacore@@@std@@V<lambda_1>@?5??RefineMask@PreSegmentationWrapper@DVACompute@@UEAA?AV?$Future@V?$InterfaceRef@UIVideoFrame@MF@@@classref@dvacore@@@async@dvacore@@AEBV?$InterfaceRef@UIVideoFrame@MF@@@classref@9@0V?$optional@V?$RectT@_J@geom@dvacore@@@2@@Z@@456@QEBA?A_P$$QEAV12@$$QEAV3?5??RefineMask@PreSegmentationWrapper@DVACompute@@UEAA?AV?$Future@V?$InterfaceRef@UIVideoFrame@MF@@@classref@dvacore@@@56@AEBV?$InterfaceRef@UIVideoFrame@MF@@@classref@6@1V?$optional@V?$RectT@_J@geom@dvacore@@@2@@Z@@Z@$$QEAV?$Promise@V?$InterfaceRef@UIVideoFrame@MF@@@classref@dvacore@@@56@@Z@@UntypedFutureState@detail@async@dvacore@@QEAAX$$QEAV?$shared_ptr@VAsyncExecutor@threads@dvacore@@@std@@$$QEAV1?1???$MakeContinuation@V<lambda_1>@?1???$OnSuccessWithExecutor@V?$shared_ptr@VAsyncExecutor@threads@dvacore@@@std@@V<lambda_1>@?5??RefineMask@PreSegmentationWrapper@DVACompute@@UEAA?AV?$Future@V?$InterfaceRef@UIVideoFrame@MF@@@classref@dvacore@@@async@dvacore@@AEBV?$InterfaceRef@UIVideoFrame@MF@@@classref@9@0V?$optional@V?$RectT@_J@geom@dvacore@@@2@@Z@@?$Future@V?$shared_ptr@V?$Image_@E@solax@@@std@@@async@dvacore@@QEBA?A_P$$QEAV?$shared_ptr@VAsyncExecutor@threads@dvacore@@@std@@$$QEAV1?5??RefineMask@PreSegmentationWrapper@DVACompute@@UEAA?AV?$Future@V?$InterfaceRef@UIVideoFrame@MF@@@classref@dvacore@@@34@AEBV?$InterfaceRef@UIVideoFrame@MF@@@classref@4@1V?$optional@V?$RectT@_J@geom@dvacore@@@6@@Z@@Z@V?$Promise@V?$InterfaceRef@UIVideoFrame@MF@@@classref@dvacore@@@34@@?$Future@V?$shared_ptr@V?$Image_@E@solax@@@std@@@45@AEBA?A_P$$QEAV1?1???$OnSuccessWithExecutor@V?$shared_ptr@VAsyncExecutor@threads@dvacore@@@std@@V<lambda_1>@?5??RefineMask@PreSegmentationWrapper@DVACompute@@UEAA?AV?$Future@V?$InterfaceRef@UIVideoFrame@MF@@@classref@dvacore@@@async@dvacore@@AEBV?$InterfaceRef@UIVideoFrame@MF@@@classref@9@0V?$optional@V?$RectT@_J@geom@dvacore@@@2@@Z@@845@QEBA?A_P0$$QEAV1?5??RefineMask@PreSegmentationWrapper@DVACompute@@UEAA?AV?$Future@V?$InterfaceRef@UIVideoFrame@MF@@@classref@dvacore@@@45@AEBV?$InterfaceRef@UIVideoFrame@MF@@@classref@5@1V?$optional@V?$RectT@_J@geom@dvacore@@@7@@Z@@Z@$$QEAV?$Promise@V?$InterfaceRef@UIVideoFrame@MF@@@classref@dvacore@@@45@@Z@@Z@$$A6AXXZ@detail@dvacore@@
AeCompute.dll,156870272,0x959a680,segment,.?AV?$_Ref_count_obj_alloc3@V<lambda_1>@?1???$MakeContinuation@V<lambda_1>@?1???$OnSuccessWithExecutor@V?$shared_ptr@VAsyncExecutor@threads@dvacore@@@std@@V<lambda_2>@?5??RunPreSegmentation@PreSegmentationWrapper@DVACompute@@UEAA?AV?$Future@UPreSegmentationResult@DVACompute@@@async@dvacore@@AEBV?$InterfaceRef@UIVideoFrame@MF@@@classref@9@@Z@@?$Future@U?$pair@V?$shared_ptr@V?$Image_@E@solax@@@std@@V?$vector@V?$Rect@_J@solax@@V?$allocator@V?$Rect@_J@solax@@@std@@@2@@std@@@async@dvacore@@QEBA?A_P$$QEAV?$shared_ptr@VAsyncExecutor@threads@dvacore@@@std@@$$QEAV<lambda_2>@?5??RunPreSegmentation@PreSegmentationWrapper@DVACompute@@UEAA?AV?$Future@UPreSegmentationResult@DVACompute@@@34@AEBV?$InterfaceRef@UIVideoFrame@MF@@@classref@4@@Z@@Z@V?$Promise@UPreSegmentationResult@DVACompute@@@34@@?$Future@U?$pair@V?$shared_ptr@V?$Image_@E@solax@@@std@@V?$vector@V?$Rect@_J@solax@@V?$allocator@V?$Rect@_J@solax@@@std@@@2@@std@@@async@dvacore@@AEBA?A_P$$QEAV1?1???$OnSuccessWithExecutor@V?$shared_ptr@VAsyncExecutor@threads@dvacore@@@std@@V<lambda_2>@?5??RunPreSegmentation@PreSegmentationWrapper@DVACompute@@UEAA?AV?$Future@UPreSegmentationResult@DVACompute@@@async@dvacore@@AEBV?$InterfaceRef@UIVideoFrame@MF@@@classref@9@@Z@@234@QEBA?A_P$$QEAV?$shared_ptr@VAsyncExecutor@threads@dvacore@@@std@@$$QEAV<lambda_2>@?5??RunPreSegmentation@PreSegmentationWrapper@DVACompute@@UEAA?AV?$Future@UPreSegmentationResult@DVACompute@@@34@AEBV?$InterfaceRef@UIVideoFrame@MF@@@classref@4@@Z@@Z@$$QEAV?$Promise@UPreSegmentationResult@DVACompute@@@34@@Z@U?$STLAllocator@V<lambda_1>@?1???$MakeContinuation@V<lambda_1>@?1???$OnSuccessWithExecutor@V?$shared_ptr@VAsyncExecutor@threads@dvacore@@@std@@V<lambda_2>@?5??RunPreSegmentation@PreSegmentationWrapper@DVACompute@@UEAA?AV?$Future@UPreSegmentationResult@DVACompute@@@async@dvacore@@AEBV?$InterfaceRef@UIVideoFrame@MF@@@classref@9@@Z@@?$Future@U?$pair@V?$shared_ptr@V?$Image_@E@solax@@@std@@V?$vector@V?$Rect@_J@solax@@V?$allocator@V?$Rect@_J@solax@@@std@@@2@@std@@@async@dvacore@@QEBA?A_P$$QEAV?$shared_ptr@VAsyncExecutor@threads@dvacore@@@std@@$$QEAV<lambda_2>@?5??RunPreSegmentation@PreSegmentationWrapper@DVACompute@@UEAA?AV?$Future@UPreSegmentationResult@DVACompute@@@34@AEBV?$InterfaceRef@UIVideoFrame@MF@@@classref@4@@Z@@Z@V?$Promise@UPreSegmentationResult@DVACompute@@@34@@?$Future@U?$pair@V?$shared_ptr@V?$Image_@E@solax@@@std@@V?$vector@V?$Rect@_J@solax@@V?$allocator@V?$Rect@_J@solax@@@std@@@2@@std@@@async@dvacore@@AEBA?A_P$$QEAV1?1???$OnSuccessWithExecutor@V?$shared_ptr@VAsyncExecutor@threads@dvacore@@@std@@V<lambda_2>@?5??RunPreSegmentation@PreSegmentationWrapper@DVACompute@@UEAA?AV?$Future@UPreSegmentationResult@DVACompute@@@async@dvacore@@AEBV?$InterfaceRef@UIVideoFrame@MF@@@classref@9@@Z@@234@QEBA?A_P$$QEAV?$shared_ptr@VAsyncExecutor@threads@dvacore@@@std@@$$QEAV<lambda_2>@?5??RunPreSegmentation@PreSegmentationWrapper@DVACompute@@UEAA?AV?$Future@UPreSegmentationResult@DVACompute@@@34@AEBV?$InterfaceRef@UIVideoFrame@MF@@@classref@4@@Z@@Z@$$QEAV?$Promise@UPreSegmentationResult@DVACompute@@@34@@Z@@allocator@4@@std@@
AeCompute.dll,156873360,0x959b290,segment,.?AV?$_Ebco_base@U?$STLAllocator@V<lambda_1>@?1???$MakeContinuation@V<lambda_1>@?1???$OnSuccessWithExecutor@V?$shared_ptr@VAsyncExecutor@threads@dvacore@@@std@@V<lambda_2>@?5??RunPreSegmentation@PreSegmentationWrapper@DVACompute@@UEAA?AV?$Future@UPreSegmentationResult@DVACompute@@@async@dvacore@@AEBV?$InterfaceRef@UIVideoFrame@MF@@@classref@9@@Z@@?$Future@U?$pair@V?$shared_ptr@V?$Image_@E@solax@@@std@@V?$vector@V?$Rect@_J@solax@@V?$allocator@V?$Rect@_J@solax@@@std@@@2@@std@@@async@dvacore@@QEBA?A_P$$QEAV?$shared_ptr@VAsyncExecutor@threads@dvacore@@@std@@$$QEAV<lambda_2>@?5??RunPreSegmentation@PreSegmentationWrapper@DVACompute@@UEAA?AV?$Future@UPreSegmentationResult@DVACompute@@@34@AEBV?$InterfaceRef@UIVideoFrame@MF@@@classref@4@@Z@@Z@V?$Promise@UPreSegmentationResult@DVACompute@@@34@@?$Future@U?$pair@V?$shared_ptr@V?$Image_@E@solax@@@std@@V?$vector@V?$Rect@_J@solax@@V?$allocator@V?$Rect@_J@solax@@@std@@@2@@std@@@async@dvacore@@AEBA?A_P$$QEAV1?1???$OnSuccessWithExecutor@V?$shared_ptr@VAsyncExecutor@threads@dvacore@@@std@@V<lambda_2>@?5??RunPreSegmentation@PreSegmentationWrapper@DVACompute@@UEAA?AV?$Future@UPreSegmentationResult@DVACompute@@@async@dvacore@@AEBV?$InterfaceRef@UIVideoFrame@MF@@@classref@9@@Z@@234@QEBA?A_P$$QEAV?$shared_ptr@VAsyncExecutor@threads@dvacore@@@std@@$$QEAV<lambda_2>@?5??RunPreSegmentation@PreSegmentationWrapper@DVACompute@@UEAA?AV?$Future@UPreSegmentationResult@DVACompute@@@34@AEBV?$InterfaceRef@UIVideoFrame@MF@@@classref@4@@Z@@Z@$$QEAV?$Promise@UPreSegmentationResult@DVACompute@@@34@@Z@@allocator@dvacore@@$00@std@@
AeCompute.dll,156874944,0x959b8c0,segment,.?AU?$STLAllocator@V<lambda_1>@?1???$MakeContinuation@V<lambda_1>@?1???$OnSuccessWithExecutor@V?$shared_ptr@VAsyncExecutor@threads@dvacore@@@std@@V<lambda_2>@?5??RunPreSegmentation@PreSegmentationWrapper@DVACompute@@UEAA?AV?$Future@UPreSegmentationResult@DVACompute@@@async@dvacore@@AEBV?$InterfaceRef@UIVideoFrame@MF@@@classref@9@@Z@@?$Future@U?$pair@V?$shared_ptr@V?$Image_@E@solax@@@std@@V?$vector@V?$Rect@_J@solax@@V?$allocator@V?$Rect@_J@solax@@@std@@@2@@std@@@async@dvacore@@QEBA?A_P$$QEAV?$shared_ptr@VAsyncExecutor@threads@dvacore@@@std@@$$QEAV<lambda_2>@?5??RunPreSegmentation@PreSegmentationWrapper@DVACompute@@UEAA?AV?$Future@UPreSegmentationResult@DVACompute@@@34@AEBV?$InterfaceRef@UIVideoFrame@MF@@@classref@4@@Z@@Z@V?$Promise@UPreSegmentationResult@DVACompute@@@34@@?$Future@U?$pair@V?$shared_ptr@V?$Image_@E@solax@@@std@@V?$vector@V?$Rect@_J@solax@@V?$allocator@V?$Rect@_J@solax@@@std@@@2@@std@@@async@dvacore@@AEBA?A_P$$QEAV1?1???$OnSuccessWithExecutor@V?$shared_ptr@VAsyncExecutor@threads@dvacore@@@std@@V<lambda_2>@?5??RunPreSegmentation@PreSegmentationWrapper@DVACompute@@UEAA?AV?$Future@UPreSegmentationResult@DVACompute@@@async@dvacore@@AEBV?$InterfaceRef@UIVideoFrame@MF@@@classref@9@@Z@@234@QEBA?A_P$$QEAV?$shared_ptr@VAsyncExecutor@threads@dvacore@@@std@@$$QEAV<lambda_2>@?5??RunPreSegmentation@PreSegmentationWrapper@DVACompute@@UEAA?AV?$Future@UPreSegmentationResult@DVACompute@@@34@AEBV?$InterfaceRef@UIVideoFrame@MF@@@classref@4@@Z@@Z@$$QEAV?$Promise@UPreSegmentationResult@DVACompute@@@34@@Z@@allocator@dvacore@@
AeCompute.dll,156876512,0x959bee0,mask|segment|refine,.?AV?$_Ref_count_obj_alloc3@V<lambda_1>@?1???$MakeContinuation@V<lambda_1>@?1???$OnSuccessWithExecutor@V?$shared_ptr@VAsyncExecutor@threads@dvacore@@@std@@V<lambda_1>@?5??RefineMask@PreSegmentationWrapper@DVACompute@@UEAA?AV?$Future@V?$InterfaceRef@UIVideoFrame@MF@@@classref@dvacore@@@async@dvacore@@AEBV?$InterfaceRef@UIVideoFrame@MF@@@classref@9@0V?$optional@V?$RectT@_J@geom@dvacore@@@2@@Z@@?$Future@V?$shared_ptr@V?$Image_@E@solax@@@std@@@async@dvacore@@QEBA?A_P$$QEAV?$shared_ptr@VAsyncExecutor@threads@dvacore@@@std@@$$QEAV1?5??RefineMask@PreSegmentationWrapper@DVACompute@@UEAA?AV?$Future@V?$InterfaceRef@UIVideoFrame@MF@@@classref@dvacore@@@34@AEBV?$InterfaceRef@UIVideoFrame@MF@@@classref@4@1V?$optional@V?$RectT@_J@geom@dvacore@@@6@@Z@@Z@V?$Promise@V?$InterfaceRef@UIVideoFrame@MF@@@classref@dvacore@@@34@@?$Future@V?$shared_ptr@V?$Image_@E@solax@@@std@@@async@dvacore@@AEBA?A_P$$QEAV1?1???$OnSuccessWithExecutor@V?$shared_ptr@VAsyncExecutor@threads@dvacore@@@std@@V<lambda_1>@?5??RefineMask@PreSegmentationWrapper@DVACompute@@UEAA?AV?$Future@V?$InterfaceRef@UIVideoFrame@MF@@@classref@dvacore@@@async@dvacore@@AEBV?$InterfaceRef@UIVideoFrame@MF@@@classref@9@0V?$optional@V?$RectT@_J@geom@dvacore@@@2@@Z@@234@QEBA?A_P$$QEAV?$shared_ptr@VAsyncExecutor@threads@dvacore@@@std@@$$QEAV1?5??RefineMask@PreSegmentationWrapper@DVACompute@@UEAA?AV?$Future@V?$InterfaceRef@UIVideoFrame@MF@@@classref@dvacore@@@34@AEBV?$InterfaceRef@UIVideoFrame@MF@@@classref@4@1V?$optional@V?$RectT@_J@geom@dvacore@@@6@@Z@@Z@$$QEAV?$Promise@V?$InterfaceRef@UIVideoFrame@MF@@@classref@dvacore@@@34@@Z@U?$STLAllocator@V<lambda_1>@?1???$MakeContinuation@V<lambda_1>@?1???$OnSuccessWithExecutor@V?$shared_ptr@VAsyncExecutor@threads@dvacore@@@std@@V<lambda_1>@?5??RefineMask@PreSegmentationWrapper@DVACompute@@UEAA?AV?$Future@V?$InterfaceRef@UIVideoFrame@MF@@@classref@dvacore@@@async@dvacore@@AEBV?$InterfaceRef@UIVideoFrame@MF@@@classref@9@0V?$optional@V?$RectT@_J@geom@dvacore@@@2@@Z@@?$Future@V?$shared_ptr@V?$Image_@E@solax@@@std@@@async@dvacore@@QEBA?A_P$$QEAV?$shared_ptr@VAsyncExecutor@threads@dvacore@@@std@@$$QEAV1?5??RefineMask@PreSegmentationWrapper@DVACompute@@UEAA?AV?$Future@V?$InterfaceRef@UIVideoFrame@MF@@@classref@dvacore@@@34@AEBV?$InterfaceRef@UIVideoFrame@MF@@@classref@4@1V?$optional@V?$RectT@_J@geom@dvacore@@@6@@Z@@Z@V?$Promise@V?$InterfaceRef@UIVideoFrame@MF@@@classref@dvacore@@@34@@?$Future@V?$shared_ptr@V?$Image_@E@solax@@@std@@@async@dvacore@@AEBA?A_P$$QEAV1?1???$OnSuccessWithExecutor@V?$shared_ptr@VAsyncExecutor@threads@dvacore@@@std@@V<lambda_1>@?5??RefineMask@PreSegmentationWrapper@DVACompute@@UEAA?AV?$Future@V?$InterfaceRef@UIVideoFrame@MF@@@classref@dvacore@@@async@dvacore@@AEBV?$InterfaceRef@UIVideoFrame@MF@@@classref@9@0V?$optional@V?$RectT@_J@geom@dvacore@@@2@@Z@@234@QEBA?A_P$$QEAV?$shared_ptr@VAsyncExecutor@threads@dvacore@@@std@@$$QEAV1?5??RefineMask@PreSegmentationWrapper@DVACompute@@UEAA?AV?$Future@V?$InterfaceRef@UIVideoFrame@MF@@@classref@dvacore@@@34@AEBV?$InterfaceRef@UIVideoFrame@MF@@@classref@4@1V?$optional@V?$RectT@_J@geom@dvacore@@@6@@Z@@Z@$$QEAV?$Promise@V?$InterfaceRef@UIVideoFrame@MF@@@classref@dvacore@@@34@@Z@@allocator@4@@std@@
AeCompute.dll,156879712,0x959cb60,mask|segment|refine,.?AV?$_Ebco_base@U?$STLAllocator@V<lambda_1>@?1???$MakeContinuation@V<lambda_1>@?1???$OnSuccessWithExecutor@V?$shared_ptr@VAsyncExecutor@threads@dvacore@@@std@@V<lambda_1>@?5??RefineMask@PreSegmentationWrapper@DVACompute@@UEAA?AV?$Future@V?$InterfaceRef@UIVideoFrame@MF@@@classref@dvacore@@@async@dvacore@@AEBV?$InterfaceRef@UIVideoFrame@MF@@@classref@9@0V?$optional@V?$RectT@_J@geom@dvacore@@@2@@Z@@?$Future@V?$shared_ptr@V?$Image_@E@solax@@@std@@@async@dvacore@@QEBA?A_P$$QEAV?$shared_ptr@VAsyncExecutor@threads@dvacore@@@std@@$$QEAV1?5??RefineMask@PreSegmentationWrapper@DVACompute@@UEAA?AV?$Future@V?$InterfaceRef@UIVideoFrame@MF@@@classref@dvacore@@@34@AEBV?$InterfaceRef@UIVideoFrame@MF@@@classref@4@1V?$optional@V?$RectT@_J@geom@dvacore@@@6@@Z@@Z@V?$Promise@V?$InterfaceRef@UIVideoFrame@MF@@@classref@dvacore@@@34@@?$Future@V?$shared_ptr@V?$Image_@E@solax@@@std@@@async@dvacore@@AEBA?A_P$$QEAV1?1???$OnSuccessWithExecutor@V?$shared_ptr@VAsyncExecutor@threads@dvacore@@@std@@V<lambda_1>@?5??RefineMask@PreSegmentationWrapper@DVACompute@@UEAA?AV?$Future@V?$InterfaceRef@UIVideoFrame@MF@@@classref@dvacore@@@async@dvacore@@AEBV?$InterfaceRef@UIVideoFrame@MF@@@classref@9@0V?$optional@V?$RectT@_J@geom@dvacore@@@2@@Z@@234@QEBA?A_P$$QEAV?$shared_ptr@VAsyncExecutor@threads@dvacore@@@std@@$$QEAV1?5??RefineMask@PreSegmentationWrapper@DVACompute@@UEAA?AV?$Future@V?$InterfaceRef@UIVideoFrame@MF@@@classref@dvacore@@@34@AEBV?$InterfaceRef@UIVideoFrame@MF@@@classref@4@1V?$optional@V?$RectT@_J@geom@dvacore@@@6@@Z@@Z@$$QEAV?$Promise@V?$InterfaceRef@UIVideoFrame@MF@@@classref@dvacore@@@34@@Z@@allocator@dvacore@@$00@std@@
AeCompute.dll,156881360,0x959d1d0,mask|segment|refine,.?AU?$STLAllocator@V<lambda_1>@?1???$MakeContinuation@V<lambda_1>@?1???$OnSuccessWithExecutor@V?$shared_ptr@VAsyncExecutor@threads@dvacore@@@std@@V<lambda_1>@?5??RefineMask@PreSegmentationWrapper@DVACompute@@UEAA?AV?$Future@V?$InterfaceRef@UIVideoFrame@MF@@@classref@dvacore@@@async@dvacore@@AEBV?$InterfaceRef@UIVideoFrame@MF@@@classref@9@0V?$optional@V?$RectT@_J@geom@dvacore@@@2@@Z@@?$Future@V?$shared_ptr@V?$Image_@E@solax@@@std@@@async@dvacore@@QEBA?A_P$$QEAV?$shared_ptr@VAsyncExecutor@threads@dvacore@@@std@@$$QEAV1?5??RefineMask@PreSegmentationWrapper@DVACompute@@UEAA?AV?$Future@V?$InterfaceRef@UIVideoFrame@MF@@@classref@dvacore@@@34@AEBV?$InterfaceRef@UIVideoFrame@MF@@@classref@4@1V?$optional@V?$RectT@_J@geom@dvacore@@@6@@Z@@Z@V?$Promise@V?$InterfaceRef@UIVideoFrame@MF@@@classref@dvacore@@@34@@?$Future@V?$shared_ptr@V?$Image_@E@solax@@@std@@@async@dvacore@@AEBA?A_P$$QEAV1?1???$OnSuccessWithExecutor@V?$shared_ptr@VAsyncExecutor@threads@dvacore@@@std@@V<lambda_1>@?5??RefineMask@PreSegmentationWrapper@DVACompute@@UEAA?AV?$Future@V?$InterfaceRef@UIVideoFrame@MF@@@classref@dvacore@@@async@dvacore@@AEBV?$InterfaceRef@UIVideoFrame@MF@@@classref@9@0V?$optional@V?$RectT@_J@geom@dvacore@@@2@@Z@@234@QEBA?A_P$$QEAV?$shared_ptr@VAsyncExecutor@threads@dvacore@@@std@@$$QEAV1?5??RefineMask@PreSegmentationWrapper@DVACompute@@UEAA?AV?$Future@V?$InterfaceRef@UIVideoFrame@MF@@@classref@dvacore@@@34@AEBV?$InterfaceRef@UIVideoFrame@MF@@@classref@4@1V?$optional@V?$RectT@_J@geom@dvacore@@@6@@Z@@Z@$$QEAV?$Promise@V?$InterfaceRef@UIVideoFrame@MF@@@classref@dvacore@@@34@@Z@@allocator@dvacore@@
AeCompute.dll,156885680,0x959e2b0,segment,.?AV?$_Func_impl_no_alloc@V<lambda_1>@?6???$CallContinuationAsync@V?$shared_ptr@VAsyncExecutor@threads@dvacore@@@std@@V<lambda_1>@?1???$MakeContinuation@V<lambda_1>@?1???$OnSuccessWithExecutor@V?$shared_ptr@VAsyncExecutor@threads@dvacore@@@std@@V<lambda_2>@?5??RunPreSegmentation@PreSegmentationWrapper@DVACompute@@UEAA?AV?$Future@UPreSegmentationResult@DVACompute@@@async@dvacore@@AEBV?$InterfaceRef@UIVideoFrame@MF@@@classref@9@@Z@@?$Future@U?$pair@V?$shared_ptr@V?$Image_@E@solax@@@std@@V?$vector@V?$Rect@_J@solax@@V?$allocator@V?$Rect@_J@solax@@@std@@@2@@std@@@async@dvacore@@QEBA?A_P$$QEAV?$shared_ptr@VAsyncExecutor@threads@dvacore@@@std@@$$QEAV<lambda_2>@?5??RunPreSegmentation@PreSegmentationWrapper@DVACompute@@UEAA?AV?$Future@UPreSegmentationResult@DVACompute@@@34@AEBV?$InterfaceRef@UIVideoFrame@MF@@@classref@4@@Z@@Z@V?$Promise@UPreSegmentationResult@DVACompute@@@34@@?$Future@U?$pair@V?$shared_ptr@V?$Image_@E@solax@@@std@@V?$vector@V?$Rect@_J@solax@@V?$allocator@V?$Rect@_J@solax@@@std@@@2@@std@@@async@dvacore@@AEBA?A_P$$QEAV3?1???$OnSuccessWithExecutor@V?$shared_ptr@VAsyncExecutor@threads@dvacore@@@std@@V<lambda_2>@?5??RunPreSegmentation@PreSegmentationWrapper@DVACompute@@UEAA?AV?$Future@UPreSegmentationResult@DVACompute@@@async@dvacore@@AEBV?$InterfaceRef@UIVideoFrame@MF@@@classref@9@@Z@@456@QEBA?A_P$$QEAV12@$$QEAV<lambda_2>@?5??RunPreSegmentation@PreSegmentationWrapper@DVACompute@@UEAA?AV?$Future@UPreSegmentationResult@DVACompute@@@56@AEBV?$InterfaceRef@UIVideoFrame@MF@@@classref@6@@Z@@Z@$$QEAV?$Promise@UPreSegmentationResult@DVACompute@@@56@@Z@@detail@async@dvacore@@YAX$$QEAV?$shared_ptr@VAsyncExecutor@threads@dvacore@@@std@@$$QEAV1?1???$MakeContinuation@V<lambda_1>@?1???$OnSuccessWithExecutor@V?$shared_ptr@VAsyncExecutor@threads@dvacore@@@std@@V<lambda_2>@?5??RunPreSegmentation@PreSegmentationWrapper@DVACompute@@UEAA?AV?$Future@UPreSegmentationResult@DVACompute@@@async@dvacore@@AEBV?$InterfaceRef@UIVideoFrame@MF@@@classref@9@@Z@@?$Future@U?$pair@V?$shared_ptr@V?$Image_@E@solax@@@std@@V?$vector@V?$Rect@_J@solax@@V?$allocator@V?$Rect@_J@solax@@@std@@@2@@std@@@async@dvacore@@QEBA?A_P$$QEAV?$shared_ptr@VAsyncExecutor@threads@dvacore@@@std@@$$QEAV<lambda_2>@?5??RunPreSegmentation@PreSegmentationWrapper@DVACompute@@UEAA?AV?$Future@UPreSegmentationResult@DVACompute@@@34@AEBV?$InterfaceRef@UIVideoFrame@MF@@@classref@4@@Z@@Z@V?$Promise@UPreSegmentationResult@DVACompute@@@34@@?$Future@U?$pair@V?$shared_ptr@V?$Image_@E@solax@@@std@@V?$vector@V?$Rect@_J@solax@@V?$allocator@V?$Rect@_J@solax@@@std@@@2@@std@@@34@AEBA?A_P$$QEAV1?1???$OnSuccessWithExecutor@V?$shared_ptr@VAsyncExecutor@threads@dvacore@@@std@@V<lambda_2>@?5??RunPreSegmentation@PreSegmentationWrapper@DVACompute@@UEAA?AV?$Future@UPreSegmentationResult@DVACompute@@@async@dvacore@@AEBV?$InterfaceRef@UIVideoFrame@MF@@@classref@9@@Z@@734@QEBA?A_P0$$QEAV<lambda_2>@?5??RunPreSegmentation@PreSegmentationWrapper@DVACompute@@UEAA?AV?$Future@UPreSegmentationResult@DVACompute@@@34@AEBV?$InterfaceRef@UIVideoFrame@MF@@@classref@4@@Z@@Z@$$QEAV?$Promise@UPreSegmentationResult@DVACompute@@@34@@Z@V?$shared_ptr@VUntypedFutureState@detail@async@dvacore@@@6@@Z@X$$V@std@@
AeCompute.dll,156890416,0x959f530,mask|segment|refine,.?AV?$_Func_impl_no_alloc@V<lambda_1>@?6???$CallContinuationAsync@V?$shared_ptr@VAsyncExecutor@threads@dvacore@@@std@@V<lambda_1>@?1???$MakeContinuation@V<lambda_1>@?1???$OnSuccessWithExecutor@V?$shared_ptr@VAsyncExecutor@threads@dvacore@@@std@@V<lambda_1>@?5??RefineMask@PreSegmentationWrapper@DVACompute@@UEAA?AV?$Future@V?$InterfaceRef@UIVideoFrame@MF@@@classref@dvacore@@@async@dvacore@@AEBV?$InterfaceRef@UIVideoFrame@MF@@@classref@9@0V?$optional@V?$RectT@_J@geom@dvacore@@@2@@Z@@?$Future@V?$shared_ptr@V?$Image_@E@solax@@@std@@@async@dvacore@@QEBA?A_P$$QEAV?$shared_ptr@VAsyncExecutor@threads@dvacore@@@std@@$$QEAV1?5??RefineMask@PreSegmentationWrapper@DVACompute@@UEAA?AV?$Future@V?$InterfaceRef@UIVideoFrame@MF@@@classref@dvacore@@@34@AEBV?$InterfaceRef@UIVideoFrame@MF@@@classref@4@1V?$optional@V?$RectT@_J@geom@dvacore@@@6@@Z@@Z@V?$Promise@V?$InterfaceRef@UIVideoFrame@MF@@@classref@dvacore@@@34@@?$Future@V?$shared_ptr@V?$Image_@E@solax@@@std@@@async@dvacore@@AEBA?A_P$$QEAV3?1???$OnSuccessWithExecutor@V?$shared_ptr@VAsyncExecutor@threads@dvacore@@@std@@V<lambda_1>@?5??RefineMask@PreSegmentationWrapper@DVACompute@@UEAA?AV?$Future@V?$InterfaceRef@UIVideoFrame@MF@@@classref@dvacore@@@async@dvacore@@AEBV?$InterfaceRef@UIVideoFrame@MF@@@classref@9@0V?$optional@V?$RectT@_J@geom@dvacore@@@2@@Z@@456@QEBA?A_P$$QEAV12@$$QEAV3?5??RefineMask@PreSegmentationWrapper@DVACompute@@UEAA?AV?$Future@V?$InterfaceRef@UIVideoFrame@MF@@@classref@dvacore@@@56@AEBV?$InterfaceRef@UIVideoFrame@MF@@@classref@6@1V?$optional@V?$RectT@_J@geom@dvacore@@@2@@Z@@Z@$$QEAV?$Promise@V?$InterfaceRef@UIVideoFrame@MF@@@classref@dvacore@@@56@@Z@@detail@async@dvacore@@YAX$$QEAV?$shared_ptr@VAsyncExecutor@threads@dvacore@@@std@@$$QEAV1?1???$MakeContinuation@V<lambda_1>@?1???$OnSuccessWithExecutor@V?$shared_ptr@VAsyncExecutor@threads@dvacore@@@std@@V<lambda_1>@?5??RefineMask@PreSegmentationWrapper@DVACompute@@UEAA?AV?$Future@V?$InterfaceRef@UIVideoFrame@MF@@@classref@dvacore@@@async@dvacore@@AEBV?$InterfaceRef@UIVideoFrame@MF@@@classref@9@0V?$optional@V?$RectT@_J@geom@dvacore@@@2@@Z@@?$Future@V?$shared_ptr@V?$Image_@E@solax@@@std@@@async@dvacore@@QEBA?A_P$$QEAV?$shared_ptr@VAsyncExecutor@threads@dvacore@@@std@@$$QEAV1?5??RefineMask@PreSegmentationWrapper@DVACompute@@UEAA?AV?$Future@V?$InterfaceRef@UIVideoFrame@MF@@@classref@dvacore@@@34@AEBV?$InterfaceRef@UIVideoFrame@MF@@@classref@4@1V?$optional@V?$RectT@_J@geom@dvacore@@@6@@Z@@Z@V?$Promise@V?$InterfaceRef@UIVideoFrame@MF@@@classref@dvacore@@@34@@?$Future@V?$shared_ptr@V?$Image_@E@solax@@@std@@@34@AEBA?A_P$$QEAV1?1???$OnSuccessWithExecutor@V?$shared_ptr@VAsyncExecutor@threads@dvacore@@@std@@V<lambda_1>@?5??RefineMask@PreSegmentationWrapper@DVACompute@@UEAA?AV?$Future@V?$InterfaceRef@UIVideoFrame@MF@@@classref@dvacore@@@async@dvacore@@AEBV?$InterfaceRef@UIVideoFrame@MF@@@classref@9@0V?$optional@V?$RectT@_J@geom@dvacore@@@2@@Z@@734@QEBA?A_P0$$QEAV1?5??RefineMask@PreSegmentationWrapper@DVACompute@@UEAA?AV?$Future@V?$InterfaceRef@UIVideoFrame@MF@@@classref@dvacore@@@34@AEBV?$InterfaceRef@UIVideoFrame@MF@@@classref@4@1V?$optional@V?$RectT@_J@geom@dvacore@@@6@@Z@@Z@$$QEAV?$Promise@V?$InterfaceRef@UIVideoFrame@MF@@@classref@dvacore@@@34@@Z@V?$shared_ptr@VUntypedFutureState@detail@async@dvacore@@@6@@Z@X$$V@std@@
AeCompute.dll,156893760,0x95a0240,mask|segment|refine,.?AV?$_Ebco_base@U?$STLAllocator@V?$InvocationImplementation@V<lambda_1>@?1???$AddContinuationWithExecutor@V?$shared_ptr@VAsyncExecutor@threads@dvacore@@@std@@V<lambda_1>@?1???$MakeContinuation@V<lambda_1>@?1???$OnSuccessWithExecutor@V?$shared_ptr@VAsyncExecutor@threads@dvacore@@@std@@V<lambda_1>@?5??RefineMask@PreSegmentationWrapper@DVACompute@@UEAA?AV?$Future@V?$InterfaceRef@UIVideoFrame@MF@@@classref@dvacore@@@async@dvacore@@AEBV?$InterfaceRef@UIVideoFrame@MF@@@classref@9@0V?$optional@V?$RectT@_J@geom@dvacore@@@2@@Z@@?$Future@V?$shared_ptr@V?$Image_@E@solax@@@std@@@async@dvacore@@QEBA?A_P$$QEAV?$shared_ptr@VAsyncExecutor@threads@dvacore@@@std@@$$QEAV1?5??RefineMask@PreSegmentationWrapper@DVACompute@@UEAA?AV?$Future@V?$InterfaceRef@UIVideoFrame@MF@@@classref@dvacore@@@34@AEBV?$InterfaceRef@UIVideoFrame@MF@@@classref@4@1V?$optional@V?$RectT@_J@geom@dvacore@@@6@@Z@@Z@V?$Promise@V?$InterfaceRef@UIVideoFrame@MF@@@classref@dvacore@@@34@@?$Future@V?$shared_ptr@V?$Image_@E@solax@@@std@@@async@dvacore@@AEBA?A_P$$QEAV3?1???$OnSuccessWithExecutor@V?$shared_ptr@VAsyncExecutor@threads@dvacore@@@std@@V<lambda_1>@?5??RefineMask@PreSegmentationWrapper@DVACompute@@UEAA?AV?$Future@V?$InterfaceRef@UIVideoFrame@MF@@@classref@dvacore@@@async@dvacore@@AEBV?$InterfaceRef@UIVideoFrame@MF@@@classref@9@0V?$optional@V?$RectT@_J@geom@dvacore@@@2@@Z@@456@QEBA?A_P$$QEAV12@$$QEAV3?5??RefineMask@PreSegmentationWrapper@DVACompute@@UEAA?AV?$Future@V?$InterfaceRef@UIVideoFrame@MF@@@classref@dvacore@@@56@AEBV?$InterfaceRef@UIVideoFrame@MF@@@classref@6@1V?$optional@V?$RectT@_J@geom@dvacore@@@2@@Z@@Z@$$QEAV?$Promise@V?$InterfaceRef@UIVideoFrame@MF@@@classref@dvacore@@@56@@Z@@UntypedFutureState@detail@async@dvacore@@QEAAX$$QEAV?$shared_ptr@VAsyncExecutor@threads@dvacore@@@std@@$$QEAV1?1???$MakeContinuation@V<lambda_1>@?1???$OnSuccessWithExecutor@V?$shared_ptr@VAsyncExecutor@threads@dvacore@@@std@@V<lambda_1>@?5??RefineMask@PreSegmentationWrapper@DVACompute@@UEAA?AV?$Future@V?$InterfaceRef@UIVideoFrame@MF@@@classref@dvacore@@@async@dvacore@@AEBV?$InterfaceRef@UIVideoFrame@MF@@@classref@9@0V?$optional@V?$RectT@_J@geom@dvacore@@@2@@Z@@?$Future@V?$shared_ptr@V?$Image_@E@solax@@@std@@@async@dvacore@@QEBA?A_P$$QEAV?$shared_ptr@VAsyncExecutor@threads@dvacore@@@std@@$$QEAV1?5??RefineMask@PreSegmentationWrapper@DVACompute@@UEAA?AV?$Future@V?$InterfaceRef@UIVideoFrame@MF@@@classref@dvacore@@@34@AEBV?$InterfaceRef@UIVideoFrame@MF@@@classref@4@1V?$optional@V?$RectT@_J@geom@dvacore@@@6@@Z@@Z@V?$Promise@V?$InterfaceRef@UIVideoFrame@MF@@@classref@dvacore@@@34@@?$Future@V?$shared_ptr@V?$Image_@E@solax@@@std@@@45@AEBA?A_P$$QEAV1?1???$OnSuccessWithExecutor@V?$shared_ptr@VAsyncExecutor@threads@dvacore@@@std@@V<lambda_1>@?5??RefineMask@PreSegmentationWrapper@DVACompute@@UEAA?AV?$Future@V?$InterfaceRef@UIVideoFrame@MF@@@classref@dvacore@@@async@dvacore@@AEBV?$InterfaceRef@UIVideoFrame@MF@@@classref@9@0V?$optional@V?$RectT@_J@geom@dvacore@@@2@@Z@@845@QEBA?A_P0$$QEAV1?5??RefineMask@PreSegmentationWrapper@DVACompute@@UEAA?AV?$Future@V?$InterfaceRef@UIVideoFrame@MF@@@classref@dvacore@@@45@AEBV?$InterfaceRef@UIVideoFrame@MF@@@classref@5@1V?$optional@V?$RectT@_J@geom@dvacore@@@7@@Z@@Z@$$QEAV?$Promise@V?$InterfaceRef@UIVideoFrame@MF@@@classref@dvacore@@@45@@Z@@Z@$$A6AXXZ@detail@dvacore@@@allocator@dvacore@@$00@std@@
AeCompute.dll,156897104,0x95a0f50,mask|segment|refine,.?AU?$STLAllocator@V?$InvocationImplementation@V<lambda_1>@?1???$AddContinuationWithExecutor@V?$shared_ptr@VAsyncExecutor@threads@dvacore@@@std@@V<lambda_1>@?1???$MakeContinuation@V<lambda_1>@?1???$OnSuccessWithExecutor@V?$shared_ptr@VAsyncExecutor@threads@dvacore@@@std@@V<lambda_1>@?5??RefineMask@PreSegmentationWrapper@DVACompute@@UEAA?AV?$Future@V?$InterfaceRef@UIVideoFrame@MF@@@classref@dvacore@@@async@dvacore@@AEBV?$InterfaceRef@UIVideoFrame@MF@@@classref@9@0V?$optional@V?$RectT@_J@geom@dvacore@@@2@@Z@@?$Future@V?$shared_ptr@V?$Image_@E@solax@@@std@@@async@dvacore@@QEBA?A_P$$QEAV?$shared_ptr@VAsyncExecutor@threads@dvacore@@@std@@$$QEAV1?5??RefineMask@PreSegmentationWrapper@DVACompute@@UEAA?AV?$Future@V?$InterfaceRef@UIVideoFrame@MF@@@classref@dvacore@@@34@AEBV?$InterfaceRef@UIVideoFrame@MF@@@classref@4@1V?$optional@V?$RectT@_J@geom@dvacore@@@6@@Z@@Z@V?$Promise@V?$InterfaceRef@UIVideoFrame@MF@@@classref@dvacore@@@34@@?$Future@V?$shared_ptr@V?$Image_@E@solax@@@std@@@async@dvacore@@AEBA?A_P$$QEAV3?1???$OnSuccessWithExecutor@V?$shared_ptr@VAsyncExecutor@threads@dvacore@@@std@@V<lambda_1>@?5??RefineMask@PreSegmentationWrapper@DVACompute@@UEAA?AV?$Future@V?$InterfaceRef@UIVideoFrame@MF@@@classref@dvacore@@@async@dvacore@@AEBV?$InterfaceRef@UIVideoFrame@MF@@@classref@9@0V?$optional@V?$RectT@_J@geom@dvacore@@@2@@Z@@456@QEBA?A_P$$QEAV12@$$QEAV3?5??RefineMask@PreSegmentationWrapper@DVACompute@@UEAA?AV?$Future@V?$InterfaceRef@UIVideoFrame@MF@@@classref@dvacore@@@56@AEBV?$InterfaceRef@UIVideoFrame@MF@@@classref@6@1V?$optional@V?$RectT@_J@geom@dvacore@@@2@@Z@@Z@$$QEAV?$Promise@V?$InterfaceRef@UIVideoFrame@MF@@@classref@dvacore@@@56@@Z@@UntypedFutureState@detail@async@dvacore@@QEAAX$$QEAV?$shared_ptr@VAsyncExecutor@threads@dvacore@@@std@@$$QEAV1?1???$MakeContinuation@V<lambda_1>@?1???$OnSuccessWithExecutor@V?$shared_ptr@VAsyncExecutor@threads@dvacore@@@std@@V<lambda_1>@?5??RefineMask@PreSegmentationWrapper@DVACompute@@UEAA?AV?$Future@V?$InterfaceRef@UIVideoFrame@MF@@@classref@dvacore@@@async@dvacore@@AEBV?$InterfaceRef@UIVideoFrame@MF@@@classref@9@0V?$optional@V?$RectT@_J@geom@dvacore@@@2@@Z@@?$Future@V?$shared_ptr@V?$Image_@E@solax@@@std@@@async@dvacore@@QEBA?A_P$$QEAV?$shared_ptr@VAsyncExecutor@threads@dvacore@@@std@@$$QEAV1?5??RefineMask@PreSegmentationWrapper@DVACompute@@UEAA?AV?$Future@V?$InterfaceRef@UIVideoFrame@MF@@@classref@dvacore@@@34@AEBV?$InterfaceRef@UIVideoFrame@MF@@@classref@4@1V?$optional@V?$RectT@_J@geom@dvacore@@@6@@Z@@Z@V?$Promise@V?$InterfaceRef@UIVideoFrame@MF@@@classref@dvacore@@@34@@?$Future@V?$shared_ptr@V?$Image_@E@solax@@@std@@@45@AEBA?A_P$$QEAV1?1???$OnSuccessWithExecutor@V?$shared_ptr@VAsyncExecutor@threads@dvacore@@@std@@V<lambda_1>@?5??RefineMask@PreSegmentationWrapper@DVACompute@@UEAA?AV?$Future@V?$InterfaceRef@UIVideoFrame@MF@@@classref@dvacore@@@async@dvacore@@AEBV?$InterfaceRef@UIVideoFrame@MF@@@classref@9@0V?$optional@V?$RectT@_J@geom@dvacore@@@2@@Z@@845@QEBA?A_P0$$QEAV1?5??RefineMask@PreSegmentationWrapper@DVACompute@@UEAA?AV?$Future@V?$InterfaceRef@UIVideoFrame@MF@@@classref@dvacore@@@45@AEBV?$InterfaceRef@UIVideoFrame@MF@@@classref@5@1V?$optional@V?$RectT@_J@geom@dvacore@@@7@@Z@@Z@$$QEAV?$Promise@V?$InterfaceRef@UIVideoFrame@MF@@@classref@dvacore@@@45@@Z@@Z@$$A6AXXZ@detail@dvacore@@@allocator@dvacore@@
AeCompute.dll,156903440,0x95a2810,segment,.?AV?$_Ebco_base@U?$STLAllocator@V?$InvocationImplementation@V<lambda_1>@?1???$AddContinuationWithExecutor@V?$shared_ptr@VAsyncExecutor@threads@dvacore@@@std@@V<lambda_1>@?1???$MakeContinuation@V<lambda_1>@?1???$OnSuccessWithExecutor@V?$shared_ptr@VAsyncExecutor@threads@dvacore@@@std@@V<lambda_2>@?5??RunPreSegmentation@PreSegmentationWrapper@DVACompute@@UEAA?AV?$Future@UPreSegmentationResult@DVACompute@@@async@dvacore@@AEBV?$InterfaceRef@UIVideoFrame@MF@@@classref@9@@Z@@?$Future@U?$pair@V?$shared_ptr@V?$Image_@E@solax@@@std@@V?$vector@V?$Rect@_J@solax@@V?$allocator@V?$Rect@_J@solax@@@std@@@2@@std@@@async@dvacore@@QEBA?A_P$$QEAV?$shared_ptr@VAsyncExecutor@threads@dvacore@@@std@@$$QEAV<lambda_2>@?5??RunPreSegmentation@PreSegmentationWrapper@DVACompute@@UEAA?AV?$Future@UPreSegmentationResult@DVACompute@@@34@AEBV?$InterfaceRef@UIVideoFrame@MF@@@classref@4@@Z@@Z@V?$Promise@UPreSegmentationResult@DVACompute@@@34@@?$Future@U?$pair@V?$shared_ptr@V?$Image_@E@solax@@@std@@V?$vector@V?$Rect@_J@solax@@V?$allocator@V?$Rect@_J@solax@@@std@@@2@@std@@@async@dvacore@@AEBA?A_P$$QEAV3?1???$OnSuccessWithExecutor@V?$shared_ptr@VAsyncExecutor@threads@dvacore@@@std@@V<lambda_2>@?5??RunPreSegmentation@PreSegmentationWrapper@DVACompute@@UEAA?AV?$Future@UPreSegmentationResult@DVACompute@@@async@dvacore@@AEBV?$InterfaceRef@UIVideoFrame@MF@@@classref@9@@Z@@456@QEBA?A_P$$QEAV12@$$QEAV<lambda_2>@?5??RunPreSegmentation@PreSegmentationWrapper@DVACompute@@UEAA?AV?$Future@UPreSegmentationResult@DVACompute@@@56@AEBV?$InterfaceRef@UIVideoFrame@MF@@@classref@6@@Z@@Z@$$QEAV?$Promise@UPreSegmentationResult@DVACompute@@@56@@Z@@UntypedFutureState@detail@async@dvacore@@QEAAX$$QEAV?$shared_ptr@VAsyncExecutor@threads@dvacore@@@std@@$$QEAV1?1???$MakeContinuation@V<lambda_1>@?1???$OnSuccessWithExecutor@V?$shared_ptr@VAsyncExecutor@threads@dvacore@@@std@@V<lambda_2>@?5??RunPreSegmentation@PreSegmentationWrapper@DVACompute@@UEAA?AV?$Future@UPreSegmentationResult@DVACompute@@@async@dvacore@@AEBV?$InterfaceRef@UIVideoFrame@MF@@@classref@9@@Z@@?$Future@U?$pair@V?$shared_ptr@V?$Image_@E@solax@@@std@@V?$vector@V?$Rect@_J@solax@@V?$allocator@V?$Rect@_J@solax@@@std@@@2@@std@@@async@dvacore@@QEBA?A_P$$QEAV?$shared_ptr@VAsyncExecutor@threads@dvacore@@@std@@$$QEAV<lambda_2>@?5??RunPreSegmentation@PreSegmentationWrapper@DVACompute@@UEAA?AV?$Future@UPreSegmentationResult@DVACompute@@@34@AEBV?$InterfaceRef@UIVideoFrame@MF@@@classref@4@@Z@@Z@V?$Promise@UPreSegmentationResult@DVACompute@@@34@@?$Future@U?$pair@V?$shared_ptr@V?$Image_@E@solax@@@std@@V?$vector@V?$Rect@_J@solax@@V?$allocator@V?$Rect@_J@solax@@@std@@@2@@std@@@45@AEBA?A_P$$QEAV1?1???$OnSuccessWithExecutor@V?$shared_ptr@VAsyncExecutor@threads@dvacore@@@std@@V<lambda_2>@?5??RunPreSegmentation@PreSegmentationWrapper@DVACompute@@UEAA?AV?$Future@UPreSegmentationResult@DVACompute@@@async@dvacore@@AEBV?$InterfaceRef@UIVideoFrame@MF@@@classref@9@@Z@@845@QEBA?A_P0$$QEAV<lambda_2>@?5??RunPreSegmentation@PreSegmentationWrapper@DVACompute@@UEAA?AV?$Future@UPreSegmentationResult@DVACompute@@@45@AEBV?$InterfaceRef@UIVideoFrame@MF@@@classref@5@@Z@@Z@$$QEAV?$Promise@UPreSegmentationResult@DVACompute@@@45@@Z@@Z@$$A6AXXZ@detail@dvacore@@@allocator@dvacore@@$00@std@@
AeCompute.dll,156906672,0x95a34b0,segment,.?AU?$STLAllocator@V?$InvocationImplementation@V<lambda_1>@?1???$AddContinuationWithExecutor@V?$shared_ptr@VAsyncExecutor@threads@dvacore@@@std@@V<lambda_1>@?1???$MakeContinuation@V<lambda_1>@?1???$OnSuccessWithExecutor@V?$shared_ptr@VAsyncExecutor@threads@dvacore@@@std@@V<lambda_2>@?5??RunPreSegmentation@PreSegmentationWrapper@DVACompute@@UEAA?AV?$Future@UPreSegmentationResult@DVACompute@@@async@dvacore@@AEBV?$InterfaceRef@UIVideoFrame@MF@@@classref@9@@Z@@?$Future@U?$pair@V?$shared_ptr@V?$Image_@E@solax@@@std@@V?$vector@V?$Rect@_J@solax@@V?$allocator@V?$Rect@_J@solax@@@std@@@2@@std@@@async@dvacore@@QEBA?A_P$$QEAV?$shared_ptr@VAsyncExecutor@threads@dvacore@@@std@@$$QEAV<lambda_2>@?5??RunPreSegmentation@PreSegmentationWrapper@DVACompute@@UEAA?AV?$Future@UPreSegmentationResult@DVACompute@@@34@AEBV?$InterfaceRef@UIVideoFrame@MF@@@classref@4@@Z@@Z@V?$Promise@UPreSegmentationResult@DVACompute@@@34@@?$Future@U?$pair@V?$shared_ptr@V?$Image_@E@solax@@@std@@V?$vector@V?$Rect@_J@solax@@V?$allocator@V?$Rect@_J@solax@@@std@@@2@@std@@@async@dvacore@@AEBA?A_P$$QEAV3?1???$OnSuccessWithExecutor@V?$shared_ptr@VAsyncExecutor@threads@dvacore@@@std@@V<lambda_2>@?5??RunPreSegmentation@PreSegmentationWrapper@DVACompute@@UEAA?AV?$Future@UPreSegmentationResult@DVACompute@@@async@dvacore@@AEBV?$InterfaceRef@UIVideoFrame@MF@@@classref@9@@Z@@456@QEBA?A_P$$QEAV12@$$QEAV<lambda_2>@?5??RunPreSegmentation@PreSegmentationWrapper@DVACompute@@UEAA?AV?$Future@UPreSegmentationResult@DVACompute@@@56@AEBV?$InterfaceRef@UIVideoFrame@MF@@@classref@6@@Z@@Z@$$QEAV?$Promise@UPreSegmentationResult@DVACompute@@@56@@Z@@UntypedFutureState@detail@async@dvacore@@QEAAX$$QEAV?$shared_ptr@VAsyncExecutor@threads@dvacore@@@std@@$$QEAV1?1???$MakeContinuation@V<lambda_1>@?1???$OnSuccessWithExecutor@V?$shared_ptr@VAsyncExecutor@threads@dvacore@@@std@@V<lambda_2>@?5??RunPreSegmentation@PreSegmentationWrapper@DVACompute@@UEAA?AV?$Future@UPreSegmentationResult@DVACompute@@@async@dvacore@@AEBV?$InterfaceRef@UIVideoFrame@MF@@@classref@9@@Z@@?$Future@U?$pair@V?$shared_ptr@V?$Image_@E@solax@@@std@@V?$vector@V?$Rect@_J@solax@@V?$allocator@V?$Rect@_J@solax@@@std@@@2@@std@@@async@dvacore@@QEBA?A_P$$QEAV?$shared_ptr@VAsyncExecutor@threads@dvacore@@@std@@$$QEAV<lambda_2>@?5??RunPreSegmentation@PreSegmentationWrapper@DVACompute@@UEAA?AV?$Future@UPreSegmentationResult@DVACompute@@@34@AEBV?$InterfaceRef@UIVideoFrame@MF@@@classref@4@@Z@@Z@V?$Promise@UPreSegmentationResult@DVACompute@@@34@@?$Future@U?$pair@V?$shared_ptr@V?$Image_@E@solax@@@std@@V?$vector@V?$Rect@_J@solax@@V?$allocator@V?$Rect@_J@solax@@@std@@@2@@std@@@45@AEBA?A_P$$QEAV1?1???$OnSuccessWithExecutor@V?$shared_ptr@VAsyncExecutor@threads@dvacore@@@std@@V<lambda_2>@?5??RunPreSegmentation@PreSegmentationWrapper@DVACompute@@UEAA?AV?$Future@UPreSegmentationResult@DVACompute@@@async@dvacore@@AEBV?$InterfaceRef@UIVideoFrame@MF@@@classref@9@@Z@@845@QEBA?A_P0$$QEAV<lambda_2>@?5??RunPreSegmentation@PreSegmentationWrapper@DVACompute@@UEAA?AV?$Future@UPreSegmentationResult@DVACompute@@@45@AEBV?$InterfaceRef@UIVideoFrame@MF@@@classref@5@@Z@@Z@$$QEAV?$Promise@UPreSegmentationResult@DVACompute@@@45@@Z@@Z@$$A6AXXZ@detail@dvacore@@@allocator@dvacore@@
AeCompute.dll,156924256,0x95a7960,track,.?AV?$_Ref_count_resource_alloc@PEAVVectorSelectionTracker@DVACompute@@V<lambda_1>@?6???$Allocate@VVectorSelectionTracker@DVACompute@@@?$AllocateClassInstanceHelper@VVectorSelectionTracker@DVACompute@@@detail@classref@dvacore@@SA?AV?$shared_ptr@VVectorSelectionTracker@DVACompute@@@std@@XZ@U?$STLAllocator@VVectorSelectionTracker@DVACompute@@@allocator@7@@std@@
AeCompute.dll,156924640,0x95a7ae0,track,.?AUIVectorSelectionTracker@DVACompute@@
AeCompute.dll,156924704,0x95a7b20,flow,.?AUStorageBase@Value@flow@@
AeCompute.dll,156924752,0x95a7b50,flow,.?AV?$_Func_base@XAEAVTaskGraph@flow@@_KAEBVTaskData@2@@std@@
AeCompute.dll,156924832,0x95a7ba0,flow,.?AVHandle@flow@@
AeCompute.dll,156924872,0x95a7bc8,flow,.?AVGraphHandle@flow@@
AeCompute.dll,156924912,0x95a7bf0,flow,.?AVGraphElementHandle@flow@@
AeCompute.dll,156924960,0x95a7c20,flow,.?AVNode@flow@@
AeCompute.dll,156924992,0x95a7c40,flow,.?AVSocket@flow@@
AeCompute.dll,156925040,0x95a7c70,flow,.?AV?$_Func_base@_NAEAVNodeContext@flow@@@std@@
AeCompute.dll,156925184,0x95a7d00,track,.?AV?$_Ref_count_obj2@UChunkTrackerState@?1??Track@VectorSelectionTracker@DVACompute@@UEAA_NAEBUVectorSelectionTrackerInputParams@4@@Z@@std@@
AeCompute.dll,156925344,0x95a7da0,flow,.?AV?$_Ref_count_obj2@VAutoDumpTaskRecorder@flow@@@std@@
AeCompute.dll,156925488,0x95a7e30,flow,.?AU?$Storage@_N@Value@flow@@
AeCompute.dll,156925536,0x95a7e60,flow,.?AU?$Storage@Ueof_t@flow@@@Value@flow@@
AeCompute.dll,156925600,0x95a7ea0,flow,.?AU?$Storage@H@Value@flow@@
AeCompute.dll,156925648,0x95a7ed0,track|flow,.?AV?$_Func_impl_no_alloc@V<lambda_1>@?1??Track@VectorSelectionTracker@DVACompute@@UEAA_NAEBUVectorSelectionTrackerInputParams@4@@Z@_NAEAVNodeContext@flow@@@std@@
AeCompute.dll,156925840,0x95a7f90,flow,.?AU?$Storage@W4ScalarType@solax@@@Value@flow@@
AeCompute.dll,156925904,0x95a7fd0,flow,.?AU?$Storage@W4ColorSpace@solax@@@Value@flow@@
AeCompute.dll,156925968,0x95a8010,flow,.?AU?$Storage@V?$basic_string@DU?$char_traits@D@std@@V?$allocator@D@2@@std@@@Value@flow@@
AeCompute.dll,156926080,0x95a8080,flow,.?AU?$Storage@M@Value@flow@@
AeCompute.dll,156926128,0x95a80b0,track,.?AV?$_Func_impl_no_alloc@V<lambda_4>@?8??Track@VectorSelectionTracker@DVACompute@@UEAA_NAEBUVectorSelectionTrackerInputParams@4@@Z@X$$V@std@@
AeCompute.dll,156926288,0x95a8150,track,.?AV?$_Func_impl_no_alloc@V<lambda_2>@?8??Track@VectorSelectionTracker@DVACompute@@UEAA_NAEBUVectorSelectionTrackerInputParams@4@@Z@X$$V@std@@
AeCompute.dll,156926448,0x95a81f0,track,.?AV?$_Func_impl_no_alloc@V<lambda_3>@?8??Track@VectorSelectionTracker@DVACompute@@UEAA_NAEBUVectorSelectionTrackerInputParams@4@@Z@_N$$V@std@@
AeCompute.dll,156926608,0x95a8290,track|flow,.?AV?$_Func_impl_no_alloc@V<lambda_5>@?8??Track@VectorSelectionTracker@DVACompute@@UEAA_NAEBUVectorSelectionTrackerInputParams@4@@Z@XAEAVTaskGraph@flow@@_KAEBVTaskData@7@@std@@
AeCompute.dll,156926816,0x95a8360,flow,.?AU?$Storage@V?$shared_ptr@VImage@solax@@@std@@@Value@flow@@
AeCompute.dll,156926896,0x95a83b0,flow,.?AV?$_Ref_count_obj2@V?$variant@V?$vector@VRational@solax@@V?$allocator@VRational@solax@@@std@@@std@@U?$ScalarRange@VRational@solax@@V12@@flow@@@std@@@std@@
AeCompute.dll,156927072,0x95a8460,flow,.?AU?$Storage@V?$ScalarSubset@VRational@solax@@V12@@flow@@@Value@flow@@
AeCompute.dll,156927160,0x95a84b8,flow,.?AU?$Storage@VRational@solax@@@Value@flow@@
AeCompute.dll,156927224,0x95a84f8,flow,.?AVTaskFutureBase@flow@@
AeCompute.dll,156927392,0x95a85a0,flow,.?AVTaskExecutor@flow@@
AeCompute.dll,156927440,0x95a85d0,flow,.?AV?$FutureState@V?$vector@VTaskData@flow@@U?$STLAllocator@VTaskData@flow@@@allocator@dvacore@@@std@@@detail@async@dvacore@@
AeCompute.dll,156927584,0x95a8660,flow,.?AV?$FutureState@VTaskData@flow@@@detail@async@dvacore@@
AeCompute.dll,156927664,0x95a86b0,flow,.?AV?$_Ref_count_obj2@U?$SchedulingState@U?$FuturesAPI@V?$Future@VTaskData@flow@@@async@dvacore@@@flow@@@flow@@@std@@
AeCompute.dll,156927984,0x95a87f0,flow,.?AV?$_Func_base@VTaskData@flow@@$$V@std@@
AeCompute.dll,156928128,0x95a8880,flow,.?AV?$_Ref_count_obj_alloc3@V?$FutureState@V?$vector@VTaskData@flow@@U?$STLAllocator@VTaskData@flow@@@allocator@dvacore@@@std@@@detail@async@dvacore@@U?$STLAllocator@V?$FutureState@V?$vector@VTaskData@flow@@U?$STLAllocator@VTaskData@flow@@@allocator@dvacore@@@std@@@detail@async@dvacore@@@allocator@4@@std@@
AeCompute.dll,156928464,0x95a89d0,flow,.?AV?$_Ebco_base@U?$STLAllocator@V?$FutureState@V?$vector@VTaskData@flow@@U?$STLAllocator@VTaskData@flow@@@allocator@dvacore@@@std@@@detail@async@dvacore@@@allocator@dvacore@@$00@std@@
AeCompute.dll,156928672,0x95a8aa0,flow,.?AU?$STLAllocator@V?$FutureState@V?$vector@VTaskData@flow@@U?$STLAllocator@VTaskData@flow@@@allocator@dvacore@@@std@@@detail@async@dvacore@@@allocator@dvacore@@
AeCompute.dll,156928864,0x95a8b60,flow,.?AV?$_Func_impl_no_alloc@V<lambda_5>@?1??execute@DVATransmuteTaskExecutor@DVACompute@@UEAA?AVTaskFuture@flow@@V?$shared_ptr@VTaskGraph@flow@@@std@@@Z@X$$V@std@@
AeCompute.dll,156929152,0x95a8c80,flow,.?AV?$_Ref_count_obj_alloc3@V?$FutureState@VTaskData@flow@@@detail@async@dvacore@@U?$STLAllocator@V?$FutureState@VTaskData@flow@@@detail@async@dvacore@@@allocator@4@@std@@
AeCompute.dll,156929344,0x95a8d40,flow,.?AV?$_Ebco_base@U?$STLAllocator@V?$FutureState@VTaskData@flow@@@detail@async@dvacore@@@allocator@dvacore@@$00@std@@
AeCompute.dll,156929488,0x95a8dd0,flow,.?AU?$STLAllocator@V?$FutureState@VTaskData@flow@@@detail@async@dvacore@@@allocator@dvacore@@
AeCompute.dll,156929600,0x95a8e40,flow,.?AV?$_Func_impl_no_alloc@V<lambda_1>@?4??execute@DVATransmuteTaskExecutor@DVACompute@@UEAA?AVTaskFuture@flow@@V?$shared_ptr@VTaskGraph@flow@@@std@@@Z@_N$$V@std@@
AeCompute.dll,156929792,0x95a8f00,flow,.?AV?$_Func_impl_no_alloc@V<lambda_2>@?7??execute@DVATransmuteTaskExecutor@DVACompute@@UEAA?AVTaskFuture@flow@@V?$shared_ptr@VTaskGraph@flow@@@std@@@Z@XAEAVTaskGraph@6@_KAEBVTaskData@6@@std@@
AeCompute.dll,156930000,0x95a8fd0,flow,.?AV?$_Func_impl_no_alloc@V<lambda_3>@?7??execute@DVATransmuteTaskExecutor@DVACompute@@UEAA?AVTaskFuture@flow@@V?$shared_ptr@VTaskGraph@flow@@@std@@@Z@XAEAVTaskGraph@6@_KAEBVTaskData@6@@std@@
AeCompute.dll,156930208,0x95a90a0,flow,.?AV?$_Func_impl_no_alloc@V<lambda_4>@?7??execute@DVATransmuteTaskExecutor@DVACompute@@UEAA?AVTaskFuture@flow@@V?$shared_ptr@VTaskGraph@flow@@@std@@@Z@XAEAVTaskGraph@6@_KAEBVTaskData@6@@std@@
AeCompute.dll,156930416,0x95a9170,flow,.?AV?$InvocationImplementation@V<lambda_1>@?1???$AddContinuationWithExecutor@V?$shared_ptr@VAsyncExecutor@threads@dvacore@@@std@@V<lambda_1>@?1???$MakeContinuation@V<lambda_1>@?1???$OnSuccessWithExecutor@V?$shared_ptr@VAsyncExecutor@threads@dvacore@@@std@@V<lambda_1>@?1???$AllOf@V?$vector@V?$Future@VTaskData@flow@@@async@dvacore@@U?$STLAllocator@V?$Future@VTaskData@flow@@@async@dvacore@@@allocator@3@@std@@@async@dvacore@@YA?A_PV?$vector@V?$Future@VTaskData@flow@@@async@dvacore@@U?$STLAllocator@V?$Future@VTaskData@flow@@@async@dvacore@@@allocator@3@@2@@Z@@?$Future@X@async@dvacore@@QEBA?A_P$$QEAV?$shared_ptr@VAsyncExecutor@threads@dvacore@@@std@@$$QEAV1?1???$AllOf@V?$vector@V?$Future@VTaskData@flow@@@async@dvacore@@U?$STLAllocator@V?$Future@VTaskData@flow@@@async@dvacore@@@allocator@3@@std@@@34@YA?A_PV?$vector@V?$Future@VTaskData@flow@@@async@dvacore@@U?$STLAllocator@V?$Future@VTaskData@flow@@@async@dvacore@@@allocator@3@@6@@Z@@Z@V?$Promise@V?$vector@VTaskData@flow@@U?$STLAllocator@VTaskData@flow@@@allocator@dvacore@@@std@@@34@@?$Future@X@async@dvacore@@AEBA?A_P$$QEAV3?1???$OnSuccessWithExecutor@V?$shared_ptr@VAsyncExecutor@threads@dvacore@@@std@@V<lambda_1>@?1???$AllOf@V?$vector@V?$Future@VTaskData@flow@@@async@dvacore@@U?$STLAllocator@V?$Future@VTaskData@flow@@@async@dvacore@@@allocator@3@@std@@@async@dvacore@@YA?A_PV?$vector@V?$Future@VTaskData@flow@@@async@dvacore@@U?$STLAllocator@V?$Future@VTaskData@flow@@@async@dvacore@@@allocator@3@@2@@Z@@456@QEBA?A_P$$QEAV12@$$QEAV3?1???$AllOf@V?$vector@V?$Future@VTaskData@flow@@@async@dvacore@@U?$STLAllocator@V?$Future@VTaskData@flow@@@async@dvacore@@@allocator@3@@std@@@56@YA?A_PV?$vector@V?$Future@VTaskData@flow@@@async@dvacore@@U?$STLAllocator@V?$Future@VTaskData@flow@@@async@dvacore@@@allocator@3@@2@@Z@@Z@$$QEAV?$Promise@V?$vector@VTaskData@flow@@U?$STLAllocator@VTaskData@flow@@@allocator@dvacore@@@std@@@56@@Z@@UntypedFutureState@detail@async@dvacore@@QEAAX$$QEAV?$shared_ptr@VAsyncExecutor@threads@dvacore@@@std@@$$QEAV1?1???$MakeContinuation@V<lambda_1>@?1???$OnSuccessWithExecutor@V?$shared_ptr@VAsyncExecutor@threads@dvacore@@@std@@V<lambda_1>@?1???$AllOf@V?$vector@V?$Future@VTaskData@flow@@@async@dvacore@@U?$STLAllocator@V?$Future@VTaskData@flow@@@async@dvacore@@@allocator@3@@std@@@async@dvacore@@YA?A_PV?$vector@V?$Future@VTaskData@flow@@@async@dvacore@@U?$STLAllocator@V?$Future@VTaskData@flow@@@async@dvacore@@@allocator@3@@2@@Z@@?$Future@X@async@dvacore@@QEBA?A_P$$QEAV?$shared_ptr@VAsyncExecutor@threads@dvacore@@@std@@$$QEAV1?1???$AllOf@V?$vector@V?$Future@VTaskData@flow@@@async@dvacore@@U?$STLAllocator@V?$Future@VTaskData@flow@@@async@dvacore@@@allocator@3@@std@@@34@YA?A_PV?$vector@V?$Future@VTaskData@flow@@@async@dvacore@@U?$STLAllocator@V?$Future@VTaskData@flow@@@async@dvacore@@@allocator@3@@6@@Z@@Z@V?$Promise@V?$vector@VTaskData@flow@@U?$STLAllocator@VTaskData@flow@@@allocator@dvacore@@@std@@@34@@?$Future@X@45@AEBA?A_P$$QEAV1?1???$OnSuccessWithExecutor@V?$shared_ptr@VAsyncExecutor@threads@dvacore@@@std@@V<lambda_1>@?1???$AllOf@V?$vector@V?$Future@VTaskData@flow@@@async@dvacore@@U?$STLAllocator@V?$Future@VTaskData@flow@@@async@dvacore@@@allocator@3@@std@@@async@dvacore@@YA?A_PV?$vector@V?$Future@VTaskData@flow@@@async@dvacore@@U?$STLAllocator@V?$Future@VTaskData@flow@@@async@dvacore@@@allocator@3@@2@@Z@@845@QEBA?A_P0$$QEAV1?1???$AllOf@V?$vector@V?$Future@VTaskData@flow@@@async@dvacore@@U?$STLAllocator@V?$Future@VTaskData@flow@@@async@dvacore@@@allocator@3@@std@@@45@YA?A_PV?$vector@V?$Future@VTaskData@flow@@@async@dvacore@@U?$STLAllocator@V?$Future@VTaskData@flow@@@async@dvacore@@@allocator@3@@7@@Z@@Z@$$QEAV?$Promise@V?$vector@VTaskData@flow@@U?$STLAllocator@VTaskData@flow@@@allocator@dvacore@@@std@@@45@@Z@@Z@$$A6AXXZ@detail@dvacore@@
AeCompute.dll,156934192,0x95aa030,flow,.?AV?$InvocationImplementation@V<lambda_1>@?1???$AddContinuationWithExecutor@AEAV?$shared_ptr@VAsyncExecutor@threads@dvacore@@@std@@V<lambda_1>@?1???$MakeContinuation@V<lambda_1>@?1???$OnSuccessWithExecutor@AEAV?$shared_ptr@VAsyncExecutor@threads@dvacore@@@std@@V<lambda_1>@?1???$run@U?$FuturesAPI@V?$Future@VTaskData@flow@@@async@dvacore@@@flow@@@Impl@DVATransmuteTaskExecutor@DVACompute@@QEAA?A_PV?$shared_ptr@U?$SchedulingState@U?$FuturesAPI@V?$Future@VTaskData@flow@@@async@dvacore@@@flow@@@flow@@@2@$$QEAU?$FuturesAPI@V?$Future@VTaskData@flow@@@async@dvacore@@@flow@@@Z@@?$Future@_N@async@dvacore@@QEBA?A_PAEAV?$shared_ptr@VAsyncExecutor@threads@dvacore@@@std@@$$QEAV1?1???$run@U?$FuturesAPI@V?$Future@VTaskData@flow@@@async@dvacore@@@flow@@@Impl@DVATransmuteTaskExecutor@DVACompute@@QEAA?A_PV?$shared_ptr@U?$SchedulingState@U?$FuturesAPI@V?$Future@VTaskData@flow@@@async@dvacore@@@flow@@@flow@@@6@$$QEAU?$FuturesAPI@V?$Future@VTaskData@flow@@@async@dvacore@@@flow@@@Z@@Z@V?$Promise@X@34@@?$Future@_N@async@dvacore@@AEBA?A_P$$QEAV3?1???$OnSuccessWithExecutor@AEAV?$shared_ptr@VAsyncExecutor@threads@dvacore@@@std@@V<lambda_1>@?1???$run@U?$FuturesAPI@V?$Future@VTaskData@flow@@@async@dvacore@@@flow@@@Impl@DVATransmuteTaskExecutor@DVACompute@@QEAA?A_PV?$shared_ptr@U?$SchedulingState@U?$FuturesAPI@V?$Future@VTaskData@flow@@@async@dvacore@@@flow@@@flow@@@2@$$QEAU?$FuturesAPI@V?$Future@VTaskData@flow@@@async@dvacore@@@flow@@@Z@@456@QEBA?A_PAEAV12@$$QEAV3?1???$run@U?$FuturesAPI@V?$Future@VTaskData@flow@@@async@dvacore@@@flow@@@Impl@DVATransmuteTaskExecutor@DVACompute@@QEAA?A_PV?$shared_ptr@U?$SchedulingState@U?$FuturesAPI@V?$Future@VTaskData@flow@@@async@dvacore@@@flow@@@flow@@@2@$$QEAU?$FuturesAPI@V?$Future@VTaskData@flow@@@async@dvacore@@@flow@@@Z@@Z@$$QEAV?$Promise@X@56@@Z@@UntypedFutureState@detail@async@dvacore@@QEAAXAEAV?$shared_ptr@VAsyncExecutor@threads@dvacore@@@std@@$$QEAV1?1???$MakeContinuation@V<lambda_1>@?1???$OnSuccessWithExecutor@AEAV?$shared_ptr@VAsyncExecutor@threads@dvacore@@@std@@V<lambda_1>@?1???$run@U?$FuturesAPI@V?$Future@VTaskData@flow@@@async@dvacore@@@flow@@@Impl@DVATransmuteTaskExecutor@DVACompute@@QEAA?A_PV?$shared_ptr@U?$SchedulingState@U?$FuturesAPI@V?$Future@VTaskData@flow@@@async@dvacore@@@flow@@@flow@@@2@$$QEAU?$FuturesAPI@V?$Future@VTaskData@flow@@@async@dvacore@@@flow@@@Z@@?$Future@_N@async@dvacore@@QEBA?A_PAEAV?$shared_ptr@VAsyncExecutor@threads@dvacore@@@std@@$$QEAV1?1???$run@U?$FuturesAPI@V?$Future@VTaskData@flow@@@async@dvacore@@@flow@@@Impl@DVATransmuteTaskExecutor@DVACompute@@QEAA?A_PV?$shared_ptr@U?$SchedulingState@U?$FuturesAPI@V?$Future@VTaskData@flow@@@async@dvacore@@@flow@@@flow@@@6@$$QEAU?$FuturesAPI@V?$Future@VTaskData@flow@@@async@dvacore@@@flow@@@Z@@Z@V?$Promise@X@34@@?$Future@_N@45@AEBA?A_P$$QEAV1?1???$OnSuccessWithExecutor@AEAV?$shared_ptr@VAsyncExecutor@threads@dvacore@@@std@@V<lambda_1>@?1???$run@U?$FuturesAPI@V?$Future@VTaskData@flow@@@async@dvacore@@@flow@@@Impl@DVATransmuteTaskExecutor@DVACompute@@QEAA?A_PV?$shared_ptr@U?$SchedulingState@U?$FuturesAPI@V?$Future@VTaskData@flow@@@async@dvacore@@@flow@@@flow@@@2@$$QEAU?$FuturesAPI@V?$Future@VTaskData@flow@@@async@dvacore@@@flow@@@Z@@845@QEBA?A_P0$$QEAV1?1???$run@U?$FuturesAPI@V?$Future@VTaskData@flow@@@async@dvacore@@@flow@@@Impl@DVATransmuteTaskExecutor@DVACompute@@QEAA?A_PV?$shared_ptr@U?$SchedulingState@U?$FuturesAPI@V?$Future@VTaskData@flow@@@async@dvacore@@@flow@@@flow@@@7@$$QEAU?$FuturesAPI@V?$Future@VTaskData@flow@@@async@dvacore@@@flow@@@Z@@Z@$$QEAV?$Promise@X@45@@Z@@Z@$$A6AXXZ@detail@dvacore@@
AeCompute.dll,156937760,0x95aae20,flow,.?AV?$_Func_impl_no_alloc@V<lambda_1>@?1???$schedule_step@V?$shared_ptr@VAsyncExecutor@threads@dvacore@@@std@@U?$FuturesAPI@V?$Future@VTaskData@flow@@@async@dvacore@@@flow@@@flow@@YA?AW4ScheduleStepResult@2@AEAV?$shared_ptr@VAsyncExecutor@threads@dvacore@@@std@@V?$shared_ptr@U?$SchedulingState@U?$FuturesAPI@V?$Future@VTaskData@flow@@@async@dvacore@@@flow@@@flow@@@5@AEBU?$FuturesAPI@V?$Future@VTaskData@flow@@@async@dvacore@@@2@@Z@_N$$V@std@@
AeCompute.dll,156938224,0x95aaff0,flow,.?AV?$_Func_impl_no_alloc@V<lambda_2>@?BB@???$schedule_step@V?$shared_ptr@VAsyncExecutor@threads@dvacore@@@std@@U?$FuturesAPI@V?$Future@VTaskData@flow@@@async@dvacore@@@flow@@@flow@@YA?AW4ScheduleStepResult@2@AEAV?$shared_ptr@VAsyncExecutor@threads@dvacore@@@std@@V?$shared_ptr@U?$SchedulingState@U?$FuturesAPI@V?$Future@VTaskData@flow@@@async@dvacore@@@flow@@@flow@@@5@AEBU?$FuturesAPI@V?$Future@VTaskData@flow@@@async@dvacore@@@2@@Z@VTaskData@2@$$V@std@@
AeCompute.dll,156938704,0x95ab1d0,flow,.?AV?$_Ref_count_obj_alloc3@V<lambda_1>@?1???$MakeContinuation@V<lambda_1>@?1???$OnSuccessWithExecutor@V?$shared_ptr@VAsyncExecutor@threads@dvacore@@@std@@V<lambda_1>@?1???$AllOf@V?$vector@V?$Future@VTaskData@flow@@@async@dvacore@@U?$STLAllocator@V?$Future@VTaskData@flow@@@async@dvacore@@@allocator@3@@std@@@async@dvacore@@YA?A_PV?$vector@V?$Future@VTaskData@flow@@@async@dvacore@@U?$STLAllocator@V?$Future@VTaskData@flow@@@async@dvacore@@@allocator@3@@2@@Z@@?$Future@X@async@dvacore@@QEBA?A_P$$QEAV?$shared_ptr@VAsyncExecutor@threads@dvacore@@@std@@$$QEAV1?1???$AllOf@V?$vector@V?$Future@VTaskData@flow@@@async@dvacore@@U?$STLAllocator@V?$Future@VTaskData@flow@@@async@dvacore@@@allocator@3@@std@@@34@YA?A_PV?$vector@V?$Future@VTaskData@flow@@@async@dvacore@@U?$STLAllocator@V?$Future@VTaskData@flow@@@async@dvacore@@@allocator@3@@6@@Z@@Z@V?$Promise@V?$vector@VTaskData@flow@@U?$STLAllocator@VTaskData@flow@@@allocator@dvacore@@@std@@@34@@?$Future@X@async@dvacore@@AEBA?A_P$$QEAV1?1???$OnSuccessWithExecutor@V?$shared_ptr@VAsyncExecutor@threads@dvacore@@@std@@V<lambda_1>@?1???$AllOf@V?$vector@V?$Future@VTaskData@flow@@@async@dvacore@@U?$STLAllocator@V?$Future@VTaskData@flow@@@async@dvacore@@@allocator@3@@std@@@async@dvacore@@YA?A_PV?$vector@V?$Future@VTaskData@flow@@@async@dvacore@@U?$STLAllocator@V?$Future@VTaskData@flow@@@async@dvacore@@@allocator@3@@2@@Z@@234@QEBA?A_P$$QEAV?$shared_ptr@VAsyncExecutor@threads@dvacore@@@std@@$$QEAV1?1???$AllOf@V?$vector@V?$Future@VTaskData@flow@@@async@dvacore@@U?$STLAllocator@V?$Future@VTaskData@flow@@@async@dvacore@@@allocator@3@@std@@@34@YA?A_PV?$vector@V?$Future@VTaskData@flow@@@async@dvacore@@U?$STLAllocator@V?$Future@VTaskData@flow@@@async@dvacore@@@allocator@3@@6@@Z@@Z@$$QEAV?$Promise@V?$vector@VTaskData@flow@@U?$STLAllocator@VTaskData@flow@@@allocator@dvacore@@@std@@@34@@Z@U?$STLAllocator@V<lambda_1>@?1???$MakeContinuation@V<lambda_1>@?1???$OnSuccessWithExecutor@V?$shared_ptr@VAsyncExecutor@threads@dvacore@@@std@@V<lambda_1>@?1???$AllOf@V?$vector@V?$Future@VTaskData@flow@@@async@dvacore@@U?$STLAllocator@V?$Future@VTaskData@flow@@@async@dvacore@@@allocator@3@@std@@@async@dvacore@@YA?A_PV?$vector@V?$Future@VTaskData@flow@@@async@dvacore@@U?$STLAllocator@V?$Future@VTaskData@flow@@@async@dvacore@@@allocator@3@@2@@Z@@?$Future@X@async@dvacore@@QEBA?A_P$$QEAV?$shared_ptr@VAsyncExecutor@threads@dvacore@@@std@@$$QEAV1?1???$AllOf@V?$vector@V?$Future@VTaskData@flow@@@async@dvacore@@U?$STLAllocator@V?$Future@VTaskData@flow@@@async@dvacore@@@allocator@3@@std@@@34@YA?A_PV?$vector@V?$Future@VTaskData@flow@@@async@dvacore@@U?$STLAllocator@V?$Future@VTaskData@flow@@@async@dvacore@@@allocator@3@@6@@Z@@Z@V?$Promise@V?$vector@VTaskData@flow@@U?$STLAllocator@VTaskData@flow@@@allocator@dvacore@@@std@@@34@@?$Future@X@async@dvacore@@AEBA?A_P$$QEAV1?1???$OnSuccessWithExecutor@V?$shared_ptr@VAsyncExecutor@threads@dvacore@@@std@@V<lambda_1>@?1???$AllOf@V?$vector@V?$Future@VTaskData@flow@@@async@dvacore@@U?$STLAllocator@V?$Future@VTaskData@flow@@@async@dvacore@@@allocator@3@@std@@@async@dvacore@@YA?A_PV?$vector@V?$Future@VTaskData@flow@@@async@dvacore@@U?$STLAllocator@V?$Future@VTaskData@flow@@@async@dvacore@@@allocator@3@@2@@Z@@234@QEBA?A_P$$QEAV?$shared_ptr@VAsyncExecutor@threads@dvacore@@@std@@$$QEAV1?1???$AllOf@V?$vector@V?$Future@VTaskData@flow@@@async@dvacore@@U?$STLAllocator@V?$Future@VTaskData@flow@@@async@dvacore@@@allocator@3@@std@@@34@YA?A_PV?$vector@V?$Future@VTaskData@flow@@@async@dvacore@@U?$STLAllocator@V?$Future@VTaskData@flow@@@async@dvacore@@@allocator@3@@6@@Z@@Z@$$QEAV?$Promise@V?$vector@VTaskData@flow@@U?$STLAllocator@VTaskData@flow@@@allocator@dvacore@@@std@@@34@@Z@@allocator@4@@std@@
AeCompute.dll,156942400,0x95ac040,flow,.?AV?$_Ebco_base@U?$STLAllocator@V<lambda_1>@?1???$MakeContinuation@V<lambda_1>@?1???$OnSuccessWithExecutor@V?$shared_ptr@VAsyncExecutor@threads@dvacore@@@std@@V<lambda_1>@?1???$AllOf@V?$vector@V?$Future@VTaskData@flow@@@async@dvacore@@U?$STLAllocator@V?$Future@VTaskData@flow@@@async@dvacore@@@allocator@3@@std@@@async@dvacore@@YA?A_PV?$vector@V?$Future@VTaskData@flow@@@async@dvacore@@U?$STLAllocator@V?$Future@VTaskData@flow@@@async@dvacore@@@allocator@3@@2@@Z@@?$Future@X@async@dvacore@@QEBA?A_P$$QEAV?$shared_ptr@VAsyncExecutor@threads@dvacore@@@std@@$$QEAV1?1???$AllOf@V?$vector@V?$Future@VTaskData@flow@@@async@dvacore@@U?$STLAllocator@V?$Future@VTaskData@flow@@@async@dvacore@@@allocator@3@@std@@@34@YA?A_PV?$vector@V?$Future@VTaskData@flow@@@async@dvacore@@U?$STLAllocator@V?$Future@VTaskData@flow@@@async@dvacore@@@allocator@3@@6@@Z@@Z@V?$Promise@V?$vector@VTaskData@flow@@U?$STLAllocator@VTaskData@flow@@@allocator@dvacore@@@std@@@34@@?$Future@X@async@dvacore@@AEBA?A_P$$QEAV1?1???$OnSuccessWithExecutor@V?$shared_ptr@VAsyncExecutor@threads@dvacore@@@std@@V<lambda_1>@?1???$AllOf@V?$vector@V?$Future@VTaskData@flow@@@async@dvacore@@U?$STLAllocator@V?$Future@VTaskData@flow@@@async@dvacore@@@allocator@3@@std@@@async@dvacore@@YA?A_PV?$vector@V?$Future@VTaskData@flow@@@async@dvacore@@U?$STLAllocator@V?$Future@VTaskData@flow@@@async@dvacore@@@allocator@3@@2@@Z@@234@QEBA?A_P$$QEAV?$shared_ptr@VAsyncExecutor@threads@dvacore@@@std@@$$QEAV1?1???$AllOf@V?$vector@V?$Future@VTaskData@flow@@@async@dvacore@@U?$STLAllocator@V?$Future@VTaskData@flow@@@async@dvacore@@@allocator@3@@std@@@34@YA?A_PV?$vector@V?$Future@VTaskData@flow@@@async@dvacore@@U?$STLAllocator@V?$Future@VTaskData@flow@@@async@dvacore@@@allocator@3@@6@@Z@@Z@$$QEAV?$Promise@V?$vector@VTaskData@flow@@U?$STLAllocator@VTaskData@flow@@@allocator@dvacore@@@std@@@34@@Z@@allocator@dvacore@@$00@std@@
AeCompute.dll,156944288,0x95ac7a0,flow,.?AU?$STLAllocator@V<lambda_1>@?1???$MakeContinuation@V<lambda_1>@?1???$OnSuccessWithExecutor@V?$shared_ptr@VAsyncExecutor@threads@dvacore@@@std@@V<lambda_1>@?1???$AllOf@V?$vector@V?$Future@VTaskData@flow@@@async@dvacore@@U?$STLAllocator@V?$Future@VTaskData@flow@@@async@dvacore@@@allocator@3@@std@@@async@dvacore@@YA?A_PV?$vector@V?$Future@VTaskData@flow@@@async@dvacore@@U?$STLAllocator@V?$Future@VTaskData@flow@@@async@dvacore@@@allocator@3@@2@@Z@@?$Future@X@async@dvacore@@QEBA?A_P$$QEAV?$shared_ptr@VAsyncExecutor@threads@dvacore@@@std@@$$QEAV1?1???$AllOf@V?$vector@V?$Future@VTaskData@flow@@@async@dvacore@@U?$STLAllocator@V?$Future@VTaskData@flow@@@async@dvacore@@@allocator@3@@std@@@34@YA?A_PV?$vector@V?$Future@VTaskData@flow@@@async@dvacore@@U?$STLAllocator@V?$Future@VTaskData@flow@@@async@dvacore@@@allocator@3@@6@@Z@@Z@V?$Promise@V?$vector@VTaskData@flow@@U?$STLAllocator@VTaskData@flow@@@allocator@dvacore@@@std@@@34@@?$Future@X@async@dvacore@@AEBA?A_P$$QEAV1?1???$OnSuccessWithExecutor@V?$shared_ptr@VAsyncExecutor@threads@dvacore@@@std@@V<lambda_1>@?1???$AllOf@V?$vector@V?$Future@VTaskData@flow@@@async@dvacore@@U?$STLAllocator@V?$Future@VTaskData@flow@@@async@dvacore@@@allocator@3@@std@@@async@dvacore@@YA?A_PV?$vector@V?$Future@VTaskData@flow@@@async@dvacore@@U?$STLAllocator@V?$Future@VTaskData@flow@@@async@dvacore@@@allocator@3@@2@@Z@@234@QEBA?A_P$$QEAV?$shared_ptr@VAsyncExecutor@threads@dvacore@@@std@@$$QEAV1?1???$AllOf@V?$vector@V?$Future@VTaskData@flow@@@async@dvacore@@U?$STLAllocator@V?$Future@VTaskData@flow@@@async@dvacore@@@allocator@3@@std@@@34@YA?A_PV?$vector@V?$Future@VTaskData@flow@@@async@dvacore@@U?$STLAllocator@V?$Future@VTaskData@flow@@@async@dvacore@@@allocator@3@@6@@Z@@Z@$$QEAV?$Promise@V?$vector@VTaskData@flow@@U?$STLAllocator@VTaskData@flow@@@allocator@dvacore@@@std@@@34@@Z@@allocator@dvacore@@
AeCompute.dll,156946160,0x95acef0,flow,.?AV?$_Ref_count_obj_alloc3@V<lambda_1>@?1???$MakeContinuation@V<lambda_1>@?1???$OnSuccessWithExecutor@AEAV?$shared_ptr@VAsyncExecutor@threads@dvacore@@@std@@V<lambda_1>@?1???$run@U?$FuturesAPI@V?$Future@VTaskData@flow@@@async@dvacore@@@flow@@@Impl@DVATransmuteTaskExecutor@DVACompute@@QEAA?A_PV?$shared_ptr@U?$SchedulingState@U?$FuturesAPI@V?$Future@VTaskData@flow@@@async@dvacore@@@flow@@@flow@@@2@$$QEAU?$FuturesAPI@V?$Future@VTaskData@flow@@@async@dvacore@@@flow@@@Z@@?$Future@_N@async@dvacore@@QEBA?A_PAEAV?$shared_ptr@VAsyncExecutor@threads@dvacore@@@std@@$$QEAV1?1???$run@U?$FuturesAPI@V?$Future@VTaskData@flow@@@async@dvacore@@@flow@@@Impl@DVATransmuteTaskExecutor@DVACompute@@QEAA?A_PV?$shared_ptr@U?$SchedulingState@U?$FuturesAPI@V?$Future@VTaskData@flow@@@async@dvacore@@@flow@@@flow@@@6@$$QEAU?$FuturesAPI@V?$Future@VTaskData@flow@@@async@dvacore@@@flow@@@Z@@Z@V?$Promise@X@34@@?$Future@_N@async@dvacore@@AEBA?A_P$$QEAV1?1???$OnSuccessWithExecutor@AEAV?$shared_ptr@VAsyncExecutor@threads@dvacore@@@std@@V<lambda_1>@?1???$run@U?$FuturesAPI@V?$Future@VTaskData@flow@@@async@dvacore@@@flow@@@Impl@DVATransmuteTaskExecutor@DVACompute@@QEAA?A_PV?$shared_ptr@U?$SchedulingState@U?$FuturesAPI@V?$Future@VTaskData@flow@@@async@dvacore@@@flow@@@flow@@@2@$$QEAU?$FuturesAPI@V?$Future@VTaskData@flow@@@async@dvacore@@@flow@@@Z@@234@QEBA?A_PAEAV?$shared_ptr@VAsyncExecutor@threads@dvacore@@@std@@$$QEAV1?1???$run@U?$FuturesAPI@V?$Future@VTaskData@flow@@@async@dvacore@@@flow@@@Impl@DVATransmuteTaskExecutor@DVACompute@@QEAA?A_PV?$shared_ptr@U?$SchedulingState@U?$FuturesAPI@V?$Future@VTaskData@flow@@@async@dvacore@@@flow@@@flow@@@6@$$QEAU?$FuturesAPI@V?$Future@VTaskData@flow@@@async@dvacore@@@flow@@@Z@@Z@$$QEAV?$Promise@X@34@@Z@U?$STLAllocator@V<lambda_1>@?1???$MakeContinuation@V<lambda_1>@?1???$OnSuccessWithExecutor@AEAV?$shared_ptr@VAsyncExecutor@threads@dvacore@@@std@@V<lambda_1>@?1???$run@U?$FuturesAPI@V?$Future@VTaskData@flow@@@async@dvacore@@@flow@@@Impl@DVATransmuteTaskExecutor@DVACompute@@QEAA?A_PV?$shared_ptr@U?$SchedulingState@U?$FuturesAPI@V?$Future@VTaskData@flow@@@async@dvacore@@@flow@@@flow@@@2@$$QEAU?$FuturesAPI@V?$Future@VTaskData@flow@@@async@dvacore@@@flow@@@Z@@?$Future@_N@async@dvacore@@QEBA?A_PAEAV?$shared_ptr@VAsyncExecutor@threads@dvacore@@@std@@$$QEAV1?1???$run@U?$FuturesAPI@V?$Future@VTaskData@flow@@@async@dvacore@@@flow@@@Impl@DVATransmuteTaskExecutor@DVACompute@@QEAA?A_PV?$shared_ptr@U?$SchedulingState@U?$FuturesAPI@V?$Future@VTaskData@flow@@@async@dvacore@@@flow@@@flow@@@6@$$QEAU?$FuturesAPI@V?$Future@VTaskData@flow@@@async@dvacore@@@flow@@@Z@@Z@V?$Promise@X@34@@?$Future@_N@async@dvacore@@AEBA?A_P$$QEAV1?1???$OnSuccessWithExecutor@AEAV?$shared_ptr@VAsyncExecutor@threads@dvacore@@@std@@V<lambda_1>@?1???$run@U?$FuturesAPI@V?$Future@VTaskData@flow@@@async@dvacore@@@flow@@@Impl@DVATransmuteTaskExecutor@DVACompute@@QEAA?A_PV?$shared_ptr@U?$SchedulingState@U?$FuturesAPI@V?$Future@VTaskData@flow@@@async@dvacore@@@flow@@@flow@@@2@$$QEAU?$FuturesAPI@V?$Future@VTaskData@flow@@@async@dvacore@@@flow@@@Z@@234@QEBA?A_PAEAV?$shared_ptr@VAsyncExecutor@threads@dvacore@@@std@@$$QEAV1?1???$run@U?$FuturesAPI@V?$Future@VTaskData@flow@@@async@dvacore@@@flow@@@Impl@DVATransmuteTaskExecutor@DVACompute@@QEAA?A_PV?$shared_ptr@U?$SchedulingState@U?$FuturesAPI@V?$Future@VTaskData@flow@@@async@dvacore@@@flow@@@flow@@@6@$$QEAU?$FuturesAPI@V?$Future@VTaskData@flow@@@async@dvacore@@@flow@@@Z@@Z@$$QEAV?$Promise@X@34@@Z@@allocator@4@@std@@
AeCompute.dll,156949648,0x95adc90,flow,.?AV?$_Ebco_base@U?$STLAllocator@V<lambda_1>@?1???$MakeContinuation@V<lambda_1>@?1???$OnSuccessWithExecutor@AEAV?$shared_ptr@VAsyncExecutor@threads@dvacore@@@std@@V<lambda_1>@?1???$run@U?$FuturesAPI@V?$Future@VTaskData@flow@@@async@dvacore@@@flow@@@Impl@DVATransmuteTaskExecutor@DVACompute@@QEAA?A_PV?$shared_ptr@U?$SchedulingState@U?$FuturesAPI@V?$Future@VTaskData@flow@@@async@dvacore@@@flow@@@flow@@@2@$$QEAU?$FuturesAPI@V?$Future@VTaskData@flow@@@async@dvacore@@@flow@@@Z@@?$Future@_N@async@dvacore@@QEBA?A_PAEAV?$shared_ptr@VAsyncExecutor@threads@dvacore@@@std@@$$QEAV1?1???$run@U?$FuturesAPI@V?$Future@VTaskData@flow@@@async@dvacore@@@flow@@@Impl@DVATransmuteTaskExecutor@DVACompute@@QEAA?A_PV?$shared_ptr@U?$SchedulingState@U?$FuturesAPI@V?$Future@VTaskData@flow@@@async@dvacore@@@flow@@@flow@@@6@$$QEAU?$FuturesAPI@V?$Future@VTaskData@flow@@@async@dvacore@@@flow@@@Z@@Z@V?$Promise@X@34@@?$Future@_N@async@dvacore@@AEBA?A_P$$QEAV1?1???$OnSuccessWithExecutor@AEAV?$shared_ptr@VAsyncExecutor@threads@dvacore@@@std@@V<lambda_1>@?1???$run@U?$FuturesAPI@V?$Future@VTaskData@flow@@@async@dvacore@@@flow@@@Impl@DVATransmuteTaskExecutor@DVACompute@@QEAA?A_PV?$shared_ptr@U?$SchedulingState@U?$FuturesAPI@V?$Future@VTaskData@flow@@@async@dvacore@@@flow@@@flow@@@2@$$QEAU?$FuturesAPI@V?$Future@VTaskData@flow@@@async@dvacore@@@flow@@@Z@@234@QEBA?A_PAEAV?$shared_ptr@VAsyncExecutor@threads@dvacore@@@std@@$$QEAV1?1???$run@U?$FuturesAPI@V?$Future@VTaskData@flow@@@async@dvacore@@@flow@@@Impl@DVATransmuteTaskExecutor@DVACompute@@QEAA?A_PV?$shared_ptr@U?$SchedulingState@U?$FuturesAPI@V?$Future@VTaskData@flow@@@async@dvacore@@@flow@@@flow@@@6@$$QEAU?$FuturesAPI@V?$Future@VTaskData@flow@@@async@dvacore@@@flow@@@Z@@Z@$$QEAV?$Promise@X@34@@Z@@allocator@dvacore@@$00@std@@
AeCompute.dll,156951440,0x95ae390,flow,.?AU?$STLAllocator@V<lambda_1>@?1???$MakeContinuation@V<lambda_1>@?1???$OnSuccessWithExecutor@AEAV?$shared_ptr@VAsyncExecutor@threads@dvacore@@@std@@V<lambda_1>@?1???$run@U?$FuturesAPI@V?$Future@VTaskData@flow@@@async@dvacore@@@flow@@@Impl@DVATransmuteTaskExecutor@DVACompute@@QEAA?A_PV?$shared_ptr@U?$SchedulingState@U?$FuturesAPI@V?$Future@VTaskData@flow@@@async@dvacore@@@flow@@@flow@@@2@$$QEAU?$FuturesAPI@V?$Future@VTaskData@flow@@@async@dvacore@@@flow@@@Z@@?$Future@_N@async@dvacore@@QEBA?A_PAEAV?$shared_ptr@VAsyncExecutor@threads@dvacore@@@std@@$$QEAV1?1???$run@U?$FuturesAPI@V?$Future@VTaskData@flow@@@async@dvacore@@@flow@@@Impl@DVATransmuteTaskExecutor@DVACompute@@QEAA?A_PV?$shared_ptr@U?$SchedulingState@U?$FuturesAPI@V?$Future@VTaskData@flow@@@async@dvacore@@@flow@@@flow@@@6@$$QEAU?$FuturesAPI@V?$Future@VTaskData@flow@@@async@dvacore@@@flow@@@Z@@Z@V?$Promise@X@34@@?$Future@_N@async@dvacore@@AEBA?A_P$$QEAV1?1???$OnSuccessWithExecutor@AEAV?$shared_ptr@VAsyncExecutor@threads@dvacore@@@std@@V<lambda_1>@?1???$run@U?$FuturesAPI@V?$Future@VTaskData@flow@@@async@dvacore@@@flow@@@Impl@DVATransmuteTaskExecutor@DVACompute@@QEAA?A_PV?$shared_ptr@U?$SchedulingState@U?$FuturesAPI@V?$Future@VTaskData@flow@@@async@dvacore@@@flow@@@flow@@@2@$$QEAU?$FuturesAPI@V?$Future@VTaskData@flow@@@async@dvacore@@@flow@@@Z@@234@QEBA?A_PAEAV?$shared_ptr@VAsyncExecutor@threads@dvacore@@@std@@$$QEAV1?1???$run@U?$FuturesAPI@V?$Future@VTaskData@flow@@@async@dvacore@@@flow@@@Impl@DVATransmuteTaskExecutor@DVACompute@@QEAA?A_PV?$shared_ptr@U?$SchedulingState@U?$FuturesAPI@V?$Future@VTaskData@flow@@@async@dvacore@@@flow@@@flow@@@6@$$QEAU?$FuturesAPI@V?$Future@VTaskData@flow@@@async@dvacore@@@flow@@@Z@@Z@$$QEAV?$Promise@X@34@@Z@@allocator@dvacore@@
AeCompute.dll,156953200,0x95aea70,flow,.?AV?$_Func_impl_no_alloc@V<lambda_1>@?6???$CallContinuationAsync@V?$shared_ptr@VAsyncExecutor@threads@dvacore@@@std@@V<lambda_1>@?1???$MakeContinuation@V<lambda_1>@?1???$OnSuccessWithExecutor@V?$shared_ptr@VAsyncExecutor@threads@dvacore@@@std@@V<lambda_1>@?1???$AllOf@V?$vector@V?$Future@VTaskData@flow@@@async@dvacore@@U?$STLAllocator@V?$Future@VTaskData@flow@@@async@dvacore@@@allocator@3@@std@@@async@dvacore@@YA?A_PV?$vector@V?$Future@VTaskData@flow@@@async@dvacore@@U?$STLAllocator@V?$Future@VTaskData@flow@@@async@dvacore@@@allocator@3@@2@@Z@@?$Future@X@async@dvacore@@QEBA?A_P$$QEAV?$shared_ptr@VAsyncExecutor@threads@dvacore@@@std@@$$QEAV1?1???$AllOf@V?$vector@V?$Future@VTaskData@flow@@@async@dvacore@@U?$STLAllocator@V?$Future@VTaskData@flow@@@async@dvacore@@@allocator@3@@std@@@34@YA?A_PV?$vector@V?$Future@VTaskData@flow@@@async@dvacore@@U?$STLAllocator@V?$Future@VTaskData@flow@@@async@dvacore@@@allocator@3@@6@@Z@@Z@V?$Promise@V?$vector@VTaskData@flow@@U?$STLAllocator@VTaskData@flow@@@allocator@dvacore@@@std@@@34@@?$Future@X@async@dvacore@@AEBA?A_P$$QEAV3?1???$OnSuccessWithExecutor@V?$shared_ptr@VAsyncExecutor@threads@dvacore@@@std@@V<lambda_1>@?1???$AllOf@V?$vector@V?$Future@VTaskData@flow@@@async@dvacore@@U?$STLAllocator@V?$Future@VTaskData@flow@@@async@dvacore@@@allocator@3@@std@@@async@dvacore@@YA?A_PV?$vector@V?$Future@VTaskData@flow@@@async@dvacore@@U?$STLAllocator@V?$Future@VTaskData@flow@@@async@dvacore@@@allocator@3@@2@@Z@@456@QEBA?A_P$$QEAV12@$$QEAV3?1???$AllOf@V?$vector@V?$Future@VTaskData@flow@@@async@dvacore@@U?$STLAllocator@V?$Future@VTaskData@flow@@@async@dvacore@@@allocator@3@@std@@@56@YA?A_PV?$vector@V?$Future@VTaskData@flow@@@async@dvacore@@U?$STLAllocator@V?$Future@VTaskData@flow@@@async@dvacore@@@allocator@3@@2@@Z@@Z@$$QEAV?$Promise@V?$vector@VTaskData@flow@@U?$STLAllocator@VTaskData@flow@@@allocator@dvacore@@@std@@@56@@Z@@detail@async@dvacore@@YAX$$QEAV?$shared_ptr@VAsyncExecutor@threads@dvacore@@@std@@$$QEAV1?1???$MakeContinuation@V<lambda_1>@?1???$OnSuccessWithExecutor@V?$shared_ptr@VAsyncExecutor@threads@dvacore@@@std@@V<lambda_1>@?1???$AllOf@V?$vector@V?$Future@VTaskData@flow@@@async@dvacore@@U?$STLAllocator@V?$Future@VTaskData@flow@@@async@dvacore@@@allocator@3@@std@@@async@dvacore@@YA?A_PV?$vector@V?$Future@VTaskData@flow@@@async@dvacore@@U?$STLAllocator@V?$Future@VTaskData@flow@@@async@dvacore@@@allocator@3@@2@@Z@@?$Future@X@async@dvacore@@QEBA?A_P$$QEAV?$shared_ptr@VAsyncExecutor@threads@dvacore@@@std@@$$QEAV1?1???$AllOf@V?$vector@V?$Future@VTaskData@flow@@@async@dvacore@@U?$STLAllocator@V?$Future@VTaskData@flow@@@async@dvacore@@@allocator@3@@std@@@34@YA?A_PV?$vector@V?$Future@VTaskData@flow@@@async@dvacore@@U?$STLAllocator@V?$Future@VTaskData@flow@@@async@dvacore@@@allocator@3@@6@@Z@@Z@V?$Promise@V?$vector@VTaskData@flow@@U?$STLAllocator@VTaskData@flow@@@allocator@dvacore@@@std@@@34@@?$Future@X@34@AEBA?A_P$$QEAV1?1???$OnSuccessWithExecutor@V?$shared_ptr@VAsyncExecutor@threads@dvacore@@@std@@V<lambda_1>@?1???$AllOf@V?$vector@V?$Future@VTaskData@flow@@@async@dvacore@@U?$STLAllocator@V?$Future@VTaskData@flow@@@async@dvacore@@@allocator@3@@std@@@async@dvacore@@YA?A_PV?$vector@V?$Future@VTaskData@flow@@@async@dvacore@@U?$STLAllocator@V?$Future@VTaskData@flow@@@async@dvacore@@@allocator@3@@2@@Z@@734@QEBA?A_P0$$QEAV1?1???$AllOf@V?$vector@V?$Future@VTaskData@flow@@@async@dvacore@@U?$STLAllocator@V?$Future@VTaskData@flow@@@async@dvacore@@@allocator@3@@std@@@34@YA?A_PV?$vector@V?$Future@VTaskData@flow@@@async@dvacore@@U?$STLAllocator@V?$Future@VTaskData@flow@@@async@dvacore@@@allocator@3@@6@@Z@@Z@$$QEAV?$Promise@V?$vector@VTaskData@flow@@U?$STLAllocator@VTaskData@flow@@@allocator@dvacore@@@std@@@34@@Z@V?$shared_ptr@VUntypedFutureState@detail@async@dvacore@@@6@@Z@X$$V@std@@
AeCompute.dll,156956992,0x95af940,flow,.?AV?$_Func_impl_no_alloc@V<lambda_1>@?6???$CallContinuationAsync@V?$shared_ptr@VAsyncExecutor@threads@dvacore@@@std@@V<lambda_1>@?1???$MakeContinuation@V<lambda_1>@?1???$OnSuccessWithExecutor@AEAV?$shared_ptr@VAsyncExecutor@threads@dvacore@@@std@@V<lambda_1>@?1???$run@U?$FuturesAPI@V?$Future@VTaskData@flow@@@async@dvacore@@@flow@@@Impl@DVATransmuteTaskExecutor@DVACompute@@QEAA?A_PV?$shared_ptr@U?$SchedulingState@U?$FuturesAPI@V?$Future@VTaskData@flow@@@async@dvacore@@@flow@@@flow@@@2@$$QEAU?$FuturesAPI@V?$Future@VTaskData@flow@@@async@dvacore@@@flow@@@Z@@?$Future@_N@async@dvacore@@QEBA?A_PAEAV?$shared_ptr@VAsyncExecutor@threads@dvacore@@@std@@$$QEAV1?1???$run@U?$FuturesAPI@V?$Future@VTaskData@flow@@@async@dvacore@@@flow@@@Impl@DVATransmuteTaskExecutor@DVACompute@@QEAA?A_PV?$shared_ptr@U?$SchedulingState@U?$FuturesAPI@V?$Future@VTaskData@flow@@@async@dvacore@@@flow@@@flow@@@6@$$QEAU?$FuturesAPI@V?$Future@VTaskData@flow@@@async@dvacore@@@flow@@@Z@@Z@V?$Promise@X@34@@?$Future@_N@async@dvacore@@AEBA?A_P$$QEAV3?1???$OnSuccessWithExecutor@AEAV?$shared_ptr@VAsyncExecutor@threads@dvacore@@@std@@V<lambda_1>@?1???$run@U?$FuturesAPI@V?$Future@VTaskData@flow@@@async@dvacore@@@flow@@@Impl@DVATransmuteTaskExecutor@DVACompute@@QEAA?A_PV?$shared_ptr@U?$SchedulingState@U?$FuturesAPI@V?$Future@VTaskData@flow@@@async@dvacore@@@flow@@@flow@@@2@$$QEAU?$FuturesAPI@V?$Future@VTaskData@flow@@@async@dvacore@@@flow@@@Z@@456@QEBA?A_PAEAV12@$$QEAV3?1???$run@U?$FuturesAPI@V?$Future@VTaskData@flow@@@async@dvacore@@@flow@@@Impl@DVATransmuteTaskExecutor@DVACompute@@QEAA?A_PV?$shared_ptr@U?$SchedulingState@U?$FuturesAPI@V?$Future@VTaskData@flow@@@async@dvacore@@@flow@@@flow@@@2@$$QEAU?$FuturesAPI@V?$Future@VTaskData@flow@@@async@dvacore@@@flow@@@Z@@Z@$$QEAV?$Promise@X@56@@Z@@detail@async@dvacore@@YAX$$QEAV?$shared_ptr@VAsyncExecutor@threads@dvacore@@@std@@$$QEAV1?1???$MakeContinuation@V<lambda_1>@?1???$OnSuccessWithExecutor@AEAV?$shared_ptr@VAsyncExecutor@threads@dvacore@@@std@@V<lambda_1>@?1???$run@U?$FuturesAPI@V?$Future@VTaskData@flow@@@async@dvacore@@@flow@@@Impl@DVATransmuteTaskExecutor@DVACompute@@QEAA?A_PV?$shared_ptr@U?$SchedulingState@U?$FuturesAPI@V?$Future@VTaskData@flow@@@async@dvacore@@@flow@@@flow@@@2@$$QEAU?$FuturesAPI@V?$Future@VTaskData@flow@@@async@dvacore@@@flow@@@Z@@?$Future@_N@async@dvacore@@QEBA?A_PAEAV?$shared_ptr@VAsyncExecutor@threads@dvacore@@@std@@$$QEAV1?1???$run@U?$FuturesAPI@V?$Future@VTaskData@flow@@@async@dvacore@@@flow@@@Impl@DVATransmuteTaskExecutor@DVACompute@@QEAA?A_PV?$shared_ptr@U?$SchedulingState@U?$FuturesAPI@V?$Future@VTaskData@flow@@@async@dvacore@@@flow@@@flow@@@6@$$QEAU?$FuturesAPI@V?$Future@VTaskData@flow@@@async@dvacore@@@flow@@@Z@@Z@V?$Promise@X@34@@?$Future@_N@34@AEBA?A_P$$QEAV1?1???$OnSuccessWithExecutor@AEAV?$shared_ptr@VAsyncExecutor@threads@dvacore@@@std@@V<lambda_1>@?1???$run@U?$FuturesAPI@V?$Future@VTaskData@flow@@@async@dvacore@@@flow@@@Impl@DVATransmuteTaskExecutor@DVACompute@@QEAA?A_PV?$shared_ptr@U?$SchedulingState@U?$FuturesAPI@V?$Future@VTaskData@flow@@@async@dvacore@@@flow@@@flow@@@2@$$QEAU?$FuturesAPI@V?$Future@VTaskData@flow@@@async@dvacore@@@flow@@@Z@@734@QEBA?A_PAEAV56@$$QEAV1?1???$run@U?$FuturesAPI@V?$Future@VTaskData@flow@@@async@dvacore@@@flow@@@Impl@DVATransmuteTaskExecutor@DVACompute@@QEAA?A_PV?$shared_ptr@U?$SchedulingState@U?$FuturesAPI@V?$Future@VTaskData@flow@@@async@dvacore@@@flow@@@flow@@@6@$$QEAU?$FuturesAPI@V?$Future@VTaskData@flow@@@async@dvacore@@@flow@@@Z@@Z@$$QEAV?$Promise@X@34@@Z@V?$shared_ptr@VUntypedFutureState@detail@async@dvacore@@@6@@Z@X$$V@std@@
AeCompute.dll,156960576,0x95b0740,flow,.?AV?$InvocationImplementation@V<lambda_1>@?4???$SetUpOnExceptionHandler@V<lambda_1>@?1??default_exception_handler@?$FuturesAPI@V?$Future@VTaskData@flow@@@async@dvacore@@@flow@@SA@XZ@V?$Promise@X@async@dvacore@@@?$Future@X@async@dvacore@@IEBAX$$QEAV1?1??default_exception_handler@?$FuturesAPI@V?$Future@VTaskData@flow@@@async@dvacore@@@flow@@SA@XZ@$$QEAV?$Promise@X@34@@Z@$$A6AXXZ@detail@dvacore@@
AeCompute.dll,156960992,0x95b08e0,flow,.?AU?$Storage@V?$vector@VValue@flow@@V?$allocator@VValue@flow@@@std@@@std@@@Value@flow@@
AeCompute.dll,156961216,0x95b09c0,flow,.?AV?$InvocationImplementation@V<lambda_1>@?1???$AddContinuationWithExecutor@AEAV?$shared_ptr@VAsyncExecutor@threads@dvacore@@@std@@V<lambda_1>@?1???$MakeContinuation@V<lambda_1>@?1???$OnSuccessWithExecutor@AEAV?$shared_ptr@VAsyncExecutor@threads@dvacore@@@std@@V<lambda_1>@?1???$are_we_done@V?$shared_ptr@VAsyncExecutor@threads@dvacore@@@std@@U?$FuturesAPI@V?$Future@VTaskData@flow@@@async@dvacore@@@flow@@@flow@@YAXAEAV12@AEBU?$FuturesAPI@V?$Future@VTaskData@flow@@@async@dvacore@@@4@V?$shared_ptr@U?$SchedulingState@U?$FuturesAPI@V?$Future@VTaskData@flow@@@async@dvacore@@@flow@@@flow@@@2@@Z@@?$Future@X@async@dvacore@@QEBA?A_PAEAV?$shared_ptr@VAsyncExecutor@threads@dvacore@@@std@@$$QEAV1?1???$are_we_done@V?$shared_ptr@VAsyncExecutor@threads@dvacore@@@std@@U?$FuturesAPI@V?$Future@VTaskData@flow@@@async@dvacore@@@flow@@@flow@@YAX0AEBU?$FuturesAPI@V?$Future@VTaskData@flow@@@async@dvacore@@@7@V?$shared_ptr@U?$SchedulingState@U?$FuturesAPI@V?$Future@VTaskData@flow@@@async@dvacore@@@flow@@@flow@@@6@@Z@@Z@V?$Promise@X@34@@?$Future@X@async@dvacore@@AEBA?A_P$$QEAV3?1???$OnSuccessWithExecutor@AEAV?$shared_ptr@VAsyncExecutor@threads@dvacore@@@std@@V<lambda_1>@?1???$are_we_done@V?$shared_ptr@VAsyncExecutor@threads@dvacore@@@std@@U?$FuturesAPI@V?$Future@VTaskData@flow@@@async@dvacore@@@flow@@@flow@@YAXAEAV12@AEBU?$FuturesAPI@V?$Future@VTaskData@flow@@@async@dvacore@@@4@V?$shared_ptr@U?$SchedulingState@U?$FuturesAPI@V?$Future@VTaskData@flow@@@async@dvacore@@@flow@@@flow@@@2@@Z@@456@QEBA?A_PAEAV12@$$QEAV3?1???$are_we_done@V?$shared_ptr@VAsyncExecutor@threads@dvacore@@@std@@U?$FuturesAPI@V?$Future@VTaskData@flow@@@async@dvacore@@@flow@@@flow@@YAX0AEBU?$FuturesAPI@V?$Future@VTaskData@flow@@@async@dvacore@@@7@V?$shared_ptr@U?$SchedulingState@U?$FuturesAPI@V?$Future@VTaskData@flow@@@async@dvacore@@@flow@@@flow@@@2@@Z@@Z@$$QEAV?$Promise@X@56@@Z@@UntypedFutureState@detail@async@dvacore@@QEAAXAEAV?$shared_ptr@VAsyncExecutor@threads@dvacore@@@std@@$$QEAV1?1???$MakeContinuation@V<lambda_1>@?1???$OnSuccessWithExecutor@AEAV?$shared_ptr@VAsyncExecutor@threads@dvacore@@@std@@V<lambda_1>@?1???$are_we_done@V?$shared_ptr@VAsyncExecutor@threads@dvacore@@@std@@U?$FuturesAPI@V?$Future@VTaskData@flow@@@async@dvacore@@@flow@@@flow@@YAXAEAV12@AEBU?$FuturesAPI@V?$Future@VTaskData@flow@@@async@dvacore@@@4@V?$shared_ptr@U?$SchedulingState@U?$FuturesAPI@V?$Future@VTaskData@flow@@@async@dvacore@@@flow@@@flow@@@2@@Z@@?$Future@X@async@dvacore@@QEBA?A_PAEAV?$shared_ptr@VAsyncExecutor@threads@dvacore@@@std@@$$QEAV1?1???$are_we_done@V?$shared_ptr@VAsyncExecutor@threads@dvacore@@@std@@U?$FuturesAPI@V?$Future@VTaskData@flow@@@async@dvacore@@@flow@@@flow@@YAX0AEBU?$FuturesAPI@V?$Future@VTaskData@flow@@@async@dvacore@@@7@V?$shared_ptr@U?$SchedulingState@U?$FuturesAPI@V?$Future@VTaskData@flow@@@async@dvacore@@@flow@@@flow@@@6@@Z@@Z@V?$Promise@X@34@@?$Future@X@45@AEBA?A_P$$QEAV1?1???$OnSuccessWithExecutor@AEAV?$shared_ptr@VAsyncExecutor@threads@dvacore@@@std@@V<lambda_1>@?1???$are_we_done@V?$shared_ptr@VAsyncExecutor@threads@dvacore@@@std@@U?$FuturesAPI@V?$Future@VTaskData@flow@@@async@dvacore@@@flow@@@flow@@YAXAEAV12@AEBU?$FuturesAPI@V?$Future@VTaskData@flow@@@async@dvacore@@@4@V?$shared_ptr@U?$SchedulingState@U?$FuturesAPI@V?$Future@VTaskData@flow@@@async@dvacore@@@flow@@@flow@@@2@@Z@@845@QEBA?A_P0$$QEAV1?1???$are_we_done@V?$shared_ptr@VAsyncExecutor@threads@dvacore@@@std@@U?$FuturesAPI@V?$Future@VTaskData@flow@@@async@dvacore@@@flow@@@flow@@YAX0AEBU?$FuturesAPI@V?$Future@VTaskData@flow@@@async@dvacore@@@9@V?$shared_ptr@U?$SchedulingState@U?$FuturesAPI@V?$Future@VTaskData@flow@@@async@dvacore@@@flow@@@flow@@@7@@Z@@Z@$$QEAV?$Promise@X@45@@Z@@Z@$$A6AXXZ@detail@dvacore@@
AeCompute.dll,156964976,0x95b1870,flow,.?AV?$_Ebco_base@U?$STLAllocator@V<lambda_1>@?1???$MakeContinuation@V<lambda_1>@?1???$OnSuccessWithExecutor@AEAV?$shared_ptr@VAsyncExecutor@threads@dvacore@@@std@@V<lambda_3>@?BD@???$schedule_step@V?$shared_ptr@VAsyncExecutor@threads@dvacore@@@std@@U?$FuturesAPI@V?$Future@VTaskData@flow@@@async@dvacore@@@flow@@@flow@@YA?AW4ScheduleStepResult@4@AEAV12@V?$shared_ptr@U?$SchedulingState@U?$FuturesAPI@V?$Future@VTaskData@flow@@@async@dvacore@@@flow@@@flow@@@2@AEBU?$FuturesAPI@V?$Future@VTaskData@flow@@@async@dvacore@@@4@@Z@@?$Future@V?$vector@VTaskData@flow@@U?$STLAllocator@VTaskData@flow@@@allocator@dvacore@@@std@@@async@dvacore@@QEBA?A_PAEAV?$shared_ptr@VAsyncExecutor@threads@dvacore@@@std@@$$QEAV<lambda_3>@?BD@???$schedule_step@V?$shared_ptr@VAsyncExecutor@threads@dvacore@@@std@@U?$FuturesAPI@V?$Future@VTaskData@flow@@@async@dvacore@@@flow@@@flow@@YA?AW4ScheduleStepResult@8@0V?$shared_ptr@U?$SchedulingState@U?$FuturesAPI@V?$Future@VTaskData@flow@@@async@dvacore@@@flow@@@flow@@@6@AEBU?$FuturesAPI@V?$Future@VTaskData@flow@@@async@dvacore@@@8@@Z@@Z@V?$Promise@VTaskData@flow@@@34@@?$Future@V?$vector@VTaskData@flow@@U?$STLAllocator@VTaskData@flow@@@allocator@dvacore@@@std@@@async@dvacore@@AEBA?A_P$$QEAV1?1???$OnSuccessWithExecutor@AEAV?$shared_ptr@VAsyncExecutor@threads@dvacore@@@std@@V<lambda_3>@?BD@???$schedule_step@V?$shared_ptr@VAsyncExecutor@threads@dvacore@@@std@@U?$FuturesAPI@V?$Future@VTaskData@flow@@@async@dvacore@@@flow@@@flow@@YA?AW4ScheduleStepResult@4@AEAV12@V?$shared_ptr@U?$SchedulingState@U?$FuturesAPI@V?$Future@VTaskData@flow@@@async@dvacore@@@flow@@@flow@@@2@AEBU?$FuturesAPI@V?$Future@VTaskData@flow@@@async@dvacore@@@4@@Z@@234@QEBA?A_PAEAV?$shared_ptr@VAsyncExecutor@threads@dvacore@@@std@@$$QEAV<lambda_3>@?BD@???$schedule_step@V?$shared_ptr@VAsyncExecutor@threads@dvacore@@@std@@U?$FuturesAPI@V?$Future@VTaskData@flow@@@async@dvacore@@@flow@@@flow@@YA?AW4ScheduleStepResult@8@0V?$shared_ptr@U?$SchedulingState@U?$FuturesAPI@V?$Future@VTaskData@flow@@@async@dvacore@@@flow@@@flow@@@6@AEBU?$FuturesAPI@V?$Future@VTaskData@flow@@@async@dvacore@@@8@@Z@@Z@$$QEAV?$Promise@VTaskData@flow@@@34@@Z@@allocator@dvacore@@$00@std@@
AeCompute.dll,156967152,0x95b20f0,flow,.?AU?$STLAllocator@V<lambda_1>@?1???$MakeContinuation@V<lambda_1>@?1???$OnSuccessWithExecutor@AEAV?$shared_ptr@VAsyncExecutor@threads@dvacore@@@std@@V<lambda_3>@?BD@???$schedule_step@V?$shared_ptr@VAsyncExecutor@threads@dvacore@@@std@@U?$FuturesAPI@V?$Future@VTaskData@flow@@@async@dvacore@@@flow@@@flow@@YA?AW4ScheduleStepResult@4@AEAV12@V?$shared_ptr@U?$SchedulingState@U?$FuturesAPI@V?$Future@VTaskData@flow@@@async@dvacore@@@flow@@@flow@@@2@AEBU?$FuturesAPI@V?$Future@VTaskData@flow@@@async@dvacore@@@4@@Z@@?$Future@V?$vector@VTaskData@flow@@U?$STLAllocator@VTaskData@flow@@@allocator@dvacore@@@std@@@async@dvacore@@QEBA?A_PAEAV?$shared_ptr@VAsyncExecutor@threads@dvacore@@@std@@$$QEAV<lambda_3>@?BD@???$schedule_step@V?$shared_ptr@VAsyncExecutor@threads@dvacore@@@std@@U?$FuturesAPI@V?$Future@VTaskData@flow@@@async@dvacore@@@flow@@@flow@@YA?AW4ScheduleStepResult@8@0V?$shared_ptr@U?$SchedulingState@U?$FuturesAPI@V?$Future@VTaskData@flow@@@async@dvacore@@@flow@@@flow@@@6@AEBU?$FuturesAPI@V?$Future@VTaskData@flow@@@async@dvacore@@@8@@Z@@Z@V?$Promise@VTaskData@flow@@@34@@?$Future@V?$vector@VTaskData@flow@@U?$STLAllocator@VTaskData@flow@@@allocator@dvacore@@@std@@@async@dvacore@@AEBA?A_P$$QEAV1?1???$OnSuccessWithExecutor@AEAV?$shared_ptr@VAsyncExecutor@threads@dvacore@@@std@@V<lambda_3>@?BD@???$schedule_step@V?$shared_ptr@VAsyncExecutor@threads@dvacore@@@std@@U?$FuturesAPI@V?$Future@VTaskData@flow@@@async@dvacore@@@flow@@@flow@@YA?AW4ScheduleStepResult@4@AEAV12@V?$shared_ptr@U?$SchedulingState@U?$FuturesAPI@V?$Future@VTaskData@flow@@@async@dvacore@@@flow@@@flow@@@2@AEBU?$FuturesAPI@V?$Future@VTaskData@flow@@@async@dvacore@@@4@@Z@@234@QEBA?A_PAEAV?$shared_ptr@VAsyncExecutor@threads@dvacore@@@std@@$$QEAV<lambda_3>@?BD@???$schedule_step@V?$shared_ptr@VAsyncExecutor@threads@dvacore@@@std@@U?$FuturesAPI@V?$Future@VTaskData@flow@@@async@dvacore@@@flow@@@flow@@YA?AW4ScheduleStepResult@8@0V?$shared_ptr@U?$SchedulingState@U?$FuturesAPI@V?$Future@VTaskData@flow@@@async@dvacore@@@flow@@@flow@@@6@AEBU?$FuturesAPI@V?$Future@VTaskData@flow@@@async@dvacore@@@8@@Z@@Z@$$QEAV?$Promise@VTaskData@flow@@@34@@Z@@allocator@dvacore@@
AeCompute.dll,156969376,0x95b29a0,flow,.?AV?$_Ebco_base@U?$STLAllocator@V<lambda_1>@?1???$MakeContinuation@V<lambda_1>@?1???$OnSuccessWithExecutor@AEAV?$shared_ptr@VAsyncExecutor@threads@dvacore@@@std@@V<lambda_1>@?1???$make_single_sink_task@V?$shared_ptr@VAsyncExecutor@threads@dvacore@@@std@@$$CBU?$FuturesAPI@V?$Future@VTaskData@flow@@@async@dvacore@@@flow@@@flow@@YA?A_PAEAV12@AEBU?$FuturesAPI@V?$Future@VTaskData@flow@@@async@dvacore@@@4@AEBV?$unordered_map@_KV?$Future@VTaskData@flow@@@async@dvacore@@U?$hash@_K@std@@U?$equal_to@_K@5@V?$allocator@U?$pair@$$CB_KV?$Future@VTaskData@flow@@@async@dvacore@@@std@@@5@@2@AEBV?$unordered_set@_KU?$hash@_K@std@@U?$equal_to@_K@2@V?$allocator@_K@2@@2@@Z@@?$Future@V?$vector@VTaskData@flow@@U?$STLAllocator@VTaskData@flow@@@allocator@dvacore@@@std@@@async@dvacore@@QEBA?A_PAEAV?$shared_ptr@VAsyncExecutor@threads@dvacore@@@std@@$$QEAV1?1???$make_single_sink_task@V?$shared_ptr@VAsyncExecutor@threads@dvacore@@@std@@$$CBU?$FuturesAPI@V?$Future@VTaskData@flow@@@async@dvacore@@@flow@@@flow@@YA?A_P0AEBU?$FuturesAPI@V?$Future@VTaskData@flow@@@async@dvacore@@@7@AEBV?$unordered_map@_KV?$Future@VTaskData@flow@@@async@dvacore@@U?$hash@_K@std@@U?$equal_to@_K@5@V?$allocator@U?$pair@$$CB_KV?$Future@VTaskData@flow@@@async@dvacore@@@std@@@5@@6@AEBV?$unordered_set@_KU?$hash@_K@std@@U?$equal_to@_K@2@V?$allocator@_K@2@@6@@Z@@Z@V?$Promise@X@34@@?$Future@V?$vector@VTaskData@flow@@U?$STLAllocator@VTaskData@flow@@@allocator@dvacore@@@std@@@async@dvacore@@AEBA?A_P$$QEAV1?1???$OnSuccessWithExecutor@AEAV?$shared_ptr@VAsyncExecutor@threads@dvacore@@@std@@V<lambda_1>@?1???$make_single_sink_task@V?$shared_ptr@VAsyncExecutor@threads@dvacore@@@std@@$$CBU?$FuturesAPI@V?$Future@VTaskData@flow@@@async@dvacore@@@flow@@@flow@@YA?A_PAEAV12@AEBU?$FuturesAPI@V?$Future@VTaskData@flow@@@async@dvacore@@@4@AEBV?$unordered_map@_KV?$Future@VTaskData@flow@@@async@dvacore@@U?$hash@_K@std@@U?$equal_to@_K@5@V?$allocator@U?$pair@$$CB_KV?$Future@VTaskData@flow@@@async@dvacore@@@std@@@5@@2@AEBV?$unordered_set@_KU?$hash@_K@std@@U?$equal_to@_K@2@V?$allocator@_K@2@@2@@Z@@234@QEBA?A_PAEAV?$shared_ptr@VAsyncExecutor@threads@dvacore@@@std@@$$QEAV1?1???$make_single_sink_task@V?$shared_ptr@VAsyncExecutor@threads@dvacore@@@std@@$$CBU?$FuturesAPI@V?$Future@VTaskData@flow@@@async@dvacore@@@flow@@@flow@@YA?A_P0AEBU?$FuturesAPI@V?$Future@VTaskData@flow@@@async@dvacore@@@7@AEBV?$unordered_map@_KV?$Future@VTaskData@flow@@@async@dvacore@@U?$hash@_K@std@@U?$equal_to@_K@5@V?$allocator@U?$pair@$$CB_KV?$Future@VTaskData@flow@@@async@dvacore@@@std@@@5@@6@AEBV?$unordered_set@_KU?$hash@_K@std@@U?$equal_to@_K@2@V?$allocator@_K@2@@6@@Z@@Z@$$QEAV?$Promise@X@34@@Z@@allocator@dvacore@@$00@std@@
AeCompute.dll,156972064,0x95b3420,flow,.?AU?$STLAllocator@V<lambda_1>@?1???$MakeContinuation@V<lambda_1>@?1???$OnSuccessWithExecutor@AEAV?$shared_ptr@VAsyncExecutor@threads@dvacore@@@std@@V<lambda_1>@?1???$make_single_sink_task@V?$shared_ptr@VAsyncExecutor@threads@dvacore@@@std@@$$CBU?$FuturesAPI@V?$Future@VTaskData@flow@@@async@dvacore@@@flow@@@flow@@YA?A_PAEAV12@AEBU?$FuturesAPI@V?$Future@VTaskData@flow@@@async@dvacore@@@4@AEBV?$unordered_map@_KV?$Future@VTaskData@flow@@@async@dvacore@@U?$hash@_K@std@@U?$equal_to@_K@5@V?$allocator@U?$pair@$$CB_KV?$Future@VTaskData@flow@@@async@dvacore@@@std@@@5@@2@AEBV?$unordered_set@_KU?$hash@_K@std@@U?$equal_to@_K@2@V?$allocator@_K@2@@2@@Z@@?$Future@V?$vector@VTaskData@flow@@U?$STLAllocator@VTaskData@flow@@@allocator@dvacore@@@std@@@async@dvacore@@QEBA?A_PAEAV?$shared_ptr@VAsyncExecutor@threads@dvacore@@@std@@$$QEAV1?1???$make_single_sink_task@V?$shared_ptr@VAsyncExecutor@threads@dvacore@@@std@@$$CBU?$FuturesAPI@V?$Future@VTaskData@flow@@@async@dvacore@@@flow@@@flow@@YA?A_P0AEBU?$FuturesAPI@V?$Future@VTaskData@flow@@@async@dvacore@@@7@AEBV?$unordered_map@_KV?$Future@VTaskData@flow@@@async@dvacore@@U?$hash@_K@std@@U?$equal_to@_K@5@V?$allocator@U?$pair@$$CB_KV?$Future@VTaskData@flow@@@async@dvacore@@@std@@@5@@6@AEBV?$unordered_set@_KU?$hash@_K@std@@U?$equal_to@_K@2@V?$allocator@_K@2@@6@@Z@@Z@V?$Promise@X@34@@?$Future@V?$vector@VTaskData@flow@@U?$STLAllocator@VTaskData@flow@@@allocator@dvacore@@@std@@@async@dvacore@@AEBA?A_P$$QEAV1?1???$OnSuccessWithExecutor@AEAV?$shared_ptr@VAsyncExecutor@threads@dvacore@@@std@@V<lambda_1>@?1???$make_single_sink_task@V?$shared_ptr@VAsyncExecutor@threads@dvacore@@@std@@$$CBU?$FuturesAPI@V?$Future@VTaskData@flow@@@async@dvacore@@@flow@@@flow@@YA?A_PAEAV12@AEBU?$FuturesAPI@V?$Future@VTaskData@flow@@@async@dvacore@@@4@AEBV?$unordered_map@_KV?$Future@VTaskData@flow@@@async@dvacore@@U?$hash@_K@std@@U?$equal_to@_K@5@V?$allocator@U?$pair@$$CB_KV?$Future@VTaskData@flow@@@async@dvacore@@@std@@@5@@2@AEBV?$unordered_set@_KU?$hash@_K@std@@U?$equal_to@_K@2@V?$allocator@_K@2@@2@@Z@@234@QEBA?A_PAEAV?$shared_ptr@VAsyncExecutor@threads@dvacore@@@std@@$$QEAV1?1???$make_single_sink_task@V?$shared_ptr@VAsyncExecutor@threads@dvacore@@@std@@$$CBU?$FuturesAPI@V?$Future@VTaskData@flow@@@async@dvacore@@@flow@@@flow@@YA?A_P0AEBU?$FuturesAPI@V?$Future@VTaskData@flow@@@async@dvacore@@@7@AEBV?$unordered_map@_KV?$Future@VTaskData@flow@@@async@dvacore@@U?$hash@_K@std@@U?$equal_to@_K@5@V?$allocator@U?$pair@$$CB_KV?$Future@VTaskData@flow@@@async@dvacore@@@std@@@5@@6@AEBV?$unordered_set@_KU?$hash@_K@std@@U?$equal_to@_K@2@V?$allocator@_K@2@@6@@Z@@Z@$$QEAV?$Promise@X@34@@Z@@allocator@dvacore@@
AeCompute.dll,156974720,0x95b3e80,flow,.?AV?$_Ref_count_obj_alloc3@V<lambda_1>@?1???$MakeContinuation@V<lambda_1>@?1???$OnSuccessWithExecutor@AEAV?$shared_ptr@VAsyncExecutor@threads@dvacore@@@std@@V<lambda_1>@?1???$are_we_done@V?$shared_ptr@VAsyncExecutor@threads@dvacore@@@std@@U?$FuturesAPI@V?$Future@VTaskData@flow@@@async@dvacore@@@flow@@@flow@@YAXAEAV12@AEBU?$FuturesAPI@V?$Future@VTaskData@flow@@@async@dvacore@@@4@V?$shared_ptr@U?$SchedulingState@U?$FuturesAPI@V?$Future@VTaskData@flow@@@async@dvacore@@@flow@@@flow@@@2@@Z@@?$Future@X@async@dvacore@@QEBA?A_PAEAV?$shared_ptr@VAsyncExecutor@threads@dvacore@@@std@@$$QEAV1?1???$are_we_done@V?$shared_ptr@VAsyncExecutor@threads@dvacore@@@std@@U?$FuturesAPI@V?$Future@VTaskData@flow@@@async@dvacore@@@flow@@@flow@@YAX0AEBU?$FuturesAPI@V?$Future@VTaskData@flow@@@async@dvacore@@@7@V?$shared_ptr@U?$SchedulingState@U?$FuturesAPI@V?$Future@VTaskData@flow@@@async@dvacore@@@flow@@@flow@@@6@@Z@@Z@V?$Promise@X@34@@?$Future@X@async@dvacore@@AEBA?A_P$$QEAV1?1???$OnSuccessWithExecutor@AEAV?$shared_ptr@VAsyncExecutor@threads@dvacore@@@std@@V<lambda_1>@?1???$are_we_done@V?$shared_ptr@VAsyncExecutor@threads@dvacore@@@std@@U?$FuturesAPI@V?$Future@VTaskData@flow@@@async@dvacore@@@flow@@@flow@@YAXAEAV12@AEBU?$FuturesAPI@V?$Future@VTaskData@flow@@@async@dvacore@@@4@V?$shared_ptr@U?$SchedulingState@U?$FuturesAPI@V?$Future@VTaskData@flow@@@async@dvacore@@@flow@@@flow@@@2@@Z@@234@QEBA?A_PAEAV?$shared_ptr@VAsyncExecutor@threads@dvacore@@@std@@$$QEAV1?1???$are_we_done@V?$shared_ptr@VAsyncExecutor@threads@dvacore@@@std@@U?$FuturesAPI@V?$Future@VTaskData@flow@@@async@dvacore@@@flow@@@flow@@YAX0AEBU?$FuturesAPI@V?$Future@VTaskData@flow@@@async@dvacore@@@7@V?$shared_ptr@U?$SchedulingState@U?$FuturesAPI@V?$Future@VTaskData@flow@@@async@dvacore@@@flow@@@flow@@@6@@Z@@Z@$$QEAV?$Promise@X@34@@Z@U?$STLAllocator@V<lambda_1>@?1???$MakeContinuation@V<lambda_1>@?1???$OnSuccessWithExecutor@AEAV?$shared_ptr@VAsyncExecutor@threads@dvacore@@@std@@V<lambda_1>@?1???$are_we_done@V?$shared_ptr@VAsyncExecutor@threads@dvacore@@@std@@U?$FuturesAPI@V?$Future@VTaskData@flow@@@async@dvacore@@@flow@@@flow@@YAXAEAV12@AEBU?$FuturesAPI@V?$Future@VTaskData@flow@@@async@dvacore@@@4@V?$shared_ptr@U?$SchedulingState@U?$FuturesAPI@V?$Future@VTaskData@flow@@@async@dvacore@@@flow@@@flow@@@2@@Z@@?$Future@X@async@dvacore@@QEBA?A_PAEAV?$shared_ptr@VAsyncExecutor@threads@dvacore@@@std@@$$QEAV1?1???$are_we_done@V?$shared_ptr@VAsyncExecutor@threads@dvacore@@@std@@U?$FuturesAPI@V?$Future@VTaskData@flow@@@async@dvacore@@@flow@@@flow@@YAX0AEBU?$FuturesAPI@V?$Future@VTaskData@flow@@@async@dvacore@@@7@V?$shared_ptr@U?$SchedulingState@U?$FuturesAPI@V?$Future@VTaskData@flow@@@async@dvacore@@@flow@@@flow@@@6@@Z@@Z@V?$Promise@X@34@@?$Future@X@async@dvacore@@AEBA?A_P$$QEAV1?1???$OnSuccessWithExecutor@AEAV?$shared_ptr@VAsyncExecutor@threads@dvacore@@@std@@V<lambda_1>@?1???$are_we_done@V?$shared_ptr@VAsyncExecutor@threads@dvacore@@@std@@U?$FuturesAPI@V?$Future@VTaskData@flow@@@async@dvacore@@@flow@@@flow@@YAXAEAV12@AEBU?$FuturesAPI@V?$Future@VTaskData@flow@@@async@dvacore@@@4@V?$shared_ptr@U?$SchedulingState@U?$FuturesAPI@V?$Future@VTaskData@flow@@@async@dvacore@@@flow@@@flow@@@2@@Z@@234@QEBA?A_PAEAV?$shared_ptr@VAsyncExecutor@threads@dvacore@@@std@@$$QEAV1?1???$are_we_done@V?$shared_ptr@VAsyncExecutor@threads@dvacore@@@std@@U?$FuturesAPI@V?$Future@VTaskData@flow@@@async@dvacore@@@flow@@@flow@@YAX0AEBU?$FuturesAPI@V?$Future@VTaskData@flow@@@async@dvacore@@@7@V?$shared_ptr@U?$SchedulingState@U?$FuturesAPI@V?$Future@VTaskData@flow@@@async@dvacore@@@flow@@@flow@@@6@@Z@@Z@$$QEAV?$Promise@X@34@@Z@@allocator@4@@std@@
AeCompute.dll,156978352,0x95b4cb0,flow,.?AV?$_Ebco_base@U?$STLAllocator@V<lambda_1>@?1???$MakeContinuation@V<lambda_1>@?1???$OnSuccessWithExecutor@AEAV?$shared_ptr@VAsyncExecutor@threads@dvacore@@@std@@V<lambda_1>@?1???$are_we_done@V?$shared_ptr@VAsyncExecutor@threads@dvacore@@@std@@U?$FuturesAPI@V?$Future@VTaskData@flow@@@async@dvacore@@@flow@@@flow@@YAXAEAV12@AEBU?$FuturesAPI@V?$Future@VTaskData@flow@@@async@dvacore@@@4@V?$shared_ptr@U?$SchedulingState@U?$FuturesAPI@V?$Future@VTaskData@flow@@@async@dvacore@@@flow@@@flow@@@2@@Z@@?$Future@X@async@dvacore@@QEBA?A_PAEAV?$shared_ptr@VAsyncExecutor@threads@dvacore@@@std@@$$QEAV1?1???$are_we_done@V?$shared_ptr@VAsyncExecutor@threads@dvacore@@@std@@U?$FuturesAPI@V?$Future@VTaskData@flow@@@async@dvacore@@@flow@@@flow@@YAX0AEBU?$FuturesAPI@V?$Future@VTaskData@flow@@@async@dvacore@@@7@V?$shared_ptr@U?$SchedulingState@U?$FuturesAPI@V?$Future@VTaskData@flow@@@async@dvacore@@@flow@@@flow@@@6@@Z@@Z@V?$Promise@X@34@@?$Future@X@async@dvacore@@AEBA?A_P$$QEAV1?1???$OnSuccessWithExecutor@AEAV?$shared_ptr@VAsyncExecutor@threads@dvacore@@@std@@V<lambda_1>@?1???$are_we_done@V?$shared_ptr@VAsyncExecutor@threads@dvacore@@@std@@U?$FuturesAPI@V?$Future@VTaskData@flow@@@async@dvacore@@@flow@@@flow@@YAXAEAV12@AEBU?$FuturesAPI@V?$Future@VTaskData@flow@@@async@dvacore@@@4@V?$shared_ptr@U?$SchedulingState@U?$FuturesAPI@V?$Future@VTaskData@flow@@@async@dvacore@@@flow@@@flow@@@2@@Z@@234@QEBA?A_PAEAV?$shared_ptr@VAsyncExecutor@threads@dvacore@@@std@@$$QEAV1?1???$are_we_done@V?$shared_ptr@VAsyncExecutor@threads@dvacore@@@std@@U?$FuturesAPI@V?$Future@VTaskData@flow@@@async@dvacore@@@flow@@@flow@@YAX0AEBU?$FuturesAPI@V?$Future@VTaskData@flow@@@async@dvacore@@@7@V?$shared_ptr@U?$SchedulingState@U?$FuturesAPI@V?$Future@VTaskData@flow@@@async@dvacore@@@flow@@@flow@@@6@@Z@@Z@$$QEAV?$Promise@X@34@@Z@@allocator@dvacore@@$00@std@@
AeCompute.dll,156980208,0x95b53f0,flow,.?AU?$STLAllocator@V<lambda_1>@?1???$MakeContinuation@V<lambda_1>@?1???$OnSuccessWithExecutor@AEAV?$shared_ptr@VAsyncExecutor@threads@dvacore@@@std@@V<lambda_1>@?1???$are_we_done@V?$shared_ptr@VAsyncExecutor@threads@dvacore@@@std@@U?$FuturesAPI@V?$Future@VTaskData@flow@@@async@dvacore@@@flow@@@flow@@YAXAEAV12@AEBU?$FuturesAPI@V?$Future@VTaskData@flow@@@async@dvacore@@@4@V?$shared_ptr@U?$SchedulingState@U?$FuturesAPI@V?$Future@VTaskData@flow@@@async@dvacore@@@flow@@@flow@@@2@@Z@@?$Future@X@async@dvacore@@QEBA?A_PAEAV?$shared_ptr@VAsyncExecutor@threads@dvacore@@@std@@$$QEAV1?1???$are_we_done@V?$shared_ptr@VAsyncExecutor@threads@dvacore@@@std@@U?$FuturesAPI@V?$Future@VTaskData@flow@@@async@dvacore@@@flow@@@flow@@YAX0AEBU?$FuturesAPI@V?$Future@VTaskData@flow@@@async@dvacore@@@7@V?$shared_ptr@U?$SchedulingState@U?$FuturesAPI@V?$Future@VTaskData@flow@@@async@dvacore@@@flow@@@flow@@@6@@Z@@Z@V?$Promise@X@34@@?$Future@X@async@dvacore@@AEBA?A_P$$QEAV1?1???$OnSuccessWithExecutor@AEAV?$shared_ptr@VAsyncExecutor@threads@dvacore@@@std@@V<lambda_1>@?1???$are_we_done@V?$shared_ptr@VAsyncExecutor@threads@dvacore@@@std@@U?$FuturesAPI@V?$Future@VTaskData@flow@@@async@dvacore@@@flow@@@flow@@YAXAEAV12@AEBU?$FuturesAPI@V?$Future@VTaskData@flow@@@async@dvacore@@@4@V?$shared_ptr@U?$SchedulingState@U?$FuturesAPI@V?$Future@VTaskData@flow@@@async@dvacore@@@flow@@@flow@@@2@@Z@@234@QEBA?A_PAEAV?$shared_ptr@VAsyncExecutor@threads@dvacore@@@std@@$$QEAV1?1???$are_we_done@V?$shared_ptr@VAsyncExecutor@threads@dvacore@@@std@@U?$FuturesAPI@V?$Future@VTaskData@flow@@@async@dvacore@@@flow@@@flow@@YAX0AEBU?$FuturesAPI@V?$Future@VTaskData@flow@@@async@dvacore@@@7@V?$shared_ptr@U?$SchedulingState@U?$FuturesAPI@V?$Future@VTaskData@flow@@@async@dvacore@@@flow@@@flow@@@6@@Z@@Z@$$QEAV?$Promise@X@34@@Z@@allocator@dvacore@@
AeCompute.dll,156982096,0x95b5b50,flow,.?AV?$_Ebco_base@U?$STLAllocator@V?$InvocationImplementation@V<lambda_1>@?1???$AddContinuationWithExecutor@AEAV?$shared_ptr@VAsyncExecutor@threads@dvacore@@@std@@V<lambda_1>@?1???$MakeContinuation@V<lambda_1>@?1???$OnSuccessWithExecutor@AEAV?$shared_ptr@VAsyncExecutor@threads@dvacore@@@std@@V<lambda_1>@?1???$run@U?$FuturesAPI@V?$Future@VTaskData@flow@@@async@dvacore@@@flow@@@Impl@DVATransmuteTaskExecutor@DVACompute@@QEAA?A_PV?$shared_ptr@U?$SchedulingState@U?$FuturesAPI@V?$Future@VTaskData@flow@@@async@dvacore@@@flow@@@flow@@@2@$$QEAU?$FuturesAPI@V?$Future@VTaskData@flow@@@async@dvacore@@@flow@@@Z@@?$Future@_N@async@dvacore@@QEBA?A_PAEAV?$shared_ptr@VAsyncExecutor@threads@dvacore@@@std@@$$QEAV1?1???$run@U?$FuturesAPI@V?$Future@VTaskData@flow@@@async@dvacore@@@flow@@@Impl@DVATransmuteTaskExecutor@DVACompute@@QEAA?A_PV?$shared_ptr@U?$SchedulingState@U?$FuturesAPI@V?$Future@VTaskData@flow@@@async@dvacore@@@flow@@@flow@@@6@$$QEAU?$FuturesAPI@V?$Future@VTaskData@flow@@@async@dvacore@@@flow@@@Z@@Z@V?$Promise@X@34@@?$Future@_N@async@dvacore@@AEBA?A_P$$QEAV3?1???$OnSuccessWithExecutor@AEAV?$shared_ptr@VAsyncExecutor@threads@dvacore@@@std@@V<lambda_1>@?1???$run@U?$FuturesAPI@V?$Future@VTaskData@flow@@@async@dvacore@@@flow@@@Impl@DVATransmuteTaskExecutor@DVACompute@@QEAA?A_PV?$shared_ptr@U?$SchedulingState@U?$FuturesAPI@V?$Future@VTaskData@flow@@@async@dvacore@@@flow@@@flow@@@2@$$QEAU?$FuturesAPI@V?$Future@VTaskData@flow@@@async@dvacore@@@flow@@@Z@@456@QEBA?A_PAEAV12@$$QEAV3?1???$run@U?$FuturesAPI@V?$Future@VTaskData@flow@@@async@dvacore@@@flow@@@Impl@DVATransmuteTaskExecutor@DVACompute@@QEAA?A_PV?$shared_ptr@U?$SchedulingState@U?$FuturesAPI@V?$Future@VTaskData@flow@@@async@dvacore@@@flow@@@flow@@@2@$$QEAU?$FuturesAPI@V?$Future@VTaskData@flow@@@async@dvacore@@@flow@@@Z@@Z@$$QEAV?$Promise@X@56@@Z@@UntypedFutureState@detail@async@dvacore@@QEAAXAEAV?$shared_ptr@VAsyncExecutor@threads@dvacore@@@std@@$$QEAV1?1???$MakeContinuation@V<lambda_1>@?1???$OnSuccessWithExecutor@AEAV?$shared_ptr@VAsyncExecutor@threads@dvacore@@@std@@V<lambda_1>@?1???$run@U?$FuturesAPI@V?$Future@VTaskData@flow@@@async@dvacore@@@flow@@@Impl@DVATransmuteTaskExecutor@DVACompute@@QEAA?A_PV?$shared_ptr@U?$SchedulingState@U?$FuturesAPI@V?$Future@VTaskData@flow@@@async@dvacore@@@flow@@@flow@@@2@$$QEAU?$FuturesAPI@V?$Future@VTaskData@flow@@@async@dvacore@@@flow@@@Z@@?$Future@_N@async@dvacore@@QEBA?A_PAEAV?$shared_ptr@VAsyncExecutor@threads@dvacore@@@std@@$$QEAV1?1???$run@U?$FuturesAPI@V?$Future@VTaskData@flow@@@async@dvacore@@@flow@@@Impl@DVATransmuteTaskExecutor@DVACompute@@QEAA?A_PV?$shared_ptr@U?$SchedulingState@U?$FuturesAPI@V?$Future@VTaskData@flow@@@async@dvacore@@@flow@@@flow@@@6@$$QEAU?$FuturesAPI@V?$Future@VTaskData@flow@@@async@dvacore@@@flow@@@Z@@Z@V?$Promise@X@34@@?$Future@_N@45@AEBA?A_P$$QEAV1?1???$OnSuccessWithExecutor@AEAV?$shared_ptr@VAsyncExecutor@threads@dvacore@@@std@@V<lambda_1>@?1???$run@U?$FuturesAPI@V?$Future@VTaskData@flow@@@async@dvacore@@@flow@@@Impl@DVATransmuteTaskExecutor@DVACompute@@QEAA?A_PV?$shared_ptr@U?$SchedulingState@U?$FuturesAPI@V?$Future@VTaskData@flow@@@async@dvacore@@@flow@@@flow@@@2@$$QEAU?$FuturesAPI@V?$Future@VTaskData@flow@@@async@dvacore@@@flow@@@Z@@845@QEBA?A_P0$$QEAV1?1???$run@U?$FuturesAPI@V?$Future@VTaskData@flow@@@async@dvacore@@@flow@@@Impl@DVATransmuteTaskExecutor@DVACompute@@QEAA?A_PV?$shared_ptr@U?$SchedulingState@U?$FuturesAPI@V?$Future@VTaskData@flow@@@async@dvacore@@@flow@@@flow@@@7@$$QEAU?$FuturesAPI@V?$Future@VTaskData@flow@@@async@dvacore@@@flow@@@Z@@Z@$$QEAV?$Promise@X@45@@Z@@Z@$$A6AXXZ@detail@dvacore@@@allocator@dvacore@@$00@std@@
AeCompute.dll,156985728,0x95b6980,flow,.?AU?$STLAllocator@V?$InvocationImplementation@V<lambda_1>@?1???$AddContinuationWithExecutor@AEAV?$shared_ptr@VAsyncExecutor@threads@dvacore@@@std@@V<lambda_1>@?1???$MakeContinuation@V<lambda_1>@?1???$OnSuccessWithExecutor@AEAV?$shared_ptr@VAsyncExecutor@threads@dvacore@@@std@@V<lambda_1>@?1???$run@U?$FuturesAPI@V?$Future@VTaskData@flow@@@async@dvacore@@@flow@@@Impl@DVATransmuteTaskExecutor@DVACompute@@QEAA?A_PV?$shared_ptr@U?$SchedulingState@U?$FuturesAPI@V?$Future@VTaskData@flow@@@async@dvacore@@@flow@@@flow@@@2@$$QEAU?$FuturesAPI@V?$Future@VTaskData@flow@@@async@dvacore@@@flow@@@Z@@?$Future@_N@async@dvacore@@QEBA?A_PAEAV?$shared_ptr@VAsyncExecutor@threads@dvacore@@@std@@$$QEAV1?1???$run@U?$FuturesAPI@V?$Future@VTaskData@flow@@@async@dvacore@@@flow@@@Impl@DVATransmuteTaskExecutor@DVACompute@@QEAA?A_PV?$shared_ptr@U?$SchedulingState@U?$FuturesAPI@V?$Future@VTaskData@flow@@@async@dvacore@@@flow@@@flow@@@6@$$QEAU?$FuturesAPI@V?$Future@VTaskData@flow@@@async@dvacore@@@flow@@@Z@@Z@V?$Promise@X@34@@?$Future@_N@async@dvacore@@AEBA?A_P$$QEAV3?1???$OnSuccessWithExecutor@AEAV?$shared_ptr@VAsyncExecutor@threads@dvacore@@@std@@V<lambda_1>@?1???$run@U?$FuturesAPI@V?$Future@VTaskData@flow@@@async@dvacore@@@flow@@@Impl@DVATransmuteTaskExecutor@DVACompute@@QEAA?A_PV?$shared_ptr@U?$SchedulingState@U?$FuturesAPI@V?$Future@VTaskData@flow@@@async@dvacore@@@flow@@@flow@@@2@$$QEAU?$FuturesAPI@V?$Future@VTaskData@flow@@@async@dvacore@@@flow@@@Z@@456@QEBA?A_PAEAV12@$$QEAV3?1???$run@U?$FuturesAPI@V?$Future@VTaskData@flow@@@async@dvacore@@@flow@@@Impl@DVATransmuteTaskExecutor@DVACompute@@QEAA?A_PV?$shared_ptr@U?$SchedulingState@U?$FuturesAPI@V?$Future@VTaskData@flow@@@async@dvacore@@@flow@@@flow@@@2@$$QEAU?$FuturesAPI@V?$Future@VTaskData@flow@@@async@dvacore@@@flow@@@Z@@Z@$$QEAV?$Promise@X@56@@Z@@UntypedFutureState@detail@async@dvacore@@QEAAXAEAV?$shared_ptr@VAsyncExecutor@threads@dvacore@@@std@@$$QEAV1?1???$MakeContinuation@V<lambda_1>@?1???$OnSuccessWithExecutor@AEAV?$shared_ptr@VAsyncExecutor@threads@dvacore@@@std@@V<lambda_1>@?1???$run@U?$FuturesAPI@V?$Future@VTaskData@flow@@@async@dvacore@@@flow@@@Impl@DVATransmuteTaskExecutor@DVACompute@@QEAA?A_PV?$shared_ptr@U?$SchedulingState@U?$FuturesAPI@V?$Future@VTaskData@flow@@@async@dvacore@@@flow@@@flow@@@2@$$QEAU?$FuturesAPI@V?$Future@VTaskData@flow@@@async@dvacore@@@flow@@@Z@@?$Future@_N@async@dvacore@@QEBA?A_PAEAV?$shared_ptr@VAsyncExecutor@threads@dvacore@@@std@@$$QEAV1?1???$run@U?$FuturesAPI@V?$Future@VTaskData@flow@@@async@dvacore@@@flow@@@Impl@DVATransmuteTaskExecutor@DVACompute@@QEAA?A_PV?$shared_ptr@U?$SchedulingState@U?$FuturesAPI@V?$Future@VTaskData@flow@@@async@dvacore@@@flow@@@flow@@@6@$$QEAU?$FuturesAPI@V?$Future@VTaskData@flow@@@async@dvacore@@@flow@@@Z@@Z@V?$Promise@X@34@@?$Future@_N@45@AEBA?A_P$$QEAV1?1???$OnSuccessWithExecutor@AEAV?$shared_ptr@VAsyncExecutor@threads@dvacore@@@std@@V<lambda_1>@?1???$run@U?$FuturesAPI@V?$Future@VTaskData@flow@@@async@dvacore@@@flow@@@Impl@DVATransmuteTaskExecutor@DVACompute@@QEAA?A_PV?$shared_ptr@U?$SchedulingState@U?$FuturesAPI@V?$Future@VTaskData@flow@@@async@dvacore@@@flow@@@flow@@@2@$$QEAU?$FuturesAPI@V?$Future@VTaskData@flow@@@async@dvacore@@@flow@@@Z@@845@QEBA?A_P0$$QEAV1?1???$run@U?$FuturesAPI@V?$Future@VTaskData@flow@@@async@dvacore@@@flow@@@Impl@DVATransmuteTaskExecutor@DVACompute@@QEAA?A_PV?$shared_ptr@U?$SchedulingState@U?$FuturesAPI@V?$Future@VTaskData@flow@@@async@dvacore@@@flow@@@flow@@@7@$$QEAU?$FuturesAPI@V?$Future@VTaskData@flow@@@async@dvacore@@@flow@@@Z@@Z@$$QEAV?$Promise@X@45@@Z@@Z@$$A6AXXZ@detail@dvacore@@@allocator@dvacore@@
AeCompute.dll,156989392,0x95b77d0,flow,.?AV?$_Ebco_base@U?$STLAllocator@V?$InvocationImplementation@V<lambda_1>@?1???$AddContinuationWithExecutor@V?$shared_ptr@VAsyncExecutor@threads@dvacore@@@std@@V<lambda_1>@?1???$MakeContinuation@V<lambda_1>@?1???$OnSuccessWithExecutor@V?$shared_ptr@VAsyncExecutor@threads@dvacore@@@std@@V<lambda_1>@?1???$AllOf@V?$vector@V?$Future@VTaskData@flow@@@async@dvacore@@U?$STLAllocator@V?$Future@VTaskData@flow@@@async@dvacore@@@allocator@3@@std@@@async@dvacore@@YA?A_PV?$vector@V?$Future@VTaskData@flow@@@async@dvacore@@U?$STLAllocator@V?$Future@VTaskData@flow@@@async@dvacore@@@allocator@3@@2@@Z@@?$Future@X@async@dvacore@@QEBA?A_P$$QEAV?$shared_ptr@VAsyncExecutor@threads@dvacore@@@std@@$$QEAV1?1???$AllOf@V?$vector@V?$Future@VTaskData@flow@@@async@dvacore@@U?$STLAllocator@V?$Future@VTaskData@flow@@@async@dvacore@@@allocator@3@@std@@@34@YA?A_PV?$vector@V?$Future@VTaskData@flow@@@async@dvacore@@U?$STLAllocator@V?$Future@VTaskData@flow@@@async@dvacore@@@allocator@3@@6@@Z@@Z@V?$Promise@V?$vector@VTaskData@flow@@U?$STLAllocator@VTaskData@flow@@@allocator@dvacore@@@std@@@34@@?$Future@X@async@dvacore@@AEBA?A_P$$QEAV3?1???$OnSuccessWithExecutor@V?$shared_ptr@VAsyncExecutor@threads@dvacore@@@std@@V<lambda_1>@?1???$AllOf@V?$vector@V?$Future@VTaskData@flow@@@async@dvacore@@U?$STLAllocator@V?$Future@VTaskData@flow@@@async@dvacore@@@allocator@3@@std@@@async@dvacore@@YA?A_PV?$vector@V?$Future@VTaskData@flow@@@async@dvacore@@U?$STLAllocator@V?$Future@VTaskData@flow@@@async@dvacore@@@allocator@3@@2@@Z@@456@QEBA?A_P$$QEAV12@$$QEAV3?1???$AllOf@V?$vector@V?$Future@VTaskData@flow@@@async@dvacore@@U?$STLAllocator@V?$Future@VTaskData@flow@@@async@dvacore@@@allocator@3@@std@@@56@YA?A_PV?$vector@V?$Future@VTaskData@flow@@@async@dvacore@@U?$STLAllocator@V?$Future@VTaskData@flow@@@async@dvacore@@@allocator@3@@2@@Z@@Z@$$QEAV?$Promise@V?$vector@VTaskData@flow@@U?$STLAllocator@VTaskData@flow@@@allocator@dvacore@@@std@@@56@@Z@@UntypedFutureState@detail@async@dvacore@@QEAAX$$QEAV?$shared_ptr@VAsyncExecutor@threads@dvacore@@@std@@$$QEAV1?1???$MakeContinuation@V<lambda_1>@?1???$OnSuccessWithExecutor@V?$shared_ptr@VAsyncExecutor@threads@dvacore@@@std@@V<lambda_1>@?1???$AllOf@V?$vector@V?$Future@VTaskData@flow@@@async@dvacore@@U?$STLAllocator@V?$Future@VTaskData@flow@@@async@dvacore@@@allocator@3@@std@@@async@dvacore@@YA?A_PV?$vector@V?$Future@VTaskData@flow@@@async@dvacore@@U?$STLAllocator@V?$Future@VTaskData@flow@@@async@dvacore@@@allocator@3@@2@@Z@@?$Future@X@async@dvacore@@QEBA?A_P$$QEAV?$shared_ptr@VAsyncExecutor@threads@dvacore@@@std@@$$QEAV1?1???$AllOf@V?$vector@V?$Future@VTaskData@flow@@@async@dvacore@@U?$STLAllocator@V?$Future@VTaskData@flow@@@async@dvacore@@@allocator@3@@std@@@34@YA?A_PV?$vector@V?$Future@VTaskData@flow@@@async@dvacore@@U?$STLAllocator@V?$Future@VTaskData@flow@@@async@dvacore@@@allocator@3@@6@@Z@@Z@V?$Promise@V?$vector@VTaskData@flow@@U?$STLAllocator@VTaskData@flow@@@allocator@dvacore@@@std@@@34@@?$Future@X@45@AEBA?A_P$$QEAV1?1???$OnSuccessWithExecutor@V?$shared_ptr@VAsyncExecutor@threads@dvacore@@@std@@V<lambda_1>@?1???$AllOf@V?$vector@V?$Future@VTaskData@flow@@@async@dvacore@@U?$STLAllocator@V?$Future@VTaskData@flow@@@async@dvacore@@@allocator@3@@std@@@async@dvacore@@YA?A_PV?$vector@V?$Future@VTaskData@flow@@@async@dvacore@@U?$STLAllocator@V?$Future@VTaskData@flow@@@async@dvacore@@@allocator@3@@2@@Z@@845@QEBA?A_P0$$QEAV1?1???$AllOf@V?$vector@V?$Future@VTaskData@flow@@@async@dvacore@@U?$STLAllocator@V?$Future@VTaskData@flow@@@async@dvacore@@@allocator@3@@std@@@45@YA?A_PV?$vector@V?$Future@VTaskData@flow@@@async@dvacore@@U?$STLAllocator@V?$Future@VTaskData@flow@@@async@dvacore@@@allocator@3@@7@@Z@@Z@$$QEAV?$Promise@V?$vector@VTaskData@flow@@U?$STLAllocator@VTaskData@flow@@@allocator@dvacore@@@std@@@45@@Z@@Z@$$A6AXXZ@detail@dvacore@@@allocator@dvacore@@$00@std@@
AeCompute.dll,156993232,0x95b86d0,flow,.?AU?$STLAllocator@V?$InvocationImplementation@V<lambda_1>@?1???$AddContinuationWithExecutor@V?$shared_ptr@VAsyncExecutor@threads@dvacore@@@std@@V<lambda_1>@?1???$MakeContinuation@V<lambda_1>@?1???$OnSuccessWithExecutor@V?$shared_ptr@VAsyncExecutor@threads@dvacore@@@std@@V<lambda_1>@?1???$AllOf@V?$vector@V?$Future@VTaskData@flow@@@async@dvacore@@U?$STLAllocator@V?$Future@VTaskData@flow@@@async@dvacore@@@allocator@3@@std@@@async@dvacore@@YA?A_PV?$vector@V?$Future@VTaskData@flow@@@async@dvacore@@U?$STLAllocator@V?$Future@VTaskData@flow@@@async@dvacore@@@allocator@3@@2@@Z@@?$Future@X@async@dvacore@@QEBA?A_P$$QEAV?$shared_ptr@VAsyncExecutor@threads@dvacore@@@std@@$$QEAV1?1???$AllOf@V?$vector@V?$Future@VTaskData@flow@@@async@dvacore@@U?$STLAllocator@V?$Future@VTaskData@flow@@@async@dvacore@@@allocator@3@@std@@@34@YA?A_PV?$vector@V?$Future@VTaskData@flow@@@async@dvacore@@U?$STLAllocator@V?$Future@VTaskData@flow@@@async@dvacore@@@allocator@3@@6@@Z@@Z@V?$Promise@V?$vector@VTaskData@flow@@U?$STLAllocator@VTaskData@flow@@@allocator@dvacore@@@std@@@34@@?$Future@X@async@dvacore@@AEBA?A_P$$QEAV3?1???$OnSuccessWithExecutor@V?$shared_ptr@VAsyncExecutor@threads@dvacore@@@std@@V<lambda_1>@?1???$AllOf@V?$vector@V?$Future@VTaskData@flow@@@async@dvacore@@U?$STLAllocator@V?$Future@VTaskData@flow@@@async@dvacore@@@allocator@3@@std@@@async@dvacore@@YA?A_PV?$vector@V?$Future@VTaskData@flow@@@async@dvacore@@U?$STLAllocator@V?$Future@VTaskData@flow@@@async@dvacore@@@allocator@3@@2@@Z@@456@QEBA?A_P$$QEAV12@$$QEAV3?1???$AllOf@V?$vector@V?$Future@VTaskData@flow@@@async@dvacore@@U?$STLAllocator@V?$Future@VTaskData@flow@@@async@dvacore@@@allocator@3@@std@@@56@YA?A_PV?$vector@V?$Future@VTaskData@flow@@@async@dvacore@@U?$STLAllocator@V?$Future@VTaskData@flow@@@async@dvacore@@@allocator@3@@2@@Z@@Z@$$QEAV?$Promise@V?$vector@VTaskData@flow@@U?$STLAllocator@VTaskData@flow@@@allocator@dvacore@@@std@@@56@@Z@@UntypedFutureState@detail@async@dvacore@@QEAAX$$QEAV?$shared_ptr@VAsyncExecutor@threads@dvacore@@@std@@$$QEAV1?1???$MakeContinuation@V<lambda_1>@?1???$OnSuccessWithExecutor@V?$shared_ptr@VAsyncExecutor@threads@dvacore@@@std@@V<lambda_1>@?1???$AllOf@V?$vector@V?$Future@VTaskData@flow@@@async@dvacore@@U?$STLAllocator@V?$Future@VTaskData@flow@@@async@dvacore@@@allocator@3@@std@@@async@dvacore@@YA?A_PV?$vector@V?$Future@VTaskData@flow@@@async@dvacore@@U?$STLAllocator@V?$Future@VTaskData@flow@@@async@dvacore@@@allocator@3@@2@@Z@@?$Future@X@async@dvacore@@QEBA?A_P$$QEAV?$shared_ptr@VAsyncExecutor@threads@dvacore@@@std@@$$QEAV1?1???$AllOf@V?$vector@V?$Future@VTaskData@flow@@@async@dvacore@@U?$STLAllocator@V?$Future@VTaskData@flow@@@async@dvacore@@@allocator@3@@std@@@34@YA?A_PV?$vector@V?$Future@VTaskData@flow@@@async@dvacore@@U?$STLAllocator@V?$Future@VTaskData@flow@@@async@dvacore@@@allocator@3@@6@@Z@@Z@V?$Promise@V?$vector@VTaskData@flow@@U?$STLAllocator@VTaskData@flow@@@allocator@dvacore@@@std@@@34@@?$Future@X@45@AEBA?A_P$$QEAV1?1???$OnSuccessWithExecutor@V?$shared_ptr@VAsyncExecutor@threads@dvacore@@@std@@V<lambda_1>@?1???$AllOf@V?$vector@V?$Future@VTaskData@flow@@@async@dvacore@@U?$STLAllocator@V?$Future@VTaskData@flow@@@async@dvacore@@@allocator@3@@std@@@async@dvacore@@YA?A_PV?$vector@V?$Future@VTaskData@flow@@@async@dvacore@@U?$STLAllocator@V?$Future@VTaskData@flow@@@async@dvacore@@@allocator@3@@2@@Z@@845@QEBA?A_P0$$QEAV1?1???$AllOf@V?$vector@V?$Future@VTaskData@flow@@@async@dvacore@@U?$STLAllocator@V?$Future@VTaskData@flow@@@async@dvacore@@@allocator@3@@std@@@45@YA?A_PV?$vector@V?$Future@VTaskData@flow@@@async@dvacore@@U?$STLAllocator@V?$Future@VTaskData@flow@@@async@dvacore@@@allocator@3@@7@@Z@@Z@$$QEAV?$Promise@V?$vector@VTaskData@flow@@U?$STLAllocator@VTaskData@flow@@@allocator@dvacore@@@std@@@45@@Z@@Z@$$A6AXXZ@detail@dvacore@@@allocator@dvacore@@
AeCompute.dll,156997040,0x95b95b0,flow,.?AV?$InvocationImplementation@V<lambda_1>@?1???$AddContinuationWithExecutor@AEAV?$shared_ptr@VAsyncExecutor@threads@dvacore@@@std@@V<lambda_1>@?1???$MakeContinuation@V<lambda_1>@?1???$spawn@AEAV?$shared_ptr@VAsyncExecutor@threads@dvacore@@@std@@@?$FuturesAPI@V?$Future@VTaskData@flow@@@async@dvacore@@@flow@@SA?AV?$Future@VTaskData@flow@@@async@dvacore@@AEAV?$shared_ptr@VAsyncExecutor@threads@dvacore@@@std@@V?$function@$$A6A?AVTaskData@flow@@XZ@8@@Z@V?$Promise@VTaskData@flow@@@56@@?$Future@X@async@dvacore@@AEBA?A_P$$QEAV3?1???$spawn@AEAV?$shared_ptr@VAsyncExecutor@threads@dvacore@@@std@@@?$FuturesAPI@V?$Future@VTaskData@flow@@@async@dvacore@@@flow@@SA?AV?$Future@VTaskData@flow@@@56@AEAV12@V?$function@$$A6A?AVTaskData@flow@@XZ@2@@Z@$$QEAV?$Promise@VTaskData@flow@@@56@@Z@@UntypedFutureState@detail@async@dvacore@@QEAAXAEAV?$shared_ptr@VAsyncExecutor@threads@dvacore@@@std@@$$QEAV1?1???$MakeContinuation@V<lambda_1>@?1???$spawn@AEAV?$shared_ptr@VAsyncExecutor@threads@dvacore@@@std@@@?$FuturesAPI@V?$Future@VTaskData@flow@@@async@dvacore@@@flow@@SA?AV?$Future@VTaskData@flow@@@async@dvacore@@AEAV?$shared_ptr@VAsyncExecutor@threads@dvacore@@@std@@V?$function@$$A6A?AVTaskData@flow@@XZ@8@@Z@V?$Promise@VTaskData@flow@@@56@@?$Future@X@45@AEBA?A_P$$QEAV1?1???$spawn@AEAV?$shared_ptr@VAsyncExecutor@threads@dvacore@@@std@@@?$FuturesAPI@V?$Future@VTaskData@flow@@@async@dvacore@@@flow@@SA?AV?$Future@VTaskData@flow@@@45@0V?$function@$$A6A?AVTaskData@flow@@XZ@7@@Z@$$QEAV?$Promise@VTaskData@flow@@@45@@Z@@Z@$$A6AXXZ@detail@dvacore@@
AeCompute.dll,156998656,0x95b9c00,flow,.?AV?$InvocationImplementation@V<lambda_1>@?4???$SetUpOnExceptionHandler@V<lambda_1>@?1??default_exception_handler@?$FuturesAPI@V?$Future@VTaskData@flow@@@async@dvacore@@@flow@@SA@XZ@V?$Promise@X@async@dvacore@@@?$Future@VTaskData@flow@@@async@dvacore@@IEBAX$$QEAV1?1??default_exception_handler@?$FuturesAPI@V?$Future@VTaskData@flow@@@async@dvacore@@@flow@@SA@XZ@$$QEAV?$Promise@X@34@@Z@$$A6AXXZ@detail@dvacore@@
AeCompute.dll,156999152,0x95b9df0,flow,.?AV?$_Func_impl_no_alloc@V<lambda_1>@?6???$CallContinuationAsync@V?$shared_ptr@VAsyncExecutor@threads@dvacore@@@std@@V<lambda_1>@?1???$MakeContinuation@V<lambda_1>@?1???$OnSuccessWithExecutor@AEAV?$shared_ptr@VAsyncExecutor@threads@dvacore@@@std@@V<lambda_1>@?1???$are_we_done@V?$shared_ptr@VAsyncExecutor@threads@dvacore@@@std@@U?$FuturesAPI@V?$Future@VTaskData@flow@@@async@dvacore@@@flow@@@flow@@YAXAEAV12@AEBU?$FuturesAPI@V?$Future@VTaskData@flow@@@async@dvacore@@@4@V?$shared_ptr@U?$SchedulingState@U?$FuturesAPI@V?$Future@VTaskData@flow@@@async@dvacore@@@flow@@@flow@@@2@@Z@@?$Future@X@async@dvacore@@QEBA?A_PAEAV?$shared_ptr@VAsyncExecutor@threads@dvacore@@@std@@$$QEAV1?1???$are_we_done@V?$shared_ptr@VAsyncExecutor@threads@dvacore@@@std@@U?$FuturesAPI@V?$Future@VTaskData@flow@@@async@dvacore@@@flow@@@flow@@YAX0AEBU?$FuturesAPI@V?$Future@VTaskData@flow@@@async@dvacore@@@7@V?$shared_ptr@U?$SchedulingState@U?$FuturesAPI@V?$Future@VTaskData@flow@@@async@dvacore@@@flow@@@flow@@@6@@Z@@Z@V?$Promise@X@34@@?$Future@X@async@dvacore@@AEBA?A_P$$QEAV3?1???$OnSuccessWithExecutor@AEAV?$shared_ptr@VAsyncExecutor@threads@dvacore@@@std@@V<lambda_1>@?1???$are_we_done@V?$shared_ptr@VAsyncExecutor@threads@dvacore@@@std@@U?$FuturesAPI@V?$Future@VTaskData@flow@@@async@dvacore@@@flow@@@flow@@YAXAEAV12@AEBU?$FuturesAPI@V?$Future@VTaskData@flow@@@async@dvacore@@@4@V?$shared_ptr@U?$SchedulingState@U?$FuturesAPI@V?$Future@VTaskData@flow@@@async@dvacore@@@flow@@@flow@@@2@@Z@@456@QEBA?A_PAEAV12@$$QEAV3?1???$are_we_done@V?$shared_ptr@VAsyncExecutor@threads@dvacore@@@std@@U?$FuturesAPI@V?$Future@VTaskData@flow@@@async@dvacore@@@flow@@@flow@@YAX0AEBU?$FuturesAPI@V?$Future@VTaskData@flow@@@async@dvacore@@@7@V?$shared_ptr@U?$SchedulingState@U?$FuturesAPI@V?$Future@VTaskData@flow@@@async@dvacore@@@flow@@@flow@@@2@@Z@@Z@$$QEAV?$Promise@X@56@@Z@@detail@async@dvacore@@YAX$$QEAV?$shared_ptr@VAsyncExecutor@threads@dvacore@@@std@@$$QEAV1?1???$MakeContinuation@V<lambda_1>@?1???$OnSuccessWithExecutor@AEAV?$shared_ptr@VAsyncExecutor@threads@dvacore@@@std@@V<lambda_1>@?1???$are_we_done@V?$shared_ptr@VAsyncExecutor@threads@dvacore@@@std@@U?$FuturesAPI@V?$Future@VTaskData@flow@@@async@dvacore@@@flow@@@flow@@YAXAEAV12@AEBU?$FuturesAPI@V?$Future@VTaskData@flow@@@async@dvacore@@@4@V?$shared_ptr@U?$SchedulingState@U?$FuturesAPI@V?$Future@VTaskData@flow@@@async@dvacore@@@flow@@@flow@@@2@@Z@@?$Future@X@async@dvacore@@QEBA?A_PAEAV?$shared_ptr@VAsyncExecutor@threads@dvacore@@@std@@$$QEAV1?1???$are_we_done@V?$shared_ptr@VAsyncExecutor@threads@dvacore@@@std@@U?$FuturesAPI@V?$Future@VTaskData@flow@@@async@dvacore@@@flow@@@flow@@YAX0AEBU?$FuturesAPI@V?$Future@VTaskData@flow@@@async@dvacore@@@7@V?$shared_ptr@U?$SchedulingState@U?$FuturesAPI@V?$Future@VTaskData@flow@@@async@dvacore@@@flow@@@flow@@@6@@Z@@Z@V?$Promise@X@34@@?$Future@X@34@AEBA?A_P$$QEAV1?1???$OnSuccessWithExecutor@AEAV?$shared_ptr@VAsyncExecutor@threads@dvacore@@@std@@V<lambda_1>@?1???$are_we_done@V?$shared_ptr@VAsyncExecutor@threads@dvacore@@@std@@U?$FuturesAPI@V?$Future@VTaskData@flow@@@async@dvacore@@@flow@@@flow@@YAXAEAV12@AEBU?$FuturesAPI@V?$Future@VTaskData@flow@@@async@dvacore@@@4@V?$shared_ptr@U?$SchedulingState@U?$FuturesAPI@V?$Future@VTaskData@flow@@@async@dvacore@@@flow@@@flow@@@2@@Z@@734@QEBA?A_PAEAV56@$$QEAV1?1???$are_we_done@V?$shared_ptr@VAsyncExecutor@threads@dvacore@@@std@@U?$FuturesAPI@V?$Future@VTaskData@flow@@@async@dvacore@@@flow@@@flow@@YAX1AEBU?$FuturesAPI@V?$Future@VTaskData@flow@@@async@dvacore@@@8@V?$shared_ptr@U?$SchedulingState@U?$FuturesAPI@V?$Future@VTaskData@flow@@@async@dvacore@@@flow@@@flow@@@6@@Z@@Z@$$QEAV?$Promise@X@34@@Z@V?$shared_ptr@VUntypedFutureState@detail@async@dvacore@@@6@@Z@X$$V@std@@
AeCompute.dll,157002880,0x95bac80,flow,.?AV?$InvocationImplementation@V<lambda_1>@?4???$SetUpOnExceptionHandler@V<lambda_2>@?1???$are_we_done@V?$shared_ptr@VAsyncExecutor@threads@dvacore@@@std@@U?$FuturesAPI@V?$Future@VTaskData@flow@@@async@dvacore@@@flow@@@flow@@YAXAEAV?$shared_ptr@VAsyncExecutor@threads@dvacore@@@std@@AEBU?$FuturesAPI@V?$Future@VTaskData@flow@@@async@dvacore@@@2@V?$shared_ptr@U?$SchedulingState@U?$FuturesAPI@V?$Future@VTaskData@flow@@@async@dvacore@@@flow@@@flow@@@4@@Z@V?$Promise@X@async@dvacore@@@?$Future@X@async@dvacore@@IEBAX$$QEAV<lambda_2>@?1???$are_we_done@V?$shared_ptr@VAsyncExecutor@threads@dvacore@@@std@@U?$FuturesAPI@V?$Future@VTaskData@flow@@@async@dvacore@@@flow@@@flow@@YAXAEAV?$shared_ptr@VAsyncExecutor@threads@dvacore@@@std@@AEBU?$FuturesAPI@V?$Future@VTaskData@flow@@@async@dvacore@@@6@V?$shared_ptr@U?$SchedulingState@U?$FuturesAPI@V?$Future@VTaskData@flow@@@async@dvacore@@@flow@@@flow@@@8@@Z@$$QEAV?$Promise@X@34@@Z@$$A6AXXZ@detail@dvacore@@
AeCompute.dll,157003856,0x95bb050,flow,.?AV?$_Ref_count_obj_alloc3@V<lambda_1>@?1???$MakeContinuation@V<lambda_1>@?1???$spawn@AEAV?$shared_ptr@VAsyncExecutor@threads@dvacore@@@std@@@?$FuturesAPI@V?$Future@VTaskData@flow@@@async@dvacore@@@flow@@SA?AV?$Future@VTaskData@flow@@@async@dvacore@@AEAV?$shared_ptr@VAsyncExecutor@threads@dvacore@@@std@@V?$function@$$A6A?AVTaskData@flow@@XZ@8@@Z@V?$Promise@VTaskData@flow@@@56@@?$Future@X@async@dvacore@@AEBA?A_P$$QEAV1?1???$spawn@AEAV?$shared_ptr@VAsyncExecutor@threads@dvacore@@@std@@@?$FuturesAPI@V?$Future@VTaskData@flow@@@async@dvacore@@@flow@@SA?AV?$Future@VTaskData@flow@@@34@AEAV?$shared_ptr@VAsyncExecutor@threads@dvacore@@@std@@V?$function@$$A6A?AVTaskData@flow@@XZ@9@@Z@$$QEAV?$Promise@VTaskData@flow@@@34@@Z@U?$STLAllocator@V<lambda_1>@?1???$MakeContinuation@V<lambda_1>@?1???$spawn@AEAV?$shared_ptr@VAsyncExecutor@threads@dvacore@@@std@@@?$FuturesAPI@V?$Future@VTaskData@flow@@@async@dvacore@@@flow@@SA?AV?$Future@VTaskData@flow@@@async@dvacore@@AEAV?$shared_ptr@VAsyncExecutor@threads@dvacore@@@std@@V?$function@$$A6A?AVTaskData@flow@@XZ@8@@Z@V?$Promise@VTaskData@flow@@@56@@?$Future@X@async@dvacore@@AEBA?A_P$$QEAV1?1???$spawn@AEAV?$shared_ptr@VAsyncExecutor@threads@dvacore@@@std@@@?$FuturesAPI@V?$Future@VTaskData@flow@@@async@dvacore@@@flow@@SA?AV?$Future@VTaskData@flow@@@34@AEAV?$shared_ptr@VAsyncExecutor@threads@dvacore@@@std@@V?$function@$$A6A?AVTaskData@flow@@XZ@9@@Z@$$QEAV?$Promise@VTaskData@flow@@@34@@Z@@allocator@4@@std@@
AeCompute.dll,157005328,0x95bb610,flow,.?AV?$_Ebco_base@U?$STLAllocator@V<lambda_1>@?1???$MakeContinuation@V<lambda_1>@?1???$spawn@AEAV?$shared_ptr@VAsyncExecutor@threads@dvacore@@@std@@@?$FuturesAPI@V?$Future@VTaskData@flow@@@async@dvacore@@@flow@@SA?AV?$Future@VTaskData@flow@@@async@dvacore@@AEAV?$shared_ptr@VAsyncExecutor@threads@dvacore@@@std@@V?$function@$$A6A?AVTaskData@flow@@XZ@8@@Z@V?$Promise@VTaskData@flow@@@56@@?$Future@X@async@dvacore@@AEBA?A_P$$QEAV1?1???$spawn@AEAV?$shared_ptr@VAsyncExecutor@threads@dvacore@@@std@@@?$FuturesAPI@V?$Future@VTaskData@flow@@@async@dvacore@@@flow@@SA?AV?$Future@VTaskData@flow@@@34@AEAV?$shared_ptr@VAsyncExecutor@threads@dvacore@@@std@@V?$function@$$A6A?AVTaskData@flow@@XZ@9@@Z@$$QEAV?$Promise@VTaskData@flow@@@34@@Z@@allocator@dvacore@@$00@std@@
AeCompute.dll,157006112,0x95bb920,flow,.?AU?$STLAllocator@V<lambda_1>@?1???$MakeContinuation@V<lambda_1>@?1???$spawn@AEAV?$shared_ptr@VAsyncExecutor@threads@dvacore@@@std@@@?$FuturesAPI@V?$Future@VTaskData@flow@@@async@dvacore@@@flow@@SA?AV?$Future@VTaskData@flow@@@async@dvacore@@AEAV?$shared_ptr@VAsyncExecutor@threads@dvacore@@@std@@V?$function@$$A6A?AVTaskData@flow@@XZ@8@@Z@V?$Promise@VTaskData@flow@@@56@@?$Future@X@async@dvacore@@AEBA?A_P$$QEAV1?1???$spawn@AEAV?$shared_ptr@VAsyncExecutor@threads@dvacore@@@std@@@?$FuturesAPI@V?$Future@VTaskData@flow@@@async@dvacore@@@flow@@SA?AV?$Future@VTaskData@flow@@@34@AEAV?$shared_ptr@VAsyncExecutor@threads@dvacore@@@std@@V?$function@$$A6A?AVTaskData@flow@@XZ@9@@Z@$$QEAV?$Promise@VTaskData@flow@@@34@@Z@@allocator@dvacore@@
AeCompute.dll,157006928,0x95bbc50,flow,.?AV?$_Ebco_base@U?$STLAllocator@V?$InvocationImplementation@V<lambda_1>@?1???$AddContinuationWithExecutor@AEAV?$shared_ptr@VAsyncExecutor@threads@dvacore@@@std@@V<lambda_1>@?1???$MakeContinuation@V<lambda_1>@?1???$OnSuccessWithExecutor@AEAV?$shared_ptr@VAsyncExecutor@threads@dvacore@@@std@@V<lambda_1>@?1???$are_we_done@V?$shared_ptr@VAsyncExecutor@threads@dvacore@@@std@@U?$FuturesAPI@V?$Future@VTaskData@flow@@@async@dvacore@@@flow@@@flow@@YAXAEAV12@AEBU?$FuturesAPI@V?$Future@VTaskData@flow@@@async@dvacore@@@4@V?$shared_ptr@U?$SchedulingState@U?$FuturesAPI@V?$Future@VTaskData@flow@@@async@dvacore@@@flow@@@flow@@@2@@Z@@?$Future@X@async@dvacore@@QEBA?A_PAEAV?$shared_ptr@VAsyncExecutor@threads@dvacore@@@std@@$$QEAV1?1???$are_we_done@V?$shared_ptr@VAsyncExecutor@threads@dvacore@@@std@@U?$FuturesAPI@V?$Future@VTaskData@flow@@@async@dvacore@@@flow@@@flow@@YAX0AEBU?$FuturesAPI@V?$Future@VTaskData@flow@@@async@dvacore@@@7@V?$shared_ptr@U?$SchedulingState@U?$FuturesAPI@V?$Future@VTaskData@flow@@@async@dvacore@@@flow@@@flow@@@6@@Z@@Z@V?$Promise@X@34@@?$Future@X@async@dvacore@@AEBA?A_P$$QEAV3?1???$OnSuccessWithExecutor@AEAV?$shared_ptr@VAsyncExecutor@threads@dvacore@@@std@@V<lambda_1>@?1???$are_we_done@V?$shared_ptr@VAsyncExecutor@threads@dvacore@@@std@@U?$FuturesAPI@V?$Future@VTaskData@flow@@@async@dvacore@@@flow@@@flow@@YAXAEAV12@AEBU?$FuturesAPI@V?$Future@VTaskData@flow@@@async@dvacore@@@4@V?$shared_ptr@U?$SchedulingState@U?$FuturesAPI@V?$Future@VTaskData@flow@@@async@dvacore@@@flow@@@flow@@@2@@Z@@456@QEBA?A_PAEAV12@$$QEAV3?1???$are_we_done@V?$shared_ptr@VAsyncExecutor@threads@dvacore@@@std@@U?$FuturesAPI@V?$Future@VTaskData@flow@@@async@dvacore@@@flow@@@flow@@YAX0AEBU?$FuturesAPI@V?$Future@VTaskData@flow@@@async@dvacore@@@7@V?$shared_ptr@U?$SchedulingState@U?$FuturesAPI@V?$Future@VTaskData@flow@@@async@dvacore@@@flow@@@flow@@@2@@Z@@Z@$$QEAV?$Promise@X@56@@Z@@UntypedFutureState@detail@async@dvacore@@QEAAXAEAV?$shared_ptr@VAsyncExecutor@threads@dvacore@@@std@@$$QEAV1?1???$MakeContinuation@V<lambda_1>@?1???$OnSuccessWithExecutor@AEAV?$shared_ptr@VAsyncExecutor@threads@dvacore@@@std@@V<lambda_1>@?1???$are_we_done@V?$shared_ptr@VAsyncExecutor@threads@dvacore@@@std@@U?$FuturesAPI@V?$Future@VTaskData@flow@@@async@dvacore@@@flow@@@flow@@YAXAEAV12@AEBU?$FuturesAPI@V?$Future@VTaskData@flow@@@async@dvacore@@@4@V?$shared_ptr@U?$SchedulingState@U?$FuturesAPI@V?$Future@VTaskData@flow@@@async@dvacore@@@flow@@@flow@@@2@@Z@@?$Future@X@async@dvacore@@QEBA?A_PAEAV?$shared_ptr@VAsyncExecutor@threads@dvacore@@@std@@$$QEAV1?1???$are_we_done@V?$shared_ptr@VAsyncExecutor@threads@dvacore@@@std@@U?$FuturesAPI@V?$Future@VTaskData@flow@@@async@dvacore@@@flow@@@flow@@YAX0AEBU?$FuturesAPI@V?$Future@VTaskData@flow@@@async@dvacore@@@7@V?$shared_ptr@U?$SchedulingState@U?$FuturesAPI@V?$Future@VTaskData@flow@@@async@dvacore@@@flow@@@flow@@@6@@Z@@Z@V?$Promise@X@34@@?$Future@X@45@AEBA?A_P$$QEAV1?1???$OnSuccessWithExecutor@AEAV?$shared_ptr@VAsyncExecutor@threads@dvacore@@@std@@V<lambda_1>@?1???$are_we_done@V?$shared_ptr@VAsyncExecutor@threads@dvacore@@@std@@U?$FuturesAPI@V?$Future@VTaskData@flow@@@async@dvacore@@@flow@@@flow@@YAXAEAV12@AEBU?$FuturesAPI@V?$Future@VTaskData@flow@@@async@dvacore@@@4@V?$shared_ptr@U?$SchedulingState@U?$FuturesAPI@V?$Future@VTaskData@flow@@@async@dvacore@@@flow@@@flow@@@2@@Z@@845@QEBA?A_P0$$QEAV1?1???$are_we_done@V?$shared_ptr@VAsyncExecutor@threads@dvacore@@@std@@U?$FuturesAPI@V?$Future@VTaskData@flow@@@async@dvacore@@@flow@@@flow@@YAX0AEBU?$FuturesAPI@V?$Future@VTaskData@flow@@@async@dvacore@@@9@V?$shared_ptr@U?$SchedulingState@U?$FuturesAPI@V?$Future@VTaskData@flow@@@async@dvacore@@@flow@@@flow@@@7@@Z@@Z@$$QEAV?$Promise@X@45@@Z@@Z@$$A6AXXZ@detail@dvacore@@@allocator@dvacore@@$00@std@@
AeCompute.dll,157010688,0x95bcb00,flow,.?AU?$STLAllocator@V?$InvocationImplementation@V<lambda_1>@?1???$AddContinuationWithExecutor@AEAV?$shared_ptr@VAsyncExecutor@threads@dvacore@@@std@@V<lambda_1>@?1???$MakeContinuation@V<lambda_1>@?1???$OnSuccessWithExecutor@AEAV?$shared_ptr@VAsyncExecutor@threads@dvacore@@@std@@V<lambda_1>@?1???$are_we_done@V?$shared_ptr@VAsyncExecutor@threads@dvacore@@@std@@U?$FuturesAPI@V?$Future@VTaskData@flow@@@async@dvacore@@@flow@@@flow@@YAXAEAV12@AEBU?$FuturesAPI@V?$Future@VTaskData@flow@@@async@dvacore@@@4@V?$shared_ptr@U?$SchedulingState@U?$FuturesAPI@V?$Future@VTaskData@flow@@@async@dvacore@@@flow@@@flow@@@2@@Z@@?$Future@X@async@dvacore@@QEBA?A_PAEAV?$shared_ptr@VAsyncExecutor@threads@dvacore@@@std@@$$QEAV1?1???$are_we_done@V?$shared_ptr@VAsyncExecutor@threads@dvacore@@@std@@U?$FuturesAPI@V?$Future@VTaskData@flow@@@async@dvacore@@@flow@@@flow@@YAX0AEBU?$FuturesAPI@V?$Future@VTaskData@flow@@@async@dvacore@@@7@V?$shared_ptr@U?$SchedulingState@U?$FuturesAPI@V?$Future@VTaskData@flow@@@async@dvacore@@@flow@@@flow@@@6@@Z@@Z@V?$Promise@X@34@@?$Future@X@async@dvacore@@AEBA?A_P$$QEAV3?1???$OnSuccessWithExecutor@AEAV?$shared_ptr@VAsyncExecutor@threads@dvacore@@@std@@V<lambda_1>@?1???$are_we_done@V?$shared_ptr@VAsyncExecutor@threads@dvacore@@@std@@U?$FuturesAPI@V?$Future@VTaskData@flow@@@async@dvacore@@@flow@@@flow@@YAXAEAV12@AEBU?$FuturesAPI@V?$Future@VTaskData@flow@@@async@dvacore@@@4@V?$shared_ptr@U?$SchedulingState@U?$FuturesAPI@V?$Future@VTaskData@flow@@@async@dvacore@@@flow@@@flow@@@2@@Z@@456@QEBA?A_PAEAV12@$$QEAV3?1???$are_we_done@V?$shared_ptr@VAsyncExecutor@threads@dvacore@@@std@@U?$FuturesAPI@V?$Future@VTaskData@flow@@@async@dvacore@@@flow@@@flow@@YAX0AEBU?$FuturesAPI@V?$Future@VTaskData@flow@@@async@dvacore@@@7@V?$shared_ptr@U?$SchedulingState@U?$FuturesAPI@V?$Future@VTaskData@flow@@@async@dvacore@@@flow@@@flow@@@2@@Z@@Z@$$QEAV?$Promise@X@56@@Z@@UntypedFutureState@detail@async@dvacore@@QEAAXAEAV?$shared_ptr@VAsyncExecutor@threads@dvacore@@@std@@$$QEAV1?1???$MakeContinuation@V<lambda_1>@?1???$OnSuccessWithExecutor@AEAV?$shared_ptr@VAsyncExecutor@threads@dvacore@@@std@@V<lambda_1>@?1???$are_we_done@V?$shared_ptr@VAsyncExecutor@threads@dvacore@@@std@@U?$FuturesAPI@V?$Future@VTaskData@flow@@@async@dvacore@@@flow@@@flow@@YAXAEAV12@AEBU?$FuturesAPI@V?$Future@VTaskData@flow@@@async@dvacore@@@4@V?$shared_ptr@U?$SchedulingState@U?$FuturesAPI@V?$Future@VTaskData@flow@@@async@dvacore@@@flow@@@flow@@@2@@Z@@?$Future@X@async@dvacore@@QEBA?A_PAEAV?$shared_ptr@VAsyncExecutor@threads@dvacore@@@std@@$$QEAV1?1???$are_we_done@V?$shared_ptr@VAsyncExecutor@threads@dvacore@@@std@@U?$FuturesAPI@V?$Future@VTaskData@flow@@@async@dvacore@@@flow@@@flow@@YAX0AEBU?$FuturesAPI@V?$Future@VTaskData@flow@@@async@dvacore@@@7@V?$shared_ptr@U?$SchedulingState@U?$FuturesAPI@V?$Future@VTaskData@flow@@@async@dvacore@@@flow@@@flow@@@6@@Z@@Z@V?$Promise@X@34@@?$Future@X@45@AEBA?A_P$$QEAV1?1???$OnSuccessWithExecutor@AEAV?$shared_ptr@VAsyncExecutor@threads@dvacore@@@std@@V<lambda_1>@?1???$are_we_done@V?$shared_ptr@VAsyncExecutor@threads@dvacore@@@std@@U?$FuturesAPI@V?$Future@VTaskData@flow@@@async@dvacore@@@flow@@@flow@@YAXAEAV12@AEBU?$FuturesAPI@V?$Future@VTaskData@flow@@@async@dvacore@@@4@V?$shared_ptr@U?$SchedulingState@U?$FuturesAPI@V?$Future@VTaskData@flow@@@async@dvacore@@@flow@@@flow@@@2@@Z@@845@QEBA?A_P0$$QEAV1?1???$are_we_done@V?$shared_ptr@VAsyncExecutor@threads@dvacore@@@std@@U?$FuturesAPI@V?$Future@VTaskData@flow@@@async@dvacore@@@flow@@@flow@@YAX0AEBU?$FuturesAPI@V?$Future@VTaskData@flow@@@async@dvacore@@@9@V?$shared_ptr@U?$SchedulingState@U?$FuturesAPI@V?$Future@VTaskData@flow@@@async@dvacore@@@flow@@@flow@@@7@@Z@@Z@$$QEAV?$Promise@X@45@@Z@@Z@$$A6AXXZ@detail@dvacore@@@allocator@dvacore@@
AeCompute.dll,157014768,0x95bdaf0,flow,.?AV?$_Ref_count_obj_alloc3@V?$InvocationImplementation@V<lambda_1>@?4???$SetUpOnExceptionHandler@V<lambda_1>@?1??default_exception_handler@?$FuturesAPI@V?$Future@VTaskData@flow@@@async@dvacore@@@flow@@SA@XZ@V?$Promise@X@async@dvacore@@@?$Future@X@async@dvacore@@IEBAX$$QEAV1?1??default_exception_handler@?$FuturesAPI@V?$Future@VTaskData@flow@@@async@dvacore@@@flow@@SA@XZ@$$QEAV?$Promise@X@34@@Z@$$A6AXXZ@detail@dvacore@@U?$STLAllocator@V?$InvocationImplementation@V<lambda_1>@?4???$SetUpOnExceptionHandler@V<lambda_1>@?1??default_exception_handler@?$FuturesAPI@V?$Future@VTaskData@flow@@@async@dvacore@@@flow@@SA@XZ@V?$Promise@X@async@dvacore@@@?$Future@X@async@dvacore@@IEBAX$$QEAV1?1??default_exception_handler@?$FuturesAPI@V?$Future@VTaskData@flow@@@async@dvacore@@@flow@@SA@XZ@$$QEAV?$Promise@X@34@@Z@$$A6AXXZ@detail@dvacore@@@allocator@3@@std@@
AeCompute.dll,157015648,0x95bde60,flow,.?AV?$_Ebco_base@U?$STLAllocator@V?$InvocationImplementation@V<lambda_1>@?4???$SetUpOnExceptionHandler@V<lambda_1>@?1??default_exception_handler@?$FuturesAPI@V?$Future@VTaskData@flow@@@async@dvacore@@@flow@@SA@XZ@V?$Promise@X@async@dvacore@@@?$Future@X@async@dvacore@@IEBAX$$QEAV1?1??default_exception_handler@?$FuturesAPI@V?$Future@VTaskData@flow@@@async@dvacore@@@flow@@SA@XZ@$$QEAV?$Promise@X@34@@Z@$$A6AXXZ@detail@dvacore@@@allocator@dvacore@@$00@std@@
AeCompute.dll,157016128,0x95be040,flow,.?AU?$STLAllocator@V?$InvocationImplementation@V<lambda_1>@?4???$SetUpOnExceptionHandler@V<lambda_1>@?1??default_exception_handler@?$FuturesAPI@V?$Future@VTaskData@flow@@@async@dvacore@@@flow@@SA@XZ@V?$Promise@X@async@dvacore@@@?$Future@X@async@dvacore@@IEBAX$$QEAV1?1??default_exception_handler@?$FuturesAPI@V?$Future@VTaskData@flow@@@async@dvacore@@@flow@@SA@XZ@$$QEAV?$Promise@X@34@@Z@$$A6AXXZ@detail@dvacore@@@allocator@dvacore@@
AeCompute.dll,157016592,0x95be210,flow,.?AV?$_Func_impl_no_alloc@V<lambda_1>@?6???$CallContinuationAsync@V?$shared_ptr@VAsyncExecutor@threads@dvacore@@@std@@V<lambda_1>@?1???$MakeContinuation@V<lambda_1>@?1???$spawn@AEAV?$shared_ptr@VAsyncExecutor@threads@dvacore@@@std@@@?$FuturesAPI@V?$Future@VTaskData@flow@@@async@dvacore@@@flow@@SA?AV?$Future@VTaskData@flow@@@async@dvacore@@AEAV?$shared_ptr@VAsyncExecutor@threads@dvacore@@@std@@V?$function@$$A6A?AVTaskData@flow@@XZ@8@@Z@V?$Promise@VTaskData@flow@@@56@@?$Future@X@async@dvacore@@AEBA?A_P$$QEAV3?1???$spawn@AEAV?$shared_ptr@VAsyncExecutor@threads@dvacore@@@std@@@?$FuturesAPI@V?$Future@VTaskData@flow@@@async@dvacore@@@flow@@SA?AV?$Future@VTaskData@flow@@@56@AEAV12@V?$function@$$A6A?AVTaskData@flow@@XZ@2@@Z@$$QEAV?$Promise@VTaskData@flow@@@56@@Z@@detail@async@dvacore@@YAX$$QEAV?$shared_ptr@VAsyncExecutor@threads@dvacore@@@std@@$$QEAV1?1???$MakeContinuation@V<lambda_1>@?1???$spawn@AEAV?$shared_ptr@VAsyncExecutor@threads@dvacore@@@std@@@?$FuturesAPI@V?$Future@VTaskData@flow@@@async@dvacore@@@flow@@SA?AV?$Future@VTaskData@flow@@@async@dvacore@@AEAV?$shared_ptr@VAsyncExecutor@threads@dvacore@@@std@@V?$function@$$A6A?AVTaskData@flow@@XZ@8@@Z@V?$Promise@VTaskData@flow@@@56@@?$Future@X@34@AEBA?A_P$$QEAV1?1???$spawn@AEAV?$shared_ptr@VAsyncExecutor@threads@dvacore@@@std@@@?$FuturesAPI@V?$Future@VTaskData@flow@@@async@dvacore@@@flow@@SA?AV?$Future@VTaskData@flow@@@34@AEAV56@V?$function@$$A6A?AVTaskData@flow@@XZ@6@@Z@$$QEAV?$Promise@VTaskData@flow@@@34@@Z@V?$shared_ptr@VUntypedFutureState@detail@async@dvacore@@@6@@Z@X$$V@std@@
AeCompute.dll,157018160,0x95be830,flow,.?AV?$_Ref_count_obj_alloc3@V?$InvocationImplementation@V<lambda_1>@?4???$SetUpOnExceptionHandler@V<lambda_2>@?1???$are_we_done@V?$shared_ptr@VAsyncExecutor@threads@dvacore@@@std@@U?$FuturesAPI@V?$Future@VTaskData@flow@@@async@dvacore@@@flow@@@flow@@YAXAEAV?$shared_ptr@VAsyncExecutor@threads@dvacore@@@std@@AEBU?$FuturesAPI@V?$Future@VTaskData@flow@@@async@dvacore@@@2@V?$shared_ptr@U?$SchedulingState@U?$FuturesAPI@V?$Future@VTaskData@flow@@@async@dvacore@@@flow@@@flow@@@4@@Z@V?$Promise@X@async@dvacore@@@?$Future@X@async@dvacore@@IEBAX$$QEAV<lambda_2>@?1???$are_we_done@V?$shared_ptr@VAsyncExecutor@threads@dvacore@@@std@@U?$FuturesAPI@V?$Future@VTaskData@flow@@@async@dvacore@@@flow@@@flow@@YAXAEAV?$shared_ptr@VAsyncExecutor@threads@dvacore@@@std@@AEBU?$FuturesAPI@V?$Future@VTaskData@flow@@@async@dvacore@@@6@V?$shared_ptr@U?$SchedulingState@U?$FuturesAPI@V?$Future@VTaskData@flow@@@async@dvacore@@@flow@@@flow@@@8@@Z@$$QEAV?$Promise@X@34@@Z@$$A6AXXZ@detail@dvacore@@U?$STLAllocator@V?$InvocationImplementation@V<lambda_1>@?4???$SetUpOnExceptionHandler@V<lambda_2>@?1???$are_we_done@V?$shared_ptr@VAsyncExecutor@threads@dvacore@@@std@@U?$FuturesAPI@V?$Future@VTaskData@flow@@@async@dvacore@@@flow@@@flow@@YAXAEAV?$shared_ptr@VAsyncExecutor@threads@dvacore@@@std@@AEBU?$FuturesAPI@V?$Future@VTaskData@flow@@@async@dvacore@@@2@V?$shared_ptr@U?$SchedulingState@U?$FuturesAPI@V?$Future@VTaskData@flow@@@async@dvacore@@@flow@@@flow@@@4@@Z@V?$Promise@X@async@dvacore@@@?$Future@X@async@dvacore@@IEBAX$$QEAV<lambda_2>@?1???$are_we_done@V?$shared_ptr@VAsyncExecutor@threads@dvacore@@@std@@U?$FuturesAPI@V?$Future@VTaskData@flow@@@async@dvacore@@@flow@@@flow@@YAXAEAV?$shared_ptr@VAsyncExecutor@threads@dvacore@@@std@@AEBU?$FuturesAPI@V?$Future@VTaskData@flow@@@async@dvacore@@@6@V?$shared_ptr@U?$SchedulingState@U?$FuturesAPI@V?$Future@VTaskData@flow@@@async@dvacore@@@flow@@@flow@@@8@@Z@$$QEAV?$Promise@X@34@@Z@$$A6AXXZ@detail@dvacore@@@allocator@3@@std@@
AeCompute.dll,157020144,0x95beff0,flow,.?AV?$_Ebco_base@U?$STLAllocator@V?$InvocationImplementation@V<lambda_1>@?4???$SetUpOnExceptionHandler@V<lambda_2>@?1???$are_we_done@V?$shared_ptr@VAsyncExecutor@threads@dvacore@@@std@@U?$FuturesAPI@V?$Future@VTaskData@flow@@@async@dvacore@@@flow@@@flow@@YAXAEAV?$shared_ptr@VAsyncExecutor@threads@dvacore@@@std@@AEBU?$FuturesAPI@V?$Future@VTaskData@flow@@@async@dvacore@@@2@V?$shared_ptr@U?$SchedulingState@U?$FuturesAPI@V?$Future@VTaskData@flow@@@async@dvacore@@@flow@@@flow@@@4@@Z@V?$Promise@X@async@dvacore@@@?$Future@X@async@dvacore@@IEBAX$$QEAV<lambda_2>@?1???$are_we_done@V?$shared_ptr@VAsyncExecutor@threads@dvacore@@@std@@U?$FuturesAPI@V?$Future@VTaskData@flow@@@async@dvacore@@@flow@@@flow@@YAXAEAV?$shared_ptr@VAsyncExecutor@threads@dvacore@@@std@@AEBU?$FuturesAPI@V?$Future@VTaskData@flow@@@async@dvacore@@@6@V?$shared_ptr@U?$SchedulingState@U?$FuturesAPI@V?$Future@VTaskData@flow@@@async@dvacore@@@flow@@@flow@@@8@@Z@$$QEAV?$Promise@X@34@@Z@$$A6AXXZ@detail@dvacore@@@allocator@dvacore@@$00@std@@
AeCompute.dll,157021184,0x95bf400,flow,.?AU?$STLAllocator@V?$InvocationImplementation@V<lambda_1>@?4???$SetUpOnExceptionHandler@V<lambda_2>@?1???$are_we_done@V?$shared_ptr@VAsyncExecutor@threads@dvacore@@@std@@U?$FuturesAPI@V?$Future@VTaskData@flow@@@async@dvacore@@@flow@@@flow@@YAXAEAV?$shared_ptr@VAsyncExecutor@threads@dvacore@@@std@@AEBU?$FuturesAPI@V?$Future@VTaskData@flow@@@async@dvacore@@@2@V?$shared_ptr@U?$SchedulingState@U?$FuturesAPI@V?$Future@VTaskData@flow@@@async@dvacore@@@flow@@@flow@@@4@@Z@V?$Promise@X@async@dvacore@@@?$Future@X@async@dvacore@@IEBAX$$QEAV<lambda_2>@?1???$are_we_done@V?$shared_ptr@VAsyncExecutor@threads@dvacore@@@std@@U?$FuturesAPI@V?$Future@VTaskData@flow@@@async@dvacore@@@flow@@@flow@@YAXAEAV?$shared_ptr@VAsyncExecutor@threads@dvacore@@@std@@AEBU?$FuturesAPI@V?$Future@VTaskData@flow@@@async@dvacore@@@6@V?$shared_ptr@U?$SchedulingState@U?$FuturesAPI@V?$Future@VTaskData@flow@@@async@dvacore@@@flow@@@flow@@@8@@Z@$$QEAV?$Promise@X@34@@Z@$$A6AXXZ@detail@dvacore@@@allocator@dvacore@@
AeCompute.dll,157022192,0x95bf7f0,flow,.?AV?$_Ref_count_obj_alloc3@V?$InvocationImplementation@V<lambda_1>@?4???$SetUpOnExceptionHandler@V<lambda_1>@?1??default_exception_handler@?$FuturesAPI@V?$Future@VTaskData@flow@@@async@dvacore@@@flow@@SA@XZ@V?$Promise@X@async@dvacore@@@?$Future@VTaskData@flow@@@async@dvacore@@IEBAX$$QEAV1?1??default_exception_handler@?$FuturesAPI@V?$Future@VTaskData@flow@@@async@dvacore@@@flow@@SA@XZ@$$QEAV?$Promise@X@34@@Z@$$A6AXXZ@detail@dvacore@@U?$STLAllocator@V?$InvocationImplementation@V<lambda_1>@?4???$SetUpOnExceptionHandler@V<lambda_1>@?1??default_exception_handler@?$FuturesAPI@V?$Future@VTaskData@flow@@@async@dvacore@@@flow@@SA@XZ@V?$Promise@X@async@dvacore@@@?$Future@VTaskData@flow@@@async@dvacore@@IEBAX$$QEAV1?1??default_exception_handler@?$FuturesAPI@V?$Future@VTaskData@flow@@@async@dvacore@@@flow@@SA@XZ@$$QEAV?$Promise@X@34@@Z@$$A6AXXZ@detail@dvacore@@@allocator@3@@std@@
AeCompute.dll,157023104,0x95bfb80,flow,.?AV?$_Ebco_base@U?$STLAllocator@V?$InvocationImplementation@V<lambda_1>@?4???$SetUpOnExceptionHandler@V<lambda_1>@?1??default_exception_handler@?$FuturesAPI@V?$Future@VTaskData@flow@@@async@dvacore@@@flow@@SA@XZ@V?$Promise@X@async@dvacore@@@?$Future@VTaskData@flow@@@async@dvacore@@IEBAX$$QEAV1?1??default_exception_handler@?$FuturesAPI@V?$Future@VTaskData@flow@@@async@dvacore@@@flow@@SA@XZ@$$QEAV?$Promise@X@34@@Z@$$A6AXXZ@detail@dvacore@@@allocator@dvacore@@$00@std@@
AeCompute.dll,157023600,0x95bfd70,flow,.?AU?$STLAllocator@V?$InvocationImplementation@V<lambda_1>@?4???$SetUpOnExceptionHandler@V<lambda_1>@?1??default_exception_handler@?$FuturesAPI@V?$Future@VTaskData@flow@@@async@dvacore@@@flow@@SA@XZ@V?$Promise@X@async@dvacore@@@?$Future@VTaskData@flow@@@async@dvacore@@IEBAX$$QEAV1?1??default_exception_handler@?$FuturesAPI@V?$Future@VTaskData@flow@@@async@dvacore@@@flow@@SA@XZ@$$QEAV?$Promise@X@34@@Z@$$A6AXXZ@detail@dvacore@@@allocator@dvacore@@
AeCompute.dll,157024080,0x95bff50,flow,.?AV?$_Ref_count_obj_alloc3@V?$InvocationImplementation@V<lambda_1>@?1???$AddContinuationWithExecutor@AEAV?$shared_ptr@VAsyncExecutor@threads@dvacore@@@std@@V<lambda_1>@?1???$MakeContinuation@V<lambda_1>@?1???$spawn@AEAV?$shared_ptr@VAsyncExecutor@threads@dvacore@@@std@@@?$FuturesAPI@V?$Future@VTaskData@flow@@@async@dvacore@@@flow@@SA?AV?$Future@VTaskData@flow@@@async@dvacore@@AEAV?$shared_ptr@VAsyncExecutor@threads@dvacore@@@std@@V?$function@$$A6A?AVTaskData@flow@@XZ@8@@Z@V?$Promise@VTaskData@flow@@@56@@?$Future@X@async@dvacore@@AEBA?A_P$$QEAV3?1???$spawn@AEAV?$shared_ptr@VAsyncExecutor@threads@dvacore@@@std@@@?$FuturesAPI@V?$Future@VTaskData@flow@@@async@dvacore@@@flow@@SA?AV?$Future@VTaskData@flow@@@56@AEAV12@V?$function@$$A6A?AVTaskData@flow@@XZ@2@@Z@$$QEAV?$Promise@VTaskData@flow@@@56@@Z@@UntypedFutureState@detail@async@dvacore@@QEAAXAEAV?$shared_ptr@VAsyncExecutor@threads@dvacore@@@std@@$$QEAV1?1???$MakeContinuation@V<lambda_1>@?1???$spawn@AEAV?$shared_ptr@VAsyncExecutor@threads@dvacore@@@std@@@?$FuturesAPI@V?$Future@VTaskData@flow@@@async@dvacore@@@flow@@SA?AV?$Future@VTaskData@flow@@@async@dvacore@@AEAV?$shared_ptr@VAsyncExecutor@threads@dvacore@@@std@@V?$function@$$A6A?AVTaskData@flow@@XZ@8@@Z@V?$Promise@VTaskData@flow@@@56@@?$Future@X@45@AEBA?A_P$$QEAV1?1???$spawn@AEAV?$shared_ptr@VAsyncExecutor@threads@dvacore@@@std@@@?$FuturesAPI@V?$Future@VTaskData@flow@@@async@dvacore@@@flow@@SA?AV?$Future@VTaskData@flow@@@45@0V?$function@$$A6A?AVTaskData@flow@@XZ@7@@Z@$$QEAV?$Promise@VTaskData@flow@@@45@@Z@@Z@$$A6AXXZ@detail@dvacore@@U?$STLAllocator@V?$InvocationImplementation@V<lambda_1>@?1???$AddContinuationWithExecutor@AEAV?$shared_ptr@VAsyncExecutor@threads@dvacore@@@std@@V<lambda_1>@?1???$MakeContinuation@V<lambda_1>@?1???$spawn@AEAV?$shared_ptr@VAsyncExecutor@threads@dvacore@@@std@@@?$FuturesAPI@V?$Future@VTaskData@flow@@@async@dvacore@@@flow@@SA?AV?$Future@VTaskData@flow@@@async@dvacore@@AEAV?$shared_ptr@VAsyncExecutor@threads@dvacore@@@std@@V?$function@$$A6A?AVTaskData@flow@@XZ@8@@Z@V?$Promise@VTaskData@flow@@@56@@?$Future@X@async@dvacore@@AEBA?A_P$$QEAV3?1???$spawn@AEAV?$shared_ptr@VAsyncExecutor@threads@dvacore@@@std@@@?$FuturesAPI@V?$Future@VTaskData@flow@@@async@dvacore@@@flow@@SA?AV?$Future@VTaskData@flow@@@56@AEAV12@V?$function@$$A6A?AVTaskData@flow@@XZ@2@@Z@$$QEAV?$Promise@VTaskData@flow@@@56@@Z@@UntypedFutureState@detail@async@dvacore@@QEAAXAEAV?$shared_ptr@VAsyncExecutor@threads@dvacore@@@std@@$$QEAV1?1???$MakeContinuation@V<lambda_1>@?1???$spawn@AEAV?$shared_ptr@VAsyncExecutor@threads@dvacore@@@std@@@?$FuturesAPI@V?$Future@VTaskData@flow@@@async@dvacore@@@flow@@SA?AV?$Future@VTaskData@flow@@@async@dvacore@@AEAV?$shared_ptr@VAsyncExecutor@threads@dvacore@@@std@@V?$function@$$A6A?AVTaskData@flow@@XZ@8@@Z@V?$Promise@VTaskData@flow@@@56@@?$Future@X@45@AEBA?A_P$$QEAV1?1???$spawn@AEAV?$shared_ptr@VAsyncExecutor@threads@dvacore@@@std@@@?$FuturesAPI@V?$Future@VTaskData@flow@@@async@dvacore@@@flow@@SA?AV?$Future@VTaskData@flow@@@45@0V?$function@$$A6A?AVTaskData@flow@@XZ@7@@Z@$$QEAV?$Promise@VTaskData@flow@@@45@@Z@@Z@$$A6AXXZ@detail@dvacore@@@allocator@3@@std@@
AeCompute.dll,157027232,0x95c0ba0,flow,.?AV?$_Ebco_base@U?$STLAllocator@V?$InvocationImplementation@V<lambda_1>@?1???$AddContinuationWithExecutor@AEAV?$shared_ptr@VAsyncExecutor@threads@dvacore@@@std@@V<lambda_1>@?1???$MakeContinuation@V<lambda_1>@?1???$spawn@AEAV?$shared_ptr@VAsyncExecutor@threads@dvacore@@@std@@@?$FuturesAPI@V?$Future@VTaskData@flow@@@async@dvacore@@@flow@@SA?AV?$Future@VTaskData@flow@@@async@dvacore@@AEAV?$shared_ptr@VAsyncExecutor@threads@dvacore@@@std@@V?$function@$$A6A?AVTaskData@flow@@XZ@8@@Z@V?$Promise@VTaskData@flow@@@56@@?$Future@X@async@dvacore@@AEBA?A_P$$QEAV3?1???$spawn@AEAV?$shared_ptr@VAsyncExecutor@threads@dvacore@@@std@@@?$FuturesAPI@V?$Future@VTaskData@flow@@@async@dvacore@@@flow@@SA?AV?$Future@VTaskData@flow@@@56@AEAV12@V?$function@$$A6A?AVTaskData@flow@@XZ@2@@Z@$$QEAV?$Promise@VTaskData@flow@@@56@@Z@@UntypedFutureState@detail@async@dvacore@@QEAAXAEAV?$shared_ptr@VAsyncExecutor@threads@dvacore@@@std@@$$QEAV1?1???$MakeContinuation@V<lambda_1>@?1???$spawn@AEAV?$shared_ptr@VAsyncExecutor@threads@dvacore@@@std@@@?$FuturesAPI@V?$Future@VTaskData@flow@@@async@dvacore@@@flow@@SA?AV?$Future@VTaskData@flow@@@async@dvacore@@AEAV?$shared_ptr@VAsyncExecutor@threads@dvacore@@@std@@V?$function@$$A6A?AVTaskData@flow@@XZ@8@@Z@V?$Promise@VTaskData@flow@@@56@@?$Future@X@45@AEBA?A_P$$QEAV1?1???$spawn@AEAV?$shared_ptr@VAsyncExecutor@threads@dvacore@@@std@@@?$FuturesAPI@V?$Future@VTaskData@flow@@@async@dvacore@@@flow@@SA?AV?$Future@VTaskData@flow@@@45@0V?$function@$$A6A?AVTaskData@flow@@XZ@7@@Z@$$QEAV?$Promise@VTaskData@flow@@@45@@Z@@Z@$$A6AXXZ@detail@dvacore@@@allocator@dvacore@@$00@std@@
AeCompute.dll,157028848,0x95c11f0,flow,.?AU?$STLAllocator@V?$InvocationImplementation@V<lambda_1>@?1???$AddContinuationWithExecutor@AEAV?$shared_ptr@VAsyncExecutor@threads@dvacore@@@std@@V<lambda_1>@?1???$MakeContinuation@V<lambda_1>@?1???$spawn@AEAV?$shared_ptr@VAsyncExecutor@threads@dvacore@@@std@@@?$FuturesAPI@V?$Future@VTaskData@flow@@@async@dvacore@@@flow@@SA?AV?$Future@VTaskData@flow@@@async@dvacore@@AEAV?$shared_ptr@VAsyncExecutor@threads@dvacore@@@std@@V?$function@$$A6A?AVTaskData@flow@@XZ@8@@Z@V?$Promise@VTaskData@flow@@@56@@?$Future@X@async@dvacore@@AEBA?A_P$$QEAV3?1???$spawn@AEAV?$shared_ptr@VAsyncExecutor@threads@dvacore@@@std@@@?$FuturesAPI@V?$Future@VTaskData@flow@@@async@dvacore@@@flow@@SA?AV?$Future@VTaskData@flow@@@56@AEAV12@V?$function@$$A6A?AVTaskData@flow@@XZ@2@@Z@$$QEAV?$Promise@VTaskData@flow@@@56@@Z@@UntypedFutureState@detail@async@dvacore@@QEAAXAEAV?$shared_ptr@VAsyncExecutor@threads@dvacore@@@std@@$$QEAV1?1???$MakeContinuation@V<lambda_1>@?1???$spawn@AEAV?$shared_ptr@VAsyncExecutor@threads@dvacore@@@std@@@?$FuturesAPI@V?$Future@VTaskData@flow@@@async@dvacore@@@flow@@SA?AV?$Future@VTaskData@flow@@@async@dvacore@@AEAV?$shared_ptr@VAsyncExecutor@threads@dvacore@@@std@@V?$function@$$A6A?AVTaskData@flow@@XZ@8@@Z@V?$Promise@VTaskData@flow@@@56@@?$Future@X@45@AEBA?A_P$$QEAV1?1???$spawn@AEAV?$shared_ptr@VAsyncExecutor@threads@dvacore@@@std@@@?$FuturesAPI@V?$Future@VTaskData@flow@@@async@dvacore@@@flow@@SA?AV?$Future@VTaskData@flow@@@45@0V?$function@$$A6A?AVTaskData@flow@@XZ@7@@Z@$$QEAV?$Promise@VTaskData@flow@@@45@@Z@@Z@$$A6AXXZ@detail@dvacore@@@allocator@dvacore@@
AeCompute.dll,157031000,0x95c1a58,flow,.?AV?$_Func_base@VValue@flow@@AEBV12@@std@@
AeCompute.dll,157031320,0x95c1b98,flow,.?AV?$_Func_base@XAEBVValue@flow@@@std@@
AeCompute.dll,157031840,0x95c1da0,flow,.?AV?$_Func_impl_no_alloc@V<lambda_2>@?1??SetupTransmuteFrameFeed@DVACompute@@YA?AVTaskSelector@flow@@AEAV?$shared_ptr@UTransmuteFrameFeed@DVACompute@@@std@@AEAUEvaluationOptions@5@AEBV?$rational@_J@boost@@222_NHAEBV?$function@$$A6A?AV?$Future@V?$InterfaceRef@UIVideoFrame@MF@@@classref@dvacore@@@async@dvacore@@AEBVTickTime@dvamediatypes@@@Z@7@AEBVSocket@5@AEBVNode@5@@Z@V?$Future@VFrame@solax@@@async@dvacore@@AEBVRational@solax@@@std@@
AeCompute.dll,157032304,0x95c1f70,flow,.?AV?$_Func_impl_no_alloc@V<lambda_3>@?1??SetupTransmuteFrameFeed@DVACompute@@YA?AVTaskSelector@flow@@AEAV?$shared_ptr@UTransmuteFrameFeed@DVACompute@@@std@@AEAUEvaluationOptions@5@AEBV?$rational@_J@boost@@222_NHAEBV?$function@$$A6A?AV?$Future@V?$InterfaceRef@UIVideoFrame@MF@@@classref@dvacore@@@async@dvacore@@AEBVTickTime@dvamediatypes@@@Z@7@AEBVSocket@5@AEBVNode@5@@Z@XAEBVRational@solax@@@std@@
AeCompute.dll,157032784,0x95c2150,flow,.?AV?$InvocationImplementation@V<lambda_1>@?4???$SetUpOnExceptionHandler@V<lambda_2>@?1???R<lambda_1>@?1??SetupTransmuteFrameFeed@DVACompute@@YA?AVTaskSelector@flow@@AEAV?$shared_ptr@UTransmuteFrameFeed@DVACompute@@@std@@AEAUEvaluationOptions@6@AEBV?$rational@_J@boost@@222_NHAEBV?$function@$$A6A?AV?$Future@V?$InterfaceRef@UIVideoFrame@MF@@@classref@dvacore@@@async@dvacore@@AEBVTickTime@dvamediatypes@@@Z@8@AEBVSocket@6@AEBVNode@6@@Z@QEBA@AEBVRational@solax@@@Z@V?$Promise@X@async@dvacore@@@?$Future@V?$InterfaceRef@UIVideoFrame@MF@@@classref@dvacore@@@async@dvacore@@IEBAX$$QEAV<lambda_2>@?1???R1?1??SetupTransmuteFrameFeed@DVACompute@@YA?AVTaskSelector@flow@@AEAV?$shared_ptr@UTransmuteFrameFeed@DVACompute@@@std@@AEAUEvaluationOptions@9@AEBV?$rational@_J@boost@@222_NHAEBV?$function@$$A6A?AV?$Future@V?$InterfaceRef@UIVideoFrame@MF@@@classref@dvacore@@@async@dvacore@@AEBVTickTime@dvamediatypes@@@Z@std@@AEBVSocket@9@AEBVNode@9@@Z@QEBA@AEBVRational@solax@@@Z@$$QEAV?$Promise@X@34@@Z@$$A6AXXZ@detail@dvacore@@
AeCompute.dll,157033824,0x95c2560,flow,.?AU?$Storage@V?$Future@VTaskData@flow@@@async@dvacore@@@Value@flow@@
AeCompute.dll,157033968,0x95c25f0,flow,.?AV?$_Ebco_base@U?$STLAllocator@V<lambda_1>@?1???$MakeContinuation@V<lambda_1>@?1???$OnSuccessWithExecutor@V?$shared_ptr@VAsyncExecutor@threads@dvacore@@@std@@V<lambda_1>@?1???R3?1??SetupTransmuteFrameFeed@DVACompute@@YA?AVTaskSelector@flow@@AEAV?$shared_ptr@UTransmuteFrameFeed@DVACompute@@@2@AEAUEvaluationOptions@7@AEBV?$rational@_J@boost@@222_NHAEBV?$function@$$A6A?AV?$Future@V?$InterfaceRef@UIVideoFrame@MF@@@classref@dvacore@@@async@dvacore@@AEBVTickTime@dvamediatypes@@@Z@2@AEBVSocket@7@AEBVNode@7@@Z@QEBA@AEBVRational@solax@@@Z@@?$Future@V?$InterfaceRef@UIVideoFrame@MF@@@classref@dvacore@@@async@dvacore@@QEBA?A_P$$QEAV?$shared_ptr@VAsyncExecutor@threads@dvacore@@@std@@$$QEAV1?1???R1?1??SetupTransmuteFrameFeed@DVACompute@@YA?AVTaskSelector@flow@@AEAV?$shared_ptr@UTransmuteFrameFeed@DVACompute@@@6@AEAUEvaluationOptions@flow@@AEBV?$rational@_J@boost@@333_NHAEBV?$function@$$A6A?AV?$Future@V?$InterfaceRef@UIVideoFrame@MF@@@classref@dvacore@@@async@dvacore@@AEBVTickTime@dvamediatypes@@@Z@6@AEBVSocket@flow@@AEBVNode@flow@@@Z@QEBA@AEBVRational@solax@@@Z@@Z@V?$Promise@X@34@@?$Future@V?$InterfaceRef@UIVideoFrame@MF@@@classref@dvacore@@@async@dvacore@@AEBA?A_P$$QEAV1?1???$OnSuccessWithExecutor@V?$shared_ptr@VAsyncExecutor@threads@dvacore@@@std@@V<lambda_1>@?1???R3?1??SetupTransmuteFrameFeed@DVACompute@@YA?AVTaskSelector@flow@@AEAV?$shared_ptr@UTransmuteFrameFeed@DVACompute@@@2@AEAUEvaluationOptions@7@AEBV?$rational@_J@boost@@222_NHAEBV?$function@$$A6A?AV?$Future@V?$InterfaceRef@UIVideoFrame@MF@@@classref@dvacore@@@async@dvacore@@AEBVTickTime@dvamediatypes@@@Z@2@AEBVSocket@7@AEBVNode@7@@Z@QEBA@AEBVRational@solax@@@Z@@234@QEBA?A_P$$QEAV?$shared_ptr@VAsyncExecutor@threads@dvacore@@@std@@$$QEAV1?1???R1?1??SetupTransmuteFrameFeed@DVACompute@@YA?AVTaskSelector@flow@@AEAV?$shared_ptr@UTransmuteFrameFeed@DVACompute@@@6@AEAUEvaluationOptions@flow@@AEBV?$rational@_J@boost@@333_NHAEBV?$function@$$A6A?AV?$Future@V?$InterfaceRef@UIVideoFrame@MF@@@classref@dvacore@@@async@dvacore@@AEBVTickTime@dvamediatypes@@@Z@6@AEBVSocket@flow@@AEBVNode@flow@@@Z@QEBA@AEBVRational@solax@@@Z@@Z@$$QEAV?$Promise@X@34@@Z@@allocator@dvacore@@$00@std@@
AeCompute.dll,157036144,0x95c2e70,flow,.?AU?$STLAllocator@V<lambda_1>@?1???$MakeContinuation@V<lambda_1>@?1???$OnSuccessWithExecutor@V?$shared_ptr@VAsyncExecutor@threads@dvacore@@@std@@V<lambda_1>@?1???R3?1??SetupTransmuteFrameFeed@DVACompute@@YA?AVTaskSelector@flow@@AEAV?$shared_ptr@UTransmuteFrameFeed@DVACompute@@@2@AEAUEvaluationOptions@7@AEBV?$rational@_J@boost@@222_NHAEBV?$function@$$A6A?AV?$Future@V?$InterfaceRef@UIVideoFrame@MF@@@classref@dvacore@@@async@dvacore@@AEBVTickTime@dvamediatypes@@@Z@2@AEBVSocket@7@AEBVNode@7@@Z@QEBA@AEBVRational@solax@@@Z@@?$Future@V?$InterfaceRef@UIVideoFrame@MF@@@classref@dvacore@@@async@dvacore@@QEBA?A_P$$QEAV?$shared_ptr@VAsyncExecutor@threads@dvacore@@@std@@$$QEAV1?1???R1?1??SetupTransmuteFrameFeed@DVACompute@@YA?AVTaskSelector@flow@@AEAV?$shared_ptr@UTransmuteFrameFeed@DVACompute@@@6@AEAUEvaluationOptions@flow@@AEBV?$rational@_J@boost@@333_NHAEBV?$function@$$A6A?AV?$Future@V?$InterfaceRef@UIVideoFrame@MF@@@classref@dvacore@@@async@dvacore@@AEBVTickTime@dvamediatypes@@@Z@6@AEBVSocket@flow@@AEBVNode@flow@@@Z@QEBA@AEBVRational@solax@@@Z@@Z@V?$Promise@X@34@@?$Future@V?$InterfaceRef@UIVideoFrame@MF@@@classref@dvacore@@@async@dvacore@@AEBA?A_P$$QEAV1?1???$OnSuccessWithExecutor@V?$shared_ptr@VAsyncExecutor@threads@dvacore@@@std@@V<lambda_1>@?1???R3?1??SetupTransmuteFrameFeed@DVACompute@@YA?AVTaskSelector@flow@@AEAV?$shared_ptr@UTransmuteFrameFeed@DVACompute@@@2@AEAUEvaluationOptions@7@AEBV?$rational@_J@boost@@222_NHAEBV?$function@$$A6A?AV?$Future@V?$InterfaceRef@UIVideoFrame@MF@@@classref@dvacore@@@async@dvacore@@AEBVTickTime@dvamediatypes@@@Z@2@AEBVSocket@7@AEBVNode@7@@Z@QEBA@AEBVRational@solax@@@Z@@234@QEBA?A_P$$QEAV?$shared_ptr@VAsyncExecutor@threads@dvacore@@@std@@$$QEAV1?1???R1?1??SetupTransmuteFrameFeed@DVACompute@@YA?AVTaskSelector@flow@@AEAV?$shared_ptr@UTransmuteFrameFeed@DVACompute@@@6@AEAUEvaluationOptions@flow@@AEBV?$rational@_J@boost@@333_NHAEBV?$function@$$A6A?AV?$Future@V?$InterfaceRef@UIVideoFrame@MF@@@classref@dvacore@@@async@dvacore@@AEBVTickTime@dvamediatypes@@@Z@6@AEBVSocket@flow@@AEBVNode@flow@@@Z@QEBA@AEBVRational@solax@@@Z@@Z@$$QEAV?$Promise@X@34@@Z@@allocator@dvacore@@
AeCompute.dll,157038288,0x95c36d0,flow,.?AV?$_Func_impl_no_alloc@V<lambda_1>@?1???$graft_input@VFuture@async@dvacore@@VFrame@solax@@VRational@5@@EvaluationOptions@flow@@QEAAXAEBVSocket@3@V?$function@$$A6A?AV?$Future@VFrame@solax@@@async@dvacore@@AEBVRational@solax@@@Z@std@@@Z@VValue@3@AEBV73@@std@@
AeCompute.dll,157038576,0x95c37f0,flow,.?AV?$_Func_impl_no_alloc@V<lambda_1>@?1???$graft_output@VRational@solax@@@EvaluationOptions@flow@@QEAAXAEBVNode@3@V?$function@$$A6AXAEBVRational@solax@@@Z@std@@@Z@XAEBVValue@3@@std@@
AeCompute.dll,157038832,0x95c38f0,flow,.?AU?$Storage@VFrame@solax@@@Value@flow@@
AeCompute.dll,157038896,0x95c3930,flow,.?AV?$_Ref_count_obj_alloc3@V?$InvocationImplementation@V<lambda_1>@?4???$SetUpOnExceptionHandler@V<lambda_2>@?1???R<lambda_1>@?1??SetupTransmuteFrameFeed@DVACompute@@YA?AVTaskSelector@flow@@AEAV?$shared_ptr@UTransmuteFrameFeed@DVACompute@@@std@@AEAUEvaluationOptions@6@AEBV?$rational@_J@boost@@222_NHAEBV?$function@$$A6A?AV?$Future@V?$InterfaceRef@UIVideoFrame@MF@@@classref@dvacore@@@async@dvacore@@AEBVTickTime@dvamediatypes@@@Z@8@AEBVSocket@6@AEBVNode@6@@Z@QEBA@AEBVRational@solax@@@Z@V?$Promise@X@async@dvacore@@@?$Future@V?$InterfaceRef@UIVideoFrame@MF@@@classref@dvacore@@@async@dvacore@@IEBAX$$QEAV<lambda_2>@?1???R1?1??SetupTransmuteFrameFeed@DVACompute@@YA?AVTaskSelector@flow@@AEAV?$shared_ptr@UTransmuteFrameFeed@DVACompute@@@std@@AEAUEvaluationOptions@9@AEBV?$rational@_J@boost@@222_NHAEBV?$function@$$A6A?AV?$Future@V?$InterfaceRef@UIVideoFrame@MF@@@classref@dvacore@@@async@dvacore@@AEBVTickTime@dvamediatypes@@@Z@std@@AEBVSocket@9@AEBVNode@9@@Z@QEBA@AEBVRational@solax@@@Z@$$QEAV?$Promise@X@34@@Z@$$A6AXXZ@detail@dvacore@@U?$STLAllocator@V?$InvocationImplementation@V<lambda_1>@?4???$SetUpOnExceptionHandler@V<lambda_2>@?1???R<lambda_1>@?1??SetupTransmuteFrameFeed@DVACompute@@YA?AVTaskSelector@flow@@AEAV?$shared_ptr@UTransmuteFrameFeed@DVACompute@@@std@@AEAUEvaluationOptions@6@AEBV?$rational@_J@boost@@222_NHAEBV?$function@$$A6A?AV?$Future@V?$InterfaceRef@UIVideoFrame@MF@@@classref@dvacore@@@async@dvacore@@AEBVTickTime@dvamediatypes@@@Z@8@AEBVSocket@6@AEBVNode@6@@Z@QEBA@AEBVRational@solax@@@Z@V?$Promise@X@async@dvacore@@@?$Future@V?$InterfaceRef@UIVideoFrame@MF@@@classref@dvacore@@@async@dvacore@@IEBAX$$QEAV<lambda_2>@?1???R1?1??SetupTransmuteFrameFeed@DVACompute@@YA?AVTaskSelector@flow@@AEAV?$shared_ptr@UTransmuteFrameFeed@DVACompute@@@std@@AEAUEvaluationOptions@9@AEBV?$rational@_J@boost@@222_NHAEBV?$function@$$A6A?AV?$Future@V?$InterfaceRef@UIVideoFrame@MF@@@classref@dvacore@@@async@dvacore@@AEBVTickTime@dvamediatypes@@@Z@std@@AEBVSocket@9@AEBVNode@9@@Z@QEBA@AEBVRational@solax@@@Z@$$QEAV?$Promise@X@34@@Z@$$A6AXXZ@detail@dvacore@@@allocator@3@@std@@
AeCompute.dll,157041008,0x95c4170,flow,.?AV?$_Ebco_base@U?$STLAllocator@V?$InvocationImplementation@V<lambda_1>@?4???$SetUpOnExceptionHandler@V<lambda_2>@?1???R<lambda_1>@?1??SetupTransmuteFrameFeed@DVACompute@@YA?AVTaskSelector@flow@@AEAV?$shared_ptr@UTransmuteFrameFeed@DVACompute@@@std@@AEAUEvaluationOptions@6@AEBV?$rational@_J@boost@@222_NHAEBV?$function@$$A6A?AV?$Future@V?$InterfaceRef@UIVideoFrame@MF@@@classref@dvacore@@@async@dvacore@@AEBVTickTime@dvamediatypes@@@Z@8@AEBVSocket@6@AEBVNode@6@@Z@QEBA@AEBVRational@solax@@@Z@V?$Promise@X@async@dvacore@@@?$Future@V?$InterfaceRef@UIVideoFrame@MF@@@classref@dvacore@@@async@dvacore@@IEBAX$$QEAV<lambda_2>@?1???R1?1??SetupTransmuteFrameFeed@DVACompute@@YA?AVTaskSelector@flow@@AEAV?$shared_ptr@UTransmuteFrameFeed@DVACompute@@@std@@AEAUEvaluationOptions@9@AEBV?$rational@_J@boost@@222_NHAEBV?$function@$$A6A?AV?$Future@V?$InterfaceRef@UIVideoFrame@MF@@@classref@dvacore@@@async@dvacore@@AEBVTickTime@dvamediatypes@@@Z@std@@AEBVSocket@9@AEBVNode@9@@Z@QEBA@AEBVRational@solax@@@Z@$$QEAV?$Promise@X@34@@Z@$$A6AXXZ@detail@dvacore@@@allocator@dvacore@@$00@std@@
AeCompute.dll,157042112,0x95c45c0,flow,.?AU?$STLAllocator@V?$InvocationImplementation@V<lambda_1>@?4???$SetUpOnExceptionHandler@V<lambda_2>@?1???R<lambda_1>@?1??SetupTransmuteFrameFeed@DVACompute@@YA?AVTaskSelector@flow@@AEAV?$shared_ptr@UTransmuteFrameFeed@DVACompute@@@std@@AEAUEvaluationOptions@6@AEBV?$rational@_J@boost@@222_NHAEBV?$function@$$A6A?AV?$Future@V?$InterfaceRef@UIVideoFrame@MF@@@classref@dvacore@@@async@dvacore@@AEBVTickTime@dvamediatypes@@@Z@8@AEBVSocket@6@AEBVNode@6@@Z@QEBA@AEBVRational@solax@@@Z@V?$Promise@X@async@dvacore@@@?$Future@V?$InterfaceRef@UIVideoFrame@MF@@@classref@dvacore@@@async@dvacore@@IEBAX$$QEAV<lambda_2>@?1???R1?1??SetupTransmuteFrameFeed@DVACompute@@YA?AVTaskSelector@flow@@AEAV?$shared_ptr@UTransmuteFrameFeed@DVACompute@@@std@@AEAUEvaluationOptions@9@AEBV?$rational@_J@boost@@222_NHAEBV?$function@$$A6A?AV?$Future@V?$InterfaceRef@UIVideoFrame@MF@@@classref@dvacore@@@async@dvacore@@AEBVTickTime@dvamediatypes@@@Z@std@@AEBVSocket@9@AEBVNode@9@@Z@QEBA@AEBVRational@solax@@@Z@$$QEAV?$Promise@X@34@@Z@$$A6AXXZ@detail@dvacore@@@allocator@dvacore@@
AeCompute.dll,157043360,0x95c4aa0,flow,.?AV?$InvocationImplementation@V<lambda_1>@?1???$AddContinuationWithExecutor@V?$shared_ptr@VAsyncExecutor@threads@dvacore@@@std@@V<lambda_1>@?1???$MakeContinuation@V<lambda_1>@?1???$OnSuccessWithExecutor@V?$shared_ptr@VAsyncExecutor@threads@dvacore@@@std@@V<lambda_1>@?1???$socket_future_to_taskdata_future@VFrame@solax@@@flow@@YA?AV?$Future@VTaskData@flow@@@async@dvacore@@HV?$Future@VFrame@solax@@@67@@Z@@?$Future@VFrame@solax@@@async@dvacore@@QEBA?A_P$$QEAV?$shared_ptr@VAsyncExecutor@threads@dvacore@@@std@@$$QEAV1?1???$socket_future_to_taskdata_future@VFrame@solax@@@flow@@YA?AV?$Future@VTaskData@flow@@@34@HV234@@Z@@Z@V?$Promise@VTaskData@flow@@@34@@?$Future@VFrame@solax@@@async@dvacore@@AEBA?A_P$$QEAV3?1???$OnSuccessWithExecutor@V?$shared_ptr@VAsyncExecutor@threads@dvacore@@@std@@V<lambda_1>@?1???$socket_future_to_taskdata_future@VFrame@solax@@@flow@@YA?AV?$Future@VTaskData@flow@@@async@dvacore@@HV?$Future@VFrame@solax@@@67@@Z@@456@QEBA?A_P$$QEAV12@$$QEAV3?1???$socket_future_to_taskdata_future@VFrame@solax@@@flow@@YA?AV?$Future@VTaskData@flow@@@56@HV456@@Z@@Z@$$QEAV?$Promise@VTaskData@flow@@@56@@Z@@UntypedFutureState@detail@async@dvacore@@QEAAX$$QEAV?$shared_ptr@VAsyncExecutor@threads@dvacore@@@std@@$$QEAV1?1???$MakeContinuation@V<lambda_1>@?1???$OnSuccessWithExecutor@V?$shared_ptr@VAsyncExecutor@threads@dvacore@@@std@@V<lambda_1>@?1???$socket_future_to_taskdata_future@VFrame@solax@@@flow@@YA?AV?$Future@VTaskData@flow@@@async@dvacore@@HV?$Future@VFrame@solax@@@67@@Z@@?$Future@VFrame@solax@@@async@dvacore@@QEBA?A_P$$QEAV?$shared_ptr@VAsyncExecutor@threads@dvacore@@@std@@$$QEAV1?1???$socket_future_to_taskdata_future@VFrame@solax@@@flow@@YA?AV?$Future@VTaskData@flow@@@34@HV234@@Z@@Z@V?$Promise@VTaskData@flow@@@34@@?$Future@VFrame@solax@@@45@AEBA?A_P$$QEAV1?1???$OnSuccessWithExecutor@V?$shared_ptr@VAsyncExecutor@threads@dvacore@@@std@@V<lambda_1>@?1???$socket_future_to_taskdata_future@VFrame@solax@@@flow@@YA?AV?$Future@VTaskData@flow@@@async@dvacore@@HV?$Future@VFrame@solax@@@67@@Z@@845@QEBA?A_P0$$QEAV1?1???$socket_future_to_taskdata_future@VFrame@solax@@@flow@@YA?AV?$Future@VTaskData@flow@@@45@HV845@@Z@@Z@$$QEAV?$Promise@VTaskData@flow@@@45@@Z@@Z@$$A6AXXZ@detail@dvacore@@
AeCompute.dll,157045584,0x95c5350,flow,.?AV?$_Ref_count_obj_alloc3@V<lambda_1>@?1???$MakeContinuation@V<lambda_1>@?1???$OnSuccessWithExecutor@V?$shared_ptr@VAsyncExecutor@threads@dvacore@@@std@@V<lambda_1>@?1???$socket_future_to_taskdata_future@VFrame@solax@@@flow@@YA?AV?$Future@VTaskData@flow@@@async@dvacore@@HV?$Future@VFrame@solax@@@67@@Z@@?$Future@VFrame@solax@@@async@dvacore@@QEBA?A_P$$QEAV?$shared_ptr@VAsyncExecutor@threads@dvacore@@@std@@$$QEAV1?1???$socket_future_to_taskdata_future@VFrame@solax@@@flow@@YA?AV?$Future@VTaskData@flow@@@34@HV234@@Z@@Z@V?$Promise@VTaskData@flow@@@34@@?$Future@VFrame@solax@@@async@dvacore@@AEBA?A_P$$QEAV1?1???$OnSuccessWithExecutor@V?$shared_ptr@VAsyncExecutor@threads@dvacore@@@std@@V<lambda_1>@?1???$socket_future_to_taskdata_future@VFrame@solax@@@flow@@YA?AV?$Future@VTaskData@flow@@@async@dvacore@@HV?$Future@VFrame@solax@@@67@@Z@@234@QEBA?A_P$$QEAV?$shared_ptr@VAsyncExecutor@threads@dvacore@@@std@@$$QEAV1?1???$socket_future_to_taskdata_future@VFrame@solax@@@flow@@YA?AV?$Future@VTaskData@flow@@@34@HV234@@Z@@Z@$$QEAV?$Promise@VTaskData@flow@@@34@@Z@U?$STLAllocator@V<lambda_1>@?1???$MakeContinuation@V<lambda_1>@?1???$OnSuccessWithExecutor@V?$shared_ptr@VAsyncExecutor@threads@dvacore@@@std@@V<lambda_1>@?1???$socket_future_to_taskdata_future@VFrame@solax@@@flow@@YA?AV?$Future@VTaskData@flow@@@async@dvacore@@HV?$Future@VFrame@solax@@@67@@Z@@?$Future@VFrame@solax@@@async@dvacore@@QEBA?A_P$$QEAV?$shared_ptr@VAsyncExecutor@threads@dvacore@@@std@@$$QEAV1?1???$socket_future_to_taskdata_future@VFrame@solax@@@flow@@YA?AV?$Future@VTaskData@flow@@@34@HV234@@Z@@Z@V?$Promise@VTaskData@flow@@@34@@?$Future@VFrame@solax@@@async@dvacore@@AEBA?A_P$$QEAV1?1???$OnSuccessWithExecutor@V?$shared_ptr@VAsyncExecutor@threads@dvacore@@@std@@V<lambda_1>@?1???$socket_future_to_taskdata_future@VFrame@solax@@@flow@@YA?AV?$Future@VTaskData@flow@@@async@dvacore@@HV?$Future@VFrame@solax@@@67@@Z@@234@QEBA?A_P$$QEAV?$shared_ptr@VAsyncExecutor@threads@dvacore@@@std@@$$QEAV1?1???$socket_future_to_taskdata_future@VFrame@solax@@@flow@@YA?AV?$Future@VTaskData@flow@@@34@HV234@@Z@@Z@$$QEAV?$Promise@VTaskData@flow@@@34@@Z@@allocator@4@@std@@
AeCompute.dll,157047744,0x95c5bc0,flow,.?AV?$_Ebco_base@U?$STLAllocator@V<lambda_1>@?1???$MakeContinuation@V<lambda_1>@?1???$OnSuccessWithExecutor@V?$shared_ptr@VAsyncExecutor@threads@dvacore@@@std@@V<lambda_1>@?1???$socket_future_to_taskdata_future@VFrame@solax@@@flow@@YA?AV?$Future@VTaskData@flow@@@async@dvacore@@HV?$Future@VFrame@solax@@@67@@Z@@?$Future@VFrame@solax@@@async@dvacore@@QEBA?A_P$$QEAV?$shared_ptr@VAsyncExecutor@threads@dvacore@@@std@@$$QEAV1?1???$socket_future_to_taskdata_future@VFrame@solax@@@flow@@YA?AV?$Future@VTaskData@flow@@@34@HV234@@Z@@Z@V?$Promise@VTaskData@flow@@@34@@?$Future@VFrame@solax@@@async@dvacore@@AEBA?A_P$$QEAV1?1???$OnSuccessWithExecutor@V?$shared_ptr@VAsyncExecutor@threads@dvacore@@@std@@V<lambda_1>@?1???$socket_future_to_taskdata_future@VFrame@solax@@@flow@@YA?AV?$Future@VTaskData@flow@@@async@dvacore@@HV?$Future@VFrame@solax@@@67@@Z@@234@QEBA?A_P$$QEAV?$shared_ptr@VAsyncExecutor@threads@dvacore@@@std@@$$QEAV1?1???$socket_future_to_taskdata_future@VFrame@solax@@@flow@@YA?AV?$Future@VTaskData@flow@@@34@HV234@@Z@@Z@$$QEAV?$Promise@VTaskData@flow@@@34@@Z@@allocator@dvacore@@$00@std@@
AeCompute.dll,157048864,0x95c6020,flow,.?AU?$STLAllocator@V<lambda_1>@?1???$MakeContinuation@V<lambda_1>@?1???$OnSuccessWithExecutor@V?$shared_ptr@VAsyncExecutor@threads@dvacore@@@std@@V<lambda_1>@?1???$socket_future_to_taskdata_future@VFrame@solax@@@flow@@YA?AV?$Future@VTaskData@flow@@@async@dvacore@@HV?$Future@VFrame@solax@@@67@@Z@@?$Future@VFrame@solax@@@async@dvacore@@QEBA?A_P$$QEAV?$shared_ptr@VAsyncExecutor@threads@dvacore@@@std@@$$QEAV1?1???$socket_future_to_taskdata_future@VFrame@solax@@@flow@@YA?AV?$Future@VTaskData@flow@@@34@HV234@@Z@@Z@V?$Promise@VTaskData@flow@@@34@@?$Future@VFrame@solax@@@async@dvacore@@AEBA?A_P$$QEAV1?1???$OnSuccessWithExecutor@V?$shared_ptr@VAsyncExecutor@threads@dvacore@@@std@@V<lambda_1>@?1???$socket_future_to_taskdata_future@VFrame@solax@@@flow@@YA?AV?$Future@VTaskData@flow@@@async@dvacore@@HV?$Future@VFrame@solax@@@67@@Z@@234@QEBA?A_P$$QEAV?$shared_ptr@VAsyncExecutor@threads@dvacore@@@std@@$$QEAV1?1???$socket_future_to_taskdata_future@VFrame@solax@@@flow@@YA?AV?$Future@VTaskData@flow@@@34@HV234@@Z@@Z@$$QEAV?$Promise@VTaskData@flow@@@34@@Z@@allocator@dvacore@@
AeCompute.dll,157049968,0x95c6470,flow,.?AV?$_Func_impl_no_alloc@V<lambda_1>@?6???$CallContinuationAsync@V?$shared_ptr@VAsyncExecutor@threads@dvacore@@@std@@V<lambda_1>@?1???$MakeContinuation@V<lambda_1>@?1???$OnSuccessWithExecutor@V?$shared_ptr@VAsyncExecutor@threads@dvacore@@@std@@V<lambda_1>@?1???$socket_future_to_taskdata_future@VFrame@solax@@@flow@@YA?AV?$Future@VTaskData@flow@@@async@dvacore@@HV?$Future@VFrame@solax@@@67@@Z@@?$Future@VFrame@solax@@@async@dvacore@@QEBA?A_P$$QEAV?$shared_ptr@VAsyncExecutor@threads@dvacore@@@std@@$$QEAV1?1???$socket_future_to_taskdata_future@VFrame@solax@@@flow@@YA?AV?$Future@VTaskData@flow@@@34@HV234@@Z@@Z@V?$Promise@VTaskData@flow@@@34@@?$Future@VFrame@solax@@@async@dvacore@@AEBA?A_P$$QEAV3?1???$OnSuccessWithExecutor@V?$shared_ptr@VAsyncExecutor@threads@dvacore@@@std@@V<lambda_1>@?1???$socket_future_to_taskdata_future@VFrame@solax@@@flow@@YA?AV?$Future@VTaskData@flow@@@async@dvacore@@HV?$Future@VFrame@solax@@@67@@Z@@456@QEBA?A_P$$QEAV12@$$QEAV3?1???$socket_future_to_taskdata_future@VFrame@solax@@@flow@@YA?AV?$Future@VTaskData@flow@@@56@HV456@@Z@@Z@$$QEAV?$Promise@VTaskData@flow@@@56@@Z@@detail@async@dvacore@@YAX$$QEAV?$shared_ptr@VAsyncExecutor@threads@dvacore@@@std@@$$QEAV1?1???$MakeContinuation@V<lambda_1>@?1???$OnSuccessWithExecutor@V?$shared_ptr@VAsyncExecutor@threads@dvacore@@@std@@V<lambda_1>@?1???$socket_future_to_taskdata_future@VFrame@solax@@@flow@@YA?AV?$Future@VTaskData@flow@@@async@dvacore@@HV?$Future@VFrame@solax@@@67@@Z@@?$Future@VFrame@solax@@@async@dvacore@@QEBA?A_P$$QEAV?$shared_ptr@VAsyncExecutor@threads@dvacore@@@std@@$$QEAV1?1???$socket_future_to_taskdata_future@VFrame@solax@@@flow@@YA?AV?$Future@VTaskData@flow@@@34@HV234@@Z@@Z@V?$Promise@VTaskData@flow@@@34@@?$Future@VFrame@solax@@@34@AEBA?A_P$$QEAV1?1???$OnSuccessWithExecutor@V?$shared_ptr@VAsyncExecutor@threads@dvacore@@@std@@V<lambda_1>@?1???$socket_future_to_taskdata_future@VFrame@solax@@@flow@@YA?AV?$Future@VTaskData@flow@@@async@dvacore@@HV?$Future@VFrame@solax@@@67@@Z@@734@QEBA?A_P0$$QEAV1?1???$socket_future_to_taskdata_future@VFrame@solax@@@flow@@YA?AV?$Future@VTaskData@flow@@@34@HV734@@Z@@Z@$$QEAV?$Promise@VTaskData@flow@@@34@@Z@V?$shared_ptr@VUntypedFutureState@detail@async@dvacore@@@6@@Z@X$$V@std@@
AeCompute.dll,157052272,0x95c6d70,flow,.?AV?$_Ebco_base@U?$STLAllocator@V?$InvocationImplementation@V<lambda_1>@?1???$AddContinuationWithExecutor@V?$shared_ptr@VAsyncExecutor@threads@dvacore@@@std@@V<lambda_1>@?1???$MakeContinuation@V<lambda_1>@?1???$OnSuccessWithExecutor@V?$shared_ptr@VAsyncExecutor@threads@dvacore@@@std@@V<lambda_1>@?1???$socket_future_to_taskdata_future@VFrame@solax@@@flow@@YA?AV?$Future@VTaskData@flow@@@async@dvacore@@HV?$Future@VFrame@solax@@@67@@Z@@?$Future@VFrame@solax@@@async@dvacore@@QEBA?A_P$$QEAV?$shared_ptr@VAsyncExecutor@threads@dvacore@@@std@@$$QEAV1?1???$socket_future_to_taskdata_future@VFrame@solax@@@flow@@YA?AV?$Future@VTaskData@flow@@@34@HV234@@Z@@Z@V?$Promise@VTaskData@flow@@@34@@?$Future@VFrame@solax@@@async@dvacore@@AEBA?A_P$$QEAV3?1???$OnSuccessWithExecutor@V?$shared_ptr@VAsyncExecutor@threads@dvacore@@@std@@V<lambda_1>@?1???$socket_future_to_taskdata_future@VFrame@solax@@@flow@@YA?AV?$Future@VTaskData@flow@@@async@dvacore@@HV?$Future@VFrame@solax@@@67@@Z@@456@QEBA?A_P$$QEAV12@$$QEAV3?1???$socket_future_to_taskdata_future@VFrame@solax@@@flow@@YA?AV?$Future@VTaskData@flow@@@56@HV456@@Z@@Z@$$QEAV?$Promise@VTaskData@flow@@@56@@Z@@UntypedFutureState@detail@async@dvacore@@QEAAX$$QEAV?$shared_ptr@VAsyncExecutor@threads@dvacore@@@std@@$$QEAV1?1???$MakeContinuation@V<lambda_1>@?1???$OnSuccessWithExecutor@V?$shared_ptr@VAsyncExecutor@threads@dvacore@@@std@@V<lambda_1>@?1???$socket_future_to_taskdata_future@VFrame@solax@@@flow@@YA?AV?$Future@VTaskData@flow@@@async@dvacore@@HV?$Future@VFrame@solax@@@67@@Z@@?$Future@VFrame@solax@@@async@dvacore@@QEBA?A_P$$QEAV?$shared_ptr@VAsyncExecutor@threads@dvacore@@@std@@$$QEAV1?1???$socket_future_to_taskdata_future@VFrame@solax@@@flow@@YA?AV?$Future@VTaskData@flow@@@34@HV234@@Z@@Z@V?$Promise@VTaskData@flow@@@34@@?$Future@VFrame@solax@@@45@AEBA?A_P$$QEAV1?1???$OnSuccessWithExecutor@V?$shared_ptr@VAsyncExecutor@threads@dvacore@@@std@@V<lambda_1>@?1???$socket_future_to_taskdata_future@VFrame@solax@@@flow@@YA?AV?$Future@VTaskData@flow@@@async@dvacore@@HV?$Future@VFrame@solax@@@67@@Z@@845@QEBA?A_P0$$QEAV1?1???$socket_future_to_taskdata_future@VFrame@solax@@@flow@@YA?AV?$Future@VTaskData@flow@@@45@HV845@@Z@@Z@$$QEAV?$Promise@VTaskData@flow@@@45@@Z@@Z@$$A6AXXZ@detail@dvacore@@@allocator@dvacore@@$00@std@@
AeCompute.dll,157054560,0x95c7660,flow,.?AU?$STLAllocator@V?$InvocationImplementation@V<lambda_1>@?1???$AddContinuationWithExecutor@V?$shared_ptr@VAsyncExecutor@threads@dvacore@@@std@@V<lambda_1>@?1???$MakeContinuation@V<lambda_1>@?1???$OnSuccessWithExecutor@V?$shared_ptr@VAsyncExecutor@threads@dvacore@@@std@@V<lambda_1>@?1???$socket_future_to_taskdata_future@VFrame@solax@@@flow@@YA?AV?$Future@VTaskData@flow@@@async@dvacore@@HV?$Future@VFrame@solax@@@67@@Z@@?$Future@VFrame@solax@@@async@dvacore@@QEBA?A_P$$QEAV?$shared_ptr@VAsyncExecutor@threads@dvacore@@@std@@$$QEAV1?1???$socket_future_to_taskdata_future@VFrame@solax@@@flow@@YA?AV?$Future@VTaskData@flow@@@34@HV234@@Z@@Z@V?$Promise@VTaskData@flow@@@34@@?$Future@VFrame@solax@@@async@dvacore@@AEBA?A_P$$QEAV3?1???$OnSuccessWithExecutor@V?$shared_ptr@VAsyncExecutor@threads@dvacore@@@std@@V<lambda_1>@?1???$socket_future_to_taskdata_future@VFrame@solax@@@flow@@YA?AV?$Future@VTaskData@flow@@@async@dvacore@@HV?$Future@VFrame@solax@@@67@@Z@@456@QEBA?A_P$$QEAV12@$$QEAV3?1???$socket_future_to_taskdata_future@VFrame@solax@@@flow@@YA?AV?$Future@VTaskData@flow@@@56@HV456@@Z@@Z@$$QEAV?$Promise@VTaskData@flow@@@56@@Z@@UntypedFutureState@detail@async@dvacore@@QEAAX$$QEAV?$shared_ptr@VAsyncExecutor@threads@dvacore@@@std@@$$QEAV1?1???$MakeContinuation@V<lambda_1>@?1???$OnSuccessWithExecutor@V?$shared_ptr@VAsyncExecutor@threads@dvacore@@@std@@V<lambda_1>@?1???$socket_future_to_taskdata_future@VFrame@solax@@@flow@@YA?AV?$Future@VTaskData@flow@@@async@dvacore@@HV?$Future@VFrame@solax@@@67@@Z@@?$Future@VFrame@solax@@@async@dvacore@@QEBA?A_P$$QEAV?$shared_ptr@VAsyncExecutor@threads@dvacore@@@std@@$$QEAV1?1???$socket_future_to_taskdata_future@VFrame@solax@@@flow@@YA?AV?$Future@VTaskData@flow@@@34@HV234@@Z@@Z@V?$Promise@VTaskData@flow@@@34@@?$Future@VFrame@solax@@@45@AEBA?A_P$$QEAV1?1???$OnSuccessWithExecutor@V?$shared_ptr@VAsyncExecutor@threads@dvacore@@@std@@V<lambda_1>@?1???$socket_future_to_taskdata_future@VFrame@solax@@@flow@@YA?AV?$Future@VTaskData@flow@@@async@dvacore@@HV?$Future@VFrame@solax@@@67@@Z@@845@QEBA?A_P0$$QEAV1?1???$socket_future_to_taskdata_future@VFrame@solax@@@flow@@YA?AV?$Future@VTaskData@flow@@@45@HV845@@Z@@Z@$$QEAV?$Promise@VTaskData@flow@@@45@@Z@@Z@$$A6AXXZ@detail@dvacore@@@allocator@dvacore@@
AeCompute.dll,157056824,0x95c7f38,mask|model,.?AVFastMaskModelParams@fastmask@solax@@
AeCompute.dll,157056888,0x95c7f78,mask|model,.?AVFastMaskModelV2Params@fastmask@solax@@
AeCompute.dll,157056952,0x95c7fb8,mask|model,.?AVFastMaskModelV3Params@fastmask@solax@@
AeCompute.dll,157057232,0x95c80d0,mask,.?AV?$_Ref_count_obj2@UFastmaskState@?$Fastmask@$0A@@fastmask@solax@@@std@@
AeCompute.dll,157057328,0x95c8130,mask|model,.?AV?$_Ref_count@VFastMaskModelV2Params@fastmask@solax@@@std@@
AeCompute.dll,157057408,0x95c8180,mask,.?AV?$_Ref_count_obj2@VFastmask2Impl@internal@fastmask@solax@@@std@@
AeCompute.dll,157057600,0x95c8240,mask,.?AV?$_Ref_count_obj2@UFastmaskState@?$Fastmask@$00@fastmask@solax@@@std@@
AeCompute.dll,157057696,0x95c82a0,mask|model,.?AV?$_Ref_count@VFastMaskModelV3Params@fastmask@solax@@@std@@
AeCompute.dll,157057776,0x95c82f0,mask,.?AV?$_Ref_count_obj2@VFastmask3Impl@internal@fastmask@solax@@@std@@
AeCompute.dll,157057968,0x95c83b0,mask,.?AV?$_Ref_count_obj2@V?$Fastmask@$0A@@fastmask@solax@@@std@@
AeCompute.dll,157058048,0x95c8400,mask,.?AV?$_Ref_count_obj2@V?$Fastmask@$00@fastmask@solax@@@std@@
AeCompute.dll,157058128,0x95c8450,inference|model,.?AU?$shared@V<lambda_1>@?9???$package@$$A6AXXZUimmediate_executor_type@detail@v3@stlab@@V<lambda_1>@?1???$recover@Uimmediate_executor_type@detail@v3@stlab@@V<lambda_1>@?1???$await@V?$shared_ptr@VLocalModelBase@inference@solax@@@std@@@34@YA?AV?$shared_ptr@VLocalModelBase@inference@solax@@@std@@$$QEAV?$future@V?$shared_ptr@VLocalModelBase@inference@solax@@@std@@X@34@@Z@@?$shared_base@V?$shared_ptr@VLocalModelBase@inference@solax@@@std@@X@234@QEAA?A_P$$QEAV?$future@V?$shared_ptr@VLocalModelBase@inference@solax@@@std@@X@34@U1234@$$QEAV5?1???$await@V?$shared_ptr@VLocalModelBase@inference@solax@@@std@@@34@YA?AV?$shared_ptr@VLocalModelBase@inference@solax@@@std@@0@Z@@Z@@v3@stlab@@YA?AU?$pair@V?$packaged_task@$$V@v3@stlab@@V?$future@XX@23@@std@@Uimmediate_executor_type@detail@23@$$QEAV1?1???$recover@Uimmediate_executor_type@detail@v3@stlab@@V<lambda_1>@?1???$await@V?$shared_ptr@VLocalModelBase@inference@solax@@@std@@@34@YA?AV?$shared_ptr@VLocalModelBase@inference@solax@@@std@@$$QEAV?$future@V?$shared_ptr@VLocalModelBase@inference@solax@@@std@@X@34@@Z@@?$shared_base@V?$shared_ptr@VLocalModelBase@inference@solax@@@std@@X@723@QEAA?A_P$$QEAV?$future@V?$shared_ptr@VLocalModelBase@inference@solax@@@std@@X@23@0$$QEAV1?1???$await@V?$shared_ptr@VLocalModelBase@inference@solax@@@std@@@23@YA?AV?$shared_ptr@VLocalModelBase@inference@solax@@@5@1@Z@@Z@@Z@$$A6AXXZ@detail@v3@stlab@@
AeCompute.dll,157059536,0x95c89d0,mask,.?AV?$_Func_impl_no_alloc@V<lambda_1>@?1???$fastmask@$0A@@fastmask@solax@@YAXV?$shared_ptr@VVideoSource@solax@@@std@@V?$shared_ptr@VImage@solax@@@5@VRational@3@V?$shared_ptr@VVideoSink@solax@@@5@NPEAVContext@3@@Z@V65@V65@AEAV93@@std@@
AeCompute.dll,157059792,0x95c8ad0,mask,.?AV?$_Func_impl_no_alloc@V<lambda_2>@?1???$fastmask@$0A@@fastmask@solax@@YAXV?$shared_ptr@VVideoSource@solax@@@std@@V?$shared_ptr@VImage@solax@@@5@VRational@3@V?$shared_ptr@VVideoSink@solax@@@5@NPEAVContext@3@@Z@V65@V65@AEAV93@@std@@
AeCompute.dll,157060048,0x95c8bd0,mask,.?AV?$_Func_impl_no_alloc@V<lambda_1>@?1???$fastmask@$00@fastmask@solax@@YAXV?$shared_ptr@VVideoSource@solax@@@std@@V?$shared_ptr@VImage@solax@@@5@VRational@3@V?$shared_ptr@VVideoSink@solax@@@5@NPEAVContext@3@@Z@V65@V65@AEAV93@@std@@
AeCompute.dll,157060304,0x95c8cd0,mask,.?AV?$_Func_impl_no_alloc@V<lambda_2>@?1???$fastmask@$00@fastmask@solax@@YAXV?$shared_ptr@VVideoSource@solax@@@std@@V?$shared_ptr@VImage@solax@@@5@VRational@3@V?$shared_ptr@VVideoSink@solax@@@5@NPEAVContext@3@@Z@V65@V65@AEAV93@@std@@
AeCompute.dll,157060560,0x95c8dd0,inference|model,.?AV?$_Ref_count_obj2@U?$shared@V<lambda_1>@?9???$package@$$A6AXXZUimmediate_executor_type@detail@v3@stlab@@V<lambda_1>@?1???$recover@Uimmediate_executor_type@detail@v3@stlab@@V<lambda_1>@?1???$await@V?$shared_ptr@VLocalModelBase@inference@solax@@@std@@@34@YA?AV?$shared_ptr@VLocalModelBase@inference@solax@@@std@@$$QEAV?$future@V?$shared_ptr@VLocalModelBase@inference@solax@@@std@@X@34@@Z@@?$shared_base@V?$shared_ptr@VLocalModelBase@inference@solax@@@std@@X@234@QEAA?A_P$$QEAV?$future@V?$shared_ptr@VLocalModelBase@inference@solax@@@std@@X@34@U1234@$$QEAV5?1???$await@V?$shared_ptr@VLocalModelBase@inference@solax@@@std@@@34@YA?AV?$shared_ptr@VLocalModelBase@inference@solax@@@std@@0@Z@@Z@@v3@stlab@@YA?AU?$pair@V?$packaged_task@$$V@v3@stlab@@V?$future@XX@23@@std@@Uimmediate_executor_type@detail@23@$$QEAV1?1???$recover@Uimmediate_executor_type@detail@v3@stlab@@V<lambda_1>@?1???$await@V?$shared_ptr@VLocalModelBase@inference@solax@@@std@@@34@YA?AV?$shared_ptr@VLocalModelBase@inference@solax@@@std@@$$QEAV?$future@V?$shared_ptr@VLocalModelBase@inference@solax@@@std@@X@34@@Z@@?$shared_base@V?$shared_ptr@VLocalModelBase@inference@solax@@@std@@X@723@QEAA?A_P$$QEAV?$future@V?$shared_ptr@VLocalModelBase@inference@solax@@@std@@X@23@0$$QEAV1?1???$await@V?$shared_ptr@VLocalModelBase@inference@solax@@@std@@@23@YA?AV?$shared_ptr@VLocalModelBase@inference@solax@@@5@1@Z@@Z@@Z@$$A6AXXZ@detail@v3@stlab@@@std@@
AeCompute.dll,157061984,0x95c9360,mask,.?AVFastMaskAlgorithmParams@fastmask@solax@@
AeCompute.dll,157062048,0x95c93a0,mask,.?AVFastMaskAlgorithmV3Params@fastmask@solax@@
AeCompute.dll,157062112,0x95c93e0,mask,.?AV?$_Ref_count_obj2@VFastMaskAlgorithmParams@fastmask@solax@@@std@@
AeCompute.dll,157062208,0x95c9440,mask,.?AV?$_Ref_count_obj2@VFastMaskAlgorithmV3Params@fastmask@solax@@@std@@
AeCompute.dll,157062296,0x95c9498,mask,.?AVFastmaskImplBase@internal@fastmask@solax@@
AeCompute.dll,157062496,0x95c9560,inference|model,.?AU?$shared@V<lambda_1>@?9???$package@$$A6AXXZUimmediate_executor_type@detail@v3@stlab@@V<lambda_1>@?1???$recover@Uimmediate_executor_type@detail@v3@stlab@@V<lambda_1>@?1???$await@V?$shared_ptr@VModelResult@inference@solax@@@std@@@34@YA?AV?$shared_ptr@VModelResult@inference@solax@@@std@@$$QEAV?$future@V?$shared_ptr@VModelResult@inference@solax@@@std@@X@34@@Z@@?$shared_base@V?$shared_ptr@VModelResult@inference@solax@@@std@@X@234@QEAA?A_P$$QEAV?$future@V?$shared_ptr@VModelResult@inference@solax@@@std@@X@34@U1234@$$QEAV5?1???$await@V?$shared_ptr@VModelResult@inference@solax@@@std@@@34@YA?AV?$shared_ptr@VModelResult@inference@solax@@@std@@0@Z@@Z@@v3@stlab@@YA?AU?$pair@V?$packaged_task@$$V@v3@stlab@@V?$future@XX@23@@std@@Uimmediate_executor_type@detail@23@$$QEAV1?1???$recover@Uimmediate_executor_type@detail@v3@stlab@@V<lambda_1>@?1???$await@V?$shared_ptr@VModelResult@inference@solax@@@std@@@34@YA?AV?$shared_ptr@VModelResult@inference@solax@@@std@@$$QEAV?$future@V?$shared_ptr@VModelResult@inference@solax@@@std@@X@34@@Z@@?$shared_base@V?$shared_ptr@VModelResult@inference@solax@@@std@@X@723@QEAA?A_P$$QEAV?$future@V?$shared_ptr@VModelResult@inference@solax@@@std@@X@23@0$$QEAV1?1???$await@V?$shared_ptr@VModelResult@inference@solax@@@std@@@23@YA?AV?$shared_ptr@VModelResult@inference@solax@@@5@1@Z@@Z@@Z@$$A6AXXZ@detail@v3@stlab@@
AeCompute.dll,157063856,0x95c9ab0,inference|model,.?AV?$_Ref_count_obj2@U?$shared@V<lambda_1>@?9???$package@$$A6AXXZUimmediate_executor_type@detail@v3@stlab@@V<lambda_1>@?1???$recover@Uimmediate_executor_type@detail@v3@stlab@@V<lambda_1>@?1???$await@V?$shared_ptr@VModelResult@inference@solax@@@std@@@34@YA?AV?$shared_ptr@VModelResult@inference@solax@@@std@@$$QEAV?$future@V?$shared_ptr@VModelResult@inference@solax@@@std@@X@34@@Z@@?$shared_base@V?$shared_ptr@VModelResult@inference@solax@@@std@@X@234@QEAA?A_P$$QEAV?$future@V?$shared_ptr@VModelResult@inference@solax@@@std@@X@34@U1234@$$QEAV5?1???$await@V?$shared_ptr@VModelResult@inference@solax@@@std@@@34@YA?AV?$shared_ptr@VModelResult@inference@solax@@@std@@0@Z@@Z@@v3@stlab@@YA?AU?$pair@V?$packaged_task@$$V@v3@stlab@@V?$future@XX@23@@std@@Uimmediate_executor_type@detail@23@$$QEAV1?1???$recover@Uimmediate_executor_type@detail@v3@stlab@@V<lambda_1>@?1???$await@V?$shared_ptr@VModelResult@inference@solax@@@std@@@34@YA?AV?$shared_ptr@VModelResult@inference@solax@@@std@@$$QEAV?$future@V?$shared_ptr@VModelResult@inference@solax@@@std@@X@34@@Z@@?$shared_base@V?$shared_ptr@VModelResult@inference@solax@@@std@@X@723@QEAA?A_P$$QEAV?$future@V?$shared_ptr@VModelResult@inference@solax@@@std@@X@23@0$$QEAV1?1???$await@V?$shared_ptr@VModelResult@inference@solax@@@std@@@23@YA?AV?$shared_ptr@VModelResult@inference@solax@@@5@1@Z@@Z@@Z@$$A6AXXZ@detail@v3@stlab@@@std@@
AeCompute.dll,157065240,0x95ca018,mask,.?AVFastmask2Impl@internal@fastmask@solax@@
AeCompute.dll,157065304,0x95ca058,mask,.?AVFastmask3Impl@internal@fastmask@solax@@
AeCompute.dll,157068816,0x95cae10,inference|model,.?AV?$_Ref_count_obj2@UState@?$AsyncFunction@VLocalModelBase@inference@solax@@@scheduling@solax@@@std@@
AeCompute.dll,157068944,0x95cae90,inference|model,.?AU?$shared@V<lambda_1>@?9???$package@$$A6AXXZV?$function@$$A6AXV?$task_@$00X$$V@v3@stlab@@@Z@std@@V<lambda_1>@?1???$recover@V?$function@$$A6AXV?$task_@$00X$$V@v3@stlab@@@Z@std@@V<lambda_1>@?7???R?$AsyncFunction@VLocalModelBase@inference@solax@@@scheduling@solax@@QEAA?AV?$future@V?$shared_ptr@VLocalModelBase@inference@solax@@@std@@X@v3@stlab@@XZ@@?$shared_base@V?$shared_ptr@VLocalModelBase@inference@solax@@@std@@X@detail@v3@stlab@@QEAA?A_P$$QEAV?$future@V?$shared_ptr@VLocalModelBase@inference@solax@@@std@@X@67@V12@$$QEAV3?7???R?$AsyncFunction@VLocalModelBase@inference@solax@@@scheduling@solax@@QEAA?AV867@XZ@@Z@@v3@stlab@@YA?AU?$pair@V?$packaged_task@$$V@v3@stlab@@V?$future@XX@23@@std@@V?$function@$$A6AXV?$task_@$00X$$V@v3@stlab@@@Z@5@$$QEAV1?1???$recover@V?$function@$$A6AXV?$task_@$00X$$V@v3@stlab@@@Z@std@@V<lambda_1>@?7???R?$AsyncFunction@VLocalModelBase@inference@solax@@@scheduling@solax@@QEAA?AV?$future@V?$shared_ptr@VLocalModelBase@inference@solax@@@std@@X@v3@stlab@@XZ@@?$shared_base@V?$shared_ptr@VLocalModelBase@inference@solax@@@std@@X@detail@23@QEAA?A_P$$QEAV?$future@V?$shared_ptr@VLocalModelBase@inference@solax@@@std@@X@23@0$$QEAV1?7???R?$AsyncFunction@VLocalModelBase@inference@solax@@@scheduling@solax@@QEAA?AV923@XZ@@Z@@Z@$$A6AXXZ@detail@v3@stlab@@
AeCompute.dll,157070240,0x95cb3a0,inference|model,.?AV?$_Func_impl_no_alloc@V<lambda_1>@?1??get_model_factory@ModelRegistry@inference@solax@@SA?AV?$function@$$A6A?AV?$future@V?$shared_ptr@VLocalModelBase@inference@solax@@@std@@X@v3@stlab@@XZ@std@@V?$basic_string@DU?$char_traits@D@std@@V?$allocator@D@2@@7@@Z@V?$future@V?$shared_ptr@VLocalModelBase@inference@solax@@@std@@X@v3@stlab@@$$V@std@@
AeCompute.dll,157070608,0x95cb510,inference|model,.?AU?$shared@V<lambda_1>@?9???$package@$$A6A?AV?$shared_ptr@VLocalModelBase@inference@solax@@@std@@V12@@ZUsolax_default_executor_type@scheduling@solax@@V<lambda_1>@?1???$make_ready_future@AEAV?$shared_ptr@VLocalModelBase@inference@solax@@@std@@Usolax_default_executor_type@scheduling@solax@@@v3@stlab@@YA?AV?$future@V?$shared_ptr@VLocalModelBase@inference@solax@@@std@@X@78@AEAV12@U345@@Z@@v3@stlab@@YA?AU?$pair@V?$packaged_task@V?$shared_ptr@VLocalModelBase@inference@solax@@@std@@@v3@stlab@@V?$future@V?$shared_ptr@VLocalModelBase@inference@solax@@@std@@X@23@@std@@Usolax_default_executor_type@scheduling@solax@@$$QEAV1?1???$make_ready_future@AEAV?$shared_ptr@VLocalModelBase@inference@solax@@@std@@Usolax_default_executor_type@scheduling@solax@@@23@YA?AV?$future@V?$shared_ptr@VLocalModelBase@inference@solax@@@std@@X@23@AEAV?$shared_ptr@VLocalModelBase@inference@solax@@@5@0@Z@@Z@$$A6A?AV?$shared_ptr@VLocalModelBase@inference@solax@@@5@V?$shared_ptr@VLocalModelBase@inference@solax@@@5@@Z@detail@v3@stlab@@
AeCompute.dll,157071648,0x95cb920,inference|model,.?AV?$_Func_impl_no_alloc@V<lambda_1>@?1??_get_model_factory_and_options@ModelRegistry@inference@solax@@AEAA?AU?$pair@V?$function@$$A6A?AV?$future@V?$shared_ptr@VLocalModelBase@inference@solax@@@std@@X@v3@stlab@@XZ@std@@VOptions@solax@@@std@@AEBV?$basic_string@DU?$char_traits@D@std@@V?$allocator@D@2@@7@@Z@V?$future@V?$shared_ptr@VLocalModelBase@inference@solax@@@std@@X@v3@stlab@@$$V@std@@
AeCompute.dll,157072064,0x95cbac0,inference|model,.?AV?$_Ref_count_obj2@U?$shared@V<lambda_1>@?9???$package@$$A6AXXZV?$function@$$A6AXV?$task_@$00X$$V@v3@stlab@@@Z@std@@V<lambda_1>@?1???$recover@V?$function@$$A6AXV?$task_@$00X$$V@v3@stlab@@@Z@std@@V<lambda_1>@?7???R?$AsyncFunction@VLocalModelBase@inference@solax@@@scheduling@solax@@QEAA?AV?$future@V?$shared_ptr@VLocalModelBase@inference@solax@@@std@@X@v3@stlab@@XZ@@?$shared_base@V?$shared_ptr@VLocalModelBase@inference@solax@@@std@@X@detail@v3@stlab@@QEAA?A_P$$QEAV?$future@V?$shared_ptr@VLocalModelBase@inference@solax@@@std@@X@67@V12@$$QEAV3?7???R?$AsyncFunction@VLocalModelBase@inference@solax@@@scheduling@solax@@QEAA?AV867@XZ@@Z@@v3@stlab@@YA?AU?$pair@V?$packaged_task@$$V@v3@stlab@@V?$future@XX@23@@std@@V?$function@$$A6AXV?$task_@$00X$$V@v3@stlab@@@Z@5@$$QEAV1?1???$recover@V?$function@$$A6AXV?$task_@$00X$$V@v3@stlab@@@Z@std@@V<lambda_1>@?7???R?$AsyncFunction@VLocalModelBase@inference@solax@@@scheduling@solax@@QEAA?AV?$future@V?$shared_ptr@VLocalModelBase@inference@solax@@@std@@X@v3@stlab@@XZ@@?$shared_base@V?$shared_ptr@VLocalModelBase@inference@solax@@@std@@X@detail@23@QEAA?A_P$$QEAV?$future@V?$shared_ptr@VLocalModelBase@inference@solax@@@std@@X@23@0$$QEAV1?7???R?$AsyncFunction@VLocalModelBase@inference@solax@@@scheduling@solax@@QEAA?AV923@XZ@@Z@@Z@$$A6AXXZ@detail@v3@stlab@@@std@@
AeCompute.dll,157073392,0x95cbff0,inference|model,.?AV?$_Ref_count_obj2@U?$shared@V<lambda_1>@?9???$package@$$A6A?AV?$shared_ptr@VLocalModelBase@inference@solax@@@std@@V12@@ZUsolax_default_executor_type@scheduling@solax@@V<lambda_1>@?1???$make_ready_future@AEAV?$shared_ptr@VLocalModelBase@inference@solax@@@std@@Usolax_default_executor_type@scheduling@solax@@@v3@stlab@@YA?AV?$future@V?$shared_ptr@VLocalModelBase@inference@solax@@@std@@X@78@AEAV12@U345@@Z@@v3@stlab@@YA?AU?$pair@V?$packaged_task@V?$shared_ptr@VLocalModelBase@inference@solax@@@std@@@v3@stlab@@V?$future@V?$shared_ptr@VLocalModelBase@inference@solax@@@std@@X@23@@std@@Usolax_default_executor_type@scheduling@solax@@$$QEAV1?1???$make_ready_future@AEAV?$shared_ptr@VLocalModelBase@inference@solax@@@std@@Usolax_default_executor_type@scheduling@solax@@@23@YA?AV?$future@V?$shared_ptr@VLocalModelBase@inference@solax@@@std@@X@23@AEAV?$shared_ptr@VLocalModelBase@inference@solax@@@5@0@Z@@Z@$$A6A?AV?$shared_ptr@VLocalModelBase@inference@solax@@@5@V?$shared_ptr@VLocalModelBase@inference@solax@@@5@@Z@detail@v3@stlab@@@std@@
AeCompute.dll,157074448,0x95cc410,inference|model,.?AU?$shared@V<lambda_1>@?9???$package@$$A6A?AV?$shared_ptr@VLocalModelBase@inference@solax@@@std@@V12@@ZUimmediate_executor_type@detail@v3@stlab@@V<lambda_1>@?1???$?RUimmediate_executor_type@detail@v3@stlab@@@?$_make_exceptional_future@V?$shared_ptr@VLocalModelBase@inference@solax@@@std@@@456@QEBA?AV?$future@V?$shared_ptr@VLocalModelBase@inference@solax@@@std@@X@56@AEBVexception_ptr@2@U3456@@Z@@v3@stlab@@YA?AU?$pair@V?$packaged_task@V?$shared_ptr@VLocalModelBase@inference@solax@@@std@@@v3@stlab@@V?$future@V?$shared_ptr@VLocalModelBase@inference@solax@@@std@@X@23@@std@@Uimmediate_executor_type@detail@23@$$QEAV1?1???$?RUimmediate_executor_type@detail@v3@stlab@@@?$_make_exceptional_future@V?$shared_ptr@VLocalModelBase@inference@solax@@@std@@@723@QEBA?AV?$future@V?$shared_ptr@VLocalModelBase@inference@solax@@@std@@X@23@AEBVexception_ptr@5@0@Z@@Z@$$A6A?AV?$shared_ptr@VLocalModelBase@inference@solax@@@5@V?$shared_ptr@VLocalModelBase@inference@solax@@@5@@Z@detail@v3@stlab@@
AeCompute.dll,157075600,0x95cc890,inference|model,.?AV?$_Ref_count_obj2@U?$shared@V<lambda_1>@?9???$package@$$A6A?AV?$shared_ptr@VLocalModelBase@inference@solax@@@std@@V12@@ZUimmediate_executor_type@detail@v3@stlab@@V<lambda_1>@?1???$?RUimmediate_executor_type@detail@v3@stlab@@@?$_make_exceptional_future@V?$shared_ptr@VLocalModelBase@inference@solax@@@std@@@456@QEBA?AV?$future@V?$shared_ptr@VLocalModelBase@inference@solax@@@std@@X@56@AEBVexception_ptr@2@U3456@@Z@@v3@stlab@@YA?AU?$pair@V?$packaged_task@V?$shared_ptr@VLocalModelBase@inference@solax@@@std@@@v3@stlab@@V?$future@V?$shared_ptr@VLocalModelBase@inference@solax@@@std@@X@23@@std@@Uimmediate_executor_type@detail@23@$$QEAV1?1???$?RUimmediate_executor_type@detail@v3@stlab@@@?$_make_exceptional_future@V?$shared_ptr@VLocalModelBase@inference@solax@@@std@@@723@QEBA?AV?$future@V?$shared_ptr@VLocalModelBase@inference@solax@@@std@@X@23@AEBVexception_ptr@5@0@Z@@Z@$$A6A?AV?$shared_ptr@VLocalModelBase@inference@solax@@@5@V?$shared_ptr@VLocalModelBase@inference@solax@@@5@@Z@detail@v3@stlab@@@std@@
AeCompute.dll,157077616,0x95cd070,object|model,.?AVModel@object_selection@solax@@
AeCompute.dll,157077672,0x95cd0a8,object|lasso,.?AVDeepLasso@object_selection@solax@@
AeCompute.dll,157077728,0x95cd0e0,object|lasso,.?AV?$_Ref_count_obj2@VDeepLasso@object_selection@solax@@@std@@
AeCompute.dll,157077904,0x95cd190,mask,.?AV?$_Ref_count_obj2@V<lambda_1>@?1??get_bounding_box_from_mask@mask_utilities@solax@@YA?AV?$Rect@_J@4@AEBV?$shared_ptr@V?$Image_@E@solax@@@std@@M@Z@@std@@
AeCompute.dll,157078080,0x95cd240,mask,.?AU?$shared@V<lambda_1>@?9???$package@$$A6AXXZUsolax_default_executor_type@scheduling@solax@@U?$context_result@V<lambda_3>@?6???$parallel_for@_JV<lambda_1>@?1??get_bounding_box_from_mask@mask_utilities@solax@@YA?AV?$Rect@_J@4@AEBV?$shared_ptr@V?$Image_@E@solax@@@std@@M@Z@@scheduling@solax@@YA?A_P_J0V<lambda_1>@?1??get_bounding_box_from_mask@mask_utilities@3@YA?AV?$Rect@_J@3@AEBV?$shared_ptr@V?$Image_@E@solax@@@std@@M@Z@0@Z@$0A@X@detail@v3@stlab@@@v3@stlab@@YA?AU?$pair@V?$packaged_task@$$V@v3@stlab@@V?$future@XX@23@@std@@Usolax_default_executor_type@scheduling@solax@@$$QEAU?$context_result@V<lambda_3>@?6???$parallel_for@_JV<lambda_1>@?1??get_bounding_box_from_mask@mask_utilities@solax@@YA?AV?$Rect@_J@4@AEBV?$shared_ptr@V?$Image_@E@solax@@@std@@M@Z@@scheduling@solax@@YA?A_P_J0V<lambda_1>@?1??get_bounding_box_from_mask@mask_utilities@3@YA?AV?$Rect@_J@3@AEBV?$shared_ptr@V?$Image_@E@solax@@@std@@M@Z@0@Z@$0A@X@detail@23@@Z@$$A6AXXZ@detail@v3@stlab@@
AeCompute.dll,157079056,0x95cd610,mask,.?AV?$_Ref_count_obj2@U?$common_context@U?$context_result@V<lambda_3>@?6???$parallel_for@_JV<lambda_1>@?1??get_bounding_box_from_mask@mask_utilities@solax@@YA?AV?$Rect@_J@4@AEBV?$shared_ptr@V?$Image_@E@solax@@@std@@M@Z@@scheduling@solax@@YA?A_P_J0V<lambda_1>@?1??get_bounding_box_from_mask@mask_utilities@3@YA?AV?$Rect@_J@3@AEBV?$shared_ptr@V?$Image_@E@solax@@@std@@M@Z@0@Z@$0A@X@detail@v3@stlab@@V<lambda_3>@?6???$parallel_for@_JV<lambda_1>@?1??get_bounding_box_from_mask@mask_utilities@solax@@YA?AV?$Rect@_J@4@AEBV?$shared_ptr@V?$Image_@E@solax@@@std@@M@Z@@scheduling@solax@@YA?A_P_J0V<lambda_1>@?1??get_bounding_box_from_mask@mask_utilities@7@YA?AV?$Rect@_J@7@AEBV?$shared_ptr@V?$Image_@E@solax@@@std@@M@Z@0@Z@Uall_trigger@234@Usingle_trigger@234@@detail@v3@stlab@@@std@@
AeCompute.dll,157079856,0x95cd930,mask,.?AU?$shared@V<lambda_1>@?9???$package@$$A6AXXZUsolax_default_executor_type@scheduling@solax@@V<lambda_1>@?1???$do_it@Usolax_default_executor_type@scheduling@solax@@V<lambda_3>@?6???$parallel_for@_JV<lambda_1>@?1??get_bounding_box_from_mask@mask_utilities@solax@@YA?AV?$Rect@_J@4@AEBV?$shared_ptr@V?$Image_@E@solax@@@std@@M@Z@@23@YA?A_P_J0V<lambda_1>@?1??get_bounding_box_from_mask@mask_utilities@3@YA?AV?$Rect@_J@3@AEBV?$shared_ptr@V?$Image_@E@solax@@@std@@M@Z@0@Z@V?$_Vector_iterator@V?$_Vector_val@U?$_Simple_types@V?$future@XX@v3@stlab@@@std@@@std@@@std@@@?$create_range_of_futures@XXU?$common_context@U?$context_result@V<lambda_3>@?6???$parallel_for@_JV<lambda_1>@?1??get_bounding_box_from_mask@mask_utilities@solax@@YA?AV?$Rect@_J@4@AEBV?$shared_ptr@V?$Image_@E@solax@@@std@@M@Z@@scheduling@solax@@YA?A_P_J0V<lambda_1>@?1??get_bounding_box_from_mask@mask_utilities@3@YA?AV?$Rect@_J@3@AEBV?$shared_ptr@V?$Image_@E@solax@@@std@@M@Z@0@Z@$0A@X@detail@v3@stlab@@V<lambda_3>@?6???$parallel_for@_JV<lambda_1>@?1??get_bounding_box_from_mask@mask_utilities@solax@@YA?AV?$Rect@_J@4@AEBV?$shared_ptr@V?$Image_@E@solax@@@std@@M@Z@@scheduling@solax@@YA?A_P_J0V<lambda_1>@?1??get_bounding_box_from_mask@mask_utilities@7@YA?AV?$Rect@_J@7@AEBV?$shared_ptr@V?$Image_@E@solax@@@std@@M@Z@0@Z@Uall_trigger@234@Usingle_trigger@234@@detail@v3@stlab@@X@detail@v3@stlab@@SA?A_PAEBU123@$$QEAV<lambda_3>@?6???$parallel_for@_JV<lambda_1>@?1??get_bounding_box_from_mask@mask_utilities@solax@@YA?AV?$Rect@_J@4@AEBV?$shared_ptr@V?$Image_@E@solax@@@std@@M@Z@@23@YA?A_P_J1V4?1??get_bounding_box_from_mask@mask_utilities@3@YA?AV?$Rect@_J@3@AEBV?$shared_ptr@V?$Image_@E@solax@@@std@@M@Z@1@Z@V?$_Vector_iterator@V?$_Vector_val@U?$_Simple_types@V?$future@XX@v3@stlab@@@std@@@std@@@std@@5@Z@@v3@stlab@@YA?AU?$pair@V?$packaged_task@$$V@v3@stlab@@V?$future@XX@23@@std@@Usolax_default_executor_type@scheduling@solax@@$$QEAV1?1???$do_it@Usolax_default_executor_type@scheduling@solax@@V<lambda_3>@?6???$parallel_for@_JV<lambda_1>@?1??get_bounding_box_from_mask@mask_utilities@solax@@YA?AV?$Rect@_J@4@AEBV?$shared_ptr@V?$Image_@E@solax@@@std@@M@Z@@23@YA?A_P_J0V<lambda_1>@?1??get_bounding_box_from_mask@mask_utilities@3@YA?AV?$Rect@_J@3@AEBV?$shared_ptr@V?$Image_@E@solax@@@std@@M@Z@0@Z@V?$_Vector_iterator@V?$_Vector_val@U?$_Simple_types@V?$future@XX@v3@stlab@@@std@@@std@@@std@@@?$create_range_of_futures@XXU?$common_context@U?$context_result@V<lambda_3>@?6???$parallel_for@_JV<lambda_1>@?1??get_bounding_box_from_mask@mask_utilities@solax@@YA?AV?$Rect@_J@4@AEBV?$shared_ptr@V?$Image_@E@solax@@@std@@M@Z@@scheduling@solax@@YA?A_P_J0V<lambda_1>@?1??get_bounding_box_from_mask@mask_utilities@3@YA?AV?$Rect@_J@3@AEBV?$shared_ptr@V?$Image_@E@solax@@@std@@M@Z@0@Z@$0A@X@detail@v3@stlab@@V<lambda_3>@?6???$parallel_for@_JV<lambda_1>@?1??get_bounding_box_from_mask@mask_utilities@solax@@YA?AV?$Rect@_J@4@AEBV?$shared_ptr@V?$Image_@E@solax@@@std@@M@Z@@scheduling@solax@@YA?A_P_J0V<lambda_1>@?1??get_bounding_box_from_mask@mask_utilities@7@YA?AV?$Rect@_J@7@AEBV?$shared_ptr@V?$Image_@E@solax@@@std@@M@Z@0@Z@Uall_trigger@234@Usingle_trigger@234@@detail@v3@stlab@@X@detail@23@SA?A_PAEBU678@$$QEAV<lambda_3>@?6???$parallel_for@_JV<lambda_1>@?1??get_bounding_box_from_mask@mask_utilities@solax@@YA?AV?$Rect@_J@4@AEBV?$shared_ptr@V?$Image_@E@solax@@@std@@M@Z@@78@YA?A_P_J2V1?1??get_bounding_box_from_mask@mask_utilities@8@YA?AV?$Rect@_J@8@AEBV?$shared_ptr@V?$Image_@E@solax@@@5@M@Z@2@Z@V?$_Vector_iterator@V?$_Vector_val@U?$_Simple_types@V?$future@XX@v3@stlab@@@std@@@std@@@5@6@Z@@Z@$$A6AXXZ@detail@v3@stlab@@
AeCompute.dll,157083440,0x95ce730,mask,.?AU?$shared@V<lambda_1>@?9???$package@$$A6AXXZUsolax_default_executor_type@scheduling@solax@@V<lambda_1>@?1???$async@Usolax_default_executor_type@scheduling@solax@@V<lambda_2>@?3???$parallel_for@_JV<lambda_1>@?1??get_bounding_box_from_mask@mask_utilities@solax@@YA?AV?$Rect@_J@4@AEBV?$shared_ptr@V?$Image_@E@solax@@@std@@M@Z@@23@YA?A_P_J0V<lambda_1>@?1??get_bounding_box_from_mask@mask_utilities@3@YA?AV?$Rect@_J@3@AEBV?$shared_ptr@V?$Image_@E@solax@@@std@@M@Z@0@Z@$$V@v3@stlab@@YA?AV?$future@XX@56@AEBU123@$$QEAV<lambda_2>@?3???$parallel_for@_JV<lambda_1>@?1??get_bounding_box_from_mask@mask_utilities@solax@@YA?AV?$Rect@_J@4@AEBV?$shared_ptr@V?$Image_@E@solax@@@std@@M@Z@@23@YA?A_P_J1V4?1??get_bounding_box_from_mask@mask_utilities@3@YA?AV?$Rect@_J@3@AEBV?$shared_ptr@V?$Image_@E@solax@@@std@@M@Z@1@Z@@Z@@v3@stlab@@YA?AU?$pair@V?$packaged_task@$$V@v3@stlab@@V?$future@XX@23@@std@@Usolax_default_executor_type@scheduling@solax@@$$QEAV1?1???$async@Usolax_default_executor_type@scheduling@solax@@V<lambda_2>@?3???$parallel_for@_JV<lambda_1>@?1??get_bounding_box_from_mask@mask_utilities@solax@@YA?AV?$Rect@_J@4@AEBV?$shared_ptr@V?$Image_@E@solax@@@std@@M@Z@@23@YA?A_P_J0V<lambda_1>@?1??get_bounding_box_from_mask@mask_utilities@3@YA?AV?$Rect@_J@3@AEBV?$shared_ptr@V?$Image_@E@solax@@@std@@M@Z@0@Z@$$V@23@YA?AV?$future@XX@23@AEBU678@$$QEAV<lambda_2>@?3???$parallel_for@_JV<lambda_1>@?1??get_bounding_box_from_mask@mask_utilities@solax@@YA?AV?$Rect@_J@4@AEBV?$shared_ptr@V?$Image_@E@solax@@@std@@M@Z@@78@YA?A_P_J2V1?1??get_bounding_box_from_mask@mask_utilities@8@YA?AV?$Rect@_J@8@AEBV?$shared_ptr@V?$Image_@E@solax@@@5@M@Z@2@Z@@Z@@Z@$$A6AXXZ@detail@v3@stlab@@
AeCompute.dll,157085856,0x95cf0a0,mask,.?AV?$_Ref_count_obj2@U?$shared@V<lambda_1>@?9???$package@$$A6AXXZUsolax_default_executor_type@scheduling@solax@@U?$context_result@V<lambda_3>@?6???$parallel_for@_JV<lambda_1>@?1??get_bounding_box_from_mask@mask_utilities@solax@@YA?AV?$Rect@_J@4@AEBV?$shared_ptr@V?$Image_@E@solax@@@std@@M@Z@@scheduling@solax@@YA?A_P_J0V<lambda_1>@?1??get_bounding_box_from_mask@mask_utilities@3@YA?AV?$Rect@_J@3@AEBV?$shared_ptr@V?$Image_@E@solax@@@std@@M@Z@0@Z@$0A@X@detail@v3@stlab@@@v3@stlab@@YA?AU?$pair@V?$packaged_task@$$V@v3@stlab@@V?$future@XX@23@@std@@Usolax_default_executor_type@scheduling@solax@@$$QEAU?$context_result@V<lambda_3>@?6???$parallel_for@_JV<lambda_1>@?1??get_bounding_box_from_mask@mask_utilities@solax@@YA?AV?$Rect@_J@4@AEBV?$shared_ptr@V?$Image_@E@solax@@@std@@M@Z@@scheduling@solax@@YA?A_P_J0V<lambda_1>@?1??get_bounding_box_from_mask@mask_utilities@3@YA?AV?$Rect@_J@3@AEBV?$shared_ptr@V?$Image_@E@solax@@@std@@M@Z@0@Z@$0A@X@detail@23@@Z@$$A6AXXZ@detail@v3@stlab@@@std@@
AeCompute.dll,157086864,0x95cf490,mask,.?AV?$_Ref_count_obj2@U?$shared@V<lambda_1>@?9???$package@$$A6AXXZUsolax_default_executor_type@scheduling@solax@@V<lambda_1>@?1???$do_it@Usolax_default_executor_type@scheduling@solax@@V<lambda_3>@?6???$parallel_for@_JV<lambda_1>@?1??get_bounding_box_from_mask@mask_utilities@solax@@YA?AV?$Rect@_J@4@AEBV?$shared_ptr@V?$Image_@E@solax@@@std@@M@Z@@23@YA?A_P_J0V<lambda_1>@?1??get_bounding_box_from_mask@mask_utilities@3@YA?AV?$Rect@_J@3@AEBV?$shared_ptr@V?$Image_@E@solax@@@std@@M@Z@0@Z@V?$_Vector_iterator@V?$_Vector_val@U?$_Simple_types@V?$future@XX@v3@stlab@@@std@@@std@@@std@@@?$create_range_of_futures@XXU?$common_context@U?$context_result@V<lambda_3>@?6???$parallel_for@_JV<lambda_1>@?1??get_bounding_box_from_mask@mask_utilities@solax@@YA?AV?$Rect@_J@4@AEBV?$shared_ptr@V?$Image_@E@solax@@@std@@M@Z@@scheduling@solax@@YA?A_P_J0V<lambda_1>@?1??get_bounding_box_from_mask@mask_utilities@3@YA?AV?$Rect@_J@3@AEBV?$shared_ptr@V?$Image_@E@solax@@@std@@M@Z@0@Z@$0A@X@detail@v3@stlab@@V<lambda_3>@?6???$parallel_for@_JV<lambda_1>@?1??get_bounding_box_from_mask@mask_utilities@solax@@YA?AV?$Rect@_J@4@AEBV?$shared_ptr@V?$Image_@E@solax@@@std@@M@Z@@scheduling@solax@@YA?A_P_J0V<lambda_1>@?1??get_bounding_box_from_mask@mask_utilities@7@YA?AV?$Rect@_J@7@AEBV?$shared_ptr@V?$Image_@E@solax@@@std@@M@Z@0@Z@Uall_trigger@234@Usingle_trigger@234@@detail@v3@stlab@@X@detail@v3@stlab@@SA?A_PAEBU123@$$QEAV<lambda_3>@?6???$parallel_for@_JV<lambda_1>@?1??get_bounding_box_from_mask@mask_utilities@solax@@YA?AV?$Rect@_J@4@AEBV?$shared_ptr@V?$Image_@E@solax@@@std@@M@Z@@23@YA?A_P_J1V4?1??get_bounding_box_from_mask@mask_utilities@3@YA?AV?$Rect@_J@3@AEBV?$shared_ptr@V?$Image_@E@solax@@@std@@M@Z@1@Z@V?$_Vector_iterator@V?$_Vector_val@U?$_Simple_types@V?$future@XX@v3@stlab@@@std@@@std@@@std@@5@Z@@v3@stlab@@YA?AU?$pair@V?$packaged_task@$$V@v3@stlab@@V?$future@XX@23@@std@@Usolax_default_executor_type@scheduling@solax@@$$QEAV1?1???$do_it@Usolax_default_executor_type@scheduling@solax@@V<lambda_3>@?6???$parallel_for@_JV<lambda_1>@?1??get_bounding_box_from_mask@mask_utilities@solax@@YA?AV?$Rect@_J@4@AEBV?$shared_ptr@V?$Image_@E@solax@@@std@@M@Z@@23@YA?A_P_J0V<lambda_1>@?1??get_bounding_box_from_mask@mask_utilities@3@YA?AV?$Rect@_J@3@AEBV?$shared_ptr@V?$Image_@E@solax@@@std@@M@Z@0@Z@V?$_Vector_iterator@V?$_Vector_val@U?$_Simple_types@V?$future@XX@v3@stlab@@@std@@@std@@@std@@@?$create_range_of_futures@XXU?$common_context@U?$context_result@V<lambda_3>@?6???$parallel_for@_JV<lambda_1>@?1??get_bounding_box_from_mask@mask_utilities@solax@@YA?AV?$Rect@_J@4@AEBV?$shared_ptr@V?$Image_@E@solax@@@std@@M@Z@@scheduling@solax@@YA?A_P_J0V<lambda_1>@?1??get_bounding_box_from_mask@mask_utilities@3@YA?AV?$Rect@_J@3@AEBV?$shared_ptr@V?$Image_@E@solax@@@std@@M@Z@0@Z@$0A@X@detail@v3@stlab@@V<lambda_3>@?6???$parallel_for@_JV<lambda_1>@?1??get_bounding_box_from_mask@mask_utilities@solax@@YA?AV?$Rect@_J@4@AEBV?$shared_ptr@V?$Image_@E@solax@@@std@@M@Z@@scheduling@solax@@YA?A_P_J0V<lambda_1>@?1??get_bounding_box_from_mask@mask_utilities@7@YA?AV?$Rect@_J@7@AEBV?$shared_ptr@V?$Image_@E@solax@@@std@@M@Z@0@Z@Uall_trigger@234@Usingle_trigger@234@@detail@v3@stlab@@X@detail@23@SA?A_PAEBU678@$$QEAV<lambda_3>@?6???$parallel_for@_JV<lambda_1>@?1??get_bounding_box_from_mask@mask_utilities@solax@@YA?AV?$Rect@_J@4@AEBV?$shared_ptr@V?$Image_@E@solax@@@std@@M@Z@@78@YA?A_P_J2V1?1??get_bounding_box_from_mask@mask_utilities@8@YA?AV?$Rect@_J@8@AEBV?$shared_ptr@V?$Image_@E@solax@@@5@M@Z@2@Z@V?$_Vector_iterator@V?$_Vector_val@U?$_Simple_types@V?$future@XX@v3@stlab@@@std@@@std@@@5@6@Z@@Z@$$A6AXXZ@detail@v3@stlab@@@std@@
AeCompute.dll,157090480,0x95d02b0,mask,.?AV?$_Ref_count_obj2@U?$shared@V<lambda_1>@?9???$package@$$A6AXXZUsolax_default_executor_type@scheduling@solax@@V<lambda_1>@?1???$async@Usolax_default_executor_type@scheduling@solax@@V<lambda_2>@?3???$parallel_for@_JV<lambda_1>@?1??get_bounding_box_from_mask@mask_utilities@solax@@YA?AV?$Rect@_J@4@AEBV?$shared_ptr@V?$Image_@E@solax@@@std@@M@Z@@23@YA?A_P_J0V<lambda_1>@?1??get_bounding_box_from_mask@mask_utilities@3@YA?AV?$Rect@_J@3@AEBV?$shared_ptr@V?$Image_@E@solax@@@std@@M@Z@0@Z@$$V@v3@stlab@@YA?AV?$future@XX@56@AEBU123@$$QEAV<lambda_2>@?3???$parallel_for@_JV<lambda_1>@?1??get_bounding_box_from_mask@mask_utilities@solax@@YA?AV?$Rect@_J@4@AEBV?$shared_ptr@V?$Image_@E@solax@@@std@@M@Z@@23@YA?A_P_J1V4?1??get_bounding_box_from_mask@mask_utilities@3@YA?AV?$Rect@_J@3@AEBV?$shared_ptr@V?$Image_@E@solax@@@std@@M@Z@1@Z@@Z@@v3@stlab@@YA?AU?$pair@V?$packaged_task@$$V@v3@stlab@@V?$future@XX@23@@std@@Usolax_default_executor_type@scheduling@solax@@$$QEAV1?1???$async@Usolax_default_executor_type@scheduling@solax@@V<lambda_2>@?3???$parallel_for@_JV<lambda_1>@?1??get_bounding_box_from_mask@mask_utilities@solax@@YA?AV?$Rect@_J@4@AEBV?$shared_ptr@V?$Image_@E@solax@@@std@@M@Z@@23@YA?A_P_J0V<lambda_1>@?1??get_bounding_box_from_mask@mask_utilities@3@YA?AV?$Rect@_J@3@AEBV?$shared_ptr@V?$Image_@E@solax@@@std@@M@Z@0@Z@$$V@23@YA?AV?$future@XX@23@AEBU678@$$QEAV<lambda_2>@?3???$parallel_for@_JV<lambda_1>@?1??get_bounding_box_from_mask@mask_utilities@solax@@YA?AV?$Rect@_J@4@AEBV?$shared_ptr@V?$Image_@E@solax@@@std@@M@Z@@78@YA?A_P_J2V1?1??get_bounding_box_from_mask@mask_utilities@8@YA?AV?$Rect@_J@8@AEBV?$shared_ptr@V?$Image_@E@solax@@@5@M@Z@2@Z@@Z@@Z@$$A6AXXZ@detail@v3@stlab@@@std@@
AeCompute.dll,157093040,0x95d0cb0,object|mask|inference|model|refine,.?AU?$shared@V<lambda_1>@?7???$package@$$A6A?AV?$future@V?$shared_ptr@V?$Image_@E@solax@@@std@@X@v3@stlab@@XZV?$function@$$A6AXV?$task_@$00X$$V@v3@stlab@@@Z@std@@V<lambda_1>@?1???$recover@V?$function@$$A6AXV?$task_@$00X$$V@v3@stlab@@@Z@std@@V<lambda_1>@?1???$then@V<lambda_1>@?1???R1?1??compute_async@ObjectMaskRefiner@ultimate_urm@solax@@QEAA?AV?$future@V?$shared_ptr@V?$Image_@E@solax@@@std@@X@v3@stlab@@V?$shared_ptr@VImage@solax@@@std@@V?$shared_ptr@V?$Image_@E@solax@@@std@@V?$Rect@_J@5@PEAVContext@5@@Z@QEBA@V?$shared_ptr@VLocalModelBase@inference@solax@@@std@@@Z@@?$future@V?$shared_ptr@VModelResult@inference@solax@@@std@@X@v3@stlab@@QEHAA?A_P$$QEAV3?1???R3?1??compute_async@ObjectMaskRefiner@ultimate_urm@solax@@QEAA?AV?$future@V?$shared_ptr@V?$Image_@E@solax@@@std@@X@56@V?$shared_ptr@VImage@solax@@@2@V?$shared_ptr@V?$Image_@E@solax@@@2@V?$Rect@_J@solax@@PEAVContext@solax@@@Z@QEBA@V?$shared_ptr@VLocalModelBase@inference@solax@@@2@@Z@@Z@@?$shared_base@V?$shared_ptr@VModelResult@inference@solax@@@std@@X@detail@23@QEAA?A_P$$QEAV?$future@V?$shared_ptr@VModelResult@inference@solax@@@std@@X@23@V45@$$QEAV6?1???$then@V<lambda_1>@?1???R1?1??compute_async@ObjectMaskRefiner@ultimate_urm@solax@@QEAA?AV?$future@V?$shared_ptr@V?$Image_@E@solax@@@std@@X@v3@stlab@@V?$shared_ptr@VImage@solax@@@std@@V?$shared_ptr@V?$Image_@E@solax@@@std@@V?$Rect@_J@5@PEAVContext@5@@Z@QEBA@V?$shared_ptr@VLocalModelBase@inference@solax@@@std@@@Z@@923@QEHAA?A_P$$QEAV6?1???R6?1??compute_async@ObjectMaskRefiner@ultimate_urm@solax@@QEAA?AV123@V?$shared_ptr@VImage@solax@@@5@V?$shared_ptr@V?$Image_@E@solax@@@5@V?$Rect@_J@solax@@PEAVContext@solax@@@Z@QEBA@V?$shared_ptr@VLocalModelBase@inference@solax@@@5@@Z@@Z@@Z@@v3@stlab@@YA?AU?$pair@V?$packaged_task@$$V@v3@stlab@@V?$future@V?$shared_ptr@V?$Image_@E@solax@@@std@@X@23@@std@@V?$function@$$A6AXV?$task_@$00X$$V@v3@stlab@@@Z@5@$$QEAV1?1???$recover@V?$function@$$A6AXV?$task_@$00X$$V@v3@stlab@@@Z@std@@V<lambda_1>@?1???$then@V<lambda_1>@?1???R1?1??compute_async@ObjectMaskRefiner@ultimate_urm@solax@@QEAA?AV?$future@V?$shared_ptr@V?$Image_@E@solax@@@std@@X@v3@stlab@@V?$shared_ptr@VImage@solax@@@std@@V?$shared_ptr@V?$Image_@E@solax@@@std@@V?$Rect@_J@5@PEAVContext@5@@Z@QEBA@V?$shared_ptr@VLocalModelBase@inference@solax@@@std@@@Z@@?$future@V?$shared_ptr@VModelResult@inference@solax@@@std@@X@v3@stlab@@QEHAA?A_P$$QEAV3?1???R3?1??compute_async@ObjectMaskRefiner@ultimate_urm@solax@@QEAA?AV?$future@V?$shared_ptr@V?$Image_@E@solax@@@std@@X@56@V?$shared_ptr@VImage@solax@@@2@V?$shared_ptr@V?$Image_@E@solax@@@2@V?$Rect@_J@solax@@PEAVContext@solax@@@Z@QEBA@V?$shared_ptr@VLocalModelBase@inference@solax@@@2@@Z@@Z@@?$shared_base@V?$shared_ptr@VModelResult@inference@solax@@@std@@X@detail@23@QEAA?A_P$$QEAV?$future@V?$shared_ptr@VModelResult@inference@solax@@@std@@X@23@0$$QEAV1?1???$then@V<lambda_1>@?1???R1?1??compute_async@ObjectMaskRefiner@ultimate_urm@solax@@QEAA?AV?$future@V?$shared_ptr@V?$Image_@E@solax@@@std@@X@v3@stlab@@V?$shared_ptr@VImage@solax@@@std@@V?$shared_ptr@V?$Image_@E@solax@@@std@@V?$Rect@_J@5@PEAVContext@5@@Z@QEBA@V?$shared_ptr@VLocalModelBase@inference@solax@@@std@@@Z@@923@QEHAA?A_P$$QEAV1?1???R1?1??compute_async@ObjectMaskRefiner@ultimate_urm@solax@@QEAA?AV?$future@V?$shared_ptr@V?$Image_@E@solax@@@std@@X@23@V?$shared_ptr@VImage@solax@@@5@V?$shared_ptr@V?$Image_@E@solax@@@5@V?$Rect@_J@solax@@PEAVContext@solax@@@Z@QEBA@V?$shared_ptr@VLocalModelBase@inference@solax@@@5@@Z@@Z@@Z@@Z@$$A6A?AV?$shared_ptr@V?$Image_@E@solax@@@5@XZ@detail@v3@stlab@@
AeCompute.dll,157096800,0x95d1b60,object|mask|inference|model|refine,.?AU?$shared@V<lambda_1>@?7???$package@$$A6A?AV?$future@V?$shared_ptr@V?$Image_@E@solax@@@std@@X@v3@stlab@@XZV?$function@$$A6AXV?$task_@$00X$$V@v3@stlab@@@Z@std@@V<lambda_1>@?1???$recover@V?$function@$$A6AXV?$task_@$00X$$V@v3@stlab@@@Z@std@@V<lambda_1>@?1???$then@V<lambda_1>@?1??compute_async@ObjectMaskRefiner@ultimate_urm@solax@@QEAA?AV?$future@V?$shared_ptr@V?$Image_@E@solax@@@std@@X@v3@stlab@@V?$shared_ptr@VImage@solax@@@std@@V?$shared_ptr@V?$Image_@E@solax@@@std@@V?$Rect@_J@5@PEAVContext@5@@Z@@?$future@V?$shared_ptr@VLocalModelBase@inference@solax@@@std@@X@v3@stlab@@QEGBA?A_P$$QEAV3?1??compute_async@ObjectMaskRefiner@ultimate_urm@solax@@QEAA?AV?$future@V?$shared_ptr@V?$Image_@E@solax@@@std@@X@56@V?$shared_ptr@VImage@solax@@@2@V?$shared_ptr@V?$Image_@E@solax@@@2@V?$Rect@_J@solax@@PEAVContext@solax@@@Z@@Z@@?$shared_base@V?$shared_ptr@VLocalModelBase@inference@solax@@@std@@X@detail@23@QEAA?A_P$$QEAV?$future@V?$shared_ptr@VLocalModelBase@inference@solax@@@std@@X@23@V45@$$QEAV6?1???$then@V<lambda_1>@?1??compute_async@ObjectMaskRefiner@ultimate_urm@solax@@QEAA?AV?$future@V?$shared_ptr@V?$Image_@E@solax@@@std@@X@v3@stlab@@V?$shared_ptr@VImage@solax@@@std@@V?$shared_ptr@V?$Image_@E@solax@@@std@@V?$Rect@_J@5@PEAVContext@5@@Z@@923@QEGBA?A_P$$QEAV6?1??compute_async@ObjectMaskRefiner@ultimate_urm@solax@@QEAA?AV123@V?$shared_ptr@VImage@solax@@@5@V?$shared_ptr@V?$Image_@E@solax@@@5@V?$Rect@_J@solax@@PEAVContext@solax@@@Z@@Z@@Z@@v3@stlab@@YA?AU?$pair@V?$packaged_task@$$V@v3@stlab@@V?$future@V?$shared_ptr@V?$Image_@E@solax@@@std@@X@23@@std@@V?$function@$$A6AXV?$task_@$00X$$V@v3@stlab@@@Z@5@$$QEAV1?1???$recover@V?$function@$$A6AXV?$task_@$00X$$V@v3@stlab@@@Z@std@@V<lambda_1>@?1???$then@V<lambda_1>@?1??compute_async@ObjectMaskRefiner@ultimate_urm@solax@@QEAA?AV?$future@V?$shared_ptr@V?$Image_@E@solax@@@std@@X@v3@stlab@@V?$shared_ptr@VImage@solax@@@std@@V?$shared_ptr@V?$Image_@E@solax@@@std@@V?$Rect@_J@5@PEAVContext@5@@Z@@?$future@V?$shared_ptr@VLocalModelBase@inference@solax@@@std@@X@v3@stlab@@QEGBA?A_P$$QEAV3?1??compute_async@ObjectMaskRefiner@ultimate_urm@solax@@QEAA?AV?$future@V?$shared_ptr@V?$Image_@E@solax@@@std@@X@56@V?$shared_ptr@VImage@solax@@@2@V?$shared_ptr@V?$Image_@E@solax@@@2@V?$Rect@_J@solax@@PEAVContext@solax@@@Z@@Z@@?$shared_base@V?$shared_ptr@VLocalModelBase@inference@solax@@@std@@X@detail@23@QEAA?A_P$$QEAV?$future@V?$shared_ptr@VLocalModelBase@inference@solax@@@std@@X@23@0$$QEAV1?1???$then@V<lambda_1>@?1??compute_async@ObjectMaskRefiner@ultimate_urm@solax@@QEAA?AV?$future@V?$shared_ptr@V?$Image_@E@solax@@@std@@X@v3@stlab@@V?$shared_ptr@VImage@solax@@@std@@V?$shared_ptr@V?$Image_@E@solax@@@std@@V?$Rect@_J@5@PEAVContext@5@@Z@@923@QEGBA?A_P$$QEAV1?1??compute_async@ObjectMaskRefiner@ultimate_urm@solax@@QEAA?AV?$future@V?$shared_ptr@V?$Image_@E@solax@@@std@@X@23@V?$shared_ptr@VImage@solax@@@5@V?$shared_ptr@V?$Image_@E@solax@@@5@V?$Rect@_J@solax@@PEAVContext@solax@@@Z@@Z@@Z@@Z@$$A6A?AV?$shared_ptr@V?$Image_@E@solax@@@5@XZ@detail@v3@stlab@@
AeCompute.dll,157099808,0x95d2720,object|mask|inference|model|refine,.?AU?$shared@V<lambda_1>@?9???$package@$$A6A?AV?$shared_ptr@V?$Image_@E@solax@@@std@@XZV?$function@$$A6AXV?$task_@$00X$$V@v3@stlab@@@Z@2@V<lambda_1>@?1???$recover@V?$function@$$A6AXV?$task_@$00X$$V@v3@stlab@@@Z@std@@V<lambda_1>@?1???$then@AEAV<lambda_1>@?1??postprocess@ObjectMaskRefiner@ultimate_urm@solax@@SA?AU?$maybe_future@V?$shared_ptr@V?$Image_@E@solax@@@std@@@scheduling@5@AEBV?$shared_ptr@VLocalModelBase@inference@solax@@@std@@AEBV?$shared_ptr@VImage@solax@@@9@AEBVTensor@5@AEBUPreprocessorOutput@345@AEBUconfig@45@PEAVContext@5@@Z@@?$future@V?$Mat_@M@cv@@X@v3@stlab@@QEGBA?A_PAEAV3?1??postprocess@ObjectMaskRefiner@ultimate_urm@solax@@SA?AU?$maybe_future@V?$shared_ptr@V?$Image_@E@solax@@@std@@@scheduling@solax@@AEBV?$shared_ptr@VLocalModelBase@inference@solax@@@2@AEBV?$shared_ptr@VImage@solax@@@2@AEBVTensor@solax@@AEBUPreprocessorOutput@89solax@@AEBUconfig@9solax@@PEAVContext@solax@@@Z@@Z@@?$shared_base@V?$Mat_@M@cv@@X@detail@v3@stlab@@QEAA?A_P$$QEAV?$future@V?$Mat_@M@cv@@X@78@V32@$$QEAV4?1???$then@AEAV<lambda_1>@?1??postprocess@ObjectMaskRefiner@ultimate_urm@solax@@SA?AU?$maybe_future@V?$shared_ptr@V?$Image_@E@solax@@@std@@@scheduling@5@AEBV?$shared_ptr@VLocalModelBase@inference@solax@@@std@@AEBV?$shared_ptr@VImage@solax@@@9@AEBVTensor@5@AEBUPreprocessorOutput@345@AEBUconfig@45@PEAVContext@5@@Z@@978@QEGBA?A_PAEAV4?1??postprocess@ObjectMaskRefiner@ultimate_urm@solax@@SA?AU?$maybe_future@V?$shared_ptr@V?$Image_@E@solax@@@std@@@scheduling@solax@@AEBV?$shared_ptr@VLocalModelBase@inference@solax@@@2@AEBV?$shared_ptr@VImage@solax@@@2@AEBVTensor@solax@@AEBUPreprocessorOutput@ObjectMaskRefiner@ultimate_urm@solax@@AEBUconfig@ultimate_urm@solax@@PEAVContext@solax@@@Z@@Z@@Z@@v3@stlab@@YA?AU?$pair@V?$packaged_task@$$V@v3@stlab@@V?$future@V?$shared_ptr@V?$Image_@E@solax@@@std@@X@23@@std@@V?$function@$$A6AXV?$task_@$00X$$V@v3@stlab@@@Z@5@$$QEAV1?1???$recover@V?$function@$$A6AXV?$task_@$00X$$V@v3@stlab@@@Z@std@@V<lambda_1>@?1???$then@AEAV<lambda_1>@?1??postprocess@ObjectMaskRefiner@ultimate_urm@solax@@SA?AU?$maybe_future@V?$shared_ptr@V?$Image_@E@solax@@@std@@@scheduling@5@AEBV?$shared_ptr@VLocalModelBase@inference@solax@@@std@@AEBV?$shared_ptr@VImage@solax@@@9@AEBVTensor@5@AEBUPreprocessorOutput@345@AEBUconfig@45@PEAVContext@5@@Z@@?$future@V?$Mat_@M@cv@@X@v3@stlab@@QEGBA?A_PAEAV3?1??postprocess@ObjectMaskRefiner@ultimate_urm@solax@@SA?AU?$maybe_future@V?$shared_ptr@V?$Image_@E@solax@@@std@@@scheduling@solax@@AEBV?$shared_ptr@VLocalModelBase@inference@solax@@@2@AEBV?$shared_ptr@VImage@solax@@@2@AEBVTensor@solax@@AEBUPreprocessorOutput@89solax@@AEBUconfig@9solax@@PEAVContext@solax@@@Z@@Z@@?$shared_base@V?$Mat_@M@cv@@X@detail@23@QEAA?A_P$$QEAV?$future@V?$Mat_@M@cv@@X@23@0$$QEAV1?1???$then@AEAV<lambda_1>@?1??postprocess@ObjectMaskRefiner@ultimate_urm@solax@@SA?AU?$maybe_future@V?$shared_ptr@V?$Image_@E@solax@@@std@@@scheduling@5@AEBV?$shared_ptr@VLocalModelBase@inference@solax@@@std@@AEBV?$shared_ptr@VImage@solax@@@9@AEBVTensor@5@AEBUPreprocessorOutput@345@AEBUconfig@45@PEAVContext@5@@Z@@923@QEGBA?A_PAEAV1?1??postprocess@ObjectMaskRefiner@ultimate_urm@solax@@SA?AU?$maybe_future@V?$shared_ptr@V?$Image_@E@solax@@@std@@@scheduling@solax@@AEBV?$shared_ptr@VLocalModelBase@inference@solax@@@5@AEBV?$shared_ptr@VImage@solax@@@5@AEBVTensor@solax@@AEBUPreprocessorOutput@ObjectMaskRefiner@ultimate_urm@solax@@AEBUconfig@ultimate_urm@solax@@PEAVContext@solax@@@Z@@Z@@Z@@Z@$$A6A?AV?$shared_ptr@V?$Image_@E@solax@@@5@XZ@detail@v3@stlab@@
AeCompute.dll,157105200,0x95d3c30,object|mask|inference|model|refine,.?AV?$_Ref_count_obj2@U?$shared@V<lambda_1>@?7???$package@$$A6A?AV?$future@V?$shared_ptr@V?$Image_@E@solax@@@std@@X@v3@stlab@@XZV?$function@$$A6AXV?$task_@$00X$$V@v3@stlab@@@Z@std@@V<lambda_1>@?1???$recover@V?$function@$$A6AXV?$task_@$00X$$V@v3@stlab@@@Z@std@@V<lambda_1>@?1???$then@V<lambda_1>@?1???R1?1??compute_async@ObjectMaskRefiner@ultimate_urm@solax@@QEAA?AV?$future@V?$shared_ptr@V?$Image_@E@solax@@@std@@X@v3@stlab@@V?$shared_ptr@VImage@solax@@@std@@V?$shared_ptr@V?$Image_@E@solax@@@std@@V?$Rect@_J@5@PEAVContext@5@@Z@QEBA@V?$shared_ptr@VLocalModelBase@inference@solax@@@std@@@Z@@?$future@V?$shared_ptr@VModelResult@inference@solax@@@std@@X@v3@stlab@@QEHAA?A_P$$QEAV3?1???R3?1??compute_async@ObjectMaskRefiner@ultimate_urm@solax@@QEAA?AV?$future@V?$shared_ptr@V?$Image_@E@solax@@@std@@X@56@V?$shared_ptr@VImage@solax@@@2@V?$shared_ptr@V?$Image_@E@solax@@@2@V?$Rect@_J@solax@@PEAVContext@solax@@@Z@QEBA@V?$shared_ptr@VLocalModelBase@inference@solax@@@2@@Z@@Z@@?$shared_base@V?$shared_ptr@VModelResult@inference@solax@@@std@@X@detail@23@QEAA?A_P$$QEAV?$future@V?$shared_ptr@VModelResult@inference@solax@@@std@@X@23@V45@$$QEAV6?1???$then@V<lambda_1>@?1???R1?1??compute_async@ObjectMaskRefiner@ultimate_urm@solax@@QEAA?AV?$future@V?$shared_ptr@V?$Image_@E@solax@@@std@@X@v3@stlab@@V?$shared_ptr@VImage@solax@@@std@@V?$shared_ptr@V?$Image_@E@solax@@@std@@V?$Rect@_J@5@PEAVContext@5@@Z@QEBA@V?$shared_ptr@VLocalModelBase@inference@solax@@@std@@@Z@@923@QEHAA?A_P$$QEAV6?1???R6?1??compute_async@ObjectMaskRefiner@ultimate_urm@solax@@QEAA?AV123@V?$shared_ptr@VImage@solax@@@5@V?$shared_ptr@V?$Image_@E@solax@@@5@V?$Rect@_J@solax@@PEAVContext@solax@@@Z@QEBA@V?$shared_ptr@VLocalModelBase@inference@solax@@@5@@Z@@Z@@Z@@v3@stlab@@YA?AU?$pair@V?$packaged_task@$$V@v3@stlab@@V?$future@V?$shared_ptr@V?$Image_@E@solax@@@std@@X@23@@std@@V?$function@$$A6AXV?$task_@$00X$$V@v3@stlab@@@Z@5@$$QEAV1?1???$recover@V?$function@$$A6AXV?$task_@$00X$$V@v3@stlab@@@Z@std@@V<lambda_1>@?1???$then@V<lambda_1>@?1???R1?1??compute_async@ObjectMaskRefiner@ultimate_urm@solax@@QEAA?AV?$future@V?$shared_ptr@V?$Image_@E@solax@@@std@@X@v3@stlab@@V?$shared_ptr@VImage@solax@@@std@@V?$shared_ptr@V?$Image_@E@solax@@@std@@V?$Rect@_J@5@PEAVContext@5@@Z@QEBA@V?$shared_ptr@VLocalModelBase@inference@solax@@@std@@@Z@@?$future@V?$shared_ptr@VModelResult@inference@solax@@@std@@X@v3@stlab@@QEHAA?A_P$$QEAV3?1???R3?1??compute_async@ObjectMaskRefiner@ultimate_urm@solax@@QEAA?AV?$future@V?$shared_ptr@V?$Image_@E@solax@@@std@@X@56@V?$shared_ptr@VImage@solax@@@2@V?$shared_ptr@V?$Image_@E@solax@@@2@V?$Rect@_J@solax@@PEAVContext@solax@@@Z@QEBA@V?$shared_ptr@VLocalModelBase@inference@solax@@@2@@Z@@Z@@?$shared_base@V?$shared_ptr@VModelResult@inference@solax@@@std@@X@detail@23@QEAA?A_P$$QEAV?$future@V?$shared_ptr@VModelResult@inference@solax@@@std@@X@23@0$$QEAV1?1???$then@V<lambda_1>@?1???R1?1??compute_async@ObjectMaskRefiner@ultimate_urm@solax@@QEAA?AV?$future@V?$shared_ptr@V?$Image_@E@solax@@@std@@X@v3@stlab@@V?$shared_ptr@VImage@solax@@@std@@V?$shared_ptr@V?$Image_@E@solax@@@std@@V?$Rect@_J@5@PEAVContext@5@@Z@QEBA@V?$shared_ptr@VLocalModelBase@inference@solax@@@std@@@Z@@923@QEHAA?A_P$$QEAV1?1???R1?1??compute_async@ObjectMaskRefiner@ultimate_urm@solax@@QEAA?AV?$future@V?$shared_ptr@V?$Image_@E@solax@@@std@@X@23@V?$shared_ptr@VImage@solax@@@5@V?$shared_ptr@V?$Image_@E@solax@@@5@V?$Rect@_J@solax@@PEAVContext@solax@@@Z@QEBA@V?$shared_ptr@VLocalModelBase@inference@solax@@@5@@Z@@Z@@Z@@Z@$$A6A?AV?$shared_ptr@V?$Image_@E@solax@@@5@XZ@detail@v3@stlab@@@std@@
AeCompute.dll,157108752,0x95d4a10,object|mask|inference|model|refine,.?AV?$_Ref_count_obj2@U?$shared@V<lambda_1>@?7???$package@$$A6A?AV?$future@V?$shared_ptr@V?$Image_@E@solax@@@std@@X@v3@stlab@@XZV?$function@$$A6AXV?$task_@$00X$$V@v3@stlab@@@Z@std@@V<lambda_1>@?1???$recover@V?$function@$$A6AXV?$task_@$00X$$V@v3@stlab@@@Z@std@@V<lambda_1>@?1???$then@V<lambda_1>@?1??compute_async@ObjectMaskRefiner@ultimate_urm@solax@@QEAA?AV?$future@V?$shared_ptr@V?$Image_@E@solax@@@std@@X@v3@stlab@@V?$shared_ptr@VImage@solax@@@std@@V?$shared_ptr@V?$Image_@E@solax@@@std@@V?$Rect@_J@5@PEAVContext@5@@Z@@?$future@V?$shared_ptr@VLocalModelBase@inference@solax@@@std@@X@v3@stlab@@QEGBA?A_P$$QEAV3?1??compute_async@ObjectMaskRefiner@ultimate_urm@solax@@QEAA?AV?$future@V?$shared_ptr@V?$Image_@E@solax@@@std@@X@56@V?$shared_ptr@VImage@solax@@@2@V?$shared_ptr@V?$Image_@E@solax@@@2@V?$Rect@_J@solax@@PEAVContext@solax@@@Z@@Z@@?$shared_base@V?$shared_ptr@VLocalModelBase@inference@solax@@@std@@X@detail@23@QEAA?A_P$$QEAV?$future@V?$shared_ptr@VLocalModelBase@inference@solax@@@std@@X@23@V45@$$QEAV6?1???$then@V<lambda_1>@?1??compute_async@ObjectMaskRefiner@ultimate_urm@solax@@QEAA?AV?$future@V?$shared_ptr@V?$Image_@E@solax@@@std@@X@v3@stlab@@V?$shared_ptr@VImage@solax@@@std@@V?$shared_ptr@V?$Image_@E@solax@@@std@@V?$Rect@_J@5@PEAVContext@5@@Z@@923@QEGBA?A_P$$QEAV6?1??compute_async@ObjectMaskRefiner@ultimate_urm@solax@@QEAA?AV123@V?$shared_ptr@VImage@solax@@@5@V?$shared_ptr@V?$Image_@E@solax@@@5@V?$Rect@_J@solax@@PEAVContext@solax@@@Z@@Z@@Z@@v3@stlab@@YA?AU?$pair@V?$packaged_task@$$V@v3@stlab@@V?$future@V?$shared_ptr@V?$Image_@E@solax@@@std@@X@23@@std@@V?$function@$$A6AXV?$task_@$00X$$V@v3@stlab@@@Z@5@$$QEAV1?1???$recover@V?$function@$$A6AXV?$task_@$00X$$V@v3@stlab@@@Z@std@@V<lambda_1>@?1???$then@V<lambda_1>@?1??compute_async@ObjectMaskRefiner@ultimate_urm@solax@@QEAA?AV?$future@V?$shared_ptr@V?$Image_@E@solax@@@std@@X@v3@stlab@@V?$shared_ptr@VImage@solax@@@std@@V?$shared_ptr@V?$Image_@E@solax@@@std@@V?$Rect@_J@5@PEAVContext@5@@Z@@?$future@V?$shared_ptr@VLocalModelBase@inference@solax@@@std@@X@v3@stlab@@QEGBA?A_P$$QEAV3?1??compute_async@ObjectMaskRefiner@ultimate_urm@solax@@QEAA?AV?$future@V?$shared_ptr@V?$Image_@E@solax@@@std@@X@56@V?$shared_ptr@VImage@solax@@@2@V?$shared_ptr@V?$Image_@E@solax@@@2@V?$Rect@_J@solax@@PEAVContext@solax@@@Z@@Z@@?$shared_base@V?$shared_ptr@VLocalModelBase@inference@solax@@@std@@X@detail@23@QEAA?A_P$$QEAV?$future@V?$shared_ptr@VLocalModelBase@inference@solax@@@std@@X@23@0$$QEAV1?1???$then@V<lambda_1>@?1??compute_async@ObjectMaskRefiner@ultimate_urm@solax@@QEAA?AV?$future@V?$shared_ptr@V?$Image_@E@solax@@@std@@X@v3@stlab@@V?$shared_ptr@VImage@solax@@@std@@V?$shared_ptr@V?$Image_@E@solax@@@std@@V?$Rect@_J@5@PEAVContext@5@@Z@@923@QEGBA?A_P$$QEAV1?1??compute_async@ObjectMaskRefiner@ultimate_urm@solax@@QEAA?AV?$future@V?$shared_ptr@V?$Image_@E@solax@@@std@@X@23@V?$shared_ptr@VImage@solax@@@5@V?$shared_ptr@V?$Image_@E@solax@@@5@V?$Rect@_J@solax@@PEAVContext@solax@@@Z@@Z@@Z@@Z@$$A6A?AV?$shared_ptr@V?$Image_@E@solax@@@5@XZ@detail@v3@stlab@@@std@@
AeCompute.dll,157111792,0x95d55f0,object|mask|inference|model|refine,.?AV?$_Ref_count_obj2@U?$shared@V<lambda_1>@?9???$package@$$A6A?AV?$shared_ptr@V?$Image_@E@solax@@@std@@XZV?$function@$$A6AXV?$task_@$00X$$V@v3@stlab@@@Z@2@V<lambda_1>@?1???$recover@V?$function@$$A6AXV?$task_@$00X$$V@v3@stlab@@@Z@std@@V<lambda_1>@?1???$then@AEAV<lambda_1>@?1??postprocess@ObjectMaskRefiner@ultimate_urm@solax@@SA?AU?$maybe_future@V?$shared_ptr@V?$Image_@E@solax@@@std@@@scheduling@5@AEBV?$shared_ptr@VLocalModelBase@inference@solax@@@std@@AEBV?$shared_ptr@VImage@solax@@@9@AEBVTensor@5@AEBUPreprocessorOutput@345@AEBUconfig@45@PEAVContext@5@@Z@@?$future@V?$Mat_@M@cv@@X@v3@stlab@@QEGBA?A_PAEAV3?1??postprocess@ObjectMaskRefiner@ultimate_urm@solax@@SA?AU?$maybe_future@V?$shared_ptr@V?$Image_@E@solax@@@std@@@scheduling@solax@@AEBV?$shared_ptr@VLocalModelBase@inference@solax@@@2@AEBV?$shared_ptr@VImage@solax@@@2@AEBVTensor@solax@@AEBUPreprocessorOutput@89solax@@AEBUconfig@9solax@@PEAVContext@solax@@@Z@@Z@@?$shared_base@V?$Mat_@M@cv@@X@detail@v3@stlab@@QEAA?A_P$$QEAV?$future@V?$Mat_@M@cv@@X@78@V32@$$QEAV4?1???$then@AEAV<lambda_1>@?1??postprocess@ObjectMaskRefiner@ultimate_urm@solax@@SA?AU?$maybe_future@V?$shared_ptr@V?$Image_@E@solax@@@std@@@scheduling@5@AEBV?$shared_ptr@VLocalModelBase@inference@solax@@@std@@AEBV?$shared_ptr@VImage@solax@@@9@AEBVTensor@5@AEBUPreprocessorOutput@345@AEBUconfig@45@PEAVContext@5@@Z@@978@QEGBA?A_PAEAV4?1??postprocess@ObjectMaskRefiner@ultimate_urm@solax@@SA?AU?$maybe_future@V?$shared_ptr@V?$Image_@E@solax@@@std@@@scheduling@solax@@AEBV?$shared_ptr@VLocalModelBase@inference@solax@@@2@AEBV?$shared_ptr@VImage@solax@@@2@AEBVTensor@solax@@AEBUPreprocessorOutput@ObjectMaskRefiner@ultimate_urm@solax@@AEBUconfig@ultimate_urm@solax@@PEAVContext@solax@@@Z@@Z@@Z@@v3@stlab@@YA?AU?$pair@V?$packaged_task@$$V@v3@stlab@@V?$future@V?$shared_ptr@V?$Image_@E@solax@@@std@@X@23@@std@@V?$function@$$A6AXV?$task_@$00X$$V@v3@stlab@@@Z@5@$$QEAV1?1???$recover@V?$function@$$A6AXV?$task_@$00X$$V@v3@stlab@@@Z@std@@V<lambda_1>@?1???$then@AEAV<lambda_1>@?1??postprocess@ObjectMaskRefiner@ultimate_urm@solax@@SA?AU?$maybe_future@V?$shared_ptr@V?$Image_@E@solax@@@std@@@scheduling@5@AEBV?$shared_ptr@VLocalModelBase@inference@solax@@@std@@AEBV?$shared_ptr@VImage@solax@@@9@AEBVTensor@5@AEBUPreprocessorOutput@345@AEBUconfig@45@PEAVContext@5@@Z@@?$future@V?$Mat_@M@cv@@X@v3@stlab@@QEGBA?A_PAEAV3?1??postprocess@ObjectMaskRefiner@ultimate_urm@solax@@SA?AU?$maybe_future@V?$shared_ptr@V?$Image_@E@solax@@@std@@@scheduling@solax@@AEBV?$shared_ptr@VLocalModelBase@inference@solax@@@2@AEBV?$shared_ptr@VImage@solax@@@2@AEBVTensor@solax@@AEBUPreprocessorOutput@89solax@@AEBUconfig@9solax@@PEAVContext@solax@@@Z@@Z@@?$shared_base@V?$Mat_@M@cv@@X@detail@23@QEAA?A_P$$QEAV?$future@V?$Mat_@M@cv@@X@23@0$$QEAV1?1???$then@AEAV<lambda_1>@?1??postprocess@ObjectMaskRefiner@ultimate_urm@solax@@SA?AU?$maybe_future@V?$shared_ptr@V?$Image_@E@solax@@@std@@@scheduling@5@AEBV?$shared_ptr@VLocalModelBase@inference@solax@@@std@@AEBV?$shared_ptr@VImage@solax@@@9@AEBVTensor@5@AEBUPreprocessorOutput@345@AEBUconfig@45@PEAVContext@5@@Z@@923@QEGBA?A_PAEAV1?1??postprocess@ObjectMaskRefiner@ultimate_urm@solax@@SA?AU?$maybe_future@V?$shared_ptr@V?$Image_@E@solax@@@std@@@scheduling@solax@@AEBV?$shared_ptr@VLocalModelBase@inference@solax@@@5@AEBV?$shared_ptr@VImage@solax@@@5@AEBVTensor@solax@@AEBUPreprocessorOutput@ObjectMaskRefiner@ultimate_urm@solax@@AEBUconfig@ultimate_urm@solax@@PEAVContext@solax@@@Z@@Z@@Z@@Z@$$A6A?AV?$shared_ptr@V?$Image_@E@solax@@@5@XZ@detail@v3@stlab@@@std@@
AeCompute.dll,157117264,0x95d6b50,inference|model|refine,.?AU?$shared@V<lambda_1>@?9???$package@$$A6A?AV?$Mat_@M@cv@@XZV?$function@$$A6AXV?$task_@$00X$$V@v3@stlab@@@Z@std@@V<lambda_1>@?1???$recover@V?$function@$$A6AXV?$task_@$00X$$V@v3@stlab@@@Z@std@@V<lambda_1>@?1???$then@V<lambda_1>@?N@??adaptive_tile_refinement@internal@ultimate_urm@solax@@YA?AV?$future@V?$Mat_@M@cv@@X@v3@stlab@@AEBV?$shared_ptr@VLocalModelBase@inference@solax@@@std@@AEBV?$shared_ptr@VImage@solax@@@std@@AEBV?$Mat_@M@cv@@AEBV?$Rect@_J@5@3AEBUconfig@45@@Z@@?$future@V?$shared_ptr@VModelResult@inference@solax@@@std@@X@v3@stlab@@QEHAA?A_P$$QEAV3?N@??adaptive_tile_refinement@internal@ultimate_urm@solax@@YA?AV?$future@V?$Mat_@M@cv@@X@56@AEBV?$shared_ptr@VLocalModelBase@inference@solax@@@2@AEBV?$shared_ptr@VImage@solax@@@2@AEBV?$Mat_@M@cv@@AEBV?$Rect@_J@solax@@3AEBUconfig@9solax@@@Z@@Z@@?$shared_base@V?$shared_ptr@VModelResult@inference@solax@@@std@@X@detail@v3@stlab@@QEAA?A_P$$QEAV?$future@V?$shared_ptr@VModelResult@inference@solax@@@std@@X@89@V34@$$QEAV5?1???$then@V<lambda_1>@?N@??adaptive_tile_refinement@internal@ultimate_urm@solax@@YA?AV?$future@V?$Mat_@M@cv@@X@v3@stlab@@AEBV?$shared_ptr@VLocalModelBase@inference@solax@@@std@@AEBV?$shared_ptr@VImage@solax@@@std@@AEBV?$Mat_@M@cv@@AEBV?$Rect@_J@5@3AEBUconfig@45@@Z@@?$future@V?$shared_ptr@VModelResult@inference@solax@@@std@@X@89@QEHAA?A_P$$QEAV5?N@??adaptive_tile_refinement@internal@ultimate_urm@solax@@YA?AV?$future@V?$Mat_@M@cv@@X@89@AEBV?$shared_ptr@VLocalModelBase@inference@solax@@@4@AEBV?$shared_ptr@VImage@solax@@@4@AEBV12@AEBV?$Rect@_J@solax@@5AEBUconfig@ultimate_urm@solax@@@Z@@Z@@Z@@v3@stlab@@YA?AU?$pair@V?$packaged_task@$$V@v3@stlab@@V?$future@V?$Mat_@M@cv@@X@23@@std@@V?$function@$$A6AXV?$task_@$00X$$V@v3@stlab@@@Z@5@$$QEAV1?1???$recover@V?$function@$$A6AXV?$task_@$00X$$V@v3@stlab@@@Z@std@@V<lambda_1>@?1???$then@V<lambda_1>@?N@??adaptive_tile_refinement@internal@ultimate_urm@solax@@YA?AV?$future@V?$Mat_@M@cv@@X@v3@stlab@@AEBV?$shared_ptr@VLocalModelBase@inference@solax@@@std@@AEBV?$shared_ptr@VImage@solax@@@std@@AEBV?$Mat_@M@cv@@AEBV?$Rect@_J@5@3AEBUconfig@45@@Z@@?$future@V?$shared_ptr@VModelResult@inference@solax@@@std@@X@v3@stlab@@QEHAA?A_P$$QEAV3?N@??adaptive_tile_refinement@internal@ultimate_urm@solax@@YA?AV?$future@V?$Mat_@M@cv@@X@56@AEBV?$shared_ptr@VLocalModelBase@inference@solax@@@2@AEBV?$shared_ptr@VImage@solax@@@2@AEBV?$Mat_@M@cv@@AEBV?$Rect@_J@solax@@3AEBUconfig@9solax@@@Z@@Z@@?$shared_base@V?$shared_ptr@VModelResult@inference@solax@@@std@@X@detail@23@QEAA?A_P$$QEAV?$future@V?$shared_ptr@VModelResult@inference@solax@@@std@@X@23@0$$QEAV1?1???$then@V<lambda_1>@?N@??adaptive_tile_refinement@internal@ultimate_urm@solax@@YA?AV?$future@V?$Mat_@M@cv@@X@v3@stlab@@AEBV?$shared_ptr@VLocalModelBase@inference@solax@@@std@@AEBV?$shared_ptr@VImage@solax@@@std@@AEBV?$Mat_@M@cv@@AEBV?$Rect@_J@5@3AEBUconfig@45@@Z@@923@QEHAA?A_P$$QEAV1?N@??adaptive_tile_refinement@internal@ultimate_urm@solax@@YA?AV?$future@V?$Mat_@M@cv@@X@23@AEBV?$shared_ptr@VLocalModelBase@inference@solax@@@5@AEBV?$shared_ptr@VImage@solax@@@5@AEBV?$Mat_@M@cv@@AEBV?$Rect@_J@solax@@5AEBUconfig@ultimate_urm@solax@@@Z@@Z@@Z@@Z@$$A6A?AV?$Mat_@M@cv@@XZ@detail@v3@stlab@@
AeCompute.dll,157120624,0x95d7870,inference|model|refine,.?AU?$shared@V<lambda_1>@?9???$package@$$A6A?AV?$Mat_@M@cv@@XZUsolax_default_executor_type@scheduling@solax@@U?$context_result@V<lambda_2>@?1??adaptive_tile_refinement@internal@ultimate_urm@solax@@YA?AV?$future@V?$Mat_@M@cv@@X@v3@stlab@@AEBV?$shared_ptr@VLocalModelBase@inference@solax@@@std@@AEBV?$shared_ptr@VImage@solax@@@std@@AEBV?$Mat_@M@cv@@AEBV?$Rect@_J@5@3AEBUconfig@45@@Z@$0A@V?$vector@V?$Mat_@M@cv@@V?$allocator@V?$Mat_@M@cv@@@std@@@std@@@detail@v3@stlab@@@v3@stlab@@YA?AU?$pair@V?$packaged_task@$$V@v3@stlab@@V?$future@V?$Mat_@M@cv@@X@23@@std@@Usolax_default_executor_type@scheduling@solax@@$$QEAU?$context_result@V<lambda_2>@?1??adaptive_tile_refinement@internal@ultimate_urm@solax@@YA?AV?$future@V?$Mat_@M@cv@@X@v3@stlab@@AEBV?$shared_ptr@VLocalModelBase@inference@solax@@@std@@AEBV?$shared_ptr@VImage@solax@@@std@@AEBV?$Mat_@M@cv@@AEBV?$Rect@_J@5@3AEBUconfig@45@@Z@$0A@V?$vector@V?$Mat_@M@cv@@V?$allocator@V?$Mat_@M@cv@@@std@@@std@@@detail@23@@Z@$$A6A?AV?$Mat_@M@cv@@XZ@detail@v3@stlab@@
AeCompute.dll,157121648,0x95d7c70,inference|model|refine,.?AV?$_Ref_count_obj2@U?$common_context@U?$context_result@V<lambda_2>@?1??adaptive_tile_refinement@internal@ultimate_urm@solax@@YA?AV?$future@V?$Mat_@M@cv@@X@v3@stlab@@AEBV?$shared_ptr@VLocalModelBase@inference@solax@@@std@@AEBV?$shared_ptr@VImage@solax@@@std@@AEBV?$Mat_@M@cv@@AEBV?$Rect@_J@5@3AEBUconfig@45@@Z@$0A@V?$vector@V?$Mat_@M@cv@@V?$allocator@V?$Mat_@M@cv@@@std@@@std@@@detail@v3@stlab@@V<lambda_2>@?1??adaptive_tile_refinement@internal@ultimate_urm@solax@@YA?AV?$future@V?$Mat_@M@cv@@X@34@AEBV?$shared_ptr@VLocalModelBase@inference@solax@@@std@@AEBV?$shared_ptr@VImage@solax@@@std@@AEBV?$Mat_@M@cv@@AEBV?$Rect@_J@9@3AEBUconfig@89@@Z@Uall_trigger@234@Usingle_trigger@234@@detail@v3@stlab@@@std@@
AeCompute.dll,157122384,0x95d7f50,inference|model|refine,.?AU?$shared@V<lambda_1>@?9???$package@$$A6A?AV?$Mat_@M@cv@@XZUsolax_default_executor_type@scheduling@solax@@V<lambda_1>@?1???$do_it@Usolax_default_executor_type@scheduling@solax@@V<lambda_2>@?1??adaptive_tile_refinement@internal@ultimate_urm@3@YA?AV?$future@V?$Mat_@M@cv@@X@v3@stlab@@AEBV?$shared_ptr@VLocalModelBase@inference@solax@@@std@@AEBV?$shared_ptr@VImage@solax@@@std@@AEBV?$Mat_@M@cv@@AEBV?$Rect@_J@3@3AEBUconfig@73@@Z@V?$_Vector_iterator@V?$_Vector_val@U?$_Simple_types@V?$future@V?$Mat_@M@cv@@X@v3@stlab@@@std@@@std@@@std@@@?$create_range_of_futures@V?$Mat_@M@cv@@V12@U?$common_context@U?$context_result@V<lambda_2>@?1??adaptive_tile_refinement@internal@ultimate_urm@solax@@YA?AV?$future@V?$Mat_@M@cv@@X@v3@stlab@@AEBV?$shared_ptr@VLocalModelBase@inference@solax@@@std@@AEBV?$shared_ptr@VImage@solax@@@std@@AEBV?$Mat_@M@cv@@AEBV?$Rect@_J@5@3AEBUconfig@45@@Z@$0A@V?$vector@V?$Mat_@M@cv@@V?$allocator@V?$Mat_@M@cv@@@std@@@std@@@detail@v3@stlab@@V<lambda_2>@?1??adaptive_tile_refinement@internal@ultimate_urm@solax@@YA?AV?$future@V?$Mat_@M@cv@@X@34@AEBV?$shared_ptr@VLocalModelBase@inference@solax@@@std@@AEBV?$shared_ptr@VImage@solax@@@std@@AEBV?$Mat_@M@cv@@AEBV?$Rect@_J@9@3AEBUconfig@89@@Z@Uall_trigger@234@Usingle_trigger@234@@detail@v3@stlab@@X@detail@v3@stlab@@SA?A_PAEBU345@$$QEAV<lambda_2>@?1??adaptive_tile_refinement@internal@ultimate_urm@5@YA?AV?$future@V?$Mat_@M@cv@@X@9stlab@@AEBV?$shared_ptr@VLocalModelBase@inference@solax@@@std@@AEBV?$shared_ptr@VImage@solax@@@std@@AEBV12@AEBV?$Rect@_J@5@4AEBUconfig@ultimate_urm@5@@Z@V?$_Vector_iterator@V?$_Vector_val@U?$_Simple_types@V?$future@V?$Mat_@M@cv@@X@v3@stlab@@@std@@@std@@@std@@7@Z@@v3@stlab@@YA?AU?$pair@V?$packaged_task@$$V@v3@stlab@@V?$future@V?$Mat_@M@cv@@X@23@@std@@Usolax_default_executor_type@scheduling@solax@@$$QEAV1?1???$do_it@Usolax_default_executor_type@scheduling@solax@@V<lambda_2>@?1??adaptive_tile_refinement@internal@ultimate_urm@3@YA?AV?$future@V?$Mat_@M@cv@@X@v3@stlab@@AEBV?$shared_ptr@VLocalModelBase@inference@solax@@@std@@AEBV?$shared_ptr@VImage@solax@@@std@@AEBV?$Mat_@M@cv@@AEBV?$Rect@_J@3@3AEBUconfig@73@@Z@V?$_Vector_iterator@V?$_Vector_val@U?$_Simple_types@V?$future@V?$Mat_@M@cv@@X@v3@stlab@@@std@@@std@@@std@@@?$create_range_of_futures@V?$Mat_@M@cv@@V12@U?$common_context@U?$context_result@V<lambda_2>@?1??adaptive_tile_refinement@internal@ultimate_urm@solax@@YA?AV?$future@V?$Mat_@M@cv@@X@v3@stlab@@AEBV?$shared_ptr@VLocalModelBase@inference@solax@@@std@@AEBV?$shared_ptr@VImage@solax@@@std@@AEBV?$Mat_@M@cv@@AEBV?$Rect@_J@5@3AEBUconfig@45@@Z@$0A@V?$vector@V?$Mat_@M@cv@@V?$allocator@V?$Mat_@M@cv@@@std@@@std@@@detail@v3@stlab@@V<lambda_2>@?1??adaptive_tile_refinement@internal@ultimate_urm@solax@@YA?AV?$future@V?$Mat_@M@cv@@X@34@AEBV?$shared_ptr@VLocalModelBase@inference@solax@@@std@@AEBV?$shared_ptr@VImage@solax@@@std@@AEBV?$Mat_@M@cv@@AEBV?$Rect@_J@9@3AEBUconfig@89@@Z@Uall_trigger@234@Usingle_trigger@234@@detail@v3@stlab@@X@detail@23@SA?A_PAEBU678@$$QEAV<lambda_2>@?1??adaptive_tile_refinement@internal@ultimate_urm@8@YA?AV?$future@V?$Mat_@M@cv@@X@23@AEBV?$shared_ptr@VLocalModelBase@inference@solax@@@5@AEBV?$shared_ptr@VImage@solax@@@5@AEBV?$Mat_@M@cv@@AEBV?$Rect@_J@8@5AEBUconfig@ultimate_urm@8@@Z@V?$_Vector_iterator@V?$_Vector_val@U?$_Simple_types@V?$future@V?$Mat_@M@cv@@X@v3@stlab@@@std@@@std@@@5@8@Z@@Z@$$A6A?AV?$Mat_@M@cv@@XZ@detail@v3@stlab@@
AeCompute.dll,157125824,0x95d8cc0,inference|model|refine,.?AV?$_Ref_count_obj2@U?$shared@V<lambda_1>@?9???$package@$$A6A?AV?$Mat_@M@cv@@XZV?$function@$$A6AXV?$task_@$00X$$V@v3@stlab@@@Z@std@@V<lambda_1>@?1???$recover@V?$function@$$A6AXV?$task_@$00X$$V@v3@stlab@@@Z@std@@V<lambda_1>@?1???$then@V<lambda_1>@?N@??adaptive_tile_refinement@internal@ultimate_urm@solax@@YA?AV?$future@V?$Mat_@M@cv@@X@v3@stlab@@AEBV?$shared_ptr@VLocalModelBase@inference@solax@@@std@@AEBV?$shared_ptr@VImage@solax@@@std@@AEBV?$Mat_@M@cv@@AEBV?$Rect@_J@5@3AEBUconfig@45@@Z@@?$future@V?$shared_ptr@VModelResult@inference@solax@@@std@@X@v3@stlab@@QEHAA?A_P$$QEAV3?N@??adaptive_tile_refinement@internal@ultimate_urm@solax@@YA?AV?$future@V?$Mat_@M@cv@@X@56@AEBV?$shared_ptr@VLocalModelBase@inference@solax@@@2@AEBV?$shared_ptr@VImage@solax@@@2@AEBV?$Mat_@M@cv@@AEBV?$Rect@_J@solax@@3AEBUconfig@9solax@@@Z@@Z@@?$shared_base@V?$shared_ptr@VModelResult@inference@solax@@@std@@X@detail@v3@stlab@@QEAA?A_P$$QEAV?$future@V?$shared_ptr@VModelResult@inference@solax@@@std@@X@89@V34@$$QEAV5?1???$then@V<lambda_1>@?N@??adaptive_tile_refinement@internal@ultimate_urm@solax@@YA?AV?$future@V?$Mat_@M@cv@@X@v3@stlab@@AEBV?$shared_ptr@VLocalModelBase@inference@solax@@@std@@AEBV?$shared_ptr@VImage@solax@@@std@@AEBV?$Mat_@M@cv@@AEBV?$Rect@_J@5@3AEBUconfig@45@@Z@@?$future@V?$shared_ptr@VModelResult@inference@solax@@@std@@X@89@QEHAA?A_P$$QEAV5?N@??adaptive_tile_refinement@internal@ultimate_urm@solax@@YA?AV?$future@V?$Mat_@M@cv@@X@89@AEBV?$shared_ptr@VLocalModelBase@inference@solax@@@4@AEBV?$shared_ptr@VImage@solax@@@4@AEBV12@AEBV?$Rect@_J@solax@@5AEBUconfig@ultimate_urm@solax@@@Z@@Z@@Z@@v3@stlab@@YA?AU?$pair@V?$packaged_task@$$V@v3@stlab@@V?$future@V?$Mat_@M@cv@@X@23@@std@@V?$function@$$A6AXV?$task_@$00X$$V@v3@stlab@@@Z@5@$$QEAV1?1???$recover@V?$function@$$A6AXV?$task_@$00X$$V@v3@stlab@@@Z@std@@V<lambda_1>@?1???$then@V<lambda_1>@?N@??adaptive_tile_refinement@internal@ultimate_urm@solax@@YA?AV?$future@V?$Mat_@M@cv@@X@v3@stlab@@AEBV?$shared_ptr@VLocalModelBase@inference@solax@@@std@@AEBV?$shared_ptr@VImage@solax@@@std@@AEBV?$Mat_@M@cv@@AEBV?$Rect@_J@5@3AEBUconfig@45@@Z@@?$future@V?$shared_ptr@VModelResult@inference@solax@@@std@@X@v3@stlab@@QEHAA?A_P$$QEAV3?N@??adaptive_tile_refinement@internal@ultimate_urm@solax@@YA?AV?$future@V?$Mat_@M@cv@@X@56@AEBV?$shared_ptr@VLocalModelBase@inference@solax@@@2@AEBV?$shared_ptr@VImage@solax@@@2@AEBV?$Mat_@M@cv@@AEBV?$Rect@_J@solax@@3AEBUconfig@9solax@@@Z@@Z@@?$shared_base@V?$shared_ptr@VModelResult@inference@solax@@@std@@X@detail@23@QEAA?A_P$$QEAV?$future@V?$shared_ptr@VModelResult@inference@solax@@@std@@X@23@0$$QEAV1?1???$then@V<lambda_1>@?N@??adaptive_tile_refinement@internal@ultimate_urm@solax@@YA?AV?$future@V?$Mat_@M@cv@@X@v3@stlab@@AEBV?$shared_ptr@VLocalModelBase@inference@solax@@@std@@AEBV?$shared_ptr@VImage@solax@@@std@@AEBV?$Mat_@M@cv@@AEBV?$Rect@_J@5@3AEBUconfig@45@@Z@@923@QEHAA?A_P$$QEAV1?N@??adaptive_tile_refinement@internal@ultimate_urm@solax@@YA?AV?$future@V?$Mat_@M@cv@@X@23@AEBV?$shared_ptr@VLocalModelBase@inference@solax@@@5@AEBV?$shared_ptr@VImage@solax@@@5@AEBV?$Mat_@M@cv@@AEBV?$Rect@_J@solax@@5AEBUconfig@ultimate_urm@solax@@@Z@@Z@@Z@@Z@$$A6A?AV?$Mat_@M@cv@@XZ@detail@v3@stlab@@@std@@
AeCompute.dll,157129024,0x95d9940,inference|model|refine,.?AV?$_Ref_count_obj2@U?$shared@V<lambda_1>@?9???$package@$$A6A?AV?$Mat_@M@cv@@XZUsolax_default_executor_type@scheduling@solax@@U?$context_result@V<lambda_2>@?1??adaptive_tile_refinement@internal@ultimate_urm@solax@@YA?AV?$future@V?$Mat_@M@cv@@X@v3@stlab@@AEBV?$shared_ptr@VLocalModelBase@inference@solax@@@std@@AEBV?$shared_ptr@VImage@solax@@@std@@AEBV?$Mat_@M@cv@@AEBV?$Rect@_J@5@3AEBUconfig@45@@Z@$0A@V?$vector@V?$Mat_@M@cv@@V?$allocator@V?$Mat_@M@cv@@@std@@@std@@@detail@v3@stlab@@@v3@stlab@@YA?AU?$pair@V?$packaged_task@$$V@v3@stlab@@V?$future@V?$Mat_@M@cv@@X@23@@std@@Usolax_default_executor_type@scheduling@solax@@$$QEAU?$context_result@V<lambda_2>@?1??adaptive_tile_refinement@internal@ultimate_urm@solax@@YA?AV?$future@V?$Mat_@M@cv@@X@v3@stlab@@AEBV?$shared_ptr@VLocalModelBase@inference@solax@@@std@@AEBV?$shared_ptr@VImage@solax@@@std@@AEBV?$Mat_@M@cv@@AEBV?$Rect@_J@5@3AEBUconfig@45@@Z@$0A@V?$vector@V?$Mat_@M@cv@@V?$allocator@V?$Mat_@M@cv@@@std@@@std@@@detail@23@@Z@$$A6A?AV?$Mat_@M@cv@@XZ@detail@v3@stlab@@@std@@
AeCompute.dll,157130080,0x95d9d60,inference|model|refine,.?AV?$_Ref_count_obj2@U?$shared@V<lambda_1>@?9???$package@$$A6A?AV?$Mat_@M@cv@@XZUsolax_default_executor_type@scheduling@solax@@V<lambda_1>@?1???$do_it@Usolax_default_executor_type@scheduling@solax@@V<lambda_2>@?1??adaptive_tile_refinement@internal@ultimate_urm@3@YA?AV?$future@V?$Mat_@M@cv@@X@v3@stlab@@AEBV?$shared_ptr@VLocalModelBase@inference@solax@@@std@@AEBV?$shared_ptr@VImage@solax@@@std@@AEBV?$Mat_@M@cv@@AEBV?$Rect@_J@3@3AEBUconfig@73@@Z@V?$_Vector_iterator@V?$_Vector_val@U?$_Simple_types@V?$future@V?$Mat_@M@cv@@X@v3@stlab@@@std@@@std@@@std@@@?$create_range_of_futures@V?$Mat_@M@cv@@V12@U?$common_context@U?$context_result@V<lambda_2>@?1??adaptive_tile_refinement@internal@ultimate_urm@solax@@YA?AV?$future@V?$Mat_@M@cv@@X@v3@stlab@@AEBV?$shared_ptr@VLocalModelBase@inference@solax@@@std@@AEBV?$shared_ptr@VImage@solax@@@std@@AEBV?$Mat_@M@cv@@AEBV?$Rect@_J@5@3AEBUconfig@45@@Z@$0A@V?$vector@V?$Mat_@M@cv@@V?$allocator@V?$Mat_@M@cv@@@std@@@std@@@detail@v3@stlab@@V<lambda_2>@?1??adaptive_tile_refinement@internal@ultimate_urm@solax@@YA?AV?$future@V?$Mat_@M@cv@@X@34@AEBV?$shared_ptr@VLocalModelBase@inference@solax@@@std@@AEBV?$shared_ptr@VImage@solax@@@std@@AEBV?$Mat_@M@cv@@AEBV?$Rect@_J@9@3AEBUconfig@89@@Z@Uall_trigger@234@Usingle_trigger@234@@detail@v3@stlab@@X@detail@v3@stlab@@SA?A_PAEBU345@$$QEAV<lambda_2>@?1??adaptive_tile_refinement@internal@ultimate_urm@5@YA?AV?$future@V?$Mat_@M@cv@@X@9stlab@@AEBV?$shared_ptr@VLocalModelBase@inference@solax@@@std@@AEBV?$shared_ptr@VImage@solax@@@std@@AEBV12@AEBV?$Rect@_J@5@4AEBUconfig@ultimate_urm@5@@Z@V?$_Vector_iterator@V?$_Vector_val@U?$_Simple_types@V?$future@V?$Mat_@M@cv@@X@v3@stlab@@@std@@@std@@@std@@7@Z@@v3@stlab@@YA?AU?$pair@V?$packaged_task@$$V@v3@stlab@@V?$future@V?$Mat_@M@cv@@X@23@@std@@Usolax_default_executor_type@scheduling@solax@@$$QEAV1?1???$do_it@Usolax_default_executor_type@scheduling@solax@@V<lambda_2>@?1??adaptive_tile_refinement@internal@ultimate_urm@3@YA?AV?$future@V?$Mat_@M@cv@@X@v3@stlab@@AEBV?$shared_ptr@VLocalModelBase@inference@solax@@@std@@AEBV?$shared_ptr@VImage@solax@@@std@@AEBV?$Mat_@M@cv@@AEBV?$Rect@_J@3@3AEBUconfig@73@@Z@V?$_Vector_iterator@V?$_Vector_val@U?$_Simple_types@V?$future@V?$Mat_@M@cv@@X@v3@stlab@@@std@@@std@@@std@@@?$create_range_of_futures@V?$Mat_@M@cv@@V12@U?$common_context@U?$context_result@V<lambda_2>@?1??adaptive_tile_refinement@internal@ultimate_urm@solax@@YA?AV?$future@V?$Mat_@M@cv@@X@v3@stlab@@AEBV?$shared_ptr@VLocalModelBase@inference@solax@@@std@@AEBV?$shared_ptr@VImage@solax@@@std@@AEBV?$Mat_@M@cv@@AEBV?$Rect@_J@5@3AEBUconfig@45@@Z@$0A@V?$vector@V?$Mat_@M@cv@@V?$allocator@V?$Mat_@M@cv@@@std@@@std@@@detail@v3@stlab@@V<lambda_2>@?1??adaptive_tile_refinement@internal@ultimate_urm@solax@@YA?AV?$future@V?$Mat_@M@cv@@X@34@AEBV?$shared_ptr@VLocalModelBase@inference@solax@@@std@@AEBV?$shared_ptr@VImage@solax@@@std@@AEBV?$Mat_@M@cv@@AEBV?$Rect@_J@9@3AEBUconfig@89@@Z@Uall_trigger@234@Usingle_trigger@234@@detail@v3@stlab@@X@detail@23@SA?A_PAEBU678@$$QEAV<lambda_2>@?1??adaptive_tile_refinement@internal@ultimate_urm@8@YA?AV?$future@V?$Mat_@M@cv@@X@23@AEBV?$shared_ptr@VLocalModelBase@inference@solax@@@5@AEBV?$shared_ptr@VImage@solax@@@5@AEBV?$Mat_@M@cv@@AEBV?$Rect@_J@8@5AEBUconfig@ultimate_urm@8@@Z@V?$_Vector_iterator@V?$_Vector_val@U?$_Simple_types@V?$future@V?$Mat_@M@cv@@X@v3@stlab@@@std@@@std@@@5@8@Z@@Z@$$A6A?AV?$Mat_@M@cv@@XZ@detail@v3@stlab@@@std@@
AeCompute.dll,157133552,0x95daaf0,object,.?AV?$_Ref_count_obj2@VObjectDetector@detect_object@domolite@solax@@@std@@
AeCompute.dll,157133648,0x95dab50,object|mask,.?AV?$_Ref_count_obj2@VInstanceMaskPredictor@mask_object@domolite@solax@@@std@@
AeCompute.dll,157142472,0x95dcdc8,inference|model,.?AVImageModelBase@inference@solax@@
AeCompute.dll,157142528,0x95dce00,object|inference|model,.?AV?$ImageModel@V?$InferenceBackedAlgorithm@VObjectDetector@detect_object@domolite@solax@@$00@inference@solax@@$0A@@inference@solax@@
AeCompute.dll,157142688,0x95dcea0,object|inference,.?AV?$Preprocessor@Uppyoloe_config@detect_object@domolite@solax@@@inference@solax@@
AeCompute.dll,157142800,0x95dcf10,object|inference|model,.?AU?$shared@V<lambda_1>@?9???$package@$$A6A?AV?$vector@V?$Rect@_J@solax@@V?$allocator@V?$Rect@_J@solax@@@std@@@std@@XZV?$function@$$A6AXV?$task_@$00X$$V@v3@stlab@@@Z@2@V<lambda_1>@?1???$recover@V?$function@$$A6AXV?$task_@$00X$$V@v3@stlab@@@Z@std@@V<lambda_1>@?1???$then@V<lambda_1>@?1??compute_async@ObjectDetector@detect_object@domolite@solax@@QEAA?AV?$future@V?$vector@V?$Rect@_J@solax@@V?$allocator@V?$Rect@_J@solax@@@std@@@std@@X@v3@stlab@@V?$shared_ptr@VImage@solax@@@std@@PEAVContext@6@@Z@@?$future@V?$shared_ptr@VModelResult@inference@solax@@@std@@X@v3@stlab@@QEHAA?A_P$$QEAV3?1??compute_async@ObjectDetector@detect_object@domolite@solax@@QEAA?AV?$future@V?$vector@V?$Rect@_J@solax@@V?$allocator@V?$Rect@_J@solax@@@std@@@std@@X@56@V?$shared_ptr@VImage@solax@@@2@PEAVContext@solax@@@Z@@Z@@?$shared_base@V?$shared_ptr@VModelResult@inference@solax@@@std@@X@detail@v3@stlab@@QEAA?A_P$$QEAV?$future@V?$shared_ptr@VModelResult@inference@solax@@@std@@X@78@V32@$$QEAV4?1???$then@V<lambda_1>@?1??compute_async@ObjectDetector@detect_object@domolite@solax@@QEAA?AV?$future@V?$vector@V?$Rect@_J@solax@@V?$allocator@V?$Rect@_J@solax@@@std@@@std@@X@v3@stlab@@V?$shared_ptr@VImage@solax@@@std@@PEAVContext@6@@Z@@978@QEHAA?A_P$$QEAV4?1??compute_async@ObjectDetector@detect_object@domolite@solax@@QEAA?AV?$future@V?$vector@V?$Rect@_J@solax@@V?$allocator@V?$Rect@_J@solax@@@std@@@std@@X@78@V?$shared_ptr@VImage@solax@@@2@PEAVContext@solax@@@Z@@Z@@Z@@v3@stlab@@YA?AU?$pair@V?$packaged_task@$$V@v3@stlab@@V?$future@V?$vector@V?$Rect@_J@solax@@V?$allocator@V?$Rect@_J@solax@@@std@@@std@@X@23@@std@@V?$function@$$A6AXV?$task_@$00X$$V@v3@stlab@@@Z@5@$$QEAV1?1???$recover@V?$function@$$A6AXV?$task_@$00X$$V@v3@stlab@@@Z@std@@V<lambda_1>@?1???$then@V<lambda_1>@?1??compute_async@ObjectDetector@detect_object@domolite@solax@@QEAA?AV?$future@V?$vector@V?$Rect@_J@solax@@V?$allocator@V?$Rect@_J@solax@@@std@@@std@@X@v3@stlab@@V?$shared_ptr@VImage@solax@@@std@@PEAVContext@6@@Z@@?$future@V?$shared_ptr@VModelResult@inference@solax@@@std@@X@v3@stlab@@QEHAA?A_P$$QEAV3?1??compute_async@ObjectDetector@detect_object@domolite@solax@@QEAA?AV?$future@V?$vector@V?$Rect@_J@solax@@V?$allocator@V?$Rect@_J@solax@@@std@@@std@@X@56@V?$shared_ptr@VImage@solax@@@2@PEAVContext@solax@@@Z@@Z@@?$shared_base@V?$shared_ptr@VModelResult@inference@solax@@@std@@X@detail@23@QEAA?A_P$$QEAV?$future@V?$shared_ptr@VModelResult@inference@solax@@@std@@X@23@0$$QEAV1?1???$then@V<lambda_1>@?1??compute_async@ObjectDetector@detect_object@domolite@solax@@QEAA?AV?$future@V?$vector@V?$Rect@_J@solax@@V?$allocator@V?$Rect@_J@solax@@@std@@@std@@X@v3@stlab@@V?$shared_ptr@VImage@solax@@@std@@PEAVContext@6@@Z@@923@QEHAA?A_P$$QEAV1?1??compute_async@ObjectDetector@detect_object@domolite@solax@@QEAA?AV?$future@V?$vector@V?$Rect@_J@solax@@V?$allocator@V?$Rect@_J@solax@@@std@@@std@@X@23@V?$shared_ptr@VImage@solax@@@5@PEAVContext@solax@@@Z@@Z@@Z@@Z@$$A6A?AV?$vector@V?$Rect@_J@solax@@V?$allocator@V?$Rect@_J@solax@@@std@@@5@XZ@detail@v3@stlab@@
AeCompute.dll,157146096,0x95ddbf0,object|inference|model,.?AU?$shared@V<lambda_1>@?7???$package@$$A6A?AV?$future@V?$shared_ptr@VModelResult@inference@solax@@@std@@X@v3@stlab@@XZV?$function@$$A6AXV?$task_@$00X$$V@v3@stlab@@@Z@std@@V<lambda_1>@?1???$recover@V?$function@$$A6AXV?$task_@$00X$$V@v3@stlab@@@Z@std@@V<lambda_1>@?1???$then@V<lambda_1>@?1??predict_native@?$ImageModel@V?$InferenceBackedAlgorithm@VObjectDetector@detect_object@domolite@solax@@$00@inference@solax@@$0A@@inference@solax@@UEBA?AV?$future@V?$shared_ptr@VModelResult@inference@solax@@@std@@X@v3@stlab@@V?$shared_ptr@VTensor@solax@@@std@@@Z@@?$future@V?$shared_ptr@VLocalModelBase@inference@solax@@@std@@X@v3@stlab@@QEHAA?A_P$$QEAV3?1??predict_native@?$ImageModel@V?$InferenceBackedAlgorithm@VObjectDetector@detect_object@domolite@solax@@$00@inference@solax@@$0A@@inference@solax@@UEBA?AV?$future@V?$shared_ptr@VModelResult@inference@solax@@@std@@X@56@V?$shared_ptr@VTensor@solax@@@2@@Z@@Z@@?$shared_base@V?$shared_ptr@VLocalModelBase@inference@solax@@@std@@X@detail@23@QEAA?A_P$$QEAV?$future@V?$shared_ptr@VLocalModelBase@inference@solax@@@std@@X@23@V45@$$QEAV6?1???$then@V<lambda_1>@?1??predict_native@?$ImageModel@V?$InferenceBackedAlgorithm@VObjectDetector@detect_object@domolite@solax@@$00@inference@solax@@$0A@@inference@solax@@UEBA?AV?$future@V?$shared_ptr@VModelResult@inference@solax@@@std@@X@v3@stlab@@V?$shared_ptr@VTensor@solax@@@std@@@Z@@923@QEHAA?A_P$$QEAV6?1??predict_native@?$ImageModel@V?$InferenceBackedAlgorithm@VObjectDetector@detect_object@domolite@solax@@$00@inference@solax@@$0A@@inference@solax@@UEBA?AV123@V?$shared_ptr@VTensor@solax@@@5@@Z@@Z@@Z@@v3@stlab@@YA?AU?$pair@V?$packaged_task@$$V@v3@stlab@@V?$future@V?$shared_ptr@VModelResult@inference@solax@@@std@@X@23@@std@@V?$function@$$A6AXV?$task_@$00X$$V@v3@stlab@@@Z@5@$$QEAV1?1???$recover@V?$function@$$A6AXV?$task_@$00X$$V@v3@stlab@@@Z@std@@V<lambda_1>@?1???$then@V<lambda_1>@?1??predict_native@?$ImageModel@V?$InferenceBackedAlgorithm@VObjectDetector@detect_object@domolite@solax@@$00@inference@solax@@$0A@@inference@solax@@UEBA?AV?$future@V?$shared_ptr@VModelResult@inference@solax@@@std@@X@v3@stlab@@V?$shared_ptr@VTensor@solax@@@std@@@Z@@?$future@V?$shared_ptr@VLocalModelBase@inference@solax@@@std@@X@v3@stlab@@QEHAA?A_P$$QEAV3?1??predict_native@?$ImageModel@V?$InferenceBackedAlgorithm@VObjectDetector@detect_object@domolite@solax@@$00@inference@solax@@$0A@@inference@solax@@UEBA?AV?$future@V?$shared_ptr@VModelResult@inference@solax@@@std@@X@56@V?$shared_ptr@VTensor@solax@@@2@@Z@@Z@@?$shared_base@V?$shared_ptr@VLocalModelBase@inference@solax@@@std@@X@detail@23@QEAA?A_P$$QEAV?$future@V?$shared_ptr@VLocalModelBase@inference@solax@@@std@@X@23@0$$QEAV1?1???$then@V<lambda_1>@?1??predict_native@?$ImageModel@V?$InferenceBackedAlgorithm@VObjectDetector@detect_object@domolite@solax@@$00@inference@solax@@$0A@@inference@solax@@UEBA?AV?$future@V?$shared_ptr@VModelResult@inference@solax@@@std@@X@v3@stlab@@V?$shared_ptr@VTensor@solax@@@std@@@Z@@923@QEHAA?A_P$$QEAV1?1??predict_native@?$ImageModel@V?$InferenceBackedAlgorithm@VObjectDetector@detect_object@domolite@solax@@$00@inference@solax@@$0A@@inference@solax@@UEBA?AV?$future@V?$shared_ptr@VModelResult@inference@solax@@@std@@X@23@V?$shared_ptr@VTensor@solax@@@5@@Z@@Z@@Z@@Z@$$A6A?AV?$shared_ptr@VModelResult@inference@solax@@@5@XZ@detail@v3@stlab@@
AeCompute.dll,157149424,0x95de8f0,object|inference|model,.?AV?$_Ref_count_obj2@U?$when_all_shared@V<lambda_1>@?1??predict@?$ImageModel@V?$InferenceBackedAlgorithm@VObjectDetector@detect_object@domolite@solax@@$00@inference@solax@@$0A@@inference@solax@@UEBA?AV?$future@V?$shared_ptr@VModelResult@inference@solax@@@std@@X@v3@stlab@@V?$shared_ptr@VImage@solax@@@std@@PEAVContext@5@@Z@V?$tuple@V?$optional@V?$shared_ptr@VLocalModelBase@inference@solax@@@std@@@std@@V?$optional@V?$shared_ptr@VTensor@solax@@@std@@@2@@std@@@detail@v3@stlab@@@std@@
AeCompute.dll,157149936,0x95deaf0,object|inference|model,.?AU?$shared@V<lambda_1>@?7???$package@$$A6A?AV?$future@V?$shared_ptr@VModelResult@inference@solax@@@std@@X@v3@stlab@@XZUsolax_default_executor_type@scheduling@solax@@V<lambda_1>@?1???$when_all@Usolax_default_executor_type@scheduling@solax@@V<lambda_1>@?1??predict@?$ImageModel@V?$InferenceBackedAlgorithm@VObjectDetector@detect_object@domolite@solax@@$00@inference@solax@@$0A@@inference@3@UEBA?AV?$future@V?$shared_ptr@VModelResult@inference@solax@@@std@@X@v3@stlab@@V?$shared_ptr@VImage@solax@@@std@@PEAVContext@3@@Z@V?$shared_ptr@VLocalModelBase@inference@solax@@@std@@V?$shared_ptr@VTensor@solax@@@std@@@23@YA?A_PAEBU456@V7?1??predict@?$ImageModel@V?$InferenceBackedAlgorithm@VObjectDetector@detect_object@domolite@solax@@$00@inference@solax@@$0A@@inference@6@UEBA?AV123@V?$shared_ptr@VImage@solax@@@std@@PEAVContext@6@@Z@V?$future@V?$shared_ptr@VLocalModelBase@inference@solax@@@std@@X@23@V?$future@V?$shared_ptr@VTensor@solax@@@std@@X@23@@Z@@v3@stlab@@YA?AU?$pair@V?$packaged_task@$$V@v3@stlab@@V?$future@V?$shared_ptr@VModelResult@inference@solax@@@std@@X@23@@std@@Usolax_default_executor_type@scheduling@solax@@$$QEAV1?1???$when_all@Usolax_default_executor_type@scheduling@solax@@V<lambda_1>@?1??predict@?$ImageModel@V?$InferenceBackedAlgorithm@VObjectDetector@detect_object@domolite@solax@@$00@inference@solax@@$0A@@inference@3@UEBA?AV?$future@V?$shared_ptr@VModelResult@inference@solax@@@std@@X@v3@stlab@@V?$shared_ptr@VImage@solax@@@std@@PEAVContext@3@@Z@V?$shared_ptr@VLocalModelBase@inference@solax@@@std@@V?$shared_ptr@VTensor@solax@@@std@@@23@YA?A_PAEBU678@V1?1??predict@?$ImageModel@V?$InferenceBackedAlgorithm@VObjectDetector@detect_object@domolite@solax@@$00@inference@solax@@$0A@@inference@8@UEBA?AV?$future@V?$shared_ptr@VModelResult@inference@solax@@@std@@X@23@V?$shared_ptr@VImage@solax@@@5@PEAVContext@8@@Z@V?$future@V?$shared_ptr@VLocalModelBase@inference@solax@@@std@@X@23@V?$future@V?$shared_ptr@VTensor@solax@@@std@@X@23@@Z@@Z@$$A6A?AV?$shared_ptr@VModelResult@inference@solax@@@5@XZ@detail@v3@stlab@@
AeCompute.dll,157152080,0x95df350,object|inference,.?AU?$shared@V<lambda_1>@?9???$package@$$A6A?AV?$shared_ptr@VTensor@solax@@@std@@XZUsolax_default_executor_type@scheduling@solax@@V<lambda_1>@?1???$async@Usolax_default_executor_type@scheduling@solax@@V<lambda_1>@?1??preprocess_async@?$Preprocessor@Uppyoloe_config@detect_object@domolite@solax@@@inference@3@QEBA?AV?$future@V?$shared_ptr@VTensor@solax@@@std@@X@v3@stlab@@V?$shared_ptr@VImage@solax@@@std@@V?$Rect@_J@3@@Z@$$V@v3@stlab@@YA?AV?$future@V?$shared_ptr@VTensor@solax@@@std@@X@78@AEBU345@$$QEAV6?1??preprocess_async@?$Preprocessor@Uppyoloe_config@detect_object@domolite@solax@@@inference@5@QEBA?AV978@V?$shared_ptr@VImage@solax@@@2@V?$Rect@_J@5@@Z@@Z@@v3@stlab@@YA?AU?$pair@V?$packaged_task@$$V@v3@stlab@@V?$future@V?$shared_ptr@VTensor@solax@@@std@@X@23@@std@@Usolax_default_executor_type@scheduling@solax@@$$QEAV1?1???$async@Usolax_default_executor_type@scheduling@solax@@V<lambda_1>@?1??preprocess_async@?$Preprocessor@Uppyoloe_config@detect_object@domolite@solax@@@inference@3@QEBA?AV?$future@V?$shared_ptr@VTensor@solax@@@std@@X@v3@stlab@@V?$shared_ptr@VImage@solax@@@std@@V?$Rect@_J@3@@Z@$$V@23@YA?AV?$future@V?$shared_ptr@VTensor@solax@@@std@@X@23@AEBU678@$$QEAV1?1??preprocess_async@?$Preprocessor@Uppyoloe_config@detect_object@domolite@solax@@@inference@8@QEBA?AV923@V?$shared_ptr@VImage@solax@@@5@V?$Rect@_J@8@@Z@@Z@@Z@$$A6A?AV?$shared_ptr@VTensor@solax@@@5@XZ@detail@v3@stlab@@
AeCompute.dll,157153840,0x95dfa30,object|inference|model,.?AV?$_Ref_count_obj2@U?$shared@V<lambda_1>@?9???$package@$$A6A?AV?$vector@V?$Rect@_J@solax@@V?$allocator@V?$Rect@_J@solax@@@std@@@std@@XZV?$function@$$A6AXV?$task_@$00X$$V@v3@stlab@@@Z@2@V<lambda_1>@?1???$recover@V?$function@$$A6AXV?$task_@$00X$$V@v3@stlab@@@Z@std@@V<lambda_1>@?1???$then@V<lambda_1>@?1??compute_async@ObjectDetector@detect_object@domolite@solax@@QEAA?AV?$future@V?$vector@V?$Rect@_J@solax@@V?$allocator@V?$Rect@_J@solax@@@std@@@std@@X@v3@stlab@@V?$shared_ptr@VImage@solax@@@std@@PEAVContext@6@@Z@@?$future@V?$shared_ptr@VModelResult@inference@solax@@@std@@X@v3@stlab@@QEHAA?A_P$$QEAV3?1??compute_async@ObjectDetector@detect_object@domolite@solax@@QEAA?AV?$future@V?$vector@V?$Rect@_J@solax@@V?$allocator@V?$Rect@_J@solax@@@std@@@std@@X@56@V?$shared_ptr@VImage@solax@@@2@PEAVContext@solax@@@Z@@Z@@?$shared_base@V?$shared_ptr@VModelResult@inference@solax@@@std@@X@detail@v3@stlab@@QEAA?A_P$$QEAV?$future@V?$shared_ptr@VModelResult@inference@solax@@@std@@X@78@V32@$$QEAV4?1???$then@V<lambda_1>@?1??compute_async@ObjectDetector@detect_object@domolite@solax@@QEAA?AV?$future@V?$vector@V?$Rect@_J@solax@@V?$allocator@V?$Rect@_J@solax@@@std@@@std@@X@v3@stlab@@V?$shared_ptr@VImage@solax@@@std@@PEAVContext@6@@Z@@978@QEHAA?A_P$$QEAV4?1??compute_async@ObjectDetector@detect_object@domolite@solax@@QEAA?AV?$future@V?$vector@V?$Rect@_J@solax@@V?$allocator@V?$Rect@_J@solax@@@std@@@std@@X@78@V?$shared_ptr@VImage@solax@@@2@PEAVContext@solax@@@Z@@Z@@Z@@v3@stlab@@YA?AU?$pair@V?$packaged_task@$$V@v3@stlab@@V?$future@V?$vector@V?$Rect@_J@solax@@V?$allocator@V?$Rect@_J@solax@@@std@@@std@@X@23@@std@@V?$function@$$A6AXV?$task_@$00X$$V@v3@stlab@@@Z@5@$$QEAV1?1???$recover@V?$function@$$A6AXV?$task_@$00X$$V@v3@stlab@@@Z@std@@V<lambda_1>@?1???$then@V<lambda_1>@?1??compute_async@ObjectDetector@detect_object@domolite@solax@@QEAA?AV?$future@V?$vector@V?$Rect@_J@solax@@V?$allocator@V?$Rect@_J@solax@@@std@@@std@@X@v3@stlab@@V?$shared_ptr@VImage@solax@@@std@@PEAVContext@6@@Z@@?$future@V?$shared_ptr@VModelResult@inference@solax@@@std@@X@v3@stlab@@QEHAA?A_P$$QEAV3?1??compute_async@ObjectDetector@detect_object@domolite@solax@@QEAA?AV?$future@V?$vector@V?$Rect@_J@solax@@V?$allocator@V?$Rect@_J@solax@@@std@@@std@@X@56@V?$shared_ptr@VImage@solax@@@2@PEAVContext@solax@@@Z@@Z@@?$shared_base@V?$shared_ptr@VModelResult@inference@solax@@@std@@X@detail@23@QEAA?A_P$$QEAV?$future@V?$shared_ptr@VModelResult@inference@solax@@@std@@X@23@0$$QEAV1?1???$then@V<lambda_1>@?1??compute_async@ObjectDetector@detect_object@domolite@solax@@QEAA?AV?$future@V?$vector@V?$Rect@_J@solax@@V?$allocator@V?$Rect@_J@solax@@@std@@@std@@X@v3@stlab@@V?$shared_ptr@VImage@solax@@@std@@PEAVContext@6@@Z@@923@QEHAA?A_P$$QEAV1?1??compute_async@ObjectDetector@detect_object@domolite@solax@@QEAA?AV?$future@V?$vector@V?$Rect@_J@solax@@V?$allocator@V?$Rect@_J@solax@@@std@@@std@@X@23@V?$shared_ptr@VImage@solax@@@5@PEAVContext@solax@@@Z@@Z@@Z@@Z@$$A6A?AV?$vector@V?$Rect@_J@solax@@V?$allocator@V?$Rect@_J@solax@@@std@@@5@XZ@detail@v3@stlab@@@std@@
AeCompute.dll,157156880,0x95e0610,object|inference|model,.?AV?$_Ref_count_obj2@U?$shared@V<lambda_1>@?7???$package@$$A6A?AV?$future@V?$shared_ptr@VModelResult@inference@solax@@@std@@X@v3@stlab@@XZV?$function@$$A6AXV?$task_@$00X$$V@v3@stlab@@@Z@std@@V<lambda_1>@?1???$recover@V?$function@$$A6AXV?$task_@$00X$$V@v3@stlab@@@Z@std@@V<lambda_1>@?1???$then@V<lambda_1>@?1??predict_native@?$ImageModel@V?$InferenceBackedAlgorithm@VObjectDetector@detect_object@domolite@solax@@$00@inference@solax@@$0A@@inference@solax@@UEBA?AV?$future@V?$shared_ptr@VModelResult@inference@solax@@@std@@X@v3@stlab@@V?$shared_ptr@VTensor@solax@@@std@@@Z@@?$future@V?$shared_ptr@VLocalModelBase@inference@solax@@@std@@X@v3@stlab@@QEHAA?A_P$$QEAV3?1??predict_native@?$ImageModel@V?$InferenceBackedAlgorithm@VObjectDetector@detect_object@domolite@solax@@$00@inference@solax@@$0A@@inference@solax@@UEBA?AV?$future@V?$shared_ptr@VModelResult@inference@solax@@@std@@X@56@V?$shared_ptr@VTensor@solax@@@2@@Z@@Z@@?$shared_base@V?$shared_ptr@VLocalModelBase@inference@solax@@@std@@X@detail@23@QEAA?A_P$$QEAV?$future@V?$shared_ptr@VLocalModelBase@inference@solax@@@std@@X@23@V45@$$QEAV6?1???$then@V<lambda_1>@?1??predict_native@?$ImageModel@V?$InferenceBackedAlgorithm@VObjectDetector@detect_object@domolite@solax@@$00@inference@solax@@$0A@@inference@solax@@UEBA?AV?$future@V?$shared_ptr@VModelResult@inference@solax@@@std@@X@v3@stlab@@V?$shared_ptr@VTensor@solax@@@std@@@Z@@923@QEHAA?A_P$$QEAV6?1??predict_native@?$ImageModel@V?$InferenceBackedAlgorithm@VObjectDetector@detect_object@domolite@solax@@$00@inference@solax@@$0A@@inference@solax@@UEBA?AV123@V?$shared_ptr@VTensor@solax@@@5@@Z@@Z@@Z@@v3@stlab@@YA?AU?$pair@V?$packaged_task@$$V@v3@stlab@@V?$future@V?$shared_ptr@VModelResult@inference@solax@@@std@@X@23@@std@@V?$function@$$A6AXV?$task_@$00X$$V@v3@stlab@@@Z@5@$$QEAV1?1???$recover@V?$function@$$A6AXV?$task_@$00X$$V@v3@stlab@@@Z@std@@V<lambda_1>@?1???$then@V<lambda_1>@?1??predict_native@?$ImageModel@V?$InferenceBackedAlgorithm@VObjectDetector@detect_object@domolite@solax@@$00@inference@solax@@$0A@@inference@solax@@UEBA?AV?$future@V?$shared_ptr@VModelResult@inference@solax@@@std@@X@v3@stlab@@V?$shared_ptr@VTensor@solax@@@std@@@Z@@?$future@V?$shared_ptr@VLocalModelBase@inference@solax@@@std@@X@v3@stlab@@QEHAA?A_P$$QEAV3?1??predict_native@?$ImageModel@V?$InferenceBackedAlgorithm@VObjectDetector@detect_object@domolite@solax@@$00@inference@solax@@$0A@@inference@solax@@UEBA?AV?$future@V?$shared_ptr@VModelResult@inference@solax@@@std@@X@56@V?$shared_ptr@VTensor@solax@@@2@@Z@@Z@@?$shared_base@V?$shared_ptr@VLocalModelBase@inference@solax@@@std@@X@detail@23@QEAA?A_P$$QEAV?$future@V?$shared_ptr@VLocalModelBase@inference@solax@@@std@@X@23@0$$QEAV1?1???$then@V<lambda_1>@?1??predict_native@?$ImageModel@V?$InferenceBackedAlgorithm@VObjectDetector@detect_object@domolite@solax@@$00@inference@solax@@$0A@@inference@solax@@UEBA?AV?$future@V?$shared_ptr@VModelResult@inference@solax@@@std@@X@v3@stlab@@V?$shared_ptr@VTensor@solax@@@std@@@Z@@923@QEHAA?A_P$$QEAV1?1??predict_native@?$ImageModel@V?$InferenceBackedAlgorithm@VObjectDetector@detect_object@domolite@solax@@$00@inference@solax@@$0A@@inference@solax@@UEBA?AV?$future@V?$shared_ptr@VModelResult@inference@solax@@@std@@X@23@V?$shared_ptr@VTensor@solax@@@5@@Z@@Z@@Z@@Z@$$A6A?AV?$shared_ptr@VModelResult@inference@solax@@@5@XZ@detail@v3@stlab@@@std@@
AeCompute.dll,157160224,0x95e1320,object|inference|model,.?AV?$_Ref_count_obj2@U?$shared@V<lambda_1>@?7???$package@$$A6A?AV?$future@V?$shared_ptr@VModelResult@inference@solax@@@std@@X@v3@stlab@@XZUsolax_default_executor_type@scheduling@solax@@V<lambda_1>@?1???$when_all@Usolax_default_executor_type@scheduling@solax@@V<lambda_1>@?1??predict@?$ImageModel@V?$InferenceBackedAlgorithm@VObjectDetector@detect_object@domolite@solax@@$00@inference@solax@@$0A@@inference@3@UEBA?AV?$future@V?$shared_ptr@VModelResult@inference@solax@@@std@@X@v3@stlab@@V?$shared_ptr@VImage@solax@@@std@@PEAVContext@3@@Z@V?$shared_ptr@VLocalModelBase@inference@solax@@@std@@V?$shared_ptr@VTensor@solax@@@std@@@23@YA?A_PAEBU456@V7?1??predict@?$ImageModel@V?$InferenceBackedAlgorithm@VObjectDetector@detect_object@domolite@solax@@$00@inference@solax@@$0A@@inference@6@UEBA?AV123@V?$shared_ptr@VImage@solax@@@std@@PEAVContext@6@@Z@V?$future@V?$shared_ptr@VLocalModelBase@inference@solax@@@std@@X@23@V?$future@V?$shared_ptr@VTensor@solax@@@std@@X@23@@Z@@v3@stlab@@YA?AU?$pair@V?$packaged_task@$$V@v3@stlab@@V?$future@V?$shared_ptr@VModelResult@inference@solax@@@std@@X@23@@std@@Usolax_default_executor_type@scheduling@solax@@$$QEAV1?1???$when_all@Usolax_default_executor_type@scheduling@solax@@V<lambda_1>@?1??predict@?$ImageModel@V?$InferenceBackedAlgorithm@VObjectDetector@detect_object@domolite@solax@@$00@inference@solax@@$0A@@inference@3@UEBA?AV?$future@V?$shared_ptr@VModelResult@inference@solax@@@std@@X@v3@stlab@@V?$shared_ptr@VImage@solax@@@std@@PEAVContext@3@@Z@V?$shared_ptr@VLocalModelBase@inference@solax@@@std@@V?$shared_ptr@VTensor@solax@@@std@@@23@YA?A_PAEBU678@V1?1??predict@?$ImageModel@V?$InferenceBackedAlgorithm@VObjectDetector@detect_object@domolite@solax@@$00@inference@solax@@$0A@@inference@8@UEBA?AV?$future@V?$shared_ptr@VModelResult@inference@solax@@@std@@X@23@V?$shared_ptr@VImage@solax@@@5@PEAVContext@8@@Z@V?$future@V?$shared_ptr@VLocalModelBase@inference@solax@@@std@@X@23@V?$future@V?$shared_ptr@VTensor@solax@@@std@@X@23@@Z@@Z@$$A6A?AV?$shared_ptr@VModelResult@inference@solax@@@5@XZ@detail@v3@stlab@@@std@@
AeCompute.dll,157162416,0x95e1bb0,object|inference,.?AV?$_Ref_count_obj2@U?$shared@V<lambda_1>@?9???$package@$$A6A?AV?$shared_ptr@VTensor@solax@@@std@@XZUsolax_default_executor_type@scheduling@solax@@V<lambda_1>@?1???$async@Usolax_default_executor_type@scheduling@solax@@V<lambda_1>@?1??preprocess_async@?$Preprocessor@Uppyoloe_config@detect_object@domolite@solax@@@inference@3@QEBA?AV?$future@V?$shared_ptr@VTensor@solax@@@std@@X@v3@stlab@@V?$shared_ptr@VImage@solax@@@std@@V?$Rect@_J@3@@Z@$$V@v3@stlab@@YA?AV?$future@V?$shared_ptr@VTensor@solax@@@std@@X@78@AEBU345@$$QEAV6?1??preprocess_async@?$Preprocessor@Uppyoloe_config@detect_object@domolite@solax@@@inference@5@QEBA?AV978@V?$shared_ptr@VImage@solax@@@2@V?$Rect@_J@5@@Z@@Z@@v3@stlab@@YA?AU?$pair@V?$packaged_task@$$V@v3@stlab@@V?$future@V?$shared_ptr@VTensor@solax@@@std@@X@23@@std@@Usolax_default_executor_type@scheduling@solax@@$$QEAV1?1???$async@Usolax_default_executor_type@scheduling@solax@@V<lambda_1>@?1??preprocess_async@?$Preprocessor@Uppyoloe_config@detect_object@domolite@solax@@@inference@3@QEBA?AV?$future@V?$shared_ptr@VTensor@solax@@@std@@X@v3@stlab@@V?$shared_ptr@VImage@solax@@@std@@V?$Rect@_J@3@@Z@$$V@23@YA?AV?$future@V?$shared_ptr@VTensor@solax@@@std@@X@23@AEBU678@$$QEAV1?1??preprocess_async@?$Preprocessor@Uppyoloe_config@detect_object@domolite@solax@@@inference@8@QEBA?AV923@V?$shared_ptr@VImage@solax@@@5@V?$Rect@_J@8@@Z@@Z@@Z@$$A6A?AV?$shared_ptr@VTensor@solax@@@5@XZ@detail@v3@stlab@@@std@@
AeCompute.dll,157164384,0x95e2360,object|mask,.?AU?$shared_base@UInstanceMaskContext@InstanceMaskPredictor@mask_object@domolite@solax@@X@detail@v3@stlab@@
AeCompute.dll,157164512,0x95e23e0,object|mask,.?AV?$enable_shared_from_this@U?$shared_base@UInstanceMaskContext@InstanceMaskPredictor@mask_object@domolite@solax@@X@detail@v3@stlab@@@std@@
AeCompute.dll,157164672,0x95e2480,object|mask|inference|model,.?AU?$shared@V<lambda_1>@?9???$package@$$A6A?AU?$pair@V?$vector@V?$shared_ptr@V?$Image_@E@solax@@@std@@V?$allocator@V?$shared_ptr@V?$Image_@E@solax@@@std@@@2@@std@@V?$vector@V?$Rect@_J@solax@@V?$allocator@V?$Rect@_J@solax@@@std@@@2@@std@@XZUsolax_default_executor_type@scheduling@solax@@U?$context_result@V<lambda_2>@?1???R<lambda_1>@?1??compute_async@InstanceMaskPredictor@mask_object@domolite@solax@@QEAA?AV?$future@U?$pair@V?$vector@V?$shared_ptr@V?$Image_@E@solax@@@std@@V?$allocator@V?$shared_ptr@V?$Image_@E@solax@@@std@@@2@@std@@V?$vector@V?$Rect@_J@solax@@V?$allocator@V?$Rect@_J@solax@@@std@@@2@@std@@X@v3@stlab@@V?$shared_ptr@VImage@solax@@@std@@V?$vector@V?$Rect@_J@solax@@V?$allocator@V?$Rect@_J@solax@@@std@@@std@@PEAVContext@7@@Z@QEBA@AEBV?$shared_ptr@VLocalModelBase@inference@solax@@@std@@@Z@$0A@V?$vector@UInstanceMaskContext@InstanceMaskPredictor@mask_object@domolite@solax@@V?$allocator@UInstanceMaskContext@InstanceMaskPredictor@mask_object@domolite@solax@@@std@@@std@@@detail@v3@stlab@@@v3@stlab@@YA?AU?$pair@V?$packaged_task@$$V@v3@stlab@@V?$future@U?$pair@V?$vector@V?$shared_ptr@V?$Image_@E@solax@@@std@@V?$allocator@V?$shared_ptr@V?$Image_@E@solax@@@std@@@2@@std@@V?$vector@V?$Rect@_J@solax@@V?$allocator@V?$Rect@_J@solax@@@std@@@2@@std@@X@23@@std@@Usolax_default_executor_type@scheduling@solax@@$$QEAU?$context_result@V<lambda_2>@?1???R<lambda_1>@?1??compute_async@InstanceMaskPredictor@mask_object@domolite@solax@@QEAA?AV?$future@U?$pair@V?$vector@V?$shared_ptr@V?$Image_@E@solax@@@std@@V?$allocator@V?$shared_ptr@V?$Image_@E@solax@@@std@@@2@@std@@V?$vector@V?$Rect@_J@solax@@V?$allocator@V?$Rect@_J@solax@@@std@@@2@@std@@X@v3@stlab@@V?$shared_ptr@VImage@solax@@@std@@V?$vector@V?$Rect@_J@solax@@V?$allocator@V?$Rect@_J@solax@@@std@@@std@@PEAVContext@7@@Z@QEBA@AEBV?$shared_ptr@VLocalModelBase@inference@solax@@@std@@@Z@$0A@V?$vector@UInstanceMaskContext@InstanceMaskPredictor@mask_object@domolite@solax@@V?$allocator@UInstanceMaskContext@InstanceMaskPredictor@mask_object@domolite@solax@@@std@@@std@@@detail@23@@Z@$$A6A?AU?$pair@V?$vector@V?$shared_ptr@V?$Image_@E@solax@@@std@@V?$allocator@V?$shared_ptr@V?$Image_@E@solax@@@std@@@2@@std@@V?$vector@V?$Rect@_J@solax@@V?$allocator@V?$Rect@_J@solax@@@std@@@2@@5@XZ@detail@v3@stlab@@
AeCompute.dll,157166960,0x95e2d70,object|mask|inference|model,.?AV?$_Ref_count_obj2@U?$common_context@U?$context_result@V<lambda_2>@?1???R<lambda_1>@?1??compute_async@InstanceMaskPredictor@mask_object@domolite@solax@@QEAA?AV?$future@U?$pair@V?$vector@V?$shared_ptr@V?$Image_@E@solax@@@std@@V?$allocator@V?$shared_ptr@V?$Image_@E@solax@@@std@@@2@@std@@V?$vector@V?$Rect@_J@solax@@V?$allocator@V?$Rect@_J@solax@@@std@@@2@@std@@X@v3@stlab@@V?$shared_ptr@VImage@solax@@@std@@V?$vector@V?$Rect@_J@solax@@V?$allocator@V?$Rect@_J@solax@@@std@@@std@@PEAVContext@7@@Z@QEBA@AEBV?$shared_ptr@VLocalModelBase@inference@solax@@@std@@@Z@$0A@V?$vector@UInstanceMaskContext@InstanceMaskPredictor@mask_object@domolite@solax@@V?$allocator@UInstanceMaskContext@InstanceMaskPredictor@mask_object@domolite@solax@@@std@@@std@@@detail@v3@stlab@@V<lambda_2>@?1???R<lambda_1>@?1??compute_async@InstanceMaskPredictor@mask_object@domolite@solax@@QEAA?AV?$future@U?$pair@V?$vector@V?$shared_ptr@V?$Image_@E@solax@@@std@@V?$allocator@V?$shared_ptr@V?$Image_@E@solax@@@std@@@2@@std@@V?$vector@V?$Rect@_J@solax@@V?$allocator@V?$Rect@_J@solax@@@std@@@2@@std@@X@34@V?$shared_ptr@VImage@solax@@@std@@V?$vector@V?$Rect@_J@solax@@V?$allocator@V?$Rect@_J@solax@@@std@@@std@@PEAVContext@solax@@@Z@QEBA@AEBV?$shared_ptr@VLocalModelBase@inference@solax@@@std@@@Z@Uall_trigger@234@Usingle_trigger@234@@detail@v3@stlab@@@std@@
AeCompute.dll,157171008,0x95e3d40,object|mask|inference|model,.?AV?$_Ref_count_obj2@U?$shared@V<lambda_1>@?9???$package@$$A6A?AU?$pair@V?$vector@V?$shared_ptr@V?$Image_@E@solax@@@std@@V?$allocator@V?$shared_ptr@V?$Image_@E@solax@@@std@@@2@@std@@V?$vector@V?$Rect@_J@solax@@V?$allocator@V?$Rect@_J@solax@@@std@@@2@@std@@XZUsolax_default_executor_type@scheduling@solax@@U?$context_result@V<lambda_2>@?1???R<lambda_1>@?1??compute_async@InstanceMaskPredictor@mask_object@domolite@solax@@QEAA?AV?$future@U?$pair@V?$vector@V?$shared_ptr@V?$Image_@E@solax@@@std@@V?$allocator@V?$shared_ptr@V?$Image_@E@solax@@@std@@@2@@std@@V?$vector@V?$Rect@_J@solax@@V?$allocator@V?$Rect@_J@solax@@@std@@@2@@std@@X@v3@stlab@@V?$shared_ptr@VImage@solax@@@std@@V?$vector@V?$Rect@_J@solax@@V?$allocator@V?$Rect@_J@solax@@@std@@@std@@PEAVContext@7@@Z@QEBA@AEBV?$shared_ptr@VLocalModelBase@inference@solax@@@std@@@Z@$0A@V?$vector@UInstanceMaskContext@InstanceMaskPredictor@mask_object@domolite@solax@@V?$allocator@UInstanceMaskContext@InstanceMaskPredictor@mask_object@domolite@solax@@@std@@@std@@@detail@v3@stlab@@@v3@stlab@@YA?AU?$pair@V?$packaged_task@$$V@v3@stlab@@V?$future@U?$pair@V?$vector@V?$shared_ptr@V?$Image_@E@solax@@@std@@V?$allocator@V?$shared_ptr@V?$Image_@E@solax@@@std@@@2@@std@@V?$vector@V?$Rect@_J@solax@@V?$allocator@V?$Rect@_J@solax@@@std@@@2@@std@@X@23@@std@@Usolax_default_executor_type@scheduling@solax@@$$QEAU?$context_result@V<lambda_2>@?1???R<lambda_1>@?1??compute_async@InstanceMaskPredictor@mask_object@domolite@solax@@QEAA?AV?$future@U?$pair@V?$vector@V?$shared_ptr@V?$Image_@E@solax@@@std@@V?$allocator@V?$shared_ptr@V?$Image_@E@solax@@@std@@@2@@std@@V?$vector@V?$Rect@_J@solax@@V?$allocator@V?$Rect@_J@solax@@@std@@@2@@std@@X@v3@stlab@@V?$shared_ptr@VImage@solax@@@std@@V?$vector@V?$Rect@_J@solax@@V?$allocator@V?$Rect@_J@solax@@@std@@@std@@PEAVContext@7@@Z@QEBA@AEBV?$shared_ptr@VLocalModelBase@inference@solax@@@std@@@Z@$0A@V?$vector@UInstanceMaskContext@InstanceMaskPredictor@mask_object@domolite@solax@@V?$allocator@UInstanceMaskContext@InstanceMaskPredictor@mask_object@domolite@solax@@@std@@@std@@@detail@23@@Z@$$A6A?AU?$pair@V?$vector@V?$shared_ptr@V?$Image_@E@solax@@@std@@V?$allocator@V?$shared_ptr@V?$Image_@E@solax@@@std@@@2@@std@@V?$vector@V?$Rect@_J@solax@@V?$allocator@V?$Rect@_J@solax@@@std@@@2@@5@XZ@detail@v3@stlab@@@std@@
AeCompute.dll,157176336,0x95e5210,flow,.?AV?$_Func_base@XAEAVArray@flow@@_N@std@@
AeCompute.dll,157176400,0x95e5250,flow,.?AV?$_Ref_count_obj2@VTypeRegistry@flow@@@std@@
AeCompute.dll,157176480,0x95e52a0,flow,.?AV?$_Func_impl_no_alloc@V<lambda_1>@?1??register_type@TypeRegistry@flow@@AEAAAEAVDataTypeDefinition@4@_KV?$basic_string@DU?$char_traits@D@std@@V?$allocator@D@2@@std@@@Z@XAEAVArray@4@_N@std@@
AeCompute.dll,157176704,0x95e5380,flow,.?AU?$Storage@V?$function@$$A6AXAEAVArray@flow@@_N@Z@std@@@Value@flow@@
AeCompute.dll,157176792,0x95e53d8,flow,.?AVProperties@flow@@
AeCompute.dll,157176832,0x95e5400,flow,.?AU?$Storage@VArray@flow@@@Value@flow@@
AeCompute.dll,157176896,0x95e5440,flow,.?AU?$Storage@V?$unordered_map@V?$basic_string@DU?$char_traits@D@std@@V?$allocator@D@2@@std@@VValue@flow@@U?$hash@V?$basic_string@DU?$char_traits@D@std@@V?$allocator@D@2@@std@@@2@U?$equal_to@V?$basic_string@DU?$char_traits@D@std@@V?$allocator@D@2@@std@@@2@V?$allocator@U?$pair@$$CBV?$basic_string@DU?$char_traits@D@std@@V?$allocator@D@2@@std@@VValue@flow@@@std@@@2@@std@@@Value@flow@@
AeCompute.dll,157177312,0x95e55e0,flow,.?AV?$_Func_base@XVNode@flow@@VSocket@2@V12@V32@@std@@
AeCompute.dll,157177384,0x95e5628,flow,.?AV?$_Func_base@XVNode@flow@@I@std@@
AeCompute.dll,157177440,0x95e5660,flow,.?AV?$_Func_impl_no_alloc@V<lambda_1>@?3??get_dependency_evaluation_order@flow@@YA?AV?$vector@VNode@flow@@V?$allocator@VNode@flow@@@std@@@std@@AEBVNode@3@PEBV?$unordered_map@VSocket@flow@@VValue@2@U?$hash@VSocket@flow@@@std@@U?$equal_to@VSocket@flow@@@5@V?$allocator@U?$pair@$$CBVSocket@flow@@VValue@2@@std@@@5@@5@@Z@XV63@VSocket@3@V63@V83@@std@@
AeCompute.dll,157177808,0x95e57d0,flow,.?AV?$_Func_impl_no_alloc@V<lambda_1>@?5??get_topologically_sorted_nodes@flow@@YA?AV?$vector@VNode@flow@@V?$allocator@VNode@flow@@@std@@@std@@AEBV?$unordered_set@VNode@flow@@U?$hash@VNode@flow@@@std@@U?$equal_to@VNode@flow@@@4@V?$allocator@VNode@flow@@@4@@5@@Z@XVNode@3@VSocket@3@V73@V83@@std@@
AeCompute.dll,157178128,0x95e5910,flow,.?AV?$_Func_impl_no_alloc@V<lambda_2>@?L@??get_topologically_sorted_nodes@flow@@YA?AV?$vector@VNode@flow@@V?$allocator@VNode@flow@@@std@@@std@@AEBV?$unordered_set@VNode@flow@@U?$hash@VNode@flow@@@std@@U?$equal_to@VNode@flow@@@4@V?$allocator@VNode@flow@@@4@@5@@Z@XVNode@3@VSocket@3@V73@V83@@std@@
AeCompute.dll,157178448,0x95e5a50,flow,.?AV?$_Func_impl_no_alloc@V<lambda_1>@?3??update_coverage@flow@@YAXAEBVNode@3@AEAV?$unordered_set@VNode@flow@@U?$hash@VNode@flow@@@std@@U?$equal_to@VNode@flow@@@4@V?$allocator@VNode@flow@@@4@@std@@PEBV?$unordered_map@VSocket@flow@@VValue@2@U?$hash@VSocket@flow@@@std@@U?$equal_to@VSocket@flow@@@5@V?$allocator@U?$pair@$$CBVSocket@flow@@VValue@2@@std@@@5@@6@@Z@XV43@VSocket@3@V43@V83@@std@@
AeCompute.dll,157178864,0x95e5bf0,flow,.?AV?$_Func_impl_no_alloc@V<lambda_2>@?8??update_coverage@flow@@YAXAEBVNode@3@AEAV?$unordered_set@VNode@flow@@U?$hash@VNode@flow@@@std@@U?$equal_to@VNode@flow@@@4@V?$allocator@VNode@flow@@@4@@std@@PEBV?$unordered_map@VSocket@flow@@VValue@2@U?$hash@VSocket@flow@@@std@@U?$equal_to@VSocket@flow@@@5@V?$allocator@U?$pair@$$CBVSocket@flow@@VValue@2@@std@@@5@@6@@Z@XV43@VSocket@3@V43@V83@@std@@
AeCompute.dll,157179280,0x95e5d90,flow,.?AV?$_Func_impl_no_alloc@V<lambda_3>@?L@??update_coverage@flow@@YAXAEBVNode@3@AEAV?$unordered_set@VNode@flow@@U?$hash@VNode@flow@@@std@@U?$equal_to@VNode@flow@@@4@V?$allocator@VNode@flow@@@4@@std@@PEBV?$unordered_map@VSocket@flow@@VValue@2@U?$hash@VSocket@flow@@@std@@U?$equal_to@VSocket@flow@@@5@V?$allocator@U?$pair@$$CBVSocket@flow@@VValue@2@@std@@@5@@6@@Z@XV43@VSocket@3@V43@V83@@std@@
AeCompute.dll,157179696,0x95e5f30,flow,.?AV?$_Func_impl_no_alloc@V<lambda_1>@?1???R1?1??get_nodes_distance_from_source@flow@@YA?AV?$unordered_map@VNode@flow@@IU?$hash@VNode@flow@@@std@@U?$equal_to@VNode@flow@@@4@V?$allocator@U?$pair@$$CBVNode@flow@@I@std@@@4@@std@@AEBVGraph@3@_N@Z@QEBA@VNode@3@I@Z@XV73@VSocket@3@V73@V83@@std@@
AeCompute.dll,157180016,0x95e6070,flow,.?AV?$_Func_impl_no_alloc@V<lambda_1>@?1??get_nodes_distance_from_source@flow@@YA?AV?$unordered_map@VNode@flow@@IU?$hash@VNode@flow@@@std@@U?$equal_to@VNode@flow@@@4@V?$allocator@U?$pair@$$CBVNode@flow@@I@std@@@4@@std@@AEBVGraph@3@_N@Z@XVNode@3@I@std@@
AeCompute.dll,157180288,0x95e6180,flow|cache,.?AU?$Storage@UNodeCachePolicy@flow@@@Value@flow@@
AeCompute.dll,157180888,0x95e63d8,flow,.?AU?$Storage@VOffset@flow@@@Value@flow@@
AeCompute.dll,157180992,0x95e6440,flow,.?AU?$Storage@W4NodeFlag@flow@@@Value@flow@@
AeCompute.dll,157181056,0x95e6480,flow,.?AU?$Storage@V?$basic_string_view@DU?$char_traits@D@std@@@std@@@Value@flow@@
AeCompute.dll,157181152,0x95e64e0,flow,.?AVContext@flow@@
AeCompute.dll,157181192,0x95e6508,flow,.?AVCommentHandle@flow@@
AeCompute.dll,157181240,0x95e6538,flow,.?AVVariable@flow@@
AeCompute.dll,157181280,0x95e6560,flow,.?AV?$_Func_base@XVSocket@flow@@@std@@
AeCompute.dll,157181344,0x95e65a0,flow,.?AV?$_Func_base@XVGraphHandle@flow@@AEAV?$unordered_map@VGraphHandle@flow@@V?$vector@VGraphHandle@flow@@V?$allocator@VGraphHandle@flow@@@std@@@std@@U?$hash@VGraphHandle@flow@@@4@U?$equal_to@VGraphHandle@flow@@@4@V?$allocator@U?$pair@$$CBVGraphHandle@flow@@V?$vector@VGraphHandle@flow@@V?$allocator@VGraphHandle@flow@@@std@@@std@@@std@@@4@@std@@AEAV?$unordered_map@VGraphHandle@flow@@_NU?$hash@VGraphHandle@flow@@@std@@U?$equal_to@VGraphHandle@flow@@@4@V?$allocator@U?$pair@$$CBVGraphHandle@flow@@_N@std@@@4@@4@AEAV?$stack@VGraphHandle@flow@@V?$deque@VGraphHandle@flow@@V?$allocator@VGraphHandle@flow@@@std@@@std@@@4@@std@@
AeCompute.dll,157181984,0x95e6820,flow,.?AV?$_Func_base@V?$vector@VGraphHandle@flow@@V?$allocator@VGraphHandle@flow@@@std@@@std@@AEAV?$unordered_map@VGraphHandle@flow@@V?$vector@VGraphHandle@flow@@V?$allocator@VGraphHandle@flow@@@std@@@std@@U?$hash@VGraphHandle@flow@@@4@U?$equal_to@VGraphHandle@flow@@@4@V?$allocator@U?$pair@$$CBVGraphHandle@flow@@V?$vector@VGraphHandle@flow@@V?$allocator@VGraphHandle@flow@@@std@@@std@@@std@@@4@@2@@std@@
AeCompute.dll,157182416,0x95e69d0,flow,.?AV?$_Func_impl_no_alloc@V<lambda_1>@?BB@??create_subgraph@Document@flow@@QEAA?AU?$pair@VGraphHandle@flow@@VNode@2@@std@@VGraphHandle@4@AEBV?$basic_string@DU?$char_traits@D@std@@V?$allocator@D@2@@6@AEBV?$vector@VNode@flow@@V?$allocator@VNode@flow@@@std@@@6@_N@Z@XVSocket@4@@std@@
AeCompute.dll,157182720,0x95e6b00,flow,.?AV?$_Func_impl_no_alloc@V<lambda_2>@?BI@??create_subgraph@Document@flow@@QEAA?AU?$pair@VGraphHandle@flow@@VNode@2@@std@@VGraphHandle@4@AEBV?$basic_string@DU?$char_traits@D@std@@V?$allocator@D@2@@6@AEBV?$vector@VNode@flow@@V?$allocator@VNode@flow@@@std@@@6@_N@Z@XVNode@4@VSocket@4@VNode@4@VSocket@4@@std@@
AeCompute.dll,157183056,0x95e6c50,flow,.?AV?$_Func_impl_no_alloc@V<lambda_3>@?BM@??create_subgraph@Document@flow@@QEAA?AU?$pair@VGraphHandle@flow@@VNode@2@@std@@VGraphHandle@4@AEBV?$basic_string@DU?$char_traits@D@std@@V?$allocator@D@2@@6@AEBV?$vector@VNode@flow@@V?$allocator@VNode@flow@@@std@@@6@_N@Z@XVNode@4@VSocket@4@VNode@4@VSocket@4@@std@@
AeCompute.dll,157183392,0x95e6da0,flow,.?AV?$_Func_impl_no_alloc@V<lambda_4>@?CN@??create_subgraph@Document@flow@@QEAA?AU?$pair@VGraphHandle@flow@@VNode@2@@std@@VGraphHandle@4@AEBV?$basic_string@DU?$char_traits@D@std@@V?$allocator@D@2@@6@AEBV?$vector@VNode@flow@@V?$allocator@VNode@flow@@@std@@@6@_N@Z@XVSocket@4@@std@@
AeCompute.dll,157183696,0x95e6ed0,flow,.?AV?$_Func_impl_no_alloc@V<lambda_1>@?1??copy_from@Document@flow@@QEAAXAEBV34@W4LoadPolicy@34@@Z@XVGraphHandle@4@AEAV?$unordered_map@VGraphHandle@flow@@V?$vector@VGraphHandle@flow@@V?$allocator@VGraphHandle@flow@@@std@@@std@@U?$hash@VGraphHandle@flow@@@4@U?$equal_to@VGraphHandle@flow@@@4@V?$allocator@U?$pair@$$CBVGraphHandle@flow@@V?$vector@VGraphHandle@flow@@V?$allocator@VGraphHandle@flow@@@std@@@std@@@std@@@4@@std@@AEAV?$unordered_map@VGraphHandle@flow@@_NU?$hash@VGraphHandle@flow@@@std@@U?$equal_to@VGraphHandle@flow@@@4@V?$allocator@U?$pair@$$CBVGraphHandle@flow@@_N@std@@@4@@8@AEAV?$stack@VGraphHandle@flow@@V?$deque@VGraphHandle@flow@@V?$allocator@VGraphHandle@flow@@@std@@@std@@@8@@std@@
AeCompute.dll,157184416,0x95e71a0,flow,.?AV?$_Func_impl_no_alloc@V<lambda_2>@?1??copy_from@Document@flow@@QEAAXAEBV34@W4LoadPolicy@34@@Z@V?$vector@VGraphHandle@flow@@V?$allocator@VGraphHandle@flow@@@std@@@std@@AEAV?$unordered_map@VGraphHandle@flow@@V?$vector@VGraphHandle@flow@@V?$allocator@VGraphHandle@flow@@@std@@@std@@U?$hash@VGraphHandle@flow@@@4@U?$equal_to@VGraphHandle@flow@@@4@V?$allocator@U?$pair@$$CBVGraphHandle@flow@@V?$vector@VGraphHandle@flow@@V?$allocator@VGraphHandle@flow@@@std@@@std@@@std@@@4@@7@@std@@
AeCompute.dll,157185504,0x95e75e0,flow,.?AV?$_Ref_count_obj2@VDocumentManager@flow@@@std@@
AeCompute.dll,157185872,0x95e7750,flow,.?AV?$_Func_base@_NV?$shared_ptr@VExecutorCycleDetector@flow@@@std@@@std@@
AeCompute.dll,157185968,0x95e77b0,flow,.?AV?$_Func_base@XAEBVNodeTaskKey@flow@@AEB_K@std@@
AeCompute.dll,157186048,0x95e7800,flow,.?AV?$_Func_base@VTaskData@flow@@V12@V?$function@$$A6A_NXZ@std@@@std@@
AeCompute.dll,157186136,0x95e7858,flow,.?AV?$_Ref_count@VTaskRewriter@flow@@@std@@
AeCompute.dll,157186208,0x95e78a0,flow,.?AV?$_Ref_count_obj2@VExecutorCycleDetector@flow@@@std@@
AeCompute.dll,157186288,0x95e78f0,flow,.?AV?$_Func_impl_no_alloc@V<lambda_1>@?BH@??evaluate_single_node@flow@@YA?AV?$unordered_map@V?$basic_string@DU?$char_traits@D@std@@V?$allocator@D@2@@std@@VValue@flow@@U?$hash@V?$basic_string@DU?$char_traits@D@std@@V?$allocator@D@2@@std@@@2@U?$equal_to@V?$basic_string@DU?$char_traits@D@std@@V?$allocator@D@2@@std@@@2@V?$allocator@U?$pair@$$CBV?$basic_string@DU?$char_traits@D@std@@V?$allocator@D@2@@std@@VValue@flow@@@std@@@2@@std@@AEAVContext@3@AEAVDocumentManager@3@Vstring_id@8foonathan@@AEBV45@@Z@_NV?$shared_ptr@VExecutorCycleDetector@flow@@@5@@std@@
AeCompute.dll,157186864,0x95e7b30,flow,.?AV?$_Func_impl_no_alloc@V<lambda_1>@?BI@???R<lambda_2>@?DN@??evaluate@flow@@YA?AUEvaluationResult@4@AEAVTaskExecutor@4@AEBV?$unordered_set@VSocket@flow@@U?$hash@VSocket@flow@@@std@@U?$equal_to@VSocket@flow@@@4@V?$allocator@VSocket@flow@@@4@@std@@AEBVTaskSelector@4@AEBUEvaluationOptions@4@@Z@QEBA@AEBVNodeTaskKey@4@AEB_K@Z@VTaskData@4@VTaskData@4@V?$function@$$A6A_NXZ@8@@std@@
AeCompute.dll,157187264,0x95e7cc0,flow,.?AV?$_Func_impl_no_alloc@V<lambda_2>@?BL@???R1?DN@??evaluate@flow@@YA?AUEvaluationResult@3@AEAVTaskExecutor@3@AEBV?$unordered_set@VSocket@flow@@U?$hash@VSocket@flow@@@std@@U?$equal_to@VSocket@flow@@@4@V?$allocator@VSocket@flow@@@4@@std@@AEBVTaskSelector@3@AEBUEvaluationOptions@3@@Z@QEBA@AEBVNodeTaskKey@3@AEB_K@Z@VTaskData@3@VTaskData@3@V?$function@$$A6A_NXZ@7@@std@@
AeCompute.dll,157187664,0x95e7e50,flow,.?AV?$_Func_impl_no_alloc@V<lambda_2>@?DN@??evaluate@flow@@YA?AUEvaluationResult@3@AEAVTaskExecutor@3@AEBV?$unordered_set@VSocket@flow@@U?$hash@VSocket@flow@@@std@@U?$equal_to@VSocket@flow@@@4@V?$allocator@VSocket@flow@@@4@@std@@AEBVTaskSelector@3@AEBUEvaluationOptions@3@@Z@XAEBVNodeTaskKey@3@AEB_K@std@@
AeCompute.dll,157188000,0x95e7fa0,flow,.?AV?$_Func_impl_no_alloc@V<lambda_3>@?EO@??evaluate@flow@@YA?AUEvaluationResult@3@AEAVTaskExecutor@3@AEBV?$unordered_set@VSocket@flow@@U?$hash@VSocket@flow@@@std@@U?$equal_to@VSocket@flow@@@4@V?$allocator@VSocket@flow@@@4@@std@@AEBVTaskSelector@3@AEBUEvaluationOptions@3@@Z@X$$V@std@@
AeCompute.dll,157188304,0x95e80d0,flow,.?AV?$_Func_impl_no_alloc@V<lambda_4>@?EL@??evaluate@flow@@YA?AUEvaluationResult@3@AEAVTaskExecutor@3@AEBV?$unordered_set@VSocket@flow@@U?$hash@VSocket@flow@@@std@@U?$equal_to@VSocket@flow@@@4@V?$allocator@VSocket@flow@@@4@@std@@AEBVTaskSelector@3@AEBUEvaluationOptions@3@@Z@XAEAVTaskGraph@3@_KAEBVTaskData@3@@std@@
AeCompute.dll,157188640,0x95e8220,flow,.?AV?$_Func_impl_no_alloc@V<lambda_5>@?EL@??evaluate@flow@@YA?AUEvaluationResult@3@AEAVTaskExecutor@3@AEBV?$unordered_set@VSocket@flow@@U?$hash@VSocket@flow@@@std@@U?$equal_to@VSocket@flow@@@4@V?$allocator@VSocket@flow@@@4@@std@@AEBVTaskSelector@3@AEBUEvaluationOptions@3@@Z@XAEAVTaskGraph@3@_KAEBVTaskData@3@@std@@
AeCompute.dll,157188976,0x95e8370,flow,.?AV?$_Func_impl_no_alloc@V<lambda_6>@?EL@??evaluate@flow@@YA?AUEvaluationResult@3@AEAVTaskExecutor@3@AEBV?$unordered_set@VSocket@flow@@U?$hash@VSocket@flow@@@std@@U?$equal_to@VSocket@flow@@@4@V?$allocator@VSocket@flow@@@4@@std@@AEBVTaskSelector@3@AEBUEvaluationOptions@3@@Z@XAEAVTaskGraph@3@_KAEBVTaskData@3@@std@@
AeCompute.dll,157189312,0x95e84c0,flow,.?AV?$_Func_impl_no_alloc@V<lambda_7>@?FF@??evaluate@flow@@YA?AUEvaluationResult@3@AEAVTaskExecutor@3@AEBV?$unordered_set@VSocket@flow@@U?$hash@VSocket@flow@@@std@@U?$equal_to@VSocket@flow@@@4@V?$allocator@VSocket@flow@@@4@@std@@AEBVTaskSelector@3@AEBUEvaluationOptions@3@@Z@X$$V@std@@
AeCompute.dll,157189616,0x95e85f0,flow,.?AVNodeContext@flow@@
AeCompute.dll,157189656,0x95e8618,flow,.?AU?$Storage@$$T@Value@flow@@
AeCompute.dll,157189704,0x95e8648,flow,.?AU?$Storage@UFlow@flow@@@Value@flow@@
AeCompute.dll,157189760,0x95e8680,flow,.?AVTaskRecorder@flow@@
AeCompute.dll,157189800,0x95e86a8,flow,.?AVAutoDumpTaskRecorder@flow@@
AeCompute.dll,157189848,0x95e86d8,flow,.?AVTaskGraph@flow@@
AeCompute.dll,157189888,0x95e8700,flow,.?AVTaskGraphInterface@flow@@
AeCompute.dll,157189936,0x95e8730,flow,.?AVArrayStorage@flow@@
AeCompute.dll,157189976,0x95e8758,flow,.?AVDenseArrayStorage@flow@@
AeCompute.dll,157190024,0x95e8788,flow,.?AVSparseArrayStorage@flow@@
AeCompute.dll,157190080,0x95e87c0,flow,.?AV?$_Ref_count_obj2@VSparseArrayStorage@flow@@@std@@
AeCompute.dll,157190160,0x95e8810,flow,.?AV?$_Ref_count_obj2@VDenseArrayStorage@flow@@@std@@
AeCompute.dll,157190240,0x95e8860,flow,.?AV?$_Ref_count_resource@PEAVArrayStorage@flow@@U?$default_delete@VArrayStorage@flow@@@std@@@std@@
AeCompute.dll,157190360,0x95e88d8,flow,.?AVDataTypeDefinition@flow@@
AeCompute.dll,157190512,0x95e8970,flow,.?AVInterface@ContainerInterface@flow@@
AeCompute.dll,157190568,0x95e89a8,flow,.?AVEvent@flow@@
AeCompute.dll,157190608,0x95e89d0,flow,.?AV?$_Func_base@MAEBVValue@flow@@@std@@
AeCompute.dll,157190672,0x95e8a10,flow,.?AV?$_Func_base@HAEBVValue@flow@@@std@@
AeCompute.dll,157190736,0x95e8a50,flow,.?AV?$_Func_base@XAEAVValue@flow@@@std@@
AeCompute.dll,157190800,0x95e8a90,flow,.?AV?$_Func_base@V?$basic_json@Vmap@std@@Vvector@2@V?$basic_string@DU?$char_traits@D@std@@V?$allocator@D@2@@2@_N_J_KNVallocator@2@Uadl_serializer@json_abi_v3_11_3@nlohmann@@V?$vector@EV?$allocator@E@std@@@2@X@json_abi_v3_11_3@nlohmann@@AEBUFlow@flow@@@std@@
AeCompute.dll,157191088,0x95e8bb0,flow,.?AV?$_Func_base@XAEAUFlow@flow@@AEBV?$basic_json@Vmap@std@@Vvector@2@V?$basic_string@DU?$char_traits@D@std@@V?$allocator@D@2@@2@_N_J_KNVallocator@2@Uadl_serializer@json_abi_v3_11_3@nlohmann@@V?$vector@EV?$allocator@E@std@@@2@X@json_abi_v3_11_3@nlohmann@@@std@@
AeCompute.dll,157191368,0x95e8cc8,flow,.?AV?$_Func_base@_KAEBUFlow@flow@@@std@@
AeCompute.dll,157193392,0x95e94b0,flow,.?AV?$_Func_base@_KAEBVValue@flow@@@std@@
AeCompute.dll,157193456,0x95e94f0,flow,.?AV?$_Func_base@_KAEBV?$unordered_map@V?$basic_string@DU?$char_traits@D@std@@V?$allocator@D@2@@std@@VValue@flow@@U?$hash@V?$basic_string@DU?$char_traits@D@std@@V?$allocator@D@2@@std@@@2@U?$equal_to@V?$basic_string@DU?$char_traits@D@std@@V?$allocator@D@2@@std@@@2@V?$allocator@U?$pair@$$CBV?$basic_string@DU?$char_traits@D@std@@V?$allocator@D@2@@std@@VValue@flow@@@std@@@2@@std@@@std@@
AeCompute.dll,157193872,0x95e9690,flow,.?AV?$_Func_base@V?$basic_json@Vmap@std@@Vvector@2@V?$basic_string@DU?$char_traits@D@std@@V?$allocator@D@2@@2@_N_J_KNVallocator@2@Uadl_serializer@json_abi_v3_11_3@nlohmann@@V?$vector@EV?$allocator@E@std@@@2@X@json_abi_v3_11_3@nlohmann@@AEBV?$unordered_map@V?$basic_string@DU?$char_traits@D@std@@V?$allocator@D@2@@std@@VValue@flow@@U?$hash@V?$basic_string@DU?$char_traits@D@std@@V?$allocator@D@2@@std@@@2@U?$equal_to@V?$basic_string@DU?$char_traits@D@std@@V?$allocator@D@2@@std@@@2@V?$allocator@U?$pair@$$CBV?$basic_string@DU?$char_traits@D@std@@V?$allocator@D@2@@std@@VValue@flow@@@std@@@2@@std@@@std@@
AeCompute.dll,157194496,0x95e9900,flow,.?AV?$_Func_base@XAEAV?$unordered_map@V?$basic_string@DU?$char_traits@D@std@@V?$allocator@D@2@@std@@VValue@flow@@U?$hash@V?$basic_string@DU?$char_traits@D@std@@V?$allocator@D@2@@std@@@2@U?$equal_to@V?$basic_string@DU?$char_traits@D@std@@V?$allocator@D@2@@std@@@2@V?$allocator@U?$pair@$$CBV?$basic_string@DU?$char_traits@D@std@@V?$allocator@D@2@@std@@VValue@flow@@@std@@@2@@std@@AEBV?$basic_json@Vmap@std@@Vvector@2@V?$basic_string@DU?$char_traits@D@std@@V?$allocator@D@2@@2@_N_J_KNVallocator@2@Uadl_serializer@json_abi_v3_11_3@nlohmann@@V?$vector@EV?$allocator@E@std@@@2@X@json_abi_v3_11_3@nlohmann@@@std@@
AeCompute.dll,157195120,0x95e9b70,flow,.?AV?$_Func_base@_KAEBVArray@flow@@@std@@
AeCompute.dll,157195184,0x95e9bb0,flow,.?AV?$_Func_base@V?$basic_json@Vmap@std@@Vvector@2@V?$basic_string@DU?$char_traits@D@std@@V?$allocator@D@2@@2@_N_J_KNVallocator@2@Uadl_serializer@json_abi_v3_11_3@nlohmann@@V?$vector@EV?$allocator@E@std@@@2@X@json_abi_v3_11_3@nlohmann@@AEBVArray@flow@@@std@@
AeCompute.dll,157195472,0x95e9cd0,flow,.?AV?$_Func_base@XAEAVArray@flow@@AEBV?$basic_json@Vmap@std@@Vvector@2@V?$basic_string@DU?$char_traits@D@std@@V?$allocator@D@2@@2@_N_J_KNVallocator@2@Uadl_serializer@json_abi_v3_11_3@nlohmann@@V?$vector@EV?$allocator@E@std@@@2@X@json_abi_v3_11_3@nlohmann@@@std@@
AeCompute.dll,157198320,0x95ea7f0,flow,.?AV?$_Func_base@V?$basic_json@Vmap@std@@Vvector@2@V?$basic_string@DU?$char_traits@D@std@@V?$allocator@D@2@@2@_N_J_KNVallocator@2@Uadl_serializer@json_abi_v3_11_3@nlohmann@@V?$vector@EV?$allocator@E@std@@@2@X@json_abi_v3_11_3@nlohmann@@AEBVBlob@flow@@@std@@
AeCompute.dll,157198608,0x95ea910,flow,.?AV?$_Func_base@XAEAVBlob@flow@@AEBV?$basic_json@Vmap@std@@Vvector@2@V?$basic_string@DU?$char_traits@D@std@@V?$allocator@D@2@@2@_N_J_KNVallocator@2@Uadl_serializer@json_abi_v3_11_3@nlohmann@@V?$vector@EV?$allocator@E@std@@@2@X@json_abi_v3_11_3@nlohmann@@@std@@
AeCompute.dll,157198888,0x95eaa28,flow,.?AV?$_Func_base@_KAEBVBlob@flow@@@std@@
AeCompute.dll,157199064,0x95eaad8,flow,.?AV?$_Func_base@_NAEBVValue@flow@@@std@@
AeCompute.dll,157199136,0x95eab20,flow,.?AV?$_Func_base@V?$basic_json@Vmap@std@@Vvector@2@V?$basic_string@DU?$char_traits@D@std@@V?$allocator@D@2@@2@_N_J_KNVallocator@2@Uadl_serializer@json_abi_v3_11_3@nlohmann@@V?$vector@EV?$allocator@E@std@@@2@X@json_abi_v3_11_3@nlohmann@@AEBVValue@flow@@AEBV?$tuple@$$V@std@@@std@@
AeCompute.dll,157199440,0x95eac50,flow,.?AV?$_Func_base@XAEAVValue@flow@@AEBV?$tuple@AEBV?$basic_json@Vmap@std@@Vvector@2@V?$basic_string@DU?$char_traits@D@std@@V?$allocator@D@2@@2@_N_J_KNVallocator@2@Uadl_serializer@json_abi_v3_11_3@nlohmann@@V?$vector@EV?$allocator@E@std@@@2@X@json_abi_v3_11_3@nlohmann@@@std@@@std@@
AeCompute.dll,157199744,0x95ead80,flow,.?AV?$_Func_base@_KAEBVValue@flow@@AEBV?$tuple@$$V@std@@@std@@
AeCompute.dll,157199824,0x95eadd0,flow,.?AV?$_Ref_count_obj2@V?$variant@V?$vector@HV?$allocator@H@std@@@std@@U?$ScalarRange@HH@flow@@@std@@@std@@
AeCompute.dll,157199952,0x95eae50,flow,.?AV?$_Func_impl_no_alloc@V<lambda_1>@?2??register_builtin_nodes_and_events@flow@@YAXAEAVContext@3@@Z@MAEBVValue@3@@std@@
AeCompute.dll,157200096,0x95eaee0,flow,.?AV?$_Func_impl_no_alloc@V<lambda_2>@?2??register_builtin_nodes_and_events@flow@@YAXAEAVContext@3@@Z@HAEBVValue@3@@std@@
AeCompute.dll,157200240,0x95eaf70,flow,.?AV?$_Func_impl_no_alloc@V<lambda_3>@?2??register_builtin_nodes_and_events@flow@@YAXAEAVContext@3@@Z@HAEBVValue@3@@std@@
AeCompute.dll,157200384,0x95eb000,flow,.?AV?$_Func_impl_no_alloc@V<lambda_4>@?2??register_builtin_nodes_and_events@flow@@YAXAEAVContext@3@@Z@MAEBVValue@3@@std@@
AeCompute.dll,157200528,0x95eb090,flow,.?AV?$_Func_impl_no_alloc@V<lambda_5>@?3??register_builtin_nodes_and_events@flow@@YAXAEAVContext@3@@Z@_NAEAVNodeContext@3@@std@@
AeCompute.dll,157200688,0x95eb130,flow,.?AV?$_Func_impl_no_alloc@V<lambda_6>@?3??register_builtin_nodes_and_events@flow@@YAXAEAVContext@3@@Z@_NAEAVNodeContext@3@@std@@
AeCompute.dll,157200848,0x95eb1d0,flow,.?AV?$_Func_impl_no_alloc@V<lambda_7>@?3??register_builtin_nodes_and_events@flow@@YAXAEAVContext@3@@Z@_NAEAVNodeContext@3@@std@@
AeCompute.dll,157201008,0x95eb270,flow,.?AV?$_Func_impl_no_alloc@V<lambda_8>@?3??register_builtin_nodes_and_events@flow@@YAXAEAVContext@3@@Z@_NAEAVNodeContext@3@@std@@
AeCompute.dll,157201168,0x95eb310,flow,.?AV?$_Func_impl_no_alloc@V<lambda_9>@?1??register_builtin_nodes_and_events@flow@@YAXAEAVContext@3@@Z@_NAEAVNodeContext@3@@std@@
AeCompute.dll,157201328,0x95eb3b0,flow,.?AV?$_Func_impl_no_alloc@V<lambda_10>@?1??register_builtin_nodes_and_events@flow@@YAXAEAVContext@3@@Z@_NAEAVNodeContext@3@@std@@
AeCompute.dll,157201488,0x95eb450,flow,.?AV?$_Func_impl_no_alloc@V<lambda_11>@?1??register_builtin_nodes_and_events@flow@@YAXAEAVContext@3@@Z@_NAEAVNodeContext@3@@std@@
AeCompute.dll,157201648,0x95eb4f0,flow,.?AV?$_Func_impl_no_alloc@V<lambda_12>@?1??register_builtin_nodes_and_events@flow@@YAXAEAVContext@3@@Z@_NAEAVNodeContext@3@@std@@
AeCompute.dll,157201808,0x95eb590,flow,.?AV?$_Func_impl_no_alloc@V<lambda_13>@?1??register_builtin_nodes_and_events@flow@@YAXAEAVContext@3@@Z@_NAEAVNodeContext@3@@std@@
AeCompute.dll,157201968,0x95eb630,flow,.?AV?$_Func_impl_no_alloc@V<lambda_14>@?1??register_builtin_nodes_and_events@flow@@YAXAEAVContext@3@@Z@_NAEAVNodeContext@3@@std@@
AeCompute.dll,157202128,0x95eb6d0,flow,.?AV?$_Func_impl_no_alloc@V<lambda_15>@?1??register_builtin_nodes_and_events@flow@@YAXAEAVContext@3@@Z@_NAEAVNodeContext@3@@std@@
AeCompute.dll,157202288,0x95eb770,flow,.?AV?$_Func_impl_no_alloc@V<lambda_16>@?1??register_builtin_nodes_and_events@flow@@YAXAEAVContext@3@@Z@_NAEAVNodeContext@3@@std@@
AeCompute.dll,157202448,0x95eb810,flow,.?AV?$_Func_impl_no_alloc@V<lambda_17>@?1??register_builtin_nodes_and_events@flow@@YAXAEAVContext@3@@Z@_NAEAVNodeContext@3@@std@@
AeCompute.dll,157202608,0x95eb8b0,flow,.?AV?$_Func_impl_no_alloc@V<lambda_18>@?1??register_builtin_nodes_and_events@flow@@YAXAEAVContext@3@@Z@_NAEAVNodeContext@3@@std@@
AeCompute.dll,157202768,0x95eb950,flow,.?AV?$_Func_impl_no_alloc@V<lambda_19>@?1??register_builtin_nodes_and_events@flow@@YAXAEAVContext@3@@Z@_NAEAVNodeContext@3@@std@@
AeCompute.dll,157202928,0x95eb9f0,flow,.?AV?$_Func_impl_no_alloc@V<lambda_20>@?1??register_builtin_nodes_and_events@flow@@YAXAEAVContext@3@@Z@_NAEAVNodeContext@3@@std@@
AeCompute.dll,157203088,0x95eba90,flow,.?AV?$_Func_impl_no_alloc@V<lambda_21>@?1??register_builtin_nodes_and_events@flow@@YAXAEAVContext@3@@Z@_NAEAVNodeContext@3@@std@@
AeCompute.dll,157203248,0x95ebb30,flow,.?AV?$_Func_impl_no_alloc@V<lambda_22>@?1??register_builtin_nodes_and_events@flow@@YAXAEAVContext@3@@Z@_NAEAVNodeContext@3@@std@@
AeCompute.dll,157203408,0x95ebbd0,flow,.?AV?$_Func_impl_no_alloc@V<lambda_23>@?1??register_builtin_nodes_and_events@flow@@YAXAEAVContext@3@@Z@_NAEAVNodeContext@3@@std@@
AeCompute.dll,157203568,0x95ebc70,flow,.?AV?$_Func_impl_no_alloc@V<lambda_24>@?1??register_builtin_nodes_and_events@flow@@YAXAEAVContext@3@@Z@_NAEAVNodeContext@3@@std@@
AeCompute.dll,157203728,0x95ebd10,flow,.?AV?$_Func_impl_no_alloc@V<lambda_25>@?1??register_builtin_nodes_and_events@flow@@YAXAEAVContext@3@@Z@_NAEAVNodeContext@3@@std@@
AeCompute.dll,157203888,0x95ebdb0,flow,.?AV?$_Func_impl_no_alloc@V<lambda_26>@?1??register_builtin_nodes_and_events@flow@@YAXAEAVContext@3@@Z@_NAEAVNodeContext@3@@std@@
AeCompute.dll,157204048,0x95ebe50,flow,.?AV?$_Func_impl_no_alloc@V<lambda_27>@?1??register_builtin_nodes_and_events@flow@@YAXAEAVContext@3@@Z@_NAEAVNodeContext@3@@std@@
AeCompute.dll,157204208,0x95ebef0,flow,.?AV?$_Func_impl_no_alloc@V<lambda_28>@?1??register_builtin_nodes_and_events@flow@@YAXAEAVContext@3@@Z@_NAEAVNodeContext@3@@std@@
AeCompute.dll,157204368,0x95ebf90,flow,.?AV?$_Func_impl_no_alloc@V<lambda_29>@?1??register_builtin_nodes_and_events@flow@@YAXAEAVContext@3@@Z@_NAEAVNodeContext@3@@std@@
AeCompute.dll,157204528,0x95ec030,flow,.?AV?$_Func_impl_no_alloc@V<lambda_30>@?1??register_builtin_nodes_and_events@flow@@YAXAEAVContext@3@@Z@_NAEAVNodeContext@3@@std@@
AeCompute.dll,157204688,0x95ec0d0,flow,.?AV?$_Func_impl_no_alloc@V<lambda_31>@?1??register_builtin_nodes_and_events@flow@@YAXAEAVContext@3@@Z@_NAEAVNodeContext@3@@std@@
AeCompute.dll,157204848,0x95ec170,flow,.?AV?$_Func_impl_no_alloc@V<lambda_32>@?1??register_builtin_nodes_and_events@flow@@YAXAEAVContext@3@@Z@_NAEAVNodeContext@3@@std@@
AeCompute.dll,157205008,0x95ec210,flow,.?AV?$_Func_impl_no_alloc@V<lambda_33>@?1??register_builtin_nodes_and_events@flow@@YAXAEAVContext@3@@Z@_NAEAVNodeContext@3@@std@@
AeCompute.dll,157205168,0x95ec2b0,flow,.?AV?$_Func_impl_no_alloc@V<lambda_34>@?1??register_builtin_nodes_and_events@flow@@YAXAEAVContext@3@@Z@_NAEAVNodeContext@3@@std@@
AeCompute.dll,157205328,0x95ec350,flow,.?AV?$_Func_impl_no_alloc@V<lambda_35>@?1??register_builtin_nodes_and_events@flow@@YAXAEAVContext@3@@Z@_NAEAVNodeContext@3@@std@@
AeCompute.dll,157205488,0x95ec3f0,flow,.?AV?$_Func_impl_no_alloc@V<lambda_36>@?1??register_builtin_nodes_and_events@flow@@YAXAEAVContext@3@@Z@_NAEAVNodeContext@3@@std@@
AeCompute.dll,157205648,0x95ec490,flow,.?AV?$_Func_impl_no_alloc@V<lambda_37>@?1??register_builtin_nodes_and_events@flow@@YAXAEAVContext@3@@Z@_NAEAVNodeContext@3@@std@@
AeCompute.dll,157205808,0x95ec530,flow,.?AV?$_Func_impl_no_alloc@V<lambda_38>@?1??register_builtin_nodes_and_events@flow@@YAXAEAVContext@3@@Z@_NAEAVNodeContext@3@@std@@
AeCompute.dll,157205968,0x95ec5d0,flow,.?AV?$_Func_impl_no_alloc@V<lambda_39>@?1??register_builtin_nodes_and_events@flow@@YAXAEAVContext@3@@Z@_NAEAVNodeContext@3@@std@@
AeCompute.dll,157206128,0x95ec670,flow,.?AV?$_Func_impl_no_alloc@V<lambda_40>@?1??register_builtin_nodes_and_events@flow@@YAXAEAVContext@3@@Z@_NAEAVNodeContext@3@@std@@
AeCompute.dll,157206288,0x95ec710,flow,.?AV?$_Func_impl_no_alloc@V<lambda_41>@?1??register_builtin_nodes_and_events@flow@@YAXAEAVContext@3@@Z@_NAEAVNodeContext@3@@std@@
AeCompute.dll,157206448,0x95ec7b0,flow,.?AV?$_Func_impl_no_alloc@V<lambda_42>@?1??register_builtin_nodes_and_events@flow@@YAXAEAVContext@3@@Z@_NAEAVNodeContext@3@@std@@
AeCompute.dll,157206608,0x95ec850,flow,.?AV?$_Func_impl_no_alloc@V<lambda_43>@?1??register_builtin_nodes_and_events@flow@@YAXAEAVContext@3@@Z@_NAEAVNodeContext@3@@std@@
AeCompute.dll,157206768,0x95ec8f0,flow,.?AV?$_Func_impl_no_alloc@V<lambda_44>@?1??register_builtin_nodes_and_events@flow@@YAXAEAVContext@3@@Z@_NAEAVNodeContext@3@@std@@
AeCompute.dll,157206928,0x95ec990,flow,.?AV?$_Func_impl_no_alloc@V<lambda_45>@?1??register_builtin_nodes_and_events@flow@@YAXAEAVContext@3@@Z@_NAEAVNodeContext@3@@std@@
AeCompute.dll,157207088,0x95eca30,flow,.?AV?$_Func_impl_no_alloc@V<lambda_46>@?1??register_builtin_nodes_and_events@flow@@YAXAEAVContext@3@@Z@_NAEAVNodeContext@3@@std@@
AeCompute.dll,157207248,0x95ecad0,flow,.?AV?$_Func_impl_no_alloc@V<lambda_47>@?1??register_builtin_nodes_and_events@flow@@YAXAEAVContext@3@@Z@_NAEAVNodeContext@3@@std@@
AeCompute.dll,157207408,0x95ecb70,flow,.?AV?$_Func_impl_no_alloc@V<lambda_48>@?1??register_builtin_nodes_and_events@flow@@YAXAEAVContext@3@@Z@_NAEAVNodeContext@3@@std@@
AeCompute.dll,157207568,0x95ecc10,flow,.?AV?$_Func_impl_no_alloc@V<lambda_49>@?1??register_builtin_nodes_and_events@flow@@YAXAEAVContext@3@@Z@_NAEAVNodeContext@3@@std@@
AeCompute.dll,157207728,0x95eccb0,flow,.?AV?$_Func_impl_no_alloc@V<lambda_1>@?1??register_builtin_types@flow@@YAXAEAVTypeRegistry@3@@Z@V?$basic_json@Vmap@std@@Vvector@2@V?$basic_string@DU?$char_traits@D@std@@V?$allocator@D@2@@2@_N_J_KNVallocator@2@Uadl_serializer@json_abi_v3_11_3@nlohmann@@V?$vector@EV?$allocator@E@std@@@2@X@json_abi_v3_11_3@nlohmann@@AEBUFlow@3@@std@@
AeCompute.dll,157208080,0x95ece10,flow,.?AV?$_Func_impl_no_alloc@V<lambda_2>@?1??register_builtin_types@flow@@YAXAEAVTypeRegistry@3@@Z@XAEAUFlow@3@AEBV?$basic_json@Vmap@std@@Vvector@2@V?$basic_string@DU?$char_traits@D@std@@V?$allocator@D@2@@2@_N_J_KNVallocator@2@Uadl_serializer@json_abi_v3_11_3@nlohmann@@V?$vector@EV?$allocator@E@std@@@2@X@json_abi_v3_11_3@nlohmann@@@std@@
AeCompute.dll,157208448,0x95ecf80,flow,.?AV?$_Func_impl_no_alloc@V<lambda_3>@?1??register_builtin_types@flow@@YAXAEAVTypeRegistry@3@@Z@_KAEBUFlow@3@@std@@
AeCompute.dll,157208592,0x95ed010,flow,.?AV?$_Func_impl_no_alloc@V<lambda_4>@?1??register_builtin_types@flow@@YAXAEAVTypeRegistry@3@@Z@V?$basic_json@Vmap@std@@Vvector@2@V?$basic_string@DU?$char_traits@D@std@@V?$allocator@D@2@@2@_N_J_KNVallocator@2@Uadl_serializer@json_abi_v3_11_3@nlohmann@@V?$vector@EV?$allocator@E@std@@@2@X@json_abi_v3_11_3@nlohmann@@AEBVstring_id@8foonathan@@@std@@
AeCompute.dll,157208960,0x95ed180,flow,.?AV?$_Func_impl_no_alloc@V<lambda_5>@?1??register_builtin_types@flow@@YAXAEAVTypeRegistry@3@@Z@XAEAVstring_id@5foonathan@@AEBV?$basic_json@Vmap@std@@Vvector@2@V?$basic_string@DU?$char_traits@D@std@@V?$allocator@D@2@@2@_N_J_KNVallocator@2@Uadl_serializer@json_abi_v3_11_3@nlohmann@@V?$vector@EV?$allocator@E@std@@@2@X@json_abi_v3_11_3@nlohmann@@@std@@
AeCompute.dll,157209328,0x95ed2f0,flow,.?AV?$_Func_impl_no_alloc@V<lambda_6>@?1??register_builtin_types@flow@@YAXAEAVTypeRegistry@3@@Z@_KAEBVstring_id@5foonathan@@@std@@
AeCompute.dll,157209488,0x95ed390,flow,.?AV?$_Func_impl_no_alloc@V<lambda_7>@?1??register_builtin_types@flow@@YAXAEAVTypeRegistry@3@@Z@_KAEBVstring_id@5foonathan@@@std@@
AeCompute.dll,157209648,0x95ed430,flow,.?AV?$_Func_impl_no_alloc@V<lambda_8>@?1??register_builtin_types@flow@@YAXAEAVTypeRegistry@3@@Z@V?$basic_json@Vmap@std@@Vvector@2@V?$basic_string@DU?$char_traits@D@std@@V?$allocator@D@2@@2@_N_J_KNVallocator@2@Uadl_serializer@json_abi_v3_11_3@nlohmann@@V?$vector@EV?$allocator@E@std@@@2@X@json_abi_v3_11_3@nlohmann@@AEBV?$array@M$01@std@@@std@@
AeCompute.dll,157210016,0x95ed5a0,flow,.?AV?$_Func_impl_no_alloc@V<lambda_9>@?1??register_builtin_types@flow@@YAXAEAVTypeRegistry@3@@Z@XAEAV?$array@M$01@std@@AEBV?$basic_json@Vmap@std@@Vvector@2@V?$basic_string@DU?$char_traits@D@std@@V?$allocator@D@2@@2@_N_J_KNVallocator@2@Uadl_serializer@json_abi_v3_11_3@nlohmann@@V?$vector@EV?$allocator@E@std@@@2@X@json_abi_v3_11_3@nlohmann@@@std@@
AeCompute.dll,157210384,0x95ed710,flow,.?AV?$_Func_impl_no_alloc@V<lambda_10>@?1??register_builtin_types@flow@@YAXAEAVTypeRegistry@3@@Z@_KAEBV?$array@M$01@std@@@std@@
AeCompute.dll,157210528,0x95ed7a0,flow,.?AV?$_Func_impl_no_alloc@V<lambda_11>@?1??register_builtin_types@flow@@YAXAEAVTypeRegistry@3@@Z@_KAEBV?$array@M$01@std@@@std@@
AeCompute.dll,157210672,0x95ed830,flow,.?AV?$_Func_impl_no_alloc@V<lambda_12>@?1??register_builtin_types@flow@@YAXAEAVTypeRegistry@3@@Z@V?$basic_json@Vmap@std@@Vvector@2@V?$basic_string@DU?$char_traits@D@std@@V?$allocator@D@2@@2@_N_J_KNVallocator@2@Uadl_serializer@json_abi_v3_11_3@nlohmann@@V?$vector@EV?$allocator@E@std@@@2@X@json_abi_v3_11_3@nlohmann@@AEBV?$array@M$03@std@@@std@@
AeCompute.dll,157211040,0x95ed9a0,flow,.?AV?$_Func_impl_no_alloc@V<lambda_13>@?1??register_builtin_types@flow@@YAXAEAVTypeRegistry@3@@Z@XAEAV?$array@M$03@std@@AEBV?$basic_json@Vmap@std@@Vvector@2@V?$basic_string@DU?$char_traits@D@std@@V?$allocator@D@2@@2@_N_J_KNVallocator@2@Uadl_serializer@json_abi_v3_11_3@nlohmann@@V?$vector@EV?$allocator@E@std@@@2@X@json_abi_v3_11_3@nlohmann@@@std@@
AeCompute.dll,157211408,0x95edb10,flow,.?AV?$_Func_impl_no_alloc@V<lambda_14>@?1??register_builtin_types@flow@@YAXAEAVTypeRegistry@3@@Z@_KAEBV?$array@M$03@std@@@std@@
AeCompute.dll,157211552,0x95edba0,flow,.?AV?$_Func_impl_no_alloc@V<lambda_15>@?1??register_builtin_types@flow@@YAXAEAVTypeRegistry@3@@Z@_KAEBV?$array@M$03@std@@@std@@
AeCompute.dll,157211696,0x95edc30,flow,.?AV?$_Func_impl_no_alloc@V<lambda_16>@?1??register_builtin_types@flow@@YAXAEAVTypeRegistry@3@@Z@_KAEBVValue@3@@std@@
AeCompute.dll,157211840,0x95edcc0,flow,.?AV?$_Func_impl_no_alloc@V<lambda_17>@?1??register_builtin_types@flow@@YAXAEAVTypeRegistry@3@@Z@_KAEBVValue@3@@std@@
AeCompute.dll,157211984,0x95edd50,flow,.?AV?$_Func_impl_no_alloc@V<lambda_18>@?2??register_builtin_types@flow@@YAXAEAVTypeRegistry@3@@Z@_KAEBV?$unordered_map@V?$basic_string@DU?$char_traits@D@std@@V?$allocator@D@2@@std@@VValue@flow@@U?$hash@V?$basic_string@DU?$char_traits@D@std@@V?$allocator@D@2@@std@@@2@U?$equal_to@V?$basic_string@DU?$char_traits@D@std@@V?$allocator@D@2@@std@@@2@V?$allocator@U?$pair@$$CBV?$basic_string@DU?$char_traits@D@std@@V?$allocator@D@2@@std@@VValue@flow@@@std@@@2@@std@@@std@@
AeCompute.dll,157212480,0x95edf40,flow,.?AV?$_Func_impl_no_alloc@V<lambda_19>@?2??register_builtin_types@flow@@YAXAEAVTypeRegistry@3@@Z@_KAEBV?$unordered_map@V?$basic_string@DU?$char_traits@D@std@@V?$allocator@D@2@@std@@VValue@flow@@U?$hash@V?$basic_string@DU?$char_traits@D@std@@V?$allocator@D@2@@std@@@2@U?$equal_to@V?$basic_string@DU?$char_traits@D@std@@V?$allocator@D@2@@std@@@2@V?$allocator@U?$pair@$$CBV?$basic_string@DU?$char_traits@D@std@@V?$allocator@D@2@@std@@VValue@flow@@@std@@@2@@std@@@std@@
AeCompute.dll,157212976,0x95ee130,flow,.?AV?$_Func_impl_no_alloc@V<lambda_20>@?2??register_builtin_types@flow@@YAXAEAVTypeRegistry@3@@Z@V?$basic_json@Vmap@std@@Vvector@2@V?$basic_string@DU?$char_traits@D@std@@V?$allocator@D@2@@2@_N_J_KNVallocator@2@Uadl_serializer@json_abi_v3_11_3@nlohmann@@V?$vector@EV?$allocator@E@std@@@2@X@json_abi_v3_11_3@nlohmann@@AEBV?$unordered_map@V?$basic_string@DU?$char_traits@D@std@@V?$allocator@D@2@@std@@VValue@flow@@U?$hash@V?$basic_string@DU?$char_traits@D@std@@V?$allocator@D@2@@std@@@2@U?$equal_to@V?$basic_string@DU?$char_traits@D@std@@V?$allocator@D@2@@std@@@2@V?$allocator@U?$pair@$$CBV?$basic_string@DU?$char_traits@D@std@@V?$allocator@D@2@@std@@VValue@flow@@@std@@@2@@std@@@std@@
AeCompute.dll,157213680,0x95ee3f0,flow,.?AV?$_Func_impl_no_alloc@V<lambda_21>@?2??register_builtin_types@flow@@YAXAEAVTypeRegistry@3@@Z@XAEAV?$unordered_map@V?$basic_string@DU?$char_traits@D@std@@V?$allocator@D@2@@std@@VValue@flow@@U?$hash@V?$basic_string@DU?$char_traits@D@std@@V?$allocator@D@2@@std@@@2@U?$equal_to@V?$basic_string@DU?$char_traits@D@std@@V?$allocator@D@2@@std@@@2@V?$allocator@U?$pair@$$CBV?$basic_string@DU?$char_traits@D@std@@V?$allocator@D@2@@std@@VValue@flow@@@std@@@2@@std@@AEBV?$basic_json@Vmap@std@@Vvector@2@V?$basic_string@DU?$char_traits@D@std@@V?$allocator@D@2@@2@_N_J_KNVallocator@2@Uadl_serializer@json_abi_v3_11_3@nlohmann@@V?$vector@EV?$allocator@E@std@@@2@X@json_abi_v3_11_3@nlohmann@@@std@@
AeCompute.dll,157214384,0x95ee6b0,flow,.?AV?$Impl@V?$ContainerInterfaceImpl@VArray@flow@@@flow@@@ContainerInterface@flow@@
AeCompute.dll,157214496,0x95ee720,flow,.?AV?$_Func_impl_no_alloc@V<lambda_22>@?3??register_builtin_types@flow@@YAXAEAVTypeRegistry@3@@Z@_KAEBVArray@3@@std@@
AeCompute.dll,157214640,0x95ee7b0,flow,.?AV?$_Func_impl_no_alloc@V<lambda_23>@?3??register_builtin_types@flow@@YAXAEAVTypeRegistry@3@@Z@_KAEBVArray@3@@std@@
AeCompute.dll,157214784,0x95ee840,flow,.?AV?$_Func_impl_no_alloc@V<lambda_24>@?3??register_builtin_types@flow@@YAXAEAVTypeRegistry@3@@Z@V?$basic_json@Vmap@std@@Vvector@2@V?$basic_string@DU?$char_traits@D@std@@V?$allocator@D@2@@2@_N_J_KNVallocator@2@Uadl_serializer@json_abi_v3_11_3@nlohmann@@V?$vector@EV?$allocator@E@std@@@2@X@json_abi_v3_11_3@nlohmann@@AEBVArray@3@@std@@
AeCompute.dll,157215136,0x95ee9a0,flow,.?AV?$_Func_impl_no_alloc@V<lambda_25>@?3??register_builtin_types@flow@@YAXAEAVTypeRegistry@3@@Z@XAEAVArray@3@AEBV?$basic_json@Vmap@std@@Vvector@2@V?$basic_string@DU?$char_traits@D@std@@V?$allocator@D@2@@2@_N_J_KNVallocator@2@Uadl_serializer@json_abi_v3_11_3@nlohmann@@V?$vector@EV?$allocator@E@std@@@2@X@json_abi_v3_11_3@nlohmann@@@std@@
AeCompute.dll,157215504,0x95eeb10,flow,.?AV?$_Func_impl_no_alloc@V<lambda_26>@?1??register_builtin_types@flow@@YAXAEAVTypeRegistry@3@@Z@_KAEBH@std@@
AeCompute.dll,157215632,0x95eeb90,flow,.?AV?$_Func_impl_no_alloc@V<lambda_27>@?1??register_builtin_types@flow@@YAXAEAVTypeRegistry@3@@Z@V?$basic_json@Vmap@std@@Vvector@2@V?$basic_string@DU?$char_traits@D@std@@V?$allocator@D@2@@2@_N_J_KNVallocator@2@Uadl_serializer@json_abi_v3_11_3@nlohmann@@V?$vector@EV?$allocator@E@std@@@2@X@json_abi_v3_11_3@nlohmann@@AEBH@std@@
AeCompute.dll,157215984,0x95eecf0,flow,.?AV?$_Func_impl_no_alloc@V<lambda_28>@?1??register_builtin_types@flow@@YAXAEAVTypeRegistry@3@@Z@XAEAHAEBV?$basic_json@Vmap@std@@Vvector@2@V?$basic_string@DU?$char_traits@D@std@@V?$allocator@D@2@@2@_N_J_KNVallocator@2@Uadl_serializer@json_abi_v3_11_3@nlohmann@@V?$vector@EV?$allocator@E@std@@@2@X@json_abi_v3_11_3@nlohmann@@@std@@
AeCompute.dll,157216336,0x95eee50,flow,.?AV?$_Func_impl_no_alloc@V<lambda_29>@?1??register_builtin_types@flow@@YAXAEAVTypeRegistry@3@@Z@_KAEBH@std@@
AeCompute.dll,157216464,0x95eeed0,flow,.?AV?$_Func_impl_no_alloc@V<lambda_30>@?1??register_builtin_types@flow@@YAXAEAVTypeRegistry@3@@Z@_KAEBM@std@@
AeCompute.dll,157216592,0x95eef50,flow,.?AV?$_Func_impl_no_alloc@V<lambda_31>@?1??register_builtin_types@flow@@YAXAEAVTypeRegistry@3@@Z@V?$basic_json@Vmap@std@@Vvector@2@V?$basic_string@DU?$char_traits@D@std@@V?$allocator@D@2@@2@_N_J_KNVallocator@2@Uadl_serializer@json_abi_v3_11_3@nlohmann@@V?$vector@EV?$allocator@E@std@@@2@X@json_abi_v3_11_3@nlohmann@@AEBM@std@@
AeCompute.dll,157216944,0x95ef0b0,flow,.?AV?$_Func_impl_no_alloc@V<lambda_32>@?1??register_builtin_types@flow@@YAXAEAVTypeRegistry@3@@Z@XAEAMAEBV?$basic_json@Vmap@std@@Vvector@2@V?$basic_string@DU?$char_traits@D@std@@V?$allocator@D@2@@2@_N_J_KNVallocator@2@Uadl_serializer@json_abi_v3_11_3@nlohmann@@V?$vector@EV?$allocator@E@std@@@2@X@json_abi_v3_11_3@nlohmann@@@std@@
AeCompute.dll,157217296,0x95ef210,flow,.?AV?$_Func_impl_no_alloc@V<lambda_33>@?1??register_builtin_types@flow@@YAXAEAVTypeRegistry@3@@Z@_KAEBM@std@@
AeCompute.dll,157217424,0x95ef290,flow,.?AV?$_Func_impl_no_alloc@V<lambda_34>@?1??register_builtin_types@flow@@YAXAEAVTypeRegistry@3@@Z@_KAEBV?$basic_string@DU?$char_traits@D@std@@V?$allocator@D@2@@std@@@std@@
AeCompute.dll,157217616,0x95ef350,flow,.?AV?$_Func_impl_no_alloc@V<lambda_35>@?1??register_builtin_types@flow@@YAXAEAVTypeRegistry@3@@Z@V?$basic_json@Vmap@std@@Vvector@2@V?$basic_string@DU?$char_traits@D@std@@V?$allocator@D@2@@2@_N_J_KNVallocator@2@Uadl_serializer@json_abi_v3_11_3@nlohmann@@V?$vector@EV?$allocator@E@std@@@2@X@json_abi_v3_11_3@nlohmann@@AEBV?$basic_string@DU?$char_traits@D@std@@V?$allocator@D@2@@std@@@std@@
AeCompute.dll,157218032,0x95ef4f0,flow,.?AV?$_Func_impl_no_alloc@V<lambda_36>@?1??register_builtin_types@flow@@YAXAEAVTypeRegistry@3@@Z@XAEAV?$basic_string@DU?$char_traits@D@std@@V?$allocator@D@2@@std@@AEBV?$basic_json@Vmap@std@@Vvector@2@V?$basic_string@DU?$char_traits@D@std@@V?$allocator@D@2@@2@_N_J_KNVallocator@2@Uadl_serializer@json_abi_v3_11_3@nlohmann@@V?$vector@EV?$allocator@E@std@@@2@X@json_abi_v3_11_3@nlohmann@@@std@@
AeCompute.dll,157218448,0x95ef690,flow,.?AV?$_Func_impl_no_alloc@V<lambda_37>@?1??register_builtin_types@flow@@YAXAEAVTypeRegistry@3@@Z@_KAEBV?$basic_string@DU?$char_traits@D@std@@V?$allocator@D@2@@std@@@std@@
AeCompute.dll,157218640,0x95ef750,flow,.?AV?$_Func_impl_no_alloc@V<lambda_38>@?1??register_builtin_types@flow@@YAXAEAVTypeRegistry@3@@Z@_KAEB_N@std@@
AeCompute.dll,157218768,0x95ef7d0,flow,.?AV?$_Func_impl_no_alloc@V<lambda_39>@?1??register_builtin_types@flow@@YAXAEAVTypeRegistry@3@@Z@V?$basic_json@Vmap@std@@Vvector@2@V?$basic_string@DU?$char_traits@D@std@@V?$allocator@D@2@@2@_N_J_KNVallocator@2@Uadl_serializer@json_abi_v3_11_3@nlohmann@@V?$vector@EV?$allocator@E@std@@@2@X@json_abi_v3_11_3@nlohmann@@AEB_N@std@@
AeCompute.dll,157219120,0x95ef930,flow,.?AV?$_Func_impl_no_alloc@V<lambda_40>@?1??register_builtin_types@flow@@YAXAEAVTypeRegistry@3@@Z@XAEA_NAEBV?$basic_json@Vmap@std@@Vvector@2@V?$basic_string@DU?$char_traits@D@std@@V?$allocator@D@2@@2@_N_J_KNVallocator@2@Uadl_serializer@json_abi_v3_11_3@nlohmann@@V?$vector@EV?$allocator@E@std@@@2@X@json_abi_v3_11_3@nlohmann@@@std@@
AeCompute.dll,157219472,0x95efa90,flow,.?AV?$_Func_impl_no_alloc@V<lambda_41>@?1??register_builtin_types@flow@@YAXAEAVTypeRegistry@3@@Z@_KAEB_N@std@@
AeCompute.dll,157219600,0x95efb10,flow,.?AV?$_Func_impl_no_alloc@V<lambda_42>@?1??register_builtin_types@flow@@YAXAEAVTypeRegistry@3@@Z@V?$basic_json@Vmap@std@@Vvector@2@V?$basic_string@DU?$char_traits@D@std@@V?$allocator@D@2@@2@_N_J_KNVallocator@2@Uadl_serializer@json_abi_v3_11_3@nlohmann@@V?$vector@EV?$allocator@E@std@@@2@X@json_abi_v3_11_3@nlohmann@@AEBVBlob@3@@std@@
AeCompute.dll,157219952,0x95efc70,flow,.?AV?$_Func_impl_no_alloc@V<lambda_43>@?1??register_builtin_types@flow@@YAXAEAVTypeRegistry@3@@Z@XAEAVBlob@3@AEBV?$basic_json@Vmap@std@@Vvector@2@V?$basic_string@DU?$char_traits@D@std@@V?$allocator@D@2@@2@_N_J_KNVallocator@2@Uadl_serializer@json_abi_v3_11_3@nlohmann@@V?$vector@EV?$allocator@E@std@@@2@X@json_abi_v3_11_3@nlohmann@@@std@@
AeCompute.dll,157220320,0x95efde0,flow,.?AV?$_Func_impl_no_alloc@V<lambda_44>@?1??register_builtin_types@flow@@YAXAEAVTypeRegistry@3@@Z@_KAEBVBlob@3@@std@@
AeCompute.dll,157220464,0x95efe70,flow,.?AV?$_Func_impl_no_alloc@V<lambda_45>@?1??register_builtin_types@flow@@YAXAEAVTypeRegistry@3@@Z@_KAEBVBlob@3@@std@@
AeCompute.dll,157220608,0x95eff00,flow,.?AV?$_Func_impl_no_alloc@V<lambda_1>@?1???$register_implicit_conversion_to@M@DataTypeDefinition@flow@@QEAAXV?$function@$$A6AMAEBVValue@flow@@@Z@std@@@Z@VValue@3@AEBV63@@std@@
AeCompute.dll,157220800,0x95effc0,flow,.?AV?$_Func_impl_no_alloc@V<lambda_1>@?1???$register_implicit_conversion_to@H@DataTypeDefinition@flow@@QEAAXV?$function@$$A6AHAEBVValue@flow@@@Z@std@@@Z@VValue@3@AEBV63@@std@@
AeCompute.dll,157220992,0x95f0080,flow,.?AU?$Storage@VBlob@flow@@@Value@flow@@
AeCompute.dll,157221056,0x95f00c0,flow,.?AV?$_Func_impl_no_alloc@V<lambda_1>@?4???$type@UFlow@flow@@@TypeRegistry@flow@@QEAAAEAVDataTypeDefinition@3@V?$basic_string@DU?$char_traits@D@std@@V?$allocator@D@2@@std@@@Z@XAEAVValue@3@@std@@
AeCompute.dll,157221280,0x95f01a0,flow,.?AV?$_Func_impl_no_alloc@V<lambda_2>@?9???$type@UFlow@flow@@@TypeRegistry@flow@@QEAAAEAVDataTypeDefinition@3@V?$basic_string@DU?$char_traits@D@std@@V?$allocator@D@2@@std@@@Z@_NAEBVValue@3@@std@@
AeCompute.dll,157221504,0x95f0280,flow,.?AV?$_Func_impl_no_alloc@V<lambda_1>@?4???$func@UJsonSerialize@Property@flow@@UFlow@3@@DataTypeDefinition@flow@@QEAAAEAV23@AEBV?$function@$$A6A?AV?$basic_json@Vmap@std@@Vvector@2@V?$basic_string@DU?$char_traits@D@std@@V?$allocator@D@2@@2@_N_J_KNVallocator@2@Uadl_serializer@json_abi_v3_11_3@nlohmann@@V?$vector@EV?$allocator@E@std@@@2@X@json_abi_v3_11_3@nlohmann@@AEBUFlow@flow@@@Z@std@@@Z@V?$basic_json@Vmap@std@@Vvector@2@V?$basic_string@DU?$char_traits@D@std@@V?$allocator@D@2@@2@_N_J_KNVallocator@2@Uadl_serializer@json_abi_v3_11_3@nlohmann@@V?$vector@EV?$allocator@E@std@@@2@X@json_abi_v3_11_3@nlohmann@@AEBVValue@3@AEBV?$tuple@$$V@5@@std@@
AeCompute.dll,157222176,0x95f0520,flow,.?AV?$_Func_impl_no_alloc@V<lambda_1>@?6???$func@UJsonDeserialize@Property@flow@@UFlow@3@@DataTypeDefinition@flow@@QEAAAEAV23@AEBV?$function@$$A6AXAEAUFlow@flow@@AEBV?$basic_json@Vmap@std@@Vvector@2@V?$basic_string@DU?$char_traits@D@std@@V?$allocator@D@2@@2@_N_J_KNVallocator@2@Uadl_serializer@json_abi_v3_11_3@nlohmann@@V?$vector@EV?$allocator@E@std@@@2@X@json_abi_v3_11_3@nlohmann@@@Z@std@@@Z@XAEAVValue@3@AEBV?$tuple@AEBV?$basic_json@Vmap@std@@Vvector@2@V?$basic_string@DU?$char_traits@D@std@@V?$allocator@D@2@@2@_N_J_KNVallocator@2@Uadl_serializer@json_abi_v3_11_3@nlohmann@@V?$vector@EV?$allocator@E@std@@@2@X@json_abi_v3_11_3@nlohmann@@@5@@std@@
AeCompute.dll,157222848,0x95f07c0,flow,.?AV?$_Func_impl_no_alloc@V<lambda_1>@?4???$func@UComputeByteSize@Property@flow@@UFlow@3@@DataTypeDefinition@flow@@QEAAAEAV23@AEBV?$function@$$A6A_KAEBUFlow@flow@@@Z@std@@@Z@_KAEBVValue@3@AEBV?$tuple@$$V@5@@std@@
AeCompute.dll,157223088,0x95f08b0,flow,.?AV?$_Func_impl_no_alloc@V<lambda_1>@?4???$type@Vstring_id@1foonathan@@@TypeRegistry@flow@@QEAAAEAVDataTypeDefinition@3@V?$basic_string@DU?$char_traits@D@std@@V?$allocator@D@2@@std@@@Z@XAEAVValue@3@@std@@
AeCompute.dll,157223312,0x95f0990,flow,.?AV?$_Func_impl_no_alloc@V<lambda_2>@?9???$type@Vstring_id@1foonathan@@@TypeRegistry@flow@@QEAAAEAVDataTypeDefinition@3@V?$basic_string@DU?$char_traits@D@std@@V?$allocator@D@2@@std@@@Z@_NAEBVValue@3@@std@@
AeCompute.dll,157223536,0x95f0a70,flow,.?AV?$_Func_impl_no_alloc@V<lambda_1>@?4???$func@UJsonSerialize@Property@flow@@Vstring_id@4foonathan@@@DataTypeDefinition@flow@@QEAAAEAV23@AEBV?$function@$$A6A?AV?$basic_json@Vmap@std@@Vvector@2@V?$basic_string@DU?$char_traits@D@std@@V?$allocator@D@2@@2@_N_J_KNVallocator@2@Uadl_serializer@json_abi_v3_11_3@nlohmann@@V?$vector@EV?$allocator@E@std@@@2@X@json_abi_v3_11_3@nlohmann@@AEBVstring_id@4foonathan@@@Z@std@@@Z@V?$basic_json@Vmap@std@@Vvector@2@V?$basic_string@DU?$char_traits@D@std@@V?$allocator@D@2@@2@_N_J_KNVallocator@2@Uadl_serializer@json_abi_v3_11_3@nlohmann@@V?$vector@EV?$allocator@E@std@@@2@X@json_abi_v3_11_3@nlohmann@@AEBVValue@3@AEBV?$tuple@$$V@5@@std@@
AeCompute.dll,157224240,0x95f0d30,flow,.?AV?$_Func_impl_no_alloc@V<lambda_1>@?6???$func@UJsonDeserialize@Property@flow@@Vstring_id@4foonathan@@@DataTypeDefinition@flow@@QEAAAEAV23@AEBV?$function@$$A6AXAEAVstring_id@1foonathan@@AEBV?$basic_json@Vmap@std@@Vvector@2@V?$basic_string@DU?$char_traits@D@std@@V?$allocator@D@2@@2@_N_J_KNVallocator@2@Uadl_serializer@json_abi_v3_11_3@nlohmann@@V?$vector@EV?$allocator@E@std@@@2@X@json_abi_v3_11_3@nlohmann@@@Z@std@@@Z@XAEAVValue@3@AEBV?$tuple@AEBV?$basic_json@Vmap@std@@Vvector@2@V?$basic_string@DU?$char_traits@D@std@@V?$allocator@D@2@@2@_N_J_KNVallocator@2@Uadl_serializer@json_abi_v3_11_3@nlohmann@@V?$vector@EV?$allocator@E@std@@@2@X@json_abi_v3_11_3@nlohmann@@@5@@std@@
AeCompute.dll,157224944,0x95f0ff0,flow,.?AV?$_Func_impl_no_alloc@V<lambda_1>@?4???$func@UHash@Property@flow@@Vstring_id@4foonathan@@@DataTypeDefinition@flow@@QEAAAEAV23@AEBV?$function@$$A6A_KAEBVstring_id@1foonathan@@@Z@std@@@Z@_KAEBVValue@3@AEBV?$tuple@$$V@5@@std@@
AeCompute.dll,157225200,0x95f10f0,flow,.?AV?$_Func_impl_no_alloc@V<lambda_1>@?4???$func@UComputeByteSize@Property@flow@@Vstring_id@4foonathan@@@DataTypeDefinition@flow@@QEAAAEAV23@AEBV?$function@$$A6A_KAEBVstring_id@1foonathan@@@Z@std@@@Z@_KAEBVValue@3@AEBV?$tuple@$$V@5@@std@@
AeCompute.dll,157225456,0x95f11f0,flow,.?AV?$_Func_impl_no_alloc@V<lambda_1>@?4???$type@V?$array@M$01@std@@@TypeRegistry@flow@@QEAAAEAVDataTypeDefinition@3@V?$basic_string@DU?$char_traits@D@std@@V?$allocator@D@2@@std@@@Z@XAEAVValue@3@@std@@
AeCompute.dll,157225680,0x95f12d0,flow,.?AV?$_Func_impl_no_alloc@V<lambda_2>@?9???$type@V?$array@M$01@std@@@TypeRegistry@flow@@QEAAAEAVDataTypeDefinition@3@V?$basic_string@DU?$char_traits@D@std@@V?$allocator@D@2@@std@@@Z@_NAEBVValue@3@@std@@
AeCompute.dll,157225904,0x95f13b0,flow,.?AV?$_Func_impl_no_alloc@V<lambda_1>@?4???$func@UJsonSerialize@Property@flow@@V?$array@M$01@std@@@DataTypeDefinition@flow@@QEAAAEAV23@AEBV?$function@$$A6A?AV?$basic_json@Vmap@std@@Vvector@2@V?$basic_string@DU?$char_traits@D@std@@V?$allocator@D@2@@2@_N_J_KNVallocator@2@Uadl_serializer@json_abi_v3_11_3@nlohmann@@V?$vector@EV?$allocator@E@std@@@2@X@json_abi_v3_11_3@nlohmann@@AEBV?$array@M$01@std@@@Z@std@@@Z@V?$basic_json@Vmap@std@@Vvector@2@V?$basic_string@DU?$char_traits@D@std@@V?$allocator@D@2@@2@_N_J_KNVallocator@2@Uadl_serializer@json_abi_v3_11_3@nlohmann@@V?$vector@EV?$allocator@E@std@@@2@X@json_abi_v3_11_3@nlohmann@@AEBVValue@3@AEBV?$tuple@$$V@5@@std@@
AeCompute.dll,157226592,0x95f1660,flow,.?AV?$_Func_impl_no_alloc@V<lambda_1>@?6???$func@UJsonDeserialize@Property@flow@@V?$array@M$01@std@@@DataTypeDefinition@flow@@QEAAAEAV23@AEBV?$function@$$A6AXAEAV?$array@M$01@std@@AEBV?$basic_json@Vmap@std@@Vvector@2@V?$basic_string@DU?$char_traits@D@std@@V?$allocator@D@2@@2@_N_J_KNVallocator@2@Uadl_serializer@json_abi_v3_11_3@nlohmann@@V?$vector@EV?$allocator@E@std@@@2@X@json_abi_v3_11_3@nlohmann@@@Z@std@@@Z@XAEAVValue@3@AEBV?$tuple@AEBV?$basic_json@Vmap@std@@Vvector@2@V?$basic_string@DU?$char_traits@D@std@@V?$allocator@D@2@@2@_N_J_KNVallocator@2@Uadl_serializer@json_abi_v3_11_3@nlohmann@@V?$vector@EV?$allocator@E@std@@@2@X@json_abi_v3_11_3@nlohmann@@@5@@std@@
AeCompute.dll,157227280,0x95f1910,flow,.?AV?$_Func_impl_no_alloc@V<lambda_1>@?4???$func@UHash@Property@flow@@V?$array@M$01@std@@@DataTypeDefinition@flow@@QEAAAEAV23@AEBV?$function@$$A6A_KAEBV?$array@M$01@std@@@Z@std@@@Z@_KAEBVValue@3@AEBV?$tuple@$$V@5@@std@@
AeCompute.dll,157227520,0x95f1a00,flow,.?AV?$_Func_impl_no_alloc@V<lambda_1>@?4???$func@UComputeByteSize@Property@flow@@V?$array@M$01@std@@@DataTypeDefinition@flow@@QEAAAEAV23@AEBV?$function@$$A6A_KAEBV?$array@M$01@std@@@Z@std@@@Z@_KAEBVValue@3@AEBV?$tuple@$$V@5@@std@@
AeCompute.dll,157227776,0x95f1b00,flow,.?AV?$_Func_impl_no_alloc@V<lambda_1>@?4???$type@V?$array@M$03@std@@@TypeRegistry@flow@@QEAAAEAVDataTypeDefinition@3@V?$basic_string@DU?$char_traits@D@std@@V?$allocator@D@2@@std@@@Z@XAEAVValue@3@@std@@
AeCompute.dll,157228000,0x95f1be0,flow,.?AV?$_Func_impl_no_alloc@V<lambda_2>@?9???$type@V?$array@M$03@std@@@TypeRegistry@flow@@QEAAAEAVDataTypeDefinition@3@V?$basic_string@DU?$char_traits@D@std@@V?$allocator@D@2@@std@@@Z@_NAEBVValue@3@@std@@
AeCompute.dll,157228224,0x95f1cc0,flow,.?AV?$_Func_impl_no_alloc@V<lambda_1>@?4???$func@UJsonSerialize@Property@flow@@V?$array@M$03@std@@@DataTypeDefinition@flow@@QEAAAEAV23@AEBV?$function@$$A6A?AV?$basic_json@Vmap@std@@Vvector@2@V?$basic_string@DU?$char_traits@D@std@@V?$allocator@D@2@@2@_N_J_KNVallocator@2@Uadl_serializer@json_abi_v3_11_3@nlohmann@@V?$vector@EV?$allocator@E@std@@@2@X@json_abi_v3_11_3@nlohmann@@AEBV?$array@M$03@std@@@Z@std@@@Z@V?$basic_json@Vmap@std@@Vvector@2@V?$basic_string@DU?$char_traits@D@std@@V?$allocator@D@2@@2@_N_J_KNVallocator@2@Uadl_serializer@json_abi_v3_11_3@nlohmann@@V?$vector@EV?$allocator@E@std@@@2@X@json_abi_v3_11_3@nlohmann@@AEBVValue@3@AEBV?$tuple@$$V@5@@std@@
AeCompute.dll,157228912,0x95f1f70,flow,.?AV?$_Func_impl_no_alloc@V<lambda_1>@?6???$func@UJsonDeserialize@Property@flow@@V?$array@M$03@std@@@DataTypeDefinition@flow@@QEAAAEAV23@AEBV?$function@$$A6AXAEAV?$array@M$03@std@@AEBV?$basic_json@Vmap@std@@Vvector@2@V?$basic_string@DU?$char_traits@D@std@@V?$allocator@D@2@@2@_N_J_KNVallocator@2@Uadl_serializer@json_abi_v3_11_3@nlohmann@@V?$vector@EV?$allocator@E@std@@@2@X@json_abi_v3_11_3@nlohmann@@@Z@std@@@Z@XAEAVValue@3@AEBV?$tuple@AEBV?$basic_json@Vmap@std@@Vvector@2@V?$basic_string@DU?$char_traits@D@std@@V?$allocator@D@2@@2@_N_J_KNVallocator@2@Uadl_serializer@json_abi_v3_11_3@nlohmann@@V?$vector@EV?$allocator@E@std@@@2@X@json_abi_v3_11_3@nlohmann@@@5@@std@@
AeCompute.dll,157229600,0x95f2220,flow,.?AV?$_Func_impl_no_alloc@V<lambda_1>@?4???$func@UHash@Property@flow@@V?$array@M$03@std@@@DataTypeDefinition@flow@@QEAAAEAV23@AEBV?$function@$$A6A_KAEBV?$array@M$03@std@@@Z@std@@@Z@_KAEBVValue@3@AEBV?$tuple@$$V@5@@std@@
AeCompute.dll,157229840,0x95f2310,flow,.?AV?$_Func_impl_no_alloc@V<lambda_1>@?4???$func@UComputeByteSize@Property@flow@@V?$array@M$03@std@@@DataTypeDefinition@flow@@QEAAAEAV23@AEBV?$function@$$A6A_KAEBV?$array@M$03@std@@@Z@std@@@Z@_KAEBVValue@3@AEBV?$tuple@$$V@5@@std@@
AeCompute.dll,157230096,0x95f2410,flow,.?AV?$_Func_impl_no_alloc@V<lambda_1>@?4???$type@VValue@flow@@@TypeRegistry@flow@@QEAAAEAVDataTypeDefinition@3@V?$basic_string@DU?$char_traits@D@std@@V?$allocator@D@2@@std@@@Z@XAEAVValue@3@@std@@
AeCompute.dll,157230320,0x95f24f0,flow,.?AV?$_Func_impl_no_alloc@V<lambda_2>@?7???$type@VValue@flow@@@TypeRegistry@flow@@QEAAAEAVDataTypeDefinition@3@V?$basic_string@DU?$char_traits@D@std@@V?$allocator@D@2@@std@@@Z@_NAEBVValue@3@@std@@
AeCompute.dll,157230544,0x95f25d0,flow,.?AV?$_Func_impl_no_alloc@V<lambda_1>@?4???$func@UHash@Property@flow@@VValue@3@@DataTypeDefinition@flow@@QEAAAEAV23@AEBV?$function@$$A6A_KAEBVValue@flow@@@Z@std@@@Z@_KAEBVValue@3@AEBV?$tuple@$$V@5@@std@@
AeCompute.dll,157230768,0x95f26b0,flow,.?AV?$_Func_impl_no_alloc@V<lambda_1>@?4???$func@UComputeByteSize@Property@flow@@VValue@3@@DataTypeDefinition@flow@@QEAAAEAV23@AEBV?$function@$$A6A_KAEBVValue@flow@@@Z@std@@@Z@_KAEBVValue@3@AEBV?$tuple@$$V@5@@std@@
AeCompute.dll,157231008,0x95f27a0,flow,.?AV?$_Func_impl_no_alloc@V<lambda_1>@?4???$type@VEvent@flow@@@TypeRegistry@flow@@QEAAAEAVDataTypeDefinition@3@V?$basic_string@DU?$char_traits@D@std@@V?$allocator@D@2@@std@@@Z@XAEAVValue@3@@std@@
AeCompute.dll,157231232,0x95f2880,flow,.?AV?$_Func_impl_no_alloc@V<lambda_2>@?9???$type@VEvent@flow@@@TypeRegistry@flow@@QEAAAEAVDataTypeDefinition@3@V?$basic_string@DU?$char_traits@D@std@@V?$allocator@D@2@@std@@@Z@_NAEBVValue@3@@std@@
AeCompute.dll,157231456,0x95f2960,flow,.?AV?$_Func_impl_no_alloc@V<lambda_1>@?4???$type@V?$unordered_map@V?$basic_string@DU?$char_traits@D@std@@V?$allocator@D@2@@std@@VValue@flow@@U?$hash@V?$basic_string@DU?$char_traits@D@std@@V?$allocator@D@2@@std@@@2@U?$equal_to@V?$basic_string@DU?$char_traits@D@std@@V?$allocator@D@2@@std@@@2@V?$allocator@U?$pair@$$CBV?$basic_string@DU?$char_traits@D@std@@V?$allocator@D@2@@std@@VValue@flow@@@std@@@2@@std@@@TypeRegistry@flow@@QEAAAEAVDataTypeDefinition@3@V?$basic_string@DU?$char_traits@D@std@@V?$allocator@D@2@@std@@@Z@XAEAVValue@3@@std@@
AeCompute.dll,157232016,0x95f2b90,flow,.?AV?$_Func_impl_no_alloc@V<lambda_2>@?9???$type@V?$unordered_map@V?$basic_string@DU?$char_traits@D@std@@V?$allocator@D@2@@std@@VValue@flow@@U?$hash@V?$basic_string@DU?$char_traits@D@std@@V?$allocator@D@2@@std@@@2@U?$equal_to@V?$basic_string@DU?$char_traits@D@std@@V?$allocator@D@2@@std@@@2@V?$allocator@U?$pair@$$CBV?$basic_string@DU?$char_traits@D@std@@V?$allocator@D@2@@std@@VValue@flow@@@std@@@2@@std@@@TypeRegistry@flow@@QEAAAEAVDataTypeDefinition@3@V?$basic_string@DU?$char_traits@D@std@@V?$allocator@D@2@@std@@@Z@_NAEBVValue@3@@std@@
AeCompute.dll,157232576,0x95f2dc0,flow,.?AV?$_Func_impl_no_alloc@V<lambda_1>@?4???$func@UHash@Property@flow@@V?$unordered_map@V?$basic_string@DU?$char_traits@D@std@@V?$allocator@D@2@@std@@VValue@flow@@U?$hash@V?$basic_string@DU?$char_traits@D@std@@V?$allocator@D@2@@std@@@2@U?$equal_to@V?$basic_string@DU?$char_traits@D@std@@V?$allocator@D@2@@std@@@2@V?$allocator@U?$pair@$$CBV?$basic_string@DU?$char_traits@D@std@@V?$allocator@D@2@@std@@VValue@flow@@@std@@@2@@std@@@DataTypeDefinition@flow@@QEAAAEAV23@AEBV?$function@$$A6A_KAEBV?$unordered_map@V?$basic_string@DU?$char_traits@D@std@@V?$allocator@D@2@@std@@VValue@flow@@U?$hash@V?$basic_string@DU?$char_traits@D@std@@V?$allocator@D@2@@std@@@2@U?$equal_to@V?$basic_string@DU?$char_traits@D@std@@V?$allocator@D@2@@std@@@2@V?$allocator@U?$pair@$$CBV?$basic_string@DU?$char_traits@D@std@@V?$allocator@D@2@@std@@VValue@flow@@@std@@@2@@std@@@Z@std@@@Z@_KAEBVValue@3@AEBV?$tuple@$$V@5@@std@@
AeCompute.dll,157233488,0x95f3150,flow,.?AV?$_Func_impl_no_alloc@V<lambda_1>@?4???$func@UComputeByteSize@Property@flow@@V?$unordered_map@V?$basic_string@DU?$char_traits@D@std@@V?$allocator@D@2@@std@@VValue@flow@@U?$hash@V?$basic_string@DU?$char_traits@D@std@@V?$allocator@D@2@@std@@@2@U?$equal_to@V?$basic_string@DU?$char_traits@D@std@@V?$allocator@D@2@@std@@@2@V?$allocator@U?$pair@$$CBV?$basic_string@DU?$char_traits@D@std@@V?$allocator@D@2@@std@@VValue@flow@@@std@@@2@@std@@@DataTypeDefinition@flow@@QEAAAEAV23@AEBV?$function@$$A6A_KAEBV?$unordered_map@V?$basic_string@DU?$char_traits@D@std@@V?$allocator@D@2@@std@@VValue@flow@@U?$hash@V?$basic_string@DU?$char_traits@D@std@@V?$allocator@D@2@@std@@@2@U?$equal_to@V?$basic_string@DU?$char_traits@D@std@@V?$allocator@D@2@@std@@@2@V?$allocator@U?$pair@$$CBV?$basic_string@DU?$char_traits@D@std@@V?$allocator@D@2@@std@@VValue@flow@@@std@@@2@@std@@@Z@std@@@Z@_KAEBVValue@3@AEBV?$tuple@$$V@5@@std@@
AeCompute.dll,157234416,0x95f34f0,flow,.?AV?$_Func_impl_no_alloc@V<lambda_1>@?4???$func@UJsonSerialize@Property@flow@@V?$unordered_map@V?$basic_string@DU?$char_traits@D@std@@V?$allocator@D@2@@std@@VValue@flow@@U?$hash@V?$basic_string@DU?$char_traits@D@std@@V?$allocator@D@2@@std@@@2@U?$equal_to@V?$basic_string@DU?$char_traits@D@std@@V?$allocator@D@2@@std@@@2@V?$allocator@U?$pair@$$CBV?$basic_string@DU?$char_traits@D@std@@V?$allocator@D@2@@std@@VValue@flow@@@std@@@2@@std@@@DataTypeDefinition@flow@@QEAAAEAV23@AEBV?$function@$$A6A?AV?$basic_json@Vmap@std@@Vvector@2@V?$basic_string@DU?$char_traits@D@std@@V?$allocator@D@2@@2@_N_J_KNVallocator@2@Uadl_serializer@json_abi_v3_11_3@nlohmann@@V?$vector@EV?$allocator@E@std@@@2@X@json_abi_v3_11_3@nlohmann@@AEBV?$unordered_map@V?$basic_string@DU?$char_traits@D@std@@V?$allocator@D@2@@std@@VValue@flow@@U?$hash@V?$basic_string@DU?$char_traits@D@std@@V?$allocator@D@2@@std@@@2@U?$equal_to@V?$basic_string@DU?$char_traits@D@std@@V?$allocator@D@2@@std@@@2@V?$allocator@U?$pair@$$CBV?$basic_string@DU?$char_traits@D@std@@V?$allocator@D@2@@std@@VValue@flow@@@std@@@2@@std@@@Z@std@@@Z@V?$basic_json@Vmap@std@@Vvector@2@V?$basic_string@DU?$char_traits@D@std@@V?$allocator@D@2@@2@_N_J_KNVallocator@2@Uadl_serializer@json_abi_v3_11_3@nlohmann@@V?$vector@EV?$allocator@E@std@@@2@X@json_abi_v3_11_3@nlohmann@@AEBVValue@3@AEBV?$tuple@$$V@5@@std@@
AeCompute.dll,157235776,0x95f3a40,flow,.?AV?$_Func_impl_no_alloc@V<lambda_1>@?6???$func@UJsonDeserialize@Property@flow@@V?$unordered_map@V?$basic_string@DU?$char_traits@D@std@@V?$allocator@D@2@@std@@VValue@flow@@U?$hash@V?$basic_string@DU?$char_traits@D@std@@V?$allocator@D@2@@std@@@2@U?$equal_to@V?$basic_string@DU?$char_traits@D@std@@V?$allocator@D@2@@std@@@2@V?$allocator@U?$pair@$$CBV?$basic_string@DU?$char_traits@D@std@@V?$allocator@D@2@@std@@VValue@flow@@@std@@@2@@std@@@DataTypeDefinition@flow@@QEAAAEAV23@AEBV?$function@$$A6AXAEAV?$unordered_map@V?$basic_string@DU?$char_traits@D@std@@V?$allocator@D@2@@std@@VValue@flow@@U?$hash@V?$basic_string@DU?$char_traits@D@std@@V?$allocator@D@2@@std@@@2@U?$equal_to@V?$basic_string@DU?$char_traits@D@std@@V?$allocator@D@2@@std@@@2@V?$allocator@U?$pair@$$CBV?$basic_string@DU?$char_traits@D@std@@V?$allocator@D@2@@std@@VValue@flow@@@std@@@2@@std@@AEBV?$basic_json@Vmap@std@@Vvector@2@V?$basic_string@DU?$char_traits@D@std@@V?$allocator@D@2@@2@_N_J_KNVallocator@2@Uadl_serializer@json_abi_v3_11_3@nlohmann@@V?$vector@EV?$allocator@E@std@@@2@X@json_abi_v3_11_3@nlohmann@@@Z@std@@@Z@XAEAVValue@3@AEBV?$tuple@AEBV?$basic_json@Vmap@std@@Vvector@2@V?$basic_string@DU?$char_traits@D@std@@V?$allocator@D@2@@2@_N_J_KNVallocator@2@Uadl_serializer@json_abi_v3_11_3@nlohmann@@V?$vector@EV?$allocator@E@std@@@2@X@json_abi_v3_11_3@nlohmann@@@5@@std@@
AeCompute.dll,157237152,0x95f3fa0,flow,.?AV?$_Func_impl_no_alloc@V<lambda_1>@?4???$type@VArray@flow@@@TypeRegistry@flow@@QEAAAEAVDataTypeDefinition@3@V?$basic_string@DU?$char_traits@D@std@@V?$allocator@D@2@@std@@@Z@XAEAVValue@3@@std@@
AeCompute.dll,157237376,0x95f4080,flow,.?AV?$_Func_impl_no_alloc@V<lambda_2>@?9???$type@VArray@flow@@@TypeRegistry@flow@@QEAAAEAVDataTypeDefinition@3@V?$basic_string@DU?$char_traits@D@std@@V?$allocator@D@2@@std@@@Z@_NAEBVValue@3@@std@@
AeCompute.dll,157237600,0x95f4160,flow,.?AV?$_Ref_count_obj2@V?$Impl@V?$ContainerInterfaceImpl@VArray@flow@@@flow@@@ContainerInterface@flow@@@std@@
AeCompute.dll,157237728,0x95f41e0,flow,.?AV?$_Func_impl_no_alloc@V<lambda_1>@?4???$func@UHash@Property@flow@@VArray@3@@DataTypeDefinition@flow@@QEAAAEAV23@AEBV?$function@$$A6A_KAEBVArray@flow@@@Z@std@@@Z@_KAEBVValue@3@AEBV?$tuple@$$V@5@@std@@
AeCompute.dll,157237952,0x95f42c0,flow,.?AV?$_Func_impl_no_alloc@V<lambda_1>@?4???$func@UComputeByteSize@Property@flow@@VArray@3@@DataTypeDefinition@flow@@QEAAAEAV23@AEBV?$function@$$A6A_KAEBVArray@flow@@@Z@std@@@Z@_KAEBVValue@3@AEBV?$tuple@$$V@5@@std@@
AeCompute.dll,157238192,0x95f43b0,flow,.?AV?$_Func_impl_no_alloc@V<lambda_1>@?4???$func@UJsonSerialize@Property@flow@@VArray@3@@DataTypeDefinition@flow@@QEAAAEAV23@AEBV?$function@$$A6A?AV?$basic_json@Vmap@std@@Vvector@2@V?$basic_string@DU?$char_traits@D@std@@V?$allocator@D@2@@2@_N_J_KNVallocator@2@Uadl_serializer@json_abi_v3_11_3@nlohmann@@V?$vector@EV?$allocator@E@std@@@2@X@json_abi_v3_11_3@nlohmann@@AEBVArray@flow@@@Z@std@@@Z@V?$basic_json@Vmap@std@@Vvector@2@V?$basic_string@DU?$char_traits@D@std@@V?$allocator@D@2@@2@_N_J_KNVallocator@2@Uadl_serializer@json_abi_v3_11_3@nlohmann@@V?$vector@EV?$allocator@E@std@@@2@X@json_abi_v3_11_3@nlohmann@@AEBVValue@3@AEBV?$tuple@$$V@5@@std@@
AeCompute.dll,157238864,0x95f4650,flow,.?AV?$_Func_impl_no_alloc@V<lambda_1>@?6???$func@UJsonDeserialize@Property@flow@@VArray@3@@DataTypeDefinition@flow@@QEAAAEAV23@AEBV?$function@$$A6AXAEAVArray@flow@@AEBV?$basic_json@Vmap@std@@Vvector@2@V?$basic_string@DU?$char_traits@D@std@@V?$allocator@D@2@@2@_N_J_KNVallocator@2@Uadl_serializer@json_abi_v3_11_3@nlohmann@@V?$vector@EV?$allocator@E@std@@@2@X@json_abi_v3_11_3@nlohmann@@@Z@std@@@Z@XAEAVValue@3@AEBV?$tuple@AEBV?$basic_json@Vmap@std@@Vvector@2@V?$basic_string@DU?$char_traits@D@std@@V?$allocator@D@2@@2@_N_J_KNVallocator@2@Uadl_serializer@json_abi_v3_11_3@nlohmann@@V?$vector@EV?$allocator@E@std@@@2@X@json_abi_v3_11_3@nlohmann@@@5@@std@@
AeCompute.dll,157239536,0x95f48f0,flow,.?AV?$_Func_impl_no_alloc@V<lambda_1>@?4???$type@H@TypeRegistry@flow@@QEAAAEAVDataTypeDefinition@3@V?$basic_string@DU?$char_traits@D@std@@V?$allocator@D@2@@std@@@Z@XAEAVValue@3@@std@@
AeCompute.dll,157239744,0x95f49c0,flow,.?AV?$_Func_impl_no_alloc@V<lambda_2>@?9???$type@H@TypeRegistry@flow@@QEAAAEAVDataTypeDefinition@3@V?$basic_string@DU?$char_traits@D@std@@V?$allocator@D@2@@std@@@Z@_NAEBVValue@3@@std@@
AeCompute.dll,157239952,0x95f4a90,flow,.?AV?$_Func_impl_no_alloc@V<lambda_1>@?4???$func@UHash@Property@flow@@H@DataTypeDefinition@flow@@QEAAAEAV23@AEBV?$function@$$A6A_KAEBH@Z@std@@@Z@_KAEBVValue@3@AEBV?$tuple@$$V@5@@std@@
AeCompute.dll,157240160,0x95f4b60,flow,.?AV?$_Func_impl_no_alloc@V<lambda_1>@?4???$func@UJsonSerialize@Property@flow@@H@DataTypeDefinition@flow@@QEAAAEAV23@AEBV?$function@$$A6A?AV?$basic_json@Vmap@std@@Vvector@2@V?$basic_string@DU?$char_traits@D@std@@V?$allocator@D@2@@2@_N_J_KNVallocator@2@Uadl_serializer@json_abi_v3_11_3@nlohmann@@V?$vector@EV?$allocator@E@std@@@2@X@json_abi_v3_11_3@nlohmann@@AEBH@Z@std@@@Z@V?$basic_json@Vmap@std@@Vvector@2@V?$basic_string@DU?$char_traits@D@std@@V?$allocator@D@2@@2@_N_J_KNVallocator@2@Uadl_serializer@json_abi_v3_11_3@nlohmann@@V?$vector@EV?$allocator@E@std@@@2@X@json_abi_v3_11_3@nlohmann@@AEBVValue@3@AEBV?$tuple@$$V@5@@std@@
AeCompute.dll,157240816,0x95f4df0,flow,.?AV?$_Func_impl_no_alloc@V<lambda_1>@?6???$func@UJsonDeserialize@Property@flow@@H@DataTypeDefinition@flow@@QEAAAEAV23@AEBV?$function@$$A6AXAEAHAEBV?$basic_json@Vmap@std@@Vvector@2@V?$basic_string@DU?$char_traits@D@std@@V?$allocator@D@2@@2@_N_J_KNVallocator@2@Uadl_serializer@json_abi_v3_11_3@nlohmann@@V?$vector@EV?$allocator@E@std@@@2@X@json_abi_v3_11_3@nlohmann@@@Z@std@@@Z@XAEAVValue@3@AEBV?$tuple@AEBV?$basic_json@Vmap@std@@Vvector@2@V?$basic_string@DU?$char_traits@D@std@@V?$allocator@D@2@@2@_N_J_KNVallocator@2@Uadl_serializer@json_abi_v3_11_3@nlohmann@@V?$vector@EV?$allocator@E@std@@@2@X@json_abi_v3_11_3@nlohmann@@@5@@std@@
AeCompute.dll,157241472,0x95f5080,flow,.?AV?$_Func_impl_no_alloc@V<lambda_1>@?4???$func@UComputeByteSize@Property@flow@@H@DataTypeDefinition@flow@@QEAAAEAV23@AEBV?$function@$$A6A_KAEBH@Z@std@@@Z@_KAEBVValue@3@AEBV?$tuple@$$V@5@@std@@
AeCompute.dll,157241696,0x95f5160,flow,.?AV?$_Func_impl_no_alloc@V<lambda_1>@?4???$type@M@TypeRegistry@flow@@QEAAAEAVDataTypeDefinition@3@V?$basic_string@DU?$char_traits@D@std@@V?$allocator@D@2@@std@@@Z@XAEAVValue@3@@std@@
AeCompute.dll,157241904,0x95f5230,flow,.?AV?$_Func_impl_no_alloc@V<lambda_2>@?9???$type@M@TypeRegistry@flow@@QEAAAEAVDataTypeDefinition@3@V?$basic_string@DU?$char_traits@D@std@@V?$allocator@D@2@@std@@@Z@_NAEBVValue@3@@std@@
AeCompute.dll,157242112,0x95f5300,flow,.?AV?$_Func_impl_no_alloc@V<lambda_1>@?4???$func@UHash@Property@flow@@M@DataTypeDefinition@flow@@QEAAAEAV23@AEBV?$function@$$A6A_KAEBM@Z@std@@@Z@_KAEBVValue@3@AEBV?$tuple@$$V@5@@std@@
AeCompute.dll,157242320,0x95f53d0,flow,.?AV?$_Func_impl_no_alloc@V<lambda_1>@?4???$func@UJsonSerialize@Property@flow@@M@DataTypeDefinition@flow@@QEAAAEAV23@AEBV?$function@$$A6A?AV?$basic_json@Vmap@std@@Vvector@2@V?$basic_string@DU?$char_traits@D@std@@V?$allocator@D@2@@2@_N_J_KNVallocator@2@Uadl_serializer@json_abi_v3_11_3@nlohmann@@V?$vector@EV?$allocator@E@std@@@2@X@json_abi_v3_11_3@nlohmann@@AEBM@Z@std@@@Z@V?$basic_json@Vmap@std@@Vvector@2@V?$basic_string@DU?$char_traits@D@std@@V?$allocator@D@2@@2@_N_J_KNVallocator@2@Uadl_serializer@json_abi_v3_11_3@nlohmann@@V?$vector@EV?$allocator@E@std@@@2@X@json_abi_v3_11_3@nlohmann@@AEBVValue@3@AEBV?$tuple@$$V@5@@std@@
AeCompute.dll,157242976,0x95f5660,flow,.?AV?$_Func_impl_no_alloc@V<lambda_1>@?6???$func@UJsonDeserialize@Property@flow@@M@DataTypeDefinition@flow@@QEAAAEAV23@AEBV?$function@$$A6AXAEAMAEBV?$basic_json@Vmap@std@@Vvector@2@V?$basic_string@DU?$char_traits@D@std@@V?$allocator@D@2@@2@_N_J_KNVallocator@2@Uadl_serializer@json_abi_v3_11_3@nlohmann@@V?$vector@EV?$allocator@E@std@@@2@X@json_abi_v3_11_3@nlohmann@@@Z@std@@@Z@XAEAVValue@3@AEBV?$tuple@AEBV?$basic_json@Vmap@std@@Vvector@2@V?$basic_string@DU?$char_traits@D@std@@V?$allocator@D@2@@2@_N_J_KNVallocator@2@Uadl_serializer@json_abi_v3_11_3@nlohmann@@V?$vector@EV?$allocator@E@std@@@2@X@json_abi_v3_11_3@nlohmann@@@5@@std@@
AeCompute.dll,157243632,0x95f58f0,flow,.?AV?$_Func_impl_no_alloc@V<lambda_1>@?4???$func@UComputeByteSize@Property@flow@@M@DataTypeDefinition@flow@@QEAAAEAV23@AEBV?$function@$$A6A_KAEBM@Z@std@@@Z@_KAEBVValue@3@AEBV?$tuple@$$V@5@@std@@
AeCompute.dll,157243856,0x95f59d0,flow,.?AV?$_Func_impl_no_alloc@V<lambda_1>@?4???$type@V?$basic_string@DU?$char_traits@D@std@@V?$allocator@D@2@@std@@@TypeRegistry@flow@@QEAAAEAVDataTypeDefinition@3@V?$basic_string@DU?$char_traits@D@std@@V?$allocator@D@2@@std@@@Z@XAEAVValue@3@@std@@
AeCompute.dll,157244128,0x95f5ae0,flow,.?AV?$_Func_impl_no_alloc@V<lambda_2>@?9???$type@V?$basic_string@DU?$char_traits@D@std@@V?$allocator@D@2@@std@@@TypeRegistry@flow@@QEAAAEAVDataTypeDefinition@3@V?$basic_string@DU?$char_traits@D@std@@V?$allocator@D@2@@std@@@Z@_NAEBVValue@3@@std@@
AeCompute.dll,157244400,0x95f5bf0,flow,.?AV?$_Func_impl_no_alloc@V<lambda_1>@?4???$func@UHash@Property@flow@@V?$basic_string@DU?$char_traits@D@std@@V?$allocator@D@2@@std@@@DataTypeDefinition@flow@@QEAAAEAV23@AEBV?$function@$$A6A_KAEBV?$basic_string@DU?$char_traits@D@std@@V?$allocator@D@2@@std@@@Z@std@@@Z@_KAEBVValue@3@AEBV?$tuple@$$V@5@@std@@
AeCompute.dll,157244736,0x95f5d40,flow,.?AV?$_Func_impl_no_alloc@V<lambda_1>@?4???$func@UJsonSerialize@Property@flow@@V?$basic_string@DU?$char_traits@D@std@@V?$allocator@D@2@@std@@@DataTypeDefinition@flow@@QEAAAEAV23@AEBV?$function@$$A6A?AV?$basic_json@Vmap@std@@Vvector@2@V?$basic_string@DU?$char_traits@D@std@@V?$allocator@D@2@@2@_N_J_KNVallocator@2@Uadl_serializer@json_abi_v3_11_3@nlohmann@@V?$vector@EV?$allocator@E@std@@@2@X@json_abi_v3_11_3@nlohmann@@AEBV?$basic_string@DU?$char_traits@D@std@@V?$allocator@D@2@@std@@@Z@std@@@Z@V?$basic_json@Vmap@std@@Vvector@2@V?$basic_string@DU?$char_traits@D@std@@V?$allocator@D@2@@2@_N_J_KNVallocator@2@Uadl_serializer@json_abi_v3_11_3@nlohmann@@V?$vector@EV?$allocator@E@std@@@2@X@json_abi_v3_11_3@nlohmann@@AEBVValue@3@AEBV?$tuple@$$V@5@@std@@
AeCompute.dll,157245504,0x95f6040,flow,.?AV?$_Func_impl_no_alloc@V<lambda_1>@?6???$func@UJsonDeserialize@Property@flow@@V?$basic_string@DU?$char_traits@D@std@@V?$allocator@D@2@@std@@@DataTypeDefinition@flow@@QEAAAEAV23@AEBV?$function@$$A6AXAEAV?$basic_string@DU?$char_traits@D@std@@V?$allocator@D@2@@std@@AEBV?$basic_json@Vmap@std@@Vvector@2@V?$basic_string@DU?$char_traits@D@std@@V?$allocator@D@2@@2@_N_J_KNVallocator@2@Uadl_serializer@json_abi_v3_11_3@nlohmann@@V?$vector@EV?$allocator@E@std@@@2@X@json_abi_v3_11_3@nlohmann@@@Z@std@@@Z@XAEAVValue@3@AEBV?$tuple@AEBV?$basic_json@Vmap@std@@Vvector@2@V?$basic_string@DU?$char_traits@D@std@@V?$allocator@D@2@@2@_N_J_KNVallocator@2@Uadl_serializer@json_abi_v3_11_3@nlohmann@@V?$vector@EV?$allocator@E@std@@@2@X@json_abi_v3_11_3@nlohmann@@@5@@std@@
AeCompute.dll,157246288,0x95f6350,flow,.?AV?$_Func_impl_no_alloc@V<lambda_1>@?4???$func@UComputeByteSize@Property@flow@@V?$basic_string@DU?$char_traits@D@std@@V?$allocator@D@2@@std@@@DataTypeDefinition@flow@@QEAAAEAV23@AEBV?$function@$$A6A_KAEBV?$basic_string@DU?$char_traits@D@std@@V?$allocator@D@2@@std@@@Z@std@@@Z@_KAEBVValue@3@AEBV?$tuple@$$V@5@@std@@
AeCompute.dll,157246624,0x95f64a0,flow,.?AV?$_Func_impl_no_alloc@V<lambda_1>@?4???$type@_N@TypeRegistry@flow@@QEAAAEAVDataTypeDefinition@3@V?$basic_string@DU?$char_traits@D@std@@V?$allocator@D@2@@std@@@Z@XAEAVValue@3@@std@@
AeCompute.dll,157246832,0x95f6570,flow,.?AV?$_Func_impl_no_alloc@V<lambda_2>@?9???$type@_N@TypeRegistry@flow@@QEAAAEAVDataTypeDefinition@3@V?$basic_string@DU?$char_traits@D@std@@V?$allocator@D@2@@std@@@Z@_NAEBVValue@3@@std@@
AeCompute.dll,157247040,0x95f6640,flow,.?AV?$_Func_impl_no_alloc@V<lambda_1>@?4???$func@UHash@Property@flow@@_N@DataTypeDefinition@flow@@QEAAAEAV23@AEBV?$function@$$A6A_KAEB_N@Z@std@@@Z@_KAEBVValue@3@AEBV?$tuple@$$V@5@@std@@
AeCompute.dll,157247248,0x95f6710,flow,.?AV?$_Func_impl_no_alloc@V<lambda_1>@?4???$func@UJsonSerialize@Property@flow@@_N@DataTypeDefinition@flow@@QEAAAEAV23@AEBV?$function@$$A6A?AV?$basic_json@Vmap@std@@Vvector@2@V?$basic_string@DU?$char_traits@D@std@@V?$allocator@D@2@@2@_N_J_KNVallocator@2@Uadl_serializer@json_abi_v3_11_3@nlohmann@@V?$vector@EV?$allocator@E@std@@@2@X@json_abi_v3_11_3@nlohmann@@AEB_N@Z@std@@@Z@V?$basic_json@Vmap@std@@Vvector@2@V?$basic_string@DU?$char_traits@D@std@@V?$allocator@D@2@@2@_N_J_KNVallocator@2@Uadl_serializer@json_abi_v3_11_3@nlohmann@@V?$vector@EV?$allocator@E@std@@@2@X@json_abi_v3_11_3@nlohmann@@AEBVValue@3@AEBV?$tuple@$$V@5@@std@@
AeCompute.dll,157247904,0x95f69a0,flow,.?AV?$_Func_impl_no_alloc@V<lambda_1>@?6???$func@UJsonDeserialize@Property@flow@@_N@DataTypeDefinition@flow@@QEAAAEAV23@AEBV?$function@$$A6AXAEA_NAEBV?$basic_json@Vmap@std@@Vvector@2@V?$basic_string@DU?$char_traits@D@std@@V?$allocator@D@2@@2@_N_J_KNVallocator@2@Uadl_serializer@json_abi_v3_11_3@nlohmann@@V?$vector@EV?$allocator@E@std@@@2@X@json_abi_v3_11_3@nlohmann@@@Z@std@@@Z@XAEAVValue@3@AEBV?$tuple@AEBV?$basic_json@Vmap@std@@Vvector@2@V?$basic_string@DU?$char_traits@D@std@@V?$allocator@D@2@@2@_N_J_KNVallocator@2@Uadl_serializer@json_abi_v3_11_3@nlohmann@@V?$vector@EV?$allocator@E@std@@@2@X@json_abi_v3_11_3@nlohmann@@@5@@std@@
AeCompute.dll,157248560,0x95f6c30,flow,.?AV?$_Func_impl_no_alloc@V<lambda_1>@?4???$func@UComputeByteSize@Property@flow@@_N@DataTypeDefinition@flow@@QEAAAEAV23@AEBV?$function@$$A6A_KAEB_N@Z@std@@@Z@_KAEBVValue@3@AEBV?$tuple@$$V@5@@std@@
AeCompute.dll,157248784,0x95f6d10,flow,.?AV?$_Func_impl_no_alloc@V<lambda_1>@?4???$type@VBlob@flow@@@TypeRegistry@flow@@QEAAAEAVDataTypeDefinition@3@V?$basic_string@DU?$char_traits@D@std@@V?$allocator@D@2@@std@@@Z@XAEAVValue@3@@std@@
AeCompute.dll,157249008,0x95f6df0,flow,.?AV?$_Func_impl_no_alloc@V<lambda_2>@?9???$type@VBlob@flow@@@TypeRegistry@flow@@QEAAAEAVDataTypeDefinition@3@V?$basic_string@DU?$char_traits@D@std@@V?$allocator@D@2@@std@@@Z@_NAEBVValue@3@@std@@
AeCompute.dll,157249232,0x95f6ed0,flow,.?AV?$_Func_impl_no_alloc@V<lambda_1>@?4???$func@UJsonSerialize@Property@flow@@VBlob@3@@DataTypeDefinition@flow@@QEAAAEAV23@AEBV?$function@$$A6A?AV?$basic_json@Vmap@std@@Vvector@2@V?$basic_string@DU?$char_traits@D@std@@V?$allocator@D@2@@2@_N_J_KNVallocator@2@Uadl_serializer@json_abi_v3_11_3@nlohmann@@V?$vector@EV?$allocator@E@std@@@2@X@json_abi_v3_11_3@nlohmann@@AEBVBlob@flow@@@Z@std@@@Z@V?$basic_json@Vmap@std@@Vvector@2@V?$basic_string@DU?$char_traits@D@std@@V?$allocator@D@2@@2@_N_J_KNVallocator@2@Uadl_serializer@json_abi_v3_11_3@nlohmann@@V?$vector@EV?$allocator@E@std@@@2@X@json_abi_v3_11_3@nlohmann@@AEBVValue@3@AEBV?$tuple@$$V@5@@std@@
AeCompute.dll,157249904,0x95f7170,flow,.?AV?$_Func_impl_no_alloc@V<lambda_1>@?6???$func@UJsonDeserialize@Property@flow@@VBlob@3@@DataTypeDefinition@flow@@QEAAAEAV23@AEBV?$function@$$A6AXAEAVBlob@flow@@AEBV?$basic_json@Vmap@std@@Vvector@2@V?$basic_string@DU?$char_traits@D@std@@V?$allocator@D@2@@2@_N_J_KNVallocator@2@Uadl_serializer@json_abi_v3_11_3@nlohmann@@V?$vector@EV?$allocator@E@std@@@2@X@json_abi_v3_11_3@nlohmann@@@Z@std@@@Z@XAEAVValue@3@AEBV?$tuple@AEBV?$basic_json@Vmap@std@@Vvector@2@V?$basic_string@DU?$char_traits@D@std@@V?$allocator@D@2@@2@_N_J_KNVallocator@2@Uadl_serializer@json_abi_v3_11_3@nlohmann@@V?$vector@EV?$allocator@E@std@@@2@X@json_abi_v3_11_3@nlohmann@@@5@@std@@
AeCompute.dll,157250576,0x95f7410,flow,.?AV?$_Func_impl_no_alloc@V<lambda_1>@?4???$func@UHash@Property@flow@@VBlob@3@@DataTypeDefinition@flow@@QEAAAEAV23@AEBV?$function@$$A6A_KAEBVBlob@flow@@@Z@std@@@Z@_KAEBVValue@3@AEBV?$tuple@$$V@5@@std@@
AeCompute.dll,157250800,0x95f74f0,flow,.?AV?$_Func_impl_no_alloc@V<lambda_1>@?4???$func@UComputeByteSize@Property@flow@@VBlob@3@@DataTypeDefinition@flow@@QEAAAEAV23@AEBV?$function@$$A6A_KAEBVBlob@flow@@@Z@std@@@Z@_KAEBVValue@3@AEBV?$tuple@$$V@5@@std@@
AeCompute.dll,157251040,0x95f75e0,flow,.?AU?$Storage@Vstring_id@1foonathan@@@Value@flow@@
AeCompute.dll,157251112,0x95f7628,flow,.?AU?$Storage@V?$array@M$01@std@@@Value@flow@@
AeCompute.dll,157251176,0x95f7668,flow,.?AU?$Storage@V?$array@M$03@std@@@Value@flow@@
AeCompute.dll,157251240,0x95f76a8,flow,.?AU?$Storage@VEvent@flow@@@Value@flow@@
AeCompute.dll,157251312,0x95f76f0,flow,.?AU?$Storage@V?$ScalarSubset@HH@flow@@@Value@flow@@
AeCompute.dll,157251392,0x95f7740,flow,.?AU?$Storage@VIterator@?$ScalarSubset@HH@flow@@@Value@flow@@
AeCompute.dll,157251472,0x95f7790,flow,.?AU?$Storage@V?$function@$$A6AXAEAVValue@flow@@@Z@std@@@Value@flow@@
AeCompute.dll,157251568,0x95f77f0,flow,.?AU?$Storage@V?$function@$$A6A_NAEBVValue@flow@@@Z@std@@@Value@flow@@
AeCompute.dll,157251664,0x95f7850,flow,.?AU?$Storage@VContainerInterface@flow@@@Value@flow@@
AeCompute.dll,157251744,0x95f78a0,flow,.?AU?$Storage@V?$function@$$A6A?AVValue@flow@@AEBV12@@Z@std@@@Value@flow@@
AeCompute.dll,157251840,0x95f7900,flow,.?AU?$Storage@V?$function@$$A6A?AV?$basic_json@Vmap@std@@Vvector@2@V?$basic_string@DU?$char_traits@D@std@@V?$allocator@D@2@@2@_N_J_KNVallocator@2@Uadl_serializer@json_abi_v3_11_3@nlohmann@@V?$vector@EV?$allocator@E@std@@@2@X@json_abi_v3_11_3@nlohmann@@AEBVValue@flow@@AEBV?$tuple@$$V@std@@@Z@std@@@Value@flow@@
AeCompute.dll,157252176,0x95f7a50,flow,.?AU?$Storage@V?$function@$$A6AXAEAVValue@flow@@AEBV?$tuple@AEBV?$basic_json@Vmap@std@@Vvector@2@V?$basic_string@DU?$char_traits@D@std@@V?$allocator@D@2@@2@_N_J_KNVallocator@2@Uadl_serializer@json_abi_v3_11_3@nlohmann@@V?$vector@EV?$allocator@E@std@@@2@X@json_abi_v3_11_3@nlohmann@@@std@@@Z@std@@@Value@flow@@
AeCompute.dll,157252512,0x95f7ba0,flow,.?AU?$Storage@V?$function@$$A6A_KAEBVValue@flow@@AEBV?$tuple@$$V@std@@@Z@std@@@Value@flow@@
AeCompute.dll,157252624,0x95f7c10,flow,.?AVDefinition@flow@@
AeCompute.dll,157252664,0x95f7c38,flow,.?AVSocketDefinition@flow@@
AeCompute.dll,157252720,0x95f7c70,flow,.?AV?$_Func_impl_no_alloc@V<lambda_1>@?1??update_subgraph_node_type@flow@@YA?AVstring_id@4foonathan@@VGraphHandle@3@@Z@_NAEAVNodeContext@3@@std@@
AeCompute.dll,157252896,0x95f7d20,flow,.?AV?$_Func_impl_no_alloc@V<lambda_1>@?5??get_subgraph_socket_map@flow@@YA?AV?$unordered_map@VSocket@flow@@V12@U?$hash@VSocket@flow@@@std@@U?$equal_to@VSocket@flow@@@4@V?$allocator@U?$pair@$$CBVSocket@flow@@V12@@std@@@4@@std@@VGraphHandle@3@VNode@3@@Z@XVSocket@3@@std@@
AeCompute.dll,157253184,0x95f7e40,flow,.?AU?$Storage@V?$shared_ptr@VGraphEvaluation@flow@@@std@@@Value@flow@@
AeCompute.dll,157253272,0x95f7e98,flow,.?AU?$Storage@VGraphHandle@flow@@@Value@flow@@
AeCompute.dll,157253336,0x95f7ed8,flow,.?AVNodeTypeDefinition@flow@@
AeCompute.dll,157253384,0x95f7f08,flow,.?AVNodeImplementation@flow@@
AeCompute.dll,157253432,0x95f7f38,flow,.?AVKey@flow@@
AeCompute.dll,157253464,0x95f7f58,flow,.?AVEvalKey@flow@@
AeCompute.dll,157253504,0x95f7f80,flow,.?AVRequirementBase@flow@@
AeCompute.dll,157253648,0x95f8010,flow,.?AV?$_Func_base@XAEAVNodeImplementation@flow@@AEAVRequirementBase@2@MV?$basic_string_view@DU?$char_traits@D@std@@@std@@@std@@
AeCompute.dll,157253792,0x95f80a0,flow,.?AVStateRequirement@flow@@
AeCompute.dll,157253840,0x95f80d0,flow,.?AV?$Requirement@_N@flow@@
AeCompute.dll,157253888,0x95f8100,flow,.?AV?$_Func_impl_no_alloc@V<lambda_1>@?1???1NodeImplementation@flow@@UEAA@XZ@_NV?$shared_ptr@VExecutorCycleDetector@flow@@@std@@@std@@
AeCompute.dll,157254048,0x95f81a0,flow,.?AV?$_Func_impl_no_alloc@V<lambda_1>@?P@??fulfill_requirements@NodeImplementation@flow@@QEAA_NAEBV?$function@$$A6AXAEAVNodeImplementation@flow@@AEAVRequirementBase@2@MV?$basic_string_view@DU?$char_traits@D@std@@@std@@@Z@std@@AEBV?$function@$$A6AXXZ@6@@Z@XMV?$basic_string_view@DU?$char_traits@D@std@@@6@@std@@
AeCompute.dll,157254384,0x95f82f0,flow,.?AV?$_Func_impl_no_alloc@V<lambda_2>@?P@??fulfill_requirements@NodeImplementation@flow@@QEAA_NAEBV?$function@$$A6AXAEAVNodeImplementation@flow@@AEAVRequirementBase@2@MV?$basic_string_view@DU?$char_traits@D@std@@@std@@@Z@std@@AEBV?$function@$$A6AXXZ@6@@Z@X$$V@std@@
AeCompute.dll,157254672,0x95f8410,flow,.?AV?$_Func_impl_no_alloc@V<lambda_3>@?1??execute@NodeImplementation@flow@@QEAA_NAEAVNodeContext@4@@Z@X$$V@std@@
AeCompute.dll,157254816,0x95f84a0,flow,.?AV?$_Func_impl_no_alloc@V<lambda_1>@?BH@??execute@NodeImplementation@flow@@QEAA_NAEAVNodeContext@4@@Z@XAEAV34@AEAVRequirementBase@4@MV?$basic_string_view@DU?$char_traits@D@std@@@std@@@std@@
AeCompute.dll,157255024,0x95f8570,flow,.?AV?$_Func_impl_no_alloc@V<lambda_2>@?BJ@??execute@NodeImplementation@flow@@QEAA_NAEAVNodeContext@4@@Z@XAEAV34@AEAVRequirementBase@4@MV?$basic_string_view@DU?$char_traits@D@std@@@std@@@std@@
AeCompute.dll,157255232,0x95f8640,flow,.?AU?$Storage@_K@Value@flow@@
AeCompute.dll,157255280,0x95f8670,flow,.?AVDataKey@flow@@
AeCompute.dll,157255328,0x95f86a0,flow,.?AV?$_Func_base@XAEAV?$basic_ostream@DU?$char_traits@D@std@@@std@@AEBVValue@flow@@@std@@
AeCompute.dll,157255440,0x95f8710,flow,.?AV?$_Func_base@XAEAVValue@flow@@AEAV?$basic_istream@DU?$char_traits@D@std@@@std@@@std@@
AeCompute.dll,157255552,0x95f8780,flow|cache,.?AV?$_Ref_count_obj2@VMemoryCache@flow@@@std@@
AeCompute.dll,157255616,0x95f87c0,flow|cache,.?AV?$_Ref_count_obj2@VDiskCache@flow@@@std@@
AeCompute.dll,157255680,0x95f8800,flow|cache,.?AV?$_Func_impl_no_alloc@V<lambda_1>@?1??make_default_memory_cache@flow@@YA?AV?$shared_ptr@VMemoryCache@flow@@@std@@_K@Z@_KAEBVValue@3@@std@@
AeCompute.dll,157255840,0x95f88a0,flow,.?AV?$_Func_impl_no_alloc@P6AXAEAV?$basic_ostream@DU?$char_traits@D@std@@@std@@AEBVValue@flow@@@ZXAEAV12@AEBV34@@std@@
AeCompute.dll,157255984,0x95f8930,flow,.?AV?$_Func_impl_no_alloc@P6AXAEAVValue@flow@@AEAV?$basic_istream@DU?$char_traits@D@std@@@std@@@ZXAEAV12@AEAV34@@std@@
AeCompute.dll,157256120,0x95f89b8,flow,.?AVEventDefinition@flow@@
AeCompute.dll,157257888,0x95f90a0,flow,.?AV?$_Func_impl_no_alloc@V<lambda_1>@?1??register_trigger_node@EventDefinition@flow@@QEAA?AVstring_id@5foonathan@@AEAVContext@4@@Z@_NAEAVNodeContext@4@@std@@
AeCompute.dll,157258288,0x95f9230,flow,.?AV?$_Func_impl_no_alloc@V<lambda_1>@?1???$func@$1?generic_event_fire_node@flow@@YA_NAEAVNodeContext@2@@Z@NodeFactory@flow@@QEAAAEAV23@XZ@_NAEAVNodeContext@3@@std@@
AeCompute.dll,157258480,0x95f92f0,flow,.?AU?$Storage@V?$unordered_map@Vstring_id@1foonathan@@VProperties@flow@@U?$hash@Vstring_id@1foonathan@@@std@@U?$equal_to@Vstring_id@1foonathan@@@6@V?$allocator@U?$pair@$$CBVstring_id@1foonathan@@VProperties@flow@@@std@@@6@@std@@@Value@flow@@
AeCompute.dll,157258752,0x95f9400,flow,.?AV?$_Func_impl_no_alloc@V?$_Fake_no_copy_callable_adapter@V<lambda_1>@?1???R1?1??register_trigger_node@EventDefinition@flow@@QEAA?AVstring_id@5foonathan@@AEAVContext@4@@Z@QEBA@AEAVNodeContext@4@@Z@@std@@X$$V@std@@
AeCompute.dll,157258992,0x95f94f0,flow,.?AU?$_InitialTaskHandle@XV<lambda_1>@?1???$?0V?$_Fake_no_copy_callable_adapter@V<lambda_1>@?1???R1?1??register_trigger_node@EventDefinition@flow@@QEAA?AVstring_id@5foonathan@@AEAVContext@4@@Z@QEBA@AEAVNodeContext@4@@Z@@std@@@?$_Task_async_state@X@std@@QEAA@$$QEAV?$_Fake_no_copy_callable_adapter@V<lambda_1>@?1???R1?1??register_trigger_node@EventDefinition@flow@@QEAA?AVstring_id@5foonathan@@AEAVContext@4@@Z@QEBA@AEAVNodeContext@4@@Z@@3@@Z@U_TypeSelectorNoAsync@details@Concurrency@@@?$task@E@Concurrency@@
AeCompute.dll,157259520,0x95f9700,flow,.?AU?$_PPLTaskHandle@EU?$_InitialTaskHandle@XV<lambda_1>@?1???$?0V?$_Fake_no_copy_callable_adapter@V<lambda_1>@?1???R1?1??register_trigger_node@EventDefinition@flow@@QEAA?AVstring_id@5foonathan@@AEAVContext@4@@Z@QEBA@AEAVNodeContext@4@@Z@@std@@@?$_Task_async_state@X@std@@QEAA@$$QEAV?$_Fake_no_copy_callable_adapter@V<lambda_1>@?1???R1?1??register_trigger_node@EventDefinition@flow@@QEAA?AVstring_id@5foonathan@@AEAVContext@4@@Z@QEBA@AEAVNodeContext@4@@Z@@3@@Z@U_TypeSelectorNoAsync@details@Concurrency@@@?$task@E@Concurrency@@U_TaskProcHandle@details@3@@details@Concurrency@@
AeCompute.dll,157260128,0x95f9960,flow,.?AV?$_Func_impl_no_alloc@V<lambda_1>@?1???$?0V?$_Fake_no_copy_callable_adapter@V<lambda_1>@?1???R1?1??register_trigger_node@EventDefinition@flow@@QEAA?AVstring_id@5foonathan@@AEAVContext@4@@Z@QEBA@AEAVNodeContext@4@@Z@@std@@@?$_Task_async_state@X@std@@QEAA@$$QEAV?$_Fake_no_copy_callable_adapter@V<lambda_1>@?1???R1?1??register_trigger_node@EventDefinition@flow@@QEAA?AVstring_id@5foonathan@@AEAVContext@4@@Z@QEBA@AEAVNodeContext@4@@Z@@3@@Z@X$$V@std@@
AeCompute.dll,157260608,0x95f9b40,flow,.?AV?$_Func_impl_no_alloc@V<lambda_1>@?1??destroy_value@flow@@YA_NAEBVContext@3@AEAVValue@3@V?$shared_ptr@VExecutorCycleDetector@flow@@@std@@@Z@_NV67@@std@@
AeCompute.dll,157260784,0x95f9bf0,flow,.?AV?$_Func_impl_no_alloc@V<lambda_2>@?BA@??destroy_values_by_affinity@flow@@YAXAEBVContext@3@AEBV?$unordered_map@V?$basic_string_view@DU?$char_traits@D@std@@@std@@V?$vector@PEAVValue@flow@@V?$allocator@PEAVValue@flow@@@std@@@2@U?$hash@V?$basic_string_view@DU?$char_traits@D@std@@@std@@@2@U?$equal_to@V?$basic_string_view@DU?$char_traits@D@std@@@std@@@2@V?$allocator@U?$pair@$$CBV?$basic_string_view@DU?$char_traits@D@std@@@std@@V?$vector@PEAVValue@flow@@V?$allocator@PEAVValue@flow@@@std@@@2@@std@@@2@@std@@V?$shared_ptr@VExecutorCycleDetector@flow@@@6@@Z@_NV76@@std@@
AeCompute.dll,157261376,0x95f9e40,flow,.?AU?$Storage@Vpath@filesystem@std@@@Value@flow@@
AeCompute.dll,157261448,0x95f9e88,flow,.?AVGraphEvaluation@flow@@
AeCompute.dll,157261504,0x95f9ec0,flow,.?AV?$enable_shared_from_this@VGraphEvaluation@flow@@@std@@
AeCompute.dll,157261584,0x95f9f10,flow,.?AV?$_Ref_count@VGraphEvaluation@flow@@@std@@
AeCompute.dll,157261648,0x95f9f50,flow,.?AV?$_Func_impl_no_alloc@V?$_Fake_no_copy_callable_adapter@V<lambda_1>@?1??start@GraphEvaluation@flow@@QEAA_NXZ@@std@@X$$V@std@@
AeCompute.dll,157261808,0x95f9ff0,flow,.?AU?$_InitialTaskHandle@XV<lambda_1>@?1???$?0V?$_Fake_no_copy_callable_adapter@V<lambda_1>@?1??start@GraphEvaluation@flow@@QEAA_NXZ@@std@@@?$_Task_async_state@X@std@@QEAA@$$QEAV?$_Fake_no_copy_callable_adapter@V<lambda_1>@?1??start@GraphEvaluation@flow@@QEAA_NXZ@@3@@Z@U_TypeSelectorNoAsync@details@Concurrency@@@?$task@E@Concurrency@@
AeCompute.dll,157262176,0x95fa160,flow,.?AU?$_PPLTaskHandle@EU?$_InitialTaskHandle@XV<lambda_1>@?1???$?0V?$_Fake_no_copy_callable_adapter@V<lambda_1>@?1??start@GraphEvaluation@flow@@QEAA_NXZ@@std@@@?$_Task_async_state@X@std@@QEAA@$$QEAV?$_Fake_no_copy_callable_adapter@V<lambda_1>@?1??start@GraphEvaluation@flow@@QEAA_NXZ@@3@@Z@U_TypeSelectorNoAsync@details@Concurrency@@@?$task@E@Concurrency@@U_TaskProcHandle@details@3@@details@Concurrency@@
AeCompute.dll,157262608,0x95fa310,flow,.?AV?$_Func_impl_no_alloc@V<lambda_1>@?1???$?0V?$_Fake_no_copy_callable_adapter@V<lambda_1>@?1??start@GraphEvaluation@flow@@QEAA_NXZ@@std@@@?$_Task_async_state@X@std@@QEAA@$$QEAV?$_Fake_no_copy_callable_adapter@V<lambda_1>@?1??start@GraphEvaluation@flow@@QEAA_NXZ@@3@@Z@X$$V@std@@
AeCompute.dll,157262976,0x95fa480,flow,.?AV?$_Ref_count@VStreamEvaluation@flow@@@std@@
AeCompute.dll,157263040,0x95fa4c0,flow,.?AV?$_Func_impl_no_alloc@V<lambda_1>@?BD@??advance@StreamEvaluation@flow@@AEAA_NV?$shared_ptr@VExecutorCycleDetector@flow@@@std@@@Z@_NV56@@std@@
AeCompute.dll,157263216,0x95fa570,flow,.?AV?$_Func_impl_no_alloc@V<lambda_1>@?1??get_flow_successors@StreamEvaluation@flow@@AEAA?AV?$vector@VNode@flow@@V?$allocator@VNode@flow@@@std@@@std@@VNode@4@@Z@XVSocket@4@@std@@
AeCompute.dll,157263584,0x95fa6e0,flow,.?AV?$_Func_impl_no_alloc@V?$_Fake_no_copy_callable_adapter@V<lambda_1>@?1??evaluate_async@StreamEvaluation@flow@@QEAAXXZ@@std@@_N$$V@std@@
AeCompute.dll,157263744,0x95fa780,flow,.?AU?$_InitialTaskHandle@XV<lambda_1>@?1???$?0V?$_Fake_no_copy_callable_adapter@V<lambda_1>@?1??evaluate_async@StreamEvaluation@flow@@QEAAXXZ@@std@@@?$_Task_async_state@_N@std@@QEAA@$$QEAV?$_Fake_no_copy_callable_adapter@V<lambda_1>@?1??evaluate_async@StreamEvaluation@flow@@QEAAXXZ@@3@@Z@U_TypeSelectorNoAsync@details@Concurrency@@@?$task@E@Concurrency@@
AeCompute.dll,157264128,0x95fa900,flow,.?AU?$_PPLTaskHandle@EU?$_InitialTaskHandle@XV<lambda_1>@?1???$?0V?$_Fake_no_copy_callable_adapter@V<lambda_1>@?1??evaluate_async@StreamEvaluation@flow@@QEAAXXZ@@std@@@?$_Task_async_state@_N@std@@QEAA@$$QEAV?$_Fake_no_copy_callable_adapter@V<lambda_1>@?1??evaluate_async@StreamEvaluation@flow@@QEAAXXZ@@3@@Z@U_TypeSelectorNoAsync@details@Concurrency@@@?$task@E@Concurrency@@U_TaskProcHandle@details@3@@details@Concurrency@@
AeCompute.dll,157264576,0x95faac0,flow,.?AV?$_Func_impl_no_alloc@V<lambda_1>@?1???$?0V?$_Fake_no_copy_callable_adapter@V<lambda_1>@?1??evaluate_async@StreamEvaluation@flow@@QEAAXXZ@@std@@@?$_Task_async_state@_N@std@@QEAA@$$QEAV?$_Fake_no_copy_callable_adapter@V<lambda_1>@?1??evaluate_async@StreamEvaluation@flow@@QEAAXXZ@@3@@Z@X$$V@std@@
AeCompute.dll,157264896,0x95fac00,flow,.?AVStreamNodeContext@flow@@
AeCompute.dll,157264944,0x95fac30,flow,.?AV?$_Func_impl_no_alloc@V<lambda_1>@?1??clear@StreamNodeContext@flow@@QEAAXXZ@XVSocket@4@@std@@
AeCompute.dll,157265072,0x95facb0,flow,.?AV?$_Func_impl_no_alloc@V<lambda_1>@?BB@??evaluate@StreamNodeContext@flow@@UEAA_NXZ@X$$V@std@@
AeCompute.dll,157265192,0x95fad28,flow,.?AV?$_Func_base@XAEBVNode@flow@@@std@@
AeCompute.dll,157265248,0x95fad60,flow,.?AV?$_Func_base@XAEBVSocket@flow@@AEAV?$vector@VSocket@flow@@V?$allocator@VSocket@flow@@@std@@@std@@AEAV?$unordered_set@VSocket@flow@@U?$hash@VSocket@flow@@@std@@U?$equal_to@VSocket@flow@@@4@V?$allocator@VSocket@flow@@@4@@4@@std@@
AeCompute.dll,157265504,0x95fae60,flow,.?AV?$_Func_impl_no_alloc@V<lambda_1>@?1??get_source_nodes_for@flow@@YA?AU?$pair@V?$unordered_set@VNode@flow@@U?$hash@VNode@flow@@@std@@U?$equal_to@VNode@flow@@@4@V?$allocator@VNode@flow@@@4@@std@@V12@@std@@AEBVNode@3@@Z@XAEBV63@@std@@
AeCompute.dll,157265760,0x95faf60,flow,.?AV?$_Func_impl_no_alloc@V<lambda_1>@?1??compute_graph_domain@flow@@YA?AV?$unique_ptr@VGraphDomain@flow@@U?$default_delete@VGraphDomain@flow@@@std@@@std@@AEBV?$unordered_set@VSocket@flow@@U?$hash@VSocket@flow@@@std@@U?$equal_to@VSocket@flow@@@4@V?$allocator@VSocket@flow@@@4@@5@@Z@XAEBVSocket@3@AEAV?$vector@VSocket@flow@@V?$allocator@VSocket@flow@@@std@@@5@AEAV65@@std@@
AeCompute.dll,157266208,0x95fb120,flow,.?AV?$_Func_base@XUStep@TaskRewriter@flow@@@std@@
AeCompute.dll,157266280,0x95fb168,flow,.?AV?$_Ref_count_obj2@VTaskGraph@flow@@@std@@
AeCompute.dll,157266352,0x95fb1b0,flow,.?AV?$_Func_impl_no_alloc@V<lambda_1>@?1??get_init_function@flow@@YA?AV?$function@$$A6A?AVTaskData@flow@@V12@V?$function@$$A6A_NXZ@std@@@Z@std@@VNode@3@@Z@VTaskData@3@V73@V?$function@$$A6A_NXZ@5@@std@@
AeCompute.dll,157266576,0x95fb290,flow,.?AV?$_Func_impl_no_alloc@V<lambda_1>@?1??get_element_getter_function@flow@@YA?AV?$function@$$A6A?AVTaskData@flow@@V12@V?$function@$$A6A_NXZ@std@@@Z@std@@VNode@3@VValue@3@@Z@VTaskData@3@V83@V?$function@$$A6A_NXZ@5@@std@@
AeCompute.dll,157266816,0x95fb380,flow,.?AV?$_Func_impl_no_alloc@V<lambda_1>@?1??get_pass_through_function@flow@@YA?AV?$function@$$A6A?AVTaskData@flow@@V12@V?$function@$$A6A_NXZ@std@@@Z@std@@VNode@3@@Z@VTaskData@3@V73@V?$function@$$A6A_NXZ@5@@std@@
AeCompute.dll,157267056,0x95fb470,flow,.?AV?$_Func_impl_no_alloc@V<lambda_1>@?1??get_regular_function@flow@@YA?AV?$function@$$A6A?AVTaskData@flow@@V12@V?$function@$$A6A_NXZ@std@@@Z@std@@VNode@3@@Z@VTaskData@3@V73@V?$function@$$A6A_NXZ@5@@std@@
AeCompute.dll,157267280,0x95fb550,flow,.?AV?$_Func_impl_no_alloc@V<lambda_1>@?1??get_merge_function@flow@@YA?AV?$function@$$A6A?AVTaskData@flow@@V12@V?$function@$$A6A_NXZ@std@@@Z@std@@VNode@3@VValue@3@AEBV?$basic_string@DU?$char_traits@D@std@@V?$allocator@D@2@@5@@Z@VTaskData@3@V93@V?$function@$$A6A_NXZ@5@@std@@
AeCompute.dll,157267584,0x95fb680,flow,.?AV?$_Func_impl_no_alloc@V<lambda_1>@?1??get_dynamic_subgraph_function@Impl@TaskRewriter@flow@@SA?AV?$function@$$A6A?AVTaskData@flow@@V12@V?$function@$$A6A_NXZ@std@@@Z@std@@UStep@45@V?$weak_ptr@VTaskRewriter@flow@@@7@@Z@VTaskData@5@VTaskData@5@V?$function@$$A6A_NXZ@7@@std@@
AeCompute.dll,157267888,0x95fb7b0,flow,.?AV?$_Func_impl_no_alloc@V<lambda_1>@?3??rewrite_with_stack@Impl@TaskRewriter@flow@@QEAAXUStep@45@@Z@XU645@@std@@
AeCompute.dll,157268032,0x95fb840,flow,.?AV?$_Func_impl_no_alloc@V<lambda_1>@?3??rewrite_with_queue@Impl@TaskRewriter@flow@@QEAAXUStep@45@@Z@XU645@@std@@
AeCompute.dll,157268176,0x95fb8d0,flow,.?AV?$_Func_impl_no_alloc@V<lambda_1>@?1???0Impl@TaskRewriter@flow@@QEAA@VGraphHandle@4@AEBV?$shared_ptr@VTaskGraph@flow@@@std@@@Z@_N_K_K_K@std@@
AeCompute.dll,157268688,0x95fbad0,flow|cache,.?AVCache@flow@@
AeCompute.dll,157268728,0x95fbaf8,flow|cache,.?AVDiskCache@flow@@
AeCompute.dll,157268936,0x95fbbc8,flow|cache,.?AVMemoryCache@flow@@
AeCompute.dll,157268976,0x95fbbf0,flow,.?AVArrayMapNodeContext@flow@@
AeCompute.dll,157269024,0x95fbc20,flow,.?AVArrayMapElementNodeContext@flow@@
AeCompute.dll,157269088,0x95fbc60,flow,.?AV?$_Ref_count_resource@PEAVValue@flow@@U?$default_delete@VValue@flow@@@std@@@std@@
AeCompute.dll,157269192,0x95fbcc8,flow,.?AVTaskContext@flow@@
AeCompute.dll,157269232,0x95fbcf0,flow,.?AV?$_Func_impl_no_alloc@V<lambda_1>@?1??run@TaskContext@flow@@QEAA_NXZ@_NV?$shared_ptr@VExecutorCycleDetector@flow@@@std@@@std@@
AeCompute.dll,157269392,0x95fbd90,flow,.?AV?$_Func_impl_no_alloc@V<lambda_1>@?5???R1?1??run@TaskContext@flow@@QEAA_NXZ@QEBA@V?$shared_ptr@VExecutorCycleDetector@flow@@@std@@@Z@X$$V@std@@
AeCompute.dll,157269560,0x95fbe38,flow,.?AV?$_Func_base@XAEAVContext@flow@@@std@@
AeCompute.dll,157269792,0x95fbf20,flow,.?AV?$Requirement@Vpath@filesystem@std@@@flow@@
AeCompute.dll,157271104,0x95fc440,flow,.?AV?$_Func_impl_no_alloc@V<lambda_1>@?4??resolve_requirement@?A0x0ed68a4f@transmute@@YAXAEBV?$basic_string@DU?$char_traits@D@std@@V?$allocator@D@2@@std@@AEBV?$basic_json@Vmap@std@@Vvector@2@V?$basic_string@DU?$char_traits@D@std@@V?$allocator@D@2@@2@_N_J_KNVallocator@2@Uadl_serializer@json_abi_v3_11_3@nlohmann@@V?$vector@EV?$allocator@E@std@@@2@X@json_abi_v3_11_3@nlohmann@@AEBVpath@filesystem@6@2AEAV?$back_insert_iterator@V?$vector@V?$shared_ptr@VRequirementBase@flow@@@std@@V?$allocator@V?$shared_ptr@VRequirementBase@flow@@@std@@@2@@std@@@6@@Z@XAEBV789@@std@@
AeCompute.dll,157271696,0x95fc690,flow,.?AV?$_Func_impl_no_alloc@V<lambda_2>@?8??resolve_requirement@?A0x0ed68a4f@transmute@@YAXAEBV?$basic_string@DU?$char_traits@D@std@@V?$allocator@D@2@@std@@AEBV?$basic_json@Vmap@std@@Vvector@2@V?$basic_string@DU?$char_traits@D@std@@V?$allocator@D@2@@2@_N_J_KNVallocator@2@Uadl_serializer@json_abi_v3_11_3@nlohmann@@V?$vector@EV?$allocator@E@std@@@2@X@json_abi_v3_11_3@nlohmann@@AEBVpath@filesystem@6@2AEAV?$back_insert_iterator@V?$vector@V?$shared_ptr@VRequirementBase@flow@@@std@@V?$allocator@V?$shared_ptr@VRequirementBase@flow@@@std@@@2@@std@@@6@@Z@XAEBV789@@std@@
AeCompute.dll,157272288,0x95fc8e0,flow,.?AV?$_Func_impl_no_alloc@V<lambda_3>@?N@??resolve_requirement@?A0x0ed68a4f@transmute@@YAXAEBV?$basic_string@DU?$char_traits@D@std@@V?$allocator@D@2@@std@@AEBV?$basic_json@Vmap@std@@Vvector@2@V?$basic_string@DU?$char_traits@D@std@@V?$allocator@D@2@@2@_N_J_KNVallocator@2@Uadl_serializer@json_abi_v3_11_3@nlohmann@@V?$vector@EV?$allocator@E@std@@@2@X@json_abi_v3_11_3@nlohmann@@AEBVpath@filesystem@6@2AEAV?$back_insert_iterator@V?$vector@V?$shared_ptr@VRequirementBase@flow@@@std@@V?$allocator@V?$shared_ptr@VRequirementBase@flow@@@std@@@2@@std@@@6@@Z@XAEBV789@@std@@
AeCompute.dll,157272880,0x95fcb30,flow,.?AV?$_Func_impl_no_alloc@V<lambda_4>@?BB@??resolve_requirement@?A0x0ed68a4f@transmute@@YAXAEBV?$basic_string@DU?$char_traits@D@std@@V?$allocator@D@2@@std@@AEBV?$basic_json@Vmap@std@@Vvector@2@V?$basic_string@DU?$char_traits@D@std@@V?$allocator@D@2@@2@_N_J_KNVallocator@2@Uadl_serializer@json_abi_v3_11_3@nlohmann@@V?$vector@EV?$allocator@E@std@@@2@X@json_abi_v3_11_3@nlohmann@@AEBVpath@filesystem@6@2AEAV?$back_insert_iterator@V?$vector@V?$shared_ptr@VRequirementBase@flow@@@std@@V?$allocator@V?$shared_ptr@VRequirementBase@flow@@@std@@@2@@std@@@6@@Z@XAEBV789@@std@@
AeCompute.dll,157273472,0x95fcd80,flow,.?AV?$_Func_impl_no_alloc@V<lambda_5>@?BF@??resolve_requirement@?A0x0ed68a4f@transmute@@YAXAEBV?$basic_string@DU?$char_traits@D@std@@V?$allocator@D@2@@std@@AEBV?$basic_json@Vmap@std@@Vvector@2@V?$basic_string@DU?$char_traits@D@std@@V?$allocator@D@2@@2@_N_J_KNVallocator@2@Uadl_serializer@json_abi_v3_11_3@nlohmann@@V?$vector@EV?$allocator@E@std@@@2@X@json_abi_v3_11_3@nlohmann@@AEBVpath@filesystem@6@2AEAV?$back_insert_iterator@V?$vector@V?$shared_ptr@VRequirementBase@flow@@@std@@V?$allocator@V?$shared_ptr@VRequirementBase@flow@@@std@@@2@@std@@@6@@Z@XAEBV789@@std@@
AeCompute.dll,157274064,0x95fcfd0,flow,.?AV?$_Func_impl_no_alloc@V<lambda_1>@?L@???R1?1??JSON_to_loadfn@?A0x0ed68a4f@transmute@@YA?AV?$function@$$A6AXAEAVContext@flow@@@Z@std@@AEBV?$basic_json@Vmap@std@@Vvector@2@V?$basic_string@DU?$char_traits@D@std@@V?$allocator@D@2@@2@_N_J_KNVallocator@2@Uadl_serializer@json_abi_v3_11_3@nlohmann@@V?$vector@EV?$allocator@E@std@@@2@X@json_abi_v3_11_3@nlohmann@@AEBVpath@filesystem@6@@Z@QEBA@AEAVContext@flow@@@Z@XAEBV789@@std@@
AeCompute.dll,157274512,0x95fd190,flow,.?AV?$_Func_impl_no_alloc@V<lambda_3>@?BB@???R<lambda_1>@?1??JSON_to_loadfn@?A0x0ed68a4f@transmute@@YA?AV?$function@$$A6AXAEAVContext@flow@@@Z@std@@AEBV?$basic_json@Vmap@std@@Vvector@2@V?$basic_string@DU?$char_traits@D@std@@V?$allocator@D@2@@2@_N_J_KNVallocator@2@Uadl_serializer@json_abi_v3_11_3@nlohmann@@V?$vector@EV?$allocator@E@std@@@2@X@json_abi_v3_11_3@nlohmann@@AEBVpath@filesystem@7@@Z@QEBA@AEAVContext@flow@@@Z@XAEBV89nlohmann@@@std@@
AeCompute.dll,157274976,0x95fd360,flow,.?AV?$_Func_impl_no_alloc@V<lambda_1>@?1??JSON_to_loadfn@?A0x0ed68a4f@transmute@@YA?AV?$function@$$A6AXAEAVContext@flow@@@Z@std@@AEBV?$basic_json@Vmap@std@@Vvector@2@V?$basic_string@DU?$char_traits@D@std@@V?$allocator@D@2@@2@_N_J_KNVallocator@2@Uadl_serializer@json_abi_v3_11_3@nlohmann@@V?$vector@EV?$allocator@E@std@@@2@X@json_abi_v3_11_3@nlohmann@@AEBVpath@filesystem@6@@Z@XAEAVContext@flow@@@std@@
AeCompute.dll,157275408,0x95fd510,flow,.?AV?$_Func_impl_no_alloc@V<lambda_1>@?1??from_JSON@ModuleSpec@transmute@@SA?AV34@AEBVpath@filesystem@std@@V?$basic_string_view@DU?$char_traits@D@std@@@7@@Z@XAEAVContext@flow@@@std@@
AeCompute.dll,157275616,0x95fd5e0,flow,.?AU?$Storage@V?$vector@V?$shared_ptr@UFileDependency@transmute@@@std@@V?$allocator@V?$shared_ptr@UFileDependency@transmute@@@std@@@2@@std@@@Value@flow@@
AeCompute.dll,157275792,0x95fd690,flow,.?AU?$Storage@V?$vector@V?$shared_ptr@VRequirementBase@flow@@@std@@V?$allocator@V?$shared_ptr@VRequirementBase@flow@@@std@@@2@@std@@@Value@flow@@
AeCompute.dll,157276064,0x95fd7a0,flow,.?AU?$Storage@W4AtomicOperation@transmute@@@Value@flow@@
AeCompute.dll,157276144,0x95fd7f0,flow,.?AV?$_Func_impl_no_alloc@V<lambda_1>@?1???$func@$1?binary_image_op@?A0xfdc2dc91@transmute@@YA_NAEAVNodeContext@flow@@@Z@NodeFactory@flow@@QEAAAEAV23@XZ@_NAEAVNodeContext@3@@std@@
AeCompute.dll,157276352,0x95fd8c0,flow,.?AV?$_Func_impl_no_alloc@V<lambda_1>@?1???$func@$1?binary_image_op_array@?A0xfdc2dc91@transmute@@YA_NAEAVNodeContext@flow@@@Z@NodeFactory@flow@@QEAAAEAV23@XZ@_NAEAVNodeContext@3@@std@@
AeCompute.dll,157302336,0x9603e40,flow,.?AV?$_Func_impl_no_alloc@V<lambda_1>@?1???$func@$1?pack_depth_to_rgba_threejs_func@?A0x9afbf3b6@transmute@@YA_NAEAVNodeContext@flow@@@Z@NodeFactory@flow@@QEAAAEAV23@XZ@_NAEAVNodeContext@3@@std@@
AeCompute.dll,157302560,0x9603f20,flow,.?AV?$_Func_impl_no_alloc@V<lambda_1>@?1???$func@$1?pack_depth_to_rgba_scaling_func@?A0x9afbf3b6@transmute@@YA_NAEAVNodeContext@flow@@@Z@NodeFactory@flow@@QEAAAEAV23@XZ@_NAEAVNodeContext@3@@std@@
AeCompute.dll,157302784,0x9604000,flow,.?AV?$_Func_impl_no_alloc@V<lambda_1>@?1???$func@$1?pack_depth_to_rgba_cast_func@?A0x9afbf3b6@transmute@@YA_NAEAVNodeContext@flow@@@Z@NodeFactory@flow@@QEAAAEAV23@XZ@_NAEAVNodeContext@3@@std@@
AeCompute.dll,157303008,0x96040e0,flow,.?AV?$_Func_impl_no_alloc@V<lambda_1>@?1???$func@$1?unpack_rgba_to_depth_threejs_func@?A0x9afbf3b6@transmute@@YA_NAEAVNodeContext@flow@@@Z@NodeFactory@flow@@QEAAAEAV23@XZ@_NAEAVNodeContext@3@@std@@
AeCompute.dll,157303232,0x96041c0,flow,.?AV?$_Func_impl_no_alloc@V<lambda_1>@?1???$func@$1?unpack_rgba_to_depth_scaling_func@?A0x9afbf3b6@transmute@@YA_NAEAVNodeContext@flow@@@Z@NodeFactory@flow@@QEAAAEAV23@XZ@_NAEAVNodeContext@3@@std@@
AeCompute.dll,157303456,0x96042a0,flow,.?AV?$_Func_impl_no_alloc@V<lambda_1>@?1???$func@$1?unpack_rgba_to_depth_cast_func@?A0x9afbf3b6@transmute@@YA_NAEAVNodeContext@flow@@@Z@NodeFactory@flow@@QEAAAEAV23@XZ@_NAEAVNodeContext@3@@std@@
AeCompute.dll,157303680,0x9604380,flow,.?AV?$_Func_impl_no_alloc@P6A_NAEAVNodeContext@flow@@@Z_NAEAV12@@std@@
AeCompute.dll,157303776,0x96043e0,flow,.?AV?$_Func_impl_no_alloc@V<lambda_1>@?1???$func@$1?add_alpha_channel_func@?A0xadffffae@transmute@@YA_NAEAVNodeContext@flow@@@Z@NodeFactory@flow@@QEAAAEAV23@XZ@_NAEAVNodeContext@3@@std@@
AeCompute.dll,157303984,0x96044b0,flow,.?AV?$_Func_impl_no_alloc@V<lambda_1>@?1???$func@$1?extract_channel_func@?A0xadffffae@transmute@@YA_NAEAVNodeContext@flow@@@Z@NodeFactory@flow@@QEAAAEAV23@XZ@_NAEAVNodeContext@3@@std@@
AeCompute.dll,157304192,0x9604580,flow,.?AV?$_Func_impl_no_alloc@V<lambda_1>@?1???$func@$1?extract_channel_by_index_func@?A0xadffffae@transmute@@YA_NAEAVNodeContext@flow@@@Z@NodeFactory@flow@@QEAAAEAV23@XZ@_NAEAVNodeContext@3@@std@@
AeCompute.dll,157304416,0x9604660,flow,.?AV?$_Func_impl_no_alloc@V<lambda_1>@?1???$func@$1?split_channels_func@?A0xadffffae@transmute@@YA_NAEAVNodeContext@flow@@@Z@NodeFactory@flow@@QEAAAEAV23@XZ@_NAEAVNodeContext@3@@std@@
AeCompute.dll,157304624,0x9604730,flow,.?AU?$start_for@V?$blocked_range@_J@d1@detail@tbb@@V?$parallel_for_body_wrapper@V<lambda_1>@?1???R1?1??dilate_func@?A0xaa300f36@transmute@@YA_NAEAVNodeContext@flow@@@Z@QEBAXXZ@_J@234@$$CBVauto_partitioner@234@@d1@detail@tbb@@
AeCompute.dll,157304880,0x9604830,flow,.?AU?$start_for@V?$blocked_range@_J@d1@detail@tbb@@V?$parallel_for_body_wrapper@V<lambda_1>@?1???R1?1??erode_func@?A0xaa300f36@transmute@@YA_NAEAVNodeContext@flow@@@Z@QEBAXXZ@_J@234@$$CBVauto_partitioner@234@@d1@detail@tbb@@
AeCompute.dll,157305136,0x9604930,flow,.?AV?$_Func_impl_no_alloc@V<lambda_1>@?1???$func@$1?dilate_func@?A0xaa300f36@transmute@@YA_NAEAVNodeContext@flow@@@Z@NodeFactory@flow@@QEAAAEAV23@XZ@_NAEAVNodeContext@3@@std@@
AeCompute.dll,157305328,0x96049f0,flow,.?AV?$_Func_impl_no_alloc@V<lambda_1>@?1???$func@$1?erode_func@?A0xaa300f36@transmute@@YA_NAEAVNodeContext@flow@@@Z@NodeFactory@flow@@QEAAAEAV23@XZ@_NAEAVNodeContext@3@@std@@
AeCompute.dll,157305520,0x9604ab0,flow,.?AV?$_Func_impl_no_alloc@V<lambda_1>@?1??register_region_nodes@transmute@@YAXPEAVContext@flow@@@Z@_NAEAVNodeContext@5@@std@@
AeCompute.dll,157305664,0x9604b40,flow,.?AV?$_Func_impl_no_alloc@V<lambda_2>@?1??register_region_nodes@transmute@@YAXPEAVContext@flow@@@Z@_NAEAVNodeContext@5@@std@@
AeCompute.dll,157305808,0x9604bd0,flow,.?AU?$Storage@VImageRegion@transmute@@@Value@flow@@
AeCompute.dll,157305888,0x9604c20,flow,.?AU?$start_for@V?$blocked_range@_J@d1@detail@tbb@@V?$parallel_for_body_wrapper@V<lambda_1>@?1???R1?1???$?RE@1?1???R<lambda_2>@?1??register_region_nodes@transmute@@YAXPEAVContext@flow@@@Z@QEBA@AEAVNodeContext@6@@Z@QEBA?A_PE@Z@QEBAXXZ@_J@234@$$CBVauto_partitioner@234@@d1@detail@tbb@@
AeCompute.dll,157306192,0x9604d50,flow,.?AU?$start_for@V?$blocked_range@_J@d1@detail@tbb@@V?$parallel_for_body_wrapper@V<lambda_1>@?1???R1?1???$?RG@1?1???R<lambda_2>@?1??register_region_nodes@transmute@@YAXPEAVContext@flow@@@Z@QEBA@AEAVNodeContext@6@@Z@QEBA?A_PG@Z@QEBAXXZ@_J@234@$$CBVauto_partitioner@234@@d1@detail@tbb@@
AeCompute.dll,157306496,0x9604e80,flow,.?AU?$start_for@V?$blocked_range@_J@d1@detail@tbb@@V?$parallel_for_body_wrapper@V<lambda_1>@?1???R1?1???$?RM@1?1???R<lambda_2>@?1??register_region_nodes@transmute@@YAXPEAVContext@flow@@@Z@QEBA@AEAVNodeContext@6@@Z@QEBA?A_PM@Z@QEBAXXZ@_J@234@$$CBVauto_partitioner@234@@d1@detail@tbb@@
AeCompute.dll,157306800,0x9604fb0,flow,.?AU?$start_for@V?$blocked_range@_J@d1@detail@tbb@@V?$parallel_for_body_wrapper@V<lambda_1>@?1???R1?1???$?RN@1?1???R<lambda_2>@?1??register_region_nodes@transmute@@YAXPEAVContext@flow@@@Z@QEBA@AEAVNodeContext@6@@Z@QEBA?A_PN@Z@QEBAXXZ@_J@234@$$CBVauto_partitioner@234@@d1@detail@tbb@@
AeCompute.dll,157307104,0x96050e0,flow,.?AU?$Storage@V?$shared_ptr@VTensor@solax@@@std@@@Value@flow@@
AeCompute.dll,157307184,0x9605130,flow,.?AV?$_Func_impl_no_alloc@V<lambda_1>@?1???$func@$1?clone_image_func@?A0x30f07ddb@transmute@@YA_NAEAVNodeContext@flow@@@Z@NodeFactory@flow@@QEAAAEAV23@XZ@_NAEAVNodeContext@3@@std@@
AeCompute.dll,157307392,0x9605200,flow,.?AV?$_Func_impl_no_alloc@V<lambda_1>@?1???$func@$1?convert_image_func@?A0x30f07ddb@transmute@@YA_NAEAVNodeContext@flow@@@Z@NodeFactory@flow@@QEAAAEAV23@XZ@_NAEAVNodeContext@3@@std@@
AeCompute.dll,157307600,0x96052d0,flow,.?AV?$_Func_impl_no_alloc@V<lambda_1>@?1???$func@$1?create_image_func@?A0x30f07ddb@transmute@@YA_NAEAVNodeContext@flow@@@Z@NodeFactory@flow@@QEAAAEAV23@XZ@_NAEAVNodeContext@3@@std@@
AeCompute.dll,157307808,0x96053a0,flow,.?AV?$_Func_impl_no_alloc@V<lambda_1>@?1???$func@$1?fill_image_func@?A0x30f07ddb@transmute@@YA_NAEAVNodeContext@flow@@@Z@NodeFactory@flow@@QEAAAEAV23@XZ@_NAEAVNodeContext@3@@std@@
AeCompute.dll,157308016,0x9605470,flow,.?AV?$_Func_impl_no_alloc@V<lambda_1>@?1???$func@$1?invert_image_func@?A0x30f07ddb@transmute@@YA_NAEAVNodeContext@flow@@@Z@NodeFactory@flow@@QEAAAEAV23@XZ@_NAEAVNodeContext@3@@std@@
AeCompute.dll,157308224,0x9605540,flow,.?AV?$_Func_impl_no_alloc@V<lambda_1>@?1???$func@$1?query_image_func@?A0x30f07ddb@transmute@@YA_NAEAVNodeContext@flow@@@Z@NodeFactory@flow@@QEAAAEAV23@XZ@_NAEAVNodeContext@3@@std@@
AeCompute.dll,157308432,0x9605610,flow,.?AV?$_Func_impl_no_alloc@V<lambda_1>@?1???$func@$1?convert_disparity_depth_func@?A0x30f07ddb@transmute@@YA_NAEAVNodeContext@flow@@@Z@NodeFactory@flow@@QEAAAEAV23@XZ@_NAEAVNodeContext@3@@std@@
AeCompute.dll,157308656,0x96056f0,flow,.?AV?$_Func_impl_no_alloc@V<lambda_1>@?1???$func@$1?convert_disparity_depth_func_tensor@?A0x30f07ddb@transmute@@YA_NAEAVNodeContext@flow@@@Z@NodeFactory@flow@@QEAAAEAV23@XZ@_NAEAVNodeContext@3@@std@@
AeCompute.dll,157308880,0x96057d0,flow,.?AV?$_Func_impl_no_alloc@V<lambda_1>@?1???$func@$1?image_float_values_remapping_func@?A0x30f07ddb@transmute@@YA_NAEAVNodeContext@flow@@@Z@NodeFactory@flow@@QEAAAEAV23@XZ@_NAEAVNodeContext@3@@std@@
AeCompute.dll,157311184,0x96060d0,flow,.?AV?$_Func_base@_NAEAW4ColorSpace@solax@@AEAUUIData@flow@@AEBVProperties@4@@std@@
AeCompute.dll,157311296,0x9606140,flow,.?AV?$_Func_base@_NAEAW4ScalarType@solax@@AEAUUIData@flow@@AEBVProperties@4@@std@@
AeCompute.dll,157311408,0x96061b0,flow,.?AV?$_Func_base@_NAEAW4ChannelType@solax@@AEAUUIData@flow@@AEBVProperties@4@@std@@
AeCompute.dll,157311520,0x9606220,flow,.?AV?$_Func_base@_NAEAVValue@flow@@AEBV?$tuple@AEAUUIData@flow@@AEBVProperties@2@@std@@@std@@
AeCompute.dll,157315104,0x9607020,flow,.?AV?$_Func_impl_no_alloc@V<lambda_1>@?1???$register_as_enum@W4ColorSpace@solax@@@DataTypeDefinition@flow@@QEAAXAEBV?$vector@V?$basic_string@DU?$char_traits@D@std@@V?$allocator@D@2@@std@@V?$allocator@V?$basic_string@DU?$char_traits@D@std@@V?$allocator@D@2@@std@@@2@@std@@AEBV?$vector@W4ColorSpace@solax@@V?$allocator@W4ColorSpace@solax@@@std@@@5@@Z@_NAEAW4ColorSpace@solax@@AEAUUIData@3@AEBVProperties@3@@std@@
AeCompute.dll,157315536,0x96071d0,flow,.?AV?$_Func_impl_no_alloc@V<lambda_1>@?4???$func@UHash@Property@flow@@W4ColorSpace@solax@@@DataTypeDefinition@flow@@QEAAAEAV23@AEBV?$function@$$A6A_KAEBW4ColorSpace@solax@@@Z@std@@@Z@_KAEBVValue@3@AEBV?$tuple@$$V@5@@std@@
AeCompute.dll,157315776,0x96072c0,flow,.?AV?$_Func_impl_no_alloc@V<lambda_1>@?4???$func@UComputeByteSize@Property@flow@@W4ColorSpace@solax@@@DataTypeDefinition@flow@@QEAAAEAV23@AEBV?$function@$$A6A_KAEBW4ColorSpace@solax@@@Z@std@@@Z@_KAEBVValue@3@AEBV?$tuple@$$V@5@@std@@
AeCompute.dll,157316032,0x96073c0,flow,.?AV?$_Func_impl_no_alloc@V<lambda_1>@?4???$func@UJsonSerialize@Property@flow@@W4ColorSpace@solax@@@DataTypeDefinition@flow@@QEAAAEAV23@AEBV?$function@$$A6A?AV?$basic_json@Vmap@std@@Vvector@2@V?$basic_string@DU?$char_traits@D@std@@V?$allocator@D@2@@2@_N_J_KNVallocator@2@Uadl_serializer@json_abi_v3_11_3@nlohmann@@V?$vector@EV?$allocator@E@std@@@2@X@json_abi_v3_11_3@nlohmann@@AEBW4ColorSpace@solax@@@Z@std@@@Z@V?$basic_json@Vmap@std@@Vvector@2@V?$basic_string@DU?$char_traits@D@std@@V?$allocator@D@2@@2@_N_J_KNVallocator@2@Uadl_serializer@json_abi_v3_11_3@nlohmann@@V?$vector@EV?$allocator@E@std@@@2@X@json_abi_v3_11_3@nlohmann@@AEBVValue@3@AEBV?$tuple@$$V@5@@std@@
AeCompute.dll,157316720,0x9607670,flow,.?AV?$_Func_impl_no_alloc@V<lambda_1>@?6???$func@UJsonDeserialize@Property@flow@@W4ColorSpace@solax@@@DataTypeDefinition@flow@@QEAAAEAV23@AEBV?$function@$$A6AXAEAW4ColorSpace@solax@@AEBV?$basic_json@Vmap@std@@Vvector@2@V?$basic_string@DU?$char_traits@D@std@@V?$allocator@D@2@@2@_N_J_KNVallocator@2@Uadl_serializer@json_abi_v3_11_3@nlohmann@@V?$vector@EV?$allocator@E@std@@@2@X@json_abi_v3_11_3@nlohmann@@@Z@std@@@Z@XAEAVValue@3@AEBV?$tuple@AEBV?$basic_json@Vmap@std@@Vvector@2@V?$basic_string@DU?$char_traits@D@std@@V?$allocator@D@2@@2@_N_J_KNVallocator@2@Uadl_serializer@json_abi_v3_11_3@nlohmann@@V?$vector@EV?$allocator@E@std@@@2@X@json_abi_v3_11_3@nlohmann@@@5@@std@@
AeCompute.dll,157317408,0x9607920,flow,.?AV?$_Func_impl_no_alloc@V<lambda_1>@?1???$register_as_enum@W4ScalarType@solax@@@DataTypeDefinition@flow@@QEAAXAEBV?$vector@V?$basic_string@DU?$char_traits@D@std@@V?$allocator@D@2@@std@@V?$allocator@V?$basic_string@DU?$char_traits@D@std@@V?$allocator@D@2@@std@@@2@@std@@AEBV?$vector@W4ScalarType@solax@@V?$allocator@W4ScalarType@solax@@@std@@@5@@Z@_NAEAW4ScalarType@solax@@AEAUUIData@3@AEBVProperties@3@@std@@
AeCompute.dll,157317840,0x9607ad0,flow,.?AV?$_Func_impl_no_alloc@V<lambda_1>@?4???$func@UHash@Property@flow@@W4ScalarType@solax@@@DataTypeDefinition@flow@@QEAAAEAV23@AEBV?$function@$$A6A_KAEBW4ScalarType@solax@@@Z@std@@@Z@_KAEBVValue@3@AEBV?$tuple@$$V@5@@std@@
AeCompute.dll,157318080,0x9607bc0,flow,.?AV?$_Func_impl_no_alloc@V<lambda_1>@?4???$func@UComputeByteSize@Property@flow@@W4ScalarType@solax@@@DataTypeDefinition@flow@@QEAAAEAV23@AEBV?$function@$$A6A_KAEBW4ScalarType@solax@@@Z@std@@@Z@_KAEBVValue@3@AEBV?$tuple@$$V@5@@std@@
AeCompute.dll,157318336,0x9607cc0,flow,.?AV?$_Func_impl_no_alloc@V<lambda_1>@?4???$func@UJsonSerialize@Property@flow@@W4ScalarType@solax@@@DataTypeDefinition@flow@@QEAAAEAV23@AEBV?$function@$$A6A?AV?$basic_json@Vmap@std@@Vvector@2@V?$basic_string@DU?$char_traits@D@std@@V?$allocator@D@2@@2@_N_J_KNVallocator@2@Uadl_serializer@json_abi_v3_11_3@nlohmann@@V?$vector@EV?$allocator@E@std@@@2@X@json_abi_v3_11_3@nlohmann@@AEBW4ScalarType@solax@@@Z@std@@@Z@V?$basic_json@Vmap@std@@Vvector@2@V?$basic_string@DU?$char_traits@D@std@@V?$allocator@D@2@@2@_N_J_KNVallocator@2@Uadl_serializer@json_abi_v3_11_3@nlohmann@@V?$vector@EV?$allocator@E@std@@@2@X@json_abi_v3_11_3@nlohmann@@AEBVValue@3@AEBV?$tuple@$$V@5@@std@@
AeCompute.dll,157319024,0x9607f70,flow,.?AV?$_Func_impl_no_alloc@V<lambda_1>@?6???$func@UJsonDeserialize@Property@flow@@W4ScalarType@solax@@@DataTypeDefinition@flow@@QEAAAEAV23@AEBV?$function@$$A6AXAEAW4ScalarType@solax@@AEBV?$basic_json@Vmap@std@@Vvector@2@V?$basic_string@DU?$char_traits@D@std@@V?$allocator@D@2@@2@_N_J_KNVallocator@2@Uadl_serializer@json_abi_v3_11_3@nlohmann@@V?$vector@EV?$allocator@E@std@@@2@X@json_abi_v3_11_3@nlohmann@@@Z@std@@@Z@XAEAVValue@3@AEBV?$tuple@AEBV?$basic_json@Vmap@std@@Vvector@2@V?$basic_string@DU?$char_traits@D@std@@V?$allocator@D@2@@2@_N_J_KNVallocator@2@Uadl_serializer@json_abi_v3_11_3@nlohmann@@V?$vector@EV?$allocator@E@std@@@2@X@json_abi_v3_11_3@nlohmann@@@5@@std@@
AeCompute.dll,157319712,0x9608220,flow,.?AV?$_Func_impl_no_alloc@V<lambda_1>@?1???$register_as_enum@W4ChannelType@solax@@@DataTypeDefinition@flow@@QEAAXAEBV?$vector@V?$basic_string@DU?$char_traits@D@std@@V?$allocator@D@2@@std@@V?$allocator@V?$basic_string@DU?$char_traits@D@std@@V?$allocator@D@2@@std@@@2@@std@@AEBV?$vector@W4ChannelType@solax@@V?$allocator@W4ChannelType@solax@@@std@@@5@@Z@_NAEAW4ChannelType@solax@@AEAUUIData@3@AEBVProperties@3@@std@@
AeCompute.dll,157320144,0x96083d0,flow,.?AV?$_Func_impl_no_alloc@V<lambda_1>@?4???$func@UHash@Property@flow@@W4ChannelType@solax@@@DataTypeDefinition@flow@@QEAAAEAV23@AEBV?$function@$$A6A_KAEBW4ChannelType@solax@@@Z@std@@@Z@_KAEBVValue@3@AEBV?$tuple@$$V@5@@std@@
AeCompute.dll,157320384,0x96084c0,flow,.?AV?$_Func_impl_no_alloc@V<lambda_1>@?4???$func@UComputeByteSize@Property@flow@@W4ChannelType@solax@@@DataTypeDefinition@flow@@QEAAAEAV23@AEBV?$function@$$A6A_KAEBW4ChannelType@solax@@@Z@std@@@Z@_KAEBVValue@3@AEBV?$tuple@$$V@5@@std@@
AeCompute.dll,157320640,0x96085c0,flow,.?AV?$_Func_impl_no_alloc@V<lambda_1>@?4???$func@UJsonSerialize@Property@flow@@V?$shared_ptr@VImage@solax@@@std@@@DataTypeDefinition@flow@@QEAAAEAV23@AEBV?$function@$$A6A?AV?$basic_json@Vmap@std@@Vvector@2@V?$basic_string@DU?$char_traits@D@std@@V?$allocator@D@2@@2@_N_J_KNVallocator@2@Uadl_serializer@json_abi_v3_11_3@nlohmann@@V?$vector@EV?$allocator@E@std@@@2@X@json_abi_v3_11_3@nlohmann@@AEBV?$shared_ptr@VImage@solax@@@std@@@Z@std@@@Z@V?$basic_json@Vmap@std@@Vvector@2@V?$basic_string@DU?$char_traits@D@std@@V?$allocator@D@2@@2@_N_J_KNVallocator@2@Uadl_serializer@json_abi_v3_11_3@nlohmann@@V?$vector@EV?$allocator@E@std@@@2@X@json_abi_v3_11_3@nlohmann@@AEBVValue@3@AEBV?$tuple@$$V@5@@std@@
AeCompute.dll,157321360,0x9608890,flow,.?AV?$_Func_impl_no_alloc@V<lambda_1>@?6???$func@UJsonDeserialize@Property@flow@@V?$shared_ptr@VImage@solax@@@std@@@DataTypeDefinition@flow@@QEAAAEAV23@AEBV?$function@$$A6AXAEAV?$shared_ptr@VImage@solax@@@std@@AEBV?$basic_json@Vmap@std@@Vvector@2@V?$basic_string@DU?$char_traits@D@std@@V?$allocator@D@2@@2@_N_J_KNVallocator@2@Uadl_serializer@json_abi_v3_11_3@nlohmann@@V?$vector@EV?$allocator@E@std@@@2@X@json_abi_v3_11_3@nlohmann@@@Z@std@@@Z@XAEAVValue@3@AEBV?$tuple@AEBV?$basic_json@Vmap@std@@Vvector@2@V?$basic_string@DU?$char_traits@D@std@@V?$allocator@D@2@@2@_N_J_KNVallocator@2@Uadl_serializer@json_abi_v3_11_3@nlohmann@@V?$vector@EV?$allocator@E@std@@@2@X@json_abi_v3_11_3@nlohmann@@@5@@std@@
AeCompute.dll,157322080,0x9608b60,flow,.?AV?$_Func_impl_no_alloc@V<lambda_1>@?4???$func@UHash@Property@flow@@V?$shared_ptr@VImage@solax@@@std@@@DataTypeDefinition@flow@@QEAAAEAV23@AEBV?$function@$$A6A_KAEBV?$shared_ptr@VImage@solax@@@std@@@Z@std@@@Z@_KAEBVValue@3@AEBV?$tuple@$$V@5@@std@@
AeCompute.dll,157322352,0x9608c70,flow,.?AV?$_Func_impl_no_alloc@V<lambda_1>@?4???$func@UComputeByteSize@Property@flow@@V?$shared_ptr@VImage@solax@@@std@@@DataTypeDefinition@flow@@QEAAAEAV23@AEBV?$function@$$A6A_KAEBV?$shared_ptr@VImage@solax@@@std@@@Z@std@@@Z@_KAEBVValue@3@AEBV?$tuple@$$V@5@@std@@
AeCompute.dll,157322640,0x9608d90,flow,.?AV?$_Func_impl_no_alloc@V<lambda_1>@?4???$type@W4ColorSpace@solax@@@TypeRegistry@flow@@QEAAAEAVDataTypeDefinition@3@V?$basic_string@DU?$char_traits@D@std@@V?$allocator@D@2@@std@@@Z@XAEAVValue@3@@std@@
AeCompute.dll,157322864,0x9608e70,flow,.?AV?$_Func_impl_no_alloc@V<lambda_2>@?9???$type@W4ColorSpace@solax@@@TypeRegistry@flow@@QEAAAEAVDataTypeDefinition@3@V?$basic_string@DU?$char_traits@D@std@@V?$allocator@D@2@@std@@@Z@_NAEBVValue@3@@std@@
AeCompute.dll,157323088,0x9608f50,flow,.?AV?$_Func_impl_no_alloc@V<lambda_1>@?6???$func@UWidget@Property@flow@@W4ColorSpace@solax@@@DataTypeDefinition@flow@@QEAAAEAV23@AEBV?$function@$$A6A_NAEAW4ColorSpace@solax@@AEAUUIData@flow@@AEBVProperties@4@@Z@std@@@Z@_NAEAVValue@3@AEBV?$tuple@AEAUUIData@flow@@AEBVProperties@2@@5@@std@@
AeCompute.dll,157323408,0x9609090,flow,.?AV?$_Func_impl_no_alloc@V<lambda_1>@?4???$type@W4ScalarType@solax@@@TypeRegistry@flow@@QEAAAEAVDataTypeDefinition@3@V?$basic_string@DU?$char_traits@D@std@@V?$allocator@D@2@@std@@@Z@XAEAVValue@3@@std@@
AeCompute.dll,157323632,0x9609170,flow,.?AV?$_Func_impl_no_alloc@V<lambda_2>@?9???$type@W4ScalarType@solax@@@TypeRegistry@flow@@QEAAAEAVDataTypeDefinition@3@V?$basic_string@DU?$char_traits@D@std@@V?$allocator@D@2@@std@@@Z@_NAEBVValue@3@@std@@
AeCompute.dll,157323856,0x9609250,flow,.?AV?$_Func_impl_no_alloc@V<lambda_1>@?6???$func@UWidget@Property@flow@@W4ScalarType@solax@@@DataTypeDefinition@flow@@QEAAAEAV23@AEBV?$function@$$A6A_NAEAW4ScalarType@solax@@AEAUUIData@flow@@AEBVProperties@4@@Z@std@@@Z@_NAEAVValue@3@AEBV?$tuple@AEAUUIData@flow@@AEBVProperties@2@@5@@std@@
AeCompute.dll,157324176,0x9609390,flow,.?AV?$_Func_impl_no_alloc@V<lambda_1>@?4???$type@W4ChannelType@solax@@@TypeRegistry@flow@@QEAAAEAVDataTypeDefinition@3@V?$basic_string@DU?$char_traits@D@std@@V?$allocator@D@2@@std@@@Z@XAEAVValue@3@@std@@
AeCompute.dll,157324400,0x9609470,flow,.?AV?$_Func_impl_no_alloc@V<lambda_2>@?9???$type@W4ChannelType@solax@@@TypeRegistry@flow@@QEAAAEAVDataTypeDefinition@3@V?$basic_string@DU?$char_traits@D@std@@V?$allocator@D@2@@std@@@Z@_NAEBVValue@3@@std@@
AeCompute.dll,157324624,0x9609550,flow,.?AV?$_Func_impl_no_alloc@V<lambda_1>@?6???$func@UWidget@Property@flow@@W4ChannelType@solax@@@DataTypeDefinition@flow@@QEAAAEAV23@AEBV?$function@$$A6A_NAEAW4ChannelType@solax@@AEAUUIData@flow@@AEBVProperties@4@@Z@std@@@Z@_NAEAVValue@3@AEBV?$tuple@AEAUUIData@flow@@AEBVProperties@2@@5@@std@@
AeCompute.dll,157324944,0x9609690,flow,.?AV?$_Func_impl_no_alloc@V<lambda_1>@?4???$type@V?$shared_ptr@VImage@solax@@@std@@@TypeRegistry@flow@@QEAAAEAVDataTypeDefinition@3@V?$basic_string@DU?$char_traits@D@std@@V?$allocator@D@2@@std@@@Z@XAEAVValue@3@@std@@
AeCompute.dll,157325184,0x9609780,flow,.?AV?$_Func_impl_no_alloc@V<lambda_2>@?9???$type@V?$shared_ptr@VImage@solax@@@std@@@TypeRegistry@flow@@QEAAAEAVDataTypeDefinition@3@V?$basic_string@DU?$char_traits@D@std@@V?$allocator@D@2@@std@@@Z@_NAEBVValue@3@@std@@
AeCompute.dll,157325424,0x9609870,flow,.?AU?$Storage@W4ChannelType@solax@@@Value@flow@@
AeCompute.dll,157325504,0x96098c0,flow,.?AU?$Storage@V?$vector@V?$basic_string@DU?$char_traits@D@std@@V?$allocator@D@2@@std@@V?$allocator@V?$basic_string@DU?$char_traits@D@std@@V?$allocator@D@2@@std@@@2@@std@@@Value@flow@@
AeCompute.dll,157325712,0x9609990,flow,.?AU?$Storage@V?$vector@W4ColorSpace@solax@@V?$allocator@W4ColorSpace@solax@@@std@@@std@@@Value@flow@@
AeCompute.dll,157325840,0x9609a10,flow,.?AU?$Storage@V?$vector@W4ScalarType@solax@@V?$allocator@W4ScalarType@solax@@@std@@@std@@@Value@flow@@
AeCompute.dll,157325968,0x9609a90,flow,.?AU?$Storage@V?$vector@W4ChannelType@solax@@V?$allocator@W4ChannelType@solax@@@std@@@std@@@Value@flow@@
AeCompute.dll,157326096,0x9609b10,flow,.?AU?$Storage@V?$function@$$A6A_NAEAVValue@flow@@AEBV?$tuple@AEAUUIData@flow@@AEBVProperties@2@@std@@@Z@std@@@Value@flow@@
AeCompute.dll,157326912,0x9609e40,flow,.?AV?$_Func_impl_no_alloc@V<lambda_1>@?1??register_imageregion@transmute@@YAXAEAVContext@flow@@@Z@V?$basic_json@Vmap@std@@Vvector@2@V?$basic_string@DU?$char_traits@D@std@@V?$allocator@D@2@@2@_N_J_KNVallocator@2@Uadl_serializer@json_abi_v3_11_3@nlohmann@@V?$vector@EV?$allocator@E@std@@@2@X@json_abi_v3_11_3@nlohmann@@AEBVImageRegion@3@@std@@
AeCompute.dll,157327280,0x9609fb0,flow,.?AV?$_Func_impl_no_alloc@V<lambda_2>@?1??register_imageregion@transmute@@YAXAEAVContext@flow@@@Z@XAEAVImageRegion@3@AEBV?$basic_json@Vmap@std@@Vvector@2@V?$basic_string@DU?$char_traits@D@std@@V?$allocator@D@2@@2@_N_J_KNVallocator@2@Uadl_serializer@json_abi_v3_11_3@nlohmann@@V?$vector@EV?$allocator@E@std@@@2@X@json_abi_v3_11_3@nlohmann@@@std@@
AeCompute.dll,157327648,0x960a120,flow,.?AV?$_Func_impl_no_alloc@V<lambda_3>@?1??register_imageregion@transmute@@YAXAEAVContext@flow@@@Z@_KAEBVImageRegion@3@@std@@
AeCompute.dll,157327792,0x960a1b0,flow,.?AV?$_Func_impl_no_alloc@V<lambda_4>@?1??register_imageregion@transmute@@YAXAEAVContext@flow@@@Z@_KAEBVImageRegion@3@@std@@
AeCompute.dll,157327936,0x960a240,flow,.?AU?$Storage@VVec2@transmute@@@Value@flow@@
AeCompute.dll,157328000,0x960a280,flow,.?AV?$_Func_impl_no_alloc@V<lambda_5>@?1??register_imageregion@transmute@@YAXAEAVContext@flow@@@Z@_NAEAVNodeContext@5@@std@@
AeCompute.dll,157328144,0x960a310,flow,.?AV?$_Func_impl_no_alloc@V<lambda_6>@?1??register_imageregion@transmute@@YAXAEAVContext@flow@@@Z@_NAEAVNodeContext@5@@std@@
AeCompute.dll,157328288,0x960a3a0,flow,.?AV?$_Func_impl_no_alloc@V<lambda_1>@?4???$func@UJsonSerialize@Property@flow@@VImageRegion@transmute@@@DataTypeDefinition@flow@@QEAAAEAV23@AEBV?$function@$$A6A?AV?$basic_json@Vmap@std@@Vvector@2@V?$basic_string@DU?$char_traits@D@std@@V?$allocator@D@2@@2@_N_J_KNVallocator@2@Uadl_serializer@json_abi_v3_11_3@nlohmann@@V?$vector@EV?$allocator@E@std@@@2@X@json_abi_v3_11_3@nlohmann@@AEBVImageRegion@transmute@@@Z@std@@@Z@V?$basic_json@Vmap@std@@Vvector@2@V?$basic_string@DU?$char_traits@D@std@@V?$allocator@D@2@@2@_N_J_KNVallocator@2@Uadl_serializer@json_abi_v3_11_3@nlohmann@@V?$vector@EV?$allocator@E@std@@@2@X@json_abi_v3_11_3@nlohmann@@AEBVValue@3@AEBV?$tuple@$$V@5@@std@@
AeCompute.dll,157328992,0x960a660,flow,.?AV?$_Func_impl_no_alloc@V<lambda_1>@?6???$func@UJsonDeserialize@Property@flow@@VImageRegion@transmute@@@DataTypeDefinition@flow@@QEAAAEAV23@AEBV?$function@$$A6AXAEAVImageRegion@transmute@@AEBV?$basic_json@Vmap@std@@Vvector@2@V?$basic_string@DU?$char_traits@D@std@@V?$allocator@D@2@@2@_N_J_KNVallocator@2@Uadl_serializer@json_abi_v3_11_3@nlohmann@@V?$vector@EV?$allocator@E@std@@@2@X@json_abi_v3_11_3@nlohmann@@@Z@std@@@Z@XAEAVValue@3@AEBV?$tuple@AEBV?$basic_json@Vmap@std@@Vvector@2@V?$basic_string@DU?$char_traits@D@std@@V?$allocator@D@2@@2@_N_J_KNVallocator@2@Uadl_serializer@json_abi_v3_11_3@nlohmann@@V?$vector@EV?$allocator@E@std@@@2@X@json_abi_v3_11_3@nlohmann@@@5@@std@@
AeCompute.dll,157329696,0x960a920,flow,.?AV?$_Func_impl_no_alloc@V<lambda_1>@?4???$func@UHash@Property@flow@@VImageRegion@transmute@@@DataTypeDefinition@flow@@QEAAAEAV23@AEBV?$function@$$A6A_KAEBVImageRegion@transmute@@@Z@std@@@Z@_KAEBVValue@3@AEBV?$tuple@$$V@5@@std@@
AeCompute.dll,157329952,0x960aa20,flow,.?AV?$_Func_impl_no_alloc@V<lambda_1>@?4???$func@UComputeByteSize@Property@flow@@VImageRegion@transmute@@@DataTypeDefinition@flow@@QEAAAEAV23@AEBV?$function@$$A6A_KAEBVImageRegion@transmute@@@Z@std@@@Z@_KAEBVValue@3@AEBV?$tuple@$$V@5@@std@@
AeCompute.dll,157330224,0x960ab30,flow,.?AV?$_Func_impl_no_alloc@V<lambda_1>@?4???$type@VImageRegion@transmute@@@TypeRegistry@flow@@QEAAAEAVDataTypeDefinition@3@V?$basic_string@DU?$char_traits@D@std@@V?$allocator@D@2@@std@@@Z@XAEAVValue@3@@std@@
AeCompute.dll,157330448,0x960ac10,flow,.?AV?$_Func_impl_no_alloc@V<lambda_2>@?9???$type@VImageRegion@transmute@@@TypeRegistry@flow@@QEAAAEAVDataTypeDefinition@3@V?$basic_string@DU?$char_traits@D@std@@V?$allocator@D@2@@std@@@Z@_NAEBVValue@3@@std@@
AeCompute.dll,157330672,0x960acf0,flow,.?AV?$_Func_base@VValue@flow@@AEBVRational@solax@@AEBV?$unordered_map@V?$basic_string@DU?$char_traits@D@std@@V?$allocator@D@2@@std@@VValue@flow@@U?$hash@V?$basic_string@DU?$char_traits@D@std@@V?$allocator@D@2@@std@@@2@U?$equal_to@V?$basic_string@DU?$char_traits@D@std@@V?$allocator@D@2@@std@@@2@V?$allocator@U?$pair@$$CBV?$basic_string@DU?$char_traits@D@std@@V?$allocator@D@2@@std@@VValue@flow@@@std@@@2@@std@@AEBV34@PEBV34@PEBV?$ScalarSubset@VRational@solax@@V12@@2@@std@@
AeCompute.dll,157331168,0x960aee0,flow,.?AV?$_Func_base@VValue@flow@@AEBV12@AEBV?$unordered_map@V?$basic_string@DU?$char_traits@D@std@@V?$allocator@D@2@@std@@VValue@flow@@U?$hash@V?$basic_string@DU?$char_traits@D@std@@V?$allocator@D@2@@std@@@2@U?$equal_to@V?$basic_string@DU?$char_traits@D@std@@V?$allocator@D@2@@std@@@2@V?$allocator@U?$pair@$$CBV?$basic_string@DU?$char_traits@D@std@@V?$allocator@D@2@@std@@VValue@flow@@@std@@@2@@std@@AEBV12@AEBV12@AEBV12@@std@@
AeCompute.dll,157331616,0x960b0a0,flow,.?AV?$_Func_impl_no_alloc@V<lambda_1>@?2??register_time_remapping_nodes@@YAXAEAVContext@flow@@@Z@_NAEAVNodeContext@4@@std@@
AeCompute.dll,157331760,0x960b130,flow,.?AV?$_Func_impl_no_alloc@V<lambda_2>@?3??register_time_remapping_nodes@@YAXAEAVContext@flow@@@Z@VValue@4@AEBVRational@solax@@AEBV?$unordered_map@V?$basic_string@DU?$char_traits@D@std@@V?$allocator@D@2@@std@@VValue@flow@@U?$hash@V?$basic_string@DU?$char_traits@D@std@@V?$allocator@D@2@@std@@@2@U?$equal_to@V?$basic_string@DU?$char_traits@D@std@@V?$allocator@D@2@@std@@@2@V?$allocator@U?$pair@$$CBV?$basic_string@DU?$char_traits@D@std@@V?$allocator@D@2@@std@@VValue@flow@@@std@@@2@@std@@AEBV67@PEBV67@PEBV?$ScalarSubset@VRational@solax@@V12@@4@@std@@
AeCompute.dll,157332336,0x960b370,flow,.?AV?$_Func_impl_no_alloc@V<lambda_3>@?3??register_time_remapping_nodes@@YAXAEAVContext@flow@@@Z@_NAEAVNodeContext@4@@std@@
AeCompute.dll,157332480,0x960b400,flow,.?AV?$_Func_impl_no_alloc@V<lambda_4>@?4??register_time_remapping_nodes@@YAXAEAVContext@flow@@@Z@VValue@4@AEBVRational@solax@@AEBV?$unordered_map@V?$basic_string@DU?$char_traits@D@std@@V?$allocator@D@2@@std@@VValue@flow@@U?$hash@V?$basic_string@DU?$char_traits@D@std@@V?$allocator@D@2@@std@@@2@U?$equal_to@V?$basic_string@DU?$char_traits@D@std@@V?$allocator@D@2@@std@@@2@V?$allocator@U?$pair@$$CBV?$basic_string@DU?$char_traits@D@std@@V?$allocator@D@2@@std@@VValue@flow@@@std@@@2@@std@@AEBV67@PEBV67@PEBV?$ScalarSubset@VRational@solax@@V12@@4@@std@@
AeCompute.dll,157333056,0x960b640,flow,.?AV?$_Func_impl_no_alloc@V<lambda_5>@?4??register_time_remapping_nodes@@YAXAEAVContext@flow@@@Z@VValue@4@AEBVRational@solax@@AEBV?$unordered_map@V?$basic_string@DU?$char_traits@D@std@@V?$allocator@D@2@@std@@VValue@flow@@U?$hash@V?$basic_string@DU?$char_traits@D@std@@V?$allocator@D@2@@std@@@2@U?$equal_to@V?$basic_string@DU?$char_traits@D@std@@V?$allocator@D@2@@std@@@2@V?$allocator@U?$pair@$$CBV?$basic_string@DU?$char_traits@D@std@@V?$allocator@D@2@@std@@VValue@flow@@@std@@@2@@std@@AEBV67@PEBV67@PEBV?$ScalarSubset@VRational@solax@@V12@@4@@std@@
AeCompute.dll,157333632,0x960b880,flow,.?AV?$_Func_impl_no_alloc@V<lambda_6>@?4??register_time_remapping_nodes@@YAXAEAVContext@flow@@@Z@_NAEAVNodeContext@4@@std@@
AeCompute.dll,157333776,0x960b910,flow,.?AV?$_Func_impl_no_alloc@V<lambda_7>@?5??register_time_remapping_nodes@@YAXAEAVContext@flow@@@Z@VValue@4@AEBVRational@solax@@AEBV?$unordered_map@V?$basic_string@DU?$char_traits@D@std@@V?$allocator@D@2@@std@@VValue@flow@@U?$hash@V?$basic_string@DU?$char_traits@D@std@@V?$allocator@D@2@@std@@@2@U?$equal_to@V?$basic_string@DU?$char_traits@D@std@@V?$allocator@D@2@@std@@@2@V?$allocator@U?$pair@$$CBV?$basic_string@DU?$char_traits@D@std@@V?$allocator@D@2@@std@@VValue@flow@@@std@@@2@@std@@AEBV67@PEBV67@PEBV?$ScalarSubset@VRational@solax@@V12@@4@@std@@
AeCompute.dll,157334352,0x960bb50,flow,.?AV?$_Func_impl_no_alloc@V<lambda_8>@?5??register_time_remapping_nodes@@YAXAEAVContext@flow@@@Z@_NAEAVNodeContext@4@@std@@
AeCompute.dll,157334496,0x960bbe0,flow,.?AV?$_Func_impl_no_alloc@V<lambda_9>@?6??register_time_remapping_nodes@@YAXAEAVContext@flow@@@Z@VValue@4@AEBVRational@solax@@AEBV?$unordered_map@V?$basic_string@DU?$char_traits@D@std@@V?$allocator@D@2@@std@@VValue@flow@@U?$hash@V?$basic_string@DU?$char_traits@D@std@@V?$allocator@D@2@@std@@@2@U?$equal_to@V?$basic_string@DU?$char_traits@D@std@@V?$allocator@D@2@@std@@@2@V?$allocator@U?$pair@$$CBV?$basic_string@DU?$char_traits@D@std@@V?$allocator@D@2@@std@@VValue@flow@@@std@@@2@@std@@AEBV67@PEBV67@PEBV?$ScalarSubset@VRational@solax@@V12@@4@@std@@
AeCompute.dll,157335072,0x960be20,flow,.?AV?$_Func_impl_no_alloc@V<lambda_10>@?6??register_time_remapping_nodes@@YAXAEAVContext@flow@@@Z@_NAEAVNodeContext@4@@std@@
AeCompute.dll,157335216,0x960beb0,flow,.?AV?$_Func_impl_no_alloc@V<lambda_11>@?7??register_time_remapping_nodes@@YAXAEAVContext@flow@@@Z@_NAEAVNodeContext@4@@std@@
AeCompute.dll,157335360,0x960bf40,flow,.?AV?$_Func_impl_no_alloc@V<lambda_12>@?8??register_time_remapping_nodes@@YAXAEAVContext@flow@@@Z@_NAEAVNodeContext@4@@std@@
AeCompute.dll,157335504,0x960bfd0,flow,.?AV?$_Func_impl_no_alloc@V<lambda_13>@?9??register_time_remapping_nodes@@YAXAEAVContext@flow@@@Z@_NAEAVNodeContext@4@@std@@
AeCompute.dll,157335648,0x960c060,flow,.?AV?$_Func_impl_no_alloc@V<lambda_1>@?2??module_load@_VideoOps@@YAXPEAVContext@flow@@PEAX@Z@_NAEAVNodeContext@5@@std@@
AeCompute.dll,157335792,0x960c0f0,flow,.?AV?$_Func_impl_no_alloc@V<lambda_2>@?2??module_load@_VideoOps@@YAXPEAVContext@flow@@PEAX@Z@_NAEAVNodeContext@5@@std@@
AeCompute.dll,157335936,0x960c180,flow,.?AV?$_Func_impl_no_alloc@V<lambda_3>@?1??module_load@_VideoOps@@YAXPEAVContext@flow@@PEAX@Z@_NAEAVNodeContext@5@@std@@
AeCompute.dll,157336080,0x960c210,flow,.?AV?$_Func_impl_no_alloc@V<lambda_4>@?3??module_load@_VideoOps@@YAXPEAVContext@flow@@PEAX@Z@_NAEAVNodeContext@5@@std@@
AeCompute.dll,157336224,0x960c2a0,flow,.?AV?$_Func_impl_no_alloc@V<lambda_5>@?3??module_load@_VideoOps@@YAXPEAVContext@flow@@PEAX@Z@_NAEAVNodeContext@5@@std@@
AeCompute.dll,157336368,0x960c330,flow,.?AV?$_Func_impl_no_alloc@V<lambda_6>@?1??module_load@_VideoOps@@YAXPEAVContext@flow@@PEAX@Z@_NAEAVNodeContext@5@@std@@
AeCompute.dll,157336512,0x960c3c0,flow,.?AV?$_Func_impl_no_alloc@V<lambda_7>@?1??module_load@_VideoOps@@YAXPEAVContext@flow@@PEAX@Z@_NAEAVNodeContext@5@@std@@
AeCompute.dll,157336656,0x960c450,flow,.?AV?$_Func_impl_no_alloc@V<lambda_8>@?1??module_load@_VideoOps@@YAXPEAVContext@flow@@PEAX@Z@_NAEAVNodeContext@5@@std@@
AeCompute.dll,157336800,0x960c4e0,flow,.?AV?$_Func_impl_no_alloc@V<lambda_1>@?1???$custom@VVideoNew@transmute@@@Offset@flow@@SA?AV23@V?$function@$$A6A?AVValue@flow@@AEBVRational@solax@@AEBV?$unordered_map@V?$basic_string@DU?$char_traits@D@std@@V?$allocator@D@2@@std@@VValue@flow@@U?$hash@V?$basic_string@DU?$char_traits@D@std@@V?$allocator@D@2@@std@@@2@U?$equal_to@V?$basic_string@DU?$char_traits@D@std@@V?$allocator@D@2@@std@@@2@V?$allocator@U?$pair@$$CBV?$basic_string@DU?$char_traits@D@std@@V?$allocator@D@2@@std@@VValue@flow@@@std@@@2@@std@@0PEBV34@PEBV?$ScalarSubset@VRational@solax@@V12@@2@@Z@std@@@Z@VValue@3@AEBV63@AEBV?$unordered_map@V?$basic_string@DU?$char_traits@D@std@@V?$allocator@D@2@@std@@VValue@flow@@U?$hash@V?$basic_string@DU?$char_traits@D@std@@V?$allocator@D@2@@std@@@2@U?$equal_to@V?$basic_string@DU?$char_traits@D@std@@V?$allocator@D@2@@std@@@2@V?$allocator@U?$pair@$$CBV?$basic_string@DU?$char_traits@D@std@@V?$allocator@D@2@@std@@VValue@flow@@@std@@@2@@5@AEBV63@AEBV63@AEBV63@@std@@
AeCompute.dll,157337792,0x960c8c0,flow,.?AU?$Storage@V?$function@$$A6A?AVValue@flow@@AEBV12@AEBV?$unordered_map@V?$basic_string@DU?$char_traits@D@std@@V?$allocator@D@2@@std@@VValue@flow@@U?$hash@V?$basic_string@DU?$char_traits@D@std@@V?$allocator@D@2@@std@@@2@U?$equal_to@V?$basic_string@DU?$char_traits@D@std@@V?$allocator@D@2@@std@@@2@V?$allocator@U?$pair@$$CBV?$basic_string@DU?$char_traits@D@std@@V?$allocator@D@2@@std@@VValue@flow@@@std@@@2@@std@@000@Z@std@@@Value@flow@@
AeCompute.dll,157338256,0x960ca90,flow,.?AU?$Storage@VVideoNew@transmute@@@Value@flow@@
AeCompute.dll,157341792,0x960d860,flow,.?AV?$Impl@V?$ContainerInterfaceImpl@VVideoNew@transmute@@@flow@@@ContainerInterface@flow@@
AeCompute.dll,157343824,0x960e050,flow,.?AV?$_Func_impl_no_alloc@V<lambda_1>@?4???$func@UJsonSerialize@Property@flow@@V?$shared_ptr@VVideo@transmute@@@std@@@DataTypeDefinition@flow@@QEAAAEAV23@AEBV?$function@$$A6A?AV?$basic_json@Vmap@std@@Vvector@2@V?$basic_string@DU?$char_traits@D@std@@V?$allocator@D@2@@2@_N_J_KNVallocator@2@Uadl_serializer@json_abi_v3_11_3@nlohmann@@V?$vector@EV?$allocator@E@std@@@2@X@json_abi_v3_11_3@nlohmann@@AEBV?$shared_ptr@VVideo@transmute@@@std@@@Z@std@@@Z@V?$basic_json@Vmap@std@@Vvector@2@V?$basic_string@DU?$char_traits@D@std@@V?$allocator@D@2@@2@_N_J_KNVallocator@2@Uadl_serializer@json_abi_v3_11_3@nlohmann@@V?$vector@EV?$allocator@E@std@@@2@X@json_abi_v3_11_3@nlohmann@@AEBVValue@3@AEBV?$tuple@$$V@5@@std@@
AeCompute.dll,157344544,0x960e320,flow,.?AV?$_Func_impl_no_alloc@V<lambda_1>@?6???$func@UJsonDeserialize@Property@flow@@V?$shared_ptr@VVideo@transmute@@@std@@@DataTypeDefinition@flow@@QEAAAEAV23@AEBV?$function@$$A6AXAEAV?$shared_ptr@VVideo@transmute@@@std@@AEBV?$basic_json@Vmap@std@@Vvector@2@V?$basic_string@DU?$char_traits@D@std@@V?$allocator@D@2@@2@_N_J_KNVallocator@2@Uadl_serializer@json_abi_v3_11_3@nlohmann@@V?$vector@EV?$allocator@E@std@@@2@X@json_abi_v3_11_3@nlohmann@@@Z@std@@@Z@XAEAVValue@3@AEBV?$tuple@AEBV?$basic_json@Vmap@std@@Vvector@2@V?$basic_string@DU?$char_traits@D@std@@V?$allocator@D@2@@2@_N_J_KNVallocator@2@Uadl_serializer@json_abi_v3_11_3@nlohmann@@V?$vector@EV?$allocator@E@std@@@2@X@json_abi_v3_11_3@nlohmann@@@5@@std@@
AeCompute.dll,157345280,0x960e600,flow,.?AV?$_Func_impl_no_alloc@V<lambda_1>@?4???$func@UHash@Property@flow@@V?$shared_ptr@VVideo@transmute@@@std@@@DataTypeDefinition@flow@@QEAAAEAV23@AEBV?$function@$$A6A_KAEBV?$shared_ptr@VVideo@transmute@@@std@@@Z@std@@@Z@_KAEBVValue@3@AEBV?$tuple@$$V@5@@std@@
AeCompute.dll,157345568,0x960e720,flow,.?AV?$_Func_impl_no_alloc@V<lambda_1>@?4???$func@UComputeByteSize@Property@flow@@V?$shared_ptr@VVideo@transmute@@@std@@@DataTypeDefinition@flow@@QEAAAEAV23@AEBV?$function@$$A6A_KAEBV?$shared_ptr@VVideo@transmute@@@std@@@Z@std@@@Z@_KAEBVValue@3@AEBV?$tuple@$$V@5@@std@@
AeCompute.dll,157345856,0x960e840,flow,.?AV?$_Ref_count_obj2@V?$Impl@V?$ContainerInterfaceImpl@VVideoNew@transmute@@@flow@@@ContainerInterface@flow@@@std@@
AeCompute.dll,157346000,0x960e8d0,flow,.?AV?$_Func_impl_no_alloc@V<lambda_1>@?4???$func@UHash@Property@flow@@VFrame@solax@@@DataTypeDefinition@flow@@QEAAAEAV23@AEBV?$function@$$A6A_KAEBVFrame@solax@@@Z@std@@@Z@_KAEBVValue@3@AEBV?$tuple@$$V@5@@std@@
AeCompute.dll,157346240,0x960e9c0,flow,.?AV?$_Func_impl_no_alloc@V<lambda_1>@?4???$func@UComputeByteSize@Property@flow@@VFrame@solax@@@DataTypeDefinition@flow@@QEAAAEAV23@AEBV?$function@$$A6A_KAEBVFrame@solax@@@Z@std@@@Z@_KAEBVValue@3@AEBV?$tuple@$$V@5@@std@@
AeCompute.dll,157346480,0x960eab0,flow,.?AV?$_Func_impl_no_alloc@V<lambda_1>@?4???$func@UJsonSerialize@Property@flow@@VFrame@solax@@@DataTypeDefinition@flow@@QEAAAEAV23@AEBV?$function@$$A6A?AV?$basic_json@Vmap@std@@Vvector@2@V?$basic_string@DU?$char_traits@D@std@@V?$allocator@D@2@@2@_N_J_KNVallocator@2@Uadl_serializer@json_abi_v3_11_3@nlohmann@@V?$vector@EV?$allocator@E@std@@@2@X@json_abi_v3_11_3@nlohmann@@AEBVFrame@solax@@@Z@std@@@Z@V?$basic_json@Vmap@std@@Vvector@2@V?$basic_string@DU?$char_traits@D@std@@V?$allocator@D@2@@2@_N_J_KNVallocator@2@Uadl_serializer@json_abi_v3_11_3@nlohmann@@V?$vector@EV?$allocator@E@std@@@2@X@json_abi_v3_11_3@nlohmann@@AEBVValue@3@AEBV?$tuple@$$V@5@@std@@
AeCompute.dll,157347152,0x960ed50,flow,.?AV?$_Func_impl_no_alloc@V<lambda_1>@?6???$func@UJsonDeserialize@Property@flow@@VFrame@solax@@@DataTypeDefinition@flow@@QEAAAEAV23@AEBV?$function@$$A6AXAEAVFrame@solax@@AEBV?$basic_json@Vmap@std@@Vvector@2@V?$basic_string@DU?$char_traits@D@std@@V?$allocator@D@2@@2@_N_J_KNVallocator@2@Uadl_serializer@json_abi_v3_11_3@nlohmann@@V?$vector@EV?$allocator@E@std@@@2@X@json_abi_v3_11_3@nlohmann@@@Z@std@@@Z@XAEAVValue@3@AEBV?$tuple@AEBV?$basic_json@Vmap@std@@Vvector@2@V?$basic_string@DU?$char_traits@D@std@@V?$allocator@D@2@@2@_N_J_KNVallocator@2@Uadl_serializer@json_abi_v3_11_3@nlohmann@@V?$vector@EV?$allocator@E@std@@@2@X@json_abi_v3_11_3@nlohmann@@@5@@std@@
AeCompute.dll,157347840,0x960f000,flow,.?AV?$_Func_impl_no_alloc@V<lambda_1>@?4???$func@UHash@Property@flow@@VRational@solax@@@DataTypeDefinition@flow@@QEAAAEAV23@AEBV?$function@$$A6A_KAEBVRational@solax@@@Z@std@@@Z@_KAEBVValue@3@AEBV?$tuple@$$V@5@@std@@
AeCompute.dll,157348080,0x960f0f0,flow,.?AV?$_Func_impl_no_alloc@V<lambda_1>@?4???$func@UComputeByteSize@Property@flow@@VRational@solax@@@DataTypeDefinition@flow@@QEAAAEAV23@AEBV?$function@$$A6A_KAEBVRational@solax@@@Z@std@@@Z@_KAEBVValue@3@AEBV?$tuple@$$V@5@@std@@
AeCompute.dll,157348336,0x960f1f0,flow,.?AV?$_Func_impl_no_alloc@V<lambda_1>@?4???$func@UJsonSerialize@Property@flow@@VRational@solax@@@DataTypeDefinition@flow@@QEAAAEAV23@AEBV?$function@$$A6A?AV?$basic_json@Vmap@std@@Vvector@2@V?$basic_string@DU?$char_traits@D@std@@V?$allocator@D@2@@2@_N_J_KNVallocator@2@Uadl_serializer@json_abi_v3_11_3@nlohmann@@V?$vector@EV?$allocator@E@std@@@2@X@json_abi_v3_11_3@nlohmann@@AEBVRational@solax@@@Z@std@@@Z@V?$basic_json@Vmap@std@@Vvector@2@V?$basic_string@DU?$char_traits@D@std@@V?$allocator@D@2@@2@_N_J_KNVallocator@2@Uadl_serializer@json_abi_v3_11_3@nlohmann@@V?$vector@EV?$allocator@E@std@@@2@X@json_abi_v3_11_3@nlohmann@@AEBVValue@3@AEBV?$tuple@$$V@5@@std@@
AeCompute.dll,157349024,0x960f4a0,flow,.?AV?$_Func_impl_no_alloc@V<lambda_1>@?6???$func@UJsonDeserialize@Property@flow@@VRational@solax@@@DataTypeDefinition@flow@@QEAAAEAV23@AEBV?$function@$$A6AXAEAVRational@solax@@AEBV?$basic_json@Vmap@std@@Vvector@2@V?$basic_string@DU?$char_traits@D@std@@V?$allocator@D@2@@2@_N_J_KNVallocator@2@Uadl_serializer@json_abi_v3_11_3@nlohmann@@V?$vector@EV?$allocator@E@std@@@2@X@json_abi_v3_11_3@nlohmann@@@Z@std@@@Z@XAEAVValue@3@AEBV?$tuple@AEBV?$basic_json@Vmap@std@@Vvector@2@V?$basic_string@DU?$char_traits@D@std@@V?$allocator@D@2@@2@_N_J_KNVallocator@2@Uadl_serializer@json_abi_v3_11_3@nlohmann@@V?$vector@EV?$allocator@E@std@@@2@X@json_abi_v3_11_3@nlohmann@@@5@@std@@
AeCompute.dll,157349712,0x960f750,flow,.?AV?$_Func_impl_no_alloc@V<lambda_1>@?4???$type@V?$shared_ptr@VVideo@transmute@@@std@@@TypeRegistry@flow@@QEAAAEAVDataTypeDefinition@3@V?$basic_string@DU?$char_traits@D@std@@V?$allocator@D@2@@std@@@Z@XAEAVValue@3@@std@@
AeCompute.dll,157349952,0x960f840,flow,.?AV?$_Func_impl_no_alloc@V<lambda_2>@?9???$type@V?$shared_ptr@VVideo@transmute@@@std@@@TypeRegistry@flow@@QEAAAEAVDataTypeDefinition@3@V?$basic_string@DU?$char_traits@D@std@@V?$allocator@D@2@@std@@@Z@_NAEBVValue@3@@std@@
AeCompute.dll,157350192,0x960f930,flow,.?AV?$_Func_impl_no_alloc@V<lambda_1>@?4???$type@VVideoNew@transmute@@@TypeRegistry@flow@@QEAAAEAVDataTypeDefinition@3@V?$basic_string@DU?$char_traits@D@std@@V?$allocator@D@2@@std@@@Z@XAEAVValue@3@@std@@
AeCompute.dll,157350416,0x960fa10,flow,.?AV?$_Func_impl_no_alloc@V<lambda_2>@?9???$type@VVideoNew@transmute@@@TypeRegistry@flow@@QEAAAEAVDataTypeDefinition@3@V?$basic_string@DU?$char_traits@D@std@@V?$allocator@D@2@@std@@@Z@_NAEBVValue@3@@std@@
AeCompute.dll,157350640,0x960faf0,flow,.?AV?$_Func_impl_no_alloc@V<lambda_1>@?4???$type@VFrame@solax@@@TypeRegistry@flow@@QEAAAEAVDataTypeDefinition@3@V?$basic_string@DU?$char_traits@D@std@@V?$allocator@D@2@@std@@@Z@XAEAVValue@3@@std@@
AeCompute.dll,157350864,0x960fbd0,flow,.?AV?$_Func_impl_no_alloc@V<lambda_2>@?9???$type@VFrame@solax@@@TypeRegistry@flow@@QEAAAEAVDataTypeDefinition@3@V?$basic_string@DU?$char_traits@D@std@@V?$allocator@D@2@@std@@@Z@_NAEBVValue@3@@std@@
AeCompute.dll,157351088,0x960fcb0,flow,.?AV?$_Func_impl_no_alloc@V<lambda_1>@?4???$type@VRational@solax@@@TypeRegistry@flow@@QEAAAEAVDataTypeDefinition@3@V?$basic_string@DU?$char_traits@D@std@@V?$allocator@D@2@@std@@@Z@XAEAVValue@3@@std@@
AeCompute.dll,157351312,0x960fd90,flow,.?AV?$_Func_impl_no_alloc@V<lambda_2>@?9???$type@VRational@solax@@@TypeRegistry@flow@@QEAAAEAVDataTypeDefinition@3@V?$basic_string@DU?$char_traits@D@std@@V?$allocator@D@2@@std@@@Z@_NAEBVValue@3@@std@@
AeCompute.dll,157351536,0x960fe70,flow,.?AU?$Storage@VIterator@?$ScalarSubset@VRational@solax@@V12@@flow@@@Value@flow@@
AeCompute.dll,157351648,0x960fee0,flow,.?AU?$Storage@V?$shared_ptr@VVideo@transmute@@@std@@@Value@flow@@
AeCompute.dll,157351952,0x9610010,track,.?AV?$_Ref_count_obj2@V?$Pointset@M$0?0@tracking_2d@solax@@@std@@
AeCompute.dll,157352048,0x9610070,track,.?AV?$_Ref_count_obj2@VSequentialMeshTracker@mesh_tracker@tracking_2d@solax@@@std@@
AeCompute.dll,157352160,0x96100e0,track,.?AV?$_Ref_count_obj2@VKeyframeMeshTracker@mesh_tracker@tracking_2d@solax@@@std@@
AeCompute.dll,157352272,0x9610150,mask|track,.?AV?$_Ref_count_obj2@VMaskTrackerDense@mask_tracker_dense@tracking_2d@solax@@@std@@
AeCompute.dll,157352384,0x96101c0,mask|track,.?AV?$_Ref_count_obj2@VBinaryMask@tracking_2d@solax@@@std@@
AeCompute.dll,157352464,0x9610210,mask|track,.?AV?$_Ref_count_obj2@VPolygonMask@tracking_2d@solax@@@std@@
AeCompute.dll,157352544,0x9610260,mask|track,.?AV?$_Ref_count_obj2@VMaskTrackerSparse@mask_tracker_sparse@tracking_2d@solax@@@std@@
AeCompute.dll,157352656,0x96102d0,track|flow,.?AV?$_Func_impl_no_alloc@V<lambda_1>@?1??module_load@_solax_tracking_2d@@YAXPEAVContext@flow@@PEAX@Z@_NAEAVNodeContext@5@@std@@
AeCompute.dll,157352816,0x9610370,track|flow,.?AV?$_Func_impl_no_alloc@V<lambda_2>@?1??module_load@_solax_tracking_2d@@YAXPEAVContext@flow@@PEAX@Z@_NAEAVNodeContext@5@@std@@
AeCompute.dll,157352976,0x9610410,track|flow,.?AU?$Storage@V?$shared_ptr@VSequentialMeshTracker@mesh_tracker@tracking_2d@solax@@@std@@@Value@flow@@
AeCompute.dll,157353104,0x9610490,track|flow,.?AV?$_Func_impl_no_alloc@V<lambda_3>@?1??module_load@_solax_tracking_2d@@YAXPEAVContext@flow@@PEAX@Z@_NAEAVNodeContext@5@@std@@
AeCompute.dll,157353264,0x9610530,track|flow,.?AV?$_Func_impl_no_alloc@V<lambda_4>@?1??module_load@_solax_tracking_2d@@YAXPEAVContext@flow@@PEAX@Z@_NAEAVNodeContext@5@@std@@
AeCompute.dll,157353424,0x96105d0,mask|track|flow,.?AU?$Storage@V?$shared_ptr@VMaskTrackerDense@mask_tracker_dense@tracking_2d@solax@@@std@@@Value@flow@@
AeCompute.dll,157353552,0x9610650,track|flow,.?AV?$_Func_impl_no_alloc@V<lambda_5>@?1??module_load@_solax_tracking_2d@@YAXPEAVContext@flow@@PEAX@Z@_NAEAVNodeContext@5@@std@@
AeCompute.dll,157353712,0x96106f0,mask|track|flow,.?AU?$Storage@V?$shared_ptr@VMaskTrackerSparse@mask_tracker_sparse@tracking_2d@solax@@@std@@@Value@flow@@
AeCompute.dll,157353840,0x9610770,track|flow,.?AV?$_Func_impl_no_alloc@V<lambda_6>@?1??module_load@_solax_tracking_2d@@YAXPEAVContext@flow@@PEAX@Z@_NAEAVNodeContext@5@@std@@
AeCompute.dll,157354000,0x9610810,track|flow,.?AV?$_Func_impl_no_alloc@V<lambda_1>@?4???$type@V?$shared_ptr@VSequentialMeshTracker@mesh_tracker@tracking_2d@solax@@@std@@@TypeRegistry@flow@@QEAAAEAVDataTypeDefinition@3@V?$basic_string@DU?$char_traits@D@std@@V?$allocator@D@2@@std@@@Z@XAEAVValue@3@@std@@
AeCompute.dll,157354288,0x9610930,track|flow,.?AV?$_Func_impl_no_alloc@V<lambda_2>@?9???$type@V?$shared_ptr@VSequentialMeshTracker@mesh_tracker@tracking_2d@solax@@@std@@@TypeRegistry@flow@@QEAAAEAVDataTypeDefinition@3@V?$basic_string@DU?$char_traits@D@std@@V?$allocator@D@2@@std@@@Z@_NAEBVValue@3@@std@@
AeCompute.dll,157354576,0x9610a50,mask|track|flow,.?AV?$_Func_impl_no_alloc@V<lambda_1>@?4???$type@V?$shared_ptr@VMaskTrackerDense@mask_tracker_dense@tracking_2d@solax@@@std@@@TypeRegistry@flow@@QEAAAEAVDataTypeDefinition@3@V?$basic_string@DU?$char_traits@D@std@@V?$allocator@D@2@@std@@@Z@XAEAVValue@3@@std@@
AeCompute.dll,157354864,0x9610b70,mask|track|flow,.?AV?$_Func_impl_no_alloc@V<lambda_2>@?9???$type@V?$shared_ptr@VMaskTrackerDense@mask_tracker_dense@tracking_2d@solax@@@std@@@TypeRegistry@flow@@QEAAAEAVDataTypeDefinition@3@V?$basic_string@DU?$char_traits@D@std@@V?$allocator@D@2@@std@@@Z@_NAEBVValue@3@@std@@
AeCompute.dll,157355152,0x9610c90,mask|track|flow,.?AV?$_Func_impl_no_alloc@V<lambda_1>@?4???$type@V?$shared_ptr@VMaskTrackerSparse@mask_tracker_sparse@tracking_2d@solax@@@std@@@TypeRegistry@flow@@QEAAAEAVDataTypeDefinition@3@V?$basic_string@DU?$char_traits@D@std@@V?$allocator@D@2@@std@@@Z@XAEAVValue@3@@std@@
AeCompute.dll,157355440,0x9610db0,mask|track|flow,.?AV?$_Func_impl_no_alloc@V<lambda_2>@?9???$type@V?$shared_ptr@VMaskTrackerSparse@mask_tracker_sparse@tracking_2d@solax@@@std@@@TypeRegistry@flow@@QEAAAEAVDataTypeDefinition@3@V?$basic_string@DU?$char_traits@D@std@@V?$allocator@D@2@@std@@@Z@_NAEBVValue@3@@std@@
AeCompute.dll,157355728,0x9610ed0,track,.?AVMeshTrackerBase@mesh_tracker@tracking_2d@solax@@
AeCompute.dll,157355808,0x9610f20,track,.?AVKeyframeMeshTracker@mesh_tracker@tracking_2d@solax@@
AeCompute.dll,157355888,0x9610f70,track,.?AVSequentialMeshTracker@mesh_tracker@tracking_2d@solax@@
AeCompute.dll,157355968,0x9610fc0,mask|track,.?AVVectorMask@tracking_2d@solax@@
AeCompute.dll,157356024,0x9610ff8,mask|track,.?AVBinaryMask@tracking_2d@solax@@
AeCompute.dll,157356080,0x9611030,mask|track,.?AVPolygonMask@tracking_2d@solax@@
AeCompute.dll,157356288,0x9611100,track,.?AVPixelOperationWrapper@?1???$forEach_impl@V?$Vec@M$01@cv@@V<lambda_1>@?1??cycle_consistency_check@utils@tracking_2d@solax@@YA?AV?$shared_ptr@V?$Image_@V?$Vec@M$01@solax@@@solax@@@std@@V89@0M@Z@@Mat@cv@@IEAAXAEBV<lambda_1>@?1??cycle_consistency_check@utils@tracking_2d@solax@@YA?AV?$shared_ptr@V?$Image_@V?$Vec@M$01@solax@@@solax@@@std@@V89@0M@Z@@Z@
AeCompute.dll,157356656,0x9611270,flow,.?AV?$_Ref_count_obj2@VContext@flow@@@std@@
AeCompute.dll,157356880,0x9611350,flow,.?AV?$_Func_base@_NAEAVRequirementBase@flow@@@std@@
AeCompute.dll,157356960,0x96113a0,flow,.?AV?$_Func_impl_no_alloc@V<lambda_1>@?1??register_type_node@transmute@@YA?AVNodeFactory@flow@@AEAVContext@5@AEAVDataTypeDefinition@5@@Z@_NAEAVNodeContext@5@@std@@
AeCompute.dll,157357152,0x9611460,flow,.?AV?$_Func_impl_no_alloc@V<lambda_1>@?1??register_array_type_node@transmute@@YA?AVNodeFactory@flow@@AEAVContext@5@@Z@_NAEAVNodeContext@5@@std@@
AeCompute.dll,157357328,0x9611510,flow,.?AV?$_Func_impl_no_alloc@V<lambda_1>@?1???$register_provider@UGitRepoRequirement@transmute@@@Context@flow@@QEAAXV?$function@$$A6AXAEAUGitRepoRequirement@transmute@@@Z@std@@@Z@_NAEAVRequirementBase@3@@std@@
AeCompute.dll,157357552,0x96115f0,flow,.?AV?$_Func_impl_no_alloc@V<lambda_1>@?1???$register_provider@UGPURequirement@transmute@@@Context@flow@@QEAAXV?$function@$$A6AXAEAUGPURequirement@transmute@@@Z@std@@@Z@_NAEAVRequirementBase@3@@std@@
AeCompute.dll,157357776,0x96116d0,flow,.?AU?$Storage@V?$weak_ptr@VIdentityServiceAdapter@transmute@@@std@@@Value@flow@@
AeCompute.dll,157357888,0x9611740,flow,.?AV?$_Func_base@V?$shared_ptr@VImage@solax@@@std@@AEBVValue@flow@@@std@@
AeCompute.dll,157357984,0x96117a0,flow,.?AV?$_Func_base@VRational@solax@@AEBVValue@flow@@@std@@
AeCompute.dll,157358064,0x96117f0,flow,.?AV?$_Func_base@V?$basic_string@DU?$char_traits@D@std@@V?$allocator@D@2@@std@@AEBVValue@flow@@@std@@
AeCompute.dll,157358192,0x9611870,flow,.?AV?$_Func_base@Vpath@filesystem@std@@AEBVValue@flow@@@std@@
AeCompute.dll,157358272,0x96118c0,flow,.?AV?$_Func_base@V?$shared_ptr@VTensor@solax@@@std@@AEBVValue@flow@@@std@@
AeCompute.dll,157358368,0x9611920,flow,.?AV?$_Func_impl_no_alloc@V<lambda_1>@?1??register_implicit_conversions@transmute@@YAXXZ@V?$shared_ptr@VImage@solax@@@std@@AEBVValue@flow@@@std@@
AeCompute.dll,157358544,0x96119d0,flow,.?AV?$_Func_impl_no_alloc@V<lambda_2>@?1??register_implicit_conversions@transmute@@YAXXZ@MAEBVValue@flow@@@std@@
AeCompute.dll,157358688,0x9611a60,flow,.?AV?$_Func_impl_no_alloc@V<lambda_3>@?1??register_implicit_conversions@transmute@@YAXXZ@VRational@solax@@AEBVValue@flow@@@std@@
AeCompute.dll,157358848,0x9611b00,flow,.?AV?$_Func_impl_no_alloc@V<lambda_4>@?1??register_implicit_conversions@transmute@@YAXXZ@VRational@solax@@AEBVValue@flow@@@std@@
AeCompute.dll,157359008,0x9611ba0,flow,.?AV?$_Func_impl_no_alloc@V<lambda_5>@?1??register_implicit_conversions@transmute@@YAXXZ@VRational@solax@@AEBVValue@flow@@@std@@
AeCompute.dll,157359168,0x9611c40,flow,.?AV?$_Func_impl_no_alloc@V<lambda_6>@?1??register_implicit_conversions@transmute@@YAXXZ@V?$basic_string@DU?$char_traits@D@std@@V?$allocator@D@2@@std@@AEBVValue@flow@@@std@@
AeCompute.dll,157359360,0x9611d00,flow,.?AV?$_Func_impl_no_alloc@V<lambda_7>@?1??register_implicit_conversions@transmute@@YAXXZ@V?$basic_string@DU?$char_traits@D@std@@V?$allocator@D@2@@std@@AEBVValue@flow@@@std@@
AeCompute.dll,157359552,0x9611dc0,flow,.?AV?$_Func_impl_no_alloc@V<lambda_8>@?1??register_implicit_conversions@transmute@@YAXXZ@Vpath@filesystem@std@@AEBVValue@flow@@@std@@
AeCompute.dll,157359712,0x9611e60,flow,.?AV?$_Func_impl_no_alloc@V<lambda_9>@?1??register_implicit_conversions@transmute@@YAXXZ@V?$shared_ptr@VTensor@solax@@@std@@AEBVValue@flow@@@std@@
AeCompute.dll,157359888,0x9611f10,flow,.?AV?$_Func_impl_no_alloc@V<lambda_1>@?1???$register_implicit_conversion_to@V?$shared_ptr@VImage@solax@@@std@@@DataTypeDefinition@flow@@QEAAXV?$function@$$A6A?AV?$shared_ptr@VImage@solax@@@std@@AEBVValue@flow@@@Z@std@@@Z@VValue@3@AEBV63@@std@@
AeCompute.dll,157360160,0x9612020,flow,.?AV?$_Func_impl_no_alloc@V<lambda_1>@?1???$register_implicit_conversion_to@VRational@solax@@@DataTypeDefinition@flow@@QEAAXV?$function@$$A6A?AVRational@solax@@AEBVValue@flow@@@Z@std@@@Z@VValue@3@AEBV63@@std@@
AeCompute.dll,157360400,0x9612110,flow,.?AV?$_Func_impl_no_alloc@V<lambda_1>@?1???$register_implicit_conversion_to@V?$basic_string@DU?$char_traits@D@std@@V?$allocator@D@2@@std@@@DataTypeDefinition@flow@@QEAAXV?$function@$$A6A?AV?$basic_string@DU?$char_traits@D@std@@V?$allocator@D@2@@std@@AEBVValue@flow@@@Z@std@@@Z@VValue@3@AEBV63@@std@@
AeCompute.dll,157360720,0x9612250,flow,.?AV?$_Func_impl_no_alloc@V<lambda_1>@?1???$register_implicit_conversion_to@Vpath@filesystem@std@@@DataTypeDefinition@flow@@QEAAXV?$function@$$A6A?AVpath@filesystem@std@@AEBVValue@flow@@@Z@std@@@Z@VValue@3@AEBV63@@std@@
AeCompute.dll,157360960,0x9612340,flow,.?AV?$_Func_impl_no_alloc@V<lambda_1>@?1???$register_implicit_conversion_to@V?$shared_ptr@VTensor@solax@@@std@@@DataTypeDefinition@flow@@QEAAXV?$function@$$A6A?AV?$shared_ptr@VTensor@solax@@@std@@AEBVValue@flow@@@Z@std@@@Z@VValue@3@AEBV63@@std@@
AeCompute.dll,157361280,0x9612480,flow,.?AU?$Storage@V?$weak_ptr@VNetworkPolicy@transmute@@@std@@@Value@flow@@
AeCompute.dll,157362032,0x9612770,flow,.?AV?$_Func_impl_no_alloc@V<lambda_1>@?2??register_path_nodes@?A0x2ac4f499@transmute@@YA?AV?$vector@Vstring_id@1foonathan@@V?$allocator@Vstring_id@1foonathan@@@std@@@std@@AEAVContext@flow@@@Z@_NAEAVNodeContext@8@@std@@
AeCompute.dll,157362272,0x9612860,flow,.?AV?$_Func_impl_no_alloc@V<lambda_2>@?3??register_path_nodes@?A0x2ac4f499@transmute@@YA?AV?$vector@Vstring_id@1foonathan@@V?$allocator@Vstring_id@1foonathan@@@std@@@std@@AEAVContext@flow@@@Z@_NAEAVNodeContext@8@@std@@
AeCompute.dll,157362512,0x9612950,flow,.?AV?$_Func_impl_no_alloc@V<lambda_3>@?4??register_path_nodes@?A0x2ac4f499@transmute@@YA?AV?$vector@Vstring_id@1foonathan@@V?$allocator@Vstring_id@1foonathan@@@std@@@std@@AEAVContext@flow@@@Z@_NAEAVNodeContext@8@@std@@
AeCompute.dll,157362752,0x9612a40,flow,.?AV?$_Func_impl_no_alloc@V<lambda_4>@?5??register_path_nodes@?A0x2ac4f499@transmute@@YA?AV?$vector@Vstring_id@1foonathan@@V?$allocator@Vstring_id@1foonathan@@@std@@@std@@AEAVContext@flow@@@Z@_NAEAVNodeContext@8@@std@@
AeCompute.dll,157362992,0x9612b30,flow,.?AV?$_Func_impl_no_alloc@V<lambda_5>@?6??register_path_nodes@?A0x2ac4f499@transmute@@YA?AV?$vector@Vstring_id@1foonathan@@V?$allocator@Vstring_id@1foonathan@@@std@@@std@@AEAVContext@flow@@@Z@_NAEAVNodeContext@8@@std@@
AeCompute.dll,157363232,0x9612c20,flow,.?AV?$_Func_impl_no_alloc@V<lambda_6>@?7??register_path_nodes@?A0x2ac4f499@transmute@@YA?AV?$vector@Vstring_id@1foonathan@@V?$allocator@Vstring_id@1foonathan@@@std@@@std@@AEAVContext@flow@@@Z@_NAEAVNodeContext@8@@std@@
AeCompute.dll,157363472,0x9612d10,flow,.?AV?$_Func_impl_no_alloc@V<lambda_7>@?8??register_path_nodes@?A0x2ac4f499@transmute@@YA?AV?$vector@Vstring_id@1foonathan@@V?$allocator@Vstring_id@1foonathan@@@std@@@std@@AEAVContext@flow@@@Z@_NAEAVNodeContext@8@@std@@
AeCompute.dll,157363712,0x9612e00,flow,.?AV?$_Func_impl_no_alloc@V<lambda_8>@?9??register_path_nodes@?A0x2ac4f499@transmute@@YA?AV?$vector@Vstring_id@1foonathan@@V?$allocator@Vstring_id@1foonathan@@@std@@@std@@AEAVContext@flow@@@Z@_NAEAVNodeContext@8@@std@@
AeCompute.dll,157363952,0x9612ef0,flow,.?AV?$_Func_impl_no_alloc@V<lambda_9>@?L@??register_path_nodes@?A0x2ac4f499@transmute@@YA?AV?$vector@Vstring_id@1foonathan@@V?$allocator@Vstring_id@1foonathan@@@std@@@std@@AEAVContext@flow@@@Z@_NAEAVNodeContext@8@@std@@
AeCompute.dll,157364192,0x9612fe0,flow,.?AV?$_Func_impl_no_alloc@V<lambda_10>@?M@??register_path_nodes@?A0x2ac4f499@transmute@@YA?AV?$vector@Vstring_id@1foonathan@@V?$allocator@Vstring_id@1foonathan@@@std@@@std@@AEAVContext@flow@@@Z@_NAEAVNodeContext@8@@std@@
AeCompute.dll,157364432,0x96130d0,flow,.?AV?$_Func_impl_no_alloc@V<lambda_11>@?N@??register_path_nodes@?A0x2ac4f499@transmute@@YA?AV?$vector@Vstring_id@1foonathan@@V?$allocator@Vstring_id@1foonathan@@@std@@@std@@AEAVContext@flow@@@Z@_NAEAVNodeContext@8@@std@@
AeCompute.dll,157364672,0x96131c0,flow,.?AV?$_Func_impl_no_alloc@V<lambda_12>@?O@??register_path_nodes@?A0x2ac4f499@transmute@@YA?AV?$vector@Vstring_id@1foonathan@@V?$allocator@Vstring_id@1foonathan@@@std@@@std@@AEAVContext@flow@@@Z@_NAEAVNodeContext@8@@std@@
AeCompute.dll,157364912,0x96132b0,flow,.?AV?$_Func_impl_no_alloc@V<lambda_13>@?P@??register_path_nodes@?A0x2ac4f499@transmute@@YA?AV?$vector@Vstring_id@1foonathan@@V?$allocator@Vstring_id@1foonathan@@@std@@@std@@AEAVContext@flow@@@Z@_NAEAVNodeContext@8@@std@@
AeCompute.dll,157365152,0x96133a0,flow,.?AV?$_Func_impl_no_alloc@V<lambda_14>@?BA@??register_path_nodes@?A0x2ac4f499@transmute@@YA?AV?$vector@Vstring_id@1foonathan@@V?$allocator@Vstring_id@1foonathan@@@std@@@std@@AEAVContext@flow@@@Z@_NAEAVNodeContext@8@@std@@
AeCompute.dll,157365392,0x9613490,flow,.?AV?$_Func_impl_no_alloc@V<lambda_15>@?BB@??register_path_nodes@?A0x2ac4f499@transmute@@YA?AV?$vector@Vstring_id@1foonathan@@V?$allocator@Vstring_id@1foonathan@@@std@@@std@@AEAVContext@flow@@@Z@_NAEAVNodeContext@8@@std@@
AeCompute.dll,157365632,0x9613580,flow,.?AV?$_Func_impl_no_alloc@V<lambda_1>@?1??register_path@transmute@@YAXAEAVContext@flow@@@Z@V?$basic_json@Vmap@std@@Vvector@2@V?$basic_string@DU?$char_traits@D@std@@V?$allocator@D@2@@2@_N_J_KNVallocator@2@Uadl_serializer@json_abi_v3_11_3@nlohmann@@V?$vector@EV?$allocator@E@std@@@2@X@json_abi_v3_11_3@nlohmann@@AEBVpath@filesystem@std@@@std@@
AeCompute.dll,157366000,0x96136f0,flow,.?AV?$_Func_impl_no_alloc@V<lambda_2>@?1??register_path@transmute@@YAXAEAVContext@flow@@@Z@XAEAVpath@filesystem@std@@AEBV?$basic_json@Vmap@std@@Vvector@2@V?$basic_string@DU?$char_traits@D@std@@V?$allocator@D@2@@2@_N_J_KNVallocator@2@Uadl_serializer@json_abi_v3_11_3@nlohmann@@V?$vector@EV?$allocator@E@std@@@2@X@json_abi_v3_11_3@nlohmann@@@std@@
AeCompute.dll,157366368,0x9613860,flow,.?AV?$_Func_impl_no_alloc@V<lambda_3>@?1??register_path@transmute@@YAXAEAVContext@flow@@@Z@_KAEBVpath@filesystem@std@@@std@@
AeCompute.dll,157366512,0x96138f0,flow,.?AV?$_Func_impl_no_alloc@V<lambda_4>@?1??register_path@transmute@@YAXAEAVContext@flow@@@Z@_KAEBVpath@filesystem@std@@@std@@
AeCompute.dll,157366656,0x9613980,flow,.?AV?$_Func_impl_no_alloc@V<lambda_1>@?4???$func@UJsonSerialize@Property@flow@@Vpath@filesystem@std@@@DataTypeDefinition@flow@@QEAAAEAV23@AEBV?$function@$$A6A?AV?$basic_json@Vmap@std@@Vvector@2@V?$basic_string@DU?$char_traits@D@std@@V?$allocator@D@2@@2@_N_J_KNVallocator@2@Uadl_serializer@json_abi_v3_11_3@nlohmann@@V?$vector@EV?$allocator@E@std@@@2@X@json_abi_v3_11_3@nlohmann@@AEBVpath@filesystem@std@@@Z@std@@@Z@V?$basic_json@Vmap@std@@Vvector@2@V?$basic_string@DU?$char_traits@D@std@@V?$allocator@D@2@@2@_N_J_KNVallocator@2@Uadl_serializer@json_abi_v3_11_3@nlohmann@@V?$vector@EV?$allocator@E@std@@@2@X@json_abi_v3_11_3@nlohmann@@AEBVValue@3@AEBV?$tuple@$$V@5@@std@@
AeCompute.dll,157367344,0x9613c30,flow,.?AV?$_Func_impl_no_alloc@V<lambda_1>@?6???$func@UJsonDeserialize@Property@flow@@Vpath@filesystem@std@@@DataTypeDefinition@flow@@QEAAAEAV23@AEBV?$function@$$A6AXAEAVpath@filesystem@std@@AEBV?$basic_json@Vmap@std@@Vvector@2@V?$basic_string@DU?$char_traits@D@std@@V?$allocator@D@2@@2@_N_J_KNVallocator@2@Uadl_serializer@json_abi_v3_11_3@nlohmann@@V?$vector@EV?$allocator@E@std@@@2@X@json_abi_v3_11_3@nlohmann@@@Z@std@@@Z@XAEAVValue@3@AEBV?$tuple@AEBV?$basic_json@Vmap@std@@Vvector@2@V?$basic_string@DU?$char_traits@D@std@@V?$allocator@D@2@@2@_N_J_KNVallocator@2@Uadl_serializer@json_abi_v3_11_3@nlohmann@@V?$vector@EV?$allocator@E@std@@@2@X@json_abi_v3_11_3@nlohmann@@@5@@std@@
AeCompute.dll,157368048,0x9613ef0,flow,.?AV?$_Func_impl_no_alloc@V<lambda_1>@?4???$func@UHash@Property@flow@@Vpath@filesystem@std@@@DataTypeDefinition@flow@@QEAAAEAV23@AEBV?$function@$$A6A_KAEBVpath@filesystem@std@@@Z@std@@@Z@_KAEBVValue@3@AEBV?$tuple@$$V@5@@std@@
AeCompute.dll,157368304,0x9613ff0,flow,.?AV?$_Func_impl_no_alloc@V<lambda_1>@?4???$func@UComputeByteSize@Property@flow@@Vpath@filesystem@std@@@DataTypeDefinition@flow@@QEAAAEAV23@AEBV?$function@$$A6A_KAEBVpath@filesystem@std@@@Z@std@@@Z@_KAEBVValue@3@AEBV?$tuple@$$V@5@@std@@
AeCompute.dll,157368560,0x96140f0,flow,.?AV?$_Func_impl_no_alloc@V<lambda_1>@?4???$type@Vpath@filesystem@std@@@TypeRegistry@flow@@QEAAAEAVDataTypeDefinition@3@V?$basic_string@DU?$char_traits@D@std@@V?$allocator@D@2@@std@@@Z@XAEAVValue@3@@std@@
AeCompute.dll,157368784,0x96141d0,flow,.?AV?$_Func_impl_no_alloc@V<lambda_2>@?9???$type@Vpath@filesystem@std@@@TypeRegistry@flow@@QEAAAEAVDataTypeDefinition@3@V?$basic_string@DU?$char_traits@D@std@@V?$allocator@D@2@@std@@@Z@_NAEBVValue@3@@std@@
AeCompute.dll,157374272,0x9615740,flow,.?AV?$_Func_impl_no_alloc@V<lambda_1_>@?0???0RequirementMonitor@?A0x78828c1c@@QEAA@AEAVRequirementBase@flow@@@Z@XV?$basic_string_view@DU?$char_traits@D@std@@@std@@@std@@
AeCompute.dll,157374464,0x9615800,flow,.?AV?$_Func_impl_no_alloc@V<lambda_2_>@?0???0RequirementMonitor@?A0x78828c1c@@QEAA@AEAVRequirementBase@flow@@@Z@_N$$V@std@@
AeCompute.dll,157381536,0x96173a0,flow,.?AV?$_Func_base@_NAEAW4AtomicOperation@transmute@@AEAUUIData@flow@@AEBVProperties@4@@std@@
AeCompute.dll,157381648,0x9617410,flow,.?AV?$_Func_impl_no_alloc@V<lambda_1>@?2??register_cast_nodes@?A0x33670063@transmute@@YA?AV?$vector@Vstring_id@1foonathan@@V?$allocator@Vstring_id@1foonathan@@@std@@@std@@AEAVContext@flow@@@Z@_NAEAVNodeContext@8@@std@@
AeCompute.dll,157381888,0x9617500,flow,.?AV?$_Func_impl_no_alloc@V<lambda_2>@?3??register_cast_nodes@?A0x33670063@transmute@@YA?AV?$vector@Vstring_id@1foonathan@@V?$allocator@Vstring_id@1foonathan@@@std@@@std@@AEAVContext@flow@@@Z@_NAEAVNodeContext@8@@std@@
AeCompute.dll,157382128,0x96175f0,flow,.?AV?$_Func_impl_no_alloc@V<lambda_3>@?4??register_cast_nodes@?A0x33670063@transmute@@YA?AV?$vector@Vstring_id@1foonathan@@V?$allocator@Vstring_id@1foonathan@@@std@@@std@@AEAVContext@flow@@@Z@_NAEAVNodeContext@8@@std@@
AeCompute.dll,157382368,0x96176e0,flow,.?AV?$_Func_impl_no_alloc@V<lambda_4>@?5??register_cast_nodes@?A0x33670063@transmute@@YA?AV?$vector@Vstring_id@1foonathan@@V?$allocator@Vstring_id@1foonathan@@@std@@@std@@AEAVContext@flow@@@Z@_NAEAVNodeContext@8@@std@@
AeCompute.dll,157382608,0x96177d0,flow,.?AV?$_Func_impl_no_alloc@V<lambda_5>@?6??register_cast_nodes@?A0x33670063@transmute@@YA?AV?$vector@Vstring_id@1foonathan@@V?$allocator@Vstring_id@1foonathan@@@std@@@std@@AEAVContext@flow@@@Z@_NAEAVNodeContext@8@@std@@
AeCompute.dll,157382848,0x96178c0,flow,.?AV?$_Func_impl_no_alloc@V<lambda_6>@?7??register_cast_nodes@?A0x33670063@transmute@@YA?AV?$vector@Vstring_id@1foonathan@@V?$allocator@Vstring_id@1foonathan@@@std@@@std@@AEAVContext@flow@@@Z@_NAEAVNodeContext@8@@std@@
AeCompute.dll,157383088,0x96179b0,flow,.?AV?$_Func_impl_no_alloc@V<lambda_7>@?8??register_cast_nodes@?A0x33670063@transmute@@YA?AV?$vector@Vstring_id@1foonathan@@V?$allocator@Vstring_id@1foonathan@@@std@@@std@@AEAVContext@flow@@@Z@_NAEAVNodeContext@8@@std@@
AeCompute.dll,157383328,0x9617aa0,flow,.?AV?$_Func_impl_no_alloc@V<lambda_8>@?9??register_cast_nodes@?A0x33670063@transmute@@YA?AV?$vector@Vstring_id@1foonathan@@V?$allocator@Vstring_id@1foonathan@@@std@@@std@@AEAVContext@flow@@@Z@_NAEAVNodeContext@8@@std@@
AeCompute.dll,157383568,0x9617b90,flow,.?AV?$_Func_impl_no_alloc@V<lambda_9>@?L@??register_cast_nodes@?A0x33670063@transmute@@YA?AV?$vector@Vstring_id@1foonathan@@V?$allocator@Vstring_id@1foonathan@@@std@@@std@@AEAVContext@flow@@@Z@_NAEAVNodeContext@8@@std@@
AeCompute.dll,157383808,0x9617c80,flow,.?AV?$_Func_impl_no_alloc@V<lambda_10>@?M@??register_cast_nodes@?A0x33670063@transmute@@YA?AV?$vector@Vstring_id@1foonathan@@V?$allocator@Vstring_id@1foonathan@@@std@@@std@@AEAVContext@flow@@@Z@_NAEAVNodeContext@8@@std@@
AeCompute.dll,157384048,0x9617d70,flow,.?AV?$_Func_impl_no_alloc@V<lambda_11>@?N@??register_cast_nodes@?A0x33670063@transmute@@YA?AV?$vector@Vstring_id@1foonathan@@V?$allocator@Vstring_id@1foonathan@@@std@@@std@@AEAVContext@flow@@@Z@_NAEAVNodeContext@8@@std@@
AeCompute.dll,157384288,0x9617e60,flow,.?AV?$_Func_impl_no_alloc@V<lambda_12>@?O@??register_cast_nodes@?A0x33670063@transmute@@YA?AV?$vector@Vstring_id@1foonathan@@V?$allocator@Vstring_id@1foonathan@@@std@@@std@@AEAVContext@flow@@@Z@_NAEAVNodeContext@8@@std@@
AeCompute.dll,157384528,0x9617f50,flow,.?AV?$_Func_impl_no_alloc@V<lambda_13>@?P@??register_cast_nodes@?A0x33670063@transmute@@YA?AV?$vector@Vstring_id@1foonathan@@V?$allocator@Vstring_id@1foonathan@@@std@@@std@@AEAVContext@flow@@@Z@_NAEAVNodeContext@8@@std@@
AeCompute.dll,157384768,0x9618040,flow,.?AV?$_Func_impl_no_alloc@V<lambda_14>@?BA@??register_cast_nodes@?A0x33670063@transmute@@YA?AV?$vector@Vstring_id@1foonathan@@V?$allocator@Vstring_id@1foonathan@@@std@@@std@@AEAVContext@flow@@@Z@_NAEAVNodeContext@8@@std@@
AeCompute.dll,157385008,0x9618130,flow,.?AV?$_Func_impl_no_alloc@V<lambda_15>@?BB@??register_cast_nodes@?A0x33670063@transmute@@YA?AV?$vector@Vstring_id@1foonathan@@V?$allocator@Vstring_id@1foonathan@@@std@@@std@@AEAVContext@flow@@@Z@_NAEAVNodeContext@8@@std@@
AeCompute.dll,157385248,0x9618220,flow,.?AV?$_Func_impl_no_alloc@V<lambda_16>@?BC@??register_cast_nodes@?A0x33670063@transmute@@YA?AV?$vector@Vstring_id@1foonathan@@V?$allocator@Vstring_id@1foonathan@@@std@@@std@@AEAVContext@flow@@@Z@_NAEAVNodeContext@8@@std@@
AeCompute.dll,157385488,0x9618310,flow,.?AV?$_Func_impl_no_alloc@V<lambda_1>@?1??register_numeric@transmute@@YAXAEAVContext@flow@@@Z@V?$basic_json@Vmap@std@@Vvector@2@V?$basic_string@DU?$char_traits@D@std@@V?$allocator@D@2@@2@_N_J_KNVallocator@2@Uadl_serializer@json_abi_v3_11_3@nlohmann@@V?$vector@EV?$allocator@E@std@@@2@X@json_abi_v3_11_3@nlohmann@@AEBVVec2@3@@std@@
AeCompute.dll,157385840,0x9618470,flow,.?AV?$_Func_impl_no_alloc@V<lambda_2>@?1??register_numeric@transmute@@YAXAEAVContext@flow@@@Z@XAEAVVec2@3@AEBV?$basic_json@Vmap@std@@Vvector@2@V?$basic_string@DU?$char_traits@D@std@@V?$allocator@D@2@@2@_N_J_KNVallocator@2@Uadl_serializer@json_abi_v3_11_3@nlohmann@@V?$vector@EV?$allocator@E@std@@@2@X@json_abi_v3_11_3@nlohmann@@@std@@
AeCompute.dll,157386192,0x96185d0,flow,.?AV?$_Func_impl_no_alloc@V<lambda_3>@?1??register_numeric@transmute@@YAXAEAVContext@flow@@@Z@V?$basic_json@Vmap@std@@Vvector@2@V?$basic_string@DU?$char_traits@D@std@@V?$allocator@D@2@@2@_N_J_KNVallocator@2@Uadl_serializer@json_abi_v3_11_3@nlohmann@@V?$vector@EV?$allocator@E@std@@@2@X@json_abi_v3_11_3@nlohmann@@AEBVVec3@3@@std@@
AeCompute.dll,157386544,0x9618730,flow,.?AV?$_Func_impl_no_alloc@V<lambda_4>@?1??register_numeric@transmute@@YAXAEAVContext@flow@@@Z@XAEAVVec3@3@AEBV?$basic_json@Vmap@std@@Vvector@2@V?$basic_string@DU?$char_traits@D@std@@V?$allocator@D@2@@2@_N_J_KNVallocator@2@Uadl_serializer@json_abi_v3_11_3@nlohmann@@V?$vector@EV?$allocator@E@std@@@2@X@json_abi_v3_11_3@nlohmann@@@std@@
AeCompute.dll,157386896,0x9618890,flow,.?AV?$_Func_impl_no_alloc@V<lambda_5>@?1??register_numeric@transmute@@YAXAEAVContext@flow@@@Z@V?$basic_json@Vmap@std@@Vvector@2@V?$basic_string@DU?$char_traits@D@std@@V?$allocator@D@2@@2@_N_J_KNVallocator@2@Uadl_serializer@json_abi_v3_11_3@nlohmann@@V?$vector@EV?$allocator@E@std@@@2@X@json_abi_v3_11_3@nlohmann@@AEBVVec4@3@@std@@
AeCompute.dll,157387248,0x96189f0,flow,.?AV?$_Func_impl_no_alloc@V<lambda_6>@?1??register_numeric@transmute@@YAXAEAVContext@flow@@@Z@XAEAVVec4@3@AEBV?$basic_json@Vmap@std@@Vvector@2@V?$basic_string@DU?$char_traits@D@std@@V?$allocator@D@2@@2@_N_J_KNVallocator@2@Uadl_serializer@json_abi_v3_11_3@nlohmann@@V?$vector@EV?$allocator@E@std@@@2@X@json_abi_v3_11_3@nlohmann@@@std@@
AeCompute.dll,157387600,0x9618b50,flow,.?AV?$_Func_impl_no_alloc@V<lambda_7>@?1??register_numeric@transmute@@YAXAEAVContext@flow@@@Z@V?$basic_json@Vmap@std@@Vvector@2@V?$basic_string@DU?$char_traits@D@std@@V?$allocator@D@2@@2@_N_J_KNVallocator@2@Uadl_serializer@json_abi_v3_11_3@nlohmann@@V?$vector@EV?$allocator@E@std@@@2@X@json_abi_v3_11_3@nlohmann@@AEBVIVec2@3@@std@@
AeCompute.dll,157387952,0x9618cb0,flow,.?AV?$_Func_impl_no_alloc@V<lambda_8>@?1??register_numeric@transmute@@YAXAEAVContext@flow@@@Z@XAEAVIVec2@3@AEBV?$basic_json@Vmap@std@@Vvector@2@V?$basic_string@DU?$char_traits@D@std@@V?$allocator@D@2@@2@_N_J_KNVallocator@2@Uadl_serializer@json_abi_v3_11_3@nlohmann@@V?$vector@EV?$allocator@E@std@@@2@X@json_abi_v3_11_3@nlohmann@@@std@@
AeCompute.dll,157388304,0x9618e10,flow,.?AV?$_Func_impl_no_alloc@V<lambda_9>@?1??register_numeric@transmute@@YAXAEAVContext@flow@@@Z@V?$basic_json@Vmap@std@@Vvector@2@V?$basic_string@DU?$char_traits@D@std@@V?$allocator@D@2@@2@_N_J_KNVallocator@2@Uadl_serializer@json_abi_v3_11_3@nlohmann@@V?$vector@EV?$allocator@E@std@@@2@X@json_abi_v3_11_3@nlohmann@@AEBVIVec3@3@@std@@
AeCompute.dll,157388656,0x9618f70,flow,.?AV?$_Func_impl_no_alloc@V<lambda_10>@?1??register_numeric@transmute@@YAXAEAVContext@flow@@@Z@XAEAVIVec3@3@AEBV?$basic_json@Vmap@std@@Vvector@2@V?$basic_string@DU?$char_traits@D@std@@V?$allocator@D@2@@2@_N_J_KNVallocator@2@Uadl_serializer@json_abi_v3_11_3@nlohmann@@V?$vector@EV?$allocator@E@std@@@2@X@json_abi_v3_11_3@nlohmann@@@std@@
AeCompute.dll,157389024,0x96190e0,flow,.?AV?$_Func_impl_no_alloc@V<lambda_11>@?1??register_numeric@transmute@@YAXAEAVContext@flow@@@Z@V?$basic_json@Vmap@std@@Vvector@2@V?$basic_string@DU?$char_traits@D@std@@V?$allocator@D@2@@2@_N_J_KNVallocator@2@Uadl_serializer@json_abi_v3_11_3@nlohmann@@V?$vector@EV?$allocator@E@std@@@2@X@json_abi_v3_11_3@nlohmann@@AEBVIVec4@3@@std@@
AeCompute.dll,157389376,0x9619240,flow,.?AV?$_Func_impl_no_alloc@V<lambda_12>@?1??register_numeric@transmute@@YAXAEAVContext@flow@@@Z@XAEAVIVec4@3@AEBV?$basic_json@Vmap@std@@Vvector@2@V?$basic_string@DU?$char_traits@D@std@@V?$allocator@D@2@@2@_N_J_KNVallocator@2@Uadl_serializer@json_abi_v3_11_3@nlohmann@@V?$vector@EV?$allocator@E@std@@@2@X@json_abi_v3_11_3@nlohmann@@@std@@
AeCompute.dll,157389744,0x96193b0,flow,.?AV?$_Func_impl_no_alloc@V<lambda_13>@?1??register_numeric@transmute@@YAXAEAVContext@flow@@@Z@V?$basic_json@Vmap@std@@Vvector@2@V?$basic_string@DU?$char_traits@D@std@@V?$allocator@D@2@@2@_N_J_KNVallocator@2@Uadl_serializer@json_abi_v3_11_3@nlohmann@@V?$vector@EV?$allocator@E@std@@@2@X@json_abi_v3_11_3@nlohmann@@AEBVMat4@3@@std@@
AeCompute.dll,157390096,0x9619510,flow,.?AV?$_Func_impl_no_alloc@V<lambda_14>@?1??register_numeric@transmute@@YAXAEAVContext@flow@@@Z@XAEAVMat4@3@AEBV?$basic_json@Vmap@std@@Vvector@2@V?$basic_string@DU?$char_traits@D@std@@V?$allocator@D@2@@2@_N_J_KNVallocator@2@Uadl_serializer@json_abi_v3_11_3@nlohmann@@V?$vector@EV?$allocator@E@std@@@2@X@json_abi_v3_11_3@nlohmann@@@std@@
AeCompute.dll,157390448,0x9619670,flow,.?AV?$_Func_impl_no_alloc@V<lambda_15>@?1??register_numeric@transmute@@YAXAEAVContext@flow@@@Z@V?$basic_json@Vmap@std@@Vvector@2@V?$basic_string@DU?$char_traits@D@std@@V?$allocator@D@2@@2@_N_J_KNVallocator@2@Uadl_serializer@json_abi_v3_11_3@nlohmann@@V?$vector@EV?$allocator@E@std@@@2@X@json_abi_v3_11_3@nlohmann@@AEBVMatrixXi@3@@std@@
AeCompute.dll,157390800,0x96197d0,flow,.?AV?$_Func_impl_no_alloc@V<lambda_16>@?1??register_numeric@transmute@@YAXAEAVContext@flow@@@Z@XAEAVMatrixXi@3@AEBV?$basic_json@Vmap@std@@Vvector@2@V?$basic_string@DU?$char_traits@D@std@@V?$allocator@D@2@@2@_N_J_KNVallocator@2@Uadl_serializer@json_abi_v3_11_3@nlohmann@@V?$vector@EV?$allocator@E@std@@@2@X@json_abi_v3_11_3@nlohmann@@@std@@
AeCompute.dll,157391168,0x9619940,flow,.?AV?$_Func_impl_no_alloc@V<lambda_17>@?1??register_numeric@transmute@@YAXAEAVContext@flow@@@Z@V?$basic_json@Vmap@std@@Vvector@2@V?$basic_string@DU?$char_traits@D@std@@V?$allocator@D@2@@2@_N_J_KNVallocator@2@Uadl_serializer@json_abi_v3_11_3@nlohmann@@V?$vector@EV?$allocator@E@std@@@2@X@json_abi_v3_11_3@nlohmann@@AEBVMatrixXf@3@@std@@
AeCompute.dll,157391520,0x9619aa0,flow,.?AV?$_Func_impl_no_alloc@V<lambda_18>@?1??register_numeric@transmute@@YAXAEAVContext@flow@@@Z@XAEAVMatrixXf@3@AEBV?$basic_json@Vmap@std@@Vvector@2@V?$basic_string@DU?$char_traits@D@std@@V?$allocator@D@2@@2@_N_J_KNVallocator@2@Uadl_serializer@json_abi_v3_11_3@nlohmann@@V?$vector@EV?$allocator@E@std@@@2@X@json_abi_v3_11_3@nlohmann@@@std@@
AeCompute.dll,157391888,0x9619c10,flow,.?AV?$_Func_impl_no_alloc@V<lambda_19>@?1??register_numeric@transmute@@YAXAEAVContext@flow@@@Z@V?$basic_json@Vmap@std@@Vvector@2@V?$basic_string@DU?$char_traits@D@std@@V?$allocator@D@2@@2@_N_J_KNVallocator@2@Uadl_serializer@json_abi_v3_11_3@nlohmann@@V?$vector@EV?$allocator@E@std@@@2@X@json_abi_v3_11_3@nlohmann@@AEBW4AtomicOperation@3@@std@@
AeCompute.dll,157392256,0x9619d80,flow,.?AV?$_Func_impl_no_alloc@V<lambda_20>@?1??register_numeric@transmute@@YAXAEAVContext@flow@@@Z@XAEAW4AtomicOperation@3@AEBV?$basic_json@Vmap@std@@Vvector@2@V?$basic_string@DU?$char_traits@D@std@@V?$allocator@D@2@@2@_N_J_KNVallocator@2@Uadl_serializer@json_abi_v3_11_3@nlohmann@@V?$vector@EV?$allocator@E@std@@@2@X@json_abi_v3_11_3@nlohmann@@@std@@
AeCompute.dll,157392624,0x9619ef0,flow,.?AV?$_Func_impl_no_alloc@V<lambda_21>@?1??register_numeric@transmute@@YAXAEAVContext@flow@@@Z@_KAEBW4AtomicOperation@3@@std@@
AeCompute.dll,157392768,0x9619f80,flow,.?AV?$_Func_impl_no_alloc@V<lambda_22>@?1??register_numeric@transmute@@YAXAEAVContext@flow@@@Z@_KAEBW4AtomicOperation@3@@std@@
AeCompute.dll,157392912,0x961a010,flow,.?AU?$Storage@VIVec2@transmute@@@Value@flow@@
AeCompute.dll,157392976,0x961a050,flow,.?AU?$Storage@VIVec3@transmute@@@Value@flow@@
AeCompute.dll,157393040,0x961a090,flow,.?AU?$Storage@VVec3@transmute@@@Value@flow@@
AeCompute.dll,157393104,0x961a0d0,flow,.?AU?$Storage@VIVec4@transmute@@@Value@flow@@
AeCompute.dll,157393168,0x961a110,flow,.?AU?$Storage@VVec4@transmute@@@Value@flow@@
AeCompute.dll,157395696,0x961aaf0,flow,.?AV?$_Func_impl_no_alloc@V<lambda_1>@?4???$func@UJsonSerialize@Property@flow@@VVec2@transmute@@@DataTypeDefinition@flow@@QEAAAEAV23@AEBV?$function@$$A6A?AV?$basic_json@Vmap@std@@Vvector@2@V?$basic_string@DU?$char_traits@D@std@@V?$allocator@D@2@@2@_N_J_KNVallocator@2@Uadl_serializer@json_abi_v3_11_3@nlohmann@@V?$vector@EV?$allocator@E@std@@@2@X@json_abi_v3_11_3@nlohmann@@AEBVVec2@transmute@@@Z@std@@@Z@V?$basic_json@Vmap@std@@Vvector@2@V?$basic_string@DU?$char_traits@D@std@@V?$allocator@D@2@@2@_N_J_KNVallocator@2@Uadl_serializer@json_abi_v3_11_3@nlohmann@@V?$vector@EV?$allocator@E@std@@@2@X@json_abi_v3_11_3@nlohmann@@AEBVValue@3@AEBV?$tuple@$$V@5@@std@@
AeCompute.dll,157396384,0x961ada0,flow,.?AV?$_Func_impl_no_alloc@V<lambda_1>@?6???$func@UJsonDeserialize@Property@flow@@VVec2@transmute@@@DataTypeDefinition@flow@@QEAAAEAV23@AEBV?$function@$$A6AXAEAVVec2@transmute@@AEBV?$basic_json@Vmap@std@@Vvector@2@V?$basic_string@DU?$char_traits@D@std@@V?$allocator@D@2@@2@_N_J_KNVallocator@2@Uadl_serializer@json_abi_v3_11_3@nlohmann@@V?$vector@EV?$allocator@E@std@@@2@X@json_abi_v3_11_3@nlohmann@@@Z@std@@@Z@XAEAVValue@3@AEBV?$tuple@AEBV?$basic_json@Vmap@std@@Vvector@2@V?$basic_string@DU?$char_traits@D@std@@V?$allocator@D@2@@2@_N_J_KNVallocator@2@Uadl_serializer@json_abi_v3_11_3@nlohmann@@V?$vector@EV?$allocator@E@std@@@2@X@json_abi_v3_11_3@nlohmann@@@5@@std@@
AeCompute.dll,157397072,0x961b050,flow,.?AV?$_Func_impl_no_alloc@V<lambda_1>@?4???$func@UJsonSerialize@Property@flow@@VVec3@transmute@@@DataTypeDefinition@flow@@QEAAAEAV23@AEBV?$function@$$A6A?AV?$basic_json@Vmap@std@@Vvector@2@V?$basic_string@DU?$char_traits@D@std@@V?$allocator@D@2@@2@_N_J_KNVallocator@2@Uadl_serializer@json_abi_v3_11_3@nlohmann@@V?$vector@EV?$allocator@E@std@@@2@X@json_abi_v3_11_3@nlohmann@@AEBVVec3@transmute@@@Z@std@@@Z@V?$basic_json@Vmap@std@@Vvector@2@V?$basic_string@DU?$char_traits@D@std@@V?$allocator@D@2@@2@_N_J_KNVallocator@2@Uadl_serializer@json_abi_v3_11_3@nlohmann@@V?$vector@EV?$allocator@E@std@@@2@X@json_abi_v3_11_3@nlohmann@@AEBVValue@3@AEBV?$tuple@$$V@5@@std@@
AeCompute.dll,157397760,0x961b300,flow,.?AV?$_Func_impl_no_alloc@V<lambda_1>@?6???$func@UJsonDeserialize@Property@flow@@VVec3@transmute@@@DataTypeDefinition@flow@@QEAAAEAV23@AEBV?$function@$$A6AXAEAVVec3@transmute@@AEBV?$basic_json@Vmap@std@@Vvector@2@V?$basic_string@DU?$char_traits@D@std@@V?$allocator@D@2@@2@_N_J_KNVallocator@2@Uadl_serializer@json_abi_v3_11_3@nlohmann@@V?$vector@EV?$allocator@E@std@@@2@X@json_abi_v3_11_3@nlohmann@@@Z@std@@@Z@XAEAVValue@3@AEBV?$tuple@AEBV?$basic_json@Vmap@std@@Vvector@2@V?$basic_string@DU?$char_traits@D@std@@V?$allocator@D@2@@2@_N_J_KNVallocator@2@Uadl_serializer@json_abi_v3_11_3@nlohmann@@V?$vector@EV?$allocator@E@std@@@2@X@json_abi_v3_11_3@nlohmann@@@5@@std@@
AeCompute.dll,157398448,0x961b5b0,flow,.?AV?$_Func_impl_no_alloc@V<lambda_1>@?4???$func@UJsonSerialize@Property@flow@@VVec4@transmute@@@DataTypeDefinition@flow@@QEAAAEAV23@AEBV?$function@$$A6A?AV?$basic_json@Vmap@std@@Vvector@2@V?$basic_string@DU?$char_traits@D@std@@V?$allocator@D@2@@2@_N_J_KNVallocator@2@Uadl_serializer@json_abi_v3_11_3@nlohmann@@V?$vector@EV?$allocator@E@std@@@2@X@json_abi_v3_11_3@nlohmann@@AEBVVec4@transmute@@@Z@std@@@Z@V?$basic_json@Vmap@std@@Vvector@2@V?$basic_string@DU?$char_traits@D@std@@V?$allocator@D@2@@2@_N_J_KNVallocator@2@Uadl_serializer@json_abi_v3_11_3@nlohmann@@V?$vector@EV?$allocator@E@std@@@2@X@json_abi_v3_11_3@nlohmann@@AEBVValue@3@AEBV?$tuple@$$V@5@@std@@
AeCompute.dll,157399136,0x961b860,flow,.?AV?$_Func_impl_no_alloc@V<lambda_1>@?6???$func@UJsonDeserialize@Property@flow@@VVec4@transmute@@@DataTypeDefinition@flow@@QEAAAEAV23@AEBV?$function@$$A6AXAEAVVec4@transmute@@AEBV?$basic_json@Vmap@std@@Vvector@2@V?$basic_string@DU?$char_traits@D@std@@V?$allocator@D@2@@2@_N_J_KNVallocator@2@Uadl_serializer@json_abi_v3_11_3@nlohmann@@V?$vector@EV?$allocator@E@std@@@2@X@json_abi_v3_11_3@nlohmann@@@Z@std@@@Z@XAEAVValue@3@AEBV?$tuple@AEBV?$basic_json@Vmap@std@@Vvector@2@V?$basic_string@DU?$char_traits@D@std@@V?$allocator@D@2@@2@_N_J_KNVallocator@2@Uadl_serializer@json_abi_v3_11_3@nlohmann@@V?$vector@EV?$allocator@E@std@@@2@X@json_abi_v3_11_3@nlohmann@@@5@@std@@
AeCompute.dll,157399824,0x961bb10,flow,.?AV?$_Func_impl_no_alloc@V<lambda_1>@?4???$func@UJsonSerialize@Property@flow@@VIVec2@transmute@@@DataTypeDefinition@flow@@QEAAAEAV23@AEBV?$function@$$A6A?AV?$basic_json@Vmap@std@@Vvector@2@V?$basic_string@DU?$char_traits@D@std@@V?$allocator@D@2@@2@_N_J_KNVallocator@2@Uadl_serializer@json_abi_v3_11_3@nlohmann@@V?$vector@EV?$allocator@E@std@@@2@X@json_abi_v3_11_3@nlohmann@@AEBVIVec2@transmute@@@Z@std@@@Z@V?$basic_json@Vmap@std@@Vvector@2@V?$basic_string@DU?$char_traits@D@std@@V?$allocator@D@2@@2@_N_J_KNVallocator@2@Uadl_serializer@json_abi_v3_11_3@nlohmann@@V?$vector@EV?$allocator@E@std@@@2@X@json_abi_v3_11_3@nlohmann@@AEBVValue@3@AEBV?$tuple@$$V@5@@std@@
AeCompute.dll,157400512,0x961bdc0,flow,.?AV?$_Func_impl_no_alloc@V<lambda_1>@?6???$func@UJsonDeserialize@Property@flow@@VIVec2@transmute@@@DataTypeDefinition@flow@@QEAAAEAV23@AEBV?$function@$$A6AXAEAVIVec2@transmute@@AEBV?$basic_json@Vmap@std@@Vvector@2@V?$basic_string@DU?$char_traits@D@std@@V?$allocator@D@2@@2@_N_J_KNVallocator@2@Uadl_serializer@json_abi_v3_11_3@nlohmann@@V?$vector@EV?$allocator@E@std@@@2@X@json_abi_v3_11_3@nlohmann@@@Z@std@@@Z@XAEAVValue@3@AEBV?$tuple@AEBV?$basic_json@Vmap@std@@Vvector@2@V?$basic_string@DU?$char_traits@D@std@@V?$allocator@D@2@@2@_N_J_KNVallocator@2@Uadl_serializer@json_abi_v3_11_3@nlohmann@@V?$vector@EV?$allocator@E@std@@@2@X@json_abi_v3_11_3@nlohmann@@@5@@std@@
AeCompute.dll,157401200,0x961c070,flow,.?AV?$_Func_impl_no_alloc@V<lambda_1>@?4???$func@UJsonSerialize@Property@flow@@VIVec3@transmute@@@DataTypeDefinition@flow@@QEAAAEAV23@AEBV?$function@$$A6A?AV?$basic_json@Vmap@std@@Vvector@2@V?$basic_string@DU?$char_traits@D@std@@V?$allocator@D@2@@2@_N_J_KNVallocator@2@Uadl_serializer@json_abi_v3_11_3@nlohmann@@V?$vector@EV?$allocator@E@std@@@2@X@json_abi_v3_11_3@nlohmann@@AEBVIVec3@transmute@@@Z@std@@@Z@V?$basic_json@Vmap@std@@Vvector@2@V?$basic_string@DU?$char_traits@D@std@@V?$allocator@D@2@@2@_N_J_KNVallocator@2@Uadl_serializer@json_abi_v3_11_3@nlohmann@@V?$vector@EV?$allocator@E@std@@@2@X@json_abi_v3_11_3@nlohmann@@AEBVValue@3@AEBV?$tuple@$$V@5@@std@@
AeCompute.dll,157401888,0x961c320,flow,.?AV?$_Func_impl_no_alloc@V<lambda_1>@?6???$func@UJsonDeserialize@Property@flow@@VIVec3@transmute@@@DataTypeDefinition@flow@@QEAAAEAV23@AEBV?$function@$$A6AXAEAVIVec3@transmute@@AEBV?$basic_json@Vmap@std@@Vvector@2@V?$basic_string@DU?$char_traits@D@std@@V?$allocator@D@2@@2@_N_J_KNVallocator@2@Uadl_serializer@json_abi_v3_11_3@nlohmann@@V?$vector@EV?$allocator@E@std@@@2@X@json_abi_v3_11_3@nlohmann@@@Z@std@@@Z@XAEAVValue@3@AEBV?$tuple@AEBV?$basic_json@Vmap@std@@Vvector@2@V?$basic_string@DU?$char_traits@D@std@@V?$allocator@D@2@@2@_N_J_KNVallocator@2@Uadl_serializer@json_abi_v3_11_3@nlohmann@@V?$vector@EV?$allocator@E@std@@@2@X@json_abi_v3_11_3@nlohmann@@@5@@std@@
AeCompute.dll,157402576,0x961c5d0,flow,.?AV?$_Func_impl_no_alloc@V<lambda_1>@?4???$func@UJsonSerialize@Property@flow@@VIVec4@transmute@@@DataTypeDefinition@flow@@QEAAAEAV23@AEBV?$function@$$A6A?AV?$basic_json@Vmap@std@@Vvector@2@V?$basic_string@DU?$char_traits@D@std@@V?$allocator@D@2@@2@_N_J_KNVallocator@2@Uadl_serializer@json_abi_v3_11_3@nlohmann@@V?$vector@EV?$allocator@E@std@@@2@X@json_abi_v3_11_3@nlohmann@@AEBVIVec4@transmute@@@Z@std@@@Z@V?$basic_json@Vmap@std@@Vvector@2@V?$basic_string@DU?$char_traits@D@std@@V?$allocator@D@2@@2@_N_J_KNVallocator@2@Uadl_serializer@json_abi_v3_11_3@nlohmann@@V?$vector@EV?$allocator@E@std@@@2@X@json_abi_v3_11_3@nlohmann@@AEBVValue@3@AEBV?$tuple@$$V@5@@std@@
AeCompute.dll,157403264,0x961c880,flow,.?AV?$_Func_impl_no_alloc@V<lambda_1>@?6???$func@UJsonDeserialize@Property@flow@@VIVec4@transmute@@@DataTypeDefinition@flow@@QEAAAEAV23@AEBV?$function@$$A6AXAEAVIVec4@transmute@@AEBV?$basic_json@Vmap@std@@Vvector@2@V?$basic_string@DU?$char_traits@D@std@@V?$allocator@D@2@@2@_N_J_KNVallocator@2@Uadl_serializer@json_abi_v3_11_3@nlohmann@@V?$vector@EV?$allocator@E@std@@@2@X@json_abi_v3_11_3@nlohmann@@@Z@std@@@Z@XAEAVValue@3@AEBV?$tuple@AEBV?$basic_json@Vmap@std@@Vvector@2@V?$basic_string@DU?$char_traits@D@std@@V?$allocator@D@2@@2@_N_J_KNVallocator@2@Uadl_serializer@json_abi_v3_11_3@nlohmann@@V?$vector@EV?$allocator@E@std@@@2@X@json_abi_v3_11_3@nlohmann@@@5@@std@@
AeCompute.dll,157403952,0x961cb30,flow,.?AV?$_Func_impl_no_alloc@V<lambda_1>@?4???$func@UJsonSerialize@Property@flow@@VMat4@transmute@@@DataTypeDefinition@flow@@QEAAAEAV23@AEBV?$function@$$A6A?AV?$basic_json@Vmap@std@@Vvector@2@V?$basic_string@DU?$char_traits@D@std@@V?$allocator@D@2@@2@_N_J_KNVallocator@2@Uadl_serializer@json_abi_v3_11_3@nlohmann@@V?$vector@EV?$allocator@E@std@@@2@X@json_abi_v3_11_3@nlohmann@@AEBVMat4@transmute@@@Z@std@@@Z@V?$basic_json@Vmap@std@@Vvector@2@V?$basic_string@DU?$char_traits@D@std@@V?$allocator@D@2@@2@_N_J_KNVallocator@2@Uadl_serializer@json_abi_v3_11_3@nlohmann@@V?$vector@EV?$allocator@E@std@@@2@X@json_abi_v3_11_3@nlohmann@@AEBVValue@3@AEBV?$tuple@$$V@5@@std@@
AeCompute.dll,157404640,0x961cde0,flow,.?AV?$_Func_impl_no_alloc@V<lambda_1>@?6???$func@UJsonDeserialize@Property@flow@@VMat4@transmute@@@DataTypeDefinition@flow@@QEAAAEAV23@AEBV?$function@$$A6AXAEAVMat4@transmute@@AEBV?$basic_json@Vmap@std@@Vvector@2@V?$basic_string@DU?$char_traits@D@std@@V?$allocator@D@2@@2@_N_J_KNVallocator@2@Uadl_serializer@json_abi_v3_11_3@nlohmann@@V?$vector@EV?$allocator@E@std@@@2@X@json_abi_v3_11_3@nlohmann@@@Z@std@@@Z@XAEAVValue@3@AEBV?$tuple@AEBV?$basic_json@Vmap@std@@Vvector@2@V?$basic_string@DU?$char_traits@D@std@@V?$allocator@D@2@@2@_N_J_KNVallocator@2@Uadl_serializer@json_abi_v3_11_3@nlohmann@@V?$vector@EV?$allocator@E@std@@@2@X@json_abi_v3_11_3@nlohmann@@@5@@std@@
AeCompute.dll,157405328,0x961d090,flow,.?AV?$_Func_impl_no_alloc@V<lambda_1>@?4???$func@UJsonSerialize@Property@flow@@VMatrixXi@transmute@@@DataTypeDefinition@flow@@QEAAAEAV23@AEBV?$function@$$A6A?AV?$basic_json@Vmap@std@@Vvector@2@V?$basic_string@DU?$char_traits@D@std@@V?$allocator@D@2@@2@_N_J_KNVallocator@2@Uadl_serializer@json_abi_v3_11_3@nlohmann@@V?$vector@EV?$allocator@E@std@@@2@X@json_abi_v3_11_3@nlohmann@@AEBVMatrixXi@transmute@@@Z@std@@@Z@V?$basic_json@Vmap@std@@Vvector@2@V?$basic_string@DU?$char_traits@D@std@@V?$allocator@D@2@@2@_N_J_KNVallocator@2@Uadl_serializer@json_abi_v3_11_3@nlohmann@@V?$vector@EV?$allocator@E@std@@@2@X@json_abi_v3_11_3@nlohmann@@AEBVValue@3@AEBV?$tuple@$$V@5@@std@@
AeCompute.dll,157406016,0x961d340,flow,.?AV?$_Func_impl_no_alloc@V<lambda_1>@?6???$func@UJsonDeserialize@Property@flow@@VMatrixXi@transmute@@@DataTypeDefinition@flow@@QEAAAEAV23@AEBV?$function@$$A6AXAEAVMatrixXi@transmute@@AEBV?$basic_json@Vmap@std@@Vvector@2@V?$basic_string@DU?$char_traits@D@std@@V?$allocator@D@2@@2@_N_J_KNVallocator@2@Uadl_serializer@json_abi_v3_11_3@nlohmann@@V?$vector@EV?$allocator@E@std@@@2@X@json_abi_v3_11_3@nlohmann@@@Z@std@@@Z@XAEAVValue@3@AEBV?$tuple@AEBV?$basic_json@Vmap@std@@Vvector@2@V?$basic_string@DU?$char_traits@D@std@@V?$allocator@D@2@@2@_N_J_KNVallocator@2@Uadl_serializer@json_abi_v3_11_3@nlohmann@@V?$vector@EV?$allocator@E@std@@@2@X@json_abi_v3_11_3@nlohmann@@@5@@std@@
AeCompute.dll,157406720,0x961d600,flow,.?AV?$_Func_impl_no_alloc@V<lambda_1>@?4???$func@UJsonSerialize@Property@flow@@VMatrixXf@transmute@@@DataTypeDefinition@flow@@QEAAAEAV23@AEBV?$function@$$A6A?AV?$basic_json@Vmap@std@@Vvector@2@V?$basic_string@DU?$char_traits@D@std@@V?$allocator@D@2@@2@_N_J_KNVallocator@2@Uadl_serializer@json_abi_v3_11_3@nlohmann@@V?$vector@EV?$allocator@E@std@@@2@X@json_abi_v3_11_3@nlohmann@@AEBVMatrixXf@transmute@@@Z@std@@@Z@V?$basic_json@Vmap@std@@Vvector@2@V?$basic_string@DU?$char_traits@D@std@@V?$allocator@D@2@@2@_N_J_KNVallocator@2@Uadl_serializer@json_abi_v3_11_3@nlohmann@@V?$vector@EV?$allocator@E@std@@@2@X@json_abi_v3_11_3@nlohmann@@AEBVValue@3@AEBV?$tuple@$$V@5@@std@@
AeCompute.dll,157407408,0x961d8b0,flow,.?AV?$_Func_impl_no_alloc@V<lambda_1>@?6???$func@UJsonDeserialize@Property@flow@@VMatrixXf@transmute@@@DataTypeDefinition@flow@@QEAAAEAV23@AEBV?$function@$$A6AXAEAVMatrixXf@transmute@@AEBV?$basic_json@Vmap@std@@Vvector@2@V?$basic_string@DU?$char_traits@D@std@@V?$allocator@D@2@@2@_N_J_KNVallocator@2@Uadl_serializer@json_abi_v3_11_3@nlohmann@@V?$vector@EV?$allocator@E@std@@@2@X@json_abi_v3_11_3@nlohmann@@@Z@std@@@Z@XAEAVValue@3@AEBV?$tuple@AEBV?$basic_json@Vmap@std@@Vvector@2@V?$basic_string@DU?$char_traits@D@std@@V?$allocator@D@2@@2@_N_J_KNVallocator@2@Uadl_serializer@json_abi_v3_11_3@nlohmann@@V?$vector@EV?$allocator@E@std@@@2@X@json_abi_v3_11_3@nlohmann@@@5@@std@@
AeCompute.dll,157408112,0x961db70,flow,.?AV?$_Func_impl_no_alloc@V<lambda_1>@?4???$func@UJsonSerialize@Property@flow@@W4AtomicOperation@transmute@@@DataTypeDefinition@flow@@QEAAAEAV23@AEBV?$function@$$A6A?AV?$basic_json@Vmap@std@@Vvector@2@V?$basic_string@DU?$char_traits@D@std@@V?$allocator@D@2@@2@_N_J_KNVallocator@2@Uadl_serializer@json_abi_v3_11_3@nlohmann@@V?$vector@EV?$allocator@E@std@@@2@X@json_abi_v3_11_3@nlohmann@@AEBW4AtomicOperation@transmute@@@Z@std@@@Z@V?$basic_json@Vmap@std@@Vvector@2@V?$basic_string@DU?$char_traits@D@std@@V?$allocator@D@2@@2@_N_J_KNVallocator@2@Uadl_serializer@json_abi_v3_11_3@nlohmann@@V?$vector@EV?$allocator@E@std@@@2@X@json_abi_v3_11_3@nlohmann@@AEBVValue@3@AEBV?$tuple@$$V@5@@std@@
AeCompute.dll,157408816,0x961de30,flow,.?AV?$_Func_impl_no_alloc@V<lambda_1>@?6???$func@UJsonDeserialize@Property@flow@@W4AtomicOperation@transmute@@@DataTypeDefinition@flow@@QEAAAEAV23@AEBV?$function@$$A6AXAEAW4AtomicOperation@transmute@@AEBV?$basic_json@Vmap@std@@Vvector@2@V?$basic_string@DU?$char_traits@D@std@@V?$allocator@D@2@@2@_N_J_KNVallocator@2@Uadl_serializer@json_abi_v3_11_3@nlohmann@@V?$vector@EV?$allocator@E@std@@@2@X@json_abi_v3_11_3@nlohmann@@@Z@std@@@Z@XAEAVValue@3@AEBV?$tuple@AEBV?$basic_json@Vmap@std@@Vvector@2@V?$basic_string@DU?$char_traits@D@std@@V?$allocator@D@2@@2@_N_J_KNVallocator@2@Uadl_serializer@json_abi_v3_11_3@nlohmann@@V?$vector@EV?$allocator@E@std@@@2@X@json_abi_v3_11_3@nlohmann@@@5@@std@@
AeCompute.dll,157409536,0x961e100,flow,.?AV?$_Func_impl_no_alloc@V<lambda_1>@?4???$func@UHash@Property@flow@@W4AtomicOperation@transmute@@@DataTypeDefinition@flow@@QEAAAEAV23@AEBV?$function@$$A6A_KAEBW4AtomicOperation@transmute@@@Z@std@@@Z@_KAEBVValue@3@AEBV?$tuple@$$V@5@@std@@
AeCompute.dll,157409792,0x961e200,flow,.?AV?$_Func_impl_no_alloc@V<lambda_1>@?4???$func@UComputeByteSize@Property@flow@@W4AtomicOperation@transmute@@@DataTypeDefinition@flow@@QEAAAEAV23@AEBV?$function@$$A6A_KAEBW4AtomicOperation@transmute@@@Z@std@@@Z@_KAEBVValue@3@AEBV?$tuple@$$V@5@@std@@
AeCompute.dll,157410064,0x961e310,flow,.?AV?$_Func_impl_no_alloc@V<lambda_1>@?1???$register_as_enum@W4AtomicOperation@transmute@@@DataTypeDefinition@flow@@QEAAXAEBV?$vector@V?$basic_string@DU?$char_traits@D@std@@V?$allocator@D@2@@std@@V?$allocator@V?$basic_string@DU?$char_traits@D@std@@V?$allocator@D@2@@std@@@2@@std@@AEBV?$vector@W4AtomicOperation@transmute@@V?$allocator@W4AtomicOperation@transmute@@@std@@@5@@Z@_NAEAW4AtomicOperation@transmute@@AEAUUIData@3@AEBVProperties@3@@std@@
AeCompute.dll,157410528,0x961e4e0,flow,.?AV?$_Func_impl_no_alloc@V<lambda_1>@?4???$type@VVec2@transmute@@@TypeRegistry@flow@@QEAAAEAVDataTypeDefinition@3@V?$basic_string@DU?$char_traits@D@std@@V?$allocator@D@2@@std@@@Z@XAEAVValue@3@@std@@
AeCompute.dll,157410752,0x961e5c0,flow,.?AV?$_Func_impl_no_alloc@V<lambda_2>@?9???$type@VVec2@transmute@@@TypeRegistry@flow@@QEAAAEAVDataTypeDefinition@3@V?$basic_string@DU?$char_traits@D@std@@V?$allocator@D@2@@std@@@Z@_NAEBVValue@3@@std@@
AeCompute.dll,157410976,0x961e6a0,flow,.?AV?$_Func_impl_no_alloc@V<lambda_1>@?4???$type@VVec3@transmute@@@TypeRegistry@flow@@QEAAAEAVDataTypeDefinition@3@V?$basic_string@DU?$char_traits@D@std@@V?$allocator@D@2@@std@@@Z@XAEAVValue@3@@std@@
AeCompute.dll,157411200,0x961e780,flow,.?AV?$_Func_impl_no_alloc@V<lambda_2>@?9???$type@VVec3@transmute@@@TypeRegistry@flow@@QEAAAEAVDataTypeDefinition@3@V?$basic_string@DU?$char_traits@D@std@@V?$allocator@D@2@@std@@@Z@_NAEBVValue@3@@std@@
AeCompute.dll,157411424,0x961e860,flow,.?AV?$_Func_impl_no_alloc@V<lambda_1>@?4???$type@VVec4@transmute@@@TypeRegistry@flow@@QEAAAEAVDataTypeDefinition@3@V?$basic_string@DU?$char_traits@D@std@@V?$allocator@D@2@@std@@@Z@XAEAVValue@3@@std@@
AeCompute.dll,157411648,0x961e940,flow,.?AV?$_Func_impl_no_alloc@V<lambda_2>@?9???$type@VVec4@transmute@@@TypeRegistry@flow@@QEAAAEAVDataTypeDefinition@3@V?$basic_string@DU?$char_traits@D@std@@V?$allocator@D@2@@std@@@Z@_NAEBVValue@3@@std@@
AeCompute.dll,157411872,0x961ea20,flow,.?AV?$_Func_impl_no_alloc@V<lambda_1>@?4???$type@VIVec2@transmute@@@TypeRegistry@flow@@QEAAAEAVDataTypeDefinition@3@V?$basic_string@DU?$char_traits@D@std@@V?$allocator@D@2@@std@@@Z@XAEAVValue@3@@std@@
AeCompute.dll,157412096,0x961eb00,flow,.?AV?$_Func_impl_no_alloc@V<lambda_2>@?9???$type@VIVec2@transmute@@@TypeRegistry@flow@@QEAAAEAVDataTypeDefinition@3@V?$basic_string@DU?$char_traits@D@std@@V?$allocator@D@2@@std@@@Z@_NAEBVValue@3@@std@@
AeCompute.dll,157412320,0x961ebe0,flow,.?AV?$_Func_impl_no_alloc@V<lambda_1>@?4???$type@VIVec3@transmute@@@TypeRegistry@flow@@QEAAAEAVDataTypeDefinition@3@V?$basic_string@DU?$char_traits@D@std@@V?$allocator@D@2@@std@@@Z@XAEAVValue@3@@std@@
AeCompute.dll,157412544,0x961ecc0,flow,.?AV?$_Func_impl_no_alloc@V<lambda_2>@?9???$type@VIVec3@transmute@@@TypeRegistry@flow@@QEAAAEAVDataTypeDefinition@3@V?$basic_string@DU?$char_traits@D@std@@V?$allocator@D@2@@std@@@Z@_NAEBVValue@3@@std@@
AeCompute.dll,157412768,0x961eda0,flow,.?AV?$_Func_impl_no_alloc@V<lambda_1>@?4???$type@VIVec4@transmute@@@TypeRegistry@flow@@QEAAAEAVDataTypeDefinition@3@V?$basic_string@DU?$char_traits@D@std@@V?$allocator@D@2@@std@@@Z@XAEAVValue@3@@std@@
AeCompute.dll,157412992,0x961ee80,flow,.?AV?$_Func_impl_no_alloc@V<lambda_2>@?9???$type@VIVec4@transmute@@@TypeRegistry@flow@@QEAAAEAVDataTypeDefinition@3@V?$basic_string@DU?$char_traits@D@std@@V?$allocator@D@2@@std@@@Z@_NAEBVValue@3@@std@@
AeCompute.dll,157413216,0x961ef60,flow,.?AV?$_Func_impl_no_alloc@V<lambda_1>@?4???$type@VMat4@transmute@@@TypeRegistry@flow@@QEAAAEAVDataTypeDefinition@3@V?$basic_string@DU?$char_traits@D@std@@V?$allocator@D@2@@std@@@Z@XAEAVValue@3@@std@@
AeCompute.dll,157413440,0x961f040,flow,.?AV?$_Func_impl_no_alloc@V<lambda_2>@?9???$type@VMat4@transmute@@@TypeRegistry@flow@@QEAAAEAVDataTypeDefinition@3@V?$basic_string@DU?$char_traits@D@std@@V?$allocator@D@2@@std@@@Z@_NAEBVValue@3@@std@@
AeCompute.dll,157413664,0x961f120,flow,.?AV?$_Func_impl_no_alloc@V<lambda_1>@?4???$type@VMatrixXf@transmute@@@TypeRegistry@flow@@QEAAAEAVDataTypeDefinition@3@V?$basic_string@DU?$char_traits@D@std@@V?$allocator@D@2@@std@@@Z@XAEAVValue@3@@std@@
AeCompute.dll,157413888,0x961f200,flow,.?AV?$_Func_impl_no_alloc@V<lambda_2>@?9???$type@VMatrixXf@transmute@@@TypeRegistry@flow@@QEAAAEAVDataTypeDefinition@3@V?$basic_string@DU?$char_traits@D@std@@V?$allocator@D@2@@std@@@Z@_NAEBVValue@3@@std@@
AeCompute.dll,157414112,0x961f2e0,flow,.?AV?$_Func_impl_no_alloc@V<lambda_1>@?4???$type@VMatrixXi@transmute@@@TypeRegistry@flow@@QEAAAEAVDataTypeDefinition@3@V?$basic_string@DU?$char_traits@D@std@@V?$allocator@D@2@@std@@@Z@XAEAVValue@3@@std@@
AeCompute.dll,157414336,0x961f3c0,flow,.?AV?$_Func_impl_no_alloc@V<lambda_2>@?9???$type@VMatrixXi@transmute@@@TypeRegistry@flow@@QEAAAEAVDataTypeDefinition@3@V?$basic_string@DU?$char_traits@D@std@@V?$allocator@D@2@@std@@@Z@_NAEBVValue@3@@std@@
AeCompute.dll,157414560,0x961f4a0,flow,.?AV?$_Func_impl_no_alloc@V<lambda_1>@?4???$func@UHash@Property@flow@@VIVec2@transmute@@@DataTypeDefinition@flow@@QEAAAEAV23@AEBV?$function@$$A6A_KAEBVIVec2@transmute@@@Z@std@@@Z@_KAEBVValue@3@AEBV?$tuple@$$V@5@@std@@
AeCompute.dll,157414800,0x961f590,flow,.?AV?$_Func_impl_no_alloc@V<lambda_1>@?4???$func@UComputeByteSize@Property@flow@@VIVec2@transmute@@@DataTypeDefinition@flow@@QEAAAEAV23@AEBV?$function@$$A6A_KAEBVIVec2@transmute@@@Z@std@@@Z@_KAEBVValue@3@AEBV?$tuple@$$V@5@@std@@
AeCompute.dll,157415056,0x961f690,flow,.?AV?$_Func_impl_no_alloc@V<lambda_1>@?4???$func@UHash@Property@flow@@VIVec3@transmute@@@DataTypeDefinition@flow@@QEAAAEAV23@AEBV?$function@$$A6A_KAEBVIVec3@transmute@@@Z@std@@@Z@_KAEBVValue@3@AEBV?$tuple@$$V@5@@std@@
AeCompute.dll,157415296,0x961f780,flow,.?AV?$_Func_impl_no_alloc@V<lambda_1>@?4???$func@UComputeByteSize@Property@flow@@VIVec3@transmute@@@DataTypeDefinition@flow@@QEAAAEAV23@AEBV?$function@$$A6A_KAEBVIVec3@transmute@@@Z@std@@@Z@_KAEBVValue@3@AEBV?$tuple@$$V@5@@std@@
AeCompute.dll,157415552,0x961f880,flow,.?AV?$_Func_impl_no_alloc@V<lambda_1>@?4???$func@UHash@Property@flow@@VIVec4@transmute@@@DataTypeDefinition@flow@@QEAAAEAV23@AEBV?$function@$$A6A_KAEBVIVec4@transmute@@@Z@std@@@Z@_KAEBVValue@3@AEBV?$tuple@$$V@5@@std@@
AeCompute.dll,157415792,0x961f970,flow,.?AV?$_Func_impl_no_alloc@V<lambda_1>@?4???$func@UComputeByteSize@Property@flow@@VIVec4@transmute@@@DataTypeDefinition@flow@@QEAAAEAV23@AEBV?$function@$$A6A_KAEBVIVec4@transmute@@@Z@std@@@Z@_KAEBVValue@3@AEBV?$tuple@$$V@5@@std@@
AeCompute.dll,157416048,0x961fa70,flow,.?AV?$_Func_impl_no_alloc@V<lambda_1>@?4???$func@UHash@Property@flow@@VVec2@transmute@@@DataTypeDefinition@flow@@QEAAAEAV23@AEBV?$function@$$A6A_KAEBVVec2@transmute@@@Z@std@@@Z@_KAEBVValue@3@AEBV?$tuple@$$V@5@@std@@
AeCompute.dll,157416288,0x961fb60,flow,.?AV?$_Func_impl_no_alloc@V<lambda_1>@?4???$func@UComputeByteSize@Property@flow@@VVec2@transmute@@@DataTypeDefinition@flow@@QEAAAEAV23@AEBV?$function@$$A6A_KAEBVVec2@transmute@@@Z@std@@@Z@_KAEBVValue@3@AEBV?$tuple@$$V@5@@std@@
AeCompute.dll,157416544,0x961fc60,flow,.?AV?$_Func_impl_no_alloc@V<lambda_1>@?4???$func@UHash@Property@flow@@VVec3@transmute@@@DataTypeDefinition@flow@@QEAAAEAV23@AEBV?$function@$$A6A_KAEBVVec3@transmute@@@Z@std@@@Z@_KAEBVValue@3@AEBV?$tuple@$$V@5@@std@@
AeCompute.dll,157416784,0x961fd50,flow,.?AV?$_Func_impl_no_alloc@V<lambda_1>@?4???$func@UComputeByteSize@Property@flow@@VVec3@transmute@@@DataTypeDefinition@flow@@QEAAAEAV23@AEBV?$function@$$A6A_KAEBVVec3@transmute@@@Z@std@@@Z@_KAEBVValue@3@AEBV?$tuple@$$V@5@@std@@
AeCompute.dll,157417040,0x961fe50,flow,.?AV?$_Func_impl_no_alloc@V<lambda_1>@?4???$func@UHash@Property@flow@@VVec4@transmute@@@DataTypeDefinition@flow@@QEAAAEAV23@AEBV?$function@$$A6A_KAEBVVec4@transmute@@@Z@std@@@Z@_KAEBVValue@3@AEBV?$tuple@$$V@5@@std@@
AeCompute.dll,157417280,0x961ff40,flow,.?AV?$_Func_impl_no_alloc@V<lambda_1>@?4???$func@UComputeByteSize@Property@flow@@VVec4@transmute@@@DataTypeDefinition@flow@@QEAAAEAV23@AEBV?$function@$$A6A_KAEBVVec4@transmute@@@Z@std@@@Z@_KAEBVValue@3@AEBV?$tuple@$$V@5@@std@@
AeCompute.dll,157417536,0x9620040,flow,.?AV?$_Func_impl_no_alloc@V<lambda_1>@?4???$func@UHash@Property@flow@@VMat4@transmute@@@DataTypeDefinition@flow@@QEAAAEAV23@AEBV?$function@$$A6A_KAEBVMat4@transmute@@@Z@std@@@Z@_KAEBVValue@3@AEBV?$tuple@$$V@5@@std@@
AeCompute.dll,157417776,0x9620130,flow,.?AV?$_Func_impl_no_alloc@V<lambda_1>@?4???$func@UComputeByteSize@Property@flow@@VMat4@transmute@@@DataTypeDefinition@flow@@QEAAAEAV23@AEBV?$function@$$A6A_KAEBVMat4@transmute@@@Z@std@@@Z@_KAEBVValue@3@AEBV?$tuple@$$V@5@@std@@
AeCompute.dll,157418032,0x9620230,flow,.?AV?$_Func_impl_no_alloc@V<lambda_1>@?4???$type@W4AtomicOperation@transmute@@@TypeRegistry@flow@@QEAAAEAVDataTypeDefinition@3@V?$basic_string@DU?$char_traits@D@std@@V?$allocator@D@2@@std@@@Z@XAEAVValue@3@@std@@
AeCompute.dll,157418272,0x9620320,flow,.?AV?$_Func_impl_no_alloc@V<lambda_2>@?9???$type@W4AtomicOperation@transmute@@@TypeRegistry@flow@@QEAAAEAVDataTypeDefinition@3@V?$basic_string@DU?$char_traits@D@std@@V?$allocator@D@2@@std@@@Z@_NAEBVValue@3@@std@@
AeCompute.dll,157418512,0x9620410,flow,.?AV?$_Func_impl_no_alloc@V<lambda_1>@?6???$func@UWidget@Property@flow@@W4AtomicOperation@transmute@@@DataTypeDefinition@flow@@QEAAAEAV23@AEBV?$function@$$A6A_NAEAW4AtomicOperation@transmute@@AEAUUIData@flow@@AEBVProperties@4@@Z@std@@@Z@_NAEAVValue@3@AEBV?$tuple@AEAUUIData@flow@@AEBVProperties@2@@5@@std@@
AeCompute.dll,157418840,0x9620558,flow,.?AU?$Storage@VMat4@transmute@@@Value@flow@@
AeCompute.dll,157418912,0x96205a0,flow,.?AU?$Storage@VMatrixXf@transmute@@@Value@flow@@
AeCompute.dll,157418992,0x96205f0,flow,.?AU?$Storage@VMatrixXi@transmute@@@Value@flow@@
AeCompute.dll,157419072,0x9620640,flow,.?AU?$Storage@V?$vector@W4AtomicOperation@transmute@@V?$allocator@W4AtomicOperation@transmute@@@std@@@std@@@Value@flow@@
AeCompute.dll,157421120,0x9620e40,flow,.?AV?$_Func_impl_no_alloc@V<lambda_1>@?4???$func@UJsonSerialize@Property@flow@@V?$shared_ptr@VTensor@solax@@@std@@@DataTypeDefinition@flow@@QEAAAEAV23@AEBV?$function@$$A6A?AV?$basic_json@Vmap@std@@Vvector@2@V?$basic_string@DU?$char_traits@D@std@@V?$allocator@D@2@@2@_N_J_KNVallocator@2@Uadl_serializer@json_abi_v3_11_3@nlohmann@@V?$vector@EV?$allocator@E@std@@@2@X@json_abi_v3_11_3@nlohmann@@AEBV?$shared_ptr@VTensor@solax@@@std@@@Z@std@@@Z@V?$basic_json@Vmap@std@@Vvector@2@V?$basic_string@DU?$char_traits@D@std@@V?$allocator@D@2@@2@_N_J_KNVallocator@2@Uadl_serializer@json_abi_v3_11_3@nlohmann@@V?$vector@EV?$allocator@E@std@@@2@X@json_abi_v3_11_3@nlohmann@@AEBVValue@3@AEBV?$tuple@$$V@5@@std@@
AeCompute.dll,157421840,0x9621110,flow,.?AV?$_Func_impl_no_alloc@V<lambda_1>@?6???$func@UJsonDeserialize@Property@flow@@V?$shared_ptr@VTensor@solax@@@std@@@DataTypeDefinition@flow@@QEAAAEAV23@AEBV?$function@$$A6AXAEAV?$shared_ptr@VTensor@solax@@@std@@AEBV?$basic_json@Vmap@std@@Vvector@2@V?$basic_string@DU?$char_traits@D@std@@V?$allocator@D@2@@2@_N_J_KNVallocator@2@Uadl_serializer@json_abi_v3_11_3@nlohmann@@V?$vector@EV?$allocator@E@std@@@2@X@json_abi_v3_11_3@nlohmann@@@Z@std@@@Z@XAEAVValue@3@AEBV?$tuple@AEBV?$basic_json@Vmap@std@@Vvector@2@V?$basic_string@DU?$char_traits@D@std@@V?$allocator@D@2@@2@_N_J_KNVallocator@2@Uadl_serializer@json_abi_v3_11_3@nlohmann@@V?$vector@EV?$allocator@E@std@@@2@X@json_abi_v3_11_3@nlohmann@@@5@@std@@
AeCompute.dll,157422560,0x96213e0,flow,.?AV?$_Func_impl_no_alloc@V<lambda_1>@?4???$func@UHash@Property@flow@@V?$shared_ptr@VTensor@solax@@@std@@@DataTypeDefinition@flow@@QEAAAEAV23@AEBV?$function@$$A6A_KAEBV?$shared_ptr@VTensor@solax@@@std@@@Z@std@@@Z@_KAEBVValue@3@AEBV?$tuple@$$V@5@@std@@
AeCompute.dll,157422832,0x96214f0,flow,.?AV?$_Func_impl_no_alloc@V<lambda_1>@?4???$func@UComputeByteSize@Property@flow@@V?$shared_ptr@VTensor@solax@@@std@@@DataTypeDefinition@flow@@QEAAAEAV23@AEBV?$function@$$A6A_KAEBV?$shared_ptr@VTensor@solax@@@std@@@Z@std@@@Z@_KAEBVValue@3@AEBV?$tuple@$$V@5@@std@@
AeCompute.dll,157423120,0x9621610,flow,.?AV?$_Func_impl_no_alloc@V<lambda_1>@?4???$type@V?$shared_ptr@VTensor@solax@@@std@@@TypeRegistry@flow@@QEAAAEAVDataTypeDefinition@3@V?$basic_string@DU?$char_traits@D@std@@V?$allocator@D@2@@std@@@Z@XAEAVValue@3@@std@@
AeCompute.dll,157423360,0x9621700,flow,.?AV?$_Func_impl_no_alloc@V<lambda_2>@?9???$type@V?$shared_ptr@VTensor@solax@@@std@@@TypeRegistry@flow@@QEAAAEAVDataTypeDefinition@3@V?$basic_string@DU?$char_traits@D@std@@V?$allocator@D@2@@std@@@Z@_NAEBVValue@3@@std@@
