elapsed_us	tid	rip	module	rva	path
86100	33248	0x7ffc3a941104	win32u.dll	0x1104	C:\WINDOWS\System32\win32u.dll
86166	10380	0x7ffc3ce10fd4	ntdll.dll	0xa0fd4	C:\WINDOWS\SYSTEM32\ntdll.dll
86183	37804	0x7ffc3ce10fd4	ntdll.dll	0xa0fd4	C:\WINDOWS\SYSTEM32\ntdll.dll
86202	31968	0x7ffc3ce10fd4	ntdll.dll	0xa0fd4	C:\WINDOWS\SYSTEM32\ntdll.dll
86222	700	0x7ffc3ce0e0f4	ntdll.dll	0x9e0f4	C:\WINDOWS\SYSTEM32\ntdll.dll
86274	33888	0x7ffc3ce0d6c4	ntdll.dll	0x9d6c4	C:\WINDOWS\SYSTEM32\ntdll.dll
86319	34776	0x7ffc3ce0d6c4	ntdll.dll	0x9d6c4	C:\WINDOWS\SYSTEM32\ntdll.dll
86339	34496	0x7ffc3ce10fd4	ntdll.dll	0xa0fd4	C:\WINDOWS\SYSTEM32\ntdll.dll
86356	37644	0x7ffc3ce10fd4	ntdll.dll	0xa0fd4	C:\WINDOWS\SYSTEM32\ntdll.dll
86378	37640	0x7ffc3ce10fd4	ntdll.dll	0xa0fd4	C:\WINDOWS\SYSTEM32\ntdll.dll
86397	36668	0x7ffc3ce11034	ntdll.dll	0xa1034	C:\WINDOWS\SYSTEM32\ntdll.dll
86449	26628	0x7ffc3a94a124	win32u.dll	0xa124	C:\WINDOWS\System32\win32u.dll
86485	35068	0x7ffc3ce10fd4	ntdll.dll	0xa0fd4	C:\WINDOWS\SYSTEM32\ntdll.dll
86530	36428	0x7ffc3ce0e0f4	ntdll.dll	0x9e0f4	C:\WINDOWS\SYSTEM32\ntdll.dll
86583	35996	0x7ffc3ce0e0f4	ntdll.dll	0x9e0f4	C:\WINDOWS\SYSTEM32\ntdll.dll
86627	19780	0x7ffc3ce0e0f4	ntdll.dll	0x9e0f4	C:\WINDOWS\SYSTEM32\ntdll.dll
86647	22404	0x7ffc3ce0d6c4	ntdll.dll	0x9d6c4	C:\WINDOWS\SYSTEM32\ntdll.dll
86684	34704	0x7ffc3ce0d6c4	ntdll.dll	0x9d6c4	C:\WINDOWS\SYSTEM32\ntdll.dll
86717	28184	0x7ffc3ce0d624	ntdll.dll	0x9d624	C:\WINDOWS\SYSTEM32\ntdll.dll
86733	38852	0x7ffc3ce11034	ntdll.dll	0xa1034	C:\WINDOWS\SYSTEM32\ntdll.dll
86767	19796	0x7ffc3ce0d624	ntdll.dll	0x9d624	C:\WINDOWS\SYSTEM32\ntdll.dll
86786	28764	0x7ffc3ce0d624	ntdll.dll	0x9d624	C:\WINDOWS\SYSTEM32\ntdll.dll
86804	38056	0x7ffc3ce0d624	ntdll.dll	0x9d624	C:\WINDOWS\SYSTEM32\ntdll.dll
86835	33572	0x7ffc3ce0d6c4	ntdll.dll	0x9d6c4	C:\WINDOWS\SYSTEM32\ntdll.dll
86882	36376	0x7ffc3ce0e0f4	ntdll.dll	0x9e0f4	C:\WINDOWS\SYSTEM32\ntdll.dll
86903	13352	0x7ffc3a94a124	win32u.dll	0xa124	C:\WINDOWS\System32\win32u.dll
86926	37056	0x7ffc3ce0e0f4	ntdll.dll	0x9e0f4	C:\WINDOWS\SYSTEM32\ntdll.dll
86971	31464	0x7ffc3ce0d624	ntdll.dll	0x9d624	C:\WINDOWS\SYSTEM32\ntdll.dll
86988	36532	0x7ffc3ce0d6c4	ntdll.dll	0x9d6c4	C:\WINDOWS\SYSTEM32\ntdll.dll
87019	12684	0x7ffc3ce10fd4	ntdll.dll	0xa0fd4	C:\WINDOWS\SYSTEM32\ntdll.dll
87045	32208	0x7ffc3ce10fd4	ntdll.dll	0xa0fd4	C:\WINDOWS\SYSTEM32\ntdll.dll
87062	38716	0x7ffc3ce0d624	ntdll.dll	0x9d624	C:\WINDOWS\SYSTEM32\ntdll.dll
87114	35200	0x7ffc3ce0e0f4	ntdll.dll	0x9e0f4	C:\WINDOWS\SYSTEM32\ntdll.dll
87144	15148	0x7ffc3ce0d624	ntdll.dll	0x9d624	C:\WINDOWS\SYSTEM32\ntdll.dll
87176	13956	0x7ffc3ce0d624	ntdll.dll	0x9d624	C:\WINDOWS\SYSTEM32\ntdll.dll
87208	29528	0x7ffc3ce0d624	ntdll.dll	0x9d624	C:\WINDOWS\SYSTEM32\ntdll.dll
87244	17028	0x7ffc3ce0d624	ntdll.dll	0x9d624	C:\WINDOWS\SYSTEM32\ntdll.dll
87271	27652	0x7ffc3ce0d624	ntdll.dll	0x9d624	C:\WINDOWS\SYSTEM32\ntdll.dll
87300	34320	0x7ffc3ce0d624	ntdll.dll	0x9d624	C:\WINDOWS\SYSTEM32\ntdll.dll
87332	33620	0x7ffc3ce0d624	ntdll.dll	0x9d624	C:\WINDOWS\SYSTEM32\ntdll.dll
87364	36712	0x7ffc3ce0d624	ntdll.dll	0x9d624	C:\WINDOWS\SYSTEM32\ntdll.dll
87431	18760	0x7ffc3ce0d624	ntdll.dll	0x9d624	C:\WINDOWS\SYSTEM32\ntdll.dll
87472	37364	0x7ffc3ce0d624	ntdll.dll	0x9d624	C:\WINDOWS\SYSTEM32\ntdll.dll
87494	28596	0x7ffc3ce0d624	ntdll.dll	0x9d624	C:\WINDOWS\SYSTEM32\ntdll.dll
87526	33908	0x7ffc3ce0d624	ntdll.dll	0x9d624	C:\WINDOWS\SYSTEM32\ntdll.dll
87544	14192	0x7ffc3ce0d624	ntdll.dll	0x9d624	C:\WINDOWS\SYSTEM32\ntdll.dll
87587	29548	0x7ffc3ce0e0f4	ntdll.dll	0x9e0f4	C:\WINDOWS\SYSTEM32\ntdll.dll
87606	6688	0x7ffc3ce0d624	ntdll.dll	0x9d624	C:\WINDOWS\SYSTEM32\ntdll.dll
87636	14692	0x7ffc3ce10fd4	ntdll.dll	0xa0fd4	C:\WINDOWS\SYSTEM32\ntdll.dll
87656	34840	0x7ffc3ce10fd4	ntdll.dll	0xa0fd4	C:\WINDOWS\SYSTEM32\ntdll.dll
87697	28620	0x7ffc3ce0e0f4	ntdll.dll	0x9e0f4	C:\WINDOWS\SYSTEM32\ntdll.dll
87714	37852	0x7ffc3ce0d6c4	ntdll.dll	0x9d6c4	C:\WINDOWS\SYSTEM32\ntdll.dll
87753	37380	0x7ffc3ce0e0f4	ntdll.dll	0x9e0f4	C:\WINDOWS\SYSTEM32\ntdll.dll
87777	38848	0x7ffc3ce0d6c4	ntdll.dll	0x9d6c4	C:\WINDOWS\SYSTEM32\ntdll.dll
87820	33300	0x7ffc3ce0e0f4	ntdll.dll	0x9e0f4	C:\WINDOWS\SYSTEM32\ntdll.dll
87978	33304	0x7ffc3ce0d6c4	ntdll.dll	0x9d6c4	C:\WINDOWS\SYSTEM32\ntdll.dll
87996	11196	0x7ffc3ce0d624	ntdll.dll	0x9d624	C:\WINDOWS\SYSTEM32\ntdll.dll
88013	31576	0x7ffc3ce0d6c4	ntdll.dll	0x9d6c4	C:\WINDOWS\SYSTEM32\ntdll.dll
88050	38736	0x7ffc3a941104	win32u.dll	0x1104	C:\WINDOWS\System32\win32u.dll
88067	38356	0x7ffc3ce0e0f4	ntdll.dll	0x9e0f4	C:\WINDOWS\SYSTEM32\ntdll.dll
88086	38380	0x7ffc3ce0d624	ntdll.dll	0x9d624	C:\WINDOWS\SYSTEM32\ntdll.dll
88107	32704	0x7ffc3ce0d624	ntdll.dll	0x9d624	C:\WINDOWS\SYSTEM32\ntdll.dll
88141	38484	0x7ffc3ce0d624	ntdll.dll	0x9d624	C:\WINDOWS\SYSTEM32\ntdll.dll
88171	38876	0x7ffc3ce10fd4	ntdll.dll	0xa0fd4	C:\WINDOWS\SYSTEM32\ntdll.dll
88188	34896	0x7ffc3ce10fd4	ntdll.dll	0xa0fd4	C:\WINDOWS\SYSTEM32\ntdll.dll
88206	38456	0x7ffc3ce10fd4	ntdll.dll	0xa0fd4	C:\WINDOWS\SYSTEM32\ntdll.dll
88237	38172	0x7ffc3ce0d624	ntdll.dll	0x9d624	C:\WINDOWS\SYSTEM32\ntdll.dll
88266	28272	0x7ffc3ce0d6c4	ntdll.dll	0x9d6c4	C:\WINDOWS\SYSTEM32\ntdll.dll
88296	34772	0x7ffc3ce0d6c4	ntdll.dll	0x9d6c4	C:\WINDOWS\SYSTEM32\ntdll.dll
88330	37384	0x7ffc3ce0d6c4	ntdll.dll	0x9d6c4	C:\WINDOWS\SYSTEM32\ntdll.dll
88360	33920	0x7ffc3ce0d6c4	ntdll.dll	0x9d6c4	C:\WINDOWS\SYSTEM32\ntdll.dll
88399	34548	0x7ffc3ce0e0f4	ntdll.dll	0x9e0f4	C:\WINDOWS\SYSTEM32\ntdll.dll
88433	36796	0x7ffc3ce0d6c4	ntdll.dll	0x9d6c4	C:\WINDOWS\SYSTEM32\ntdll.dll
88452	36628	0x7ffc3ce0d6c4	ntdll.dll	0x9d6c4	C:\WINDOWS\SYSTEM32\ntdll.dll
88468	13652	0x7ffc3ce0d6c4	ntdll.dll	0x9d6c4	C:\WINDOWS\SYSTEM32\ntdll.dll
88501	32520	0x7ffc3ce0d6c4	ntdll.dll	0x9d6c4	C:\WINDOWS\SYSTEM32\ntdll.dll
88519	33744	0x7ffc3ce0d6c4	ntdll.dll	0x9d6c4	C:\WINDOWS\SYSTEM32\ntdll.dll
88548	36636	0x7ffc3ce10fd4	ntdll.dll	0xa0fd4	C:\WINDOWS\SYSTEM32\ntdll.dll
88578	35812	0x7ffc3ce0d624	ntdll.dll	0x9d624	C:\WINDOWS\SYSTEM32\ntdll.dll
88610	36112	0x7ffc3ce10fd4	ntdll.dll	0xa0fd4	C:\WINDOWS\SYSTEM32\ntdll.dll
88655	18020	0x7ffc3ce0e0f4	ntdll.dll	0x9e0f4	C:\WINDOWS\SYSTEM32\ntdll.dll
88690	27584	0x7ffc3ce10fd4	ntdll.dll	0xa0fd4	C:\WINDOWS\SYSTEM32\ntdll.dll
88733	2996	0x7ffc3ce0e0f4	ntdll.dll	0x9e0f4	C:\WINDOWS\SYSTEM32\ntdll.dll
88763	35460	0x7ffc3ce10fd4	ntdll.dll	0xa0fd4	C:\WINDOWS\SYSTEM32\ntdll.dll
88782	38008	0x7ffc3ce0d624	ntdll.dll	0x9d624	C:\WINDOWS\SYSTEM32\ntdll.dll
88824	33284	0x7ffc3ce0e0f4	ntdll.dll	0x9e0f4	C:\WINDOWS\SYSTEM32\ntdll.dll
88843	28676	0x7ffc3ce0d624	ntdll.dll	0x9d624	C:\WINDOWS\SYSTEM32\ntdll.dll
88881	7328	0x7ffc3ce10fd4	ntdll.dll	0xa0fd4	C:\WINDOWS\SYSTEM32\ntdll.dll
88911	37628	0x7ffc3ce10fd4	ntdll.dll	0xa0fd4	C:\WINDOWS\SYSTEM32\ntdll.dll
88947	38748	0x7ffc3ce0d624	ntdll.dll	0x9d624	C:\WINDOWS\SYSTEM32\ntdll.dll
88978	33496	0x7ffc3ce10fd4	ntdll.dll	0xa0fd4	C:\WINDOWS\SYSTEM32\ntdll.dll
89019	27132	0x7ffc3ce0e0f4	ntdll.dll	0x9e0f4	C:\WINDOWS\SYSTEM32\ntdll.dll
89053	31736	0x7ffc3ce10fd4	ntdll.dll	0xa0fd4	C:\WINDOWS\SYSTEM32\ntdll.dll
89096	36960	0x7ffc3ce0e0f4	ntdll.dll	0x9e0f4	C:\WINDOWS\SYSTEM32\ntdll.dll
89126	20576	0x7ffc3ce10fd4	ntdll.dll	0xa0fd4	C:\WINDOWS\SYSTEM32\ntdll.dll
89155	34164	0x7ffc3ce10fd4	ntdll.dll	0xa0fd4	C:\WINDOWS\SYSTEM32\ntdll.dll
89185	38144	0x7ffc3ce10fd4	ntdll.dll	0xa0fd4	C:\WINDOWS\SYSTEM32\ntdll.dll
89220	33932	0x7ffc3ce10fd4	ntdll.dll	0xa0fd4	C:\WINDOWS\SYSTEM32\ntdll.dll
89248	29568	0x7ffc3ce10fd4	ntdll.dll	0xa0fd4	C:\WINDOWS\SYSTEM32\ntdll.dll
89295	38884	0x7ffc3ce0e0f4	ntdll.dll	0x9e0f4	C:\WINDOWS\SYSTEM32\ntdll.dll
89336	30684	0x7ffc3ce10fd4	ntdll.dll	0xa0fd4	C:\WINDOWS\SYSTEM32\ntdll.dll
89372	38260	0x7ffc3ce10fd4	ntdll.dll	0xa0fd4	C:\WINDOWS\SYSTEM32\ntdll.dll
89400	29588	0x7ffc3ce10fd4	ntdll.dll	0xa0fd4	C:\WINDOWS\SYSTEM32\ntdll.dll
89430	38232	0x7ffc3ce10fd4	ntdll.dll	0xa0fd4	C:\WINDOWS\SYSTEM32\ntdll.dll
89450	38812	0x7ffc3ce0d6c4	ntdll.dll	0x9d6c4	C:\WINDOWS\SYSTEM32\ntdll.dll
89483	35540	0x7ffc3ce0d6c4	ntdll.dll	0x9d6c4	C:\WINDOWS\SYSTEM32\ntdll.dll
89513	31888	0x7ffc3ce10fd4	ntdll.dll	0xa0fd4	C:\WINDOWS\SYSTEM32\ntdll.dll
89546	12908	0x7ffc3ce10fd4	ntdll.dll	0xa0fd4	C:\WINDOWS\SYSTEM32\ntdll.dll
89579	34508	0x7ffc3ce10fd4	ntdll.dll	0xa0fd4	C:\WINDOWS\SYSTEM32\ntdll.dll
89661	34276	0x7ffc3ce10fd4	ntdll.dll	0xa0fd4	C:\WINDOWS\SYSTEM32\ntdll.dll
89696	37940	0x7ffc3ce10fd4	ntdll.dll	0xa0fd4	C:\WINDOWS\SYSTEM32\ntdll.dll
89713	29192	0x7ffc3ce10fd4	ntdll.dll	0xa0fd4	C:\WINDOWS\SYSTEM32\ntdll.dll
89731	37736	0x7ffc3ce10fd4	ntdll.dll	0xa0fd4	C:\WINDOWS\SYSTEM32\ntdll.dll
89752	33220	0x7ffc3ce10fd4	ntdll.dll	0xa0fd4	C:\WINDOWS\SYSTEM32\ntdll.dll
89779	12692	0x7ffc3ce10fd4	ntdll.dll	0xa0fd4	C:\WINDOWS\SYSTEM32\ntdll.dll
89795	33984	0x7ffc3ce10fd4	ntdll.dll	0xa0fd4	C:\WINDOWS\SYSTEM32\ntdll.dll
89820	38224	0x7ffc3ce10fd4	ntdll.dll	0xa0fd4	C:\WINDOWS\SYSTEM32\ntdll.dll
89839	28292	0x7ffc3ce10fd4	ntdll.dll	0xa0fd4	C:\WINDOWS\SYSTEM32\ntdll.dll
89856	35252	0x7ffc3ce10fd4	ntdll.dll	0xa0fd4	C:\WINDOWS\SYSTEM32\ntdll.dll
89888	38044	0x7ffc3ce10fd4	ntdll.dll	0xa0fd4	C:\WINDOWS\SYSTEM32\ntdll.dll
89906	38340	0x7ffc3ce10fd4	ntdll.dll	0xa0fd4	C:\WINDOWS\SYSTEM32\ntdll.dll
89924	13736	0x7ffc3ce10fd4	ntdll.dll	0xa0fd4	C:\WINDOWS\SYSTEM32\ntdll.dll
89955	38192	0x7ffc3ce10fd4	ntdll.dll	0xa0fd4	C:\WINDOWS\SYSTEM32\ntdll.dll
89988	36272	0x7ffc3ce10fd4	ntdll.dll	0xa0fd4	C:\WINDOWS\SYSTEM32\ntdll.dll
90017	25612	0x7ffc3ce0d6c4	ntdll.dll	0x9d6c4	C:\WINDOWS\SYSTEM32\ntdll.dll
90033	38384	0x7ffc3ce11034	ntdll.dll	0xa1034	C:\WINDOWS\SYSTEM32\ntdll.dll
90056	33108	0x7ffc3ce0d6c4	ntdll.dll	0x9d6c4	C:\WINDOWS\SYSTEM32\ntdll.dll
90075	34820	0x7ffc3ce11034	ntdll.dll	0xa1034	C:\WINDOWS\SYSTEM32\ntdll.dll
90095	36648	0x7ffc3ce0d624	ntdll.dll	0x9d624	C:\WINDOWS\SYSTEM32\ntdll.dll
90115	38412	0x7ffc3a941104	win32u.dll	0x1104	C:\WINDOWS\System32\win32u.dll
90130	26804	0x7ffc3ce11034	ntdll.dll	0xa1034	C:\WINDOWS\SYSTEM32\ntdll.dll
90168	34564	0x7ffc3ce10fd4	ntdll.dll	0xa0fd4	C:\WINDOWS\SYSTEM32\ntdll.dll
90215	26280	0x7ffc3ce10fd4	ntdll.dll	0xa0fd4	C:\WINDOWS\SYSTEM32\ntdll.dll
90256	37740	0x7ffc3ce0d6c4	ntdll.dll	0x9d6c4	C:\WINDOWS\SYSTEM32\ntdll.dll
90286	37892	0x7ffc3ce0d624	ntdll.dll	0x9d624	C:\WINDOWS\SYSTEM32\ntdll.dll
90328	38840	0x7ffc3ce0e0f4	ntdll.dll	0x9e0f4	C:\WINDOWS\SYSTEM32\ntdll.dll
90360	36632	0x7ffc3ce10fd4	ntdll.dll	0xa0fd4	C:\WINDOWS\SYSTEM32\ntdll.dll
90394	23456	0x7ffc3ce10fd4	ntdll.dll	0xa0fd4	C:\WINDOWS\SYSTEM32\ntdll.dll
90423	29500	0x7ffc3ce10fd4	ntdll.dll	0xa0fd4	C:\WINDOWS\SYSTEM32\ntdll.dll
90457	2556	0x7ffc3ce10fd4	ntdll.dll	0xa0fd4	C:\WINDOWS\SYSTEM32\ntdll.dll
90488	16324	0x7ffc3ce10fd4	ntdll.dll	0xa0fd4	C:\WINDOWS\SYSTEM32\ntdll.dll
90524	26548	0x7ffc3ce10fd4	ntdll.dll	0xa0fd4	C:\WINDOWS\SYSTEM32\ntdll.dll
90556	38388	0x7ffc3ce10fd4	ntdll.dll	0xa0fd4	C:\WINDOWS\SYSTEM32\ntdll.dll
90584	13588	0x7ffc3ce10fd4	ntdll.dll	0xa0fd4	C:\WINDOWS\SYSTEM32\ntdll.dll
90616	13776	0x7ffc3ce10fd4	ntdll.dll	0xa0fd4	C:\WINDOWS\SYSTEM32\ntdll.dll
90642	27000	0x7ffc3ce10fd4	ntdll.dll	0xa0fd4	C:\WINDOWS\SYSTEM32\ntdll.dll
90672	35508	0x7ffc3ce10fd4	ntdll.dll	0xa0fd4	C:\WINDOWS\SYSTEM32\ntdll.dll
90704	34444	0x7ffc3ce10fd4	ntdll.dll	0xa0fd4	C:\WINDOWS\SYSTEM32\ntdll.dll
90738	28732	0x7ffc3ce10fd4	ntdll.dll	0xa0fd4	C:\WINDOWS\SYSTEM32\ntdll.dll
90764	26616	0x7ffc3ce10fd4	ntdll.dll	0xa0fd4	C:\WINDOWS\SYSTEM32\ntdll.dll
90794	37132	0x7ffc3ce10fd4	ntdll.dll	0xa0fd4	C:\WINDOWS\SYSTEM32\ntdll.dll
90827	20024	0x7ffc3ce10fd4	ntdll.dll	0xa0fd4	C:\WINDOWS\SYSTEM32\ntdll.dll
90858	37760	0x7ffc3ce10fd4	ntdll.dll	0xa0fd4	C:\WINDOWS\SYSTEM32\ntdll.dll
90887	31852	0x7ffc3ce10fd4	ntdll.dll	0xa0fd4	C:\WINDOWS\SYSTEM32\ntdll.dll
90915	37624	0x7ffc3ce10fd4	ntdll.dll	0xa0fd4	C:\WINDOWS\SYSTEM32\ntdll.dll
90948	38048	0x7ffc3ce10fd4	ntdll.dll	0xa0fd4	C:\WINDOWS\SYSTEM32\ntdll.dll
90977	30536	0x7ffc3ce10fd4	ntdll.dll	0xa0fd4	C:\WINDOWS\SYSTEM32\ntdll.dll
91007	8688	0x7ffc3ce0d6c4	ntdll.dll	0x9d6c4	C:\WINDOWS\SYSTEM32\ntdll.dll
91025	764	0x7ffc3ce0d624	ntdll.dll	0x9d624	C:\WINDOWS\SYSTEM32\ntdll.dll
91045	29356	0x7ffc3ce0d624	ntdll.dll	0x9d624	C:\WINDOWS\SYSTEM32\ntdll.dll
91091	32352	0x7ffc3ce0e0f4	ntdll.dll	0x9e0f4	C:\WINDOWS\SYSTEM32\ntdll.dll
91129	38936	0x7ffc3ce0d624	ntdll.dll	0x9d624	C:\WINDOWS\SYSTEM32\ntdll.dll
91156	38944	0x7ffc3ce0d624	ntdll.dll	0x9d624	C:\WINDOWS\SYSTEM32\ntdll.dll
91187	38952	0x7ffc3ce0d624	ntdll.dll	0x9d624	C:\WINDOWS\SYSTEM32\ntdll.dll
91231	38960	0x7ffc3ce0d624	ntdll.dll	0x9d624	C:\WINDOWS\SYSTEM32\ntdll.dll
91260	38968	0x7ffc3ce0d624	ntdll.dll	0x9d624	C:\WINDOWS\SYSTEM32\ntdll.dll
91293	38976	0x7ffc3ce0d624	ntdll.dll	0x9d624	C:\WINDOWS\SYSTEM32\ntdll.dll
91323	38984	0x7ffc3ce0d624	ntdll.dll	0x9d624	C:\WINDOWS\SYSTEM32\ntdll.dll
91353	38992	0x7ffc3ce0d624	ntdll.dll	0x9d624	C:\WINDOWS\SYSTEM32\ntdll.dll
91387	39000	0x7ffc3ce0d624	ntdll.dll	0x9d624	C:\WINDOWS\SYSTEM32\ntdll.dll
91415	39008	0x7ffc3ce0d624	ntdll.dll	0x9d624	C:\WINDOWS\SYSTEM32\ntdll.dll
91458	39028	0x7ffc3ce0e0f4	ntdll.dll	0x9e0f4	C:\WINDOWS\SYSTEM32\ntdll.dll
91491	39212	0x7ffc3ce10fd4	ntdll.dll	0xa0fd4	C:\WINDOWS\SYSTEM32\ntdll.dll
91512	39240	0x7ffc3ce0d624	ntdll.dll	0x9d624	C:\WINDOWS\SYSTEM32\ntdll.dll
91546	39244	0x7ffc3ce0d6c4	ntdll.dll	0x9d6c4	C:\WINDOWS\SYSTEM32\ntdll.dll
91567	39248	0x7ffc3ce0d6c4	ntdll.dll	0x9d6c4	C:\WINDOWS\SYSTEM32\ntdll.dll
91608	39252	0x7ffc3ce10fd4	ntdll.dll	0xa0fd4	C:\WINDOWS\SYSTEM32\ntdll.dll
91644	39256	0x7ffc3ce0d624	ntdll.dll	0x9d624	C:\WINDOWS\SYSTEM32\ntdll.dll
91680	39260	0x7ffc3ce0d624	ntdll.dll	0x9d624	C:\WINDOWS\SYSTEM32\ntdll.dll
91701	39268	0x7ffc3a941104	win32u.dll	0x1104	C:\WINDOWS\System32\win32u.dll
91740	39300	0x7ffc3a941104	win32u.dll	0x1104	C:\WINDOWS\System32\win32u.dll
91771	39384	0x7ffc3ce0d624	ntdll.dll	0x9d624	C:\WINDOWS\SYSTEM32\ntdll.dll
91790	39388	0x7ffc3a941104	win32u.dll	0x1104	C:\WINDOWS\System32\win32u.dll
91811	41552	0x7ffc3ce0d6c4	ntdll.dll	0x9d6c4	C:\WINDOWS\SYSTEM32\ntdll.dll
91829	41568	0x7ffc3ce0d624	ntdll.dll	0x9d624	C:\WINDOWS\SYSTEM32\ntdll.dll
91873	41572	0x7ffc3ce0e0f4	ntdll.dll	0x9e0f4	C:\WINDOWS\SYSTEM32\ntdll.dll
91910	41592	0x7ffc3ce0d624	ntdll.dll	0x9d624	C:\WINDOWS\SYSTEM32\ntdll.dll
91941	41596	0x7ffc3ce0d624	ntdll.dll	0x9d624	C:\WINDOWS\SYSTEM32\ntdll.dll
91971	41600	0x7ffc3ce0d624	ntdll.dll	0x9d624	C:\WINDOWS\SYSTEM32\ntdll.dll
91999	41604	0x7ffc3ce0d624	ntdll.dll	0x9d624	C:\WINDOWS\SYSTEM32\ntdll.dll
92031	41608	0x7ffc3ce0d624	ntdll.dll	0x9d624	C:\WINDOWS\SYSTEM32\ntdll.dll
92062	41612	0x7ffc3ce0d624	ntdll.dll	0x9d624	C:\WINDOWS\SYSTEM32\ntdll.dll
92086	41616	0x7ffc3ce0d624	ntdll.dll	0x9d624	C:\WINDOWS\SYSTEM32\ntdll.dll
92114	41620	0x7ffc3ce0d624	ntdll.dll	0x9d624	C:\WINDOWS\SYSTEM32\ntdll.dll
92144	41624	0x7ffc3ce0d624	ntdll.dll	0x9d624	C:\WINDOWS\SYSTEM32\ntdll.dll
92173	41628	0x7ffc3ce0d624	ntdll.dll	0x9d624	C:\WINDOWS\SYSTEM32\ntdll.dll
92193	41632	0x7ffc3ce0d624	ntdll.dll	0x9d624	C:\WINDOWS\SYSTEM32\ntdll.dll
92237	41636	0x7ffc3ce0e0f4	ntdll.dll	0x9e0f4	C:\WINDOWS\SYSTEM32\ntdll.dll
92272	41656	0x7ffc3ce0d624	ntdll.dll	0x9d624	C:\WINDOWS\SYSTEM32\ntdll.dll
92305	41660	0x7ffc3ce0d624	ntdll.dll	0x9d624	C:\WINDOWS\SYSTEM32\ntdll.dll
92323	41664	0x7ffc3ce0d624	ntdll.dll	0x9d624	C:\WINDOWS\SYSTEM32\ntdll.dll
92354	41668	0x7ffc3ce0d624	ntdll.dll	0x9d624	C:\WINDOWS\SYSTEM32\ntdll.dll
92375	41672	0x7ffc3ce0d624	ntdll.dll	0x9d624	C:\WINDOWS\SYSTEM32\ntdll.dll
92394	41676	0x7ffc3ce0d624	ntdll.dll	0x9d624	C:\WINDOWS\SYSTEM32\ntdll.dll
92413	41680	0x7ffc3ce0d624	ntdll.dll	0x9d624	C:\WINDOWS\SYSTEM32\ntdll.dll
92443	41684	0x7ffc3ce0d624	ntdll.dll	0x9d624	C:\WINDOWS\SYSTEM32\ntdll.dll
92471	41688	0x7ffc3ce0d624	ntdll.dll	0x9d624	C:\WINDOWS\SYSTEM32\ntdll.dll
92503	41692	0x7ffc3ce0d624	ntdll.dll	0x9d624	C:\WINDOWS\SYSTEM32\ntdll.dll
92523	35588	0x7ffc3ce11034	ntdll.dll	0xa1034	C:\WINDOWS\SYSTEM32\ntdll.dll
92542	42844	0x7ffc3ce11034	ntdll.dll	0xa1034	C:\WINDOWS\SYSTEM32\ntdll.dll
92558	42732	0x7ffc3ce11034	ntdll.dll	0xa1034	C:\WINDOWS\SYSTEM32\ntdll.dll
92586	39580	0x7ffc3ce11034	ntdll.dll	0xa1034	C:\WINDOWS\SYSTEM32\ntdll.dll
92602	39096	0x7ffc3ce11034	ntdll.dll	0xa1034	C:\WINDOWS\SYSTEM32\ntdll.dll
92618	37584	0x7ffc3ce11034	ntdll.dll	0xa1034	C:\WINDOWS\SYSTEM32\ntdll.dll
92638	42840	0x7ffc3ce11034	ntdll.dll	0xa1034	C:\WINDOWS\SYSTEM32\ntdll.dll
92657	44704	0x7ffc3ce11034	ntdll.dll	0xa1034	C:\WINDOWS\SYSTEM32\ntdll.dll
92673	44340	0x7ffc3ce11034	ntdll.dll	0xa1034	C:\WINDOWS\SYSTEM32\ntdll.dll
92690	44344	0x7ffc3ce103d4	ntdll.dll	0xa03d4	C:\WINDOWS\SYSTEM32\ntdll.dll
92710	35604	0x7ffc3ce10fd4	ntdll.dll	0xa0fd4	C:\WINDOWS\SYSTEM32\ntdll.dll
92737	37320	0x7ffc3ce11034	ntdll.dll	0xa1034	C:\WINDOWS\SYSTEM32\ntdll.dll
92753	16556	0x7ffc3ce0d624	ntdll.dll	0x9d624	C:\WINDOWS\SYSTEM32\ntdll.dll
92770	43856	0x7ffc3ce0d624	ntdll.dll	0x9d624	C:\WINDOWS\SYSTEM32\ntdll.dll
92786	29616	0x7ffc3ce0d624	ntdll.dll	0x9d624	C:\WINDOWS\SYSTEM32\ntdll.dll
92806	41900	0x7ffc3ce0d624	ntdll.dll	0x9d624	C:\WINDOWS\SYSTEM32\ntdll.dll
92823	43092	0x7ffc3ce0d624	ntdll.dll	0x9d624	C:\WINDOWS\SYSTEM32\ntdll.dll
92842	24564	0x7ffc3ce0d624	ntdll.dll	0x9d624	C:\WINDOWS\SYSTEM32\ntdll.dll
92865	22584	0x7ffc3ce0d624	ntdll.dll	0x9d624	C:\WINDOWS\SYSTEM32\ntdll.dll
92888	42540	0x7ffc3ce0d624	ntdll.dll	0x9d624	C:\WINDOWS\SYSTEM32\ntdll.dll
92910	40624	0x7ffc3ce0d624	ntdll.dll	0x9d624	C:\WINDOWS\SYSTEM32\ntdll.dll
92935	36832	0x7ffc3ce0d624	ntdll.dll	0x9d624	C:\WINDOWS\SYSTEM32\ntdll.dll
92959	38308	0x7ffc3ce0d624	ntdll.dll	0x9d624	C:\WINDOWS\SYSTEM32\ntdll.dll
92981	40196	0x7ffc3ce0d624	ntdll.dll	0x9d624	C:\WINDOWS\SYSTEM32\ntdll.dll
93011	38360	0x7ffc3ce0e0f4	ntdll.dll	0x9e0f4	C:\WINDOWS\SYSTEM32\ntdll.dll
93030	35856	0x7ffc3ce10fd4	ntdll.dll	0xa0fd4	C:\WINDOWS\SYSTEM32\ntdll.dll
93063	37256	0x7ffc3ce10fd4	ntdll.dll	0xa0fd4	C:\WINDOWS\SYSTEM32\ntdll.dll
93094	26580	0x7ffc3ce10fd4	ntdll.dll	0xa0fd4	C:\WINDOWS\SYSTEM32\ntdll.dll
93113	35592	0x7ffc3ce10fd4	ntdll.dll	0xa0fd4	C:\WINDOWS\SYSTEM32\ntdll.dll
93133	38096	0x7ffc3ce10fd4	ntdll.dll	0xa0fd4	C:\WINDOWS\SYSTEM32\ntdll.dll
93151	44212	0x7ffc3ce11034	ntdll.dll	0xa1034	C:\WINDOWS\SYSTEM32\ntdll.dll
93167	43196	0x7ffc3ce11034	ntdll.dll	0xa1034	C:\WINDOWS\SYSTEM32\ntdll.dll
93185	44284	0x7ffc3ce11034	ntdll.dll	0xa1034	C:\WINDOWS\SYSTEM32\ntdll.dll
93204	34660	0x7ffc3ce0d624	ntdll.dll	0x9d624	C:\WINDOWS\SYSTEM32\ntdll.dll
93220	10056	0x7ffc3ce11034	ntdll.dll	0xa1034	C:\WINDOWS\SYSTEM32\ntdll.dll
93239	39016	0x7ffc3ce11034	ntdll.dll	0xa1034	C:\WINDOWS\SYSTEM32\ntdll.dll
93254	43220	0x7ffc3ce11034	ntdll.dll	0xa1034	C:\WINDOWS\SYSTEM32\ntdll.dll
93270	39192	0x7ffc3ce11034	ntdll.dll	0xa1034	C:\WINDOWS\SYSTEM32\ntdll.dll
93285	39288	0x7ffc3ce11034	ntdll.dll	0xa1034	C:\WINDOWS\SYSTEM32\ntdll.dll
93302	40468	0x7ffc3ce11034	ntdll.dll	0xa1034	C:\WINDOWS\SYSTEM32\ntdll.dll
93322	13408	0x7ffc3ce0d624	ntdll.dll	0x9d624	C:\WINDOWS\SYSTEM32\ntdll.dll
93340	44852	0x7ffc3ce0e0f4	ntdll.dll	0x9e0f4	C:\WINDOWS\SYSTEM32\ntdll.dll
93361	39064	0x7ffc3ce0e0f4	ntdll.dll	0x9e0f4	C:\WINDOWS\SYSTEM32\ntdll.dll
93378	43724	0x7ffc3ce0d624	ntdll.dll	0x9d624	C:\WINDOWS\SYSTEM32\ntdll.dll
93395	35764	0x7ffc3ce0d624	ntdll.dll	0x9d624	C:\WINDOWS\SYSTEM32\ntdll.dll
93410	38084	0x7ffc3ce0d624	ntdll.dll	0x9d624	C:\WINDOWS\SYSTEM32\ntdll.dll
93426	29408	0x7ffc3ce0d624	ntdll.dll	0x9d624	C:\WINDOWS\SYSTEM32\ntdll.dll
93444	34948	0x7ffc3ce11034	ntdll.dll	0xa1034	C:\WINDOWS\SYSTEM32\ntdll.dll
93461	34956	0x7ffc3ce0d624	ntdll.dll	0x9d624	C:\WINDOWS\SYSTEM32\ntdll.dll
93479	38272	0x7ffc3ce0d624	ntdll.dll	0x9d624	C:\WINDOWS\SYSTEM32\ntdll.dll
93497	38148	0x7ffc3ce0d624	ntdll.dll	0x9d624	C:\WINDOWS\SYSTEM32\ntdll.dll
93519	44984	0x7ffc3ce0d624	ntdll.dll	0x9d624	C:\WINDOWS\SYSTEM32\ntdll.dll
93535	39808	0x7ffc3ce0d624	ntdll.dll	0x9d624	C:\WINDOWS\SYSTEM32\ntdll.dll
93551	27740	0x7ffc3ce0d624	ntdll.dll	0x9d624	C:\WINDOWS\SYSTEM32\ntdll.dll
93567	42600	0x7ffc3ce0d624	ntdll.dll	0x9d624	C:\WINDOWS\SYSTEM32\ntdll.dll
93587	28352	0x7ffc3ce0d624	ntdll.dll	0x9d624	C:\WINDOWS\SYSTEM32\ntdll.dll
93606	38248	0x7ffc3ce0d624	ntdll.dll	0x9d624	C:\WINDOWS\SYSTEM32\ntdll.dll
93628	45028	0x7ffc3ce0d624	ntdll.dll	0x9d624	C:\WINDOWS\SYSTEM32\ntdll.dll
93650	42588	0x7ffc3ce0e0f4	ntdll.dll	0x9e0f4	C:\WINDOWS\SYSTEM32\ntdll.dll
93672	35116	0x7ffc3ce11034	ntdll.dll	0xa1034	C:\WINDOWS\SYSTEM32\ntdll.dll
93694	34908	0x7ffc3ce11034	ntdll.dll	0xa1034	C:\WINDOWS\SYSTEM32\ntdll.dll
93714	24164	0x7ffc3ce11034	ntdll.dll	0xa1034	C:\WINDOWS\SYSTEM32\ntdll.dll
93731	30500	0x7ffc3ce11034	ntdll.dll	0xa1034	C:\WINDOWS\SYSTEM32\ntdll.dll
93748	42972	0x7ffc3ce11034	ntdll.dll	0xa1034	C:\WINDOWS\SYSTEM32\ntdll.dll
104447	33248	0x7ffc3a941104	win32u.dll	0x1104	C:\WINDOWS\System32\win32u.dll
104679	10380	0x7ffc3ce10fd4	ntdll.dll	0xa0fd4	C:\WINDOWS\SYSTEM32\ntdll.dll
104713	37804	0x7ffc3ce10fd4	ntdll.dll	0xa0fd4	C:\WINDOWS\SYSTEM32\ntdll.dll
104743	31968	0x7ffc3ce10fd4	ntdll.dll	0xa0fd4	C:\WINDOWS\SYSTEM32\ntdll.dll
104774	700	0x7ffc3ce0e0f4	ntdll.dll	0x9e0f4	C:\WINDOWS\SYSTEM32\ntdll.dll
104796	33888	0x7ffc3ce0d6c4	ntdll.dll	0x9d6c4	C:\WINDOWS\SYSTEM32\ntdll.dll
104816	34776	0x7ffc3ce0d6c4	ntdll.dll	0x9d6c4	C:\WINDOWS\SYSTEM32\ntdll.dll
104837	34496	0x7ffc3ce10fd4	ntdll.dll	0xa0fd4	C:\WINDOWS\SYSTEM32\ntdll.dll
104861	37644	0x7ffc3ce10fd4	ntdll.dll	0xa0fd4	C:\WINDOWS\SYSTEM32\ntdll.dll
104883	37640	0x7ffc3ce10fd4	ntdll.dll	0xa0fd4	C:\WINDOWS\SYSTEM32\ntdll.dll
104902	36668	0x7ffc3ce11034	ntdll.dll	0xa1034	C:\WINDOWS\SYSTEM32\ntdll.dll
104928	26628	0x7ffc3a94a124	win32u.dll	0xa124	C:\WINDOWS\System32\win32u.dll
104951	35068	0x7ffc3ce10fd4	ntdll.dll	0xa0fd4	C:\WINDOWS\SYSTEM32\ntdll.dll
104975	36428	0x7ffc3ce0e0f4	ntdll.dll	0x9e0f4	C:\WINDOWS\SYSTEM32\ntdll.dll
105003	35996	0x7ffc3ce0e0f4	ntdll.dll	0x9e0f4	C:\WINDOWS\SYSTEM32\ntdll.dll
105033	19780	0x7ffc3ce0e0f4	ntdll.dll	0x9e0f4	C:\WINDOWS\SYSTEM32\ntdll.dll
105056	22404	0x7ffc3ce0d6c4	ntdll.dll	0x9d6c4	C:\WINDOWS\SYSTEM32\ntdll.dll
105079	34704	0x7ffc3ce0d6c4	ntdll.dll	0x9d6c4	C:\WINDOWS\SYSTEM32\ntdll.dll
105108	28184	0x7ffc3ce0d624	ntdll.dll	0x9d624	C:\WINDOWS\SYSTEM32\ntdll.dll
105129	38852	0x7ffc3ce11034	ntdll.dll	0xa1034	C:\WINDOWS\SYSTEM32\ntdll.dll
105166	19796	0x7ffc3ce0d624	ntdll.dll	0x9d624	C:\WINDOWS\SYSTEM32\ntdll.dll
105192	28764	0x7ffc3ce0d624	ntdll.dll	0x9d624	C:\WINDOWS\SYSTEM32\ntdll.dll
105216	38056	0x7ffc3ce0d624	ntdll.dll	0x9d624	C:\WINDOWS\SYSTEM32\ntdll.dll
105244	33572	0x7ffc3ce0d6c4	ntdll.dll	0x9d6c4	C:\WINDOWS\SYSTEM32\ntdll.dll
105267	36376	0x7ffc3ce0e0f4	ntdll.dll	0x9e0f4	C:\WINDOWS\SYSTEM32\ntdll.dll
105293	13352	0x7ffc3a94a124	win32u.dll	0xa124	C:\WINDOWS\System32\win32u.dll
105319	37056	0x7ffc3ce0e0f4	ntdll.dll	0x9e0f4	C:\WINDOWS\SYSTEM32\ntdll.dll
105345	31464	0x7ffc3ce0d624	ntdll.dll	0x9d624	C:\WINDOWS\SYSTEM32\ntdll.dll
105374	36532	0x7ffc3ce0d6c4	ntdll.dll	0x9d6c4	C:\WINDOWS\SYSTEM32\ntdll.dll
105403	12684	0x7ffc3ce10fd4	ntdll.dll	0xa0fd4	C:\WINDOWS\SYSTEM32\ntdll.dll
105427	32208	0x7ffc3ce10fd4	ntdll.dll	0xa0fd4	C:\WINDOWS\SYSTEM32\ntdll.dll
105447	38716	0x7ffc3ce0d624	ntdll.dll	0x9d624	C:\WINDOWS\SYSTEM32\ntdll.dll
105470	35200	0x7ffc3ce0e0f4	ntdll.dll	0x9e0f4	C:\WINDOWS\SYSTEM32\ntdll.dll
105491	15148	0x7ffc3ce0d624	ntdll.dll	0x9d624	C:\WINDOWS\SYSTEM32\ntdll.dll
105515	13956	0x7ffc3ce0d624	ntdll.dll	0x9d624	C:\WINDOWS\SYSTEM32\ntdll.dll
105536	29528	0x7ffc3ce0d624	ntdll.dll	0x9d624	C:\WINDOWS\SYSTEM32\ntdll.dll
105556	17028	0x7ffc3ce0d624	ntdll.dll	0x9d624	C:\WINDOWS\SYSTEM32\ntdll.dll
105576	27652	0x7ffc3ce0d624	ntdll.dll	0x9d624	C:\WINDOWS\SYSTEM32\ntdll.dll
105596	34320	0x7ffc3ce0d624	ntdll.dll	0x9d624	C:\WINDOWS\SYSTEM32\ntdll.dll
105618	33620	0x7ffc3ce0d624	ntdll.dll	0x9d624	C:\WINDOWS\SYSTEM32\ntdll.dll
105640	36712	0x7ffc3ce0d624	ntdll.dll	0x9d624	C:\WINDOWS\SYSTEM32\ntdll.dll
105660	18760	0x7ffc3ce0d624	ntdll.dll	0x9d624	C:\WINDOWS\SYSTEM32\ntdll.dll
105681	37364	0x7ffc3ce0d624	ntdll.dll	0x9d624	C:\WINDOWS\SYSTEM32\ntdll.dll
105699	28596	0x7ffc3ce0d624	ntdll.dll	0x9d624	C:\WINDOWS\SYSTEM32\ntdll.dll
105720	33908	0x7ffc3ce0d624	ntdll.dll	0x9d624	C:\WINDOWS\SYSTEM32\ntdll.dll
105739	14192	0x7ffc3ce0d624	ntdll.dll	0x9d624	C:\WINDOWS\SYSTEM32\ntdll.dll
105761	29548	0x7ffc3ce0e0f4	ntdll.dll	0x9e0f4	C:\WINDOWS\SYSTEM32\ntdll.dll
105784	6688	0x7ffc3ce0d624	ntdll.dll	0x9d624	C:\WINDOWS\SYSTEM32\ntdll.dll
105804	14692	0x7ffc3ce10fd4	ntdll.dll	0xa0fd4	C:\WINDOWS\SYSTEM32\ntdll.dll
105826	34840	0x7ffc3ce10fd4	ntdll.dll	0xa0fd4	C:\WINDOWS\SYSTEM32\ntdll.dll
105849	28620	0x7ffc3ce0e0f4	ntdll.dll	0x9e0f4	C:\WINDOWS\SYSTEM32\ntdll.dll
105868	37852	0x7ffc3ce0d6c4	ntdll.dll	0x9d6c4	C:\WINDOWS\SYSTEM32\ntdll.dll
105888	37380	0x7ffc3ce0e0f4	ntdll.dll	0x9e0f4	C:\WINDOWS\SYSTEM32\ntdll.dll
105906	38848	0x7ffc3ce0d6c4	ntdll.dll	0x9d6c4	C:\WINDOWS\SYSTEM32\ntdll.dll
105925	33300	0x7ffc3ce0e0f4	ntdll.dll	0x9e0f4	C:\WINDOWS\SYSTEM32\ntdll.dll
105958	33304	0x7ffc3ce0d6c4	ntdll.dll	0x9d6c4	C:\WINDOWS\SYSTEM32\ntdll.dll
105977	11196	0x7ffc3ce0d624	ntdll.dll	0x9d624	C:\WINDOWS\SYSTEM32\ntdll.dll
105993	31576	0x7ffc3ce0d6c4	ntdll.dll	0x9d6c4	C:\WINDOWS\SYSTEM32\ntdll.dll
106011	38736	0x7ffc3a941104	win32u.dll	0x1104	C:\WINDOWS\System32\win32u.dll
106027	38356	0x7ffc3ce0e0f4	ntdll.dll	0x9e0f4	C:\WINDOWS\SYSTEM32\ntdll.dll
106044	38380	0x7ffc3ce0d624	ntdll.dll	0x9d624	C:\WINDOWS\SYSTEM32\ntdll.dll
106062	32704	0x7ffc3ce0d624	ntdll.dll	0x9d624	C:\WINDOWS\SYSTEM32\ntdll.dll
106079	38484	0x7ffc3ce0d624	ntdll.dll	0x9d624	C:\WINDOWS\SYSTEM32\ntdll.dll
106103	38876	0x7ffc3ce10fd4	ntdll.dll	0xa0fd4	C:\WINDOWS\SYSTEM32\ntdll.dll
106126	34896	0x7ffc3ce10fd4	ntdll.dll	0xa0fd4	C:\WINDOWS\SYSTEM32\ntdll.dll
106148	38456	0x7ffc3ce10fd4	ntdll.dll	0xa0fd4	C:\WINDOWS\SYSTEM32\ntdll.dll
106165	38172	0x7ffc3ce0d624	ntdll.dll	0x9d624	C:\WINDOWS\SYSTEM32\ntdll.dll
106182	28272	0x7ffc3ce0d6c4	ntdll.dll	0x9d6c4	C:\WINDOWS\SYSTEM32\ntdll.dll
106198	34772	0x7ffc3ce0d6c4	ntdll.dll	0x9d6c4	C:\WINDOWS\SYSTEM32\ntdll.dll
106221	37384	0x7ffc3ce0d6c4	ntdll.dll	0x9d6c4	C:\WINDOWS\SYSTEM32\ntdll.dll
106249	33920	0x7ffc3ce0d6c4	ntdll.dll	0x9d6c4	C:\WINDOWS\SYSTEM32\ntdll.dll
106270	34548	0x7ffc3ce0e0f4	ntdll.dll	0x9e0f4	C:\WINDOWS\SYSTEM32\ntdll.dll
106293	36796	0x7ffc3ce0d6c4	ntdll.dll	0x9d6c4	C:\WINDOWS\SYSTEM32\ntdll.dll
106311	36628	0x7ffc3ce0d6c4	ntdll.dll	0x9d6c4	C:\WINDOWS\SYSTEM32\ntdll.dll
106335	13652	0x7ffc3ce0d6c4	ntdll.dll	0x9d6c4	C:\WINDOWS\SYSTEM32\ntdll.dll
106359	32520	0x7ffc3ce0d6c4	ntdll.dll	0x9d6c4	C:\WINDOWS\SYSTEM32\ntdll.dll
106382	33744	0x7ffc3ce0d6c4	ntdll.dll	0x9d6c4	C:\WINDOWS\SYSTEM32\ntdll.dll
106408	36636	0x7ffc3ce10fd4	ntdll.dll	0xa0fd4	C:\WINDOWS\SYSTEM32\ntdll.dll
106435	35812	0x7ffc3ce0d624	ntdll.dll	0x9d624	C:\WINDOWS\SYSTEM32\ntdll.dll
106462	36112	0x7ffc3ce10fd4	ntdll.dll	0xa0fd4	C:\WINDOWS\SYSTEM32\ntdll.dll
106488	18020	0x7ffc3ce0e0f4	ntdll.dll	0x9e0f4	C:\WINDOWS\SYSTEM32\ntdll.dll
106509	27584	0x7ffc3ce10fd4	ntdll.dll	0xa0fd4	C:\WINDOWS\SYSTEM32\ntdll.dll
106533	2996	0x7ffc3ce0e0f4	ntdll.dll	0x9e0f4	C:\WINDOWS\SYSTEM32\ntdll.dll
106554	35460	0x7ffc3ce10fd4	ntdll.dll	0xa0fd4	C:\WINDOWS\SYSTEM32\ntdll.dll
106575	38008	0x7ffc3ce0d624	ntdll.dll	0x9d624	C:\WINDOWS\SYSTEM32\ntdll.dll
106594	33284	0x7ffc3ce0e0f4	ntdll.dll	0x9e0f4	C:\WINDOWS\SYSTEM32\ntdll.dll
106615	28676	0x7ffc3ce0d624	ntdll.dll	0x9d624	C:\WINDOWS\SYSTEM32\ntdll.dll
106638	7328	0x7ffc3ce10fd4	ntdll.dll	0xa0fd4	C:\WINDOWS\SYSTEM32\ntdll.dll
106662	37628	0x7ffc3ce10fd4	ntdll.dll	0xa0fd4	C:\WINDOWS\SYSTEM32\ntdll.dll
106681	38748	0x7ffc3ce0d624	ntdll.dll	0x9d624	C:\WINDOWS\SYSTEM32\ntdll.dll
106698	33496	0x7ffc3ce10fd4	ntdll.dll	0xa0fd4	C:\WINDOWS\SYSTEM32\ntdll.dll
106719	27132	0x7ffc3ce0e0f4	ntdll.dll	0x9e0f4	C:\WINDOWS\SYSTEM32\ntdll.dll
106746	31736	0x7ffc3ce10fd4	ntdll.dll	0xa0fd4	C:\WINDOWS\SYSTEM32\ntdll.dll
106773	36960	0x7ffc3ce0e0f4	ntdll.dll	0x9e0f4	C:\WINDOWS\SYSTEM32\ntdll.dll
106795	20576	0x7ffc3ce10fd4	ntdll.dll	0xa0fd4	C:\WINDOWS\SYSTEM32\ntdll.dll
106816	34164	0x7ffc3ce10fd4	ntdll.dll	0xa0fd4	C:\WINDOWS\SYSTEM32\ntdll.dll
106836	38144	0x7ffc3ce10fd4	ntdll.dll	0xa0fd4	C:\WINDOWS\SYSTEM32\ntdll.dll
106857	33932	0x7ffc3ce10fd4	ntdll.dll	0xa0fd4	C:\WINDOWS\SYSTEM32\ntdll.dll
106879	29568	0x7ffc3ce10fd4	ntdll.dll	0xa0fd4	C:\WINDOWS\SYSTEM32\ntdll.dll
106903	38884	0x7ffc3ce0e0f4	ntdll.dll	0x9e0f4	C:\WINDOWS\SYSTEM32\ntdll.dll
106927	30684	0x7ffc3ce10fd4	ntdll.dll	0xa0fd4	C:\WINDOWS\SYSTEM32\ntdll.dll
106948	38260	0x7ffc3ce10fd4	ntdll.dll	0xa0fd4	C:\WINDOWS\SYSTEM32\ntdll.dll
106969	29588	0x7ffc3ce10fd4	ntdll.dll	0xa0fd4	C:\WINDOWS\SYSTEM32\ntdll.dll
106990	38232	0x7ffc3ce10fd4	ntdll.dll	0xa0fd4	C:\WINDOWS\SYSTEM32\ntdll.dll
107007	38812	0x7ffc3ce0d6c4	ntdll.dll	0x9d6c4	C:\WINDOWS\SYSTEM32\ntdll.dll
107025	35540	0x7ffc3ce0d6c4	ntdll.dll	0x9d6c4	C:\WINDOWS\SYSTEM32\ntdll.dll
107043	31888	0x7ffc3ce10fd4	ntdll.dll	0xa0fd4	C:\WINDOWS\SYSTEM32\ntdll.dll
107064	12908	0x7ffc3ce10fd4	ntdll.dll	0xa0fd4	C:\WINDOWS\SYSTEM32\ntdll.dll
107085	34508	0x7ffc3ce10fd4	ntdll.dll	0xa0fd4	C:\WINDOWS\SYSTEM32\ntdll.dll
107118	34276	0x7ffc3ce10fd4	ntdll.dll	0xa0fd4	C:\WINDOWS\SYSTEM32\ntdll.dll
107136	37940	0x7ffc3ce10fd4	ntdll.dll	0xa0fd4	C:\WINDOWS\SYSTEM32\ntdll.dll
107155	29192	0x7ffc3ce10fd4	ntdll.dll	0xa0fd4	C:\WINDOWS\SYSTEM32\ntdll.dll
107179	37736	0x7ffc3ce10fd4	ntdll.dll	0xa0fd4	C:\WINDOWS\SYSTEM32\ntdll.dll
107199	33220	0x7ffc3ce10fd4	ntdll.dll	0xa0fd4	C:\WINDOWS\SYSTEM32\ntdll.dll
107215	12692	0x7ffc3ce10fd4	ntdll.dll	0xa0fd4	C:\WINDOWS\SYSTEM32\ntdll.dll
107234	33984	0x7ffc3ce10fd4	ntdll.dll	0xa0fd4	C:\WINDOWS\SYSTEM32\ntdll.dll
107254	38224	0x7ffc3ce10fd4	ntdll.dll	0xa0fd4	C:\WINDOWS\SYSTEM32\ntdll.dll
107276	28292	0x7ffc3ce10fd4	ntdll.dll	0xa0fd4	C:\WINDOWS\SYSTEM32\ntdll.dll
107293	35252	0x7ffc3ce10fd4	ntdll.dll	0xa0fd4	C:\WINDOWS\SYSTEM32\ntdll.dll
107311	38044	0x7ffc3ce10fd4	ntdll.dll	0xa0fd4	C:\WINDOWS\SYSTEM32\ntdll.dll
107332	38340	0x7ffc3ce10fd4	ntdll.dll	0xa0fd4	C:\WINDOWS\SYSTEM32\ntdll.dll
107349	13736	0x7ffc3ce10fd4	ntdll.dll	0xa0fd4	C:\WINDOWS\SYSTEM32\ntdll.dll
107366	38192	0x7ffc3ce10fd4	ntdll.dll	0xa0fd4	C:\WINDOWS\SYSTEM32\ntdll.dll
107389	36272	0x7ffc3ce10fd4	ntdll.dll	0xa0fd4	C:\WINDOWS\SYSTEM32\ntdll.dll
107409	25612	0x7ffc3ce0d6c4	ntdll.dll	0x9d6c4	C:\WINDOWS\SYSTEM32\ntdll.dll
107425	38384	0x7ffc3ce11034	ntdll.dll	0xa1034	C:\WINDOWS\SYSTEM32\ntdll.dll
107444	33108	0x7ffc3ce0d6c4	ntdll.dll	0x9d6c4	C:\WINDOWS\SYSTEM32\ntdll.dll
107465	34820	0x7ffc3ce11034	ntdll.dll	0xa1034	C:\WINDOWS\SYSTEM32\ntdll.dll
107483	36648	0x7ffc3ce0d624	ntdll.dll	0x9d624	C:\WINDOWS\SYSTEM32\ntdll.dll
107503	38412	0x7ffc3a941104	win32u.dll	0x1104	C:\WINDOWS\System32\win32u.dll
107524	26804	0x7ffc3ce11034	ntdll.dll	0xa1034	C:\WINDOWS\SYSTEM32\ntdll.dll
107543	34564	0x7ffc3ce10fd4	ntdll.dll	0xa0fd4	C:\WINDOWS\SYSTEM32\ntdll.dll
107563	26280	0x7ffc3ce10fd4	ntdll.dll	0xa0fd4	C:\WINDOWS\SYSTEM32\ntdll.dll
107584	37740	0x7ffc3ce0d6c4	ntdll.dll	0x9d6c4	C:\WINDOWS\SYSTEM32\ntdll.dll
107603	37892	0x7ffc3ce0d624	ntdll.dll	0x9d624	C:\WINDOWS\SYSTEM32\ntdll.dll
107620	38840	0x7ffc3ce0e0f4	ntdll.dll	0x9e0f4	C:\WINDOWS\SYSTEM32\ntdll.dll
107636	36632	0x7ffc3ce10fd4	ntdll.dll	0xa0fd4	C:\WINDOWS\SYSTEM32\ntdll.dll
107653	23456	0x7ffc3ce10fd4	ntdll.dll	0xa0fd4	C:\WINDOWS\SYSTEM32\ntdll.dll
107673	29500	0x7ffc3ce10fd4	ntdll.dll	0xa0fd4	C:\WINDOWS\SYSTEM32\ntdll.dll
107688	2556	0x7ffc3ce10fd4	ntdll.dll	0xa0fd4	C:\WINDOWS\SYSTEM32\ntdll.dll
107715	16324	0x7ffc3ce10fd4	ntdll.dll	0xa0fd4	C:\WINDOWS\SYSTEM32\ntdll.dll
107737	26548	0x7ffc3ce10fd4	ntdll.dll	0xa0fd4	C:\WINDOWS\SYSTEM32\ntdll.dll
107759	38388	0x7ffc3ce10fd4	ntdll.dll	0xa0fd4	C:\WINDOWS\SYSTEM32\ntdll.dll
107779	13588	0x7ffc3ce10fd4	ntdll.dll	0xa0fd4	C:\WINDOWS\SYSTEM32\ntdll.dll
107797	13776	0x7ffc3ce10fd4	ntdll.dll	0xa0fd4	C:\WINDOWS\SYSTEM32\ntdll.dll
107815	27000	0x7ffc3ce10fd4	ntdll.dll	0xa0fd4	C:\WINDOWS\SYSTEM32\ntdll.dll
107833	35508	0x7ffc3ce10fd4	ntdll.dll	0xa0fd4	C:\WINDOWS\SYSTEM32\ntdll.dll
107852	34444	0x7ffc3ce10fd4	ntdll.dll	0xa0fd4	C:\WINDOWS\SYSTEM32\ntdll.dll
107874	28732	0x7ffc3ce10fd4	ntdll.dll	0xa0fd4	C:\WINDOWS\SYSTEM32\ntdll.dll
107890	26616	0x7ffc3ce10fd4	ntdll.dll	0xa0fd4	C:\WINDOWS\SYSTEM32\ntdll.dll
107908	37132	0x7ffc3ce10fd4	ntdll.dll	0xa0fd4	C:\WINDOWS\SYSTEM32\ntdll.dll
107926	20024	0x7ffc3ce10fd4	ntdll.dll	0xa0fd4	C:\WINDOWS\SYSTEM32\ntdll.dll
107944	37760	0x7ffc3ce10fd4	ntdll.dll	0xa0fd4	C:\WINDOWS\SYSTEM32\ntdll.dll
107963	31852	0x7ffc3ce10fd4	ntdll.dll	0xa0fd4	C:\WINDOWS\SYSTEM32\ntdll.dll
107985	37624	0x7ffc3ce10fd4	ntdll.dll	0xa0fd4	C:\WINDOWS\SYSTEM32\ntdll.dll
108004	38048	0x7ffc3ce10fd4	ntdll.dll	0xa0fd4	C:\WINDOWS\SYSTEM32\ntdll.dll
108025	30536	0x7ffc3ce10fd4	ntdll.dll	0xa0fd4	C:\WINDOWS\SYSTEM32\ntdll.dll
108041	8688	0x7ffc3ce0d6c4	ntdll.dll	0x9d6c4	C:\WINDOWS\SYSTEM32\ntdll.dll
108060	764	0x7ffc3ce0d624	ntdll.dll	0x9d624	C:\WINDOWS\SYSTEM32\ntdll.dll
108080	29356	0x7ffc3ce0d624	ntdll.dll	0x9d624	C:\WINDOWS\SYSTEM32\ntdll.dll
108099	32352	0x7ffc3ce0e0f4	ntdll.dll	0x9e0f4	C:\WINDOWS\SYSTEM32\ntdll.dll
108123	38936	0x7ffc3ce0d624	ntdll.dll	0x9d624	C:\WINDOWS\SYSTEM32\ntdll.dll
108144	38944	0x7ffc3ce0d624	ntdll.dll	0x9d624	C:\WINDOWS\SYSTEM32\ntdll.dll
108177	38952	0x7ffc3ce0d624	ntdll.dll	0x9d624	C:\WINDOWS\SYSTEM32\ntdll.dll
108198	38960	0x7ffc3ce0d624	ntdll.dll	0x9d624	C:\WINDOWS\SYSTEM32\ntdll.dll
108217	38968	0x7ffc3ce0d624	ntdll.dll	0x9d624	C:\WINDOWS\SYSTEM32\ntdll.dll
108247	38976	0x7ffc3ce0d624	ntdll.dll	0x9d624	C:\WINDOWS\SYSTEM32\ntdll.dll
108272	38984	0x7ffc3ce0d624	ntdll.dll	0x9d624	C:\WINDOWS\SYSTEM32\ntdll.dll
108295	38992	0x7ffc3ce0d624	ntdll.dll	0x9d624	C:\WINDOWS\SYSTEM32\ntdll.dll
108315	39000	0x7ffc3ce0d624	ntdll.dll	0x9d624	C:\WINDOWS\SYSTEM32\ntdll.dll
108338	39008	0x7ffc3ce0d624	ntdll.dll	0x9d624	C:\WINDOWS\SYSTEM32\ntdll.dll
108360	39028	0x7ffc3ce0e0f4	ntdll.dll	0x9e0f4	C:\WINDOWS\SYSTEM32\ntdll.dll
108379	39212	0x7ffc3ce10fd4	ntdll.dll	0xa0fd4	C:\WINDOWS\SYSTEM32\ntdll.dll
108404	39240	0x7ffc3ce0d624	ntdll.dll	0x9d624	C:\WINDOWS\SYSTEM32\ntdll.dll
108425	39244	0x7ffc3ce0d6c4	ntdll.dll	0x9d6c4	C:\WINDOWS\SYSTEM32\ntdll.dll
108444	39248	0x7ffc3ce0d6c4	ntdll.dll	0x9d6c4	C:\WINDOWS\SYSTEM32\ntdll.dll
108465	39252	0x7ffc3ce10fd4	ntdll.dll	0xa0fd4	C:\WINDOWS\SYSTEM32\ntdll.dll
108481	39256	0x7ffc3ce0d624	ntdll.dll	0x9d624	C:\WINDOWS\SYSTEM32\ntdll.dll
108500	39260	0x7ffc3ce0d624	ntdll.dll	0x9d624	C:\WINDOWS\SYSTEM32\ntdll.dll
108523	39268	0x7ffc3a941104	win32u.dll	0x1104	C:\WINDOWS\System32\win32u.dll
108540	39300	0x7ffc3a941104	win32u.dll	0x1104	C:\WINDOWS\System32\win32u.dll
108557	39384	0x7ffc3ce0d624	ntdll.dll	0x9d624	C:\WINDOWS\SYSTEM32\ntdll.dll
108576	39388	0x7ffc3a941104	win32u.dll	0x1104	C:\WINDOWS\System32\win32u.dll
108594	41552	0x7ffc3ce0d6c4	ntdll.dll	0x9d6c4	C:\WINDOWS\SYSTEM32\ntdll.dll
108615	41568	0x7ffc3ce0d624	ntdll.dll	0x9d624	C:\WINDOWS\SYSTEM32\ntdll.dll
108639	41572	0x7ffc3ce0e0f4	ntdll.dll	0x9e0f4	C:\WINDOWS\SYSTEM32\ntdll.dll
108662	41592	0x7ffc3ce0d624	ntdll.dll	0x9d624	C:\WINDOWS\SYSTEM32\ntdll.dll
108679	41596	0x7ffc3ce0d624	ntdll.dll	0x9d624	C:\WINDOWS\SYSTEM32\ntdll.dll
108696	41600	0x7ffc3ce0d624	ntdll.dll	0x9d624	C:\WINDOWS\SYSTEM32\ntdll.dll
108715	41604	0x7ffc3ce0d624	ntdll.dll	0x9d624	C:\WINDOWS\SYSTEM32\ntdll.dll
108736	41608	0x7ffc3ce0d624	ntdll.dll	0x9d624	C:\WINDOWS\SYSTEM32\ntdll.dll
108755	41612	0x7ffc3ce0d624	ntdll.dll	0x9d624	C:\WINDOWS\SYSTEM32\ntdll.dll
108775	41616	0x7ffc3ce0d624	ntdll.dll	0x9d624	C:\WINDOWS\SYSTEM32\ntdll.dll
108793	41620	0x7ffc3ce0d624	ntdll.dll	0x9d624	C:\WINDOWS\SYSTEM32\ntdll.dll
108809	41624	0x7ffc3ce0d624	ntdll.dll	0x9d624	C:\WINDOWS\SYSTEM32\ntdll.dll
108828	41628	0x7ffc3ce0d624	ntdll.dll	0x9d624	C:\WINDOWS\SYSTEM32\ntdll.dll
108847	41632	0x7ffc3ce0d624	ntdll.dll	0x9d624	C:\WINDOWS\SYSTEM32\ntdll.dll
108866	41636	0x7ffc3ce0e0f4	ntdll.dll	0x9e0f4	C:\WINDOWS\SYSTEM32\ntdll.dll
108886	41656	0x7ffc3ce0d624	ntdll.dll	0x9d624	C:\WINDOWS\SYSTEM32\ntdll.dll
108909	41660	0x7ffc3ce0d624	ntdll.dll	0x9d624	C:\WINDOWS\SYSTEM32\ntdll.dll
108928	41664	0x7ffc3ce0d624	ntdll.dll	0x9d624	C:\WINDOWS\SYSTEM32\ntdll.dll
108948	41668	0x7ffc3ce0d624	ntdll.dll	0x9d624	C:\WINDOWS\SYSTEM32\ntdll.dll
108971	41672	0x7ffc3ce0d624	ntdll.dll	0x9d624	C:\WINDOWS\SYSTEM32\ntdll.dll
108993	41676	0x7ffc3ce0d624	ntdll.dll	0x9d624	C:\WINDOWS\SYSTEM32\ntdll.dll
109015	41680	0x7ffc3ce0d624	ntdll.dll	0x9d624	C:\WINDOWS\SYSTEM32\ntdll.dll
109035	41684	0x7ffc3ce0d624	ntdll.dll	0x9d624	C:\WINDOWS\SYSTEM32\ntdll.dll
109054	41688	0x7ffc3ce0d624	ntdll.dll	0x9d624	C:\WINDOWS\SYSTEM32\ntdll.dll
109077	41692	0x7ffc3ce0d624	ntdll.dll	0x9d624	C:\WINDOWS\SYSTEM32\ntdll.dll
109099	35588	0x7ffc3ce11034	ntdll.dll	0xa1034	C:\WINDOWS\SYSTEM32\ntdll.dll
109122	42844	0x7ffc3ce11034	ntdll.dll	0xa1034	C:\WINDOWS\SYSTEM32\ntdll.dll
109140	42732	0x7ffc3ce11034	ntdll.dll	0xa1034	C:\WINDOWS\SYSTEM32\ntdll.dll
109160	39580	0x7ffc3ce11034	ntdll.dll	0xa1034	C:\WINDOWS\SYSTEM32\ntdll.dll
109181	39096	0x7ffc3ce11034	ntdll.dll	0xa1034	C:\WINDOWS\SYSTEM32\ntdll.dll
109200	37584	0x7ffc3ce11034	ntdll.dll	0xa1034	C:\WINDOWS\SYSTEM32\ntdll.dll
109222	42840	0x7ffc3ce11034	ntdll.dll	0xa1034	C:\WINDOWS\SYSTEM32\ntdll.dll
109242	44704	0x7ffc3ce11034	ntdll.dll	0xa1034	C:\WINDOWS\SYSTEM32\ntdll.dll
109259	44340	0x7ffc3ce11034	ntdll.dll	0xa1034	C:\WINDOWS\SYSTEM32\ntdll.dll
109331	44344	0x7ffc3ce103d4	ntdll.dll	0xa03d4	C:\WINDOWS\SYSTEM32\ntdll.dll
109350	35604	0x7ffc3ce10fd4	ntdll.dll	0xa0fd4	C:\WINDOWS\SYSTEM32\ntdll.dll
109370	37320	0x7ffc3ce11034	ntdll.dll	0xa1034	C:\WINDOWS\SYSTEM32\ntdll.dll
109388	16556	0x7ffc3ce0d624	ntdll.dll	0x9d624	C:\WINDOWS\SYSTEM32\ntdll.dll
109404	43856	0x7ffc3ce0d624	ntdll.dll	0x9d624	C:\WINDOWS\SYSTEM32\ntdll.dll
109423	29616	0x7ffc3ce0d624	ntdll.dll	0x9d624	C:\WINDOWS\SYSTEM32\ntdll.dll
109443	41900	0x7ffc3ce0d624	ntdll.dll	0x9d624	C:\WINDOWS\SYSTEM32\ntdll.dll
109467	43092	0x7ffc3ce0d624	ntdll.dll	0x9d624	C:\WINDOWS\SYSTEM32\ntdll.dll
109485	24564	0x7ffc3ce0d624	ntdll.dll	0x9d624	C:\WINDOWS\SYSTEM32\ntdll.dll
109504	22584	0x7ffc3ce0d624	ntdll.dll	0x9d624	C:\WINDOWS\SYSTEM32\ntdll.dll
109527	42540	0x7ffc3ce0d624	ntdll.dll	0x9d624	C:\WINDOWS\SYSTEM32\ntdll.dll
109548	40624	0x7ffc3ce0d624	ntdll.dll	0x9d624	C:\WINDOWS\SYSTEM32\ntdll.dll
109570	36832	0x7ffc3ce0d624	ntdll.dll	0x9d624	C:\WINDOWS\SYSTEM32\ntdll.dll
109590	38308	0x7ffc3ce0d624	ntdll.dll	0x9d624	C:\WINDOWS\SYSTEM32\ntdll.dll
109611	40196	0x7ffc3ce0d624	ntdll.dll	0x9d624	C:\WINDOWS\SYSTEM32\ntdll.dll
109632	38360	0x7ffc3ce0e0f4	ntdll.dll	0x9e0f4	C:\WINDOWS\SYSTEM32\ntdll.dll
109650	35856	0x7ffc3ce10fd4	ntdll.dll	0xa0fd4	C:\WINDOWS\SYSTEM32\ntdll.dll
109670	37256	0x7ffc3ce10fd4	ntdll.dll	0xa0fd4	C:\WINDOWS\SYSTEM32\ntdll.dll
109692	26580	0x7ffc3ce10fd4	ntdll.dll	0xa0fd4	C:\WINDOWS\SYSTEM32\ntdll.dll
109715	35592	0x7ffc3ce10fd4	ntdll.dll	0xa0fd4	C:\WINDOWS\SYSTEM32\ntdll.dll
109736	38096	0x7ffc3ce10fd4	ntdll.dll	0xa0fd4	C:\WINDOWS\SYSTEM32\ntdll.dll
109756	44212	0x7ffc3ce11034	ntdll.dll	0xa1034	C:\WINDOWS\SYSTEM32\ntdll.dll
109773	43196	0x7ffc3ce11034	ntdll.dll	0xa1034	C:\WINDOWS\SYSTEM32\ntdll.dll
109790	44284	0x7ffc3ce11034	ntdll.dll	0xa1034	C:\WINDOWS\SYSTEM32\ntdll.dll
109809	34660	0x7ffc3ce0d624	ntdll.dll	0x9d624	C:\WINDOWS\SYSTEM32\ntdll.dll
109831	10056	0x7ffc3ce11034	ntdll.dll	0xa1034	C:\WINDOWS\SYSTEM32\ntdll.dll
109851	39016	0x7ffc3ce11034	ntdll.dll	0xa1034	C:\WINDOWS\SYSTEM32\ntdll.dll
109871	43220	0x7ffc3ce11034	ntdll.dll	0xa1034	C:\WINDOWS\SYSTEM32\ntdll.dll
109893	39192	0x7ffc3ce11034	ntdll.dll	0xa1034	C:\WINDOWS\SYSTEM32\ntdll.dll
109910	39288	0x7ffc3ce11034	ntdll.dll	0xa1034	C:\WINDOWS\SYSTEM32\ntdll.dll
109927	40468	0x7ffc3ce11034	ntdll.dll	0xa1034	C:\WINDOWS\SYSTEM32\ntdll.dll
109946	13408	0x7ffc3ce0d624	ntdll.dll	0x9d624	C:\WINDOWS\SYSTEM32\ntdll.dll
109963	44852	0x7ffc3ce0e0f4	ntdll.dll	0x9e0f4	C:\WINDOWS\SYSTEM32\ntdll.dll
109983	39064	0x7ffc3ce0e0f4	ntdll.dll	0x9e0f4	C:\WINDOWS\SYSTEM32\ntdll.dll
109999	43724	0x7ffc3ce0d624	ntdll.dll	0x9d624	C:\WINDOWS\SYSTEM32\ntdll.dll
110016	35764	0x7ffc3ce0d624	ntdll.dll	0x9d624	C:\WINDOWS\SYSTEM32\ntdll.dll
110031	38084	0x7ffc3ce0d624	ntdll.dll	0x9d624	C:\WINDOWS\SYSTEM32\ntdll.dll
110046	29408	0x7ffc3ce0d624	ntdll.dll	0x9d624	C:\WINDOWS\SYSTEM32\ntdll.dll
110065	34948	0x7ffc3ce11034	ntdll.dll	0xa1034	C:\WINDOWS\SYSTEM32\ntdll.dll
110085	34956	0x7ffc3ce0d624	ntdll.dll	0x9d624	C:\WINDOWS\SYSTEM32\ntdll.dll
110102	38272	0x7ffc3ce0d624	ntdll.dll	0x9d624	C:\WINDOWS\SYSTEM32\ntdll.dll
110119	38148	0x7ffc3ce0d624	ntdll.dll	0x9d624	C:\WINDOWS\SYSTEM32\ntdll.dll
110136	44984	0x7ffc3ce0d624	ntdll.dll	0x9d624	C:\WINDOWS\SYSTEM32\ntdll.dll
110152	39808	0x7ffc3ce0d624	ntdll.dll	0x9d624	C:\WINDOWS\SYSTEM32\ntdll.dll
110170	27740	0x7ffc3ce0d624	ntdll.dll	0x9d624	C:\WINDOWS\SYSTEM32\ntdll.dll
110188	42600	0x7ffc3ce0d624	ntdll.dll	0x9d624	C:\WINDOWS\SYSTEM32\ntdll.dll
110207	28352	0x7ffc3ce0d624	ntdll.dll	0x9d624	C:\WINDOWS\SYSTEM32\ntdll.dll
110226	38248	0x7ffc3ce0d624	ntdll.dll	0x9d624	C:\WINDOWS\SYSTEM32\ntdll.dll
110245	45028	0x7ffc3ce0d624	ntdll.dll	0x9d624	C:\WINDOWS\SYSTEM32\ntdll.dll
110261	42588	0x7ffc3ce0e0f4	ntdll.dll	0x9e0f4	C:\WINDOWS\SYSTEM32\ntdll.dll
110277	35116	0x7ffc3ce11034	ntdll.dll	0xa1034	C:\WINDOWS\SYSTEM32\ntdll.dll
110295	34908	0x7ffc3ce11034	ntdll.dll	0xa1034	C:\WINDOWS\SYSTEM32\ntdll.dll
110312	24164	0x7ffc3ce11034	ntdll.dll	0xa1034	C:\WINDOWS\SYSTEM32\ntdll.dll
110334	30500	0x7ffc3ce11034	ntdll.dll	0xa1034	C:\WINDOWS\SYSTEM32\ntdll.dll
110366	42972	0x7ffc3ce11034	ntdll.dll	0xa1034	C:\WINDOWS\SYSTEM32\ntdll.dll
120903	33248	0x7ffc3a941104	win32u.dll	0x1104	C:\WINDOWS\System32\win32u.dll
120934	10380	0x7ffc3ce10fd4	ntdll.dll	0xa0fd4	C:\WINDOWS\SYSTEM32\ntdll.dll
120951	37804	0x7ffc3ce10fd4	ntdll.dll	0xa0fd4	C:\WINDOWS\SYSTEM32\ntdll.dll
120967	31968	0x7ffc3ce10fd4	ntdll.dll	0xa0fd4	C:\WINDOWS\SYSTEM32\ntdll.dll
120984	700	0x7ffc3ce0e0f4	ntdll.dll	0x9e0f4	C:\WINDOWS\SYSTEM32\ntdll.dll
121000	33888	0x7ffc3ce0d6c4	ntdll.dll	0x9d6c4	C:\WINDOWS\SYSTEM32\ntdll.dll
121019	34776	0x7ffc3ce0d6c4	ntdll.dll	0x9d6c4	C:\WINDOWS\SYSTEM32\ntdll.dll
121034	34496	0x7ffc3ce10fd4	ntdll.dll	0xa0fd4	C:\WINDOWS\SYSTEM32\ntdll.dll
121051	37644	0x7ffc3ce10fd4	ntdll.dll	0xa0fd4	C:\WINDOWS\SYSTEM32\ntdll.dll
121068	37640	0x7ffc3ce10fd4	ntdll.dll	0xa0fd4	C:\WINDOWS\SYSTEM32\ntdll.dll
121084	36668	0x7ffc3ce11034	ntdll.dll	0xa1034	C:\WINDOWS\SYSTEM32\ntdll.dll
121101	26628	0x7ffc3a94a124	win32u.dll	0xa124	C:\WINDOWS\System32\win32u.dll
121117	35068	0x7ffc3ce10fd4	ntdll.dll	0xa0fd4	C:\WINDOWS\SYSTEM32\ntdll.dll
121133	36428	0x7ffc3ce0e0f4	ntdll.dll	0x9e0f4	C:\WINDOWS\SYSTEM32\ntdll.dll
121152	35996	0x7ffc3ce0e0f4	ntdll.dll	0x9e0f4	C:\WINDOWS\SYSTEM32\ntdll.dll
121168	19780	0x7ffc3ce0e0f4	ntdll.dll	0x9e0f4	C:\WINDOWS\SYSTEM32\ntdll.dll
121184	22404	0x7ffc3ce0d6c4	ntdll.dll	0x9d6c4	C:\WINDOWS\SYSTEM32\ntdll.dll
121202	34704	0x7ffc3ce0d6c4	ntdll.dll	0x9d6c4	C:\WINDOWS\SYSTEM32\ntdll.dll
121219	28184	0x7ffc3ce0d624	ntdll.dll	0x9d624	C:\WINDOWS\SYSTEM32\ntdll.dll
121234	38852	0x7ffc3ce11034	ntdll.dll	0xa1034	C:\WINDOWS\SYSTEM32\ntdll.dll
121249	19796	0x7ffc3ce0d624	ntdll.dll	0x9d624	C:\WINDOWS\SYSTEM32\ntdll.dll
121265	28764	0x7ffc3ce0d624	ntdll.dll	0x9d624	C:\WINDOWS\SYSTEM32\ntdll.dll
121284	38056	0x7ffc3ce0d624	ntdll.dll	0x9d624	C:\WINDOWS\SYSTEM32\ntdll.dll
121299	33572	0x7ffc3ce0d6c4	ntdll.dll	0x9d6c4	C:\WINDOWS\SYSTEM32\ntdll.dll
121316	36376	0x7ffc3ce0e0f4	ntdll.dll	0x9e0f4	C:\WINDOWS\SYSTEM32\ntdll.dll
121336	13352	0x7ffc3a94a124	win32u.dll	0xa124	C:\WINDOWS\System32\win32u.dll
121353	37056	0x7ffc3ce0e0f4	ntdll.dll	0x9e0f4	C:\WINDOWS\SYSTEM32\ntdll.dll
121371	31464	0x7ffc3ce0d624	ntdll.dll	0x9d624	C:\WINDOWS\SYSTEM32\ntdll.dll
121386	36532	0x7ffc3ce0d6c4	ntdll.dll	0x9d6c4	C:\WINDOWS\SYSTEM32\ntdll.dll
121408	12684	0x7ffc3ce10fd4	ntdll.dll	0xa0fd4	C:\WINDOWS\SYSTEM32\ntdll.dll
121431	32208	0x7ffc3ce10fd4	ntdll.dll	0xa0fd4	C:\WINDOWS\SYSTEM32\ntdll.dll
121448	38716	0x7ffc3ce0d624	ntdll.dll	0x9d624	C:\WINDOWS\SYSTEM32\ntdll.dll
121474	35200	0x7ffc3ce0e0f4	ntdll.dll	0x9e0f4	C:\WINDOWS\SYSTEM32\ntdll.dll
121506	15148	0x7ffc3ce0d624	ntdll.dll	0x9d624	C:\WINDOWS\SYSTEM32\ntdll.dll
121530	13956	0x7ffc3ce0d624	ntdll.dll	0x9d624	C:\WINDOWS\SYSTEM32\ntdll.dll
121553	29528	0x7ffc3ce0d624	ntdll.dll	0x9d624	C:\WINDOWS\SYSTEM32\ntdll.dll
121578	17028	0x7ffc3ce0d624	ntdll.dll	0x9d624	C:\WINDOWS\SYSTEM32\ntdll.dll
121600	27652	0x7ffc3ce0d624	ntdll.dll	0x9d624	C:\WINDOWS\SYSTEM32\ntdll.dll
121623	34320	0x7ffc3ce0d624	ntdll.dll	0x9d624	C:\WINDOWS\SYSTEM32\ntdll.dll
121647	33620	0x7ffc3ce0d624	ntdll.dll	0x9d624	C:\WINDOWS\SYSTEM32\ntdll.dll
121672	36712	0x7ffc3ce0d624	ntdll.dll	0x9d624	C:\WINDOWS\SYSTEM32\ntdll.dll
121699	18760	0x7ffc3ce0d624	ntdll.dll	0x9d624	C:\WINDOWS\SYSTEM32\ntdll.dll
121725	37364	0x7ffc3ce0d624	ntdll.dll	0x9d624	C:\WINDOWS\SYSTEM32\ntdll.dll
121750	28596	0x7ffc3ce0d624	ntdll.dll	0x9d624	C:\WINDOWS\SYSTEM32\ntdll.dll
121771	33908	0x7ffc3ce0d624	ntdll.dll	0x9d624	C:\WINDOWS\SYSTEM32\ntdll.dll
121795	14192	0x7ffc3ce0d624	ntdll.dll	0x9d624	C:\WINDOWS\SYSTEM32\ntdll.dll
121818	29548	0x7ffc3ce0e0f4	ntdll.dll	0x9e0f4	C:\WINDOWS\SYSTEM32\ntdll.dll
121834	6688	0x7ffc3ce0d624	ntdll.dll	0x9d624	C:\WINDOWS\SYSTEM32\ntdll.dll
121850	14692	0x7ffc3ce10fd4	ntdll.dll	0xa0fd4	C:\WINDOWS\SYSTEM32\ntdll.dll
121870	34840	0x7ffc3ce10fd4	ntdll.dll	0xa0fd4	C:\WINDOWS\SYSTEM32\ntdll.dll
121893	28620	0x7ffc3ce0e0f4	ntdll.dll	0x9e0f4	C:\WINDOWS\SYSTEM32\ntdll.dll
121913	37852	0x7ffc3ce0d6c4	ntdll.dll	0x9d6c4	C:\WINDOWS\SYSTEM32\ntdll.dll
121962	37380	0x7ffc3ce0e0f4	ntdll.dll	0x9e0f4	C:\WINDOWS\SYSTEM32\ntdll.dll
121982	38848	0x7ffc3ce0d6c4	ntdll.dll	0x9d6c4	C:\WINDOWS\SYSTEM32\ntdll.dll
122004	33300	0x7ffc3ce0e0f4	ntdll.dll	0x9e0f4	C:\WINDOWS\SYSTEM32\ntdll.dll
122021	33304	0x7ffc3ce0d6c4	ntdll.dll	0x9d6c4	C:\WINDOWS\SYSTEM32\ntdll.dll
122038	11196	0x7ffc3ce0d624	ntdll.dll	0x9d624	C:\WINDOWS\SYSTEM32\ntdll.dll
122053	31576	0x7ffc3ce0d6c4	ntdll.dll	0x9d6c4	C:\WINDOWS\SYSTEM32\ntdll.dll
122071	38736	0x7ffc3a941104	win32u.dll	0x1104	C:\WINDOWS\System32\win32u.dll
122093	38356	0x7ffc3ce0e0f4	ntdll.dll	0x9e0f4	C:\WINDOWS\SYSTEM32\ntdll.dll
122110	38380	0x7ffc3ce0d624	ntdll.dll	0x9d624	C:\WINDOWS\SYSTEM32\ntdll.dll
122129	32704	0x7ffc3ce0d624	ntdll.dll	0x9d624	C:\WINDOWS\SYSTEM32\ntdll.dll
122145	38484	0x7ffc3ce0d624	ntdll.dll	0x9d624	C:\WINDOWS\SYSTEM32\ntdll.dll
122161	38876	0x7ffc3ce10fd4	ntdll.dll	0xa0fd4	C:\WINDOWS\SYSTEM32\ntdll.dll
122176	34896	0x7ffc3ce10fd4	ntdll.dll	0xa0fd4	C:\WINDOWS\SYSTEM32\ntdll.dll
122193	38456	0x7ffc3ce10fd4	ntdll.dll	0xa0fd4	C:\WINDOWS\SYSTEM32\ntdll.dll
122211	38172	0x7ffc3ce0d624	ntdll.dll	0x9d624	C:\WINDOWS\SYSTEM32\ntdll.dll
122227	28272	0x7ffc3ce0d6c4	ntdll.dll	0x9d6c4	C:\WINDOWS\SYSTEM32\ntdll.dll
122243	34772	0x7ffc3ce0d6c4	ntdll.dll	0x9d6c4	C:\WINDOWS\SYSTEM32\ntdll.dll
122260	37384	0x7ffc3ce0d6c4	ntdll.dll	0x9d6c4	C:\WINDOWS\SYSTEM32\ntdll.dll
122275	33920	0x7ffc3ce0d6c4	ntdll.dll	0x9d6c4	C:\WINDOWS\SYSTEM32\ntdll.dll
122292	34548	0x7ffc3ce0e0f4	ntdll.dll	0x9e0f4	C:\WINDOWS\SYSTEM32\ntdll.dll
122309	36796	0x7ffc3ce0d6c4	ntdll.dll	0x9d6c4	C:\WINDOWS\SYSTEM32\ntdll.dll
122325	36628	0x7ffc3ce0d6c4	ntdll.dll	0x9d6c4	C:\WINDOWS\SYSTEM32\ntdll.dll
122340	13652	0x7ffc3ce0d6c4	ntdll.dll	0x9d6c4	C:\WINDOWS\SYSTEM32\ntdll.dll
122358	32520	0x7ffc3ce0d6c4	ntdll.dll	0x9d6c4	C:\WINDOWS\SYSTEM32\ntdll.dll
122374	33744	0x7ffc3ce0d6c4	ntdll.dll	0x9d6c4	C:\WINDOWS\SYSTEM32\ntdll.dll
122397	36636	0x7ffc3ce10fd4	ntdll.dll	0xa0fd4	C:\WINDOWS\SYSTEM32\ntdll.dll
122423	35812	0x7ffc3ce0d624	ntdll.dll	0x9d624	C:\WINDOWS\SYSTEM32\ntdll.dll
122443	36112	0x7ffc3ce10fd4	ntdll.dll	0xa0fd4	C:\WINDOWS\SYSTEM32\ntdll.dll
122463	18020	0x7ffc3ce0e0f4	ntdll.dll	0x9e0f4	C:\WINDOWS\SYSTEM32\ntdll.dll
122481	27584	0x7ffc3ce10fd4	ntdll.dll	0xa0fd4	C:\WINDOWS\SYSTEM32\ntdll.dll
122502	2996	0x7ffc3ce0e0f4	ntdll.dll	0x9e0f4	C:\WINDOWS\SYSTEM32\ntdll.dll
122523	35460	0x7ffc3ce10fd4	ntdll.dll	0xa0fd4	C:\WINDOWS\SYSTEM32\ntdll.dll
122540	38008	0x7ffc3ce0d624	ntdll.dll	0x9d624	C:\WINDOWS\SYSTEM32\ntdll.dll
122557	33284	0x7ffc3ce0e0f4	ntdll.dll	0x9e0f4	C:\WINDOWS\SYSTEM32\ntdll.dll
122574	28676	0x7ffc3ce0d624	ntdll.dll	0x9d624	C:\WINDOWS\SYSTEM32\ntdll.dll
122591	7328	0x7ffc3ce10fd4	ntdll.dll	0xa0fd4	C:\WINDOWS\SYSTEM32\ntdll.dll
122606	37628	0x7ffc3ce10fd4	ntdll.dll	0xa0fd4	C:\WINDOWS\SYSTEM32\ntdll.dll
122622	38748	0x7ffc3ce0d624	ntdll.dll	0x9d624	C:\WINDOWS\SYSTEM32\ntdll.dll
122640	33496	0x7ffc3ce10fd4	ntdll.dll	0xa0fd4	C:\WINDOWS\SYSTEM32\ntdll.dll
122661	27132	0x7ffc3ce0e0f4	ntdll.dll	0x9e0f4	C:\WINDOWS\SYSTEM32\ntdll.dll
122681	31736	0x7ffc3ce10fd4	ntdll.dll	0xa0fd4	C:\WINDOWS\SYSTEM32\ntdll.dll
122702	36960	0x7ffc3ce0e0f4	ntdll.dll	0x9e0f4	C:\WINDOWS\SYSTEM32\ntdll.dll
122721	20576	0x7ffc3ce10fd4	ntdll.dll	0xa0fd4	C:\WINDOWS\SYSTEM32\ntdll.dll
122738	34164	0x7ffc3ce10fd4	ntdll.dll	0xa0fd4	C:\WINDOWS\SYSTEM32\ntdll.dll
122755	38144	0x7ffc3ce10fd4	ntdll.dll	0xa0fd4	C:\WINDOWS\SYSTEM32\ntdll.dll
122772	33932	0x7ffc3ce10fd4	ntdll.dll	0xa0fd4	C:\WINDOWS\SYSTEM32\ntdll.dll
122789	29568	0x7ffc3ce10fd4	ntdll.dll	0xa0fd4	C:\WINDOWS\SYSTEM32\ntdll.dll
122807	38884	0x7ffc3ce0e0f4	ntdll.dll	0x9e0f4	C:\WINDOWS\SYSTEM32\ntdll.dll
122825	30684	0x7ffc3ce10fd4	ntdll.dll	0xa0fd4	C:\WINDOWS\SYSTEM32\ntdll.dll
122844	38260	0x7ffc3ce10fd4	ntdll.dll	0xa0fd4	C:\WINDOWS\SYSTEM32\ntdll.dll
122861	29588	0x7ffc3ce10fd4	ntdll.dll	0xa0fd4	C:\WINDOWS\SYSTEM32\ntdll.dll
122878	38232	0x7ffc3ce10fd4	ntdll.dll	0xa0fd4	C:\WINDOWS\SYSTEM32\ntdll.dll
122894	38812	0x7ffc3ce0d6c4	ntdll.dll	0x9d6c4	C:\WINDOWS\SYSTEM32\ntdll.dll
122913	35540	0x7ffc3ce0d6c4	ntdll.dll	0x9d6c4	C:\WINDOWS\SYSTEM32\ntdll.dll
122943	31888	0x7ffc3ce10fd4	ntdll.dll	0xa0fd4	C:\WINDOWS\SYSTEM32\ntdll.dll
122960	12908	0x7ffc3ce10fd4	ntdll.dll	0xa0fd4	C:\WINDOWS\SYSTEM32\ntdll.dll
122979	34508	0x7ffc3ce10fd4	ntdll.dll	0xa0fd4	C:\WINDOWS\SYSTEM32\ntdll.dll
122997	34276	0x7ffc3ce10fd4	ntdll.dll	0xa0fd4	C:\WINDOWS\SYSTEM32\ntdll.dll
123013	37940	0x7ffc3ce10fd4	ntdll.dll	0xa0fd4	C:\WINDOWS\SYSTEM32\ntdll.dll
123029	29192	0x7ffc3ce10fd4	ntdll.dll	0xa0fd4	C:\WINDOWS\SYSTEM32\ntdll.dll
123045	37736	0x7ffc3ce10fd4	ntdll.dll	0xa0fd4	C:\WINDOWS\SYSTEM32\ntdll.dll
123062	33220	0x7ffc3ce10fd4	ntdll.dll	0xa0fd4	C:\WINDOWS\SYSTEM32\ntdll.dll
123078	12692	0x7ffc3ce10fd4	ntdll.dll	0xa0fd4	C:\WINDOWS\SYSTEM32\ntdll.dll
123096	33984	0x7ffc3ce10fd4	ntdll.dll	0xa0fd4	C:\WINDOWS\SYSTEM32\ntdll.dll
123114	38224	0x7ffc3ce10fd4	ntdll.dll	0xa0fd4	C:\WINDOWS\SYSTEM32\ntdll.dll
123132	28292	0x7ffc3ce10fd4	ntdll.dll	0xa0fd4	C:\WINDOWS\SYSTEM32\ntdll.dll
123149	35252	0x7ffc3ce10fd4	ntdll.dll	0xa0fd4	C:\WINDOWS\SYSTEM32\ntdll.dll
123166	38044	0x7ffc3ce10fd4	ntdll.dll	0xa0fd4	C:\WINDOWS\SYSTEM32\ntdll.dll
123183	38340	0x7ffc3ce10fd4	ntdll.dll	0xa0fd4	C:\WINDOWS\SYSTEM32\ntdll.dll
123199	13736	0x7ffc3ce10fd4	ntdll.dll	0xa0fd4	C:\WINDOWS\SYSTEM32\ntdll.dll
123217	38192	0x7ffc3ce10fd4	ntdll.dll	0xa0fd4	C:\WINDOWS\SYSTEM32\ntdll.dll
123234	36272	0x7ffc3ce10fd4	ntdll.dll	0xa0fd4	C:\WINDOWS\SYSTEM32\ntdll.dll
123249	25612	0x7ffc3ce0d6c4	ntdll.dll	0x9d6c4	C:\WINDOWS\SYSTEM32\ntdll.dll
123268	38384	0x7ffc3ce11034	ntdll.dll	0xa1034	C:\WINDOWS\SYSTEM32\ntdll.dll
123286	33108	0x7ffc3ce0d6c4	ntdll.dll	0x9d6c4	C:\WINDOWS\SYSTEM32\ntdll.dll
123303	34820	0x7ffc3ce11034	ntdll.dll	0xa1034	C:\WINDOWS\SYSTEM32\ntdll.dll
123319	36648	0x7ffc3ce0d624	ntdll.dll	0x9d624	C:\WINDOWS\SYSTEM32\ntdll.dll
123337	38412	0x7ffc3a941104	win32u.dll	0x1104	C:\WINDOWS\System32\win32u.dll
123353	26804	0x7ffc3ce11034	ntdll.dll	0xa1034	C:\WINDOWS\SYSTEM32\ntdll.dll
123379	34564	0x7ffc3ce10fd4	ntdll.dll	0xa0fd4	C:\WINDOWS\SYSTEM32\ntdll.dll
123403	26280	0x7ffc3ce10fd4	ntdll.dll	0xa0fd4	C:\WINDOWS\SYSTEM32\ntdll.dll
123425	37740	0x7ffc3ce0d6c4	ntdll.dll	0x9d6c4	C:\WINDOWS\SYSTEM32\ntdll.dll
123445	37892	0x7ffc3ce0d624	ntdll.dll	0x9d624	C:\WINDOWS\SYSTEM32\ntdll.dll
123461	38840	0x7ffc3ce0e0f4	ntdll.dll	0x9e0f4	C:\WINDOWS\SYSTEM32\ntdll.dll
123478	36632	0x7ffc3ce10fd4	ntdll.dll	0xa0fd4	C:\WINDOWS\SYSTEM32\ntdll.dll
123497	23456	0x7ffc3ce10fd4	ntdll.dll	0xa0fd4	C:\WINDOWS\SYSTEM32\ntdll.dll
123512	29500	0x7ffc3ce10fd4	ntdll.dll	0xa0fd4	C:\WINDOWS\SYSTEM32\ntdll.dll
123528	2556	0x7ffc3ce10fd4	ntdll.dll	0xa0fd4	C:\WINDOWS\SYSTEM32\ntdll.dll
123542	16324	0x7ffc3ce10fd4	ntdll.dll	0xa0fd4	C:\WINDOWS\SYSTEM32\ntdll.dll
123560	26548	0x7ffc3ce10fd4	ntdll.dll	0xa0fd4	C:\WINDOWS\SYSTEM32\ntdll.dll
123578	38388	0x7ffc3ce10fd4	ntdll.dll	0xa0fd4	C:\WINDOWS\SYSTEM32\ntdll.dll
123593	13588	0x7ffc3ce10fd4	ntdll.dll	0xa0fd4	C:\WINDOWS\SYSTEM32\ntdll.dll
123609	13776	0x7ffc3ce10fd4	ntdll.dll	0xa0fd4	C:\WINDOWS\SYSTEM32\ntdll.dll
123627	27000	0x7ffc3ce10fd4	ntdll.dll	0xa0fd4	C:\WINDOWS\SYSTEM32\ntdll.dll
123642	35508	0x7ffc3ce10fd4	ntdll.dll	0xa0fd4	C:\WINDOWS\SYSTEM32\ntdll.dll
123658	34444	0x7ffc3ce10fd4	ntdll.dll	0xa0fd4	C:\WINDOWS\SYSTEM32\ntdll.dll
123673	28732	0x7ffc3ce10fd4	ntdll.dll	0xa0fd4	C:\WINDOWS\SYSTEM32\ntdll.dll
123689	26616	0x7ffc3ce10fd4	ntdll.dll	0xa0fd4	C:\WINDOWS\SYSTEM32\ntdll.dll
123706	37132	0x7ffc3ce10fd4	ntdll.dll	0xa0fd4	C:\WINDOWS\SYSTEM32\ntdll.dll
123722	20024	0x7ffc3ce10fd4	ntdll.dll	0xa0fd4	C:\WINDOWS\SYSTEM32\ntdll.dll
123738	37760	0x7ffc3ce10fd4	ntdll.dll	0xa0fd4	C:\WINDOWS\SYSTEM32\ntdll.dll
123757	31852	0x7ffc3ce10fd4	ntdll.dll	0xa0fd4	C:\WINDOWS\SYSTEM32\ntdll.dll
123772	37624	0x7ffc3ce10fd4	ntdll.dll	0xa0fd4	C:\WINDOWS\SYSTEM32\ntdll.dll
123789	38048	0x7ffc3ce10fd4	ntdll.dll	0xa0fd4	C:\WINDOWS\SYSTEM32\ntdll.dll
123805	30536	0x7ffc3ce10fd4	ntdll.dll	0xa0fd4	C:\WINDOWS\SYSTEM32\ntdll.dll
123821	8688	0x7ffc3ce0d6c4	ntdll.dll	0x9d6c4	C:\WINDOWS\SYSTEM32\ntdll.dll
123841	764	0x7ffc3ce0d624	ntdll.dll	0x9d624	C:\WINDOWS\SYSTEM32\ntdll.dll
123859	29356	0x7ffc3ce0d624	ntdll.dll	0x9d624	C:\WINDOWS\SYSTEM32\ntdll.dll
123891	32352	0x7ffc3ce0e0f4	ntdll.dll	0x9e0f4	C:\WINDOWS\SYSTEM32\ntdll.dll
123912	38936	0x7ffc3ce0d624	ntdll.dll	0x9d624	C:\WINDOWS\SYSTEM32\ntdll.dll
123931	38944	0x7ffc3ce0d624	ntdll.dll	0x9d624	C:\WINDOWS\SYSTEM32\ntdll.dll
123947	38952	0x7ffc3ce0d624	ntdll.dll	0x9d624	C:\WINDOWS\SYSTEM32\ntdll.dll
123964	38960	0x7ffc3ce0d624	ntdll.dll	0x9d624	C:\WINDOWS\SYSTEM32\ntdll.dll
123982	38968	0x7ffc3ce0d624	ntdll.dll	0x9d624	C:\WINDOWS\SYSTEM32\ntdll.dll
123999	38976	0x7ffc3ce0d624	ntdll.dll	0x9d624	C:\WINDOWS\SYSTEM32\ntdll.dll
124018	38984	0x7ffc3ce0d624	ntdll.dll	0x9d624	C:\WINDOWS\SYSTEM32\ntdll.dll
124034	38992	0x7ffc3ce0d624	ntdll.dll	0x9d624	C:\WINDOWS\SYSTEM32\ntdll.dll
124050	39000	0x7ffc3ce0d624	ntdll.dll	0x9d624	C:\WINDOWS\SYSTEM32\ntdll.dll
124069	39008	0x7ffc3ce0d624	ntdll.dll	0x9d624	C:\WINDOWS\SYSTEM32\ntdll.dll
124091	39028	0x7ffc3ce0e0f4	ntdll.dll	0x9e0f4	C:\WINDOWS\SYSTEM32\ntdll.dll
124108	39212	0x7ffc3ce10fd4	ntdll.dll	0xa0fd4	C:\WINDOWS\SYSTEM32\ntdll.dll
124124	39240	0x7ffc3ce0d624	ntdll.dll	0x9d624	C:\WINDOWS\SYSTEM32\ntdll.dll
124141	39244	0x7ffc3ce0d6c4	ntdll.dll	0x9d6c4	C:\WINDOWS\SYSTEM32\ntdll.dll
124159	39248	0x7ffc3ce0d6c4	ntdll.dll	0x9d6c4	C:\WINDOWS\SYSTEM32\ntdll.dll
124175	39252	0x7ffc3ce10fd4	ntdll.dll	0xa0fd4	C:\WINDOWS\SYSTEM32\ntdll.dll
124192	39256	0x7ffc3ce0d624	ntdll.dll	0x9d624	C:\WINDOWS\SYSTEM32\ntdll.dll
124209	39260	0x7ffc3ce0d624	ntdll.dll	0x9d624	C:\WINDOWS\SYSTEM32\ntdll.dll
124231	39268	0x7ffc3a941104	win32u.dll	0x1104	C:\WINDOWS\System32\win32u.dll
124252	39300	0x7ffc3a941104	win32u.dll	0x1104	C:\WINDOWS\System32\win32u.dll
124271	39384	0x7ffc3ce0d624	ntdll.dll	0x9d624	C:\WINDOWS\SYSTEM32\ntdll.dll
124288	39388	0x7ffc3a941104	win32u.dll	0x1104	C:\WINDOWS\System32\win32u.dll
124306	41552	0x7ffc3ce0d6c4	ntdll.dll	0x9d6c4	C:\WINDOWS\SYSTEM32\ntdll.dll
124324	41568	0x7ffc3ce0d624	ntdll.dll	0x9d624	C:\WINDOWS\SYSTEM32\ntdll.dll
124343	41572	0x7ffc3ce0e0f4	ntdll.dll	0x9e0f4	C:\WINDOWS\SYSTEM32\ntdll.dll
124359	41592	0x7ffc3ce0d624	ntdll.dll	0x9d624	C:\WINDOWS\SYSTEM32\ntdll.dll
124378	41596	0x7ffc3ce0d624	ntdll.dll	0x9d624	C:\WINDOWS\SYSTEM32\ntdll.dll
124397	41600	0x7ffc3ce0d624	ntdll.dll	0x9d624	C:\WINDOWS\SYSTEM32\ntdll.dll
124414	41604	0x7ffc3ce0d624	ntdll.dll	0x9d624	C:\WINDOWS\SYSTEM32\ntdll.dll
124432	41608	0x7ffc3ce0d624	ntdll.dll	0x9d624	C:\WINDOWS\SYSTEM32\ntdll.dll
124451	41612	0x7ffc3ce0d624	ntdll.dll	0x9d624	C:\WINDOWS\SYSTEM32\ntdll.dll
124468	41616	0x7ffc3ce0d624	ntdll.dll	0x9d624	C:\WINDOWS\SYSTEM32\ntdll.dll
124487	41620	0x7ffc3ce0d624	ntdll.dll	0x9d624	C:\WINDOWS\SYSTEM32\ntdll.dll
124508	41624	0x7ffc3ce0d624	ntdll.dll	0x9d624	C:\WINDOWS\SYSTEM32\ntdll.dll
124528	41628	0x7ffc3ce0d624	ntdll.dll	0x9d624	C:\WINDOWS\SYSTEM32\ntdll.dll
124546	41632	0x7ffc3ce0d624	ntdll.dll	0x9d624	C:\WINDOWS\SYSTEM32\ntdll.dll
124564	41636	0x7ffc3ce0e0f4	ntdll.dll	0x9e0f4	C:\WINDOWS\SYSTEM32\ntdll.dll
124580	41656	0x7ffc3ce0d624	ntdll.dll	0x9d624	C:\WINDOWS\SYSTEM32\ntdll.dll
124598	41660	0x7ffc3ce0d624	ntdll.dll	0x9d624	C:\WINDOWS\SYSTEM32\ntdll.dll
124621	41664	0x7ffc3ce0d624	ntdll.dll	0x9d624	C:\WINDOWS\SYSTEM32\ntdll.dll
124642	41668	0x7ffc3ce0d624	ntdll.dll	0x9d624	C:\WINDOWS\SYSTEM32\ntdll.dll
124659	41672	0x7ffc3ce0d624	ntdll.dll	0x9d624	C:\WINDOWS\SYSTEM32\ntdll.dll
124681	41676	0x7ffc3ce0d624	ntdll.dll	0x9d624	C:\WINDOWS\SYSTEM32\ntdll.dll
124706	41680	0x7ffc3ce0d624	ntdll.dll	0x9d624	C:\WINDOWS\SYSTEM32\ntdll.dll
124724	41684	0x7ffc3ce0d624	ntdll.dll	0x9d624	C:\WINDOWS\SYSTEM32\ntdll.dll
124742	41688	0x7ffc3ce0d624	ntdll.dll	0x9d624	C:\WINDOWS\SYSTEM32\ntdll.dll
124761	41692	0x7ffc3ce0d624	ntdll.dll	0x9d624	C:\WINDOWS\SYSTEM32\ntdll.dll
124782	35588	0x7ffc3ce11034	ntdll.dll	0xa1034	C:\WINDOWS\SYSTEM32\ntdll.dll
124805	42844	0x7ffc3ce11034	ntdll.dll	0xa1034	C:\WINDOWS\SYSTEM32\ntdll.dll
124824	42732	0x7ffc3ce11034	ntdll.dll	0xa1034	C:\WINDOWS\SYSTEM32\ntdll.dll
124845	39580	0x7ffc3ce11034	ntdll.dll	0xa1034	C:\WINDOWS\SYSTEM32\ntdll.dll
124866	39096	0x7ffc3ce11034	ntdll.dll	0xa1034	C:\WINDOWS\SYSTEM32\ntdll.dll
124890	37584	0x7ffc3ce11034	ntdll.dll	0xa1034	C:\WINDOWS\SYSTEM32\ntdll.dll
124933	42840	0x7ffc3ce11034	ntdll.dll	0xa1034	C:\WINDOWS\SYSTEM32\ntdll.dll
124959	44704	0x7ffc3ce11034	ntdll.dll	0xa1034	C:\WINDOWS\SYSTEM32\ntdll.dll
124983	44340	0x7ffc3ce11034	ntdll.dll	0xa1034	C:\WINDOWS\SYSTEM32\ntdll.dll
125005	44344	0x7ffc3ce103d4	ntdll.dll	0xa03d4	C:\WINDOWS\SYSTEM32\ntdll.dll
125025	35604	0x7ffc3ce10fd4	ntdll.dll	0xa0fd4	C:\WINDOWS\SYSTEM32\ntdll.dll
125043	37320	0x7ffc3ce11034	ntdll.dll	0xa1034	C:\WINDOWS\SYSTEM32\ntdll.dll
125062	16556	0x7ffc3ce0d624	ntdll.dll	0x9d624	C:\WINDOWS\SYSTEM32\ntdll.dll
125084	43856	0x7ffc3ce0d624	ntdll.dll	0x9d624	C:\WINDOWS\SYSTEM32\ntdll.dll
125103	29616	0x7ffc3ce0d624	ntdll.dll	0x9d624	C:\WINDOWS\SYSTEM32\ntdll.dll
125127	41900	0x7ffc3ce0d624	ntdll.dll	0x9d624	C:\WINDOWS\SYSTEM32\ntdll.dll
125149	43092	0x7ffc3ce0d624	ntdll.dll	0x9d624	C:\WINDOWS\SYSTEM32\ntdll.dll
125171	24564	0x7ffc3ce0d624	ntdll.dll	0x9d624	C:\WINDOWS\SYSTEM32\ntdll.dll
125195	22584	0x7ffc3ce0d624	ntdll.dll	0x9d624	C:\WINDOWS\SYSTEM32\ntdll.dll
125219	42540	0x7ffc3ce0d624	ntdll.dll	0x9d624	C:\WINDOWS\SYSTEM32\ntdll.dll
125249	40624	0x7ffc3ce0d624	ntdll.dll	0x9d624	C:\WINDOWS\SYSTEM32\ntdll.dll
125274	36832	0x7ffc3ce0d624	ntdll.dll	0x9d624	C:\WINDOWS\SYSTEM32\ntdll.dll
125300	38308	0x7ffc3ce0d624	ntdll.dll	0x9d624	C:\WINDOWS\SYSTEM32\ntdll.dll
125329	40196	0x7ffc3ce0d624	ntdll.dll	0x9d624	C:\WINDOWS\SYSTEM32\ntdll.dll
125353	38360	0x7ffc3ce0e0f4	ntdll.dll	0x9e0f4	C:\WINDOWS\SYSTEM32\ntdll.dll
125380	35856	0x7ffc3ce10fd4	ntdll.dll	0xa0fd4	C:\WINDOWS\SYSTEM32\ntdll.dll
125402	37256	0x7ffc3ce10fd4	ntdll.dll	0xa0fd4	C:\WINDOWS\SYSTEM32\ntdll.dll
125422	26580	0x7ffc3ce10fd4	ntdll.dll	0xa0fd4	C:\WINDOWS\SYSTEM32\ntdll.dll
125443	35592	0x7ffc3ce10fd4	ntdll.dll	0xa0fd4	C:\WINDOWS\SYSTEM32\ntdll.dll
125470	38096	0x7ffc3ce10fd4	ntdll.dll	0xa0fd4	C:\WINDOWS\SYSTEM32\ntdll.dll
125493	44212	0x7ffc3ce11034	ntdll.dll	0xa1034	C:\WINDOWS\SYSTEM32\ntdll.dll
125515	43196	0x7ffc3ce11034	ntdll.dll	0xa1034	C:\WINDOWS\SYSTEM32\ntdll.dll
125543	44284	0x7ffc3ce11034	ntdll.dll	0xa1034	C:\WINDOWS\SYSTEM32\ntdll.dll
125566	34660	0x7ffc3ce0d624	ntdll.dll	0x9d624	C:\WINDOWS\SYSTEM32\ntdll.dll
125585	10056	0x7ffc3ce11034	ntdll.dll	0xa1034	C:\WINDOWS\SYSTEM32\ntdll.dll
125605	39016	0x7ffc3ce11034	ntdll.dll	0xa1034	C:\WINDOWS\SYSTEM32\ntdll.dll
125622	43220	0x7ffc3ce11034	ntdll.dll	0xa1034	C:\WINDOWS\SYSTEM32\ntdll.dll
125642	39192	0x7ffc3ce11034	ntdll.dll	0xa1034	C:\WINDOWS\SYSTEM32\ntdll.dll
125667	39288	0x7ffc3ce11034	ntdll.dll	0xa1034	C:\WINDOWS\SYSTEM32\ntdll.dll
125693	40468	0x7ffc3ce11034	ntdll.dll	0xa1034	C:\WINDOWS\SYSTEM32\ntdll.dll
125716	13408	0x7ffc3ce0d624	ntdll.dll	0x9d624	C:\WINDOWS\SYSTEM32\ntdll.dll
125735	44852	0x7ffc3ce0e0f4	ntdll.dll	0x9e0f4	C:\WINDOWS\SYSTEM32\ntdll.dll
125759	39064	0x7ffc3ce0e0f4	ntdll.dll	0x9e0f4	C:\WINDOWS\SYSTEM32\ntdll.dll
125783	43724	0x7ffc3ce0d624	ntdll.dll	0x9d624	C:\WINDOWS\SYSTEM32\ntdll.dll
125804	35764	0x7ffc3ce0d624	ntdll.dll	0x9d624	C:\WINDOWS\SYSTEM32\ntdll.dll
125826	38084	0x7ffc3ce0d624	ntdll.dll	0x9d624	C:\WINDOWS\SYSTEM32\ntdll.dll
125848	29408	0x7ffc3ce0d624	ntdll.dll	0x9d624	C:\WINDOWS\SYSTEM32\ntdll.dll
125870	34948	0x7ffc3ce11034	ntdll.dll	0xa1034	C:\WINDOWS\SYSTEM32\ntdll.dll
125891	34956	0x7ffc3ce0d624	ntdll.dll	0x9d624	C:\WINDOWS\SYSTEM32\ntdll.dll
125907	38272	0x7ffc3ce0d624	ntdll.dll	0x9d624	C:\WINDOWS\SYSTEM32\ntdll.dll
125923	38148	0x7ffc3ce0d624	ntdll.dll	0x9d624	C:\WINDOWS\SYSTEM32\ntdll.dll
125941	44984	0x7ffc3ce0d624	ntdll.dll	0x9d624	C:\WINDOWS\SYSTEM32\ntdll.dll
125961	39808	0x7ffc3ce0d624	ntdll.dll	0x9d624	C:\WINDOWS\SYSTEM32\ntdll.dll
125983	27740	0x7ffc3ce0d624	ntdll.dll	0x9d624	C:\WINDOWS\SYSTEM32\ntdll.dll
126005	42600	0x7ffc3ce0d624	ntdll.dll	0x9d624	C:\WINDOWS\SYSTEM32\ntdll.dll
126023	28352	0x7ffc3ce0d624	ntdll.dll	0x9d624	C:\WINDOWS\SYSTEM32\ntdll.dll
126046	38248	0x7ffc3ce0d624	ntdll.dll	0x9d624	C:\WINDOWS\SYSTEM32\ntdll.dll
126064	45028	0x7ffc3ce0d624	ntdll.dll	0x9d624	C:\WINDOWS\SYSTEM32\ntdll.dll
126083	42588	0x7ffc3ce0e0f4	ntdll.dll	0x9e0f4	C:\WINDOWS\SYSTEM32\ntdll.dll
126101	35116	0x7ffc3ce11034	ntdll.dll	0xa1034	C:\WINDOWS\SYSTEM32\ntdll.dll
126130	34908	0x7ffc3ce11034	ntdll.dll	0xa1034	C:\WINDOWS\SYSTEM32\ntdll.dll
126149	24164	0x7ffc3ce11034	ntdll.dll	0xa1034	C:\WINDOWS\SYSTEM32\ntdll.dll
126169	30500	0x7ffc3ce11034	ntdll.dll	0xa1034	C:\WINDOWS\SYSTEM32\ntdll.dll
126186	42972	0x7ffc3ce11034	ntdll.dll	0xa1034	C:\WINDOWS\SYSTEM32\ntdll.dll
136399	33248	0x7ffc3a941104	win32u.dll	0x1104	C:\WINDOWS\System32\win32u.dll
136425	10380	0x7ffc3ce10fd4	ntdll.dll	0xa0fd4	C:\WINDOWS\SYSTEM32\ntdll.dll
136446	37804	0x7ffc3ce10fd4	ntdll.dll	0xa0fd4	C:\WINDOWS\SYSTEM32\ntdll.dll
136469	31968	0x7ffc3ce10fd4	ntdll.dll	0xa0fd4	C:\WINDOWS\SYSTEM32\ntdll.dll
136494	700	0x7ffc3ce0e0f4	ntdll.dll	0x9e0f4	C:\WINDOWS\SYSTEM32\ntdll.dll
136514	33888	0x7ffc3ce0d6c4	ntdll.dll	0x9d6c4	C:\WINDOWS\SYSTEM32\ntdll.dll
136534	34776	0x7ffc3ce0d6c4	ntdll.dll	0x9d6c4	C:\WINDOWS\SYSTEM32\ntdll.dll
136551	34496	0x7ffc3ce10fd4	ntdll.dll	0xa0fd4	C:\WINDOWS\SYSTEM32\ntdll.dll
136567	37644	0x7ffc3ce10fd4	ntdll.dll	0xa0fd4	C:\WINDOWS\SYSTEM32\ntdll.dll
136583	37640	0x7ffc3ce10fd4	ntdll.dll	0xa0fd4	C:\WINDOWS\SYSTEM32\ntdll.dll
136601	36668	0x7ffc3ce11034	ntdll.dll	0xa1034	C:\WINDOWS\SYSTEM32\ntdll.dll
136621	26628	0x7ffc3a94a124	win32u.dll	0xa124	C:\WINDOWS\System32\win32u.dll
136641	35068	0x7ffc3ce10fd4	ntdll.dll	0xa0fd4	C:\WINDOWS\SYSTEM32\ntdll.dll
136658	36428	0x7ffc3ce0e0f4	ntdll.dll	0x9e0f4	C:\WINDOWS\SYSTEM32\ntdll.dll
136676	35996	0x7ffc3ce0e0f4	ntdll.dll	0x9e0f4	C:\WINDOWS\SYSTEM32\ntdll.dll
136695	19780	0x7ffc3ce0e0f4	ntdll.dll	0x9e0f4	C:\WINDOWS\SYSTEM32\ntdll.dll
136711	22404	0x7ffc3ce0d6c4	ntdll.dll	0x9d6c4	C:\WINDOWS\SYSTEM32\ntdll.dll
136733	34704	0x7ffc3ce0d6c4	ntdll.dll	0x9d6c4	C:\WINDOWS\SYSTEM32\ntdll.dll
136759	28184	0x7ffc3ce0d624	ntdll.dll	0x9d624	C:\WINDOWS\SYSTEM32\ntdll.dll
136779	38852	0x7ffc3ce11034	ntdll.dll	0xa1034	C:\WINDOWS\SYSTEM32\ntdll.dll
136801	19796	0x7ffc3ce0d624	ntdll.dll	0x9d624	C:\WINDOWS\SYSTEM32\ntdll.dll
136819	28764	0x7ffc3ce0d624	ntdll.dll	0x9d624	C:\WINDOWS\SYSTEM32\ntdll.dll
136836	38056	0x7ffc3ce0d624	ntdll.dll	0x9d624	C:\WINDOWS\SYSTEM32\ntdll.dll
136853	33572	0x7ffc3ce0d6c4	ntdll.dll	0x9d6c4	C:\WINDOWS\SYSTEM32\ntdll.dll
136873	36376	0x7ffc3ce0e0f4	ntdll.dll	0x9e0f4	C:\WINDOWS\SYSTEM32\ntdll.dll
136893	13352	0x7ffc3a94a124	win32u.dll	0xa124	C:\WINDOWS\System32\win32u.dll
136913	37056	0x7ffc3ce0e0f4	ntdll.dll	0x9e0f4	C:\WINDOWS\SYSTEM32\ntdll.dll
136929	31464	0x7ffc3ce0d624	ntdll.dll	0x9d624	C:\WINDOWS\SYSTEM32\ntdll.dll
136945	36532	0x7ffc3ce0d6c4	ntdll.dll	0x9d6c4	C:\WINDOWS\SYSTEM32\ntdll.dll
136963	12684	0x7ffc3ce10fd4	ntdll.dll	0xa0fd4	C:\WINDOWS\SYSTEM32\ntdll.dll
136981	32208	0x7ffc3ce10fd4	ntdll.dll	0xa0fd4	C:\WINDOWS\SYSTEM32\ntdll.dll
136998	38716	0x7ffc3ce0d624	ntdll.dll	0x9d624	C:\WINDOWS\SYSTEM32\ntdll.dll
137014	35200	0x7ffc3ce0e0f4	ntdll.dll	0x9e0f4	C:\WINDOWS\SYSTEM32\ntdll.dll
137034	15148	0x7ffc3ce0d624	ntdll.dll	0x9d624	C:\WINDOWS\SYSTEM32\ntdll.dll
137050	13956	0x7ffc3ce0d624	ntdll.dll	0x9d624	C:\WINDOWS\SYSTEM32\ntdll.dll
137066	29528	0x7ffc3ce0d624	ntdll.dll	0x9d624	C:\WINDOWS\SYSTEM32\ntdll.dll
137082	17028	0x7ffc3ce0d624	ntdll.dll	0x9d624	C:\WINDOWS\SYSTEM32\ntdll.dll
137098	27652	0x7ffc3ce0d624	ntdll.dll	0x9d624	C:\WINDOWS\SYSTEM32\ntdll.dll
137117	34320	0x7ffc3ce0d624	ntdll.dll	0x9d624	C:\WINDOWS\SYSTEM32\ntdll.dll
137133	33620	0x7ffc3ce0d624	ntdll.dll	0x9d624	C:\WINDOWS\SYSTEM32\ntdll.dll
137149	36712	0x7ffc3ce0d624	ntdll.dll	0x9d624	C:\WINDOWS\SYSTEM32\ntdll.dll
137168	18760	0x7ffc3ce0d624	ntdll.dll	0x9d624	C:\WINDOWS\SYSTEM32\ntdll.dll
137183	37364	0x7ffc3ce0d624	ntdll.dll	0x9d624	C:\WINDOWS\SYSTEM32\ntdll.dll
137201	28596	0x7ffc3ce0d624	ntdll.dll	0x9d624	C:\WINDOWS\SYSTEM32\ntdll.dll
137223	33908	0x7ffc3ce0d624	ntdll.dll	0x9d624	C:\WINDOWS\SYSTEM32\ntdll.dll
137242	14192	0x7ffc3ce0d624	ntdll.dll	0x9d624	C:\WINDOWS\SYSTEM32\ntdll.dll
137259	29548	0x7ffc3ce0e0f4	ntdll.dll	0x9e0f4	C:\WINDOWS\SYSTEM32\ntdll.dll
137275	6688	0x7ffc3ce0d624	ntdll.dll	0x9d624	C:\WINDOWS\SYSTEM32\ntdll.dll
137290	14692	0x7ffc3ce10fd4	ntdll.dll	0xa0fd4	C:\WINDOWS\SYSTEM32\ntdll.dll
137307	34840	0x7ffc3ce10fd4	ntdll.dll	0xa0fd4	C:\WINDOWS\SYSTEM32\ntdll.dll
137351	28620	0x7ffc3ce0e0f4	ntdll.dll	0x9e0f4	C:\WINDOWS\SYSTEM32\ntdll.dll
137370	37852	0x7ffc3ce0d6c4	ntdll.dll	0x9d6c4	C:\WINDOWS\SYSTEM32\ntdll.dll
137388	37380	0x7ffc3ce0e0f4	ntdll.dll	0x9e0f4	C:\WINDOWS\SYSTEM32\ntdll.dll
137405	38848	0x7ffc3ce0d6c4	ntdll.dll	0x9d6c4	C:\WINDOWS\SYSTEM32\ntdll.dll
137425	33300	0x7ffc3ce0e0f4	ntdll.dll	0x9e0f4	C:\WINDOWS\SYSTEM32\ntdll.dll
137447	33304	0x7ffc3ce0d6c4	ntdll.dll	0x9d6c4	C:\WINDOWS\SYSTEM32\ntdll.dll
137466	11196	0x7ffc3ce0d624	ntdll.dll	0x9d624	C:\WINDOWS\SYSTEM32\ntdll.dll
137482	31576	0x7ffc3ce0d6c4	ntdll.dll	0x9d6c4	C:\WINDOWS\SYSTEM32\ntdll.dll
137501	38736	0x7ffc3a941104	win32u.dll	0x1104	C:\WINDOWS\System32\win32u.dll
137525	38356	0x7ffc3ce0e0f4	ntdll.dll	0x9e0f4	C:\WINDOWS\SYSTEM32\ntdll.dll
137546	38380	0x7ffc3ce0d624	ntdll.dll	0x9d624	C:\WINDOWS\SYSTEM32\ntdll.dll
137564	32704	0x7ffc3ce0d624	ntdll.dll	0x9d624	C:\WINDOWS\SYSTEM32\ntdll.dll
137586	38484	0x7ffc3ce0d624	ntdll.dll	0x9d624	C:\WINDOWS\SYSTEM32\ntdll.dll
137601	38876	0x7ffc3ce10fd4	ntdll.dll	0xa0fd4	C:\WINDOWS\SYSTEM32\ntdll.dll
137617	34896	0x7ffc3ce10fd4	ntdll.dll	0xa0fd4	C:\WINDOWS\SYSTEM32\ntdll.dll
137632	38456	0x7ffc3ce10fd4	ntdll.dll	0xa0fd4	C:\WINDOWS\SYSTEM32\ntdll.dll
137651	38172	0x7ffc3ce0d624	ntdll.dll	0x9d624	C:\WINDOWS\SYSTEM32\ntdll.dll
137667	28272	0x7ffc3ce0d6c4	ntdll.dll	0x9d6c4	C:\WINDOWS\SYSTEM32\ntdll.dll
137685	34772	0x7ffc3ce0d6c4	ntdll.dll	0x9d6c4	C:\WINDOWS\SYSTEM32\ntdll.dll
137700	37384	0x7ffc3ce0d6c4	ntdll.dll	0x9d6c4	C:\WINDOWS\SYSTEM32\ntdll.dll
137715	33920	0x7ffc3ce0d6c4	ntdll.dll	0x9d6c4	C:\WINDOWS\SYSTEM32\ntdll.dll
137732	34548	0x7ffc3ce0e0f4	ntdll.dll	0x9e0f4	C:\WINDOWS\SYSTEM32\ntdll.dll
137749	36796	0x7ffc3ce0d6c4	ntdll.dll	0x9d6c4	C:\WINDOWS\SYSTEM32\ntdll.dll
137766	36628	0x7ffc3ce0d6c4	ntdll.dll	0x9d6c4	C:\WINDOWS\SYSTEM32\ntdll.dll
137784	13652	0x7ffc3ce0d6c4	ntdll.dll	0x9d6c4	C:\WINDOWS\SYSTEM32\ntdll.dll
137802	32520	0x7ffc3ce0d6c4	ntdll.dll	0x9d6c4	C:\WINDOWS\SYSTEM32\ntdll.dll
137820	33744	0x7ffc3ce0d6c4	ntdll.dll	0x9d6c4	C:\WINDOWS\SYSTEM32\ntdll.dll
137838	36636	0x7ffc3ce10fd4	ntdll.dll	0xa0fd4	C:\WINDOWS\SYSTEM32\ntdll.dll
137860	35812	0x7ffc3ce0d624	ntdll.dll	0x9d624	C:\WINDOWS\SYSTEM32\ntdll.dll
137879	36112	0x7ffc3ce10fd4	ntdll.dll	0xa0fd4	C:\WINDOWS\SYSTEM32\ntdll.dll
137897	18020	0x7ffc3ce0e0f4	ntdll.dll	0x9e0f4	C:\WINDOWS\SYSTEM32\ntdll.dll
137914	27584	0x7ffc3ce10fd4	ntdll.dll	0xa0fd4	C:\WINDOWS\SYSTEM32\ntdll.dll
137935	2996	0x7ffc3ce0e0f4	ntdll.dll	0x9e0f4	C:\WINDOWS\SYSTEM32\ntdll.dll
137954	35460	0x7ffc3ce10fd4	ntdll.dll	0xa0fd4	C:\WINDOWS\SYSTEM32\ntdll.dll
137976	38008	0x7ffc3ce0d624	ntdll.dll	0x9d624	C:\WINDOWS\SYSTEM32\ntdll.dll
137995	33284	0x7ffc3ce0e0f4	ntdll.dll	0x9e0f4	C:\WINDOWS\SYSTEM32\ntdll.dll
138015	28676	0x7ffc3ce0d624	ntdll.dll	0x9d624	C:\WINDOWS\SYSTEM32\ntdll.dll
138040	7328	0x7ffc3ce10fd4	ntdll.dll	0xa0fd4	C:\WINDOWS\SYSTEM32\ntdll.dll
138062	37628	0x7ffc3ce10fd4	ntdll.dll	0xa0fd4	C:\WINDOWS\SYSTEM32\ntdll.dll
138089	38748	0x7ffc3ce0d624	ntdll.dll	0x9d624	C:\WINDOWS\SYSTEM32\ntdll.dll
138111	33496	0x7ffc3ce10fd4	ntdll.dll	0xa0fd4	C:\WINDOWS\SYSTEM32\ntdll.dll
138141	27132	0x7ffc3ce0e0f4	ntdll.dll	0x9e0f4	C:\WINDOWS\SYSTEM32\ntdll.dll
138163	31736	0x7ffc3ce10fd4	ntdll.dll	0xa0fd4	C:\WINDOWS\SYSTEM32\ntdll.dll
138185	36960	0x7ffc3ce0e0f4	ntdll.dll	0x9e0f4	C:\WINDOWS\SYSTEM32\ntdll.dll
138204	20576	0x7ffc3ce10fd4	ntdll.dll	0xa0fd4	C:\WINDOWS\SYSTEM32\ntdll.dll
138225	34164	0x7ffc3ce10fd4	ntdll.dll	0xa0fd4	C:\WINDOWS\SYSTEM32\ntdll.dll
138245	38144	0x7ffc3ce10fd4	ntdll.dll	0xa0fd4	C:\WINDOWS\SYSTEM32\ntdll.dll
138268	33932	0x7ffc3ce10fd4	ntdll.dll	0xa0fd4	C:\WINDOWS\SYSTEM32\ntdll.dll
138287	29568	0x7ffc3ce10fd4	ntdll.dll	0xa0fd4	C:\WINDOWS\SYSTEM32\ntdll.dll
138315	38884	0x7ffc3ce0e0f4	ntdll.dll	0x9e0f4	C:\WINDOWS\SYSTEM32\ntdll.dll
138345	30684	0x7ffc3ce10fd4	ntdll.dll	0xa0fd4	C:\WINDOWS\SYSTEM32\ntdll.dll
138370	38260	0x7ffc3ce10fd4	ntdll.dll	0xa0fd4	C:\WINDOWS\SYSTEM32\ntdll.dll
138395	29588	0x7ffc3ce10fd4	ntdll.dll	0xa0fd4	C:\WINDOWS\SYSTEM32\ntdll.dll
138418	38232	0x7ffc3ce10fd4	ntdll.dll	0xa0fd4	C:\WINDOWS\SYSTEM32\ntdll.dll
138575	38812	0x7ffc3ce0d6c4	ntdll.dll	0x9d6c4	C:\WINDOWS\SYSTEM32\ntdll.dll
138604	35540	0x7ffc3ce0d6c4	ntdll.dll	0x9d6c4	C:\WINDOWS\SYSTEM32\ntdll.dll
138629	31888	0x7ffc3ce10fd4	ntdll.dll	0xa0fd4	C:\WINDOWS\SYSTEM32\ntdll.dll
138654	12908	0x7ffc3ce10fd4	ntdll.dll	0xa0fd4	C:\WINDOWS\SYSTEM32\ntdll.dll
138676	34508	0x7ffc3ce10fd4	ntdll.dll	0xa0fd4	C:\WINDOWS\SYSTEM32\ntdll.dll
138696	34276	0x7ffc3ce10fd4	ntdll.dll	0xa0fd4	C:\WINDOWS\SYSTEM32\ntdll.dll
138719	37940	0x7ffc3ce10fd4	ntdll.dll	0xa0fd4	C:\WINDOWS\SYSTEM32\ntdll.dll
138740	29192	0x7ffc3ce10fd4	ntdll.dll	0xa0fd4	C:\WINDOWS\SYSTEM32\ntdll.dll
138763	37736	0x7ffc3ce10fd4	ntdll.dll	0xa0fd4	C:\WINDOWS\SYSTEM32\ntdll.dll
138787	33220	0x7ffc3ce10fd4	ntdll.dll	0xa0fd4	C:\WINDOWS\SYSTEM32\ntdll.dll
138810	12692	0x7ffc3ce10fd4	ntdll.dll	0xa0fd4	C:\WINDOWS\SYSTEM32\ntdll.dll
138835	33984	0x7ffc3ce10fd4	ntdll.dll	0xa0fd4	C:\WINDOWS\SYSTEM32\ntdll.dll
138860	38224	0x7ffc3ce10fd4	ntdll.dll	0xa0fd4	C:\WINDOWS\SYSTEM32\ntdll.dll
138881	28292	0x7ffc3ce10fd4	ntdll.dll	0xa0fd4	C:\WINDOWS\SYSTEM32\ntdll.dll
138901	35252	0x7ffc3ce10fd4	ntdll.dll	0xa0fd4	C:\WINDOWS\SYSTEM32\ntdll.dll
138924	38044	0x7ffc3ce10fd4	ntdll.dll	0xa0fd4	C:\WINDOWS\SYSTEM32\ntdll.dll
138945	38340	0x7ffc3ce10fd4	ntdll.dll	0xa0fd4	C:\WINDOWS\SYSTEM32\ntdll.dll
138967	13736	0x7ffc3ce10fd4	ntdll.dll	0xa0fd4	C:\WINDOWS\SYSTEM32\ntdll.dll
138987	38192	0x7ffc3ce10fd4	ntdll.dll	0xa0fd4	C:\WINDOWS\SYSTEM32\ntdll.dll
139010	36272	0x7ffc3ce10fd4	ntdll.dll	0xa0fd4	C:\WINDOWS\SYSTEM32\ntdll.dll
139032	25612	0x7ffc3ce0d6c4	ntdll.dll	0x9d6c4	C:\WINDOWS\SYSTEM32\ntdll.dll
139054	38384	0x7ffc3ce11034	ntdll.dll	0xa1034	C:\WINDOWS\SYSTEM32\ntdll.dll
139077	33108	0x7ffc3ce0d6c4	ntdll.dll	0x9d6c4	C:\WINDOWS\SYSTEM32\ntdll.dll
139101	34820	0x7ffc3ce11034	ntdll.dll	0xa1034	C:\WINDOWS\SYSTEM32\ntdll.dll
139124	36648	0x7ffc3ce0d624	ntdll.dll	0x9d624	C:\WINDOWS\SYSTEM32\ntdll.dll
139150	38412	0x7ffc3a941104	win32u.dll	0x1104	C:\WINDOWS\System32\win32u.dll
139170	26804	0x7ffc3ce11034	ntdll.dll	0xa1034	C:\WINDOWS\SYSTEM32\ntdll.dll
139192	34564	0x7ffc3ce10fd4	ntdll.dll	0xa0fd4	C:\WINDOWS\SYSTEM32\ntdll.dll
139214	26280	0x7ffc3ce10fd4	ntdll.dll	0xa0fd4	C:\WINDOWS\SYSTEM32\ntdll.dll
139234	37740	0x7ffc3ce0d6c4	ntdll.dll	0x9d6c4	C:\WINDOWS\SYSTEM32\ntdll.dll
139257	37892	0x7ffc3ce0d624	ntdll.dll	0x9d624	C:\WINDOWS\SYSTEM32\ntdll.dll
139281	38840	0x7ffc3ce0e0f4	ntdll.dll	0x9e0f4	C:\WINDOWS\SYSTEM32\ntdll.dll
139302	36632	0x7ffc3ce10fd4	ntdll.dll	0xa0fd4	C:\WINDOWS\SYSTEM32\ntdll.dll
139324	23456	0x7ffc3ce10fd4	ntdll.dll	0xa0fd4	C:\WINDOWS\SYSTEM32\ntdll.dll
139341	29500	0x7ffc3ce10fd4	ntdll.dll	0xa0fd4	C:\WINDOWS\SYSTEM32\ntdll.dll
139357	2556	0x7ffc3ce10fd4	ntdll.dll	0xa0fd4	C:\WINDOWS\SYSTEM32\ntdll.dll
139383	16324	0x7ffc3ce10fd4	ntdll.dll	0xa0fd4	C:\WINDOWS\SYSTEM32\ntdll.dll
139412	26548	0x7ffc3ce10fd4	ntdll.dll	0xa0fd4	C:\WINDOWS\SYSTEM32\ntdll.dll
139443	38388	0x7ffc3ce10fd4	ntdll.dll	0xa0fd4	C:\WINDOWS\SYSTEM32\ntdll.dll
139470	13588	0x7ffc3ce10fd4	ntdll.dll	0xa0fd4	C:\WINDOWS\SYSTEM32\ntdll.dll
139496	13776	0x7ffc3ce10fd4	ntdll.dll	0xa0fd4	C:\WINDOWS\SYSTEM32\ntdll.dll
139516	27000	0x7ffc3ce10fd4	ntdll.dll	0xa0fd4	C:\WINDOWS\SYSTEM32\ntdll.dll
139537	35508	0x7ffc3ce10fd4	ntdll.dll	0xa0fd4	C:\WINDOWS\SYSTEM32\ntdll.dll
139563	34444	0x7ffc3ce10fd4	ntdll.dll	0xa0fd4	C:\WINDOWS\SYSTEM32\ntdll.dll
139586	28732	0x7ffc3ce10fd4	ntdll.dll	0xa0fd4	C:\WINDOWS\SYSTEM32\ntdll.dll
139609	26616	0x7ffc3ce10fd4	ntdll.dll	0xa0fd4	C:\WINDOWS\SYSTEM32\ntdll.dll
139630	37132	0x7ffc3ce10fd4	ntdll.dll	0xa0fd4	C:\WINDOWS\SYSTEM32\ntdll.dll
139650	20024	0x7ffc3ce10fd4	ntdll.dll	0xa0fd4	C:\WINDOWS\SYSTEM32\ntdll.dll
139668	37760	0x7ffc3ce10fd4	ntdll.dll	0xa0fd4	C:\WINDOWS\SYSTEM32\ntdll.dll
139687	31852	0x7ffc3ce10fd4	ntdll.dll	0xa0fd4	C:\WINDOWS\SYSTEM32\ntdll.dll
139706	37624	0x7ffc3ce10fd4	ntdll.dll	0xa0fd4	C:\WINDOWS\SYSTEM32\ntdll.dll
139729	38048	0x7ffc3ce10fd4	ntdll.dll	0xa0fd4	C:\WINDOWS\SYSTEM32\ntdll.dll
139749	30536	0x7ffc3ce10fd4	ntdll.dll	0xa0fd4	C:\WINDOWS\SYSTEM32\ntdll.dll
139771	8688	0x7ffc3ce0d6c4	ntdll.dll	0x9d6c4	C:\WINDOWS\SYSTEM32\ntdll.dll
139807	764	0x7ffc3ce0d624	ntdll.dll	0x9d624	C:\WINDOWS\SYSTEM32\ntdll.dll
139829	29356	0x7ffc3ce0d624	ntdll.dll	0x9d624	C:\WINDOWS\SYSTEM32\ntdll.dll
139851	32352	0x7ffc3ce0e0f4	ntdll.dll	0x9e0f4	C:\WINDOWS\SYSTEM32\ntdll.dll
139874	38936	0x7ffc3ce0d624	ntdll.dll	0x9d624	C:\WINDOWS\SYSTEM32\ntdll.dll
139893	38944	0x7ffc3ce0d624	ntdll.dll	0x9d624	C:\WINDOWS\SYSTEM32\ntdll.dll
139912	38952	0x7ffc3ce0d624	ntdll.dll	0x9d624	C:\WINDOWS\SYSTEM32\ntdll.dll
139928	38960	0x7ffc3ce0d624	ntdll.dll	0x9d624	C:\WINDOWS\SYSTEM32\ntdll.dll
139945	38968	0x7ffc3ce0d624	ntdll.dll	0x9d624	C:\WINDOWS\SYSTEM32\ntdll.dll
139963	38976	0x7ffc3ce0d624	ntdll.dll	0x9d624	C:\WINDOWS\SYSTEM32\ntdll.dll
139985	38984	0x7ffc3ce0d624	ntdll.dll	0x9d624	C:\WINDOWS\SYSTEM32\ntdll.dll
140003	38992	0x7ffc3ce0d624	ntdll.dll	0x9d624	C:\WINDOWS\SYSTEM32\ntdll.dll
140023	39000	0x7ffc3ce0d624	ntdll.dll	0x9d624	C:\WINDOWS\SYSTEM32\ntdll.dll
140045	39008	0x7ffc3ce0d624	ntdll.dll	0x9d624	C:\WINDOWS\SYSTEM32\ntdll.dll
140064	39028	0x7ffc3ce0e0f4	ntdll.dll	0x9e0f4	C:\WINDOWS\SYSTEM32\ntdll.dll
140083	39212	0x7ffc3ce10fd4	ntdll.dll	0xa0fd4	C:\WINDOWS\SYSTEM32\ntdll.dll
140106	39240	0x7ffc3ce0d624	ntdll.dll	0x9d624	C:\WINDOWS\SYSTEM32\ntdll.dll
140124	39244	0x7ffc3ce0d6c4	ntdll.dll	0x9d6c4	C:\WINDOWS\SYSTEM32\ntdll.dll
140145	39248	0x7ffc3ce0d6c4	ntdll.dll	0x9d6c4	C:\WINDOWS\SYSTEM32\ntdll.dll
140167	39252	0x7ffc3ce10fd4	ntdll.dll	0xa0fd4	C:\WINDOWS\SYSTEM32\ntdll.dll
140189	39256	0x7ffc3ce0d624	ntdll.dll	0x9d624	C:\WINDOWS\SYSTEM32\ntdll.dll
140206	39260	0x7ffc3ce0d624	ntdll.dll	0x9d624	C:\WINDOWS\SYSTEM32\ntdll.dll
140225	39268	0x7ffc3a941104	win32u.dll	0x1104	C:\WINDOWS\System32\win32u.dll
140246	39300	0x7ffc3a941104	win32u.dll	0x1104	C:\WINDOWS\System32\win32u.dll
140263	39384	0x7ffc3ce0d624	ntdll.dll	0x9d624	C:\WINDOWS\SYSTEM32\ntdll.dll
140280	39388	0x7ffc3a941104	win32u.dll	0x1104	C:\WINDOWS\System32\win32u.dll
140297	41552	0x7ffc3ce0d6c4	ntdll.dll	0x9d6c4	C:\WINDOWS\SYSTEM32\ntdll.dll
140317	41568	0x7ffc3ce0d624	ntdll.dll	0x9d624	C:\WINDOWS\SYSTEM32\ntdll.dll
140337	41572	0x7ffc3ce0e0f4	ntdll.dll	0x9e0f4	C:\WINDOWS\SYSTEM32\ntdll.dll
140359	41592	0x7ffc3ce0d624	ntdll.dll	0x9d624	C:\WINDOWS\SYSTEM32\ntdll.dll
140378	41596	0x7ffc3ce0d624	ntdll.dll	0x9d624	C:\WINDOWS\SYSTEM32\ntdll.dll
140401	41600	0x7ffc3ce0d624	ntdll.dll	0x9d624	C:\WINDOWS\SYSTEM32\ntdll.dll
140417	41604	0x7ffc3ce0d624	ntdll.dll	0x9d624	C:\WINDOWS\SYSTEM32\ntdll.dll
140435	41608	0x7ffc3ce0d624	ntdll.dll	0x9d624	C:\WINDOWS\SYSTEM32\ntdll.dll
140454	41612	0x7ffc3ce0d624	ntdll.dll	0x9d624	C:\WINDOWS\SYSTEM32\ntdll.dll
140472	41616	0x7ffc3ce0d624	ntdll.dll	0x9d624	C:\WINDOWS\SYSTEM32\ntdll.dll
140490	41620	0x7ffc3ce0d624	ntdll.dll	0x9d624	C:\WINDOWS\SYSTEM32\ntdll.dll
140505	41624	0x7ffc3ce0d624	ntdll.dll	0x9d624	C:\WINDOWS\SYSTEM32\ntdll.dll
140524	41628	0x7ffc3ce0d624	ntdll.dll	0x9d624	C:\WINDOWS\SYSTEM32\ntdll.dll
140546	41632	0x7ffc3ce0d624	ntdll.dll	0x9d624	C:\WINDOWS\SYSTEM32\ntdll.dll
140563	41636	0x7ffc3ce0e0f4	ntdll.dll	0x9e0f4	C:\WINDOWS\SYSTEM32\ntdll.dll
140579	41656	0x7ffc3ce0d624	ntdll.dll	0x9d624	C:\WINDOWS\SYSTEM32\ntdll.dll
140597	41660	0x7ffc3ce0d624	ntdll.dll	0x9d624	C:\WINDOWS\SYSTEM32\ntdll.dll
140615	41664	0x7ffc3ce0d624	ntdll.dll	0x9d624	C:\WINDOWS\SYSTEM32\ntdll.dll
140635	41668	0x7ffc3ce0d624	ntdll.dll	0x9d624	C:\WINDOWS\SYSTEM32\ntdll.dll
140651	41672	0x7ffc3ce0d624	ntdll.dll	0x9d624	C:\WINDOWS\SYSTEM32\ntdll.dll
140669	41676	0x7ffc3ce0d624	ntdll.dll	0x9d624	C:\WINDOWS\SYSTEM32\ntdll.dll
140688	41680	0x7ffc3ce0d624	ntdll.dll	0x9d624	C:\WINDOWS\SYSTEM32\ntdll.dll
140704	41684	0x7ffc3ce0d624	ntdll.dll	0x9d624	C:\WINDOWS\SYSTEM32\ntdll.dll
140721	41688	0x7ffc3ce0d624	ntdll.dll	0x9d624	C:\WINDOWS\SYSTEM32\ntdll.dll
140737	41692	0x7ffc3ce0d624	ntdll.dll	0x9d624	C:\WINDOWS\SYSTEM32\ntdll.dll
140755	35588	0x7ffc3ce11034	ntdll.dll	0xa1034	C:\WINDOWS\SYSTEM32\ntdll.dll
140776	42844	0x7ffc3ce11034	ntdll.dll	0xa1034	C:\WINDOWS\SYSTEM32\ntdll.dll
140794	42732	0x7ffc3ce11034	ntdll.dll	0xa1034	C:\WINDOWS\SYSTEM32\ntdll.dll
140813	39580	0x7ffc3ce11034	ntdll.dll	0xa1034	C:\WINDOWS\SYSTEM32\ntdll.dll
140847	39096	0x7ffc3ce11034	ntdll.dll	0xa1034	C:\WINDOWS\SYSTEM32\ntdll.dll
140868	37584	0x7ffc3ce11034	ntdll.dll	0xa1034	C:\WINDOWS\SYSTEM32\ntdll.dll
140887	42840	0x7ffc3ce11034	ntdll.dll	0xa1034	C:\WINDOWS\SYSTEM32\ntdll.dll
140908	44704	0x7ffc3ce11034	ntdll.dll	0xa1034	C:\WINDOWS\SYSTEM32\ntdll.dll
140930	44340	0x7ffc3ce11034	ntdll.dll	0xa1034	C:\WINDOWS\SYSTEM32\ntdll.dll
140950	44344	0x7ffc3ce103d4	ntdll.dll	0xa03d4	C:\WINDOWS\SYSTEM32\ntdll.dll
140969	35604	0x7ffc3ce10fd4	ntdll.dll	0xa0fd4	C:\WINDOWS\SYSTEM32\ntdll.dll
140987	37320	0x7ffc3ce11034	ntdll.dll	0xa1034	C:\WINDOWS\SYSTEM32\ntdll.dll
141004	16556	0x7ffc3ce0d624	ntdll.dll	0x9d624	C:\WINDOWS\SYSTEM32\ntdll.dll
141022	43856	0x7ffc3ce0d624	ntdll.dll	0x9d624	C:\WINDOWS\SYSTEM32\ntdll.dll
141041	29616	0x7ffc3ce0d624	ntdll.dll	0x9d624	C:\WINDOWS\SYSTEM32\ntdll.dll
141058	41900	0x7ffc3ce0d624	ntdll.dll	0x9d624	C:\WINDOWS\SYSTEM32\ntdll.dll
141075	43092	0x7ffc3ce0d624	ntdll.dll	0x9d624	C:\WINDOWS\SYSTEM32\ntdll.dll
141092	24564	0x7ffc3ce0d624	ntdll.dll	0x9d624	C:\WINDOWS\SYSTEM32\ntdll.dll
141110	22584	0x7ffc3ce0d624	ntdll.dll	0x9d624	C:\WINDOWS\SYSTEM32\ntdll.dll
141128	42540	0x7ffc3ce0d624	ntdll.dll	0x9d624	C:\WINDOWS\SYSTEM32\ntdll.dll
141151	40624	0x7ffc3ce0d624	ntdll.dll	0x9d624	C:\WINDOWS\SYSTEM32\ntdll.dll
141172	36832	0x7ffc3ce0d624	ntdll.dll	0x9d624	C:\WINDOWS\SYSTEM32\ntdll.dll
141190	38308	0x7ffc3ce0d624	ntdll.dll	0x9d624	C:\WINDOWS\SYSTEM32\ntdll.dll
141210	40196	0x7ffc3ce0d624	ntdll.dll	0x9d624	C:\WINDOWS\SYSTEM32\ntdll.dll
141232	38360	0x7ffc3ce0e0f4	ntdll.dll	0x9e0f4	C:\WINDOWS\SYSTEM32\ntdll.dll
141248	35856	0x7ffc3ce10fd4	ntdll.dll	0xa0fd4	C:\WINDOWS\SYSTEM32\ntdll.dll
141265	37256	0x7ffc3ce10fd4	ntdll.dll	0xa0fd4	C:\WINDOWS\SYSTEM32\ntdll.dll
141285	26580	0x7ffc3ce10fd4	ntdll.dll	0xa0fd4	C:\WINDOWS\SYSTEM32\ntdll.dll
141306	35592	0x7ffc3ce10fd4	ntdll.dll	0xa0fd4	C:\WINDOWS\SYSTEM32\ntdll.dll
141324	38096	0x7ffc3ce10fd4	ntdll.dll	0xa0fd4	C:\WINDOWS\SYSTEM32\ntdll.dll
141341	44212	0x7ffc3ce11034	ntdll.dll	0xa1034	C:\WINDOWS\SYSTEM32\ntdll.dll
141359	43196	0x7ffc3ce11034	ntdll.dll	0xa1034	C:\WINDOWS\SYSTEM32\ntdll.dll
141377	44284	0x7ffc3ce11034	ntdll.dll	0xa1034	C:\WINDOWS\SYSTEM32\ntdll.dll
141393	34660	0x7ffc3ce0d624	ntdll.dll	0x9d624	C:\WINDOWS\SYSTEM32\ntdll.dll
141412	10056	0x7ffc3ce11034	ntdll.dll	0xa1034	C:\WINDOWS\SYSTEM32\ntdll.dll
141432	39016	0x7ffc3ce11034	ntdll.dll	0xa1034	C:\WINDOWS\SYSTEM32\ntdll.dll
141451	43220	0x7ffc3ce11034	ntdll.dll	0xa1034	C:\WINDOWS\SYSTEM32\ntdll.dll
141473	39192	0x7ffc3ce11034	ntdll.dll	0xa1034	C:\WINDOWS\SYSTEM32\ntdll.dll
141493	39288	0x7ffc3ce11034	ntdll.dll	0xa1034	C:\WINDOWS\SYSTEM32\ntdll.dll
141512	40468	0x7ffc3ce11034	ntdll.dll	0xa1034	C:\WINDOWS\SYSTEM32\ntdll.dll
141532	13408	0x7ffc3ce0d624	ntdll.dll	0x9d624	C:\WINDOWS\SYSTEM32\ntdll.dll
141553	44852	0x7ffc3ce0e0f4	ntdll.dll	0x9e0f4	C:\WINDOWS\SYSTEM32\ntdll.dll
141575	39064	0x7ffc3ce0e0f4	ntdll.dll	0x9e0f4	C:\WINDOWS\SYSTEM32\ntdll.dll
141598	43724	0x7ffc3ce0d624	ntdll.dll	0x9d624	C:\WINDOWS\SYSTEM32\ntdll.dll
141620	35764	0x7ffc3ce0d624	ntdll.dll	0x9d624	C:\WINDOWS\SYSTEM32\ntdll.dll
141637	38084	0x7ffc3ce0d624	ntdll.dll	0x9d624	C:\WINDOWS\SYSTEM32\ntdll.dll
141656	29408	0x7ffc3ce0d624	ntdll.dll	0x9d624	C:\WINDOWS\SYSTEM32\ntdll.dll
141674	34948	0x7ffc3ce11034	ntdll.dll	0xa1034	C:\WINDOWS\SYSTEM32\ntdll.dll
141690	34956	0x7ffc3ce0d624	ntdll.dll	0x9d624	C:\WINDOWS\SYSTEM32\ntdll.dll
141706	38272	0x7ffc3ce0d624	ntdll.dll	0x9d624	C:\WINDOWS\SYSTEM32\ntdll.dll
141726	38148	0x7ffc3ce0d624	ntdll.dll	0x9d624	C:\WINDOWS\SYSTEM32\ntdll.dll
141747	44984	0x7ffc3ce0d624	ntdll.dll	0x9d624	C:\WINDOWS\SYSTEM32\ntdll.dll
141766	39808	0x7ffc3ce0d624	ntdll.dll	0x9d624	C:\WINDOWS\SYSTEM32\ntdll.dll
141789	27740	0x7ffc3ce0d624	ntdll.dll	0x9d624	C:\WINDOWS\SYSTEM32\ntdll.dll
141812	42600	0x7ffc3ce0d624	ntdll.dll	0x9d624	C:\WINDOWS\SYSTEM32\ntdll.dll
141831	28352	0x7ffc3ce0d624	ntdll.dll	0x9d624	C:\WINDOWS\SYSTEM32\ntdll.dll
141854	38248	0x7ffc3ce0d624	ntdll.dll	0x9d624	C:\WINDOWS\SYSTEM32\ntdll.dll
141877	45028	0x7ffc3ce0d624	ntdll.dll	0x9d624	C:\WINDOWS\SYSTEM32\ntdll.dll
141914	42588	0x7ffc3ce0e0f4	ntdll.dll	0x9e0f4	C:\WINDOWS\SYSTEM32\ntdll.dll
141936	35116	0x7ffc3ce11034	ntdll.dll	0xa1034	C:\WINDOWS\SYSTEM32\ntdll.dll
141954	34908	0x7ffc3ce11034	ntdll.dll	0xa1034	C:\WINDOWS\SYSTEM32\ntdll.dll
141974	24164	0x7ffc3ce11034	ntdll.dll	0xa1034	C:\WINDOWS\SYSTEM32\ntdll.dll
141996	30500	0x7ffc3ce11034	ntdll.dll	0xa1034	C:\WINDOWS\SYSTEM32\ntdll.dll
142018	42972	0x7ffc3ce11034	ntdll.dll	0xa1034	C:\WINDOWS\SYSTEM32\ntdll.dll
152423	33248	0x7ffc3a941104	win32u.dll	0x1104	C:\WINDOWS\System32\win32u.dll
152453	10380	0x7ffc3ce10fd4	ntdll.dll	0xa0fd4	C:\WINDOWS\SYSTEM32\ntdll.dll
152469	37804	0x7ffc3ce10fd4	ntdll.dll	0xa0fd4	C:\WINDOWS\SYSTEM32\ntdll.dll
152486	31968	0x7ffc3ce10fd4	ntdll.dll	0xa0fd4	C:\WINDOWS\SYSTEM32\ntdll.dll
152504	700	0x7ffc3ce0e0f4	ntdll.dll	0x9e0f4	C:\WINDOWS\SYSTEM32\ntdll.dll
152523	33888	0x7ffc3ce0d6c4	ntdll.dll	0x9d6c4	C:\WINDOWS\SYSTEM32\ntdll.dll
152538	34776	0x7ffc3ce0d6c4	ntdll.dll	0x9d6c4	C:\WINDOWS\SYSTEM32\ntdll.dll
152555	34496	0x7ffc3ce10fd4	ntdll.dll	0xa0fd4	C:\WINDOWS\SYSTEM32\ntdll.dll
152571	37644	0x7ffc3ce10fd4	ntdll.dll	0xa0fd4	C:\WINDOWS\SYSTEM32\ntdll.dll
152594	37640	0x7ffc3ce10fd4	ntdll.dll	0xa0fd4	C:\WINDOWS\SYSTEM32\ntdll.dll
152618	36668	0x7ffc3ce11034	ntdll.dll	0xa1034	C:\WINDOWS\SYSTEM32\ntdll.dll
152644	26628	0x7ffc3a94a124	win32u.dll	0xa124	C:\WINDOWS\System32\win32u.dll
152665	35068	0x7ffc3ce10fd4	ntdll.dll	0xa0fd4	C:\WINDOWS\SYSTEM32\ntdll.dll
152683	36428	0x7ffc3ce0e0f4	ntdll.dll	0x9e0f4	C:\WINDOWS\SYSTEM32\ntdll.dll
152700	35996	0x7ffc3ce0e0f4	ntdll.dll	0x9e0f4	C:\WINDOWS\SYSTEM32\ntdll.dll
152719	19780	0x7ffc3ce0e0f4	ntdll.dll	0x9e0f4	C:\WINDOWS\SYSTEM32\ntdll.dll
152734	22404	0x7ffc3ce0d6c4	ntdll.dll	0x9d6c4	C:\WINDOWS\SYSTEM32\ntdll.dll
152750	34704	0x7ffc3ce0d6c4	ntdll.dll	0x9d6c4	C:\WINDOWS\SYSTEM32\ntdll.dll
152766	28184	0x7ffc3ce0d624	ntdll.dll	0x9d624	C:\WINDOWS\SYSTEM32\ntdll.dll
152783	38852	0x7ffc3ce11034	ntdll.dll	0xa1034	C:\WINDOWS\SYSTEM32\ntdll.dll
152800	19796	0x7ffc3ce0d624	ntdll.dll	0x9d624	C:\WINDOWS\SYSTEM32\ntdll.dll
152818	28764	0x7ffc3ce0d624	ntdll.dll	0x9d624	C:\WINDOWS\SYSTEM32\ntdll.dll
152834	38056	0x7ffc3ce0d624	ntdll.dll	0x9d624	C:\WINDOWS\SYSTEM32\ntdll.dll
152852	33572	0x7ffc3ce0d6c4	ntdll.dll	0x9d6c4	C:\WINDOWS\SYSTEM32\ntdll.dll
152869	36376	0x7ffc3ce0e0f4	ntdll.dll	0x9e0f4	C:\WINDOWS\SYSTEM32\ntdll.dll
152889	13352	0x7ffc3a94a124	win32u.dll	0xa124	C:\WINDOWS\System32\win32u.dll
152912	37056	0x7ffc3ce0e0f4	ntdll.dll	0x9e0f4	C:\WINDOWS\SYSTEM32\ntdll.dll
152937	31464	0x7ffc3ce0d624	ntdll.dll	0x9d624	C:\WINDOWS\SYSTEM32\ntdll.dll
152956	36532	0x7ffc3ce0d6c4	ntdll.dll	0x9d6c4	C:\WINDOWS\SYSTEM32\ntdll.dll
152977	12684	0x7ffc3ce10fd4	ntdll.dll	0xa0fd4	C:\WINDOWS\SYSTEM32\ntdll.dll
152999	32208	0x7ffc3ce10fd4	ntdll.dll	0xa0fd4	C:\WINDOWS\SYSTEM32\ntdll.dll
153021	38716	0x7ffc3ce0d624	ntdll.dll	0x9d624	C:\WINDOWS\SYSTEM32\ntdll.dll
153040	35200	0x7ffc3ce0e0f4	ntdll.dll	0x9e0f4	C:\WINDOWS\SYSTEM32\ntdll.dll
153055	15148	0x7ffc3ce0d624	ntdll.dll	0x9d624	C:\WINDOWS\SYSTEM32\ntdll.dll
153070	13956	0x7ffc3ce0d624	ntdll.dll	0x9d624	C:\WINDOWS\SYSTEM32\ntdll.dll
153086	29528	0x7ffc3ce0d624	ntdll.dll	0x9d624	C:\WINDOWS\SYSTEM32\ntdll.dll
153104	17028	0x7ffc3ce0d624	ntdll.dll	0x9d624	C:\WINDOWS\SYSTEM32\ntdll.dll
153121	27652	0x7ffc3ce0d624	ntdll.dll	0x9d624	C:\WINDOWS\SYSTEM32\ntdll.dll
153139	34320	0x7ffc3ce0d624	ntdll.dll	0x9d624	C:\WINDOWS\SYSTEM32\ntdll.dll
153155	33620	0x7ffc3ce0d624	ntdll.dll	0x9d624	C:\WINDOWS\SYSTEM32\ntdll.dll
153171	36712	0x7ffc3ce0d624	ntdll.dll	0x9d624	C:\WINDOWS\SYSTEM32\ntdll.dll
153187	18760	0x7ffc3ce0d624	ntdll.dll	0x9d624	C:\WINDOWS\SYSTEM32\ntdll.dll
153204	37364	0x7ffc3ce0d624	ntdll.dll	0x9d624	C:\WINDOWS\SYSTEM32\ntdll.dll
153223	28596	0x7ffc3ce0d624	ntdll.dll	0x9d624	C:\WINDOWS\SYSTEM32\ntdll.dll
153242	33908	0x7ffc3ce0d624	ntdll.dll	0x9d624	C:\WINDOWS\SYSTEM32\ntdll.dll
153258	14192	0x7ffc3ce0d624	ntdll.dll	0x9d624	C:\WINDOWS\SYSTEM32\ntdll.dll
153274	29548	0x7ffc3ce0e0f4	ntdll.dll	0x9e0f4	C:\WINDOWS\SYSTEM32\ntdll.dll
153321	6688	0x7ffc3ce0d624	ntdll.dll	0x9d624	C:\WINDOWS\SYSTEM32\ntdll.dll
153340	14692	0x7ffc3ce10fd4	ntdll.dll	0xa0fd4	C:\WINDOWS\SYSTEM32\ntdll.dll
153356	34840	0x7ffc3ce10fd4	ntdll.dll	0xa0fd4	C:\WINDOWS\SYSTEM32\ntdll.dll
153373	28620	0x7ffc3ce0e0f4	ntdll.dll	0x9e0f4	C:\WINDOWS\SYSTEM32\ntdll.dll
153397	37852	0x7ffc3ce0d6c4	ntdll.dll	0x9d6c4	C:\WINDOWS\SYSTEM32\ntdll.dll
153424	37380	0x7ffc3ce0e0f4	ntdll.dll	0x9e0f4	C:\WINDOWS\SYSTEM32\ntdll.dll
153446	38848	0x7ffc3ce0d6c4	ntdll.dll	0x9d6c4	C:\WINDOWS\SYSTEM32\ntdll.dll
153469	33300	0x7ffc3ce0e0f4	ntdll.dll	0x9e0f4	C:\WINDOWS\SYSTEM32\ntdll.dll
153486	33304	0x7ffc3ce0d6c4	ntdll.dll	0x9d6c4	C:\WINDOWS\SYSTEM32\ntdll.dll
153503	11196	0x7ffc3ce0d624	ntdll.dll	0x9d624	C:\WINDOWS\SYSTEM32\ntdll.dll
153519	31576	0x7ffc3ce0d6c4	ntdll.dll	0x9d6c4	C:\WINDOWS\SYSTEM32\ntdll.dll
153537	38736	0x7ffc3a941104	win32u.dll	0x1104	C:\WINDOWS\System32\win32u.dll
153556	38356	0x7ffc3ce0e0f4	ntdll.dll	0x9e0f4	C:\WINDOWS\SYSTEM32\ntdll.dll
153572	38380	0x7ffc3ce0d624	ntdll.dll	0x9d624	C:\WINDOWS\SYSTEM32\ntdll.dll
153594	32704	0x7ffc3ce0d624	ntdll.dll	0x9d624	C:\WINDOWS\SYSTEM32\ntdll.dll
153616	38484	0x7ffc3ce0d624	ntdll.dll	0x9d624	C:\WINDOWS\SYSTEM32\ntdll.dll
153633	38876	0x7ffc3ce10fd4	ntdll.dll	0xa0fd4	C:\WINDOWS\SYSTEM32\ntdll.dll
153651	34896	0x7ffc3ce10fd4	ntdll.dll	0xa0fd4	C:\WINDOWS\SYSTEM32\ntdll.dll
153671	38456	0x7ffc3ce10fd4	ntdll.dll	0xa0fd4	C:\WINDOWS\SYSTEM32\ntdll.dll
153688	38172	0x7ffc3ce0d624	ntdll.dll	0x9d624	C:\WINDOWS\SYSTEM32\ntdll.dll
153706	28272	0x7ffc3ce0d6c4	ntdll.dll	0x9d6c4	C:\WINDOWS\SYSTEM32\ntdll.dll
153721	34772	0x7ffc3ce0d6c4	ntdll.dll	0x9d6c4	C:\WINDOWS\SYSTEM32\ntdll.dll
153737	37384	0x7ffc3ce0d6c4	ntdll.dll	0x9d6c4	C:\WINDOWS\SYSTEM32\ntdll.dll
153756	33920	0x7ffc3ce0d6c4	ntdll.dll	0x9d6c4	C:\WINDOWS\SYSTEM32\ntdll.dll
153779	34548	0x7ffc3ce0e0f4	ntdll.dll	0x9e0f4	C:\WINDOWS\SYSTEM32\ntdll.dll
153806	36796	0x7ffc3ce0d6c4	ntdll.dll	0x9d6c4	C:\WINDOWS\SYSTEM32\ntdll.dll
153891	36628	0x7ffc3ce0d6c4	ntdll.dll	0x9d6c4	C:\WINDOWS\SYSTEM32\ntdll.dll
153915	13652	0x7ffc3ce0d6c4	ntdll.dll	0x9d6c4	C:\WINDOWS\SYSTEM32\ntdll.dll
153939	32520	0x7ffc3ce0d6c4	ntdll.dll	0x9d6c4	C:\WINDOWS\SYSTEM32\ntdll.dll
153961	33744	0x7ffc3ce0d6c4	ntdll.dll	0x9d6c4	C:\WINDOWS\SYSTEM32\ntdll.dll
153981	36636	0x7ffc3ce10fd4	ntdll.dll	0xa0fd4	C:\WINDOWS\SYSTEM32\ntdll.dll
154001	35812	0x7ffc3ce0d624	ntdll.dll	0x9d624	C:\WINDOWS\SYSTEM32\ntdll.dll
154031	36112	0x7ffc3ce10fd4	ntdll.dll	0xa0fd4	C:\WINDOWS\SYSTEM32\ntdll.dll
154055	18020	0x7ffc3ce0e0f4	ntdll.dll	0x9e0f4	C:\WINDOWS\SYSTEM32\ntdll.dll
154077	27584	0x7ffc3ce10fd4	ntdll.dll	0xa0fd4	C:\WINDOWS\SYSTEM32\ntdll.dll
154104	2996	0x7ffc3ce0e0f4	ntdll.dll	0x9e0f4	C:\WINDOWS\SYSTEM32\ntdll.dll
154128	35460	0x7ffc3ce10fd4	ntdll.dll	0xa0fd4	C:\WINDOWS\SYSTEM32\ntdll.dll
154150	38008	0x7ffc3ce0d624	ntdll.dll	0x9d624	C:\WINDOWS\SYSTEM32\ntdll.dll
154170	33284	0x7ffc3ce0e0f4	ntdll.dll	0x9e0f4	C:\WINDOWS\SYSTEM32\ntdll.dll
154191	28676	0x7ffc3ce0d624	ntdll.dll	0x9d624	C:\WINDOWS\SYSTEM32\ntdll.dll
154211	7328	0x7ffc3ce10fd4	ntdll.dll	0xa0fd4	C:\WINDOWS\SYSTEM32\ntdll.dll
154236	37628	0x7ffc3ce10fd4	ntdll.dll	0xa0fd4	C:\WINDOWS\SYSTEM32\ntdll.dll
154259	38748	0x7ffc3ce0d624	ntdll.dll	0x9d624	C:\WINDOWS\SYSTEM32\ntdll.dll
154276	33496	0x7ffc3ce10fd4	ntdll.dll	0xa0fd4	C:\WINDOWS\SYSTEM32\ntdll.dll
154293	27132	0x7ffc3ce0e0f4	ntdll.dll	0x9e0f4	C:\WINDOWS\SYSTEM32\ntdll.dll
154312	31736	0x7ffc3ce10fd4	ntdll.dll	0xa0fd4	C:\WINDOWS\SYSTEM32\ntdll.dll
154331	36960	0x7ffc3ce0e0f4	ntdll.dll	0x9e0f4	C:\WINDOWS\SYSTEM32\ntdll.dll
154352	20576	0x7ffc3ce10fd4	ntdll.dll	0xa0fd4	C:\WINDOWS\SYSTEM32\ntdll.dll
154376	34164	0x7ffc3ce10fd4	ntdll.dll	0xa0fd4	C:\WINDOWS\SYSTEM32\ntdll.dll
154393	38144	0x7ffc3ce10fd4	ntdll.dll	0xa0fd4	C:\WINDOWS\SYSTEM32\ntdll.dll
154411	33932	0x7ffc3ce10fd4	ntdll.dll	0xa0fd4	C:\WINDOWS\SYSTEM32\ntdll.dll
154433	29568	0x7ffc3ce10fd4	ntdll.dll	0xa0fd4	C:\WINDOWS\SYSTEM32\ntdll.dll
154457	38884	0x7ffc3ce0e0f4	ntdll.dll	0x9e0f4	C:\WINDOWS\SYSTEM32\ntdll.dll
154476	30684	0x7ffc3ce10fd4	ntdll.dll	0xa0fd4	C:\WINDOWS\SYSTEM32\ntdll.dll
154522	38260	0x7ffc3ce10fd4	ntdll.dll	0xa0fd4	C:\WINDOWS\SYSTEM32\ntdll.dll
154547	29588	0x7ffc3ce10fd4	ntdll.dll	0xa0fd4	C:\WINDOWS\SYSTEM32\ntdll.dll
154568	38232	0x7ffc3ce10fd4	ntdll.dll	0xa0fd4	C:\WINDOWS\SYSTEM32\ntdll.dll
154587	38812	0x7ffc3ce0d6c4	ntdll.dll	0x9d6c4	C:\WINDOWS\SYSTEM32\ntdll.dll
154606	35540	0x7ffc3ce0d6c4	ntdll.dll	0x9d6c4	C:\WINDOWS\SYSTEM32\ntdll.dll
154623	31888	0x7ffc3ce10fd4	ntdll.dll	0xa0fd4	C:\WINDOWS\SYSTEM32\ntdll.dll
154642	12908	0x7ffc3ce10fd4	ntdll.dll	0xa0fd4	C:\WINDOWS\SYSTEM32\ntdll.dll
154664	34508	0x7ffc3ce10fd4	ntdll.dll	0xa0fd4	C:\WINDOWS\SYSTEM32\ntdll.dll
154687	34276	0x7ffc3ce10fd4	ntdll.dll	0xa0fd4	C:\WINDOWS\SYSTEM32\ntdll.dll
154704	37940	0x7ffc3ce10fd4	ntdll.dll	0xa0fd4	C:\WINDOWS\SYSTEM32\ntdll.dll
154723	29192	0x7ffc3ce10fd4	ntdll.dll	0xa0fd4	C:\WINDOWS\SYSTEM32\ntdll.dll
154745	37736	0x7ffc3ce10fd4	ntdll.dll	0xa0fd4	C:\WINDOWS\SYSTEM32\ntdll.dll
154763	33220	0x7ffc3ce10fd4	ntdll.dll	0xa0fd4	C:\WINDOWS\SYSTEM32\ntdll.dll
154782	12692	0x7ffc3ce10fd4	ntdll.dll	0xa0fd4	C:\WINDOWS\SYSTEM32\ntdll.dll
154807	33984	0x7ffc3ce10fd4	ntdll.dll	0xa0fd4	C:\WINDOWS\SYSTEM32\ntdll.dll
154829	38224	0x7ffc3ce10fd4	ntdll.dll	0xa0fd4	C:\WINDOWS\SYSTEM32\ntdll.dll
154851	28292	0x7ffc3ce10fd4	ntdll.dll	0xa0fd4	C:\WINDOWS\SYSTEM32\ntdll.dll
154877	35252	0x7ffc3ce10fd4	ntdll.dll	0xa0fd4	C:\WINDOWS\SYSTEM32\ntdll.dll
154907	38044	0x7ffc3ce10fd4	ntdll.dll	0xa0fd4	C:\WINDOWS\SYSTEM32\ntdll.dll
154929	38340	0x7ffc3ce10fd4	ntdll.dll	0xa0fd4	C:\WINDOWS\SYSTEM32\ntdll.dll
154951	13736	0x7ffc3ce10fd4	ntdll.dll	0xa0fd4	C:\WINDOWS\SYSTEM32\ntdll.dll
154969	38192	0x7ffc3ce10fd4	ntdll.dll	0xa0fd4	C:\WINDOWS\SYSTEM32\ntdll.dll
154987	36272	0x7ffc3ce10fd4	ntdll.dll	0xa0fd4	C:\WINDOWS\SYSTEM32\ntdll.dll
155008	25612	0x7ffc3ce0d6c4	ntdll.dll	0x9d6c4	C:\WINDOWS\SYSTEM32\ntdll.dll
155029	38384	0x7ffc3ce11034	ntdll.dll	0xa1034	C:\WINDOWS\SYSTEM32\ntdll.dll
155046	33108	0x7ffc3ce0d6c4	ntdll.dll	0x9d6c4	C:\WINDOWS\SYSTEM32\ntdll.dll
155070	34820	0x7ffc3ce11034	ntdll.dll	0xa1034	C:\WINDOWS\SYSTEM32\ntdll.dll
155096	36648	0x7ffc3ce0d624	ntdll.dll	0x9d624	C:\WINDOWS\SYSTEM32\ntdll.dll
155120	38412	0x7ffc3a941104	win32u.dll	0x1104	C:\WINDOWS\System32\win32u.dll
155138	26804	0x7ffc3ce11034	ntdll.dll	0xa1034	C:\WINDOWS\SYSTEM32\ntdll.dll
155160	34564	0x7ffc3ce10fd4	ntdll.dll	0xa0fd4	C:\WINDOWS\SYSTEM32\ntdll.dll
155177	26280	0x7ffc3ce10fd4	ntdll.dll	0xa0fd4	C:\WINDOWS\SYSTEM32\ntdll.dll
155196	37740	0x7ffc3ce0d6c4	ntdll.dll	0x9d6c4	C:\WINDOWS\SYSTEM32\ntdll.dll
155216	37892	0x7ffc3ce0d624	ntdll.dll	0x9d624	C:\WINDOWS\SYSTEM32\ntdll.dll
155239	38840	0x7ffc3ce0e0f4	ntdll.dll	0x9e0f4	C:\WINDOWS\SYSTEM32\ntdll.dll
155264	36632	0x7ffc3ce10fd4	ntdll.dll	0xa0fd4	C:\WINDOWS\SYSTEM32\ntdll.dll
155288	23456	0x7ffc3ce10fd4	ntdll.dll	0xa0fd4	C:\WINDOWS\SYSTEM32\ntdll.dll
155311	29500	0x7ffc3ce10fd4	ntdll.dll	0xa0fd4	C:\WINDOWS\SYSTEM32\ntdll.dll
155330	2556	0x7ffc3ce10fd4	ntdll.dll	0xa0fd4	C:\WINDOWS\SYSTEM32\ntdll.dll
155348	16324	0x7ffc3ce10fd4	ntdll.dll	0xa0fd4	C:\WINDOWS\SYSTEM32\ntdll.dll
155369	26548	0x7ffc3ce10fd4	ntdll.dll	0xa0fd4	C:\WINDOWS\SYSTEM32\ntdll.dll
155391	38388	0x7ffc3ce10fd4	ntdll.dll	0xa0fd4	C:\WINDOWS\SYSTEM32\ntdll.dll
155415	13588	0x7ffc3ce10fd4	ntdll.dll	0xa0fd4	C:\WINDOWS\SYSTEM32\ntdll.dll
155439	13776	0x7ffc3ce10fd4	ntdll.dll	0xa0fd4	C:\WINDOWS\SYSTEM32\ntdll.dll
155464	27000	0x7ffc3ce10fd4	ntdll.dll	0xa0fd4	C:\WINDOWS\SYSTEM32\ntdll.dll
155492	35508	0x7ffc3ce10fd4	ntdll.dll	0xa0fd4	C:\WINDOWS\SYSTEM32\ntdll.dll
155517	34444	0x7ffc3ce10fd4	ntdll.dll	0xa0fd4	C:\WINDOWS\SYSTEM32\ntdll.dll
155539	28732	0x7ffc3ce10fd4	ntdll.dll	0xa0fd4	C:\WINDOWS\SYSTEM32\ntdll.dll
155565	26616	0x7ffc3ce10fd4	ntdll.dll	0xa0fd4	C:\WINDOWS\SYSTEM32\ntdll.dll
155587	37132	0x7ffc3ce10fd4	ntdll.dll	0xa0fd4	C:\WINDOWS\SYSTEM32\ntdll.dll
155607	20024	0x7ffc3ce10fd4	ntdll.dll	0xa0fd4	C:\WINDOWS\SYSTEM32\ntdll.dll
155626	37760	0x7ffc3ce10fd4	ntdll.dll	0xa0fd4	C:\WINDOWS\SYSTEM32\ntdll.dll
155642	31852	0x7ffc3ce10fd4	ntdll.dll	0xa0fd4	C:\WINDOWS\SYSTEM32\ntdll.dll
155660	37624	0x7ffc3ce10fd4	ntdll.dll	0xa0fd4	C:\WINDOWS\SYSTEM32\ntdll.dll
155697	38048	0x7ffc3ce10fd4	ntdll.dll	0xa0fd4	C:\WINDOWS\SYSTEM32\ntdll.dll
155719	30536	0x7ffc3ce10fd4	ntdll.dll	0xa0fd4	C:\WINDOWS\SYSTEM32\ntdll.dll
155742	8688	0x7ffc3ce0d6c4	ntdll.dll	0x9d6c4	C:\WINDOWS\SYSTEM32\ntdll.dll
155764	764	0x7ffc3ce0d624	ntdll.dll	0x9d624	C:\WINDOWS\SYSTEM32\ntdll.dll
155784	29356	0x7ffc3ce0d624	ntdll.dll	0x9d624	C:\WINDOWS\SYSTEM32\ntdll.dll
155805	32352	0x7ffc3ce0e0f4	ntdll.dll	0x9e0f4	C:\WINDOWS\SYSTEM32\ntdll.dll
155822	38936	0x7ffc3ce0d624	ntdll.dll	0x9d624	C:\WINDOWS\SYSTEM32\ntdll.dll
155840	38944	0x7ffc3ce0d624	ntdll.dll	0x9d624	C:\WINDOWS\SYSTEM32\ntdll.dll
155861	38952	0x7ffc3ce0d624	ntdll.dll	0x9d624	C:\WINDOWS\SYSTEM32\ntdll.dll
155884	38960	0x7ffc3ce0d624	ntdll.dll	0x9d624	C:\WINDOWS\SYSTEM32\ntdll.dll
155907	38968	0x7ffc3ce0d624	ntdll.dll	0x9d624	C:\WINDOWS\SYSTEM32\ntdll.dll
155930	38976	0x7ffc3ce0d624	ntdll.dll	0x9d624	C:\WINDOWS\SYSTEM32\ntdll.dll
155951	38984	0x7ffc3ce0d624	ntdll.dll	0x9d624	C:\WINDOWS\SYSTEM32\ntdll.dll
155973	38992	0x7ffc3ce0d624	ntdll.dll	0x9d624	C:\WINDOWS\SYSTEM32\ntdll.dll
155996	39000	0x7ffc3ce0d624	ntdll.dll	0x9d624	C:\WINDOWS\SYSTEM32\ntdll.dll
156019	39008	0x7ffc3ce0d624	ntdll.dll	0x9d624	C:\WINDOWS\SYSTEM32\ntdll.dll
156038	39028	0x7ffc3ce0e0f4	ntdll.dll	0x9e0f4	C:\WINDOWS\SYSTEM32\ntdll.dll
156060	39212	0x7ffc3ce10fd4	ntdll.dll	0xa0fd4	C:\WINDOWS\SYSTEM32\ntdll.dll
156078	39240	0x7ffc3ce0d624	ntdll.dll	0x9d624	C:\WINDOWS\SYSTEM32\ntdll.dll
156098	39244	0x7ffc3ce0d6c4	ntdll.dll	0x9d6c4	C:\WINDOWS\SYSTEM32\ntdll.dll
156116	39248	0x7ffc3ce0d6c4	ntdll.dll	0x9d6c4	C:\WINDOWS\SYSTEM32\ntdll.dll
156135	39252	0x7ffc3ce10fd4	ntdll.dll	0xa0fd4	C:\WINDOWS\SYSTEM32\ntdll.dll
156157	39256	0x7ffc3ce0d624	ntdll.dll	0x9d624	C:\WINDOWS\SYSTEM32\ntdll.dll
156178	39260	0x7ffc3ce0d624	ntdll.dll	0x9d624	C:\WINDOWS\SYSTEM32\ntdll.dll
156198	39268	0x7ffc3a941104	win32u.dll	0x1104	C:\WINDOWS\System32\win32u.dll
156217	39300	0x7ffc3a941104	win32u.dll	0x1104	C:\WINDOWS\System32\win32u.dll
156242	39384	0x7ffc3ce0d624	ntdll.dll	0x9d624	C:\WINDOWS\SYSTEM32\ntdll.dll
156263	39388	0x7ffc3a941104	win32u.dll	0x1104	C:\WINDOWS\System32\win32u.dll
156282	41552	0x7ffc3ce0d6c4	ntdll.dll	0x9d6c4	C:\WINDOWS\SYSTEM32\ntdll.dll
156305	41568	0x7ffc3ce0d624	ntdll.dll	0x9d624	C:\WINDOWS\SYSTEM32\ntdll.dll
156326	41572	0x7ffc3ce0e0f4	ntdll.dll	0x9e0f4	C:\WINDOWS\SYSTEM32\ntdll.dll
156347	41592	0x7ffc3ce0d624	ntdll.dll	0x9d624	C:\WINDOWS\SYSTEM32\ntdll.dll
156366	41596	0x7ffc3ce0d624	ntdll.dll	0x9d624	C:\WINDOWS\SYSTEM32\ntdll.dll
156383	41600	0x7ffc3ce0d624	ntdll.dll	0x9d624	C:\WINDOWS\SYSTEM32\ntdll.dll
156402	41604	0x7ffc3ce0d624	ntdll.dll	0x9d624	C:\WINDOWS\SYSTEM32\ntdll.dll
156422	41608	0x7ffc3ce0d624	ntdll.dll	0x9d624	C:\WINDOWS\SYSTEM32\ntdll.dll
156443	41612	0x7ffc3ce0d624	ntdll.dll	0x9d624	C:\WINDOWS\SYSTEM32\ntdll.dll
156461	41616	0x7ffc3ce0d624	ntdll.dll	0x9d624	C:\WINDOWS\SYSTEM32\ntdll.dll
156481	41620	0x7ffc3ce0d624	ntdll.dll	0x9d624	C:\WINDOWS\SYSTEM32\ntdll.dll
156500	41624	0x7ffc3ce0d624	ntdll.dll	0x9d624	C:\WINDOWS\SYSTEM32\ntdll.dll
156519	41628	0x7ffc3ce0d624	ntdll.dll	0x9d624	C:\WINDOWS\SYSTEM32\ntdll.dll
156537	41632	0x7ffc3ce0d624	ntdll.dll	0x9d624	C:\WINDOWS\SYSTEM32\ntdll.dll
156559	41636	0x7ffc3ce0e0f4	ntdll.dll	0x9e0f4	C:\WINDOWS\SYSTEM32\ntdll.dll
156578	41656	0x7ffc3ce0d624	ntdll.dll	0x9d624	C:\WINDOWS\SYSTEM32\ntdll.dll
156601	41660	0x7ffc3ce0d624	ntdll.dll	0x9d624	C:\WINDOWS\SYSTEM32\ntdll.dll
156622	41664	0x7ffc3ce0d624	ntdll.dll	0x9d624	C:\WINDOWS\SYSTEM32\ntdll.dll
156646	41668	0x7ffc3ce0d624	ntdll.dll	0x9d624	C:\WINDOWS\SYSTEM32\ntdll.dll
156666	41672	0x7ffc3ce0d624	ntdll.dll	0x9d624	C:\WINDOWS\SYSTEM32\ntdll.dll
156688	41676	0x7ffc3ce0d624	ntdll.dll	0x9d624	C:\WINDOWS\SYSTEM32\ntdll.dll
156705	41680	0x7ffc3ce0d624	ntdll.dll	0x9d624	C:\WINDOWS\SYSTEM32\ntdll.dll
156728	41684	0x7ffc3ce0d624	ntdll.dll	0x9d624	C:\WINDOWS\SYSTEM32\ntdll.dll
156751	41688	0x7ffc3ce0d624	ntdll.dll	0x9d624	C:\WINDOWS\SYSTEM32\ntdll.dll
156774	41692	0x7ffc3ce0d624	ntdll.dll	0x9d624	C:\WINDOWS\SYSTEM32\ntdll.dll
156796	35588	0x7ffc3ce11034	ntdll.dll	0xa1034	C:\WINDOWS\SYSTEM32\ntdll.dll
156832	42844	0x7ffc3ce11034	ntdll.dll	0xa1034	C:\WINDOWS\SYSTEM32\ntdll.dll
156854	42732	0x7ffc3ce11034	ntdll.dll	0xa1034	C:\WINDOWS\SYSTEM32\ntdll.dll
156874	39580	0x7ffc3ce11034	ntdll.dll	0xa1034	C:\WINDOWS\SYSTEM32\ntdll.dll
156898	39096	0x7ffc3ce11034	ntdll.dll	0xa1034	C:\WINDOWS\SYSTEM32\ntdll.dll
156924	37584	0x7ffc3ce11034	ntdll.dll	0xa1034	C:\WINDOWS\SYSTEM32\ntdll.dll
156945	42840	0x7ffc3ce11034	ntdll.dll	0xa1034	C:\WINDOWS\SYSTEM32\ntdll.dll
156966	44704	0x7ffc3ce11034	ntdll.dll	0xa1034	C:\WINDOWS\SYSTEM32\ntdll.dll
156984	44340	0x7ffc3ce11034	ntdll.dll	0xa1034	C:\WINDOWS\SYSTEM32\ntdll.dll
157007	44344	0x7ffc3ce103d4	ntdll.dll	0xa03d4	C:\WINDOWS\SYSTEM32\ntdll.dll
157030	35604	0x7ffc3ce10fd4	ntdll.dll	0xa0fd4	C:\WINDOWS\SYSTEM32\ntdll.dll
157051	37320	0x7ffc3ce11034	ntdll.dll	0xa1034	C:\WINDOWS\SYSTEM32\ntdll.dll
157070	16556	0x7ffc3ce0d624	ntdll.dll	0x9d624	C:\WINDOWS\SYSTEM32\ntdll.dll
157092	43856	0x7ffc3ce0d624	ntdll.dll	0x9d624	C:\WINDOWS\SYSTEM32\ntdll.dll
157112	29616	0x7ffc3ce0d624	ntdll.dll	0x9d624	C:\WINDOWS\SYSTEM32\ntdll.dll
157136	41900	0x7ffc3ce0d624	ntdll.dll	0x9d624	C:\WINDOWS\SYSTEM32\ntdll.dll
157158	43092	0x7ffc3ce0d624	ntdll.dll	0x9d624	C:\WINDOWS\SYSTEM32\ntdll.dll
157180	24564	0x7ffc3ce0d624	ntdll.dll	0x9d624	C:\WINDOWS\SYSTEM32\ntdll.dll
157203	22584	0x7ffc3ce0d624	ntdll.dll	0x9d624	C:\WINDOWS\SYSTEM32\ntdll.dll
157223	42540	0x7ffc3ce0d624	ntdll.dll	0x9d624	C:\WINDOWS\SYSTEM32\ntdll.dll
157246	40624	0x7ffc3ce0d624	ntdll.dll	0x9d624	C:\WINDOWS\SYSTEM32\ntdll.dll
157268	36832	0x7ffc3ce0d624	ntdll.dll	0x9d624	C:\WINDOWS\SYSTEM32\ntdll.dll
157289	38308	0x7ffc3ce0d624	ntdll.dll	0x9d624	C:\WINDOWS\SYSTEM32\ntdll.dll
157305	40196	0x7ffc3ce0d624	ntdll.dll	0x9d624	C:\WINDOWS\SYSTEM32\ntdll.dll
157325	38360	0x7ffc3ce0e0f4	ntdll.dll	0x9e0f4	C:\WINDOWS\SYSTEM32\ntdll.dll
157349	35856	0x7ffc3ce10fd4	ntdll.dll	0xa0fd4	C:\WINDOWS\SYSTEM32\ntdll.dll
157371	37256	0x7ffc3ce10fd4	ntdll.dll	0xa0fd4	C:\WINDOWS\SYSTEM32\ntdll.dll
157393	26580	0x7ffc3ce10fd4	ntdll.dll	0xa0fd4	C:\WINDOWS\SYSTEM32\ntdll.dll
157415	35592	0x7ffc3ce10fd4	ntdll.dll	0xa0fd4	C:\WINDOWS\SYSTEM32\ntdll.dll
157434	38096	0x7ffc3ce10fd4	ntdll.dll	0xa0fd4	C:\WINDOWS\SYSTEM32\ntdll.dll
157456	44212	0x7ffc3ce11034	ntdll.dll	0xa1034	C:\WINDOWS\SYSTEM32\ntdll.dll
157475	43196	0x7ffc3ce11034	ntdll.dll	0xa1034	C:\WINDOWS\SYSTEM32\ntdll.dll
157491	44284	0x7ffc3ce11034	ntdll.dll	0xa1034	C:\WINDOWS\SYSTEM32\ntdll.dll
157512	34660	0x7ffc3ce0d624	ntdll.dll	0x9d624	C:\WINDOWS\SYSTEM32\ntdll.dll
157538	10056	0x7ffc3ce11034	ntdll.dll	0xa1034	C:\WINDOWS\SYSTEM32\ntdll.dll
157563	39016	0x7ffc3ce11034	ntdll.dll	0xa1034	C:\WINDOWS\SYSTEM32\ntdll.dll
157587	43220	0x7ffc3ce11034	ntdll.dll	0xa1034	C:\WINDOWS\SYSTEM32\ntdll.dll
157609	39192	0x7ffc3ce11034	ntdll.dll	0xa1034	C:\WINDOWS\SYSTEM32\ntdll.dll
157628	39288	0x7ffc3ce11034	ntdll.dll	0xa1034	C:\WINDOWS\SYSTEM32\ntdll.dll
157650	40468	0x7ffc3ce11034	ntdll.dll	0xa1034	C:\WINDOWS\SYSTEM32\ntdll.dll
157667	13408	0x7ffc3ce0d624	ntdll.dll	0x9d624	C:\WINDOWS\SYSTEM32\ntdll.dll
157685	44852	0x7ffc3ce0e0f4	ntdll.dll	0x9e0f4	C:\WINDOWS\SYSTEM32\ntdll.dll
157707	39064	0x7ffc3ce0e0f4	ntdll.dll	0x9e0f4	C:\WINDOWS\SYSTEM32\ntdll.dll
157725	43724	0x7ffc3ce0d624	ntdll.dll	0x9d624	C:\WINDOWS\SYSTEM32\ntdll.dll
157743	35764	0x7ffc3ce0d624	ntdll.dll	0x9d624	C:\WINDOWS\SYSTEM32\ntdll.dll
157759	38084	0x7ffc3ce0d624	ntdll.dll	0x9d624	C:\WINDOWS\SYSTEM32\ntdll.dll
157777	29408	0x7ffc3ce0d624	ntdll.dll	0x9d624	C:\WINDOWS\SYSTEM32\ntdll.dll
157795	34948	0x7ffc3ce11034	ntdll.dll	0xa1034	C:\WINDOWS\SYSTEM32\ntdll.dll
157817	34956	0x7ffc3ce0d624	ntdll.dll	0x9d624	C:\WINDOWS\SYSTEM32\ntdll.dll
157833	38272	0x7ffc3ce0d624	ntdll.dll	0x9d624	C:\WINDOWS\SYSTEM32\ntdll.dll
157851	38148	0x7ffc3ce0d624	ntdll.dll	0x9d624	C:\WINDOWS\SYSTEM32\ntdll.dll
157874	44984	0x7ffc3ce0d624	ntdll.dll	0x9d624	C:\WINDOWS\SYSTEM32\ntdll.dll
157902	39808	0x7ffc3ce0d624	ntdll.dll	0x9d624	C:\WINDOWS\SYSTEM32\ntdll.dll
157922	27740	0x7ffc3ce0d624	ntdll.dll	0x9d624	C:\WINDOWS\SYSTEM32\ntdll.dll
157938	42600	0x7ffc3ce0d624	ntdll.dll	0x9d624	C:\WINDOWS\SYSTEM32\ntdll.dll
157971	28352	0x7ffc3ce0d624	ntdll.dll	0x9d624	C:\WINDOWS\SYSTEM32\ntdll.dll
157994	38248	0x7ffc3ce0d624	ntdll.dll	0x9d624	C:\WINDOWS\SYSTEM32\ntdll.dll
158013	45028	0x7ffc3ce0d624	ntdll.dll	0x9d624	C:\WINDOWS\SYSTEM32\ntdll.dll
158029	42588	0x7ffc3ce0e0f4	ntdll.dll	0x9e0f4	C:\WINDOWS\SYSTEM32\ntdll.dll
158047	35116	0x7ffc3ce11034	ntdll.dll	0xa1034	C:\WINDOWS\SYSTEM32\ntdll.dll
158063	34908	0x7ffc3ce11034	ntdll.dll	0xa1034	C:\WINDOWS\SYSTEM32\ntdll.dll
158082	24164	0x7ffc3ce11034	ntdll.dll	0xa1034	C:\WINDOWS\SYSTEM32\ntdll.dll
158107	30500	0x7ffc3ce11034	ntdll.dll	0xa1034	C:\WINDOWS\SYSTEM32\ntdll.dll
158124	42972	0x7ffc3ce11034	ntdll.dll	0xa1034	C:\WINDOWS\SYSTEM32\ntdll.dll
168907	33248	0x7ffc3a941104	win32u.dll	0x1104	C:\WINDOWS\System32\win32u.dll
168934	10380	0x7ffc3ce10fd4	ntdll.dll	0xa0fd4	C:\WINDOWS\SYSTEM32\ntdll.dll
168951	37804	0x7ffc3ce10fd4	ntdll.dll	0xa0fd4	C:\WINDOWS\SYSTEM32\ntdll.dll
168967	31968	0x7ffc3ce10fd4	ntdll.dll	0xa0fd4	C:\WINDOWS\SYSTEM32\ntdll.dll
168985	700	0x7ffc3ce0e0f4	ntdll.dll	0x9e0f4	C:\WINDOWS\SYSTEM32\ntdll.dll
169003	33888	0x7ffc3ce0d6c4	ntdll.dll	0x9d6c4	C:\WINDOWS\SYSTEM32\ntdll.dll
169019	34776	0x7ffc3ce0d6c4	ntdll.dll	0x9d6c4	C:\WINDOWS\SYSTEM32\ntdll.dll
169035	34496	0x7ffc3ce10fd4	ntdll.dll	0xa0fd4	C:\WINDOWS\SYSTEM32\ntdll.dll
169051	37644	0x7ffc3ce10fd4	ntdll.dll	0xa0fd4	C:\WINDOWS\SYSTEM32\ntdll.dll
169066	37640	0x7ffc3ce10fd4	ntdll.dll	0xa0fd4	C:\WINDOWS\SYSTEM32\ntdll.dll
169084	36668	0x7ffc3ce11034	ntdll.dll	0xa1034	C:\WINDOWS\SYSTEM32\ntdll.dll
169102	26628	0x7ffc3a94a124	win32u.dll	0xa124	C:\WINDOWS\System32\win32u.dll
169119	35068	0x7ffc3ce10fd4	ntdll.dll	0xa0fd4	C:\WINDOWS\SYSTEM32\ntdll.dll
169138	36428	0x7ffc3ce0e0f4	ntdll.dll	0x9e0f4	C:\WINDOWS\SYSTEM32\ntdll.dll
169155	35996	0x7ffc3ce0e0f4	ntdll.dll	0x9e0f4	C:\WINDOWS\SYSTEM32\ntdll.dll
169170	19780	0x7ffc3ce0e0f4	ntdll.dll	0x9e0f4	C:\WINDOWS\SYSTEM32\ntdll.dll
169186	22404	0x7ffc3ce0d6c4	ntdll.dll	0x9d6c4	C:\WINDOWS\SYSTEM32\ntdll.dll
169202	34704	0x7ffc3ce0d6c4	ntdll.dll	0x9d6c4	C:\WINDOWS\SYSTEM32\ntdll.dll
169221	28184	0x7ffc3ce0d624	ntdll.dll	0x9d624	C:\WINDOWS\SYSTEM32\ntdll.dll
169237	38852	0x7ffc3ce11034	ntdll.dll	0xa1034	C:\WINDOWS\SYSTEM32\ntdll.dll
169254	19796	0x7ffc3ce0d624	ntdll.dll	0x9d624	C:\WINDOWS\SYSTEM32\ntdll.dll
169272	28764	0x7ffc3ce0d624	ntdll.dll	0x9d624	C:\WINDOWS\SYSTEM32\ntdll.dll
169289	38056	0x7ffc3ce0d624	ntdll.dll	0x9d624	C:\WINDOWS\SYSTEM32\ntdll.dll
169303	33572	0x7ffc3ce0d6c4	ntdll.dll	0x9d6c4	C:\WINDOWS\SYSTEM32\ntdll.dll
169319	36376	0x7ffc3ce0e0f4	ntdll.dll	0x9e0f4	C:\WINDOWS\SYSTEM32\ntdll.dll
169336	13352	0x7ffc3a94a124	win32u.dll	0xa124	C:\WINDOWS\System32\win32u.dll
169356	37056	0x7ffc3ce0e0f4	ntdll.dll	0x9e0f4	C:\WINDOWS\SYSTEM32\ntdll.dll
169379	31464	0x7ffc3ce0d624	ntdll.dll	0x9d624	C:\WINDOWS\SYSTEM32\ntdll.dll
169401	36532	0x7ffc3ce0d6c4	ntdll.dll	0x9d6c4	C:\WINDOWS\SYSTEM32\ntdll.dll
169417	12684	0x7ffc3ce10fd4	ntdll.dll	0xa0fd4	C:\WINDOWS\SYSTEM32\ntdll.dll
169433	32208	0x7ffc3ce10fd4	ntdll.dll	0xa0fd4	C:\WINDOWS\SYSTEM32\ntdll.dll
169451	38716	0x7ffc3ce0d624	ntdll.dll	0x9d624	C:\WINDOWS\SYSTEM32\ntdll.dll
169468	35200	0x7ffc3ce0e0f4	ntdll.dll	0x9e0f4	C:\WINDOWS\SYSTEM32\ntdll.dll
169484	15148	0x7ffc3ce0d624	ntdll.dll	0x9d624	C:\WINDOWS\SYSTEM32\ntdll.dll
169500	13956	0x7ffc3ce0d624	ntdll.dll	0x9d624	C:\WINDOWS\SYSTEM32\ntdll.dll
169515	29528	0x7ffc3ce0d624	ntdll.dll	0x9d624	C:\WINDOWS\SYSTEM32\ntdll.dll
169534	17028	0x7ffc3ce0d624	ntdll.dll	0x9d624	C:\WINDOWS\SYSTEM32\ntdll.dll
169550	27652	0x7ffc3ce0d624	ntdll.dll	0x9d624	C:\WINDOWS\SYSTEM32\ntdll.dll
169566	34320	0x7ffc3ce0d624	ntdll.dll	0x9d624	C:\WINDOWS\SYSTEM32\ntdll.dll
169583	33620	0x7ffc3ce0d624	ntdll.dll	0x9d624	C:\WINDOWS\SYSTEM32\ntdll.dll
169600	36712	0x7ffc3ce0d624	ntdll.dll	0x9d624	C:\WINDOWS\SYSTEM32\ntdll.dll
169615	18760	0x7ffc3ce0d624	ntdll.dll	0x9d624	C:\WINDOWS\SYSTEM32\ntdll.dll
169631	37364	0x7ffc3ce0d624	ntdll.dll	0x9d624	C:\WINDOWS\SYSTEM32\ntdll.dll
169647	28596	0x7ffc3ce0d624	ntdll.dll	0x9d624	C:\WINDOWS\SYSTEM32\ntdll.dll
169665	33908	0x7ffc3ce0d624	ntdll.dll	0x9d624	C:\WINDOWS\SYSTEM32\ntdll.dll
169705	14192	0x7ffc3ce0d624	ntdll.dll	0x9d624	C:\WINDOWS\SYSTEM32\ntdll.dll
169722	29548	0x7ffc3ce0e0f4	ntdll.dll	0x9e0f4	C:\WINDOWS\SYSTEM32\ntdll.dll
169738	6688	0x7ffc3ce0d624	ntdll.dll	0x9d624	C:\WINDOWS\SYSTEM32\ntdll.dll
169756	14692	0x7ffc3ce10fd4	ntdll.dll	0xa0fd4	C:\WINDOWS\SYSTEM32\ntdll.dll
169772	34840	0x7ffc3ce10fd4	ntdll.dll	0xa0fd4	C:\WINDOWS\SYSTEM32\ntdll.dll
169788	28620	0x7ffc3ce0e0f4	ntdll.dll	0x9e0f4	C:\WINDOWS\SYSTEM32\ntdll.dll
169803	37852	0x7ffc3ce0d6c4	ntdll.dll	0x9d6c4	C:\WINDOWS\SYSTEM32\ntdll.dll
169820	37380	0x7ffc3ce0e0f4	ntdll.dll	0x9e0f4	C:\WINDOWS\SYSTEM32\ntdll.dll
169837	38848	0x7ffc3ce0d6c4	ntdll.dll	0x9d6c4	C:\WINDOWS\SYSTEM32\ntdll.dll
169854	33300	0x7ffc3ce0e0f4	ntdll.dll	0x9e0f4	C:\WINDOWS\SYSTEM32\ntdll.dll
169869	33304	0x7ffc3ce0d6c4	ntdll.dll	0x9d6c4	C:\WINDOWS\SYSTEM32\ntdll.dll
169886	11196	0x7ffc3ce0d624	ntdll.dll	0x9d624	C:\WINDOWS\SYSTEM32\ntdll.dll
169903	31576	0x7ffc3ce0d6c4	ntdll.dll	0x9d6c4	C:\WINDOWS\SYSTEM32\ntdll.dll
169920	38736	0x7ffc3a941104	win32u.dll	0x1104	C:\WINDOWS\System32\win32u.dll
169936	38356	0x7ffc3ce0e0f4	ntdll.dll	0x9e0f4	C:\WINDOWS\SYSTEM32\ntdll.dll
169951	38380	0x7ffc3ce0d624	ntdll.dll	0x9d624	C:\WINDOWS\SYSTEM32\ntdll.dll
169967	32704	0x7ffc3ce0d624	ntdll.dll	0x9d624	C:\WINDOWS\SYSTEM32\ntdll.dll
169985	38484	0x7ffc3ce0d624	ntdll.dll	0x9d624	C:\WINDOWS\SYSTEM32\ntdll.dll
170001	38876	0x7ffc3ce10fd4	ntdll.dll	0xa0fd4	C:\WINDOWS\SYSTEM32\ntdll.dll
170017	34896	0x7ffc3ce10fd4	ntdll.dll	0xa0fd4	C:\WINDOWS\SYSTEM32\ntdll.dll
170036	38456	0x7ffc3ce10fd4	ntdll.dll	0xa0fd4	C:\WINDOWS\SYSTEM32\ntdll.dll
170052	38172	0x7ffc3ce0d624	ntdll.dll	0x9d624	C:\WINDOWS\SYSTEM32\ntdll.dll
170066	28272	0x7ffc3ce0d6c4	ntdll.dll	0x9d6c4	C:\WINDOWS\SYSTEM32\ntdll.dll
170081	34772	0x7ffc3ce0d6c4	ntdll.dll	0x9d6c4	C:\WINDOWS\SYSTEM32\ntdll.dll
170096	37384	0x7ffc3ce0d6c4	ntdll.dll	0x9d6c4	C:\WINDOWS\SYSTEM32\ntdll.dll
170114	33920	0x7ffc3ce0d6c4	ntdll.dll	0x9d6c4	C:\WINDOWS\SYSTEM32\ntdll.dll
170134	34548	0x7ffc3ce0e0f4	ntdll.dll	0x9e0f4	C:\WINDOWS\SYSTEM32\ntdll.dll
170155	36796	0x7ffc3ce0d6c4	ntdll.dll	0x9d6c4	C:\WINDOWS\SYSTEM32\ntdll.dll
170171	36628	0x7ffc3ce0d6c4	ntdll.dll	0x9d6c4	C:\WINDOWS\SYSTEM32\ntdll.dll
170188	13652	0x7ffc3ce0d6c4	ntdll.dll	0x9d6c4	C:\WINDOWS\SYSTEM32\ntdll.dll
170203	32520	0x7ffc3ce0d6c4	ntdll.dll	0x9d6c4	C:\WINDOWS\SYSTEM32\ntdll.dll
170218	33744	0x7ffc3ce0d6c4	ntdll.dll	0x9d6c4	C:\WINDOWS\SYSTEM32\ntdll.dll
170235	36636	0x7ffc3ce10fd4	ntdll.dll	0xa0fd4	C:\WINDOWS\SYSTEM32\ntdll.dll
170254	35812	0x7ffc3ce0d624	ntdll.dll	0x9d624	C:\WINDOWS\SYSTEM32\ntdll.dll
170273	36112	0x7ffc3ce10fd4	ntdll.dll	0xa0fd4	C:\WINDOWS\SYSTEM32\ntdll.dll
170296	18020	0x7ffc3ce0e0f4	ntdll.dll	0x9e0f4	C:\WINDOWS\SYSTEM32\ntdll.dll
170316	27584	0x7ffc3ce10fd4	ntdll.dll	0xa0fd4	C:\WINDOWS\SYSTEM32\ntdll.dll
170336	2996	0x7ffc3ce0e0f4	ntdll.dll	0x9e0f4	C:\WINDOWS\SYSTEM32\ntdll.dll
170351	35460	0x7ffc3ce10fd4	ntdll.dll	0xa0fd4	C:\WINDOWS\SYSTEM32\ntdll.dll
170374	38008	0x7ffc3ce0d624	ntdll.dll	0x9d624	C:\WINDOWS\SYSTEM32\ntdll.dll
170401	33284	0x7ffc3ce0e0f4	ntdll.dll	0x9e0f4	C:\WINDOWS\SYSTEM32\ntdll.dll
170427	28676	0x7ffc3ce0d624	ntdll.dll	0x9d624	C:\WINDOWS\SYSTEM32\ntdll.dll
170448	7328	0x7ffc3ce10fd4	ntdll.dll	0xa0fd4	C:\WINDOWS\SYSTEM32\ntdll.dll
170466	37628	0x7ffc3ce10fd4	ntdll.dll	0xa0fd4	C:\WINDOWS\SYSTEM32\ntdll.dll
170483	38748	0x7ffc3ce0d624	ntdll.dll	0x9d624	C:\WINDOWS\SYSTEM32\ntdll.dll
170503	33496	0x7ffc3ce10fd4	ntdll.dll	0xa0fd4	C:\WINDOWS\SYSTEM32\ntdll.dll
170524	27132	0x7ffc3ce0e0f4	ntdll.dll	0x9e0f4	C:\WINDOWS\SYSTEM32\ntdll.dll
170542	31736	0x7ffc3ce10fd4	ntdll.dll	0xa0fd4	C:\WINDOWS\SYSTEM32\ntdll.dll
170558	36960	0x7ffc3ce0e0f4	ntdll.dll	0x9e0f4	C:\WINDOWS\SYSTEM32\ntdll.dll
170576	20576	0x7ffc3ce10fd4	ntdll.dll	0xa0fd4	C:\WINDOWS\SYSTEM32\ntdll.dll
170592	34164	0x7ffc3ce10fd4	ntdll.dll	0xa0fd4	C:\WINDOWS\SYSTEM32\ntdll.dll
170611	38144	0x7ffc3ce10fd4	ntdll.dll	0xa0fd4	C:\WINDOWS\SYSTEM32\ntdll.dll
170629	33932	0x7ffc3ce10fd4	ntdll.dll	0xa0fd4	C:\WINDOWS\SYSTEM32\ntdll.dll
170648	29568	0x7ffc3ce10fd4	ntdll.dll	0xa0fd4	C:\WINDOWS\SYSTEM32\ntdll.dll
170682	38884	0x7ffc3ce0e0f4	ntdll.dll	0x9e0f4	C:\WINDOWS\SYSTEM32\ntdll.dll
170699	30684	0x7ffc3ce10fd4	ntdll.dll	0xa0fd4	C:\WINDOWS\SYSTEM32\ntdll.dll
170719	38260	0x7ffc3ce10fd4	ntdll.dll	0xa0fd4	C:\WINDOWS\SYSTEM32\ntdll.dll
170736	29588	0x7ffc3ce10fd4	ntdll.dll	0xa0fd4	C:\WINDOWS\SYSTEM32\ntdll.dll
170755	38232	0x7ffc3ce10fd4	ntdll.dll	0xa0fd4	C:\WINDOWS\SYSTEM32\ntdll.dll
170775	38812	0x7ffc3ce0d6c4	ntdll.dll	0x9d6c4	C:\WINDOWS\SYSTEM32\ntdll.dll
170804	35540	0x7ffc3ce0d6c4	ntdll.dll	0x9d6c4	C:\WINDOWS\SYSTEM32\ntdll.dll
170825	31888	0x7ffc3ce10fd4	ntdll.dll	0xa0fd4	C:\WINDOWS\SYSTEM32\ntdll.dll
170847	12908	0x7ffc3ce10fd4	ntdll.dll	0xa0fd4	C:\WINDOWS\SYSTEM32\ntdll.dll
170870	34508	0x7ffc3ce10fd4	ntdll.dll	0xa0fd4	C:\WINDOWS\SYSTEM32\ntdll.dll
170896	34276	0x7ffc3ce10fd4	ntdll.dll	0xa0fd4	C:\WINDOWS\SYSTEM32\ntdll.dll
170918	37940	0x7ffc3ce10fd4	ntdll.dll	0xa0fd4	C:\WINDOWS\SYSTEM32\ntdll.dll
170941	29192	0x7ffc3ce10fd4	ntdll.dll	0xa0fd4	C:\WINDOWS\SYSTEM32\ntdll.dll
170960	37736	0x7ffc3ce10fd4	ntdll.dll	0xa0fd4	C:\WINDOWS\SYSTEM32\ntdll.dll
170977	33220	0x7ffc3ce10fd4	ntdll.dll	0xa0fd4	C:\WINDOWS\SYSTEM32\ntdll.dll
170993	12692	0x7ffc3ce10fd4	ntdll.dll	0xa0fd4	C:\WINDOWS\SYSTEM32\ntdll.dll
171010	33984	0x7ffc3ce10fd4	ntdll.dll	0xa0fd4	C:\WINDOWS\SYSTEM32\ntdll.dll
171034	38224	0x7ffc3ce10fd4	ntdll.dll	0xa0fd4	C:\WINDOWS\SYSTEM32\ntdll.dll
171061	28292	0x7ffc3ce10fd4	ntdll.dll	0xa0fd4	C:\WINDOWS\SYSTEM32\ntdll.dll
171083	35252	0x7ffc3ce10fd4	ntdll.dll	0xa0fd4	C:\WINDOWS\SYSTEM32\ntdll.dll
171103	38044	0x7ffc3ce10fd4	ntdll.dll	0xa0fd4	C:\WINDOWS\SYSTEM32\ntdll.dll
171121	38340	0x7ffc3ce10fd4	ntdll.dll	0xa0fd4	C:\WINDOWS\SYSTEM32\ntdll.dll
171141	13736	0x7ffc3ce10fd4	ntdll.dll	0xa0fd4	C:\WINDOWS\SYSTEM32\ntdll.dll
171164	38192	0x7ffc3ce10fd4	ntdll.dll	0xa0fd4	C:\WINDOWS\SYSTEM32\ntdll.dll
171184	36272	0x7ffc3ce10fd4	ntdll.dll	0xa0fd4	C:\WINDOWS\SYSTEM32\ntdll.dll
171202	25612	0x7ffc3ce0d6c4	ntdll.dll	0x9d6c4	C:\WINDOWS\SYSTEM32\ntdll.dll
171222	38384	0x7ffc3ce11034	ntdll.dll	0xa1034	C:\WINDOWS\SYSTEM32\ntdll.dll
171244	33108	0x7ffc3ce0d6c4	ntdll.dll	0x9d6c4	C:\WINDOWS\SYSTEM32\ntdll.dll
171264	34820	0x7ffc3ce11034	ntdll.dll	0xa1034	C:\WINDOWS\SYSTEM32\ntdll.dll
171284	36648	0x7ffc3ce0d624	ntdll.dll	0x9d624	C:\WINDOWS\SYSTEM32\ntdll.dll
171304	38412	0x7ffc3a941104	win32u.dll	0x1104	C:\WINDOWS\System32\win32u.dll
171324	26804	0x7ffc3ce11034	ntdll.dll	0xa1034	C:\WINDOWS\SYSTEM32\ntdll.dll
171347	34564	0x7ffc3ce10fd4	ntdll.dll	0xa0fd4	C:\WINDOWS\SYSTEM32\ntdll.dll
171374	26280	0x7ffc3ce10fd4	ntdll.dll	0xa0fd4	C:\WINDOWS\SYSTEM32\ntdll.dll
171394	37740	0x7ffc3ce0d6c4	ntdll.dll	0x9d6c4	C:\WINDOWS\SYSTEM32\ntdll.dll
171416	37892	0x7ffc3ce0d624	ntdll.dll	0x9d624	C:\WINDOWS\SYSTEM32\ntdll.dll
171435	38840	0x7ffc3ce0e0f4	ntdll.dll	0x9e0f4	C:\WINDOWS\SYSTEM32\ntdll.dll
171455	36632	0x7ffc3ce10fd4	ntdll.dll	0xa0fd4	C:\WINDOWS\SYSTEM32\ntdll.dll
171474	23456	0x7ffc3ce10fd4	ntdll.dll	0xa0fd4	C:\WINDOWS\SYSTEM32\ntdll.dll
171501	29500	0x7ffc3ce10fd4	ntdll.dll	0xa0fd4	C:\WINDOWS\SYSTEM32\ntdll.dll
171520	2556	0x7ffc3ce10fd4	ntdll.dll	0xa0fd4	C:\WINDOWS\SYSTEM32\ntdll.dll
171541	16324	0x7ffc3ce10fd4	ntdll.dll	0xa0fd4	C:\WINDOWS\SYSTEM32\ntdll.dll
171560	26548	0x7ffc3ce10fd4	ntdll.dll	0xa0fd4	C:\WINDOWS\SYSTEM32\ntdll.dll
171580	38388	0x7ffc3ce10fd4	ntdll.dll	0xa0fd4	C:\WINDOWS\SYSTEM32\ntdll.dll
171600	13588	0x7ffc3ce10fd4	ntdll.dll	0xa0fd4	C:\WINDOWS\SYSTEM32\ntdll.dll
171621	13776	0x7ffc3ce10fd4	ntdll.dll	0xa0fd4	C:\WINDOWS\SYSTEM32\ntdll.dll
171640	27000	0x7ffc3ce10fd4	ntdll.dll	0xa0fd4	C:\WINDOWS\SYSTEM32\ntdll.dll
171659	35508	0x7ffc3ce10fd4	ntdll.dll	0xa0fd4	C:\WINDOWS\SYSTEM32\ntdll.dll
171680	34444	0x7ffc3ce10fd4	ntdll.dll	0xa0fd4	C:\WINDOWS\SYSTEM32\ntdll.dll
171702	28732	0x7ffc3ce10fd4	ntdll.dll	0xa0fd4	C:\WINDOWS\SYSTEM32\ntdll.dll
171724	26616	0x7ffc3ce10fd4	ntdll.dll	0xa0fd4	C:\WINDOWS\SYSTEM32\ntdll.dll
171746	37132	0x7ffc3ce10fd4	ntdll.dll	0xa0fd4	C:\WINDOWS\SYSTEM32\ntdll.dll
171766	20024	0x7ffc3ce10fd4	ntdll.dll	0xa0fd4	C:\WINDOWS\SYSTEM32\ntdll.dll
171784	37760	0x7ffc3ce10fd4	ntdll.dll	0xa0fd4	C:\WINDOWS\SYSTEM32\ntdll.dll
171826	31852	0x7ffc3ce10fd4	ntdll.dll	0xa0fd4	C:\WINDOWS\SYSTEM32\ntdll.dll
171846	37624	0x7ffc3ce10fd4	ntdll.dll	0xa0fd4	C:\WINDOWS\SYSTEM32\ntdll.dll
171866	38048	0x7ffc3ce10fd4	ntdll.dll	0xa0fd4	C:\WINDOWS\SYSTEM32\ntdll.dll
171888	30536	0x7ffc3ce10fd4	ntdll.dll	0xa0fd4	C:\WINDOWS\SYSTEM32\ntdll.dll
171909	8688	0x7ffc3ce0d6c4	ntdll.dll	0x9d6c4	C:\WINDOWS\SYSTEM32\ntdll.dll
171928	764	0x7ffc3ce0d624	ntdll.dll	0x9d624	C:\WINDOWS\SYSTEM32\ntdll.dll
171944	29356	0x7ffc3ce0d624	ntdll.dll	0x9d624	C:\WINDOWS\SYSTEM32\ntdll.dll
171965	32352	0x7ffc3ce0e0f4	ntdll.dll	0x9e0f4	C:\WINDOWS\SYSTEM32\ntdll.dll
171991	38936	0x7ffc3ce0d624	ntdll.dll	0x9d624	C:\WINDOWS\SYSTEM32\ntdll.dll
172007	38944	0x7ffc3ce0d624	ntdll.dll	0x9d624	C:\WINDOWS\SYSTEM32\ntdll.dll
172028	38952	0x7ffc3ce0d624	ntdll.dll	0x9d624	C:\WINDOWS\SYSTEM32\ntdll.dll
172048	38960	0x7ffc3ce0d624	ntdll.dll	0x9d624	C:\WINDOWS\SYSTEM32\ntdll.dll
172065	38968	0x7ffc3ce0d624	ntdll.dll	0x9d624	C:\WINDOWS\SYSTEM32\ntdll.dll
172083	38976	0x7ffc3ce0d624	ntdll.dll	0x9d624	C:\WINDOWS\SYSTEM32\ntdll.dll
172098	38984	0x7ffc3ce0d624	ntdll.dll	0x9d624	C:\WINDOWS\SYSTEM32\ntdll.dll
172114	38992	0x7ffc3ce0d624	ntdll.dll	0x9d624	C:\WINDOWS\SYSTEM32\ntdll.dll
172129	39000	0x7ffc3ce0d624	ntdll.dll	0x9d624	C:\WINDOWS\SYSTEM32\ntdll.dll
172148	39008	0x7ffc3ce0d624	ntdll.dll	0x9d624	C:\WINDOWS\SYSTEM32\ntdll.dll
172169	39028	0x7ffc3ce0e0f4	ntdll.dll	0x9e0f4	C:\WINDOWS\SYSTEM32\ntdll.dll
172185	39212	0x7ffc3ce10fd4	ntdll.dll	0xa0fd4	C:\WINDOWS\SYSTEM32\ntdll.dll
172201	39240	0x7ffc3ce0d624	ntdll.dll	0x9d624	C:\WINDOWS\SYSTEM32\ntdll.dll
172218	39244	0x7ffc3ce0d6c4	ntdll.dll	0x9d6c4	C:\WINDOWS\SYSTEM32\ntdll.dll
172236	39248	0x7ffc3ce0d6c4	ntdll.dll	0x9d6c4	C:\WINDOWS\SYSTEM32\ntdll.dll
172253	39252	0x7ffc3ce10fd4	ntdll.dll	0xa0fd4	C:\WINDOWS\SYSTEM32\ntdll.dll
172269	39256	0x7ffc3ce0d624	ntdll.dll	0x9d624	C:\WINDOWS\SYSTEM32\ntdll.dll
172288	39260	0x7ffc3ce0d624	ntdll.dll	0x9d624	C:\WINDOWS\SYSTEM32\ntdll.dll
172305	39268	0x7ffc3a941104	win32u.dll	0x1104	C:\WINDOWS\System32\win32u.dll
172323	39300	0x7ffc3a941104	win32u.dll	0x1104	C:\WINDOWS\System32\win32u.dll
172342	39384	0x7ffc3ce0d624	ntdll.dll	0x9d624	C:\WINDOWS\SYSTEM32\ntdll.dll
172360	39388	0x7ffc3a941104	win32u.dll	0x1104	C:\WINDOWS\System32\win32u.dll
172379	41552	0x7ffc3ce0d6c4	ntdll.dll	0x9d6c4	C:\WINDOWS\SYSTEM32\ntdll.dll
172402	41568	0x7ffc3ce0d624	ntdll.dll	0x9d624	C:\WINDOWS\SYSTEM32\ntdll.dll
172419	41572	0x7ffc3ce0e0f4	ntdll.dll	0x9e0f4	C:\WINDOWS\SYSTEM32\ntdll.dll
172436	41592	0x7ffc3ce0d624	ntdll.dll	0x9d624	C:\WINDOWS\SYSTEM32\ntdll.dll
172456	41596	0x7ffc3ce0d624	ntdll.dll	0x9d624	C:\WINDOWS\SYSTEM32\ntdll.dll
172472	41600	0x7ffc3ce0d624	ntdll.dll	0x9d624	C:\WINDOWS\SYSTEM32\ntdll.dll
172488	41604	0x7ffc3ce0d624	ntdll.dll	0x9d624	C:\WINDOWS\SYSTEM32\ntdll.dll
172507	41608	0x7ffc3ce0d624	ntdll.dll	0x9d624	C:\WINDOWS\SYSTEM32\ntdll.dll
172524	41612	0x7ffc3ce0d624	ntdll.dll	0x9d624	C:\WINDOWS\SYSTEM32\ntdll.dll
172539	41616	0x7ffc3ce0d624	ntdll.dll	0x9d624	C:\WINDOWS\SYSTEM32\ntdll.dll
172555	41620	0x7ffc3ce0d624	ntdll.dll	0x9d624	C:\WINDOWS\SYSTEM32\ntdll.dll
172573	41624	0x7ffc3ce0d624	ntdll.dll	0x9d624	C:\WINDOWS\SYSTEM32\ntdll.dll
172590	41628	0x7ffc3ce0d624	ntdll.dll	0x9d624	C:\WINDOWS\SYSTEM32\ntdll.dll
172607	41632	0x7ffc3ce0d624	ntdll.dll	0x9d624	C:\WINDOWS\SYSTEM32\ntdll.dll
172626	41636	0x7ffc3ce0e0f4	ntdll.dll	0x9e0f4	C:\WINDOWS\SYSTEM32\ntdll.dll
172641	41656	0x7ffc3ce0d624	ntdll.dll	0x9d624	C:\WINDOWS\SYSTEM32\ntdll.dll
172657	41660	0x7ffc3ce0d624	ntdll.dll	0x9d624	C:\WINDOWS\SYSTEM32\ntdll.dll
172673	41664	0x7ffc3ce0d624	ntdll.dll	0x9d624	C:\WINDOWS\SYSTEM32\ntdll.dll
172691	41668	0x7ffc3ce0d624	ntdll.dll	0x9d624	C:\WINDOWS\SYSTEM32\ntdll.dll
172709	41672	0x7ffc3ce0d624	ntdll.dll	0x9d624	C:\WINDOWS\SYSTEM32\ntdll.dll
172725	41676	0x7ffc3ce0d624	ntdll.dll	0x9d624	C:\WINDOWS\SYSTEM32\ntdll.dll
172743	41680	0x7ffc3ce0d624	ntdll.dll	0x9d624	C:\WINDOWS\SYSTEM32\ntdll.dll
172762	41684	0x7ffc3ce0d624	ntdll.dll	0x9d624	C:\WINDOWS\SYSTEM32\ntdll.dll
172781	41688	0x7ffc3ce0d624	ntdll.dll	0x9d624	C:\WINDOWS\SYSTEM32\ntdll.dll
172810	41692	0x7ffc3ce0d624	ntdll.dll	0x9d624	C:\WINDOWS\SYSTEM32\ntdll.dll
172826	35588	0x7ffc3ce11034	ntdll.dll	0xa1034	C:\WINDOWS\SYSTEM32\ntdll.dll
172844	42844	0x7ffc3ce11034	ntdll.dll	0xa1034	C:\WINDOWS\SYSTEM32\ntdll.dll
172867	42732	0x7ffc3ce11034	ntdll.dll	0xa1034	C:\WINDOWS\SYSTEM32\ntdll.dll
172891	39580	0x7ffc3ce11034	ntdll.dll	0xa1034	C:\WINDOWS\SYSTEM32\ntdll.dll
172911	39096	0x7ffc3ce11034	ntdll.dll	0xa1034	C:\WINDOWS\SYSTEM32\ntdll.dll
172936	37584	0x7ffc3ce11034	ntdll.dll	0xa1034	C:\WINDOWS\SYSTEM32\ntdll.dll
172958	42840	0x7ffc3ce11034	ntdll.dll	0xa1034	C:\WINDOWS\SYSTEM32\ntdll.dll
172980	44704	0x7ffc3ce11034	ntdll.dll	0xa1034	C:\WINDOWS\SYSTEM32\ntdll.dll
172999	44340	0x7ffc3ce11034	ntdll.dll	0xa1034	C:\WINDOWS\SYSTEM32\ntdll.dll
173018	44344	0x7ffc3ce103d4	ntdll.dll	0xa03d4	C:\WINDOWS\SYSTEM32\ntdll.dll
173037	35604	0x7ffc3ce10fd4	ntdll.dll	0xa0fd4	C:\WINDOWS\SYSTEM32\ntdll.dll
173054	37320	0x7ffc3ce11034	ntdll.dll	0xa1034	C:\WINDOWS\SYSTEM32\ntdll.dll
173073	16556	0x7ffc3ce0d624	ntdll.dll	0x9d624	C:\WINDOWS\SYSTEM32\ntdll.dll
173093	43856	0x7ffc3ce0d624	ntdll.dll	0x9d624	C:\WINDOWS\SYSTEM32\ntdll.dll
173116	29616	0x7ffc3ce0d624	ntdll.dll	0x9d624	C:\WINDOWS\SYSTEM32\ntdll.dll
173137	41900	0x7ffc3ce0d624	ntdll.dll	0x9d624	C:\WINDOWS\SYSTEM32\ntdll.dll
173155	43092	0x7ffc3ce0d624	ntdll.dll	0x9d624	C:\WINDOWS\SYSTEM32\ntdll.dll
173179	24564	0x7ffc3ce0d624	ntdll.dll	0x9d624	C:\WINDOWS\SYSTEM32\ntdll.dll
173201	22584	0x7ffc3ce0d624	ntdll.dll	0x9d624	C:\WINDOWS\SYSTEM32\ntdll.dll
173221	42540	0x7ffc3ce0d624	ntdll.dll	0x9d624	C:\WINDOWS\SYSTEM32\ntdll.dll
173244	40624	0x7ffc3ce0d624	ntdll.dll	0x9d624	C:\WINDOWS\SYSTEM32\ntdll.dll
173267	36832	0x7ffc3ce0d624	ntdll.dll	0x9d624	C:\WINDOWS\SYSTEM32\ntdll.dll
173288	38308	0x7ffc3ce0d624	ntdll.dll	0x9d624	C:\WINDOWS\SYSTEM32\ntdll.dll
173308	40196	0x7ffc3ce0d624	ntdll.dll	0x9d624	C:\WINDOWS\SYSTEM32\ntdll.dll
173331	38360	0x7ffc3ce0e0f4	ntdll.dll	0x9e0f4	C:\WINDOWS\SYSTEM32\ntdll.dll
173353	35856	0x7ffc3ce10fd4	ntdll.dll	0xa0fd4	C:\WINDOWS\SYSTEM32\ntdll.dll
173369	37256	0x7ffc3ce10fd4	ntdll.dll	0xa0fd4	C:\WINDOWS\SYSTEM32\ntdll.dll
173388	26580	0x7ffc3ce10fd4	ntdll.dll	0xa0fd4	C:\WINDOWS\SYSTEM32\ntdll.dll
173408	35592	0x7ffc3ce10fd4	ntdll.dll	0xa0fd4	C:\WINDOWS\SYSTEM32\ntdll.dll
173426	38096	0x7ffc3ce10fd4	ntdll.dll	0xa0fd4	C:\WINDOWS\SYSTEM32\ntdll.dll
173444	44212	0x7ffc3ce11034	ntdll.dll	0xa1034	C:\WINDOWS\SYSTEM32\ntdll.dll
173463	43196	0x7ffc3ce11034	ntdll.dll	0xa1034	C:\WINDOWS\SYSTEM32\ntdll.dll
173485	44284	0x7ffc3ce11034	ntdll.dll	0xa1034	C:\WINDOWS\SYSTEM32\ntdll.dll
173506	34660	0x7ffc3ce0d624	ntdll.dll	0x9d624	C:\WINDOWS\SYSTEM32\ntdll.dll
173523	10056	0x7ffc3ce11034	ntdll.dll	0xa1034	C:\WINDOWS\SYSTEM32\ntdll.dll
173540	39016	0x7ffc3ce11034	ntdll.dll	0xa1034	C:\WINDOWS\SYSTEM32\ntdll.dll
173558	43220	0x7ffc3ce11034	ntdll.dll	0xa1034	C:\WINDOWS\SYSTEM32\ntdll.dll
173579	39192	0x7ffc3ce11034	ntdll.dll	0xa1034	C:\WINDOWS\SYSTEM32\ntdll.dll
173596	39288	0x7ffc3ce11034	ntdll.dll	0xa1034	C:\WINDOWS\SYSTEM32\ntdll.dll
173615	40468	0x7ffc3ce11034	ntdll.dll	0xa1034	C:\WINDOWS\SYSTEM32\ntdll.dll
173639	13408	0x7ffc3ce0d624	ntdll.dll	0x9d624	C:\WINDOWS\SYSTEM32\ntdll.dll
173662	44852	0x7ffc3ce0e0f4	ntdll.dll	0x9e0f4	C:\WINDOWS\SYSTEM32\ntdll.dll
173682	39064	0x7ffc3ce0e0f4	ntdll.dll	0x9e0f4	C:\WINDOWS\SYSTEM32\ntdll.dll
173704	43724	0x7ffc3ce0d624	ntdll.dll	0x9d624	C:\WINDOWS\SYSTEM32\ntdll.dll
173723	35764	0x7ffc3ce0d624	ntdll.dll	0x9d624	C:\WINDOWS\SYSTEM32\ntdll.dll
173740	38084	0x7ffc3ce0d624	ntdll.dll	0x9d624	C:\WINDOWS\SYSTEM32\ntdll.dll
173757	29408	0x7ffc3ce0d624	ntdll.dll	0x9d624	C:\WINDOWS\SYSTEM32\ntdll.dll
173775	34948	0x7ffc3ce11034	ntdll.dll	0xa1034	C:\WINDOWS\SYSTEM32\ntdll.dll
173798	34956	0x7ffc3ce0d624	ntdll.dll	0x9d624	C:\WINDOWS\SYSTEM32\ntdll.dll
173822	38272	0x7ffc3ce0d624	ntdll.dll	0x9d624	C:\WINDOWS\SYSTEM32\ntdll.dll
173841	38148	0x7ffc3ce0d624	ntdll.dll	0x9d624	C:\WINDOWS\SYSTEM32\ntdll.dll
173861	44984	0x7ffc3ce0d624	ntdll.dll	0x9d624	C:\WINDOWS\SYSTEM32\ntdll.dll
173878	39808	0x7ffc3ce0d624	ntdll.dll	0x9d624	C:\WINDOWS\SYSTEM32\ntdll.dll
173910	27740	0x7ffc3ce0d624	ntdll.dll	0x9d624	C:\WINDOWS\SYSTEM32\ntdll.dll
173928	42600	0x7ffc3ce0d624	ntdll.dll	0x9d624	C:\WINDOWS\SYSTEM32\ntdll.dll
173945	28352	0x7ffc3ce0d624	ntdll.dll	0x9d624	C:\WINDOWS\SYSTEM32\ntdll.dll
173966	38248	0x7ffc3ce0d624	ntdll.dll	0x9d624	C:\WINDOWS\SYSTEM32\ntdll.dll
173984	45028	0x7ffc3ce0d624	ntdll.dll	0x9d624	C:\WINDOWS\SYSTEM32\ntdll.dll
174001	42588	0x7ffc3ce0e0f4	ntdll.dll	0x9e0f4	C:\WINDOWS\SYSTEM32\ntdll.dll
174020	35116	0x7ffc3ce11034	ntdll.dll	0xa1034	C:\WINDOWS\SYSTEM32\ntdll.dll
174043	34908	0x7ffc3ce11034	ntdll.dll	0xa1034	C:\WINDOWS\SYSTEM32\ntdll.dll
174064	24164	0x7ffc3ce11034	ntdll.dll	0xa1034	C:\WINDOWS\SYSTEM32\ntdll.dll
174083	30500	0x7ffc3ce11034	ntdll.dll	0xa1034	C:\WINDOWS\SYSTEM32\ntdll.dll
174102	42972	0x7ffc3ce11034	ntdll.dll	0xa1034	C:\WINDOWS\SYSTEM32\ntdll.dll
184412	33248	0x7ffc3a941104	win32u.dll	0x1104	C:\WINDOWS\System32\win32u.dll
184449	10380	0x7ffc3ce10fd4	ntdll.dll	0xa0fd4	C:\WINDOWS\SYSTEM32\ntdll.dll
184473	37804	0x7ffc3ce10fd4	ntdll.dll	0xa0fd4	C:\WINDOWS\SYSTEM32\ntdll.dll
184512	31968	0x7ffc3ce10fd4	ntdll.dll	0xa0fd4	C:\WINDOWS\SYSTEM32\ntdll.dll
184555	700	0x7ffc3ce0e0f4	ntdll.dll	0x9e0f4	C:\WINDOWS\SYSTEM32\ntdll.dll
184581	33888	0x7ffc3ce0d6c4	ntdll.dll	0x9d6c4	C:\WINDOWS\SYSTEM32\ntdll.dll
184604	34776	0x7ffc3ce0d6c4	ntdll.dll	0x9d6c4	C:\WINDOWS\SYSTEM32\ntdll.dll
184636	34496	0x7ffc3ce10fd4	ntdll.dll	0xa0fd4	C:\WINDOWS\SYSTEM32\ntdll.dll
184694	37644	0x7ffc3ce10fd4	ntdll.dll	0xa0fd4	C:\WINDOWS\SYSTEM32\ntdll.dll
184727	37640	0x7ffc3ce10fd4	ntdll.dll	0xa0fd4	C:\WINDOWS\SYSTEM32\ntdll.dll
184754	36668	0x7ffc3ce11034	ntdll.dll	0xa1034	C:\WINDOWS\SYSTEM32\ntdll.dll
184797	26628	0x7ffc3a94a124	win32u.dll	0xa124	C:\WINDOWS\System32\win32u.dll
184835	35068	0x7ffc3ce10fd4	ntdll.dll	0xa0fd4	C:\WINDOWS\SYSTEM32\ntdll.dll
184871	36428	0x7ffc3ce0e0f4	ntdll.dll	0x9e0f4	C:\WINDOWS\SYSTEM32\ntdll.dll
184902	35996	0x7ffc3ce0e0f4	ntdll.dll	0x9e0f4	C:\WINDOWS\SYSTEM32\ntdll.dll
184942	19780	0x7ffc3ce0e0f4	ntdll.dll	0x9e0f4	C:\WINDOWS\SYSTEM32\ntdll.dll
184970	22404	0x7ffc3ce0d6c4	ntdll.dll	0x9d6c4	C:\WINDOWS\SYSTEM32\ntdll.dll
184992	34704	0x7ffc3ce0d6c4	ntdll.dll	0x9d6c4	C:\WINDOWS\SYSTEM32\ntdll.dll
185010	28184	0x7ffc3ce0d624	ntdll.dll	0x9d624	C:\WINDOWS\SYSTEM32\ntdll.dll
185028	38852	0x7ffc3ce11034	ntdll.dll	0xa1034	C:\WINDOWS\SYSTEM32\ntdll.dll
185044	19796	0x7ffc3ce0d624	ntdll.dll	0x9d624	C:\WINDOWS\SYSTEM32\ntdll.dll
185066	28764	0x7ffc3ce0d624	ntdll.dll	0x9d624	C:\WINDOWS\SYSTEM32\ntdll.dll
185089	38056	0x7ffc3ce0d624	ntdll.dll	0x9d624	C:\WINDOWS\SYSTEM32\ntdll.dll
185110	33572	0x7ffc3ce0d6c4	ntdll.dll	0x9d6c4	C:\WINDOWS\SYSTEM32\ntdll.dll
185129	36376	0x7ffc3ce0e0f4	ntdll.dll	0x9e0f4	C:\WINDOWS\SYSTEM32\ntdll.dll
185148	13352	0x7ffc3a94a124	win32u.dll	0xa124	C:\WINDOWS\System32\win32u.dll
185167	37056	0x7ffc3ce0e0f4	ntdll.dll	0x9e0f4	C:\WINDOWS\SYSTEM32\ntdll.dll
185186	31464	0x7ffc3ce0d624	ntdll.dll	0x9d624	C:\WINDOWS\SYSTEM32\ntdll.dll
185202	36532	0x7ffc3ce0d6c4	ntdll.dll	0x9d6c4	C:\WINDOWS\SYSTEM32\ntdll.dll
185218	12684	0x7ffc3ce10fd4	ntdll.dll	0xa0fd4	C:\WINDOWS\SYSTEM32\ntdll.dll
185233	32208	0x7ffc3ce10fd4	ntdll.dll	0xa0fd4	C:\WINDOWS\SYSTEM32\ntdll.dll
185250	38716	0x7ffc3ce0d624	ntdll.dll	0x9d624	C:\WINDOWS\SYSTEM32\ntdll.dll
185269	35200	0x7ffc3ce0e0f4	ntdll.dll	0x9e0f4	C:\WINDOWS\SYSTEM32\ntdll.dll
185287	15148	0x7ffc3ce0d624	ntdll.dll	0x9d624	C:\WINDOWS\SYSTEM32\ntdll.dll
185307	13956	0x7ffc3ce0d624	ntdll.dll	0x9d624	C:\WINDOWS\SYSTEM32\ntdll.dll
185323	29528	0x7ffc3ce0d624	ntdll.dll	0x9d624	C:\WINDOWS\SYSTEM32\ntdll.dll
185340	17028	0x7ffc3ce0d624	ntdll.dll	0x9d624	C:\WINDOWS\SYSTEM32\ntdll.dll
185360	27652	0x7ffc3ce0d624	ntdll.dll	0x9d624	C:\WINDOWS\SYSTEM32\ntdll.dll
185376	34320	0x7ffc3ce0d624	ntdll.dll	0x9d624	C:\WINDOWS\SYSTEM32\ntdll.dll
185391	33620	0x7ffc3ce0d624	ntdll.dll	0x9d624	C:\WINDOWS\SYSTEM32\ntdll.dll
185407	36712	0x7ffc3ce0d624	ntdll.dll	0x9d624	C:\WINDOWS\SYSTEM32\ntdll.dll
185423	18760	0x7ffc3ce0d624	ntdll.dll	0x9d624	C:\WINDOWS\SYSTEM32\ntdll.dll
185475	37364	0x7ffc3ce0d624	ntdll.dll	0x9d624	C:\WINDOWS\SYSTEM32\ntdll.dll
185492	28596	0x7ffc3ce0d624	ntdll.dll	0x9d624	C:\WINDOWS\SYSTEM32\ntdll.dll
185507	33908	0x7ffc3ce0d624	ntdll.dll	0x9d624	C:\WINDOWS\SYSTEM32\ntdll.dll
185523	14192	0x7ffc3ce0d624	ntdll.dll	0x9d624	C:\WINDOWS\SYSTEM32\ntdll.dll
185541	29548	0x7ffc3ce0e0f4	ntdll.dll	0x9e0f4	C:\WINDOWS\SYSTEM32\ntdll.dll
185560	6688	0x7ffc3ce0d624	ntdll.dll	0x9d624	C:\WINDOWS\SYSTEM32\ntdll.dll
185576	14692	0x7ffc3ce10fd4	ntdll.dll	0xa0fd4	C:\WINDOWS\SYSTEM32\ntdll.dll
185591	34840	0x7ffc3ce10fd4	ntdll.dll	0xa0fd4	C:\WINDOWS\SYSTEM32\ntdll.dll
185608	28620	0x7ffc3ce0e0f4	ntdll.dll	0x9e0f4	C:\WINDOWS\SYSTEM32\ntdll.dll
185624	37852	0x7ffc3ce0d6c4	ntdll.dll	0x9d6c4	C:\WINDOWS\SYSTEM32\ntdll.dll
185643	37380	0x7ffc3ce0e0f4	ntdll.dll	0x9e0f4	C:\WINDOWS\SYSTEM32\ntdll.dll
185659	38848	0x7ffc3ce0d6c4	ntdll.dll	0x9d6c4	C:\WINDOWS\SYSTEM32\ntdll.dll
185677	33300	0x7ffc3ce0e0f4	ntdll.dll	0x9e0f4	C:\WINDOWS\SYSTEM32\ntdll.dll
185695	33304	0x7ffc3ce0d6c4	ntdll.dll	0x9d6c4	C:\WINDOWS\SYSTEM32\ntdll.dll
185710	11196	0x7ffc3ce0d624	ntdll.dll	0x9d624	C:\WINDOWS\SYSTEM32\ntdll.dll
185725	31576	0x7ffc3ce0d6c4	ntdll.dll	0x9d6c4	C:\WINDOWS\SYSTEM32\ntdll.dll
185743	38736	0x7ffc3a941104	win32u.dll	0x1104	C:\WINDOWS\System32\win32u.dll
185759	38356	0x7ffc3ce0e0f4	ntdll.dll	0x9e0f4	C:\WINDOWS\SYSTEM32\ntdll.dll
185777	38380	0x7ffc3ce0d624	ntdll.dll	0x9d624	C:\WINDOWS\SYSTEM32\ntdll.dll
185793	32704	0x7ffc3ce0d624	ntdll.dll	0x9d624	C:\WINDOWS\SYSTEM32\ntdll.dll
185810	38484	0x7ffc3ce0d624	ntdll.dll	0x9d624	C:\WINDOWS\SYSTEM32\ntdll.dll
185828	38876	0x7ffc3ce10fd4	ntdll.dll	0xa0fd4	C:\WINDOWS\SYSTEM32\ntdll.dll
185844	34896	0x7ffc3ce10fd4	ntdll.dll	0xa0fd4	C:\WINDOWS\SYSTEM32\ntdll.dll
185860	38456	0x7ffc3ce10fd4	ntdll.dll	0xa0fd4	C:\WINDOWS\SYSTEM32\ntdll.dll
185876	38172	0x7ffc3ce0d624	ntdll.dll	0x9d624	C:\WINDOWS\SYSTEM32\ntdll.dll
185892	28272	0x7ffc3ce0d6c4	ntdll.dll	0x9d6c4	C:\WINDOWS\SYSTEM32\ntdll.dll
185909	34772	0x7ffc3ce0d6c4	ntdll.dll	0x9d6c4	C:\WINDOWS\SYSTEM32\ntdll.dll
185924	37384	0x7ffc3ce0d6c4	ntdll.dll	0x9d6c4	C:\WINDOWS\SYSTEM32\ntdll.dll
185939	33920	0x7ffc3ce0d6c4	ntdll.dll	0x9d6c4	C:\WINDOWS\SYSTEM32\ntdll.dll
185956	34548	0x7ffc3ce0e0f4	ntdll.dll	0x9e0f4	C:\WINDOWS\SYSTEM32\ntdll.dll
185973	36796	0x7ffc3ce0d6c4	ntdll.dll	0x9d6c4	C:\WINDOWS\SYSTEM32\ntdll.dll
185991	36628	0x7ffc3ce0d6c4	ntdll.dll	0x9d6c4	C:\WINDOWS\SYSTEM32\ntdll.dll
186007	13652	0x7ffc3ce0d6c4	ntdll.dll	0x9d6c4	C:\WINDOWS\SYSTEM32\ntdll.dll
186022	32520	0x7ffc3ce0d6c4	ntdll.dll	0x9d6c4	C:\WINDOWS\SYSTEM32\ntdll.dll
186037	33744	0x7ffc3ce0d6c4	ntdll.dll	0x9d6c4	C:\WINDOWS\SYSTEM32\ntdll.dll
186055	36636	0x7ffc3ce10fd4	ntdll.dll	0xa0fd4	C:\WINDOWS\SYSTEM32\ntdll.dll
186075	35812	0x7ffc3ce0d624	ntdll.dll	0x9d624	C:\WINDOWS\SYSTEM32\ntdll.dll
186095	36112	0x7ffc3ce10fd4	ntdll.dll	0xa0fd4	C:\WINDOWS\SYSTEM32\ntdll.dll
186116	18020	0x7ffc3ce0e0f4	ntdll.dll	0x9e0f4	C:\WINDOWS\SYSTEM32\ntdll.dll
186133	27584	0x7ffc3ce10fd4	ntdll.dll	0xa0fd4	C:\WINDOWS\SYSTEM32\ntdll.dll
186150	2996	0x7ffc3ce0e0f4	ntdll.dll	0x9e0f4	C:\WINDOWS\SYSTEM32\ntdll.dll
186168	35460	0x7ffc3ce10fd4	ntdll.dll	0xa0fd4	C:\WINDOWS\SYSTEM32\ntdll.dll
186185	38008	0x7ffc3ce0d624	ntdll.dll	0x9d624	C:\WINDOWS\SYSTEM32\ntdll.dll
186203	33284	0x7ffc3ce0e0f4	ntdll.dll	0x9e0f4	C:\WINDOWS\SYSTEM32\ntdll.dll
186222	28676	0x7ffc3ce0d624	ntdll.dll	0x9d624	C:\WINDOWS\SYSTEM32\ntdll.dll
186241	7328	0x7ffc3ce10fd4	ntdll.dll	0xa0fd4	C:\WINDOWS\SYSTEM32\ntdll.dll
186258	37628	0x7ffc3ce10fd4	ntdll.dll	0xa0fd4	C:\WINDOWS\SYSTEM32\ntdll.dll
186276	38748	0x7ffc3ce0d624	ntdll.dll	0x9d624	C:\WINDOWS\SYSTEM32\ntdll.dll
186294	33496	0x7ffc3ce10fd4	ntdll.dll	0xa0fd4	C:\WINDOWS\SYSTEM32\ntdll.dll
186314	27132	0x7ffc3ce0e0f4	ntdll.dll	0x9e0f4	C:\WINDOWS\SYSTEM32\ntdll.dll
186333	31736	0x7ffc3ce10fd4	ntdll.dll	0xa0fd4	C:\WINDOWS\SYSTEM32\ntdll.dll
186351	36960	0x7ffc3ce0e0f4	ntdll.dll	0x9e0f4	C:\WINDOWS\SYSTEM32\ntdll.dll
186370	20576	0x7ffc3ce10fd4	ntdll.dll	0xa0fd4	C:\WINDOWS\SYSTEM32\ntdll.dll
186386	34164	0x7ffc3ce10fd4	ntdll.dll	0xa0fd4	C:\WINDOWS\SYSTEM32\ntdll.dll
186419	38144	0x7ffc3ce10fd4	ntdll.dll	0xa0fd4	C:\WINDOWS\SYSTEM32\ntdll.dll
186438	33932	0x7ffc3ce10fd4	ntdll.dll	0xa0fd4	C:\WINDOWS\SYSTEM32\ntdll.dll
186455	29568	0x7ffc3ce10fd4	ntdll.dll	0xa0fd4	C:\WINDOWS\SYSTEM32\ntdll.dll
186476	38884	0x7ffc3ce0e0f4	ntdll.dll	0x9e0f4	C:\WINDOWS\SYSTEM32\ntdll.dll
186493	30684	0x7ffc3ce10fd4	ntdll.dll	0xa0fd4	C:\WINDOWS\SYSTEM32\ntdll.dll
186514	38260	0x7ffc3ce10fd4	ntdll.dll	0xa0fd4	C:\WINDOWS\SYSTEM32\ntdll.dll
186536	29588	0x7ffc3ce10fd4	ntdll.dll	0xa0fd4	C:\WINDOWS\SYSTEM32\ntdll.dll
186554	38232	0x7ffc3ce10fd4	ntdll.dll	0xa0fd4	C:\WINDOWS\SYSTEM32\ntdll.dll
186572	38812	0x7ffc3ce0d6c4	ntdll.dll	0x9d6c4	C:\WINDOWS\SYSTEM32\ntdll.dll
186589	35540	0x7ffc3ce0d6c4	ntdll.dll	0x9d6c4	C:\WINDOWS\SYSTEM32\ntdll.dll
186604	31888	0x7ffc3ce10fd4	ntdll.dll	0xa0fd4	C:\WINDOWS\SYSTEM32\ntdll.dll
186620	12908	0x7ffc3ce10fd4	ntdll.dll	0xa0fd4	C:\WINDOWS\SYSTEM32\ntdll.dll
186637	34508	0x7ffc3ce10fd4	ntdll.dll	0xa0fd4	C:\WINDOWS\SYSTEM32\ntdll.dll
186657	34276	0x7ffc3ce10fd4	ntdll.dll	0xa0fd4	C:\WINDOWS\SYSTEM32\ntdll.dll
186676	37940	0x7ffc3ce10fd4	ntdll.dll	0xa0fd4	C:\WINDOWS\SYSTEM32\ntdll.dll
186696	29192	0x7ffc3ce10fd4	ntdll.dll	0xa0fd4	C:\WINDOWS\SYSTEM32\ntdll.dll
186717	37736	0x7ffc3ce10fd4	ntdll.dll	0xa0fd4	C:\WINDOWS\SYSTEM32\ntdll.dll
186741	33220	0x7ffc3ce10fd4	ntdll.dll	0xa0fd4	C:\WINDOWS\SYSTEM32\ntdll.dll
186759	12692	0x7ffc3ce10fd4	ntdll.dll	0xa0fd4	C:\WINDOWS\SYSTEM32\ntdll.dll
186775	33984	0x7ffc3ce10fd4	ntdll.dll	0xa0fd4	C:\WINDOWS\SYSTEM32\ntdll.dll
186794	38224	0x7ffc3ce10fd4	ntdll.dll	0xa0fd4	C:\WINDOWS\SYSTEM32\ntdll.dll
186812	28292	0x7ffc3ce10fd4	ntdll.dll	0xa0fd4	C:\WINDOWS\SYSTEM32\ntdll.dll
186831	35252	0x7ffc3ce10fd4	ntdll.dll	0xa0fd4	C:\WINDOWS\SYSTEM32\ntdll.dll
186851	38044	0x7ffc3ce10fd4	ntdll.dll	0xa0fd4	C:\WINDOWS\SYSTEM32\ntdll.dll
186868	38340	0x7ffc3ce10fd4	ntdll.dll	0xa0fd4	C:\WINDOWS\SYSTEM32\ntdll.dll
186886	13736	0x7ffc3ce10fd4	ntdll.dll	0xa0fd4	C:\WINDOWS\SYSTEM32\ntdll.dll
186905	38192	0x7ffc3ce10fd4	ntdll.dll	0xa0fd4	C:\WINDOWS\SYSTEM32\ntdll.dll
186927	36272	0x7ffc3ce10fd4	ntdll.dll	0xa0fd4	C:\WINDOWS\SYSTEM32\ntdll.dll
186946	25612	0x7ffc3ce0d6c4	ntdll.dll	0x9d6c4	C:\WINDOWS\SYSTEM32\ntdll.dll
186963	38384	0x7ffc3ce11034	ntdll.dll	0xa1034	C:\WINDOWS\SYSTEM32\ntdll.dll
186982	33108	0x7ffc3ce0d6c4	ntdll.dll	0x9d6c4	C:\WINDOWS\SYSTEM32\ntdll.dll
187001	34820	0x7ffc3ce11034	ntdll.dll	0xa1034	C:\WINDOWS\SYSTEM32\ntdll.dll
187022	36648	0x7ffc3ce0d624	ntdll.dll	0x9d624	C:\WINDOWS\SYSTEM32\ntdll.dll
187042	38412	0x7ffc3a941104	win32u.dll	0x1104	C:\WINDOWS\System32\win32u.dll
187061	26804	0x7ffc3ce11034	ntdll.dll	0xa1034	C:\WINDOWS\SYSTEM32\ntdll.dll
187079	34564	0x7ffc3ce10fd4	ntdll.dll	0xa0fd4	C:\WINDOWS\SYSTEM32\ntdll.dll
187095	26280	0x7ffc3ce10fd4	ntdll.dll	0xa0fd4	C:\WINDOWS\SYSTEM32\ntdll.dll
187113	37740	0x7ffc3ce0d6c4	ntdll.dll	0x9d6c4	C:\WINDOWS\SYSTEM32\ntdll.dll
187136	37892	0x7ffc3ce0d624	ntdll.dll	0x9d624	C:\WINDOWS\SYSTEM32\ntdll.dll
187155	38840	0x7ffc3ce0e0f4	ntdll.dll	0x9e0f4	C:\WINDOWS\SYSTEM32\ntdll.dll
187174	36632	0x7ffc3ce10fd4	ntdll.dll	0xa0fd4	C:\WINDOWS\SYSTEM32\ntdll.dll
187195	23456	0x7ffc3ce10fd4	ntdll.dll	0xa0fd4	C:\WINDOWS\SYSTEM32\ntdll.dll
187212	29500	0x7ffc3ce10fd4	ntdll.dll	0xa0fd4	C:\WINDOWS\SYSTEM32\ntdll.dll
187231	2556	0x7ffc3ce10fd4	ntdll.dll	0xa0fd4	C:\WINDOWS\SYSTEM32\ntdll.dll
187252	16324	0x7ffc3ce10fd4	ntdll.dll	0xa0fd4	C:\WINDOWS\SYSTEM32\ntdll.dll
187272	26548	0x7ffc3ce10fd4	ntdll.dll	0xa0fd4	C:\WINDOWS\SYSTEM32\ntdll.dll
187295	38388	0x7ffc3ce10fd4	ntdll.dll	0xa0fd4	C:\WINDOWS\SYSTEM32\ntdll.dll
187316	13588	0x7ffc3ce10fd4	ntdll.dll	0xa0fd4	C:\WINDOWS\SYSTEM32\ntdll.dll
187344	13776	0x7ffc3ce10fd4	ntdll.dll	0xa0fd4	C:\WINDOWS\SYSTEM32\ntdll.dll
187366	27000	0x7ffc3ce10fd4	ntdll.dll	0xa0fd4	C:\WINDOWS\SYSTEM32\ntdll.dll
187383	35508	0x7ffc3ce10fd4	ntdll.dll	0xa0fd4	C:\WINDOWS\SYSTEM32\ntdll.dll
187404	34444	0x7ffc3ce10fd4	ntdll.dll	0xa0fd4	C:\WINDOWS\SYSTEM32\ntdll.dll
187425	28732	0x7ffc3ce10fd4	ntdll.dll	0xa0fd4	C:\WINDOWS\SYSTEM32\ntdll.dll
187444	26616	0x7ffc3ce10fd4	ntdll.dll	0xa0fd4	C:\WINDOWS\SYSTEM32\ntdll.dll
187543	37132	0x7ffc3ce10fd4	ntdll.dll	0xa0fd4	C:\WINDOWS\SYSTEM32\ntdll.dll
187569	20024	0x7ffc3ce10fd4	ntdll.dll	0xa0fd4	C:\WINDOWS\SYSTEM32\ntdll.dll
187604	37760	0x7ffc3ce10fd4	ntdll.dll	0xa0fd4	C:\WINDOWS\SYSTEM32\ntdll.dll
187629	31852	0x7ffc3ce10fd4	ntdll.dll	0xa0fd4	C:\WINDOWS\SYSTEM32\ntdll.dll
187649	37624	0x7ffc3ce10fd4	ntdll.dll	0xa0fd4	C:\WINDOWS\SYSTEM32\ntdll.dll
187672	38048	0x7ffc3ce10fd4	ntdll.dll	0xa0fd4	C:\WINDOWS\SYSTEM32\ntdll.dll
187696	30536	0x7ffc3ce10fd4	ntdll.dll	0xa0fd4	C:\WINDOWS\SYSTEM32\ntdll.dll
187714	8688	0x7ffc3ce0d6c4	ntdll.dll	0x9d6c4	C:\WINDOWS\SYSTEM32\ntdll.dll
187733	764	0x7ffc3ce0d624	ntdll.dll	0x9d624	C:\WINDOWS\SYSTEM32\ntdll.dll
187755	29356	0x7ffc3ce0d624	ntdll.dll	0x9d624	C:\WINDOWS\SYSTEM32\ntdll.dll
187781	32352	0x7ffc3ce0e0f4	ntdll.dll	0x9e0f4	C:\WINDOWS\SYSTEM32\ntdll.dll
187805	38936	0x7ffc3ce0d624	ntdll.dll	0x9d624	C:\WINDOWS\SYSTEM32\ntdll.dll
187826	38944	0x7ffc3ce0d624	ntdll.dll	0x9d624	C:\WINDOWS\SYSTEM32\ntdll.dll
187852	38952	0x7ffc3ce0d624	ntdll.dll	0x9d624	C:\WINDOWS\SYSTEM32\ntdll.dll
187881	38960	0x7ffc3ce0d624	ntdll.dll	0x9d624	C:\WINDOWS\SYSTEM32\ntdll.dll
187904	38968	0x7ffc3ce0d624	ntdll.dll	0x9d624	C:\WINDOWS\SYSTEM32\ntdll.dll
187933	38976	0x7ffc3ce0d624	ntdll.dll	0x9d624	C:\WINDOWS\SYSTEM32\ntdll.dll
187955	38984	0x7ffc3ce0d624	ntdll.dll	0x9d624	C:\WINDOWS\SYSTEM32\ntdll.dll
187976	38992	0x7ffc3ce0d624	ntdll.dll	0x9d624	C:\WINDOWS\SYSTEM32\ntdll.dll
187996	39000	0x7ffc3ce0d624	ntdll.dll	0x9d624	C:\WINDOWS\SYSTEM32\ntdll.dll
188020	39008	0x7ffc3ce0d624	ntdll.dll	0x9d624	C:\WINDOWS\SYSTEM32\ntdll.dll
188038	39028	0x7ffc3ce0e0f4	ntdll.dll	0x9e0f4	C:\WINDOWS\SYSTEM32\ntdll.dll
188056	39212	0x7ffc3ce10fd4	ntdll.dll	0xa0fd4	C:\WINDOWS\SYSTEM32\ntdll.dll
188080	39240	0x7ffc3ce0d624	ntdll.dll	0x9d624	C:\WINDOWS\SYSTEM32\ntdll.dll
188096	39244	0x7ffc3ce0d6c4	ntdll.dll	0x9d6c4	C:\WINDOWS\SYSTEM32\ntdll.dll
188114	39248	0x7ffc3ce0d6c4	ntdll.dll	0x9d6c4	C:\WINDOWS\SYSTEM32\ntdll.dll
188135	39252	0x7ffc3ce10fd4	ntdll.dll	0xa0fd4	C:\WINDOWS\SYSTEM32\ntdll.dll
188157	39256	0x7ffc3ce0d624	ntdll.dll	0x9d624	C:\WINDOWS\SYSTEM32\ntdll.dll
188181	39260	0x7ffc3ce0d624	ntdll.dll	0x9d624	C:\WINDOWS\SYSTEM32\ntdll.dll
188204	39268	0x7ffc3a941104	win32u.dll	0x1104	C:\WINDOWS\System32\win32u.dll
188230	39300	0x7ffc3a941104	win32u.dll	0x1104	C:\WINDOWS\System32\win32u.dll
188251	39384	0x7ffc3ce0d624	ntdll.dll	0x9d624	C:\WINDOWS\SYSTEM32\ntdll.dll
188269	39388	0x7ffc3a941104	win32u.dll	0x1104	C:\WINDOWS\System32\win32u.dll
188287	41552	0x7ffc3ce0d6c4	ntdll.dll	0x9d6c4	C:\WINDOWS\SYSTEM32\ntdll.dll
188306	41568	0x7ffc3ce0d624	ntdll.dll	0x9d624	C:\WINDOWS\SYSTEM32\ntdll.dll
188324	41572	0x7ffc3ce0e0f4	ntdll.dll	0x9e0f4	C:\WINDOWS\SYSTEM32\ntdll.dll
188342	41592	0x7ffc3ce0d624	ntdll.dll	0x9d624	C:\WINDOWS\SYSTEM32\ntdll.dll
188361	41596	0x7ffc3ce0d624	ntdll.dll	0x9d624	C:\WINDOWS\SYSTEM32\ntdll.dll
188383	41600	0x7ffc3ce0d624	ntdll.dll	0x9d624	C:\WINDOWS\SYSTEM32\ntdll.dll
188405	41604	0x7ffc3ce0d624	ntdll.dll	0x9d624	C:\WINDOWS\SYSTEM32\ntdll.dll
188422	41608	0x7ffc3ce0d624	ntdll.dll	0x9d624	C:\WINDOWS\SYSTEM32\ntdll.dll
188442	41612	0x7ffc3ce0d624	ntdll.dll	0x9d624	C:\WINDOWS\SYSTEM32\ntdll.dll
188463	41616	0x7ffc3ce0d624	ntdll.dll	0x9d624	C:\WINDOWS\SYSTEM32\ntdll.dll
188480	41620	0x7ffc3ce0d624	ntdll.dll	0x9d624	C:\WINDOWS\SYSTEM32\ntdll.dll
188497	41624	0x7ffc3ce0d624	ntdll.dll	0x9d624	C:\WINDOWS\SYSTEM32\ntdll.dll
188517	41628	0x7ffc3ce0d624	ntdll.dll	0x9d624	C:\WINDOWS\SYSTEM32\ntdll.dll
188538	41632	0x7ffc3ce0d624	ntdll.dll	0x9d624	C:\WINDOWS\SYSTEM32\ntdll.dll
188557	41636	0x7ffc3ce0e0f4	ntdll.dll	0x9e0f4	C:\WINDOWS\SYSTEM32\ntdll.dll
188576	41656	0x7ffc3ce0d624	ntdll.dll	0x9d624	C:\WINDOWS\SYSTEM32\ntdll.dll
188594	41660	0x7ffc3ce0d624	ntdll.dll	0x9d624	C:\WINDOWS\SYSTEM32\ntdll.dll
188616	41664	0x7ffc3ce0d624	ntdll.dll	0x9d624	C:\WINDOWS\SYSTEM32\ntdll.dll
188638	41668	0x7ffc3ce0d624	ntdll.dll	0x9d624	C:\WINDOWS\SYSTEM32\ntdll.dll
188658	41672	0x7ffc3ce0d624	ntdll.dll	0x9d624	C:\WINDOWS\SYSTEM32\ntdll.dll
188680	41676	0x7ffc3ce0d624	ntdll.dll	0x9d624	C:\WINDOWS\SYSTEM32\ntdll.dll
188711	41680	0x7ffc3ce0d624	ntdll.dll	0x9d624	C:\WINDOWS\SYSTEM32\ntdll.dll
188729	41684	0x7ffc3ce0d624	ntdll.dll	0x9d624	C:\WINDOWS\SYSTEM32\ntdll.dll
188749	41688	0x7ffc3ce0d624	ntdll.dll	0x9d624	C:\WINDOWS\SYSTEM32\ntdll.dll
188770	41692	0x7ffc3ce0d624	ntdll.dll	0x9d624	C:\WINDOWS\SYSTEM32\ntdll.dll
188791	35588	0x7ffc3ce11034	ntdll.dll	0xa1034	C:\WINDOWS\SYSTEM32\ntdll.dll
188809	42844	0x7ffc3ce11034	ntdll.dll	0xa1034	C:\WINDOWS\SYSTEM32\ntdll.dll
188825	42732	0x7ffc3ce11034	ntdll.dll	0xa1034	C:\WINDOWS\SYSTEM32\ntdll.dll
188842	39580	0x7ffc3ce11034	ntdll.dll	0xa1034	C:\WINDOWS\SYSTEM32\ntdll.dll
188860	39096	0x7ffc3ce11034	ntdll.dll	0xa1034	C:\WINDOWS\SYSTEM32\ntdll.dll
188880	37584	0x7ffc3ce11034	ntdll.dll	0xa1034	C:\WINDOWS\SYSTEM32\ntdll.dll
188901	42840	0x7ffc3ce11034	ntdll.dll	0xa1034	C:\WINDOWS\SYSTEM32\ntdll.dll
188920	44704	0x7ffc3ce11034	ntdll.dll	0xa1034	C:\WINDOWS\SYSTEM32\ntdll.dll
188937	44340	0x7ffc3ce11034	ntdll.dll	0xa1034	C:\WINDOWS\SYSTEM32\ntdll.dll
188955	44344	0x7ffc3ce103d4	ntdll.dll	0xa03d4	C:\WINDOWS\SYSTEM32\ntdll.dll
188974	35604	0x7ffc3ce10fd4	ntdll.dll	0xa0fd4	C:\WINDOWS\SYSTEM32\ntdll.dll
188994	37320	0x7ffc3ce11034	ntdll.dll	0xa1034	C:\WINDOWS\SYSTEM32\ntdll.dll
189011	16556	0x7ffc3ce0d624	ntdll.dll	0x9d624	C:\WINDOWS\SYSTEM32\ntdll.dll
189029	43856	0x7ffc3ce0d624	ntdll.dll	0x9d624	C:\WINDOWS\SYSTEM32\ntdll.dll
189048	29616	0x7ffc3ce0d624	ntdll.dll	0x9d624	C:\WINDOWS\SYSTEM32\ntdll.dll
189066	41900	0x7ffc3ce0d624	ntdll.dll	0x9d624	C:\WINDOWS\SYSTEM32\ntdll.dll
189088	43092	0x7ffc3ce0d624	ntdll.dll	0x9d624	C:\WINDOWS\SYSTEM32\ntdll.dll
189110	24564	0x7ffc3ce0d624	ntdll.dll	0x9d624	C:\WINDOWS\SYSTEM32\ntdll.dll
189126	22584	0x7ffc3ce0d624	ntdll.dll	0x9d624	C:\WINDOWS\SYSTEM32\ntdll.dll
189145	42540	0x7ffc3ce0d624	ntdll.dll	0x9d624	C:\WINDOWS\SYSTEM32\ntdll.dll
189166	40624	0x7ffc3ce0d624	ntdll.dll	0x9d624	C:\WINDOWS\SYSTEM32\ntdll.dll
189187	36832	0x7ffc3ce0d624	ntdll.dll	0x9d624	C:\WINDOWS\SYSTEM32\ntdll.dll
189206	38308	0x7ffc3ce0d624	ntdll.dll	0x9d624	C:\WINDOWS\SYSTEM32\ntdll.dll
189225	40196	0x7ffc3ce0d624	ntdll.dll	0x9d624	C:\WINDOWS\SYSTEM32\ntdll.dll
189241	38360	0x7ffc3ce0e0f4	ntdll.dll	0x9e0f4	C:\WINDOWS\SYSTEM32\ntdll.dll
189260	35856	0x7ffc3ce10fd4	ntdll.dll	0xa0fd4	C:\WINDOWS\SYSTEM32\ntdll.dll
189279	37256	0x7ffc3ce10fd4	ntdll.dll	0xa0fd4	C:\WINDOWS\SYSTEM32\ntdll.dll
189296	26580	0x7ffc3ce10fd4	ntdll.dll	0xa0fd4	C:\WINDOWS\SYSTEM32\ntdll.dll
189315	35592	0x7ffc3ce10fd4	ntdll.dll	0xa0fd4	C:\WINDOWS\SYSTEM32\ntdll.dll
189333	38096	0x7ffc3ce10fd4	ntdll.dll	0xa0fd4	C:\WINDOWS\SYSTEM32\ntdll.dll
189348	44212	0x7ffc3ce11034	ntdll.dll	0xa1034	C:\WINDOWS\SYSTEM32\ntdll.dll
189366	43196	0x7ffc3ce11034	ntdll.dll	0xa1034	C:\WINDOWS\SYSTEM32\ntdll.dll
189387	44284	0x7ffc3ce11034	ntdll.dll	0xa1034	C:\WINDOWS\SYSTEM32\ntdll.dll
189406	34660	0x7ffc3ce0d624	ntdll.dll	0x9d624	C:\WINDOWS\SYSTEM32\ntdll.dll
189426	10056	0x7ffc3ce11034	ntdll.dll	0xa1034	C:\WINDOWS\SYSTEM32\ntdll.dll
189445	39016	0x7ffc3ce11034	ntdll.dll	0xa1034	C:\WINDOWS\SYSTEM32\ntdll.dll
189463	43220	0x7ffc3ce11034	ntdll.dll	0xa1034	C:\WINDOWS\SYSTEM32\ntdll.dll
189485	39192	0x7ffc3ce11034	ntdll.dll	0xa1034	C:\WINDOWS\SYSTEM32\ntdll.dll
189504	39288	0x7ffc3ce11034	ntdll.dll	0xa1034	C:\WINDOWS\SYSTEM32\ntdll.dll
189523	40468	0x7ffc3ce11034	ntdll.dll	0xa1034	C:\WINDOWS\SYSTEM32\ntdll.dll
189542	13408	0x7ffc3ce0d624	ntdll.dll	0x9d624	C:\WINDOWS\SYSTEM32\ntdll.dll
189560	44852	0x7ffc3ce0e0f4	ntdll.dll	0x9e0f4	C:\WINDOWS\SYSTEM32\ntdll.dll
189582	39064	0x7ffc3ce0e0f4	ntdll.dll	0x9e0f4	C:\WINDOWS\SYSTEM32\ntdll.dll
189603	43724	0x7ffc3ce0d624	ntdll.dll	0x9d624	C:\WINDOWS\SYSTEM32\ntdll.dll
189620	35764	0x7ffc3ce0d624	ntdll.dll	0x9d624	C:\WINDOWS\SYSTEM32\ntdll.dll
189639	38084	0x7ffc3ce0d624	ntdll.dll	0x9d624	C:\WINDOWS\SYSTEM32\ntdll.dll
189661	29408	0x7ffc3ce0d624	ntdll.dll	0x9d624	C:\WINDOWS\SYSTEM32\ntdll.dll
189677	34948	0x7ffc3ce11034	ntdll.dll	0xa1034	C:\WINDOWS\SYSTEM32\ntdll.dll
189696	34956	0x7ffc3ce0d624	ntdll.dll	0x9d624	C:\WINDOWS\SYSTEM32\ntdll.dll
189718	38272	0x7ffc3ce0d624	ntdll.dll	0x9d624	C:\WINDOWS\SYSTEM32\ntdll.dll
189748	38148	0x7ffc3ce0d624	ntdll.dll	0x9d624	C:\WINDOWS\SYSTEM32\ntdll.dll
189770	44984	0x7ffc3ce0d624	ntdll.dll	0x9d624	C:\WINDOWS\SYSTEM32\ntdll.dll
189791	39808	0x7ffc3ce0d624	ntdll.dll	0x9d624	C:\WINDOWS\SYSTEM32\ntdll.dll
189812	27740	0x7ffc3ce0d624	ntdll.dll	0x9d624	C:\WINDOWS\SYSTEM32\ntdll.dll
189830	42600	0x7ffc3ce0d624	ntdll.dll	0x9d624	C:\WINDOWS\SYSTEM32\ntdll.dll
189851	28352	0x7ffc3ce0d624	ntdll.dll	0x9d624	C:\WINDOWS\SYSTEM32\ntdll.dll
189875	38248	0x7ffc3ce0d624	ntdll.dll	0x9d624	C:\WINDOWS\SYSTEM32\ntdll.dll
189897	45028	0x7ffc3ce0d624	ntdll.dll	0x9d624	C:\WINDOWS\SYSTEM32\ntdll.dll
189916	42588	0x7ffc3ce0e0f4	ntdll.dll	0x9e0f4	C:\WINDOWS\SYSTEM32\ntdll.dll
189937	35116	0x7ffc3ce11034	ntdll.dll	0xa1034	C:\WINDOWS\SYSTEM32\ntdll.dll
189959	34908	0x7ffc3ce11034	ntdll.dll	0xa1034	C:\WINDOWS\SYSTEM32\ntdll.dll
189980	24164	0x7ffc3ce11034	ntdll.dll	0xa1034	C:\WINDOWS\SYSTEM32\ntdll.dll
190000	30500	0x7ffc3ce11034	ntdll.dll	0xa1034	C:\WINDOWS\SYSTEM32\ntdll.dll
190017	42972	0x7ffc3ce11034	ntdll.dll	0xa1034	C:\WINDOWS\SYSTEM32\ntdll.dll
200405	33248	0x7ffc3a941104	win32u.dll	0x1104	C:\WINDOWS\System32\win32u.dll
200437	10380	0x7ffc3ce10fd4	ntdll.dll	0xa0fd4	C:\WINDOWS\SYSTEM32\ntdll.dll
200460	37804	0x7ffc3ce10fd4	ntdll.dll	0xa0fd4	C:\WINDOWS\SYSTEM32\ntdll.dll
200478	31968	0x7ffc3ce10fd4	ntdll.dll	0xa0fd4	C:\WINDOWS\SYSTEM32\ntdll.dll
200499	700	0x7ffc3ce0e0f4	ntdll.dll	0x9e0f4	C:\WINDOWS\SYSTEM32\ntdll.dll
200522	33888	0x7ffc3ce0d6c4	ntdll.dll	0x9d6c4	C:\WINDOWS\SYSTEM32\ntdll.dll
200539	34776	0x7ffc3ce0d6c4	ntdll.dll	0x9d6c4	C:\WINDOWS\SYSTEM32\ntdll.dll
200557	34496	0x7ffc3ce10fd4	ntdll.dll	0xa0fd4	C:\WINDOWS\SYSTEM32\ntdll.dll
200575	37644	0x7ffc3ce10fd4	ntdll.dll	0xa0fd4	C:\WINDOWS\SYSTEM32\ntdll.dll
200591	37640	0x7ffc3ce10fd4	ntdll.dll	0xa0fd4	C:\WINDOWS\SYSTEM32\ntdll.dll
200606	36668	0x7ffc3ce11034	ntdll.dll	0xa1034	C:\WINDOWS\SYSTEM32\ntdll.dll
200625	26628	0x7ffc3a94a124	win32u.dll	0xa124	C:\WINDOWS\System32\win32u.dll
200643	35068	0x7ffc3ce10fd4	ntdll.dll	0xa0fd4	C:\WINDOWS\SYSTEM32\ntdll.dll
200662	36428	0x7ffc3ce0e0f4	ntdll.dll	0x9e0f4	C:\WINDOWS\SYSTEM32\ntdll.dll
200679	35996	0x7ffc3ce0e0f4	ntdll.dll	0x9e0f4	C:\WINDOWS\SYSTEM32\ntdll.dll
200695	19780	0x7ffc3ce0e0f4	ntdll.dll	0x9e0f4	C:\WINDOWS\SYSTEM32\ntdll.dll
200715	22404	0x7ffc3ce0d6c4	ntdll.dll	0x9d6c4	C:\WINDOWS\SYSTEM32\ntdll.dll
200735	34704	0x7ffc3ce0d6c4	ntdll.dll	0x9d6c4	C:\WINDOWS\SYSTEM32\ntdll.dll
200753	28184	0x7ffc3ce0d624	ntdll.dll	0x9d624	C:\WINDOWS\SYSTEM32\ntdll.dll
200774	38852	0x7ffc3ce11034	ntdll.dll	0xa1034	C:\WINDOWS\SYSTEM32\ntdll.dll
200796	19796	0x7ffc3ce0d624	ntdll.dll	0x9d624	C:\WINDOWS\SYSTEM32\ntdll.dll
200814	28764	0x7ffc3ce0d624	ntdll.dll	0x9d624	C:\WINDOWS\SYSTEM32\ntdll.dll
200830	38056	0x7ffc3ce0d624	ntdll.dll	0x9d624	C:\WINDOWS\SYSTEM32\ntdll.dll
200846	33572	0x7ffc3ce0d6c4	ntdll.dll	0x9d6c4	C:\WINDOWS\SYSTEM32\ntdll.dll
200861	36376	0x7ffc3ce0e0f4	ntdll.dll	0x9e0f4	C:\WINDOWS\SYSTEM32\ntdll.dll
200888	13352	0x7ffc3a94a124	win32u.dll	0xa124	C:\WINDOWS\System32\win32u.dll
200912	37056	0x7ffc3ce0e0f4	ntdll.dll	0x9e0f4	C:\WINDOWS\SYSTEM32\ntdll.dll
200931	31464	0x7ffc3ce0d624	ntdll.dll	0x9d624	C:\WINDOWS\SYSTEM32\ntdll.dll
200949	36532	0x7ffc3ce0d6c4	ntdll.dll	0x9d6c4	C:\WINDOWS\SYSTEM32\ntdll.dll
200970	12684	0x7ffc3ce10fd4	ntdll.dll	0xa0fd4	C:\WINDOWS\SYSTEM32\ntdll.dll
200989	32208	0x7ffc3ce10fd4	ntdll.dll	0xa0fd4	C:\WINDOWS\SYSTEM32\ntdll.dll
201008	38716	0x7ffc3ce0d624	ntdll.dll	0x9d624	C:\WINDOWS\SYSTEM32\ntdll.dll
201027	35200	0x7ffc3ce0e0f4	ntdll.dll	0x9e0f4	C:\WINDOWS\SYSTEM32\ntdll.dll
201043	15148	0x7ffc3ce0d624	ntdll.dll	0x9d624	C:\WINDOWS\SYSTEM32\ntdll.dll
201059	13956	0x7ffc3ce0d624	ntdll.dll	0x9d624	C:\WINDOWS\SYSTEM32\ntdll.dll
201077	29528	0x7ffc3ce0d624	ntdll.dll	0x9d624	C:\WINDOWS\SYSTEM32\ntdll.dll
201096	17028	0x7ffc3ce0d624	ntdll.dll	0x9d624	C:\WINDOWS\SYSTEM32\ntdll.dll
201115	27652	0x7ffc3ce0d624	ntdll.dll	0x9d624	C:\WINDOWS\SYSTEM32\ntdll.dll
201130	34320	0x7ffc3ce0d624	ntdll.dll	0x9d624	C:\WINDOWS\SYSTEM32\ntdll.dll
201146	33620	0x7ffc3ce0d624	ntdll.dll	0x9d624	C:\WINDOWS\SYSTEM32\ntdll.dll
201189	36712	0x7ffc3ce0d624	ntdll.dll	0x9d624	C:\WINDOWS\SYSTEM32\ntdll.dll
201205	18760	0x7ffc3ce0d624	ntdll.dll	0x9d624	C:\WINDOWS\SYSTEM32\ntdll.dll
201221	37364	0x7ffc3ce0d624	ntdll.dll	0x9d624	C:\WINDOWS\SYSTEM32\ntdll.dll
201240	28596	0x7ffc3ce0d624	ntdll.dll	0x9d624	C:\WINDOWS\SYSTEM32\ntdll.dll
201260	33908	0x7ffc3ce0d624	ntdll.dll	0x9d624	C:\WINDOWS\SYSTEM32\ntdll.dll
201277	14192	0x7ffc3ce0d624	ntdll.dll	0x9d624	C:\WINDOWS\SYSTEM32\ntdll.dll
201295	29548	0x7ffc3ce0e0f4	ntdll.dll	0x9e0f4	C:\WINDOWS\SYSTEM32\ntdll.dll
201311	6688	0x7ffc3ce0d624	ntdll.dll	0x9d624	C:\WINDOWS\SYSTEM32\ntdll.dll
201327	14692	0x7ffc3ce10fd4	ntdll.dll	0xa0fd4	C:\WINDOWS\SYSTEM32\ntdll.dll
201345	34840	0x7ffc3ce10fd4	ntdll.dll	0xa0fd4	C:\WINDOWS\SYSTEM32\ntdll.dll
201361	28620	0x7ffc3ce0e0f4	ntdll.dll	0x9e0f4	C:\WINDOWS\SYSTEM32\ntdll.dll
201379	37852	0x7ffc3ce0d6c4	ntdll.dll	0x9d6c4	C:\WINDOWS\SYSTEM32\ntdll.dll
201399	37380	0x7ffc3ce0e0f4	ntdll.dll	0x9e0f4	C:\WINDOWS\SYSTEM32\ntdll.dll
201415	38848	0x7ffc3ce0d6c4	ntdll.dll	0x9d6c4	C:\WINDOWS\SYSTEM32\ntdll.dll
201431	33300	0x7ffc3ce0e0f4	ntdll.dll	0x9e0f4	C:\WINDOWS\SYSTEM32\ntdll.dll
201447	33304	0x7ffc3ce0d6c4	ntdll.dll	0x9d6c4	C:\WINDOWS\SYSTEM32\ntdll.dll
201463	11196	0x7ffc3ce0d624	ntdll.dll	0x9d624	C:\WINDOWS\SYSTEM32\ntdll.dll
201481	31576	0x7ffc3ce0d6c4	ntdll.dll	0x9d6c4	C:\WINDOWS\SYSTEM32\ntdll.dll
201499	38736	0x7ffc3a941104	win32u.dll	0x1104	C:\WINDOWS\System32\win32u.dll
201517	38356	0x7ffc3ce0e0f4	ntdll.dll	0x9e0f4	C:\WINDOWS\SYSTEM32\ntdll.dll
201535	38380	0x7ffc3ce0d624	ntdll.dll	0x9d624	C:\WINDOWS\SYSTEM32\ntdll.dll
201552	32704	0x7ffc3ce0d624	ntdll.dll	0x9d624	C:\WINDOWS\SYSTEM32\ntdll.dll
201568	38484	0x7ffc3ce0d624	ntdll.dll	0x9d624	C:\WINDOWS\SYSTEM32\ntdll.dll
201584	38876	0x7ffc3ce10fd4	ntdll.dll	0xa0fd4	C:\WINDOWS\SYSTEM32\ntdll.dll
201600	34896	0x7ffc3ce10fd4	ntdll.dll	0xa0fd4	C:\WINDOWS\SYSTEM32\ntdll.dll
201619	38456	0x7ffc3ce10fd4	ntdll.dll	0xa0fd4	C:\WINDOWS\SYSTEM32\ntdll.dll
201636	38172	0x7ffc3ce0d624	ntdll.dll	0x9d624	C:\WINDOWS\SYSTEM32\ntdll.dll
201653	28272	0x7ffc3ce0d6c4	ntdll.dll	0x9d6c4	C:\WINDOWS\SYSTEM32\ntdll.dll
201671	34772	0x7ffc3ce0d6c4	ntdll.dll	0x9d6c4	C:\WINDOWS\SYSTEM32\ntdll.dll
201689	37384	0x7ffc3ce0d6c4	ntdll.dll	0x9d6c4	C:\WINDOWS\SYSTEM32\ntdll.dll
201706	33920	0x7ffc3ce0d6c4	ntdll.dll	0x9d6c4	C:\WINDOWS\SYSTEM32\ntdll.dll
201727	34548	0x7ffc3ce0e0f4	ntdll.dll	0x9e0f4	C:\WINDOWS\SYSTEM32\ntdll.dll
201749	36796	0x7ffc3ce0d6c4	ntdll.dll	0x9d6c4	C:\WINDOWS\SYSTEM32\ntdll.dll
201766	36628	0x7ffc3ce0d6c4	ntdll.dll	0x9d6c4	C:\WINDOWS\SYSTEM32\ntdll.dll
201783	13652	0x7ffc3ce0d6c4	ntdll.dll	0x9d6c4	C:\WINDOWS\SYSTEM32\ntdll.dll
201799	32520	0x7ffc3ce0d6c4	ntdll.dll	0x9d6c4	C:\WINDOWS\SYSTEM32\ntdll.dll
201817	33744	0x7ffc3ce0d6c4	ntdll.dll	0x9d6c4	C:\WINDOWS\SYSTEM32\ntdll.dll
201836	36636	0x7ffc3ce10fd4	ntdll.dll	0xa0fd4	C:\WINDOWS\SYSTEM32\ntdll.dll
201857	35812	0x7ffc3ce0d624	ntdll.dll	0x9d624	C:\WINDOWS\SYSTEM32\ntdll.dll
201886	36112	0x7ffc3ce10fd4	ntdll.dll	0xa0fd4	C:\WINDOWS\SYSTEM32\ntdll.dll
201911	18020	0x7ffc3ce0e0f4	ntdll.dll	0x9e0f4	C:\WINDOWS\SYSTEM32\ntdll.dll
201937	27584	0x7ffc3ce10fd4	ntdll.dll	0xa0fd4	C:\WINDOWS\SYSTEM32\ntdll.dll
201961	2996	0x7ffc3ce0e0f4	ntdll.dll	0x9e0f4	C:\WINDOWS\SYSTEM32\ntdll.dll
201984	35460	0x7ffc3ce10fd4	ntdll.dll	0xa0fd4	C:\WINDOWS\SYSTEM32\ntdll.dll
202007	38008	0x7ffc3ce0d624	ntdll.dll	0x9d624	C:\WINDOWS\SYSTEM32\ntdll.dll
202028	33284	0x7ffc3ce0e0f4	ntdll.dll	0x9e0f4	C:\WINDOWS\SYSTEM32\ntdll.dll
202050	28676	0x7ffc3ce0d624	ntdll.dll	0x9d624	C:\WINDOWS\SYSTEM32\ntdll.dll
202067	7328	0x7ffc3ce10fd4	ntdll.dll	0xa0fd4	C:\WINDOWS\SYSTEM32\ntdll.dll
202087	37628	0x7ffc3ce10fd4	ntdll.dll	0xa0fd4	C:\WINDOWS\SYSTEM32\ntdll.dll
202108	38748	0x7ffc3ce0d624	ntdll.dll	0x9d624	C:\WINDOWS\SYSTEM32\ntdll.dll
202124	33496	0x7ffc3ce10fd4	ntdll.dll	0xa0fd4	C:\WINDOWS\SYSTEM32\ntdll.dll
202144	27132	0x7ffc3ce0e0f4	ntdll.dll	0x9e0f4	C:\WINDOWS\SYSTEM32\ntdll.dll
202166	31736	0x7ffc3ce10fd4	ntdll.dll	0xa0fd4	C:\WINDOWS\SYSTEM32\ntdll.dll
202190	36960	0x7ffc3ce0e0f4	ntdll.dll	0x9e0f4	C:\WINDOWS\SYSTEM32\ntdll.dll
202226	20576	0x7ffc3ce10fd4	ntdll.dll	0xa0fd4	C:\WINDOWS\SYSTEM32\ntdll.dll
202244	34164	0x7ffc3ce10fd4	ntdll.dll	0xa0fd4	C:\WINDOWS\SYSTEM32\ntdll.dll
202260	38144	0x7ffc3ce10fd4	ntdll.dll	0xa0fd4	C:\WINDOWS\SYSTEM32\ntdll.dll
202278	33932	0x7ffc3ce10fd4	ntdll.dll	0xa0fd4	C:\WINDOWS\SYSTEM32\ntdll.dll
202298	29568	0x7ffc3ce10fd4	ntdll.dll	0xa0fd4	C:\WINDOWS\SYSTEM32\ntdll.dll
202316	38884	0x7ffc3ce0e0f4	ntdll.dll	0x9e0f4	C:\WINDOWS\SYSTEM32\ntdll.dll
202333	30684	0x7ffc3ce10fd4	ntdll.dll	0xa0fd4	C:\WINDOWS\SYSTEM32\ntdll.dll
202351	38260	0x7ffc3ce10fd4	ntdll.dll	0xa0fd4	C:\WINDOWS\SYSTEM32\ntdll.dll
202373	29588	0x7ffc3ce10fd4	ntdll.dll	0xa0fd4	C:\WINDOWS\SYSTEM32\ntdll.dll
202394	38232	0x7ffc3ce10fd4	ntdll.dll	0xa0fd4	C:\WINDOWS\SYSTEM32\ntdll.dll
202414	38812	0x7ffc3ce0d6c4	ntdll.dll	0x9d6c4	C:\WINDOWS\SYSTEM32\ntdll.dll
202433	35540	0x7ffc3ce0d6c4	ntdll.dll	0x9d6c4	C:\WINDOWS\SYSTEM32\ntdll.dll
202450	31888	0x7ffc3ce10fd4	ntdll.dll	0xa0fd4	C:\WINDOWS\SYSTEM32\ntdll.dll
202467	12908	0x7ffc3ce10fd4	ntdll.dll	0xa0fd4	C:\WINDOWS\SYSTEM32\ntdll.dll
202483	34508	0x7ffc3ce10fd4	ntdll.dll	0xa0fd4	C:\WINDOWS\SYSTEM32\ntdll.dll
202501	34276	0x7ffc3ce10fd4	ntdll.dll	0xa0fd4	C:\WINDOWS\SYSTEM32\ntdll.dll
202521	37940	0x7ffc3ce10fd4	ntdll.dll	0xa0fd4	C:\WINDOWS\SYSTEM32\ntdll.dll
202544	29192	0x7ffc3ce10fd4	ntdll.dll	0xa0fd4	C:\WINDOWS\SYSTEM32\ntdll.dll
202564	37736	0x7ffc3ce10fd4	ntdll.dll	0xa0fd4	C:\WINDOWS\SYSTEM32\ntdll.dll
202582	33220	0x7ffc3ce10fd4	ntdll.dll	0xa0fd4	C:\WINDOWS\SYSTEM32\ntdll.dll
202600	12692	0x7ffc3ce10fd4	ntdll.dll	0xa0fd4	C:\WINDOWS\SYSTEM32\ntdll.dll
202617	33984	0x7ffc3ce10fd4	ntdll.dll	0xa0fd4	C:\WINDOWS\SYSTEM32\ntdll.dll
202637	38224	0x7ffc3ce10fd4	ntdll.dll	0xa0fd4	C:\WINDOWS\SYSTEM32\ntdll.dll
202659	28292	0x7ffc3ce10fd4	ntdll.dll	0xa0fd4	C:\WINDOWS\SYSTEM32\ntdll.dll
202680	35252	0x7ffc3ce10fd4	ntdll.dll	0xa0fd4	C:\WINDOWS\SYSTEM32\ntdll.dll
202704	38044	0x7ffc3ce10fd4	ntdll.dll	0xa0fd4	C:\WINDOWS\SYSTEM32\ntdll.dll
202725	38340	0x7ffc3ce10fd4	ntdll.dll	0xa0fd4	C:\WINDOWS\SYSTEM32\ntdll.dll
202742	13736	0x7ffc3ce10fd4	ntdll.dll	0xa0fd4	C:\WINDOWS\SYSTEM32\ntdll.dll
202762	38192	0x7ffc3ce10fd4	ntdll.dll	0xa0fd4	C:\WINDOWS\SYSTEM32\ntdll.dll
202787	36272	0x7ffc3ce10fd4	ntdll.dll	0xa0fd4	C:\WINDOWS\SYSTEM32\ntdll.dll
202806	25612	0x7ffc3ce0d6c4	ntdll.dll	0x9d6c4	C:\WINDOWS\SYSTEM32\ntdll.dll
202825	38384	0x7ffc3ce11034	ntdll.dll	0xa1034	C:\WINDOWS\SYSTEM32\ntdll.dll
202843	33108	0x7ffc3ce0d6c4	ntdll.dll	0x9d6c4	C:\WINDOWS\SYSTEM32\ntdll.dll
202866	34820	0x7ffc3ce11034	ntdll.dll	0xa1034	C:\WINDOWS\SYSTEM32\ntdll.dll
202889	36648	0x7ffc3ce0d624	ntdll.dll	0x9d624	C:\WINDOWS\SYSTEM32\ntdll.dll
202915	38412	0x7ffc3a941104	win32u.dll	0x1104	C:\WINDOWS\System32\win32u.dll
202935	26804	0x7ffc3ce11034	ntdll.dll	0xa1034	C:\WINDOWS\SYSTEM32\ntdll.dll
202954	34564	0x7ffc3ce10fd4	ntdll.dll	0xa0fd4	C:\WINDOWS\SYSTEM32\ntdll.dll
202974	26280	0x7ffc3ce10fd4	ntdll.dll	0xa0fd4	C:\WINDOWS\SYSTEM32\ntdll.dll
202991	37740	0x7ffc3ce0d6c4	ntdll.dll	0x9d6c4	C:\WINDOWS\SYSTEM32\ntdll.dll
203010	37892	0x7ffc3ce0d624	ntdll.dll	0x9d624	C:\WINDOWS\SYSTEM32\ntdll.dll
203032	38840	0x7ffc3ce0e0f4	ntdll.dll	0x9e0f4	C:\WINDOWS\SYSTEM32\ntdll.dll
203053	36632	0x7ffc3ce10fd4	ntdll.dll	0xa0fd4	C:\WINDOWS\SYSTEM32\ntdll.dll
203070	23456	0x7ffc3ce10fd4	ntdll.dll	0xa0fd4	C:\WINDOWS\SYSTEM32\ntdll.dll
203087	29500	0x7ffc3ce10fd4	ntdll.dll	0xa0fd4	C:\WINDOWS\SYSTEM32\ntdll.dll
203109	2556	0x7ffc3ce10fd4	ntdll.dll	0xa0fd4	C:\WINDOWS\SYSTEM32\ntdll.dll
203133	16324	0x7ffc3ce10fd4	ntdll.dll	0xa0fd4	C:\WINDOWS\SYSTEM32\ntdll.dll
203155	26548	0x7ffc3ce10fd4	ntdll.dll	0xa0fd4	C:\WINDOWS\SYSTEM32\ntdll.dll
203175	38388	0x7ffc3ce10fd4	ntdll.dll	0xa0fd4	C:\WINDOWS\SYSTEM32\ntdll.dll
203195	13588	0x7ffc3ce10fd4	ntdll.dll	0xa0fd4	C:\WINDOWS\SYSTEM32\ntdll.dll
203213	13776	0x7ffc3ce10fd4	ntdll.dll	0xa0fd4	C:\WINDOWS\SYSTEM32\ntdll.dll
203236	27000	0x7ffc3ce10fd4	ntdll.dll	0xa0fd4	C:\WINDOWS\SYSTEM32\ntdll.dll
203255	35508	0x7ffc3ce10fd4	ntdll.dll	0xa0fd4	C:\WINDOWS\SYSTEM32\ntdll.dll
203273	34444	0x7ffc3ce10fd4	ntdll.dll	0xa0fd4	C:\WINDOWS\SYSTEM32\ntdll.dll
203304	28732	0x7ffc3ce10fd4	ntdll.dll	0xa0fd4	C:\WINDOWS\SYSTEM32\ntdll.dll
203322	26616	0x7ffc3ce10fd4	ntdll.dll	0xa0fd4	C:\WINDOWS\SYSTEM32\ntdll.dll
203343	37132	0x7ffc3ce10fd4	ntdll.dll	0xa0fd4	C:\WINDOWS\SYSTEM32\ntdll.dll
203360	20024	0x7ffc3ce10fd4	ntdll.dll	0xa0fd4	C:\WINDOWS\SYSTEM32\ntdll.dll
203379	37760	0x7ffc3ce10fd4	ntdll.dll	0xa0fd4	C:\WINDOWS\SYSTEM32\ntdll.dll
203401	31852	0x7ffc3ce10fd4	ntdll.dll	0xa0fd4	C:\WINDOWS\SYSTEM32\ntdll.dll
203425	37624	0x7ffc3ce10fd4	ntdll.dll	0xa0fd4	C:\WINDOWS\SYSTEM32\ntdll.dll
203449	38048	0x7ffc3ce10fd4	ntdll.dll	0xa0fd4	C:\WINDOWS\SYSTEM32\ntdll.dll
203477	30536	0x7ffc3ce10fd4	ntdll.dll	0xa0fd4	C:\WINDOWS\SYSTEM32\ntdll.dll
203499	8688	0x7ffc3ce0d6c4	ntdll.dll	0x9d6c4	C:\WINDOWS\SYSTEM32\ntdll.dll
203518	764	0x7ffc3ce0d624	ntdll.dll	0x9d624	C:\WINDOWS\SYSTEM32\ntdll.dll
203535	29356	0x7ffc3ce0d624	ntdll.dll	0x9d624	C:\WINDOWS\SYSTEM32\ntdll.dll
203555	32352	0x7ffc3ce0e0f4	ntdll.dll	0x9e0f4	C:\WINDOWS\SYSTEM32\ntdll.dll
203577	38936	0x7ffc3ce0d624	ntdll.dll	0x9d624	C:\WINDOWS\SYSTEM32\ntdll.dll
203592	38944	0x7ffc3ce0d624	ntdll.dll	0x9d624	C:\WINDOWS\SYSTEM32\ntdll.dll
203609	38952	0x7ffc3ce0d624	ntdll.dll	0x9d624	C:\WINDOWS\SYSTEM32\ntdll.dll
203632	38960	0x7ffc3ce0d624	ntdll.dll	0x9d624	C:\WINDOWS\SYSTEM32\ntdll.dll
203656	38968	0x7ffc3ce0d624	ntdll.dll	0x9d624	C:\WINDOWS\SYSTEM32\ntdll.dll
203677	38976	0x7ffc3ce0d624	ntdll.dll	0x9d624	C:\WINDOWS\SYSTEM32\ntdll.dll
203695	38984	0x7ffc3ce0d624	ntdll.dll	0x9d624	C:\WINDOWS\SYSTEM32\ntdll.dll
203717	38992	0x7ffc3ce0d624	ntdll.dll	0x9d624	C:\WINDOWS\SYSTEM32\ntdll.dll
203734	39000	0x7ffc3ce0d624	ntdll.dll	0x9d624	C:\WINDOWS\SYSTEM32\ntdll.dll
203754	39008	0x7ffc3ce0d624	ntdll.dll	0x9d624	C:\WINDOWS\SYSTEM32\ntdll.dll
203776	39028	0x7ffc3ce0e0f4	ntdll.dll	0x9e0f4	C:\WINDOWS\SYSTEM32\ntdll.dll
203795	39212	0x7ffc3ce10fd4	ntdll.dll	0xa0fd4	C:\WINDOWS\SYSTEM32\ntdll.dll
203815	39240	0x7ffc3ce0d624	ntdll.dll	0x9d624	C:\WINDOWS\SYSTEM32\ntdll.dll
203835	39244	0x7ffc3ce0d6c4	ntdll.dll	0x9d6c4	C:\WINDOWS\SYSTEM32\ntdll.dll
203860	39248	0x7ffc3ce0d6c4	ntdll.dll	0x9d6c4	C:\WINDOWS\SYSTEM32\ntdll.dll
203881	39252	0x7ffc3ce10fd4	ntdll.dll	0xa0fd4	C:\WINDOWS\SYSTEM32\ntdll.dll
203900	39256	0x7ffc3ce0d624	ntdll.dll	0x9d624	C:\WINDOWS\SYSTEM32\ntdll.dll
203922	39260	0x7ffc3ce0d624	ntdll.dll	0x9d624	C:\WINDOWS\SYSTEM32\ntdll.dll
203946	39268	0x7ffc3a941104	win32u.dll	0x1104	C:\WINDOWS\System32\win32u.dll
203966	39300	0x7ffc3a941104	win32u.dll	0x1104	C:\WINDOWS\System32\win32u.dll
203985	39384	0x7ffc3ce0d624	ntdll.dll	0x9d624	C:\WINDOWS\SYSTEM32\ntdll.dll
204006	39388	0x7ffc3a941104	win32u.dll	0x1104	C:\WINDOWS\System32\win32u.dll
204026	41552	0x7ffc3ce0d6c4	ntdll.dll	0x9d6c4	C:\WINDOWS\SYSTEM32\ntdll.dll
204048	41568	0x7ffc3ce0d624	ntdll.dll	0x9d624	C:\WINDOWS\SYSTEM32\ntdll.dll
204070	41572	0x7ffc3ce0e0f4	ntdll.dll	0x9e0f4	C:\WINDOWS\SYSTEM32\ntdll.dll
204089	41592	0x7ffc3ce0d624	ntdll.dll	0x9d624	C:\WINDOWS\SYSTEM32\ntdll.dll
204107	41596	0x7ffc3ce0d624	ntdll.dll	0x9d624	C:\WINDOWS\SYSTEM32\ntdll.dll
204131	41600	0x7ffc3ce0d624	ntdll.dll	0x9d624	C:\WINDOWS\SYSTEM32\ntdll.dll
204148	41604	0x7ffc3ce0d624	ntdll.dll	0x9d624	C:\WINDOWS\SYSTEM32\ntdll.dll
204165	41608	0x7ffc3ce0d624	ntdll.dll	0x9d624	C:\WINDOWS\SYSTEM32\ntdll.dll
204190	41612	0x7ffc3ce0d624	ntdll.dll	0x9d624	C:\WINDOWS\SYSTEM32\ntdll.dll
204210	41616	0x7ffc3ce0d624	ntdll.dll	0x9d624	C:\WINDOWS\SYSTEM32\ntdll.dll
204234	41620	0x7ffc3ce0d624	ntdll.dll	0x9d624	C:\WINDOWS\SYSTEM32\ntdll.dll
204257	41624	0x7ffc3ce0d624	ntdll.dll	0x9d624	C:\WINDOWS\SYSTEM32\ntdll.dll
204279	41628	0x7ffc3ce0d624	ntdll.dll	0x9d624	C:\WINDOWS\SYSTEM32\ntdll.dll
204303	41632	0x7ffc3ce0d624	ntdll.dll	0x9d624	C:\WINDOWS\SYSTEM32\ntdll.dll
204326	41636	0x7ffc3ce0e0f4	ntdll.dll	0x9e0f4	C:\WINDOWS\SYSTEM32\ntdll.dll
204348	41656	0x7ffc3ce0d624	ntdll.dll	0x9d624	C:\WINDOWS\SYSTEM32\ntdll.dll
204373	41660	0x7ffc3ce0d624	ntdll.dll	0x9d624	C:\WINDOWS\SYSTEM32\ntdll.dll
204395	41664	0x7ffc3ce0d624	ntdll.dll	0x9d624	C:\WINDOWS\SYSTEM32\ntdll.dll
204417	41668	0x7ffc3ce0d624	ntdll.dll	0x9d624	C:\WINDOWS\SYSTEM32\ntdll.dll
204455	41672	0x7ffc3ce0d624	ntdll.dll	0x9d624	C:\WINDOWS\SYSTEM32\ntdll.dll
204484	41676	0x7ffc3ce0d624	ntdll.dll	0x9d624	C:\WINDOWS\SYSTEM32\ntdll.dll
204525	41680	0x7ffc3ce0d624	ntdll.dll	0x9d624	C:\WINDOWS\SYSTEM32\ntdll.dll
204568	41684	0x7ffc3ce0d624	ntdll.dll	0x9d624	C:\WINDOWS\SYSTEM32\ntdll.dll
204611	41688	0x7ffc3ce0d624	ntdll.dll	0x9d624	C:\WINDOWS\SYSTEM32\ntdll.dll
204655	41692	0x7ffc3ce0d624	ntdll.dll	0x9d624	C:\WINDOWS\SYSTEM32\ntdll.dll
204696	35588	0x7ffc3ce11034	ntdll.dll	0xa1034	C:\WINDOWS\SYSTEM32\ntdll.dll
204741	42844	0x7ffc3ce11034	ntdll.dll	0xa1034	C:\WINDOWS\SYSTEM32\ntdll.dll
204787	42732	0x7ffc3ce11034	ntdll.dll	0xa1034	C:\WINDOWS\SYSTEM32\ntdll.dll
204828	39580	0x7ffc3ce11034	ntdll.dll	0xa1034	C:\WINDOWS\SYSTEM32\ntdll.dll
204882	39096	0x7ffc3ce11034	ntdll.dll	0xa1034	C:\WINDOWS\SYSTEM32\ntdll.dll
204921	37584	0x7ffc3ce11034	ntdll.dll	0xa1034	C:\WINDOWS\SYSTEM32\ntdll.dll
204950	42840	0x7ffc3ce11034	ntdll.dll	0xa1034	C:\WINDOWS\SYSTEM32\ntdll.dll
204973	44704	0x7ffc3ce11034	ntdll.dll	0xa1034	C:\WINDOWS\SYSTEM32\ntdll.dll
204996	44340	0x7ffc3ce11034	ntdll.dll	0xa1034	C:\WINDOWS\SYSTEM32\ntdll.dll
205013	44344	0x7ffc3ce103d4	ntdll.dll	0xa03d4	C:\WINDOWS\SYSTEM32\ntdll.dll
205035	35604	0x7ffc3ce10fd4	ntdll.dll	0xa0fd4	C:\WINDOWS\SYSTEM32\ntdll.dll
205055	37320	0x7ffc3ce11034	ntdll.dll	0xa1034	C:\WINDOWS\SYSTEM32\ntdll.dll
205079	16556	0x7ffc3ce0d624	ntdll.dll	0x9d624	C:\WINDOWS\SYSTEM32\ntdll.dll
205102	43856	0x7ffc3ce0d624	ntdll.dll	0x9d624	C:\WINDOWS\SYSTEM32\ntdll.dll
205126	29616	0x7ffc3ce0d624	ntdll.dll	0x9d624	C:\WINDOWS\SYSTEM32\ntdll.dll
205149	41900	0x7ffc3ce0d624	ntdll.dll	0x9d624	C:\WINDOWS\SYSTEM32\ntdll.dll
205171	43092	0x7ffc3ce0d624	ntdll.dll	0x9d624	C:\WINDOWS\SYSTEM32\ntdll.dll
205204	24564	0x7ffc3ce0d624	ntdll.dll	0x9d624	C:\WINDOWS\SYSTEM32\ntdll.dll
205230	22584	0x7ffc3ce0d624	ntdll.dll	0x9d624	C:\WINDOWS\SYSTEM32\ntdll.dll
205259	42540	0x7ffc3ce0d624	ntdll.dll	0x9d624	C:\WINDOWS\SYSTEM32\ntdll.dll
205280	40624	0x7ffc3ce0d624	ntdll.dll	0x9d624	C:\WINDOWS\SYSTEM32\ntdll.dll
205306	36832	0x7ffc3ce0d624	ntdll.dll	0x9d624	C:\WINDOWS\SYSTEM32\ntdll.dll
205332	38308	0x7ffc3ce0d624	ntdll.dll	0x9d624	C:\WINDOWS\SYSTEM32\ntdll.dll
205362	40196	0x7ffc3ce0d624	ntdll.dll	0x9d624	C:\WINDOWS\SYSTEM32\ntdll.dll
205389	38360	0x7ffc3ce0e0f4	ntdll.dll	0x9e0f4	C:\WINDOWS\SYSTEM32\ntdll.dll
205417	35856	0x7ffc3ce10fd4	ntdll.dll	0xa0fd4	C:\WINDOWS\SYSTEM32\ntdll.dll
205444	37256	0x7ffc3ce10fd4	ntdll.dll	0xa0fd4	C:\WINDOWS\SYSTEM32\ntdll.dll
205468	26580	0x7ffc3ce10fd4	ntdll.dll	0xa0fd4	C:\WINDOWS\SYSTEM32\ntdll.dll
205492	35592	0x7ffc3ce10fd4	ntdll.dll	0xa0fd4	C:\WINDOWS\SYSTEM32\ntdll.dll
205515	38096	0x7ffc3ce10fd4	ntdll.dll	0xa0fd4	C:\WINDOWS\SYSTEM32\ntdll.dll
205542	44212	0x7ffc3ce11034	ntdll.dll	0xa1034	C:\WINDOWS\SYSTEM32\ntdll.dll
205565	43196	0x7ffc3ce11034	ntdll.dll	0xa1034	C:\WINDOWS\SYSTEM32\ntdll.dll
205590	44284	0x7ffc3ce11034	ntdll.dll	0xa1034	C:\WINDOWS\SYSTEM32\ntdll.dll
205617	34660	0x7ffc3ce0d624	ntdll.dll	0x9d624	C:\WINDOWS\SYSTEM32\ntdll.dll
205639	10056	0x7ffc3ce11034	ntdll.dll	0xa1034	C:\WINDOWS\SYSTEM32\ntdll.dll
205666	39016	0x7ffc3ce11034	ntdll.dll	0xa1034	C:\WINDOWS\SYSTEM32\ntdll.dll
205689	43220	0x7ffc3ce11034	ntdll.dll	0xa1034	C:\WINDOWS\SYSTEM32\ntdll.dll
205715	39192	0x7ffc3ce11034	ntdll.dll	0xa1034	C:\WINDOWS\SYSTEM32\ntdll.dll
205736	39288	0x7ffc3ce11034	ntdll.dll	0xa1034	C:\WINDOWS\SYSTEM32\ntdll.dll
205759	40468	0x7ffc3ce11034	ntdll.dll	0xa1034	C:\WINDOWS\SYSTEM32\ntdll.dll
205783	13408	0x7ffc3ce0d624	ntdll.dll	0x9d624	C:\WINDOWS\SYSTEM32\ntdll.dll
205808	44852	0x7ffc3ce0e0f4	ntdll.dll	0x9e0f4	C:\WINDOWS\SYSTEM32\ntdll.dll
205832	39064	0x7ffc3ce0e0f4	ntdll.dll	0x9e0f4	C:\WINDOWS\SYSTEM32\ntdll.dll
205857	43724	0x7ffc3ce0d624	ntdll.dll	0x9d624	C:\WINDOWS\SYSTEM32\ntdll.dll
205884	35764	0x7ffc3ce0d624	ntdll.dll	0x9d624	C:\WINDOWS\SYSTEM32\ntdll.dll
205925	38084	0x7ffc3ce0d624	ntdll.dll	0x9d624	C:\WINDOWS\SYSTEM32\ntdll.dll
205961	29408	0x7ffc3ce0d624	ntdll.dll	0x9d624	C:\WINDOWS\SYSTEM32\ntdll.dll
205995	34948	0x7ffc3ce11034	ntdll.dll	0xa1034	C:\WINDOWS\SYSTEM32\ntdll.dll
206054	34956	0x7ffc3ce0d624	ntdll.dll	0x9d624	C:\WINDOWS\SYSTEM32\ntdll.dll
206075	38272	0x7ffc3ce0d624	ntdll.dll	0x9d624	C:\WINDOWS\SYSTEM32\ntdll.dll
206098	38148	0x7ffc3ce0d624	ntdll.dll	0x9d624	C:\WINDOWS\SYSTEM32\ntdll.dll
206121	44984	0x7ffc3ce0d624	ntdll.dll	0x9d624	C:\WINDOWS\SYSTEM32\ntdll.dll
206146	39808	0x7ffc3ce0d624	ntdll.dll	0x9d624	C:\WINDOWS\SYSTEM32\ntdll.dll
206171	27740	0x7ffc3ce0d624	ntdll.dll	0x9d624	C:\WINDOWS\SYSTEM32\ntdll.dll
206195	42600	0x7ffc3ce0d624	ntdll.dll	0x9d624	C:\WINDOWS\SYSTEM32\ntdll.dll
206219	28352	0x7ffc3ce0d624	ntdll.dll	0x9d624	C:\WINDOWS\SYSTEM32\ntdll.dll
206241	38248	0x7ffc3ce0d624	ntdll.dll	0x9d624	C:\WINDOWS\SYSTEM32\ntdll.dll
206264	45028	0x7ffc3ce0d624	ntdll.dll	0x9d624	C:\WINDOWS\SYSTEM32\ntdll.dll
206288	42588	0x7ffc3ce0e0f4	ntdll.dll	0x9e0f4	C:\WINDOWS\SYSTEM32\ntdll.dll
206309	35116	0x7ffc3ce11034	ntdll.dll	0xa1034	C:\WINDOWS\SYSTEM32\ntdll.dll
206329	34908	0x7ffc3ce11034	ntdll.dll	0xa1034	C:\WINDOWS\SYSTEM32\ntdll.dll
206349	24164	0x7ffc3ce11034	ntdll.dll	0xa1034	C:\WINDOWS\SYSTEM32\ntdll.dll
206374	30500	0x7ffc3ce11034	ntdll.dll	0xa1034	C:\WINDOWS\SYSTEM32\ntdll.dll
206397	42972	0x7ffc3ce11034	ntdll.dll	0xa1034	C:\WINDOWS\SYSTEM32\ntdll.dll
217447	33248	0x7ffc3a941104	win32u.dll	0x1104	C:\WINDOWS\System32\win32u.dll
217478	10380	0x7ffc3ce10fd4	ntdll.dll	0xa0fd4	C:\WINDOWS\SYSTEM32\ntdll.dll
217501	37804	0x7ffc3ce10fd4	ntdll.dll	0xa0fd4	C:\WINDOWS\SYSTEM32\ntdll.dll
217522	31968	0x7ffc3ce10fd4	ntdll.dll	0xa0fd4	C:\WINDOWS\SYSTEM32\ntdll.dll
217539	700	0x7ffc3ce0e0f4	ntdll.dll	0x9e0f4	C:\WINDOWS\SYSTEM32\ntdll.dll
217556	33888	0x7ffc3ce0d6c4	ntdll.dll	0x9d6c4	C:\WINDOWS\SYSTEM32\ntdll.dll
217572	34776	0x7ffc3ce0d6c4	ntdll.dll	0x9d6c4	C:\WINDOWS\SYSTEM32\ntdll.dll
217594	34496	0x7ffc3ce10fd4	ntdll.dll	0xa0fd4	C:\WINDOWS\SYSTEM32\ntdll.dll
217620	37644	0x7ffc3ce10fd4	ntdll.dll	0xa0fd4	C:\WINDOWS\SYSTEM32\ntdll.dll
217640	37640	0x7ffc3ce10fd4	ntdll.dll	0xa0fd4	C:\WINDOWS\SYSTEM32\ntdll.dll
217659	36668	0x7ffc3ce11034	ntdll.dll	0xa1034	C:\WINDOWS\SYSTEM32\ntdll.dll
217680	26628	0x7ffc3a94a124	win32u.dll	0xa124	C:\WINDOWS\System32\win32u.dll
217700	35068	0x7ffc3ce10fd4	ntdll.dll	0xa0fd4	C:\WINDOWS\SYSTEM32\ntdll.dll
217718	36428	0x7ffc3ce0e0f4	ntdll.dll	0x9e0f4	C:\WINDOWS\SYSTEM32\ntdll.dll
217739	35996	0x7ffc3ce0e0f4	ntdll.dll	0x9e0f4	C:\WINDOWS\SYSTEM32\ntdll.dll
217754	19780	0x7ffc3ce0e0f4	ntdll.dll	0x9e0f4	C:\WINDOWS\SYSTEM32\ntdll.dll
217770	22404	0x7ffc3ce0d6c4	ntdll.dll	0x9d6c4	C:\WINDOWS\SYSTEM32\ntdll.dll
217791	34704	0x7ffc3ce0d6c4	ntdll.dll	0x9d6c4	C:\WINDOWS\SYSTEM32\ntdll.dll
217813	28184	0x7ffc3ce0d624	ntdll.dll	0x9d624	C:\WINDOWS\SYSTEM32\ntdll.dll
217832	38852	0x7ffc3ce11034	ntdll.dll	0xa1034	C:\WINDOWS\SYSTEM32\ntdll.dll
217851	19796	0x7ffc3ce0d624	ntdll.dll	0x9d624	C:\WINDOWS\SYSTEM32\ntdll.dll
217871	28764	0x7ffc3ce0d624	ntdll.dll	0x9d624	C:\WINDOWS\SYSTEM32\ntdll.dll
217903	38056	0x7ffc3ce0d624	ntdll.dll	0x9d624	C:\WINDOWS\SYSTEM32\ntdll.dll
217925	33572	0x7ffc3ce0d6c4	ntdll.dll	0x9d6c4	C:\WINDOWS\SYSTEM32\ntdll.dll
217947	36376	0x7ffc3ce0e0f4	ntdll.dll	0x9e0f4	C:\WINDOWS\SYSTEM32\ntdll.dll
217966	13352	0x7ffc3a94a124	win32u.dll	0xa124	C:\WINDOWS\System32\win32u.dll
217986	37056	0x7ffc3ce0e0f4	ntdll.dll	0x9e0f4	C:\WINDOWS\SYSTEM32\ntdll.dll
218009	31464	0x7ffc3ce0d624	ntdll.dll	0x9d624	C:\WINDOWS\SYSTEM32\ntdll.dll
218032	36532	0x7ffc3ce0d6c4	ntdll.dll	0x9d6c4	C:\WINDOWS\SYSTEM32\ntdll.dll
218053	12684	0x7ffc3ce10fd4	ntdll.dll	0xa0fd4	C:\WINDOWS\SYSTEM32\ntdll.dll
218074	32208	0x7ffc3ce10fd4	ntdll.dll	0xa0fd4	C:\WINDOWS\SYSTEM32\ntdll.dll
218093	38716	0x7ffc3ce0d624	ntdll.dll	0x9d624	C:\WINDOWS\SYSTEM32\ntdll.dll
218109	35200	0x7ffc3ce0e0f4	ntdll.dll	0x9e0f4	C:\WINDOWS\SYSTEM32\ntdll.dll
218125	15148	0x7ffc3ce0d624	ntdll.dll	0x9d624	C:\WINDOWS\SYSTEM32\ntdll.dll
218141	13956	0x7ffc3ce0d624	ntdll.dll	0x9d624	C:\WINDOWS\SYSTEM32\ntdll.dll
218157	29528	0x7ffc3ce0d624	ntdll.dll	0x9d624	C:\WINDOWS\SYSTEM32\ntdll.dll
218178	17028	0x7ffc3ce0d624	ntdll.dll	0x9d624	C:\WINDOWS\SYSTEM32\ntdll.dll
218225	27652	0x7ffc3ce0d624	ntdll.dll	0x9d624	C:\WINDOWS\SYSTEM32\ntdll.dll
218242	34320	0x7ffc3ce0d624	ntdll.dll	0x9d624	C:\WINDOWS\SYSTEM32\ntdll.dll
218258	33620	0x7ffc3ce0d624	ntdll.dll	0x9d624	C:\WINDOWS\SYSTEM32\ntdll.dll
218274	36712	0x7ffc3ce0d624	ntdll.dll	0x9d624	C:\WINDOWS\SYSTEM32\ntdll.dll
218291	18760	0x7ffc3ce0d624	ntdll.dll	0x9d624	C:\WINDOWS\SYSTEM32\ntdll.dll
218313	37364	0x7ffc3ce0d624	ntdll.dll	0x9d624	C:\WINDOWS\SYSTEM32\ntdll.dll
218332	28596	0x7ffc3ce0d624	ntdll.dll	0x9d624	C:\WINDOWS\SYSTEM32\ntdll.dll
218355	33908	0x7ffc3ce0d624	ntdll.dll	0x9d624	C:\WINDOWS\SYSTEM32\ntdll.dll
218376	14192	0x7ffc3ce0d624	ntdll.dll	0x9d624	C:\WINDOWS\SYSTEM32\ntdll.dll
218401	29548	0x7ffc3ce0e0f4	ntdll.dll	0x9e0f4	C:\WINDOWS\SYSTEM32\ntdll.dll
218421	6688	0x7ffc3ce0d624	ntdll.dll	0x9d624	C:\WINDOWS\SYSTEM32\ntdll.dll
218444	14692	0x7ffc3ce10fd4	ntdll.dll	0xa0fd4	C:\WINDOWS\SYSTEM32\ntdll.dll
218461	34840	0x7ffc3ce10fd4	ntdll.dll	0xa0fd4	C:\WINDOWS\SYSTEM32\ntdll.dll
218478	28620	0x7ffc3ce0e0f4	ntdll.dll	0x9e0f4	C:\WINDOWS\SYSTEM32\ntdll.dll
218493	37852	0x7ffc3ce0d6c4	ntdll.dll	0x9d6c4	C:\WINDOWS\SYSTEM32\ntdll.dll
218512	37380	0x7ffc3ce0e0f4	ntdll.dll	0x9e0f4	C:\WINDOWS\SYSTEM32\ntdll.dll
218533	38848	0x7ffc3ce0d6c4	ntdll.dll	0x9d6c4	C:\WINDOWS\SYSTEM32\ntdll.dll
218553	33300	0x7ffc3ce0e0f4	ntdll.dll	0x9e0f4	C:\WINDOWS\SYSTEM32\ntdll.dll
218568	33304	0x7ffc3ce0d6c4	ntdll.dll	0x9d6c4	C:\WINDOWS\SYSTEM32\ntdll.dll
218584	11196	0x7ffc3ce0d624	ntdll.dll	0x9d624	C:\WINDOWS\SYSTEM32\ntdll.dll
218601	31576	0x7ffc3ce0d6c4	ntdll.dll	0x9d6c4	C:\WINDOWS\SYSTEM32\ntdll.dll
218624	38736	0x7ffc3a941104	win32u.dll	0x1104	C:\WINDOWS\System32\win32u.dll
218649	38356	0x7ffc3ce0e0f4	ntdll.dll	0x9e0f4	C:\WINDOWS\SYSTEM32\ntdll.dll
218672	38380	0x7ffc3ce0d624	ntdll.dll	0x9d624	C:\WINDOWS\SYSTEM32\ntdll.dll
218688	32704	0x7ffc3ce0d624	ntdll.dll	0x9d624	C:\WINDOWS\SYSTEM32\ntdll.dll
218704	38484	0x7ffc3ce0d624	ntdll.dll	0x9d624	C:\WINDOWS\SYSTEM32\ntdll.dll
218721	38876	0x7ffc3ce10fd4	ntdll.dll	0xa0fd4	C:\WINDOWS\SYSTEM32\ntdll.dll
218739	34896	0x7ffc3ce10fd4	ntdll.dll	0xa0fd4	C:\WINDOWS\SYSTEM32\ntdll.dll
218761	38456	0x7ffc3ce10fd4	ntdll.dll	0xa0fd4	C:\WINDOWS\SYSTEM32\ntdll.dll
218781	38172	0x7ffc3ce0d624	ntdll.dll	0x9d624	C:\WINDOWS\SYSTEM32\ntdll.dll
218797	28272	0x7ffc3ce0d6c4	ntdll.dll	0x9d6c4	C:\WINDOWS\SYSTEM32\ntdll.dll
218813	34772	0x7ffc3ce0d6c4	ntdll.dll	0x9d6c4	C:\WINDOWS\SYSTEM32\ntdll.dll
218830	37384	0x7ffc3ce0d6c4	ntdll.dll	0x9d6c4	C:\WINDOWS\SYSTEM32\ntdll.dll
218845	33920	0x7ffc3ce0d6c4	ntdll.dll	0x9d6c4	C:\WINDOWS\SYSTEM32\ntdll.dll
218864	34548	0x7ffc3ce0e0f4	ntdll.dll	0x9e0f4	C:\WINDOWS\SYSTEM32\ntdll.dll
218882	36796	0x7ffc3ce0d6c4	ntdll.dll	0x9d6c4	C:\WINDOWS\SYSTEM32\ntdll.dll
218901	36628	0x7ffc3ce0d6c4	ntdll.dll	0x9d6c4	C:\WINDOWS\SYSTEM32\ntdll.dll
218919	13652	0x7ffc3ce0d6c4	ntdll.dll	0x9d6c4	C:\WINDOWS\SYSTEM32\ntdll.dll
218937	32520	0x7ffc3ce0d6c4	ntdll.dll	0x9d6c4	C:\WINDOWS\SYSTEM32\ntdll.dll
218955	33744	0x7ffc3ce0d6c4	ntdll.dll	0x9d6c4	C:\WINDOWS\SYSTEM32\ntdll.dll
218977	36636	0x7ffc3ce10fd4	ntdll.dll	0xa0fd4	C:\WINDOWS\SYSTEM32\ntdll.dll
218996	35812	0x7ffc3ce0d624	ntdll.dll	0x9d624	C:\WINDOWS\SYSTEM32\ntdll.dll
219016	36112	0x7ffc3ce10fd4	ntdll.dll	0xa0fd4	C:\WINDOWS\SYSTEM32\ntdll.dll
219037	18020	0x7ffc3ce0e0f4	ntdll.dll	0x9e0f4	C:\WINDOWS\SYSTEM32\ntdll.dll
219062	27584	0x7ffc3ce10fd4	ntdll.dll	0xa0fd4	C:\WINDOWS\SYSTEM32\ntdll.dll
219083	2996	0x7ffc3ce0e0f4	ntdll.dll	0x9e0f4	C:\WINDOWS\SYSTEM32\ntdll.dll
219102	35460	0x7ffc3ce10fd4	ntdll.dll	0xa0fd4	C:\WINDOWS\SYSTEM32\ntdll.dll
219126	38008	0x7ffc3ce0d624	ntdll.dll	0x9d624	C:\WINDOWS\SYSTEM32\ntdll.dll
219147	33284	0x7ffc3ce0e0f4	ntdll.dll	0x9e0f4	C:\WINDOWS\SYSTEM32\ntdll.dll
219164	28676	0x7ffc3ce0d624	ntdll.dll	0x9d624	C:\WINDOWS\SYSTEM32\ntdll.dll
219182	7328	0x7ffc3ce10fd4	ntdll.dll	0xa0fd4	C:\WINDOWS\SYSTEM32\ntdll.dll
219199	37628	0x7ffc3ce10fd4	ntdll.dll	0xa0fd4	C:\WINDOWS\SYSTEM32\ntdll.dll
219217	38748	0x7ffc3ce0d624	ntdll.dll	0x9d624	C:\WINDOWS\SYSTEM32\ntdll.dll
219237	33496	0x7ffc3ce10fd4	ntdll.dll	0xa0fd4	C:\WINDOWS\SYSTEM32\ntdll.dll
219274	27132	0x7ffc3ce0e0f4	ntdll.dll	0x9e0f4	C:\WINDOWS\SYSTEM32\ntdll.dll
219293	31736	0x7ffc3ce10fd4	ntdll.dll	0xa0fd4	C:\WINDOWS\SYSTEM32\ntdll.dll
219314	36960	0x7ffc3ce0e0f4	ntdll.dll	0x9e0f4	C:\WINDOWS\SYSTEM32\ntdll.dll
219332	20576	0x7ffc3ce10fd4	ntdll.dll	0xa0fd4	C:\WINDOWS\SYSTEM32\ntdll.dll
219349	34164	0x7ffc3ce10fd4	ntdll.dll	0xa0fd4	C:\WINDOWS\SYSTEM32\ntdll.dll
219370	38144	0x7ffc3ce10fd4	ntdll.dll	0xa0fd4	C:\WINDOWS\SYSTEM32\ntdll.dll
219392	33932	0x7ffc3ce10fd4	ntdll.dll	0xa0fd4	C:\WINDOWS\SYSTEM32\ntdll.dll
219410	29568	0x7ffc3ce10fd4	ntdll.dll	0xa0fd4	C:\WINDOWS\SYSTEM32\ntdll.dll
219432	38884	0x7ffc3ce0e0f4	ntdll.dll	0x9e0f4	C:\WINDOWS\SYSTEM32\ntdll.dll
219449	30684	0x7ffc3ce10fd4	ntdll.dll	0xa0fd4	C:\WINDOWS\SYSTEM32\ntdll.dll
219466	38260	0x7ffc3ce10fd4	ntdll.dll	0xa0fd4	C:\WINDOWS\SYSTEM32\ntdll.dll
219484	29588	0x7ffc3ce10fd4	ntdll.dll	0xa0fd4	C:\WINDOWS\SYSTEM32\ntdll.dll
219506	38232	0x7ffc3ce10fd4	ntdll.dll	0xa0fd4	C:\WINDOWS\SYSTEM32\ntdll.dll
219523	38812	0x7ffc3ce0d6c4	ntdll.dll	0x9d6c4	C:\WINDOWS\SYSTEM32\ntdll.dll
219543	35540	0x7ffc3ce0d6c4	ntdll.dll	0x9d6c4	C:\WINDOWS\SYSTEM32\ntdll.dll
219564	31888	0x7ffc3ce10fd4	ntdll.dll	0xa0fd4	C:\WINDOWS\SYSTEM32\ntdll.dll
219583	12908	0x7ffc3ce10fd4	ntdll.dll	0xa0fd4	C:\WINDOWS\SYSTEM32\ntdll.dll
219605	34508	0x7ffc3ce10fd4	ntdll.dll	0xa0fd4	C:\WINDOWS\SYSTEM32\ntdll.dll
219622	34276	0x7ffc3ce10fd4	ntdll.dll	0xa0fd4	C:\WINDOWS\SYSTEM32\ntdll.dll
219638	37940	0x7ffc3ce10fd4	ntdll.dll	0xa0fd4	C:\WINDOWS\SYSTEM32\ntdll.dll
219656	29192	0x7ffc3ce10fd4	ntdll.dll	0xa0fd4	C:\WINDOWS\SYSTEM32\ntdll.dll
219675	37736	0x7ffc3ce10fd4	ntdll.dll	0xa0fd4	C:\WINDOWS\SYSTEM32\ntdll.dll
219698	33220	0x7ffc3ce10fd4	ntdll.dll	0xa0fd4	C:\WINDOWS\SYSTEM32\ntdll.dll
219720	12692	0x7ffc3ce10fd4	ntdll.dll	0xa0fd4	C:\WINDOWS\SYSTEM32\ntdll.dll
219736	33984	0x7ffc3ce10fd4	ntdll.dll	0xa0fd4	C:\WINDOWS\SYSTEM32\ntdll.dll
219752	38224	0x7ffc3ce10fd4	ntdll.dll	0xa0fd4	C:\WINDOWS\SYSTEM32\ntdll.dll
219770	28292	0x7ffc3ce10fd4	ntdll.dll	0xa0fd4	C:\WINDOWS\SYSTEM32\ntdll.dll
219792	35252	0x7ffc3ce10fd4	ntdll.dll	0xa0fd4	C:\WINDOWS\SYSTEM32\ntdll.dll
219810	38044	0x7ffc3ce10fd4	ntdll.dll	0xa0fd4	C:\WINDOWS\SYSTEM32\ntdll.dll
219828	38340	0x7ffc3ce10fd4	ntdll.dll	0xa0fd4	C:\WINDOWS\SYSTEM32\ntdll.dll
219845	13736	0x7ffc3ce10fd4	ntdll.dll	0xa0fd4	C:\WINDOWS\SYSTEM32\ntdll.dll
219863	38192	0x7ffc3ce10fd4	ntdll.dll	0xa0fd4	C:\WINDOWS\SYSTEM32\ntdll.dll
219880	36272	0x7ffc3ce10fd4	ntdll.dll	0xa0fd4	C:\WINDOWS\SYSTEM32\ntdll.dll
219895	25612	0x7ffc3ce0d6c4	ntdll.dll	0x9d6c4	C:\WINDOWS\SYSTEM32\ntdll.dll
219910	38384	0x7ffc3ce11034	ntdll.dll	0xa1034	C:\WINDOWS\SYSTEM32\ntdll.dll
219926	33108	0x7ffc3ce0d6c4	ntdll.dll	0x9d6c4	C:\WINDOWS\SYSTEM32\ntdll.dll
219944	34820	0x7ffc3ce11034	ntdll.dll	0xa1034	C:\WINDOWS\SYSTEM32\ntdll.dll
219961	36648	0x7ffc3ce0d624	ntdll.dll	0x9d624	C:\WINDOWS\SYSTEM32\ntdll.dll
219980	38412	0x7ffc3a941104	win32u.dll	0x1104	C:\WINDOWS\System32\win32u.dll
219999	26804	0x7ffc3ce11034	ntdll.dll	0xa1034	C:\WINDOWS\SYSTEM32\ntdll.dll
220021	34564	0x7ffc3ce10fd4	ntdll.dll	0xa0fd4	C:\WINDOWS\SYSTEM32\ntdll.dll
220038	26280	0x7ffc3ce10fd4	ntdll.dll	0xa0fd4	C:\WINDOWS\SYSTEM32\ntdll.dll
220055	37740	0x7ffc3ce0d6c4	ntdll.dll	0x9d6c4	C:\WINDOWS\SYSTEM32\ntdll.dll
220076	37892	0x7ffc3ce0d624	ntdll.dll	0x9d624	C:\WINDOWS\SYSTEM32\ntdll.dll
220095	38840	0x7ffc3ce0e0f4	ntdll.dll	0x9e0f4	C:\WINDOWS\SYSTEM32\ntdll.dll
220118	36632	0x7ffc3ce10fd4	ntdll.dll	0xa0fd4	C:\WINDOWS\SYSTEM32\ntdll.dll
220139	23456	0x7ffc3ce10fd4	ntdll.dll	0xa0fd4	C:\WINDOWS\SYSTEM32\ntdll.dll
220163	29500	0x7ffc3ce10fd4	ntdll.dll	0xa0fd4	C:\WINDOWS\SYSTEM32\ntdll.dll
220184	2556	0x7ffc3ce10fd4	ntdll.dll	0xa0fd4	C:\WINDOWS\SYSTEM32\ntdll.dll
220202	16324	0x7ffc3ce10fd4	ntdll.dll	0xa0fd4	C:\WINDOWS\SYSTEM32\ntdll.dll
220220	26548	0x7ffc3ce10fd4	ntdll.dll	0xa0fd4	C:\WINDOWS\SYSTEM32\ntdll.dll
220243	38388	0x7ffc3ce10fd4	ntdll.dll	0xa0fd4	C:\WINDOWS\SYSTEM32\ntdll.dll
220266	13588	0x7ffc3ce10fd4	ntdll.dll	0xa0fd4	C:\WINDOWS\SYSTEM32\ntdll.dll
220284	13776	0x7ffc3ce10fd4	ntdll.dll	0xa0fd4	C:\WINDOWS\SYSTEM32\ntdll.dll
220315	27000	0x7ffc3ce10fd4	ntdll.dll	0xa0fd4	C:\WINDOWS\SYSTEM32\ntdll.dll
220332	35508	0x7ffc3ce10fd4	ntdll.dll	0xa0fd4	C:\WINDOWS\SYSTEM32\ntdll.dll
220354	34444	0x7ffc3ce10fd4	ntdll.dll	0xa0fd4	C:\WINDOWS\SYSTEM32\ntdll.dll
220378	28732	0x7ffc3ce10fd4	ntdll.dll	0xa0fd4	C:\WINDOWS\SYSTEM32\ntdll.dll
220402	26616	0x7ffc3ce10fd4	ntdll.dll	0xa0fd4	C:\WINDOWS\SYSTEM32\ntdll.dll
220423	37132	0x7ffc3ce10fd4	ntdll.dll	0xa0fd4	C:\WINDOWS\SYSTEM32\ntdll.dll
220441	20024	0x7ffc3ce10fd4	ntdll.dll	0xa0fd4	C:\WINDOWS\SYSTEM32\ntdll.dll
220459	37760	0x7ffc3ce10fd4	ntdll.dll	0xa0fd4	C:\WINDOWS\SYSTEM32\ntdll.dll
220482	31852	0x7ffc3ce10fd4	ntdll.dll	0xa0fd4	C:\WINDOWS\SYSTEM32\ntdll.dll
220504	37624	0x7ffc3ce10fd4	ntdll.dll	0xa0fd4	C:\WINDOWS\SYSTEM32\ntdll.dll
220525	38048	0x7ffc3ce10fd4	ntdll.dll	0xa0fd4	C:\WINDOWS\SYSTEM32\ntdll.dll
220541	30536	0x7ffc3ce10fd4	ntdll.dll	0xa0fd4	C:\WINDOWS\SYSTEM32\ntdll.dll
220557	8688	0x7ffc3ce0d6c4	ntdll.dll	0x9d6c4	C:\WINDOWS\SYSTEM32\ntdll.dll
220579	764	0x7ffc3ce0d624	ntdll.dll	0x9d624	C:\WINDOWS\SYSTEM32\ntdll.dll
220603	29356	0x7ffc3ce0d624	ntdll.dll	0x9d624	C:\WINDOWS\SYSTEM32\ntdll.dll
220626	32352	0x7ffc3ce0e0f4	ntdll.dll	0x9e0f4	C:\WINDOWS\SYSTEM32\ntdll.dll
220650	38936	0x7ffc3ce0d624	ntdll.dll	0x9d624	C:\WINDOWS\SYSTEM32\ntdll.dll
220670	38944	0x7ffc3ce0d624	ntdll.dll	0x9d624	C:\WINDOWS\SYSTEM32\ntdll.dll
220692	38952	0x7ffc3ce0d624	ntdll.dll	0x9d624	C:\WINDOWS\SYSTEM32\ntdll.dll
220711	38960	0x7ffc3ce0d624	ntdll.dll	0x9d624	C:\WINDOWS\SYSTEM32\ntdll.dll
220729	38968	0x7ffc3ce0d624	ntdll.dll	0x9d624	C:\WINDOWS\SYSTEM32\ntdll.dll
220753	38976	0x7ffc3ce0d624	ntdll.dll	0x9d624	C:\WINDOWS\SYSTEM32\ntdll.dll
220774	38984	0x7ffc3ce0d624	ntdll.dll	0x9d624	C:\WINDOWS\SYSTEM32\ntdll.dll
220791	38992	0x7ffc3ce0d624	ntdll.dll	0x9d624	C:\WINDOWS\SYSTEM32\ntdll.dll
220814	39000	0x7ffc3ce0d624	ntdll.dll	0x9d624	C:\WINDOWS\SYSTEM32\ntdll.dll
220832	39008	0x7ffc3ce0d624	ntdll.dll	0x9d624	C:\WINDOWS\SYSTEM32\ntdll.dll
220875	39028	0x7ffc3ce0e0f4	ntdll.dll	0x9e0f4	C:\WINDOWS\SYSTEM32\ntdll.dll
220901	39212	0x7ffc3ce10fd4	ntdll.dll	0xa0fd4	C:\WINDOWS\SYSTEM32\ntdll.dll
220928	39240	0x7ffc3ce0d624	ntdll.dll	0x9d624	C:\WINDOWS\SYSTEM32\ntdll.dll
220952	39244	0x7ffc3ce0d6c4	ntdll.dll	0x9d6c4	C:\WINDOWS\SYSTEM32\ntdll.dll
220977	39248	0x7ffc3ce0d6c4	ntdll.dll	0x9d6c4	C:\WINDOWS\SYSTEM32\ntdll.dll
221002	39252	0x7ffc3ce10fd4	ntdll.dll	0xa0fd4	C:\WINDOWS\SYSTEM32\ntdll.dll
221025	39256	0x7ffc3ce0d624	ntdll.dll	0x9d624	C:\WINDOWS\SYSTEM32\ntdll.dll
221048	39260	0x7ffc3ce0d624	ntdll.dll	0x9d624	C:\WINDOWS\SYSTEM32\ntdll.dll
221067	39268	0x7ffc3a941104	win32u.dll	0x1104	C:\WINDOWS\System32\win32u.dll
221083	39300	0x7ffc3a941104	win32u.dll	0x1104	C:\WINDOWS\System32\win32u.dll
221102	39384	0x7ffc3ce0d624	ntdll.dll	0x9d624	C:\WINDOWS\SYSTEM32\ntdll.dll
221123	39388	0x7ffc3a941104	win32u.dll	0x1104	C:\WINDOWS\System32\win32u.dll
221141	41552	0x7ffc3ce0d6c4	ntdll.dll	0x9d6c4	C:\WINDOWS\SYSTEM32\ntdll.dll
221160	41568	0x7ffc3ce0d624	ntdll.dll	0x9d624	C:\WINDOWS\SYSTEM32\ntdll.dll
221181	41572	0x7ffc3ce0e0f4	ntdll.dll	0x9e0f4	C:\WINDOWS\SYSTEM32\ntdll.dll
221200	41592	0x7ffc3ce0d624	ntdll.dll	0x9d624	C:\WINDOWS\SYSTEM32\ntdll.dll
221223	41596	0x7ffc3ce0d624	ntdll.dll	0x9d624	C:\WINDOWS\SYSTEM32\ntdll.dll
221244	41600	0x7ffc3ce0d624	ntdll.dll	0x9d624	C:\WINDOWS\SYSTEM32\ntdll.dll
221262	41604	0x7ffc3ce0d624	ntdll.dll	0x9d624	C:\WINDOWS\SYSTEM32\ntdll.dll
221279	41608	0x7ffc3ce0d624	ntdll.dll	0x9d624	C:\WINDOWS\SYSTEM32\ntdll.dll
221297	41612	0x7ffc3ce0d624	ntdll.dll	0x9d624	C:\WINDOWS\SYSTEM32\ntdll.dll
221315	41616	0x7ffc3ce0d624	ntdll.dll	0x9d624	C:\WINDOWS\SYSTEM32\ntdll.dll
221330	41620	0x7ffc3ce0d624	ntdll.dll	0x9d624	C:\WINDOWS\SYSTEM32\ntdll.dll
221347	41624	0x7ffc3ce0d624	ntdll.dll	0x9d624	C:\WINDOWS\SYSTEM32\ntdll.dll
221368	41628	0x7ffc3ce0d624	ntdll.dll	0x9d624	C:\WINDOWS\SYSTEM32\ntdll.dll
221389	41632	0x7ffc3ce0d624	ntdll.dll	0x9d624	C:\WINDOWS\SYSTEM32\ntdll.dll
221408	41636	0x7ffc3ce0e0f4	ntdll.dll	0x9e0f4	C:\WINDOWS\SYSTEM32\ntdll.dll
221425	41656	0x7ffc3ce0d624	ntdll.dll	0x9d624	C:\WINDOWS\SYSTEM32\ntdll.dll
221459	41660	0x7ffc3ce0d624	ntdll.dll	0x9d624	C:\WINDOWS\SYSTEM32\ntdll.dll
221477	41664	0x7ffc3ce0d624	ntdll.dll	0x9d624	C:\WINDOWS\SYSTEM32\ntdll.dll
221495	41668	0x7ffc3ce0d624	ntdll.dll	0x9d624	C:\WINDOWS\SYSTEM32\ntdll.dll
221512	41672	0x7ffc3ce0d624	ntdll.dll	0x9d624	C:\WINDOWS\SYSTEM32\ntdll.dll
221529	41676	0x7ffc3ce0d624	ntdll.dll	0x9d624	C:\WINDOWS\SYSTEM32\ntdll.dll
221546	41680	0x7ffc3ce0d624	ntdll.dll	0x9d624	C:\WINDOWS\SYSTEM32\ntdll.dll
221565	41684	0x7ffc3ce0d624	ntdll.dll	0x9d624	C:\WINDOWS\SYSTEM32\ntdll.dll
221587	41688	0x7ffc3ce0d624	ntdll.dll	0x9d624	C:\WINDOWS\SYSTEM32\ntdll.dll
221607	41692	0x7ffc3ce0d624	ntdll.dll	0x9d624	C:\WINDOWS\SYSTEM32\ntdll.dll
221624	35588	0x7ffc3ce11034	ntdll.dll	0xa1034	C:\WINDOWS\SYSTEM32\ntdll.dll
221640	42844	0x7ffc3ce11034	ntdll.dll	0xa1034	C:\WINDOWS\SYSTEM32\ntdll.dll
221660	42732	0x7ffc3ce11034	ntdll.dll	0xa1034	C:\WINDOWS\SYSTEM32\ntdll.dll
221685	39580	0x7ffc3ce11034	ntdll.dll	0xa1034	C:\WINDOWS\SYSTEM32\ntdll.dll
221702	39096	0x7ffc3ce11034	ntdll.dll	0xa1034	C:\WINDOWS\SYSTEM32\ntdll.dll
221721	37584	0x7ffc3ce11034	ntdll.dll	0xa1034	C:\WINDOWS\SYSTEM32\ntdll.dll
221743	42840	0x7ffc3ce11034	ntdll.dll	0xa1034	C:\WINDOWS\SYSTEM32\ntdll.dll
221765	44704	0x7ffc3ce11034	ntdll.dll	0xa1034	C:\WINDOWS\SYSTEM32\ntdll.dll
221788	44340	0x7ffc3ce11034	ntdll.dll	0xa1034	C:\WINDOWS\SYSTEM32\ntdll.dll
221809	44344	0x7ffc3ce103d4	ntdll.dll	0xa03d4	C:\WINDOWS\SYSTEM32\ntdll.dll
221829	35604	0x7ffc3ce10fd4	ntdll.dll	0xa0fd4	C:\WINDOWS\SYSTEM32\ntdll.dll
221851	37320	0x7ffc3ce11034	ntdll.dll	0xa1034	C:\WINDOWS\SYSTEM32\ntdll.dll
221875	16556	0x7ffc3ce0d624	ntdll.dll	0x9d624	C:\WINDOWS\SYSTEM32\ntdll.dll
221898	43856	0x7ffc3ce0d624	ntdll.dll	0x9d624	C:\WINDOWS\SYSTEM32\ntdll.dll
221921	29616	0x7ffc3ce0d624	ntdll.dll	0x9d624	C:\WINDOWS\SYSTEM32\ntdll.dll
221947	41900	0x7ffc3ce0d624	ntdll.dll	0x9d624	C:\WINDOWS\SYSTEM32\ntdll.dll
221969	43092	0x7ffc3ce0d624	ntdll.dll	0x9d624	C:\WINDOWS\SYSTEM32\ntdll.dll
221992	24564	0x7ffc3ce0d624	ntdll.dll	0x9d624	C:\WINDOWS\SYSTEM32\ntdll.dll
222015	22584	0x7ffc3ce0d624	ntdll.dll	0x9d624	C:\WINDOWS\SYSTEM32\ntdll.dll
222035	42540	0x7ffc3ce0d624	ntdll.dll	0x9d624	C:\WINDOWS\SYSTEM32\ntdll.dll
222060	40624	0x7ffc3ce0d624	ntdll.dll	0x9d624	C:\WINDOWS\SYSTEM32\ntdll.dll
222080	36832	0x7ffc3ce0d624	ntdll.dll	0x9d624	C:\WINDOWS\SYSTEM32\ntdll.dll
222096	38308	0x7ffc3ce0d624	ntdll.dll	0x9d624	C:\WINDOWS\SYSTEM32\ntdll.dll
222114	40196	0x7ffc3ce0d624	ntdll.dll	0x9d624	C:\WINDOWS\SYSTEM32\ntdll.dll
222133	38360	0x7ffc3ce0e0f4	ntdll.dll	0x9e0f4	C:\WINDOWS\SYSTEM32\ntdll.dll
222156	35856	0x7ffc3ce10fd4	ntdll.dll	0xa0fd4	C:\WINDOWS\SYSTEM32\ntdll.dll
222175	37256	0x7ffc3ce10fd4	ntdll.dll	0xa0fd4	C:\WINDOWS\SYSTEM32\ntdll.dll
222199	26580	0x7ffc3ce10fd4	ntdll.dll	0xa0fd4	C:\WINDOWS\SYSTEM32\ntdll.dll
222226	35592	0x7ffc3ce10fd4	ntdll.dll	0xa0fd4	C:\WINDOWS\SYSTEM32\ntdll.dll
222248	38096	0x7ffc3ce10fd4	ntdll.dll	0xa0fd4	C:\WINDOWS\SYSTEM32\ntdll.dll
222265	44212	0x7ffc3ce11034	ntdll.dll	0xa1034	C:\WINDOWS\SYSTEM32\ntdll.dll
222284	43196	0x7ffc3ce11034	ntdll.dll	0xa1034	C:\WINDOWS\SYSTEM32\ntdll.dll
222307	44284	0x7ffc3ce11034	ntdll.dll	0xa1034	C:\WINDOWS\SYSTEM32\ntdll.dll
222330	34660	0x7ffc3ce0d624	ntdll.dll	0x9d624	C:\WINDOWS\SYSTEM32\ntdll.dll
222352	10056	0x7ffc3ce11034	ntdll.dll	0xa1034	C:\WINDOWS\SYSTEM32\ntdll.dll
222370	39016	0x7ffc3ce11034	ntdll.dll	0xa1034	C:\WINDOWS\SYSTEM32\ntdll.dll
222388	43220	0x7ffc3ce11034	ntdll.dll	0xa1034	C:\WINDOWS\SYSTEM32\ntdll.dll
222411	39192	0x7ffc3ce11034	ntdll.dll	0xa1034	C:\WINDOWS\SYSTEM32\ntdll.dll
222430	39288	0x7ffc3ce11034	ntdll.dll	0xa1034	C:\WINDOWS\SYSTEM32\ntdll.dll
222449	40468	0x7ffc3ce11034	ntdll.dll	0xa1034	C:\WINDOWS\SYSTEM32\ntdll.dll
222468	13408	0x7ffc3ce0d624	ntdll.dll	0x9d624	C:\WINDOWS\SYSTEM32\ntdll.dll
222489	44852	0x7ffc3ce0e0f4	ntdll.dll	0x9e0f4	C:\WINDOWS\SYSTEM32\ntdll.dll
222510	39064	0x7ffc3ce0e0f4	ntdll.dll	0x9e0f4	C:\WINDOWS\SYSTEM32\ntdll.dll
222528	43724	0x7ffc3ce0d624	ntdll.dll	0x9d624	C:\WINDOWS\SYSTEM32\ntdll.dll
222551	35764	0x7ffc3ce0d624	ntdll.dll	0x9d624	C:\WINDOWS\SYSTEM32\ntdll.dll
222587	38084	0x7ffc3ce0d624	ntdll.dll	0x9d624	C:\WINDOWS\SYSTEM32\ntdll.dll
222606	29408	0x7ffc3ce0d624	ntdll.dll	0x9d624	C:\WINDOWS\SYSTEM32\ntdll.dll
222627	34948	0x7ffc3ce11034	ntdll.dll	0xa1034	C:\WINDOWS\SYSTEM32\ntdll.dll
222646	34956	0x7ffc3ce0d624	ntdll.dll	0x9d624	C:\WINDOWS\SYSTEM32\ntdll.dll
222665	38272	0x7ffc3ce0d624	ntdll.dll	0x9d624	C:\WINDOWS\SYSTEM32\ntdll.dll
222684	38148	0x7ffc3ce0d624	ntdll.dll	0x9d624	C:\WINDOWS\SYSTEM32\ntdll.dll
222705	44984	0x7ffc3ce0d624	ntdll.dll	0x9d624	C:\WINDOWS\SYSTEM32\ntdll.dll
222721	39808	0x7ffc3ce0d624	ntdll.dll	0x9d624	C:\WINDOWS\SYSTEM32\ntdll.dll
222739	27740	0x7ffc3ce0d624	ntdll.dll	0x9d624	C:\WINDOWS\SYSTEM32\ntdll.dll
222762	42600	0x7ffc3ce0d624	ntdll.dll	0x9d624	C:\WINDOWS\SYSTEM32\ntdll.dll
222784	28352	0x7ffc3ce0d624	ntdll.dll	0x9d624	C:\WINDOWS\SYSTEM32\ntdll.dll
222803	38248	0x7ffc3ce0d624	ntdll.dll	0x9d624	C:\WINDOWS\SYSTEM32\ntdll.dll
222824	45028	0x7ffc3ce0d624	ntdll.dll	0x9d624	C:\WINDOWS\SYSTEM32\ntdll.dll
222846	42588	0x7ffc3ce0e0f4	ntdll.dll	0x9e0f4	C:\WINDOWS\SYSTEM32\ntdll.dll
222865	35116	0x7ffc3ce11034	ntdll.dll	0xa1034	C:\WINDOWS\SYSTEM32\ntdll.dll
222885	34908	0x7ffc3ce11034	ntdll.dll	0xa1034	C:\WINDOWS\SYSTEM32\ntdll.dll
222908	24164	0x7ffc3ce11034	ntdll.dll	0xa1034	C:\WINDOWS\SYSTEM32\ntdll.dll
222927	30500	0x7ffc3ce11034	ntdll.dll	0xa1034	C:\WINDOWS\SYSTEM32\ntdll.dll
222948	42972	0x7ffc3ce11034	ntdll.dll	0xa1034	C:\WINDOWS\SYSTEM32\ntdll.dll
233424	33248	0x7ffc3a941104	win32u.dll	0x1104	C:\WINDOWS\System32\win32u.dll
233459	10380	0x7ffc3ce10fd4	ntdll.dll	0xa0fd4	C:\WINDOWS\SYSTEM32\ntdll.dll
233480	37804	0x7ffc3ce10fd4	ntdll.dll	0xa0fd4	C:\WINDOWS\SYSTEM32\ntdll.dll
233504	31968	0x7ffc3ce10fd4	ntdll.dll	0xa0fd4	C:\WINDOWS\SYSTEM32\ntdll.dll
233521	700	0x7ffc3ce0e0f4	ntdll.dll	0x9e0f4	C:\WINDOWS\SYSTEM32\ntdll.dll
233536	33888	0x7ffc3ce0d6c4	ntdll.dll	0x9d6c4	C:\WINDOWS\SYSTEM32\ntdll.dll
233552	34776	0x7ffc3ce0d6c4	ntdll.dll	0x9d6c4	C:\WINDOWS\SYSTEM32\ntdll.dll
233568	34496	0x7ffc3ce10fd4	ntdll.dll	0xa0fd4	C:\WINDOWS\SYSTEM32\ntdll.dll
233588	37644	0x7ffc3ce10fd4	ntdll.dll	0xa0fd4	C:\WINDOWS\SYSTEM32\ntdll.dll
233604	37640	0x7ffc3ce10fd4	ntdll.dll	0xa0fd4	C:\WINDOWS\SYSTEM32\ntdll.dll
233622	36668	0x7ffc3ce11034	ntdll.dll	0xa1034	C:\WINDOWS\SYSTEM32\ntdll.dll
233641	26628	0x7ffc3a94a124	win32u.dll	0xa124	C:\WINDOWS\System32\win32u.dll
233657	35068	0x7ffc3ce10fd4	ntdll.dll	0xa0fd4	C:\WINDOWS\SYSTEM32\ntdll.dll
233673	36428	0x7ffc3ce0e0f4	ntdll.dll	0x9e0f4	C:\WINDOWS\SYSTEM32\ntdll.dll
233689	35996	0x7ffc3ce0e0f4	ntdll.dll	0x9e0f4	C:\WINDOWS\SYSTEM32\ntdll.dll
233707	19780	0x7ffc3ce0e0f4	ntdll.dll	0x9e0f4	C:\WINDOWS\SYSTEM32\ntdll.dll
233723	22404	0x7ffc3ce0d6c4	ntdll.dll	0x9d6c4	C:\WINDOWS\SYSTEM32\ntdll.dll
233739	34704	0x7ffc3ce0d6c4	ntdll.dll	0x9d6c4	C:\WINDOWS\SYSTEM32\ntdll.dll
233758	28184	0x7ffc3ce0d624	ntdll.dll	0x9d624	C:\WINDOWS\SYSTEM32\ntdll.dll
233773	38852	0x7ffc3ce11034	ntdll.dll	0xa1034	C:\WINDOWS\SYSTEM32\ntdll.dll
233788	19796	0x7ffc3ce0d624	ntdll.dll	0x9d624	C:\WINDOWS\SYSTEM32\ntdll.dll
233804	28764	0x7ffc3ce0d624	ntdll.dll	0x9d624	C:\WINDOWS\SYSTEM32\ntdll.dll
233822	38056	0x7ffc3ce0d624	ntdll.dll	0x9d624	C:\WINDOWS\SYSTEM32\ntdll.dll
233841	33572	0x7ffc3ce0d6c4	ntdll.dll	0x9d6c4	C:\WINDOWS\SYSTEM32\ntdll.dll
233858	36376	0x7ffc3ce0e0f4	ntdll.dll	0x9e0f4	C:\WINDOWS\SYSTEM32\ntdll.dll
233877	13352	0x7ffc3a94a124	win32u.dll	0xa124	C:\WINDOWS\System32\win32u.dll
233894	37056	0x7ffc3ce0e0f4	ntdll.dll	0x9e0f4	C:\WINDOWS\SYSTEM32\ntdll.dll
233913	31464	0x7ffc3ce0d624	ntdll.dll	0x9d624	C:\WINDOWS\SYSTEM32\ntdll.dll
233928	36532	0x7ffc3ce0d6c4	ntdll.dll	0x9d6c4	C:\WINDOWS\SYSTEM32\ntdll.dll
233944	12684	0x7ffc3ce10fd4	ntdll.dll	0xa0fd4	C:\WINDOWS\SYSTEM32\ntdll.dll
233960	32208	0x7ffc3ce10fd4	ntdll.dll	0xa0fd4	C:\WINDOWS\SYSTEM32\ntdll.dll
233976	38716	0x7ffc3ce0d624	ntdll.dll	0x9d624	C:\WINDOWS\SYSTEM32\ntdll.dll
234001	35200	0x7ffc3ce0e0f4	ntdll.dll	0x9e0f4	C:\WINDOWS\SYSTEM32\ntdll.dll
234023	15148	0x7ffc3ce0d624	ntdll.dll	0x9d624	C:\WINDOWS\SYSTEM32\ntdll.dll
234040	13956	0x7ffc3ce0d624	ntdll.dll	0x9d624	C:\WINDOWS\SYSTEM32\ntdll.dll
234081	29528	0x7ffc3ce0d624	ntdll.dll	0x9d624	C:\WINDOWS\SYSTEM32\ntdll.dll
234101	17028	0x7ffc3ce0d624	ntdll.dll	0x9d624	C:\WINDOWS\SYSTEM32\ntdll.dll
234122	27652	0x7ffc3ce0d624	ntdll.dll	0x9d624	C:\WINDOWS\SYSTEM32\ntdll.dll
234137	34320	0x7ffc3ce0d624	ntdll.dll	0x9d624	C:\WINDOWS\SYSTEM32\ntdll.dll
234157	33620	0x7ffc3ce0d624	ntdll.dll	0x9d624	C:\WINDOWS\SYSTEM32\ntdll.dll
234180	36712	0x7ffc3ce0d624	ntdll.dll	0x9d624	C:\WINDOWS\SYSTEM32\ntdll.dll
234309	18760	0x7ffc3ce0d624	ntdll.dll	0x9d624	C:\WINDOWS\SYSTEM32\ntdll.dll
234329	37364	0x7ffc3ce0d624	ntdll.dll	0x9d624	C:\WINDOWS\SYSTEM32\ntdll.dll
234345	28596	0x7ffc3ce0d624	ntdll.dll	0x9d624	C:\WINDOWS\SYSTEM32\ntdll.dll
234362	33908	0x7ffc3ce0d624	ntdll.dll	0x9d624	C:\WINDOWS\SYSTEM32\ntdll.dll
234380	14192	0x7ffc3ce0d624	ntdll.dll	0x9d624	C:\WINDOWS\SYSTEM32\ntdll.dll
234396	29548	0x7ffc3ce0e0f4	ntdll.dll	0x9e0f4	C:\WINDOWS\SYSTEM32\ntdll.dll
234412	6688	0x7ffc3ce0d624	ntdll.dll	0x9d624	C:\WINDOWS\SYSTEM32\ntdll.dll
234428	14692	0x7ffc3ce10fd4	ntdll.dll	0xa0fd4	C:\WINDOWS\SYSTEM32\ntdll.dll
234447	34840	0x7ffc3ce10fd4	ntdll.dll	0xa0fd4	C:\WINDOWS\SYSTEM32\ntdll.dll
234470	28620	0x7ffc3ce0e0f4	ntdll.dll	0x9e0f4	C:\WINDOWS\SYSTEM32\ntdll.dll
234492	37852	0x7ffc3ce0d6c4	ntdll.dll	0x9d6c4	C:\WINDOWS\SYSTEM32\ntdll.dll
234508	37380	0x7ffc3ce0e0f4	ntdll.dll	0x9e0f4	C:\WINDOWS\SYSTEM32\ntdll.dll
234524	38848	0x7ffc3ce0d6c4	ntdll.dll	0x9d6c4	C:\WINDOWS\SYSTEM32\ntdll.dll
234540	33300	0x7ffc3ce0e0f4	ntdll.dll	0x9e0f4	C:\WINDOWS\SYSTEM32\ntdll.dll
234556	33304	0x7ffc3ce0d6c4	ntdll.dll	0x9d6c4	C:\WINDOWS\SYSTEM32\ntdll.dll
234574	11196	0x7ffc3ce0d624	ntdll.dll	0x9d624	C:\WINDOWS\SYSTEM32\ntdll.dll
234591	31576	0x7ffc3ce0d6c4	ntdll.dll	0x9d6c4	C:\WINDOWS\SYSTEM32\ntdll.dll
234613	38736	0x7ffc3a941104	win32u.dll	0x1104	C:\WINDOWS\System32\win32u.dll
234631	38356	0x7ffc3ce0e0f4	ntdll.dll	0x9e0f4	C:\WINDOWS\SYSTEM32\ntdll.dll
234652	38380	0x7ffc3ce0d624	ntdll.dll	0x9d624	C:\WINDOWS\SYSTEM32\ntdll.dll
234679	32704	0x7ffc3ce0d624	ntdll.dll	0x9d624	C:\WINDOWS\SYSTEM32\ntdll.dll
234700	38484	0x7ffc3ce0d624	ntdll.dll	0x9d624	C:\WINDOWS\SYSTEM32\ntdll.dll
234717	38876	0x7ffc3ce10fd4	ntdll.dll	0xa0fd4	C:\WINDOWS\SYSTEM32\ntdll.dll
234732	34896	0x7ffc3ce10fd4	ntdll.dll	0xa0fd4	C:\WINDOWS\SYSTEM32\ntdll.dll
234748	38456	0x7ffc3ce10fd4	ntdll.dll	0xa0fd4	C:\WINDOWS\SYSTEM32\ntdll.dll
234764	38172	0x7ffc3ce0d624	ntdll.dll	0x9d624	C:\WINDOWS\SYSTEM32\ntdll.dll
234782	28272	0x7ffc3ce0d6c4	ntdll.dll	0x9d6c4	C:\WINDOWS\SYSTEM32\ntdll.dll
234797	34772	0x7ffc3ce0d6c4	ntdll.dll	0x9d6c4	C:\WINDOWS\SYSTEM32\ntdll.dll
234815	37384	0x7ffc3ce0d6c4	ntdll.dll	0x9d6c4	C:\WINDOWS\SYSTEM32\ntdll.dll
234829	33920	0x7ffc3ce0d6c4	ntdll.dll	0x9d6c4	C:\WINDOWS\SYSTEM32\ntdll.dll
234847	34548	0x7ffc3ce0e0f4	ntdll.dll	0x9e0f4	C:\WINDOWS\SYSTEM32\ntdll.dll
234873	36796	0x7ffc3ce0d6c4	ntdll.dll	0x9d6c4	C:\WINDOWS\SYSTEM32\ntdll.dll
234889	36628	0x7ffc3ce0d6c4	ntdll.dll	0x9d6c4	C:\WINDOWS\SYSTEM32\ntdll.dll
234906	13652	0x7ffc3ce0d6c4	ntdll.dll	0x9d6c4	C:\WINDOWS\SYSTEM32\ntdll.dll
234924	32520	0x7ffc3ce0d6c4	ntdll.dll	0x9d6c4	C:\WINDOWS\SYSTEM32\ntdll.dll
234939	33744	0x7ffc3ce0d6c4	ntdll.dll	0x9d6c4	C:\WINDOWS\SYSTEM32\ntdll.dll
234958	36636	0x7ffc3ce10fd4	ntdll.dll	0xa0fd4	C:\WINDOWS\SYSTEM32\ntdll.dll
234978	35812	0x7ffc3ce0d624	ntdll.dll	0x9d624	C:\WINDOWS\SYSTEM32\ntdll.dll
235000	36112	0x7ffc3ce10fd4	ntdll.dll	0xa0fd4	C:\WINDOWS\SYSTEM32\ntdll.dll
235024	18020	0x7ffc3ce0e0f4	ntdll.dll	0x9e0f4	C:\WINDOWS\SYSTEM32\ntdll.dll
235044	27584	0x7ffc3ce10fd4	ntdll.dll	0xa0fd4	C:\WINDOWS\SYSTEM32\ntdll.dll
235066	2996	0x7ffc3ce0e0f4	ntdll.dll	0x9e0f4	C:\WINDOWS\SYSTEM32\ntdll.dll
235086	35460	0x7ffc3ce10fd4	ntdll.dll	0xa0fd4	C:\WINDOWS\SYSTEM32\ntdll.dll
235106	38008	0x7ffc3ce0d624	ntdll.dll	0x9d624	C:\WINDOWS\SYSTEM32\ntdll.dll
235129	33284	0x7ffc3ce0e0f4	ntdll.dll	0x9e0f4	C:\WINDOWS\SYSTEM32\ntdll.dll
235154	28676	0x7ffc3ce0d624	ntdll.dll	0x9d624	C:\WINDOWS\SYSTEM32\ntdll.dll
235178	7328	0x7ffc3ce10fd4	ntdll.dll	0xa0fd4	C:\WINDOWS\SYSTEM32\ntdll.dll
235197	37628	0x7ffc3ce10fd4	ntdll.dll	0xa0fd4	C:\WINDOWS\SYSTEM32\ntdll.dll
235235	38748	0x7ffc3ce0d624	ntdll.dll	0x9d624	C:\WINDOWS\SYSTEM32\ntdll.dll
235253	33496	0x7ffc3ce10fd4	ntdll.dll	0xa0fd4	C:\WINDOWS\SYSTEM32\ntdll.dll
235270	27132	0x7ffc3ce0e0f4	ntdll.dll	0x9e0f4	C:\WINDOWS\SYSTEM32\ntdll.dll
235287	31736	0x7ffc3ce10fd4	ntdll.dll	0xa0fd4	C:\WINDOWS\SYSTEM32\ntdll.dll
235309	36960	0x7ffc3ce0e0f4	ntdll.dll	0x9e0f4	C:\WINDOWS\SYSTEM32\ntdll.dll
235330	20576	0x7ffc3ce10fd4	ntdll.dll	0xa0fd4	C:\WINDOWS\SYSTEM32\ntdll.dll
235348	34164	0x7ffc3ce10fd4	ntdll.dll	0xa0fd4	C:\WINDOWS\SYSTEM32\ntdll.dll
235366	38144	0x7ffc3ce10fd4	ntdll.dll	0xa0fd4	C:\WINDOWS\SYSTEM32\ntdll.dll
235383	33932	0x7ffc3ce10fd4	ntdll.dll	0xa0fd4	C:\WINDOWS\SYSTEM32\ntdll.dll
235399	29568	0x7ffc3ce10fd4	ntdll.dll	0xa0fd4	C:\WINDOWS\SYSTEM32\ntdll.dll
235417	38884	0x7ffc3ce0e0f4	ntdll.dll	0x9e0f4	C:\WINDOWS\SYSTEM32\ntdll.dll
235437	30684	0x7ffc3ce10fd4	ntdll.dll	0xa0fd4	C:\WINDOWS\SYSTEM32\ntdll.dll
235458	38260	0x7ffc3ce10fd4	ntdll.dll	0xa0fd4	C:\WINDOWS\SYSTEM32\ntdll.dll
235476	29588	0x7ffc3ce10fd4	ntdll.dll	0xa0fd4	C:\WINDOWS\SYSTEM32\ntdll.dll
235495	38232	0x7ffc3ce10fd4	ntdll.dll	0xa0fd4	C:\WINDOWS\SYSTEM32\ntdll.dll
235515	38812	0x7ffc3ce0d6c4	ntdll.dll	0x9d6c4	C:\WINDOWS\SYSTEM32\ntdll.dll
235537	35540	0x7ffc3ce0d6c4	ntdll.dll	0x9d6c4	C:\WINDOWS\SYSTEM32\ntdll.dll
235561	31888	0x7ffc3ce10fd4	ntdll.dll	0xa0fd4	C:\WINDOWS\SYSTEM32\ntdll.dll
235579	12908	0x7ffc3ce10fd4	ntdll.dll	0xa0fd4	C:\WINDOWS\SYSTEM32\ntdll.dll
235600	34508	0x7ffc3ce10fd4	ntdll.dll	0xa0fd4	C:\WINDOWS\SYSTEM32\ntdll.dll
235622	34276	0x7ffc3ce10fd4	ntdll.dll	0xa0fd4	C:\WINDOWS\SYSTEM32\ntdll.dll
235638	37940	0x7ffc3ce10fd4	ntdll.dll	0xa0fd4	C:\WINDOWS\SYSTEM32\ntdll.dll
235654	29192	0x7ffc3ce10fd4	ntdll.dll	0xa0fd4	C:\WINDOWS\SYSTEM32\ntdll.dll
235672	37736	0x7ffc3ce10fd4	ntdll.dll	0xa0fd4	C:\WINDOWS\SYSTEM32\ntdll.dll
235693	33220	0x7ffc3ce10fd4	ntdll.dll	0xa0fd4	C:\WINDOWS\SYSTEM32\ntdll.dll
235711	12692	0x7ffc3ce10fd4	ntdll.dll	0xa0fd4	C:\WINDOWS\SYSTEM32\ntdll.dll
235733	33984	0x7ffc3ce10fd4	ntdll.dll	0xa0fd4	C:\WINDOWS\SYSTEM32\ntdll.dll
235751	38224	0x7ffc3ce10fd4	ntdll.dll	0xa0fd4	C:\WINDOWS\SYSTEM32\ntdll.dll
235771	28292	0x7ffc3ce10fd4	ntdll.dll	0xa0fd4	C:\WINDOWS\SYSTEM32\ntdll.dll
235788	35252	0x7ffc3ce10fd4	ntdll.dll	0xa0fd4	C:\WINDOWS\SYSTEM32\ntdll.dll
235806	38044	0x7ffc3ce10fd4	ntdll.dll	0xa0fd4	C:\WINDOWS\SYSTEM32\ntdll.dll
235826	38340	0x7ffc3ce10fd4	ntdll.dll	0xa0fd4	C:\WINDOWS\SYSTEM32\ntdll.dll
235848	13736	0x7ffc3ce10fd4	ntdll.dll	0xa0fd4	C:\WINDOWS\SYSTEM32\ntdll.dll
235867	38192	0x7ffc3ce10fd4	ntdll.dll	0xa0fd4	C:\WINDOWS\SYSTEM32\ntdll.dll
235887	36272	0x7ffc3ce10fd4	ntdll.dll	0xa0fd4	C:\WINDOWS\SYSTEM32\ntdll.dll
235903	25612	0x7ffc3ce0d6c4	ntdll.dll	0x9d6c4	C:\WINDOWS\SYSTEM32\ntdll.dll
235919	38384	0x7ffc3ce11034	ntdll.dll	0xa1034	C:\WINDOWS\SYSTEM32\ntdll.dll
235937	33108	0x7ffc3ce0d6c4	ntdll.dll	0x9d6c4	C:\WINDOWS\SYSTEM32\ntdll.dll
235955	34820	0x7ffc3ce11034	ntdll.dll	0xa1034	C:\WINDOWS\SYSTEM32\ntdll.dll
235977	36648	0x7ffc3ce0d624	ntdll.dll	0x9d624	C:\WINDOWS\SYSTEM32\ntdll.dll
235994	38412	0x7ffc3a941104	win32u.dll	0x1104	C:\WINDOWS\System32\win32u.dll
236011	26804	0x7ffc3ce11034	ntdll.dll	0xa1034	C:\WINDOWS\SYSTEM32\ntdll.dll
236029	34564	0x7ffc3ce10fd4	ntdll.dll	0xa0fd4	C:\WINDOWS\SYSTEM32\ntdll.dll
236046	26280	0x7ffc3ce10fd4	ntdll.dll	0xa0fd4	C:\WINDOWS\SYSTEM32\ntdll.dll
236066	37740	0x7ffc3ce0d6c4	ntdll.dll	0x9d6c4	C:\WINDOWS\SYSTEM32\ntdll.dll
236085	37892	0x7ffc3ce0d624	ntdll.dll	0x9d624	C:\WINDOWS\SYSTEM32\ntdll.dll
236104	38840	0x7ffc3ce0e0f4	ntdll.dll	0x9e0f4	C:\WINDOWS\SYSTEM32\ntdll.dll
236122	36632	0x7ffc3ce10fd4	ntdll.dll	0xa0fd4	C:\WINDOWS\SYSTEM32\ntdll.dll
236140	23456	0x7ffc3ce10fd4	ntdll.dll	0xa0fd4	C:\WINDOWS\SYSTEM32\ntdll.dll
236158	29500	0x7ffc3ce10fd4	ntdll.dll	0xa0fd4	C:\WINDOWS\SYSTEM32\ntdll.dll
236181	2556	0x7ffc3ce10fd4	ntdll.dll	0xa0fd4	C:\WINDOWS\SYSTEM32\ntdll.dll
236200	16324	0x7ffc3ce10fd4	ntdll.dll	0xa0fd4	C:\WINDOWS\SYSTEM32\ntdll.dll
236217	26548	0x7ffc3ce10fd4	ntdll.dll	0xa0fd4	C:\WINDOWS\SYSTEM32\ntdll.dll
236235	38388	0x7ffc3ce10fd4	ntdll.dll	0xa0fd4	C:\WINDOWS\SYSTEM32\ntdll.dll
236268	13588	0x7ffc3ce10fd4	ntdll.dll	0xa0fd4	C:\WINDOWS\SYSTEM32\ntdll.dll
236286	13776	0x7ffc3ce10fd4	ntdll.dll	0xa0fd4	C:\WINDOWS\SYSTEM32\ntdll.dll
236305	27000	0x7ffc3ce10fd4	ntdll.dll	0xa0fd4	C:\WINDOWS\SYSTEM32\ntdll.dll
236343	35508	0x7ffc3ce10fd4	ntdll.dll	0xa0fd4	C:\WINDOWS\SYSTEM32\ntdll.dll
236373	34444	0x7ffc3ce10fd4	ntdll.dll	0xa0fd4	C:\WINDOWS\SYSTEM32\ntdll.dll
236399	28732	0x7ffc3ce10fd4	ntdll.dll	0xa0fd4	C:\WINDOWS\SYSTEM32\ntdll.dll
236423	26616	0x7ffc3ce10fd4	ntdll.dll	0xa0fd4	C:\WINDOWS\SYSTEM32\ntdll.dll
236441	37132	0x7ffc3ce10fd4	ntdll.dll	0xa0fd4	C:\WINDOWS\SYSTEM32\ntdll.dll
236467	20024	0x7ffc3ce10fd4	ntdll.dll	0xa0fd4	C:\WINDOWS\SYSTEM32\ntdll.dll
236494	37760	0x7ffc3ce10fd4	ntdll.dll	0xa0fd4	C:\WINDOWS\SYSTEM32\ntdll.dll
236522	31852	0x7ffc3ce10fd4	ntdll.dll	0xa0fd4	C:\WINDOWS\SYSTEM32\ntdll.dll
236547	37624	0x7ffc3ce10fd4	ntdll.dll	0xa0fd4	C:\WINDOWS\SYSTEM32\ntdll.dll
236571	38048	0x7ffc3ce10fd4	ntdll.dll	0xa0fd4	C:\WINDOWS\SYSTEM32\ntdll.dll
236596	30536	0x7ffc3ce10fd4	ntdll.dll	0xa0fd4	C:\WINDOWS\SYSTEM32\ntdll.dll
236617	8688	0x7ffc3ce0d6c4	ntdll.dll	0x9d6c4	C:\WINDOWS\SYSTEM32\ntdll.dll
236636	764	0x7ffc3ce0d624	ntdll.dll	0x9d624	C:\WINDOWS\SYSTEM32\ntdll.dll
236662	29356	0x7ffc3ce0d624	ntdll.dll	0x9d624	C:\WINDOWS\SYSTEM32\ntdll.dll
236690	32352	0x7ffc3ce0e0f4	ntdll.dll	0x9e0f4	C:\WINDOWS\SYSTEM32\ntdll.dll
236714	38936	0x7ffc3ce0d624	ntdll.dll	0x9d624	C:\WINDOWS\SYSTEM32\ntdll.dll
236735	38944	0x7ffc3ce0d624	ntdll.dll	0x9d624	C:\WINDOWS\SYSTEM32\ntdll.dll
236754	38952	0x7ffc3ce0d624	ntdll.dll	0x9d624	C:\WINDOWS\SYSTEM32\ntdll.dll
236771	38960	0x7ffc3ce0d624	ntdll.dll	0x9d624	C:\WINDOWS\SYSTEM32\ntdll.dll
236790	38968	0x7ffc3ce0d624	ntdll.dll	0x9d624	C:\WINDOWS\SYSTEM32\ntdll.dll
236812	38976	0x7ffc3ce0d624	ntdll.dll	0x9d624	C:\WINDOWS\SYSTEM32\ntdll.dll
236834	38984	0x7ffc3ce0d624	ntdll.dll	0x9d624	C:\WINDOWS\SYSTEM32\ntdll.dll
236853	38992	0x7ffc3ce0d624	ntdll.dll	0x9d624	C:\WINDOWS\SYSTEM32\ntdll.dll
236870	39000	0x7ffc3ce0d624	ntdll.dll	0x9d624	C:\WINDOWS\SYSTEM32\ntdll.dll
236892	39008	0x7ffc3ce0d624	ntdll.dll	0x9d624	C:\WINDOWS\SYSTEM32\ntdll.dll
236919	39028	0x7ffc3ce0e0f4	ntdll.dll	0x9e0f4	C:\WINDOWS\SYSTEM32\ntdll.dll
236944	39212	0x7ffc3ce10fd4	ntdll.dll	0xa0fd4	C:\WINDOWS\SYSTEM32\ntdll.dll
236968	39240	0x7ffc3ce0d624	ntdll.dll	0x9d624	C:\WINDOWS\SYSTEM32\ntdll.dll
236988	39244	0x7ffc3ce0d6c4	ntdll.dll	0x9d6c4	C:\WINDOWS\SYSTEM32\ntdll.dll
237005	39248	0x7ffc3ce0d6c4	ntdll.dll	0x9d6c4	C:\WINDOWS\SYSTEM32\ntdll.dll
237024	39252	0x7ffc3ce10fd4	ntdll.dll	0xa0fd4	C:\WINDOWS\SYSTEM32\ntdll.dll
237046	39256	0x7ffc3ce0d624	ntdll.dll	0x9d624	C:\WINDOWS\SYSTEM32\ntdll.dll
237063	39260	0x7ffc3ce0d624	ntdll.dll	0x9d624	C:\WINDOWS\SYSTEM32\ntdll.dll
237086	39268	0x7ffc3a941104	win32u.dll	0x1104	C:\WINDOWS\System32\win32u.dll
237109	39300	0x7ffc3a941104	win32u.dll	0x1104	C:\WINDOWS\System32\win32u.dll
237130	39384	0x7ffc3ce0d624	ntdll.dll	0x9d624	C:\WINDOWS\SYSTEM32\ntdll.dll
237149	39388	0x7ffc3a941104	win32u.dll	0x1104	C:\WINDOWS\System32\win32u.dll
237169	41552	0x7ffc3ce0d6c4	ntdll.dll	0x9d6c4	C:\WINDOWS\SYSTEM32\ntdll.dll
237190	41568	0x7ffc3ce0d624	ntdll.dll	0x9d624	C:\WINDOWS\SYSTEM32\ntdll.dll
237211	41572	0x7ffc3ce0e0f4	ntdll.dll	0x9e0f4	C:\WINDOWS\SYSTEM32\ntdll.dll
237231	41592	0x7ffc3ce0d624	ntdll.dll	0x9d624	C:\WINDOWS\SYSTEM32\ntdll.dll
237252	41596	0x7ffc3ce0d624	ntdll.dll	0x9d624	C:\WINDOWS\SYSTEM32\ntdll.dll
237275	41600	0x7ffc3ce0d624	ntdll.dll	0x9d624	C:\WINDOWS\SYSTEM32\ntdll.dll
237295	41604	0x7ffc3ce0d624	ntdll.dll	0x9d624	C:\WINDOWS\SYSTEM32\ntdll.dll
237312	41608	0x7ffc3ce0d624	ntdll.dll	0x9d624	C:\WINDOWS\SYSTEM32\ntdll.dll
237332	41612	0x7ffc3ce0d624	ntdll.dll	0x9d624	C:\WINDOWS\SYSTEM32\ntdll.dll
237350	41616	0x7ffc3ce0d624	ntdll.dll	0x9d624	C:\WINDOWS\SYSTEM32\ntdll.dll
237369	41620	0x7ffc3ce0d624	ntdll.dll	0x9d624	C:\WINDOWS\SYSTEM32\ntdll.dll
237392	41624	0x7ffc3ce0d624	ntdll.dll	0x9d624	C:\WINDOWS\SYSTEM32\ntdll.dll
237413	41628	0x7ffc3ce0d624	ntdll.dll	0x9d624	C:\WINDOWS\SYSTEM32\ntdll.dll
237432	41632	0x7ffc3ce0d624	ntdll.dll	0x9d624	C:\WINDOWS\SYSTEM32\ntdll.dll
237570	41636	0x7ffc3ce0e0f4	ntdll.dll	0x9e0f4	C:\WINDOWS\SYSTEM32\ntdll.dll
237592	41656	0x7ffc3ce0d624	ntdll.dll	0x9d624	C:\WINDOWS\SYSTEM32\ntdll.dll
237613	41660	0x7ffc3ce0d624	ntdll.dll	0x9d624	C:\WINDOWS\SYSTEM32\ntdll.dll
237636	41664	0x7ffc3ce0d624	ntdll.dll	0x9d624	C:\WINDOWS\SYSTEM32\ntdll.dll
237659	41668	0x7ffc3ce0d624	ntdll.dll	0x9d624	C:\WINDOWS\SYSTEM32\ntdll.dll
237678	41672	0x7ffc3ce0d624	ntdll.dll	0x9d624	C:\WINDOWS\SYSTEM32\ntdll.dll
237699	41676	0x7ffc3ce0d624	ntdll.dll	0x9d624	C:\WINDOWS\SYSTEM32\ntdll.dll
237725	41680	0x7ffc3ce0d624	ntdll.dll	0x9d624	C:\WINDOWS\SYSTEM32\ntdll.dll
237750	41684	0x7ffc3ce0d624	ntdll.dll	0x9d624	C:\WINDOWS\SYSTEM32\ntdll.dll
237775	41688	0x7ffc3ce0d624	ntdll.dll	0x9d624	C:\WINDOWS\SYSTEM32\ntdll.dll
237800	41692	0x7ffc3ce0d624	ntdll.dll	0x9d624	C:\WINDOWS\SYSTEM32\ntdll.dll
237823	35588	0x7ffc3ce11034	ntdll.dll	0xa1034	C:\WINDOWS\SYSTEM32\ntdll.dll
237844	42844	0x7ffc3ce11034	ntdll.dll	0xa1034	C:\WINDOWS\SYSTEM32\ntdll.dll
237860	42732	0x7ffc3ce11034	ntdll.dll	0xa1034	C:\WINDOWS\SYSTEM32\ntdll.dll
237879	39580	0x7ffc3ce11034	ntdll.dll	0xa1034	C:\WINDOWS\SYSTEM32\ntdll.dll
237903	39096	0x7ffc3ce11034	ntdll.dll	0xa1034	C:\WINDOWS\SYSTEM32\ntdll.dll
237923	37584	0x7ffc3ce11034	ntdll.dll	0xa1034	C:\WINDOWS\SYSTEM32\ntdll.dll
237941	42840	0x7ffc3ce11034	ntdll.dll	0xa1034	C:\WINDOWS\SYSTEM32\ntdll.dll
237962	44704	0x7ffc3ce11034	ntdll.dll	0xa1034	C:\WINDOWS\SYSTEM32\ntdll.dll
237984	44340	0x7ffc3ce11034	ntdll.dll	0xa1034	C:\WINDOWS\SYSTEM32\ntdll.dll
238000	44344	0x7ffc3ce103d4	ntdll.dll	0xa03d4	C:\WINDOWS\SYSTEM32\ntdll.dll
238019	35604	0x7ffc3ce10fd4	ntdll.dll	0xa0fd4	C:\WINDOWS\SYSTEM32\ntdll.dll
238037	37320	0x7ffc3ce11034	ntdll.dll	0xa1034	C:\WINDOWS\SYSTEM32\ntdll.dll
238054	16556	0x7ffc3ce0d624	ntdll.dll	0x9d624	C:\WINDOWS\SYSTEM32\ntdll.dll
238073	43856	0x7ffc3ce0d624	ntdll.dll	0x9d624	C:\WINDOWS\SYSTEM32\ntdll.dll
238094	29616	0x7ffc3ce0d624	ntdll.dll	0x9d624	C:\WINDOWS\SYSTEM32\ntdll.dll
238113	41900	0x7ffc3ce0d624	ntdll.dll	0x9d624	C:\WINDOWS\SYSTEM32\ntdll.dll
238138	43092	0x7ffc3ce0d624	ntdll.dll	0x9d624	C:\WINDOWS\SYSTEM32\ntdll.dll
238160	24564	0x7ffc3ce0d624	ntdll.dll	0x9d624	C:\WINDOWS\SYSTEM32\ntdll.dll
238179	22584	0x7ffc3ce0d624	ntdll.dll	0x9d624	C:\WINDOWS\SYSTEM32\ntdll.dll
238201	42540	0x7ffc3ce0d624	ntdll.dll	0x9d624	C:\WINDOWS\SYSTEM32\ntdll.dll
238222	40624	0x7ffc3ce0d624	ntdll.dll	0x9d624	C:\WINDOWS\SYSTEM32\ntdll.dll
238237	36832	0x7ffc3ce0d624	ntdll.dll	0x9d624	C:\WINDOWS\SYSTEM32\ntdll.dll
238253	38308	0x7ffc3ce0d624	ntdll.dll	0x9d624	C:\WINDOWS\SYSTEM32\ntdll.dll
238271	40196	0x7ffc3ce0d624	ntdll.dll	0x9d624	C:\WINDOWS\SYSTEM32\ntdll.dll
238294	38360	0x7ffc3ce0e0f4	ntdll.dll	0x9e0f4	C:\WINDOWS\SYSTEM32\ntdll.dll
238317	35856	0x7ffc3ce10fd4	ntdll.dll	0xa0fd4	C:\WINDOWS\SYSTEM32\ntdll.dll
238334	37256	0x7ffc3ce10fd4	ntdll.dll	0xa0fd4	C:\WINDOWS\SYSTEM32\ntdll.dll
238350	26580	0x7ffc3ce10fd4	ntdll.dll	0xa0fd4	C:\WINDOWS\SYSTEM32\ntdll.dll
238369	35592	0x7ffc3ce10fd4	ntdll.dll	0xa0fd4	C:\WINDOWS\SYSTEM32\ntdll.dll
238392	38096	0x7ffc3ce10fd4	ntdll.dll	0xa0fd4	C:\WINDOWS\SYSTEM32\ntdll.dll
238410	44212	0x7ffc3ce11034	ntdll.dll	0xa1034	C:\WINDOWS\SYSTEM32\ntdll.dll
238432	43196	0x7ffc3ce11034	ntdll.dll	0xa1034	C:\WINDOWS\SYSTEM32\ntdll.dll
238458	44284	0x7ffc3ce11034	ntdll.dll	0xa1034	C:\WINDOWS\SYSTEM32\ntdll.dll
238480	34660	0x7ffc3ce0d624	ntdll.dll	0x9d624	C:\WINDOWS\SYSTEM32\ntdll.dll
238499	10056	0x7ffc3ce11034	ntdll.dll	0xa1034	C:\WINDOWS\SYSTEM32\ntdll.dll
238518	39016	0x7ffc3ce11034	ntdll.dll	0xa1034	C:\WINDOWS\SYSTEM32\ntdll.dll
238538	43220	0x7ffc3ce11034	ntdll.dll	0xa1034	C:\WINDOWS\SYSTEM32\ntdll.dll
238563	39192	0x7ffc3ce11034	ntdll.dll	0xa1034	C:\WINDOWS\SYSTEM32\ntdll.dll
238588	39288	0x7ffc3ce11034	ntdll.dll	0xa1034	C:\WINDOWS\SYSTEM32\ntdll.dll
238613	40468	0x7ffc3ce11034	ntdll.dll	0xa1034	C:\WINDOWS\SYSTEM32\ntdll.dll
238640	13408	0x7ffc3ce0d624	ntdll.dll	0x9d624	C:\WINDOWS\SYSTEM32\ntdll.dll
238667	44852	0x7ffc3ce0e0f4	ntdll.dll	0x9e0f4	C:\WINDOWS\SYSTEM32\ntdll.dll
238723	39064	0x7ffc3ce0e0f4	ntdll.dll	0x9e0f4	C:\WINDOWS\SYSTEM32\ntdll.dll
238750	43724	0x7ffc3ce0d624	ntdll.dll	0x9d624	C:\WINDOWS\SYSTEM32\ntdll.dll
238776	35764	0x7ffc3ce0d624	ntdll.dll	0x9d624	C:\WINDOWS\SYSTEM32\ntdll.dll
238796	38084	0x7ffc3ce0d624	ntdll.dll	0x9d624	C:\WINDOWS\SYSTEM32\ntdll.dll
238816	29408	0x7ffc3ce0d624	ntdll.dll	0x9d624	C:\WINDOWS\SYSTEM32\ntdll.dll
238842	34948	0x7ffc3ce11034	ntdll.dll	0xa1034	C:\WINDOWS\SYSTEM32\ntdll.dll
238867	34956	0x7ffc3ce0d624	ntdll.dll	0x9d624	C:\WINDOWS\SYSTEM32\ntdll.dll
238895	38272	0x7ffc3ce0d624	ntdll.dll	0x9d624	C:\WINDOWS\SYSTEM32\ntdll.dll
238918	38148	0x7ffc3ce0d624	ntdll.dll	0x9d624	C:\WINDOWS\SYSTEM32\ntdll.dll
238946	44984	0x7ffc3ce0d624	ntdll.dll	0x9d624	C:\WINDOWS\SYSTEM32\ntdll.dll
238971	39808	0x7ffc3ce0d624	ntdll.dll	0x9d624	C:\WINDOWS\SYSTEM32\ntdll.dll
238994	27740	0x7ffc3ce0d624	ntdll.dll	0x9d624	C:\WINDOWS\SYSTEM32\ntdll.dll
239023	42600	0x7ffc3ce0d624	ntdll.dll	0x9d624	C:\WINDOWS\SYSTEM32\ntdll.dll
239061	28352	0x7ffc3ce0d624	ntdll.dll	0x9d624	C:\WINDOWS\SYSTEM32\ntdll.dll
239093	38248	0x7ffc3ce0d624	ntdll.dll	0x9d624	C:\WINDOWS\SYSTEM32\ntdll.dll
239125	45028	0x7ffc3ce0d624	ntdll.dll	0x9d624	C:\WINDOWS\SYSTEM32\ntdll.dll
239155	42588	0x7ffc3ce0e0f4	ntdll.dll	0x9e0f4	C:\WINDOWS\SYSTEM32\ntdll.dll
239181	35116	0x7ffc3ce11034	ntdll.dll	0xa1034	C:\WINDOWS\SYSTEM32\ntdll.dll
239201	34908	0x7ffc3ce11034	ntdll.dll	0xa1034	C:\WINDOWS\SYSTEM32\ntdll.dll
239228	24164	0x7ffc3ce11034	ntdll.dll	0xa1034	C:\WINDOWS\SYSTEM32\ntdll.dll
239252	30500	0x7ffc3ce11034	ntdll.dll	0xa1034	C:\WINDOWS\SYSTEM32\ntdll.dll
239274	42972	0x7ffc3ce11034	ntdll.dll	0xa1034	C:\WINDOWS\SYSTEM32\ntdll.dll
249470	33248	0x7ffc3a941104	win32u.dll	0x1104	C:\WINDOWS\System32\win32u.dll
249516	10380	0x7ffc3ce10fd4	ntdll.dll	0xa0fd4	C:\WINDOWS\SYSTEM32\ntdll.dll
249540	37804	0x7ffc3ce10fd4	ntdll.dll	0xa0fd4	C:\WINDOWS\SYSTEM32\ntdll.dll
249557	31968	0x7ffc3ce10fd4	ntdll.dll	0xa0fd4	C:\WINDOWS\SYSTEM32\ntdll.dll
249594	700	0x7ffc3ce0e0f4	ntdll.dll	0x9e0f4	C:\WINDOWS\SYSTEM32\ntdll.dll
249614	33888	0x7ffc3ce0d6c4	ntdll.dll	0x9d6c4	C:\WINDOWS\SYSTEM32\ntdll.dll
249634	34776	0x7ffc3ce0d6c4	ntdll.dll	0x9d6c4	C:\WINDOWS\SYSTEM32\ntdll.dll
249667	34496	0x7ffc3ce10fd4	ntdll.dll	0xa0fd4	C:\WINDOWS\SYSTEM32\ntdll.dll
249683	37644	0x7ffc3ce10fd4	ntdll.dll	0xa0fd4	C:\WINDOWS\SYSTEM32\ntdll.dll
249698	37640	0x7ffc3ce10fd4	ntdll.dll	0xa0fd4	C:\WINDOWS\SYSTEM32\ntdll.dll
249716	36668	0x7ffc3ce11034	ntdll.dll	0xa1034	C:\WINDOWS\SYSTEM32\ntdll.dll
249737	26628	0x7ffc3a94a124	win32u.dll	0xa124	C:\WINDOWS\System32\win32u.dll
249753	35068	0x7ffc3ce10fd4	ntdll.dll	0xa0fd4	C:\WINDOWS\SYSTEM32\ntdll.dll
249789	36428	0x7ffc3ce0e0f4	ntdll.dll	0x9e0f4	C:\WINDOWS\SYSTEM32\ntdll.dll
249808	35996	0x7ffc3ce0e0f4	ntdll.dll	0x9e0f4	C:\WINDOWS\SYSTEM32\ntdll.dll
249825	19780	0x7ffc3ce0e0f4	ntdll.dll	0x9e0f4	C:\WINDOWS\SYSTEM32\ntdll.dll
249840	22404	0x7ffc3ce0d6c4	ntdll.dll	0x9d6c4	C:\WINDOWS\SYSTEM32\ntdll.dll
249856	34704	0x7ffc3ce0d6c4	ntdll.dll	0x9d6c4	C:\WINDOWS\SYSTEM32\ntdll.dll
249875	28184	0x7ffc3ce0d624	ntdll.dll	0x9d624	C:\WINDOWS\SYSTEM32\ntdll.dll
249911	38852	0x7ffc3ce11034	ntdll.dll	0xa1034	C:\WINDOWS\SYSTEM32\ntdll.dll
249927	19796	0x7ffc3ce0d624	ntdll.dll	0x9d624	C:\WINDOWS\SYSTEM32\ntdll.dll
249943	28764	0x7ffc3ce0d624	ntdll.dll	0x9d624	C:\WINDOWS\SYSTEM32\ntdll.dll
249960	38056	0x7ffc3ce0d624	ntdll.dll	0x9d624	C:\WINDOWS\SYSTEM32\ntdll.dll
249978	33572	0x7ffc3ce0d6c4	ntdll.dll	0x9d6c4	C:\WINDOWS\SYSTEM32\ntdll.dll
249994	36376	0x7ffc3ce0e0f4	ntdll.dll	0x9e0f4	C:\WINDOWS\SYSTEM32\ntdll.dll
250012	13352	0x7ffc3a94a124	win32u.dll	0xa124	C:\WINDOWS\System32\win32u.dll
250036	37056	0x7ffc3ce0e0f4	ntdll.dll	0x9e0f4	C:\WINDOWS\SYSTEM32\ntdll.dll
250082	31464	0x7ffc3ce0d624	ntdll.dll	0x9d624	C:\WINDOWS\SYSTEM32\ntdll.dll
250101	36532	0x7ffc3ce0d6c4	ntdll.dll	0x9d6c4	C:\WINDOWS\SYSTEM32\ntdll.dll
250124	12684	0x7ffc3ce10fd4	ntdll.dll	0xa0fd4	C:\WINDOWS\SYSTEM32\ntdll.dll
250147	32208	0x7ffc3ce10fd4	ntdll.dll	0xa0fd4	C:\WINDOWS\SYSTEM32\ntdll.dll
250164	38716	0x7ffc3ce0d624	ntdll.dll	0x9d624	C:\WINDOWS\SYSTEM32\ntdll.dll
250228	35200	0x7ffc3ce0e0f4	ntdll.dll	0x9e0f4	C:\WINDOWS\SYSTEM32\ntdll.dll
250249	15148	0x7ffc3ce0d624	ntdll.dll	0x9d624	C:\WINDOWS\SYSTEM32\ntdll.dll
250266	13956	0x7ffc3ce0d624	ntdll.dll	0x9d624	C:\WINDOWS\SYSTEM32\ntdll.dll
250281	29528	0x7ffc3ce0d624	ntdll.dll	0x9d624	C:\WINDOWS\SYSTEM32\ntdll.dll
250298	17028	0x7ffc3ce0d624	ntdll.dll	0x9d624	C:\WINDOWS\SYSTEM32\ntdll.dll
250313	27652	0x7ffc3ce0d624	ntdll.dll	0x9d624	C:\WINDOWS\SYSTEM32\ntdll.dll
250332	34320	0x7ffc3ce0d624	ntdll.dll	0x9d624	C:\WINDOWS\SYSTEM32\ntdll.dll
250349	33620	0x7ffc3ce0d624	ntdll.dll	0x9d624	C:\WINDOWS\SYSTEM32\ntdll.dll
250390	36712	0x7ffc3ce0d624	ntdll.dll	0x9d624	C:\WINDOWS\SYSTEM32\ntdll.dll
250409	18760	0x7ffc3ce0d624	ntdll.dll	0x9d624	C:\WINDOWS\SYSTEM32\ntdll.dll
250450	37364	0x7ffc3ce0d624	ntdll.dll	0x9d624	C:\WINDOWS\SYSTEM32\ntdll.dll
250474	28596	0x7ffc3ce0d624	ntdll.dll	0x9d624	C:\WINDOWS\SYSTEM32\ntdll.dll
250496	33908	0x7ffc3ce0d624	ntdll.dll	0x9d624	C:\WINDOWS\SYSTEM32\ntdll.dll
250518	14192	0x7ffc3ce0d624	ntdll.dll	0x9d624	C:\WINDOWS\SYSTEM32\ntdll.dll
250536	29548	0x7ffc3ce0e0f4	ntdll.dll	0x9e0f4	C:\WINDOWS\SYSTEM32\ntdll.dll
250553	6688	0x7ffc3ce0d624	ntdll.dll	0x9d624	C:\WINDOWS\SYSTEM32\ntdll.dll
250569	14692	0x7ffc3ce10fd4	ntdll.dll	0xa0fd4	C:\WINDOWS\SYSTEM32\ntdll.dll
250607	34840	0x7ffc3ce10fd4	ntdll.dll	0xa0fd4	C:\WINDOWS\SYSTEM32\ntdll.dll
250626	28620	0x7ffc3ce0e0f4	ntdll.dll	0x9e0f4	C:\WINDOWS\SYSTEM32\ntdll.dll
250661	37852	0x7ffc3ce0d6c4	ntdll.dll	0x9d6c4	C:\WINDOWS\SYSTEM32\ntdll.dll
250678	37380	0x7ffc3ce0e0f4	ntdll.dll	0x9e0f4	C:\WINDOWS\SYSTEM32\ntdll.dll
250695	38848	0x7ffc3ce0d6c4	ntdll.dll	0x9d6c4	C:\WINDOWS\SYSTEM32\ntdll.dll
250711	33300	0x7ffc3ce0e0f4	ntdll.dll	0x9e0f4	C:\WINDOWS\SYSTEM32\ntdll.dll
250726	33304	0x7ffc3ce0d6c4	ntdll.dll	0x9d6c4	C:\WINDOWS\SYSTEM32\ntdll.dll
250742	11196	0x7ffc3ce0d624	ntdll.dll	0x9d624	C:\WINDOWS\SYSTEM32\ntdll.dll
250757	31576	0x7ffc3ce0d6c4	ntdll.dll	0x9d6c4	C:\WINDOWS\SYSTEM32\ntdll.dll
250799	38736	0x7ffc3a941104	win32u.dll	0x1104	C:\WINDOWS\System32\win32u.dll
250816	38356	0x7ffc3ce0e0f4	ntdll.dll	0x9e0f4	C:\WINDOWS\SYSTEM32\ntdll.dll
250833	38380	0x7ffc3ce0d624	ntdll.dll	0x9d624	C:\WINDOWS\SYSTEM32\ntdll.dll
250850	32704	0x7ffc3ce0d624	ntdll.dll	0x9d624	C:\WINDOWS\SYSTEM32\ntdll.dll
250872	38484	0x7ffc3ce0d624	ntdll.dll	0x9d624	C:\WINDOWS\SYSTEM32\ntdll.dll
250910	38876	0x7ffc3ce10fd4	ntdll.dll	0xa0fd4	C:\WINDOWS\SYSTEM32\ntdll.dll
250926	34896	0x7ffc3ce10fd4	ntdll.dll	0xa0fd4	C:\WINDOWS\SYSTEM32\ntdll.dll
250941	38456	0x7ffc3ce10fd4	ntdll.dll	0xa0fd4	C:\WINDOWS\SYSTEM32\ntdll.dll
250958	38172	0x7ffc3ce0d624	ntdll.dll	0x9d624	C:\WINDOWS\SYSTEM32\ntdll.dll
250973	28272	0x7ffc3ce0d6c4	ntdll.dll	0x9d6c4	C:\WINDOWS\SYSTEM32\ntdll.dll
250987	34772	0x7ffc3ce0d6c4	ntdll.dll	0x9d6c4	C:\WINDOWS\SYSTEM32\ntdll.dll
251002	37384	0x7ffc3ce0d6c4	ntdll.dll	0x9d6c4	C:\WINDOWS\SYSTEM32\ntdll.dll
251020	33920	0x7ffc3ce0d6c4	ntdll.dll	0x9d6c4	C:\WINDOWS\SYSTEM32\ntdll.dll
251067	34548	0x7ffc3ce0e0f4	ntdll.dll	0x9e0f4	C:\WINDOWS\SYSTEM32\ntdll.dll
251089	36796	0x7ffc3ce0d6c4	ntdll.dll	0x9d6c4	C:\WINDOWS\SYSTEM32\ntdll.dll
251105	36628	0x7ffc3ce0d6c4	ntdll.dll	0x9d6c4	C:\WINDOWS\SYSTEM32\ntdll.dll
251120	13652	0x7ffc3ce0d6c4	ntdll.dll	0x9d6c4	C:\WINDOWS\SYSTEM32\ntdll.dll
251135	32520	0x7ffc3ce0d6c4	ntdll.dll	0x9d6c4	C:\WINDOWS\SYSTEM32\ntdll.dll
251154	33744	0x7ffc3ce0d6c4	ntdll.dll	0x9d6c4	C:\WINDOWS\SYSTEM32\ntdll.dll
251171	36636	0x7ffc3ce10fd4	ntdll.dll	0xa0fd4	C:\WINDOWS\SYSTEM32\ntdll.dll
251189	35812	0x7ffc3ce0d624	ntdll.dll	0x9d624	C:\WINDOWS\SYSTEM32\ntdll.dll
251210	36112	0x7ffc3ce10fd4	ntdll.dll	0xa0fd4	C:\WINDOWS\SYSTEM32\ntdll.dll
251230	18020	0x7ffc3ce0e0f4	ntdll.dll	0x9e0f4	C:\WINDOWS\SYSTEM32\ntdll.dll
251252	27584	0x7ffc3ce10fd4	ntdll.dll	0xa0fd4	C:\WINDOWS\SYSTEM32\ntdll.dll
251299	2996	0x7ffc3ce0e0f4	ntdll.dll	0x9e0f4	C:\WINDOWS\SYSTEM32\ntdll.dll
251325	35460	0x7ffc3ce10fd4	ntdll.dll	0xa0fd4	C:\WINDOWS\SYSTEM32\ntdll.dll
251351	38008	0x7ffc3ce0d624	ntdll.dll	0x9d624	C:\WINDOWS\SYSTEM32\ntdll.dll
251378	33284	0x7ffc3ce0e0f4	ntdll.dll	0x9e0f4	C:\WINDOWS\SYSTEM32\ntdll.dll
251436	28676	0x7ffc3ce0d624	ntdll.dll	0x9d624	C:\WINDOWS\SYSTEM32\ntdll.dll
251456	7328	0x7ffc3ce10fd4	ntdll.dll	0xa0fd4	C:\WINDOWS\SYSTEM32\ntdll.dll
251471	37628	0x7ffc3ce10fd4	ntdll.dll	0xa0fd4	C:\WINDOWS\SYSTEM32\ntdll.dll
251488	38748	0x7ffc3ce0d624	ntdll.dll	0x9d624	C:\WINDOWS\SYSTEM32\ntdll.dll
251505	33496	0x7ffc3ce10fd4	ntdll.dll	0xa0fd4	C:\WINDOWS\SYSTEM32\ntdll.dll
251528	27132	0x7ffc3ce0e0f4	ntdll.dll	0x9e0f4	C:\WINDOWS\SYSTEM32\ntdll.dll
251548	31736	0x7ffc3ce10fd4	ntdll.dll	0xa0fd4	C:\WINDOWS\SYSTEM32\ntdll.dll
251590	36960	0x7ffc3ce0e0f4	ntdll.dll	0x9e0f4	C:\WINDOWS\SYSTEM32\ntdll.dll
251609	20576	0x7ffc3ce10fd4	ntdll.dll	0xa0fd4	C:\WINDOWS\SYSTEM32\ntdll.dll
251626	34164	0x7ffc3ce10fd4	ntdll.dll	0xa0fd4	C:\WINDOWS\SYSTEM32\ntdll.dll
251644	38144	0x7ffc3ce10fd4	ntdll.dll	0xa0fd4	C:\WINDOWS\SYSTEM32\ntdll.dll
251686	33932	0x7ffc3ce10fd4	ntdll.dll	0xa0fd4	C:\WINDOWS\SYSTEM32\ntdll.dll
251706	29568	0x7ffc3ce10fd4	ntdll.dll	0xa0fd4	C:\WINDOWS\SYSTEM32\ntdll.dll
251726	38884	0x7ffc3ce0e0f4	ntdll.dll	0x9e0f4	C:\WINDOWS\SYSTEM32\ntdll.dll
251742	30684	0x7ffc3ce10fd4	ntdll.dll	0xa0fd4	C:\WINDOWS\SYSTEM32\ntdll.dll
251758	38260	0x7ffc3ce10fd4	ntdll.dll	0xa0fd4	C:\WINDOWS\SYSTEM32\ntdll.dll
251798	29588	0x7ffc3ce10fd4	ntdll.dll	0xa0fd4	C:\WINDOWS\SYSTEM32\ntdll.dll
251817	38232	0x7ffc3ce10fd4	ntdll.dll	0xa0fd4	C:\WINDOWS\SYSTEM32\ntdll.dll
251837	38812	0x7ffc3ce0d6c4	ntdll.dll	0x9d6c4	C:\WINDOWS\SYSTEM32\ntdll.dll
251853	35540	0x7ffc3ce0d6c4	ntdll.dll	0x9d6c4	C:\WINDOWS\SYSTEM32\ntdll.dll
251871	31888	0x7ffc3ce10fd4	ntdll.dll	0xa0fd4	C:\WINDOWS\SYSTEM32\ntdll.dll
251905	12908	0x7ffc3ce10fd4	ntdll.dll	0xa0fd4	C:\WINDOWS\SYSTEM32\ntdll.dll
251924	34508	0x7ffc3ce10fd4	ntdll.dll	0xa0fd4	C:\WINDOWS\SYSTEM32\ntdll.dll
251945	34276	0x7ffc3ce10fd4	ntdll.dll	0xa0fd4	C:\WINDOWS\SYSTEM32\ntdll.dll
251962	37940	0x7ffc3ce10fd4	ntdll.dll	0xa0fd4	C:\WINDOWS\SYSTEM32\ntdll.dll
251977	29192	0x7ffc3ce10fd4	ntdll.dll	0xa0fd4	C:\WINDOWS\SYSTEM32\ntdll.dll
251994	37736	0x7ffc3ce10fd4	ntdll.dll	0xa0fd4	C:\WINDOWS\SYSTEM32\ntdll.dll
252017	33220	0x7ffc3ce10fd4	ntdll.dll	0xa0fd4	C:\WINDOWS\SYSTEM32\ntdll.dll
252038	12692	0x7ffc3ce10fd4	ntdll.dll	0xa0fd4	C:\WINDOWS\SYSTEM32\ntdll.dll
252054	33984	0x7ffc3ce10fd4	ntdll.dll	0xa0fd4	C:\WINDOWS\SYSTEM32\ntdll.dll
252070	38224	0x7ffc3ce10fd4	ntdll.dll	0xa0fd4	C:\WINDOWS\SYSTEM32\ntdll.dll
252087	28292	0x7ffc3ce10fd4	ntdll.dll	0xa0fd4	C:\WINDOWS\SYSTEM32\ntdll.dll
252103	35252	0x7ffc3ce10fd4	ntdll.dll	0xa0fd4	C:\WINDOWS\SYSTEM32\ntdll.dll
252119	38044	0x7ffc3ce10fd4	ntdll.dll	0xa0fd4	C:\WINDOWS\SYSTEM32\ntdll.dll
252140	38340	0x7ffc3ce10fd4	ntdll.dll	0xa0fd4	C:\WINDOWS\SYSTEM32\ntdll.dll
252163	13736	0x7ffc3ce10fd4	ntdll.dll	0xa0fd4	C:\WINDOWS\SYSTEM32\ntdll.dll
252181	38192	0x7ffc3ce10fd4	ntdll.dll	0xa0fd4	C:\WINDOWS\SYSTEM32\ntdll.dll
252198	36272	0x7ffc3ce10fd4	ntdll.dll	0xa0fd4	C:\WINDOWS\SYSTEM32\ntdll.dll
252216	25612	0x7ffc3ce0d6c4	ntdll.dll	0x9d6c4	C:\WINDOWS\SYSTEM32\ntdll.dll
252233	38384	0x7ffc3ce11034	ntdll.dll	0xa1034	C:\WINDOWS\SYSTEM32\ntdll.dll
252250	33108	0x7ffc3ce0d6c4	ntdll.dll	0x9d6c4	C:\WINDOWS\SYSTEM32\ntdll.dll
252270	34820	0x7ffc3ce11034	ntdll.dll	0xa1034	C:\WINDOWS\SYSTEM32\ntdll.dll
252288	36648	0x7ffc3ce0d624	ntdll.dll	0x9d624	C:\WINDOWS\SYSTEM32\ntdll.dll
252309	38412	0x7ffc3a941104	win32u.dll	0x1104	C:\WINDOWS\System32\win32u.dll
252330	26804	0x7ffc3ce11034	ntdll.dll	0xa1034	C:\WINDOWS\SYSTEM32\ntdll.dll
252348	34564	0x7ffc3ce10fd4	ntdll.dll	0xa0fd4	C:\WINDOWS\SYSTEM32\ntdll.dll
252386	26280	0x7ffc3ce10fd4	ntdll.dll	0xa0fd4	C:\WINDOWS\SYSTEM32\ntdll.dll
252409	37740	0x7ffc3ce0d6c4	ntdll.dll	0x9d6c4	C:\WINDOWS\SYSTEM32\ntdll.dll
252429	37892	0x7ffc3ce0d624	ntdll.dll	0x9d624	C:\WINDOWS\SYSTEM32\ntdll.dll
252464	38840	0x7ffc3ce0e0f4	ntdll.dll	0x9e0f4	C:\WINDOWS\SYSTEM32\ntdll.dll
252516	36632	0x7ffc3ce10fd4	ntdll.dll	0xa0fd4	C:\WINDOWS\SYSTEM32\ntdll.dll
252534	23456	0x7ffc3ce10fd4	ntdll.dll	0xa0fd4	C:\WINDOWS\SYSTEM32\ntdll.dll
252550	29500	0x7ffc3ce10fd4	ntdll.dll	0xa0fd4	C:\WINDOWS\SYSTEM32\ntdll.dll
252582	2556	0x7ffc3ce10fd4	ntdll.dll	0xa0fd4	C:\WINDOWS\SYSTEM32\ntdll.dll
252642	16324	0x7ffc3ce10fd4	ntdll.dll	0xa0fd4	C:\WINDOWS\SYSTEM32\ntdll.dll
252732	26548	0x7ffc3ce10fd4	ntdll.dll	0xa0fd4	C:\WINDOWS\SYSTEM32\ntdll.dll
252750	38388	0x7ffc3ce10fd4	ntdll.dll	0xa0fd4	C:\WINDOWS\SYSTEM32\ntdll.dll
252765	13588	0x7ffc3ce10fd4	ntdll.dll	0xa0fd4	C:\WINDOWS\SYSTEM32\ntdll.dll
252783	13776	0x7ffc3ce10fd4	ntdll.dll	0xa0fd4	C:\WINDOWS\SYSTEM32\ntdll.dll
252803	27000	0x7ffc3ce10fd4	ntdll.dll	0xa0fd4	C:\WINDOWS\SYSTEM32\ntdll.dll
252819	35508	0x7ffc3ce10fd4	ntdll.dll	0xa0fd4	C:\WINDOWS\SYSTEM32\ntdll.dll
252834	34444	0x7ffc3ce10fd4	ntdll.dll	0xa0fd4	C:\WINDOWS\SYSTEM32\ntdll.dll
252849	28732	0x7ffc3ce10fd4	ntdll.dll	0xa0fd4	C:\WINDOWS\SYSTEM32\ntdll.dll
252869	26616	0x7ffc3ce10fd4	ntdll.dll	0xa0fd4	C:\WINDOWS\SYSTEM32\ntdll.dll
252889	37132	0x7ffc3ce10fd4	ntdll.dll	0xa0fd4	C:\WINDOWS\SYSTEM32\ntdll.dll
252910	20024	0x7ffc3ce10fd4	ntdll.dll	0xa0fd4	C:\WINDOWS\SYSTEM32\ntdll.dll
252929	37760	0x7ffc3ce10fd4	ntdll.dll	0xa0fd4	C:\WINDOWS\SYSTEM32\ntdll.dll
252951	31852	0x7ffc3ce10fd4	ntdll.dll	0xa0fd4	C:\WINDOWS\SYSTEM32\ntdll.dll
252972	37624	0x7ffc3ce10fd4	ntdll.dll	0xa0fd4	C:\WINDOWS\SYSTEM32\ntdll.dll
252991	38048	0x7ffc3ce10fd4	ntdll.dll	0xa0fd4	C:\WINDOWS\SYSTEM32\ntdll.dll
253013	30536	0x7ffc3ce10fd4	ntdll.dll	0xa0fd4	C:\WINDOWS\SYSTEM32\ntdll.dll
253031	8688	0x7ffc3ce0d6c4	ntdll.dll	0x9d6c4	C:\WINDOWS\SYSTEM32\ntdll.dll
253052	764	0x7ffc3ce0d624	ntdll.dll	0x9d624	C:\WINDOWS\SYSTEM32\ntdll.dll
253072	29356	0x7ffc3ce0d624	ntdll.dll	0x9d624	C:\WINDOWS\SYSTEM32\ntdll.dll
253090	32352	0x7ffc3ce0e0f4	ntdll.dll	0x9e0f4	C:\WINDOWS\SYSTEM32\ntdll.dll
253109	38936	0x7ffc3ce0d624	ntdll.dll	0x9d624	C:\WINDOWS\SYSTEM32\ntdll.dll
253124	38944	0x7ffc3ce0d624	ntdll.dll	0x9d624	C:\WINDOWS\SYSTEM32\ntdll.dll
253139	38952	0x7ffc3ce0d624	ntdll.dll	0x9d624	C:\WINDOWS\SYSTEM32\ntdll.dll
253157	38960	0x7ffc3ce0d624	ntdll.dll	0x9d624	C:\WINDOWS\SYSTEM32\ntdll.dll
253177	38968	0x7ffc3ce0d624	ntdll.dll	0x9d624	C:\WINDOWS\SYSTEM32\ntdll.dll
253197	38976	0x7ffc3ce0d624	ntdll.dll	0x9d624	C:\WINDOWS\SYSTEM32\ntdll.dll
253212	38984	0x7ffc3ce0d624	ntdll.dll	0x9d624	C:\WINDOWS\SYSTEM32\ntdll.dll
253228	38992	0x7ffc3ce0d624	ntdll.dll	0x9d624	C:\WINDOWS\SYSTEM32\ntdll.dll
253246	39000	0x7ffc3ce0d624	ntdll.dll	0x9d624	C:\WINDOWS\SYSTEM32\ntdll.dll
253267	39008	0x7ffc3ce0d624	ntdll.dll	0x9d624	C:\WINDOWS\SYSTEM32\ntdll.dll
253286	39028	0x7ffc3ce0e0f4	ntdll.dll	0x9e0f4	C:\WINDOWS\SYSTEM32\ntdll.dll
253303	39212	0x7ffc3ce10fd4	ntdll.dll	0xa0fd4	C:\WINDOWS\SYSTEM32\ntdll.dll
253321	39240	0x7ffc3ce0d624	ntdll.dll	0x9d624	C:\WINDOWS\SYSTEM32\ntdll.dll
253338	39244	0x7ffc3ce0d6c4	ntdll.dll	0x9d6c4	C:\WINDOWS\SYSTEM32\ntdll.dll
253358	39248	0x7ffc3ce0d6c4	ntdll.dll	0x9d6c4	C:\WINDOWS\SYSTEM32\ntdll.dll
253376	39252	0x7ffc3ce10fd4	ntdll.dll	0xa0fd4	C:\WINDOWS\SYSTEM32\ntdll.dll
253397	39256	0x7ffc3ce0d624	ntdll.dll	0x9d624	C:\WINDOWS\SYSTEM32\ntdll.dll
253418	39260	0x7ffc3ce0d624	ntdll.dll	0x9d624	C:\WINDOWS\SYSTEM32\ntdll.dll
253438	39268	0x7ffc3a941104	win32u.dll	0x1104	C:\WINDOWS\System32\win32u.dll
253455	39300	0x7ffc3a941104	win32u.dll	0x1104	C:\WINDOWS\System32\win32u.dll
253472	39384	0x7ffc3ce0d624	ntdll.dll	0x9d624	C:\WINDOWS\SYSTEM32\ntdll.dll
253489	39388	0x7ffc3a941104	win32u.dll	0x1104	C:\WINDOWS\System32\win32u.dll
253505	41552	0x7ffc3ce0d6c4	ntdll.dll	0x9d6c4	C:\WINDOWS\SYSTEM32\ntdll.dll
253523	41568	0x7ffc3ce0d624	ntdll.dll	0x9d624	C:\WINDOWS\SYSTEM32\ntdll.dll
253544	41572	0x7ffc3ce0e0f4	ntdll.dll	0x9e0f4	C:\WINDOWS\SYSTEM32\ntdll.dll
253561	41592	0x7ffc3ce0d624	ntdll.dll	0x9d624	C:\WINDOWS\SYSTEM32\ntdll.dll
253578	41596	0x7ffc3ce0d624	ntdll.dll	0x9d624	C:\WINDOWS\SYSTEM32\ntdll.dll
253598	41600	0x7ffc3ce0d624	ntdll.dll	0x9d624	C:\WINDOWS\SYSTEM32\ntdll.dll
253619	41604	0x7ffc3ce0d624	ntdll.dll	0x9d624	C:\WINDOWS\SYSTEM32\ntdll.dll
253642	41608	0x7ffc3ce0d624	ntdll.dll	0x9d624	C:\WINDOWS\SYSTEM32\ntdll.dll
253664	41612	0x7ffc3ce0d624	ntdll.dll	0x9d624	C:\WINDOWS\SYSTEM32\ntdll.dll
253681	41616	0x7ffc3ce0d624	ntdll.dll	0x9d624	C:\WINDOWS\SYSTEM32\ntdll.dll
253696	41620	0x7ffc3ce0d624	ntdll.dll	0x9d624	C:\WINDOWS\SYSTEM32\ntdll.dll
253729	41624	0x7ffc3ce0d624	ntdll.dll	0x9d624	C:\WINDOWS\SYSTEM32\ntdll.dll
253749	41628	0x7ffc3ce0d624	ntdll.dll	0x9d624	C:\WINDOWS\SYSTEM32\ntdll.dll
253767	41632	0x7ffc3ce0d624	ntdll.dll	0x9d624	C:\WINDOWS\SYSTEM32\ntdll.dll
253790	41636	0x7ffc3ce0e0f4	ntdll.dll	0x9e0f4	C:\WINDOWS\SYSTEM32\ntdll.dll
253813	41656	0x7ffc3ce0d624	ntdll.dll	0x9d624	C:\WINDOWS\SYSTEM32\ntdll.dll
253835	41660	0x7ffc3ce0d624	ntdll.dll	0x9d624	C:\WINDOWS\SYSTEM32\ntdll.dll
253858	41664	0x7ffc3ce0d624	ntdll.dll	0x9d624	C:\WINDOWS\SYSTEM32\ntdll.dll
253881	41668	0x7ffc3ce0d624	ntdll.dll	0x9d624	C:\WINDOWS\SYSTEM32\ntdll.dll
253903	41672	0x7ffc3ce0d624	ntdll.dll	0x9d624	C:\WINDOWS\SYSTEM32\ntdll.dll
253923	41676	0x7ffc3ce0d624	ntdll.dll	0x9d624	C:\WINDOWS\SYSTEM32\ntdll.dll
253944	41680	0x7ffc3ce0d624	ntdll.dll	0x9d624	C:\WINDOWS\SYSTEM32\ntdll.dll
253962	41684	0x7ffc3ce0d624	ntdll.dll	0x9d624	C:\WINDOWS\SYSTEM32\ntdll.dll
253983	41688	0x7ffc3ce0d624	ntdll.dll	0x9d624	C:\WINDOWS\SYSTEM32\ntdll.dll
253999	41692	0x7ffc3ce0d624	ntdll.dll	0x9d624	C:\WINDOWS\SYSTEM32\ntdll.dll
254015	35588	0x7ffc3ce11034	ntdll.dll	0xa1034	C:\WINDOWS\SYSTEM32\ntdll.dll
254032	42844	0x7ffc3ce11034	ntdll.dll	0xa1034	C:\WINDOWS\SYSTEM32\ntdll.dll
254053	42732	0x7ffc3ce11034	ntdll.dll	0xa1034	C:\WINDOWS\SYSTEM32\ntdll.dll
254072	39580	0x7ffc3ce11034	ntdll.dll	0xa1034	C:\WINDOWS\SYSTEM32\ntdll.dll
254088	39096	0x7ffc3ce11034	ntdll.dll	0xa1034	C:\WINDOWS\SYSTEM32\ntdll.dll
254106	37584	0x7ffc3ce11034	ntdll.dll	0xa1034	C:\WINDOWS\SYSTEM32\ntdll.dll
254125	42840	0x7ffc3ce11034	ntdll.dll	0xa1034	C:\WINDOWS\SYSTEM32\ntdll.dll
254146	44704	0x7ffc3ce11034	ntdll.dll	0xa1034	C:\WINDOWS\SYSTEM32\ntdll.dll
254166	44340	0x7ffc3ce11034	ntdll.dll	0xa1034	C:\WINDOWS\SYSTEM32\ntdll.dll
254184	44344	0x7ffc3ce103d4	ntdll.dll	0xa03d4	C:\WINDOWS\SYSTEM32\ntdll.dll
254205	35604	0x7ffc3ce10fd4	ntdll.dll	0xa0fd4	C:\WINDOWS\SYSTEM32\ntdll.dll
254221	37320	0x7ffc3ce11034	ntdll.dll	0xa1034	C:\WINDOWS\SYSTEM32\ntdll.dll
254240	16556	0x7ffc3ce0d624	ntdll.dll	0x9d624	C:\WINDOWS\SYSTEM32\ntdll.dll
254262	43856	0x7ffc3ce0d624	ntdll.dll	0x9d624	C:\WINDOWS\SYSTEM32\ntdll.dll
254282	29616	0x7ffc3ce0d624	ntdll.dll	0x9d624	C:\WINDOWS\SYSTEM32\ntdll.dll
254301	41900	0x7ffc3ce0d624	ntdll.dll	0x9d624	C:\WINDOWS\SYSTEM32\ntdll.dll
254325	43092	0x7ffc3ce0d624	ntdll.dll	0x9d624	C:\WINDOWS\SYSTEM32\ntdll.dll
254345	24564	0x7ffc3ce0d624	ntdll.dll	0x9d624	C:\WINDOWS\SYSTEM32\ntdll.dll
254362	22584	0x7ffc3ce0d624	ntdll.dll	0x9d624	C:\WINDOWS\SYSTEM32\ntdll.dll
254378	42540	0x7ffc3ce0d624	ntdll.dll	0x9d624	C:\WINDOWS\SYSTEM32\ntdll.dll
254396	40624	0x7ffc3ce0d624	ntdll.dll	0x9d624	C:\WINDOWS\SYSTEM32\ntdll.dll
254417	36832	0x7ffc3ce0d624	ntdll.dll	0x9d624	C:\WINDOWS\SYSTEM32\ntdll.dll
254434	38308	0x7ffc3ce0d624	ntdll.dll	0x9d624	C:\WINDOWS\SYSTEM32\ntdll.dll
254450	40196	0x7ffc3ce0d624	ntdll.dll	0x9d624	C:\WINDOWS\SYSTEM32\ntdll.dll
254468	38360	0x7ffc3ce0e0f4	ntdll.dll	0x9e0f4	C:\WINDOWS\SYSTEM32\ntdll.dll
254488	35856	0x7ffc3ce10fd4	ntdll.dll	0xa0fd4	C:\WINDOWS\SYSTEM32\ntdll.dll
254509	37256	0x7ffc3ce10fd4	ntdll.dll	0xa0fd4	C:\WINDOWS\SYSTEM32\ntdll.dll
254527	26580	0x7ffc3ce10fd4	ntdll.dll	0xa0fd4	C:\WINDOWS\SYSTEM32\ntdll.dll
254545	35592	0x7ffc3ce10fd4	ntdll.dll	0xa0fd4	C:\WINDOWS\SYSTEM32\ntdll.dll
254566	38096	0x7ffc3ce10fd4	ntdll.dll	0xa0fd4	C:\WINDOWS\SYSTEM32\ntdll.dll
254582	44212	0x7ffc3ce11034	ntdll.dll	0xa1034	C:\WINDOWS\SYSTEM32\ntdll.dll
254597	43196	0x7ffc3ce11034	ntdll.dll	0xa1034	C:\WINDOWS\SYSTEM32\ntdll.dll
254617	44284	0x7ffc3ce11034	ntdll.dll	0xa1034	C:\WINDOWS\SYSTEM32\ntdll.dll
254641	34660	0x7ffc3ce0d624	ntdll.dll	0x9d624	C:\WINDOWS\SYSTEM32\ntdll.dll
254659	10056	0x7ffc3ce11034	ntdll.dll	0xa1034	C:\WINDOWS\SYSTEM32\ntdll.dll
254680	39016	0x7ffc3ce11034	ntdll.dll	0xa1034	C:\WINDOWS\SYSTEM32\ntdll.dll
254703	43220	0x7ffc3ce11034	ntdll.dll	0xa1034	C:\WINDOWS\SYSTEM32\ntdll.dll
254760	39192	0x7ffc3ce11034	ntdll.dll	0xa1034	C:\WINDOWS\SYSTEM32\ntdll.dll
254780	39288	0x7ffc3ce11034	ntdll.dll	0xa1034	C:\WINDOWS\SYSTEM32\ntdll.dll
254798	40468	0x7ffc3ce11034	ntdll.dll	0xa1034	C:\WINDOWS\SYSTEM32\ntdll.dll
254836	13408	0x7ffc3ce0d624	ntdll.dll	0x9d624	C:\WINDOWS\SYSTEM32\ntdll.dll
254860	44852	0x7ffc3ce0e0f4	ntdll.dll	0x9e0f4	C:\WINDOWS\SYSTEM32\ntdll.dll
254878	39064	0x7ffc3ce0e0f4	ntdll.dll	0x9e0f4	C:\WINDOWS\SYSTEM32\ntdll.dll
254896	43724	0x7ffc3ce0d624	ntdll.dll	0x9d624	C:\WINDOWS\SYSTEM32\ntdll.dll
254920	35764	0x7ffc3ce0d624	ntdll.dll	0x9d624	C:\WINDOWS\SYSTEM32\ntdll.dll
254944	38084	0x7ffc3ce0d624	ntdll.dll	0x9d624	C:\WINDOWS\SYSTEM32\ntdll.dll
254968	29408	0x7ffc3ce0d624	ntdll.dll	0x9d624	C:\WINDOWS\SYSTEM32\ntdll.dll
254993	34948	0x7ffc3ce11034	ntdll.dll	0xa1034	C:\WINDOWS\SYSTEM32\ntdll.dll
255015	34956	0x7ffc3ce0d624	ntdll.dll	0x9d624	C:\WINDOWS\SYSTEM32\ntdll.dll
255035	38272	0x7ffc3ce0d624	ntdll.dll	0x9d624	C:\WINDOWS\SYSTEM32\ntdll.dll
255055	38148	0x7ffc3ce0d624	ntdll.dll	0x9d624	C:\WINDOWS\SYSTEM32\ntdll.dll
255081	44984	0x7ffc3ce0d624	ntdll.dll	0x9d624	C:\WINDOWS\SYSTEM32\ntdll.dll
255103	39808	0x7ffc3ce0d624	ntdll.dll	0x9d624	C:\WINDOWS\SYSTEM32\ntdll.dll
255125	27740	0x7ffc3ce0d624	ntdll.dll	0x9d624	C:\WINDOWS\SYSTEM32\ntdll.dll
255142	42600	0x7ffc3ce0d624	ntdll.dll	0x9d624	C:\WINDOWS\SYSTEM32\ntdll.dll
255159	28352	0x7ffc3ce0d624	ntdll.dll	0x9d624	C:\WINDOWS\SYSTEM32\ntdll.dll
255175	38248	0x7ffc3ce0d624	ntdll.dll	0x9d624	C:\WINDOWS\SYSTEM32\ntdll.dll
255192	45028	0x7ffc3ce0d624	ntdll.dll	0x9d624	C:\WINDOWS\SYSTEM32\ntdll.dll
255214	42588	0x7ffc3ce0e0f4	ntdll.dll	0x9e0f4	C:\WINDOWS\SYSTEM32\ntdll.dll
255230	35116	0x7ffc3ce11034	ntdll.dll	0xa1034	C:\WINDOWS\SYSTEM32\ntdll.dll
255246	34908	0x7ffc3ce11034	ntdll.dll	0xa1034	C:\WINDOWS\SYSTEM32\ntdll.dll
255266	24164	0x7ffc3ce11034	ntdll.dll	0xa1034	C:\WINDOWS\SYSTEM32\ntdll.dll
255287	30500	0x7ffc3ce11034	ntdll.dll	0xa1034	C:\WINDOWS\SYSTEM32\ntdll.dll
255304	42972	0x7ffc3ce11034	ntdll.dll	0xa1034	C:\WINDOWS\SYSTEM32\ntdll.dll
265429	33248	0x7ffc3a941104	win32u.dll	0x1104	C:\WINDOWS\System32\win32u.dll
265475	10380	0x7ffc3ce10fd4	ntdll.dll	0xa0fd4	C:\WINDOWS\SYSTEM32\ntdll.dll
265497	37804	0x7ffc3ce10fd4	ntdll.dll	0xa0fd4	C:\WINDOWS\SYSTEM32\ntdll.dll
265516	31968	0x7ffc3ce10fd4	ntdll.dll	0xa0fd4	C:\WINDOWS\SYSTEM32\ntdll.dll
265544	700	0x7ffc3ce0e0f4	ntdll.dll	0x9e0f4	C:\WINDOWS\SYSTEM32\ntdll.dll
265579	33888	0x7ffc3ce0d6c4	ntdll.dll	0x9d6c4	C:\WINDOWS\SYSTEM32\ntdll.dll
265611	34776	0x7ffc3ce0d6c4	ntdll.dll	0x9d6c4	C:\WINDOWS\SYSTEM32\ntdll.dll
265637	34496	0x7ffc3ce10fd4	ntdll.dll	0xa0fd4	C:\WINDOWS\SYSTEM32\ntdll.dll
265656	37644	0x7ffc3ce10fd4	ntdll.dll	0xa0fd4	C:\WINDOWS\SYSTEM32\ntdll.dll
265679	37640	0x7ffc3ce10fd4	ntdll.dll	0xa0fd4	C:\WINDOWS\SYSTEM32\ntdll.dll
265704	36668	0x7ffc3ce11034	ntdll.dll	0xa1034	C:\WINDOWS\SYSTEM32\ntdll.dll
265733	26628	0x7ffc3a94a124	win32u.dll	0xa124	C:\WINDOWS\System32\win32u.dll
265761	35068	0x7ffc3ce10fd4	ntdll.dll	0xa0fd4	C:\WINDOWS\SYSTEM32\ntdll.dll
265787	36428	0x7ffc3ce0e0f4	ntdll.dll	0x9e0f4	C:\WINDOWS\SYSTEM32\ntdll.dll
265812	35996	0x7ffc3ce0e0f4	ntdll.dll	0x9e0f4	C:\WINDOWS\SYSTEM32\ntdll.dll
265839	19780	0x7ffc3ce0e0f4	ntdll.dll	0x9e0f4	C:\WINDOWS\SYSTEM32\ntdll.dll
265861	22404	0x7ffc3ce0d6c4	ntdll.dll	0x9d6c4	C:\WINDOWS\SYSTEM32\ntdll.dll
265885	34704	0x7ffc3ce0d6c4	ntdll.dll	0x9d6c4	C:\WINDOWS\SYSTEM32\ntdll.dll
265911	28184	0x7ffc3ce0d624	ntdll.dll	0x9d624	C:\WINDOWS\SYSTEM32\ntdll.dll
265940	38852	0x7ffc3ce11034	ntdll.dll	0xa1034	C:\WINDOWS\SYSTEM32\ntdll.dll
265966	19796	0x7ffc3ce0d624	ntdll.dll	0x9d624	C:\WINDOWS\SYSTEM32\ntdll.dll
265987	28764	0x7ffc3ce0d624	ntdll.dll	0x9d624	C:\WINDOWS\SYSTEM32\ntdll.dll
266006	38056	0x7ffc3ce0d624	ntdll.dll	0x9d624	C:\WINDOWS\SYSTEM32\ntdll.dll
266025	33572	0x7ffc3ce0d6c4	ntdll.dll	0x9d6c4	C:\WINDOWS\SYSTEM32\ntdll.dll
266042	36376	0x7ffc3ce0e0f4	ntdll.dll	0x9e0f4	C:\WINDOWS\SYSTEM32\ntdll.dll
266062	13352	0x7ffc3a94a124	win32u.dll	0xa124	C:\WINDOWS\System32\win32u.dll
266084	37056	0x7ffc3ce0e0f4	ntdll.dll	0x9e0f4	C:\WINDOWS\SYSTEM32\ntdll.dll
266106	31464	0x7ffc3ce0d624	ntdll.dll	0x9d624	C:\WINDOWS\SYSTEM32\ntdll.dll
266124	36532	0x7ffc3ce0d6c4	ntdll.dll	0x9d6c4	C:\WINDOWS\SYSTEM32\ntdll.dll
266141	12684	0x7ffc3ce10fd4	ntdll.dll	0xa0fd4	C:\WINDOWS\SYSTEM32\ntdll.dll
266182	32208	0x7ffc3ce10fd4	ntdll.dll	0xa0fd4	C:\WINDOWS\SYSTEM32\ntdll.dll
266201	38716	0x7ffc3ce0d624	ntdll.dll	0x9d624	C:\WINDOWS\SYSTEM32\ntdll.dll
266221	35200	0x7ffc3ce0e0f4	ntdll.dll	0x9e0f4	C:\WINDOWS\SYSTEM32\ntdll.dll
266240	15148	0x7ffc3ce0d624	ntdll.dll	0x9d624	C:\WINDOWS\SYSTEM32\ntdll.dll
266262	13956	0x7ffc3ce0d624	ntdll.dll	0x9d624	C:\WINDOWS\SYSTEM32\ntdll.dll
266279	29528	0x7ffc3ce0d624	ntdll.dll	0x9d624	C:\WINDOWS\SYSTEM32\ntdll.dll
266297	17028	0x7ffc3ce0d624	ntdll.dll	0x9d624	C:\WINDOWS\SYSTEM32\ntdll.dll
266321	27652	0x7ffc3ce0d624	ntdll.dll	0x9d624	C:\WINDOWS\SYSTEM32\ntdll.dll
266341	34320	0x7ffc3ce0d624	ntdll.dll	0x9d624	C:\WINDOWS\SYSTEM32\ntdll.dll
266364	33620	0x7ffc3ce0d624	ntdll.dll	0x9d624	C:\WINDOWS\SYSTEM32\ntdll.dll
266385	36712	0x7ffc3ce0d624	ntdll.dll	0x9d624	C:\WINDOWS\SYSTEM32\ntdll.dll
266403	18760	0x7ffc3ce0d624	ntdll.dll	0x9d624	C:\WINDOWS\SYSTEM32\ntdll.dll
266420	37364	0x7ffc3ce0d624	ntdll.dll	0x9d624	C:\WINDOWS\SYSTEM32\ntdll.dll
266440	28596	0x7ffc3ce0d624	ntdll.dll	0x9d624	C:\WINDOWS\SYSTEM32\ntdll.dll
266461	33908	0x7ffc3ce0d624	ntdll.dll	0x9d624	C:\WINDOWS\SYSTEM32\ntdll.dll
266478	14192	0x7ffc3ce0d624	ntdll.dll	0x9d624	C:\WINDOWS\SYSTEM32\ntdll.dll
266496	29548	0x7ffc3ce0e0f4	ntdll.dll	0x9e0f4	C:\WINDOWS\SYSTEM32\ntdll.dll
266513	6688	0x7ffc3ce0d624	ntdll.dll	0x9d624	C:\WINDOWS\SYSTEM32\ntdll.dll
266533	14692	0x7ffc3ce10fd4	ntdll.dll	0xa0fd4	C:\WINDOWS\SYSTEM32\ntdll.dll
266555	34840	0x7ffc3ce10fd4	ntdll.dll	0xa0fd4	C:\WINDOWS\SYSTEM32\ntdll.dll
266573	28620	0x7ffc3ce0e0f4	ntdll.dll	0x9e0f4	C:\WINDOWS\SYSTEM32\ntdll.dll
266590	37852	0x7ffc3ce0d6c4	ntdll.dll	0x9d6c4	C:\WINDOWS\SYSTEM32\ntdll.dll
266609	37380	0x7ffc3ce0e0f4	ntdll.dll	0x9e0f4	C:\WINDOWS\SYSTEM32\ntdll.dll
266626	38848	0x7ffc3ce0d6c4	ntdll.dll	0x9d6c4	C:\WINDOWS\SYSTEM32\ntdll.dll
266648	33300	0x7ffc3ce0e0f4	ntdll.dll	0x9e0f4	C:\WINDOWS\SYSTEM32\ntdll.dll
266664	33304	0x7ffc3ce0d6c4	ntdll.dll	0x9d6c4	C:\WINDOWS\SYSTEM32\ntdll.dll
266684	11196	0x7ffc3ce0d624	ntdll.dll	0x9d624	C:\WINDOWS\SYSTEM32\ntdll.dll
266702	31576	0x7ffc3ce0d6c4	ntdll.dll	0x9d6c4	C:\WINDOWS\SYSTEM32\ntdll.dll
266728	38736	0x7ffc3a941104	win32u.dll	0x1104	C:\WINDOWS\System32\win32u.dll
266748	38356	0x7ffc3ce0e0f4	ntdll.dll	0x9e0f4	C:\WINDOWS\SYSTEM32\ntdll.dll
266771	38380	0x7ffc3ce0d624	ntdll.dll	0x9d624	C:\WINDOWS\SYSTEM32\ntdll.dll
266792	32704	0x7ffc3ce0d624	ntdll.dll	0x9d624	C:\WINDOWS\SYSTEM32\ntdll.dll
266812	38484	0x7ffc3ce0d624	ntdll.dll	0x9d624	C:\WINDOWS\SYSTEM32\ntdll.dll
266833	38876	0x7ffc3ce10fd4	ntdll.dll	0xa0fd4	C:\WINDOWS\SYSTEM32\ntdll.dll
266859	34896	0x7ffc3ce10fd4	ntdll.dll	0xa0fd4	C:\WINDOWS\SYSTEM32\ntdll.dll
266882	38456	0x7ffc3ce10fd4	ntdll.dll	0xa0fd4	C:\WINDOWS\SYSTEM32\ntdll.dll
266901	38172	0x7ffc3ce0d624	ntdll.dll	0x9d624	C:\WINDOWS\SYSTEM32\ntdll.dll
266920	28272	0x7ffc3ce0d6c4	ntdll.dll	0x9d6c4	C:\WINDOWS\SYSTEM32\ntdll.dll
266944	34772	0x7ffc3ce0d6c4	ntdll.dll	0x9d6c4	C:\WINDOWS\SYSTEM32\ntdll.dll
266969	37384	0x7ffc3ce0d6c4	ntdll.dll	0x9d6c4	C:\WINDOWS\SYSTEM32\ntdll.dll
266992	33920	0x7ffc3ce0d6c4	ntdll.dll	0x9d6c4	C:\WINDOWS\SYSTEM32\ntdll.dll
267013	34548	0x7ffc3ce0e0f4	ntdll.dll	0x9e0f4	C:\WINDOWS\SYSTEM32\ntdll.dll
267033	36796	0x7ffc3ce0d6c4	ntdll.dll	0x9d6c4	C:\WINDOWS\SYSTEM32\ntdll.dll
267049	36628	0x7ffc3ce0d6c4	ntdll.dll	0x9d6c4	C:\WINDOWS\SYSTEM32\ntdll.dll
267069	13652	0x7ffc3ce0d6c4	ntdll.dll	0x9d6c4	C:\WINDOWS\SYSTEM32\ntdll.dll
267087	32520	0x7ffc3ce0d6c4	ntdll.dll	0x9d6c4	C:\WINDOWS\SYSTEM32\ntdll.dll
267105	33744	0x7ffc3ce0d6c4	ntdll.dll	0x9d6c4	C:\WINDOWS\SYSTEM32\ntdll.dll
267125	36636	0x7ffc3ce10fd4	ntdll.dll	0xa0fd4	C:\WINDOWS\SYSTEM32\ntdll.dll
267142	35812	0x7ffc3ce0d624	ntdll.dll	0x9d624	C:\WINDOWS\SYSTEM32\ntdll.dll
267160	36112	0x7ffc3ce10fd4	ntdll.dll	0xa0fd4	C:\WINDOWS\SYSTEM32\ntdll.dll
267181	18020	0x7ffc3ce0e0f4	ntdll.dll	0x9e0f4	C:\WINDOWS\SYSTEM32\ntdll.dll
267199	27584	0x7ffc3ce10fd4	ntdll.dll	0xa0fd4	C:\WINDOWS\SYSTEM32\ntdll.dll
267218	2996	0x7ffc3ce0e0f4	ntdll.dll	0x9e0f4	C:\WINDOWS\SYSTEM32\ntdll.dll
267237	35460	0x7ffc3ce10fd4	ntdll.dll	0xa0fd4	C:\WINDOWS\SYSTEM32\ntdll.dll
267278	38008	0x7ffc3ce0d624	ntdll.dll	0x9d624	C:\WINDOWS\SYSTEM32\ntdll.dll
267297	33284	0x7ffc3ce0e0f4	ntdll.dll	0x9e0f4	C:\WINDOWS\SYSTEM32\ntdll.dll
267317	28676	0x7ffc3ce0d624	ntdll.dll	0x9d624	C:\WINDOWS\SYSTEM32\ntdll.dll
267338	7328	0x7ffc3ce10fd4	ntdll.dll	0xa0fd4	C:\WINDOWS\SYSTEM32\ntdll.dll
267354	37628	0x7ffc3ce10fd4	ntdll.dll	0xa0fd4	C:\WINDOWS\SYSTEM32\ntdll.dll
267374	38748	0x7ffc3ce0d624	ntdll.dll	0x9d624	C:\WINDOWS\SYSTEM32\ntdll.dll
267397	33496	0x7ffc3ce10fd4	ntdll.dll	0xa0fd4	C:\WINDOWS\SYSTEM32\ntdll.dll
267422	27132	0x7ffc3ce0e0f4	ntdll.dll	0x9e0f4	C:\WINDOWS\SYSTEM32\ntdll.dll
267448	31736	0x7ffc3ce10fd4	ntdll.dll	0xa0fd4	C:\WINDOWS\SYSTEM32\ntdll.dll
267471	36960	0x7ffc3ce0e0f4	ntdll.dll	0x9e0f4	C:\WINDOWS\SYSTEM32\ntdll.dll
267492	20576	0x7ffc3ce10fd4	ntdll.dll	0xa0fd4	C:\WINDOWS\SYSTEM32\ntdll.dll
267530	34164	0x7ffc3ce10fd4	ntdll.dll	0xa0fd4	C:\WINDOWS\SYSTEM32\ntdll.dll
267563	38144	0x7ffc3ce10fd4	ntdll.dll	0xa0fd4	C:\WINDOWS\SYSTEM32\ntdll.dll
267591	33932	0x7ffc3ce10fd4	ntdll.dll	0xa0fd4	C:\WINDOWS\SYSTEM32\ntdll.dll
267621	29568	0x7ffc3ce10fd4	ntdll.dll	0xa0fd4	C:\WINDOWS\SYSTEM32\ntdll.dll
267653	38884	0x7ffc3ce0e0f4	ntdll.dll	0x9e0f4	C:\WINDOWS\SYSTEM32\ntdll.dll
267678	30684	0x7ffc3ce10fd4	ntdll.dll	0xa0fd4	C:\WINDOWS\SYSTEM32\ntdll.dll
267703	38260	0x7ffc3ce10fd4	ntdll.dll	0xa0fd4	C:\WINDOWS\SYSTEM32\ntdll.dll
267726	29588	0x7ffc3ce10fd4	ntdll.dll	0xa0fd4	C:\WINDOWS\SYSTEM32\ntdll.dll
267750	38232	0x7ffc3ce10fd4	ntdll.dll	0xa0fd4	C:\WINDOWS\SYSTEM32\ntdll.dll
267774	38812	0x7ffc3ce0d6c4	ntdll.dll	0x9d6c4	C:\WINDOWS\SYSTEM32\ntdll.dll
267801	35540	0x7ffc3ce0d6c4	ntdll.dll	0x9d6c4	C:\WINDOWS\SYSTEM32\ntdll.dll
267830	31888	0x7ffc3ce10fd4	ntdll.dll	0xa0fd4	C:\WINDOWS\SYSTEM32\ntdll.dll
267854	12908	0x7ffc3ce10fd4	ntdll.dll	0xa0fd4	C:\WINDOWS\SYSTEM32\ntdll.dll
267879	34508	0x7ffc3ce10fd4	ntdll.dll	0xa0fd4	C:\WINDOWS\SYSTEM32\ntdll.dll
267911	34276	0x7ffc3ce10fd4	ntdll.dll	0xa0fd4	C:\WINDOWS\SYSTEM32\ntdll.dll
267940	37940	0x7ffc3ce10fd4	ntdll.dll	0xa0fd4	C:\WINDOWS\SYSTEM32\ntdll.dll
267984	29192	0x7ffc3ce10fd4	ntdll.dll	0xa0fd4	C:\WINDOWS\SYSTEM32\ntdll.dll
268011	37736	0x7ffc3ce10fd4	ntdll.dll	0xa0fd4	C:\WINDOWS\SYSTEM32\ntdll.dll
268029	33220	0x7ffc3ce10fd4	ntdll.dll	0xa0fd4	C:\WINDOWS\SYSTEM32\ntdll.dll
268044	12692	0x7ffc3ce10fd4	ntdll.dll	0xa0fd4	C:\WINDOWS\SYSTEM32\ntdll.dll
268062	33984	0x7ffc3ce10fd4	ntdll.dll	0xa0fd4	C:\WINDOWS\SYSTEM32\ntdll.dll
268083	38224	0x7ffc3ce10fd4	ntdll.dll	0xa0fd4	C:\WINDOWS\SYSTEM32\ntdll.dll
268102	28292	0x7ffc3ce10fd4	ntdll.dll	0xa0fd4	C:\WINDOWS\SYSTEM32\ntdll.dll
268119	35252	0x7ffc3ce10fd4	ntdll.dll	0xa0fd4	C:\WINDOWS\SYSTEM32\ntdll.dll
268138	38044	0x7ffc3ce10fd4	ntdll.dll	0xa0fd4	C:\WINDOWS\SYSTEM32\ntdll.dll
268158	38340	0x7ffc3ce10fd4	ntdll.dll	0xa0fd4	C:\WINDOWS\SYSTEM32\ntdll.dll
268178	13736	0x7ffc3ce10fd4	ntdll.dll	0xa0fd4	C:\WINDOWS\SYSTEM32\ntdll.dll
268195	38192	0x7ffc3ce10fd4	ntdll.dll	0xa0fd4	C:\WINDOWS\SYSTEM32\ntdll.dll
268215	36272	0x7ffc3ce10fd4	ntdll.dll	0xa0fd4	C:\WINDOWS\SYSTEM32\ntdll.dll
268235	25612	0x7ffc3ce0d6c4	ntdll.dll	0x9d6c4	C:\WINDOWS\SYSTEM32\ntdll.dll
268254	38384	0x7ffc3ce11034	ntdll.dll	0xa1034	C:\WINDOWS\SYSTEM32\ntdll.dll
268273	33108	0x7ffc3ce0d6c4	ntdll.dll	0x9d6c4	C:\WINDOWS\SYSTEM32\ntdll.dll
268298	34820	0x7ffc3ce11034	ntdll.dll	0xa1034	C:\WINDOWS\SYSTEM32\ntdll.dll
268320	36648	0x7ffc3ce0d624	ntdll.dll	0x9d624	C:\WINDOWS\SYSTEM32\ntdll.dll
268345	38412	0x7ffc3a941104	win32u.dll	0x1104	C:\WINDOWS\System32\win32u.dll
268369	26804	0x7ffc3ce11034	ntdll.dll	0xa1034	C:\WINDOWS\SYSTEM32\ntdll.dll
268389	34564	0x7ffc3ce10fd4	ntdll.dll	0xa0fd4	C:\WINDOWS\SYSTEM32\ntdll.dll
268412	26280	0x7ffc3ce10fd4	ntdll.dll	0xa0fd4	C:\WINDOWS\SYSTEM32\ntdll.dll
268436	37740	0x7ffc3ce0d6c4	ntdll.dll	0x9d6c4	C:\WINDOWS\SYSTEM32\ntdll.dll
268459	37892	0x7ffc3ce0d624	ntdll.dll	0x9d624	C:\WINDOWS\SYSTEM32\ntdll.dll
268479	38840	0x7ffc3ce0e0f4	ntdll.dll	0x9e0f4	C:\WINDOWS\SYSTEM32\ntdll.dll
268503	36632	0x7ffc3ce10fd4	ntdll.dll	0xa0fd4	C:\WINDOWS\SYSTEM32\ntdll.dll
268525	23456	0x7ffc3ce10fd4	ntdll.dll	0xa0fd4	C:\WINDOWS\SYSTEM32\ntdll.dll
268570	29500	0x7ffc3ce10fd4	ntdll.dll	0xa0fd4	C:\WINDOWS\SYSTEM32\ntdll.dll
268589	2556	0x7ffc3ce10fd4	ntdll.dll	0xa0fd4	C:\WINDOWS\SYSTEM32\ntdll.dll
268607	16324	0x7ffc3ce10fd4	ntdll.dll	0xa0fd4	C:\WINDOWS\SYSTEM32\ntdll.dll
268630	26548	0x7ffc3ce10fd4	ntdll.dll	0xa0fd4	C:\WINDOWS\SYSTEM32\ntdll.dll
268654	38388	0x7ffc3ce10fd4	ntdll.dll	0xa0fd4	C:\WINDOWS\SYSTEM32\ntdll.dll
268670	13588	0x7ffc3ce10fd4	ntdll.dll	0xa0fd4	C:\WINDOWS\SYSTEM32\ntdll.dll
268689	13776	0x7ffc3ce10fd4	ntdll.dll	0xa0fd4	C:\WINDOWS\SYSTEM32\ntdll.dll
268711	27000	0x7ffc3ce10fd4	ntdll.dll	0xa0fd4	C:\WINDOWS\SYSTEM32\ntdll.dll
268733	35508	0x7ffc3ce10fd4	ntdll.dll	0xa0fd4	C:\WINDOWS\SYSTEM32\ntdll.dll
268751	34444	0x7ffc3ce10fd4	ntdll.dll	0xa0fd4	C:\WINDOWS\SYSTEM32\ntdll.dll
268770	28732	0x7ffc3ce10fd4	ntdll.dll	0xa0fd4	C:\WINDOWS\SYSTEM32\ntdll.dll
268792	26616	0x7ffc3ce10fd4	ntdll.dll	0xa0fd4	C:\WINDOWS\SYSTEM32\ntdll.dll
268817	37132	0x7ffc3ce10fd4	ntdll.dll	0xa0fd4	C:\WINDOWS\SYSTEM32\ntdll.dll
268840	20024	0x7ffc3ce10fd4	ntdll.dll	0xa0fd4	C:\WINDOWS\SYSTEM32\ntdll.dll
268860	37760	0x7ffc3ce10fd4	ntdll.dll	0xa0fd4	C:\WINDOWS\SYSTEM32\ntdll.dll
268883	31852	0x7ffc3ce10fd4	ntdll.dll	0xa0fd4	C:\WINDOWS\SYSTEM32\ntdll.dll
268903	37624	0x7ffc3ce10fd4	ntdll.dll	0xa0fd4	C:\WINDOWS\SYSTEM32\ntdll.dll
268921	38048	0x7ffc3ce10fd4	ntdll.dll	0xa0fd4	C:\WINDOWS\SYSTEM32\ntdll.dll
268939	30536	0x7ffc3ce10fd4	ntdll.dll	0xa0fd4	C:\WINDOWS\SYSTEM32\ntdll.dll
268962	8688	0x7ffc3ce0d6c4	ntdll.dll	0x9d6c4	C:\WINDOWS\SYSTEM32\ntdll.dll
268985	764	0x7ffc3ce0d624	ntdll.dll	0x9d624	C:\WINDOWS\SYSTEM32\ntdll.dll
269008	29356	0x7ffc3ce0d624	ntdll.dll	0x9d624	C:\WINDOWS\SYSTEM32\ntdll.dll
269030	32352	0x7ffc3ce0e0f4	ntdll.dll	0x9e0f4	C:\WINDOWS\SYSTEM32\ntdll.dll
269046	38936	0x7ffc3ce0d624	ntdll.dll	0x9d624	C:\WINDOWS\SYSTEM32\ntdll.dll
269063	38944	0x7ffc3ce0d624	ntdll.dll	0x9d624	C:\WINDOWS\SYSTEM32\ntdll.dll
269083	38952	0x7ffc3ce0d624	ntdll.dll	0x9d624	C:\WINDOWS\SYSTEM32\ntdll.dll
269106	38960	0x7ffc3ce0d624	ntdll.dll	0x9d624	C:\WINDOWS\SYSTEM32\ntdll.dll
269128	38968	0x7ffc3ce0d624	ntdll.dll	0x9d624	C:\WINDOWS\SYSTEM32\ntdll.dll
269152	38976	0x7ffc3ce0d624	ntdll.dll	0x9d624	C:\WINDOWS\SYSTEM32\ntdll.dll
269175	38984	0x7ffc3ce0d624	ntdll.dll	0x9d624	C:\WINDOWS\SYSTEM32\ntdll.dll
269192	38992	0x7ffc3ce0d624	ntdll.dll	0x9d624	C:\WINDOWS\SYSTEM32\ntdll.dll
269209	39000	0x7ffc3ce0d624	ntdll.dll	0x9d624	C:\WINDOWS\SYSTEM32\ntdll.dll
269231	39008	0x7ffc3ce0d624	ntdll.dll	0x9d624	C:\WINDOWS\SYSTEM32\ntdll.dll
269250	39028	0x7ffc3ce0e0f4	ntdll.dll	0x9e0f4	C:\WINDOWS\SYSTEM32\ntdll.dll
269273	39212	0x7ffc3ce10fd4	ntdll.dll	0xa0fd4	C:\WINDOWS\SYSTEM32\ntdll.dll
269296	39240	0x7ffc3ce0d624	ntdll.dll	0x9d624	C:\WINDOWS\SYSTEM32\ntdll.dll
269316	39244	0x7ffc3ce0d6c4	ntdll.dll	0x9d6c4	C:\WINDOWS\SYSTEM32\ntdll.dll
269337	39248	0x7ffc3ce0d6c4	ntdll.dll	0x9d6c4	C:\WINDOWS\SYSTEM32\ntdll.dll
269360	39252	0x7ffc3ce10fd4	ntdll.dll	0xa0fd4	C:\WINDOWS\SYSTEM32\ntdll.dll
269381	39256	0x7ffc3ce0d624	ntdll.dll	0x9d624	C:\WINDOWS\SYSTEM32\ntdll.dll
269398	39260	0x7ffc3ce0d624	ntdll.dll	0x9d624	C:\WINDOWS\SYSTEM32\ntdll.dll
269416	39268	0x7ffc3a941104	win32u.dll	0x1104	C:\WINDOWS\System32\win32u.dll
269434	39300	0x7ffc3a941104	win32u.dll	0x1104	C:\WINDOWS\System32\win32u.dll
269453	39384	0x7ffc3ce0d624	ntdll.dll	0x9d624	C:\WINDOWS\SYSTEM32\ntdll.dll
269471	39388	0x7ffc3a941104	win32u.dll	0x1104	C:\WINDOWS\System32\win32u.dll
269495	41552	0x7ffc3ce0d6c4	ntdll.dll	0x9d6c4	C:\WINDOWS\SYSTEM32\ntdll.dll
269520	41568	0x7ffc3ce0d624	ntdll.dll	0x9d624	C:\WINDOWS\SYSTEM32\ntdll.dll
269543	41572	0x7ffc3ce0e0f4	ntdll.dll	0x9e0f4	C:\WINDOWS\SYSTEM32\ntdll.dll
269561	41592	0x7ffc3ce0d624	ntdll.dll	0x9d624	C:\WINDOWS\SYSTEM32\ntdll.dll
269583	41596	0x7ffc3ce0d624	ntdll.dll	0x9d624	C:\WINDOWS\SYSTEM32\ntdll.dll
269605	41600	0x7ffc3ce0d624	ntdll.dll	0x9d624	C:\WINDOWS\SYSTEM32\ntdll.dll
269621	41604	0x7ffc3ce0d624	ntdll.dll	0x9d624	C:\WINDOWS\SYSTEM32\ntdll.dll
269638	41608	0x7ffc3ce0d624	ntdll.dll	0x9d624	C:\WINDOWS\SYSTEM32\ntdll.dll
269656	41612	0x7ffc3ce0d624	ntdll.dll	0x9d624	C:\WINDOWS\SYSTEM32\ntdll.dll
269689	41616	0x7ffc3ce0d624	ntdll.dll	0x9d624	C:\WINDOWS\SYSTEM32\ntdll.dll
269705	41620	0x7ffc3ce0d624	ntdll.dll	0x9d624	C:\WINDOWS\SYSTEM32\ntdll.dll
269724	41624	0x7ffc3ce0d624	ntdll.dll	0x9d624	C:\WINDOWS\SYSTEM32\ntdll.dll
269744	41628	0x7ffc3ce0d624	ntdll.dll	0x9d624	C:\WINDOWS\SYSTEM32\ntdll.dll
269761	41632	0x7ffc3ce0d624	ntdll.dll	0x9d624	C:\WINDOWS\SYSTEM32\ntdll.dll
269776	41636	0x7ffc3ce0e0f4	ntdll.dll	0x9e0f4	C:\WINDOWS\SYSTEM32\ntdll.dll
269791	41656	0x7ffc3ce0d624	ntdll.dll	0x9d624	C:\WINDOWS\SYSTEM32\ntdll.dll
269808	41660	0x7ffc3ce0d624	ntdll.dll	0x9d624	C:\WINDOWS\SYSTEM32\ntdll.dll
269827	41664	0x7ffc3ce0d624	ntdll.dll	0x9d624	C:\WINDOWS\SYSTEM32\ntdll.dll
269844	41668	0x7ffc3ce0d624	ntdll.dll	0x9d624	C:\WINDOWS\SYSTEM32\ntdll.dll
269860	41672	0x7ffc3ce0d624	ntdll.dll	0x9d624	C:\WINDOWS\SYSTEM32\ntdll.dll
269875	41676	0x7ffc3ce0d624	ntdll.dll	0x9d624	C:\WINDOWS\SYSTEM32\ntdll.dll
269892	41680	0x7ffc3ce0d624	ntdll.dll	0x9d624	C:\WINDOWS\SYSTEM32\ntdll.dll
269909	41684	0x7ffc3ce0d624	ntdll.dll	0x9d624	C:\WINDOWS\SYSTEM32\ntdll.dll
269925	41688	0x7ffc3ce0d624	ntdll.dll	0x9d624	C:\WINDOWS\SYSTEM32\ntdll.dll
269943	41692	0x7ffc3ce0d624	ntdll.dll	0x9d624	C:\WINDOWS\SYSTEM32\ntdll.dll
269961	35588	0x7ffc3ce11034	ntdll.dll	0xa1034	C:\WINDOWS\SYSTEM32\ntdll.dll
269979	42844	0x7ffc3ce11034	ntdll.dll	0xa1034	C:\WINDOWS\SYSTEM32\ntdll.dll
269997	42732	0x7ffc3ce11034	ntdll.dll	0xa1034	C:\WINDOWS\SYSTEM32\ntdll.dll
270015	39580	0x7ffc3ce11034	ntdll.dll	0xa1034	C:\WINDOWS\SYSTEM32\ntdll.dll
270036	39096	0x7ffc3ce11034	ntdll.dll	0xa1034	C:\WINDOWS\SYSTEM32\ntdll.dll
270053	37584	0x7ffc3ce11034	ntdll.dll	0xa1034	C:\WINDOWS\SYSTEM32\ntdll.dll
270071	42840	0x7ffc3ce11034	ntdll.dll	0xa1034	C:\WINDOWS\SYSTEM32\ntdll.dll
270088	44704	0x7ffc3ce11034	ntdll.dll	0xa1034	C:\WINDOWS\SYSTEM32\ntdll.dll
270108	44340	0x7ffc3ce11034	ntdll.dll	0xa1034	C:\WINDOWS\SYSTEM32\ntdll.dll
270129	44344	0x7ffc3ce103d4	ntdll.dll	0xa03d4	C:\WINDOWS\SYSTEM32\ntdll.dll
270149	35604	0x7ffc3ce10fd4	ntdll.dll	0xa0fd4	C:\WINDOWS\SYSTEM32\ntdll.dll
270171	37320	0x7ffc3ce11034	ntdll.dll	0xa1034	C:\WINDOWS\SYSTEM32\ntdll.dll
270192	16556	0x7ffc3ce0d624	ntdll.dll	0x9d624	C:\WINDOWS\SYSTEM32\ntdll.dll
270213	43856	0x7ffc3ce0d624	ntdll.dll	0x9d624	C:\WINDOWS\SYSTEM32\ntdll.dll
270236	29616	0x7ffc3ce0d624	ntdll.dll	0x9d624	C:\WINDOWS\SYSTEM32\ntdll.dll
270259	41900	0x7ffc3ce0d624	ntdll.dll	0x9d624	C:\WINDOWS\SYSTEM32\ntdll.dll
270278	43092	0x7ffc3ce0d624	ntdll.dll	0x9d624	C:\WINDOWS\SYSTEM32\ntdll.dll
270296	24564	0x7ffc3ce0d624	ntdll.dll	0x9d624	C:\WINDOWS\SYSTEM32\ntdll.dll
270319	22584	0x7ffc3ce0d624	ntdll.dll	0x9d624	C:\WINDOWS\SYSTEM32\ntdll.dll
270344	42540	0x7ffc3ce0d624	ntdll.dll	0x9d624	C:\WINDOWS\SYSTEM32\ntdll.dll
270368	40624	0x7ffc3ce0d624	ntdll.dll	0x9d624	C:\WINDOWS\SYSTEM32\ntdll.dll
270390	36832	0x7ffc3ce0d624	ntdll.dll	0x9d624	C:\WINDOWS\SYSTEM32\ntdll.dll
270409	38308	0x7ffc3ce0d624	ntdll.dll	0x9d624	C:\WINDOWS\SYSTEM32\ntdll.dll
270434	40196	0x7ffc3ce0d624	ntdll.dll	0x9d624	C:\WINDOWS\SYSTEM32\ntdll.dll
270462	38360	0x7ffc3ce0e0f4	ntdll.dll	0x9e0f4	C:\WINDOWS\SYSTEM32\ntdll.dll
270484	35856	0x7ffc3ce10fd4	ntdll.dll	0xa0fd4	C:\WINDOWS\SYSTEM32\ntdll.dll
270502	37256	0x7ffc3ce10fd4	ntdll.dll	0xa0fd4	C:\WINDOWS\SYSTEM32\ntdll.dll
270521	26580	0x7ffc3ce10fd4	ntdll.dll	0xa0fd4	C:\WINDOWS\SYSTEM32\ntdll.dll
270543	35592	0x7ffc3ce10fd4	ntdll.dll	0xa0fd4	C:\WINDOWS\SYSTEM32\ntdll.dll
270564	38096	0x7ffc3ce10fd4	ntdll.dll	0xa0fd4	C:\WINDOWS\SYSTEM32\ntdll.dll
270586	44212	0x7ffc3ce11034	ntdll.dll	0xa1034	C:\WINDOWS\SYSTEM32\ntdll.dll
270608	43196	0x7ffc3ce11034	ntdll.dll	0xa1034	C:\WINDOWS\SYSTEM32\ntdll.dll
270630	44284	0x7ffc3ce11034	ntdll.dll	0xa1034	C:\WINDOWS\SYSTEM32\ntdll.dll
270653	34660	0x7ffc3ce0d624	ntdll.dll	0x9d624	C:\WINDOWS\SYSTEM32\ntdll.dll
270675	10056	0x7ffc3ce11034	ntdll.dll	0xa1034	C:\WINDOWS\SYSTEM32\ntdll.dll
270694	39016	0x7ffc3ce11034	ntdll.dll	0xa1034	C:\WINDOWS\SYSTEM32\ntdll.dll
270711	43220	0x7ffc3ce11034	ntdll.dll	0xa1034	C:\WINDOWS\SYSTEM32\ntdll.dll
270750	39192	0x7ffc3ce11034	ntdll.dll	0xa1034	C:\WINDOWS\SYSTEM32\ntdll.dll
270772	39288	0x7ffc3ce11034	ntdll.dll	0xa1034	C:\WINDOWS\SYSTEM32\ntdll.dll
270791	40468	0x7ffc3ce11034	ntdll.dll	0xa1034	C:\WINDOWS\SYSTEM32\ntdll.dll
270810	13408	0x7ffc3ce0d624	ntdll.dll	0x9d624	C:\WINDOWS\SYSTEM32\ntdll.dll
270831	44852	0x7ffc3ce0e0f4	ntdll.dll	0x9e0f4	C:\WINDOWS\SYSTEM32\ntdll.dll
270861	39064	0x7ffc3ce0e0f4	ntdll.dll	0x9e0f4	C:\WINDOWS\SYSTEM32\ntdll.dll
270882	43724	0x7ffc3ce0d624	ntdll.dll	0x9d624	C:\WINDOWS\SYSTEM32\ntdll.dll
270903	35764	0x7ffc3ce0d624	ntdll.dll	0x9d624	C:\WINDOWS\SYSTEM32\ntdll.dll
270926	38084	0x7ffc3ce0d624	ntdll.dll	0x9d624	C:\WINDOWS\SYSTEM32\ntdll.dll
270965	29408	0x7ffc3ce0d624	ntdll.dll	0x9d624	C:\WINDOWS\SYSTEM32\ntdll.dll
270995	34948	0x7ffc3ce11034	ntdll.dll	0xa1034	C:\WINDOWS\SYSTEM32\ntdll.dll
271023	34956	0x7ffc3ce0d624	ntdll.dll	0x9d624	C:\WINDOWS\SYSTEM32\ntdll.dll
271049	38272	0x7ffc3ce0d624	ntdll.dll	0x9d624	C:\WINDOWS\SYSTEM32\ntdll.dll
271070	38148	0x7ffc3ce0d624	ntdll.dll	0x9d624	C:\WINDOWS\SYSTEM32\ntdll.dll
271096	44984	0x7ffc3ce0d624	ntdll.dll	0x9d624	C:\WINDOWS\SYSTEM32\ntdll.dll
271115	39808	0x7ffc3ce0d624	ntdll.dll	0x9d624	C:\WINDOWS\SYSTEM32\ntdll.dll
271139	27740	0x7ffc3ce0d624	ntdll.dll	0x9d624	C:\WINDOWS\SYSTEM32\ntdll.dll
271170	42600	0x7ffc3ce0d624	ntdll.dll	0x9d624	C:\WINDOWS\SYSTEM32\ntdll.dll
271192	28352	0x7ffc3ce0d624	ntdll.dll	0x9d624	C:\WINDOWS\SYSTEM32\ntdll.dll
271217	38248	0x7ffc3ce0d624	ntdll.dll	0x9d624	C:\WINDOWS\SYSTEM32\ntdll.dll
271236	45028	0x7ffc3ce0d624	ntdll.dll	0x9d624	C:\WINDOWS\SYSTEM32\ntdll.dll
271258	42588	0x7ffc3ce0e0f4	ntdll.dll	0x9e0f4	C:\WINDOWS\SYSTEM32\ntdll.dll
271276	35116	0x7ffc3ce11034	ntdll.dll	0xa1034	C:\WINDOWS\SYSTEM32\ntdll.dll
271294	34908	0x7ffc3ce11034	ntdll.dll	0xa1034	C:\WINDOWS\SYSTEM32\ntdll.dll
271310	24164	0x7ffc3ce11034	ntdll.dll	0xa1034	C:\WINDOWS\SYSTEM32\ntdll.dll
271328	30500	0x7ffc3ce11034	ntdll.dll	0xa1034	C:\WINDOWS\SYSTEM32\ntdll.dll
271349	42972	0x7ffc3ce11034	ntdll.dll	0xa1034	C:\WINDOWS\SYSTEM32\ntdll.dll
281933	33248	0x7ffc3a941104	win32u.dll	0x1104	C:\WINDOWS\System32\win32u.dll
281971	10380	0x7ffc3ce10fd4	ntdll.dll	0xa0fd4	C:\WINDOWS\SYSTEM32\ntdll.dll
281995	37804	0x7ffc3ce10fd4	ntdll.dll	0xa0fd4	C:\WINDOWS\SYSTEM32\ntdll.dll
282015	31968	0x7ffc3ce10fd4	ntdll.dll	0xa0fd4	C:\WINDOWS\SYSTEM32\ntdll.dll
282042	700	0x7ffc3ce0e0f4	ntdll.dll	0x9e0f4	C:\WINDOWS\SYSTEM32\ntdll.dll
282076	33888	0x7ffc3ce0d6c4	ntdll.dll	0x9d6c4	C:\WINDOWS\SYSTEM32\ntdll.dll
282109	34776	0x7ffc3ce0d6c4	ntdll.dll	0x9d6c4	C:\WINDOWS\SYSTEM32\ntdll.dll
282131	34496	0x7ffc3ce10fd4	ntdll.dll	0xa0fd4	C:\WINDOWS\SYSTEM32\ntdll.dll
282156	37644	0x7ffc3ce10fd4	ntdll.dll	0xa0fd4	C:\WINDOWS\SYSTEM32\ntdll.dll
282183	37640	0x7ffc3ce10fd4	ntdll.dll	0xa0fd4	C:\WINDOWS\SYSTEM32\ntdll.dll
282204	36668	0x7ffc3ce11034	ntdll.dll	0xa1034	C:\WINDOWS\SYSTEM32\ntdll.dll
282233	26628	0x7ffc3a94a124	win32u.dll	0xa124	C:\WINDOWS\System32\win32u.dll
282258	35068	0x7ffc3ce10fd4	ntdll.dll	0xa0fd4	C:\WINDOWS\SYSTEM32\ntdll.dll
282324	36428	0x7ffc3ce0e0f4	ntdll.dll	0x9e0f4	C:\WINDOWS\SYSTEM32\ntdll.dll
282352	35996	0x7ffc3ce0e0f4	ntdll.dll	0x9e0f4	C:\WINDOWS\SYSTEM32\ntdll.dll
282383	19780	0x7ffc3ce0e0f4	ntdll.dll	0x9e0f4	C:\WINDOWS\SYSTEM32\ntdll.dll
282408	22404	0x7ffc3ce0d6c4	ntdll.dll	0x9d6c4	C:\WINDOWS\SYSTEM32\ntdll.dll
282426	34704	0x7ffc3ce0d6c4	ntdll.dll	0x9d6c4	C:\WINDOWS\SYSTEM32\ntdll.dll
282447	28184	0x7ffc3ce0d624	ntdll.dll	0x9d624	C:\WINDOWS\SYSTEM32\ntdll.dll
282466	38852	0x7ffc3ce11034	ntdll.dll	0xa1034	C:\WINDOWS\SYSTEM32\ntdll.dll
282492	19796	0x7ffc3ce0d624	ntdll.dll	0x9d624	C:\WINDOWS\SYSTEM32\ntdll.dll
282512	28764	0x7ffc3ce0d624	ntdll.dll	0x9d624	C:\WINDOWS\SYSTEM32\ntdll.dll
282531	38056	0x7ffc3ce0d624	ntdll.dll	0x9d624	C:\WINDOWS\SYSTEM32\ntdll.dll
282547	33572	0x7ffc3ce0d6c4	ntdll.dll	0x9d6c4	C:\WINDOWS\SYSTEM32\ntdll.dll
282567	36376	0x7ffc3ce0e0f4	ntdll.dll	0x9e0f4	C:\WINDOWS\SYSTEM32\ntdll.dll
282589	13352	0x7ffc3a94a124	win32u.dll	0xa124	C:\WINDOWS\System32\win32u.dll
282612	37056	0x7ffc3ce0e0f4	ntdll.dll	0x9e0f4	C:\WINDOWS\SYSTEM32\ntdll.dll
282679	31464	0x7ffc3ce0d624	ntdll.dll	0x9d624	C:\WINDOWS\SYSTEM32\ntdll.dll
282699	36532	0x7ffc3ce0d6c4	ntdll.dll	0x9d6c4	C:\WINDOWS\SYSTEM32\ntdll.dll
282719	12684	0x7ffc3ce10fd4	ntdll.dll	0xa0fd4	C:\WINDOWS\SYSTEM32\ntdll.dll
282744	32208	0x7ffc3ce10fd4	ntdll.dll	0xa0fd4	C:\WINDOWS\SYSTEM32\ntdll.dll
282770	38716	0x7ffc3ce0d624	ntdll.dll	0x9d624	C:\WINDOWS\SYSTEM32\ntdll.dll
282791	35200	0x7ffc3ce0e0f4	ntdll.dll	0x9e0f4	C:\WINDOWS\SYSTEM32\ntdll.dll
282814	15148	0x7ffc3ce0d624	ntdll.dll	0x9d624	C:\WINDOWS\SYSTEM32\ntdll.dll
282838	13956	0x7ffc3ce0d624	ntdll.dll	0x9d624	C:\WINDOWS\SYSTEM32\ntdll.dll
282862	29528	0x7ffc3ce0d624	ntdll.dll	0x9d624	C:\WINDOWS\SYSTEM32\ntdll.dll
282890	17028	0x7ffc3ce0d624	ntdll.dll	0x9d624	C:\WINDOWS\SYSTEM32\ntdll.dll
282924	27652	0x7ffc3ce0d624	ntdll.dll	0x9d624	C:\WINDOWS\SYSTEM32\ntdll.dll
282946	34320	0x7ffc3ce0d624	ntdll.dll	0x9d624	C:\WINDOWS\SYSTEM32\ntdll.dll
282966	33620	0x7ffc3ce0d624	ntdll.dll	0x9d624	C:\WINDOWS\SYSTEM32\ntdll.dll
282985	36712	0x7ffc3ce0d624	ntdll.dll	0x9d624	C:\WINDOWS\SYSTEM32\ntdll.dll
283013	18760	0x7ffc3ce0d624	ntdll.dll	0x9d624	C:\WINDOWS\SYSTEM32\ntdll.dll
283039	37364	0x7ffc3ce0d624	ntdll.dll	0x9d624	C:\WINDOWS\SYSTEM32\ntdll.dll
283069	28596	0x7ffc3ce0d624	ntdll.dll	0x9d624	C:\WINDOWS\SYSTEM32\ntdll.dll
283099	33908	0x7ffc3ce0d624	ntdll.dll	0x9d624	C:\WINDOWS\SYSTEM32\ntdll.dll
283125	14192	0x7ffc3ce0d624	ntdll.dll	0x9d624	C:\WINDOWS\SYSTEM32\ntdll.dll
283145	29548	0x7ffc3ce0e0f4	ntdll.dll	0x9e0f4	C:\WINDOWS\SYSTEM32\ntdll.dll
283162	6688	0x7ffc3ce0d624	ntdll.dll	0x9d624	C:\WINDOWS\SYSTEM32\ntdll.dll
283180	14692	0x7ffc3ce10fd4	ntdll.dll	0xa0fd4	C:\WINDOWS\SYSTEM32\ntdll.dll
283198	34840	0x7ffc3ce10fd4	ntdll.dll	0xa0fd4	C:\WINDOWS\SYSTEM32\ntdll.dll
283218	28620	0x7ffc3ce0e0f4	ntdll.dll	0x9e0f4	C:\WINDOWS\SYSTEM32\ntdll.dll
283237	37852	0x7ffc3ce0d6c4	ntdll.dll	0x9d6c4	C:\WINDOWS\SYSTEM32\ntdll.dll
283259	37380	0x7ffc3ce0e0f4	ntdll.dll	0x9e0f4	C:\WINDOWS\SYSTEM32\ntdll.dll
283275	38848	0x7ffc3ce0d6c4	ntdll.dll	0x9d6c4	C:\WINDOWS\SYSTEM32\ntdll.dll
283293	33300	0x7ffc3ce0e0f4	ntdll.dll	0x9e0f4	C:\WINDOWS\SYSTEM32\ntdll.dll
283310	33304	0x7ffc3ce0d6c4	ntdll.dll	0x9d6c4	C:\WINDOWS\SYSTEM32\ntdll.dll
283334	11196	0x7ffc3ce0d624	ntdll.dll	0x9d624	C:\WINDOWS\SYSTEM32\ntdll.dll
283351	31576	0x7ffc3ce0d6c4	ntdll.dll	0x9d6c4	C:\WINDOWS\SYSTEM32\ntdll.dll
283436	38736	0x7ffc3a941104	win32u.dll	0x1104	C:\WINDOWS\System32\win32u.dll
283469	38356	0x7ffc3ce0e0f4	ntdll.dll	0x9e0f4	C:\WINDOWS\SYSTEM32\ntdll.dll
283498	38380	0x7ffc3ce0d624	ntdll.dll	0x9d624	C:\WINDOWS\SYSTEM32\ntdll.dll
283522	32704	0x7ffc3ce0d624	ntdll.dll	0x9d624	C:\WINDOWS\SYSTEM32\ntdll.dll
283547	38484	0x7ffc3ce0d624	ntdll.dll	0x9d624	C:\WINDOWS\SYSTEM32\ntdll.dll
283574	38876	0x7ffc3ce10fd4	ntdll.dll	0xa0fd4	C:\WINDOWS\SYSTEM32\ntdll.dll
283601	34896	0x7ffc3ce10fd4	ntdll.dll	0xa0fd4	C:\WINDOWS\SYSTEM32\ntdll.dll
283627	38456	0x7ffc3ce10fd4	ntdll.dll	0xa0fd4	C:\WINDOWS\SYSTEM32\ntdll.dll
283657	38172	0x7ffc3ce0d624	ntdll.dll	0x9d624	C:\WINDOWS\SYSTEM32\ntdll.dll
283680	28272	0x7ffc3ce0d6c4	ntdll.dll	0x9d6c4	C:\WINDOWS\SYSTEM32\ntdll.dll
283701	34772	0x7ffc3ce0d6c4	ntdll.dll	0x9d6c4	C:\WINDOWS\SYSTEM32\ntdll.dll
283719	37384	0x7ffc3ce0d6c4	ntdll.dll	0x9d6c4	C:\WINDOWS\SYSTEM32\ntdll.dll
283738	33920	0x7ffc3ce0d6c4	ntdll.dll	0x9d6c4	C:\WINDOWS\SYSTEM32\ntdll.dll
283758	34548	0x7ffc3ce0e0f4	ntdll.dll	0x9e0f4	C:\WINDOWS\SYSTEM32\ntdll.dll
283779	36796	0x7ffc3ce0d6c4	ntdll.dll	0x9d6c4	C:\WINDOWS\SYSTEM32\ntdll.dll
283797	36628	0x7ffc3ce0d6c4	ntdll.dll	0x9d6c4	C:\WINDOWS\SYSTEM32\ntdll.dll
283817	13652	0x7ffc3ce0d6c4	ntdll.dll	0x9d6c4	C:\WINDOWS\SYSTEM32\ntdll.dll
283836	32520	0x7ffc3ce0d6c4	ntdll.dll	0x9d6c4	C:\WINDOWS\SYSTEM32\ntdll.dll
283854	33744	0x7ffc3ce0d6c4	ntdll.dll	0x9d6c4	C:\WINDOWS\SYSTEM32\ntdll.dll
283878	36636	0x7ffc3ce10fd4	ntdll.dll	0xa0fd4	C:\WINDOWS\SYSTEM32\ntdll.dll
283904	35812	0x7ffc3ce0d624	ntdll.dll	0x9d624	C:\WINDOWS\SYSTEM32\ntdll.dll
283924	36112	0x7ffc3ce10fd4	ntdll.dll	0xa0fd4	C:\WINDOWS\SYSTEM32\ntdll.dll
283944	18020	0x7ffc3ce0e0f4	ntdll.dll	0x9e0f4	C:\WINDOWS\SYSTEM32\ntdll.dll
283984	27584	0x7ffc3ce10fd4	ntdll.dll	0xa0fd4	C:\WINDOWS\SYSTEM32\ntdll.dll
284006	2996	0x7ffc3ce0e0f4	ntdll.dll	0x9e0f4	C:\WINDOWS\SYSTEM32\ntdll.dll
284034	35460	0x7ffc3ce10fd4	ntdll.dll	0xa0fd4	C:\WINDOWS\SYSTEM32\ntdll.dll
284065	38008	0x7ffc3ce0d624	ntdll.dll	0x9d624	C:\WINDOWS\SYSTEM32\ntdll.dll
284098	33284	0x7ffc3ce0e0f4	ntdll.dll	0x9e0f4	C:\WINDOWS\SYSTEM32\ntdll.dll
284130	28676	0x7ffc3ce0d624	ntdll.dll	0x9d624	C:\WINDOWS\SYSTEM32\ntdll.dll
284159	7328	0x7ffc3ce10fd4	ntdll.dll	0xa0fd4	C:\WINDOWS\SYSTEM32\ntdll.dll
284183	37628	0x7ffc3ce10fd4	ntdll.dll	0xa0fd4	C:\WINDOWS\SYSTEM32\ntdll.dll
284206	38748	0x7ffc3ce0d624	ntdll.dll	0x9d624	C:\WINDOWS\SYSTEM32\ntdll.dll
284234	33496	0x7ffc3ce10fd4	ntdll.dll	0xa0fd4	C:\WINDOWS\SYSTEM32\ntdll.dll
284266	27132	0x7ffc3ce0e0f4	ntdll.dll	0x9e0f4	C:\WINDOWS\SYSTEM32\ntdll.dll
284290	31736	0x7ffc3ce10fd4	ntdll.dll	0xa0fd4	C:\WINDOWS\SYSTEM32\ntdll.dll
284310	36960	0x7ffc3ce0e0f4	ntdll.dll	0x9e0f4	C:\WINDOWS\SYSTEM32\ntdll.dll
284333	20576	0x7ffc3ce10fd4	ntdll.dll	0xa0fd4	C:\WINDOWS\SYSTEM32\ntdll.dll
284357	34164	0x7ffc3ce10fd4	ntdll.dll	0xa0fd4	C:\WINDOWS\SYSTEM32\ntdll.dll
284382	38144	0x7ffc3ce10fd4	ntdll.dll	0xa0fd4	C:\WINDOWS\SYSTEM32\ntdll.dll
284404	33932	0x7ffc3ce10fd4	ntdll.dll	0xa0fd4	C:\WINDOWS\SYSTEM32\ntdll.dll
284423	29568	0x7ffc3ce10fd4	ntdll.dll	0xa0fd4	C:\WINDOWS\SYSTEM32\ntdll.dll
284445	38884	0x7ffc3ce0e0f4	ntdll.dll	0x9e0f4	C:\WINDOWS\SYSTEM32\ntdll.dll
284466	30684	0x7ffc3ce10fd4	ntdll.dll	0xa0fd4	C:\WINDOWS\SYSTEM32\ntdll.dll
284497	38260	0x7ffc3ce10fd4	ntdll.dll	0xa0fd4	C:\WINDOWS\SYSTEM32\ntdll.dll
284527	29588	0x7ffc3ce10fd4	ntdll.dll	0xa0fd4	C:\WINDOWS\SYSTEM32\ntdll.dll
284555	38232	0x7ffc3ce10fd4	ntdll.dll	0xa0fd4	C:\WINDOWS\SYSTEM32\ntdll.dll
284590	38812	0x7ffc3ce0d6c4	ntdll.dll	0x9d6c4	C:\WINDOWS\SYSTEM32\ntdll.dll
284622	35540	0x7ffc3ce0d6c4	ntdll.dll	0x9d6c4	C:\WINDOWS\SYSTEM32\ntdll.dll
284650	31888	0x7ffc3ce10fd4	ntdll.dll	0xa0fd4	C:\WINDOWS\SYSTEM32\ntdll.dll
284678	12908	0x7ffc3ce10fd4	ntdll.dll	0xa0fd4	C:\WINDOWS\SYSTEM32\ntdll.dll
284703	34508	0x7ffc3ce10fd4	ntdll.dll	0xa0fd4	C:\WINDOWS\SYSTEM32\ntdll.dll
284728	34276	0x7ffc3ce10fd4	ntdll.dll	0xa0fd4	C:\WINDOWS\SYSTEM32\ntdll.dll
284751	37940	0x7ffc3ce10fd4	ntdll.dll	0xa0fd4	C:\WINDOWS\SYSTEM32\ntdll.dll
284775	29192	0x7ffc3ce10fd4	ntdll.dll	0xa0fd4	C:\WINDOWS\SYSTEM32\ntdll.dll
284797	37736	0x7ffc3ce10fd4	ntdll.dll	0xa0fd4	C:\WINDOWS\SYSTEM32\ntdll.dll
284815	33220	0x7ffc3ce10fd4	ntdll.dll	0xa0fd4	C:\WINDOWS\SYSTEM32\ntdll.dll
284834	12692	0x7ffc3ce10fd4	ntdll.dll	0xa0fd4	C:\WINDOWS\SYSTEM32\ntdll.dll
284851	33984	0x7ffc3ce10fd4	ntdll.dll	0xa0fd4	C:\WINDOWS\SYSTEM32\ntdll.dll
284874	38224	0x7ffc3ce10fd4	ntdll.dll	0xa0fd4	C:\WINDOWS\SYSTEM32\ntdll.dll
284890	28292	0x7ffc3ce10fd4	ntdll.dll	0xa0fd4	C:\WINDOWS\SYSTEM32\ntdll.dll
284911	35252	0x7ffc3ce10fd4	ntdll.dll	0xa0fd4	C:\WINDOWS\SYSTEM32\ntdll.dll
284936	38044	0x7ffc3ce10fd4	ntdll.dll	0xa0fd4	C:\WINDOWS\SYSTEM32\ntdll.dll
284957	38340	0x7ffc3ce10fd4	ntdll.dll	0xa0fd4	C:\WINDOWS\SYSTEM32\ntdll.dll
284986	13736	0x7ffc3ce10fd4	ntdll.dll	0xa0fd4	C:\WINDOWS\SYSTEM32\ntdll.dll
285008	38192	0x7ffc3ce10fd4	ntdll.dll	0xa0fd4	C:\WINDOWS\SYSTEM32\ntdll.dll
285027	36272	0x7ffc3ce10fd4	ntdll.dll	0xa0fd4	C:\WINDOWS\SYSTEM32\ntdll.dll
285044	25612	0x7ffc3ce0d6c4	ntdll.dll	0x9d6c4	C:\WINDOWS\SYSTEM32\ntdll.dll
285064	38384	0x7ffc3ce11034	ntdll.dll	0xa1034	C:\WINDOWS\SYSTEM32\ntdll.dll
285083	33108	0x7ffc3ce0d6c4	ntdll.dll	0x9d6c4	C:\WINDOWS\SYSTEM32\ntdll.dll
285103	34820	0x7ffc3ce11034	ntdll.dll	0xa1034	C:\WINDOWS\SYSTEM32\ntdll.dll
285124	36648	0x7ffc3ce0d624	ntdll.dll	0x9d624	C:\WINDOWS\SYSTEM32\ntdll.dll
285149	38412	0x7ffc3a941104	win32u.dll	0x1104	C:\WINDOWS\System32\win32u.dll
285176	26804	0x7ffc3ce11034	ntdll.dll	0xa1034	C:\WINDOWS\SYSTEM32\ntdll.dll
285203	34564	0x7ffc3ce10fd4	ntdll.dll	0xa0fd4	C:\WINDOWS\SYSTEM32\ntdll.dll
285228	26280	0x7ffc3ce10fd4	ntdll.dll	0xa0fd4	C:\WINDOWS\SYSTEM32\ntdll.dll
285257	37740	0x7ffc3ce0d6c4	ntdll.dll	0x9d6c4	C:\WINDOWS\SYSTEM32\ntdll.dll
285280	37892	0x7ffc3ce0d624	ntdll.dll	0x9d624	C:\WINDOWS\SYSTEM32\ntdll.dll
285317	38840	0x7ffc3ce0e0f4	ntdll.dll	0x9e0f4	C:\WINDOWS\SYSTEM32\ntdll.dll
285334	36632	0x7ffc3ce10fd4	ntdll.dll	0xa0fd4	C:\WINDOWS\SYSTEM32\ntdll.dll
285359	23456	0x7ffc3ce10fd4	ntdll.dll	0xa0fd4	C:\WINDOWS\SYSTEM32\ntdll.dll
285386	29500	0x7ffc3ce10fd4	ntdll.dll	0xa0fd4	C:\WINDOWS\SYSTEM32\ntdll.dll
285411	2556	0x7ffc3ce10fd4	ntdll.dll	0xa0fd4	C:\WINDOWS\SYSTEM32\ntdll.dll
285430	16324	0x7ffc3ce10fd4	ntdll.dll	0xa0fd4	C:\WINDOWS\SYSTEM32\ntdll.dll
285457	26548	0x7ffc3ce10fd4	ntdll.dll	0xa0fd4	C:\WINDOWS\SYSTEM32\ntdll.dll
285480	38388	0x7ffc3ce10fd4	ntdll.dll	0xa0fd4	C:\WINDOWS\SYSTEM32\ntdll.dll
285498	13588	0x7ffc3ce10fd4	ntdll.dll	0xa0fd4	C:\WINDOWS\SYSTEM32\ntdll.dll
285514	13776	0x7ffc3ce10fd4	ntdll.dll	0xa0fd4	C:\WINDOWS\SYSTEM32\ntdll.dll
285530	27000	0x7ffc3ce10fd4	ntdll.dll	0xa0fd4	C:\WINDOWS\SYSTEM32\ntdll.dll
285548	35508	0x7ffc3ce10fd4	ntdll.dll	0xa0fd4	C:\WINDOWS\SYSTEM32\ntdll.dll
285568	34444	0x7ffc3ce10fd4	ntdll.dll	0xa0fd4	C:\WINDOWS\SYSTEM32\ntdll.dll
285588	28732	0x7ffc3ce10fd4	ntdll.dll	0xa0fd4	C:\WINDOWS\SYSTEM32\ntdll.dll
285628	26616	0x7ffc3ce10fd4	ntdll.dll	0xa0fd4	C:\WINDOWS\SYSTEM32\ntdll.dll
285653	37132	0x7ffc3ce10fd4	ntdll.dll	0xa0fd4	C:\WINDOWS\SYSTEM32\ntdll.dll
285686	20024	0x7ffc3ce10fd4	ntdll.dll	0xa0fd4	C:\WINDOWS\SYSTEM32\ntdll.dll
285717	37760	0x7ffc3ce10fd4	ntdll.dll	0xa0fd4	C:\WINDOWS\SYSTEM32\ntdll.dll
285743	31852	0x7ffc3ce10fd4	ntdll.dll	0xa0fd4	C:\WINDOWS\SYSTEM32\ntdll.dll
285768	37624	0x7ffc3ce10fd4	ntdll.dll	0xa0fd4	C:\WINDOWS\SYSTEM32\ntdll.dll
285794	38048	0x7ffc3ce10fd4	ntdll.dll	0xa0fd4	C:\WINDOWS\SYSTEM32\ntdll.dll
285819	30536	0x7ffc3ce10fd4	ntdll.dll	0xa0fd4	C:\WINDOWS\SYSTEM32\ntdll.dll
285846	8688	0x7ffc3ce0d6c4	ntdll.dll	0x9d6c4	C:\WINDOWS\SYSTEM32\ntdll.dll
285873	764	0x7ffc3ce0d624	ntdll.dll	0x9d624	C:\WINDOWS\SYSTEM32\ntdll.dll
285899	29356	0x7ffc3ce0d624	ntdll.dll	0x9d624	C:\WINDOWS\SYSTEM32\ntdll.dll
285931	32352	0x7ffc3ce0e0f4	ntdll.dll	0x9e0f4	C:\WINDOWS\SYSTEM32\ntdll.dll
285959	38936	0x7ffc3ce0d624	ntdll.dll	0x9d624	C:\WINDOWS\SYSTEM32\ntdll.dll
285983	38944	0x7ffc3ce0d624	ntdll.dll	0x9d624	C:\WINDOWS\SYSTEM32\ntdll.dll
286011	38952	0x7ffc3ce0d624	ntdll.dll	0x9d624	C:\WINDOWS\SYSTEM32\ntdll.dll
286037	38960	0x7ffc3ce0d624	ntdll.dll	0x9d624	C:\WINDOWS\SYSTEM32\ntdll.dll
286067	38968	0x7ffc3ce0d624	ntdll.dll	0x9d624	C:\WINDOWS\SYSTEM32\ntdll.dll
286093	38976	0x7ffc3ce0d624	ntdll.dll	0x9d624	C:\WINDOWS\SYSTEM32\ntdll.dll
286121	38984	0x7ffc3ce0d624	ntdll.dll	0x9d624	C:\WINDOWS\SYSTEM32\ntdll.dll
286148	38992	0x7ffc3ce0d624	ntdll.dll	0x9d624	C:\WINDOWS\SYSTEM32\ntdll.dll
286169	39000	0x7ffc3ce0d624	ntdll.dll	0x9d624	C:\WINDOWS\SYSTEM32\ntdll.dll
286194	39008	0x7ffc3ce0d624	ntdll.dll	0x9d624	C:\WINDOWS\SYSTEM32\ntdll.dll
286218	39028	0x7ffc3ce0e0f4	ntdll.dll	0x9e0f4	C:\WINDOWS\SYSTEM32\ntdll.dll
286242	39212	0x7ffc3ce10fd4	ntdll.dll	0xa0fd4	C:\WINDOWS\SYSTEM32\ntdll.dll
286264	39240	0x7ffc3ce0d624	ntdll.dll	0x9d624	C:\WINDOWS\SYSTEM32\ntdll.dll
286285	39244	0x7ffc3ce0d6c4	ntdll.dll	0x9d6c4	C:\WINDOWS\SYSTEM32\ntdll.dll
286306	39248	0x7ffc3ce0d6c4	ntdll.dll	0x9d6c4	C:\WINDOWS\SYSTEM32\ntdll.dll
286332	39252	0x7ffc3ce10fd4	ntdll.dll	0xa0fd4	C:\WINDOWS\SYSTEM32\ntdll.dll
286362	39256	0x7ffc3ce0d624	ntdll.dll	0x9d624	C:\WINDOWS\SYSTEM32\ntdll.dll
286386	39260	0x7ffc3ce0d624	ntdll.dll	0x9d624	C:\WINDOWS\SYSTEM32\ntdll.dll
286410	39268	0x7ffc3a941104	win32u.dll	0x1104	C:\WINDOWS\System32\win32u.dll
286433	39300	0x7ffc3a941104	win32u.dll	0x1104	C:\WINDOWS\System32\win32u.dll
286458	39384	0x7ffc3ce0d624	ntdll.dll	0x9d624	C:\WINDOWS\SYSTEM32\ntdll.dll
286481	39388	0x7ffc3a941104	win32u.dll	0x1104	C:\WINDOWS\System32\win32u.dll
286501	41552	0x7ffc3ce0d6c4	ntdll.dll	0x9d6c4	C:\WINDOWS\SYSTEM32\ntdll.dll
286524	41568	0x7ffc3ce0d624	ntdll.dll	0x9d624	C:\WINDOWS\SYSTEM32\ntdll.dll
286548	41572	0x7ffc3ce0e0f4	ntdll.dll	0x9e0f4	C:\WINDOWS\SYSTEM32\ntdll.dll
286570	41592	0x7ffc3ce0d624	ntdll.dll	0x9d624	C:\WINDOWS\SYSTEM32\ntdll.dll
286596	41596	0x7ffc3ce0d624	ntdll.dll	0x9d624	C:\WINDOWS\SYSTEM32\ntdll.dll
286617	41600	0x7ffc3ce0d624	ntdll.dll	0x9d624	C:\WINDOWS\SYSTEM32\ntdll.dll
286656	41604	0x7ffc3ce0d624	ntdll.dll	0x9d624	C:\WINDOWS\SYSTEM32\ntdll.dll
286678	41608	0x7ffc3ce0d624	ntdll.dll	0x9d624	C:\WINDOWS\SYSTEM32\ntdll.dll
286697	41612	0x7ffc3ce0d624	ntdll.dll	0x9d624	C:\WINDOWS\SYSTEM32\ntdll.dll
286720	41616	0x7ffc3ce0d624	ntdll.dll	0x9d624	C:\WINDOWS\SYSTEM32\ntdll.dll
286742	41620	0x7ffc3ce0d624	ntdll.dll	0x9d624	C:\WINDOWS\SYSTEM32\ntdll.dll
286761	41624	0x7ffc3ce0d624	ntdll.dll	0x9d624	C:\WINDOWS\SYSTEM32\ntdll.dll
286784	41628	0x7ffc3ce0d624	ntdll.dll	0x9d624	C:\WINDOWS\SYSTEM32\ntdll.dll
286805	41632	0x7ffc3ce0d624	ntdll.dll	0x9d624	C:\WINDOWS\SYSTEM32\ntdll.dll
286822	41636	0x7ffc3ce0e0f4	ntdll.dll	0x9e0f4	C:\WINDOWS\SYSTEM32\ntdll.dll
286837	41656	0x7ffc3ce0d624	ntdll.dll	0x9d624	C:\WINDOWS\SYSTEM32\ntdll.dll
286856	41660	0x7ffc3ce0d624	ntdll.dll	0x9d624	C:\WINDOWS\SYSTEM32\ntdll.dll
286879	41664	0x7ffc3ce0d624	ntdll.dll	0x9d624	C:\WINDOWS\SYSTEM32\ntdll.dll
286899	41668	0x7ffc3ce0d624	ntdll.dll	0x9d624	C:\WINDOWS\SYSTEM32\ntdll.dll
286922	41672	0x7ffc3ce0d624	ntdll.dll	0x9d624	C:\WINDOWS\SYSTEM32\ntdll.dll
286941	41676	0x7ffc3ce0d624	ntdll.dll	0x9d624	C:\WINDOWS\SYSTEM32\ntdll.dll
286959	41680	0x7ffc3ce0d624	ntdll.dll	0x9d624	C:\WINDOWS\SYSTEM32\ntdll.dll
286978	41684	0x7ffc3ce0d624	ntdll.dll	0x9d624	C:\WINDOWS\SYSTEM32\ntdll.dll
286996	41688	0x7ffc3ce0d624	ntdll.dll	0x9d624	C:\WINDOWS\SYSTEM32\ntdll.dll
287018	41692	0x7ffc3ce0d624	ntdll.dll	0x9d624	C:\WINDOWS\SYSTEM32\ntdll.dll
287035	35588	0x7ffc3ce11034	ntdll.dll	0xa1034	C:\WINDOWS\SYSTEM32\ntdll.dll
287054	42844	0x7ffc3ce11034	ntdll.dll	0xa1034	C:\WINDOWS\SYSTEM32\ntdll.dll
287075	42732	0x7ffc3ce11034	ntdll.dll	0xa1034	C:\WINDOWS\SYSTEM32\ntdll.dll
287093	39580	0x7ffc3ce11034	ntdll.dll	0xa1034	C:\WINDOWS\SYSTEM32\ntdll.dll
287112	39096	0x7ffc3ce11034	ntdll.dll	0xa1034	C:\WINDOWS\SYSTEM32\ntdll.dll
287128	37584	0x7ffc3ce11034	ntdll.dll	0xa1034	C:\WINDOWS\SYSTEM32\ntdll.dll
287145	42840	0x7ffc3ce11034	ntdll.dll	0xa1034	C:\WINDOWS\SYSTEM32\ntdll.dll
287164	44704	0x7ffc3ce11034	ntdll.dll	0xa1034	C:\WINDOWS\SYSTEM32\ntdll.dll
287182	44340	0x7ffc3ce11034	ntdll.dll	0xa1034	C:\WINDOWS\SYSTEM32\ntdll.dll
287200	44344	0x7ffc3ce103d4	ntdll.dll	0xa03d4	C:\WINDOWS\SYSTEM32\ntdll.dll
287219	35604	0x7ffc3ce10fd4	ntdll.dll	0xa0fd4	C:\WINDOWS\SYSTEM32\ntdll.dll
287235	37320	0x7ffc3ce11034	ntdll.dll	0xa1034	C:\WINDOWS\SYSTEM32\ntdll.dll
287251	16556	0x7ffc3ce0d624	ntdll.dll	0x9d624	C:\WINDOWS\SYSTEM32\ntdll.dll
287269	43856	0x7ffc3ce0d624	ntdll.dll	0x9d624	C:\WINDOWS\SYSTEM32\ntdll.dll
287292	29616	0x7ffc3ce0d624	ntdll.dll	0x9d624	C:\WINDOWS\SYSTEM32\ntdll.dll
287313	41900	0x7ffc3ce0d624	ntdll.dll	0x9d624	C:\WINDOWS\SYSTEM32\ntdll.dll
287331	43092	0x7ffc3ce0d624	ntdll.dll	0x9d624	C:\WINDOWS\SYSTEM32\ntdll.dll
287350	24564	0x7ffc3ce0d624	ntdll.dll	0x9d624	C:\WINDOWS\SYSTEM32\ntdll.dll
287372	22584	0x7ffc3ce0d624	ntdll.dll	0x9d624	C:\WINDOWS\SYSTEM32\ntdll.dll
287389	42540	0x7ffc3ce0d624	ntdll.dll	0x9d624	C:\WINDOWS\SYSTEM32\ntdll.dll
287405	40624	0x7ffc3ce0d624	ntdll.dll	0x9d624	C:\WINDOWS\SYSTEM32\ntdll.dll
287423	36832	0x7ffc3ce0d624	ntdll.dll	0x9d624	C:\WINDOWS\SYSTEM32\ntdll.dll
287446	38308	0x7ffc3ce0d624	ntdll.dll	0x9d624	C:\WINDOWS\SYSTEM32\ntdll.dll
287465	40196	0x7ffc3ce0d624	ntdll.dll	0x9d624	C:\WINDOWS\SYSTEM32\ntdll.dll
287486	38360	0x7ffc3ce0e0f4	ntdll.dll	0x9e0f4	C:\WINDOWS\SYSTEM32\ntdll.dll
287505	35856	0x7ffc3ce10fd4	ntdll.dll	0xa0fd4	C:\WINDOWS\SYSTEM32\ntdll.dll
287527	37256	0x7ffc3ce10fd4	ntdll.dll	0xa0fd4	C:\WINDOWS\SYSTEM32\ntdll.dll
287546	26580	0x7ffc3ce10fd4	ntdll.dll	0xa0fd4	C:\WINDOWS\SYSTEM32\ntdll.dll
287565	35592	0x7ffc3ce10fd4	ntdll.dll	0xa0fd4	C:\WINDOWS\SYSTEM32\ntdll.dll
287590	38096	0x7ffc3ce10fd4	ntdll.dll	0xa0fd4	C:\WINDOWS\SYSTEM32\ntdll.dll
287613	44212	0x7ffc3ce11034	ntdll.dll	0xa1034	C:\WINDOWS\SYSTEM32\ntdll.dll
287637	43196	0x7ffc3ce11034	ntdll.dll	0xa1034	C:\WINDOWS\SYSTEM32\ntdll.dll
287658	44284	0x7ffc3ce11034	ntdll.dll	0xa1034	C:\WINDOWS\SYSTEM32\ntdll.dll
287675	34660	0x7ffc3ce0d624	ntdll.dll	0x9d624	C:\WINDOWS\SYSTEM32\ntdll.dll
287691	10056	0x7ffc3ce11034	ntdll.dll	0xa1034	C:\WINDOWS\SYSTEM32\ntdll.dll
287773	39016	0x7ffc3ce11034	ntdll.dll	0xa1034	C:\WINDOWS\SYSTEM32\ntdll.dll
287792	43220	0x7ffc3ce11034	ntdll.dll	0xa1034	C:\WINDOWS\SYSTEM32\ntdll.dll
287815	39192	0x7ffc3ce11034	ntdll.dll	0xa1034	C:\WINDOWS\SYSTEM32\ntdll.dll
287837	39288	0x7ffc3ce11034	ntdll.dll	0xa1034	C:\WINDOWS\SYSTEM32\ntdll.dll
287856	40468	0x7ffc3ce11034	ntdll.dll	0xa1034	C:\WINDOWS\SYSTEM32\ntdll.dll
287878	13408	0x7ffc3ce0d624	ntdll.dll	0x9d624	C:\WINDOWS\SYSTEM32\ntdll.dll
287896	44852	0x7ffc3ce0e0f4	ntdll.dll	0x9e0f4	C:\WINDOWS\SYSTEM32\ntdll.dll
287917	39064	0x7ffc3ce0e0f4	ntdll.dll	0x9e0f4	C:\WINDOWS\SYSTEM32\ntdll.dll
287941	43724	0x7ffc3ce0d624	ntdll.dll	0x9d624	C:\WINDOWS\SYSTEM32\ntdll.dll
287968	35764	0x7ffc3ce0d624	ntdll.dll	0x9d624	C:\WINDOWS\SYSTEM32\ntdll.dll
288006	38084	0x7ffc3ce0d624	ntdll.dll	0x9d624	C:\WINDOWS\SYSTEM32\ntdll.dll
288042	29408	0x7ffc3ce0d624	ntdll.dll	0x9d624	C:\WINDOWS\SYSTEM32\ntdll.dll
288078	34948	0x7ffc3ce11034	ntdll.dll	0xa1034	C:\WINDOWS\SYSTEM32\ntdll.dll
288108	34956	0x7ffc3ce0d624	ntdll.dll	0x9d624	C:\WINDOWS\SYSTEM32\ntdll.dll
288136	38272	0x7ffc3ce0d624	ntdll.dll	0x9d624	C:\WINDOWS\SYSTEM32\ntdll.dll
288163	38148	0x7ffc3ce0d624	ntdll.dll	0x9d624	C:\WINDOWS\SYSTEM32\ntdll.dll
288203	44984	0x7ffc3ce0d624	ntdll.dll	0x9d624	C:\WINDOWS\SYSTEM32\ntdll.dll
288232	39808	0x7ffc3ce0d624	ntdll.dll	0x9d624	C:\WINDOWS\SYSTEM32\ntdll.dll
288272	27740	0x7ffc3ce0d624	ntdll.dll	0x9d624	C:\WINDOWS\SYSTEM32\ntdll.dll
288316	42600	0x7ffc3ce0d624	ntdll.dll	0x9d624	C:\WINDOWS\SYSTEM32\ntdll.dll
288349	28352	0x7ffc3ce0d624	ntdll.dll	0x9d624	C:\WINDOWS\SYSTEM32\ntdll.dll
288372	38248	0x7ffc3ce0d624	ntdll.dll	0x9d624	C:\WINDOWS\SYSTEM32\ntdll.dll
288389	45028	0x7ffc3ce0d624	ntdll.dll	0x9d624	C:\WINDOWS\SYSTEM32\ntdll.dll
288408	42588	0x7ffc3ce0e0f4	ntdll.dll	0x9e0f4	C:\WINDOWS\SYSTEM32\ntdll.dll
288427	35116	0x7ffc3ce11034	ntdll.dll	0xa1034	C:\WINDOWS\SYSTEM32\ntdll.dll
288451	34908	0x7ffc3ce11034	ntdll.dll	0xa1034	C:\WINDOWS\SYSTEM32\ntdll.dll
288469	24164	0x7ffc3ce11034	ntdll.dll	0xa1034	C:\WINDOWS\SYSTEM32\ntdll.dll
288485	30500	0x7ffc3ce11034	ntdll.dll	0xa1034	C:\WINDOWS\SYSTEM32\ntdll.dll
288505	42972	0x7ffc3ce11034	ntdll.dll	0xa1034	C:\WINDOWS\SYSTEM32\ntdll.dll
299005	33248	0x7ffc3a941104	win32u.dll	0x1104	C:\WINDOWS\System32\win32u.dll
299031	10380	0x7ffc3ce10fd4	ntdll.dll	0xa0fd4	C:\WINDOWS\SYSTEM32\ntdll.dll
299048	37804	0x7ffc3ce10fd4	ntdll.dll	0xa0fd4	C:\WINDOWS\SYSTEM32\ntdll.dll
299063	31968	0x7ffc3ce10fd4	ntdll.dll	0xa0fd4	C:\WINDOWS\SYSTEM32\ntdll.dll
299082	700	0x7ffc3ce0e0f4	ntdll.dll	0x9e0f4	C:\WINDOWS\SYSTEM32\ntdll.dll
299100	33888	0x7ffc3ce0d6c4	ntdll.dll	0x9d6c4	C:\WINDOWS\SYSTEM32\ntdll.dll
299116	34776	0x7ffc3ce0d6c4	ntdll.dll	0x9d6c4	C:\WINDOWS\SYSTEM32\ntdll.dll
299131	34496	0x7ffc3ce10fd4	ntdll.dll	0xa0fd4	C:\WINDOWS\SYSTEM32\ntdll.dll
299147	37644	0x7ffc3ce10fd4	ntdll.dll	0xa0fd4	C:\WINDOWS\SYSTEM32\ntdll.dll
299163	37640	0x7ffc3ce10fd4	ntdll.dll	0xa0fd4	C:\WINDOWS\SYSTEM32\ntdll.dll
299180	36668	0x7ffc3ce11034	ntdll.dll	0xa1034	C:\WINDOWS\SYSTEM32\ntdll.dll
299198	26628	0x7ffc3a94a124	win32u.dll	0xa124	C:\WINDOWS\System32\win32u.dll
299215	35068	0x7ffc3ce10fd4	ntdll.dll	0xa0fd4	C:\WINDOWS\SYSTEM32\ntdll.dll
299233	36428	0x7ffc3ce0e0f4	ntdll.dll	0x9e0f4	C:\WINDOWS\SYSTEM32\ntdll.dll
299248	35996	0x7ffc3ce0e0f4	ntdll.dll	0x9e0f4	C:\WINDOWS\SYSTEM32\ntdll.dll
299264	19780	0x7ffc3ce0e0f4	ntdll.dll	0x9e0f4	C:\WINDOWS\SYSTEM32\ntdll.dll
299280	22404	0x7ffc3ce0d6c4	ntdll.dll	0x9d6c4	C:\WINDOWS\SYSTEM32\ntdll.dll
299296	34704	0x7ffc3ce0d6c4	ntdll.dll	0x9d6c4	C:\WINDOWS\SYSTEM32\ntdll.dll
299314	28184	0x7ffc3ce0d624	ntdll.dll	0x9d624	C:\WINDOWS\SYSTEM32\ntdll.dll
299329	38852	0x7ffc3ce11034	ntdll.dll	0xa1034	C:\WINDOWS\SYSTEM32\ntdll.dll
299346	19796	0x7ffc3ce0d624	ntdll.dll	0x9d624	C:\WINDOWS\SYSTEM32\ntdll.dll
299364	28764	0x7ffc3ce0d624	ntdll.dll	0x9d624	C:\WINDOWS\SYSTEM32\ntdll.dll
299380	38056	0x7ffc3ce0d624	ntdll.dll	0x9d624	C:\WINDOWS\SYSTEM32\ntdll.dll
299395	33572	0x7ffc3ce0d6c4	ntdll.dll	0x9d6c4	C:\WINDOWS\SYSTEM32\ntdll.dll
299411	36376	0x7ffc3ce0e0f4	ntdll.dll	0x9e0f4	C:\WINDOWS\SYSTEM32\ntdll.dll
299451	13352	0x7ffc3a94a124	win32u.dll	0xa124	C:\WINDOWS\System32\win32u.dll
299470	37056	0x7ffc3ce0e0f4	ntdll.dll	0x9e0f4	C:\WINDOWS\SYSTEM32\ntdll.dll
299493	31464	0x7ffc3ce0d624	ntdll.dll	0x9d624	C:\WINDOWS\SYSTEM32\ntdll.dll
299523	36532	0x7ffc3ce0d6c4	ntdll.dll	0x9d6c4	C:\WINDOWS\SYSTEM32\ntdll.dll
299547	12684	0x7ffc3ce10fd4	ntdll.dll	0xa0fd4	C:\WINDOWS\SYSTEM32\ntdll.dll
299568	32208	0x7ffc3ce10fd4	ntdll.dll	0xa0fd4	C:\WINDOWS\SYSTEM32\ntdll.dll
299585	38716	0x7ffc3ce0d624	ntdll.dll	0x9d624	C:\WINDOWS\SYSTEM32\ntdll.dll
299603	35200	0x7ffc3ce0e0f4	ntdll.dll	0x9e0f4	C:\WINDOWS\SYSTEM32\ntdll.dll
299619	15148	0x7ffc3ce0d624	ntdll.dll	0x9d624	C:\WINDOWS\SYSTEM32\ntdll.dll
299636	13956	0x7ffc3ce0d624	ntdll.dll	0x9d624	C:\WINDOWS\SYSTEM32\ntdll.dll
299654	29528	0x7ffc3ce0d624	ntdll.dll	0x9d624	C:\WINDOWS\SYSTEM32\ntdll.dll
299672	17028	0x7ffc3ce0d624	ntdll.dll	0x9d624	C:\WINDOWS\SYSTEM32\ntdll.dll
299690	27652	0x7ffc3ce0d624	ntdll.dll	0x9d624	C:\WINDOWS\SYSTEM32\ntdll.dll
299706	34320	0x7ffc3ce0d624	ntdll.dll	0x9d624	C:\WINDOWS\SYSTEM32\ntdll.dll
299722	33620	0x7ffc3ce0d624	ntdll.dll	0x9d624	C:\WINDOWS\SYSTEM32\ntdll.dll
299738	36712	0x7ffc3ce0d624	ntdll.dll	0x9d624	C:\WINDOWS\SYSTEM32\ntdll.dll
299757	18760	0x7ffc3ce0d624	ntdll.dll	0x9d624	C:\WINDOWS\SYSTEM32\ntdll.dll
299773	37364	0x7ffc3ce0d624	ntdll.dll	0x9d624	C:\WINDOWS\SYSTEM32\ntdll.dll
299789	28596	0x7ffc3ce0d624	ntdll.dll	0x9d624	C:\WINDOWS\SYSTEM32\ntdll.dll
299805	33908	0x7ffc3ce0d624	ntdll.dll	0x9d624	C:\WINDOWS\SYSTEM32\ntdll.dll
299823	14192	0x7ffc3ce0d624	ntdll.dll	0x9d624	C:\WINDOWS\SYSTEM32\ntdll.dll
299839	29548	0x7ffc3ce0e0f4	ntdll.dll	0x9e0f4	C:\WINDOWS\SYSTEM32\ntdll.dll
299855	6688	0x7ffc3ce0d624	ntdll.dll	0x9d624	C:\WINDOWS\SYSTEM32\ntdll.dll
299872	14692	0x7ffc3ce10fd4	ntdll.dll	0xa0fd4	C:\WINDOWS\SYSTEM32\ntdll.dll
299890	34840	0x7ffc3ce10fd4	ntdll.dll	0xa0fd4	C:\WINDOWS\SYSTEM32\ntdll.dll
299906	28620	0x7ffc3ce0e0f4	ntdll.dll	0x9e0f4	C:\WINDOWS\SYSTEM32\ntdll.dll
299922	37852	0x7ffc3ce0d6c4	ntdll.dll	0x9d6c4	C:\WINDOWS\SYSTEM32\ntdll.dll
299939	37380	0x7ffc3ce0e0f4	ntdll.dll	0x9e0f4	C:\WINDOWS\SYSTEM32\ntdll.dll
299956	38848	0x7ffc3ce0d6c4	ntdll.dll	0x9d6c4	C:\WINDOWS\SYSTEM32\ntdll.dll
299973	33300	0x7ffc3ce0e0f4	ntdll.dll	0x9e0f4	C:\WINDOWS\SYSTEM32\ntdll.dll
299988	33304	0x7ffc3ce0d6c4	ntdll.dll	0x9d6c4	C:\WINDOWS\SYSTEM32\ntdll.dll
300004	11196	0x7ffc3ce0d624	ntdll.dll	0x9d624	C:\WINDOWS\SYSTEM32\ntdll.dll
300020	31576	0x7ffc3ce0d6c4	ntdll.dll	0x9d6c4	C:\WINDOWS\SYSTEM32\ntdll.dll
300038	38736	0x7ffc3a941104	win32u.dll	0x1104	C:\WINDOWS\System32\win32u.dll
300055	38356	0x7ffc3ce0e0f4	ntdll.dll	0x9e0f4	C:\WINDOWS\SYSTEM32\ntdll.dll
300074	38380	0x7ffc3ce0d624	ntdll.dll	0x9d624	C:\WINDOWS\SYSTEM32\ntdll.dll
300093	32704	0x7ffc3ce0d624	ntdll.dll	0x9d624	C:\WINDOWS\SYSTEM32\ntdll.dll
300109	38484	0x7ffc3ce0d624	ntdll.dll	0x9d624	C:\WINDOWS\SYSTEM32\ntdll.dll
300125	38876	0x7ffc3ce10fd4	ntdll.dll	0xa0fd4	C:\WINDOWS\SYSTEM32\ntdll.dll
300140	34896	0x7ffc3ce10fd4	ntdll.dll	0xa0fd4	C:\WINDOWS\SYSTEM32\ntdll.dll
300157	38456	0x7ffc3ce10fd4	ntdll.dll	0xa0fd4	C:\WINDOWS\SYSTEM32\ntdll.dll
300174	38172	0x7ffc3ce0d624	ntdll.dll	0x9d624	C:\WINDOWS\SYSTEM32\ntdll.dll
300190	28272	0x7ffc3ce0d6c4	ntdll.dll	0x9d6c4	C:\WINDOWS\SYSTEM32\ntdll.dll
300206	34772	0x7ffc3ce0d6c4	ntdll.dll	0x9d6c4	C:\WINDOWS\SYSTEM32\ntdll.dll
300223	37384	0x7ffc3ce0d6c4	ntdll.dll	0x9d6c4	C:\WINDOWS\SYSTEM32\ntdll.dll
300239	33920	0x7ffc3ce0d6c4	ntdll.dll	0x9d6c4	C:\WINDOWS\SYSTEM32\ntdll.dll
300257	34548	0x7ffc3ce0e0f4	ntdll.dll	0x9e0f4	C:\WINDOWS\SYSTEM32\ntdll.dll
300275	36796	0x7ffc3ce0d6c4	ntdll.dll	0x9d6c4	C:\WINDOWS\SYSTEM32\ntdll.dll
300292	36628	0x7ffc3ce0d6c4	ntdll.dll	0x9d6c4	C:\WINDOWS\SYSTEM32\ntdll.dll
300309	13652	0x7ffc3ce0d6c4	ntdll.dll	0x9d6c4	C:\WINDOWS\SYSTEM32\ntdll.dll
300326	32520	0x7ffc3ce0d6c4	ntdll.dll	0x9d6c4	C:\WINDOWS\SYSTEM32\ntdll.dll
300343	33744	0x7ffc3ce0d6c4	ntdll.dll	0x9d6c4	C:\WINDOWS\SYSTEM32\ntdll.dll
300366	36636	0x7ffc3ce10fd4	ntdll.dll	0xa0fd4	C:\WINDOWS\SYSTEM32\ntdll.dll
300391	35812	0x7ffc3ce0d624	ntdll.dll	0x9d624	C:\WINDOWS\SYSTEM32\ntdll.dll
300429	36112	0x7ffc3ce10fd4	ntdll.dll	0xa0fd4	C:\WINDOWS\SYSTEM32\ntdll.dll
300447	18020	0x7ffc3ce0e0f4	ntdll.dll	0x9e0f4	C:\WINDOWS\SYSTEM32\ntdll.dll
300469	27584	0x7ffc3ce10fd4	ntdll.dll	0xa0fd4	C:\WINDOWS\SYSTEM32\ntdll.dll
300493	2996	0x7ffc3ce0e0f4	ntdll.dll	0x9e0f4	C:\WINDOWS\SYSTEM32\ntdll.dll
300513	35460	0x7ffc3ce10fd4	ntdll.dll	0xa0fd4	C:\WINDOWS\SYSTEM32\ntdll.dll
300536	38008	0x7ffc3ce0d624	ntdll.dll	0x9d624	C:\WINDOWS\SYSTEM32\ntdll.dll
300560	33284	0x7ffc3ce0e0f4	ntdll.dll	0x9e0f4	C:\WINDOWS\SYSTEM32\ntdll.dll
300586	28676	0x7ffc3ce0d624	ntdll.dll	0x9d624	C:\WINDOWS\SYSTEM32\ntdll.dll
300608	7328	0x7ffc3ce10fd4	ntdll.dll	0xa0fd4	C:\WINDOWS\SYSTEM32\ntdll.dll
300629	37628	0x7ffc3ce10fd4	ntdll.dll	0xa0fd4	C:\WINDOWS\SYSTEM32\ntdll.dll
300651	38748	0x7ffc3ce0d624	ntdll.dll	0x9d624	C:\WINDOWS\SYSTEM32\ntdll.dll
300674	33496	0x7ffc3ce10fd4	ntdll.dll	0xa0fd4	C:\WINDOWS\SYSTEM32\ntdll.dll
300695	27132	0x7ffc3ce0e0f4	ntdll.dll	0x9e0f4	C:\WINDOWS\SYSTEM32\ntdll.dll
300718	31736	0x7ffc3ce10fd4	ntdll.dll	0xa0fd4	C:\WINDOWS\SYSTEM32\ntdll.dll
300741	36960	0x7ffc3ce0e0f4	ntdll.dll	0x9e0f4	C:\WINDOWS\SYSTEM32\ntdll.dll
300758	20576	0x7ffc3ce10fd4	ntdll.dll	0xa0fd4	C:\WINDOWS\SYSTEM32\ntdll.dll
300778	34164	0x7ffc3ce10fd4	ntdll.dll	0xa0fd4	C:\WINDOWS\SYSTEM32\ntdll.dll
300801	38144	0x7ffc3ce10fd4	ntdll.dll	0xa0fd4	C:\WINDOWS\SYSTEM32\ntdll.dll
300823	33932	0x7ffc3ce10fd4	ntdll.dll	0xa0fd4	C:\WINDOWS\SYSTEM32\ntdll.dll
300840	29568	0x7ffc3ce10fd4	ntdll.dll	0xa0fd4	C:\WINDOWS\SYSTEM32\ntdll.dll
300863	38884	0x7ffc3ce0e0f4	ntdll.dll	0x9e0f4	C:\WINDOWS\SYSTEM32\ntdll.dll
300880	30684	0x7ffc3ce10fd4	ntdll.dll	0xa0fd4	C:\WINDOWS\SYSTEM32\ntdll.dll
300896	38260	0x7ffc3ce10fd4	ntdll.dll	0xa0fd4	C:\WINDOWS\SYSTEM32\ntdll.dll
300914	29588	0x7ffc3ce10fd4	ntdll.dll	0xa0fd4	C:\WINDOWS\SYSTEM32\ntdll.dll
300935	38232	0x7ffc3ce10fd4	ntdll.dll	0xa0fd4	C:\WINDOWS\SYSTEM32\ntdll.dll
300953	38812	0x7ffc3ce0d6c4	ntdll.dll	0x9d6c4	C:\WINDOWS\SYSTEM32\ntdll.dll
300975	35540	0x7ffc3ce0d6c4	ntdll.dll	0x9d6c4	C:\WINDOWS\SYSTEM32\ntdll.dll
300996	31888	0x7ffc3ce10fd4	ntdll.dll	0xa0fd4	C:\WINDOWS\SYSTEM32\ntdll.dll
301021	12908	0x7ffc3ce10fd4	ntdll.dll	0xa0fd4	C:\WINDOWS\SYSTEM32\ntdll.dll
301044	34508	0x7ffc3ce10fd4	ntdll.dll	0xa0fd4	C:\WINDOWS\SYSTEM32\ntdll.dll
301065	34276	0x7ffc3ce10fd4	ntdll.dll	0xa0fd4	C:\WINDOWS\SYSTEM32\ntdll.dll
301081	37940	0x7ffc3ce10fd4	ntdll.dll	0xa0fd4	C:\WINDOWS\SYSTEM32\ntdll.dll
301097	29192	0x7ffc3ce10fd4	ntdll.dll	0xa0fd4	C:\WINDOWS\SYSTEM32\ntdll.dll
301116	37736	0x7ffc3ce10fd4	ntdll.dll	0xa0fd4	C:\WINDOWS\SYSTEM32\ntdll.dll
301139	33220	0x7ffc3ce10fd4	ntdll.dll	0xa0fd4	C:\WINDOWS\SYSTEM32\ntdll.dll
301159	12692	0x7ffc3ce10fd4	ntdll.dll	0xa0fd4	C:\WINDOWS\SYSTEM32\ntdll.dll
301177	33984	0x7ffc3ce10fd4	ntdll.dll	0xa0fd4	C:\WINDOWS\SYSTEM32\ntdll.dll
301196	38224	0x7ffc3ce10fd4	ntdll.dll	0xa0fd4	C:\WINDOWS\SYSTEM32\ntdll.dll
301220	28292	0x7ffc3ce10fd4	ntdll.dll	0xa0fd4	C:\WINDOWS\SYSTEM32\ntdll.dll
301242	35252	0x7ffc3ce10fd4	ntdll.dll	0xa0fd4	C:\WINDOWS\SYSTEM32\ntdll.dll
301263	38044	0x7ffc3ce10fd4	ntdll.dll	0xa0fd4	C:\WINDOWS\SYSTEM32\ntdll.dll
301281	38340	0x7ffc3ce10fd4	ntdll.dll	0xa0fd4	C:\WINDOWS\SYSTEM32\ntdll.dll
301303	13736	0x7ffc3ce10fd4	ntdll.dll	0xa0fd4	C:\WINDOWS\SYSTEM32\ntdll.dll
301319	38192	0x7ffc3ce10fd4	ntdll.dll	0xa0fd4	C:\WINDOWS\SYSTEM32\ntdll.dll
301338	36272	0x7ffc3ce10fd4	ntdll.dll	0xa0fd4	C:\WINDOWS\SYSTEM32\ntdll.dll
301357	25612	0x7ffc3ce0d6c4	ntdll.dll	0x9d6c4	C:\WINDOWS\SYSTEM32\ntdll.dll
301375	38384	0x7ffc3ce11034	ntdll.dll	0xa1034	C:\WINDOWS\SYSTEM32\ntdll.dll
301392	33108	0x7ffc3ce0d6c4	ntdll.dll	0x9d6c4	C:\WINDOWS\SYSTEM32\ntdll.dll
301407	34820	0x7ffc3ce11034	ntdll.dll	0xa1034	C:\WINDOWS\SYSTEM32\ntdll.dll
301423	36648	0x7ffc3ce0d624	ntdll.dll	0x9d624	C:\WINDOWS\SYSTEM32\ntdll.dll
301441	38412	0x7ffc3a941104	win32u.dll	0x1104	C:\WINDOWS\System32\win32u.dll
301459	26804	0x7ffc3ce11034	ntdll.dll	0xa1034	C:\WINDOWS\SYSTEM32\ntdll.dll
301479	34564	0x7ffc3ce10fd4	ntdll.dll	0xa0fd4	C:\WINDOWS\SYSTEM32\ntdll.dll
301499	26280	0x7ffc3ce10fd4	ntdll.dll	0xa0fd4	C:\WINDOWS\SYSTEM32\ntdll.dll
301535	37740	0x7ffc3ce0d6c4	ntdll.dll	0x9d6c4	C:\WINDOWS\SYSTEM32\ntdll.dll
301554	37892	0x7ffc3ce0d624	ntdll.dll	0x9d624	C:\WINDOWS\SYSTEM32\ntdll.dll
301572	38840	0x7ffc3ce0e0f4	ntdll.dll	0x9e0f4	C:\WINDOWS\SYSTEM32\ntdll.dll
301593	36632	0x7ffc3ce10fd4	ntdll.dll	0xa0fd4	C:\WINDOWS\SYSTEM32\ntdll.dll
301615	23456	0x7ffc3ce10fd4	ntdll.dll	0xa0fd4	C:\WINDOWS\SYSTEM32\ntdll.dll
301633	29500	0x7ffc3ce10fd4	ntdll.dll	0xa0fd4	C:\WINDOWS\SYSTEM32\ntdll.dll
301655	2556	0x7ffc3ce10fd4	ntdll.dll	0xa0fd4	C:\WINDOWS\SYSTEM32\ntdll.dll
301678	16324	0x7ffc3ce10fd4	ntdll.dll	0xa0fd4	C:\WINDOWS\SYSTEM32\ntdll.dll
301697	26548	0x7ffc3ce10fd4	ntdll.dll	0xa0fd4	C:\WINDOWS\SYSTEM32\ntdll.dll
301716	38388	0x7ffc3ce10fd4	ntdll.dll	0xa0fd4	C:\WINDOWS\SYSTEM32\ntdll.dll
301735	13588	0x7ffc3ce10fd4	ntdll.dll	0xa0fd4	C:\WINDOWS\SYSTEM32\ntdll.dll
301755	13776	0x7ffc3ce10fd4	ntdll.dll	0xa0fd4	C:\WINDOWS\SYSTEM32\ntdll.dll
301774	27000	0x7ffc3ce10fd4	ntdll.dll	0xa0fd4	C:\WINDOWS\SYSTEM32\ntdll.dll
301790	35508	0x7ffc3ce10fd4	ntdll.dll	0xa0fd4	C:\WINDOWS\SYSTEM32\ntdll.dll
301806	34444	0x7ffc3ce10fd4	ntdll.dll	0xa0fd4	C:\WINDOWS\SYSTEM32\ntdll.dll
301824	28732	0x7ffc3ce10fd4	ntdll.dll	0xa0fd4	C:\WINDOWS\SYSTEM32\ntdll.dll
301847	26616	0x7ffc3ce10fd4	ntdll.dll	0xa0fd4	C:\WINDOWS\SYSTEM32\ntdll.dll
301870	37132	0x7ffc3ce10fd4	ntdll.dll	0xa0fd4	C:\WINDOWS\SYSTEM32\ntdll.dll
301894	20024	0x7ffc3ce10fd4	ntdll.dll	0xa0fd4	C:\WINDOWS\SYSTEM32\ntdll.dll
301911	37760	0x7ffc3ce10fd4	ntdll.dll	0xa0fd4	C:\WINDOWS\SYSTEM32\ntdll.dll
301928	31852	0x7ffc3ce10fd4	ntdll.dll	0xa0fd4	C:\WINDOWS\SYSTEM32\ntdll.dll
301949	37624	0x7ffc3ce10fd4	ntdll.dll	0xa0fd4	C:\WINDOWS\SYSTEM32\ntdll.dll
301967	38048	0x7ffc3ce10fd4	ntdll.dll	0xa0fd4	C:\WINDOWS\SYSTEM32\ntdll.dll
301988	30536	0x7ffc3ce10fd4	ntdll.dll	0xa0fd4	C:\WINDOWS\SYSTEM32\ntdll.dll
302006	8688	0x7ffc3ce0d6c4	ntdll.dll	0x9d6c4	C:\WINDOWS\SYSTEM32\ntdll.dll
302028	764	0x7ffc3ce0d624	ntdll.dll	0x9d624	C:\WINDOWS\SYSTEM32\ntdll.dll
302048	29356	0x7ffc3ce0d624	ntdll.dll	0x9d624	C:\WINDOWS\SYSTEM32\ntdll.dll
302073	32352	0x7ffc3ce0e0f4	ntdll.dll	0x9e0f4	C:\WINDOWS\SYSTEM32\ntdll.dll
302093	38936	0x7ffc3ce0d624	ntdll.dll	0x9d624	C:\WINDOWS\SYSTEM32\ntdll.dll
302113	38944	0x7ffc3ce0d624	ntdll.dll	0x9d624	C:\WINDOWS\SYSTEM32\ntdll.dll
302137	38952	0x7ffc3ce0d624	ntdll.dll	0x9d624	C:\WINDOWS\SYSTEM32\ntdll.dll
302158	38960	0x7ffc3ce0d624	ntdll.dll	0x9d624	C:\WINDOWS\SYSTEM32\ntdll.dll
302182	38968	0x7ffc3ce0d624	ntdll.dll	0x9d624	C:\WINDOWS\SYSTEM32\ntdll.dll
302201	38976	0x7ffc3ce0d624	ntdll.dll	0x9d624	C:\WINDOWS\SYSTEM32\ntdll.dll
302220	38984	0x7ffc3ce0d624	ntdll.dll	0x9d624	C:\WINDOWS\SYSTEM32\ntdll.dll
302243	38992	0x7ffc3ce0d624	ntdll.dll	0x9d624	C:\WINDOWS\SYSTEM32\ntdll.dll
302263	39000	0x7ffc3ce0d624	ntdll.dll	0x9d624	C:\WINDOWS\SYSTEM32\ntdll.dll
302280	39008	0x7ffc3ce0d624	ntdll.dll	0x9d624	C:\WINDOWS\SYSTEM32\ntdll.dll
302297	39028	0x7ffc3ce0e0f4	ntdll.dll	0x9e0f4	C:\WINDOWS\SYSTEM32\ntdll.dll
302316	39212	0x7ffc3ce10fd4	ntdll.dll	0xa0fd4	C:\WINDOWS\SYSTEM32\ntdll.dll
302334	39240	0x7ffc3ce0d624	ntdll.dll	0x9d624	C:\WINDOWS\SYSTEM32\ntdll.dll
302350	39244	0x7ffc3ce0d6c4	ntdll.dll	0x9d6c4	C:\WINDOWS\SYSTEM32\ntdll.dll
302366	39248	0x7ffc3ce0d6c4	ntdll.dll	0x9d6c4	C:\WINDOWS\SYSTEM32\ntdll.dll
302387	39252	0x7ffc3ce10fd4	ntdll.dll	0xa0fd4	C:\WINDOWS\SYSTEM32\ntdll.dll
302405	39256	0x7ffc3ce0d624	ntdll.dll	0x9d624	C:\WINDOWS\SYSTEM32\ntdll.dll
302426	39260	0x7ffc3ce0d624	ntdll.dll	0x9d624	C:\WINDOWS\SYSTEM32\ntdll.dll
302450	39268	0x7ffc3a941104	win32u.dll	0x1104	C:\WINDOWS\System32\win32u.dll
302475	39300	0x7ffc3a941104	win32u.dll	0x1104	C:\WINDOWS\System32\win32u.dll
302494	39384	0x7ffc3ce0d624	ntdll.dll	0x9d624	C:\WINDOWS\SYSTEM32\ntdll.dll
302514	39388	0x7ffc3a941104	win32u.dll	0x1104	C:\WINDOWS\System32\win32u.dll
302536	41552	0x7ffc3ce0d6c4	ntdll.dll	0x9d6c4	C:\WINDOWS\SYSTEM32\ntdll.dll
302555	41568	0x7ffc3ce0d624	ntdll.dll	0x9d624	C:\WINDOWS\SYSTEM32\ntdll.dll
302578	41572	0x7ffc3ce0e0f4	ntdll.dll	0x9e0f4	C:\WINDOWS\SYSTEM32\ntdll.dll
302599	41592	0x7ffc3ce0d624	ntdll.dll	0x9d624	C:\WINDOWS\SYSTEM32\ntdll.dll
302634	41596	0x7ffc3ce0d624	ntdll.dll	0x9d624	C:\WINDOWS\SYSTEM32\ntdll.dll
302653	41600	0x7ffc3ce0d624	ntdll.dll	0x9d624	C:\WINDOWS\SYSTEM32\ntdll.dll
302672	41604	0x7ffc3ce0d624	ntdll.dll	0x9d624	C:\WINDOWS\SYSTEM32\ntdll.dll
302692	41608	0x7ffc3ce0d624	ntdll.dll	0x9d624	C:\WINDOWS\SYSTEM32\ntdll.dll
302714	41612	0x7ffc3ce0d624	ntdll.dll	0x9d624	C:\WINDOWS\SYSTEM32\ntdll.dll
302735	41616	0x7ffc3ce0d624	ntdll.dll	0x9d624	C:\WINDOWS\SYSTEM32\ntdll.dll
302758	41620	0x7ffc3ce0d624	ntdll.dll	0x9d624	C:\WINDOWS\SYSTEM32\ntdll.dll
302779	41624	0x7ffc3ce0d624	ntdll.dll	0x9d624	C:\WINDOWS\SYSTEM32\ntdll.dll
302799	41628	0x7ffc3ce0d624	ntdll.dll	0x9d624	C:\WINDOWS\SYSTEM32\ntdll.dll
302819	41632	0x7ffc3ce0d624	ntdll.dll	0x9d624	C:\WINDOWS\SYSTEM32\ntdll.dll
302839	41636	0x7ffc3ce0e0f4	ntdll.dll	0x9e0f4	C:\WINDOWS\SYSTEM32\ntdll.dll
302857	41656	0x7ffc3ce0d624	ntdll.dll	0x9d624	C:\WINDOWS\SYSTEM32\ntdll.dll
302880	41660	0x7ffc3ce0d624	ntdll.dll	0x9d624	C:\WINDOWS\SYSTEM32\ntdll.dll
302904	41664	0x7ffc3ce0d624	ntdll.dll	0x9d624	C:\WINDOWS\SYSTEM32\ntdll.dll
302921	41668	0x7ffc3ce0d624	ntdll.dll	0x9d624	C:\WINDOWS\SYSTEM32\ntdll.dll
302940	41672	0x7ffc3ce0d624	ntdll.dll	0x9d624	C:\WINDOWS\SYSTEM32\ntdll.dll
302961	41676	0x7ffc3ce0d624	ntdll.dll	0x9d624	C:\WINDOWS\SYSTEM32\ntdll.dll
302980	41680	0x7ffc3ce0d624	ntdll.dll	0x9d624	C:\WINDOWS\SYSTEM32\ntdll.dll
302996	41684	0x7ffc3ce0d624	ntdll.dll	0x9d624	C:\WINDOWS\SYSTEM32\ntdll.dll
303014	41688	0x7ffc3ce0d624	ntdll.dll	0x9d624	C:\WINDOWS\SYSTEM32\ntdll.dll
303037	41692	0x7ffc3ce0d624	ntdll.dll	0x9d624	C:\WINDOWS\SYSTEM32\ntdll.dll
303063	35588	0x7ffc3ce11034	ntdll.dll	0xa1034	C:\WINDOWS\SYSTEM32\ntdll.dll
303088	42844	0x7ffc3ce11034	ntdll.dll	0xa1034	C:\WINDOWS\SYSTEM32\ntdll.dll
303109	42732	0x7ffc3ce11034	ntdll.dll	0xa1034	C:\WINDOWS\SYSTEM32\ntdll.dll
303135	39580	0x7ffc3ce11034	ntdll.dll	0xa1034	C:\WINDOWS\SYSTEM32\ntdll.dll
303160	39096	0x7ffc3ce11034	ntdll.dll	0xa1034	C:\WINDOWS\SYSTEM32\ntdll.dll
303185	37584	0x7ffc3ce11034	ntdll.dll	0xa1034	C:\WINDOWS\SYSTEM32\ntdll.dll
303214	42840	0x7ffc3ce11034	ntdll.dll	0xa1034	C:\WINDOWS\SYSTEM32\ntdll.dll
303244	44704	0x7ffc3ce11034	ntdll.dll	0xa1034	C:\WINDOWS\SYSTEM32\ntdll.dll
303269	44340	0x7ffc3ce11034	ntdll.dll	0xa1034	C:\WINDOWS\SYSTEM32\ntdll.dll
303292	44344	0x7ffc3ce103d4	ntdll.dll	0xa03d4	C:\WINDOWS\SYSTEM32\ntdll.dll
303322	35604	0x7ffc3ce10fd4	ntdll.dll	0xa0fd4	C:\WINDOWS\SYSTEM32\ntdll.dll
303349	37320	0x7ffc3ce11034	ntdll.dll	0xa1034	C:\WINDOWS\SYSTEM32\ntdll.dll
303373	16556	0x7ffc3ce0d624	ntdll.dll	0x9d624	C:\WINDOWS\SYSTEM32\ntdll.dll
303397	43856	0x7ffc3ce0d624	ntdll.dll	0x9d624	C:\WINDOWS\SYSTEM32\ntdll.dll
303419	29616	0x7ffc3ce0d624	ntdll.dll	0x9d624	C:\WINDOWS\SYSTEM32\ntdll.dll
303438	41900	0x7ffc3ce0d624	ntdll.dll	0x9d624	C:\WINDOWS\SYSTEM32\ntdll.dll
303457	43092	0x7ffc3ce0d624	ntdll.dll	0x9d624	C:\WINDOWS\SYSTEM32\ntdll.dll
303479	24564	0x7ffc3ce0d624	ntdll.dll	0x9d624	C:\WINDOWS\SYSTEM32\ntdll.dll
303501	22584	0x7ffc3ce0d624	ntdll.dll	0x9d624	C:\WINDOWS\SYSTEM32\ntdll.dll
303520	42540	0x7ffc3ce0d624	ntdll.dll	0x9d624	C:\WINDOWS\SYSTEM32\ntdll.dll
303544	40624	0x7ffc3ce0d624	ntdll.dll	0x9d624	C:\WINDOWS\SYSTEM32\ntdll.dll
303567	36832	0x7ffc3ce0d624	ntdll.dll	0x9d624	C:\WINDOWS\SYSTEM32\ntdll.dll
303590	38308	0x7ffc3ce0d624	ntdll.dll	0x9d624	C:\WINDOWS\SYSTEM32\ntdll.dll
303613	40196	0x7ffc3ce0d624	ntdll.dll	0x9d624	C:\WINDOWS\SYSTEM32\ntdll.dll
303635	38360	0x7ffc3ce0e0f4	ntdll.dll	0x9e0f4	C:\WINDOWS\SYSTEM32\ntdll.dll
303654	35856	0x7ffc3ce10fd4	ntdll.dll	0xa0fd4	C:\WINDOWS\SYSTEM32\ntdll.dll
303676	37256	0x7ffc3ce10fd4	ntdll.dll	0xa0fd4	C:\WINDOWS\SYSTEM32\ntdll.dll
303698	26580	0x7ffc3ce10fd4	ntdll.dll	0xa0fd4	C:\WINDOWS\SYSTEM32\ntdll.dll
303719	35592	0x7ffc3ce10fd4	ntdll.dll	0xa0fd4	C:\WINDOWS\SYSTEM32\ntdll.dll
303737	38096	0x7ffc3ce10fd4	ntdll.dll	0xa0fd4	C:\WINDOWS\SYSTEM32\ntdll.dll
303759	44212	0x7ffc3ce11034	ntdll.dll	0xa1034	C:\WINDOWS\SYSTEM32\ntdll.dll
303779	43196	0x7ffc3ce11034	ntdll.dll	0xa1034	C:\WINDOWS\SYSTEM32\ntdll.dll
303811	44284	0x7ffc3ce11034	ntdll.dll	0xa1034	C:\WINDOWS\SYSTEM32\ntdll.dll
303834	34660	0x7ffc3ce0d624	ntdll.dll	0x9d624	C:\WINDOWS\SYSTEM32\ntdll.dll
303855	10056	0x7ffc3ce11034	ntdll.dll	0xa1034	C:\WINDOWS\SYSTEM32\ntdll.dll
303873	39016	0x7ffc3ce11034	ntdll.dll	0xa1034	C:\WINDOWS\SYSTEM32\ntdll.dll
303893	43220	0x7ffc3ce11034	ntdll.dll	0xa1034	C:\WINDOWS\SYSTEM32\ntdll.dll
303912	39192	0x7ffc3ce11034	ntdll.dll	0xa1034	C:\WINDOWS\SYSTEM32\ntdll.dll
303933	39288	0x7ffc3ce11034	ntdll.dll	0xa1034	C:\WINDOWS\SYSTEM32\ntdll.dll
303952	40468	0x7ffc3ce11034	ntdll.dll	0xa1034	C:\WINDOWS\SYSTEM32\ntdll.dll
303972	13408	0x7ffc3ce0d624	ntdll.dll	0x9d624	C:\WINDOWS\SYSTEM32\ntdll.dll
303991	44852	0x7ffc3ce0e0f4	ntdll.dll	0x9e0f4	C:\WINDOWS\SYSTEM32\ntdll.dll
304011	39064	0x7ffc3ce0e0f4	ntdll.dll	0x9e0f4	C:\WINDOWS\SYSTEM32\ntdll.dll
304033	43724	0x7ffc3ce0d624	ntdll.dll	0x9d624	C:\WINDOWS\SYSTEM32\ntdll.dll
304055	35764	0x7ffc3ce0d624	ntdll.dll	0x9d624	C:\WINDOWS\SYSTEM32\ntdll.dll
304071	38084	0x7ffc3ce0d624	ntdll.dll	0x9d624	C:\WINDOWS\SYSTEM32\ntdll.dll
304088	29408	0x7ffc3ce0d624	ntdll.dll	0x9d624	C:\WINDOWS\SYSTEM32\ntdll.dll
304107	34948	0x7ffc3ce11034	ntdll.dll	0xa1034	C:\WINDOWS\SYSTEM32\ntdll.dll
304125	34956	0x7ffc3ce0d624	ntdll.dll	0x9d624	C:\WINDOWS\SYSTEM32\ntdll.dll
304142	38272	0x7ffc3ce0d624	ntdll.dll	0x9d624	C:\WINDOWS\SYSTEM32\ntdll.dll
304159	38148	0x7ffc3ce0d624	ntdll.dll	0x9d624	C:\WINDOWS\SYSTEM32\ntdll.dll
304175	44984	0x7ffc3ce0d624	ntdll.dll	0x9d624	C:\WINDOWS\SYSTEM32\ntdll.dll
304190	39808	0x7ffc3ce0d624	ntdll.dll	0x9d624	C:\WINDOWS\SYSTEM32\ntdll.dll
304207	27740	0x7ffc3ce0d624	ntdll.dll	0x9d624	C:\WINDOWS\SYSTEM32\ntdll.dll
304226	42600	0x7ffc3ce0d624	ntdll.dll	0x9d624	C:\WINDOWS\SYSTEM32\ntdll.dll
304244	28352	0x7ffc3ce0d624	ntdll.dll	0x9d624	C:\WINDOWS\SYSTEM32\ntdll.dll
304261	38248	0x7ffc3ce0d624	ntdll.dll	0x9d624	C:\WINDOWS\SYSTEM32\ntdll.dll
304276	45028	0x7ffc3ce0d624	ntdll.dll	0x9d624	C:\WINDOWS\SYSTEM32\ntdll.dll
304294	42588	0x7ffc3ce0e0f4	ntdll.dll	0x9e0f4	C:\WINDOWS\SYSTEM32\ntdll.dll
304313	35116	0x7ffc3ce11034	ntdll.dll	0xa1034	C:\WINDOWS\SYSTEM32\ntdll.dll
304331	34908	0x7ffc3ce11034	ntdll.dll	0xa1034	C:\WINDOWS\SYSTEM32\ntdll.dll
304350	24164	0x7ffc3ce11034	ntdll.dll	0xa1034	C:\WINDOWS\SYSTEM32\ntdll.dll
304372	30500	0x7ffc3ce11034	ntdll.dll	0xa1034	C:\WINDOWS\SYSTEM32\ntdll.dll
304392	42972	0x7ffc3ce11034	ntdll.dll	0xa1034	C:\WINDOWS\SYSTEM32\ntdll.dll
