module,module_name,extension,ordinal,hint,rva,symbol,forwarded_to,category,visibility,gpu_category
AfterFXLib.dll,AfterFXLib.dll,.dll,881,370,009348C0,?Aecmd_GPUProber@@YAAEAVGPUInfo@@XZ,,other,runtime-exported-internal-or-shared,gpu-other
AfterFXLib.dll,AfterFXLib.dll,.dll,1982,7BD,00934B70,?EggApp_GPUProber@@YAAEAVGPUInfo@@XZ,,other,runtime-exported-internal-or-shared,gpu-other
AfterFXLib.dll,AfterFXLib.dll,.dll,2035,7F2,0203EA10,?FEE_G_GPUProber@@3V?$function@$$A6AAEAVGPUInfo@@XZ@std@@A,,other,runtime-exported-internal-or-shared,gpu-other
AfterFXLib.dll,AfterFXLib.dll,.dll,2054,805,00934BE0,?FEE_SetGPUProber@@YAXAEBV?$function@$$A6AAEAVGPUInfo@@XZ@std@@@Z,,other,runtime-exported-internal-or-shared,gpu-other
AfterFXLib.dll,AfterFXLib.dll,.dll,2539,9EA,0062C710,?GetFloatZoomInDevicePixels@FEE_ItemPanoSettings@@QEBANXZ,,other,runtime-exported-internal-or-shared,gpu-other
AfterFXLib.dll,AfterFXLib.dll,.dll,3350,D15,00D34E10,?HWOptimizedTransformIsGPUCompatible@BlitPipe@@QEAA_NXZ,,other,runtime-exported-internal-or-shared,gpu-other
BEE.dll,BEE.dll,.dll,3712,E7F,00661730,?BEE_CmdSetProjectSetting_GpuAccel@@YAHPEAVBEE_Project@@AEBVGuid@utility@dvacore@@@Z,,bee,runtime-exported-internal-or-shared,gpu-other
BEE.dll,BEE.dll,.dll,4175,104E,00401A70,?BEE_Get_GpuAccel@BEE_Project@@QEBA?AVGuid@utility@dvacore@@XZ,,bee,runtime-exported-internal-or-shared,gpu-other
BEE.dll,BEE.dll,.dll,4468,1173,0064D400,?BEE_SetGPUProber@@YAXAEBV?$function@$$A6AAEAVGPUInfo@@XZ@boost@@@Z,,bee,runtime-exported-internal-or-shared,gpu-other
BEE.dll,BEE.dll,.dll,5042,13B1,00401E20,?BEEp_Set_GpuAccel@BEE_Project@@QEAAXAEBVGuid@utility@dvacore@@_N@Z,,bee,runtime-exported-internal-or-shared,gpu-other
Plug-ins\Effects\mochaAE\MochaAE.bundle\Contents\Win64\mochaui\bin\GPU.dll,GPU.dll,.dll,1,0,0008A3B0,??0?$FillMattesBase@V?$shared_ptr@$$CBVIMask@GPU@@@std@@@IS@@QEAA@AEBV01@@Z,,other,runtime-exported-internal-or-shared,gpu-other
Plug-ins\Effects\mochaAE\MochaAE.bundle\Contents\Win64\mochaui\bin\GPU.dll,GPU.dll,.dll,2,1,0008A410,??0?$FillMattesBase@V?$shared_ptr@$$CBVIMask@GPU@@@std@@@IS@@QEAA@AEBVContext@Prm@@I@Z,,other,runtime-exported-internal-or-shared,gpu-other
Plug-ins\Effects\mochaAE\MochaAE.bundle\Contents\Win64\mochaui\bin\GPU.dll,GPU.dll,.dll,3,2,0002FC60,??0?$MatteCacheBase@V?$shared_ptr@$$CBVIMask@GPU@@@std@@V12@@IS@@QEAA@XZ,,other,runtime-exported-internal-or-shared,gpu-other
Plug-ins\Effects\mochaAE\MochaAE.bundle\Contents\Win64\mochaui\bin\GPU.dll,GPU.dll,.dll,4,3,0001DB40,??0AvailabilityChecker@GPU@@QEAA@AEBU01@@Z,,other,runtime-exported-internal-or-shared,gpu-other
Plug-ins\Effects\mochaAE\MochaAE.bundle\Contents\Win64\mochaui\bin\GPU.dll,GPU.dll,.dll,5,4,0001DB40,??0AvailabilityChecker@GPU@@QEAA@XZ,,other,runtime-exported-internal-or-shared,gpu-other
Plug-ins\Effects\mochaAE\MochaAE.bundle\Contents\Win64\mochaui\bin\GPU.dll,GPU.dll,.dll,6,5,000EE2E0,??0BackendFactoryBase@GPU@@IEAA@XZ,,other,runtime-exported-internal-or-shared,gpu-other
Plug-ins\Effects\mochaAE\MochaAE.bundle\Contents\Win64\mochaui\bin\GPU.dll,GPU.dll,.dll,7,6,000EE420,??0BackendFactoryCL@GPU@@QEAA@HHV?$shared_ptr@VIGPUMemoryLimit@GPU@@@std@@@Z,,other,runtime-exported-internal-or-shared,gpu-other
Plug-ins\Effects\mochaAE\MochaAE.bundle\Contents\Win64\mochaui\bin\GPU.dll,GPU.dll,.dll,8,7,000EEFE0,??0BackendFactoryCLCPP@GPU@@QEAA@V?$shared_ptr@VIGPUMemoryLimit@GPU@@@std@@@Z,,other,runtime-exported-internal-or-shared,gpu-other
Plug-ins\Effects\mochaAE\MochaAE.bundle\Contents\Win64\mochaui\bin\GPU.dll,GPU.dll,.dll,9,8,000EFA60,??0BackendManager@GPU@@QEAA@XZ,,other,runtime-exported-internal-or-shared,gpu-other
Plug-ins\Effects\mochaAE\MochaAE.bundle\Contents\Win64\mochaui\bin\GPU.dll,GPU.dll,.dll,10,9,000C7090,??0BufferKernelsF@GPU@@QEAA@$$QEAV01@@Z,,other,runtime-exported-internal-or-shared,gpu-other
Plug-ins\Effects\mochaAE\MochaAE.bundle\Contents\Win64\mochaui\bin\GPU.dll,GPU.dll,.dll,11,A,000C7150,??0BufferKernelsF@GPU@@QEAA@AEBUDeviceKernelInfo@1@AEBVQString@isl0@@V?$shared_ptr@VContext@GPU@@@std@@V?$shared_ptr@VICommonBackend@GPU@@@6@@Z,,other,runtime-exported-internal-or-shared,gpu-other
Plug-ins\Effects\mochaAE\MochaAE.bundle\Contents\Win64\mochaui\bin\GPU.dll,GPU.dll,.dll,12,B,000C73A0,??0BufferKernelsF@GPU@@QEAA@AEBV01@@Z,,other,runtime-exported-internal-or-shared,gpu-other
Plug-ins\Effects\mochaAE\MochaAE.bundle\Contents\Win64\mochaui\bin\GPU.dll,GPU.dll,.dll,13,C,0001DB50,??0BufferUtils@GPU@@QEAA@AEBV01@@Z,,other,runtime-exported-internal-or-shared,gpu-other
Plug-ins\Effects\mochaAE\MochaAE.bundle\Contents\Win64\mochaui\bin\GPU.dll,GPU.dll,.dll,14,D,0001DBB0,??0BufferUtils@GPU@@QEAA@V?$shared_ptr@VContext@GPU@@@std@@AEBVQString@isl0@@@Z,,other,runtime-exported-internal-or-shared,gpu-other
Plug-ins\Effects\mochaAE\MochaAE.bundle\Contents\Win64\mochaui\bin\GPU.dll,GPU.dll,.dll,15,E,00021E00,??0CLBackendBase@GPU@@IEAA@AEBVQString@isl0@@V?$shared_ptr@VContext@GPU@@@std@@@Z,,other,runtime-exported-internal-or-shared,gpu-other
Plug-ins\Effects\mochaAE\MochaAE.bundle\Contents\Win64\mochaui\bin\GPU.dll,GPU.dll,.dll,16,F,00021EC0,??0CLBackendBase@GPU@@QEAA@$$QEAV01@@Z,,other,runtime-exported-internal-or-shared,gpu-other
Plug-ins\Effects\mochaAE\MochaAE.bundle\Contents\Win64\mochaui\bin\GPU.dll,GPU.dll,.dll,17,10,00021F20,??0CLBackendBase@GPU@@QEAA@AEBV01@@Z,,other,runtime-exported-internal-or-shared,gpu-other
Plug-ins\Effects\mochaAE\MochaAE.bundle\Contents\Win64\mochaui\bin\GPU.dll,GPU.dll,.dll,18,11,000A1C40,??0CLBufferBase@GPU@@QEAA@_KW4BufMode@01@W4BufShare@01@PEAVContext@1@@Z,,other,runtime-exported-internal-or-shared,gpu-other
Plug-ins\Effects\mochaAE\MochaAE.bundle\Contents\Win64\mochaui\bin\GPU.dll,GPU.dll,.dll,19,12,00018AD0,??0CLBufferDumper@GPU@@QEAA@$$QEAV01@@Z,,other,runtime-exported-internal-or-shared,gpu-other
Plug-ins\Effects\mochaAE\MochaAE.bundle\Contents\Win64\mochaui\bin\GPU.dll,GPU.dll,.dll,20,13,00018AF0,??0CLBufferDumper@GPU@@QEAA@AEBV01@@Z,,other,runtime-exported-internal-or-shared,gpu-other
Plug-ins\Effects\mochaAE\MochaAE.bundle\Contents\Win64\mochaui\bin\GPU.dll,GPU.dll,.dll,21,14,00018B10,??0CLBufferDumper@GPU@@QEAA@AEBVQString@isl0@@_N@Z,,other,runtime-exported-internal-or-shared,gpu-other
Plug-ins\Effects\mochaAE\MochaAE.bundle\Contents\Win64\mochaui\bin\GPU.dll,GPU.dll,.dll,22,15,0000B860,??0CLException@GPU@@QEAA@$$QEAV01@@Z,,other,runtime-exported-internal-or-shared,gpu-other
Plug-ins\Effects\mochaAE\MochaAE.bundle\Contents\Win64\mochaui\bin\GPU.dll,GPU.dll,.dll,23,16,0000B8D0,??0CLException@GPU@@QEAA@AEBV01@@Z,,other,runtime-exported-internal-or-shared,gpu-other
Plug-ins\Effects\mochaAE\MochaAE.bundle\Contents\Win64\mochaui\bin\GPU.dll,GPU.dll,.dll,24,17,0009BA30,??0CLException@GPU@@QEAA@AEBVQString@isl0@@_KH00W4ErrorTag@Exception@1@@Z,,other,runtime-exported-internal-or-shared,gpu-other
Plug-ins\Effects\mochaAE\MochaAE.bundle\Contents\Win64\mochaui\bin\GPU.dll,GPU.dll,.dll,25,18,00018AD0,??0CLHostMatteDumper@GPU@@QEAA@$$QEAV01@@Z,,other,runtime-exported-internal-or-shared,gpu-other
Plug-ins\Effects\mochaAE\MochaAE.bundle\Contents\Win64\mochaui\bin\GPU.dll,GPU.dll,.dll,26,19,00018AF0,??0CLHostMatteDumper@GPU@@QEAA@AEBV01@@Z,,other,runtime-exported-internal-or-shared,gpu-other
Plug-ins\Effects\mochaAE\MochaAE.bundle\Contents\Win64\mochaui\bin\GPU.dll,GPU.dll,.dll,27,1A,00018B10,??0CLHostMatteDumper@GPU@@QEAA@AEBVQString@isl0@@_N@Z,,other,runtime-exported-internal-or-shared,gpu-other
Plug-ins\Effects\mochaAE\MochaAE.bundle\Contents\Win64\mochaui\bin\GPU.dll,GPU.dll,.dll,28,1B,0002FD20,??0CLMatteCache@GPU@@QEAA@XZ,,other,runtime-exported-internal-or-shared,gpu-other
Plug-ins\Effects\mochaAE\MochaAE.bundle\Contents\Win64\mochaui\bin\GPU.dll,GPU.dll,.dll,29,1C,0000B940,??0CL_Host_Matte@GPU@@QEAA@AEBUCLCachedMatte@1@@Z,,other,runtime-exported-internal-or-shared,gpu-other
Plug-ins\Effects\mochaAE\MochaAE.bundle\Contents\Win64\mochaui\bin\GPU.dll,GPU.dll,.dll,30,1D,0000B9A0,??0CL_Host_Matte@GPU@@QEAA@AEBV01@@Z,,other,runtime-exported-internal-or-shared,gpu-other
Plug-ins\Effects\mochaAE\MochaAE.bundle\Contents\Win64\mochaui\bin\GPU.dll,GPU.dll,.dll,31,1E,0000BA10,??0CL_Host_Matte@GPU@@QEAA@AEBV?$GanImage_Ptr@UGan_Image@@@detail@Bsc@@@Z,,other,runtime-exported-internal-or-shared,gpu-other
Plug-ins\Effects\mochaAE\MochaAE.bundle\Contents\Win64\mochaui\bin\GPU.dll,GPU.dll,.dll,32,1F,0000BA50,??0CL_Host_Matte@GPU@@QEAA@XZ,,other,runtime-exported-internal-or-shared,gpu-other
Plug-ins\Effects\mochaAE\MochaAE.bundle\Contents\Win64\mochaui\bin\GPU.dll,GPU.dll,.dll,33,20,0001DC70,??0CombinedAvailabilityChecker@GPU@@QEAA@$$QEAU01@@Z,,other,runtime-exported-internal-or-shared,gpu-other
Plug-ins\Effects\mochaAE\MochaAE.bundle\Contents\Win64\mochaui\bin\GPU.dll,GPU.dll,.dll,34,21,0001DC70,??0CombinedAvailabilityChecker@GPU@@QEAA@AEBU01@@Z,,other,runtime-exported-internal-or-shared,gpu-other
Plug-ins\Effects\mochaAE\MochaAE.bundle\Contents\Win64\mochaui\bin\GPU.dll,GPU.dll,.dll,35,22,0001DC70,??0CombinedAvailabilityChecker@GPU@@QEAA@XZ,,other,runtime-exported-internal-or-shared,gpu-other
Plug-ins\Effects\mochaAE\MochaAE.bundle\Contents\Win64\mochaui\bin\GPU.dll,GPU.dll,.dll,36,23,00022280,??0CommonBackendCL@GPU@@QEAA@$$QEAV01@@Z,,other,runtime-exported-internal-or-shared,gpu-other
Plug-ins\Effects\mochaAE\MochaAE.bundle\Contents\Win64\mochaui\bin\GPU.dll,GPU.dll,.dll,37,24,00022380,??0CommonBackendCL@GPU@@QEAA@AEBV01@@Z,,other,runtime-exported-internal-or-shared,gpu-other
Plug-ins\Effects\mochaAE\MochaAE.bundle\Contents\Win64\mochaui\bin\GPU.dll,GPU.dll,.dll,38,25,000224A0,??0CommonBackendCL@GPU@@QEAA@V?$shared_ptr@VContext@GPU@@@std@@@Z,,other,runtime-exported-internal-or-shared,gpu-other
Plug-ins\Effects\mochaAE\MochaAE.bundle\Contents\Win64\mochaui\bin\GPU.dll,GPU.dll,.dll,39,26,0009D120,??0Context@GPU@@QEAA@W4ContextMode@01@HHV?$shared_ptr@VIGPUMemoryLimit@GPU@@@std@@PEAX@Z,,other,runtime-exported-internal-or-shared,gpu-other
Plug-ins\Effects\mochaAE\MochaAE.bundle\Contents\Win64\mochaui\bin\GPU.dll,GPU.dll,.dll,41,28,000CCF20,??0CorrelationKernels@GPU@@QEAA@$$QEAV01@@Z,,other,runtime-exported-internal-or-shared,gpu-other
Plug-ins\Effects\mochaAE\MochaAE.bundle\Contents\Win64\mochaui\bin\GPU.dll,GPU.dll,.dll,42,29,000CCFF0,??0CorrelationKernels@GPU@@QEAA@AEBUDeviceKernelInfo@1@AEBVQString@isl0@@V?$shared_ptr@VContext@GPU@@@std@@V?$shared_ptr@VICommonBackend@GPU@@@6@@Z,,other,runtime-exported-internal-or-shared,gpu-other
Plug-ins\Effects\mochaAE\MochaAE.bundle\Contents\Win64\mochaui\bin\GPU.dll,GPU.dll,.dll,43,2A,000CD1C0,??0CorrelationKernels@GPU@@QEAA@AEBV01@@Z,,other,runtime-exported-internal-or-shared,gpu-other
Plug-ins\Effects\mochaAE\MochaAE.bundle\Contents\Win64\mochaui\bin\GPU.dll,GPU.dll,.dll,44,2B,00039AC0,??0DeviceInfo@GPU@@QEAA@AEBV01@@Z,,other,runtime-exported-internal-or-shared,gpu-other
Plug-ins\Effects\mochaAE\MochaAE.bundle\Contents\Win64\mochaui\bin\GPU.dll,GPU.dll,.dll,45,2C,00039BA0,??0DeviceInfo@GPU@@QEAA@PEAU_cl_device_id@@_N@Z,,other,runtime-exported-internal-or-shared,gpu-other
Plug-ins\Effects\mochaAE\MochaAE.bundle\Contents\Win64\mochaui\bin\GPU.dll,GPU.dll,.dll,46,2D,0000BA90,??0Exception@GPU@@QEAA@$$QEAV01@@Z,,other,runtime-exported-internal-or-shared,gpu-other
Plug-ins\Effects\mochaAE\MochaAE.bundle\Contents\Win64\mochaui\bin\GPU.dll,GPU.dll,.dll,47,2E,0000BAE0,??0Exception@GPU@@QEAA@AEBV01@@Z,,other,runtime-exported-internal-or-shared,gpu-other
Plug-ins\Effects\mochaAE\MochaAE.bundle\Contents\Win64\mochaui\bin\GPU.dll,GPU.dll,.dll,48,2F,0009F510,??0Exception@GPU@@QEAA@AEBVQString@isl0@@_K00W4ErrorTag@01@0@Z,,other,runtime-exported-internal-or-shared,gpu-other
Plug-ins\Effects\mochaAE\MochaAE.bundle\Contents\Win64\mochaui\bin\GPU.dll,GPU.dll,.dll,49,30,0008A520,??0FillAnalyzer@GPU@@QEAA@AEAVICommonBackend@1@AEAVIRemoveBackend@1@@Z,,other,runtime-exported-internal-or-shared,gpu-other
Plug-ins\Effects\mochaAE\MochaAE.bundle\Contents\Win64\mochaui\bin\GPU.dll,GPU.dll,.dll,50,31,0008A3B0,??0FillMattesCL@GPU@@QEAA@AEBV01@@Z,,other,runtime-exported-internal-or-shared,gpu-other
Plug-ins\Effects\mochaAE\MochaAE.bundle\Contents\Win64\mochaui\bin\GPU.dll,GPU.dll,.dll,51,32,0008ECB0,??0FillMattesCL@GPU@@QEAA@AEBVFillMattes@IS@@V?$shared_ptr@VIMatteUtils@GPU@@@std@@@Z,,other,runtime-exported-internal-or-shared,gpu-other
Plug-ins\Effects\mochaAE\MochaAE.bundle\Contents\Win64\mochaui\bin\GPU.dll,GPU.dll,.dll,52,33,0008F050,??0FillMattesCL@GPU@@QEAA@XZ,,other,runtime-exported-internal-or-shared,gpu-other
Plug-ins\Effects\mochaAE\MochaAE.bundle\Contents\Win64\mochaui\bin\GPU.dll,GPU.dll,.dll,54,35,000C7090,??0GradientKernels@GPU@@QEAA@$$QEAV01@@Z,,other,runtime-exported-internal-or-shared,gpu-other
Plug-ins\Effects\mochaAE\MochaAE.bundle\Contents\Win64\mochaui\bin\GPU.dll,GPU.dll,.dll,55,36,000CF940,??0GradientKernels@GPU@@QEAA@AEBUDeviceKernelInfo@1@AEBVQString@isl0@@V?$shared_ptr@VContext@GPU@@@std@@V?$shared_ptr@VICommonBackend@GPU@@@6@V?$shared_ptr@VBufferKernelsF@GPU@@@6@@Z,,other,runtime-exported-internal-or-shared,gpu-other
Plug-ins\Effects\mochaAE\MochaAE.bundle\Contents\Win64\mochaui\bin\GPU.dll,GPU.dll,.dll,56,37,000C73A0,??0GradientKernels@GPU@@QEAA@AEBV01@@Z,,other,runtime-exported-internal-or-shared,gpu-other
Plug-ins\Effects\mochaAE\MochaAE.bundle\Contents\Win64\mochaui\bin\GPU.dll,GPU.dll,.dll,57,38,000EE520,??0IBackendFactory@GPU@@QEAA@AEBV01@@Z,,other,runtime-exported-internal-or-shared,gpu-other
Plug-ins\Effects\mochaAE\MochaAE.bundle\Contents\Win64\mochaui\bin\GPU.dll,GPU.dll,.dll,58,39,000EE520,??0IBackendFactory@GPU@@QEAA@XZ,,other,runtime-exported-internal-or-shared,gpu-other
Plug-ins\Effects\mochaAE\MochaAE.bundle\Contents\Win64\mochaui\bin\GPU.dll,GPU.dll,.dll,59,3A,0000BB30,??0IBuffer2D@GPU@@QEAA@AEBV01@@Z,,other,runtime-exported-internal-or-shared,gpu-other
Plug-ins\Effects\mochaAE\MochaAE.bundle\Contents\Win64\mochaui\bin\GPU.dll,GPU.dll,.dll,60,3B,0000BB30,??0IBuffer2D@GPU@@QEAA@XZ,,other,runtime-exported-internal-or-shared,gpu-other
Plug-ins\Effects\mochaAE\MochaAE.bundle\Contents\Win64\mochaui\bin\GPU.dll,GPU.dll,.dll,61,3C,0000BB40,??0IBuffer@GPU@@QEAA@AEBV01@@Z,,other,runtime-exported-internal-or-shared,gpu-other
Plug-ins\Effects\mochaAE\MochaAE.bundle\Contents\Win64\mochaui\bin\GPU.dll,GPU.dll,.dll,62,3D,0000BB40,??0IBuffer@GPU@@QEAA@XZ,,other,runtime-exported-internal-or-shared,gpu-other
Plug-ins\Effects\mochaAE\MochaAE.bundle\Contents\Win64\mochaui\bin\GPU.dll,GPU.dll,.dll,63,3E,0000C460,??0IBufferUtils@GPU@@QEAA@AEBV01@@Z,,other,runtime-exported-internal-or-shared,gpu-other
Plug-ins\Effects\mochaAE\MochaAE.bundle\Contents\Win64\mochaui\bin\GPU.dll,GPU.dll,.dll,64,3F,0000C460,??0IBufferUtils@GPU@@QEAA@XZ,,other,runtime-exported-internal-or-shared,gpu-other
Plug-ins\Effects\mochaAE\MochaAE.bundle\Contents\Win64\mochaui\bin\GPU.dll,GPU.dll,.dll,65,40,0008A570,??0IFillFrameProvider@GPU@@QEAA@AEBV01@@Z,,other,runtime-exported-internal-or-shared,gpu-other
Plug-ins\Effects\mochaAE\MochaAE.bundle\Contents\Win64\mochaui\bin\GPU.dll,GPU.dll,.dll,66,41,0008A570,??0IFillFrameProvider@GPU@@QEAA@XZ,,other,runtime-exported-internal-or-shared,gpu-other
Plug-ins\Effects\mochaAE\MochaAE.bundle\Contents\Win64\mochaui\bin\GPU.dll,GPU.dll,.dll,67,42,0001DC80,??0IGPUMemoryLimit@GPU@@QEAA@AEBV01@@Z,,other,runtime-exported-internal-or-shared,gpu-other
Plug-ins\Effects\mochaAE\MochaAE.bundle\Contents\Win64\mochaui\bin\GPU.dll,GPU.dll,.dll,68,43,0001DC80,??0IGPUMemoryLimit@GPU@@QEAA@XZ,,other,runtime-exported-internal-or-shared,gpu-other
Plug-ins\Effects\mochaAE\MochaAE.bundle\Contents\Win64\mochaui\bin\GPU.dll,GPU.dll,.dll,69,44,0000C920,??0IImage2D@GPU@@QEAA@AEBV01@@Z,,other,runtime-exported-internal-or-shared,gpu-other
Plug-ins\Effects\mochaAE\MochaAE.bundle\Contents\Win64\mochaui\bin\GPU.dll,GPU.dll,.dll,70,45,0000C920,??0IImage2D@GPU@@QEAA@XZ,,other,runtime-exported-internal-or-shared,gpu-other
Plug-ins\Effects\mochaAE\MochaAE.bundle\Contents\Win64\mochaui\bin\GPU.dll,GPU.dll,.dll,71,46,0000C930,??0IImage2DArray@GPU@@QEAA@$$QEAV01@@Z,,other,runtime-exported-internal-or-shared,gpu-other
Plug-ins\Effects\mochaAE\MochaAE.bundle\Contents\Win64\mochaui\bin\GPU.dll,GPU.dll,.dll,72,47,0000C930,??0IImage2DArray@GPU@@QEAA@AEBV01@@Z,,other,runtime-exported-internal-or-shared,gpu-other
Plug-ins\Effects\mochaAE\MochaAE.bundle\Contents\Win64\mochaui\bin\GPU.dll,GPU.dll,.dll,73,48,0000C930,??0IImage2DArray@GPU@@QEAA@XZ,,other,runtime-exported-internal-or-shared,gpu-other
Plug-ins\Effects\mochaAE\MochaAE.bundle\Contents\Win64\mochaui\bin\GPU.dll,GPU.dll,.dll,74,49,0000C940,??0IImageProc@GPU@@QEAA@AEBV01@@Z,,other,runtime-exported-internal-or-shared,gpu-other
Plug-ins\Effects\mochaAE\MochaAE.bundle\Contents\Win64\mochaui\bin\GPU.dll,GPU.dll,.dll,75,4A,0000C940,??0IImageProc@GPU@@QEAA@XZ,,other,runtime-exported-internal-or-shared,gpu-other
Plug-ins\Effects\mochaAE\MochaAE.bundle\Contents\Win64\mochaui\bin\GPU.dll,GPU.dll,.dll,76,4B,0000C950,??0IImageUtils@GPU@@QEAA@AEBV01@@Z,,other,runtime-exported-internal-or-shared,gpu-other
Plug-ins\Effects\mochaAE\MochaAE.bundle\Contents\Win64\mochaui\bin\GPU.dll,GPU.dll,.dll,77,4C,0000C950,??0IImageUtils@GPU@@QEAA@XZ,,other,runtime-exported-internal-or-shared,gpu-other
Plug-ins\Effects\mochaAE\MochaAE.bundle\Contents\Win64\mochaui\bin\GPU.dll,GPU.dll,.dll,78,4D,0000C960,??0IMatteCaches@GPU@@QEAA@AEBV01@@Z,,other,runtime-exported-internal-or-shared,gpu-other
Plug-ins\Effects\mochaAE\MochaAE.bundle\Contents\Win64\mochaui\bin\GPU.dll,GPU.dll,.dll,79,4E,0000C960,??0IMatteCaches@GPU@@QEAA@XZ,,other,runtime-exported-internal-or-shared,gpu-other
Plug-ins\Effects\mochaAE\MochaAE.bundle\Contents\Win64\mochaui\bin\GPU.dll,GPU.dll,.dll,82,51,0000C980,??0IMatteUtils@GPU@@QEAA@AEBV01@@Z,,other,runtime-exported-internal-or-shared,gpu-other
Plug-ins\Effects\mochaAE\MochaAE.bundle\Contents\Win64\mochaui\bin\GPU.dll,GPU.dll,.dll,83,52,0000C980,??0IMatteUtils@GPU@@QEAA@XZ,,other,runtime-exported-internal-or-shared,gpu-other
Plug-ins\Effects\mochaAE\MochaAE.bundle\Contents\Win64\mochaui\bin\GPU.dll,GPU.dll,.dll,84,53,000BC000,??0IMeshTracker@GPU@@QEAA@AEBU01@@Z,,other,runtime-exported-internal-or-shared,gpu-other
Plug-ins\Effects\mochaAE\MochaAE.bundle\Contents\Win64\mochaui\bin\GPU.dll,GPU.dll,.dll,85,54,000BC000,??0IMeshTracker@GPU@@QEAA@XZ,,other,runtime-exported-internal-or-shared,gpu-other
Plug-ins\Effects\mochaAE\MochaAE.bundle\Contents\Win64\mochaui\bin\GPU.dll,GPU.dll,.dll,86,55,00049220,??0IRemoveAnalyzer@GPU@@QEAA@AEBV01@@Z,,other,runtime-exported-internal-or-shared,gpu-other
Plug-ins\Effects\mochaAE\MochaAE.bundle\Contents\Win64\mochaui\bin\GPU.dll,GPU.dll,.dll,87,56,00049220,??0IRemoveAnalyzer@GPU@@QEAA@XZ,,other,runtime-exported-internal-or-shared,gpu-other
Plug-ins\Effects\mochaAE\MochaAE.bundle\Contents\Win64\mochaui\bin\GPU.dll,GPU.dll,.dll,88,57,00049230,??0IRemoveBackend@GPU@@QEAA@AEBV01@@Z,,other,runtime-exported-internal-or-shared,gpu-other
Plug-ins\Effects\mochaAE\MochaAE.bundle\Contents\Win64\mochaui\bin\GPU.dll,GPU.dll,.dll,89,58,00049230,??0IRemoveBackend@GPU@@QEAA@XZ,,other,runtime-exported-internal-or-shared,gpu-other
Plug-ins\Effects\mochaAE\MochaAE.bundle\Contents\Win64\mochaui\bin\GPU.dll,GPU.dll,.dll,90,59,00049240,??0IRemoveBuffers@GPU@@QEAA@AEBV01@@Z,,other,runtime-exported-internal-or-shared,gpu-other
Plug-ins\Effects\mochaAE\MochaAE.bundle\Contents\Win64\mochaui\bin\GPU.dll,GPU.dll,.dll,91,5A,00049240,??0IRemoveBuffers@GPU@@QEAA@XZ,,other,runtime-exported-internal-or-shared,gpu-other
Plug-ins\Effects\mochaAE\MochaAE.bundle\Contents\Win64\mochaui\bin\GPU.dll,GPU.dll,.dll,92,5B,00049250,??0IRemoveIllumination@GPU@@QEAA@AEBV01@@Z,,other,runtime-exported-internal-or-shared,gpu-other
Plug-ins\Effects\mochaAE\MochaAE.bundle\Contents\Win64\mochaui\bin\GPU.dll,GPU.dll,.dll,93,5C,00049250,??0IRemoveIllumination@GPU@@QEAA@XZ,,other,runtime-exported-internal-or-shared,gpu-other
Plug-ins\Effects\mochaAE\MochaAE.bundle\Contents\Win64\mochaui\bin\GPU.dll,GPU.dll,.dll,96,5F,000EC890,??0ITrackBackend@GPU@@QEAA@AEBV01@@Z,,other,runtime-exported-internal-or-shared,gpu-other
Plug-ins\Effects\mochaAE\MochaAE.bundle\Contents\Win64\mochaui\bin\GPU.dll,GPU.dll,.dll,97,60,000EC890,??0ITrackBackend@GPU@@QEAA@XZ,,other,runtime-exported-internal-or-shared,gpu-other
Plug-ins\Effects\mochaAE\MochaAE.bundle\Contents\Win64\mochaui\bin\GPU.dll,GPU.dll,.dll,98,61,000DBA70,??0ITracker@GPU@@QEAA@AEBV01@@Z,,other,runtime-exported-internal-or-shared,gpu-other
Plug-ins\Effects\mochaAE\MochaAE.bundle\Contents\Win64\mochaui\bin\GPU.dll,GPU.dll,.dll,99,62,000DBA70,??0ITracker@GPU@@QEAA@XZ,,other,runtime-exported-internal-or-shared,gpu-other
Plug-ins\Effects\mochaAE\MochaAE.bundle\Contents\Win64\mochaui\bin\GPU.dll,GPU.dll,.dll,100,63,0000C990,??0ImageProcBase@GPU@@QEAA@$$QEAV01@@Z,,other,runtime-exported-internal-or-shared,gpu-other
Plug-ins\Effects\mochaAE\MochaAE.bundle\Contents\Win64\mochaui\bin\GPU.dll,GPU.dll,.dll,101,64,0000C990,??0ImageProcBase@GPU@@QEAA@AEBV01@@Z,,other,runtime-exported-internal-or-shared,gpu-other
Plug-ins\Effects\mochaAE\MochaAE.bundle\Contents\Win64\mochaui\bin\GPU.dll,GPU.dll,.dll,102,65,0000C990,??0ImageProcBase@GPU@@QEAA@XZ,,other,runtime-exported-internal-or-shared,gpu-other
Plug-ins\Effects\mochaAE\MochaAE.bundle\Contents\Win64\mochaui\bin\GPU.dll,GPU.dll,.dll,103,66,00022580,??0ImageProcCL@GPU@@QEAA@$$QEAV01@@Z,,other,runtime-exported-internal-or-shared,gpu-other
Plug-ins\Effects\mochaAE\MochaAE.bundle\Contents\Win64\mochaui\bin\GPU.dll,GPU.dll,.dll,104,67,000225E0,??0ImageProcCL@GPU@@QEAA@AEBV01@@Z,,other,runtime-exported-internal-or-shared,gpu-other
Plug-ins\Effects\mochaAE\MochaAE.bundle\Contents\Win64\mochaui\bin\GPU.dll,GPU.dll,.dll,105,68,000261C0,??0ImageProcCL@GPU@@QEAA@V?$shared_ptr@VContext@GPU@@@std@@AEBVQString@isl0@@@Z,,other,runtime-exported-internal-or-shared,gpu-other
Plug-ins\Effects\mochaAE\MochaAE.bundle\Contents\Win64\mochaui\bin\GPU.dll,GPU.dll,.dll,106,69,0000C9A0,??0ImageProcCLCPP@GPU@@QEAA@$$QEAV01@@Z,,other,runtime-exported-internal-or-shared,gpu-other
Plug-ins\Effects\mochaAE\MochaAE.bundle\Contents\Win64\mochaui\bin\GPU.dll,GPU.dll,.dll,107,6A,0000C9A0,??0ImageProcCLCPP@GPU@@QEAA@AEBV01@@Z,,other,runtime-exported-internal-or-shared,gpu-other
Plug-ins\Effects\mochaAE\MochaAE.bundle\Contents\Win64\mochaui\bin\GPU.dll,GPU.dll,.dll,108,6B,0000C9A0,??0ImageProcCLCPP@GPU@@QEAA@XZ,,other,runtime-exported-internal-or-shared,gpu-other
Plug-ins\Effects\mochaAE\MochaAE.bundle\Contents\Win64\mochaui\bin\GPU.dll,GPU.dll,.dll,109,6C,00022640,??0ImageUtils@GPU@@QEAA@$$QEAV01@@Z,,other,runtime-exported-internal-or-shared,gpu-other
Plug-ins\Effects\mochaAE\MochaAE.bundle\Contents\Win64\mochaui\bin\GPU.dll,GPU.dll,.dll,110,6D,000226E0,??0ImageUtils@GPU@@QEAA@AEBV01@@Z,,other,runtime-exported-internal-or-shared,gpu-other
Plug-ins\Effects\mochaAE\MochaAE.bundle\Contents\Win64\mochaui\bin\GPU.dll,GPU.dll,.dll,111,6E,00028EE0,??0ImageUtils@GPU@@QEAA@V?$shared_ptr@VContext@GPU@@@std@@AEBVQString@isl0@@I@Z,,other,runtime-exported-internal-or-shared,gpu-other
Plug-ins\Effects\mochaAE\MochaAE.bundle\Contents\Win64\mochaui\bin\GPU.dll,GPU.dll,.dll,112,6F,0000C9B0,??0ImageUtilsCLCPP@GPU@@QEAA@$$QEAV01@@Z,,other,runtime-exported-internal-or-shared,gpu-other
Plug-ins\Effects\mochaAE\MochaAE.bundle\Contents\Win64\mochaui\bin\GPU.dll,GPU.dll,.dll,113,70,0000C9B0,??0ImageUtilsCLCPP@GPU@@QEAA@AEBV01@@Z,,other,runtime-exported-internal-or-shared,gpu-other
Plug-ins\Effects\mochaAE\MochaAE.bundle\Contents\Win64\mochaui\bin\GPU.dll,GPU.dll,.dll,114,71,00015470,??0ImageUtilsCLCPP@GPU@@QEAA@I@Z,,other,runtime-exported-internal-or-shared,gpu-other
Plug-ins\Effects\mochaAE\MochaAE.bundle\Contents\Win64\mochaui\bin\GPU.dll,GPU.dll,.dll,115,72,0003DE20,??0Info@GPU@@QEAA@AEBV01@@Z,,other,runtime-exported-internal-or-shared,gpu-other
Plug-ins\Effects\mochaAE\MochaAE.bundle\Contents\Win64\mochaui\bin\GPU.dll,GPU.dll,.dll,116,73,0003DE50,??0Info@GPU@@QEAA@XZ,,other,runtime-exported-internal-or-shared,gpu-other
Plug-ins\Effects\mochaAE\MochaAE.bundle\Contents\Win64\mochaui\bin\GPU.dll,GPU.dll,.dll,117,74,00009250,??0KernelLauncher@CLCPP@GPU@@QEAA@HHH_N@Z,,other,runtime-exported-internal-or-shared,gpu-other
Plug-ins\Effects\mochaAE\MochaAE.bundle\Contents\Win64\mochaui\bin\GPU.dll,GPU.dll,.dll,118,75,000092A0,??0KernelLauncher@CLCPP@GPU@@QEAA@HH_N@Z,,other,runtime-exported-internal-or-shared,gpu-other
Plug-ins\Effects\mochaAE\MochaAE.bundle\Contents\Win64\mochaui\bin\GPU.dll,GPU.dll,.dll,119,76,000092E0,??0KernelLauncher@CLCPP@GPU@@QEAA@H_N@Z,,other,runtime-exported-internal-or-shared,gpu-other
Plug-ins\Effects\mochaAE\MochaAE.bundle\Contents\Win64\mochaui\bin\GPU.dll,GPU.dll,.dll,120,77,00018AD0,??0LayerMatteDumper@GPU@@QEAA@$$QEAV01@@Z,,other,runtime-exported-internal-or-shared,gpu-other
Plug-ins\Effects\mochaAE\MochaAE.bundle\Contents\Win64\mochaui\bin\GPU.dll,GPU.dll,.dll,121,78,00018AF0,??0LayerMatteDumper@GPU@@QEAA@AEBV01@@Z,,other,runtime-exported-internal-or-shared,gpu-other
Plug-ins\Effects\mochaAE\MochaAE.bundle\Contents\Win64\mochaui\bin\GPU.dll,GPU.dll,.dll,122,79,00018B10,??0LayerMatteDumper@GPU@@QEAA@AEBVQString@isl0@@_N@Z,,other,runtime-exported-internal-or-shared,gpu-other
Plug-ins\Effects\mochaAE\MochaAE.bundle\Contents\Win64\mochaui\bin\GPU.dll,GPU.dll,.dll,123,7A,00022790,??0MatteUtils@GPU@@QEAA@$$QEAV01@@Z,,other,runtime-exported-internal-or-shared,gpu-other
Plug-ins\Effects\mochaAE\MochaAE.bundle\Contents\Win64\mochaui\bin\GPU.dll,GPU.dll,.dll,124,7B,00022830,??0MatteUtils@GPU@@QEAA@AEBV01@@Z,,other,runtime-exported-internal-or-shared,gpu-other
Plug-ins\Effects\mochaAE\MochaAE.bundle\Contents\Win64\mochaui\bin\GPU.dll,GPU.dll,.dll,125,7C,0002FDE0,??0MatteUtils@GPU@@QEAA@V?$shared_ptr@VContext@GPU@@@std@@AEBVQString@isl0@@V?$shared_ptr@VIBufferUtils@GPU@@@3@I@Z,,other,runtime-exported-internal-or-shared,gpu-other
Plug-ins\Effects\mochaAE\MochaAE.bundle\Contents\Win64\mochaui\bin\GPU.dll,GPU.dll,.dll,126,7D,0000C9D0,??0MatteUtilsCLCPP@GPU@@QEAA@$$QEAV01@@Z,,other,runtime-exported-internal-or-shared,gpu-other
Plug-ins\Effects\mochaAE\MochaAE.bundle\Contents\Win64\mochaui\bin\GPU.dll,GPU.dll,.dll,127,7E,0000C9D0,??0MatteUtilsCLCPP@GPU@@QEAA@AEBV01@@Z,,other,runtime-exported-internal-or-shared,gpu-other
Plug-ins\Effects\mochaAE\MochaAE.bundle\Contents\Win64\mochaui\bin\GPU.dll,GPU.dll,.dll,128,7F,00018B30,??0MatteUtilsCLCPP@GPU@@QEAA@I@Z,,other,runtime-exported-internal-or-shared,gpu-other
Plug-ins\Effects\mochaAE\MochaAE.bundle\Contents\Win64\mochaui\bin\GPU.dll,GPU.dll,.dll,129,80,000BC010,??0MeshTracker@GPU@@QEAA@$$QEAV01@@Z,,other,runtime-exported-internal-or-shared,gpu-other
Plug-ins\Effects\mochaAE\MochaAE.bundle\Contents\Win64\mochaui\bin\GPU.dll,GPU.dll,.dll,130,81,000BC010,??0MeshTracker@GPU@@QEAA@AEBV01@@Z,,other,runtime-exported-internal-or-shared,gpu-other
Plug-ins\Effects\mochaAE\MochaAE.bundle\Contents\Win64\mochaui\bin\GPU.dll,GPU.dll,.dll,131,82,000BC030,??0MeshTracker@GPU@@QEAA@VProgressRange@IS@@@Z,,other,runtime-exported-internal-or-shared,gpu-other
Plug-ins\Effects\mochaAE\MochaAE.bundle\Contents\Win64\mochaui\bin\GPU.dll,GPU.dll,.dll,132,83,000BE210,??0MeshTrackerOF@GPU@@QEAA@$$QEAV01@@Z,,other,runtime-exported-internal-or-shared,gpu-other
Plug-ins\Effects\mochaAE\MochaAE.bundle\Contents\Win64\mochaui\bin\GPU.dll,GPU.dll,.dll,133,84,000BE210,??0MeshTrackerOF@GPU@@QEAA@AEBV01@@Z,,other,runtime-exported-internal-or-shared,gpu-other
Plug-ins\Effects\mochaAE\MochaAE.bundle\Contents\Win64\mochaui\bin\GPU.dll,GPU.dll,.dll,134,85,000BE210,??0MeshTrackerOF@GPU@@QEAA@XZ,,other,runtime-exported-internal-or-shared,gpu-other
Plug-ins\Effects\mochaAE\MochaAE.bundle\Contents\Win64\mochaui\bin\GPU.dll,GPU.dll,.dll,136,87,000D5640,??0OptimizationKernels@GPU@@QEAA@$$QEAV01@@Z,,other,runtime-exported-internal-or-shared,gpu-other
Plug-ins\Effects\mochaAE\MochaAE.bundle\Contents\Win64\mochaui\bin\GPU.dll,GPU.dll,.dll,137,88,000D5790,??0OptimizationKernels@GPU@@QEAA@AEBUDeviceKernelInfo@1@AEBVQString@isl0@@V?$shared_ptr@VContext@GPU@@@std@@V?$shared_ptr@VICommonBackend@GPU@@@6@V?$shared_ptr@VBufferKernelsF@GPU@@@6@@Z,,other,runtime-exported-internal-or-shared,gpu-other
Plug-ins\Effects\mochaAE\MochaAE.bundle\Contents\Win64\mochaui\bin\GPU.dll,GPU.dll,.dll,138,89,000D5A00,??0OptimizationKernels@GPU@@QEAA@AEBV01@@Z,,other,runtime-exported-internal-or-shared,gpu-other
Plug-ins\Effects\mochaAE\MochaAE.bundle\Contents\Win64\mochaui\bin\GPU.dll,GPU.dll,.dll,139,8A,0003F850,??0PlatformInfo@GPU@@QEAA@AEBV01@@Z,,other,runtime-exported-internal-or-shared,gpu-other
Plug-ins\Effects\mochaAE\MochaAE.bundle\Contents\Win64\mochaui\bin\GPU.dll,GPU.dll,.dll,140,8B,0003F9F0,??0PlatformInfo@GPU@@QEAA@PEAU_cl_platform_id@@_N@Z,,other,runtime-exported-internal-or-shared,gpu-other
Plug-ins\Effects\mochaAE\MochaAE.bundle\Contents\Win64\mochaui\bin\GPU.dll,GPU.dll,.dll,141,8C,000CCF20,??0PyramidKernels@GPU@@QEAA@$$QEAV01@@Z,,other,runtime-exported-internal-or-shared,gpu-other
Plug-ins\Effects\mochaAE\MochaAE.bundle\Contents\Win64\mochaui\bin\GPU.dll,GPU.dll,.dll,142,8D,000D8950,??0PyramidKernels@GPU@@QEAA@AEBUDeviceKernelInfo@1@AEBVQString@isl0@@V?$shared_ptr@VContext@GPU@@@std@@V?$shared_ptr@VICommonBackend@GPU@@@6@V?$shared_ptr@VBufferKernelsF@GPU@@@6@@Z,,other,runtime-exported-internal-or-shared,gpu-other
Plug-ins\Effects\mochaAE\MochaAE.bundle\Contents\Win64\mochaui\bin\GPU.dll,GPU.dll,.dll,143,8E,000CD1C0,??0PyramidKernels@GPU@@QEAA@AEBV01@@Z,,other,runtime-exported-internal-or-shared,gpu-other
Plug-ins\Effects\mochaAE\MochaAE.bundle\Contents\Win64\mochaui\bin\GPU.dll,GPU.dll,.dll,144,8F,00075090,??0RemoveAnalyzer@GPU@@QEAA@$$QEAV01@@Z,,other,runtime-exported-internal-or-shared,gpu-other
Plug-ins\Effects\mochaAE\MochaAE.bundle\Contents\Win64\mochaui\bin\GPU.dll,GPU.dll,.dll,145,90,00075110,??0RemoveAnalyzer@GPU@@QEAA@AEBV01@@Z,,other,runtime-exported-internal-or-shared,gpu-other
Plug-ins\Effects\mochaAE\MochaAE.bundle\Contents\Win64\mochaui\bin\GPU.dll,GPU.dll,.dll,146,91,000751A0,??0RemoveAnalyzer@GPU@@QEAA@V?$shared_ptr@VContext@GPU@@@std@@AEBVQString@isl0@@V?$shared_ptr@VIBufferUtils@GPU@@@3@@Z,,other,runtime-exported-internal-or-shared,gpu-other
Plug-ins\Effects\mochaAE\MochaAE.bundle\Contents\Win64\mochaui\bin\GPU.dll,GPU.dll,.dll,147,92,0005E600,??0RemoveAnalyzerCLCPP@GPU@@QEAA@$$QEAV01@@Z,,other,runtime-exported-internal-or-shared,gpu-other
Plug-ins\Effects\mochaAE\MochaAE.bundle\Contents\Win64\mochaui\bin\GPU.dll,GPU.dll,.dll,148,93,0005E600,??0RemoveAnalyzerCLCPP@GPU@@QEAA@AEBV01@@Z,,other,runtime-exported-internal-or-shared,gpu-other
Plug-ins\Effects\mochaAE\MochaAE.bundle\Contents\Win64\mochaui\bin\GPU.dll,GPU.dll,.dll,149,94,0005E600,??0RemoveAnalyzerCLCPP@GPU@@QEAA@XZ,,other,runtime-exported-internal-or-shared,gpu-other
Plug-ins\Effects\mochaAE\MochaAE.bundle\Contents\Win64\mochaui\bin\GPU.dll,GPU.dll,.dll,150,95,0007EA30,??0RemoveBackendCL@GPU@@QEAA@$$QEAV01@@Z,,other,runtime-exported-internal-or-shared,gpu-other
Plug-ins\Effects\mochaAE\MochaAE.bundle\Contents\Win64\mochaui\bin\GPU.dll,GPU.dll,.dll,151,96,0007EB20,??0RemoveBackendCL@GPU@@QEAA@AEBV01@@Z,,other,runtime-exported-internal-or-shared,gpu-other
Plug-ins\Effects\mochaAE\MochaAE.bundle\Contents\Win64\mochaui\bin\GPU.dll,GPU.dll,.dll,152,97,0007EC20,??0RemoveBackendCL@GPU@@QEAA@V?$shared_ptr@VContext@GPU@@@std@@V?$shared_ptr@VICommonBackend@GPU@@@3@@Z,,other,runtime-exported-internal-or-shared,gpu-other
Plug-ins\Effects\mochaAE\MochaAE.bundle\Contents\Win64\mochaui\bin\GPU.dll,GPU.dll,.dll,153,98,00064070,??0RemoveBackendCLCPP@GPU@@QEAA@$$QEAV01@@Z,,other,runtime-exported-internal-or-shared,gpu-other
Plug-ins\Effects\mochaAE\MochaAE.bundle\Contents\Win64\mochaui\bin\GPU.dll,GPU.dll,.dll,154,99,000640D0,??0RemoveBackendCLCPP@GPU@@QEAA@AEBV01@@Z,,other,runtime-exported-internal-or-shared,gpu-other
Plug-ins\Effects\mochaAE\MochaAE.bundle\Contents\Win64\mochaui\bin\GPU.dll,GPU.dll,.dll,155,9A,00064140,??0RemoveBackendCLCPP@GPU@@QEAA@I@Z,,other,runtime-exported-internal-or-shared,gpu-other
Plug-ins\Effects\mochaAE\MochaAE.bundle\Contents\Win64\mochaui\bin\GPU.dll,GPU.dll,.dll,159,9E,00009320,??0ThreadLocalScopedPtr@KernelLauncher@CLCPP@GPU@@QEAA@AEBUKernelGlobals@123@@Z,,other,runtime-exported-internal-or-shared,gpu-other
Plug-ins\Effects\mochaAE\MochaAE.bundle\Contents\Win64\mochaui\bin\GPU.dll,GPU.dll,.dll,160,9F,000EC8A0,??0TrackBackend@GPU@@QEAA@$$QEAV01@@Z,,other,runtime-exported-internal-or-shared,gpu-other
Plug-ins\Effects\mochaAE\MochaAE.bundle\Contents\Win64\mochaui\bin\GPU.dll,GPU.dll,.dll,161,A0,000EC8E0,??0TrackBackend@GPU@@QEAA@AEBV01@@Z,,other,runtime-exported-internal-or-shared,gpu-other
Plug-ins\Effects\mochaAE\MochaAE.bundle\Contents\Win64\mochaui\bin\GPU.dll,GPU.dll,.dll,162,A1,000EC920,??0TrackBackend@GPU@@QEAA@XZ,,other,runtime-exported-internal-or-shared,gpu-other
Plug-ins\Effects\mochaAE\MochaAE.bundle\Contents\Win64\mochaui\bin\GPU.dll,GPU.dll,.dll,163,A2,000DBA80,??0Tracker@GPU@@QEAA@AEBV01@@Z,,other,runtime-exported-internal-or-shared,gpu-other
Plug-ins\Effects\mochaAE\MochaAE.bundle\Contents\Win64\mochaui\bin\GPU.dll,GPU.dll,.dll,164,A3,000DC0B0,??0Tracker@GPU@@QEAA@AEBVQString@isl0@@U?$pair@HH@std@@IIIW4_TrackModel@@W4MotionMode@ITracker@1@@Z,,other,runtime-exported-internal-or-shared,gpu-other
Plug-ins\Effects\mochaAE\MochaAE.bundle\Contents\Win64\mochaui\bin\GPU.dll,GPU.dll,.dll,165,A4,000DC350,??0Tracker@GPU@@QEAA@IIIAEBVQString@isl0@@@Z,,other,runtime-exported-internal-or-shared,gpu-other
Plug-ins\Effects\mochaAE\MochaAE.bundle\Contents\Win64\mochaui\bin\GPU.dll,GPU.dll,.dll,166,A5,000DC3A0,??0Tracker@GPU@@QEAA@W4_TrackModel@@W4MotionMode@ITracker@1@AEBVQString@isl0@@@Z,,other,runtime-exported-internal-or-shared,gpu-other
Plug-ins\Effects\mochaAE\MochaAE.bundle\Contents\Win64\mochaui\bin\GPU.dll,GPU.dll,.dll,167,A6,000C7470,??0TrackerBuffers@GPU@@QEAA@$$QEAV01@@Z,,other,runtime-exported-internal-or-shared,gpu-other
Plug-ins\Effects\mochaAE\MochaAE.bundle\Contents\Win64\mochaui\bin\GPU.dll,GPU.dll,.dll,168,A7,000C7910,??0TrackerBuffers@GPU@@QEAA@AEBV01@@Z,,other,runtime-exported-internal-or-shared,gpu-other
Plug-ins\Effects\mochaAE\MochaAE.bundle\Contents\Win64\mochaui\bin\GPU.dll,GPU.dll,.dll,169,A8,000C7D10,??0TrackerBuffers@GPU@@QEAA@XZ,,other,runtime-exported-internal-or-shared,gpu-other
Plug-ins\Effects\mochaAE\MochaAE.bundle\Contents\Win64\mochaui\bin\GPU.dll,GPU.dll,.dll,170,A9,0001DCA0,??0TrackingChecker@GPU@@QEAA@$$QEAU01@@Z,,other,runtime-exported-internal-or-shared,gpu-other
Plug-ins\Effects\mochaAE\MochaAE.bundle\Contents\Win64\mochaui\bin\GPU.dll,GPU.dll,.dll,171,AA,0001DCA0,??0TrackingChecker@GPU@@QEAA@AEBU01@@Z,,other,runtime-exported-internal-or-shared,gpu-other
Plug-ins\Effects\mochaAE\MochaAE.bundle\Contents\Win64\mochaui\bin\GPU.dll,GPU.dll,.dll,172,AB,0001DCA0,??0TrackingChecker@GPU@@QEAA@XZ,,other,runtime-exported-internal-or-shared,gpu-other
Plug-ins\Effects\mochaAE\MochaAE.bundle\Contents\Win64\mochaui\bin\GPU.dll,GPU.dll,.dll,173,AC,000C7090,??0WarpKernels@GPU@@QEAA@$$QEAV01@@Z,,other,runtime-exported-internal-or-shared,gpu-other
Plug-ins\Effects\mochaAE\MochaAE.bundle\Contents\Win64\mochaui\bin\GPU.dll,GPU.dll,.dll,174,AD,000EA0F0,??0WarpKernels@GPU@@QEAA@AEBUDeviceKernelInfo@1@AEBVQString@isl0@@V?$shared_ptr@VContext@GPU@@@std@@V?$shared_ptr@VICommonBackend@GPU@@@6@V?$shared_ptr@VBufferKernelsF@GPU@@@6@@Z,,other,runtime-exported-internal-or-shared,gpu-other
Plug-ins\Effects\mochaAE\MochaAE.bundle\Contents\Win64\mochaui\bin\GPU.dll,GPU.dll,.dll,175,AE,000C73A0,??0WarpKernels@GPU@@QEAA@AEBV01@@Z,,other,runtime-exported-internal-or-shared,gpu-other
Plug-ins\Effects\mochaAE\MochaAE.bundle\Contents\Win64\mochaui\bin\GPU.dll,GPU.dll,.dll,176,AF,0008A580,??1?$FillMattesBase@V?$shared_ptr@$$CBVIMask@GPU@@@std@@@IS@@QEAA@XZ,,other,runtime-exported-internal-or-shared,gpu-other
Plug-ins\Effects\mochaAE\MochaAE.bundle\Contents\Win64\mochaui\bin\GPU.dll,GPU.dll,.dll,177,B0,00030410,??1?$MatteCacheBase@V?$shared_ptr@$$CBVIMask@GPU@@@std@@V12@@IS@@UEAA@XZ,,other,runtime-exported-internal-or-shared,gpu-other
Plug-ins\Effects\mochaAE\MochaAE.bundle\Contents\Win64\mochaui\bin\GPU.dll,GPU.dll,.dll,178,B1,000093B0,??1AvailabilityChecker@GPU@@MEAA@XZ,,other,runtime-exported-internal-or-shared,gpu-other
Plug-ins\Effects\mochaAE\MochaAE.bundle\Contents\Win64\mochaui\bin\GPU.dll,GPU.dll,.dll,179,B2,000EE3B0,??1BackendFactoryBase@GPU@@QEAA@XZ,,other,runtime-exported-internal-or-shared,gpu-other
Plug-ins\Effects\mochaAE\MochaAE.bundle\Contents\Win64\mochaui\bin\GPU.dll,GPU.dll,.dll,180,B3,000EE560,??1BackendFactoryCL@GPU@@UEAA@XZ,,other,runtime-exported-internal-or-shared,gpu-other
Plug-ins\Effects\mochaAE\MochaAE.bundle\Contents\Win64\mochaui\bin\GPU.dll,GPU.dll,.dll,181,B4,000EF0A0,??1BackendFactoryCLCPP@GPU@@UEAA@XZ,,other,runtime-exported-internal-or-shared,gpu-other
Plug-ins\Effects\mochaAE\MochaAE.bundle\Contents\Win64\mochaui\bin\GPU.dll,GPU.dll,.dll,182,B5,000EFBE0,??1BackendManager@GPU@@QEAA@XZ,,other,runtime-exported-internal-or-shared,gpu-other
Plug-ins\Effects\mochaAE\MochaAE.bundle\Contents\Win64\mochaui\bin\GPU.dll,GPU.dll,.dll,183,B6,000C7EC0,??1BufferKernelsF@GPU@@QEAA@XZ,,other,runtime-exported-internal-or-shared,gpu-other
Plug-ins\Effects\mochaAE\MochaAE.bundle\Contents\Win64\mochaui\bin\GPU.dll,GPU.dll,.dll,184,B7,0001DEF0,??1BufferUtils@GPU@@UEAA@XZ,,other,runtime-exported-internal-or-shared,gpu-other
Plug-ins\Effects\mochaAE\MochaAE.bundle\Contents\Win64\mochaui\bin\GPU.dll,GPU.dll,.dll,185,B8,00021F80,??1CLBackendBase@GPU@@QEAA@XZ,,other,runtime-exported-internal-or-shared,gpu-other
Plug-ins\Effects\mochaAE\MochaAE.bundle\Contents\Win64\mochaui\bin\GPU.dll,GPU.dll,.dll,186,B9,000A1D40,??1CLBufferBase@GPU@@UEAA@XZ,,other,runtime-exported-internal-or-shared,gpu-other
Plug-ins\Effects\mochaAE\MochaAE.bundle\Contents\Win64\mochaui\bin\GPU.dll,GPU.dll,.dll,187,BA,00018C00,??1CLBufferDumper@GPU@@QEAA@XZ,,other,runtime-exported-internal-or-shared,gpu-other
Plug-ins\Effects\mochaAE\MochaAE.bundle\Contents\Win64\mochaui\bin\GPU.dll,GPU.dll,.dll,188,BB,0000BCD0,??1CLException@GPU@@UEAA@XZ,,other,runtime-exported-internal-or-shared,gpu-other
Plug-ins\Effects\mochaAE\MochaAE.bundle\Contents\Win64\mochaui\bin\GPU.dll,GPU.dll,.dll,189,BC,00018C00,??1CLHostMatteDumper@GPU@@QEAA@XZ,,other,runtime-exported-internal-or-shared,gpu-other
Plug-ins\Effects\mochaAE\MochaAE.bundle\Contents\Win64\mochaui\bin\GPU.dll,GPU.dll,.dll,190,BD,000F09E0,??1CLMatteCache@GPU@@UEAA@XZ,,other,runtime-exported-internal-or-shared,gpu-other
Plug-ins\Effects\mochaAE\MochaAE.bundle\Contents\Win64\mochaui\bin\GPU.dll,GPU.dll,.dll,191,BE,0000BD00,??1CL_Host_Matte@GPU@@QEAA@XZ,,other,runtime-exported-internal-or-shared,gpu-other
Plug-ins\Effects\mochaAE\MochaAE.bundle\Contents\Win64\mochaui\bin\GPU.dll,GPU.dll,.dll,192,BF,000093B0,??1CombinedAvailabilityChecker@GPU@@UEAA@XZ,,other,runtime-exported-internal-or-shared,gpu-other
Plug-ins\Effects\mochaAE\MochaAE.bundle\Contents\Win64\mochaui\bin\GPU.dll,GPU.dll,.dll,193,C0,000228E0,??1CommonBackendCL@GPU@@UEAA@XZ,,other,runtime-exported-internal-or-shared,gpu-other
Plug-ins\Effects\mochaAE\MochaAE.bundle\Contents\Win64\mochaui\bin\GPU.dll,GPU.dll,.dll,194,C1,0001DF80,??1Context@GPU@@QEAA@XZ,,other,runtime-exported-internal-or-shared,gpu-other
Plug-ins\Effects\mochaAE\MochaAE.bundle\Contents\Win64\mochaui\bin\GPU.dll,GPU.dll,.dll,196,C3,000CD2A0,??1CorrelationKernels@GPU@@QEAA@XZ,,other,runtime-exported-internal-or-shared,gpu-other
Plug-ins\Effects\mochaAE\MochaAE.bundle\Contents\Win64\mochaui\bin\GPU.dll,GPU.dll,.dll,197,C4,0001E0C0,??1DeviceInfo@GPU@@QEAA@XZ,,other,runtime-exported-internal-or-shared,gpu-other
Plug-ins\Effects\mochaAE\MochaAE.bundle\Contents\Win64\mochaui\bin\GPU.dll,GPU.dll,.dll,198,C5,0000BCD0,??1Exception@GPU@@UEAA@XZ,,other,runtime-exported-internal-or-shared,gpu-other
Plug-ins\Effects\mochaAE\MochaAE.bundle\Contents\Win64\mochaui\bin\GPU.dll,GPU.dll,.dll,199,C6,0008A700,??1FillAnalyzer@GPU@@UEAA@XZ,,other,runtime-exported-internal-or-shared,gpu-other
Plug-ins\Effects\mochaAE\MochaAE.bundle\Contents\Win64\mochaui\bin\GPU.dll,GPU.dll,.dll,200,C7,0008A580,??1FillMattesCL@GPU@@QEAA@XZ,,other,runtime-exported-internal-or-shared,gpu-other
Plug-ins\Effects\mochaAE\MochaAE.bundle\Contents\Win64\mochaui\bin\GPU.dll,GPU.dll,.dll,201,C8,000C7EC0,??1GradientKernels@GPU@@QEAA@XZ,,other,runtime-exported-internal-or-shared,gpu-other
Plug-ins\Effects\mochaAE\MochaAE.bundle\Contents\Win64\mochaui\bin\GPU.dll,GPU.dll,.dll,202,C9,000EE5F0,??1IBackendFactory@GPU@@UEAA@XZ,,other,runtime-exported-internal-or-shared,gpu-other
Plug-ins\Effects\mochaAE\MochaAE.bundle\Contents\Win64\mochaui\bin\GPU.dll,GPU.dll,.dll,203,CA,0000BD60,??1IBuffer2D@GPU@@UEAA@XZ,,other,runtime-exported-internal-or-shared,gpu-other
Plug-ins\Effects\mochaAE\MochaAE.bundle\Contents\Win64\mochaui\bin\GPU.dll,GPU.dll,.dll,204,CB,0000BD60,??1IBuffer@GPU@@UEAA@XZ,,other,runtime-exported-internal-or-shared,gpu-other
Plug-ins\Effects\mochaAE\MochaAE.bundle\Contents\Win64\mochaui\bin\GPU.dll,GPU.dll,.dll,205,CC,0000C4D0,??1IBufferUtils@GPU@@UEAA@XZ,,other,runtime-exported-internal-or-shared,gpu-other
Plug-ins\Effects\mochaAE\MochaAE.bundle\Contents\Win64\mochaui\bin\GPU.dll,GPU.dll,.dll,206,CD,000EE600,??1IFillFrameProvider@GPU@@UEAA@XZ,,other,runtime-exported-internal-or-shared,gpu-other
Plug-ins\Effects\mochaAE\MochaAE.bundle\Contents\Win64\mochaui\bin\GPU.dll,GPU.dll,.dll,207,CE,0001E150,??1IGPUMemoryLimit@GPU@@UEAA@XZ,,other,runtime-exported-internal-or-shared,gpu-other
Plug-ins\Effects\mochaAE\MochaAE.bundle\Contents\Win64\mochaui\bin\GPU.dll,GPU.dll,.dll,208,CF,0000BD60,??1IImage2D@GPU@@UEAA@XZ,,other,runtime-exported-internal-or-shared,gpu-other
Plug-ins\Effects\mochaAE\MochaAE.bundle\Contents\Win64\mochaui\bin\GPU.dll,GPU.dll,.dll,209,D0,0000BD60,??1IImage2DArray@GPU@@UEAA@XZ,,other,runtime-exported-internal-or-shared,gpu-other
Plug-ins\Effects\mochaAE\MochaAE.bundle\Contents\Win64\mochaui\bin\GPU.dll,GPU.dll,.dll,210,D1,0000CA00,??1IImageProc@GPU@@UEAA@XZ,,other,runtime-exported-internal-or-shared,gpu-other
Plug-ins\Effects\mochaAE\MochaAE.bundle\Contents\Win64\mochaui\bin\GPU.dll,GPU.dll,.dll,211,D2,0000CA10,??1IImageUtils@GPU@@UEAA@XZ,,other,runtime-exported-internal-or-shared,gpu-other
Plug-ins\Effects\mochaAE\MochaAE.bundle\Contents\Win64\mochaui\bin\GPU.dll,GPU.dll,.dll,212,D3,0000CA20,??1IMatteCaches@GPU@@UEAA@XZ,,other,runtime-exported-internal-or-shared,gpu-other
Plug-ins\Effects\mochaAE\MochaAE.bundle\Contents\Win64\mochaui\bin\GPU.dll,GPU.dll,.dll,214,D5,0000CA40,??1IMatteUtils@GPU@@UEAA@XZ,,other,runtime-exported-internal-or-shared,gpu-other
Plug-ins\Effects\mochaAE\MochaAE.bundle\Contents\Win64\mochaui\bin\GPU.dll,GPU.dll,.dll,215,D6,000093B0,??1IMeshTracker@GPU@@UEAA@XZ,,other,runtime-exported-internal-or-shared,gpu-other
Plug-ins\Effects\mochaAE\MochaAE.bundle\Contents\Win64\mochaui\bin\GPU.dll,GPU.dll,.dll,216,D7,00049420,??1IRemoveAnalyzer@GPU@@UEAA@XZ,,other,runtime-exported-internal-or-shared,gpu-other
Plug-ins\Effects\mochaAE\MochaAE.bundle\Contents\Win64\mochaui\bin\GPU.dll,GPU.dll,.dll,217,D8,0000C9F0,??1IRemoveBackend@GPU@@UEAA@XZ,,other,runtime-exported-internal-or-shared,gpu-other
Plug-ins\Effects\mochaAE\MochaAE.bundle\Contents\Win64\mochaui\bin\GPU.dll,GPU.dll,.dll,218,D9,00049430,??1IRemoveBuffers@GPU@@UEAA@XZ,,other,runtime-exported-internal-or-shared,gpu-other
Plug-ins\Effects\mochaAE\MochaAE.bundle\Contents\Win64\mochaui\bin\GPU.dll,GPU.dll,.dll,219,DA,00049440,??1IRemoveIllumination@GPU@@UEAA@XZ,,other,runtime-exported-internal-or-shared,gpu-other
Plug-ins\Effects\mochaAE\MochaAE.bundle\Contents\Win64\mochaui\bin\GPU.dll,GPU.dll,.dll,221,DC,0000C9F0,??1ITrackBackend@GPU@@UEAA@XZ,,other,runtime-exported-internal-or-shared,gpu-other
Plug-ins\Effects\mochaAE\MochaAE.bundle\Contents\Win64\mochaui\bin\GPU.dll,GPU.dll,.dll,222,DD,000DC420,??1ITracker@GPU@@UEAA@XZ,,other,runtime-exported-internal-or-shared,gpu-other
Plug-ins\Effects\mochaAE\MochaAE.bundle\Contents\Win64\mochaui\bin\GPU.dll,GPU.dll,.dll,223,DE,0000CA00,??1ImageProcBase@GPU@@UEAA@XZ,,other,runtime-exported-internal-or-shared,gpu-other
Plug-ins\Effects\mochaAE\MochaAE.bundle\Contents\Win64\mochaui\bin\GPU.dll,GPU.dll,.dll,224,DF,00022A20,??1ImageProcCL@GPU@@UEAA@XZ,,other,runtime-exported-internal-or-shared,gpu-other
Plug-ins\Effects\mochaAE\MochaAE.bundle\Contents\Win64\mochaui\bin\GPU.dll,GPU.dll,.dll,225,E0,0000CA00,??1ImageProcCLCPP@GPU@@UEAA@XZ,,other,runtime-exported-internal-or-shared,gpu-other
Plug-ins\Effects\mochaAE\MochaAE.bundle\Contents\Win64\mochaui\bin\GPU.dll,GPU.dll,.dll,226,E1,00022AC0,??1ImageUtils@GPU@@UEAA@XZ,,other,runtime-exported-internal-or-shared,gpu-other
Plug-ins\Effects\mochaAE\MochaAE.bundle\Contents\Win64\mochaui\bin\GPU.dll,GPU.dll,.dll,227,E2,0000CA10,??1ImageUtilsCLCPP@GPU@@UEAA@XZ,,other,runtime-exported-internal-or-shared,gpu-other
Plug-ins\Effects\mochaAE\MochaAE.bundle\Contents\Win64\mochaui\bin\GPU.dll,GPU.dll,.dll,228,E3,0003B3B0,??1Info@GPU@@QEAA@XZ,,other,runtime-exported-internal-or-shared,gpu-other
Plug-ins\Effects\mochaAE\MochaAE.bundle\Contents\Win64\mochaui\bin\GPU.dll,GPU.dll,.dll,229,E4,00018C00,??1LayerMatteDumper@GPU@@QEAA@XZ,,other,runtime-exported-internal-or-shared,gpu-other
Plug-ins\Effects\mochaAE\MochaAE.bundle\Contents\Win64\mochaui\bin\GPU.dll,GPU.dll,.dll,230,E5,00022BB0,??1MatteUtils@GPU@@UEAA@XZ,,other,runtime-exported-internal-or-shared,gpu-other
Plug-ins\Effects\mochaAE\MochaAE.bundle\Contents\Win64\mochaui\bin\GPU.dll,GPU.dll,.dll,231,E6,0000CA40,??1MatteUtilsCLCPP@GPU@@UEAA@XZ,,other,runtime-exported-internal-or-shared,gpu-other
Plug-ins\Effects\mochaAE\MochaAE.bundle\Contents\Win64\mochaui\bin\GPU.dll,GPU.dll,.dll,232,E7,000093B0,??1MeshTracker@GPU@@UEAA@XZ,,other,runtime-exported-internal-or-shared,gpu-other
Plug-ins\Effects\mochaAE\MochaAE.bundle\Contents\Win64\mochaui\bin\GPU.dll,GPU.dll,.dll,233,E8,000093B0,??1MeshTrackerOF@GPU@@UEAA@XZ,,other,runtime-exported-internal-or-shared,gpu-other
Plug-ins\Effects\mochaAE\MochaAE.bundle\Contents\Win64\mochaui\bin\GPU.dll,GPU.dll,.dll,235,EA,000D5B70,??1OptimizationKernels@GPU@@QEAA@XZ,,other,runtime-exported-internal-or-shared,gpu-other
Plug-ins\Effects\mochaAE\MochaAE.bundle\Contents\Win64\mochaui\bin\GPU.dll,GPU.dll,.dll,236,EB,0003B3F0,??1PlatformInfo@GPU@@QEAA@XZ,,other,runtime-exported-internal-or-shared,gpu-other
Plug-ins\Effects\mochaAE\MochaAE.bundle\Contents\Win64\mochaui\bin\GPU.dll,GPU.dll,.dll,237,EC,000CD2A0,??1PyramidKernels@GPU@@QEAA@XZ,,other,runtime-exported-internal-or-shared,gpu-other
Plug-ins\Effects\mochaAE\MochaAE.bundle\Contents\Win64\mochaui\bin\GPU.dll,GPU.dll,.dll,238,ED,00075740,??1RemoveAnalyzer@GPU@@UEAA@XZ,,other,runtime-exported-internal-or-shared,gpu-other
Plug-ins\Effects\mochaAE\MochaAE.bundle\Contents\Win64\mochaui\bin\GPU.dll,GPU.dll,.dll,239,EE,00049420,??1RemoveAnalyzerCLCPP@GPU@@UEAA@XZ,,other,runtime-exported-internal-or-shared,gpu-other
Plug-ins\Effects\mochaAE\MochaAE.bundle\Contents\Win64\mochaui\bin\GPU.dll,GPU.dll,.dll,240,EF,0007EFE0,??1RemoveBackendCL@GPU@@UEAA@XZ,,other,runtime-exported-internal-or-shared,gpu-other
Plug-ins\Effects\mochaAE\MochaAE.bundle\Contents\Win64\mochaui\bin\GPU.dll,GPU.dll,.dll,241,F0,00064390,??1RemoveBackendCLCPP@GPU@@UEAA@XZ,,other,runtime-exported-internal-or-shared,gpu-other
Plug-ins\Effects\mochaAE\MochaAE.bundle\Contents\Win64\mochaui\bin\GPU.dll,GPU.dll,.dll,243,F2,00009350,??1ThreadLocalScopedPtr@KernelLauncher@CLCPP@GPU@@QEAA@XZ,,other,runtime-exported-internal-or-shared,gpu-other
Plug-ins\Effects\mochaAE\MochaAE.bundle\Contents\Win64\mochaui\bin\GPU.dll,GPU.dll,.dll,244,F3,000EC9E0,??1TrackBackend@GPU@@UEAA@XZ,,other,runtime-exported-internal-or-shared,gpu-other
Plug-ins\Effects\mochaAE\MochaAE.bundle\Contents\Win64\mochaui\bin\GPU.dll,GPU.dll,.dll,245,F4,000DC430,??1Tracker@GPU@@UEAA@XZ,,other,runtime-exported-internal-or-shared,gpu-other
Plug-ins\Effects\mochaAE\MochaAE.bundle\Contents\Win64\mochaui\bin\GPU.dll,GPU.dll,.dll,246,F5,000C7FC0,??1TrackerBuffers@GPU@@QEAA@XZ,,other,runtime-exported-internal-or-shared,gpu-other
Plug-ins\Effects\mochaAE\MochaAE.bundle\Contents\Win64\mochaui\bin\GPU.dll,GPU.dll,.dll,247,F6,000093B0,??1TrackingChecker@GPU@@UEAA@XZ,,other,runtime-exported-internal-or-shared,gpu-other
Plug-ins\Effects\mochaAE\MochaAE.bundle\Contents\Win64\mochaui\bin\GPU.dll,GPU.dll,.dll,248,F7,000C7EC0,??1WarpKernels@GPU@@QEAA@XZ,,other,runtime-exported-internal-or-shared,gpu-other
Plug-ins\Effects\mochaAE\MochaAE.bundle\Contents\Win64\mochaui\bin\GPU.dll,GPU.dll,.dll,249,F8,0008A850,??4?$FillMattesBase@V?$shared_ptr@$$CBVIMask@GPU@@@std@@@IS@@QEAAAEAV01@AEBV01@@Z,,other,runtime-exported-internal-or-shared,gpu-other
Plug-ins\Effects\mochaAE\MochaAE.bundle\Contents\Win64\mochaui\bin\GPU.dll,GPU.dll,.dll,250,F9,000093A0,??4?$empty_base@VDeviceInfo@GPU@@@operators_detail@operators_impl@boost@@QEAAAEAV0123@$$QEAV0123@@Z,,other,runtime-exported-internal-or-shared,gpu-other
Plug-ins\Effects\mochaAE\MochaAE.bundle\Contents\Win64\mochaui\bin\GPU.dll,GPU.dll,.dll,251,FA,000093A0,??4?$empty_base@VDeviceInfo@GPU@@@operators_detail@operators_impl@boost@@QEAAAEAV0123@AEBV0123@@Z,,other,runtime-exported-internal-or-shared,gpu-other
Plug-ins\Effects\mochaAE\MochaAE.bundle\Contents\Win64\mochaui\bin\GPU.dll,GPU.dll,.dll,252,FB,000093A0,??4?$empty_base@VPlatformInfo@GPU@@@operators_detail@operators_impl@boost@@QEAAAEAV0123@$$QEAV0123@@Z,,other,runtime-exported-internal-or-shared,gpu-other
Plug-ins\Effects\mochaAE\MochaAE.bundle\Contents\Win64\mochaui\bin\GPU.dll,GPU.dll,.dll,253,FC,000093A0,??4?$empty_base@VPlatformInfo@GPU@@@operators_detail@operators_impl@boost@@QEAAAEAV0123@AEBV0123@@Z,,other,runtime-exported-internal-or-shared,gpu-other
Plug-ins\Effects\mochaAE\MochaAE.bundle\Contents\Win64\mochaui\bin\GPU.dll,GPU.dll,.dll,254,FD,000093A0,??4?$equality_comparable1@VDeviceInfo@GPU@@V?$empty_base@VDeviceInfo@GPU@@@operators_detail@operators_impl@boost@@@operators_impl@boost@@QEAAAEAU012@$$QEAU012@@Z,,other,runtime-exported-internal-or-shared,gpu-other
Plug-ins\Effects\mochaAE\MochaAE.bundle\Contents\Win64\mochaui\bin\GPU.dll,GPU.dll,.dll,255,FE,000093A0,??4?$equality_comparable1@VDeviceInfo@GPU@@V?$empty_base@VDeviceInfo@GPU@@@operators_detail@operators_impl@boost@@@operators_impl@boost@@QEAAAEAU012@AEBU012@@Z,,other,runtime-exported-internal-or-shared,gpu-other
Plug-ins\Effects\mochaAE\MochaAE.bundle\Contents\Win64\mochaui\bin\GPU.dll,GPU.dll,.dll,256,FF,000093A0,??4?$equality_comparable1@VPlatformInfo@GPU@@V?$empty_base@VPlatformInfo@GPU@@@operators_detail@operators_impl@boost@@@operators_impl@boost@@QEAAAEAU012@$$QEAU012@@Z,,other,runtime-exported-internal-or-shared,gpu-other
Plug-ins\Effects\mochaAE\MochaAE.bundle\Contents\Win64\mochaui\bin\GPU.dll,GPU.dll,.dll,257,100,000093A0,??4?$equality_comparable1@VPlatformInfo@GPU@@V?$empty_base@VPlatformInfo@GPU@@@operators_detail@operators_impl@boost@@@operators_impl@boost@@QEAAAEAU012@AEBU012@@Z,,other,runtime-exported-internal-or-shared,gpu-other
Plug-ins\Effects\mochaAE\MochaAE.bundle\Contents\Win64\mochaui\bin\GPU.dll,GPU.dll,.dll,258,101,000093A0,??4?$equality_comparable@VDeviceInfo@GPU@@V12@V?$empty_base@VDeviceInfo@GPU@@@operators_detail@operators_impl@boost@@Ufalse_t@456@@operators_impl@boost@@QEAAAEAU012@$$QEAU012@@Z,,other,runtime-exported-internal-or-shared,gpu-other
Plug-ins\Effects\mochaAE\MochaAE.bundle\Contents\Win64\mochaui\bin\GPU.dll,GPU.dll,.dll,259,102,000093A0,??4?$equality_comparable@VDeviceInfo@GPU@@V12@V?$empty_base@VDeviceInfo@GPU@@@operators_detail@operators_impl@boost@@Ufalse_t@456@@operators_impl@boost@@QEAAAEAU012@AEBU012@@Z,,other,runtime-exported-internal-or-shared,gpu-other
Plug-ins\Effects\mochaAE\MochaAE.bundle\Contents\Win64\mochaui\bin\GPU.dll,GPU.dll,.dll,260,103,000093A0,??4AvailabilityChecker@GPU@@QEAAAEAU01@AEBU01@@Z,,other,runtime-exported-internal-or-shared,gpu-other
Plug-ins\Effects\mochaAE\MochaAE.bundle\Contents\Win64\mochaui\bin\GPU.dll,GPU.dll,.dll,261,104,000C8400,??4BufferKernelsF@GPU@@QEAAAEAV01@$$QEAV01@@Z,,other,runtime-exported-internal-or-shared,gpu-other
Plug-ins\Effects\mochaAE\MochaAE.bundle\Contents\Win64\mochaui\bin\GPU.dll,GPU.dll,.dll,262,105,000C8520,??4BufferKernelsF@GPU@@QEAAAEAV01@AEBV01@@Z,,other,runtime-exported-internal-or-shared,gpu-other
Plug-ins\Effects\mochaAE\MochaAE.bundle\Contents\Win64\mochaui\bin\GPU.dll,GPU.dll,.dll,263,106,0001E180,??4BufferUtils@GPU@@QEAAAEAV01@AEBV01@@Z,,other,runtime-exported-internal-or-shared,gpu-other
Plug-ins\Effects\mochaAE\MochaAE.bundle\Contents\Win64\mochaui\bin\GPU.dll,GPU.dll,.dll,264,107,00021FE0,??4CLBackendBase@GPU@@QEAAAEAV01@$$QEAV01@@Z,,other,runtime-exported-internal-or-shared,gpu-other
Plug-ins\Effects\mochaAE\MochaAE.bundle\Contents\Win64\mochaui\bin\GPU.dll,GPU.dll,.dll,265,108,00022080,??4CLBackendBase@GPU@@QEAAAEAV01@AEBV01@@Z,,other,runtime-exported-internal-or-shared,gpu-other
Plug-ins\Effects\mochaAE\MochaAE.bundle\Contents\Win64\mochaui\bin\GPU.dll,GPU.dll,.dll,266,109,00018C10,??4CLBufferDumper@GPU@@QEAAAEAV01@$$QEAV01@@Z,,other,runtime-exported-internal-or-shared,gpu-other
Plug-ins\Effects\mochaAE\MochaAE.bundle\Contents\Win64\mochaui\bin\GPU.dll,GPU.dll,.dll,267,10A,00018C30,??4CLBufferDumper@GPU@@QEAAAEAV01@AEBV01@@Z,,other,runtime-exported-internal-or-shared,gpu-other
Plug-ins\Effects\mochaAE\MochaAE.bundle\Contents\Win64\mochaui\bin\GPU.dll,GPU.dll,.dll,268,10B,0000BD70,??4CLException@GPU@@QEAAAEAV01@$$QEAV01@@Z,,other,runtime-exported-internal-or-shared,gpu-other
Plug-ins\Effects\mochaAE\MochaAE.bundle\Contents\Win64\mochaui\bin\GPU.dll,GPU.dll,.dll,269,10C,0000BDC0,??4CLException@GPU@@QEAAAEAV01@AEBV01@@Z,,other,runtime-exported-internal-or-shared,gpu-other
Plug-ins\Effects\mochaAE\MochaAE.bundle\Contents\Win64\mochaui\bin\GPU.dll,GPU.dll,.dll,270,10D,00018C10,??4CLHostMatteDumper@GPU@@QEAAAEAV01@$$QEAV01@@Z,,other,runtime-exported-internal-or-shared,gpu-other
Plug-ins\Effects\mochaAE\MochaAE.bundle\Contents\Win64\mochaui\bin\GPU.dll,GPU.dll,.dll,271,10E,00018C30,??4CLHostMatteDumper@GPU@@QEAAAEAV01@AEBV01@@Z,,other,runtime-exported-internal-or-shared,gpu-other
Plug-ins\Effects\mochaAE\MochaAE.bundle\Contents\Win64\mochaui\bin\GPU.dll,GPU.dll,.dll,272,10F,0000BE10,??4CL_Host_Matte@GPU@@QEAAAEAV01@AEBV01@@Z,,other,runtime-exported-internal-or-shared,gpu-other
Plug-ins\Effects\mochaAE\MochaAE.bundle\Contents\Win64\mochaui\bin\GPU.dll,GPU.dll,.dll,273,110,000093A0,??4CombinedAvailabilityChecker@GPU@@QEAAAEAU01@$$QEAU01@@Z,,other,runtime-exported-internal-or-shared,gpu-other
Plug-ins\Effects\mochaAE\MochaAE.bundle\Contents\Win64\mochaui\bin\GPU.dll,GPU.dll,.dll,274,111,000093A0,??4CombinedAvailabilityChecker@GPU@@QEAAAEAU01@AEBU01@@Z,,other,runtime-exported-internal-or-shared,gpu-other
Plug-ins\Effects\mochaAE\MochaAE.bundle\Contents\Win64\mochaui\bin\GPU.dll,GPU.dll,.dll,275,112,00022DC0,??4CommonBackendCL@GPU@@QEAAAEAV01@$$QEAV01@@Z,,other,runtime-exported-internal-or-shared,gpu-other
Plug-ins\Effects\mochaAE\MochaAE.bundle\Contents\Win64\mochaui\bin\GPU.dll,GPU.dll,.dll,276,113,00022F60,??4CommonBackendCL@GPU@@QEAAAEAV01@AEBV01@@Z,,other,runtime-exported-internal-or-shared,gpu-other
Plug-ins\Effects\mochaAE\MochaAE.bundle\Contents\Win64\mochaui\bin\GPU.dll,GPU.dll,.dll,278,115,000CD450,??4CorrelationKernels@GPU@@QEAAAEAV01@$$QEAV01@@Z,,other,runtime-exported-internal-or-shared,gpu-other
Plug-ins\Effects\mochaAE\MochaAE.bundle\Contents\Win64\mochaui\bin\GPU.dll,GPU.dll,.dll,279,116,000CD530,??4CorrelationKernels@GPU@@QEAAAEAV01@AEBV01@@Z,,other,runtime-exported-internal-or-shared,gpu-other
Plug-ins\Effects\mochaAE\MochaAE.bundle\Contents\Win64\mochaui\bin\GPU.dll,GPU.dll,.dll,280,117,00039D40,??4DeviceInfo@GPU@@QEAAAEAV01@V01@@Z,,other,runtime-exported-internal-or-shared,gpu-other
Plug-ins\Effects\mochaAE\MochaAE.bundle\Contents\Win64\mochaui\bin\GPU.dll,GPU.dll,.dll,281,118,0000BF00,??4Exception@GPU@@QEAAAEAV01@$$QEAV01@@Z,,other,runtime-exported-internal-or-shared,gpu-other
Plug-ins\Effects\mochaAE\MochaAE.bundle\Contents\Win64\mochaui\bin\GPU.dll,GPU.dll,.dll,282,119,0000BF50,??4Exception@GPU@@QEAAAEAV01@AEBV01@@Z,,other,runtime-exported-internal-or-shared,gpu-other
Plug-ins\Effects\mochaAE\MochaAE.bundle\Contents\Win64\mochaui\bin\GPU.dll,GPU.dll,.dll,283,11A,0008F080,??4FillMattesCL@GPU@@QEAAAEAV01@AEBV01@@Z,,other,runtime-exported-internal-or-shared,gpu-other
Plug-ins\Effects\mochaAE\MochaAE.bundle\Contents\Win64\mochaui\bin\GPU.dll,GPU.dll,.dll,284,11B,000CFB90,??4GradientKernels@GPU@@QEAAAEAV01@$$QEAV01@@Z,,other,runtime-exported-internal-or-shared,gpu-other
Plug-ins\Effects\mochaAE\MochaAE.bundle\Contents\Win64\mochaui\bin\GPU.dll,GPU.dll,.dll,285,11C,000CFC60,??4GradientKernels@GPU@@QEAAAEAV01@AEBV01@@Z,,other,runtime-exported-internal-or-shared,gpu-other
Plug-ins\Effects\mochaAE\MochaAE.bundle\Contents\Win64\mochaui\bin\GPU.dll,GPU.dll,.dll,286,11D,000093A0,??4IBackendFactory@GPU@@QEAAAEAV01@AEBV01@@Z,,other,runtime-exported-internal-or-shared,gpu-other
Plug-ins\Effects\mochaAE\MochaAE.bundle\Contents\Win64\mochaui\bin\GPU.dll,GPU.dll,.dll,287,11E,000093A0,??4IBuffer2D@GPU@@QEAAAEAV01@AEBV01@@Z,,other,runtime-exported-internal-or-shared,gpu-other
Plug-ins\Effects\mochaAE\MochaAE.bundle\Contents\Win64\mochaui\bin\GPU.dll,GPU.dll,.dll,288,11F,000093A0,??4IBuffer@GPU@@QEAAAEAV01@AEBV01@@Z,,other,runtime-exported-internal-or-shared,gpu-other
Plug-ins\Effects\mochaAE\MochaAE.bundle\Contents\Win64\mochaui\bin\GPU.dll,GPU.dll,.dll,289,120,000093A0,??4IBufferUtils@GPU@@QEAAAEAV01@AEBV01@@Z,,other,runtime-exported-internal-or-shared,gpu-other
Plug-ins\Effects\mochaAE\MochaAE.bundle\Contents\Win64\mochaui\bin\GPU.dll,GPU.dll,.dll,290,121,000093A0,??4IFillFrameProvider@GPU@@QEAAAEAV01@AEBV01@@Z,,other,runtime-exported-internal-or-shared,gpu-other
Plug-ins\Effects\mochaAE\MochaAE.bundle\Contents\Win64\mochaui\bin\GPU.dll,GPU.dll,.dll,291,122,000093A0,??4IGPUMemoryLimit@GPU@@QEAAAEAV01@AEBV01@@Z,,other,runtime-exported-internal-or-shared,gpu-other
Plug-ins\Effects\mochaAE\MochaAE.bundle\Contents\Win64\mochaui\bin\GPU.dll,GPU.dll,.dll,292,123,000093A0,??4IImage2D@GPU@@QEAAAEAV01@AEBV01@@Z,,other,runtime-exported-internal-or-shared,gpu-other
Plug-ins\Effects\mochaAE\MochaAE.bundle\Contents\Win64\mochaui\bin\GPU.dll,GPU.dll,.dll,293,124,000093A0,??4IImage2DArray@GPU@@QEAAAEAV01@$$QEAV01@@Z,,other,runtime-exported-internal-or-shared,gpu-other
Plug-ins\Effects\mochaAE\MochaAE.bundle\Contents\Win64\mochaui\bin\GPU.dll,GPU.dll,.dll,294,125,000093A0,??4IImage2DArray@GPU@@QEAAAEAV01@AEBV01@@Z,,other,runtime-exported-internal-or-shared,gpu-other
Plug-ins\Effects\mochaAE\MochaAE.bundle\Contents\Win64\mochaui\bin\GPU.dll,GPU.dll,.dll,295,126,000093A0,??4IImageProc@GPU@@QEAAAEAV01@AEBV01@@Z,,other,runtime-exported-internal-or-shared,gpu-other
Plug-ins\Effects\mochaAE\MochaAE.bundle\Contents\Win64\mochaui\bin\GPU.dll,GPU.dll,.dll,296,127,000093A0,??4IImageUtils@GPU@@QEAAAEAV01@AEBV01@@Z,,other,runtime-exported-internal-or-shared,gpu-other
Plug-ins\Effects\mochaAE\MochaAE.bundle\Contents\Win64\mochaui\bin\GPU.dll,GPU.dll,.dll,297,128,000093A0,??4IMatteCaches@GPU@@QEAAAEAV01@AEBV01@@Z,,other,runtime-exported-internal-or-shared,gpu-other
Plug-ins\Effects\mochaAE\MochaAE.bundle\Contents\Win64\mochaui\bin\GPU.dll,GPU.dll,.dll,299,12A,000093A0,??4IMatteUtils@GPU@@QEAAAEAV01@AEBV01@@Z,,other,runtime-exported-internal-or-shared,gpu-other
Plug-ins\Effects\mochaAE\MochaAE.bundle\Contents\Win64\mochaui\bin\GPU.dll,GPU.dll,.dll,300,12B,000093A0,??4IMeshTracker@GPU@@QEAAAEAU01@AEBU01@@Z,,other,runtime-exported-internal-or-shared,gpu-other
Plug-ins\Effects\mochaAE\MochaAE.bundle\Contents\Win64\mochaui\bin\GPU.dll,GPU.dll,.dll,301,12C,000093A0,??4IRemoveAnalyzer@GPU@@QEAAAEAV01@AEBV01@@Z,,other,runtime-exported-internal-or-shared,gpu-other
Plug-ins\Effects\mochaAE\MochaAE.bundle\Contents\Win64\mochaui\bin\GPU.dll,GPU.dll,.dll,302,12D,000093A0,??4IRemoveBackend@GPU@@QEAAAEAV01@AEBV01@@Z,,other,runtime-exported-internal-or-shared,gpu-other
Plug-ins\Effects\mochaAE\MochaAE.bundle\Contents\Win64\mochaui\bin\GPU.dll,GPU.dll,.dll,303,12E,000093A0,??4IRemoveBuffers@GPU@@QEAAAEAV01@AEBV01@@Z,,other,runtime-exported-internal-or-shared,gpu-other
Plug-ins\Effects\mochaAE\MochaAE.bundle\Contents\Win64\mochaui\bin\GPU.dll,GPU.dll,.dll,304,12F,000093A0,??4IRemoveIllumination@GPU@@QEAAAEAV01@AEBV01@@Z,,other,runtime-exported-internal-or-shared,gpu-other
Plug-ins\Effects\mochaAE\MochaAE.bundle\Contents\Win64\mochaui\bin\GPU.dll,GPU.dll,.dll,306,131,000093A0,??4ITrackBackend@GPU@@QEAAAEAV01@AEBV01@@Z,,other,runtime-exported-internal-or-shared,gpu-other
Plug-ins\Effects\mochaAE\MochaAE.bundle\Contents\Win64\mochaui\bin\GPU.dll,GPU.dll,.dll,307,132,000093A0,??4ITracker@GPU@@QEAAAEAV01@AEBV01@@Z,,other,runtime-exported-internal-or-shared,gpu-other
Plug-ins\Effects\mochaAE\MochaAE.bundle\Contents\Win64\mochaui\bin\GPU.dll,GPU.dll,.dll,308,133,000093A0,??4ImageProcBase@GPU@@QEAAAEAV01@$$QEAV01@@Z,,other,runtime-exported-internal-or-shared,gpu-other
Plug-ins\Effects\mochaAE\MochaAE.bundle\Contents\Win64\mochaui\bin\GPU.dll,GPU.dll,.dll,309,134,000093A0,??4ImageProcBase@GPU@@QEAAAEAV01@AEBV01@@Z,,other,runtime-exported-internal-or-shared,gpu-other
Plug-ins\Effects\mochaAE\MochaAE.bundle\Contents\Win64\mochaui\bin\GPU.dll,GPU.dll,.dll,310,135,00023100,??4ImageProcCL@GPU@@QEAAAEAV01@$$QEAV01@@Z,,other,runtime-exported-internal-or-shared,gpu-other
Plug-ins\Effects\mochaAE\MochaAE.bundle\Contents\Win64\mochaui\bin\GPU.dll,GPU.dll,.dll,311,136,000231A0,??4ImageProcCL@GPU@@QEAAAEAV01@AEBV01@@Z,,other,runtime-exported-internal-or-shared,gpu-other
Plug-ins\Effects\mochaAE\MochaAE.bundle\Contents\Win64\mochaui\bin\GPU.dll,GPU.dll,.dll,312,137,000093A0,??4ImageProcCLCPP@GPU@@QEAAAEAV01@$$QEAV01@@Z,,other,runtime-exported-internal-or-shared,gpu-other
Plug-ins\Effects\mochaAE\MochaAE.bundle\Contents\Win64\mochaui\bin\GPU.dll,GPU.dll,.dll,313,138,000093A0,??4ImageProcCLCPP@GPU@@QEAAAEAV01@AEBV01@@Z,,other,runtime-exported-internal-or-shared,gpu-other
Plug-ins\Effects\mochaAE\MochaAE.bundle\Contents\Win64\mochaui\bin\GPU.dll,GPU.dll,.dll,314,139,0003DE70,??4Info@GPU@@QEAAAEAV01@AEBV01@@Z,,other,runtime-exported-internal-or-shared,gpu-other
Plug-ins\Effects\mochaAE\MochaAE.bundle\Contents\Win64\mochaui\bin\GPU.dll,GPU.dll,.dll,315,13A,00009380,??4KernelLauncher@CLCPP@GPU@@QEAAAEAV012@$$QEAV012@@Z,,other,runtime-exported-internal-or-shared,gpu-other
Plug-ins\Effects\mochaAE\MochaAE.bundle\Contents\Win64\mochaui\bin\GPU.dll,GPU.dll,.dll,316,13B,00009380,??4KernelLauncher@CLCPP@GPU@@QEAAAEAV012@AEBV012@@Z,,other,runtime-exported-internal-or-shared,gpu-other
Plug-ins\Effects\mochaAE\MochaAE.bundle\Contents\Win64\mochaui\bin\GPU.dll,GPU.dll,.dll,317,13C,00018C10,??4LayerMatteDumper@GPU@@QEAAAEAV01@$$QEAV01@@Z,,other,runtime-exported-internal-or-shared,gpu-other
Plug-ins\Effects\mochaAE\MochaAE.bundle\Contents\Win64\mochaui\bin\GPU.dll,GPU.dll,.dll,318,13D,00018C30,??4LayerMatteDumper@GPU@@QEAAAEAV01@AEBV01@@Z,,other,runtime-exported-internal-or-shared,gpu-other
Plug-ins\Effects\mochaAE\MochaAE.bundle\Contents\Win64\mochaui\bin\GPU.dll,GPU.dll,.dll,319,13E,000BC7B0,??4MeshTracker@GPU@@QEAAAEAV01@$$QEAV01@@Z,,other,runtime-exported-internal-or-shared,gpu-other
Plug-ins\Effects\mochaAE\MochaAE.bundle\Contents\Win64\mochaui\bin\GPU.dll,GPU.dll,.dll,320,13F,000BC7B0,??4MeshTracker@GPU@@QEAAAEAV01@AEBV01@@Z,,other,runtime-exported-internal-or-shared,gpu-other
Plug-ins\Effects\mochaAE\MochaAE.bundle\Contents\Win64\mochaui\bin\GPU.dll,GPU.dll,.dll,321,140,000093A0,??4MeshTrackerOF@GPU@@QEAAAEAV01@$$QEAV01@@Z,,other,runtime-exported-internal-or-shared,gpu-other
Plug-ins\Effects\mochaAE\MochaAE.bundle\Contents\Win64\mochaui\bin\GPU.dll,GPU.dll,.dll,322,141,000093A0,??4MeshTrackerOF@GPU@@QEAAAEAV01@AEBV01@@Z,,other,runtime-exported-internal-or-shared,gpu-other
Plug-ins\Effects\mochaAE\MochaAE.bundle\Contents\Win64\mochaui\bin\GPU.dll,GPU.dll,.dll,324,143,000D5D10,??4OptimizationKernels@GPU@@QEAAAEAV01@$$QEAV01@@Z,,other,runtime-exported-internal-or-shared,gpu-other
Plug-ins\Effects\mochaAE\MochaAE.bundle\Contents\Win64\mochaui\bin\GPU.dll,GPU.dll,.dll,325,144,000D5E20,??4OptimizationKernels@GPU@@QEAAAEAV01@AEBV01@@Z,,other,runtime-exported-internal-or-shared,gpu-other
Plug-ins\Effects\mochaAE\MochaAE.bundle\Contents\Win64\mochaui\bin\GPU.dll,GPU.dll,.dll,326,145,0003FB90,??4PlatformInfo@GPU@@QEAAAEAV01@V01@@Z,,other,runtime-exported-internal-or-shared,gpu-other
Plug-ins\Effects\mochaAE\MochaAE.bundle\Contents\Win64\mochaui\bin\GPU.dll,GPU.dll,.dll,327,146,000CD450,??4PyramidKernels@GPU@@QEAAAEAV01@$$QEAV01@@Z,,other,runtime-exported-internal-or-shared,gpu-other
Plug-ins\Effects\mochaAE\MochaAE.bundle\Contents\Win64\mochaui\bin\GPU.dll,GPU.dll,.dll,328,147,000D8BA0,??4PyramidKernels@GPU@@QEAAAEAV01@AEBV01@@Z,,other,runtime-exported-internal-or-shared,gpu-other
Plug-ins\Effects\mochaAE\MochaAE.bundle\Contents\Win64\mochaui\bin\GPU.dll,GPU.dll,.dll,329,148,00075810,??4RemoveAnalyzer@GPU@@QEAAAEAV01@$$QEAV01@@Z,,other,runtime-exported-internal-or-shared,gpu-other
Plug-ins\Effects\mochaAE\MochaAE.bundle\Contents\Win64\mochaui\bin\GPU.dll,GPU.dll,.dll,330,149,00075900,??4RemoveAnalyzer@GPU@@QEAAAEAV01@AEBV01@@Z,,other,runtime-exported-internal-or-shared,gpu-other
Plug-ins\Effects\mochaAE\MochaAE.bundle\Contents\Win64\mochaui\bin\GPU.dll,GPU.dll,.dll,331,14A,000093A0,??4RemoveAnalyzerCLCPP@GPU@@QEAAAEAV01@$$QEAV01@@Z,,other,runtime-exported-internal-or-shared,gpu-other
Plug-ins\Effects\mochaAE\MochaAE.bundle\Contents\Win64\mochaui\bin\GPU.dll,GPU.dll,.dll,332,14B,000093A0,??4RemoveAnalyzerCLCPP@GPU@@QEAAAEAV01@AEBV01@@Z,,other,runtime-exported-internal-or-shared,gpu-other
Plug-ins\Effects\mochaAE\MochaAE.bundle\Contents\Win64\mochaui\bin\GPU.dll,GPU.dll,.dll,333,14C,0007F0F0,??4RemoveBackendCL@GPU@@QEAAAEAV01@$$QEAV01@@Z,,other,runtime-exported-internal-or-shared,gpu-other
Plug-ins\Effects\mochaAE\MochaAE.bundle\Contents\Win64\mochaui\bin\GPU.dll,GPU.dll,.dll,334,14D,0007F290,??4RemoveBackendCL@GPU@@QEAAAEAV01@AEBV01@@Z,,other,runtime-exported-internal-or-shared,gpu-other
Plug-ins\Effects\mochaAE\MochaAE.bundle\Contents\Win64\mochaui\bin\GPU.dll,GPU.dll,.dll,335,14E,00064430,??4RemoveBackendCLCPP@GPU@@QEAAAEAV01@$$QEAV01@@Z,,other,runtime-exported-internal-or-shared,gpu-other
Plug-ins\Effects\mochaAE\MochaAE.bundle\Contents\Win64\mochaui\bin\GPU.dll,GPU.dll,.dll,336,14F,00064560,??4RemoveBackendCLCPP@GPU@@QEAAAEAV01@AEBV01@@Z,,other,runtime-exported-internal-or-shared,gpu-other
Plug-ins\Effects\mochaAE\MochaAE.bundle\Contents\Win64\mochaui\bin\GPU.dll,GPU.dll,.dll,337,150,000093A0,??4RemoveCameraUtils@GPU@@QEAAAEAV01@$$QEAV01@@Z,,other,runtime-exported-internal-or-shared,gpu-other
Plug-ins\Effects\mochaAE\MochaAE.bundle\Contents\Win64\mochaui\bin\GPU.dll,GPU.dll,.dll,338,151,000093A0,??4RemoveCameraUtils@GPU@@QEAAAEAV01@AEBV01@@Z,,other,runtime-exported-internal-or-shared,gpu-other
Plug-ins\Effects\mochaAE\MochaAE.bundle\Contents\Win64\mochaui\bin\GPU.dll,GPU.dll,.dll,341,154,000093A0,??4ThreadLocalScopedPtr@KernelLauncher@CLCPP@GPU@@QEAAAEAU0123@AEBU0123@@Z,,other,runtime-exported-internal-or-shared,gpu-other
Plug-ins\Effects\mochaAE\MochaAE.bundle\Contents\Win64\mochaui\bin\GPU.dll,GPU.dll,.dll,342,155,000ECA70,??4TrackBackend@GPU@@QEAAAEAV01@$$QEAV01@@Z,,other,runtime-exported-internal-or-shared,gpu-other
Plug-ins\Effects\mochaAE\MochaAE.bundle\Contents\Win64\mochaui\bin\GPU.dll,GPU.dll,.dll,343,156,000ECB00,??4TrackBackend@GPU@@QEAAAEAV01@AEBV01@@Z,,other,runtime-exported-internal-or-shared,gpu-other
Plug-ins\Effects\mochaAE\MochaAE.bundle\Contents\Win64\mochaui\bin\GPU.dll,GPU.dll,.dll,344,157,000093A0,??4TrackMeshBuilder@GPU@@QEAAAEAV01@$$QEAV01@@Z,,other,runtime-exported-internal-or-shared,gpu-other
Plug-ins\Effects\mochaAE\MochaAE.bundle\Contents\Win64\mochaui\bin\GPU.dll,GPU.dll,.dll,345,158,000093A0,??4TrackMeshBuilder@GPU@@QEAAAEAV01@AEBV01@@Z,,other,runtime-exported-internal-or-shared,gpu-other
Plug-ins\Effects\mochaAE\MochaAE.bundle\Contents\Win64\mochaui\bin\GPU.dll,GPU.dll,.dll,346,159,000DC680,??4Tracker@GPU@@QEAAAEAV01@AEBV01@@Z,,other,runtime-exported-internal-or-shared,gpu-other
Plug-ins\Effects\mochaAE\MochaAE.bundle\Contents\Win64\mochaui\bin\GPU.dll,GPU.dll,.dll,347,15A,000C85F0,??4TrackerBuffers@GPU@@QEAAAEAV01@$$QEAV01@@Z,,other,runtime-exported-internal-or-shared,gpu-other
Plug-ins\Effects\mochaAE\MochaAE.bundle\Contents\Win64\mochaui\bin\GPU.dll,GPU.dll,.dll,348,15B,000C8960,??4TrackerBuffers@GPU@@QEAAAEAV01@AEBV01@@Z,,other,runtime-exported-internal-or-shared,gpu-other
Plug-ins\Effects\mochaAE\MochaAE.bundle\Contents\Win64\mochaui\bin\GPU.dll,GPU.dll,.dll,349,15C,000093A0,??4TrackingChecker@GPU@@QEAAAEAU01@$$QEAU01@@Z,,other,runtime-exported-internal-or-shared,gpu-other
Plug-ins\Effects\mochaAE\MochaAE.bundle\Contents\Win64\mochaui\bin\GPU.dll,GPU.dll,.dll,350,15D,000093A0,??4TrackingChecker@GPU@@QEAAAEAU01@AEBU01@@Z,,other,runtime-exported-internal-or-shared,gpu-other
Plug-ins\Effects\mochaAE\MochaAE.bundle\Contents\Win64\mochaui\bin\GPU.dll,GPU.dll,.dll,351,15E,000DCCB0,??4WarpKernels@GPU@@QEAAAEAV01@$$QEAV01@@Z,,other,runtime-exported-internal-or-shared,gpu-other
Plug-ins\Effects\mochaAE\MochaAE.bundle\Contents\Win64\mochaui\bin\GPU.dll,GPU.dll,.dll,352,15F,000CFC60,??4WarpKernels@GPU@@QEAAAEAV01@AEBV01@@Z,,other,runtime-exported-internal-or-shared,gpu-other
Plug-ins\Effects\mochaAE\MochaAE.bundle\Contents\Win64\mochaui\bin\GPU.dll,GPU.dll,.dll,353,160,0003DED0,??6GPU@@YAAEAVQTextStream@isl0@@AEAV12@AEBVInfo@0@@Z,,other,runtime-exported-internal-or-shared,gpu-other
Plug-ins\Effects\mochaAE\MochaAE.bundle\Contents\Win64\mochaui\bin\GPU.dll,GPU.dll,.dll,354,161,0003A360,??8DeviceInfo@GPU@@QEBA_NAEBV01@@Z,,other,runtime-exported-internal-or-shared,gpu-other
Plug-ins\Effects\mochaAE\MochaAE.bundle\Contents\Win64\mochaui\bin\GPU.dll,GPU.dll,.dll,355,162,0003FE70,??8PlatformInfo@GPU@@QEBA_NAEBV01@@Z,,other,runtime-exported-internal-or-shared,gpu-other
Plug-ins\Effects\mochaAE\MochaAE.bundle\Contents\Win64\mochaui\bin\GPU.dll,GPU.dll,.dll,356,163,0003DFB0,??AInfo@GPU@@QEBAPEBVDeviceInfo@1@AEBU?$pair@HH@std@@@Z,,other,runtime-exported-internal-or-shared,gpu-other
Plug-ins\Effects\mochaAE\MochaAE.bundle\Contents\Win64\mochaui\bin\GPU.dll,GPU.dll,.dll,357,164,0003B4F0,??BInfo@GPU@@QEBA_NXZ,,other,runtime-exported-internal-or-shared,gpu-other
Plug-ins\Effects\mochaAE\MochaAE.bundle\Contents\Win64\mochaui\bin\GPU.dll,GPU.dll,.dll,358,165,00104970,??_7?$MatteCacheBase@V?$shared_ptr@$$CBVIMask@GPU@@@std@@V12@@IS@@6B@,,other,runtime-exported-internal-or-shared,gpu-other
Plug-ins\Effects\mochaAE\MochaAE.bundle\Contents\Win64\mochaui\bin\GPU.dll,GPU.dll,.dll,359,166,00102078,??_7AvailabilityChecker@GPU@@6B@,,other,runtime-exported-internal-or-shared,gpu-other
Plug-ins\Effects\mochaAE\MochaAE.bundle\Contents\Win64\mochaui\bin\GPU.dll,GPU.dll,.dll,360,167,00110600,??_7BackendFactoryCL@GPU@@6B@,,other,runtime-exported-internal-or-shared,gpu-other
Plug-ins\Effects\mochaAE\MochaAE.bundle\Contents\Win64\mochaui\bin\GPU.dll,GPU.dll,.dll,361,168,00110738,??_7BackendFactoryCLCPP@GPU@@6B@,,other,runtime-exported-internal-or-shared,gpu-other
Plug-ins\Effects\mochaAE\MochaAE.bundle\Contents\Win64\mochaui\bin\GPU.dll,GPU.dll,.dll,362,169,00102138,??_7BufferUtils@GPU@@6B@,,other,runtime-exported-internal-or-shared,gpu-other
Plug-ins\Effects\mochaAE\MochaAE.bundle\Contents\Win64\mochaui\bin\GPU.dll,GPU.dll,.dll,363,16A,0010B9D8,??_7CLBufferBase@GPU@@6B@,,other,runtime-exported-internal-or-shared,gpu-other
Plug-ins\Effects\mochaAE\MochaAE.bundle\Contents\Win64\mochaui\bin\GPU.dll,GPU.dll,.dll,364,16B,00100868,??_7CLException@GPU@@6B@,,other,runtime-exported-internal-or-shared,gpu-other
Plug-ins\Effects\mochaAE\MochaAE.bundle\Contents\Win64\mochaui\bin\GPU.dll,GPU.dll,.dll,365,16C,001049F8,??_7CLMatteCache@GPU@@6B?$MatteCacheBase@V?$shared_ptr@$$CBVIMask@GPU@@@std@@V12@@IS@@@,,other,runtime-exported-internal-or-shared,gpu-other
Plug-ins\Effects\mochaAE\MochaAE.bundle\Contents\Win64\mochaui\bin\GPU.dll,GPU.dll,.dll,366,16D,00104998,??_7CLMatteCache@GPU@@6BQObject@isl0@@@,,other,runtime-exported-internal-or-shared,gpu-other
Plug-ins\Effects\mochaAE\MochaAE.bundle\Contents\Win64\mochaui\bin\GPU.dll,GPU.dll,.dll,367,16E,001020C0,??_7CombinedAvailabilityChecker@GPU@@6B@,,other,runtime-exported-internal-or-shared,gpu-other
Plug-ins\Effects\mochaAE\MochaAE.bundle\Contents\Win64\mochaui\bin\GPU.dll,GPU.dll,.dll,368,16F,001026D8,??_7CommonBackendCL@GPU@@6B@,,other,runtime-exported-internal-or-shared,gpu-other
Plug-ins\Effects\mochaAE\MochaAE.bundle\Contents\Win64\mochaui\bin\GPU.dll,GPU.dll,.dll,369,170,00100830,??_7Exception@GPU@@6B@,,other,runtime-exported-internal-or-shared,gpu-other
Plug-ins\Effects\mochaAE\MochaAE.bundle\Contents\Win64\mochaui\bin\GPU.dll,GPU.dll,.dll,370,171,0010A068,??_7FillAnalyzer@GPU@@6B@,,other,runtime-exported-internal-or-shared,gpu-other
Plug-ins\Effects\mochaAE\MochaAE.bundle\Contents\Win64\mochaui\bin\GPU.dll,GPU.dll,.dll,371,172,001105C8,??_7IBackendFactory@GPU@@6B@,,other,runtime-exported-internal-or-shared,gpu-other
Plug-ins\Effects\mochaAE\MochaAE.bundle\Contents\Win64\mochaui\bin\GPU.dll,GPU.dll,.dll,372,173,00100748,??_7IBuffer2D@GPU@@6B@,,other,runtime-exported-internal-or-shared,gpu-other
Plug-ins\Effects\mochaAE\MochaAE.bundle\Contents\Win64\mochaui\bin\GPU.dll,GPU.dll,.dll,373,174,00100710,??_7IBuffer@GPU@@6B@,,other,runtime-exported-internal-or-shared,gpu-other
Plug-ins\Effects\mochaAE\MochaAE.bundle\Contents\Win64\mochaui\bin\GPU.dll,GPU.dll,.dll,374,175,001008E0,??_7IBufferUtils@GPU@@6B@,,other,runtime-exported-internal-or-shared,gpu-other
Plug-ins\Effects\mochaAE\MochaAE.bundle\Contents\Win64\mochaui\bin\GPU.dll,GPU.dll,.dll,375,176,0010A040,??_7IFillFrameProvider@GPU@@6B@,,other,runtime-exported-internal-or-shared,gpu-other
Plug-ins\Effects\mochaAE\MochaAE.bundle\Contents\Win64\mochaui\bin\GPU.dll,GPU.dll,.dll,376,177,001020E8,??_7IGPUMemoryLimit@GPU@@6B@,,other,runtime-exported-internal-or-shared,gpu-other
Plug-ins\Effects\mochaAE\MochaAE.bundle\Contents\Win64\mochaui\bin\GPU.dll,GPU.dll,.dll,377,178,001009E0,??_7IImage2D@GPU@@6B@,,other,runtime-exported-internal-or-shared,gpu-other
Plug-ins\Effects\mochaAE\MochaAE.bundle\Contents\Win64\mochaui\bin\GPU.dll,GPU.dll,.dll,378,179,00100A48,??_7IImage2DArray@GPU@@6B@,,other,runtime-exported-internal-or-shared,gpu-other
Plug-ins\Effects\mochaAE\MochaAE.bundle\Contents\Win64\mochaui\bin\GPU.dll,GPU.dll,.dll,379,17A,00100C80,??_7IImageProc@GPU@@6B@,,other,runtime-exported-internal-or-shared,gpu-other
Plug-ins\Effects\mochaAE\MochaAE.bundle\Contents\Win64\mochaui\bin\GPU.dll,GPU.dll,.dll,380,17B,00100AB8,??_7IImageUtils@GPU@@6B@,,other,runtime-exported-internal-or-shared,gpu-other
Plug-ins\Effects\mochaAE\MochaAE.bundle\Contents\Win64\mochaui\bin\GPU.dll,GPU.dll,.dll,381,17C,00100B88,??_7IMatteCaches@GPU@@6B@,,other,runtime-exported-internal-or-shared,gpu-other
Plug-ins\Effects\mochaAE\MochaAE.bundle\Contents\Win64\mochaui\bin\GPU.dll,GPU.dll,.dll,383,17E,00100BA8,??_7IMatteUtils@GPU@@6B@,,other,runtime-exported-internal-or-shared,gpu-other
Plug-ins\Effects\mochaAE\MochaAE.bundle\Contents\Win64\mochaui\bin\GPU.dll,GPU.dll,.dll,384,17F,0010CC28,??_7IMeshTracker@GPU@@6B@,,other,runtime-exported-internal-or-shared,gpu-other
Plug-ins\Effects\mochaAE\MochaAE.bundle\Contents\Win64\mochaui\bin\GPU.dll,GPU.dll,.dll,385,180,00106990,??_7IRemoveAnalyzer@GPU@@6B@,,other,runtime-exported-internal-or-shared,gpu-other
Plug-ins\Effects\mochaAE\MochaAE.bundle\Contents\Win64\mochaui\bin\GPU.dll,GPU.dll,.dll,386,181,00106A00,??_7IRemoveBackend@GPU@@6B@,,other,runtime-exported-internal-or-shared,gpu-other
Plug-ins\Effects\mochaAE\MochaAE.bundle\Contents\Win64\mochaui\bin\GPU.dll,GPU.dll,.dll,387,182,00106818,??_7IRemoveBuffers@GPU@@6B@,,other,runtime-exported-internal-or-shared,gpu-other
Plug-ins\Effects\mochaAE\MochaAE.bundle\Contents\Win64\mochaui\bin\GPU.dll,GPU.dll,.dll,388,183,00106928,??_7IRemoveIllumination@GPU@@6B@,,other,runtime-exported-internal-or-shared,gpu-other
Plug-ins\Effects\mochaAE\MochaAE.bundle\Contents\Win64\mochaui\bin\GPU.dll,GPU.dll,.dll,390,185,00110388,??_7ITrackBackend@GPU@@6B@,,other,runtime-exported-internal-or-shared,gpu-other
Plug-ins\Effects\mochaAE\MochaAE.bundle\Contents\Win64\mochaui\bin\GPU.dll,GPU.dll,.dll,391,186,0010F548,??_7ITracker@GPU@@6B@,,other,runtime-exported-internal-or-shared,gpu-other
Plug-ins\Effects\mochaAE\MochaAE.bundle\Contents\Win64\mochaui\bin\GPU.dll,GPU.dll,.dll,392,187,00100EE0,??_7ImageProcBase@GPU@@6B@,,other,runtime-exported-internal-or-shared,gpu-other
Plug-ins\Effects\mochaAE\MochaAE.bundle\Contents\Win64\mochaui\bin\GPU.dll,GPU.dll,.dll,393,188,001028D0,??_7ImageProcCL@GPU@@6B@,,other,runtime-exported-internal-or-shared,gpu-other
Plug-ins\Effects\mochaAE\MochaAE.bundle\Contents\Win64\mochaui\bin\GPU.dll,GPU.dll,.dll,394,189,00100F18,??_7ImageProcCLCPP@GPU@@6B@,,other,runtime-exported-internal-or-shared,gpu-other
Plug-ins\Effects\mochaAE\MochaAE.bundle\Contents\Win64\mochaui\bin\GPU.dll,GPU.dll,.dll,395,18A,00102808,??_7ImageUtils@GPU@@6B@,,other,runtime-exported-internal-or-shared,gpu-other
Plug-ins\Effects\mochaAE\MochaAE.bundle\Contents\Win64\mochaui\bin\GPU.dll,GPU.dll,.dll,396,18B,00100E28,??_7ImageUtilsCLCPP@GPU@@6B@,,other,runtime-exported-internal-or-shared,gpu-other
Plug-ins\Effects\mochaAE\MochaAE.bundle\Contents\Win64\mochaui\bin\GPU.dll,GPU.dll,.dll,397,18C,00102720,??_7MatteUtils@GPU@@6B@,,other,runtime-exported-internal-or-shared,gpu-other
Plug-ins\Effects\mochaAE\MochaAE.bundle\Contents\Win64\mochaui\bin\GPU.dll,GPU.dll,.dll,398,18D,00100D40,??_7MatteUtilsCLCPP@GPU@@6B@,,other,runtime-exported-internal-or-shared,gpu-other
Plug-ins\Effects\mochaAE\MochaAE.bundle\Contents\Win64\mochaui\bin\GPU.dll,GPU.dll,.dll,399,18E,0010CC40,??_7MeshTracker@GPU@@6B@,,other,runtime-exported-internal-or-shared,gpu-other
Plug-ins\Effects\mochaAE\MochaAE.bundle\Contents\Win64\mochaui\bin\GPU.dll,GPU.dll,.dll,400,18F,0010CD10,??_7MeshTrackerOF@GPU@@6B@,,other,runtime-exported-internal-or-shared,gpu-other
Plug-ins\Effects\mochaAE\MochaAE.bundle\Contents\Win64\mochaui\bin\GPU.dll,GPU.dll,.dll,401,190,00107BA0,??_7RemoveAnalyzer@GPU@@6B@,,other,runtime-exported-internal-or-shared,gpu-other
Plug-ins\Effects\mochaAE\MochaAE.bundle\Contents\Win64\mochaui\bin\GPU.dll,GPU.dll,.dll,402,191,00106AF0,??_7RemoveAnalyzerCLCPP@GPU@@6B@,,other,runtime-exported-internal-or-shared,gpu-other
Plug-ins\Effects\mochaAE\MochaAE.bundle\Contents\Win64\mochaui\bin\GPU.dll,GPU.dll,.dll,403,192,00109050,??_7RemoveBackendCL@GPU@@6B@,,other,runtime-exported-internal-or-shared,gpu-other
Plug-ins\Effects\mochaAE\MochaAE.bundle\Contents\Win64\mochaui\bin\GPU.dll,GPU.dll,.dll,404,193,00106B78,??_7RemoveBackendCLCPP@GPU@@6B@,,other,runtime-exported-internal-or-shared,gpu-other
Plug-ins\Effects\mochaAE\MochaAE.bundle\Contents\Win64\mochaui\bin\GPU.dll,GPU.dll,.dll,406,195,001103B8,??_7TrackBackend@GPU@@6B@,,other,runtime-exported-internal-or-shared,gpu-other
Plug-ins\Effects\mochaAE\MochaAE.bundle\Contents\Win64\mochaui\bin\GPU.dll,GPU.dll,.dll,407,196,0010F628,??_7Tracker@GPU@@6B@,,other,runtime-exported-internal-or-shared,gpu-other
Plug-ins\Effects\mochaAE\MochaAE.bundle\Contents\Win64\mochaui\bin\GPU.dll,GPU.dll,.dll,408,197,00102090,??_7TrackingChecker@GPU@@6B@,,other,runtime-exported-internal-or-shared,gpu-other
Plug-ins\Effects\mochaAE\MochaAE.bundle\Contents\Win64\mochaui\bin\GPU.dll,GPU.dll,.dll,409,198,0008AAE0,??_F?$FillMattesBase@V?$shared_ptr@$$CBVIMask@GPU@@@std@@@IS@@QEAAXXZ,,other,runtime-exported-internal-or-shared,gpu-other
Plug-ins\Effects\mochaAE\MochaAE.bundle\Contents\Win64\mochaui\bin\GPU.dll,GPU.dll,.dll,410,199,0001E690,??_FDeviceInfo@GPU@@QEAAXXZ,,other,runtime-exported-internal-or-shared,gpu-other
Plug-ins\Effects\mochaAE\MochaAE.bundle\Contents\Win64\mochaui\bin\GPU.dll,GPU.dll,.dll,411,19A,0003B500,??_FPlatformInfo@GPU@@QEAAXXZ,,other,runtime-exported-internal-or-shared,gpu-other
Plug-ins\Effects\mochaAE\MochaAE.bundle\Contents\Win64\mochaui\bin\GPU.dll,GPU.dll,.dll,412,19B,0003A670,?CLCPP@DeviceInfo@GPU@@SAAEBV12@XZ,,other,runtime-exported-internal-or-shared,gpu-other
Plug-ins\Effects\mochaAE\MochaAE.bundle\Contents\Win64\mochaui\bin\GPU.dll,GPU.dll,.dll,413,19C,00030E20,?activeSubwindow@MatteUtils@GPU@@UEAA?AUGan_ImageWindow@@AEBVIMask@2@@Z,,other,runtime-exported-internal-or-shared,gpu-other
Plug-ins\Effects\mochaAE\MochaAE.bundle\Contents\Win64\mochaui\bin\GPU.dll,GPU.dll,.dll,414,19D,00018F40,?activeSubwindow@MatteUtilsCLCPP@GPU@@UEAA?AUGan_ImageWindow@@AEBVIMask@2@@Z,,other,runtime-exported-internal-or-shared,gpu-other
Plug-ins\Effects\mochaAE\MochaAE.bundle\Contents\Win64\mochaui\bin\GPU.dll,GPU.dll,.dll,415,19E,000A2820,?allocateHost@CLBufferBase@GPU@@IEAAX_N@Z,,other,runtime-exported-internal-or-shared,gpu-other
Plug-ins\Effects\mochaAE\MochaAE.bundle\Contents\Win64\mochaui\bin\GPU.dll,GPU.dll,.dll,417,1A0,0008BF80,?analyzer@FillAnalyzer@GPU@@AEAAAEAVIRemoveAnalyzer@2@XZ,,other,runtime-exported-internal-or-shared,gpu-other
Plug-ins\Effects\mochaAE\MochaAE.bundle\Contents\Win64\mochaui\bin\GPU.dll,GPU.dll,.dll,419,1A2,0007F5C0,?analyzer@RemoveBackendCL@GPU@@UEBA?AV?$shared_ptr@VIRemoveAnalyzer@GPU@@@std@@XZ,,other,runtime-exported-internal-or-shared,gpu-other
Plug-ins\Effects\mochaAE\MochaAE.bundle\Contents\Win64\mochaui\bin\GPU.dll,GPU.dll,.dll,420,1A3,00064B10,?analyzer@RemoveBackendCLCPP@GPU@@UEBA?AV?$shared_ptr@VIRemoveAnalyzer@GPU@@@std@@XZ,,other,runtime-exported-internal-or-shared,gpu-other
Plug-ins\Effects\mochaAE\MochaAE.bundle\Contents\Win64\mochaui\bin\GPU.dll,GPU.dll,.dll,421,1A4,000999D0,?applyAlphaMask@RemoveCameraUtils@GPU@@SAXAEBVIClip@IS@@AEBVContext@Prm@@AEAVIMatteUtils@2@AEBV?$shared_ptr@VIMask@GPU@@@std@@AEBUGan_ImageWindow@@@Z,,other,runtime-exported-internal-or-shared,gpu-other
Plug-ins\Effects\mochaAE\MochaAE.bundle\Contents\Win64\mochaui\bin\GPU.dll,GPU.dll,.dll,422,1A5,000DD1F0,?applyOffsetToHomography@Tracker@GPU@@QEAAXAEAUGan_Matrix33@@AEBV?$Vector2Adapter@UGan_Vector2@@@Oberon@@1N@Z,,other,runtime-exported-internal-or-shared,gpu-other
Plug-ins\Effects\mochaAE\MochaAE.bundle\Contents\Win64\mochaui\bin\GPU.dll,GPU.dll,.dll,423,1A6,0001ECA0,?attach@BufferUtils@GPU@@UEAA?AV?$shared_ptr@$$CBVIBuffer@GPU@@@std@@AEBVCLBuffer@2@@Z,,other,runtime-exported-internal-or-shared,gpu-other
Plug-ins\Effects\mochaAE\MochaAE.bundle\Contents\Win64\mochaui\bin\GPU.dll,GPU.dll,.dll,424,1A7,0001ED50,?attach@BufferUtils@GPU@@UEAA?AV?$shared_ptr@VIBuffer@GPU@@@std@@AEAVCLBuffer@2@@Z,,other,runtime-exported-internal-or-shared,gpu-other
Plug-ins\Effects\mochaAE\MochaAE.bundle\Contents\Win64\mochaui\bin\GPU.dll,GPU.dll,.dll,425,1A8,00031920,?attach@MatteUtils@GPU@@UEAA?AV?$shared_ptr@VIMask@GPU@@@std@@AEBVCLBuffer2D@2@@Z,,other,runtime-exported-internal-or-shared,gpu-other
Plug-ins\Effects\mochaAE\MochaAE.bundle\Contents\Win64\mochaui\bin\GPU.dll,GPU.dll,.dll,426,1A9,0000C8B0,?attach@MatteUtilsCLCPP@GPU@@UEAA?AV?$shared_ptr@VIMask@GPU@@@std@@AEBVCLBuffer2D@2@@Z,,other,runtime-exported-internal-or-shared,gpu-other
Plug-ins\Effects\mochaAE\MochaAE.bundle\Contents\Win64\mochaui\bin\GPU.dll,GPU.dll,.dll,427,1AA,0003B5D0,?availableGPUDevices@GPU@@YA?AV?$vector@UAvailableGPUDevice@GPU@@V?$allocator@UAvailableGPUDevice@GPU@@@std@@@std@@AEBUAvailabilityChecker@1@AEBVInfo@1@@Z,,other,runtime-exported-internal-or-shared,gpu-other
Plug-ins\Effects\mochaAE\MochaAE.bundle\Contents\Win64\mochaui\bin\GPU.dll,GPU.dll,.dll,429,1AC,0008C0D0,?batchAnalysis@FillAnalyzer@GPU@@AEAA_KAEBUInput@12@AEAUOutput@12@AEBVLayer@IS@@AEBVIMask@2@HH_NPEAVTrackCache@6@@Z,,other,runtime-exported-internal-or-shared,gpu-other
Plug-ins\Effects\mochaAE\MochaAE.bundle\Contents\Win64\mochaui\bin\GPU.dll,GPU.dll,.dll,430,1AD,000299B0,?blend@ImageUtils@GPU@@UEAAXAEAVCL_Host_Matte@2@0AEBV32@1@Z,,other,runtime-exported-internal-or-shared,gpu-other
Plug-ins\Effects\mochaAE\MochaAE.bundle\Contents\Win64\mochaui\bin\GPU.dll,GPU.dll,.dll,431,1AE,00029E70,?blend@ImageUtils@GPU@@UEAAXAEAVCL_Host_Matte@2@AEBV32@@Z,,other,runtime-exported-internal-or-shared,gpu-other
Plug-ins\Effects\mochaAE\MochaAE.bundle\Contents\Win64\mochaui\bin\GPU.dll,GPU.dll,.dll,432,1AF,00015950,?blend@ImageUtilsCLCPP@GPU@@UEAAXAEAVCL_Host_Matte@2@0AEBV32@1@Z,,other,runtime-exported-internal-or-shared,gpu-other
Plug-ins\Effects\mochaAE\MochaAE.bundle\Contents\Win64\mochaui\bin\GPU.dll,GPU.dll,.dll,433,1B0,00015A20,?blend@ImageUtilsCLCPP@GPU@@UEAAXAEAVCL_Host_Matte@2@AEBV32@@Z,,other,runtime-exported-internal-or-shared,gpu-other
Plug-ins\Effects\mochaAE\MochaAE.bundle\Contents\Win64\mochaui\bin\GPU.dll,GPU.dll,.dll,434,1B1,0000C1C0,?bufferSize@CLBufferBase@GPU@@QEBA_KXZ,,other,runtime-exported-internal-or-shared,gpu-other
Plug-ins\Effects\mochaAE\MochaAE.bundle\Contents\Win64\mochaui\bin\GPU.dll,GPU.dll,.dll,435,1B2,0000C1D0,?bufferSizeBytes@CLBufferBase@GPU@@QEBA_KXZ,,other,runtime-exported-internal-or-shared,gpu-other
Plug-ins\Effects\mochaAE\MochaAE.bundle\Contents\Win64\mochaui\bin\GPU.dll,GPU.dll,.dll,436,1B3,00023540,?bufferUtils@CommonBackendCL@GPU@@UEBA?AV?$shared_ptr@VIBufferUtils@GPU@@@std@@XZ,,other,runtime-exported-internal-or-shared,gpu-other
Plug-ins\Effects\mochaAE\MochaAE.bundle\Contents\Win64\mochaui\bin\GPU.dll,GPU.dll,.dll,437,1B4,0007F600,?buffers@RemoveBackendCL@GPU@@UEBA?AV?$shared_ptr@VIRemoveBuffers@GPU@@@std@@XZ,,other,runtime-exported-internal-or-shared,gpu-other
Plug-ins\Effects\mochaAE\MochaAE.bundle\Contents\Win64\mochaui\bin\GPU.dll,GPU.dll,.dll,438,1B5,00064B50,?buffers@RemoveBackendCLCPP@GPU@@UEBA?AV?$shared_ptr@VIRemoveBuffers@GPU@@@std@@XZ,,other,runtime-exported-internal-or-shared,gpu-other
Plug-ins\Effects\mochaAE\MochaAE.bundle\Contents\Win64\mochaui\bin\GPU.dll,GPU.dll,.dll,439,1B6,000C3240,?build@TrackMeshBuilder@GPU@@QEAA?AV?$shared_ptr@VTrackMesh@IS@@@std@@AEBUGan_Image@@0AEBUParams@12@@Z,,other,runtime-exported-internal-or-shared,gpu-other
Plug-ins\Effects\mochaAE\MochaAE.bundle\Contents\Win64\mochaui\bin\GPU.dll,GPU.dll,.dll,440,1B7,00099C50,?buildBatchCameras@RemoveCameraUtils@GPU@@SAXAEBVLayer@IS@@AEAVIRemoveAnalyzer@2@AEBVContext@Prm@@AEBV?$QList@UFillFrameData@GPU@@@isl0@@V?$shared_ptr@VIRemoveBuffers@GPU@@@std@@UGan_ImageWindow@@AEBVIClipProvider@4@AEBVIClip@4@7@Z,,other,runtime-exported-internal-or-shared,gpu-other
Plug-ins\Effects\mochaAE\MochaAE.bundle\Contents\Win64\mochaui\bin\GPU.dll,GPU.dll,.dll,441,1B8,000AD930,?buildBoundaryEdgeFlags@GPU@@YA?AV?$vector@EV?$allocator@E@std@@@std@@AEBVParameterSet@MeshTracking@IS@@AEBV?$Mat_@V?$Vec@H$01@cv@@@cv@@@Z,,other,runtime-exported-internal-or-shared,gpu-other
Plug-ins\Effects\mochaAE\MochaAE.bundle\Contents\Win64\mochaui\bin\GPU.dll,GPU.dll,.dll,442,1B9,000AB680,?buildMeshEdges@GPU@@YA?AV?$Mat_@V?$Vec@H$01@cv@@@cv@@AEBVParameterSet@MeshTracking@IS@@_N@Z,,other,runtime-exported-internal-or-shared,gpu-other
Plug-ins\Effects\mochaAE\MochaAE.bundle\Contents\Win64\mochaui\bin\GPU.dll,GPU.dll,.dll,443,1BA,000D8C20,?buildPyramid@PyramidKernels@GPU@@AEAAXAEAV?$vector@V?$shared_ptr@VCLBuffer2D@GPU@@@std@@V?$allocator@V?$shared_ptr@VCLBuffer2D@GPU@@@std@@@2@@std@@AEAV?$vector@V?$shared_ptr@VCLBuffer2DMask@GPU@@@std@@V?$allocator@V?$shared_ptr@VCLBuffer2DMask@GPU@@@std@@@2@@4@AEAV?$vector@UGan_ImageWindow@@V?$allocator@UGan_ImageWindow@@@std@@@4@QEAU_cl_command_queue@@I@Z,,other,runtime-exported-internal-or-shared,gpu-other
Plug-ins\Effects\mochaAE\MochaAE.bundle\Contents\Win64\mochaui\bin\GPU.dll,GPU.dll,.dll,444,1BB,000D8CC0,?buildPyramid@PyramidKernels@GPU@@QEAAXQEAU_cl_command_queue@@AEBUGarbageMatte@IS@@IAEAV?$vector@V?$shared_ptr@VCLBuffer2D@GPU@@@std@@V?$allocator@V?$shared_ptr@VCLBuffer2D@GPU@@@std@@@2@@std@@AEAV?$vector@V?$shared_ptr@VCLBuffer2DMask@GPU@@@std@@V?$allocator@V?$shared_ptr@VCLBuffer2DMask@GPU@@@std@@@2@@7@AEAV?$vector@UGan_ImageWindow@@V?$allocator@UGan_ImageWindow@@@std@@@7@23422AEAV?$QList@V?$shared_ptr@VIImage2D@GPU@@@std@@@isl0@@AEAV?$vector@V?$shared_ptr@V?$CLBufferBaseT@UCL_ImageWindow@CL@GPU@@@GPU@@@std@@V?$allocator@V?$shared_ptr@V?$CLBufferBaseT@UCL_ImageWindow@CL@GPU@@@GPU@@@std@@@2@@7@_NAEBVFrame@Prm@@@Z,,other,runtime-exported-internal-or-shared,gpu-other
Plug-ins\Effects\mochaAE\MochaAE.bundle\Contents\Win64\mochaui\bin\GPU.dll,GPU.dll,.dll,445,1BC,000F2460,?cacheSizeChanged@CLMatteCache@GPU@@QEAAX_K0@Z,,other,runtime-exported-internal-or-shared,gpu-other
Plug-ins\Effects\mochaAE\MochaAE.bundle\Contents\Win64\mochaui\bin\GPU.dll,GPU.dll,.dll,446,1BD,00038340,?checkStatus@CombinedAvailabilityChecker@GPU@@UEBA?AW4DeviceStatus@2@AEBVDeviceInfo@2@PEAVQString@isl0@@@Z,,other,runtime-exported-internal-or-shared,gpu-other
Plug-ins\Effects\mochaAE\MochaAE.bundle\Contents\Win64\mochaui\bin\GPU.dll,GPU.dll,.dll,448,1BF,00038650,?checkStatus@TrackingChecker@GPU@@UEBA?AW4DeviceStatus@2@AEBVDeviceInfo@2@PEAVQString@isl0@@@Z,,other,runtime-exported-internal-or-shared,gpu-other
Plug-ins\Effects\mochaAE\MochaAE.bundle\Contents\Win64\mochaui\bin\GPU.dll,GPU.dll,.dll,449,1C0,000319F0,?clear@?$MatteCacheBase@V?$shared_ptr@$$CBVIMask@GPU@@@std@@V12@@IS@@UEAAXXZ,,other,runtime-exported-internal-or-shared,gpu-other
Plug-ins\Effects\mochaAE\MochaAE.bundle\Contents\Win64\mochaui\bin\GPU.dll,GPU.dll,.dll,450,1C1,000F1B60,?clear@CLMatteCache@GPU@@UEAAXXZ,,other,runtime-exported-internal-or-shared,gpu-other
Plug-ins\Effects\mochaAE\MochaAE.bundle\Contents\Win64\mochaui\bin\GPU.dll,GPU.dll,.dll,451,1C2,000A3880,?clearGPUBuffer@CLBufferBase@GPU@@QEAAHXZ,,other,runtime-exported-internal-or-shared,gpu-other
Plug-ins\Effects\mochaAE\MochaAE.bundle\Contents\Win64\mochaui\bin\GPU.dll,GPU.dll,.dll,452,1C3,000DD360,?clearHomography@Tracker@GPU@@UEAAXXZ,,other,runtime-exported-internal-or-shared,gpu-other
Plug-ins\Effects\mochaAE\MochaAE.bundle\Contents\Win64\mochaui\bin\GPU.dll,GPU.dll,.dll,453,1C4,0009BAD0,?codeFormatted@CLException@GPU@@QEBA?AVQString@isl0@@XZ,,other,runtime-exported-internal-or-shared,gpu-other
Plug-ins\Effects\mochaAE\MochaAE.bundle\Contents\Win64\mochaui\bin\GPU.dll,GPU.dll,.dll,456,1C7,000EE760,?commonBackend@BackendFactoryCL@GPU@@UEAA?AV?$shared_ptr@VICommonBackend@GPU@@@std@@_K@Z,,other,runtime-exported-internal-or-shared,gpu-other
Plug-ins\Effects\mochaAE\MochaAE.bundle\Contents\Win64\mochaui\bin\GPU.dll,GPU.dll,.dll,457,1C8,000EF230,?commonBackend@BackendFactoryCLCPP@GPU@@UEAA?AV?$shared_ptr@VICommonBackend@GPU@@@std@@_K@Z,,other,runtime-exported-internal-or-shared,gpu-other
Plug-ins\Effects\mochaAE\MochaAE.bundle\Contents\Win64\mochaui\bin\GPU.dll,GPU.dll,.dll,458,1C9,0001D1E0,?commonBackend@FillAnalyzer@GPU@@AEAAAEAVICommonBackend@2@XZ,,other,runtime-exported-internal-or-shared,gpu-other
Plug-ins\Effects\mochaAE\MochaAE.bundle\Contents\Win64\mochaui\bin\GPU.dll,GPU.dll,.dll,460,1CB,00075D60,?computeBlendMattes@RemoveAnalyzer@GPU@@UEAAXAEBV?$QList@UGan_ImageWindow@@@isl0@@AEAV?$shared_ptr@VIRemoveBuffers@GPU@@@std@@HHIAEBV?$QList@V?$shared_ptr@$$CBVIMask@GPU@@@std@@@4@H_N@Z,,other,runtime-exported-internal-or-shared,gpu-other
Plug-ins\Effects\mochaAE\MochaAE.bundle\Contents\Win64\mochaui\bin\GPU.dll,GPU.dll,.dll,461,1CC,00061380,?computeBlendMattes@RemoveAnalyzerCLCPP@GPU@@UEAAXAEBV?$QList@UGan_ImageWindow@@@isl0@@AEAV?$shared_ptr@VIRemoveBuffers@GPU@@@std@@HHIAEBV?$QList@V?$shared_ptr@$$CBVIMask@GPU@@@std@@@4@H_N@Z,,other,runtime-exported-internal-or-shared,gpu-other
Plug-ins\Effects\mochaAE\MochaAE.bundle\Contents\Win64\mochaui\bin\GPU.dll,GPU.dll,.dll,462,1CD,00076440,?computeBlendWindows@RemoveAnalyzer@GPU@@UEAAXAEAV?$shared_ptr@VIRemoveBuffers@GPU@@@std@@HAEBVQSize@isl0@@IAEAV?$QList@UGan_ImageWindow@@@6@@Z,,other,runtime-exported-internal-or-shared,gpu-other
Plug-ins\Effects\mochaAE\MochaAE.bundle\Contents\Win64\mochaui\bin\GPU.dll,GPU.dll,.dll,463,1CE,000614F0,?computeBlendWindows@RemoveAnalyzerCLCPP@GPU@@UEAAXAEAV?$shared_ptr@VIRemoveBuffers@GPU@@@std@@HAEBVQSize@isl0@@IAEAV?$QList@UGan_ImageWindow@@@6@@Z,,other,runtime-exported-internal-or-shared,gpu-other
Plug-ins\Effects\mochaAE\MochaAE.bundle\Contents\Win64\mochaui\bin\GPU.dll,GPU.dll,.dll,464,1CF,00076C50,?computeContextWindows@RemoveAnalyzer@GPU@@UEAAXAEAV?$shared_ptr@VIRemoveBuffers@GPU@@@std@@HHAEBV?$QList@VQSize@isl0@@@isl0@@PEBXHAEAV?$QList@UGan_ImageWindow@@@6@@Z,,other,runtime-exported-internal-or-shared,gpu-other
Plug-ins\Effects\mochaAE\MochaAE.bundle\Contents\Win64\mochaui\bin\GPU.dll,GPU.dll,.dll,465,1D0,00061690,?computeContextWindows@RemoveAnalyzerCLCPP@GPU@@UEAAXAEAV?$shared_ptr@VIRemoveBuffers@GPU@@@std@@HHAEBV?$QList@VQSize@isl0@@@isl0@@PEBXHAEAV?$QList@UGan_ImageWindow@@@6@@Z,,other,runtime-exported-internal-or-shared,gpu-other
Plug-ins\Effects\mochaAE\MochaAE.bundle\Contents\Win64\mochaui\bin\GPU.dll,GPU.dll,.dll,466,1D1,000AF9E0,?computeFaceOrientations@GPU@@YAXAEBVTrackMesh@IS@@AEAV?$vector@EV?$allocator@E@std@@@std@@@Z,,other,runtime-exported-internal-or-shared,gpu-other
Plug-ins\Effects\mochaAE\MochaAE.bundle\Contents\Win64\mochaui\bin\GPU.dll,GPU.dll,.dll,467,1D2,00077730,?computeFillWindows@RemoveAnalyzer@GPU@@UEAAXAEAV?$shared_ptr@VIRemoveBuffers@GPU@@@std@@HHAEBV?$QList@VQSize@isl0@@@isl0@@IAEAV?$QList@UGan_ImageWindow@@@6@@Z,,other,runtime-exported-internal-or-shared,gpu-other
Plug-ins\Effects\mochaAE\MochaAE.bundle\Contents\Win64\mochaui\bin\GPU.dll,GPU.dll,.dll,468,1D3,00061860,?computeFillWindows@RemoveAnalyzerCLCPP@GPU@@UEAAXAEAV?$shared_ptr@VIRemoveBuffers@GPU@@@std@@HHAEBV?$QList@VQSize@isl0@@@isl0@@IAEAV?$QList@UGan_ImageWindow@@@6@@Z,,other,runtime-exported-internal-or-shared,gpu-other
Plug-ins\Effects\mochaAE\MochaAE.bundle\Contents\Win64\mochaui\bin\GPU.dll,GPU.dll,.dll,469,1D4,000CFD80,?computeGrad2@GradientKernels@GPU@@QEAAXPEAVCLBuffer2D@2@0PEAVCLBuffer2DMask@2@AEBUGan_ImageWindow@@QEAU_cl_command_queue@@@Z,,other,runtime-exported-internal-or-shared,gpu-other
Plug-ins\Effects\mochaAE\MochaAE.bundle\Contents\Win64\mochaui\bin\GPU.dll,GPU.dll,.dll,470,1D5,000D0160,?computeGrad2Pyramid@GradientKernels@GPU@@QEAAXQEAU_cl_command_queue@@AEAV?$vector@V?$shared_ptr@VCLBuffer2D@GPU@@@std@@V?$allocator@V?$shared_ptr@VCLBuffer2D@GPU@@@std@@@2@@std@@1AEAV?$vector@V?$shared_ptr@VCLBuffer2DMask@GPU@@@std@@V?$allocator@V?$shared_ptr@VCLBuffer2DMask@GPU@@@std@@@2@@5@AEAV?$vector@UGan_ImageWindow@@V?$allocator@UGan_ImageWindow@@@std@@@5@I_NAEBVFrame@Prm@@@Z,,other,runtime-exported-internal-or-shared,gpu-other
Plug-ins\Effects\mochaAE\MochaAE.bundle\Contents\Win64\mochaui\bin\GPU.dll,GPU.dll,.dll,471,1D6,000D5ED0,?computeIlluminationFromHomography@OptimizationKernels@GPU@@QEAA?AV?$Vector2Adapter@UGan_Vector2@@@Oberon@@HAEBUGan_Matrix33_f@@AEAV?$vector@V?$shared_ptr@VCLBuffer@GPU@@@std@@V?$allocator@V?$shared_ptr@VCLBuffer@GPU@@@std@@@2@@std@@1AEAV?$vector@V?$shared_ptr@VCLBuffer2D@GPU@@@std@@V?$allocator@V?$shared_ptr@VCLBuffer2D@GPU@@@std@@@2@@7@AEBV?$vector@UGan_Camera@@V?$allocator@UGan_Camera@@@std@@@7@AEAV?$QList@V?$shared_ptr@VIImage2D@GPU@@@std@@@isl0@@AEAV?$vector@V?$shared_ptr@V?$CLBufferBaseT@UCL_ImageWindow@CL@GPU@@@GPU@@@std@@V?$allocator@V?$shared_ptr@V?$CLBufferBaseT@UCL_ImageWindow@CL@GPU@@@GPU@@@std@@@2@@7@@Z,,other,runtime-exported-internal-or-shared,gpu-other
Plug-ins\Effects\mochaAE\MochaAE.bundle\Contents\Win64\mochaui\bin\GPU.dll,GPU.dll,.dll,472,1D7,000DD3C0,?computeJacobianHomographyObs@Tracker@GPU@@AEAA_NW4_TrackModel@@NNNAEBUGan_Matrix33@@AEBVVector@Oberon@@AEAV56@3333@Z,,other,runtime-exported-internal-or-shared,gpu-other
Plug-ins\Effects\mochaAE\MochaAE.bundle\Contents\Win64\mochaui\bin\GPU.dll,GPU.dll,.dll,473,1D8,000D6630,?computeJacobianRobustResidualIllum@OptimizationKernels@GPU@@QEAANPEAVCLBuffer@2@000MAEBVQSize@isl0@@V?$shared_ptr@$$CBVIImage2D@GPU@@@std@@V?$shared_ptr@VCLBuffer2D@GPU@@@7@V?$shared_ptr@V?$CLBufferBaseT@UCL_ImageWindow@CL@GPU@@@GPU@@@7@PEAVBufferHomography@2@AEAV?$Vector2Adapter@UGan_Vector2@@@Oberon@@PEAVCLBuffer2D@2@7700W4_TrackModel@@W4CL_IlluminationModel@2@_N@Z,,other,runtime-exported-internal-or-shared,gpu-other
Plug-ins\Effects\mochaAE\MochaAE.bundle\Contents\Win64\mochaui\bin\GPU.dll,GPU.dll,.dll,474,1D9,000C8FA0,?computeReduceIndex@BufferKernelsF@GPU@@QEAAXAEAVCLBuffer@2@00H@Z,,other,runtime-exported-internal-or-shared,gpu-other
Plug-ins\Effects\mochaAE\MochaAE.bundle\Contents\Win64\mochaui\bin\GPU.dll,GPU.dll,.dll,475,1DA,00078480,?computeSTMapWindows@RemoveAnalyzer@GPU@@UEAAXAEAV?$shared_ptr@VIRemoveBuffers@GPU@@@std@@HAEBV?$QList@UGan_ImageWindow@@@isl0@@AEAV56@@Z,,other,runtime-exported-internal-or-shared,gpu-other
Plug-ins\Effects\mochaAE\MochaAE.bundle\Contents\Win64\mochaui\bin\GPU.dll,GPU.dll,.dll,476,1DB,00061A60,?computeSTMapWindows@RemoveAnalyzerCLCPP@GPU@@UEAAXAEAV?$shared_ptr@VIRemoveBuffers@GPU@@@std@@HAEBV?$QList@UGan_ImageWindow@@@isl0@@AEAV56@@Z,,other,runtime-exported-internal-or-shared,gpu-other
Plug-ins\Effects\mochaAE\MochaAE.bundle\Contents\Win64\mochaui\bin\GPU.dll,GPU.dll,.dll,477,1DC,000EE900,?context@BackendFactoryCL@GPU@@AEAA?AV?$shared_ptr@VContext@GPU@@@std@@_K@Z,,other,runtime-exported-internal-or-shared,gpu-other
Plug-ins\Effects\mochaAE\MochaAE.bundle\Contents\Win64\mochaui\bin\GPU.dll,GPU.dll,.dll,478,1DD,00025EE0,?context@BufferKernelsF@GPU@@AEAAAEAVContext@2@XZ,,other,runtime-exported-internal-or-shared,gpu-other
Plug-ins\Effects\mochaAE\MochaAE.bundle\Contents\Win64\mochaui\bin\GPU.dll,GPU.dll,.dll,479,1DE,00022120,?context@CLBackendBase@GPU@@IEBA?AV?$shared_ptr@VContext@GPU@@@std@@XZ,,other,runtime-exported-internal-or-shared,gpu-other
Plug-ins\Effects\mochaAE\MochaAE.bundle\Contents\Win64\mochaui\bin\GPU.dll,GPU.dll,.dll,480,1DF,000A3C50,?context@CLBufferBase@GPU@@QEBAPEAU_cl_context@@XZ,,other,runtime-exported-internal-or-shared,gpu-other
Plug-ins\Effects\mochaAE\MochaAE.bundle\Contents\Win64\mochaui\bin\GPU.dll,GPU.dll,.dll,481,1E0,0001EE10,?context@Context@GPU@@QEAAAEAV0compute@boost@@XZ,,other,runtime-exported-internal-or-shared,gpu-other
Plug-ins\Effects\mochaAE\MochaAE.bundle\Contents\Win64\mochaui\bin\GPU.dll,GPU.dll,.dll,483,1E2,000DDEF0,?context@Tracker@GPU@@QEBA?AV?$shared_ptr@$$CBVContext@GPU@@@std@@XZ,,other,runtime-exported-internal-or-shared,gpu-other
Plug-ins\Effects\mochaAE\MochaAE.bundle\Contents\Win64\mochaui\bin\GPU.dll,GPU.dll,.dll,484,1E3,00022150,?contextDeviceName@CLBackendBase@GPU@@IEBA?AVQString@isl0@@XZ,,other,runtime-exported-internal-or-shared,gpu-other
Plug-ins\Effects\mochaAE\MochaAE.bundle\Contents\Win64\mochaui\bin\GPU.dll,GPU.dll,.dll,485,1E4,000C9360,?convertGanMask@BufferKernelsF@GPU@@QEAAXAEBVCLBuffer2D@2@AEAVCLBuffer2DMask@2@@Z,,other,runtime-exported-internal-or-shared,gpu-other
Plug-ins\Effects\mochaAE\MochaAE.bundle\Contents\Win64\mochaui\bin\GPU.dll,GPU.dll,.dll,486,1E5,000DDF30,?convertHomography@Tracker@GPU@@QEBA?AUGan_Matrix33@@AEBU3@AEBUGan_Camera@@1@Z,,other,runtime-exported-internal-or-shared,gpu-other
Plug-ins\Effects\mochaAE\MochaAE.bundle\Contents\Win64\mochaui\bin\GPU.dll,GPU.dll,.dll,487,1E6,000C95F0,?convertToFloat@BufferKernelsF@GPU@@QEAAXAEBVCLBuffer@2@AEAVCLBuffer2D@2@@Z,,other,runtime-exported-internal-or-shared,gpu-other
Plug-ins\Effects\mochaAE\MochaAE.bundle\Contents\Win64\mochaui\bin\GPU.dll,GPU.dll,.dll,488,1E7,000DE1C0,?convertToFloatFromImage@Tracker@GPU@@AEAAHPEAVCLBuffer2D@2@AEBVImagePtr@1IS@@W4Gan_ImageChannelType@@@Z,,other,runtime-exported-internal-or-shared,gpu-other
Plug-ins\Effects\mochaAE\MochaAE.bundle\Contents\Win64\mochaui\bin\GPU.dll,GPU.dll,.dll,489,1E8,00026660,?convolve2D@ImageProcCL@GPU@@UEBAXAEAVCL_Host_Matte@2@00AEBUGan_ImageWindow@@@Z,,other,runtime-exported-internal-or-shared,gpu-other
Plug-ins\Effects\mochaAE\MochaAE.bundle\Contents\Win64\mochaui\bin\GPU.dll,GPU.dll,.dll,490,1E9,00011450,?convolve2D@ImageProcCLCPP@GPU@@UEBAXAEAVCL_Host_Matte@2@00AEBUGan_ImageWindow@@@Z,,other,runtime-exported-internal-or-shared,gpu-other
Plug-ins\Effects\mochaAE\MochaAE.bundle\Contents\Win64\mochaui\bin\GPU.dll,GPU.dll,.dll,491,1EA,00031E70,?copy2@MatteUtils@GPU@@UEAAXAEBVIMask@2@AEAV32@@Z,,other,runtime-exported-internal-or-shared,gpu-other
Plug-ins\Effects\mochaAE\MochaAE.bundle\Contents\Win64\mochaui\bin\GPU.dll,GPU.dll,.dll,492,1EB,00018FC0,?copy2@MatteUtilsCLCPP@GPU@@UEAAXAEBVIMask@2@AEAV32@@Z,,other,runtime-exported-internal-or-shared,gpu-other
Plug-ins\Effects\mochaAE\MochaAE.bundle\Contents\Win64\mochaui\bin\GPU.dll,GPU.dll,.dll,493,1EC,0002A1C0,?copy@ImageUtils@GPU@@UEAAXAEBVCL_Host_Matte@2@AEAV32@@Z,,other,runtime-exported-internal-or-shared,gpu-other
Plug-ins\Effects\mochaAE\MochaAE.bundle\Contents\Win64\mochaui\bin\GPU.dll,GPU.dll,.dll,494,1ED,00015AB0,?copy@ImageUtilsCLCPP@GPU@@UEAAXAEBVCL_Host_Matte@2@AEAV32@@Z,,other,runtime-exported-internal-or-shared,gpu-other
Plug-ins\Effects\mochaAE\MochaAE.bundle\Contents\Win64\mochaui\bin\GPU.dll,GPU.dll,.dll,495,1EE,0002A2A0,?copyBufferToImage@ImageUtils@GPU@@UEAA_NAEBVCL_Host_Matte@2@AEAVIImage2D@2@_N@Z,,other,runtime-exported-internal-or-shared,gpu-other
Plug-ins\Effects\mochaAE\MochaAE.bundle\Contents\Win64\mochaui\bin\GPU.dll,GPU.dll,.dll,496,1EF,00015AD0,?copyBufferToImage@ImageUtilsCLCPP@GPU@@UEAA_NAEBVCL_Host_Matte@2@AEAVIImage2D@2@_N@Z,,other,runtime-exported-internal-or-shared,gpu-other
Plug-ins\Effects\mochaAE\MochaAE.bundle\Contents\Win64\mochaui\bin\GPU.dll,GPU.dll,.dll,497,1F0,000A3C60,?copyFromGPUBuffer@CLBufferBase@GPU@@QEAAHAEBV12@@Z,,other,runtime-exported-internal-or-shared,gpu-other
Plug-ins\Effects\mochaAE\MochaAE.bundle\Contents\Win64\mochaui\bin\GPU.dll,GPU.dll,.dll,498,1F1,0002AA20,?copyImageToBuffer@ImageUtils@GPU@@UEAA_NAEBVIImage2D@2@AEAVCL_Host_Matte@2@_N@Z,,other,runtime-exported-internal-or-shared,gpu-other
Plug-ins\Effects\mochaAE\MochaAE.bundle\Contents\Win64\mochaui\bin\GPU.dll,GPU.dll,.dll,499,1F2,00015B60,?copyImageToBuffer@ImageUtilsCLCPP@GPU@@UEAA_NAEBVIImage2D@2@AEAVCL_Host_Matte@2@_N@Z,,other,runtime-exported-internal-or-shared,gpu-other
Plug-ins\Effects\mochaAE\MochaAE.bundle\Contents\Win64\mochaui\bin\GPU.dll,GPU.dll,.dll,500,1F3,0002B170,?copyImageToImage@ImageUtils@GPU@@UEAAXAEBVIImage2D@2@AEAV32@@Z,,other,runtime-exported-internal-or-shared,gpu-other
Plug-ins\Effects\mochaAE\MochaAE.bundle\Contents\Win64\mochaui\bin\GPU.dll,GPU.dll,.dll,501,1F4,00015BF0,?copyImageToImage@ImageUtilsCLCPP@GPU@@UEAAXAEBVIImage2D@2@AEAV32@@Z,,other,runtime-exported-internal-or-shared,gpu-other
Plug-ins\Effects\mochaAE\MochaAE.bundle\Contents\Win64\mochaui\bin\GPU.dll,GPU.dll,.dll,502,1F5,0001EE20,?countNonZero@BufferUtils@GPU@@UEAA_KAEBVIBuffer@2@@Z,,other,runtime-exported-internal-or-shared,gpu-other
Plug-ins\Effects\mochaAE\MochaAE.bundle\Contents\Win64\mochaui\bin\GPU.dll,GPU.dll,.dll,503,1F6,00032520,?countNonZero@MatteUtils@GPU@@UEAA_KAEBVIMask@2@@Z,,other,runtime-exported-internal-or-shared,gpu-other
Plug-ins\Effects\mochaAE\MochaAE.bundle\Contents\Win64\mochaui\bin\GPU.dll,GPU.dll,.dll,504,1F7,000191C0,?countNonZero@MatteUtilsCLCPP@GPU@@UEAA_KAEBVIMask@2@@Z,,other,runtime-exported-internal-or-shared,gpu-other
Plug-ins\Effects\mochaAE\MochaAE.bundle\Contents\Win64\mochaui\bin\GPU.dll,GPU.dll,.dll,505,1F8,00079650,?countSourceFillPixels@RemoveAnalyzer@GPU@@UEAAXAEAV?$shared_ptr@VIRemoveBuffers@GPU@@@std@@AEBVIMask@2@AEBV?$QList@V?$shared_ptr@$$CBVIMask@GPU@@@std@@@isl0@@AEBV?$QList@VMatrix33@Oberon@@@7@IAEAV?$QList@H@7@@Z,,other,runtime-exported-internal-or-shared,gpu-other
Plug-ins\Effects\mochaAE\MochaAE.bundle\Contents\Win64\mochaui\bin\GPU.dll,GPU.dll,.dll,506,1F9,00061C00,?countSourceFillPixels@RemoveAnalyzerCLCPP@GPU@@UEAAXAEAV?$shared_ptr@VIRemoveBuffers@GPU@@@std@@AEBVIMask@2@AEBV?$QList@V?$shared_ptr@$$CBVIMask@GPU@@@std@@@isl0@@AEBV?$QList@VMatrix33@Oberon@@@7@IAEAV?$QList@H@7@@Z,,other,runtime-exported-internal-or-shared,gpu-other
Plug-ins\Effects\mochaAE\MochaAE.bundle\Contents\Win64\mochaui\bin\GPU.dll,GPU.dll,.dll,507,1FA,00079F00,?countSourcesPMI@RemoveAnalyzer@GPU@@UEAA?AV?$QList@H@isl0@@AEAV?$shared_ptr@VIRemoveBuffers@GPU@@@std@@H@Z,,other,runtime-exported-internal-or-shared,gpu-other
Plug-ins\Effects\mochaAE\MochaAE.bundle\Contents\Win64\mochaui\bin\GPU.dll,GPU.dll,.dll,508,1FB,00062440,?countSourcesPMI@RemoveAnalyzerCLCPP@GPU@@UEAA?AV?$QList@H@isl0@@AEAV?$shared_ptr@VIRemoveBuffers@GPU@@@std@@H@Z,,other,runtime-exported-internal-or-shared,gpu-other
Plug-ins\Effects\mochaAE\MochaAE.bundle\Contents\Win64\mochaui\bin\GPU.dll,GPU.dll,.dll,509,1FC,0007A790,?countToFillPMI@RemoveAnalyzer@GPU@@UEAAHAEAV?$shared_ptr@VIRemoveBuffers@GPU@@@std@@AEBVIMask@2@@Z,,other,runtime-exported-internal-or-shared,gpu-other
Plug-ins\Effects\mochaAE\MochaAE.bundle\Contents\Win64\mochaui\bin\GPU.dll,GPU.dll,.dll,510,1FD,00062490,?countToFillPMI@RemoveAnalyzerCLCPP@GPU@@UEAAHAEAV?$shared_ptr@VIRemoveBuffers@GPU@@@std@@AEBVIMask@2@@Z,,other,runtime-exported-internal-or-shared,gpu-other
Plug-ins\Effects\mochaAE\MochaAE.bundle\Contents\Win64\mochaui\bin\GPU.dll,GPU.dll,.dll,511,1FE,0001F170,?create@BufferUtils@GPU@@UEAA?AV?$shared_ptr@VIBuffer2D@GPU@@@std@@AEBUGan_ImageWindow@@AEBUGan_Image@@@Z,,other,runtime-exported-internal-or-shared,gpu-other
Plug-ins\Effects\mochaAE\MochaAE.bundle\Contents\Win64\mochaui\bin\GPU.dll,GPU.dll,.dll,512,1FF,0001F2B0,?create@BufferUtils@GPU@@UEAA?AV?$shared_ptr@VIBuffer2D@GPU@@@std@@AEBUGan_ImageWindow@@W4CL_Type@2@@Z,,other,runtime-exported-internal-or-shared,gpu-other
Plug-ins\Effects\mochaAE\MochaAE.bundle\Contents\Win64\mochaui\bin\GPU.dll,GPU.dll,.dll,513,200,0002BA30,?create@ImageUtils@GPU@@AEAA?AVCL_Host_Matte@2@AEBVQSize@isl0@@W4CL_Type@2@@Z,,other,runtime-exported-internal-or-shared,gpu-other
Plug-ins\Effects\mochaAE\MochaAE.bundle\Contents\Win64\mochaui\bin\GPU.dll,GPU.dll,.dll,514,201,0002BBD0,?create@ImageUtils@GPU@@UEAA?AV?$shared_ptr@VIImage2D@GPU@@@std@@AEBUGan_Image@@_N@Z,,other,runtime-exported-internal-or-shared,gpu-other
Plug-ins\Effects\mochaAE\MochaAE.bundle\Contents\Win64\mochaui\bin\GPU.dll,GPU.dll,.dll,515,202,0002BCA0,?create@ImageUtils@GPU@@UEAA?AV?$shared_ptr@VIImage2D@GPU@@@std@@AEBUGan_ImageWindow@@W4Gan_Type@@W4Gan_ImageFormat@@_N@Z,,other,runtime-exported-internal-or-shared,gpu-other
Plug-ins\Effects\mochaAE\MochaAE.bundle\Contents\Win64\mochaui\bin\GPU.dll,GPU.dll,.dll,516,203,00015CB0,?create@ImageUtilsCLCPP@GPU@@UEAA?AV?$shared_ptr@VIImage2D@GPU@@@std@@AEBUGan_Image@@_N@Z,,other,runtime-exported-internal-or-shared,gpu-other
Plug-ins\Effects\mochaAE\MochaAE.bundle\Contents\Win64\mochaui\bin\GPU.dll,GPU.dll,.dll,517,204,00015EE0,?create@ImageUtilsCLCPP@GPU@@UEAA?AV?$shared_ptr@VIImage2D@GPU@@@std@@AEBUGan_ImageWindow@@W4Gan_Type@@W4Gan_ImageFormat@@_N@Z,,other,runtime-exported-internal-or-shared,gpu-other
Plug-ins\Effects\mochaAE\MochaAE.bundle\Contents\Win64\mochaui\bin\GPU.dll,GPU.dll,.dll,518,205,00032570,?create@MatteUtils@GPU@@UEAA?AV?$shared_ptr@VIMask@GPU@@@std@@AEBUGan_ImageWindow@@@Z,,other,runtime-exported-internal-or-shared,gpu-other
Plug-ins\Effects\mochaAE\MochaAE.bundle\Contents\Win64\mochaui\bin\GPU.dll,GPU.dll,.dll,519,206,00019480,?create@MatteUtils@GPU@@UEAA?AV?$shared_ptr@VIMask@GPU@@@std@@AEBVQSize@isl0@@@Z,,other,runtime-exported-internal-or-shared,gpu-other
Plug-ins\Effects\mochaAE\MochaAE.bundle\Contents\Win64\mochaui\bin\GPU.dll,GPU.dll,.dll,520,207,000193F0,?create@MatteUtilsCLCPP@GPU@@UEAA?AV?$shared_ptr@VIMask@GPU@@@std@@AEBUGan_ImageWindow@@@Z,,other,runtime-exported-internal-or-shared,gpu-other
Plug-ins\Effects\mochaAE\MochaAE.bundle\Contents\Win64\mochaui\bin\GPU.dll,GPU.dll,.dll,521,208,00019480,?create@MatteUtilsCLCPP@GPU@@UEAA?AV?$shared_ptr@VIMask@GPU@@@std@@AEBVQSize@isl0@@@Z,,other,runtime-exported-internal-or-shared,gpu-other
Plug-ins\Effects\mochaAE\MochaAE.bundle\Contents\Win64\mochaui\bin\GPU.dll,GPU.dll,.dll,522,209,0002BE10,?createB@ImageUtils@GPU@@UEAA?AVCL_Host_Matte@2@AEBVQSize@isl0@@@Z,,other,runtime-exported-internal-or-shared,gpu-other
Plug-ins\Effects\mochaAE\MochaAE.bundle\Contents\Win64\mochaui\bin\GPU.dll,GPU.dll,.dll,523,20A,00015F70,?createB@ImageUtilsCLCPP@GPU@@UEAA?AVCL_Host_Matte@2@AEBVQSize@isl0@@@Z,,other,runtime-exported-internal-or-shared,gpu-other
Plug-ins\Effects\mochaAE\MochaAE.bundle\Contents\Win64\mochaui\bin\GPU.dll,GPU.dll,.dll,524,20B,000EFEF0,?createBackend@BackendManager@GPU@@QEAA?AV?$shared_ptr@VIBackendGPU@GPU@@@std@@W4BackendModule@IBackendGPU@2@AEBUBackendData@12@_K@Z,,other,runtime-exported-internal-or-shared,gpu-other
Plug-ins\Effects\mochaAE\MochaAE.bundle\Contents\Win64\mochaui\bin\GPU.dll,GPU.dll,.dll,525,20C,0002BE30,?createBatch@ImageUtils@GPU@@UEAA?AV?$QList@V?$shared_ptr@VIImage2D@GPU@@@std@@@isl0@@AEBV?$QList@V?$GanImage_Ptr@UGan_Image@@@detail@Bsc@@@4@@Z,,other,runtime-exported-internal-or-shared,gpu-other
Plug-ins\Effects\mochaAE\MochaAE.bundle\Contents\Win64\mochaui\bin\GPU.dll,GPU.dll,.dll,526,20D,000160A0,?createBatch@ImageUtilsCLCPP@GPU@@UEAA?AV?$QList@V?$shared_ptr@VIImage2D@GPU@@@std@@@isl0@@AEBV?$QList@V?$GanImage_Ptr@UGan_Image@@@detail@Bsc@@@4@@Z,,other,runtime-exported-internal-or-shared,gpu-other
Plug-ins\Effects\mochaAE\MochaAE.bundle\Contents\Win64\mochaui\bin\GPU.dll,GPU.dll,.dll,527,20E,000A4020,?createCL@CLBufferBase@GPU@@IEAAXXZ,,other,runtime-exported-internal-or-shared,gpu-other
Plug-ins\Effects\mochaAE\MochaAE.bundle\Contents\Win64\mochaui\bin\GPU.dll,GPU.dll,.dll,528,20F,000EEA50,?createContext@BackendFactoryCL@GPU@@AEAA?AV?$shared_ptr@VContext@GPU@@@std@@HHV?$shared_ptr@VIGPUMemoryLimit@GPU@@@4@W4ContextMode@Context@2@@Z,,other,runtime-exported-internal-or-shared,gpu-other
Plug-ins\Effects\mochaAE\MochaAE.bundle\Contents\Win64\mochaui\bin\GPU.dll,GPU.dll,.dll,529,210,0009D9C0,?createContext_GLCL@Context@GPU@@AEAAPEAU_cl_context@@AEAPEAU_cl_platform_id@@AEAPEAU_cl_device_id@@PEAH@Z,,other,runtime-exported-internal-or-shared,gpu-other
Plug-ins\Effects\mochaAE\MochaAE.bundle\Contents\Win64\mochaui\bin\GPU.dll,GPU.dll,.dll,530,211,000F0060,?createFactory@BackendManager@GPU@@QEAA?AV?$shared_ptr@VIBackendFactory@GPU@@@std@@AEBUBackendData@12@@Z,,other,runtime-exported-internal-or-shared,gpu-other
Plug-ins\Effects\mochaAE\MochaAE.bundle\Contents\Win64\mochaui\bin\GPU.dll,GPU.dll,.dll,531,212,000F02A0,?createFactoryCL@BackendManager@GPU@@QEAA?AV?$shared_ptr@VIBackendFactory@GPU@@@std@@HHV?$shared_ptr@VIGPUMemoryLimit@GPU@@@4@@Z,,other,runtime-exported-internal-or-shared,gpu-other
Plug-ins\Effects\mochaAE\MochaAE.bundle\Contents\Win64\mochaui\bin\GPU.dll,GPU.dll,.dll,532,213,000F03D0,?createFactoryCLCPP@BackendManager@GPU@@QEAA?AV?$shared_ptr@VIBackendFactory@GPU@@@std@@V?$shared_ptr@VIGPUMemoryLimit@GPU@@@4@@Z,,other,runtime-exported-internal-or-shared,gpu-other
Plug-ins\Effects\mochaAE\MochaAE.bundle\Contents\Win64\mochaui\bin\GPU.dll,GPU.dll,.dll,533,214,000C9860,?createImagePatch@BufferKernelsF@GPU@@QEAA?AV?$shared_ptr@VIImage2D@GPU@@@std@@AEBUGan_ImageWindow@@AEAVCLBuffer2D@2@AEAV?$shared_ptr@V?$CLBufferBaseT@UCL_ImageWindow@CL@GPU@@@GPU@@@4@@Z,,other,runtime-exported-internal-or-shared,gpu-other
Plug-ins\Effects\mochaAE\MochaAE.bundle\Contents\Win64\mochaui\bin\GPU.dll,GPU.dll,.dll,534,215,0002C430,?createSTMaps@ImageUtils@GPU@@UEAA?AV?$shared_ptr@VIImage2DArray@GPU@@@std@@AEBV?$QList@V?$GanImage_Ptr@UGan_Image@@@detail@Bsc@@@isl0@@@Z,,other,runtime-exported-internal-or-shared,gpu-other
Plug-ins\Effects\mochaAE\MochaAE.bundle\Contents\Win64\mochaui\bin\GPU.dll,GPU.dll,.dll,535,216,0000C8B0,?createSTMaps@ImageUtilsCLCPP@GPU@@UEAA?AV?$shared_ptr@VIImage2DArray@GPU@@@std@@AEBV?$QList@V?$GanImage_Ptr@UGan_Image@@@detail@Bsc@@@isl0@@@Z,,other,runtime-exported-internal-or-shared,gpu-other
Plug-ins\Effects\mochaAE\MochaAE.bundle\Contents\Win64\mochaui\bin\GPU.dll,GPU.dll,.dll,536,217,00023580,?createUtils@CommonBackendCL@GPU@@AEAAXXZ,,other,runtime-exported-internal-or-shared,gpu-other
Plug-ins\Effects\mochaAE\MochaAE.bundle\Contents\Win64\mochaui\bin\GPU.dll,GPU.dll,.dll,538,219,0009DA90,?currentContext@Context@GPU@@QEBAPEAU_cl_context@@XZ,,other,runtime-exported-internal-or-shared,gpu-other
Plug-ins\Effects\mochaAE\MochaAE.bundle\Contents\Win64\mochaui\bin\GPU.dll,GPU.dll,.dll,539,21A,0009DAA0,?currentDevice@Context@GPU@@QEBAPEAU_cl_device_id@@XZ,,other,runtime-exported-internal-or-shared,gpu-other
Plug-ins\Effects\mochaAE\MochaAE.bundle\Contents\Win64\mochaui\bin\GPU.dll,GPU.dll,.dll,540,21B,0009DAB0,?currentDeviceType@Context@GPU@@QEBA?AW4Type@DeviceInfo@2@XZ,,other,runtime-exported-internal-or-shared,gpu-other
Plug-ins\Effects\mochaAE\MochaAE.bundle\Contents\Win64\mochaui\bin\GPU.dll,GPU.dll,.dll,541,21C,000A41D0,?dataPtr@CLBufferBase@GPU@@QEAAPEAX_N@Z,,other,runtime-exported-internal-or-shared,gpu-other
Plug-ins\Effects\mochaAE\MochaAE.bundle\Contents\Win64\mochaui\bin\GPU.dll,GPU.dll,.dll,542,21D,000A4260,?dataPtr@CLBufferBase@GPU@@QEBAPEBXXZ,,other,runtime-exported-internal-or-shared,gpu-other
Plug-ins\Effects\mochaAE\MochaAE.bundle\Contents\Win64\mochaui\bin\GPU.dll,GPU.dll,.dll,543,21E,0009F790,?debugMessage@Exception@GPU@@QEBA?AVQString@isl0@@XZ,,other,runtime-exported-internal-or-shared,gpu-other
Plug-ins\Effects\mochaAE\MochaAE.bundle\Contents\Win64\mochaui\bin\GPU.dll,GPU.dll,.dll,544,21F,0003BA00,?defaultDevice@GPU@@YAAEBUAvailableGPUDevice@1@XZ,,other,runtime-exported-internal-or-shared,gpu-other
Plug-ins\Effects\mochaAE\MochaAE.bundle\Contents\Win64\mochaui\bin\GPU.dll,GPU.dll,.dll,545,220,000F04D0,?defaultImageProc@BackendManager@GPU@@QEAA?AV?$shared_ptr@VIImageProc@GPU@@@std@@XZ,,other,runtime-exported-internal-or-shared,gpu-other
Plug-ins\Effects\mochaAE\MochaAE.bundle\Contents\Win64\mochaui\bin\GPU.dll,GPU.dll,.dll,546,221,00022220,?device@CLBackendBase@GPU@@QEBAHXZ,,other,runtime-exported-internal-or-shared,gpu-other
Plug-ins\Effects\mochaAE\MochaAE.bundle\Contents\Win64\mochaui\bin\GPU.dll,GPU.dll,.dll,547,222,0003A820,?device@DeviceInfo@GPU@@QEBAPEAU_cl_device_id@@XZ,,other,runtime-exported-internal-or-shared,gpu-other
Plug-ins\Effects\mochaAE\MochaAE.bundle\Contents\Win64\mochaui\bin\GPU.dll,GPU.dll,.dll,548,223,0009DAC0,?deviceHasFeature@Context@GPU@@QEBA_NAEBVQString@isl0@@@Z,,other,runtime-exported-internal-or-shared,gpu-other
Plug-ins\Effects\mochaAE\MochaAE.bundle\Contents\Win64\mochaui\bin\GPU.dll,GPU.dll,.dll,549,224,0001F610,?deviceIndex@Context@GPU@@QEBAHXZ,,other,runtime-exported-internal-or-shared,gpu-other
Plug-ins\Effects\mochaAE\MochaAE.bundle\Contents\Win64\mochaui\bin\GPU.dll,GPU.dll,.dll,550,225,00023A30,?deviceName@CommonBackendCL@GPU@@UEBA?AVQString@isl0@@XZ,,other,runtime-exported-internal-or-shared,gpu-other
Plug-ins\Effects\mochaAE\MochaAE.bundle\Contents\Win64\mochaui\bin\GPU.dll,GPU.dll,.dll,551,226,0001F620,?deviceName@Context@GPU@@QEBAAEBVQString@isl0@@XZ,,other,runtime-exported-internal-or-shared,gpu-other
Plug-ins\Effects\mochaAE\MochaAE.bundle\Contents\Win64\mochaui\bin\GPU.dll,GPU.dll,.dll,552,227,00023A30,?deviceName@RemoveBackendCL@GPU@@UEBA?AVQString@isl0@@XZ,,other,runtime-exported-internal-or-shared,gpu-other
Plug-ins\Effects\mochaAE\MochaAE.bundle\Contents\Win64\mochaui\bin\GPU.dll,GPU.dll,.dll,553,228,0000D2E0,?deviceName@RemoveBackendCLCPP@GPU@@UEBA?AVQString@isl0@@XZ,,other,runtime-exported-internal-or-shared,gpu-other
Plug-ins\Effects\mochaAE\MochaAE.bundle\Contents\Win64\mochaui\bin\GPU.dll,GPU.dll,.dll,554,229,0000D2E0,?deviceName@TrackBackend@GPU@@UEBA?AVQString@isl0@@XZ,,other,runtime-exported-internal-or-shared,gpu-other
Plug-ins\Effects\mochaAE\MochaAE.bundle\Contents\Win64\mochaui\bin\GPU.dll,GPU.dll,.dll,555,22A,000DE5F0,?deviceName@Tracker@GPU@@UEBA?AVQString@isl0@@XZ,,other,runtime-exported-internal-or-shared,gpu-other
Plug-ins\Effects\mochaAE\MochaAE.bundle\Contents\Win64\mochaui\bin\GPU.dll,GPU.dll,.dll,556,22B,0003A830,?deviceVendorID@DeviceInfo@GPU@@QEBAIXZ,,other,runtime-exported-internal-or-shared,gpu-other
Plug-ins\Effects\mochaAE\MochaAE.bundle\Contents\Win64\mochaui\bin\GPU.dll,GPU.dll,.dll,557,22C,0009DB30,?devices@Context@GPU@@QEBA?AV?$vector@PEAU_cl_device_id@@V?$allocator@PEAU_cl_device_id@@@std@@@std@@XZ,,other,runtime-exported-internal-or-shared,gpu-other
Plug-ins\Effects\mochaAE\MochaAE.bundle\Contents\Win64\mochaui\bin\GPU.dll,GPU.dll,.dll,558,22D,00040240,?devices@PlatformInfo@GPU@@QEBAAEBV?$vector@VDeviceInfo@GPU@@V?$allocator@VDeviceInfo@GPU@@@std@@@std@@XZ,,other,runtime-exported-internal-or-shared,gpu-other
Plug-ins\Effects\mochaAE\MochaAE.bundle\Contents\Win64\mochaui\bin\GPU.dll,GPU.dll,.dll,559,22E,00040250,?devicesCount@PlatformInfo@GPU@@QEBAHXZ,,other,runtime-exported-internal-or-shared,gpu-other
Plug-ins\Effects\mochaAE\MochaAE.bundle\Contents\Win64\mochaui\bin\GPU.dll,GPU.dll,.dll,560,22F,0003BAC0,?devicesIDs@GPU@@YA?AV?$vector@PEAU_cl_device_id@@V?$allocator@PEAU_cl_device_id@@@std@@@std@@AEBQEAU_cl_platform_id@@@Z,,other,runtime-exported-internal-or-shared,gpu-other
Plug-ins\Effects\mochaAE\MochaAE.bundle\Contents\Win64\mochaui\bin\GPU.dll,GPU.dll,.dll,561,230,00032C40,?dilate@MatteUtils@GPU@@UEAAXAEAVIMask@2@H@Z,,other,runtime-exported-internal-or-shared,gpu-other
Plug-ins\Effects\mochaAE\MochaAE.bundle\Contents\Win64\mochaui\bin\GPU.dll,GPU.dll,.dll,562,231,00019540,?dilate@MatteUtilsCLCPP@GPU@@UEAAXAEAVIMask@2@H@Z,,other,runtime-exported-internal-or-shared,gpu-other
Plug-ins\Effects\mochaAE\MochaAE.bundle\Contents\Win64\mochaui\bin\GPU.dll,GPU.dll,.dll,563,232,00036DA0,?downResImageGaussian@ImageProcBase@GPU@@AEBAPEAUGan_Image@@PEBU3@MPEAU3@@Z,,other,runtime-exported-internal-or-shared,gpu-other
Plug-ins\Effects\mochaAE\MochaAE.bundle\Contents\Win64\mochaui\bin\GPU.dll,GPU.dll,.dll,564,233,000370A0,?downResImageSinc@ImageProcBase@GPU@@AEBAPEAUGan_Image@@PEBU3@MPEAU3@@Z,,other,runtime-exported-internal-or-shared,gpu-other
Plug-ins\Effects\mochaAE\MochaAE.bundle\Contents\Win64\mochaui\bin\GPU.dll,GPU.dll,.dll,565,234,0002C4F0,?download@ImageUtils@GPU@@UEAA?AV?$GanImage_Ptr@$$CBUGan_Image@@@detail@Bsc@@AEBVCL_Host_Matte@2@@Z,,other,runtime-exported-internal-or-shared,gpu-other
Plug-ins\Effects\mochaAE\MochaAE.bundle\Contents\Win64\mochaui\bin\GPU.dll,GPU.dll,.dll,566,235,00016260,?download@ImageUtilsCLCPP@GPU@@UEAA?AV?$GanImage_Ptr@$$CBUGan_Image@@@detail@Bsc@@AEBVCL_Host_Matte@2@@Z,,other,runtime-exported-internal-or-shared,gpu-other
Plug-ins\Effects\mochaAE\MochaAE.bundle\Contents\Win64\mochaui\bin\GPU.dll,GPU.dll,.dll,567,236,00032D10,?download@MatteUtils@GPU@@UEAA?AV?$GanImage_Ptr@$$CBUGan_Image@@@detail@Bsc@@AEBVIMask@2@@Z,,other,runtime-exported-internal-or-shared,gpu-other
Plug-ins\Effects\mochaAE\MochaAE.bundle\Contents\Win64\mochaui\bin\GPU.dll,GPU.dll,.dll,568,237,000196B0,?download@MatteUtilsCLCPP@GPU@@UEAA?AV?$GanImage_Ptr@$$CBUGan_Image@@@detail@Bsc@@AEBVIMask@2@@Z,,other,runtime-exported-internal-or-shared,gpu-other
Plug-ins\Effects\mochaAE\MochaAE.bundle\Contents\Win64\mochaui\bin\GPU.dll,GPU.dll,.dll,569,238,00026BC0,?downresAndConvolve2D@ImageProcCL@GPU@@EEBAXPEBUGan_Image@@PEAU3@VQPoint@isl0@@2PEAUGan_Matrix_f@@@Z,,other,runtime-exported-internal-or-shared,gpu-other
Plug-ins\Effects\mochaAE\MochaAE.bundle\Contents\Win64\mochaui\bin\GPU.dll,GPU.dll,.dll,570,239,00011740,?downresAndConvolve2D@ImageProcCLCPP@GPU@@MEBAXPEBUGan_Image@@PEAU3@VQPoint@isl0@@2PEAUGan_Matrix_f@@@Z,,other,runtime-exported-internal-or-shared,gpu-other
Plug-ins\Effects\mochaAE\MochaAE.bundle\Contents\Win64\mochaui\bin\GPU.dll,GPU.dll,.dll,571,23A,0002C740,?downsampleAlpha@ImageUtils@GPU@@UEAAXAEBVCL_Host_Matte@2@AEAV32@@Z,,other,runtime-exported-internal-or-shared,gpu-other
Plug-ins\Effects\mochaAE\MochaAE.bundle\Contents\Win64\mochaui\bin\GPU.dll,GPU.dll,.dll,572,23B,00016320,?downsampleAlpha@ImageUtilsCLCPP@GPU@@UEAAXAEBVCL_Host_Matte@2@AEAV32@@Z,,other,runtime-exported-internal-or-shared,gpu-other
Plug-ins\Effects\mochaAE\MochaAE.bundle\Contents\Win64\mochaui\bin\GPU.dll,GPU.dll,.dll,573,23C,0003A840,?driverVersion@DeviceInfo@GPU@@QEBA?AVQString@isl0@@XZ,,other,runtime-exported-internal-or-shared,gpu-other
Plug-ins\Effects\mochaAE\MochaAE.bundle\Contents\Win64\mochaui\bin\GPU.dll,GPU.dll,.dll,574,23D,000A0980,?dumpImage@CLBufferDumper@GPU@@QEBAXAEBVQString@isl0@@AEBVCLBuffer2D@2@W4NegOp@GanImageDumper@Bsc@@@Z,,other,runtime-exported-internal-or-shared,gpu-other
Plug-ins\Effects\mochaAE\MochaAE.bundle\Contents\Win64\mochaui\bin\GPU.dll,GPU.dll,.dll,575,23E,000A0A40,?dumpImage@CLBufferDumper@GPU@@QEBAXAEBVQString@isl0@@AEBVCLBuffer@2@AEBUGan_ImageWindow@@2W4NegOp@GanImageDumper@Bsc@@AEBV?$vector@HV?$allocator@H@std@@@std@@@Z,,other,runtime-exported-internal-or-shared,gpu-other
Plug-ins\Effects\mochaAE\MochaAE.bundle\Contents\Win64\mochaui\bin\GPU.dll,GPU.dll,.dll,576,23F,000A0E10,?dumpImage@CLBufferDumper@GPU@@QEBAXAEBVQString@isl0@@AEBVIImage2D@2@AEAVIImageUtils@2@AEBUGan_ImageWindow@@3W4NegOp@GanImageDumper@Bsc@@@Z,,other,runtime-exported-internal-or-shared,gpu-other
Plug-ins\Effects\mochaAE\MochaAE.bundle\Contents\Win64\mochaui\bin\GPU.dll,GPU.dll,.dll,577,240,000A0F40,?dumpImage@CLHostMatteDumper@GPU@@QEBAXPEBDAEBVLayer@IS@@AEBVContext@Prm@@AEBVCL_Host_Matte@2@AEAVIImageUtils@2@@Z,,other,runtime-exported-internal-or-shared,gpu-other
Plug-ins\Effects\mochaAE\MochaAE.bundle\Contents\Win64\mochaui\bin\GPU.dll,GPU.dll,.dll,578,241,000A0FF0,?dumpMatte@LayerMatteDumper@GPU@@QEBAXPEBDAEBVLayer@IS@@AEBVContext@Prm@@AEBVIMask@2@AEAVIMatteUtils@2@@Z,,other,runtime-exported-internal-or-shared,gpu-other
Plug-ins\Effects\mochaAE\MochaAE.bundle\Contents\Win64\mochaui\bin\GPU.dll,GPU.dll,.dll,579,242,0009F800,?dumpToLog@Exception@GPU@@QEBAXXZ,,other,runtime-exported-internal-or-shared,gpu-other
Plug-ins\Effects\mochaAE\MochaAE.bundle\Contents\Win64\mochaui\bin\GPU.dll,GPU.dll,.dll,580,243,0003E3E0,?dumpToLog@Info@GPU@@QEBAXXZ,,other,runtime-exported-internal-or-shared,gpu-other
Plug-ins\Effects\mochaAE\MochaAE.bundle\Contents\Win64\mochaui\bin\GPU.dll,GPU.dll,.dll,581,244,00009520,?engine@CommonBackendCL@GPU@@UEBA?AW4BackendEngine@IBackendGPU@2@XZ,,other,runtime-exported-internal-or-shared,gpu-other
Plug-ins\Effects\mochaAE\MochaAE.bundle\Contents\Win64\mochaui\bin\GPU.dll,GPU.dll,.dll,582,245,00009520,?engine@RemoveBackendCL@GPU@@UEBA?AW4BackendEngine@IBackendGPU@2@XZ,,other,runtime-exported-internal-or-shared,gpu-other
Plug-ins\Effects\mochaAE\MochaAE.bundle\Contents\Win64\mochaui\bin\GPU.dll,GPU.dll,.dll,583,246,00009530,?engine@RemoveBackendCLCPP@GPU@@UEBA?AW4BackendEngine@IBackendGPU@2@XZ,,other,runtime-exported-internal-or-shared,gpu-other
Plug-ins\Effects\mochaAE\MochaAE.bundle\Contents\Win64\mochaui\bin\GPU.dll,GPU.dll,.dll,584,247,00009530,?engine@TrackBackend@GPU@@UEBA?AW4BackendEngine@IBackendGPU@2@XZ,,other,runtime-exported-internal-or-shared,gpu-other
Plug-ins\Effects\mochaAE\MochaAE.bundle\Contents\Win64\mochaui\bin\GPU.dll,GPU.dll,.dll,585,248,000F1C00,?erase@CLMatteCache@GPU@@QEAAXAEBVGarbageMatteKey@IS@@@Z,,other,runtime-exported-internal-or-shared,gpu-other
Plug-ins\Effects\mochaAE\MochaAE.bundle\Contents\Win64\mochaui\bin\GPU.dll,GPU.dll,.dll,586,249,0009BCD0,?errorCode@CLException@GPU@@QEBAHXZ,,other,runtime-exported-internal-or-shared,gpu-other
Plug-ins\Effects\mochaAE\MochaAE.bundle\Contents\Win64\mochaui\bin\GPU.dll,GPU.dll,.dll,587,24A,0009BCE0,?errorPersistence@CLException@GPU@@UEBA?AW4ErrorPersistence@IS_Exception@@XZ,,other,runtime-exported-internal-or-shared,gpu-other
Plug-ins\Effects\mochaAE\MochaAE.bundle\Contents\Win64\mochaui\bin\GPU.dll,GPU.dll,.dll,588,24B,0003A890,?errorTag@Exception@GPU@@QEBA?AW4ErrorTag@12@XZ,,other,runtime-exported-internal-or-shared,gpu-other
Plug-ins\Effects\mochaAE\MochaAE.bundle\Contents\Win64\mochaui\bin\GPU.dll,GPU.dll,.dll,589,24C,000093C0,?executeParallel@KernelLauncher@CLCPP@GPU@@SA_NXZ,,other,runtime-exported-internal-or-shared,gpu-other
Plug-ins\Effects\mochaAE\MochaAE.bundle\Contents\Win64\mochaui\bin\GPU.dll,GPU.dll,.dll,590,24D,00040280,?extensions@PlatformInfo@GPU@@QEBA?AVQString@isl0@@XZ,,other,runtime-exported-internal-or-shared,gpu-other
Plug-ins\Effects\mochaAE\MochaAE.bundle\Contents\Win64\mochaui\bin\GPU.dll,GPU.dll,.dll,591,24E,000D0450,?extractFeaturesPyramid@GradientKernels@GPU@@QEAAXW4FeatureSelectionMode@2@QEAU_cl_command_queue@@AEAV?$vector@V?$shared_ptr@VCLBuffer@GPU@@@std@@V?$allocator@V?$shared_ptr@VCLBuffer@GPU@@@std@@@2@@std@@222AEAV?$vector@V?$shared_ptr@VCLBuffer2DMask@GPU@@@std@@V?$allocator@V?$shared_ptr@VCLBuffer2DMask@GPU@@@std@@@2@@6@AEAV?$vector@UGan_ImageWindow@@V?$allocator@UGan_ImageWindow@@@std@@@6@AEAV?$vector@V?$shared_ptr@VCLBuffer2D@GPU@@@std@@V?$allocator@V?$shared_ptr@VCLBuffer2D@GPU@@@std@@@2@@6@I@Z,,other,runtime-exported-internal-or-shared,gpu-other
Plug-ins\Effects\mochaAE\MochaAE.bundle\Contents\Win64\mochaui\bin\GPU.dll,GPU.dll,.dll,592,24F,000D0D80,?extractFeaturesXYFromSmooth@GradientKernels@GPU@@QEAAIPEAVCLBuffer2D@2@PEAVCLBuffer2DMask@2@AEBUGan_ImageWindow@@IAEAV?$vector@IV?$allocator@I@std@@@std@@3QEAU_cl_command_queue@@@Z,,other,runtime-exported-internal-or-shared,gpu-other
Plug-ins\Effects\mochaAE\MochaAE.bundle\Contents\Win64\mochaui\bin\GPU.dll,GPU.dll,.dll,593,250,000D1510,?extractFeaturesXYVFromSmooth@GradientKernels@GPU@@QEAAXPEAVCLBuffer2D@2@PEAVCLBuffer2DMask@2@AEBUGan_ImageWindow@@PEAVCLBuffer@2@3IQEAU_cl_command_queue@@@Z,,other,runtime-exported-internal-or-shared,gpu-other
Plug-ins\Effects\mochaAE\MochaAE.bundle\Contents\Win64\mochaui\bin\GPU.dll,GPU.dll,.dll,594,251,000DE640,?featureBoundingWindow@Tracker@GPU@@AEAA?AUGan_ImageWindow@@V?$shared_ptr@VCLBuffer@GPU@@@std@@@Z,,other,runtime-exported-internal-or-shared,gpu-other
Plug-ins\Effects\mochaAE\MochaAE.bundle\Contents\Win64\mochaui\bin\GPU.dll,GPU.dll,.dll,595,252,000DF480,?featureSelection@Tracker@GPU@@AEAAXW4FeatureSelectionMode@2@@Z,,other,runtime-exported-internal-or-shared,gpu-other
Plug-ins\Effects\mochaAE\MochaAE.bundle\Contents\Win64\mochaui\bin\GPU.dll,GPU.dll,.dll,596,253,00033720,?fill@MatteUtils@GPU@@UEAAXAEAVIMask@2@E@Z,,other,runtime-exported-internal-or-shared,gpu-other
Plug-ins\Effects\mochaAE\MochaAE.bundle\Contents\Win64\mochaui\bin\GPU.dll,GPU.dll,.dll,597,254,000199C0,?fill@MatteUtilsCLCPP@GPU@@SAXAEAUGan_Image@@EI@Z,,other,runtime-exported-internal-or-shared,gpu-other
Plug-ins\Effects\mochaAE\MochaAE.bundle\Contents\Win64\mochaui\bin\GPU.dll,GPU.dll,.dll,598,255,00019A50,?fill@MatteUtilsCLCPP@GPU@@UEAAXAEAVIMask@2@E@Z,,other,runtime-exported-internal-or-shared,gpu-other
Plug-ins\Effects\mochaAE\MochaAE.bundle\Contents\Win64\mochaui\bin\GPU.dll,GPU.dll,.dll,599,256,0000C1C0,?fillBackend@FillAnalyzer@GPU@@AEAAAEAVIRemoveBackend@2@XZ,,other,runtime-exported-internal-or-shared,gpu-other
Plug-ins\Effects\mochaAE\MochaAE.bundle\Contents\Win64\mochaui\bin\GPU.dll,GPU.dll,.dll,601,258,000CA040,?fillBuffer@BufferKernelsF@GPU@@QEAAXPEAVCLBuffer@2@E@Z,,other,runtime-exported-internal-or-shared,gpu-other
Plug-ins\Effects\mochaAE\MochaAE.bundle\Contents\Win64\mochaui\bin\GPU.dll,GPU.dll,.dll,602,259,000CA260,?fillBufferF@BufferKernelsF@GPU@@QEAAXPEAVCLBuffer@2@M@Z,,other,runtime-exported-internal-or-shared,gpu-other
Plug-ins\Effects\mochaAE\MochaAE.bundle\Contents\Win64\mochaui\bin\GPU.dll,GPU.dll,.dll,604,25B,000A4990,?freeHost@CLBufferBase@GPU@@IEAAXXZ,,other,runtime-exported-internal-or-shared,gpu-other
Plug-ins\Effects\mochaAE\MochaAE.bundle\Contents\Win64\mochaui\bin\GPU.dll,GPU.dll,.dll,605,25C,000337F0,?fromCLCPPMask@MatteUtils@GPU@@UEAA?AV?$shared_ptr@VIMask@GPU@@@std@@AEBVIMask@2@@Z,,other,runtime-exported-internal-or-shared,gpu-other
Plug-ins\Effects\mochaAE\MochaAE.bundle\Contents\Win64\mochaui\bin\GPU.dll,GPU.dll,.dll,606,25D,00019AB0,?fromCLCPPMask@MatteUtilsCLCPP@GPU@@UEAA?AV?$shared_ptr@VIMask@GPU@@@std@@AEBVIMask@2@@Z,,other,runtime-exported-internal-or-shared,gpu-other
Plug-ins\Effects\mochaAE\MochaAE.bundle\Contents\Win64\mochaui\bin\GPU.dll,GPU.dll,.dll,607,25E,00033A70,?fromGLTex@MatteUtils@GPU@@UEAA?AV?$shared_ptr@VIMask@GPU@@@std@@AEBV?$shared_ptr@VTexture@IS@@@boost@@PEBUGan_ImageWindow@@@Z,,other,runtime-exported-internal-or-shared,gpu-other
Plug-ins\Effects\mochaAE\MochaAE.bundle\Contents\Win64\mochaui\bin\GPU.dll,GPU.dll,.dll,608,25F,00019AD0,?fromGLTex@MatteUtilsCLCPP@GPU@@UEAA?AV?$shared_ptr@VIMask@GPU@@@std@@AEBV?$shared_ptr@VTexture@IS@@@boost@@PEBUGan_ImageWindow@@@Z,,other,runtime-exported-internal-or-shared,gpu-other
Plug-ins\Effects\mochaAE\MochaAE.bundle\Contents\Win64\mochaui\bin\GPU.dll,GPU.dll,.dll,609,260,00033D20,?fromGanImage@MatteUtils@GPU@@UEAA?AV?$shared_ptr@VIMask@GPU@@@std@@AEBUGan_Image@@PEBUGan_ImageWindow@@@Z,,other,runtime-exported-internal-or-shared,gpu-other
Plug-ins\Effects\mochaAE\MochaAE.bundle\Contents\Win64\mochaui\bin\GPU.dll,GPU.dll,.dll,610,261,00019C00,?fromGanImage@MatteUtilsCLCPP@GPU@@UEAA?AV?$shared_ptr@VIMask@GPU@@@std@@AEBUGan_Image@@PEBUGan_ImageWindow@@@Z,,other,runtime-exported-internal-or-shared,gpu-other
Plug-ins\Effects\mochaAE\MochaAE.bundle\Contents\Win64\mochaui\bin\GPU.dll,GPU.dll,.dll,611,262,0009F860,?functionName@Exception@GPU@@QEBA?AVQString@isl0@@XZ,,other,runtime-exported-internal-or-shared,gpu-other
Plug-ins\Effects\mochaAE\MochaAE.bundle\Contents\Win64\mochaui\bin\GPU.dll,GPU.dll,.dll,612,263,000DF530,?ganSolveLinearSystem@Tracker@GPU@@AEAA_NPEBVCLBuffer2D@2@PEBVCLBuffer@2@PEAV42@PEAH@Z,,other,runtime-exported-internal-or-shared,gpu-other
Plug-ins\Effects\mochaAE\MochaAE.bundle\Contents\Win64\mochaui\bin\GPU.dll,GPU.dll,.dll,613,264,0002CB60,?getAlpha@ImageUtils@GPU@@UEAAXAEBVCL_Host_Matte@2@AEAVIMask@2@@Z,,other,runtime-exported-internal-or-shared,gpu-other
Plug-ins\Effects\mochaAE\MochaAE.bundle\Contents\Win64\mochaui\bin\GPU.dll,GPU.dll,.dll,614,265,000163D0,?getAlpha@ImageUtilsCLCPP@GPU@@UEAAXAEBVCL_Host_Matte@2@AEAVIMask@2@@Z,,other,runtime-exported-internal-or-shared,gpu-other
Plug-ins\Effects\mochaAE\MochaAE.bundle\Contents\Win64\mochaui\bin\GPU.dll,GPU.dll,.dll,615,266,000CE1E0,?getBestCorrelation@CorrelationKernels@GPU@@QEBAMPEAV?$Vector2Adapter@UGan_Vector2@@@Oberon@@PEAVCLBuffer2D@2@AEBUGan_ImageWindow@@@Z,,other,runtime-exported-internal-or-shared,gpu-other
Plug-ins\Effects\mochaAE\MochaAE.bundle\Contents\Win64\mochaui\bin\GPU.dll,GPU.dll,.dll,616,267,000D19F0,?getFeaturesFromXY@GradientKernels@GPU@@QEAAXPEBVCLBuffer2D@2@AEBV?$vector@IV?$allocator@I@std@@@std@@1PEAVCLBuffer@2@2QEAU_cl_command_queue@@@Z,,other,runtime-exported-internal-or-shared,gpu-other
Plug-ins\Effects\mochaAE\MochaAE.bundle\Contents\Win64\mochaui\bin\GPU.dll,GPU.dll,.dll,617,268,000DFB50,?getFeaturesPyramid@Tracker@GPU@@AEAAXNNQEAU_cl_command_queue@@AEBVFrame@Prm@@@Z,,other,runtime-exported-internal-or-shared,gpu-other
Plug-ins\Effects\mochaAE\MochaAE.bundle\Contents\Win64\mochaui\bin\GPU.dll,GPU.dll,.dll,618,269,000E01F0,?getHomography@Tracker@GPU@@UEBA?AUGan_Matrix33@@AEAUGan_Camera@@@Z,,other,runtime-exported-internal-or-shared,gpu-other
Plug-ins\Effects\mochaAE\MochaAE.bundle\Contents\Win64\mochaui\bin\GPU.dll,GPU.dll,.dll,619,26A,000E0220,?getHomography@Tracker@GPU@@UEBA?AUGan_Matrix33@@XZ,,other,runtime-exported-internal-or-shared,gpu-other
Plug-ins\Effects\mochaAE\MochaAE.bundle\Contents\Win64\mochaui\bin\GPU.dll,GPU.dll,.dll,620,26B,000E0260,?getIllumination@Tracker@GPU@@UEBA?AV?$Vector2Adapter@UGan_Vector2@@@Oberon@@XZ,,other,runtime-exported-internal-or-shared,gpu-other
Plug-ins\Effects\mochaAE\MochaAE.bundle\Contents\Win64\mochaui\bin\GPU.dll,GPU.dll,.dll,621,26C,000E0280,?getInitialHomographyFromCorrelation@Tracker@GPU@@AEBA?AUGan_Matrix33_f@@XZ,,other,runtime-exported-internal-or-shared,gpu-other
Plug-ins\Effects\mochaAE\MochaAE.bundle\Contents\Win64\mochaui\bin\GPU.dll,GPU.dll,.dll,622,26D,000F1FD0,?getMatte@CLMatteCache@GPU@@UEBAXAEBVGarbageMatteKey@IS@@AEAV?$shared_ptr@$$CBVIMask@GPU@@@std@@@Z,,other,runtime-exported-internal-or-shared,gpu-other
Plug-ins\Effects\mochaAE\MochaAE.bundle\Contents\Win64\mochaui\bin\GPU.dll,GPU.dll,.dll,623,26E,000E0320,?getNumberSelectedFeatures@Tracker@GPU@@AEAAIPEBVCLBuffer2D@2@PEBVCLBuffer2DMask@2@M_K@Z,,other,runtime-exported-internal-or-shared,gpu-other
Plug-ins\Effects\mochaAE\MochaAE.bundle\Contents\Win64\mochaui\bin\GPU.dll,GPU.dll,.dll,624,26F,000E0430,?getPredictedMotion@Tracker@GPU@@UEBA?AUGan_Vector2@@XZ,,other,runtime-exported-internal-or-shared,gpu-other
Plug-ins\Effects\mochaAE\MochaAE.bundle\Contents\Win64\mochaui\bin\GPU.dll,GPU.dll,.dll,625,270,0001F690,?getReduceKernel@BufferUtils@GPU@@UEAA?AV?$shared_ptr@VKernel@GPU@@@boost@@PEBDW4CL_Type@2@@Z,,other,runtime-exported-internal-or-shared,gpu-other
Plug-ins\Effects\mochaAE\MochaAE.bundle\Contents\Win64\mochaui\bin\GPU.dll,GPU.dll,.dll,626,271,000CA480,?getSubWindowFromMask@BufferKernelsF@GPU@@QEAAHAEBVCLBuffer2DMask@2@AEAUGan_ImageWindow@@@Z,,other,runtime-exported-internal-or-shared,gpu-other
Plug-ins\Effects\mochaAE\MochaAE.bundle\Contents\Win64\mochaui\bin\GPU.dll,GPU.dll,.dll,627,272,000E0460,?getTrackerStatus@Tracker@GPU@@UEBA?AW4TrackStatus@@XZ,,other,runtime-exported-internal-or-shared,gpu-other
Plug-ins\Effects\mochaAE\MochaAE.bundle\Contents\Win64\mochaui\bin\GPU.dll,GPU.dll,.dll,628,273,000093F0,?get_global_id_clcpp@KernelLauncher@CLCPP@GPU@@SAHHH@Z,,other,runtime-exported-internal-or-shared,gpu-other
Plug-ins\Effects\mochaAE\MochaAE.bundle\Contents\Win64\mochaui\bin\GPU.dll,GPU.dll,.dll,629,274,000094E0,?get_global_size@KernelLauncher@CLCPP@GPU@@SAHH@Z,,other,runtime-exported-internal-or-shared,gpu-other
Plug-ins\Effects\mochaAE\MochaAE.bundle\Contents\Win64\mochaui\bin\GPU.dll,GPU.dll,.dll,630,275,00009510,?get_group_id_clcpp@KernelLauncher@CLCPP@GPU@@SAHHH@Z,,other,runtime-exported-internal-or-shared,gpu-other
Plug-ins\Effects\mochaAE\MochaAE.bundle\Contents\Win64\mochaui\bin\GPU.dll,GPU.dll,.dll,631,276,00009520,?get_local_id@KernelLauncher@CLCPP@GPU@@SAHH@Z,,other,runtime-exported-internal-or-shared,gpu-other
Plug-ins\Effects\mochaAE\MochaAE.bundle\Contents\Win64\mochaui\bin\GPU.dll,GPU.dll,.dll,632,277,00009530,?get_local_size@KernelLauncher@CLCPP@GPU@@SAHH@Z,,other,runtime-exported-internal-or-shared,gpu-other
Plug-ins\Effects\mochaAE\MochaAE.bundle\Contents\Win64\mochaui\bin\GPU.dll,GPU.dll,.dll,633,278,000094E0,?get_num_groups@KernelLauncher@CLCPP@GPU@@SAHH@Z,,other,runtime-exported-internal-or-shared,gpu-other
Plug-ins\Effects\mochaAE\MochaAE.bundle\Contents\Win64\mochaui\bin\GPU.dll,GPU.dll,.dll,634,279,00009540,?get_work_dim@KernelLauncher@CLCPP@GPU@@SAHXZ,,other,runtime-exported-internal-or-shared,gpu-other
Plug-ins\Effects\mochaAE\MochaAE.bundle\Contents\Win64\mochaui\bin\GPU.dll,GPU.dll,.dll,635,27A,0003A860,?globalMemorySize@DeviceInfo@GPU@@QEBAKXZ,,other,runtime-exported-internal-or-shared,gpu-other
Plug-ins\Effects\mochaAE\MochaAE.bundle\Contents\Win64\mochaui\bin\GPU.dll,GPU.dll,.dll,636,27B,000D93E0,?halfSizeImageMask@PyramidKernels@GPU@@QEAAXPEAVCLBuffer2D@2@PEAVCLBuffer2DMask@2@01@Z,,other,runtime-exported-internal-or-shared,gpu-other
Plug-ins\Effects\mochaAE\MochaAE.bundle\Contents\Win64\mochaui\bin\GPU.dll,GPU.dll,.dll,637,27C,00033F40,?hasMatte@?$MatteCacheBase@V?$shared_ptr@$$CBVIMask@GPU@@@std@@V12@@IS@@QEBA_NAEBVGarbageMatteKey@2@@Z,,other,runtime-exported-internal-or-shared,gpu-other
Plug-ins\Effects\mochaAE\MochaAE.bundle\Contents\Win64\mochaui\bin\GPU.dll,GPU.dll,.dll,638,27D,0000C210,?hash@CLBufferBase@GPU@@QEAAAEAVHashSHA1@Bsc@@XZ,,other,runtime-exported-internal-or-shared,gpu-other
Plug-ins\Effects\mochaAE\MochaAE.bundle\Contents\Win64\mochaui\bin\GPU.dll,GPU.dll,.dll,639,27E,0000C220,?hash@CLBufferBase@GPU@@QEAAXAEBVHashSHA1@Bsc@@@Z,,other,runtime-exported-internal-or-shared,gpu-other
Plug-ins\Effects\mochaAE\MochaAE.bundle\Contents\Win64\mochaui\bin\GPU.dll,GPU.dll,.dll,640,27F,0000C210,?hash@CLBufferBase@GPU@@QEBAAEBVHashSHA1@Bsc@@XZ,,other,runtime-exported-internal-or-shared,gpu-other
Plug-ins\Effects\mochaAE\MochaAE.bundle\Contents\Win64\mochaui\bin\GPU.dll,GPU.dll,.dll,641,280,00034030,?hashChanged@?$MatteCacheBase@V?$shared_ptr@$$CBVIMask@GPU@@@std@@V12@@IS@@QEBA_NAEBVGarbageMatteKey@2@AEBVHashSHA1@Bsc@@@Z,,other,runtime-exported-internal-or-shared,gpu-other
Plug-ins\Effects\mochaAE\MochaAE.bundle\Contents\Win64\mochaui\bin\GPU.dll,GPU.dll,.dll,642,281,0001F820,?haveGLCLInteroperability@Context@GPU@@QEBA_NXZ,,other,runtime-exported-internal-or-shared,gpu-other
Plug-ins\Effects\mochaAE\MochaAE.bundle\Contents\Win64\mochaui\bin\GPU.dll,GPU.dll,.dll,643,282,000E0470,?homographyDifference@Tracker@GPU@@CANAEAUGan_Matrix33@@0AEAUGan_ImageWindow@@1N@Z,,other,runtime-exported-internal-or-shared,gpu-other
Plug-ins\Effects\mochaAE\MochaAE.bundle\Contents\Win64\mochaui\bin\GPU.dll,GPU.dll,.dll,644,283,000E0A30,?homographyResidual@Tracker@GPU@@CANW4_TrackModel@@AEAVVector@Oberon@@11@Z,,other,runtime-exported-internal-or-shared,gpu-other
Plug-ins\Effects\mochaAE\MochaAE.bundle\Contents\Win64\mochaui\bin\GPU.dll,GPU.dll,.dll,645,284,0003A870,?hostUnifiedMemory@DeviceInfo@GPU@@QEBA_NXZ,,other,runtime-exported-internal-or-shared,gpu-other
Plug-ins\Effects\mochaAE\MochaAE.bundle\Contents\Win64\mochaui\bin\GPU.dll,GPU.dll,.dll,646,285,0007F750,?illumination@RemoveBackendCL@GPU@@UEAA?AV?$shared_ptr@VIRemoveIllumination@GPU@@@std@@W4IS_ILLUMINATION_MODEL@@@Z,,other,runtime-exported-internal-or-shared,gpu-other
Plug-ins\Effects\mochaAE\MochaAE.bundle\Contents\Win64\mochaui\bin\GPU.dll,GPU.dll,.dll,647,286,00064D50,?illumination@RemoveBackendCLCPP@GPU@@UEAA?AV?$shared_ptr@VIRemoveIllumination@GPU@@@std@@W4IS_ILLUMINATION_MODEL@@@Z,,other,runtime-exported-internal-or-shared,gpu-other
Plug-ins\Effects\mochaAE\MochaAE.bundle\Contents\Win64\mochaui\bin\GPU.dll,GPU.dll,.dll,648,287,00023A50,?imageProc@CommonBackendCL@GPU@@UEBA?AV?$shared_ptr@VIImageProc@GPU@@@std@@XZ,,other,runtime-exported-internal-or-shared,gpu-other
Plug-ins\Effects\mochaAE\MochaAE.bundle\Contents\Win64\mochaui\bin\GPU.dll,GPU.dll,.dll,649,288,00023A90,?imageUtils@CommonBackendCL@GPU@@UEBA?AV?$shared_ptr@VIImageUtils@GPU@@@std@@XZ,,other,runtime-exported-internal-or-shared,gpu-other
Plug-ins\Effects\mochaAE\MochaAE.bundle\Contents\Win64\mochaui\bin\GPU.dll,GPU.dll,.dll,651,28A,000E0CD0,?incrementDiagonal@Tracker@GPU@@AEAA_NAEBVCLBuffer2D@2@N_NAEAV32@@Z,,other,runtime-exported-internal-or-shared,gpu-other
Plug-ins\Effects\mochaAE\MochaAE.bundle\Contents\Win64\mochaui\bin\GPU.dll,GPU.dll,.dll,652,28B,0001F830,?init@BufferUtils@GPU@@AEAAXAEBVQString@isl0@@@Z,,other,runtime-exported-internal-or-shared,gpu-other
Plug-ins\Effects\mochaAE\MochaAE.bundle\Contents\Win64\mochaui\bin\GPU.dll,GPU.dll,.dll,653,28C,000A5440,?init@CLBufferBase@GPU@@IEAAXXZ,,other,runtime-exported-internal-or-shared,gpu-other
Plug-ins\Effects\mochaAE\MochaAE.bundle\Contents\Win64\mochaui\bin\GPU.dll,GPU.dll,.dll,654,28D,0009DBB0,?init@Context@GPU@@AEAAXHH@Z,,other,runtime-exported-internal-or-shared,gpu-other
Plug-ins\Effects\mochaAE\MochaAE.bundle\Contents\Win64\mochaui\bin\GPU.dll,GPU.dll,.dll,655,28E,00009570,?init@KernelLauncher@CLCPP@GPU@@AEAAX_N@Z,,other,runtime-exported-internal-or-shared,gpu-other
Plug-ins\Effects\mochaAE\MochaAE.bundle\Contents\Win64\mochaui\bin\GPU.dll,GPU.dll,.dll,656,28F,000D7EF0,?init@OptimizationKernels@GPU@@QEAAXXZ,,other,runtime-exported-internal-or-shared,gpu-other
Plug-ins\Effects\mochaAE\MochaAE.bundle\Contents\Win64\mochaui\bin\GPU.dll,GPU.dll,.dll,657,290,000E0FE0,?init@Tracker@GPU@@QEAAXXZ,,other,runtime-exported-internal-or-shared,gpu-other
Plug-ins\Effects\mochaAE\MochaAE.bundle\Contents\Win64\mochaui\bin\GPU.dll,GPU.dll,.dll,658,291,000CA780,?initCL@BufferKernelsF@GPU@@AEAAXXZ,,other,runtime-exported-internal-or-shared,gpu-other
Plug-ins\Effects\mochaAE\MochaAE.bundle\Contents\Win64\mochaui\bin\GPU.dll,GPU.dll,.dll,659,292,0009DD40,?initCL@Context@GPU@@AEAAHHHAEBV?$vector@PEAU_cl_platform_id@@V?$allocator@PEAU_cl_platform_id@@@std@@@std@@@Z,,other,runtime-exported-internal-or-shared,gpu-other
Plug-ins\Effects\mochaAE\MochaAE.bundle\Contents\Win64\mochaui\bin\GPU.dll,GPU.dll,.dll,660,293,000CE730,?initCL@CorrelationKernels@GPU@@AEAAXXZ,,other,runtime-exported-internal-or-shared,gpu-other
Plug-ins\Effects\mochaAE\MochaAE.bundle\Contents\Win64\mochaui\bin\GPU.dll,GPU.dll,.dll,661,294,000D1D80,?initCL@GradientKernels@GPU@@AEAAXXZ,,other,runtime-exported-internal-or-shared,gpu-other
Plug-ins\Effects\mochaAE\MochaAE.bundle\Contents\Win64\mochaui\bin\GPU.dll,GPU.dll,.dll,662,295,000D8090,?initCL@OptimizationKernels@GPU@@AEAAXXZ,,other,runtime-exported-internal-or-shared,gpu-other
Plug-ins\Effects\mochaAE\MochaAE.bundle\Contents\Win64\mochaui\bin\GPU.dll,GPU.dll,.dll,663,296,000D9BB0,?initCL@PyramidKernels@GPU@@AEAAXXZ,,other,runtime-exported-internal-or-shared,gpu-other
Plug-ins\Effects\mochaAE\MochaAE.bundle\Contents\Win64\mochaui\bin\GPU.dll,GPU.dll,.dll,664,297,000E28B0,?initCL@Tracker@GPU@@AEAAXXZ,,other,runtime-exported-internal-or-shared,gpu-other
Plug-ins\Effects\mochaAE\MochaAE.bundle\Contents\Win64\mochaui\bin\GPU.dll,GPU.dll,.dll,665,298,000EA340,?initCL@WarpKernels@GPU@@AEAAXXZ,,other,runtime-exported-internal-or-shared,gpu-other
Plug-ins\Effects\mochaAE\MochaAE.bundle\Contents\Win64\mochaui\bin\GPU.dll,GPU.dll,.dll,666,299,0009DF70,?initCLGL@Context@GPU@@AEAAHHHAEBV?$vector@PEAU_cl_platform_id@@V?$allocator@PEAU_cl_platform_id@@@std@@@std@@@Z,,other,runtime-exported-internal-or-shared,gpu-other
Plug-ins\Effects\mochaAE\MochaAE.bundle\Contents\Win64\mochaui\bin\GPU.dll,GPU.dll,.dll,667,29A,000E30D0,?initializeHomography@Tracker@GPU@@UEAAXAEBUGan_Matrix33@@@Z,,other,runtime-exported-internal-or-shared,gpu-other
Plug-ins\Effects\mochaAE\MochaAE.bundle\Contents\Win64\mochaui\bin\GPU.dll,GPU.dll,.dll,668,29B,000E3140,?initializeHomography@Tracker@GPU@@UEAAXAEBUGan_Matrix33@@AEBUGan_Camera@@@Z,,other,runtime-exported-internal-or-shared,gpu-other
Plug-ins\Effects\mochaAE\MochaAE.bundle\Contents\Win64\mochaui\bin\GPU.dll,GPU.dll,.dll,669,29C,0003BE10,?isDeviceAvailable@GPU@@YA_NAEBUAvailabilityChecker@1@AEBVDeviceInfo@1@@Z,,other,runtime-exported-internal-or-shared,gpu-other
Plug-ins\Effects\mochaAE\MochaAE.bundle\Contents\Win64\mochaui\bin\GPU.dll,GPU.dll,.dll,670,29D,0003EAE0,?isDeviceAvailable@Info@GPU@@QEAA_NAEBUAvailabilityChecker@2@HH@Z,,other,runtime-exported-internal-or-shared,gpu-other
Plug-ins\Effects\mochaAE\MochaAE.bundle\Contents\Win64\mochaui\bin\GPU.dll,GPU.dll,.dll,671,29E,000D8910,?isDoublePrecisionAvailable@OptimizationKernels@GPU@@QEBA_NXZ,,other,runtime-exported-internal-or-shared,gpu-other
Plug-ins\Effects\mochaAE\MochaAE.bundle\Contents\Win64\mochaui\bin\GPU.dll,GPU.dll,.dll,672,29F,00019CE0,?isMatteValid@MatteUtils@GPU@@UEBA_NAEBV?$shared_ptr@$$CBVIMask@GPU@@@std@@@Z,,other,runtime-exported-internal-or-shared,gpu-other
Plug-ins\Effects\mochaAE\MochaAE.bundle\Contents\Win64\mochaui\bin\GPU.dll,GPU.dll,.dll,673,2A0,00019CE0,?isMatteValid@MatteUtilsCLCPP@GPU@@UEBA_NAEBV?$shared_ptr@$$CBVIMask@GPU@@@std@@@Z,,other,runtime-exported-internal-or-shared,gpu-other
Plug-ins\Effects\mochaAE\MochaAE.bundle\Contents\Win64\mochaui\bin\GPU.dll,GPU.dll,.dll,674,2A1,000F2110,?keys@CLMatteCache@GPU@@QEBAAEBV?$set@VGarbageMatteKey@IS@@U?$less@VGarbageMatteKey@IS@@@std@@V?$allocator@VGarbageMatteKey@IS@@@4@@std@@XZ,,other,runtime-exported-internal-or-shared,gpu-other
Plug-ins\Effects\mochaAE\MochaAE.bundle\Contents\Win64\mochaui\bin\GPU.dll,GPU.dll,.dll,675,2A2,000F2120,?lastAccessTime@CLMatteCache@GPU@@QEAA?AVQTime@isl0@@AEBVGarbageMatteKey@IS@@@Z,,other,runtime-exported-internal-or-shared,gpu-other
Plug-ins\Effects\mochaAE\MochaAE.bundle\Contents\Win64\mochaui\bin\GPU.dll,GPU.dll,.dll,676,2A3,0008DCF0,?layerAnalysis@FillAnalyzer@GPU@@AEAA_KAEBUInput@12@AEAUOutput@12@AEBVLayer@IS@@AEBVIMask@2@AEBVView@Prm@@PEAVTrackCache@6@@Z,,other,runtime-exported-internal-or-shared,gpu-other
Plug-ins\Effects\mochaAE\MochaAE.bundle\Contents\Win64\mochaui\bin\GPU.dll,GPU.dll,.dll,677,2A4,000095B0,?leadDim@KernelLauncher@CLCPP@GPU@@CAHXZ,,other,runtime-exported-internal-or-shared,gpu-other
Plug-ins\Effects\mochaAE\MochaAE.bundle\Contents\Win64\mochaui\bin\GPU.dll,GPU.dll,.dll,678,2A5,000CB580,?loadGanMask@BufferKernelsF@GPU@@QEAA?AV?$shared_ptr@VCLBuffer2DMask@GPU@@@std@@AEBUGarbageMatte@IS@@@Z,,other,runtime-exported-internal-or-shared,gpu-other
Plug-ins\Effects\mochaAE\MochaAE.bundle\Contents\Win64\mochaui\bin\GPU.dll,GPU.dll,.dll,679,2A6,0003A880,?localMemorySize@DeviceInfo@GPU@@QEBAKXZ,,other,runtime-exported-internal-or-shared,gpu-other
Plug-ins\Effects\mochaAE\MochaAE.bundle\Contents\Win64\mochaui\bin\GPU.dll,GPU.dll,.dll,680,2A7,0009BD80,?logMessage@CLException@GPU@@UEBA?AVQString@isl0@@XZ,,other,runtime-exported-internal-or-shared,gpu-other
Plug-ins\Effects\mochaAE\MochaAE.bundle\Contents\Win64\mochaui\bin\GPU.dll,GPU.dll,.dll,681,2A8,0009F890,?logMessage@Exception@GPU@@UEBA?AVQString@isl0@@XZ,,other,runtime-exported-internal-or-shared,gpu-other
Plug-ins\Effects\mochaAE\MochaAE.bundle\Contents\Win64\mochaui\bin\GPU.dll,GPU.dll,.dll,682,2A9,00034130,?logicalAND@MatteUtils@GPU@@UEAAXAEAVIMask@2@AEBV32@@Z,,other,runtime-exported-internal-or-shared,gpu-other
Plug-ins\Effects\mochaAE\MochaAE.bundle\Contents\Win64\mochaui\bin\GPU.dll,GPU.dll,.dll,683,2AA,00019D10,?logicalAND@MatteUtilsCLCPP@GPU@@UEAAXAEAVIMask@2@AEBV32@@Z,,other,runtime-exported-internal-or-shared,gpu-other
Plug-ins\Effects\mochaAE\MochaAE.bundle\Contents\Win64\mochaui\bin\GPU.dll,GPU.dll,.dll,684,2AB,00034530,?logicalNOT@MatteUtils@GPU@@UEAAXAEAVIMask@2@@Z,,other,runtime-exported-internal-or-shared,gpu-other
Plug-ins\Effects\mochaAE\MochaAE.bundle\Contents\Win64\mochaui\bin\GPU.dll,GPU.dll,.dll,685,2AC,00019D90,?logicalNOT@MatteUtilsCLCPP@GPU@@UEAAXAEAVIMask@2@@Z,,other,runtime-exported-internal-or-shared,gpu-other
Plug-ins\Effects\mochaAE\MochaAE.bundle\Contents\Win64\mochaui\bin\GPU.dll,GPU.dll,.dll,686,2AD,000345F0,?logicalOR@MatteUtils@GPU@@UEAAXAEAVIMask@2@AEBV32@@Z,,other,runtime-exported-internal-or-shared,gpu-other
Plug-ins\Effects\mochaAE\MochaAE.bundle\Contents\Win64\mochaui\bin\GPU.dll,GPU.dll,.dll,687,2AE,00019E10,?logicalOR@MatteUtilsCLCPP@GPU@@UEAAXAEAVIMask@2@AEBV32@@Z,,other,runtime-exported-internal-or-shared,gpu-other
Plug-ins\Effects\mochaAE\MochaAE.bundle\Contents\Win64\mochaui\bin\GPU.dll,GPU.dll,.dll,688,2AF,000A6160,?mapGPUBuffer@CLBufferBase@GPU@@QEAAHXZ,,other,runtime-exported-internal-or-shared,gpu-other
Plug-ins\Effects\mochaAE\MochaAE.bundle\Contents\Win64\mochaui\bin\GPU.dll,GPU.dll,.dll,689,2B0,000201E0,?mapToHost@BufferUtils@GPU@@UEAA?AV?$shared_ptr@$$CBVGPUHostMap@IBufferUtils@GPU@@@std@@AEAVIBuffer@2@@Z,,other,runtime-exported-internal-or-shared,gpu-other
Plug-ins\Effects\mochaAE\MochaAE.bundle\Contents\Win64\mochaui\bin\GPU.dll,GPU.dll,.dll,690,2B1,00020310,?mapToHost@BufferUtils@GPU@@UEBA?AV?$shared_ptr@$$CBVGPUHostMap@IBufferUtils@GPU@@@std@@AEBVIBuffer@2@@Z,,other,runtime-exported-internal-or-shared,gpu-other
Plug-ins\Effects\mochaAE\MochaAE.bundle\Contents\Win64\mochaui\bin\GPU.dll,GPU.dll,.dll,691,2B2,000DA210,?maskingImage@PyramidKernels@GPU@@AEAAXPEAVCLBuffer2D@2@PEAVCLBuffer2DMask@2@QEAU_cl_command_queue@@@Z,,other,runtime-exported-internal-or-shared,gpu-other
Plug-ins\Effects\mochaAE\MochaAE.bundle\Contents\Win64\mochaui\bin\GPU.dll,GPU.dll,.dll,692,2B3,000DA420,?maskingPyramid@PyramidKernels@GPU@@AEAAXAEAV?$vector@V?$shared_ptr@VCLBuffer2D@GPU@@@std@@V?$allocator@V?$shared_ptr@VCLBuffer2D@GPU@@@std@@@2@@std@@AEAV?$vector@V?$shared_ptr@VCLBuffer2DMask@GPU@@@std@@V?$allocator@V?$shared_ptr@VCLBuffer2DMask@GPU@@@std@@@2@@4@QEAU_cl_command_queue@@I@Z,,other,runtime-exported-internal-or-shared,gpu-other
Plug-ins\Effects\mochaAE\MochaAE.bundle\Contents\Win64\mochaui\bin\GPU.dll,GPU.dll,.dll,693,2B4,0000D330,?matteUtils@CommonBackendCL@GPU@@UEBA?AV?$shared_ptr@VIMatteUtils@GPU@@@std@@XZ,,other,runtime-exported-internal-or-shared,gpu-other
Plug-ins\Effects\mochaAE\MochaAE.bundle\Contents\Win64\mochaui\bin\GPU.dll,GPU.dll,.dll,694,2B5,0008DF70,?matteUtils@FillAnalyzer@GPU@@AEAAAEAVIMatteUtils@2@XZ,,other,runtime-exported-internal-or-shared,gpu-other
Plug-ins\Effects\mochaAE\MochaAE.bundle\Contents\Win64\mochaui\bin\GPU.dll,GPU.dll,.dll,696,2B7,0003A890,?maxClockFrequency@DeviceInfo@GPU@@QEBAIXZ,,other,runtime-exported-internal-or-shared,gpu-other
Plug-ins\Effects\mochaAE\MochaAE.bundle\Contents\Win64\mochaui\bin\GPU.dll,GPU.dll,.dll,697,2B8,000E31B0,?maxMotionBetweenHomography@Tracker@GPU@@CA?AV?$Vector2Adapter@UGan_Vector2@@@Oberon@@AEAUGan_Matrix33@@0AEAUGan_ImageWindow@@1N@Z,,other,runtime-exported-internal-or-shared,gpu-other
Plug-ins\Effects\mochaAE\MochaAE.bundle\Contents\Win64\mochaui\bin\GPU.dll,GPU.dll,.dll,698,2B9,0010F52C,?maxNumLevels@Tracker@GPU@@0IB,,other,runtime-exported-internal-or-shared,gpu-other
Plug-ins\Effects\mochaAE\MochaAE.bundle\Contents\Win64\mochaui\bin\GPU.dll,GPU.dll,.dll,699,2BA,0003A8A0,?maxWorkGroupSize@DeviceInfo@GPU@@QEBA_KXZ,,other,runtime-exported-internal-or-shared,gpu-other
Plug-ins\Effects\mochaAE\MochaAE.bundle\Contents\Win64\mochaui\bin\GPU.dll,GPU.dll,.dll,700,2BB,0003A8B0,?maxWorkItemDimension@DeviceInfo@GPU@@QEBAIXZ,,other,runtime-exported-internal-or-shared,gpu-other
Plug-ins\Effects\mochaAE\MochaAE.bundle\Contents\Win64\mochaui\bin\GPU.dll,GPU.dll,.dll,701,2BC,0003A8C0,?maxWorkItemSizes@DeviceInfo@GPU@@QEBA?AV?$vector@_KV?$allocator@_K@std@@@std@@XZ,,other,runtime-exported-internal-or-shared,gpu-other
Plug-ins\Effects\mochaAE\MochaAE.bundle\Contents\Win64\mochaui\bin\GPU.dll,GPU.dll,.dll,702,2BD,000EED60,?memoryLimit@BackendFactoryCL@GPU@@UEBA?AV?$shared_ptr@VIGPUMemoryLimit@GPU@@@std@@XZ,,other,runtime-exported-internal-or-shared,gpu-other
Plug-ins\Effects\mochaAE\MochaAE.bundle\Contents\Win64\mochaui\bin\GPU.dll,GPU.dll,.dll,703,2BE,000EF360,?memoryLimit@BackendFactoryCLCPP@GPU@@UEBA?AV?$shared_ptr@VIGPUMemoryLimit@GPU@@@std@@XZ,,other,runtime-exported-internal-or-shared,gpu-other
Plug-ins\Effects\mochaAE\MochaAE.bundle\Contents\Win64\mochaui\bin\GPU.dll,GPU.dll,.dll,704,2BF,00020440,?memoryLimit@Context@GPU@@QEAAPEAVIGPUMemoryLimit@2@XZ,,other,runtime-exported-internal-or-shared,gpu-other
Plug-ins\Effects\mochaAE\MochaAE.bundle\Contents\Win64\mochaui\bin\GPU.dll,GPU.dll,.dll,705,2C0,000C62B0,?meshSearchWindow@GPU@@YA?AUGan_ImageWindow@@AEBVTrackMesh@IS@@PEBV?$Vector2Adapter@UGan_Vector2_f@@@Oberon@@AEBV56@@Z,,other,runtime-exported-internal-or-shared,gpu-other
Plug-ins\Effects\mochaAE\MochaAE.bundle\Contents\Win64\mochaui\bin\GPU.dll,GPU.dll,.dll,706,2C1,000F24C0,?metaObject@CLMatteCache@GPU@@UEBAPEBUQMetaObject@isl0@@XZ,,other,runtime-exported-internal-or-shared,gpu-other
Plug-ins\Effects\mochaAE\MochaAE.bundle\Contents\Win64\mochaui\bin\GPU.dll,GPU.dll,.dll,707,2C2,000F2790,?metaObject@FillAnalyzer@GPU@@UEBAPEBUQMetaObject@isl0@@XZ,,other,runtime-exported-internal-or-shared,gpu-other
Plug-ins\Effects\mochaAE\MochaAE.bundle\Contents\Win64\mochaui\bin\GPU.dll,GPU.dll,.dll,708,2C3,0000C240,?mode@CLBufferBase@GPU@@QEBA?AW4BufMode@12@XZ,,other,runtime-exported-internal-or-shared,gpu-other
Plug-ins\Effects\mochaAE\MochaAE.bundle\Contents\Win64\mochaui\bin\GPU.dll,GPU.dll,.dll,709,2C4,00009520,?module@CommonBackendCL@GPU@@UEBA?AW4BackendModule@IBackendGPU@2@XZ,,other,runtime-exported-internal-or-shared,gpu-other
Plug-ins\Effects\mochaAE\MochaAE.bundle\Contents\Win64\mochaui\bin\GPU.dll,GPU.dll,.dll,710,2C5,00009530,?module@RemoveBackendCL@GPU@@UEBA?AW4BackendModule@IBackendGPU@2@XZ,,other,runtime-exported-internal-or-shared,gpu-other
Plug-ins\Effects\mochaAE\MochaAE.bundle\Contents\Win64\mochaui\bin\GPU.dll,GPU.dll,.dll,711,2C6,00009530,?module@RemoveBackendCLCPP@GPU@@UEBA?AW4BackendModule@IBackendGPU@2@XZ,,other,runtime-exported-internal-or-shared,gpu-other
Plug-ins\Effects\mochaAE\MochaAE.bundle\Contents\Win64\mochaui\bin\GPU.dll,GPU.dll,.dll,712,2C7,00065040,?module@TrackBackend@GPU@@UEBA?AW4BackendModule@IBackendGPU@2@XZ,,other,runtime-exported-internal-or-shared,gpu-other
Plug-ins\Effects\mochaAE\MochaAE.bundle\Contents\Win64\mochaui\bin\GPU.dll,GPU.dll,.dll,713,2C8,0003A8E0,?name@DeviceInfo@GPU@@QEBA?AVQString@isl0@@XZ,,other,runtime-exported-internal-or-shared,gpu-other
Plug-ins\Effects\mochaAE\MochaAE.bundle\Contents\Win64\mochaui\bin\GPU.dll,GPU.dll,.dll,714,2C9,0003AF70,?name@PlatformInfo@GPU@@QEBA?AVQString@isl0@@XZ,,other,runtime-exported-internal-or-shared,gpu-other
Plug-ins\Effects\mochaAE\MochaAE.bundle\Contents\Win64\mochaui\bin\GPU.dll,GPU.dll,.dll,715,2CA,000E3710,?needReloadSTMap@Tracker@GPU@@AEAA_NAEBUGan_Camera@@@Z,,other,runtime-exported-internal-or-shared,gpu-other
Plug-ins\Effects\mochaAE\MochaAE.bundle\Contents\Win64\mochaui\bin\GPU.dll,GPU.dll,.dll,716,2CB,000F27B0,?newSourceImage@FillAnalyzer@GPU@@QEAAXIVContext@Prm@@@Z,,other,runtime-exported-internal-or-shared,gpu-other
Plug-ins\Effects\mochaAE\MochaAE.bundle\Contents\Win64\mochaui\bin\GPU.dll,GPU.dll,.dll,717,2CC,000095E0,?nonLeadDims@KernelLauncher@CLCPP@GPU@@CAHH@Z,,other,runtime-exported-internal-or-shared,gpu-other
Plug-ins\Effects\mochaAE\MochaAE.bundle\Contents\Win64\mochaui\bin\GPU.dll,GPU.dll,.dll,718,2CD,000371D0,?numChannels4ImageFormat@ImageProcBase@GPU@@IEBAHW4Gan_ImageFormat@@@Z,,other,runtime-exported-internal-or-shared,gpu-other
Plug-ins\Effects\mochaAE\MochaAE.bundle\Contents\Win64\mochaui\bin\GPU.dll,GPU.dll,.dll,719,2CE,0006DD50,?numMasks@?$FillMattesBase@V?$shared_ptr@$$CBVIMask@GPU@@@std@@@IS@@QEBAIXZ,,other,runtime-exported-internal-or-shared,gpu-other
Plug-ins\Effects\mochaAE\MochaAE.bundle\Contents\Win64\mochaui\bin\GPU.dll,GPU.dll,.dll,720,2CF,0003A910,?numberOfComputingUnits@DeviceInfo@GPU@@QEBAIXZ,,other,runtime-exported-internal-or-shared,gpu-other
Plug-ins\Effects\mochaAE\MochaAE.bundle\Contents\Win64\mochaui\bin\GPU.dll,GPU.dll,.dll,721,2D0,000E3AE0,?onClipUnloaded@Tracker@GPU@@QEAAXI@Z,,other,runtime-exported-internal-or-shared,gpu-other
Plug-ins\Effects\mochaAE\MochaAE.bundle\Contents\Win64\mochaui\bin\GPU.dll,GPU.dll,.dll,722,2D1,000E3C10,?onImageUnloaded@Tracker@GPU@@QEAAXIAEBVContext@Prm@@@Z,,other,runtime-exported-internal-or-shared,gpu-other
Plug-ins\Effects\mochaAE\MochaAE.bundle\Contents\Win64\mochaui\bin\GPU.dll,GPU.dll,.dll,723,2D2,000ADCD0,?orderedBoundaryVertices@GPU@@YA?AV?$vector@V?$shared_ptr@V?$vector@HV?$allocator@H@std@@@std@@@std@@V?$allocator@V?$shared_ptr@V?$vector@HV?$allocator@H@std@@@std@@@std@@@2@@std@@AEBVParameterSet@MeshTracking@IS@@@Z,,other,runtime-exported-internal-or-shared,gpu-other
Plug-ins\Effects\mochaAE\MochaAE.bundle\Contents\Win64\mochaui\bin\GPU.dll,GPU.dll,.dll,724,2D3,000ADD00,?orderedBoundaryVertices@GPU@@YA?AV?$vector@V?$shared_ptr@V?$vector@HV?$allocator@H@std@@@std@@@std@@V?$allocator@V?$shared_ptr@V?$vector@HV?$allocator@H@std@@@std@@@std@@@2@@std@@AEBVTrackMesh@IS@@@Z,,other,runtime-exported-internal-or-shared,gpu-other
Plug-ins\Effects\mochaAE\MochaAE.bundle\Contents\Win64\mochaui\bin\GPU.dll,GPU.dll,.dll,725,2D4,00022230,?pathToKernels@CLBackendBase@GPU@@IEBAAEBVQString@isl0@@XZ,,other,runtime-exported-internal-or-shared,gpu-other
Plug-ins\Effects\mochaAE\MochaAE.bundle\Contents\Win64\mochaui\bin\GPU.dll,GPU.dll,.dll,726,2D5,00022240,?platform@CLBackendBase@GPU@@QEBAHXZ,,other,runtime-exported-internal-or-shared,gpu-other
Plug-ins\Effects\mochaAE\MochaAE.bundle\Contents\Win64\mochaui\bin\GPU.dll,GPU.dll,.dll,727,2D6,0000C4E0,?platform@Context@GPU@@QEBAPEAU_cl_platform_id@@XZ,,other,runtime-exported-internal-or-shared,gpu-other
Plug-ins\Effects\mochaAE\MochaAE.bundle\Contents\Win64\mochaui\bin\GPU.dll,GPU.dll,.dll,728,2D7,0003A820,?platform@PlatformInfo@GPU@@QEBAPEAU_cl_platform_id@@XZ,,other,runtime-exported-internal-or-shared,gpu-other
Plug-ins\Effects\mochaAE\MochaAE.bundle\Contents\Win64\mochaui\bin\GPU.dll,GPU.dll,.dll,729,2D8,0009E890,?platformHasFeature@Context@GPU@@QEBA_NAEBVQString@isl0@@@Z,,other,runtime-exported-internal-or-shared,gpu-other
Plug-ins\Effects\mochaAE\MochaAE.bundle\Contents\Win64\mochaui\bin\GPU.dll,GPU.dll,.dll,730,2D9,00020450,?platformIndex@Context@GPU@@QEBAHXZ,,other,runtime-exported-internal-or-shared,gpu-other
Plug-ins\Effects\mochaAE\MochaAE.bundle\Contents\Win64\mochaui\bin\GPU.dll,GPU.dll,.dll,731,2DA,000093A0,?platforms@Info@GPU@@QEBAAEBV?$vector@VPlatformInfo@GPU@@V?$allocator@VPlatformInfo@GPU@@@std@@@std@@XZ,,other,runtime-exported-internal-or-shared,gpu-other
Plug-ins\Effects\mochaAE\MochaAE.bundle\Contents\Win64\mochaui\bin\GPU.dll,GPU.dll,.dll,732,2DB,0003BE60,?platformsIDs@GPU@@YA?AV?$vector@PEAU_cl_platform_id@@V?$allocator@PEAU_cl_platform_id@@@std@@@std@@XZ,,other,runtime-exported-internal-or-shared,gpu-other
Plug-ins\Effects\mochaAE\MochaAE.bundle\Contents\Win64\mochaui\bin\GPU.dll,GPU.dll,.dll,733,2DC,000E3C20,?preprocessing@Tracker@GPU@@AEAAXAEBUGarbageMatte@IS@@AEBVFrame@Prm@@@Z,,other,runtime-exported-internal-or-shared,gpu-other
Plug-ins\Effects\mochaAE\MochaAE.bundle\Contents\Win64\mochaui\bin\GPU.dll,GPU.dll,.dll,734,2DD,0003A8E0,?profile@PlatformInfo@GPU@@QEBA?AVQString@isl0@@XZ,,other,runtime-exported-internal-or-shared,gpu-other
Plug-ins\Effects\mochaAE\MochaAE.bundle\Contents\Win64\mochaui\bin\GPU.dll,GPU.dll,.dll,735,2DE,000F24E0,?qt_metacall@CLMatteCache@GPU@@UEAAHW4Call@QMetaObject@isl0@@HPEAPEAX@Z,,other,runtime-exported-internal-or-shared,gpu-other
Plug-ins\Effects\mochaAE\MochaAE.bundle\Contents\Win64\mochaui\bin\GPU.dll,GPU.dll,.dll,736,2DF,000F2810,?qt_metacall@FillAnalyzer@GPU@@UEAAHW4Call@QMetaObject@isl0@@HPEAPEAX@Z,,other,runtime-exported-internal-or-shared,gpu-other
Plug-ins\Effects\mochaAE\MochaAE.bundle\Contents\Win64\mochaui\bin\GPU.dll,GPU.dll,.dll,737,2E0,000F2550,?qt_metacast@CLMatteCache@GPU@@UEAAPEAXPEBD@Z,,other,runtime-exported-internal-or-shared,gpu-other
Plug-ins\Effects\mochaAE\MochaAE.bundle\Contents\Win64\mochaui\bin\GPU.dll,GPU.dll,.dll,738,2E1,000F2880,?qt_metacast@FillAnalyzer@GPU@@UEAAPEAXPEBD@Z,,other,runtime-exported-internal-or-shared,gpu-other
Plug-ins\Effects\mochaAE\MochaAE.bundle\Contents\Win64\mochaui\bin\GPU.dll,GPU.dll,.dll,739,2E2,000F2350,?qt_static_metacall@CLMatteCache@GPU@@CAXPEAVQObject@isl0@@W4Call@QMetaObject@4@HPEAPEAX@Z,,other,runtime-exported-internal-or-shared,gpu-other
Plug-ins\Effects\mochaAE\MochaAE.bundle\Contents\Win64\mochaui\bin\GPU.dll,GPU.dll,.dll,740,2E3,000F25F0,?qt_static_metacall@FillAnalyzer@GPU@@CAXPEAVQObject@isl0@@W4Call@QMetaObject@4@HPEAPEAX@Z,,other,runtime-exported-internal-or-shared,gpu-other
Plug-ins\Effects\mochaAE\MochaAE.bundle\Contents\Win64\mochaui\bin\GPU.dll,GPU.dll,.dll,741,2E4,0003A920,?read@DeviceInfo@GPU@@QEAAXXZ,,other,runtime-exported-internal-or-shared,gpu-other
Plug-ins\Effects\mochaAE\MochaAE.bundle\Contents\Win64\mochaui\bin\GPU.dll,GPU.dll,.dll,742,2E5,0003EBC0,?read@Info@GPU@@QEAA_N_N@Z,,other,runtime-exported-internal-or-shared,gpu-other
Plug-ins\Effects\mochaAE\MochaAE.bundle\Contents\Win64\mochaui\bin\GPU.dll,GPU.dll,.dll,743,2E6,000402A0,?read@PlatformInfo@GPU@@QEAAXXZ,,other,runtime-exported-internal-or-shared,gpu-other
Plug-ins\Effects\mochaAE\MochaAE.bundle\Contents\Win64\mochaui\bin\GPU.dll,GPU.dll,.dll,744,2E7,000A61F0,?readBuffer@CLBufferBase@GPU@@IEAAHPEAX_K@Z,,other,runtime-exported-internal-or-shared,gpu-other
Plug-ins\Effects\mochaAE\MochaAE.bundle\Contents\Win64\mochaui\bin\GPU.dll,GPU.dll,.dll,745,2E8,000A6230,?readBuffer@CLBufferBase@GPU@@IEBAHPEAX_K@Z,,other,runtime-exported-internal-or-shared,gpu-other
Plug-ins\Effects\mochaAE\MochaAE.bundle\Contents\Win64\mochaui\bin\GPU.dll,GPU.dll,.dll,746,2E9,000A6320,?readDeviceKernelInfo@GPU@@YA?AUDeviceKernelInfo@1@AEAVContext@1@@Z,,other,runtime-exported-internal-or-shared,gpu-other
Plug-ins\Effects\mochaAE\MochaAE.bundle\Contents\Win64\mochaui\bin\GPU.dll,GPU.dll,.dll,747,2EA,000A65A0,?readGPUBuffer@CLBufferBase@GPU@@UEAAHXZ,,other,runtime-exported-internal-or-shared,gpu-other
Plug-ins\Effects\mochaAE\MochaAE.bundle\Contents\Win64\mochaui\bin\GPU.dll,GPU.dll,.dll,748,2EB,0003EC20,?readImpl@Info@GPU@@AEAAXXZ,,other,runtime-exported-internal-or-shared,gpu-other
Plug-ins\Effects\mochaAE\MochaAE.bundle\Contents\Win64\mochaui\bin\GPU.dll,GPU.dll,.dll,749,2EC,000CB7C0,?readSTmap@BufferKernelsF@GPU@@QEAA_NAEBUGan_Camera@@AEAVCLBuffer2D@2@1@Z,,other,runtime-exported-internal-or-shared,gpu-other
Plug-ins\Effects\mochaAE\MochaAE.bundle\Contents\Win64\mochaui\bin\GPU.dll,GPU.dll,.dll,750,2ED,000A66E0,?readin@CLBufferBase@GPU@@QEAAXPEBX@Z,,other,runtime-exported-internal-or-shared,gpu-other
Plug-ins\Effects\mochaAE\MochaAE.bundle\Contents\Win64\mochaui\bin\GPU.dll,GPU.dll,.dll,751,2EE,00020460,?reduceBuffer@BufferUtils@GPU@@UEAA?AV?$shared_ptr@VCLBuffer@GPU@@@std@@AEAVCLBuffer@2@W4CL_ReduceOperation@2@@Z,,other,runtime-exported-internal-or-shared,gpu-other
Plug-ins\Effects\mochaAE\MochaAE.bundle\Contents\Win64\mochaui\bin\GPU.dll,GPU.dll,.dll,752,2EF,000206C0,?reduceBuffer@BufferUtils@GPU@@UEAA?AV?$shared_ptr@VIBuffer@GPU@@@std@@AEBVIBuffer@2@W4CL_ReduceOperation@2@@Z,,other,runtime-exported-internal-or-shared,gpu-other
Plug-ins\Effects\mochaAE\MochaAE.bundle\Contents\Win64\mochaui\bin\GPU.dll,GPU.dll,.dll,753,2F0,0007C5C0,?reduceIndexPMI@RemoveAnalyzer@GPU@@UEAAHAEAV?$shared_ptr@VIRemoveBuffers@GPU@@@std@@HAEAV?$QList@H@isl0@@@Z,,other,runtime-exported-internal-or-shared,gpu-other
Plug-ins\Effects\mochaAE\MochaAE.bundle\Contents\Win64\mochaui\bin\GPU.dll,GPU.dll,.dll,754,2F1,00062F20,?reduceIndexPMI@RemoveAnalyzerCLCPP@GPU@@UEAAHAEAV?$shared_ptr@VIRemoveBuffers@GPU@@@std@@HAEAV?$QList@H@isl0@@@Z,,other,runtime-exported-internal-or-shared,gpu-other
Plug-ins\Effects\mochaAE\MochaAE.bundle\Contents\Win64\mochaui\bin\GPU.dll,GPU.dll,.dll,755,2F2,0007CD50,?reducePMI@RemoveAnalyzer@GPU@@UEAAXAEAV?$shared_ptr@VIRemoveBuffers@GPU@@@std@@AEBV?$QList@H@isl0@@@Z,,other,runtime-exported-internal-or-shared,gpu-other
Plug-ins\Effects\mochaAE\MochaAE.bundle\Contents\Win64\mochaui\bin\GPU.dll,GPU.dll,.dll,756,2F3,00063150,?reducePMI@RemoveAnalyzerCLCPP@GPU@@UEAAXAEAV?$shared_ptr@VIRemoveBuffers@GPU@@@std@@AEBV?$QList@H@isl0@@@Z,,other,runtime-exported-internal-or-shared,gpu-other
Plug-ins\Effects\mochaAE\MochaAE.bundle\Contents\Win64\mochaui\bin\GPU.dll,GPU.dll,.dll,757,2F4,000D2DF0,?reduceValidFeatures@GradientKernels@GPU@@QEAAXAEAV?$vector@V?$shared_ptr@VCLBuffer@GPU@@@std@@V?$allocator@V?$shared_ptr@VCLBuffer@GPU@@@std@@@2@@std@@000AEAV?$vector@V?$vector@HV?$allocator@H@std@@@std@@V?$allocator@V?$vector@HV?$allocator@H@std@@@std@@@2@@4@@Z,,other,runtime-exported-internal-or-shared,gpu-other
Plug-ins\Effects\mochaAE\MochaAE.bundle\Contents\Win64\mochaui\bin\GPU.dll,GPU.dll,.dll,758,2F5,00020920,?reductionStep@BufferUtils@GPU@@AEAA?AV?$shared_ptr@VCLBuffer@GPU@@@std@@AEAVCLBuffer@2@V?$shared_ptr@VKernel@GPU@@@boost@@W4CL_ReduceOperation@2@W4CL_Type@2@@Z,,other,runtime-exported-internal-or-shared,gpu-other
Plug-ins\Effects\mochaAE\MochaAE.bundle\Contents\Win64\mochaui\bin\GPU.dll,GPU.dll,.dll,759,2F6,00020F30,?reductionStep@BufferUtils@GPU@@AEAA?AV?$shared_ptr@VIBuffer@GPU@@@std@@AEBVIBuffer@2@V?$shared_ptr@VKernel@GPU@@@boost@@W4CL_ReduceOperation@2@W4CL_Type@2@@Z,,other,runtime-exported-internal-or-shared,gpu-other
Plug-ins\Effects\mochaAE\MochaAE.bundle\Contents\Win64\mochaui\bin\GPU.dll,GPU.dll,.dll,760,2F7,000A6740,?releaseCL@CLBufferBase@GPU@@IEAAXXZ,,other,runtime-exported-internal-or-shared,gpu-other
Plug-ins\Effects\mochaAE\MochaAE.bundle\Contents\Win64\mochaui\bin\GPU.dll,GPU.dll,.dll,761,2F8,000EEDA0,?removeBackend@BackendFactoryCL@GPU@@UEAA?AV?$shared_ptr@VIRemoveBackend@GPU@@@std@@_K@Z,,other,runtime-exported-internal-or-shared,gpu-other
Plug-ins\Effects\mochaAE\MochaAE.bundle\Contents\Win64\mochaui\bin\GPU.dll,GPU.dll,.dll,762,2F9,000EF3A0,?removeBackend@BackendFactoryCLCPP@GPU@@UEAA?AV?$shared_ptr@VIRemoveBackend@GPU@@@std@@_K@Z,,other,runtime-exported-internal-or-shared,gpu-other
Plug-ins\Effects\mochaAE\MochaAE.bundle\Contents\Win64\mochaui\bin\GPU.dll,GPU.dll,.dll,770,301,0009E900,?reset@Context@GPU@@AEAAXXZ,,other,runtime-exported-internal-or-shared,gpu-other
Plug-ins\Effects\mochaAE\MochaAE.bundle\Contents\Win64\mochaui\bin\GPU.dll,GPU.dll,.dll,771,302,000371E0,?resize@ImageProcBase@GPU@@MEBAPEAUGan_Image@@PEBU3@HHW4ConvolutionFilterType@@MMPEAU3@@Z,,other,runtime-exported-internal-or-shared,gpu-other
Plug-ins\Effects\mochaAE\MochaAE.bundle\Contents\Win64\mochaui\bin\GPU.dll,GPU.dll,.dll,772,303,00027E70,?scale@ImageProcCL@GPU@@UEBAXAEAVCL_Host_Matte@2@0AEBUGan_ImageWindow@@M@Z,,other,runtime-exported-internal-or-shared,gpu-other
Plug-ins\Effects\mochaAE\MochaAE.bundle\Contents\Win64\mochaui\bin\GPU.dll,GPU.dll,.dll,773,304,00011B80,?scale@ImageProcCLCPP@GPU@@UEBAXAEAVCL_Host_Matte@2@0AEBUGan_ImageWindow@@M@Z,,other,runtime-exported-internal-or-shared,gpu-other
Plug-ins\Effects\mochaAE\MochaAE.bundle\Contents\Win64\mochaui\bin\GPU.dll,GPU.dll,.dll,774,305,0002D2D0,?scale@ImageUtils@GPU@@UEAAXAEAVCL_Host_Matte@2@AEBUGan_Vector4_f@@@Z,,other,runtime-exported-internal-or-shared,gpu-other
Plug-ins\Effects\mochaAE\MochaAE.bundle\Contents\Win64\mochaui\bin\GPU.dll,GPU.dll,.dll,775,306,000093B0,?scale@ImageUtilsCLCPP@GPU@@UEAAXAEAVCL_Host_Matte@2@AEBUGan_Vector4_f@@@Z,,other,runtime-exported-internal-or-shared,gpu-other
Plug-ins\Effects\mochaAE\MochaAE.bundle\Contents\Win64\mochaui\bin\GPU.dll,GPU.dll,.dll,776,307,000CBF20,?selectChannelFromRGB@BufferKernelsF@GPU@@QEAAXAEBVCLBuffer@2@AEAV32@W4Gan_ImageChannelType@@@Z,,other,runtime-exported-internal-or-shared,gpu-other
Plug-ins\Effects\mochaAE\MochaAE.bundle\Contents\Win64\mochaui\bin\GPU.dll,GPU.dll,.dll,777,308,000D4850,?selectFeaturesXYVFromSmooth@GradientKernels@GPU@@QEAAXPEAVCLBuffer2D@2@0PEAVCLBuffer2DMask@2@AEBUGan_ImageWindow@@NNPEAVCLBuffer@2@3QEAU_cl_command_queue@@@Z,,other,runtime-exported-internal-or-shared,gpu-other
Plug-ins\Effects\mochaAE\MochaAE.bundle\Contents\Win64\mochaui\bin\GPU.dll,GPU.dll,.dll,778,309,0002D720,?setAlpha@ImageUtils@GPU@@UEAAXAEAVCL_Host_Matte@2@AEBVIMask@2@_N@Z,,other,runtime-exported-internal-or-shared,gpu-other
Plug-ins\Effects\mochaAE\MochaAE.bundle\Contents\Win64\mochaui\bin\GPU.dll,GPU.dll,.dll,779,30A,00016630,?setAlpha@ImageUtilsCLCPP@GPU@@UEAAXAEAVCL_Host_Matte@2@AEBVIMask@2@_N@Z,,other,runtime-exported-internal-or-shared,gpu-other
Plug-ins\Effects\mochaAE\MochaAE.bundle\Contents\Win64\mochaui\bin\GPU.dll,GPU.dll,.dll,780,30B,000E4030,?setBufferDimension@Tracker@GPU@@QEAAXIII@Z,,other,runtime-exported-internal-or-shared,gpu-other
Plug-ins\Effects\mochaAE\MochaAE.bundle\Contents\Win64\mochaui\bin\GPU.dll,GPU.dll,.dll,781,30C,000E4060,?setCompensationMode@Tracker@GPU@@UEAAX_N@Z,,other,runtime-exported-internal-or-shared,gpu-other
Plug-ins\Effects\mochaAE\MochaAE.bundle\Contents\Win64\mochaui\bin\GPU.dll,GPU.dll,.dll,782,30D,0009F030,?setCurrentDevice@Context@GPU@@AEAAXH@Z,,other,runtime-exported-internal-or-shared,gpu-other
Plug-ins\Effects\mochaAE\MochaAE.bundle\Contents\Win64\mochaui\bin\GPU.dll,GPU.dll,.dll,783,30E,0003ACC0,?setDevice@DeviceInfo@GPU@@QEAAXAEBQEAU_cl_device_id@@@Z,,other,runtime-exported-internal-or-shared,gpu-other
Plug-ins\Effects\mochaAE\MochaAE.bundle\Contents\Win64\mochaui\bin\GPU.dll,GPU.dll,.dll,784,30F,0003ACD0,?setDriverVersion@DeviceInfo@GPU@@QEAAXAEBVQString@isl0@@@Z,,other,runtime-exported-internal-or-shared,gpu-other
Plug-ins\Effects\mochaAE\MochaAE.bundle\Contents\Win64\mochaui\bin\GPU.dll,GPU.dll,.dll,785,310,00040910,?setExtensions@PlatformInfo@GPU@@QEAAXAEBVQString@isl0@@@Z,,other,runtime-exported-internal-or-shared,gpu-other
Plug-ins\Effects\mochaAE\MochaAE.bundle\Contents\Win64\mochaui\bin\GPU.dll,GPU.dll,.dll,786,311,0003ACE0,?setGlobalMemorySize@DeviceInfo@GPU@@QEAAXK@Z,,other,runtime-exported-internal-or-shared,gpu-other
Plug-ins\Effects\mochaAE\MochaAE.bundle\Contents\Win64\mochaui\bin\GPU.dll,GPU.dll,.dll,787,312,00035720,?setHash@?$MatteCacheBase@V?$shared_ptr@$$CBVIMask@GPU@@@std@@V12@@IS@@QEAAXAEBVGarbageMatteKey@2@AEBVHashSHA1@Bsc@@@Z,,other,runtime-exported-internal-or-shared,gpu-other
Plug-ins\Effects\mochaAE\MochaAE.bundle\Contents\Win64\mochaui\bin\GPU.dll,GPU.dll,.dll,788,313,0003ACF0,?setHostUnifiedMemory@DeviceInfo@GPU@@QEAAX_N@Z,,other,runtime-exported-internal-or-shared,gpu-other
Plug-ins\Effects\mochaAE\MochaAE.bundle\Contents\Win64\mochaui\bin\GPU.dll,GPU.dll,.dll,789,314,000E4070,?setIlluminationMode@Tracker@GPU@@UEAAXW4IlluminationMode@ITracker@2@@Z,,other,runtime-exported-internal-or-shared,gpu-other
Plug-ins\Effects\mochaAE\MochaAE.bundle\Contents\Win64\mochaui\bin\GPU.dll,GPU.dll,.dll,790,315,0003AD00,?setLocalMemorySize@DeviceInfo@GPU@@QEAAXK@Z,,other,runtime-exported-internal-or-shared,gpu-other
Plug-ins\Effects\mochaAE\MochaAE.bundle\Contents\Win64\mochaui\bin\GPU.dll,GPU.dll,.dll,791,316,000F2150,?setMatte@CLMatteCache@GPU@@UEAAXAEBVGarbageMatteKey@IS@@AEAV?$shared_ptr@$$CBVIMask@GPU@@@std@@AEBVHashSHA1@Bsc@@@Z,,other,runtime-exported-internal-or-shared,gpu-other
Plug-ins\Effects\mochaAE\MochaAE.bundle\Contents\Win64\mochaui\bin\GPU.dll,GPU.dll,.dll,792,317,000E4080,?setMaxAngle@Tracker@GPU@@UEAAXN@Z,,other,runtime-exported-internal-or-shared,gpu-other
Plug-ins\Effects\mochaAE\MochaAE.bundle\Contents\Win64\mochaui\bin\GPU.dll,GPU.dll,.dll,793,318,0003AD10,?setMaxClockFrequency@DeviceInfo@GPU@@QEAAXI@Z,,other,runtime-exported-internal-or-shared,gpu-other
Plug-ins\Effects\mochaAE\MochaAE.bundle\Contents\Win64\mochaui\bin\GPU.dll,GPU.dll,.dll,794,319,000E4090,?setMaxMotion@Tracker@GPU@@UEAAXII@Z,,other,runtime-exported-internal-or-shared,gpu-other
Plug-ins\Effects\mochaAE\MochaAE.bundle\Contents\Win64\mochaui\bin\GPU.dll,GPU.dll,.dll,795,31A,0003AD20,?setMaxWorkGroupSize@DeviceInfo@GPU@@QEAAX_K@Z,,other,runtime-exported-internal-or-shared,gpu-other
Plug-ins\Effects\mochaAE\MochaAE.bundle\Contents\Win64\mochaui\bin\GPU.dll,GPU.dll,.dll,796,31B,000E40A0,?setMaxZoom@Tracker@GPU@@UEAAXN@Z,,other,runtime-exported-internal-or-shared,gpu-other
Plug-ins\Effects\mochaAE\MochaAE.bundle\Contents\Win64\mochaui\bin\GPU.dll,GPU.dll,.dll,797,31C,000E40B0,?setMinCorrelationSize@Tracker@GPU@@UEAAXI@Z,,other,runtime-exported-internal-or-shared,gpu-other
Plug-ins\Effects\mochaAE\MochaAE.bundle\Contents\Win64\mochaui\bin\GPU.dll,GPU.dll,.dll,798,31D,000E40C0,?setMinPixelUsage@Tracker@GPU@@UEAAXN@Z,,other,runtime-exported-internal-or-shared,gpu-other
Plug-ins\Effects\mochaAE\MochaAE.bundle\Contents\Win64\mochaui\bin\GPU.dll,GPU.dll,.dll,799,31E,000E40D0,?setMotionMode@Tracker@GPU@@UEAAXW4MotionMode@ITracker@2@@Z,,other,runtime-exported-internal-or-shared,gpu-other
Plug-ins\Effects\mochaAE\MochaAE.bundle\Contents\Win64\mochaui\bin\GPU.dll,GPU.dll,.dll,800,31F,0003AD30,?setName@DeviceInfo@GPU@@QEAAXAEBVQString@isl0@@@Z,,other,runtime-exported-internal-or-shared,gpu-other
Plug-ins\Effects\mochaAE\MochaAE.bundle\Contents\Win64\mochaui\bin\GPU.dll,GPU.dll,.dll,801,320,0003AD60,?setName@PlatformInfo@GPU@@QEAAXAEBVQString@isl0@@@Z,,other,runtime-exported-internal-or-shared,gpu-other
Plug-ins\Effects\mochaAE\MochaAE.bundle\Contents\Win64\mochaui\bin\GPU.dll,GPU.dll,.dll,802,321,000E40E0,?setNumPixelsInLayer@Tracker@GPU@@QEAAXI@Z,,other,runtime-exported-internal-or-shared,gpu-other
Plug-ins\Effects\mochaAE\MochaAE.bundle\Contents\Win64\mochaui\bin\GPU.dll,GPU.dll,.dll,803,322,0003AD40,?setNumberOfComputingUnits@DeviceInfo@GPU@@QEAAXI@Z,,other,runtime-exported-internal-or-shared,gpu-other
Plug-ins\Effects\mochaAE\MochaAE.bundle\Contents\Win64\mochaui\bin\GPU.dll,GPU.dll,.dll,804,323,000E40F0,?setOptimizationMode@Tracker@GPU@@UEAAXW4OptimizationMode@ITracker@2@@Z,,other,runtime-exported-internal-or-shared,gpu-other
Plug-ins\Effects\mochaAE\MochaAE.bundle\Contents\Win64\mochaui\bin\GPU.dll,GPU.dll,.dll,805,324,0003ACC0,?setPlatform@PlatformInfo@GPU@@QEAAXAEBQEAU_cl_platform_id@@@Z,,other,runtime-exported-internal-or-shared,gpu-other
Plug-ins\Effects\mochaAE\MochaAE.bundle\Contents\Win64\mochaui\bin\GPU.dll,GPU.dll,.dll,806,325,0003AD30,?setProfile@PlatformInfo@GPU@@QEAAXAEBVQString@isl0@@@Z,,other,runtime-exported-internal-or-shared,gpu-other
Plug-ins\Effects\mochaAE\MochaAE.bundle\Contents\Win64\mochaui\bin\GPU.dll,GPU.dll,.dll,807,326,000E4100,?setPyramidLevel@Tracker@GPU@@QEAAXI@Z,,other,runtime-exported-internal-or-shared,gpu-other
Plug-ins\Effects\mochaAE\MochaAE.bundle\Contents\Win64\mochaui\bin\GPU.dll,GPU.dll,.dll,808,327,000E4110,?setRefSubWin@Tracker@GPU@@QEAAXAEBUGan_ImageWindow@@@Z,,other,runtime-exported-internal-or-shared,gpu-other
Plug-ins\Effects\mochaAE\MochaAE.bundle\Contents\Win64\mochaui\bin\GPU.dll,GPU.dll,.dll,809,328,000E4120,?setRegularizationMode@Tracker@GPU@@UEAAXW4RegularizationMode@ITracker@2@@Z,,other,runtime-exported-internal-or-shared,gpu-other
Plug-ins\Effects\mochaAE\MochaAE.bundle\Contents\Win64\mochaui\bin\GPU.dll,GPU.dll,.dll,810,329,000EEFD0,?setSharingGLContext@BackendFactoryCL@GPU@@UEAAXPEAX@Z,,other,runtime-exported-internal-or-shared,gpu-other
Plug-ins\Effects\mochaAE\MochaAE.bundle\Contents\Win64\mochaui\bin\GPU.dll,GPU.dll,.dll,811,32A,000093B0,?setSharingGLContext@IBackendFactory@GPU@@UEAAXPEAX@Z,,other,runtime-exported-internal-or-shared,gpu-other
Plug-ins\Effects\mochaAE\MochaAE.bundle\Contents\Win64\mochaui\bin\GPU.dll,GPU.dll,.dll,812,32B,000E4130,?setTrackingMode@Tracker@GPU@@UEAAXW4_TrackModel@@@Z,,other,runtime-exported-internal-or-shared,gpu-other
Plug-ins\Effects\mochaAE\MochaAE.bundle\Contents\Win64\mochaui\bin\GPU.dll,GPU.dll,.dll,813,32C,0003AD50,?setType@DeviceInfo@GPU@@QEAAXAEBW4Type@12@@Z,,other,runtime-exported-internal-or-shared,gpu-other
Plug-ins\Effects\mochaAE\MochaAE.bundle\Contents\Win64\mochaui\bin\GPU.dll,GPU.dll,.dll,814,32D,0003AD60,?setVendor@DeviceInfo@GPU@@QEAAXAEBVQString@isl0@@@Z,,other,runtime-exported-internal-or-shared,gpu-other
Plug-ins\Effects\mochaAE\MochaAE.bundle\Contents\Win64\mochaui\bin\GPU.dll,GPU.dll,.dll,815,32E,00040920,?setVendor@PlatformInfo@GPU@@QEAAXAEBVQString@isl0@@@Z,,other,runtime-exported-internal-or-shared,gpu-other
Plug-ins\Effects\mochaAE\MochaAE.bundle\Contents\Win64\mochaui\bin\GPU.dll,GPU.dll,.dll,816,32F,0003AD70,?setVendorType@DeviceInfo@GPU@@QEAAXAEBW4VendorType@12@@Z,,other,runtime-exported-internal-or-shared,gpu-other
Plug-ins\Effects\mochaAE\MochaAE.bundle\Contents\Win64\mochaui\bin\GPU.dll,GPU.dll,.dll,817,330,0003AD80,?setVersion@DeviceInfo@GPU@@QEAAXAEBUOpenCLVersion@2@@Z,,other,runtime-exported-internal-or-shared,gpu-other
Plug-ins\Effects\mochaAE\MochaAE.bundle\Contents\Win64\mochaui\bin\GPU.dll,GPU.dll,.dll,818,331,0003ACD0,?setVersion@PlatformInfo@GPU@@QEAAXAEBVQString@isl0@@@Z,,other,runtime-exported-internal-or-shared,gpu-other
Plug-ins\Effects\mochaAE\MochaAE.bundle\Contents\Win64\mochaui\bin\GPU.dll,GPU.dll,.dll,819,332,0003AD90,?setVersionString@DeviceInfo@GPU@@QEAAXAEBVQString@isl0@@@Z,,other,runtime-exported-internal-or-shared,gpu-other
Plug-ins\Effects\mochaAE\MochaAE.bundle\Contents\Win64\mochaui\bin\GPU.dll,GPU.dll,.dll,820,333,0000C250,?share@CLBufferBase@GPU@@QEBA?AW4BufShare@12@XZ,,other,runtime-exported-internal-or-shared,gpu-other
Plug-ins\Effects\mochaAE\MochaAE.bundle\Contents\Win64\mochaui\bin\GPU.dll,GPU.dll,.dll,821,334,000094E0,?sizes@KernelLauncher@CLCPP@GPU@@CAHH@Z,,other,runtime-exported-internal-or-shared,gpu-other
Plug-ins\Effects\mochaAE\MochaAE.bundle\Contents\Win64\mochaui\bin\GPU.dll,GPU.dll,.dll,822,335,00028990,?smooth@ImageProcCL@GPU@@UEBAXAEAVCL_Host_Matte@2@0AEBUGan_ImageWindow@@MH@Z,,other,runtime-exported-internal-or-shared,gpu-other
Plug-ins\Effects\mochaAE\MochaAE.bundle\Contents\Win64\mochaui\bin\GPU.dll,GPU.dll,.dll,823,336,00011D70,?smooth@ImageProcCLCPP@GPU@@UEBAXAEAVCL_Host_Matte@2@0AEBUGan_ImageWindow@@MH@Z,,other,runtime-exported-internal-or-shared,gpu-other
Plug-ins\Effects\mochaAE\MochaAE.bundle\Contents\Win64\mochaui\bin\GPU.dll,GPU.dll,.dll,825,338,000DA690,?smoothingPyramidGaussian@PyramidKernels@GPU@@AEAAXAEAV?$vector@V?$shared_ptr@VCLBuffer2D@GPU@@@std@@V?$allocator@V?$shared_ptr@VCLBuffer2D@GPU@@@std@@@2@@std@@AEAV?$vector@V?$shared_ptr@VCLBuffer2DMask@GPU@@@std@@V?$allocator@V?$shared_ptr@VCLBuffer2DMask@GPU@@@std@@@2@@4@AEAV?$vector@UGan_ImageWindow@@V?$allocator@UGan_ImageWindow@@@std@@@4@0QEAU_cl_command_queue@@I@Z,,other,runtime-exported-internal-or-shared,gpu-other
Plug-ins\Effects\mochaAE\MochaAE.bundle\Contents\Win64\mochaui\bin\GPU.dll,GPU.dll,.dll,826,339,0009F270,?sortCLRemoveDevices@GPU@@YAXAEAV?$QList@U?$pair@HH@std@@@isl0@@AEAVInfo@1@@Z,,other,runtime-exported-internal-or-shared,gpu-other
Plug-ins\Effects\mochaAE\MochaAE.bundle\Contents\Win64\mochaui\bin\GPU.dll,GPU.dll,.dll,827,33A,0009FBC0,?sourceFile@Exception@GPU@@QEBA?AVQString@isl0@@XZ,,other,runtime-exported-internal-or-shared,gpu-other
Plug-ins\Effects\mochaAE\MochaAE.bundle\Contents\Win64\mochaui\bin\GPU.dll,GPU.dll,.dll,828,33B,00110850,?staticMetaObject@CLMatteCache@GPU@@2UQMetaObject@isl0@@B,,other,runtime-exported-internal-or-shared,gpu-other
Plug-ins\Effects\mochaAE\MochaAE.bundle\Contents\Win64\mochaui\bin\GPU.dll,GPU.dll,.dll,829,33C,001109B0,?staticMetaObject@FillAnalyzer@GPU@@2UQMetaObject@isl0@@B,,other,runtime-exported-internal-or-shared,gpu-other
Plug-ins\Effects\mochaAE\MochaAE.bundle\Contents\Win64\mochaui\bin\GPU.dll,GPU.dll,.dll,830,33D,0003ADE0,?status@DeviceInfo@GPU@@QEBA?AW4DeviceStatus@2@AEBUAvailabilityChecker@2@PEAVQString@isl0@@@Z,,other,runtime-exported-internal-or-shared,gpu-other
Plug-ins\Effects\mochaAE\MochaAE.bundle\Contents\Win64\mochaui\bin\GPU.dll,GPU.dll,.dll,831,33E,000358B0,?subtract@MatteUtils@GPU@@UEAAXAEAVIMask@2@AEBV32@@Z,,other,runtime-exported-internal-or-shared,gpu-other
Plug-ins\Effects\mochaAE\MochaAE.bundle\Contents\Win64\mochaui\bin\GPU.dll,GPU.dll,.dll,832,33F,0001A750,?subtract@MatteUtilsCLCPP@GPU@@UEAAXAEAVIMask@2@AEBV32@@Z,,other,runtime-exported-internal-or-shared,gpu-other
Plug-ins\Effects\mochaAE\MochaAE.bundle\Contents\Win64\mochaui\bin\GPU.dll,GPU.dll,.dll,833,340,00021580,?sumBuffer2DRow@BufferUtils@GPU@@UEAAXPEAVCLBuffer2D@2@PEAVCLBuffer@2@@Z,,other,runtime-exported-internal-or-shared,gpu-other
Plug-ins\Effects\mochaAE\MochaAE.bundle\Contents\Win64\mochaui\bin\GPU.dll,GPU.dll,.dll,834,341,00035990,?toCLCPPMask@MatteUtils@GPU@@UEAA?AV?$shared_ptr@VIMask@GPU@@@std@@AEBVIMask@2@@Z,,other,runtime-exported-internal-or-shared,gpu-other
Plug-ins\Effects\mochaAE\MochaAE.bundle\Contents\Win64\mochaui\bin\GPU.dll,GPU.dll,.dll,835,342,0001A7D0,?toCLCPPMask@MatteUtilsCLCPP@GPU@@UEAA?AV?$shared_ptr@VIMask@GPU@@@std@@AEBVIMask@2@@Z,,other,runtime-exported-internal-or-shared,gpu-other
Plug-ins\Effects\mochaAE\MochaAE.bundle\Contents\Win64\mochaui\bin\GPU.dll,GPU.dll,.dll,836,343,000CC8B0,?tr@BufferKernelsF@GPU@@SA?AVQString@isl0@@PEBD0H@Z,,other,runtime-exported-internal-or-shared,gpu-other
Plug-ins\Effects\mochaAE\MochaAE.bundle\Contents\Win64\mochaui\bin\GPU.dll,GPU.dll,.dll,837,344,00022250,?tr@CLBackendBase@GPU@@SA?AVQString@isl0@@PEBD0H@Z,,other,runtime-exported-internal-or-shared,gpu-other
Plug-ins\Effects\mochaAE\MochaAE.bundle\Contents\Win64\mochaui\bin\GPU.dll,GPU.dll,.dll,838,345,0000C3F0,?tr@CLBufferBase@GPU@@SA?AVQString@isl0@@PEBD0H@Z,,other,runtime-exported-internal-or-shared,gpu-other
Plug-ins\Effects\mochaAE\MochaAE.bundle\Contents\Win64\mochaui\bin\GPU.dll,GPU.dll,.dll,839,346,0000C420,?tr@CLException@GPU@@SA?AVQString@isl0@@PEBD0H@Z,,other,runtime-exported-internal-or-shared,gpu-other
Plug-ins\Effects\mochaAE\MochaAE.bundle\Contents\Win64\mochaui\bin\GPU.dll,GPU.dll,.dll,840,347,00035B90,?tr@CLMatteCache@GPU@@SA?AVQString@isl0@@PEBD0H@Z,,other,runtime-exported-internal-or-shared,gpu-other
Plug-ins\Effects\mochaAE\MochaAE.bundle\Contents\Win64\mochaui\bin\GPU.dll,GPU.dll,.dll,841,348,00021D70,?tr@Context@GPU@@SA?AVQString@isl0@@PEBD0H@Z,,other,runtime-exported-internal-or-shared,gpu-other
Plug-ins\Effects\mochaAE\MochaAE.bundle\Contents\Win64\mochaui\bin\GPU.dll,GPU.dll,.dll,842,349,000CC8B0,?tr@CorrelationKernels@GPU@@SA?AVQString@isl0@@PEBD0H@Z,,other,runtime-exported-internal-or-shared,gpu-other
Plug-ins\Effects\mochaAE\MochaAE.bundle\Contents\Win64\mochaui\bin\GPU.dll,GPU.dll,.dll,843,34A,00021DA0,?tr@DeviceInfo@GPU@@SA?AVQString@isl0@@PEBD0H@Z,,other,runtime-exported-internal-or-shared,gpu-other
Plug-ins\Effects\mochaAE\MochaAE.bundle\Contents\Win64\mochaui\bin\GPU.dll,GPU.dll,.dll,844,34B,0008E5B0,?tr@FillAnalyzer@GPU@@SA?AVQString@isl0@@PEBD0H@Z,,other,runtime-exported-internal-or-shared,gpu-other
Plug-ins\Effects\mochaAE\MochaAE.bundle\Contents\Win64\mochaui\bin\GPU.dll,GPU.dll,.dll,845,34C,000CC8B0,?tr@GradientKernels@GPU@@SA?AVQString@isl0@@PEBD0H@Z,,other,runtime-exported-internal-or-shared,gpu-other
Plug-ins\Effects\mochaAE\MochaAE.bundle\Contents\Win64\mochaui\bin\GPU.dll,GPU.dll,.dll,846,34D,00023AD0,?tr@ImageProcCL@GPU@@SA?AVQString@isl0@@PEBD0H@Z,,other,runtime-exported-internal-or-shared,gpu-other
Plug-ins\Effects\mochaAE\MochaAE.bundle\Contents\Win64\mochaui\bin\GPU.dll,GPU.dll,.dll,847,34E,00023B00,?tr@ImageUtils@GPU@@SA?AVQString@isl0@@PEBD0H@Z,,other,runtime-exported-internal-or-shared,gpu-other
Plug-ins\Effects\mochaAE\MochaAE.bundle\Contents\Win64\mochaui\bin\GPU.dll,GPU.dll,.dll,848,34F,0000D3F0,?tr@ImageUtilsCLCPP@GPU@@SA?AVQString@isl0@@PEBD0H@Z,,other,runtime-exported-internal-or-shared,gpu-other
Plug-ins\Effects\mochaAE\MochaAE.bundle\Contents\Win64\mochaui\bin\GPU.dll,GPU.dll,.dll,849,350,0003C120,?tr@Info@GPU@@SA?AVQString@isl0@@PEBD0H@Z,,other,runtime-exported-internal-or-shared,gpu-other
Plug-ins\Effects\mochaAE\MochaAE.bundle\Contents\Win64\mochaui\bin\GPU.dll,GPU.dll,.dll,850,351,00023B30,?tr@MatteUtils@GPU@@SA?AVQString@isl0@@PEBD0H@Z,,other,runtime-exported-internal-or-shared,gpu-other
Plug-ins\Effects\mochaAE\MochaAE.bundle\Contents\Win64\mochaui\bin\GPU.dll,GPU.dll,.dll,851,352,0000D3F0,?tr@MatteUtilsCLCPP@GPU@@SA?AVQString@isl0@@PEBD0H@Z,,other,runtime-exported-internal-or-shared,gpu-other
Plug-ins\Effects\mochaAE\MochaAE.bundle\Contents\Win64\mochaui\bin\GPU.dll,GPU.dll,.dll,852,353,000D8920,?tr@OptimizationKernels@GPU@@SA?AVQString@isl0@@PEBD0H@Z,,other,runtime-exported-internal-or-shared,gpu-other
Plug-ins\Effects\mochaAE\MochaAE.bundle\Contents\Win64\mochaui\bin\GPU.dll,GPU.dll,.dll,853,354,00021DA0,?tr@PlatformInfo@GPU@@SA?AVQString@isl0@@PEBD0H@Z,,other,runtime-exported-internal-or-shared,gpu-other
Plug-ins\Effects\mochaAE\MochaAE.bundle\Contents\Win64\mochaui\bin\GPU.dll,GPU.dll,.dll,854,355,000DABC0,?tr@PyramidKernels@GPU@@SA?AVQString@isl0@@PEBD0H@Z,,other,runtime-exported-internal-or-shared,gpu-other
Plug-ins\Effects\mochaAE\MochaAE.bundle\Contents\Win64\mochaui\bin\GPU.dll,GPU.dll,.dll,855,356,0007DA90,?tr@RemoveAnalyzer@GPU@@SA?AVQString@isl0@@PEBD0H@Z,,other,runtime-exported-internal-or-shared,gpu-other
Plug-ins\Effects\mochaAE\MochaAE.bundle\Contents\Win64\mochaui\bin\GPU.dll,GPU.dll,.dll,856,357,00063940,?tr@RemoveAnalyzerCLCPP@GPU@@SA?AVQString@isl0@@PEBD0H@Z,,other,runtime-exported-internal-or-shared,gpu-other
Plug-ins\Effects\mochaAE\MochaAE.bundle\Contents\Win64\mochaui\bin\GPU.dll,GPU.dll,.dll,857,358,0007FB10,?tr@RemoveBackendCL@GPU@@SA?AVQString@isl0@@PEBD0H@Z,,other,runtime-exported-internal-or-shared,gpu-other
Plug-ins\Effects\mochaAE\MochaAE.bundle\Contents\Win64\mochaui\bin\GPU.dll,GPU.dll,.dll,858,359,00065060,?tr@RemoveBackendCLCPP@GPU@@SA?AVQString@isl0@@PEBD0H@Z,,other,runtime-exported-internal-or-shared,gpu-other
Plug-ins\Effects\mochaAE\MochaAE.bundle\Contents\Win64\mochaui\bin\GPU.dll,GPU.dll,.dll,859,35A,000CC8B0,?tr@Tracker@GPU@@SA?AVQString@isl0@@PEBD0H@Z,,other,runtime-exported-internal-or-shared,gpu-other
Plug-ins\Effects\mochaAE\MochaAE.bundle\Contents\Win64\mochaui\bin\GPU.dll,GPU.dll,.dll,860,35B,000CC8B0,?tr@WarpKernels@GPU@@SA?AVQString@isl0@@PEBD0H@Z,,other,runtime-exported-internal-or-shared,gpu-other
Plug-ins\Effects\mochaAE\MochaAE.bundle\Contents\Win64\mochaui\bin\GPU.dll,GPU.dll,.dll,861,35C,000BC990,?track@MeshTracker@GPU@@QEAA_NAEBVTrackMesh@IS@@AEBV?$vector@V?$shared_ptr@$$CBVIBuffer2D@GPU@@@std@@V?$allocator@V?$shared_ptr@$$CBVIBuffer2D@GPU@@@std@@@2@@std@@111AEBUTrackParams@IMeshTracker@2@PEAV?$Vector2Adapter@UGan_Vector2_f@@@Oberon@@@Z,,other,runtime-exported-internal-or-shared,gpu-other
Plug-ins\Effects\mochaAE\MochaAE.bundle\Contents\Win64\mochaui\bin\GPU.dll,GPU.dll,.dll,862,35D,000BCE90,?track@MeshTracker@GPU@@QEAA_NAEBVTrackMesh@IS@@AEBVIBuffer2D@2@111AEBUTrackParams@IMeshTracker@2@PEAV?$Vector2Adapter@UGan_Vector2_f@@@Oberon@@AEAM@Z,,other,runtime-exported-internal-or-shared,gpu-other
Plug-ins\Effects\mochaAE\MochaAE.bundle\Contents\Win64\mochaui\bin\GPU.dll,GPU.dll,.dll,863,35E,000BD030,?track@MeshTracker@GPU@@UEAA_NAEBVTrackMesh@IS@@AEBUGan_Image@@111AEBUTrackParams@IMeshTracker@2@PEAV?$Vector2Adapter@UGan_Vector2_f@@@Oberon@@H@Z,,other,runtime-exported-internal-or-shared,gpu-other
Plug-ins\Effects\mochaAE\MochaAE.bundle\Contents\Win64\mochaui\bin\GPU.dll,GPU.dll,.dll,864,35F,000BE220,?track@MeshTrackerOF@GPU@@UEAA_NAEBVTrackMesh@IS@@AEBUGan_Image@@111AEBUTrackParams@IMeshTracker@2@PEAV?$Vector2Adapter@UGan_Vector2_f@@@Oberon@@H@Z,,other,runtime-exported-internal-or-shared,gpu-other
Plug-ins\Effects\mochaAE\MochaAE.bundle\Contents\Win64\mochaui\bin\GPU.dll,GPU.dll,.dll,865,360,000E4140,?track@Tracker@GPU@@UEAA_NAEBVImagePtr@1IS@@AEBUGarbageMatte@4@01AEBUGan_Camera@@W4Gan_ImageChannelType@@@Z,,other,runtime-exported-internal-or-shared,gpu-other
Plug-ins\Effects\mochaAE\MochaAE.bundle\Contents\Win64\mochaui\bin\GPU.dll,GPU.dll,.dll,866,361,0000C8B0,?trackBackend@BackendFactoryCL@GPU@@UEAA?AV?$shared_ptr@VITrackBackend@GPU@@@std@@_K@Z,,other,runtime-exported-internal-or-shared,gpu-other
Plug-ins\Effects\mochaAE\MochaAE.bundle\Contents\Win64\mochaui\bin\GPU.dll,GPU.dll,.dll,867,362,000EF4F0,?trackBackend@BackendFactoryCLCPP@GPU@@UEAA?AV?$shared_ptr@VITrackBackend@GPU@@@std@@_K@Z,,other,runtime-exported-internal-or-shared,gpu-other
Plug-ins\Effects\mochaAE\MochaAE.bundle\Contents\Win64\mochaui\bin\GPU.dll,GPU.dll,.dll,868,363,000E5FC0,?trackCommon@Tracker@GPU@@AEAA_NHW4_TrackModel@@W4MotionMode@ITracker@2@AEBVFrame@Prm@@@Z,,other,runtime-exported-internal-or-shared,gpu-other
Plug-ins\Effects\mochaAE\MochaAE.bundle\Contents\Win64\mochaui\bin\GPU.dll,GPU.dll,.dll,869,364,000E91F0,?trackCorrelation@Tracker@GPU@@AEAA_NAEAUGan_Matrix33_f@@AEAV?$Vector2Adapter@UGan_Vector2@@@Oberon@@@Z,,other,runtime-exported-internal-or-shared,gpu-other
Plug-ins\Effects\mochaAE\MochaAE.bundle\Contents\Win64\mochaui\bin\GPU.dll,GPU.dll,.dll,870,365,000BD680,?trackDestWithDerivs@MeshTracker@GPU@@QEAA_NAEBVTrackMesh@IS@@AEBVIBuffer2D@2@AEBVIImage2D@2@1AEBUTrackParams@IMeshTracker@2@PEAV?$Vector2Adapter@UGan_Vector2_f@@@Oberon@@AEAM@Z,,other,runtime-exported-internal-or-shared,gpu-other
Plug-ins\Effects\mochaAE\MochaAE.bundle\Contents\Win64\mochaui\bin\GPU.dll,GPU.dll,.dll,871,366,000C6480,?trackMeshBoundingBox@GPU@@YA?AUGan_ImageWindow@@AEBVTrackMesh@IS@@@Z,,other,runtime-exported-internal-or-shared,gpu-other
Plug-ins\Effects\mochaAE\MochaAE.bundle\Contents\Win64\mochaui\bin\GPU.dll,GPU.dll,.dll,872,367,0000D3B0,?trackUtils@TrackBackend@GPU@@UEBA?AV?$shared_ptr@UITrackUtils@GPU@@@std@@XZ,,other,runtime-exported-internal-or-shared,gpu-other
Plug-ins\Effects\mochaAE\MochaAE.bundle\Contents\Win64\mochaui\bin\GPU.dll,GPU.dll,.dll,873,368,000CC8E0,?transformFeatures@BufferKernelsF@GPU@@QEAAXAEAVCLBuffer@2@AEBVQSize@isl0@@MAEAVBufferHomography@2@00@Z,,other,runtime-exported-internal-or-shared,gpu-other
Plug-ins\Effects\mochaAE\MochaAE.bundle\Contents\Win64\mochaui\bin\GPU.dll,GPU.dll,.dll,874,369,0003AF60,?type@DeviceInfo@GPU@@QEBA?AW4Type@12@XZ,,other,runtime-exported-internal-or-shared,gpu-other
Plug-ins\Effects\mochaAE\MochaAE.bundle\Contents\Win64\mochaui\bin\GPU.dll,GPU.dll,.dll,875,36A,000A72D0,?unMapGPUBuffer@CLBufferBase@GPU@@QEAAHXZ,,other,runtime-exported-internal-or-shared,gpu-other
Plug-ins\Effects\mochaAE\MochaAE.bundle\Contents\Win64\mochaui\bin\GPU.dll,GPU.dll,.dll,876,36B,0007E860,?updatePMI@RemoveAnalyzer@GPU@@UEAAXAEAV?$shared_ptr@VIRemoveBuffers@GPU@@@std@@AEBVIMask@2@AEBV?$QList@V?$shared_ptr@$$CBVIMask@GPU@@@std@@@isl0@@AEBV?$QList@VMatrix33@Oberon@@@7@I@Z,,other,runtime-exported-internal-or-shared,gpu-other
Plug-ins\Effects\mochaAE\MochaAE.bundle\Contents\Win64\mochaui\bin\GPU.dll,GPU.dll,.dll,877,36C,00063E60,?updatePMI@RemoveAnalyzerCLCPP@GPU@@UEAAXAEAV?$shared_ptr@VIRemoveBuffers@GPU@@@std@@AEBVIMask@2@AEBV?$QList@V?$shared_ptr@$$CBVIMask@GPU@@@std@@@isl0@@AEBV?$QList@VMatrix33@Oberon@@@7@I@Z,,other,runtime-exported-internal-or-shared,gpu-other
Plug-ins\Effects\mochaAE\MochaAE.bundle\Contents\Win64\mochaui\bin\GPU.dll,GPU.dll,.dll,878,36D,0007E940,?updatePMIForSource@RemoveAnalyzer@GPU@@UEAAXAEAV?$shared_ptr@VIRemoveBuffers@GPU@@@std@@AEBVIMask@2@AEBV?$QList@V?$shared_ptr@$$CBVIMask@GPU@@@std@@@isl0@@AEBV?$QList@VMatrix33@Oberon@@@7@IH@Z,,other,runtime-exported-internal-or-shared,gpu-other
Plug-ins\Effects\mochaAE\MochaAE.bundle\Contents\Win64\mochaui\bin\GPU.dll,GPU.dll,.dll,879,36E,00063EA0,?updatePMIForSource@RemoveAnalyzerCLCPP@GPU@@UEAAXAEAV?$shared_ptr@VIRemoveBuffers@GPU@@@std@@AEBVIMask@2@AEBV?$QList@V?$shared_ptr@$$CBVIMask@GPU@@@std@@@isl0@@AEBV?$QList@VMatrix33@Oberon@@@7@IH@Z,,other,runtime-exported-internal-or-shared,gpu-other
Plug-ins\Effects\mochaAE\MochaAE.bundle\Contents\Win64\mochaui\bin\GPU.dll,GPU.dll,.dll,880,36F,0002DB30,?upsampleAlpha@ImageUtils@GPU@@UEAAXAEBVCL_Host_Matte@2@AEAV32@@Z,,other,runtime-exported-internal-or-shared,gpu-other
Plug-ins\Effects\mochaAE\MochaAE.bundle\Contents\Win64\mochaui\bin\GPU.dll,GPU.dll,.dll,881,370,000166D0,?upsampleAlpha@ImageUtilsCLCPP@GPU@@UEAAXAEBVCL_Host_Matte@2@AEAV32@@Z,,other,runtime-exported-internal-or-shared,gpu-other
Plug-ins\Effects\mochaAE\MochaAE.bundle\Contents\Win64\mochaui\bin\GPU.dll,GPU.dll,.dll,882,371,001006F0,?useMultiThreading@KernelLauncher@CLCPP@GPU@@0_NB,,other,runtime-exported-internal-or-shared,gpu-other
Plug-ins\Effects\mochaAE\MochaAE.bundle\Contents\Win64\mochaui\bin\GPU.dll,GPU.dll,.dll,883,372,0009FF40,?userMessage@Exception@GPU@@QEBA?AVQString@isl0@@XZ,,other,runtime-exported-internal-or-shared,gpu-other
Plug-ins\Effects\mochaAE\MochaAE.bundle\Contents\Win64\mochaui\bin\GPU.dll,GPU.dll,.dll,884,373,0003AF70,?vendor@DeviceInfo@GPU@@QEBA?AVQString@isl0@@XZ,,other,runtime-exported-internal-or-shared,gpu-other
Plug-ins\Effects\mochaAE\MochaAE.bundle\Contents\Win64\mochaui\bin\GPU.dll,GPU.dll,.dll,885,374,00040930,?vendor@PlatformInfo@GPU@@QEBA?AVQString@isl0@@XZ,,other,runtime-exported-internal-or-shared,gpu-other
Plug-ins\Effects\mochaAE\MochaAE.bundle\Contents\Win64\mochaui\bin\GPU.dll,GPU.dll,.dll,886,375,00020450,?vendorType@DeviceInfo@GPU@@QEBA?AW4VendorType@12@XZ,,other,runtime-exported-internal-or-shared,gpu-other
Plug-ins\Effects\mochaAE\MochaAE.bundle\Contents\Win64\mochaui\bin\GPU.dll,GPU.dll,.dll,887,376,0003AF90,?version@DeviceInfo@GPU@@QEBA?AUOpenCLVersion@2@XZ,,other,runtime-exported-internal-or-shared,gpu-other
Plug-ins\Effects\mochaAE\MochaAE.bundle\Contents\Win64\mochaui\bin\GPU.dll,GPU.dll,.dll,888,377,0003A840,?version@PlatformInfo@GPU@@QEBA?AVQString@isl0@@XZ,,other,runtime-exported-internal-or-shared,gpu-other
Plug-ins\Effects\mochaAE\MochaAE.bundle\Contents\Win64\mochaui\bin\GPU.dll,GPU.dll,.dll,889,378,0003AFA0,?versionString@DeviceInfo@GPU@@QEBA?AVQString@isl0@@XZ,,other,runtime-exported-internal-or-shared,gpu-other
Plug-ins\Effects\mochaAE\MochaAE.bundle\Contents\Win64\mochaui\bin\GPU.dll,GPU.dll,.dll,890,379,0002DF40,?warp@ImageUtils@GPU@@UEAAXAEBVIImage2D@2@AEBUGan_Camera@@AEAV32@1PEBUGan_Matrix33_f@@@Z,,other,runtime-exported-internal-or-shared,gpu-other
Plug-ins\Effects\mochaAE\MochaAE.bundle\Contents\Win64\mochaui\bin\GPU.dll,GPU.dll,.dll,891,37A,000093B0,?warp@ImageUtilsCLCPP@GPU@@UEAAXAEBVIImage2D@2@AEBUGan_Camera@@AEAV32@1PEBUGan_Matrix33_f@@@Z,,other,runtime-exported-internal-or-shared,gpu-other
Plug-ins\Effects\mochaAE\MochaAE.bundle\Contents\Win64\mochaui\bin\GPU.dll,GPU.dll,.dll,892,37B,00035BC0,?warp@MatteUtils@GPU@@UEAAXAEBVIMask@2@AEBUGan_Camera@@AEAV32@1PEBUGan_Matrix33_f@@@Z,,other,runtime-exported-internal-or-shared,gpu-other
Plug-ins\Effects\mochaAE\MochaAE.bundle\Contents\Win64\mochaui\bin\GPU.dll,GPU.dll,.dll,893,37C,000093B0,?warp@MatteUtilsCLCPP@GPU@@UEAAXAEBVIMask@2@AEBUGan_Camera@@AEAV32@1PEBUGan_Matrix33_f@@@Z,,other,runtime-exported-internal-or-shared,gpu-other
Plug-ins\Effects\mochaAE\MochaAE.bundle\Contents\Win64\mochaui\bin\GPU.dll,GPU.dll,.dll,894,37D,000EB0B0,?warpImageMask@WarpKernels@GPU@@QEAAXPEBVCLBuffer2D@2@PEBVCLBuffer2DMask@2@AEBUGan_ImageWindow@@AEAUGan_Matrix33_f@@PEAV32@PEAV42@AEAU5@@Z,,other,runtime-exported-internal-or-shared,gpu-other
Plug-ins\Effects\mochaAE\MochaAE.bundle\Contents\Win64\mochaui\bin\GPU.dll,GPU.dll,.dll,895,37E,000EB6D0,?warpImageMask@WarpKernels@GPU@@QEAAXV?$shared_ptr@VCLBuffer2D@GPU@@@std@@0AEBUGan_Camera@@V34@2@Z,,other,runtime-exported-internal-or-shared,gpu-other
Plug-ins\Effects\mochaAE\MochaAE.bundle\Contents\Win64\mochaui\bin\GPU.dll,GPU.dll,.dll,896,37F,000EBAF0,?warpImageMaskSTmapProjection@WarpKernels@GPU@@QEAAXPEBVCLBuffer2D@2@PEBVCLBuffer2DMask@2@AEBUGan_Camera@@PEAV32@PEAV42@V?$shared_ptr@VCLBuffer2D@GPU@@@std@@5@Z,,other,runtime-exported-internal-or-shared,gpu-other
Plug-ins\Effects\mochaAE\MochaAE.bundle\Contents\Win64\mochaui\bin\GPU.dll,GPU.dll,.dll,897,380,000EC000,?warpMaskAndOverlap@WarpKernels@GPU@@QEAAHAEBVCLBuffer2DMask@2@AEBUGan_ImageWindow@@AEBUGan_Matrix33_f@@@Z,,other,runtime-exported-internal-or-shared,gpu-other
Plug-ins\Effects\mochaAE\MochaAE.bundle\Contents\Win64\mochaui\bin\GPU.dll,GPU.dll,.dll,898,381,0009FFB0,?what@Exception@GPU@@UEBAPEBDXZ,,other,runtime-exported-internal-or-shared,gpu-other
Plug-ins\Effects\mochaAE\MochaAE.bundle\Contents\Win64\mochaui\bin\GPU.dll,GPU.dll,.dll,899,382,000A7380,?writeBuffer@CLBufferBase@GPU@@IEAAHPEBX_K@Z,,other,runtime-exported-internal-or-shared,gpu-other
Plug-ins\Effects\mochaAE\MochaAE.bundle\Contents\Win64\mochaui\bin\GPU.dll,GPU.dll,.dll,900,383,000A7480,?writeGPUBuffer@CLBufferBase@GPU@@UEAAHXZ,,other,runtime-exported-internal-or-shared,gpu-other
Plug-ins\Effects\mochaAE\MochaAE.bundle\Contents\Win64\mochaui\bin\GPU.dll,GPU.dll,.dll,901,384,000E9EA0,?writeToBufferFromImage@Tracker@GPU@@AEAAHPEAVCLBuffer2D@2@AEBVImagePtr@1IS@@W4Gan_ImageChannelType@@@Z,,other,runtime-exported-internal-or-shared,gpu-other
Plug-ins\Effects\mochaAE\MochaAE.bundle\Contents\Win64\mochaui\bin\GPU.dll,GPU.dll,.dll,902,385,000CEF80,?xCorrelationImage@CorrelationKernels@GPU@@QEAAXPEBVCLBuffer2D@2@V?$shared_ptr@VCLBuffer2DMask@GPU@@@std@@AEBUGan_ImageWindow@@20PEBVCLBuffer2DMask@2@PEAV32@M@Z,,other,runtime-exported-internal-or-shared,gpu-other
Plug-ins\Effects\mochaAE\MochaAE.bundle\Contents\Win64\mochaui\bin\GPU.dll,GPU.dll,.dll,903,386,000CF1E0,?xCorrelationImageXY@CorrelationKernels@GPU@@QEAAXPEBVCLBuffer2D@2@PEBVCLBuffer@2@0PEBVCLBuffer2DMask@2@AEBUGan_ImageWindow@@V?$shared_ptr@VCLBuffer2D@GPU@@@std@@M@Z,,other,runtime-exported-internal-or-shared,gpu-other
PF.dll,PF.dll,.dll,97,60,00052960,?BitDepthToGFPixelFormat@GPU@pf@ae@@YA?AUPixelFormat@dvamediatypes@@F@Z,,dva,runtime-exported-internal-or-shared,gpu-other
PF.dll,PF.dll,.dll,139,8A,000529D0,?GFPixelFormatToBitDepth@GPU@pf@ae@@YAFUPixelFormat@dvamediatypes@@@Z,,dva,runtime-exported-internal-or-shared,gpu-other
RG.dll,RG.dll,.dll,105,68,0000C670,?Create@RG_FrameData@@SA?AV?$unique_ptr@VRG_FrameData@@U?$default_delete@VRG_FrameData@@@std@@@std@@W4MemDevice@1@AEBUM_LRect@@F_N@Z,,rg,runtime-exported-internal-or-shared,gpu-other
RG.dll,RG.dll,.dll,106,69,0000C6E0,?Create@RG_FrameData@@SA?AV?$unique_ptr@VRG_FrameData@@U?$default_delete@VRG_FrameData@@@std@@@std@@W4MemDevice@1@HHF_N@Z,,rg,runtime-exported-internal-or-shared,gpu-other
RG.dll,RG.dll,.dll,107,6A,0000C780,?CreateCPUFromGPU@RG_FrameData@@SA?AV?$unique_ptr@VRG_FrameData@@U?$default_delete@VRG_FrameData@@@std@@@std@@AEBV1@F@Z,,rg,runtime-exported-internal-or-shared,gpu-other
RG.dll,RG.dll,.dll,108,6B,0000D7B0,?CreateGPUFromCPU@RG_FrameData@@SA?AV?$unique_ptr@VRG_FrameData@@U?$default_delete@VRG_FrameData@@@std@@@std@@AEBV1@F@Z,,rg,runtime-exported-internal-or-shared,gpu-other
RG.dll,RG.dll,.dll,116,73,0002A7B0,?EnsureFrameOnDevice@RGp_CheckoutResultImpl@@AEAAXW4MemDevice@RG_FrameData@@@Z,,rg,runtime-exported-internal-or-shared,gpu-other
RG.dll,RG.dll,.dll,125,7C,0002B910,?GetEffectWorld@RGp_CheckoutResultImpl@@UEAAPEAUPF_LayerDef@@W4MemDevice@RG_FrameData@@@Z,,rg,runtime-exported-internal-or-shared,gpu-other
RG.dll,RG.dll,.dll,145,90,0002BE00,?GetOutputEffectWorld@RGp_CheckoutResultImpl@@UEAAPEAUPF_LayerDef@@W4MemDevice@RG_FrameData@@@Z,,rg,runtime-exported-internal-or-shared,gpu-other
RG.dll,RG.dll,.dll,147,92,0002BFA0,?GetOutputWorldGPU@RGp_CheckoutResultImpl@@UEAA?AV?$InterfaceRef@UIVideoFrame@MF@@@classref@dvacore@@XZ,,dva,runtime-exported-internal-or-shared,gpu-other
RG.dll,RG.dll,.dll,164,A3,0002C3B0,?GetWorldGPU@RGp_CheckoutResultImpl@@UEAA?AV?$InterfaceRef@UIVideoFrame@MF@@@classref@dvacore@@F@Z,,dva,runtime-exported-internal-or-shared,gpu-other
RG.dll,RG.dll,.dll,165,A4,0002C5E0,?GetWorldGPU@RGp_CheckoutResultImpl@@UEAA?AV?$InterfaceRef@UIVideoFrame@MF@@@classref@dvacore@@XZ,,dva,runtime-exported-internal-or-shared,gpu-other
RG.dll,RG.dll,.dll,183,B6,0002D6C0,?IsWorldGPU@RGp_CheckoutResultImpl@@UEBA_NXZ,,other,runtime-exported-internal-or-shared,gpu-other
RG.dll,RG.dll,.dll,231,E6,0002F650,?SetOutputWorldGPU@RGp_CheckoutResultImpl@@UEAAXV?$InterfaceRef@UIVideoFrame@MF@@@classref@dvacore@@PEAVRG_BufferLock@@@Z,,rg,runtime-exported-internal-or-shared,gpu-other
RG.dll,RG.dll,.dll,257,100,000276E0,?WouldCompositeSourceBeOnGPU@RG_CompositeNodeBase@@MEBA_NPEBVRG_CheckoutResult@@@Z,,rg,runtime-exported-internal-or-shared,gpu-other
RG.dll,RG.dll,.dll,258,101,00027710,?WouldCompositeSourceBeOnGPU@RG_XformNode@@EEBA_NPEBVRG_CheckoutResult@@@Z,,rg,runtime-exported-internal-or-shared,gpu-other
BEE.dll,BEE.dll,.dll,4176,104F,00401A80,?BEE_Get_GpuAccel_Synchronized@BEE_Project@@QEAA?AVGuid@utility@dvacore@@XZ,,bee,runtime-exported-internal-or-shared,gpu-queue-sync
Plug-ins\Effects\mochaAE\MochaAE.bundle\Contents\Win64\mochaui\bin\GPU.dll,GPU.dll,.dll,428,1AB,000093B0,?barrier@KernelLauncher@CLCPP@GPU@@SAXH@Z,,other,runtime-exported-internal-or-shared,gpu-queue-sync
Plug-ins\Effects\mochaAE\MochaAE.bundle\Contents\Win64\mochaui\bin\GPU.dll,GPU.dll,.dll,454,1C5,0001EE00,?commandQueue@Context@GPU@@QEAAAEAVcommand_queue@compute@boost@@XZ,,other,runtime-exported-internal-or-shared,gpu-queue-sync
Plug-ins\Effects\mochaAE\MochaAE.bundle\Contents\Win64\mochaui\bin\GPU.dll,GPU.dll,.dll,455,1C6,0009D6E0,?commandQueues@Context@GPU@@QEBA?AV?$vector@Vcommand_queue@compute@boost@@V?$allocator@Vcommand_queue@compute@boost@@@std@@@std@@XZ,,other,runtime-exported-internal-or-shared,gpu-queue-sync
Plug-ins\Effects\mochaAE\MochaAE.bundle\Contents\Win64\mochaui\bin\GPU.dll,GPU.dll,.dll,537,218,0009DA80,?currentCommandQueue@Context@GPU@@QEBAPEAU_cl_command_queue@@XZ,,other,runtime-exported-internal-or-shared,gpu-queue-sync
AfterFXLib.dll,AfterFXLib.dll,.dll,822,335,0087B230,?AddInvisiblePurgeAllAdditionalCmd@CEggApp@@QEAAXK@Z,,other,runtime-exported-internal-or-shared,gpu-resource-cache
AfterFXLib.dll,AfterFXLib.dll,.dll,1164,48B,00474230,?CheckoutItemFrame_CompletionQueue_Purge@CPanoProjItem@@IEAAXXZ,,other,runtime-exported-internal-or-shared,gpu-resource-cache
AfterFXLib.dll,AfterFXLib.dll,.dll,2981,BA4,00894930,?GetPurgeMCTimeStamp@CEggApp@@SA_KXZ,,other,runtime-exported-internal-or-shared,gpu-resource-cache
AfterFXLib.dll,AfterFXLib.dll,.dll,4391,1126,0089D500,?Purge3DCacheAfterVerifyingWithUserIfHeaded@CEggApp@@QEAA_NXZ,,other,runtime-exported-internal-or-shared,gpu-resource-cache
AfterFXLib.dll,AfterFXLib.dll,.dll,4392,1127,004B3720,?PurgeAllAsyncQueues@CPanoProjItem@@SAXXZ,,other,runtime-exported-internal-or-shared,gpu-resource-cache
AfterFXLib.dll,AfterFXLib.dll,.dll,4393,1128,0089D850,?PurgeAllCacheAfterVerifyingWithUserIfHeaded@CEggApp@@QEAA_NXZ,,other,runtime-exported-internal-or-shared,gpu-resource-cache
AfterFXLib.dll,AfterFXLib.dll,.dll,4394,1129,0089DD90,?PurgeDiskCacheAfterVerifyingWithUserIfHeaded@CEggApp@@QEAA_NXZ,,other,runtime-exported-internal-or-shared,gpu-resource-cache
AfterFXLib.dll,AfterFXLib.dll,.dll,4639,121E,004B6AF0,?S_PurgeViewCaches@CPanoProjItem@@SAXXZ,,other,runtime-exported-internal-or-shared,gpu-resource-cache
BEE.dll,BEE.dll,.dll,4358,1105,0064D200,?BEE_PurgeAllCaches@@YAXXZ,,bee,runtime-exported-internal-or-shared,gpu-resource-cache
BEE.dll,BEE.dll,.dll,4359,1106,003A2780,?BEE_PurgeNonAECaches@@YAHXZ,,bee,runtime-exported-internal-or-shared,gpu-resource-cache
BEE.dll,BEE.dll,.dll,9491,2512,00407270,?GetPurgeUndoDueToSyncFileSystem@BEE_Project@@QEBA_NXZ,,bee,runtime-exported-internal-or-shared,gpu-resource-cache
BEE.dll,BEE.dll,.dll,11521,2D00,004BE260,?IsCachedBeyondPurgeLimit@BEE_CheckoutItemFrameRange_RenderTaskHelper@@QEBA_NXZ,,bee,runtime-exported-internal-or-shared,gpu-resource-cache
BEE.dll,BEE.dll,.dll,11522,2D01,004660B0,?IsCachedBeyondPurgeLimit@BEE_CheckoutRangeReceipt@@QEAA_NXZ,,bee,runtime-exported-internal-or-shared,gpu-resource-cache
BEE.dll,BEE.dll,.dll,12101,2F44,004663A0,?Purge@BEE_CheckoutRangeReceipt@@QEAAXXZ,,bee,runtime-exported-internal-or-shared,gpu-resource-cache
BEE.dll,BEE.dll,.dll,12102,2F45,003E1E40,?PurgeAllDiskCaches@BEE_ModelFileCache@@QEAAXV?$function@$$A6AXII@Z@boost@@_NAEAI2@Z,,bee,runtime-exported-internal-or-shared,gpu-resource-cache
BEE.dll,BEE.dll,.dll,12103,2F46,00466680,?PurgeReceipt@BEE_CheckoutRangeReceipt@@QEAAX_K@Z,,bee,runtime-exported-internal-or-shared,gpu-resource-cache
BEE.dll,BEE.dll,.dll,12423,3086,00466BC0,?SetCachedBeyondPurgeLimit@BEE_CheckoutRangeReceipt@@QEAAX_N@Z,,bee,runtime-exported-internal-or-shared,gpu-resource-cache
BEE.dll,BEE.dll,.dll,12649,3168,0040C160,?SetPurgeUndoDueToSyncFileSystem@BEE_Project@@QEAAX_N@Z,,bee,runtime-exported-internal-or-shared,gpu-resource-cache
PF.dll,PF.dll,.dll,125,7C,000529A0,?DeviceFrameworkToPFFramework@GPU@pf@ae@@YAHW4DeviceFramework@GF@@@Z,,other,runtime-exported-internal-or-shared,pf-device-selection
PF.dll,PF.dll,.dll,146,91,00052A30,?GetCurrentDevice@GPU@pf@ae@@YA?AV?$shared_ptr@VDevice@GF@@@std@@XZ,,other,runtime-exported-internal-or-shared,pf-device-selection
PF.dll,PF.dll,.dll,160,9F,00052E10,?GetPrimaryMetalDevice@GPU@pf@ae@@YA?AV?$shared_ptr@VDevice@GF@@@std@@XZ,,other,runtime-exported-internal-or-shared,pf-device-selection
PF.dll,PF.dll,.dll,163,A2,00052E30,?GetRendererID@GPU@pf@ae@@YA?AVGuid@utility@dvacore@@XZ,,dva,runtime-exported-internal-or-shared,pf-device-selection
PF.dll,PF.dll,.dll,171,AA,00053320,?IsEffectAEGPUSDKSupported@GPU@pf@ae@@YA_NH@Z,,other,runtime-exported-internal-or-shared,pf-device-selection
PF.dll,PF.dll,.dll,174,AD,00053330,?IsPixelFormatGPUSupported@GPU@pf@ae@@YA_NH@Z,,other,runtime-exported-internal-or-shared,pf-device-selection
PF.dll,PF.dll,.dll,175,AE,00053340,?IsRendererGPU@GPU@pf@ae@@YA_NXZ,,other,runtime-exported-internal-or-shared,pf-device-selection
PF.dll,PF.dll,.dll,260,103,000533C0,?SetRendererID@GPU@pf@ae@@YAXAEBVGuid@utility@dvacore@@@Z,,dva,runtime-exported-internal-or-shared,pf-device-selection
PF.dll,PF.dll,.dll,123,7A,000056A0,?CreateGPUEffectWorld@VideoFrameFactory@pf@ae@@YAPEAUPF_LayerDef@@V?$shared_ptr@VDevice@GF@@@std@@AEBV?$RectT@H@geom@dvacore@@VPixelAspectRatio@dvamediatypes@@W4FieldType@dvamediatypes@@_NUPixelFormat@dvamediatypes@@@Z,,pf,runtime-exported-internal-or-shared,pf-gpu-frame-bridge
PF.dll,PF.dll,.dll,140,8B,0029C970,?GPUFrameToWorld@utility@pf@@YA?AV?$shared_ptr@VPF_World@@@std@@AEBV?$InterfaceRef@UIVideoFrame@MF@@@classref@dvacore@@UPixelFormat@dvamediatypes@@@Z,,pf,runtime-exported-internal-or-shared,pf-gpu-frame-bridge
PF.dll,PF.dll,.dll,141,8C,0029CCE0,?GPUFrameUpload@utility@pf@@YA?AV?$InterfaceRef@UIVideoFrame@MF@@@classref@dvacore@@V?$shared_ptr@VDevice@GF@@@std@@AEBV345@@Z,,dva,runtime-exported-internal-or-shared,pf-gpu-frame-bridge
PF.dll,PF.dll,.dll,172,AB,00006360,?IsEffectWorldGPUBased@VideoFrameFactory@pf@ae@@YA_NPEBUPF_LayerDef@@@Z,,pf,runtime-exported-internal-or-shared,pf-gpu-frame-bridge
PF.dll,PF.dll,.dll,100,63,00019FE0,?CanAllocateGPUFrame@numeric_limits@PF@@YA?AV?$tuple@_NV?$basic_string@_WU?$char_traits@_W@std@@U?$STLAllocator@_W@allocator@dvacore@@@std@@@std@@HHF_K@Z,,dva,runtime-exported-internal-or-shared,pf-gpu-memory
PF.dll,PF.dll,.dll,343,156,00010810,PF_GetPixelDataFloatGPU,,pf,runtime-exported-internal-or-shared,pf-gpu-memory
BEE.dll,BEE.dll,.dll,9133,23AC,004C3AF0,?GetNumThreadsAsPerAvailableGpuVram@RenderTaskManager@bee@@AEAAIXZ,,other,runtime-exported-internal-or-shared,renderer-gpu
Plug-ins\Effects\mochaAE\MochaAE.bundle\Contents\Win64\mochaui\bin\GPU.dll,GPU.dll,.dll,53,34,00090C40,??0FillRenderer@GPU@@QEAA@AEAVICommonBackend@1@AEAVIRemoveBackend@1@@Z,,other,runtime-exported-internal-or-shared,renderer-gpu
Plug-ins\Effects\mochaAE\MochaAE.bundle\Contents\Win64\mochaui\bin\GPU.dll,GPU.dll,.dll,80,4F,0000C970,??0IMatteRenderer@GPU@@QEAA@AEBV01@@Z,,other,runtime-exported-internal-or-shared,renderer-gpu
Plug-ins\Effects\mochaAE\MochaAE.bundle\Contents\Win64\mochaui\bin\GPU.dll,GPU.dll,.dll,81,50,0000C970,??0IMatteRenderer@GPU@@QEAA@XZ,,other,runtime-exported-internal-or-shared,renderer-gpu
Plug-ins\Effects\mochaAE\MochaAE.bundle\Contents\Win64\mochaui\bin\GPU.dll,GPU.dll,.dll,94,5D,00049260,??0IRemoveRenderer@GPU@@QEAA@AEBV01@@Z,,other,runtime-exported-internal-or-shared,renderer-gpu
Plug-ins\Effects\mochaAE\MochaAE.bundle\Contents\Win64\mochaui\bin\GPU.dll,GPU.dll,.dll,95,5E,00049260,??0IRemoveRenderer@GPU@@QEAA@XZ,,other,runtime-exported-internal-or-shared,renderer-gpu
Plug-ins\Effects\mochaAE\MochaAE.bundle\Contents\Win64\mochaui\bin\GPU.dll,GPU.dll,.dll,156,9B,0001DC90,??0RemoveRenderChecker@GPU@@QEAA@$$QEAU01@@Z,,other,runtime-exported-internal-or-shared,renderer-gpu
Plug-ins\Effects\mochaAE\MochaAE.bundle\Contents\Win64\mochaui\bin\GPU.dll,GPU.dll,.dll,157,9C,0001DC90,??0RemoveRenderChecker@GPU@@QEAA@AEBU01@@Z,,other,runtime-exported-internal-or-shared,renderer-gpu
Plug-ins\Effects\mochaAE\MochaAE.bundle\Contents\Win64\mochaui\bin\GPU.dll,GPU.dll,.dll,158,9D,0001DC90,??0RemoveRenderChecker@GPU@@QEAA@XZ,,other,runtime-exported-internal-or-shared,renderer-gpu
Plug-ins\Effects\mochaAE\MochaAE.bundle\Contents\Win64\mochaui\bin\GPU.dll,GPU.dll,.dll,213,D4,0000CA30,??1IMatteRenderer@GPU@@UEAA@XZ,,other,runtime-exported-internal-or-shared,renderer-gpu
Plug-ins\Effects\mochaAE\MochaAE.bundle\Contents\Win64\mochaui\bin\GPU.dll,GPU.dll,.dll,220,DB,00049450,??1IRemoveRenderer@GPU@@UEAA@XZ,,other,runtime-exported-internal-or-shared,renderer-gpu
Plug-ins\Effects\mochaAE\MochaAE.bundle\Contents\Win64\mochaui\bin\GPU.dll,GPU.dll,.dll,242,F1,000093B0,??1RemoveRenderChecker@GPU@@UEAA@XZ,,other,runtime-exported-internal-or-shared,renderer-gpu
Plug-ins\Effects\mochaAE\MochaAE.bundle\Contents\Win64\mochaui\bin\GPU.dll,GPU.dll,.dll,298,129,000093A0,??4IMatteRenderer@GPU@@QEAAAEAV01@AEBV01@@Z,,other,runtime-exported-internal-or-shared,renderer-gpu
Plug-ins\Effects\mochaAE\MochaAE.bundle\Contents\Win64\mochaui\bin\GPU.dll,GPU.dll,.dll,305,130,000093A0,??4IRemoveRenderer@GPU@@QEAAAEAV01@AEBV01@@Z,,other,runtime-exported-internal-or-shared,renderer-gpu
Plug-ins\Effects\mochaAE\MochaAE.bundle\Contents\Win64\mochaui\bin\GPU.dll,GPU.dll,.dll,339,152,000093A0,??4RemoveRenderChecker@GPU@@QEAAAEAU01@$$QEAU01@@Z,,other,runtime-exported-internal-or-shared,renderer-gpu
Plug-ins\Effects\mochaAE\MochaAE.bundle\Contents\Win64\mochaui\bin\GPU.dll,GPU.dll,.dll,340,153,000093A0,??4RemoveRenderChecker@GPU@@QEAAAEAU01@AEBU01@@Z,,other,runtime-exported-internal-or-shared,renderer-gpu
Plug-ins\Effects\mochaAE\MochaAE.bundle\Contents\Win64\mochaui\bin\GPU.dll,GPU.dll,.dll,382,17D,00100B70,??_7IMatteRenderer@GPU@@6B@,,other,runtime-exported-internal-or-shared,renderer-gpu
Plug-ins\Effects\mochaAE\MochaAE.bundle\Contents\Win64\mochaui\bin\GPU.dll,GPU.dll,.dll,389,184,00106968,??_7IRemoveRenderer@GPU@@6B@,,other,runtime-exported-internal-or-shared,renderer-gpu
Plug-ins\Effects\mochaAE\MochaAE.bundle\Contents\Win64\mochaui\bin\GPU.dll,GPU.dll,.dll,405,194,001020A8,??_7RemoveRenderChecker@GPU@@6B@,,other,runtime-exported-internal-or-shared,renderer-gpu
Plug-ins\Effects\mochaAE\MochaAE.bundle\Contents\Win64\mochaui\bin\GPU.dll,GPU.dll,.dll,416,19F,0008AB10,?analysis@FillAnalyzer@GPU@@QEAA?AV?$shared_ptr@VIRemoveBuffers@GPU@@@std@@AEBVLayer@IS@@AEBVContext@Prm@@AEBVFillMattesCL@2@AEBVIClip@6@AEBUSettings@12@AEAV?$QList@UFillFrameData@GPU@@@isl0@@VProgressRange@6@AEBVTrackingDataSource@6@AEBVIProxySuite@6@AEBVIClipProvider@6@V?$shared_ptr@VIGPUMemoryLimit@GPU@@@4@AEAVIMatteRenderer@2@AEAVIFillFrameProvider@2@V?$shared_ptr@VILayerProvider@IS@@@4@V?$shared_ptr@VIMatteCaches@GPU@@@4@PEAVTrackCache@6@@Z,,other,runtime-exported-internal-or-shared,renderer-gpu
Plug-ins\Effects\mochaAE\MochaAE.bundle\Contents\Win64\mochaui\bin\GPU.dll,GPU.dll,.dll,418,1A1,00091410,?analyzer@FillRenderer@GPU@@AEAAAEAVIRemoveAnalyzer@2@XZ,,other,runtime-exported-internal-or-shared,renderer-gpu
Plug-ins\Effects\mochaAE\MochaAE.bundle\Contents\Win64\mochaui\bin\GPU.dll,GPU.dll,.dll,447,1BE,000385E0,?checkStatus@RemoveRenderChecker@GPU@@UEBA?AW4DeviceStatus@2@AEBVDeviceInfo@2@PEAVQString@isl0@@@Z,,other,runtime-exported-internal-or-shared,renderer-gpu
Plug-ins\Effects\mochaAE\MochaAE.bundle\Contents\Win64\mochaui\bin\GPU.dll,GPU.dll,.dll,459,1CA,0000C4E0,?commonBackend@FillRenderer@GPU@@AEAAAEAVICommonBackend@2@XZ,,other,runtime-exported-internal-or-shared,renderer-gpu
Plug-ins\Effects\mochaAE\MochaAE.bundle\Contents\Win64\mochaui\bin\GPU.dll,GPU.dll,.dll,600,257,0003A820,?fillBackend@FillRenderer@GPU@@AEAAAEAVIRemoveBackend@2@XZ,,other,runtime-exported-internal-or-shared,renderer-gpu
Plug-ins\Effects\mochaAE\MochaAE.bundle\Contents\Win64\mochaui\bin\GPU.dll,GPU.dll,.dll,603,25A,00091D40,?fillResult@FillRenderer@GPU@@AEAAXV?$shared_ptr@VIRemoveBuffers@GPU@@@std@@AEAUGan_Image@@_N@Z,,other,runtime-exported-internal-or-shared,renderer-gpu
Plug-ins\Effects\mochaAE\MochaAE.bundle\Contents\Win64\mochaui\bin\GPU.dll,GPU.dll,.dll,650,289,00091EC0,?imageUtils@FillRenderer@GPU@@AEAAAEAVIImageUtils@2@XZ,,other,runtime-exported-internal-or-shared,renderer-gpu
Plug-ins\Effects\mochaAE\MochaAE.bundle\Contents\Win64\mochaui\bin\GPU.dll,GPU.dll,.dll,695,2B6,00092250,?matteUtils@FillRenderer@GPU@@AEAAAEAVIMatteUtils@2@XZ,,other,runtime-exported-internal-or-shared,renderer-gpu
Plug-ins\Effects\mochaAE\MochaAE.bundle\Contents\Win64\mochaui\bin\GPU.dll,GPU.dll,.dll,763,2FA,00092990,?render@FillRenderer@GPU@@QEAAXV?$shared_ptr@VIRemoveBuffers@GPU@@@std@@AEBV?$QList@UFillFrameData@GPU@@@isl0@@AEBVFillMattesCL@2@AEAVLayer@IS@@AEBVContext@Prm@@AEAUGan_Image@@VProgressRange@9@AEAVIClipProvider@9@AEBVIClip@9@AEBVIProxySuite@9@V?$shared_ptr@VILayerProvider@IS@@@4@AEAVIMatteRenderer@2@V?$shared_ptr@VIMatteCaches@GPU@@@4@V?$shared_ptr@VIGPUMemoryLimit@GPU@@@4@PEAVTrackCache@9@@Z,,other,runtime-exported-internal-or-shared,renderer-gpu
Plug-ins\Effects\mochaAE\MochaAE.bundle\Contents\Win64\mochaui\bin\GPU.dll,GPU.dll,.dll,764,2FB,00034FE0,?renderBinaryMatte@MatteUtils@GPU@@UEAA?AV?$shared_ptr@$$CBVIMask@GPU@@@std@@PEBVLayer@IS@@AEBVContext@Prm@@_NAEBUGan_ImageWindow@@AEAVIMatteRenderer@2@V?$shared_ptr@VIMatteCaches@GPU@@@4@PEAVTrackCache@6@@Z,,other,runtime-exported-internal-or-shared,renderer-gpu
Plug-ins\Effects\mochaAE\MochaAE.bundle\Contents\Win64\mochaui\bin\GPU.dll,GPU.dll,.dll,765,2FC,0001A230,?renderBinaryMatte@MatteUtilsCLCPP@GPU@@UEAA?AV?$shared_ptr@$$CBVIMask@GPU@@@std@@PEBVLayer@IS@@AEBVContext@Prm@@_NAEBUGan_ImageWindow@@AEAVIMatteRenderer@2@V?$shared_ptr@VIMatteCaches@GPU@@@4@PEAVTrackCache@6@@Z,,other,runtime-exported-internal-or-shared,renderer-gpu
Plug-ins\Effects\mochaAE\MochaAE.bundle\Contents\Win64\mochaui\bin\GPU.dll,GPU.dll,.dll,766,2FD,000969D0,?renderFloodFill@FillRenderer@GPU@@AEAA?AV?$shared_ptr@$$CBVIMask@GPU@@@std@@PEAVTrackCache@IS@@V?$shared_ptr@VIRemoveBuffers@GPU@@@4@AEBVLayer@6@AEAVCL_Host_Matte@2@AEBVQSize@isl0@@AEBUInput@12@@Z,,other,runtime-exported-internal-or-shared,renderer-gpu
Plug-ins\Effects\mochaAE\MochaAE.bundle\Contents\Win64\mochaui\bin\GPU.dll,GPU.dll,.dll,767,2FE,000975F0,?renderer@FillRenderer@GPU@@AEAAAEAVIRemoveRenderer@2@XZ,,other,runtime-exported-internal-or-shared,renderer-gpu
Plug-ins\Effects\mochaAE\MochaAE.bundle\Contents\Win64\mochaui\bin\GPU.dll,GPU.dll,.dll,768,2FF,0000D330,?renderer@RemoveBackendCL@GPU@@UEBA?AV?$shared_ptr@VIRemoveRenderer@GPU@@@std@@XZ,,other,runtime-exported-internal-or-shared,renderer-gpu
Plug-ins\Effects\mochaAE\MochaAE.bundle\Contents\Win64\mochaui\bin\GPU.dll,GPU.dll,.dll,769,300,0000D3B0,?renderer@RemoveBackendCLCPP@GPU@@UEBA?AV?$shared_ptr@VIRemoveRenderer@GPU@@@std@@XZ,,other,runtime-exported-internal-or-shared,renderer-gpu
Plug-ins\Effects\mochaAE\MochaAE.bundle\Contents\Win64\mochaui\bin\GPU.dll,GPU.dll,.dll,824,337,00097670,?smoothFloodFill@FillRenderer@GPU@@AEAAXAEAVIRemoveBuffers@2@AEBVIMask@2@H@Z,,other,runtime-exported-internal-or-shared,renderer-gpu
RG.dll,RG.dll,.dll,82,51,00020510,?BlendCanRenderOnGPU@RG_CompositeNodeBase@@IEBA_NAEBVRG_RenderRequest@@_N@Z,,rg,runtime-exported-internal-or-shared,renderer-gpu
RG.dll,RG.dll,.dll,114,71,000218F0,?DoRenderGPU@RG_XformNode@@EEBAXAEBVRG_RenderRequest@@PEAVRG_CheckoutResult@@AEBUM_LRect@@1AEBUPF_CompositeModePlus@@1_N4@Z,,rg,runtime-exported-internal-or-shared,renderer-gpu
RG.dll,RG.dll,.dll,246,F5,0000FFB0,?SupportsRenderOnGPU@RG_CacheNodeBase@@MEBA_NXZ,,rg,runtime-exported-internal-or-shared,renderer-gpu
RG.dll,RG.dll,.dll,247,F6,0000FFC0,?SupportsRenderOnGPU@RG_RenderNode@@MEBA_NXZ,,rg,runtime-exported-internal-or-shared,renderer-gpu
RG.dll,RG.dll,.dll,248,F7,00027200,?SupportsRenderOnGPU@RG_XformNode@@EEBA_NXZ,,rg,runtime-exported-internal-or-shared,renderer-gpu
RG.dll,RG.dll,.dll,252,FB,00027210,?TransformCanRenderOnGPU@RG_XformNode@@AEBA_NXZ,,rg,runtime-exported-internal-or-shared,renderer-gpu
RG.dll,RG.dll,.dll,253,FC,000272F0,?TransformMustRenderOnGPU@RG_XformNode@@AEBA_NXZ,,rg,runtime-exported-internal-or-shared,renderer-gpu
RendererGPU.dll,RendererGPU.dll,.dll,1,0,000F5080,?CreateRenderSystem@RendererGPU@@YA?AV?$shared_ptr@VRenderSystem@@@std@@AEBV?$shared_ptr@VDevice@GF@@@3@H_NIAEBV23@@Z,,other,runtime-exported-internal-or-shared,renderer-gpu
RendererGPU.dll,RendererGPU.dll,.dll,4,3,000E5630,?HasRegisteredMatchName@RendererGPU@@YA_NAEBVImmutableString@utility@dvacore@@@Z,,dva,runtime-exported-internal-or-shared,renderer-gpu
RendererGPU.dll,RendererGPU.dll,.dll,5,4,000E5700,?HasRenderNode@RendererGPU@@YA_NAEBVImmutableString@utility@dvacore@@AEBV?$shared_ptr@VDevice@GF@@@std@@@Z,,dva,runtime-exported-internal-or-shared,renderer-gpu
RendererGPU.dll,RendererGPU.dll,.dll,6,5,000F5800,?Initialize@RendererGPU@@YAXPEAUSPBasicSuite@@@Z,,other,runtime-exported-internal-or-shared,renderer-gpu
RendererGPU.dll,RendererGPU.dll,.dll,7,6,000F0970,?RenderEffect@RendererGPU@@YAHAEAV?$InterfaceRef@UIRenderEffectRequest@@@classref@dvacore@@@Z,,dva,runtime-exported-internal-or-shared,renderer-gpu
RendererGPU.dll,RendererGPU.dll,.dll,8,7,000F8380,?Terminate@RendererGPU@@YAXXZ,,other,runtime-exported-internal-or-shared,renderer-gpu
