module,encoding,offset,text
AfterFXLib.dll,ascii,9752749,LcEPH
AfterFXLib.dll,ascii,14598307,HcEPHk
AfterFXLib.dll,ascii,14598480,HcEPHk
AfterFXLib.dll,ascii,26053896,Unknown exception
AfterFXLib.dll,ascii,26076720,D:\releases\dva\build\mb\git\adobe\thirdparty\boost\boost\rational.hpp
AfterFXLib.dll,ascii,26102840,LoadScriptFile
AfterFXLib.dll,ascii,26122528,tracePath
AfterFXLib.dll,utf16le,26130672,atlTraceException
AfterFXLib.dll,ascii,26156144,S_SceneExtensionOpacity02_Sm
AfterFXLib.dll,ascii,26200416,"$$$/AE/EGG/RenameSolidsFolder=You have changed the name of the folder where solids, nulls, and adjustment layers are created.#{endl}#{endl}Do you want these new project items to be created in #{ldquo}@0#{rdquo}?#{endl}#{endl}If not, new project items will be created in a folder named #{ldquo}@1#{rdquo}"
AfterFXLib.dll,ascii,26200848,$$$/AE/EGG/Alert/ChangeSolidsFolder=Change Solids Folder
AfterFXLib.dll,ascii,26201504,$$$/AE/Egg/Dialog/Progress/ReloadFootage/Title=Reloading Footage...
AfterFXLib.dll,ascii,26237952,"PostCache_Complete: id=%d, stopped during forward interupt scan at frame %d which has no cachedWorld"
AfterFXLib.dll,ascii,26238064,"PostCache_Complete: id=%d, forward interupt scan shows all frames, so interupting"
AfterFXLib.dll,ascii,26238160,"PostCache_Complete: id=%d, stopped during forward scan at frame %d which has no cachedWorld"
AfterFXLib.dll,ascii,26240592,$$$/AE/CPano_AsyncPlayer/Init/FailException=Preview cancelled due to error in initialization
AfterFXLib.dll,ascii,26240992,$$$/AE/CPano_AsyncPlayer/Start/FailException=Preview cancelled due to error in start
AfterFXLib.dll,ascii,26242640,HaveVideoFrameAvailableWithAutoPause: scanning for reciepts to convert starting at indx (%d) m_playback_loop_framesL (%d) blitHighWater (%d) blitLowWater(%d)
AfterFXLib.dll,ascii,26283664,$$$/AE/ItemButtonBar/Tooltip/OCIODisplayViewColorSpacePopup=Display Color Space
AfterFXLib.dll,ascii,26283744,ItemButtonBar_OCIODisplayViewColorSpacePopup
AfterFXLib.dll,ascii,26303312,Math overflow exception
AfterFXLib.dll,ascii,26322544,AE.XMP.MarkerScanOptimization
AfterFXLib.dll,ascii,26341992,exception while generating frame
AfterFXLib.dll,ascii,26343592,pmMTOptionsTrackerPlugin
AfterFXLib.dll,ascii,26343704,bMTPluginOptions
AfterFXLib.dll,ascii,26364472,SetTrackerPluginMatchName: invalid parameter
AfterFXLib.dll,ascii,26364520,SetTrackerPluginMatchName: invalid tracker index
AfterFXLib.dll,ascii,26364576,Set Tracker Plugin Match Name
AfterFXLib.dll,ascii,26402176,http://www.adobe.com/go/thirdparty/
AfterFXLib.dll,ascii,26402224,"$$$/AE/EGG/LStr/2240=Copyright #{copy} 1992-{{*CopyYear*}} Adobe. All rights reserved.#{lf}#{lf}Adobe, the Adobe logo, and After Effects are either registered trademarks or trademarks of Adobe in the United States and/or other countries. All other trademarks are the property of their respective owners.#{lf}@0#{lf}TOYO COLOR FINDER#{reg} SYSTEM AND SOFTWARE #{copy}TOYO INK MFG. CO., LTD. 1991-1994.#{lf}#{lf}Color-database derived from Sample Books #{copy} Dainippon Ink and Chemicals, Inc., licensed to Adobe.#{lf}#{lf}Portions of After Effects Copyright 2012, Avid Technology, Inc.#{lf}#{lf}Third Party notices, terms and conditions pertaining to third party software can be found at http://www.adobe.com/products/eula/third_party/pdfs/adobe_products_eula.pdf  and are incorporated by reference."
AfterFXLib.dll,ascii,26403024,$$$/private/AE/EGG/AboutBox/ThirdPartyLegal=#{lf}Portions utilize Microsoft Windows Media Technologies. Copyright #{copy} 2006 Microsoft Corporation. All Rights Reserved.#{lf}@0
AfterFXLib.dll,ascii,26403616,ThirdPartyButton
AfterFXLib.dll,ascii,26407656,tolerancePix
AfterFXLib.dll,ascii,26415280,outputFolderEdit
AfterFXLib.dll,ascii,26415376,reduceProjectCheck
AfterFXLib.dll,ascii,26420704,renderingPluginPopup
AfterFXLib.dll,ascii,26421248,$$$/AE/Dialogs/CompSettings/staticText/RendererAboutThirdParty=
AfterFXLib.dll,ascii,26422380,^B Accepts shadows only
AfterFXLib.dll,ascii,26423646,^B Accepts shadows only
AfterFXLib.dll,ascii,26446976,$$$/AE/EGG/OMFileTemplateDlg/ProjFolderMustBeAtStart=The [projectFolder] keyword can only be used at the beginning of the File Name and Location Template.  Please retry.
AfterFXLib.dll,ascii,26447936,$$$/AE/OMDialog/AdjustFormatSettings=Click OK to accept these changes or Cancel to adjust the Format Options
AfterFXLib.dll,ascii,26458984,$$$/AE/ImportingFolder/ProgressDialogCancelText=Stop
AfterFXLib.dll,ascii,26459040,$$$/AE/ImportingFolder/ProgressDialogTitle=Importing selected items...
AfterFXLib.dll,ascii,26459120,$$$/AE/ImportingFolder/AggregationWarningHeader=Encountered warnings while importing selected items.
AfterFXLib.dll,ascii,26459232,$$$/AE/ImportingFolder/AggregationErrorHeader=Encountered errors while importing selected items.
AfterFXLib.dll,ascii,26464048,"$$$/AE/Dialogs/ProjectSettings/OCIOConfigurationInformation/OCIOConfig/BuiltIn=The OCIO Configuration selected is @0. To load a custom configuration, select the Custom option in OCIO Configuration."
AfterFXLib.dll,ascii,26465792,$$$/AE/EGG/Edit/ProjectColorSettings/RGBWorkingSpacePopup/None=None
AfterFXLib.dll,ascii,26466816,reloadOCIOConfiguration
AfterFXLib.dll,ascii,26472584,watchingFolderMessage
AfterFXLib.dll,ascii,26472704,WatchFolder
AfterFXLib.dll,ascii,26474016,AE.EffectPluginManager.ShowAll
AfterFXLib.dll,ascii,26474048,$$$/AE/PluginManager/CategoryHeader=Category
AfterFXLib.dll,ascii,26474096,$$$/AE/PluginManager/VersionHeader=Version
AfterFXLib.dll,ascii,26474144,$$$/AE/PluginManager/LastCrashedHeader=Last Crashed
AfterFXLib.dll,ascii,26474232,plugin-manager
AfterFXLib.dll,ascii,26474272,$$$/AE/PluginManager/EffectPluginManagerDialogTitle=Effect Manager
AfterFXLib.dll,ascii,26474352,$$$/AE/PluginManager/RestartRequired/Message=You will need to restart After Effects for the changes to be applied.
AfterFXLib.dll,ascii,26474480,$$$/AE/PluginManager/RestartRequired/RestartAfterEffects=Restart After Effects
AfterFXLib.dll,ascii,26474560,$$$/AE/PluginManager/RestartRequired/MesageTitleAfterEffects=After Effects
AfterFXLib.dll,ascii,26481816,AutoSavePref_bChooseAutoSaveFolder
AfterFXLib.dll,ascii,26481856,AutoSavePref_stAutoSaveFolderPath
AfterFXLib.dll,ascii,26481904,$$$/AE/Prefs/AutoSavePref/ChooseAutoSaveFolder=Choose Auto Save Folder
AfterFXLib.dll,ascii,26481984,$$$/AE/Prefs/AutoSavePref/RootVolumeError=Auto Save folder cannot be the root of a volume.  Please choose a folder within this volume.
AfterFXLib.dll,ascii,26482432,bChooseImageCacheFolder
AfterFXLib.dll,ascii,26482496,bChooseDatabaseFolder
AfterFXLib.dll,ascii,26482536,bChooseMediaCacheFolder
AfterFXLib.dll,ascii,26482784,$$$/AE/Preferences/MemoryCache/MediaDatabaseChooseFolderDialogTitle=Cleaning Cache Media Database
AfterFXLib.dll,ascii,26482896,$$$/AE/Preferences/MemoryCache/MediaDatabaseChooseFolderPrompt=Please choose a folder for the media database.
AfterFXLib.dll,ascii,26483008,$$$/AE/Preferences/MemoryCache/MediaDatabaseError=Media database folder cannot be the root of a volume.  Please choose a folder within this volume.
AfterFXLib.dll,ascii,26483168,$$$/AE/Preferences/MemoryCache/MediaCacheChooseFolderPrompt=Please choose a folder for the media cache.
AfterFXLib.dll,ascii,26483280,$$$/AE/Preferences/MemoryCache/MediaCacheError=Media cache folder cannot be the root of a volume.  Please choose a folder within this volume.
AfterFXLib.dll,ascii,26489048,LayoutTemplatesSettingsSaveLoad_saveAll
AfterFXLib.dll,ascii,26489088,LayoutTemplatesSettingsSaveLoad_load
AfterFXLib.dll,ascii,26491792,Pref_LIMIT_FILES_PER_FOLDER v2
AfterFXLib.dll,ascii,26501360,pAutoReloadFootage
AfterFXLib.dll,ascii,26502296,LabelColorsPref_pLabelDefaultsFolder
AfterFXLib.dll,ascii,26505168,NewProjectPref_teSolidsFolder
AfterFXLib.dll,ascii,26505200,NewProjectPref_stSolidsFolderNote
AfterFXLib.dll,ascii,26508168,ProjectV2Pref_teSolidsFolder
AfterFXLib.dll,ascii,26508200,ProjectV2Pref_stSolidsFolderNote
AfterFXLib.dll,ascii,26508536,ProjectV2Pref_bChooseAutoSaveFolder
AfterFXLib.dll,ascii,26508576,ProjectV2Pref_stAutoSaveFolderPath
AfterFXLib.dll,ascii,26528328,*** Exception when looking for secret file:
AfterFXLib.dll,ascii,26529384,dvauxpui::Modeless
AfterFXLib.dll,ascii,26529472,UxpSearchAutocompleteEnabled
AfterFXLib.dll,ascii,26529528,ae::UXPHomescreenSupportInitializer
AfterFXLib.dll,ascii,26538600,$$$/AE/MenuID/0002/WatchFolder_2457=&Watch Folder...
AfterFXLib.dll,ascii,26538880,$$$/AE/MenuID/0002/ReloadFootage_2257=Re&load Footage
AfterFXLib.dll,ascii,26544016,$$$/AE/MenuID/0008/FindExtensions_4018=Find Extensions on Exchange...
AfterFXLib.dll,ascii,26544088,$$$/AE/MenuID/0008/Extensions_4016=Extensions
AfterFXLib.dll,ascii,26561080,$$$/AE/MenuID/0002/ReduceProject_2735=Reduce Project
AfterFXLib.dll,ascii,26569856,$$$/AE/MenuID/0189/OncePerSession=Once Per Session
AfterFXLib.dll,ascii,26581008,$$$/AE/MenuID/0238/ReloadFootage=Reload Footage
AfterFXLib.dll,ascii,26581224,$$$/AE/MenuID/0238/SolidsFolder=Solids Folder
AfterFXLib.dll,ascii,26583400,$$$/AE/MenuID/0239/TracePathWithNull=Null Tracing Along Path
AfterFXLib.dll,ascii,26584896,$$$/AE/MenuID/0242/NewFolder=New Folder
AfterFXLib.dll,ascii,26586096,$$$/AE/MenuID/0247/NewFolder_2139=New &Folder
AfterFXLib.dll,ascii,26606600,Reload Shortcuts Prefs File#2763
AfterFXLib.dll,ascii,26607688,Open Test Host Plugin
AfterFXLib.dll,ascii,26626208,$$$/AE/Plugin/Ernst/Err/DowngradingShading=3D layers may render differently using the Cinema 4D renderer because they were created in a newer version of After Effects.
AfterFXLib.dll,ascii,26626384,"$$$/AE/Plugin/Ernst/Err/OutdatedRenderer=Cinema 4D 2025 must be installed in order to use the Cinema 4D renderer.#{endl}#{endl}To install from the Creative Cloud app, go to After Effects, choose the '"
AfterFXLib.dll,ascii,26626736,"$$$/AE/Plugin/Ernst/Err/IncompatibleRenderer=Cinema 4D 2025 is installed, but its CPU architecture does not match that of After Effects.#{endl}#{endl}Please install a version of Cinema 4D 2025 whose CPU architecture matches this version of After Effects.#{endl}#{endl}After Effects must then be restarted before the Cinema 4D renderer can be used.#{comment}This string is shown when there is a mismatch between the CPUarchitecture of After Effects and Cinema 4D, when running on a Windows on ARM system.  Either After Effects in running in x64 emulated mode and Cinema 4D is running in ARM native mode, or After Effects in native ARM and Cinema 4D in x64 emulation (DVAAE-4233249)."
AfterFXLib.dll,ascii,26627424,$$$/AE/Plugin/Ernst/Initializing1=Initializing Cinema 4D...
AfterFXLib.dll,ascii,26627488,$$$/AE/Plugin/Calder/Err/NotSupported=Advanced 3D is not supported by the current hardware.
AfterFXLib.dll,ascii,26627584,$$$/AE/Plugin/Calder/Err/NotSupportedQualcomm=Advanced 3D is not supported by the currently installed version of the Qualcomm GPU driver. Please update the driver.
AfterFXLib.dll,ascii,26629344,MCUI.Station.KernelLoading
AfterFXLib.dll,ascii,26631776,"class std::basic_string_view<char,struct std::char_traits<char> > __cdecl dvacore::utility::detail::FunctionName<class egg::GPUKernelLoadingListener>(void)"
AfterFXLib.dll,ascii,26633776,$$$/AE/Egg/Dialog/ReloadUpdatedFootage/AggregationWarningHeader=Encountered warnings while reloading updated footage.
AfterFXLib.dll,ascii,26633904,$$$/AE/Egg/Dialog/ReloadUpdatedFootage/AggregationErrorHeader=Encountered errors while reloading updated footage.
AfterFXLib.dll,ascii,26635120,$$$/AE/ViewerTabMenu/AutoLoad=Locked
AfterFXLib.dll,ascii,26635536,$$$/AE/Egg/Pref/SavedWorkspacesFolderName=ModifiedWorkspaces
AfterFXLib.dll,ascii,26635600,$$$/AE/Egg/Pref/ArchivedWorkspacesFolderName=OriginalUserWorkspaces
AfterFXLib.dll,ascii,26636368,Stress test project loading by canceling after each interrupt
AfterFXLib.dll,ascii,26636880,CEggApp::ParseClipboard exception
AfterFXLib.dll,ascii,26638020,Accept
AfterFXLib.dll,ascii,26642048,$$$/AE/Warning/DiskCacheDriveFull=Your disk cache folder is on a drive that does not have enough available space to safely store the full amount specified in your preferences. Please make more space available or go to Media & Disk Cache preferences to change the folder or maximum disk cache size.
AfterFXLib.dll,ascii,26642352,$$$/AE/Warning/DiskCacheDriveFullV2=Your disk cache folder is on a drive that does not have enough available space to safely store the full amount specified in your preferences. Please make more space available or go to Disk preferences to change the folder or maximum disk cache size.
AfterFXLib.dll,ascii,26642704,"$$$/AE/EGG/IncompatiblePlugin/GeneralMessage=The following plugins are installed, but are not compatible with this version of After Effects. They will show as missing in existing projects and cannot be applied."
AfterFXLib.dll,ascii,26643256,post-idleplugins
AfterFXLib.dll,ascii,26643320,incompatible-plugins check
AfterFXLib.dll,ascii,26645359,Please check you have the appropriate permissions to launch After Effects as well as read/write access to the After Effects preferences folder.
AfterFXLib.dll,ascii,26651216,$$$/AE/EGG/Alert/RestorePrefs/ErrorMigratingFiles=An error occurred migrating the settings files. Check the permissions of the After Effects preferences folder.
AfterFXLib.dll,ascii,26651808,$$$/AE/EGG/Alert/PreferencesRepairOptions/ManagePlugins/Button=Manage Plugins
AfterFXLib.dll,ascii,26652160,"$$$/AE/EGG/Alert/RepairOptions/Alert=How would you like to proceed?#{cr}#{cr}During a Safe Mode session default preferences are used, scripts and extensions are not loaded, and 3rd party effect plugins can be disabled."
AfterFXLib.dll,ascii,26652448,$$$/AE/EGG/Alert/PriorSafeMode/Alert=In your last session After Effects was running in Safe Mode.#{cr}#{cr}After Effects will now launch with the preferences that were in use before enabling safe mode and scripts and extensions will be loaded.#{cr}#{cr}How would you like to proceed?
AfterFXLib.dll,ascii,26652800,"$$$/AE/EGG/Alert/CrashDetected/Alert=We detected a crash in your last session. Crashes can potentially be caused by faulty plugins, scripts, extensions, or corrupt preferences. We recommend starting a Safe Mode session in order to diagnose the problem. During a Safe Mode session default preferences are used, scripts and extensions are not loaded, and 3rd party effect plugins can be disabled."
AfterFXLib.dll,ascii,26653328,"$$$/AE/EGG/Alert/SafeMode/Info=While running in Safe Mode, default preferences are used, scripts and extensions are not loaded, and changes to preferences or Effect Plugin Manager settings will not be saved when closing After Effects.#{cr}#{cr}3rd party effect plugins can be managed in more detail using the Effect Plugin Manager in the Effect > Manage Effects... menu when not in Safe Mode.#{cr}#{cr}If Safe Mode solves issues, consider resetting preferences, or disabling problematic scripts, extensions, or plugins."
AfterFXLib.dll,ascii,26653856,$$$/AE/EGG/Alert/SafeMode/Checkbox=Disable 3rd party plugins during session
AfterFXLib.dll,ascii,26654856,ae_startup_pt_01280_init_pre_pkg_grp_d_txt_font_scan
AfterFXLib.dll,ascii,26655472,ae_startup_pt_01320_init_birth_plugins_suites
AfterFXLib.dll,ascii,26655520,ae_startup_pt_01330_init_birth_plugins_suites_install
AfterFXLib.dll,ascii,26655576,ae_startup_pt_01340_init_birth_plugins_sp_tracker
AfterFXLib.dll,ascii,26655632,ae_startup_pt_01345_init_birth_plugins_init_cclibmanager_finished
AfterFXLib.dll,ascii,26655704,ae_startup_pt_01370_init_birth_plugins_scan_plugins_finished
AfterFXLib.dll,ascii,26655792,Preset scan.
AfterFXLib.dll,ascii,26655808,ae_startup_pt_01390_init_birth_plugins_fxscan_finished
AfterFXLib.dll,ascii,26655864,ae_startup_pt_01395_init_pre_birth_plugins_sp_suites
AfterFXLib.dll,ascii,26657280,"$$$/AfterEffects/CEggApp/DocumentsFallbackToUserCacheDir=Could not retrieve the user documents folder location, using a temporary folder.#{endl}^[@0^]"
AfterFXLib.dll,ascii,26657440,"$$$/AuUI/Application/DocumentsFallbackToAllUsersDir=Could not retrieve the user documents folder location, using a shared Documents folder.#{endl}^[@0^]"
AfterFXLib.dll,ascii,26657760,ae_startup_pt_01300_init_pre_birth_plugins
AfterFXLib.dll,ascii,26658048,"Caught exception, report as Err_Generic and aborting launch"
AfterFXLib.dll,ascii,26658512,$$$/AE/AcquirePluginSuites/MetaPanelSuite=Metadata Browser is missing.
AfterFXLib.dll,ascii,26658608,AE CEP Suite
AfterFXLib.dll,ascii,26658624,$$$/AE/AcquirePluginSuite/CEPSuiteMissing=The Common Extensibility Platform (CEP) suite couldn't be loaded. You may need to reinstall.
AfterFXLib.dll,ascii,26658880,$$$/AE/AcquirePluginSuite/InfoPalSuiteMissing=The info palette couldn't be loaded. You may need to reinstall.
AfterFXLib.dll,ascii,26659040,$$$/AE/AcquirePluginSuite/AEDLServerSuiteMissing=The AEDLServerSuite could not be loaded.
AfterFXLib.dll,ascii,26659168,$$$/AE/AcquirePluginSuite/AudioPalSuiteMissing=The audio palette couldn't be loaded. You may need to reinstall.
AfterFXLib.dll,ascii,26659312,$$$/AE/AcquirePluginSuite/EaserSuiteMissing=The Quick Ease panel couldn't be loaded. You may need to reinstall.
AfterFXLib.dll,ascii,26670664,Plugin Dir = 
AfterFXLib.dll,ascii,26671728,$$$/ae/egg/drabot/FailStartup=Cannot load font required for the After Effects interface. Please replace the font or reinstall After Effects.
AfterFXLib.dll,ascii,26674552,ProjectFolder_64x64
AfterFXLib.dll,ascii,26674576,project_folder
AfterFXLib.dll,ascii,26678552,`anonymous-namespace'::ScheduleSCRBlacklistDownload
AfterFXLib.dll,ascii,26679072,$$$/AE/Errors/ScriptingNotLoaded=Unable to execute script. Scripting Plugin is not installed.
AfterFXLib.dll,ascii,26679330,"Your subscription entitles you to Chinese Simplified product versions. Please verify the language settings in your OS, browser, and software download are set to Chinese Simplified. If you continue to have installation issues, please contact support. {www.adobe.com/go/support}"
AfterFXLib.dll,ascii,26726992,"$$$/AE/KbShortcut/CEggApp/LStr/0022=TestHostPlugin,(Ctrl+Shift+F12)"
AfterFXLib.dll,ascii,26740800,"$$$/AE/KbShortcut/CSwitchboard/LStr/0034=ForceScanForChangedFootage,(Ctrl+Alt+L)"
AfterFXLib.dll,ascii,26745680,"$$$/AE/KbShortcut/CSwitchboard/LStr/0101=ScanForChangedFootage,(Ctrl+macControl+Alt+Shift+Q){{*MSWindows*}}ScanForChangedFootage,(Ctrl+Alt+Shift+Q)"
AfterFXLib.dll,ascii,26755392,"$$$/AE/KbShortcut/POutlinePano/LStr/0011=NewFolder,(Ctrl+Alt+Shift+N)"
AfterFXLib.dll,ascii,26759448,ScanForChangedFootage
AfterFXLib.dll,ascii,26759976,NewFolder
AfterFXLib.dll,ascii,26760100,RILoad
AfterFXLib.dll,ascii,26762256,ForceScanForChangedFootage
AfterFXLib.dll,ascii,26773816,PurgeAllExceptScrap
AfterFXLib.dll,ascii,26774564,MTLoad
AfterFXLib.dll,ascii,26776184,ReduceProject
AfterFXLib.dll,ascii,26776288,LoadShortcuts
AfterFXLib.dll,ascii,26780696,MTTrackerPluginOptions
AfterFXLib.dll,ascii,26784272,TracePathWithNull
AfterFXLib.dll,ascii,26784384,TracePathWithNullKFA
AfterFXLib.dll,ascii,26792008,ExtensionsHier
AfterFXLib.dll,ascii,26792368,SolidNullAdjustmentLayerFolder
AfterFXLib.dll,ascii,26793936,TestHostPlugin
AfterFXLib.dll,ascii,26793952,EffectPluginManager
AfterFXLib.dll,ascii,26794296,_reserved_plugin_begin
AfterFXLib.dll,ascii,26794320,_reserved_plugin_end
AfterFXLib.dll,ascii,26817232,$$$/AE/KB/S/Previewing/TestHostPlugin=Open Test Host Plugin
AfterFXLib.dll,ascii,26830624,$$$/AE/KB/S/General/ForceScanForChangedFootage=Reload Selected Footage Items
AfterFXLib.dll,ascii,26831648,$$$/AE/KB/S/General/EffectPluginManager=Effect Plugin Manager
AfterFXLib.dll,ascii,26834064,$$$/AE/KB/S/General/ScanForChangedFootage=Scan for Changed Footage
AfterFXLib.dll,ascii,26840624,$$$/AE/KB/S/ProjectPanel/NewFolder=New Folder
AfterFXLib.dll,ascii,26841256,$$$/AE/KB/S/ProjectPanel/TwirlClosed=Collapse Selected Folder
AfterFXLib.dll,ascii,26841320,$$$/AE/KB/S/ProjectPanel/TwirlOpen=Expand Selected Folder
AfterFXLib.dll,ascii,26850152,AE.ShowShortcutLoadErrors
AfterFXLib.dll,ascii,26853488,AE Plugin Helper Suite
AfterFXLib.dll,ascii,26853512,AE Plugin Helper Suite2
AfterFXLib.dll,ascii,26854704,extension
AfterFXLib.dll,ascii,26855824,NewRootFolderItem
AfterFXLib.dll,ascii,26855896,DisposeRootFolderItem
AfterFXLib.dll,ascii,26857200,$$$/AE/Plugin/Picasso/LStr/0013=GPU Memory
AfterFXLib.dll,ascii,26857248,$$$/AE/Plugin/Renoir/LStr/0035=Video Memory
AfterFXLib.dll,ascii,26870192,$$$/AE/EGG/LStr/2410=Adobe After Effects Auto-Save{{*COMMENT*}}name of the auto-save folder
AfterFXLib.dll,ascii,26872448,"class std::basic_string_view<char,struct std::char_traits<char> > __cdecl dvacore::utility::detail::FunctionName<struct BE::IProjectLoadSupport>(void)"
AfterFXLib.dll,ascii,26876192,watch folder rcf buffer
AfterFXLib.dll,ascii,26876856,debug watch folder.txt
AfterFXLib.dll,ascii,26877344,watch_folder.htm
AfterFXLib.dll,ascii,26878520,log_folderH
AfterFXLib.dll,ascii,26878536,sub_folderH
AfterFXLib.dll,ascii,26878752,!HANDLING_EXCEPTION()
AfterFXLib.dll,ascii,26879168,D:\releases\dva\AfterEffects\src\app\egg\indep\Main\Tasks\WatchFolder.cpp
AfterFXLib.dll,ascii,26879344,folderH
AfterFXLib.dll,ascii,26879456,G_WF.watched_folderH != NULL
AfterFXLib.dll,ascii,26879488,folder_specH
AfterFXLib.dll,ascii,26879560,G_WF.watched_folderH == NULL
AfterFXLib.dll,ascii,26879592,$$$/AE/WF/ChooseFolderDialog/ChooseAction=Choose
AfterFXLib.dll,ascii,26879648,WATCH FOLDER log started on ^1 at ^2
AfterFXLib.dll,ascii,26879688,WATCH FOLDER log ended on ^1 at ^2
AfterFXLib.dll,ascii,26879744,"""Invalid Watch Folder Magic"""
AfterFXLib.dll,ascii,26879904,watch this folder
AfterFXLib.dll,ascii,26879928,WatchFolderStopRenderOptions
AfterFXLib.dll,ascii,26880056,Failed to load production
AfterFXLib.dll,ascii,26880176,EAAe::`anonymous-namespace'::LoadProduction::<lambda_1>::operator ()
AfterFXLib.dll,ascii,26882552,"MRU Default Directory Path ID # ^L1, ^2"
AfterFXLib.dll,ascii,26883384,Folder Label Index 2
AfterFXLib.dll,ascii,26885408,New Project Solids Folder
AfterFXLib.dll,ascii,26886304,Auto Reload Footage On Application Focus
AfterFXLib.dll,ascii,26887520,[compName].[fileExtension]
AfterFXLib.dll,ascii,26887552,[compName]/[compName].[fileExtension]
AfterFXLib.dll,ascii,26887592,$$$/AE/EGG/OM/CompFolderPreset=Comp Folder and Name
AfterFXLib.dll,ascii,26887648,[compName]_[outputModuleName].[fileExtension]
AfterFXLib.dll,ascii,26887696,[projectName]_[compName].[fileExtension]
AfterFXLib.dll,ascii,26887744,[compName]_[width]x[height].[fileExtension]
AfterFXLib.dll,ascii,26887792,[compName]_[startFrame]-[endFrame].[fileExtension]
AfterFXLib.dll,ascii,26887856,[compName]_[dateYear]-[dateMonth]-[dateDay]_[timeHour]-[timeMins].[fileExtension]
AfterFXLib.dll,ascii,26888008,[compName]_[aspectRatio].[fileExtension]
AfterFXLib.dll,ascii,26888136,[projectFolder]/[compName].[fileExtension]
AfterFXLib.dll,ascii,26888920,Favorite saved outside faves folder
AfterFXLib.dll,ascii,26889816,Incompatible plugins warning
AfterFXLib.dll,ascii,26890480,Spring-Loaded Project Panel Folders
AfterFXLib.dll,ascii,26890520,Dont close folders that have similar grandparents
AfterFXLib.dll,ascii,26890576,Allow Closing Folders During Drag
AfterFXLib.dll,ascii,26890616,Close Opened Folders After Successful Drop
AfterFXLib.dll,ascii,26891304,Watch Folder Wait Time
AfterFXLib.dll,ascii,26891328,Watch Folder Wait Time (first wait)
AfterFXLib.dll,ascii,26891368,Web independent watch folder files
AfterFXLib.dll,ascii,26893088,Auto Save Folder
AfterFXLib.dll,ascii,26893128,Error while creating default crash folder: 
AfterFXLib.dll,ascii,26898256,D:\releases\dva\build\mb\git\adobe\thirdparty\boost\boost\token_functions.hpp
AfterFXLib.dll,ascii,26916624,AE Pseudo-Flavor Folder
AfterFXLib.dll,ascii,26918608,$$$/AE/Egg/Utils/DropFile/CouldNotCreateScriptsFolder=Could not create Scripts folder.
AfterFXLib.dll,ascii,26918704,$$$/AE/Egg/Utils/DropFile/NoPermissionToScriptsFolder=The current user does not have permission to write to the Scripts folder in the After Effects preferences folder.
AfterFXLib.dll,ascii,26918896,$$$/AE/Egg/Utils/DropFile/CouldNotCreateScriptUIFolder=Could not create folder for ScriptUI Panels.
AfterFXLib.dll,ascii,26919008,$$$/AE/Egg/Utils/DropFile/NoPermissionToScriptUIPanlesFolder=The current user does not have permission to write to the ScriptUI Panel folder in the After Effects preferences folder.
AfterFXLib.dll,ascii,26919200,"$$$/AE/Egg/Utils/DropFile/CannotImportJSXBIN=Binary JavaScript files (.jsxbin) cannot be imported into a project. To install a script file, hold the Option (macOS) or Alt (Windows) key and drag it into the Project panel, or copy it to the Scripts folder in the After Effects preferences folder."
AfterFXLib.dll,ascii,26919856,ecp::internal::FileDragReceiverV2::GetTargetFolder
AfterFXLib.dll,ascii,26995736,"exception, this=%x"
AfterFXLib.dll,ascii,27064880,$$$/effects_and_presets_palette/flyout_menu/FinderFolders=Finder Folders{{*MSWindows*}}Explorer Folders
AfterFXLib.dll,ascii,27067104,$$$/AE/Warning/SavingPresetOutside=You are saving this animation preset outside of the default folders for animation presets (@0 and the Presets folder located next to the application). This animation preset won't appear in the Effects & Presets panel unless one of these default folders contains an alias to the folder in which you are saving.
AfterFXLib.dll,ascii,27067552,Start Loading Presets
AfterFXLib.dll,ascii,27067584,Done Loading Presets
AfterFXLib.dll,ascii,27087992,$$$/AE/Egg/Dialog/Progress/ProjectLoad/Title=Open Project
AfterFXLib.dll,ascii,27088064,$$$/AE/Egg/Dialog/Progress/ProjectLoad/AggregationWarningHeader=Encountered warnings while opening a project.
AfterFXLib.dll,ascii,27088176,$$$/AE/Egg/Dialog/Progress/ProjectLoad/AggregationErrorHeader=Encountered errors while opening a project.
AfterFXLib.dll,ascii,27088288,$$$/AE/EGG/Alert/AdobeAfterEffects/Cinema4DLoadError=Projects created in After Effects 24.1 that use the Cineware effect are not currently compatible with other versions of After Effects. You must use After Effects 24.1 to load these files.
AfterFXLib.dll,ascii,27088968,Archive Subdirectory
AfterFXLib.dll,ascii,27099204,Folder
AfterFXLib.dll,ascii,27107008,AE.Import4b.CPFolder::DoDropFile
AfterFXLib.dll,ascii,27112784,$$$/AE/crq/RQCurrentRender/fontStyle=Bold{{*MSWindows*}}Bold{{*COMMENT*}}Use translation of 'Bold' for all languages except Japanese; for Japanese please use an empty string to signify non-bold text for MSWindows only
AfterFXLib.dll,ascii,27127576,unexpected exception thrown in ~UI_InfoButton()
AfterFXLib.dll,ascii,27146568,exception while processing completion
AfterFXLib.dll,ascii,27148272,"$$$/ae/OutputModuleTemplates/ProjectNotSavedError=To use the [projectFolder] element in an output file name and location template, you must save the project.{{*COMMENT*}}don't translate [projectFolder]"
AfterFXLib.dll,ascii,27148480,$$$/AE/EGG/UnableToCreateDirectory=The directory path for this output module could not be created.
AfterFXLib.dll,ascii,27148592,$$$/AE/EGG/UnableToCreateDirectorySelected=The directory path for the selected output module could not be created.
AfterFXLib.dll,ascii,27149584,"$$$/AE/EGG/RenderQue/FailToLoad=The render queue in this project could not be read.  For safety, resave the project under a new name, quit and relaunch."
AfterFXLib.dll,ascii,27154400,[fileExtension]
AfterFXLib.dll,ascii,27155656,fileExtension
AfterFXLib.dll,ascii,27155960,projectFolder
AfterFXLib.dll,ascii,27155984,$$$/AE/OutputModuleFilenameTemplate/ProjectFolder=Project Folder
AfterFXLib.dll,ascii,27159008,D:\releases\dva\build\mb\git\adobe\thirdparty\boost\boost\property_tree\detail\ptree_implementation.hpp
AfterFXLib.dll,ascii,27159648,D:\releases\dva\build\mb\git\adobe\thirdparty\boost\boost\property_tree\string_path.hpp
AfterFXLib.dll,ascii,27174280,Subfolder Path
AfterFXLib.dll,ascii,27174328,"Must pass relative path in ""Subfolder Path""."
AfterFXLib.dll,ascii,27186616,Loading RQ Render Settings
AfterFXLib.dll,ascii,27190736,$$$/AE/RQOM/ChooseFolderDialog/ChooseAction=Choose
AfterFXLib.dll,ascii,27210000,$$$/AE/TimeLine/BottomBar/fontStyle=Bold{{*MSWindows*}}Bold{{*COMMENT*}}Use translation of 'Bold' for all languages except Japanese; for Japanese please use an empty string to signify non-bold text for MSWindows only
AfterFXLib.dll,ascii,27221888,"$$$/AE/Egg/CTLInfoPane/SearchBoxPrepopulate/ShadowsLights=Casts Shadows, Accepts Shadows, Accepts Lights{{*COMMENT*}}correlates to the timeline stream values. Please translate accordingly with commas and spaces."
AfterFXLib.dll,ascii,27368656,assign() create() defineProperties() defineProperty() entries() freeze() fromEntries() getOwnPropertyDescriptor() getOwnPropertyDescriptors() getOwnPropertyNames() getOwnPropertySymbols() getPrototypeOf() hasOwnProperty() is() isExtensible() isFrozen() isPrototypeOf() isSealed() keys() preventExtensions() propertyIsEnumerable() seal() setPrototypeOf() toLocaleString() toString() valueOf() values()
AfterFXLib.dll,ascii,27370912,acceptsLights acceptsShadows active activeCamera ambient anchorPoint aperture appearsInReflections audioActive audioLevels bgColor bitsPerChannel blurLevel cameraOption castsShadows chapter color colorDepth comment composite compositingOption coneAngle coneFeather content continue copies correlation cuePointName dash depthOfField detail diffuse displayStartTime duration effectOpacity enabled endOpacity endPoint eventCuePoint expansion falloff falloffDistance feather fillRule focusDistance frameDuration frameTarget fullPath gap hasAudio hasParent hasVideo height highlightGain highlightSaturation highlightThreshold index innerRadius innerRoundness inPoint intensity invert irisAspectRatio irisDiffractionFringe irisRotation irisRoundness irisShape lightOption lightTransmission linearBlending lineCap lineJoin marker maskExpansion maskFeather maskOpacity materialOption metal miterLimit name ntscDropFrame numKeys numLayers offset offset opacity orientation outerRadius outerRoundness outPoint parameters parent path pixelAspect pointOfInterest position property propertyIndex protectedRegion radius randomSeed ridgesPerSegment rotation roundness scale shadowDarkness shadowDiffusion shininess 
AfterFXLib.dll,ascii,27390760,payload
AfterFXLib.dll,ascii,27401272,$$$/AE/Plugin/Properties/pixelsuffix=px
AfterFXLib.dll,ascii,27420008,missing menu item from existing text action payload: 
AfterFXLib.dll,ascii,27424888,$$$/AE/Plugin/Properties/percentsuffix=%
AfterFXLib.dll,ascii,27426632,$$$/AE/Plugin/Properties/MetricsSetting=Metrics
AfterFXLib.dll,ascii,27426680,$$$/AE/Plugin/Properties/OpticalSetting=Optical
AfterFXLib.dll,ascii,27427368,$$$/AE/Plugin/Properties/AutoSetting=Auto
AfterFXLib.dll,ascii,27433200,FolderOpen_Sm
AfterFXLib.dll,ascii,27435920,"$$$/AE/Egg/OpenMogrtDialog/PickExtractLocationDialog/Title=Extract ""@0"" into folder"
AfterFXLib.dll,ascii,27436096,"$$$/dvacore/filesupport/subfolder/OverwriteWarning=""@0"" already exists in the specified subfolder ""@1"".#{endl}Do you want to replace it?"
AfterFXLib.dll,ascii,27443512,AEUnhandledExceptionFilterInIdleTimerProc
AfterFXLib.dll,ascii,27448496,AE.UAT.LoadNodeN`
AfterFXLib.dll,ascii,27449216,"Viewer Odd Color Management Quality (0=low, 1=high except for cached preview, 2=high)"
AfterFXLib.dll,ascii,27449344,"Viewer Odd Zoom Quality v2 ( 0=low, 1=high except for cached preview, 2=high )"
AfterFXLib.dll,ascii,27454584,Salads Folder
AfterFXLib.dll,ascii,27460296,Folder_Sm
AfterFXLib.dll,ascii,27462856,exception
AfterFXLib.dll,ascii,27462872,CopyJavaScriptFile: Caught exception
AfterFXLib.dll,ascii,27463024,", exception: "
AfterFXLib.dll,ascii,27472520,"%x: invalidating %d,%d,%d,%d, forcePaint=%d"
AfterFXLib.dll,ascii,27487096,$$$/AE/EGG/LStr/0396=All Acceptable Files
AfterFXLib.dll,ascii,27487784,$$$/egg/ImportDialog/ImportFolder=Import Folder
AfterFXLib.dll,ascii,27491088,AE CEP Extension-
AfterFXLib.dll,ascii,27494640,Exception: 
AfterFXLib.dll,ascii,27503416,$$$/SMError/UnknownExceptionCaught=Unknown exception occurred.
AfterFXLib.dll,ascii,27523760,dvauxpui.dll
AfterFXLib.dll,utf16le,27561088,Localized resources files could not be loaded. Please reinstall this application to solve the problem.
AfterFXLib.dll,utf16le,27575790,ie nu accept
AfterFXLib.dll,ascii,27597744,Failed loading model!
AfterFXLib.dll,ascii,27602320,BIBGetMethodV3Proc
AfterFXLib.dll,ascii,27602408,BIBGetInstanceProc
AfterFXLib.dll,ascii,27602448,BIBNGetInstanceProc
AfterFXLib.dll,ascii,27602688,BIBSharedBuffNewBufferV3Proc
AfterFXLib.dll,ascii,27605656,ReferenceProfileList
AfterFXLib.dll,ascii,27605680,ACE_ReferenceProfileListProc2
AfterFXLib.dll,ascii,27605712,UnReferenceProfileList
AfterFXLib.dll,ascii,27605736,ACE_UnReferenceProfileListProc2
AfterFXLib.dll,ascii,27606600,ReferenceProfile
AfterFXLib.dll,ascii,27606624,ACE_ReferenceProfileProc2
AfterFXLib.dll,ascii,27606656,UnReferenceProfile
AfterFXLib.dll,ascii,27606680,ACE_UnReferenceProfileProc2
AfterFXLib.dll,ascii,27606984,ACE_ProfileColorSpaceProc2
AfterFXLib.dll,ascii,27608240,LoadTransform
AfterFXLib.dll,ascii,27608256,ACE_LoadTransformProc2
AfterFXLib.dll,ascii,27608280,UnloadTransform
AfterFXLib.dll,ascii,27608296,ACE_UnloadTransformProc2
AfterFXLib.dll,ascii,27610704,LoadSettings
AfterFXLib.dll,ascii,27610720,ACE_LoadSettingsProc2
AfterFXLib.dll,ascii,27610824,ReferencePresetList
AfterFXLib.dll,ascii,27610848,ACE_ReferencePresetListProc2
AfterFXLib.dll,ascii,27610880,UnReferencePresetList
AfterFXLib.dll,ascii,27610904,ACE_UnReferencePresetListProc2
AfterFXLib.dll,ascii,27611096,PresetDirectory
AfterFXLib.dll,ascii,27611112,ACE_PresetDirectoryProc2
AfterFXLib.dll,ascii,27611456,FindDirectory
AfterFXLib.dll,ascii,27611472,ACE_FindDirectoryProc2
AfterFXLib.dll,ascii,27612488,SetAdobeColorDirectory
AfterFXLib.dll,ascii,27612512,ACE_SetAdobeColorDirectoryProc
AfterFXLib.dll,ascii,27612544,FindDirectoryU
AfterFXLib.dll,ascii,27612560,ACE_FindDirectoryUProc
AfterFXLib.dll,ascii,27612584,LoadSettingsU
AfterFXLib.dll,ascii,27612600,ACE_LoadSettingsUProc
AfterFXLib.dll,ascii,27613528,ACENewBitDepthConverterColorSpaceProc
AfterFXLib.dll,ascii,27614768,AGMNewColorProfileProfileSequenceProcV2
AfterFXLib.dll,ascii,27616336,AGMNewColorSpaceSeparation3ProcV4
AfterFXLib.dll,ascii,27618784,AGMColorSpaceListAddColorSpaceProcV2
AfterFXLib.dll,ascii,27618912,AGMColorSpaceListGetNthColorSpaceProc
AfterFXLib.dll,ascii,27619192,AGMColorConvertInfoGetSrcColorSpaceProc
AfterFXLib.dll,ascii,27619256,AGMColorConvertInfoGetDstColorSpaceProc
AfterFXLib.dll,ascii,27619360,AGMNewSampleFunctionDataSourceProcV3
AfterFXLib.dll,ascii,27619424,AGMNewStreamMeshDataSourceProcV3
AfterFXLib.dll,ascii,27619496,AGMNewFloatStreamMeshDataSourceProcV3
AfterFXLib.dll,ascii,27619568,AGMNewFloatArrayMeshDataSourceProcV2
AfterFXLib.dll,ascii,27619640,AGMNewBitArrayMeshDataSourceProcV3
AfterFXLib.dll,ascii,27619824,GetSampleFunctionDataSourceParameters
AfterFXLib.dll,ascii,27619864,AGMDataSourceGetSampleFunctionDataSourceParametersProc
AfterFXLib.dll,ascii,27619920,GetStreamMeshDataSourceParameters
AfterFXLib.dll,ascii,27619960,AGMDataSourceGetStreamMeshDataSourceParametersProc
AfterFXLib.dll,ascii,27620016,GetFloatStreamMeshDataSourceParameters
AfterFXLib.dll,ascii,27620056,AGMDataSourceGetFloatStreamMeshDataSourceParametersProc
AfterFXLib.dll,ascii,27620112,GetFloatArrayMeshDataSourceParameters
AfterFXLib.dll,ascii,27620152,AGMDataSourceGetFloatArrayMeshDataSourceParametersProc
AfterFXLib.dll,ascii,27620208,GetBitArrayMeshDataSourceParameters
AfterFXLib.dll,ascii,27620248,AGMDataSourceGetBitArrayMeshDataSourceParametersProc
AfterFXLib.dll,ascii,27620304,AGMNewDevicePathInterface
AfterFXLib.dll,ascii,27620352,AGMNewDevicePathNewPathPointsV2
AfterFXLib.dll,ascii,27620400,AGMNewDevicePathNewPathPathV2
AfterFXLib.dll,ascii,27620432,AGMDevicePathInterface
AfterFXLib.dll,ascii,27620472,AGMDevicePathGetBoundingBoxProc
AfterFXLib.dll,ascii,27620520,AGMDevicePathGetAllocSizeProc
AfterFXLib.dll,ascii,27620568,AGMDevicePathTranslateProc
AfterFXLib.dll,ascii,27620608,AGMDevicePathUnionProc
AfterFXLib.dll,ascii,27620648,AGMDevicePathIntersectProc
AfterFXLib.dll,ascii,27620680,AGMDevicePathXorProc
AfterFXLib.dll,ascii,27620712,AGMDevicePathInPathProc
AfterFXLib.dll,ascii,27621264,AGMFlatteningPortGetCompositeColorSpaceProc
AfterFXLib.dll,ascii,27623144,couldn't load flattening port manager interface
AfterFXLib.dll,ascii,27623192,couldn't load flattening settings manager interface
AfterFXLib.dll,ascii,27631600,AGMNewGraphixResourcePortInterface
AfterFXLib.dll,ascii,27631640,AGMNewGraphixResourcePortProc
AfterFXLib.dll,ascii,27631672,AGMGraphixResourcePortInterface
AfterFXLib.dll,ascii,27631720,AGMGraphixResourcePortHasTransparencyProc
AfterFXLib.dll,ascii,27631792,AGMGraphixResourcePortHasNonNormalBlendModesProc
AfterFXLib.dll,ascii,27631872,AGMGraphixResourcePortHasNonIsolatedBlendsProc
AfterFXLib.dll,ascii,27631952,AGMGraphixResourcePortHasNonInkPreservingBlendModesProc
AfterFXLib.dll,ascii,27632024,AGMGraphixResourcePortHasOverPrintProc
AfterFXLib.dll,ascii,27632072,AGMGraphixResourcePortHasTextProc
AfterFXLib.dll,ascii,27632128,AGMGraphixResourcePortHasGradientProc
AfterFXLib.dll,ascii,27632184,AGMGraphixResourcePortHasGradientMeshProc
AfterFXLib.dll,ascii,27632256,AGMGraphixResourcePortMarksProcessPlatesProc
AfterFXLib.dll,ascii,27632336,AGMGraphixResourcePortMarksProcessPlatesNonWhiteProc
AfterFXLib.dll,ascii,27632408,AGMGraphixResourcePortHas16BPCImageProc
AfterFXLib.dll,ascii,27632472,AGMGraphixResourcePortAllow16BPCRasterPortProc
AfterFXLib.dll,ascii,27632536,AGMGraphixResourcePortGetNthSpotColorProcV2
AfterFXLib.dll,ascii,27636608,AGMNewEPSServer3Proc
AfterFXLib.dll,ascii,27636720,AGMPaintGetColorSpaceProcV2
AfterFXLib.dll,ascii,27637528,AGMPaintGetTriangleShadingParametersV3Proc
AfterFXLib.dll,ascii,27637608,AGMPaintGetLatticeShadingParametersV3Proc
AfterFXLib.dll,ascii,27642168,AGMRasterPortNewImagePortV3Proc
AfterFXLib.dll,ascii,27642216,AGMRasterPortNewWindowPortV3Proc
AfterFXLib.dll,ascii,27642272,AGMRasterPortNewBitmapPortV3Proc
AfterFXLib.dll,ascii,27643088,FillDevicePath
AfterFXLib.dll,ascii,27643104,AGMRasterPortFillDevicePathProc
AfterFXLib.dll,ascii,27643136,ClipDevicePath
AfterFXLib.dll,ascii,27643152,AGMRasterPortClipDevicePathProc
AfterFXLib.dll,ascii,27643184,SourceCopyDevicePath
AfterFXLib.dll,ascii,27643208,AGMRasterPortSourceCopyDevicePathProc
AfterFXLib.dll,ascii,27643248,CurrentClipDevicePath
AfterFXLib.dll,ascii,27643272,AGMRasterPortCurrentClipDevicePathProc
AfterFXLib.dll,ascii,27643808,AGMRasterPortPlatformDeviceProcV2
AfterFXLib.dll,ascii,27644128,AGMNewResourcePortInterface
AfterFXLib.dll,ascii,27644160,AGMNewResourcePortProc
AfterFXLib.dll,ascii,27644184,AGMResourcePortInterface
AfterFXLib.dll,ascii,27644216,AGMResourcePortHasTransparencyProc
AfterFXLib.dll,ascii,27644256,AGMResourcePortHasNonNormalBlendModesProc
AfterFXLib.dll,ascii,27644304,AGMResourcePortHasNonIsolatedBlendsProc
AfterFXLib.dll,ascii,27644344,AGMResourcePortHasNonInkPreservingBlendModesProc
AfterFXLib.dll,ascii,27644400,AGMResourcePortHasOverPrintProc
AfterFXLib.dll,ascii,27644432,AGMResourcePortHasTextProc
AfterFXLib.dll,ascii,27644464,AGMResourcePortHasGradientProc
AfterFXLib.dll,ascii,27644496,AGMResourcePortHasGradientMeshProc
AfterFXLib.dll,ascii,27644536,AGMResourcePortMarksProcessPlatesProc
AfterFXLib.dll,ascii,27644576,AGMResourcePortMarksProcessPlatesNonWhiteProc
AfterFXLib.dll,ascii,27644624,AGMResourcePortHas16BPCImageProc
AfterFXLib.dll,ascii,27644664,AGMResourcePortAllow16BPCRasterPortProc
AfterFXLib.dll,ascii,27644704,AGMResourcePortGetNthSpotColorProcV2
AfterFXLib.dll,ascii,27644928,AGMGDIPortSetColorSpaceProc
AfterFXLib.dll,ascii,27649496,GetTTFontDownload
AfterFXLib.dll,ascii,27649520,AGMPrintDeviceControllerGetTTFontDownload
AfterFXLib.dll,ascii,27649640,GetDownloadAsianFonts
AfterFXLib.dll,ascii,27649664,AGMPrintDeviceControllerGetDownloadAsianFonts
AfterFXLib.dll,ascii,27649712,GetPSFontDownload
AfterFXLib.dll,ascii,27649736,AGMPrintDeviceControllerGetPSFontDownload
AfterFXLib.dll,ascii,27660648,GPInkMgrUtilsValidateNChannelColorSpaceProc
AfterFXLib.dll,ascii,27668864,GetScanLine_T
AfterFXLib.dll,ascii,27668880,ARE_ImageSamplerGetScanLine_TProc
AfterFXLib.dll,ascii,27669880,ARE_SmoothShadeGetScanLine_TProc
AfterFXLib.dll,ascii,27670624,"{ ""chainedWorkflow"" : false, ""entryUrl"" : ""%s"", ""id"" : ""jump_url_handling_required"", ""initialContent"" : ""Loading..."", ""initialDimensions"" :  { ""height"" : 800, ""width"" : 800 }, ""instanceId"" : ""%s"", ""interceptUrl"" : ""%s"", ""maxDimensions"" :  { "
AfterFXLib.dll,ascii,27671168,"{ ""chainedWorkflow"" : false, ""entryUrl"" : ""%s"", ""id"" : ""external_jump_url_handling_required"", ""initialContent"" : ""Loading..."", ""initialDimensions"" :  { ""height"" : 800, ""width"" : 800 }, ""instanceId"" : ""%s"", ""interceptUrl"" : ""%s"", ""externalBrowserAuthWFUrl"" : ""%s"", ""originalEntryUrl"" : ""%s"", ""maxDimensions"" :  { "
AfterFXLib.dll,ascii,27672304,InterceptUrl
AfterFXLib.dll,ascii,27674992,"{""chainedWorkflow"" : false, ""entryResourceId"" : ""%s"", ""entryQueryString"" : ""%s"", ""id"" : ""%s"", ""instanceId"" : ""%s"", ""interceptUrl"" : ""https://oobe.adobe.com/"", ""type"" : ""%s"", ""version"" : %d, ""workflowIdCode"" : %d}"
AfterFXLib.dll,ascii,27676656,interceptUrl
AfterFXLib.dll,ascii,27677816,AMTFolderPath for GetAMTData: 
AfterFXLib.dll,ascii,27695360,payload
AfterFXLib.dll,ascii,27695440,profileRequestPayloadParams
AfterFXLib.dll,ascii,27695472,deviceParams
AfterFXLib.dll,ascii,27695712,asnpPayloadValues
AfterFXLib.dll,ascii,27697416,downloadPath
AfterFXLib.dll,ascii,27699344,minFileUploadSize
AfterFXLib.dll,ascii,27699368,maxFileUploadSize
AfterFXLib.dll,ascii,27699392,uploadInterval
AfterFXLib.dll,ascii,27699408,uploadOnSessionStart
AfterFXLib.dll,ascii,27699432,uploadOnError
AfterFXLib.dll,utf16le,28033944,Accept
AfterFXLib.dll,utf16le,28034328,X-Accept-NGL-Attribs
AfterFXLib.dll,ascii,28043160,Payload
AfterFXLib.dll,ascii,28080472,Exception thrown in %s
AfterFXLib.dll,ascii,28095376,AdobeXD Acceptance Tests.
AfterFXLib.dll,ascii,28138800,workflow=LOADING
AfterFXLib.dll,ascii,28139192,/app_loaded
AfterFXLib.dll,ascii,28141224,%s : Exception while trying to retrieve query params
AfterFXLib.dll,ascii,28141280,%s: App store params callback raised exception
AfterFXLib.dll,ascii,28141328,App store params callback raised exception
AfterFXLib.dll,ascii,28142561,"    ""interceptUrl"": """","
AfterFXLib.dll,ascii,28142865,"    ""initialContent"": ""Loading..."""
AfterFXLib.dll,ascii,28166296,Exception
AfterFXLib.dll,ascii,28166720,RaiseFailFastException
AfterFXLib.dll,utf16le,28166774,lstd::exception: %hs
AfterFXLib.dll,ascii,28177888,LOADING
AfterFXLib.dll,ascii,31787210,?GetViewUniqueID@helper@dvauxpui@@YA?AV?$basic_string@EU?$char_traits@E@std@@U?$STLAllocator@E@allocator@dvacore@@@std@@PEAVUI_Node@ui@dvaui@@@Z
AfterFXLib.dll,ascii,31787358,?GetHostView@helper@dvauxpui@@YA?AV?$IntrusivePtr@VUI_Node@ui@dvaui@@@RefCountedInterface@utility@dvacore@@AEBV?$basic_string@EU?$char_traits@E@std@@U?$STLAllocator@E@allocator@dvacore@@@std@@@Z
AfterFXLib.dll,ascii,31787556,?CloseHostWindow@helper@dvauxpui@@YA_NPEAVUI_Node@ui@dvaui@@@Z
AfterFXLib.dll,ascii,31788224,?GetDownloadBlocklistURL@dvasystemcompatibilityreport@@YA?AV?$basic_string@EU?$char_traits@E@std@@U?$STLAllocator@E@allocator@dvacore@@@std@@AEBV23@@Z
AfterFXLib.dll,ascii,31788378,?DownloadBlocklistInTheBackground@dvasystemcompatibilityreport@@YAXAEBV?$basic_string@EU?$char_traits@E@std@@U?$STLAllocator@E@allocator@dvacore@@@std@@IV?$function@$$A6AXW4DownloadResult@dvasystemcompatibilityreport@@@Z@3@@Z
AfterFXLib.dll,ascii,31790278,?LoadResultSucceeded@EACL@@YA_NH@Z
AfterFXLib.dll,ascii,31861402,??0EGG_ScAllowScriptingException@@QEAA@XZ
AfterFXLib.dll,ascii,31862101,??0EGG_StreamSpec@ppanel@ae@@QEAA@AEBVGuid@utility@dvacore@@AEAVCLayer@@AEBVTDB_StreamIDPath@@_N3PEAVCLayerProperty_Base@12@W4NameType@012@AEBV?$basic_string@EU?$char_traits@E@std@@U?$STLAllocator@E@allocator@dvacore@@@std@@@Z
AfterFXLib.dll,ascii,31863668,??0FastPrefLoader@@QEAA@AEBV0@@Z
AfterFXLib.dll,ascii,31863701,??0FastPrefLoader@@QEAA@W4PREF_TypePref@@V?$basic_string@DU?$char_traits@D@std@@V?$allocator@D@2@@std@@_N@Z
AfterFXLib.dll,ascii,31864016,??0GraphPresetsSubView@quickease@@QEAA@PEAVQuickEasePopupParent@1@PEAVGraphPresetListener@1@AEBV?$vector@VTDB_UnitEaseCurve@@V?$allocator@VTDB_UnitEaseCurve@@@std@@@std@@MM_NPEAVGraphEditControl@1@33PEBVTDB_UnitEaseCurve@@@Z
AfterFXLib.dll,ascii,31867946,??1EGG_ScAllowScriptingException@@QEAA@XZ
AfterFXLib.dll,ascii,31868500,??1FastPrefLoader@@QEAA@XZ
AfterFXLib.dll,ascii,31873197,??4EGG_ScAllowScriptingException@@QEAAAEAV0@AEBV0@@Z
AfterFXLib.dll,ascii,31873639,??4FastPrefLoader@@QEAAAEAV0@AEBV0@@Z
AfterFXLib.dll,ascii,31889181,?AcquirePluginSuites@CEggApp@@QEAAXPEBUSPBasicSuite@@@Z
AfterFXLib.dll,ascii,31901277,?Autotrace@CLayer@@UEAA_NPEAVEGG_ScEnhancedProgressDialog@@AEAUFEE_AutoTraceParams@@@Z
AfterFXLib.dll,ascii,31902526,?BirthPlugins@CEggApp@@AEAAHAEAVInitIterator@aelib@@_N1@Z
AfterFXLib.dll,ascii,31906078,?CCompCloneCmd_G_zref@@3PEAUU_ZLStrCache_Opaque@@EA
AfterFXLib.dll,ascii,31906130,?CCompCmd_G_zref@@3PEAUU_ZLStrCache_Opaque@@EA
AfterFXLib.dll,ascii,31906177,?CCompCompCmd_G_zref@@3PEAUU_ZLStrCache_Opaque@@EA
AfterFXLib.dll,ascii,31906228,?CCompMarkerCmd_G_zref@@3PEAUU_ZLStrCache_Opaque@@EA
AfterFXLib.dll,ascii,31906281,?CCompPaintCmd_G_zref@@3PEAUU_ZLStrCache_Opaque@@EA
AfterFXLib.dll,ascii,31906333,?CCompTime_G_zref@@3PEAUU_ZLStrCache_Opaque@@EA
AfterFXLib.dll,ascii,31906447,?CDirItemTabPanelTime_G_zref@@3PEAUU_ZLStrCache_Opaque@@EA
AfterFXLib.dll,ascii,31906506,?CEP_CopyFileIntoPlace@@YA_NAEBV?$basic_string@_WU?$char_traits@_W@std@@U?$STLAllocator@_W@allocator@dvacore@@@std@@0PEAV12@_N@Z
AfterFXLib.dll,ascii,31906635,?CEP_CreateLibrariesFootage@@YAXAEBV?$basic_string@_WU?$char_traits@_W@std@@U?$STLAllocator@_W@allocator@dvacore@@@std@@@Z
AfterFXLib.dll,ascii,31906758,?CEP_GetLookFileTypes@@YA?AV?$vector@V?$basic_string@_WU?$char_traits@_W@std@@U?$STLAllocator@_W@allocator@dvacore@@@std@@U?$STLAllocator@V?$basic_string@_WU?$char_traits@_W@std@@U?$STLAllocator@_W@allocator@dvacore@@@std@@@allocator@dvacore@@@std@@XZ
AfterFXLib.dll,ascii,31907010,?CEP_Get_Cmd_From_ID@@YAJAEBV?$basic_string@DU?$char_traits@D@std@@V?$allocator@D@2@@std@@@Z
AfterFXLib.dll,ascii,31907103,?CEP_SendLibraryEvent@@YAXAEBV?$basic_string@_WU?$char_traits@_W@std@@U?$STLAllocator@_W@allocator@dvacore@@@std@@0@Z
AfterFXLib.dll,ascii,31907221,?CEP_Set_Cmd_To_ID@@YAXAEBV?$basic_string@DU?$char_traits@D@std@@V?$allocator@D@2@@std@@J@Z
AfterFXLib.dll,ascii,31907313,?CEggAppTool_G_zref@@3PEAUU_ZLStrCache_Opaque@@EA
AfterFXLib.dll,ascii,31907363,?CEggApp_G_zref@@3PEAUU_ZLStrCache_Opaque@@EA
AfterFXLib.dll,ascii,31907409,?CItem_G_zref@@3PEAUU_ZLStrCache_Opaque@@EA
AfterFXLib.dll,ascii,31907453,?COutline_G_zref@@3PEAUU_ZLStrCache_Opaque@@EA
AfterFXLib.dll,ascii,31907500,?CPanoECOutline_G_zref@@3PEAUU_ZLStrCache_Opaque@@EA
AfterFXLib.dll,ascii,31907553,?CPanoProjFootage_G_zref@@3PEAUU_ZLStrCache_Opaque@@EA
AfterFXLib.dll,ascii,31907608,?CPanoProjItem_G_zref@@3PEAUU_ZLStrCache_Opaque@@EA
AfterFXLib.dll,ascii,31907660,?CPanoProjLayerPanoMask_G_zref@@3PEAUU_ZLStrCache_Opaque@@EA
AfterFXLib.dll,ascii,31907721,?CPanoProjLayerPano_G_zref@@3PEAUU_ZLStrCache_Opaque@@EA
AfterFXLib.dll,ascii,31907778,?CPanoProjLayer_G_zref@@3PEAUU_ZLStrCache_Opaque@@EA
AfterFXLib.dll,ascii,31907831,?CPanoRender_G_zref@@3PEAUU_ZLStrCache_Opaque@@EA
AfterFXLib.dll,ascii,31907881,?CPanoSequencer_G_zref@@3PEAUU_ZLStrCache_Opaque@@EA
AfterFXLib.dll,ascii,31907934,?CSwitchboardModal_G_zref@@3PEAUU_ZLStrCache_Opaque@@EA
AfterFXLib.dll,ascii,31907990,?CSwitchboard_G_zref@@3PEAUU_ZLStrCache_Opaque@@EA
AfterFXLib.dll,ascii,31908293,?CTopic_G_zref@@3PEAUU_ZLStrCache_Opaque@@EA
AfterFXLib.dll,ascii,31911645,?CancelAnyActiveRendersExceptPrimary@CEggApp@@QEAAXXZ
AfterFXLib.dll,ascii,31912465,?CausePluginIdleToBeCalled@CSwitchboard@@QEAAHXZ
AfterFXLib.dll,ascii,31913390,?CheckBinExtensions@CComposition@@AEAAXPEAVCLayer@@0@Z
AfterFXLib.dll,ascii,31918814,?CloseItemStuff_Except_ECW@CLayer@@QEAAXXZ
AfterFXLib.dll,ascii,31927884,?CreateNewCompFromItem@CItem@@UEAAPEAVBEE_CompItem@@PEAVBEE_FolderItem@@E_N1@Z
AfterFXLib.dll,ascii,31927963,?CreateNewCompFromItem@CItemV2@internal@ecp@@UEAAPEAVBEE_CompItem@@PEAVBEE_FolderItem@@E_N1@Z
AfterFXLib.dll,ascii,31930357,?DeSelectAllExceptSelf@CTLStream@@UEAAXXZ
AfterFXLib.dll,ascii,31930399,?DeSelectAllExceptSelf@CTopicPane@@UEAAXXZ
AfterFXLib.dll,ascii,31930442,?DeSelectAllExceptSelfAndParentShapes@EGG_StreamSpec@ppanel@ae@@QEBAXPEAVBEE_Selection@@@Z
AfterFXLib.dll,ascii,31931191,?DeleteAllPrefsInSection@FastPrefLoader@@QEAAXV?$basic_string@DU?$char_traits@D@std@@V?$allocator@D@2@@std@@@Z
AfterFXLib.dll,ascii,31937495,?DoAsyncProjectItemReloadCheck@CEggApp@@QEAAXXZ
AfterFXLib.dll,ascii,31938567,?DoChooseFolderDialog@@YA_NAEBV?$basic_string@_WU?$char_traits@_W@std@@U?$STLAllocator@_W@allocator@dvacore@@@std@@AEAVDir@filesupport@dvacore@@@Z
AfterFXLib.dll,ascii,31944141,?DoDropFile@CPFolder@@QEAAHV?$shared_ptr@VPIN_SeqSpec@@@boost@@W4InterpretType@@_NPEAPEAVBEE_Item@@@Z
AfterFXLib.dll,ascii,31948995,?DoNewSolidItemAndLayer@CComposition@@QEAAPEAVBEE_AVLayer@@PEBVSolidSettings@@PEAVBEE_FolderItem@@_N@Z
AfterFXLib.dll,ascii,31957349,?DragScan@FileDragReceiver@@UEAA_NPEAVCDragItem@@PEAVCProject@@PEAX@Z
AfterFXLib.dll,ascii,31957419,?DragScan@FileDragReceiverV2@internal@ecp@@UEAA_NPEAVIAbstractDragItem@@PEAVCProject@@PEAX@Z
AfterFXLib.dll,ascii,31963118,?DrawReferencePoint@CPanoProjItem@@QEAAXPEAVCPanoDrawbot@@UM_Point@@W4FEE_MotionPathType@@@Z
AfterFXLib.dll,ascii,31963401,?DrawScrubCore@CPanoProjItem@@QEAAHPEAVCPanoDrawbot@@PEAUT_Time@@PEAUM_Rect@@PEA_N3PEAVCDC_DrawScrub@@@Z
AfterFXLib.dll,ascii,31969451,?ECOutlinePano_G_zref@@3PEAUU_ZLStrCache_Opaque@@EA
AfterFXLib.dll,ascii,31977465,?FEE_DecomposeOutputModuleFileTemplate@@YAXAEBVFEE_RenderItemRec@@AEBVFEE_OutputModuleSpec@@_NPEAV?$basic_string@_WU?$char_traits@_W@std@@U?$STLAllocator@_W@allocator@dvacore@@@std@@33PEBV34@2@Z
AfterFXLib.dll,ascii,31979460,?FEE_ImportFiles@@YAXAEBV?$vector@V?$basic_string@_WU?$char_traits@_W@std@@U?$STLAllocator@_W@allocator@dvacore@@@std@@U?$STLAllocator@V?$basic_string@_WU?$char_traits@_W@std@@U?$STLAllocator@_W@allocator@dvacore@@@std@@@allocator@dvacore@@@std@@_NPEAVBEE_FolderItem@@1@Z
AfterFXLib.dll,ascii,31987285,?FloPano_G_zref@@3PEAUU_ZLStrCache_Opaque@@EA
AfterFXLib.dll,ascii,32003256,?GetCloneSourceProperties@CComposition@@QEAAXPEAVCPanoProjLayer@@PEBV?$M_Vector2T@N@@_N2PEAUCloneProperties@@@Z
AfterFXLib.dll,ascii,32012911,?GetDownloadManager@CEggApp@@QEBA?AV?$shared_ptr@VHTTPDownloadManager@http@dvaappsupport@@@std@@XZ
AfterFXLib.dll,ascii,32014256,?GetDragOffscreen@CDragItem@@QEAA?AVSurfaceP@drawbot@dvaui@@XZ
AfterFXLib.dll,ascii,32014319,?GetDragOffscreen@CDragItemV2@internal@ecp@@QEAA?AVSurfaceP@drawbot@dvaui@@XZ
AfterFXLib.dll,ascii,32018786,?GetExpressionSettingsPref@CEggApp@@QEAA?AV?$shared_ptr@VFastPrefLoader@@@std@@XZ
AfterFXLib.dll,ascii,32019634,?GetFastPrefLoader@CEggApp@@QEAA?AV?$shared_ptr@VFastPrefLoader@@@std@@AEBV?$basic_string@DU?$char_traits@D@std@@V?$allocator@D@2@@3@W4PREF_TypePref@@@Z
AfterFXLib.dll,ascii,32021289,?GetFloatZoomInDevicePixels@FEE_ItemPanoSettings@@QEBANXZ
AfterFXLib.dll,ascii,32031962,?GetKeywordsAndIdentifiers@ExpressionTextEdit@egg@ae@@MEAAXV?$shared_ptr@VFastPrefLoader@@@std@@AEAV?$basic_string@_WU?$char_traits@_W@std@@U?$STLAllocator@_W@allocator@dvacore@@@5@1AEAV?$map@V?$basic_string@_WU?$char_traits@_W@std@@U?$STLAllocator@_W@allocator@dvacore@@@std@@V12@U?$less@V?$basic_string@_WU?$char_traits@_W@std@@U?$STLAllocator@_W@allocator@dvacore@@@std@@@2@V?$allocator@U?$pair@$$CBV?$basic_string@_WU?$char_traits@_W@std@@U?$STLAllocator@_W@allocator@dvacore@@@std@@V12@@std@@@2@@5@_N@Z
AfterFXLib.dll,ascii,32039425,?GetMediaReplacementEmbeddedCompFolderItem@CComposition@@QEAAPEAVBEE_FolderItem@@XZ
AfterFXLib.dll,ascii,32044410,?GetNextStreamTE_Scan@CLayer@@AEAAPEAVCTopicPane@@PEAVCTopicArray@@HHHPEAH@Z
AfterFXLib.dll,ascii,32045723,?GetOMPData@OutputModuleDrawer@@CAXHPEBUM_Rect@@PEBVFEE_RenderItemRec@@PEAVFEE_OutputModuleSpec@@PEAF3PEAV?$basic_string@_WU?$char_traits@_W@std@@U?$STLAllocator@_W@allocator@dvacore@@@std@@4PEAVCOutputModulePane@@@Z
AfterFXLib.dll,ascii,32054181,?GetPrefHelper@FastPrefLoader@@AEAA?AV?$shared_ptr@VPREF_Helper@@@std@@AEBV?$basic_string@DU?$char_traits@D@std@@V?$allocator@D@2@@3@@Z
AfterFXLib.dll,ascii,32054445,?GetPrefPathExists@CComposition@@UEAAEPEAVBEE_Layer@@AEBVTDB_StreamIDPath@@PEBVTDB_Stream@@PEAUT_Time@@33PEA_N@Z
AfterFXLib.dll,ascii,32061818,?GetRootItemH@CProject@@QEBAPEAVBEE_FolderItem@@_N@Z
AfterFXLib.dll,ascii,32062869,?GetScreentoWorldSpaceHitPoint@CPanoProjItem@@UEAAXPEAVBEE_Layer@@AEBVTDB_StreamIDPath@@UM_Point@@EPEBUT_Time@@3PEBTBEE_StreamFPV@@PEAT6@W4FEE_LayerPlane_TYPE@1@@Z
AfterFXLib.dll,ascii,32073286,?GetSupportFilesFolder@CEggApp@@SA?AVDir@filesupport@dvacore@@XZ
AfterFXLib.dll,ascii,32076045,?GetTargetFolder@FileDragReceiver@@UEAAPEAVCTopicPane@@XZ
AfterFXLib.dll,ascii,32076103,?GetTargetFolder@FileDragReceiverV2@internal@ecp@@UEAAPEAVCECTopicPaneV2@23@XZ
AfterFXLib.dll,ascii,32096091,?HasWatchFolderDialog@CEggApp@@QEAAEXZ
AfterFXLib.dll,ascii,32104323,?Initialize@DialogCustomPreviewControlBase@@QEAAXV?$IntrusivePtr@VUI_Dialog@ui@dvaui@@@RefCountedInterface@utility@dvacore@@V?$IntrusivePtr@VUI_Checkbox@controls@dvaui@@@345@PEA_NV?$shared_ptr@V?$function@$$A6A_NXZ@std@@@std@@3PEAVBEE_Layer@@PEAVBEE_CompItem@@_N@Z
AfterFXLib.dll,ascii,32111145,?IsFileOrFolder@CDragItem@@UEAA_NXZ
AfterFXLib.dll,ascii,32111181,?IsFileOrFolder@CDragItemV2@internal@ecp@@UEAA_NXZ
AfterFXLib.dll,ascii,32111402,?IsFolder@CECStream@@UEAAEXZ
AfterFXLib.dll,ascii,32111431,?IsFolder@CECStreamV2@internal@ecp@@UEBAEXZ
AfterFXLib.dll,ascii,32123287,?IterateFilesAndFolders@CDragItem@@UEAA_NW4DragMsgType@@@Z
AfterFXLib.dll,ascii,32123346,?IterateFilesAndFolders@CDragItemV2@internal@ecp@@UEAA_NW4DragMsgType@@@Z
AfterFXLib.dll,ascii,32124879,?LayerMotionPathHitCheck@CPanoProjItem@@UEAAHPEAVBEE_Layer@@AEBVTDB_StreamIDPath@@UM_Point@@PEAUT_Time@@PEAFPEAHPEAU4@3PEAUFEE_KeyHandleHitRec@@PEAE@Z
AfterFXLib.dll,ascii,32126239,?LoadBEEPreferences@CEggApp@@QEAAXXZ
AfterFXLib.dll,ascii,32126276,?LoadDefaultEases@EaseLib@@AEAAXXZ
AfterFXLib.dll,ascii,32126311,?LoadDefaultPanoCameraView@CItem@@IEAAXF_KAEAUFEE_ItemPanoSettings@@@Z
AfterFXLib.dll,ascii,32126382,?LoadDefaultPanoCameraView@CItemV2@internal@ecp@@IEAAXF_KAEAUFEE_ItemPanoSettings@@@Z
AfterFXLib.dll,ascii,32126468,?LoadDefaultPanoSettings@CItem@@IEAAXF_KAEAUFEE_ItemPanoSettings@@@Z
AfterFXLib.dll,ascii,32126537,?LoadDefaultPanoSettings@CItemV2@internal@ecp@@IEAAXF_KAEAUFEE_ItemPanoSettings@@@Z
AfterFXLib.dll,ascii,32126621,?LoadPreferences@CEggApp@@QEAAXXZ
AfterFXLib.dll,ascii,32126892,?MacSysShortcutsAlt_G_zref@@3PEAUU_ZLStrCache_Opaque@@EA
AfterFXLib.dll,ascii,32126949,?MacSysShortcutsStd_G_zref@@3PEAUU_ZLStrCache_Opaque@@EA
AfterFXLib.dll,ascii,32135321,?OnKernelLoadingNeedsUserNotification@CEggApp@@QEAAXXZ
AfterFXLib.dll,ascii,32137820,?POutlinePano_G_zref@@3PEAUU_ZLStrCache_Opaque@@EA
AfterFXLib.dll,ascii,32138269,?PaintRenderGuts@@YAXPEAUPF_InData@@AEBUT_Time@@PEAVBEE_AVLayer@@PEAVPF_World@@3PEAVPaintDragRefcon@@HPEAUM_Rect@@PEBVPaintStrokeIndexRange@@@Z
AfterFXLib.dll,ascii,32148822,?Pref_GetCreatePsdReferencePref@@YA_NXZ
AfterFXLib.dll,ascii,32149035,?Pref_SetCreatePsdReferencePref@@YAX_N@Z
AfterFXLib.dll,ascii,32154619,?RQOutlinePano_G_zref@@3PEAUU_ZLStrCache_Opaque@@EA
AfterFXLib.dll,ascii,32159341,?RefindOrReload@CItem@@QEAAX_N0@Z
AfterFXLib.dll,ascii,32159375,?RefindOrReload@CItemV2@internal@ecp@@QEAAX_N0@Z
AfterFXLib.dll,ascii,32159597,?RefreshAfterFootageReloaded@CItem@@AEAAX_N@Z
AfterFXLib.dll,ascii,32159643,?RefreshAfterFootageReloaded@CItemV2@internal@ecp@@AEAAX_N@Z
AfterFXLib.dll,ascii,32161319,?ReleasePluginSuites@CEggApp@@QEAAXXZ
AfterFXLib.dll,ascii,32161357,?Reload@CItem@@UEAAXE@Z
AfterFXLib.dll,ascii,32161381,?Reload@CItemV2@internal@ecp@@UEAAXE@Z
AfterFXLib.dll,ascii,32161420,?ReloadAdaptiveResolutionOptions@AdaptiveResolutionManager@@IEAAXPEAVBEE_CompItem@@@Z
AfterFXLib.dll,ascii,32161506,?ReloadPrefs@FastPrefLoader@@QEAAXXZ
AfterFXLib.dll,ascii,32161543,?ReloadSource@CLayer@@UEAAX_N@Z
AfterFXLib.dll,ascii,32169912,?S_IsFileOrFolder@CDragItem@@SA_NAEBV?$basic_string@EU?$char_traits@E@std@@U?$STLAllocator@E@allocator@dvacore@@@std@@@Z
AfterFXLib.dll,ascii,32170033,?S_IsFileOrFolder@CDragItemV2@internal@ecp@@SA_NAEBV?$basic_string@EU?$char_traits@E@std@@U?$STLAllocator@E@allocator@dvacore@@@std@@@Z
AfterFXLib.dll,ascii,32170573,?S_ReloadGridGuidePrefs@CPanoProjItem@@SAXXZ
AfterFXLib.dll,ascii,32171326,?S_i_plugin_needs_idleL@CSwitchboard@@0HA
AfterFXLib.dll,ascii,32175526,?SearchForModelInProject@AEVulcanClient@@CAHPEAXPEAVBEE_Item@@PEAVBEE_FolderItem@@H@Z
AfterFXLib.dll,ascii,32177083,?SelectKeyframesWithLabel@CComposition@@AEAAXPEAVBEE_Layer@@CEPEAVBEE_Selection@@PEAH@Z
AfterFXLib.dll,ascii,32181237,?SetCloneSourceProperties@CComposition@@QEAAXPEAVBEE_AVLayer@@PEAV?$M_Vector2T@N@@PEAUT_Time@@@Z
AfterFXLib.dll,ascii,32182422,?SetCompFlagsR@CComposition@@AEAAXPEAUFEE_SetCompFlagsRec@@PEAVBEE_CScanState@@@Z
AfterFXLib.dll,ascii,32183420,?SetDefaultTemplateFolder@CEggApp@@AEAAHXZ
AfterFXLib.dll,ascii,32188826,?SetHideUXPHomeScreenFunction@WelcomeScreenManager@@SAXV?$function@$$A6A_NXZ@std@@@Z
AfterFXLib.dll,ascii,32189355,?SetIsUXPHomeScreenVisibleFunction@WelcomeScreenManager@@SAXV?$function@$$A6A_NXZ@std@@@Z
AfterFXLib.dll,ascii,32197144,?SetRecursiveQuality@CComposition@@SAXPEAVBEE_Layer@@PEAVBEE_CScanState@@F_NW4PF_SampleQuality@@@Z
AfterFXLib.dll,ascii,32197243,?SetRecursiveResolution@CComposition@@UEAAXPEAVBEE_CompItem@@PEAVBEE_CScanState@@UBEE_Dsf@@@Z
AfterFXLib.dll,ascii,32199633,?SetShowUXPHomeScreenFunction@WelcomeScreenManager@@SAXV?$function@$$A6A_NXZ@std@@@Z
AfterFXLib.dll,ascii,32201938,?SetTargetFolder@FileDragReceiver@@QEAAXPEAVCTopicPane@@_N@Z
AfterFXLib.dll,ascii,32201999,?SetTargetFolder@FileDragReceiverV2@internal@ecp@@QEAAXPEAVCECTopicPaneV2@23@_N@Z
AfterFXLib.dll,ascii,32203210,?SetUXPGetCCXUserJSONDataFunction@WelcomeScreenManager@@SAXV?$function@$$A6A?AV?$basic_string@_WU?$char_traits@_W@std@@U?$STLAllocator@_W@allocator@dvacore@@@std@@XZ@std@@@Z
AfterFXLib.dll,ascii,32203384,?SetUXPTutorialLauncherFunction@WelcomeScreenManager@@SAXV?$function@$$A6AXPEBD@Z@std@@@Z
AfterFXLib.dll,ascii,32206587,?ShortcutsVersion_G_zref@@3PEAUU_ZLStrCache_Opaque@@EA
AfterFXLib.dll,ascii,32211125,?SnapPoints@CPanoProjItem@@UEAAXPEBV?$M_Vector2T@N@@HHPEAXP6AE1PEBUM_FixedPoint@@EPEAE3PEAU3@@ZPEAH666@Z
AfterFXLib.dll,ascii,32225157,?TLOutlinePano_G_zref@@3PEAUU_ZLStrCache_Opaque@@EA
AfterFXLib.dll,ascii,32225754,?TangentToFloatSource@CPanoProjItem@@UEAAXPEAVBEE_Layer@@PEBVTDB_Stream@@PEBUT_Time@@PEAN3PEAV?$M_Vector2T@N@@PEAE@Z
AfterFXLib.dll,ascii,32225967,?TestLoadingProject_DecrementCancelEvent@CEggApp@@QEAAXXZ
AfterFXLib.dll,ascii,32226025,?TestLoadingProject_GetHowManyCancelEventsToWait@CEggApp@@QEAA_KXZ
AfterFXLib.dll,ascii,32226092,?TestLoadingProject_GetIsActive@CEggApp@@QEAA_NXZ
AfterFXLib.dll,ascii,32226142,?TestLoadingProject_SetHowManyCancelEventsToWait@CEggApp@@QEAAX_K@Z
AfterFXLib.dll,ascii,32226436,?TextLayerUI_G_zref@@3PEAUU_ZLStrCache_Opaque@@EA
AfterFXLib.dll,ascii,32230290,?Tracker_G_zref@@3PEAUU_ZLStrCache_Opaque@@EA
AfterFXLib.dll,ascii,32245653,?WF_HasWatchFolderDialog@@YAEXZ
AfterFXLib.dll,ascii,32245728,?WF_WatchFolder@@YAXPEAUFILE_Spec@@@Z
AfterFXLib.dll,ascii,32246830,?WriteOutPrefs@FastPrefLoader@@QEAAXXZ
AfterFXLib.dll,ascii,32249308,?gActivateWindow@@3PEAVCDirTabPanel@@EA
AfterFXLib.dll,ascii,32249348,?gAppearance@@3PEAVCAppearance@@EA
AfterFXLib.dll,ascii,32249383,?gBartender@@3PEAVCBartender@@EA
AfterFXLib.dll,ascii,32249416,?gDesktop@@3PEAVCDesktopPlus@@EA
AfterFXLib.dll,ascii,32249449,?gEgg@@3PEAVCEggApp@@EA
AfterFXLib.dll,ascii,32249490,?gToolTips@@3PEAVCToolTips@@EA
AfterFXLib.dll,ascii,32251152,?sCanShow@WelcomeScreenManager@@0_NA
AfterFXLib.dll,ascii,32251355,?sHideUXPHomeScreenFunction@WelcomeScreenManager@@0V?$function@$$A6A_NXZ@std@@A
AfterFXLib.dll,ascii,32251435,?sIsUXPHomeScreenVisibleFunction@WelcomeScreenManager@@0V?$function@$$A6A_NXZ@std@@A
AfterFXLib.dll,ascii,32251520,?sShowUXPHomeScreenFunction@WelcomeScreenManager@@0V?$function@$$A6A_NXZ@std@@A
AfterFXLib.dll,ascii,32251600,?sUXPTutorialLauncherFunction@WelcomeScreenManager@@0V?$function@$$A6AXPEBD@Z@std@@A
AfterFXLib.dll,ascii,32252669,GetCEPPalSuite
AfterFXLib.dll,ascii,32324172,LoadLibraryExW
AfterFXLib.dll,ascii,32325538,VkKeyScanW
AfterFXLib.dll,ascii,32325620,LoadCursorW
AfterFXLib.dll,ascii,32325634,LoadIconW
AfterFXLib.dll,ascii,32329426,?load@CascadeClassifier@cv@@QEAA_NAEBV?$basic_string@DU?$char_traits@D@std@@V?$allocator@D@2@@std@@@Z
AfterFXLib.dll,ascii,32333822,?DoThrowNullPtrException@config@dvacore@@YAXAEBV?$basic_string@EU?$char_traits@E@std@@U?$STLAllocator@E@allocator@dvacore@@@std@@@Z
AfterFXLib.dll,ascii,32341492,?GetErrorMessage@dva_exception@config@dvacore@@QEBA?AV?$basic_string@EU?$char_traits@E@std@@U?$STLAllocator@E@allocator@dvacore@@@std@@XZ
AfterFXLib.dll,ascii,32347366,??0dva_exception@config@dvacore@@QEAA@PEBDH@Z
AfterFXLib.dll,ascii,32347414,??1dva_exception@config@dvacore@@UEAA@XZ
AfterFXLib.dll,ascii,32347458,??0dva_exception@config@dvacore@@QEAA@AEBV012@@Z
AfterFXLib.dll,ascii,32347886,??$LogException@Vexception_ptr@std@@@logging@dvacore@@YAXAEBVexception_ptr@std@@VStringValue@utility@1@PEAV?$basic_string@EU?$char_traits@E@std@@U?$STLAllocator@E@allocator@dvacore@@@3@@Z
AfterFXLib.dll,ascii,32348680,?what@dva_exception@config@dvacore@@UEBAPEBDXZ
AfterFXLib.dll,ascii,32348730,?FormatErrorMessage@dva_exception@config@dvacore@@MEBA?AV?$basic_string@EU?$char_traits@E@std@@U?$STLAllocator@E@allocator@dvacore@@@std@@QEBD@Z
AfterFXLib.dll,ascii,32348878,?FormatStringValue@dva_exception@config@dvacore@@MEBA?AVStringValue@utility@3@AEBV453@@Z
AfterFXLib.dll,ascii,32349586,?ExtractResultFromException@config@dvacore@@YAHAEBVexception_ptr@std@@@Z
AfterFXLib.dll,ascii,32352420,?DirectoryExists@FileUtils@utility@dvacore@@YA_NAEBV?$basic_string@_WU?$char_traits@_W@std@@U?$STLAllocator@_W@allocator@dvacore@@@std@@@Z
AfterFXLib.dll,ascii,32352562,?GetPathDirectory@FileUtils@utility@dvacore@@YA?AV?$basic_string@_WU?$char_traits@_W@std@@U?$STLAllocator@_W@allocator@dvacore@@@std@@AEBV45@@Z
AfterFXLib.dll,ascii,32356684,?GetExtensionUTF8@File@filesupport@dvacore@@QEBA?AV?$basic_string@EU?$char_traits@E@std@@U?$STLAllocator@E@allocator@dvacore@@@std@@_N@Z
AfterFXLib.dll,ascii,32358736,?GetInstanceP0@ConsoleLogFile@console@dvacore@@SAPEAV123@XZ
AfterFXLib.dll,ascii,32358850,?RequiredPluginsDir@commondirs@filesupport@dvacore@@YA?AVDir@23@XZ
AfterFXLib.dll,ascii,32359520,?InternalHiddenFilterWindowsSEHException@exceptions@utility@dvacore@@YAJI_NPEBDH1@Z
AfterFXLib.dll,ascii,32365304,?PluginsDir@commondirs@filesupport@dvacore@@YA?AVDir@23@XZ
AfterFXLib.dll,ascii,32365664,?SetPluginsDirOverride@commondirs@filesupport@dvacore@@YAXAEBVDir@23@@Z
AfterFXLib.dll,ascii,32365738,?SetRequiredPluginsDirOverride@commondirs@filesupport@dvacore@@YAXAEBVDir@23@@Z
AfterFXLib.dll,ascii,32365994,?GetExtension@File@filesupport@dvacore@@QEBA?AV?$basic_string@_WU?$char_traits@_W@std@@U?$STLAllocator@_W@allocator@dvacore@@@std@@_N@Z
AfterFXLib.dll,ascii,32366342,?LoadPropList@utils@proplist@dvacore@@YAXAEBV?$basic_string@EU?$char_traits@E@std@@U?$STLAllocator@E@allocator@dvacore@@@std@@AEAVPropList@23@_N@Z
AfterFXLib.dll,ascii,32369932,?EnsureDirectoryExists@FileUtils@utility@dvacore@@YA_NAEBV?$basic_string@_WU?$char_traits@_W@std@@U?$STLAllocator@_W@allocator@dvacore@@@std@@@Z
AfterFXLib.dll,ascii,32370080,?EnsureDirectoryExists@FileUtils@utility@dvacore@@YA_NAEBV?$basic_string@EU?$char_traits@E@std@@U?$STLAllocator@E@allocator@dvacore@@@std@@@Z
AfterFXLib.dll,ascii,32370892,?GetPlatformDirectorySeparator@FileUtils@utility@dvacore@@YAAEBV?$basic_string@_WU?$char_traits@_W@std@@U?$STLAllocator@_W@allocator@dvacore@@@std@@XZ
AfterFXLib.dll,ascii,32374962,?RevealFolder@FileUtils@utility@dvacore@@YA_NAEBV?$basic_string@EU?$char_traits@E@std@@U?$STLAllocator@E@allocator@dvacore@@@std@@@Z
AfterFXLib.dll,ascii,32378792,?kAppShortName@config@dvacore@@3PEBDEB
AfterFXLib.dll,ascii,32378834,?kAppMajorVersion@config@dvacore@@3PEBDEB
AfterFXLib.dll,ascii,32378878,?kAppMinorVersion@config@dvacore@@3PEBDEB
AfterFXLib.dll,ascii,32378922,?kAppPatchVersion@config@dvacore@@3PEBDEB
AfterFXLib.dll,ascii,32378966,?kAppBuildNumber@config@dvacore@@3PEBDEB
AfterFXLib.dll,ascii,32379010,?kSuiteVersion@config@dvacore@@3PEBDEB
AfterFXLib.dll,ascii,32379052,?kSuiteBrandingVersion@config@dvacore@@3PEBDEB
AfterFXLib.dll,ascii,32379102,?kSuiteBrandingMinorVersion@config@dvacore@@3PEBDEB
AfterFXLib.dll,ascii,32379156,?kAppIsHeadless@config@dvacore@@3PEBDEB
AfterFXLib.dll,ascii,32447195,A?IsSpringLoaded@UI_Button@controls@dvaui@@QEBA_NXZ
AfterFXLib.dll,ascii,32468662,rP?SetSpringLoaded@UI_Button@controls@dvaui@@QEAAX_N@Z
AfterFXLib.dll,ascii,32491696,OJ?SetDefaultDirectory@OS_NavigationDialog@dialogs@dvaui@@UEAAXAEBV?$basic_string@_WU?$char_traits@_W@std@@U?$STLAllocator@_W@allocator@dvacore@@@std@@@Z
AfterFXLib.dll,ascii,32491852,??0OS_FolderChooserDialog@dialogs@dvaui@@QEAA@QEAVUI_Node@ui@2@AEBV?$Flags@I@utility@dvacore@@@Z
AfterFXLib.dll,ascii,32491952,??1OS_FolderChooserDialog@dialogs@dvaui@@UEAA@XZ
AfterFXLib.dll,ascii,32492002,gF?RunModal@OS_FolderChooserDialog@dialogs@dvaui@@UEAAXXZ
AfterFXLib.dll,ascii,32507420,NB?LOAD_2X_IMAGES@@3VImmutableString@utility@dvacore@@B
AfterFXLib.dll,ascii,32507476,OB?LOAD_3TO2X_IMAGES@@3VImmutableString@utility@dvacore@@B
AfterFXLib.dll,ascii,32520525,B?MakeCursorFromPNG@ResourceManager@utility@dvaui@@UEBAXHAEBV?$basic_string@_WU?$char_traits@_W@std@@U?$STLAllocator@_W@allocator@dvacore@@@std@@FFW4LoadByPolicy@123@@Z
AfterFXLib.dll,ascii,32522504,QR?ShouldForcePointerEventsToDefaultProc@OS_NodeManager@ui@dvaui@@UEBA_NXZ
AfterFXLib.dll,ascii,32522580,\.?ForcePointerEventsToDefaultProc@OS_NodeManager@ui@dvaui@@UEAAX_NH@Z
AfterFXLib.dll,ascii,32547232,??0ClickableStringPayload@ksv@dvaui@@QEAA@AEBV?$basic_string@_WU?$char_traits@_W@std@@U?$STLAllocator@_W@allocator@dvacore@@@std@@I@Z
AfterFXLib.dll,ascii,32547368,??1ClickableStringPayload@ksv@dvaui@@QEAA@XZ
AfterFXLib.dll,ascii,32547416,??0ClickableStringPayload@ksv@dvaui@@QEAA@AEBU012@@Z
AfterFXLib.dll,ascii,32547472,??0ClickableStringPayload@ksv@dvaui@@QEAA@$$QEAU012@@Z
AfterFXLib.dll,ascii,32553144,??0HTTPDownloadManager@http@dvaappsupport@@QEAA@II@Z
AfterFXLib.dll,ascii,32553200,??1HTTPDownloadManager@http@dvaappsupport@@QEAA@XZ
AfterFXLib.dll,ascii,32553254,?FlushAllDownloads@HTTPDownloadManager@http@dvaappsupport@@QEAAXXZ
AfterFXLib.dll,ascii,32555430,?kModuleIdentifier@SDMUsageLogger@analytics@dvaappsupport@@3PEBDEB
AfterFXLib.dll,ascii,32560112,?kDefaultExtensionType@dvauxphost@@3VImmutableString@utility@dvacore@@B
AfterFXLib.dll,ascii,32560186,?kDefaultExtensionCommand@dvauxphost@@3VImmutableString@utility@dvacore@@B
AfterFXLib.dll,ascii,32560264,?SetClientHostAPIObject@dvauxphost@@YAXAEBUClientHostAPIInfo@1@@Z
AfterFXLib.dll,ascii,32560332,?SendEventToJS@dvauxphost@@YAXAEBV?$basic_string@DU?$char_traits@D@std@@V?$allocator@D@2@@std@@@Z
AfterFXLib.dll,ascii,32560432,?AsyncGetDunamisSessionIDAndOptOut@dvauxphost@@YAXXZ
AfterFXLib.dll,ascii,32560488,?LoadExtensionById@dvauxphost@@YA?AV?$shared_ptr@VUXPInstance@dvauxphost@@@std@@AEBVImmutableString@utility@dvacore@@0000$$QEAV?$function@$$A6AXAEBV?$shared_ptr@VUXPInstance@dvauxphost@@@std@@AEBHAEBV?$basic_string@_WU?$char_traits@_W@std@@U?$STLAllocator@_W@allocator@dvacore@@@2@@Z@3@@Z
AfterFXLib.dll,ascii,32560780,?CreateHostView@dvauxphost@@YAPEAVUI_Node@ui@dvaui@@AEBVImmutableString@utility@dvacore@@0AEBV?$shared_ptr@VUXPInstance@dvauxphost@@@std@@@Z
AfterFXLib.dll,ascii,32560924,?AttachHostView@dvauxphost@@YAPEAVUI_Node@ui@dvaui@@AEBVImmutableString@utility@dvacore@@AEBV?$shared_ptr@VUXPInstance@dvauxphost@@@std@@AEBQEAV234@@Z
AfterFXLib.dll,ascii,32561078,?ExecuteOnMainThreadWhenReady@dvauxphost@@YA_NV?$function@$$A6AXXZ@std@@@Z
AfterFXLib.dll,ascii,32561156,?GenerateUniqueCallId@utilities@dvauxphost@@YA?AVImmutableString@utility@dvacore@@XZ
AfterFXLib.dll,ascii,32561242,dvauxphost.dll
AfterFXLib.dll,ascii,32582864,??0Manager@workspace@dvaworkspace@@QEAA@AEAVWorkspace@12@AEBV?$basic_string@_WU?$char_traits@_W@std@@U?$STLAllocator@_W@allocator@dvacore@@@std@@11PEAVBuiltInWorkspaceProviderBase@12@_N3@Z
AfterFXLib.dll,ascii,32583390,?GetUserWorkspaceFolder@Manager@workspace@dvaworkspace@@MEBA?AV?$basic_string@_WU?$char_traits@_W@std@@U?$STLAllocator@_W@allocator@dvacore@@@std@@XZ
AfterFXLib.dll,ascii,32583700,?LoadManagerSettings@Manager@workspace@dvaworkspace@@MEAA_NAEAVPropList@proplist@dvacore@@@Z
AfterFXLib.dll,ascii,32583796,?DoLoadWorkspace@Manager@workspace@dvaworkspace@@MEAAXPEAVWorkspaceEntryImplData@23@AEAVPropList@proplist@dvacore@@@Z
AfterFXLib.dll,ascii,32597554,??1BuiltInWorkspaceProviderBase@workspace@dvaworkspace@@UEAA@XZ
AfterFXLib.dll,ascii,32597620,??0BuiltInWorkspaceProviderBase@workspace@dvaworkspace@@QEAA@XZ
AfterFXLib.dll,ascii,32597924,?CanBeTaggedAsNew@BuiltInWorkspaceProviderBase@workspace@dvaworkspace@@UEBA_NAEBV?$basic_string@EU?$char_traits@E@std@@U?$STLAllocator@E@allocator@dvacore@@@std@@@Z
AfterFXLib.dll,ascii,32598092,?GetCustomMenuIdFromWorkspace@BuiltInWorkspaceProviderBase@workspace@dvaworkspace@@UEBAIAEBV?$basic_string@EU?$char_traits@E@std@@U?$STLAllocator@E@allocator@dvacore@@@std@@@Z
AfterFXLib.dll,ascii,32598270,?GetWorkspaceStringKeys@BuiltInWorkspaceProviderBase@workspace@dvaworkspace@@UEBA?AV?$list@V?$basic_string@EU?$char_traits@E@std@@U?$STLAllocator@E@allocator@dvacore@@@std@@U?$STLAllocator@V?$basic_string@EU?$char_traits@E@std@@U?$STLAllocator@E@allocator@dvacore@@@std@@@allocator@dvacore@@@std@@XZ
AfterFXLib.dll,ascii,32598572,?SupportsLocalizedWorkspaceNames@BuiltInWorkspaceProviderBase@workspace@dvaworkspace@@UEBA_NXZ
AfterFXLib.dll,ascii,32598670,?GetCustomSortedWorkspaces@WorkspaceProviderBase@workspace@dvaworkspace@@UEBAXAEAV?$vector@V?$basic_string@EU?$char_traits@E@std@@U?$STLAllocator@E@allocator@dvacore@@@std@@U?$STLAllocator@V?$basic_string@EU?$char_traits@E@std@@U?$STLAllocator@E@allocator@dvacore@@@std@@@allocator@dvacore@@@std@@@Z
AfterFXLib.dll,ascii,32601772,?DoLoadStateData@TabPanel@workspace@dvaworkspace@@EEAAXPEBVPropList@proplist@dvacore@@@Z
AfterFXLib.dll,ascii,32602442,?CheckWorkspaceLoading@ManagerBase@workspace@dvaworkspace@@QEBA_NXZ
AfterFXLib.dll,ascii,32603108,??0InferencePriorityMap@dvamlprocessing@@QEAA@XZ
AfterFXLib.dll,ascii,32603160,?GetModelEvaluatorRef@dvamlprocessing@@YA?AV?$Future@V?$InterfaceRef@UIModelEvaluator@dvamlprocessing@@@classref@dvacore@@@async@dvacore@@AEBVImmutableString@utility@4@W4EvaluatorType@1@VInferencePriorityMap@1@@Z
AfterFXLib.dll,ascii,32609044,?GetEveScriptLoader@VisualShortcutsDialog@dvaadameve@@SA?AVUI_EveScriptLoader@evecontracts@dvaui@@XZ
AfterFXLib.dll,ascii,32609598,?GetFileExtension@UI_EveViewBase@dvaevefactory@@UEBA?AV?$basic_string@EU?$char_traits@E@std@@U?$STLAllocator@E@allocator@dvacore@@@std@@XZ
AfterFXLib.dll,ascii,32622088,?kCharacterAnimatorSourceTypeProjectExtension@CharacterAnimatorServer@dynamiclink@@2V?$basic_string@_WU?$char_traits@_W@std@@U?$STLAllocator@_W@allocator@dvacore@@@std@@B
AfterFXLib.dll,ascii,32625914,?CAPSULE_PLATFORMSUPPORT_PREMIEREPRO_STR@dvacapsule@@3PEBDEB
AfterFXLib.dll,ascii,32625978,?CAPSULE_PLATFORMSUPPORT_AFTER_EFFECTS_STR@dvacapsule@@3PEBDEB
AfterFXLib.dll,ascii,32626044,?CAPSULE_VERSION_UNSUPPORTED@dvacapsule@@3PEBDEB
AfterFXLib.dll,ascii,32626096,?CAPSULE_VERSION_FALL_2017@dvacapsule@@3PEBDEB
AfterFXLib.dll,ascii,32626146,?CAPSULE_VERSION_FALL_2018@dvacapsule@@3PEBDEB
AfterFXLib.dll,ascii,32626196,?CAPSULE_VERSION_SPRING_2019@dvacapsule@@3PEBDEB
AfterFXLib.dll,ascii,32652194,?ReloadOCIOConfigurationFile@ColorSpaceUtils@MF@@YA_NAEBV?$basic_string@EU?$char_traits@E@std@@U?$STLAllocator@E@allocator@dvacore@@@std@@@Z
AfterFXLib.dll,ascii,32655936,?GetProjectFolderLaunchFilePath@ProjectUtils@BE@@YA?AV?$basic_string@EU?$char_traits@E@std@@U?$STLAllocator@E@allocator@dvacore@@@std@@AEBV34@@Z
AfterFXLib.dll,ascii,32656084,?ValidateAndGetProjectFolderPath@ProjectUtils@BE@@YA_NAEAV?$basic_string@EU?$char_traits@E@std@@U?$STLAllocator@E@allocator@dvacore@@@std@@@Z
AfterFXLib.dll,ascii,32656626,?SetOKButtonEnabled@EffectPluginManagerBaseDialog@ML@@QEBAX_N@Z
AfterFXLib.dll,ascii,32656692,??0EffectPluginManagerDialog@ML@@QEAA@QEBUSupplierInterface@drawbot@dvaui@@AEBV?$basic_string@_WU?$char_traits@_W@std@@U?$STLAllocator@_W@allocator@dvacore@@@std@@QEAVUI_Node@ui@4@@Z
AfterFXLib.dll,ascii,32656878,?InitializeWithSettings@EffectPluginManagerDialog@ML@@QEAAXUAllEffectSettings@2@@Z
AfterFXLib.dll,ascii,32656964,?GetModifiedItems@EffectPluginManagerDialog@ML@@QEBAAEBV?$set@V?$shared_ptr@UEffectSettings@ML@@@std@@U?$less@V?$shared_ptr@UEffectSettings@ML@@@std@@@2@U?$STLAllocator@V?$shared_ptr@UEffectSettings@ML@@@std@@@allocator@dvacore@@@std@@XZ
AfterFXLib.dll,ascii,32657204,?ShowSupportURL@EffectPluginManagerDialog@ML@@QEAAX_N@Z
AfterFXLib.dll,ascii,32657262,??_DEffectPluginManagerDialog@ML@@QEAAXXZ
AfterFXLib.dll,ascii,32657768,?Create@ProjectLoadStatus@ML@@SA?AV?$InterfaceRef@UIProjectLoadStatus@BE@@@classref@dvacore@@XZ
AfterFXLib.dll,ascii,32657866,?Create@ProjectLoadSupport@ML@@SA?AV?$InterfaceRef@VProjectLoadSupport@ML@@@classref@dvacore@@V?$InterfaceRef@UIProject@BE@@@45@W4ProjectLoadType@BE@@V?$InterfaceRef@UIProjectLoadStatus@BE@@@45@@Z
AfterFXLib.dll,ascii,32658438,?CreateOrUpdateMonitorColorSpaceByID@DS@@YAXPEAXAEAV?$shared_ptr@PEAVACEProfile@@@std@@AEAV?$shared_ptr@UColorSpace@color@dvamediatypes@@@3@PEA_N@Z
AfterFXLib.dll,ascii,32659004,?OverrideKernelLoadingReportingParameters@UI@MC@@YAHHMHH@Z
AfterFXLib.dll,ascii,32659220,?U_TranslateAndReportException@@YAHAEAVexception@std@@@Z
AfterFXLib.dll,ascii,32665996,?GetDrawItemPayload@UI_MenuSpec@@QEBA?AV?$optional@I@std@@XZ
AfterFXLib.dll,ascii,32666060,?GetSelectedItemPayload@UI_MenuSpec@@QEBA?AV?$optional@I@std@@XZ
AfterFXLib.dll,ascii,32668028,?CalcActiveRangeExtension@SpanManager@samurai@@QEBAIHW4SpanDirection@12@I@Z
AfterFXLib.dll,ascii,32675760,?GetTestingFolder@U@@YA?AVDir@filesupport@dvacore@@XZ
AfterFXLib.dll,ascii,32675918,U_SetGlobalUnhandledExceptionOrHardwareErrorHandler
AfterFXLib.dll,ascii,32676374,?U_RegisterExceptionTranslatorImpl@@YAIV?$function@$$A6A_NPEAVexception@std@@PEAH@Z@std@@@Z
AfterFXLib.dll,ascii,32681380,?GetItemPayload@Item@UI_CompactActionButtonGroupSpec@@QEBAHXZ
AfterFXLib.dll,ascii,32685294,?ContainsPayload@UI_MenuSpec@@QEBA_NAEBI@Z
AfterFXLib.dll,ascii,32685964,?GetItemOfPayload@UI_MenuSpec@@QEBA?AV?$optional@VItem@UI_MenuSpec@@@std@@I@Z
AfterFXLib.dll,ascii,32686464,U_InvokeUnhandledExceptionOrHardwareErrorHandler
AfterFXLib.dll,ascii,32687388,?TranslateAndThrowATLException@@YAXAEAVCAtlException@ATL@@PEBDH@Z
AfterFXLib.dll,ascii,32688836,FILE_InqExtension
AfterFXLib.dll,ascii,32689096,?FILE_PopExtension@@YA?AV?$basic_string@_WU?$char_traits@_W@std@@U?$STLAllocator@_W@allocator@dvacore@@@std@@AEAV12@_N@Z
AfterFXLib.dll,ascii,32690008,FILE_DirInqFileSpecByNameThrowIfFolderMissing
AfterFXLib.dll,ascii,32693112,?MigrateFilesAndDirToNewSiblingDirectory@PreviousVersionFiles@@QEAA_NAEBV?$basic_string@_WU?$char_traits@_W@std@@U?$STLAllocator@_W@allocator@dvacore@@@std@@@Z
AfterFXLib.dll,ascii,32698770,?PIN_ReportSMExcept@@YAHAEBVSM_Exception@SM@BE@@PEAUFILE_Spec@@@Z
AfterFXLib.dll,ascii,32700408,?PIN_Guess2233Pulldown@@YAHPEAVPIN_SeqSpec@@PEAH1PEAD@Z
AfterFXLib.dll,ascii,32703626,?PIN_ParseSeqFileNameUni@@YAXAEBV?$basic_string@_WU?$char_traits@_W@std@@U?$STLAllocator@_W@allocator@dvacore@@@std@@_NPEAV12@2PEAH3PEA_N3@Z
AfterFXLib.dll,ascii,32705172,?PIN_SetExtension_Ascii@@YAHPEBDAEAVPIN_FileExt@@@Z
AfterFXLib.dll,ascii,32706516,?PIN_NewSeqSpecMissing@@YAHPEAVTDB_Project@@HHAEAV?$basic_string@_WU?$char_traits@_W@std@@U?$STLAllocator@_W@allocator@dvacore@@@std@@_NPEBUT_Time@@3PEAV?$shared_ptr@VPIN_SeqSpec@@@boost@@PEAU_FILE_AliasRec@@PEBV23@AEBV?$shared_ptr@VCOR_ACE_ProfilePool@@@3@@Z
AfterFXLib.dll,ascii,32706962,?GetContentCredentialScanned@PIN_SeqSpec@@QEBA_NXZ
AfterFXLib.dll,ascii,32708260,?PIN_SetExtension@@YAXAEBV?$basic_string@_WU?$char_traits@_W@std@@U?$STLAllocator@_W@allocator@dvacore@@@std@@AEAVPIN_FileExt@@@Z
AfterFXLib.dll,ascii,32708392,?PIN_GetExtension@@YA?AV?$basic_string@_WU?$char_traits@_W@std@@U?$STLAllocator@_W@allocator@dvacore@@@std@@AEBVPIN_FileExt@@_N@Z
AfterFXLib.dll,ascii,32708524,?PIN_EqualExtensions@@YA_NAEBVPIN_FileExt@@0@Z
AfterFXLib.dll,ascii,32710718,?PIN_GetNewOutputColorSpaceProfile@@YAHPEAVPIN_OutSpec@@AEBV?$shared_ptr@$$CBVPF_ColorSettings@@@std@@_NPEAPEAVCOR_ACE_Profile@@@Z
AfterFXLib.dll,ascii,32711354,??0COR_ACE_Profile@@QEAA@PEAVACEProfile@@@Z
AfterFXLib.dll,ascii,32711400,?GetProfile@COR_ACE_Profile@@QEBAAEBQEAVACEProfile@@XZ
AfterFXLib.dll,ascii,32711792,?ACEProfileToDVAColorSpace@@YA?AUColorSpace@color@dvamediatypes@@V?$shared_ptr@VCOR_ACE_Profile@@@boost@@_N@Z
AfterFXLib.dll,ascii,32712470,?COR_ACEProfilesMatch@@YA_NV?$shared_ptr@VCOR_ACE_Profile@@@boost@@0@Z
AfterFXLib.dll,ascii,32712652,?DVAColorSpaceToACEProfile@@YA?AV?$shared_ptr@VCOR_ACE_Profile@@@boost@@AEBUColorSpace@color@dvamediatypes@@@Z
AfterFXLib.dll,ascii,32712766,?COR_Conception@@YAH_N@Z
AfterFXLib.dll,ascii,32713386,??0COR_ACE_Transform@@QEAA@PEAVACEProfile@@0@Z
AfterFXLib.dll,ascii,32714560,?MSK_NewMasksFromWorld@@YAXPEBVPF_World@@PEBUMSK_AutoTraceParams@@AEAV?$vector@V?$shared_ptr@VOM_Shape@@@boost@@V?$allocator@V?$shared_ptr@VOM_Shape@@@boost@@@std@@@std@@@Z
AfterFXLib.dll,ascii,32714744,?OM_StreamNamePtr_MASK_SHAPE@@3PEBV?$TDB_DerivedMatchName@VOM_Stream@@@@EB
AfterFXLib.dll,ascii,32717386,?OM_ShapeIntersect@@YAHPEAVOM_Shape@@MAEBV?$M_Vector2T@M@@E_NPEAM33PEAH3PEAEPEAV?$M_Vector2T@N@@5PEAI@Z
AfterFXLib.dll,ascii,32725004,?IsCanonical@TDB_StreamBase@@QEBA_NXZ
AfterFXLib.dll,ascii,32735456,?IsLoading@TDB_StreamBase@@UEBA_NXZ
AfterFXLib.dll,ascii,32739532,?IsLoading@TDB_StreamGroup@@UEBA_NXZ
AfterFXLib.dll,ascii,32747362,PF_ClearAlphaExceptRect
AfterFXLib.dll,ascii,32748988,?GetInfos@PLUG_IncompatiblePluginRegistry@@SA?AV?$vector@UPluginInfo@PLUG_IncompatiblePluginRegistry@@U?$STLAllocator@UPluginInfo@PLUG_IncompatiblePluginRegistry@@@allocator@dvacore@@@std@@_N@Z
AfterFXLib.dll,ascii,32749390,?PLUG_InstallScan@@YAHPEAPEAUPLUG_Sack@@FPEAHP6AHPEAUPLUG_ScanData@@EPEAX@ZP6AH3P6AHFPEBD3PEAE@Z3@Z3@Z
AfterFXLib.dll,ascii,32771736,??0FLT_EffectSettingsForPluginManager@@QEAA@XZ
AfterFXLib.dll,ascii,32771786,??1FLT_EffectSettingsForPluginManager@@QEAA@XZ
AfterFXLib.dll,ascii,32771836,?FLT_GetEffectSettingsForPluginManager@@YAXAEAV?$set@V?$shared_ptr@UFLT_EffectSettingsForPluginManager@@@std@@U?$less@V?$shared_ptr@UFLT_EffectSettingsForPluginManager@@@std@@@2@V?$allocator@V?$shared_ptr@UFLT_EffectSettingsForPluginManager@@@std@@@2@@std@@_N@Z
AfterFXLib.dll,ascii,32772100,?FLT_UpdateEffectSettingsFromPluginManager@@YAXAEBV?$set@V?$shared_ptr@UFLT_EffectSettingsForPluginManager@@@std@@U?$less@V?$shared_ptr@UFLT_EffectSettingsForPluginManager@@@std@@@2@V?$allocator@V?$shared_ptr@UFLT_EffectSettingsForPluginManager@@@std@@@2@@std@@@Z
AfterFXLib.dll,ascii,32772962,?FLT_PreLoadUnitTestEffects@@YAXXZ
AfterFXLib.dll,ascii,32773234,?FLT_DisableAllThirdPartyPlugins@@YAXXZ
AfterFXLib.dll,ascii,32780142,?AnyPinsCanReset@FRP_MeshGroup@@QEAA_NAEAUT_Time@@II@Z
AfterFXLib.dll,ascii,32783988,?FRP_SetGetPinUISizesCallbackFunc@@YAXP6AMPEAUPF_InData@@PEAUPF_EventExtra@@PEAVFRP_PinAtom@@_N33PEAM44PEAV?$PointT@M@geom@dvacore@@PEAVM_TransformPoly2D@@4@Z@Z
AfterFXLib.dll,ascii,32790470,??0BEE_CScanState@@QEAA@XZ
AfterFXLib.dll,ascii,32790500,??1BEE_CScanState@@UEAA@XZ
AfterFXLib.dll,ascii,32790528,&2?ShouldScan@BEE_CScanState@@QEAAEPEBVBEE_Item@@PEBUT_Time@@1@Z
AfterFXLib.dll,ascii,32794888,?BEE_GetAcceptsShadowsStreamIDPath@@YA?AVTDB_StreamIDPath@@PEBVBEE_Layer@@@Z
AfterFXLib.dll,ascii,32794968,?BEE_GetAcceptsLightsStreamIDPath@@YA?AVTDB_StreamIDPath@@PEBVBEE_Layer@@@Z
AfterFXLib.dll,ascii,32811852,?BEE_G_zref@@3PEAUU_ZLStrCache_Opaque@@EA
AfterFXLib.dll,ascii,32813178,?BEE_StreamName_ACCEPTS_SHADOWS@@3V?$TDB_DerivedMatchName@V?$TDB_CheckBoxStream@U?$TDB_CheckboxTraits@VTDB_DefaultTrue@@V?$BEE_StrLookup@$0BFF@@@$0A@$0A@$00@@@@@@B
AfterFXLib.dll,ascii,32813344,?BEE_StreamName_ACCEPTS_LIGHTS@@3V?$TDB_DerivedMatchName@V?$TDB_CheckBoxStream@U?$TDB_CheckboxTraits@VTDB_DefaultTrue@@V?$BEE_StrLookup@$0BFG@@@$0A@$0A@$0A@@@@@@@B
AfterFXLib.dll,ascii,32826947,*?HasData@BEE_Item@@QEBA_NPEAVBEE_CScanState@@_NPEAV?$basic_string@_WU?$char_traits@_W@std@@U?$STLAllocator@_W@allocator@dvacore@@@std@@@Z
AfterFXLib.dll,ascii,32828371,",?IdenticalExceptForTime@BEE_ItemRenderOptions@@QEBA_NAEBV1@@Z"
AfterFXLib.dll,ascii,32828575,",?IdenticalExceptForTime@BEE_LayerRenderOptions@@QEBA_NAEBV1@@Z"
AfterFXLib.dll,ascii,32830035,-?IsLoading@BEE_Project@@QEBA_NXZ
AfterFXLib.dll,ascii,32833004,)$?GetParentFolder@BEE_Item@@QEAAAEAPEAVBEE_FolderItem@@XZ
AfterFXLib.dll,ascii,32833855,/?ReloadModel@BEE_ModelItem@@QEAAHF@Z
AfterFXLib.dll,ascii,32834438,?BEE_AdjustFolderName@@YA?AV?$basic_string@_WU?$char_traits@_W@std@@U?$STLAllocator@_W@allocator@dvacore@@@std@@AEBV12@@Z
AfterFXLib.dll,ascii,32834842,?BEE_ReloadMaterial@@YAHPEAVBEE_Project@@PEAVBEE_Item@@PEA_N@Z
AfterFXLib.dll,ascii,32835186,?BEE_GetDefaultFolderID@@YAHPEAVBEE_Project@@H@Z
AfterFXLib.dll,ascii,32835774,?ConvertSourcePointToWorldOrScreen@BEE_BoundingBox@@QEAAXPEAV?$M_Vector3T@N@@_N1@Z
AfterFXLib.dll,ascii,32835943,3?SnapSourcePointToScreenBoundingBox@BEE_BoundingBox@@QEAA_NPEAV?$M_Vector3T@N@@V?$shared_ptr@V?$function@$$A6AXAEBV?$M_Vector2T@N@@PEAV1@@Z@std@@@std@@N_N22PEAHPEAN@Z
AfterFXLib.dll,ascii,32850094,?BEE_GetRangeSelectorData@@YAXAEBVTDB_StreamBase@@AEBVTXT_Grid@@AEBUT_Time@@PEAH3PEAN44PEBVTDB_ParamBag@@@Z
AfterFXLib.dll,ascii,32870160,?BEE_GetItemROIdirectDSF@@YAHPEBVBEE_Item@@PEBUM_Rect@@AEBUBEE_Dsf@@PEAF3PEAU2@@Z
AfterFXLib.dll,ascii,32903054,?GetExtensionToSkip@BEE_UniqueNameHelper@@UEBA?AV?$basic_string@_WU?$char_traits@_W@std@@U?$STLAllocator@_W@allocator@dvacore@@@std@@XZ
AfterFXLib.dll,ascii,32903192,?GetIgnoredExtension@BEE_UniqueNameHelper@@UEBA?AV?$basic_string@_WU?$char_traits@_W@std@@U?$STLAllocator@_W@allocator@dvacore@@@std@@XZ
AfterFXLib.dll,ascii,32904487,!?GetLoadProgress@BEE_ModelItem@@QEBAIXZ
AfterFXLib.dll,ascii,32905036,?GetInstance@BEE_ModelLoader@@SAAEAV1@XZ
AfterFXLib.dll,ascii,32905079,0?SetImportListener@BEE_ModelLoader@@QEAAXPEAVIImportProgressListener@@@Z
AfterFXLib.dll,ascii,32906220,?BEE_CmdSetProjectSettings2@@YAHPEAVBEE_Project@@PEBUBEE_TimeDisplayFormat@@PEBDPEBEAEBV?$shared_ptr@VPF_ColorSettings@@@std@@33PEAUSND_FormatInfo@@AEBVGuid@utility@dvacore@@AEBV?$basic_string@_WU?$char_traits@_W@std@@U?$STLAllocator@_W@allocator@dvacore@@@4@@Z
AfterFXLib.dll,ascii,32909492,|%?GetRoot@BEE_Project@@QEAAPEAVBEE_FolderItem@@XZ
AfterFXLib.dll,ascii,32909594,?BEE_ForEachItem@@YAHPEAVBEE_Project@@PEAVBEE_FolderItem@@P6AHPEAXPEAVBEE_Item@@1H@Z2H@Z
AfterFXLib.dll,ascii,32909686,?AddFileToCheck@BEE_AsyncFileReloader@@QEAAXHV?$shared_ptr@V?$basic_string@_WU?$char_traits@_W@std@@U?$STLAllocator@_W@allocator@dvacore@@@std@@@boost@@I_N@Z
AfterFXLib.dll,ascii,32909846,?BEE_GetProjectAsyncFileReloader@@YAAEAVBEE_AsyncFileReloader@@XZ
AfterFXLib.dll,ascii,32909914,?BEE_StartAsyncFileReloaderWorkerThread@@YAXXZ
AfterFXLib.dll,ascii,32910036,?BEE_BetaFeature_Is3DCCLibrariesSharedFolderEnabled@@YA_NXZ
AfterFXLib.dll,ascii,32911308,?ClearLoadingErr@BEE_Project@@QEAAXXZ
AfterFXLib.dll,ascii,32912746,?BEE_AddAllItemsInProjectToAsyncReloadCheck@@YAXI@Z
AfterFXLib.dll,ascii,32912800,?BEE_PopFileToBeReloaded@@YA_NPEAH@Z
AfterFXLib.dll,ascii,32915114,?BEE_LoadProject@@YAHPEAUFILE_Spec@@PEAVBEE_FolderItem@@EEPEAEPEAUBEE_ActiveItemInfo@@PEAIPEAVBEE_Project@@AEBV?$function@$$A6AXXZ@boost@@_N@Z
AfterFXLib.dll,ascii,32916031, ?GetItems@BEE_FolderItem@@QEAAAEAV?$vector@PEAVBEE_Item@@V?$allocator@PEAVBEE_Item@@@std@@@std@@XZ
AfterFXLib.dll,ascii,32923118,?BEE_CmdNewFolder@@YAPEAVBEE_FolderItem@@PEAV1@AEBV?$basic_string@_WU?$char_traits@_W@std@@U?$STLAllocator@_W@allocator@dvacore@@@std@@@Z
AfterFXLib.dll,ascii,32923258,?BEE_GetDefaultFolder@@YAPEAVBEE_FolderItem@@PEAVBEE_Project@@HE@Z
AfterFXLib.dll,ascii,32924136,?BEE_GetDefaultFolderName@@YA?AV?$basic_string@_WU?$char_traits@_W@std@@U?$STLAllocator@_W@allocator@dvacore@@@std@@H@Z
AfterFXLib.dll,ascii,32924258,?BEE_SetDefaultFolderID@@YAXPEAVBEE_Project@@HH@Z
AfterFXLib.dll,ascii,32924310,?BEE_GetDefaultFolderName@@YA?AV?$basic_string@_WU?$char_traits@_W@std@@U?$STLAllocator@_W@allocator@dvacore@@@std@@PEAVBEE_Project@@H@Z
AfterFXLib.dll,ascii,32924450,?BEE_SetDefaultFolderName@@YAXPEAVBEE_Project@@HV?$basic_string@_WU?$char_traits@_W@std@@U?$STLAllocator@_W@allocator@dvacore@@@std@@@Z
AfterFXLib.dll,ascii,32927358,?FinishLoading@BEE_ModelItem@@QEAAHF@Z
AfterFXLib.dll,ascii,32927400,?FindAllModels@BEE_ModelItem@@SAHPEAXPEAVBEE_Item@@PEAVBEE_FolderItem@@H@Z
AfterFXLib.dll,ascii,32927530,?BEE_DoLoadProject@@YA_NPEAVBEE_Project@@PEAUFILE_Spec@@PEAUBEE_LoadParams@@E@Z
AfterFXLib.dll,ascii,32930280,?BEE_IsSubstancePin@@YA_NV?$shared_ptr@VPIN_SeqSpec@@@boost@@@Z
AfterFXLib.dll,ascii,32931180,?BEE_AddFootageToProject@@YAHPEAVBEE_Project@@V?$shared_ptr@VPIN_SeqSpec@@@boost@@PEAVBEE_FolderItem@@W4BEE_AddFootageContext@@PEAPEAVBEE_FootageItem@@@Z
AfterFXLib.dll,ascii,32931644,?BEE_CmdUpgradeFolderPixelAspectRatiosToCS4@@YAHPEAVBEE_Project@@PEAVBEE_FolderItem@@PEAI@Z
AfterFXLib.dll,ascii,32931936,?BEE_PasteItemsFromScrap@@YAXFPEAVBEE_FolderItem@@@Z
AfterFXLib.dll,ascii,32932104,?GetFolderFlags@BEE_FolderItem@@QEBAHXZ
AfterFXLib.dll,ascii,32932145,0?SetFolderFlags@BEE_FolderItem@@QEAAXH@Z
AfterFXLib.dll,ascii,32932316,?GetChildItem@BEE_FolderItem@@QEAAPEAVBEE_Item@@H@Z
AfterFXLib.dll,ascii,32932370,?BEE_FindItem@@YAHPEAVBEE_Item@@PEAPEAVBEE_FolderItem@@PEAH@Z
AfterFXLib.dll,ascii,32932434,?BEE_FindItemIndexInFolder@@YAHPEAVBEE_Item@@PEAVBEE_FolderItem@@PEAH@Z
AfterFXLib.dll,ascii,32932548,'2?ShouldScan@BEE_CScanState@@QEAAEPEBVBEE_Layer@@PEBUT_Time@@1@Z
AfterFXLib.dll,ascii,32934230,?BEE_EaseCurveAbsToUnit@@YAXAEBUT_Time@@AEBVTDB_KfInfo@@1AEBV?$M_Vector4T@N@@AEBUBEE_Array4@@23PEAVTDB_UnitEaseCurve@@@Z
AfterFXLib.dll,ascii,32937612,?BEE_BetaFeature_IsEssentialPropertyTextExtensionEnabled@@YA_NXZ
AfterFXLib.dll,ascii,32939629,5?kSubstancePresetsMatchname@@3VTDB_MatchName@@B
AfterFXLib.dll,ascii,32942081,5?kSubstancePropertyMatchname@@3VTDB_MatchName@@B
AfterFXLib.dll,ascii,32942133,4?kPropertyIDTemplate@@3PEBDEB
AfterFXLib.dll,ascii,32942165,4?kGroupIDTemplate@@3PEBDEB
AfterFXLib.dll,ascii,32945006,?BEE_ReleaseTempExtractFolder@@YAXAEBV?$basic_string@_WU?$char_traits@_W@std@@U?$STLAllocator@_W@allocator@dvacore@@@std@@AEAV?$shared_ptr@VOPlatformByteStream@filesupport@dvacore@@@boost@@@Z
AfterFXLib.dll,ascii,32949036,?EGG_G_zref@@3PEAUU_ZLStrCache_Opaque@@EA
AfterFXLib.dll,ascii,32949080,?MT_G_zref@@3PEAUU_ZLStrCache_Opaque@@EA
AfterFXLib.dll,ascii,32949192,?TOTD_G_zref@@3PEAUU_ZLStrCache_Opaque@@EA
AfterFXLib.dll,ascii,32949286,?AE_OLD_MT_G_zref@@3PEAUU_ZLStrCache_Opaque@@EA
AfterFXLib.dll,ascii,32952046,?MEE_PreloadRequiredEffects@@YAX_N@Z
AfterFXLib.dll,ascii,32952584,?SetdownGeneralPlugins@@YAXXZ
AfterFXLib.dll,ascii,32952908,?GetAllGeneralPlugins@@YAAEBV?$vector@UGeneralPlugin@@V?$allocator@UGeneralPlugin@@@std@@@std@@XZ
AfterFXLib.dll,ascii,32953516,?MaxonLiveLinkHook_SendToPluginIfEnabled@@YAXXZ
AfterFXLib.dll,ascii,32953566,?FIM_GetImportFlavorExtensions@@YA?AV?$vector@VPIN_FileExt@@V?$allocator@VPIN_FileExt@@@std@@@std@@H@Z
AfterFXLib.dll,ascii,32953680,?Create@AudioDevicePrefsView@dvaaudiodeviceui@@SA?AV?$IntrusivePtr@VAudioDevicePrefsView@dvaaudiodeviceui@@@RefCountedInterface@utility@dvacore@@PEBUSupplierInterface@drawbot@dvaui@@V?$function@$$A6AXXZ@std@@_N@Z
AfterFXLib.dll,ascii,32954444,?uncaught_exception@std@@YA_NXZ
AfterFXLib.dll,ascii,32954856,?exceptions@ios_base@std@@QEAAXH@Z
AfterFXLib.dll,ascii,32959344,?__ExceptionPtrCreate@@YAXPEAX@Z
AfterFXLib.dll,ascii,32959380,?__ExceptionPtrDestroy@@YAXPEAX@Z
AfterFXLib.dll,ascii,32959416,?__ExceptionPtrCopy@@YAXPEAXPEBX@Z
AfterFXLib.dll,ascii,32959454,?__ExceptionPtrAssign@@YAXPEAXPEBX@Z
AfterFXLib.dll,ascii,32959494,?__ExceptionPtrToBool@@YA_NPEBX@Z
AfterFXLib.dll,ascii,32959530,?__ExceptionPtrCurrentException@@YAXPEAX@Z
AfterFXLib.dll,ascii,32959576,?__ExceptionPtrCopyException@@YAXPEAXPEBX1@Z
AfterFXLib.dll,ascii,32959642,?__ExceptionPtrRethrow@@YAXPEBX@Z
AfterFXLib.dll,ascii,32968362,?_ReportUnobservedException@details@Concurrency@@YAXXZ
AfterFXLib.dll,ascii,32968684,?ReportUnhandledError@_ExceptionHolder@details@Concurrency@@AEAAXXZ
AfterFXLib.dll,ascii,32970082,__std_exception_copy
AfterFXLib.dll,ascii,32970106,__std_exception_destroy
AfterFXLib.dll,ascii,32970132,_CxxThrowException
AfterFXLib.dll,ascii,32970382,__current_exception
AfterFXLib.dll,ascii,32970404,__current_exception_context
AfterFXLib.dll,ascii,32970962,__stdio_common_vsscanf
AfterFXLib.dll,ascii,32971532,__stdio_common_vfscanf
AfterFXLib.dll,ascii,32971662,__stdio_common_vswscanf
AfterFXLib.dll,ascii,32972840,WebView2Loader.dll
AfterFXLib.dll,ascii,32973260,RaiseException
AfterFXLib.dll,ascii,32973334,GetSystemDirectoryW
AfterFXLib.dll,ascii,32973356,GetWindowsDirectoryW
AfterFXLib.dll,ascii,32973462,LoadLibraryW
AfterFXLib.dll,ascii,32974276,SetCurrentDirectoryW
AfterFXLib.dll,ascii,32974300,GetCurrentDirectoryW
AfterFXLib.dll,ascii,32974324,CreateDirectoryW
AfterFXLib.dll,ascii,32974550,CreateDirectoryExW
AfterFXLib.dll,ascii,32974732,UnhandledExceptionFilter
AfterFXLib.dll,ascii,32974760,SetUnhandledExceptionFilter
AfterFXLib.dll,ascii,32975450,SHGetKnownFolderPath
AfterFXLib.dll,ascii,32975474,SHCreateDirectoryExW
AfterFXLib.dll,ascii,32975498,SHGetSpecialFolderPathW
AfterFXLib.dll,ascii,32975714,PathAddExtensionW
AfterFXLib.dll,ascii,32975786,PathIsDirectoryW
AfterFXLib.dll,ascii,32975824,PathRemoveExtensionW
AfterFXLib.dll,ascii,32975870,PathRenameExtensionW
AfterFXLib.dll,ascii,32983196,LoadLibraryExA
AfterFXLib.dll,ascii,32983358,ReadDirectoryChangesW
AfterFXLib.dll,ascii,33047040,.?AVclone_base@exception_detail@boost@@
AfterFXLib.dll,ascii,33047096,.?AVexception@boost@@
AfterFXLib.dll,ascii,33047184,.?AVexception@std@@
AfterFXLib.dll,ascii,33047264,.?AU?$wrapexcept@Vsystem_error@system@boost@@@boost@@
AfterFXLib.dll,ascii,33047448,.?AU?$wrapexcept@Vbad_weak_ptr@boost@@@boost@@
AfterFXLib.dll,ascii,33047792,.?AU?$wrapexcept@Vthread_resource_error@boost@@@boost@@
AfterFXLib.dll,ascii,33047920,.?AVthread_exception@boost@@
AfterFXLib.dll,ascii,33047968,.?AU?$wrapexcept@Vlock_error@boost@@@boost@@
AfterFXLib.dll,ascii,33048608,.?AU?$wrapexcept@Vbad_function_call@boost@@@boost@@
AfterFXLib.dll,ascii,33048720,.?AU?$wrapexcept@Vbad_rational@boost@@@boost@@
AfterFXLib.dll,ascii,33050064,.?AVSM_Exception@SM@BE@@
AfterFXLib.dll,ascii,33054904,.?AVCAtlException@ATL@@
AfterFXLib.dll,ascii,33060976,.?AU?$wrapexcept@Vruntime_error@std@@@boost@@
AfterFXLib.dll,ascii,33061040,.?AU?$wrapexcept@Ubad_day_of_month@gregorian@boost@@@boost@@
AfterFXLib.dll,ascii,33061232,.?AU?$wrapexcept@Ubad_month@gregorian@boost@@@boost@@
AfterFXLib.dll,ascii,33061360,.?AU?$wrapexcept@Ubad_year@gregorian@boost@@@boost@@
AfterFXLib.dll,ascii,33061760,.?AVdir_exception@filesupport@dvacore@@
AfterFXLib.dll,ascii,33085440,.?AVBRVException@@
AfterFXLib.dll,ascii,33086296,.?AVdva_exception@config@dvacore@@
AfterFXLib.dll,ascii,33086424,.?AVException@async@dvacore@@
AfterFXLib.dll,ascii,33086472,.?AVBrokenPromiseException@async@dvacore@@
AfterFXLib.dll,ascii,33086544,.?AVExecutorIsTerminatedException@async@dvacore@@
AfterFXLib.dll,ascii,33086616,.?AVErrorManagerException@config@dvacore@@
AfterFXLib.dll,ascii,33099584,.?AVFutureIsCancelledException@async@dvacore@@
AfterFXLib.dll,ascii,33099648,.?AVFutureNotReadyException@async@dvacore@@
AfterFXLib.dll,ascii,33109424,.?AU?$wrapexcept@Vbad_lexical_cast@boost@@@boost@@
AfterFXLib.dll,ascii,33140592,.?AV?$_Binder@U_Unforced@std@@P8DialogWatchFolder@@EAA_NH@ZPEAV3@AEBU?$_Ph@$00@2@@std@@
AfterFXLib.dll,ascii,33140704,.?AV<lambda_1>@?1??BindMessageFunction@?$BindMessageFunction_Impl@VDialogWatchFolder@@VUI_ControlChangedMessage@controls@dvaui@@X@ui@dvaui@@SA?AV?$shared_ptr@V?$function@$$A6AXPEAVMessage@ui@dvaui@@@Z@std@@@std@@P8DialogWatchFolder@@EAAXPEAVUI_ControlChangedMessage@controls@4@@ZPEAV7@@Z@
AfterFXLib.dll,ascii,33141024,.?AV<lambda_1>@?1??BindConstMessageFunction@?$BindMessageFunction_Impl@VDialogWatchFolder@@VUI_PictureSupplyMessage@controls@dvaui@@X@ui@dvaui@@SA?AV?$shared_ptr@V?$function@$$A6AXPEAVConstMessage@ui@dvaui@@@Z@std@@@std@@P8DialogWatchFolder@@EAAXPEAVUI_PictureSupplyMessage@controls@4@@ZPEAV7@@Z@
AfterFXLib.dll,ascii,33141344,.?AVEffectPluginManagerDialog@ML@@
AfterFXLib.dll,ascii,33143968,.?AVAudioDevicePrefsView@dvaaudiodeviceui@@
AfterFXLib.dll,ascii,33156928,.?AV<lambda_2>@UXPHomeScreenSupport@ae@@
AfterFXLib.dll,ascii,33156992,.?AV<lambda_1>@UXPHomeScreenSupport@ae@@
AfterFXLib.dll,ascii,33157104,.?AV<lambda_1>@?1??ShowHomeScreen@HomeScreenSupportImpl@?A0x3df75b58@UXPHomeScreenSupport@ae@@AEAA_NXZ@
AfterFXLib.dll,ascii,33157232,.?AV<lambda_1>@?1??DoShowHomeScreen@HomeScreenSupportImpl@?A0x3df75b58@UXPHomeScreenSupport@ae@@AEAAXAEBVImmutableString@utility@dvacore@@@Z@
AfterFXLib.dll,ascii,33157536,.?AV?$_Binder@U_Unforced@std@@P8HomeScreenSupportImpl@?A0x3df75b58@UXPHomeScreenSupport@ae@@EAA_NXZPEAV3456@@std@@
AfterFXLib.dll,ascii,33157680,.?AV?$_Binder@U_Unforced@std@@P8HomeScreenSupportImpl@?A0x3df75b58@UXPHomeScreenSupport@ae@@EAAHW4IntegerReturnCallbackType@dvauxphost@@@ZPEAV3456@AEBU?$_Ph@$00@2@@std@@
AfterFXLib.dll,ascii,33157872,.?AV?$_Binder@U_Unforced@std@@P8HomeScreenSupportImpl@?A0x3df75b58@UXPHomeScreenSupport@ae@@EAA?AV?$basic_string@DU?$char_traits@D@std@@V?$allocator@D@2@@2@W4StringReturnCallbackType@dvauxphost@@@ZPEAV3456@AEBU?$_Ph@$00@2@@std@@
AfterFXLib.dll,ascii,33158128,.?AV?$_Binder@U_Unforced@std@@P8HomeScreenSupportImpl@?A0x3df75b58@UXPHomeScreenSupport@ae@@EAA_NW4BooleanResultCallbackType@dvauxphost@@AEBV?$optional@V?$basic_string@DU?$char_traits@D@std@@V?$allocator@D@2@@std@@@2@@ZPEAV3456@AEBU?$_Ph@$00@2@AEBU?$_Ph@$01@2@@std@@
AfterFXLib.dll,ascii,33158416,.?AV?$_Binder@U_Unforced@std@@P8HomeScreenSupportImpl@?A0x3df75b58@UXPHomeScreenSupport@ae@@EAAXW4ActionToPerformType@dvauxphost@@V?$basic_string@DU?$char_traits@D@std@@V?$allocator@D@2@@2@@ZPEAV3456@AEBU?$_Ph@$00@2@AEBU?$_Ph@$01@2@@std@@
AfterFXLib.dll,ascii,33160312,.?AU?$wrapexcept@Vout_of_range@std@@@boost@@
AfterFXLib.dll,ascii,33160384,.?AU?$wrapexcept@Ubad_day_of_year@gregorian@boost@@@boost@@
AfterFXLib.dll,ascii,33160528,.?AU?$wrapexcept@Ubad_weekday@gregorian@boost@@@boost@@
AfterFXLib.dll,ascii,33160656,.?AVGPUKernelLoadingListener@egg@@
AfterFXLib.dll,ascii,33160712,.?AVfile_exception@filesupport@dvacore@@
AfterFXLib.dll,ascii,33160776,.?AVdir_delete_exception@filesupport@dvacore@@
AfterFXLib.dll,ascii,33162784,.?AV<lambda_1>@?1??CancelAnyActiveRendersExceptPrimary@CEggApp@@QEAAXXZ@
AfterFXLib.dll,ascii,33169472,.?AV?$_Binder@U_Unforced@std@@AEAV<lambda_1>@?BB@??SaveLoadProjectProgressCB@@YAXPEBUBEE_ProjSaveProgressInfo@@@Z@AEBU?$_Ph@$00@2@@std@@
AfterFXLib.dll,ascii,33169632,.?AUMessageNameForKernelLoadingNeedsUserNotification@UI@MC@@
AfterFXLib.dll,ascii,33171416,.P6A_NPEAVexception@std@@PEAH@Z
AfterFXLib.dll,ascii,33178144,.?AV<lambda_1>@?7??LoadProduction@?A0x8ef6776b@EAAe@@YAXAEBV?$InterfaceRef@UIEACDataServer@EACL@@@classref@dvacore@@AEBVImmutableString@utility@6@AEAV?$shared_ptr@UProductionInfo@?A0x8ef6776b@EAAe@@@std@@@Z@
AfterFXLib.dll,ascii,33180992,.?AU?$wrapexcept@Uescaped_list_error@boost@@@boost@@
AfterFXLib.dll,ascii,33183952,.?AV?$_Binder@U_Unforced@std@@P6AXPEAVBEE_Project@@PEAVCPFolder@@AEBVFile@filesupport@dvacore@@AEBV?$list@VGuid@utility@dvacore@@V?$allocator@VGuid@utility@dvacore@@@std@@@2@@ZPEAV3@AEAPEAV4@AEBU?$_Ph@$00@2@AEBU?$_Ph@$01@2@@std@@
AfterFXLib.dll,ascii,33193992,.?AVBEE_FolderItem@@
AfterFXLib.dll,ascii,33200256,.?AU?$wrapexcept@Vptree_bad_path@property_tree@boost@@@boost@@
AfterFXLib.dll,ascii,33201184,.?AU?$wrapexcept@Vptree_bad_data@property_tree@boost@@@boost@@
AfterFXLib.dll,ascii,33223600,.?AV<lambda_1>@?1??GetAs_Tree@CLayerProperty_MenuItemPayloadBase@ppanel@ae@@UEBAXAEBVEGG_StreamSpec@34@AEAV?$basic_ptree@V?$basic_string@_WU?$char_traits@_W@std@@U?$STLAllocator@_W@allocator@dvacore@@@std@@VU_Any@@U?$less@V?$basic_string@_WU?$char_traits@_W@std@@U?$STLAllocator@_W@allocator@dvacore@@@std@@@2@@property_tree@boost@@AEBV?$Flags@I@utility@dvacore@@@Z@
AfterFXLib.dll,ascii,33223984,.?AV<lambda_1>@?1???R0?1??GetAs_Tree@CLayerProperty_MenuItemPayloadBase@ppanel@ae@@UEBAXAEBVEGG_StreamSpec@34@AEAV?$basic_ptree@V?$basic_string@_WU?$char_traits@_W@std@@U?$STLAllocator@_W@allocator@dvacore@@@std@@VU_Any@@U?$less@V?$basic_string@_WU?$char_traits@_W@std@@U?$STLAllocator@_W@allocator@dvacore@@@std@@@2@@property_tree@boost@@AEBV?$Flags@I@utility@dvacore@@@Z@QEBA@AEAVU_AnyTreeWrapper@@@Z@
AfterFXLib.dll,ascii,33224416,.?AV<lambda_1>@?4??DoAction@CLayerProperty_MenuItemPayloadBase@ppanel@ae@@UEAA_NAEAVEGG_StreamSpec@34@W4ActionType@pp@@AEBVU_AnyTreeWrapper@@@Z@
AfterFXLib.dll,ascii,33247568,.?AV<lambda_1>@?7??LoadUIScaleFromPrefs@CAppearance@@SAXXZ@
AfterFXLib.dll,ascii,33255600,.?AVlaunch_failed_exception@CreatorAtom@@
AfterFXLib.dll,ascii,33255664,.?AVinvalid_creator_atom_exception@CreatorAtom@@
AfterFXLib.dll,ascii,33258608,.?AU?$wrapexcept@Vbad_get@boost@@@boost@@
AfterFXLib.dll,ascii,33258712,.?AVSM_Exception@ns_sensor@@
AfterFXLib.dll,ascii,33259784,.?AVException@Json@internal@ngl@adobe@@
AfterFXLib.dll,ascii,33264320,.?AV<lambda_1>@?1??SetFolderPermissions@FileHandlingUtils@internal@ngl@adobe@@SAXXZ@
AfterFXLib.dll,ascii,33264816,.?AV<lambda_1>@?1??SubmitWorkflowLoadEvent@COPWebAPIConnector@internal@ngl@adobe@@QEBAXV?$basic_string@DU?$char_traits@D@std@@V?$allocator@D@2@@std@@0@Z@
AfterFXLib.dll,ascii,33265104,.?AV_Interruption_exception@details@Concurrency@@
AfterFXLib.dll,ascii,33265216,.?AV<lambda_1>@?CC@??_CancelAndRunContinuations@?$_Task_impl@E@details@Concurrency@@UEAA_N_N00AEBV?$shared_ptr@U_ExceptionHolder@details@Concurrency@@@std@@@Z@
AfterFXLib.dll,ascii,33269544,.PEAVexception@std@@
AfterFXLib.dll,ascii,33269584,.?AV<lambda_1>@?1??LoadArbitraryUrl@NglController@nglcontroller@adobe@@QEAAKAEBV?$basic_string@DU?$char_traits@D@std@@V?$allocator@D@2@@std@@@Z@
AfterFXLib.dll,ascii,33286064,.?AVResultException@wil@@
AfterFXLib.dll,ascii,33290672,.?AVSurfaceP@drawbot@dvaui@@
AfterFXLib.dll,ascii,33321016,.?AVCFolder@@
AfterFXLib.dll,ascii,33327680,.?AV?$_Ref_count@PEAVACEProfile@@@std@@
AfterFXLib.dll,ascii,33366912,.?AV?$InvocationImplementation@V<lambda_1>@?4???$SetUpOnExceptionHandler@V<lambda_3>@?1??PreSegmentLayerImage@ObjectSelectionTool@@QEAAXVGuid@utility@dvacore@@HAEBUT_Time@@PEBVPF_World@@V?$shared_ptr@VFramePreSeg@ObjectSelectionTool@@@std@@@Z@V?$Promise@X@async@6@@?$Future@UPreSegmentationResult@DVACompute@@@async@dvacore@@IEBAX$$QEAV<lambda_3>@?1??PreSegmentLayerImage@ObjectSelectionTool@@QEAAXVGuid@utility@4@HAEBUT_Time@@PEBVPF_World@@V?$shared_ptr@VFramePreSeg@ObjectSelectionTool@@@std@@@Z@$$QEAV?$Promise@X@34@@Z@$$A6AXXZ@detail@dvacore@@
AfterFXLib.dll,ascii,33374912,.?AV?$_Ref_count_obj_alloc3@V?$InvocationImplementation@V<lambda_1>@?4???$SetUpOnExceptionHandler@V<lambda_3>@?1??PreSegmentLayerImage@ObjectSelectionTool@@QEAAXVGuid@utility@dvacore@@HAEBUT_Time@@PEBVPF_World@@V?$shared_ptr@VFramePreSeg@ObjectSelectionTool@@@std@@@Z@V?$Promise@X@async@6@@?$Future@UPreSegmentationResult@DVACompute@@@async@dvacore@@IEBAX$$QEAV<lambda_3>@?1??PreSegmentLayerImage@ObjectSelectionTool@@QEAAXVGuid@utility@4@HAEBUT_Time@@PEBVPF_World@@V?$shared_ptr@VFramePreSeg@ObjectSelectionTool@@@std@@@Z@$$QEAV?$Promise@X@34@@Z@$$A6AXXZ@detail@dvacore@@U?$STLAllocator@V?$InvocationImplementation@V<lambda_1>@?4???$SetUpOnExceptionHandler@V<lambda_3>@?1??PreSegmentLayerImage@ObjectSelectionTool@@QEAAXVGuid@utility@dvacore@@HAEBUT_Time@@PEBVPF_World@@V?$shared_ptr@VFramePreSeg@ObjectSelectionTool@@@std@@@Z@V?$Promise@X@async@6@@?$Future@UPreSegmentationResult@DVACompute@@@async@dvacore@@IEBAX$$QEAV<lambda_3>@?1??PreSegmentLayerImage@ObjectSelectionTool@@QEAAXVGuid@utility@4@HAEBUT_Time@@PEBVPF_World@@V?$shared_ptr@VFramePreSeg@ObjectSelectionTool@@@std@@@Z@$$QEAV?$Promise@X@34@@Z@$$A6AXXZ@detail@dvacore@@@allocator@3@@std@@
AfterFXLib.dll,ascii,33376080,.?AV?$_Ebco_base@U?$STLAllocator@V?$InvocationImplementation@V<lambda_1>@?4???$SetUpOnExceptionHandler@V<lambda_3>@?1??PreSegmentLayerImage@ObjectSelectionTool@@QEAAXVGuid@utility@dvacore@@HAEBUT_Time@@PEBVPF_World@@V?$shared_ptr@VFramePreSeg@ObjectSelectionTool@@@std@@@Z@V?$Promise@X@async@6@@?$Future@UPreSegmentationResult@DVACompute@@@async@dvacore@@IEBAX$$QEAV<lambda_3>@?1??PreSegmentLayerImage@ObjectSelectionTool@@QEAAXVGuid@utility@4@HAEBUT_Time@@PEBVPF_World@@V?$shared_ptr@VFramePreSeg@ObjectSelectionTool@@@std@@@Z@$$QEAV?$Promise@X@34@@Z@$$A6AXXZ@detail@dvacore@@@allocator@dvacore@@$00@std@@
AfterFXLib.dll,ascii,33376704,.?AU?$STLAllocator@V?$InvocationImplementation@V<lambda_1>@?4???$SetUpOnExceptionHandler@V<lambda_3>@?1??PreSegmentLayerImage@ObjectSelectionTool@@QEAAXVGuid@utility@dvacore@@HAEBUT_Time@@PEBVPF_World@@V?$shared_ptr@VFramePreSeg@ObjectSelectionTool@@@std@@@Z@V?$Promise@X@async@6@@?$Future@UPreSegmentationResult@DVACompute@@@async@dvacore@@IEBAX$$QEAV<lambda_3>@?1??PreSegmentLayerImage@ObjectSelectionTool@@QEAAXVGuid@utility@4@HAEBUT_Time@@PEBVPF_World@@V?$shared_ptr@VFramePreSeg@ObjectSelectionTool@@@std@@@Z@$$QEAV?$Promise@X@34@@Z@$$A6AXXZ@detail@dvacore@@@allocator@dvacore@@
AfterFXLib.dll,ascii,33394752,.?AVCDC_AutoTracePreview@@
AfterFXLib.dll,ascii,33431816,.?AVDialogWatchFolder@@
AfterFXLib.dll,ascii,33431856,.?AV?$InvocationImplementation@V<lambda_1>@?6???$ExecuteTopLevelFunction@V<lambda_1>@?1???1DialogWatchFolder@@UEAA@XZ@X@config@dvacore@@YAX$$QEAV1?1???1DialogWatchFolder@@UEAA@XZ@PEA_N@Z@$$A6AXXZ@detail@dvacore@@
AfterFXLib.dll,ascii,33432096,.?AV?$_Func_impl_no_alloc@V?$_Binder@U_Unforced@std@@P8DialogWatchFolder@@EAA_NH@ZPEAV3@AEBU?$_Ph@$00@2@@std@@_NH@std@@
AfterFXLib.dll,ascii,33432240,.?AV?$_Ref_count_obj_alloc3@V?$InvocationImplementation@V<lambda_1>@?6???$ExecuteTopLevelFunction@V<lambda_1>@?1???1DialogWatchFolder@@UEAA@XZ@X@config@dvacore@@YAX$$QEAV1?1???1DialogWatchFolder@@UEAA@XZ@PEA_N@Z@$$A6AXXZ@detail@dvacore@@U?$STLAllocator@V?$InvocationImplementation@V<lambda_1>@?6???$ExecuteTopLevelFunction@V<lambda_1>@?1???1DialogWatchFolder@@UEAA@XZ@X@config@dvacore@@YAX$$QEAV1?1???1DialogWatchFolder@@UEAA@XZ@PEA_N@Z@$$A6AXXZ@detail@dvacore@@@allocator@3@@std@@
AfterFXLib.dll,ascii,33432752,.?AV?$_Ebco_base@U?$STLAllocator@V?$InvocationImplementation@V<lambda_1>@?6???$ExecuteTopLevelFunction@V<lambda_1>@?1???1DialogWatchFolder@@UEAA@XZ@X@config@dvacore@@YAX$$QEAV1?1???1DialogWatchFolder@@UEAA@XZ@PEA_N@Z@$$A6AXXZ@detail@dvacore@@@allocator@dvacore@@$00@std@@
AfterFXLib.dll,ascii,33433040,.?AU?$STLAllocator@V?$InvocationImplementation@V<lambda_1>@?6???$ExecuteTopLevelFunction@V<lambda_1>@?1???1DialogWatchFolder@@UEAA@XZ@X@config@dvacore@@YAX$$QEAV1?1???1DialogWatchFolder@@UEAA@XZ@PEA_N@Z@$$A6AXXZ@detail@dvacore@@@allocator@dvacore@@
AfterFXLib.dll,ascii,33433312,.?AV?$_Func_impl_no_alloc@V<lambda_1>@?1??BindConstMessageFunction@?$BindMessageFunction_Impl@VDialogWatchFolder@@VUI_PictureSupplyMessage@controls@dvaui@@X@ui@dvaui@@SA?AV?$shared_ptr@V?$function@$$A6AXPEAVConstMessage@ui@dvaui@@@Z@std@@@std@@P8DialogWatchFolder@@EAAXPEAVUI_PictureSupplyMessage@controls@5@@ZPEAV8@@Z@XPEAVConstMessage@45@@std@@
AfterFXLib.dll,ascii,33433680,.?AV?$_Func_impl_no_alloc@V<lambda_1>@?1??BindMessageFunction@?$BindMessageFunction_Impl@VDialogWatchFolder@@VUI_ControlChangedMessage@controls@dvaui@@X@ui@dvaui@@SA?AV?$shared_ptr@V?$function@$$A6AXPEAVMessage@ui@dvaui@@@Z@std@@@std@@P8DialogWatchFolder@@EAAXPEAVUI_ControlChangedMessage@controls@5@@ZPEAV8@@Z@XPEAVMessage@45@@std@@
AfterFXLib.dll,ascii,33434032,.?AVDialogWatchFolderStopRender@@
AfterFXLib.dll,ascii,33434088,.?AVEffectPluginManagerBaseDialog@ML@@
AfterFXLib.dll,ascii,33434464,.?AV?$_Ref_count_obj_alloc3@UFLT_EffectSettingsForPluginManager@@U?$STLAllocator@UFLT_EffectSettingsForPluginManager@@@allocator@dvacore@@@std@@
AfterFXLib.dll,ascii,33434640,.?AV?$_Ebco_base@U?$STLAllocator@UFLT_EffectSettingsForPluginManager@@@allocator@dvacore@@$00@std@@
AfterFXLib.dll,ascii,33434768,.?AU?$STLAllocator@UFLT_EffectSettingsForPluginManager@@@allocator@dvacore@@
AfterFXLib.dll,ascii,33456400,.?AV?$_Func_base@V?$basic_string@DU?$char_traits@D@std@@V?$allocator@D@2@@std@@W4StringReturnCallbackType@dvauxphost@@@std@@
AfterFXLib.dll,ascii,33456544,.?AV?$_Func_base@_NW4BooleanResultCallbackType@dvauxphost@@V?$optional@V?$basic_string@DU?$char_traits@D@std@@V?$allocator@D@2@@std@@@std@@@std@@
AfterFXLib.dll,ascii,33456720,.?AV?$_Func_base@HW4IntegerReturnCallbackType@dvauxphost@@@std@@
AfterFXLib.dll,ascii,33456816,.?AV?$_Func_base@XW4ActionToPerformType@dvauxphost@@V?$basic_string@DU?$char_traits@D@std@@V?$allocator@D@2@@std@@@std@@
AfterFXLib.dll,ascii,33456960,.?AV?$_Func_base@XAEBV?$shared_ptr@VUXPInstance@dvauxphost@@@std@@AEBHAEBV?$basic_string@_WU?$char_traits@_W@std@@U?$STLAllocator@_W@allocator@dvacore@@@2@@std@@
AfterFXLib.dll,ascii,33457264,.?AV?$_Func_impl_no_alloc@V?$_Binder@U_Unforced@std@@P8HomeScreenSupportImpl@?A0x3df75b58@UXPHomeScreenSupport@ae@@EAA_NXZPEAV3456@@std@@_N$$V@std@@
AfterFXLib.dll,ascii,33457680,.?AV?$_Func_impl_no_alloc@V<lambda_1>@?1??DoShowHomeScreen@HomeScreenSupportImpl@?A0x3df75b58@UXPHomeScreenSupport@ae@@AEAAXAEBVImmutableString@utility@dvacore@@@Z@XAEBV?$shared_ptr@VUXPInstance@dvauxphost@@@std@@AEBHAEBV?$basic_string@_WU?$char_traits@_W@std@@U?$STLAllocator@_W@allocator@dvacore@@@std@@@std@@
AfterFXLib.dll,ascii,33458016,.?AV?$_Func_impl_no_alloc@V<lambda_1>@?1??ShowHomeScreen@HomeScreenSupportImpl@?A0x3df75b58@UXPHomeScreenSupport@ae@@AEAA_NXZ@X$$V@std@@
AfterFXLib.dll,ascii,33458176,.?AV?$_Func_impl_no_alloc@V<lambda_1>@UXPHomeScreenSupport@ae@@_N$$V@std@@
AfterFXLib.dll,ascii,33458272,.?AV?$_Func_impl_no_alloc@V<lambda_2>@UXPHomeScreenSupport@ae@@X$$V@std@@
AfterFXLib.dll,ascii,33458368,.?AV?$_Func_impl_no_alloc@V?$_Binder@U_Unforced@std@@P8HomeScreenSupportImpl@?A0x3df75b58@UXPHomeScreenSupport@ae@@EAAXW4ActionToPerformType@dvauxphost@@V?$basic_string@DU?$char_traits@D@std@@V?$allocator@D@2@@2@@ZPEAV3456@AEBU?$_Ph@$00@2@AEBU?$_Ph@$01@2@@std@@XW4ActionToPerformType@dvauxphost@@V?$basic_string@DU?$char_traits@D@std@@V?$allocator@D@2@@2@@std@@
AfterFXLib.dll,ascii,33458752,.?AV?$_Func_impl_no_alloc@V?$_Binder@U_Unforced@std@@P8HomeScreenSupportImpl@?A0x3df75b58@UXPHomeScreenSupport@ae@@EAA_NW4BooleanResultCallbackType@dvauxphost@@AEBV?$optional@V?$basic_string@DU?$char_traits@D@std@@V?$allocator@D@2@@std@@@2@@ZPEAV3456@AEBU?$_Ph@$00@2@AEBU?$_Ph@$01@2@@std@@_NW4BooleanResultCallbackType@dvauxphost@@V?$optional@V?$basic_string@DU?$char_traits@D@std@@V?$allocator@D@2@@std@@@2@@std@@
AfterFXLib.dll,ascii,33459184,.?AV?$_Func_impl_no_alloc@V?$_Binder@U_Unforced@std@@P8HomeScreenSupportImpl@?A0x3df75b58@UXPHomeScreenSupport@ae@@EAA?AV?$basic_string@DU?$char_traits@D@std@@V?$allocator@D@2@@2@W4StringReturnCallbackType@dvauxphost@@@ZPEAV3456@AEBU?$_Ph@$00@2@@std@@V?$basic_string@DU?$char_traits@D@std@@V?$allocator@D@2@@2@W4StringReturnCallbackType@dvauxphost@@@std@@
AfterFXLib.dll,ascii,33459568,.?AV?$_Func_impl_no_alloc@V?$_Binder@U_Unforced@std@@P8HomeScreenSupportImpl@?A0x3df75b58@UXPHomeScreenSupport@ae@@EAAHW4IntegerReturnCallbackType@dvauxphost@@@ZPEAV3456@AEBU?$_Ph@$00@2@@std@@HW4IntegerReturnCallbackType@dvauxphost@@@std@@
AfterFXLib.dll,ascii,33465240,.?AVCReloadUpdatedFootageFromDisk@@
AfterFXLib.dll,ascii,33465760,.?AVUI_IEveScriptLoader@evecontracts@dvaui@@
AfterFXLib.dll,ascii,33465824,.?AVUI_EveScriptLoader@evecontracts@dvaui@@
AfterFXLib.dll,ascii,33466984,.?AV?$_Ref_count@VFastPrefLoader@@@std@@
AfterFXLib.dll,ascii,33467568,.?AV?$_Func_impl_no_alloc@V<lambda_1>@?1??CancelAnyActiveRendersExceptPrimary@CEggApp@@QEAAXXZ@XAEAVCDirProjItem@@@std@@
AfterFXLib.dll,ascii,33470480,.?AV?$_Ref_count@VHTTPDownloadManager@http@dvaappsupport@@@std@@
AfterFXLib.dll,ascii,33471296,.?AV?$_Ref_count_obj_alloc3@VGPUKernelLoadingListener@egg@@U?$STLAllocator@VGPUKernelLoadingListener@egg@@@allocator@dvacore@@@std@@
AfterFXLib.dll,ascii,33471456,.?AV?$_Ebco_base@U?$STLAllocator@VGPUKernelLoadingListener@egg@@@allocator@dvacore@@$00@std@@
AfterFXLib.dll,ascii,33471568,.?AU?$STLAllocator@VGPUKernelLoadingListener@egg@@@allocator@dvacore@@
AfterFXLib.dll,ascii,33473616,.?AVAE_WorkspaceProviderImpl@@
AfterFXLib.dll,ascii,33473664,.?AVBuiltInWorkspaceProviderBase@workspace@dvaworkspace@@
AfterFXLib.dll,ascii,33473744,.?AVWorkspaceProviderBase@workspace@dvaworkspace@@
AfterFXLib.dll,ascii,33486752,.?AV?$_Func_impl_no_alloc@V?$_Binder@U_Unforced@std@@AEAV<lambda_1>@?BB@??SaveLoadProjectProgressCB@@YAXPEBUBEE_ProjSaveProgressInfo@@@Z@AEBU?$_Ph@$00@2@@std@@XPEAVBEE_CompItem@@@std@@
AfterFXLib.dll,ascii,33491792,.?AV?$_Func_base@_NPEAVexception@std@@PEAH@std@@
AfterFXLib.dll,ascii,33492384,.?AV?$_Func_impl_no_alloc@P6A_NPEAVexception@std@@PEAH@Z_NPEAV12@PEAH@std@@
AfterFXLib.dll,ascii,33507344,.?AV?$_Func_impl_no_alloc@V<lambda_1>@?7??LoadProduction@?A0x8ef6776b@EAAe@@YAXAEBV?$InterfaceRef@UIEACDataServer@EACL@@@classref@dvacore@@AEBVImmutableString@utility@7@AEAV?$shared_ptr@UProductionInfo@?A0x8ef6776b@EAAe@@@std@@@Z@XAEBVGuid@97@HAEBV?$InterfaceRef@UIEACServerResource@EACL@@@67@AEBV?$shared_ptr@VResponse@dvanet@@@std@@@std@@
AfterFXLib.dll,ascii,33519400,.?AVCECFolderV2@internal@ecp@@
AfterFXLib.dll,ascii,33523608,.?AVCECFolder@@
AfterFXLib.dll,ascii,33524448,.?AVCFXFolderCategory@@
AfterFXLib.dll,ascii,33524488,.?AVCFXFolderFileSys@@
AfterFXLib.dll,ascii,33528472,.?AVCPFolder@@
AfterFXLib.dll,ascii,33547520,.?AVCTLFolder@@
AfterFXLib.dll,ascii,33577952,.?AVCLayerProperty_MenuItemPayloadBase@ppanel@ae@@
AfterFXLib.dll,ascii,33578096,.?AV?$_Func_impl_no_alloc@V<lambda_1>@?4??DoAction@CLayerProperty_MenuItemPayloadBase@ppanel@ae@@UEAA_NAEAVEGG_StreamSpec@45@W4ActionType@pp@@AEBVU_AnyTreeWrapper@@@Z@XAEBV9@@std@@
AfterFXLib.dll,ascii,33578304,.?AV?$_Func_impl_no_alloc@V<lambda_1>@?1???R1?1??GetAs_Tree@CLayerProperty_MenuItemPayloadBase@ppanel@ae@@UEBAXAEBVEGG_StreamSpec@45@AEAV?$basic_ptree@V?$basic_string@_WU?$char_traits@_W@std@@U?$STLAllocator@_W@allocator@dvacore@@@std@@VU_Any@@U?$less@V?$basic_string@_WU?$char_traits@_W@std@@U?$STLAllocator@_W@allocator@dvacore@@@std@@@2@@property_tree@boost@@AEBV?$Flags@I@utility@dvacore@@@Z@QEBA@AEAVU_AnyTreeWrapper@@@Z@XAEAVU_AnyTreeWrapper@@@std@@
AfterFXLib.dll,ascii,33578784,.?AV?$_Func_impl_no_alloc@V<lambda_1>@?1??GetAs_Tree@CLayerProperty_MenuItemPayloadBase@ppanel@ae@@UEBAXAEBVEGG_StreamSpec@45@AEAV?$basic_ptree@V?$basic_string@_WU?$char_traits@_W@std@@U?$STLAllocator@_W@allocator@dvacore@@@std@@VU_Any@@U?$less@V?$basic_string@_WU?$char_traits@_W@std@@U?$STLAllocator@_W@allocator@dvacore@@@std@@@2@@property_tree@boost@@AEBV?$Flags@I@utility@dvacore@@@Z@XAEAVU_AnyTreeWrapper@@@std@@
AfterFXLib.dll,ascii,33609440,.?AV?$_Func_impl_no_alloc@V<lambda_1>@?7??LoadUIScaleFromPrefs@CAppearance@@SAXXZ@MPEBX@std@@
AfterFXLib.dll,ascii,33625360,.?AV?$InvocationImplementation@V<lambda_1>@?4???$SetUpOnExceptionHandler@V<lambda_2>@?4??EvaluateModel@BodyTrackerEvaluationContext@dvaml@@AEAAXXZ@V?$Promise@X@async@dvacore@@@?$Future@X@async@dvacore@@IEBAX$$QEAV<lambda_2>@?4??EvaluateModel@BodyTrackerEvaluationContext@dvaml@@AEAAXXZ@$$QEAV?$Promise@X@34@@Z@$$A6AXXZ@detail@dvacore@@
AfterFXLib.dll,ascii,33632112,.?AV?$_Ref_count_obj_alloc3@V?$InvocationImplementation@V<lambda_1>@?4???$SetUpOnExceptionHandler@V<lambda_2>@?4??EvaluateModel@BodyTrackerEvaluationContext@dvaml@@AEAAXXZ@V?$Promise@X@async@dvacore@@@?$Future@X@async@dvacore@@IEBAX$$QEAV<lambda_2>@?4??EvaluateModel@BodyTrackerEvaluationContext@dvaml@@AEAAXXZ@$$QEAV?$Promise@X@34@@Z@$$A6AXXZ@detail@dvacore@@U?$STLAllocator@V?$InvocationImplementation@V<lambda_1>@?4???$SetUpOnExceptionHandler@V<lambda_2>@?4??EvaluateModel@BodyTrackerEvaluationContext@dvaml@@AEAAXXZ@V?$Promise@X@async@dvacore@@@?$Future@X@async@dvacore@@IEBAX$$QEAV<lambda_2>@?4??EvaluateModel@BodyTrackerEvaluationContext@dvaml@@AEAAXXZ@$$QEAV?$Promise@X@34@@Z@$$A6AXXZ@detail@dvacore@@@allocator@3@@std@@
AfterFXLib.dll,ascii,33632864,.?AV?$_Ebco_base@U?$STLAllocator@V?$InvocationImplementation@V<lambda_1>@?4???$SetUpOnExceptionHandler@V<lambda_2>@?4??EvaluateModel@BodyTrackerEvaluationContext@dvaml@@AEAAXXZ@V?$Promise@X@async@dvacore@@@?$Future@X@async@dvacore@@IEBAX$$QEAV<lambda_2>@?4??EvaluateModel@BodyTrackerEvaluationContext@dvaml@@AEAAXXZ@$$QEAV?$Promise@X@34@@Z@$$A6AXXZ@detail@dvacore@@@allocator@dvacore@@$00@std@@
AfterFXLib.dll,ascii,33633280,.?AU?$STLAllocator@V?$InvocationImplementation@V<lambda_1>@?4???$SetUpOnExceptionHandler@V<lambda_2>@?4??EvaluateModel@BodyTrackerEvaluationContext@dvaml@@AEAAXXZ@V?$Promise@X@async@dvacore@@@?$Future@X@async@dvacore@@IEBAX$$QEAV<lambda_2>@?4??EvaluateModel@BodyTrackerEvaluationContext@dvaml@@AEAAXXZ@$$QEAV?$Promise@X@34@@Z@$$A6AXXZ@detail@dvacore@@@allocator@dvacore@@
AfterFXLib.dll,ascii,33656976,.?AV?$_Func_impl_no_alloc@V<lambda_1>@?1??SetFolderPermissions@FileHandlingUtils@internal@ngl@adobe@@SAXXZ@X$$V@std@@
AfterFXLib.dll,ascii,33659600,.?AV?$_Func_impl_no_alloc@V<lambda_1>@?1??SubmitWorkflowLoadEvent@COPWebAPIConnector@internal@ngl@adobe@@QEBAXV?$basic_string@DU?$char_traits@D@std@@V?$allocator@D@2@@std@@0@Z@X$$V@std@@
AfterFXLib.dll,ascii,33660864,.?AV?$_Ref_count_obj2@U_ExceptionHolder@details@Concurrency@@@std@@
AfterFXLib.dll,ascii,33661904,.?AV?$_Func_impl_no_alloc@V<lambda_1>@?CC@??_CancelAndRunContinuations@?$_Task_impl@E@details@Concurrency@@UEAA_N_N00AEBV?$shared_ptr@U_ExceptionHolder@details@Concurrency@@@std@@@Z@X$$V@std@@
AfterFXLib.dll,ascii,33664800,.?AV?$_Ref_count_obj2@VSecureProfilePayload@internal@ngl@adobe@@@std@@
AfterFXLib.dll,ascii,33684848,.?AV?$_Func_impl_no_alloc@V<lambda_1>@?1??LoadArbitraryUrl@NglController@nglcontroller@adobe@@QEAAKAEBV?$basic_string@DU?$char_traits@D@std@@V?$allocator@D@2@@std@@@Z@XK@std@@
AfterFXLib.dll,ascii,33710928,.?AUICoreWebView2DOMContentLoadedEventHandler@@
AfterFXLib.dll,ascii,33710992,.?AUICoreWebView2DownloadStartingEventHandler@@
AfterFXLib.dll,ascii,33717600,.?AU?$DelegateInvokeHelper@UICoreWebView2DOMContentLoadedEventHandler@@V<lambda_1>@?1???$Callback@UICoreWebView2DOMContentLoadedEventHandler@@VWebView2NativeBrowser@nglworkflow@adobe@@PEAUICoreWebView2@@PEAUICoreWebView2DOMContentLoadedEventArgs@@@WRL@Microsoft@@YA?AV?$ComPtr@UICoreWebView2DOMContentLoadedEventHandler@@@34@PEAVWebView2NativeBrowser@nglworkflow@adobe@@P8678@EAAJPEAUICoreWebView2@@PEAUICoreWebView2DOMContentLoadedEventArgs@@@Z@Z@$00PEAU9@PEAUICoreWebView2DOMContentLoadedEventArgs@@@?$DelegateArgTraits@P8ICoreWebView2DOMContentLoadedEventHandler@@EAAJPEAUICoreWebView2@@PEAUICoreWebView2DOMContentLoadedEventArgs@@@Z@Details@WRL@Microsoft@@
AfterFXLib.dll,ascii,33718288,.?AV?$RuntimeClass@U?$RuntimeClassFlags@$01@WRL@Microsoft@@UICoreWebView2DOMContentLoadedEventHandler@@@WRL@Microsoft@@
AfterFXLib.dll,ascii,33718432,.?AV?$RuntimeClassImpl@U?$RuntimeClassFlags@$01@WRL@Microsoft@@$00$0A@$00UICoreWebView2DOMContentLoadedEventHandler@@@Details@WRL@Microsoft@@
AfterFXLib.dll,ascii,33718592,.?AU?$ImplementsHelper@U?$RuntimeClassFlags@$01@WRL@Microsoft@@$0A@UICoreWebView2DOMContentLoadedEventHandler@@@Details@WRL@Microsoft@@
AfterFXLib.dll,ascii,33718752,.?AV<lambda_1>@?1???$Callback@UICoreWebView2DOMContentLoadedEventHandler@@VWebView2NativeBrowser@nglworkflow@adobe@@PEAUICoreWebView2@@PEAUICoreWebView2DOMContentLoadedEventArgs@@@WRL@Microsoft@@YA?AV?$ComPtr@UICoreWebView2DOMContentLoadedEventHandler@@@12@PEAVWebView2NativeBrowser@nglworkflow@adobe@@P8456@EAAJPEAUICoreWebView2@@PEAUICoreWebView2DOMContentLoadedEventArgs@@@Z@Z@
AfterFXLib.dll,ascii,33720896,.?AU?$DelegateInvokeHelper@UICoreWebView2DownloadStartingEventHandler@@V<lambda_1>@?1???$Callback@UICoreWebView2DownloadStartingEventHandler@@VWebView2NativeBrowser@nglworkflow@adobe@@PEAUICoreWebView2@@PEAUICoreWebView2DownloadStartingEventArgs@@@WRL@Microsoft@@YA?AV?$ComPtr@UICoreWebView2DownloadStartingEventHandler@@@34@PEAVWebView2NativeBrowser@nglworkflow@adobe@@P8678@EAAJPEAUICoreWebView2@@PEAUICoreWebView2DownloadStartingEventArgs@@@Z@Z@$00PEAU9@PEAUICoreWebView2DownloadStartingEventArgs@@@?$DelegateArgTraits@P8ICoreWebView2DownloadStartingEventHandler@@EAAJPEAUICoreWebView2@@PEAUICoreWebView2DownloadStartingEventArgs@@@Z@Details@WRL@Microsoft@@
AfterFXLib.dll,ascii,33721584,.?AV?$RuntimeClass@U?$RuntimeClassFlags@$01@WRL@Microsoft@@UICoreWebView2DownloadStartingEventHandler@@@WRL@Microsoft@@
AfterFXLib.dll,ascii,33721728,.?AV?$RuntimeClassImpl@U?$RuntimeClassFlags@$01@WRL@Microsoft@@$00$0A@$00UICoreWebView2DownloadStartingEventHandler@@@Details@WRL@Microsoft@@
AfterFXLib.dll,ascii,33721888,.?AU?$ImplementsHelper@U?$RuntimeClassFlags@$01@WRL@Microsoft@@$0A@UICoreWebView2DownloadStartingEventHandler@@@Details@WRL@Microsoft@@
AfterFXLib.dll,ascii,33722048,.?AV<lambda_1>@?1???$Callback@UICoreWebView2DownloadStartingEventHandler@@VWebView2NativeBrowser@nglworkflow@adobe@@PEAUICoreWebView2@@PEAUICoreWebView2DownloadStartingEventArgs@@@WRL@Microsoft@@YA?AV?$ComPtr@UICoreWebView2DownloadStartingEventHandler@@@12@PEAVWebView2NativeBrowser@nglworkflow@adobe@@P8456@EAAJPEAUICoreWebView2@@PEAUICoreWebView2DownloadStartingEventArgs@@@Z@Z@
AfterFXLib.dll,ascii,33726464,.?AUIServiceProvider@@
AfterFXLib.dll,ascii,33726584,.?AUIDeveloperConsoleMessageReceiver@@
AfterFXLib.dll,utf16le,35470816,LAYOUTSOLIDBASE.ADAM#LAYOUTTEMPLATESSETTINGSPRESETS.ADAM$LAYOUTTEMPLATESSETTINGSSAVELOAD.ADAM
AfterFXLib.dll,utf16le,35473986,WATCHFOLDER.ADAM!WATCHFOLDERSTOPRENDEROPTIONS.ADAM
AfterFXLib.dll,utf16le,35480128,S_FOLDEROPEN_SM_N_D_AT_2X
AfterFXLib.dll,utf16le,35480180,S_FOLDER_SM_N_D_AT_2X
AfterFXLib.dll,utf16le,35480224,S_FOLDER_WI_N_D_AT_2X
AfterFXLib.dll,utf16le,35486562,S_PROJECTFOLDER_64X64_N_D_AT_2X
AfterFXLib.dll,utf16le,35488266,S_SAMPLER_SM_N_D_AT_2X&S_SCENEEXTENSIONOPACITY02_SM_N_D_AT_2X
AfterFXLib.dll,utf16le,35495406,TRACEPATH
AfterFXLib.dll,utf16le,35497888,MACPROJECTPANELICON_FOLDER
AfterFXLib.dll,utf16le,35522554,SP_FOLDER_SM_S_D
AfterFXLib.dll,utf16le,35522588,SP_FOLDER_SM_S_D_AT_2X
AfterFXLib.dll,utf16le,35522634,SP_FOLDER_SM_S_D_AT_3TO2X
AfterFXLib.dll,utf16le,35522686,SP_FOLDER_WI_N_D
AfterFXLib.dll,utf16le,35522720,SP_FOLDER_WI_N_D_AT_2X
AfterFXLib.dll,utf16le,35522766,SP_FOLDER_WI_N_D_AT_3TO2X
AfterFXLib.dll,utf16le,35522818,SP_FOLDER_WI_S_D
AfterFXLib.dll,utf16le,35522852,SP_FOLDER_WI_S_D_AT_2X
AfterFXLib.dll,utf16le,35522898,SP_FOLDER_WI_S_D_AT_3TO2X
AfterFXLib.dll,utf16le,35561378,PROJECT_FOLDER
AfterFXLib.dll,utf16le,35618580,SP_FOLDER_48X48_N_D
AfterFXLib.dll,utf16le,35618620,SP_FOLDER_48X48_N_D_AT_2X
AfterFXLib.dll,utf16le,35618672,SP_FOLDER_48X48_N_D_AT_3TO2X
AfterFXLib.dll,utf16le,35618730,SP_FOLDER_64X64_N_D
AfterFXLib.dll,utf16le,35618770,SP_FOLDER_64X64_N_D_AT_2X
AfterFXLib.dll,utf16le,35618822,SP_FOLDER_64X64_N_D_AT_3TO2X
AfterFXLib.dll,utf16le,35618880,SP_FOLDER_LG_N_D
AfterFXLib.dll,utf16le,35618914,SP_FOLDER_LG_N_D_AT_2X
AfterFXLib.dll,utf16le,35618960,SP_FOLDER_LG_N_D_AT_3TO2X
AfterFXLib.dll,utf16le,35619012,SP_FOLDER_SM_N_D
AfterFXLib.dll,utf16le,35619046,SP_FOLDER_SM_N_D_AT_2X
AfterFXLib.dll,utf16le,35619092,SP_FOLDER_SM_N_D_AT_3TO2X
AfterFXLib.dll,utf16le,35619144,SP_FOLDER_XL_N_D
AfterFXLib.dll,utf16le,35619178,SP_FOLDER_XL_N_D_AT_2X
AfterFXLib.dll,utf16le,35619224,SP_FOLDER_XL_N_D_AT_3TO2X SP_MP4TICAMSEQUENCE_XL_N_D_AT_2X
AfterFXLib.dll,ascii,35631839,"25.6.0.92,INTERNAL,DVAAE-4235087,,,,,,cc21c8955c9bb50002c41315159818c57dad6e0e,We need to scan for credentials when opening a saved AE  project because credentials are not saved."
AfterFXLib.dll,ascii,35760673,                                                                    <string>ThirdPartyButton</string>
AfterFXLib.dll,ascii,35881494,<string>ThirdPartyButton</string>
AfterFXLib.dll,ascii,36030415,                                                                    <string>ThirdPartyButton</string>
AfterFXLib.dll,ascii,36151183,<string>ThirdPartyButton</string>
AfterFXLib.dll,ascii,36273614,<key>springLoaded</key>
AfterFXLib.dll,ascii,36287645,<key>springLoaded</key>
AfterFXLib.dll,ascii,36316778,<key>springLoaded</key>
AfterFXLib.dll,ascii,36327585,<key>springLoaded</key>
AfterFXLib.dll,ascii,36335100,<key>springLoaded</key>
AfterFXLib.dll,ascii,36339879,<key>springLoaded</key>
AfterFXLib.dll,ascii,36343697,<key>springLoaded</key>
AfterFXLib.dll,ascii,36347517,<key>springLoaded</key>
AfterFXLib.dll,ascii,36389307,                                        <string>AE CEP Extension-com.adobe.DesignLibraries.angular</string>
AfterFXLib.dll,ascii,36411998,                <string>AE CEP Extension-com.adobe.ccx.open</string>
AfterFXLib.dll,ascii,36413950,                &lt;string&gt;AE CEP Extension-com.adobe.ccx.open&lt;/string&gt;
AfterFXLib.dll,ascii,36415858,                <string>AE CEP Extension-KLR</string>
AfterFXLib.dll,ascii,36418071,                &lt;string&gt;AE CEP Extension-KLR&lt;/string&gt;
AfterFXLib.dll,ascii,36451647,                                        <string>AE CEP Extension-com.adobe.DesignLibraries.angular</string>
AfterFXLib.dll,ascii,36472260,                <string>AE CEP Extension-com.adobe.ccx.open</string>
AfterFXLib.dll,ascii,36474212,                &lt;string&gt;AE CEP Extension-com.adobe.ccx.open&lt;/string&gt;
AfterFXLib.dll,ascii,36476120,                <string>AE CEP Extension-KLR</string>
AfterFXLib.dll,ascii,36478333,                &lt;string&gt;AE CEP Extension-KLR&lt;/string&gt;
AfterFXLib.dll,ascii,36521786,                                        <string>AE CEP Extension-com.adobe.DesignLibraries.angular</string>
AfterFXLib.dll,ascii,36531466,                <string>AE CEP Extension-com.adobe.ccx.open</string>
AfterFXLib.dll,ascii,36533418,                &lt;string&gt;AE CEP Extension-com.adobe.ccx.open&lt;/string&gt;
AfterFXLib.dll,ascii,36535326,                <string>AE CEP Extension-KLR</string>
AfterFXLib.dll,ascii,36537539,                &lt;string&gt;AE CEP Extension-KLR&lt;/string&gt;
AfterFXLib.dll,ascii,36579594,                                        <string>AE CEP Extension-com.adobe.DesignLibraries.angular</string>
AfterFXLib.dll,ascii,36587809,                <string>AE CEP Extension-com.adobe.ccx.open</string>
AfterFXLib.dll,ascii,36589761,                &lt;string&gt;AE CEP Extension-com.adobe.ccx.open&lt;/string&gt;
AfterFXLib.dll,ascii,36591669,                <string>AE CEP Extension-KLR</string>
AfterFXLib.dll,ascii,36593882,                &lt;string&gt;AE CEP Extension-KLR&lt;/string&gt;
AfterFXLib.dll,ascii,36607046,                <string>AE CEP Extension-com.adobe.LABOR.LearningPanel.AEFT</string>
AfterFXLib.dll,ascii,36608538,&lt;string&gt;AE CEP Extension-com.adobe.LABOR.LearningPanel.AEFT&lt;/string&gt;
AfterFXLib.dll,ascii,36641152,                                        <string>AE CEP Extension-com.adobe.DesignLibraries.angular</string>
AfterFXLib.dll,ascii,36658746,                <string>AE CEP Extension-com.adobe.ccx.open</string>
AfterFXLib.dll,ascii,36660698,                &lt;string&gt;AE CEP Extension-com.adobe.ccx.open&lt;/string&gt;
AfterFXLib.dll,ascii,36662606,                <string>AE CEP Extension-KLR</string>
AfterFXLib.dll,ascii,36664819,                &lt;string&gt;AE CEP Extension-KLR&lt;/string&gt;
AfterFXLib.dll,ascii,36697112,                                        <string>AE CEP Extension-com.adobe.DesignLibraries.angular</string>
AfterFXLib.dll,ascii,36716096,                <string>AE CEP Extension-com.adobe.ccx.open</string>
AfterFXLib.dll,ascii,36718048,                &lt;string&gt;AE CEP Extension-com.adobe.ccx.open&lt;/string&gt;
AfterFXLib.dll,ascii,36719956,                <string>AE CEP Extension-KLR</string>
AfterFXLib.dll,ascii,36722169,                &lt;string&gt;AE CEP Extension-KLR&lt;/string&gt;
AfterFXLib.dll,ascii,36727397,                                <string>AE CEP Extension-com.adobe.LABOR.LearningPanel.AEFT</string>
AfterFXLib.dll,ascii,36779436,                                        <string>AE CEP Extension-com.adobe.DesignLibraries.angular</string>
AfterFXLib.dll,ascii,36783119,                <string>AE CEP Extension-com.adobe.ccx.open</string>
AfterFXLib.dll,ascii,36785071,                &lt;string&gt;AE CEP Extension-com.adobe.ccx.open&lt;/string&gt;
AfterFXLib.dll,ascii,36786979,                <string>AE CEP Extension-KLR</string>
AfterFXLib.dll,ascii,36789192,                &lt;string&gt;AE CEP Extension-KLR&lt;/string&gt;
AfterFXLib.dll,ascii,36835900,                                <string>AE CEP Extension-com.adobe.DesignLibraries.angular</string>
AfterFXLib.dll,ascii,36839706,                <string>AE CEP Extension-com.adobe.ccx.open</string>
AfterFXLib.dll,ascii,36841658,                &lt;string&gt;AE CEP Extension-com.adobe.ccx.open&lt;/string&gt;
AfterFXLib.dll,ascii,36843566,                <string>AE CEP Extension-KLR</string>
AfterFXLib.dll,ascii,36845779,                &lt;string&gt;AE CEP Extension-KLR&lt;/string&gt;
AfterFXLib.dll,ascii,36881808,                                                        <string>AE CEP Extension-com.adobe.DesignLibraries.angular</string>
AfterFXLib.dll,ascii,36893418,                <string>AE CEP Extension-com.adobe.ccx.open</string>
AfterFXLib.dll,ascii,36895370,                &lt;string&gt;AE CEP Extension-com.adobe.ccx.open&lt;/string&gt;
AfterFXLib.dll,ascii,36897278,                <string>AE CEP Extension-KLR</string>
AfterFXLib.dll,ascii,36899491,                &lt;string&gt;AE CEP Extension-KLR&lt;/string&gt;
AfterFXLib.dll,ascii,36931814,                                                <string>AE CEP Extension-com.adobe.DesignLibraries.angular</string>
AfterFXLib.dll,ascii,36949961,                <string>AE CEP Extension-com.adobe.ccx.open</string>
AfterFXLib.dll,ascii,36951913,                &lt;string&gt;AE CEP Extension-com.adobe.ccx.open&lt;/string&gt;
AfterFXLib.dll,ascii,36953821,                <string>AE CEP Extension-KLR</string>
AfterFXLib.dll,ascii,36956034,                &lt;string&gt;AE CEP Extension-KLR&lt;/string&gt;
AfterFXLib.dll,ascii,36989319,                                                <string>AE CEP Extension-com.adobe.DesignLibraries.angular</string>
AfterFXLib.dll,ascii,37006413,                <string>AE CEP Extension-com.adobe.ccx.open</string>
AfterFXLib.dll,ascii,37008365,                &lt;string&gt;AE CEP Extension-com.adobe.ccx.open&lt;/string&gt;
AfterFXLib.dll,ascii,37010273,                <string>AE CEP Extension-KLR</string>
AfterFXLib.dll,ascii,37012486,                &lt;string&gt;AE CEP Extension-KLR&lt;/string&gt;
AfterFXLib.dll,ascii,37020865,                                                                        <string>AE CEP Extension-com.frameio.panel</string>
AfterFXLib.dll,ascii,37046047,                                                                        <string>AE CEP Extension-com.adobe.DesignLibraries.angular</string>
AfterFXLib.dll,ascii,37063910,                        <string>AE CEP Extension-com.adobe.ccx.open</string>
AfterFXLib.dll,ascii,37064126,                     <string>&lt;prop.list&gt; &lt;prop.pair&gt; &lt;key&gt;HasLeftBar&lt;/key&gt; &lt;false/&gt; &lt;/prop.pair&gt; &lt;prop.pair&gt; &lt;key&gt;HasRightBar&lt;/key&gt; &lt;false/&gt; &lt;/prop.pair&gt; &lt;prop.pair&gt; &lt;key&gt;HasStatBar&lt;/key&gt; &lt;false/&gt; &lt;/prop.pair&gt; &lt;prop.pair&gt; &lt;key&gt;HasToolBar&lt;/key&gt; &lt;false/&gt; &lt;/prop.pair&gt; &lt;prop.pair&gt; &lt;key&gt;Splitter&lt;/key&gt; &lt;prop.list&gt; &lt;prop.pair&gt; &lt;key&gt;Orient&lt;/key&gt; &lt;false/&gt; &lt;/prop.pair&gt; &lt;prop.pair&gt; &lt;key&gt;Place&lt;/key&gt; &lt;float&gt;0.5&lt;/float&gt; &lt;/prop.pair&gt; &lt;prop.pair&gt; &lt;key&gt;Sub1&lt;/key&gt; &lt;prop.list&gt; &lt;prop.pair&gt; &lt;key&gt;FrameProxy&lt;/key&gt; &lt;prop.list&gt; &lt;prop.pair&gt; &lt;key&gt;HidTabState-0&lt;/key&gt; &lt;string&gt;&amp;lt;prop.list&amp;gt; &amp;lt;/prop.list&amp;gt; &lt;/string&gt; &lt;/prop.pair&gt; &lt;prop.pair&gt; &lt;key&gt;TabIDs&lt;/key&gt; &lt;array&gt; &lt;array.type&gt;&lt;string/&gt;&lt;/array.type&gt; &lt;string&gt;AE CEP Extension-com.adobe.ccx.open&lt;/string&gt; &lt;/array&gt; &lt;/prop.pair&gt; &lt;/prop.list&gt; &lt;/prop.pair&gt; &lt;/prop.list&gt;
AfterFXLib.dll,ascii,37066638,                        <string>AE CEP Extension-KLR</string>
AfterFXLib.dll,ascii,37066839,                     <string>&lt;prop.list&gt; &lt;prop.pair&gt; &lt;key&gt;HasLeftBar&lt;/key&gt; &lt;false/&gt; &lt;/prop.pair&gt; &lt;prop.pair&gt; &lt;key&gt;HasRightBar&lt;/key&gt; &lt;false/&gt; &lt;/prop.pair&gt; &lt;prop.pair&gt; &lt;key&gt;HasStatBar&lt;/key&gt; &lt;false/&gt; &lt;/prop.pair&gt; &lt;prop.pair&gt; &lt;key&gt;HasToolBar&lt;/key&gt; &lt;false/&gt; &lt;/prop.pair&gt; &lt;prop.pair&gt; &lt;key&gt;Splitter&lt;/key&gt; &lt;prop.list&gt; &lt;prop.pair&gt; &lt;key&gt;Orient&lt;/key&gt; &lt;false/&gt; &lt;/prop.pair&gt; &lt;prop.pair&gt; &lt;key&gt;Place&lt;/key&gt; &lt;float&gt;0.5&lt;/float&gt; &lt;/prop.pair&gt; &lt;prop.pair&gt; &lt;key&gt;Sub1&lt;/key&gt; &lt;prop.list&gt; &lt;prop.pair&gt; &lt;key&gt;FrameProxy&lt;/key&gt; &lt;prop.list&gt; &lt;prop.pair&gt; &lt;key&gt;HidTabState-0&lt;/key&gt; &lt;string&gt;&amp;lt;prop.list&amp;gt; &amp;lt;prop.pair&amp;gt; &amp;lt;key&amp;gt;FrameViewFlags&amp;lt;/key&amp;gt; &amp;lt;int type=&amp;apos;signed&amp;apos; size=&amp;apos;32&amp;apos;&amp;gt;7&amp;lt;/int&amp;gt; &amp;lt;/prop.pair&amp;gt; &amp;lt;/prop.list&amp;gt; &lt;/string&gt; &lt;/prop.pair&gt; &lt;prop.pair&gt; &lt;key&gt;TabIDs&lt;/key&gt; &lt;array&gt; 
AfterFXLib.dll,ascii,37117906,                                        <string>AE CEP Extension-com.adobe.DesignLibraries.angular</string>
AfterFXLib.dll,ascii,37126126,                <string>AE CEP Extension-com.adobe.ccx.open</string>
AfterFXLib.dll,ascii,37128078,                &lt;string&gt;AE CEP Extension-com.adobe.ccx.open&lt;/string&gt;
AfterFXLib.dll,ascii,37129986,                <string>AE CEP Extension-KLR</string>
AfterFXLib.dll,ascii,37132199,                &lt;string&gt;AE CEP Extension-KLR&lt;/string&gt;
AfterFXLib.dll,ascii,37145363,                <string>AE CEP Extension-com.adobe.LABOR.LearningPanel.AEFT</string>
AfterFXLib.dll,ascii,37146855,&lt;string&gt;AE CEP Extension-com.adobe.LABOR.LearningPanel.AEFT&lt;/string&gt;
AfterFXLib.dll,ascii,37162417,<string>AE CEP Extension-com.adobe.DesignLibraries.angular</string>
AfterFXLib.dll,ascii,37170142,<string>AE CEP Extension-com.adobe.ccx.open</string>
AfterFXLib.dll,ascii,37172012,                &lt;string&gt;AE CEP Extension-com.adobe.ccx.open&lt;/string&gt;
AfterFXLib.dll,ascii,37173648,<string>AE CEP Extension-KLR</string>
AfterFXLib.dll,ascii,37175779,                &lt;string&gt;AE CEP Extension-KLR&lt;/string&gt;
AfterFXLib.dll,ascii,37219290,                                                <string>AE CEP Extension-com.adobe.DesignLibraries.angular</string>
AfterFXLib.dll,ascii,37237955,                <string>AE CEP Extension-com.adobe.ccx.open</string>
AfterFXLib.dll,ascii,37239907,                &lt;string&gt;AE CEP Extension-com.adobe.ccx.open&lt;/string&gt;
AfterFXLib.dll,ascii,37241815,                <string>AE CEP Extension-KLR</string>
AfterFXLib.dll,ascii,37244028,                &lt;string&gt;AE CEP Extension-KLR&lt;/string&gt;
AfterFXLib.dll,ascii,37275805,                                                                <string>AE CEP Extension-com.adobe.DesignLibraries.angular</string>
AfterFXLib.dll,ascii,37308688,                <string>AE CEP Extension-com.adobe.ccx.open</string>
AfterFXLib.dll,ascii,37310640,                &lt;string&gt;AE CEP Extension-com.adobe.ccx.open&lt;/string&gt;
AfterFXLib.dll,ascii,37312548,                <string>AE CEP Extension-KLR</string>
AfterFXLib.dll,ascii,37314761,                &lt;string&gt;AE CEP Extension-KLR&lt;/string&gt;
AfterFXLib.dll,ascii,37736568,"<!ENTITY SPECTRUM_ASSET_FOLDER_BACKGROUND_COLOR ""6000597"">"
AfterFXLib.dll,ascii,37737575,"<!ENTITY SPECTRUM_BARLOADER_LARGE_BORDER_RADIUS ""6000616"">"
AfterFXLib.dll,ascii,37737635,"<!ENTITY SPECTRUM_BARLOADER_LARGE_FILL_BORDER_RADIUS ""6000617"">"
AfterFXLib.dll,ascii,37737700,"<!ENTITY SPECTRUM_BARLOADER_LARGE_HEIGHT ""6000618"">"
AfterFXLib.dll,ascii,37737753,"<!ENTITY SPECTRUM_BARLOADER_LARGE_INDETERMINATE_ANIMATION_EASE ""6000619"">"
AfterFXLib.dll,ascii,37737828,"<!ENTITY SPECTRUM_BARLOADER_LARGE_INDETERMINATE_BORDER_RADIUS ""6000620"">"
AfterFXLib.dll,ascii,37737902,"<!ENTITY SPECTRUM_BARLOADER_LARGE_INDETERMINATE_DURATION ""6000621"">"
AfterFXLib.dll,ascii,37737971,"<!ENTITY SPECTRUM_BARLOADER_LARGE_INDETERMINATE_FILL_BORDER_RADIUS ""6000622"">"
AfterFXLib.dll,ascii,37738050,"<!ENTITY SPECTRUM_BARLOADER_LARGE_INDETERMINATE_FILL_WIDTH ""6000623"">"
AfterFXLib.dll,ascii,37738121,"<!ENTITY SPECTRUM_BARLOADER_LARGE_INDETERMINATE_HEIGHT ""6000624"">"
AfterFXLib.dll,ascii,37738188,"<!ENTITY SPECTRUM_BARLOADER_LARGE_INDETERMINATE_LABEL_GAP_X ""6000625"">"
AfterFXLib.dll,ascii,37738260,"<!ENTITY SPECTRUM_BARLOADER_LARGE_INDETERMINATE_LABEL_GAP_Y ""6000626"">"
AfterFXLib.dll,ascii,37738332,"<!ENTITY SPECTRUM_BARLOADER_LARGE_INDETERMINATE_TEXT_COLOR ""6000627"">"
AfterFXLib.dll,ascii,37738403,"<!ENTITY SPECTRUM_BARLOADER_LARGE_INDETERMINATE_TRACK_COLOR ""6000628"">"
AfterFXLib.dll,ascii,37738475,"<!ENTITY SPECTRUM_BARLOADER_LARGE_INDETERMINATE_TRACK_COLOR_DISABLED ""6000629"">"
AfterFXLib.dll,ascii,37738556,"<!ENTITY SPECTRUM_BARLOADER_LARGE_INDETERMINATE_TRACK_FILL_COLOR ""6000630"">"
AfterFXLib.dll,ascii,37738633,"<!ENTITY SPECTRUM_BARLOADER_LARGE_INDETERMINATE_TRACK_FILL_COLOR_DISABLED ""6000631"">"
AfterFXLib.dll,ascii,37738719,"<!ENTITY SPECTRUM_BARLOADER_LARGE_INDETERMINATE_WIDTH ""6000632"">"
AfterFXLib.dll,ascii,37738785,"<!ENTITY SPECTRUM_BARLOADER_LARGE_LABEL_GAP_X ""6000633"">"
AfterFXLib.dll,ascii,37738843,"<!ENTITY SPECTRUM_BARLOADER_LARGE_LABEL_GAP_Y ""6000634"">"
AfterFXLib.dll,ascii,37738901,"<!ENTITY SPECTRUM_BARLOADER_LARGE_OVER_BACKGROUND_BORDER_RADIUS ""6000635"">"
AfterFXLib.dll,ascii,37738977,"<!ENTITY SPECTRUM_BARLOADER_LARGE_OVER_BACKGROUND_FILL_BORDER_RADIUS ""6000636"">"
AfterFXLib.dll,ascii,37739058,"<!ENTITY SPECTRUM_BARLOADER_LARGE_OVER_BACKGROUND_HEIGHT ""6000637"">"
AfterFXLib.dll,ascii,37739127,"<!ENTITY SPECTRUM_BARLOADER_LARGE_OVER_BACKGROUND_LABEL_GAP_X ""6000638"">"
AfterFXLib.dll,ascii,37739201,"<!ENTITY SPECTRUM_BARLOADER_LARGE_OVER_BACKGROUND_LABEL_GAP_Y ""6000639"">"
AfterFXLib.dll,ascii,37739275,"<!ENTITY SPECTRUM_BARLOADER_LARGE_OVER_BACKGROUND_TEXT_COLOR ""6000640"">"
AfterFXLib.dll,ascii,37739348,"<!ENTITY SPECTRUM_BARLOADER_LARGE_OVER_BACKGROUND_TRACK_COLOR ""6000641"">"
AfterFXLib.dll,ascii,37739422,"<!ENTITY SPECTRUM_BARLOADER_LARGE_OVER_BACKGROUND_TRACK_COLOR_DISABLED ""6000642"">"
AfterFXLib.dll,ascii,37739505,"<!ENTITY SPECTRUM_BARLOADER_LARGE_OVER_BACKGROUND_TRACK_FILL_COLOR ""6000643"">"
AfterFXLib.dll,ascii,37739584,"<!ENTITY SPECTRUM_BARLOADER_LARGE_OVER_BACKGROUND_TRACK_FILL_COLOR_DISABLED ""6000644"">"
AfterFXLib.dll,ascii,37739672,"<!ENTITY SPECTRUM_BARLOADER_LARGE_OVER_BACKGROUND_WIDTH ""6000645"">"
AfterFXLib.dll,ascii,37739740,"<!ENTITY SPECTRUM_BARLOADER_LARGE_TEXT_COLOR ""6000646"">"
AfterFXLib.dll,ascii,37739797,"<!ENTITY SPECTRUM_BARLOADER_LARGE_TRACK_COLOR ""6000647"">"
AfterFXLib.dll,ascii,37739855,"<!ENTITY SPECTRUM_BARLOADER_LARGE_TRACK_COLOR_DISABLED ""6000648"">"
AfterFXLib.dll,ascii,37739922,"<!ENTITY SPECTRUM_BARLOADER_LARGE_TRACK_FILL_COLOR ""6000649"">"
AfterFXLib.dll,ascii,37739985,"<!ENTITY SPECTRUM_BARLOADER_LARGE_TRACK_FILL_COLOR_DISABLED ""6000650"">"
AfterFXLib.dll,ascii,37740057,"<!ENTITY SPECTRUM_BARLOADER_LARGE_WIDTH ""6000651"">"
AfterFXLib.dll,ascii,37740109,"<!ENTITY SPECTRUM_BARLOADER_SMALL_BORDER_RADIUS ""6000652"">"
AfterFXLib.dll,ascii,37740169,"<!ENTITY SPECTRUM_BARLOADER_SMALL_FILL_BORDER_RADIUS ""6000653"">"
AfterFXLib.dll,ascii,37740234,"<!ENTITY SPECTRUM_BARLOADER_SMALL_HEIGHT ""6000654"">"
AfterFXLib.dll,ascii,37740287,"<!ENTITY SPECTRUM_BARLOADER_SMALL_INDETERMINATE_ANIMATION_EASE ""6000655"">"
AfterFXLib.dll,ascii,37740362,"<!ENTITY SPECTRUM_BARLOADER_SMALL_INDETERMINATE_BORDER_RADIUS ""6000656"">"
AfterFXLib.dll,ascii,37740436,"<!ENTITY SPECTRUM_BARLOADER_SMALL_INDETERMINATE_DURATION ""6000657"">"
AfterFXLib.dll,ascii,37740505,"<!ENTITY SPECTRUM_BARLOADER_SMALL_INDETERMINATE_FILL_BORDER_RADIUS ""6000658"">"
AfterFXLib.dll,ascii,37740584,"<!ENTITY SPECTRUM_BARLOADER_SMALL_INDETERMINATE_FILL_WIDTH ""6000659"">"
AfterFXLib.dll,ascii,37740655,"<!ENTITY SPECTRUM_BARLOADER_SMALL_INDETERMINATE_HEIGHT ""6000660"">"
AfterFXLib.dll,ascii,37740722,"<!ENTITY SPECTRUM_BARLOADER_SMALL_INDETERMINATE_LABEL_GAP_X ""6000661"">"
AfterFXLib.dll,ascii,37740794,"<!ENTITY SPECTRUM_BARLOADER_SMALL_INDETERMINATE_LABEL_GAP_Y ""6000662"">"
AfterFXLib.dll,ascii,37740866,"<!ENTITY SPECTRUM_BARLOADER_SMALL_INDETERMINATE_TEXT_COLOR ""6000663"">"
AfterFXLib.dll,ascii,37740937,"<!ENTITY SPECTRUM_BARLOADER_SMALL_INDETERMINATE_TRACK_COLOR ""6000664"">"
AfterFXLib.dll,ascii,37741009,"<!ENTITY SPECTRUM_BARLOADER_SMALL_INDETERMINATE_TRACK_COLOR_DISABLED ""6000665"">"
AfterFXLib.dll,ascii,37741090,"<!ENTITY SPECTRUM_BARLOADER_SMALL_INDETERMINATE_TRACK_FILL_COLOR ""6000666"">"
AfterFXLib.dll,ascii,37741167,"<!ENTITY SPECTRUM_BARLOADER_SMALL_INDETERMINATE_TRACK_FILL_COLOR_DISABLED ""6000667"">"
AfterFXLib.dll,ascii,37741253,"<!ENTITY SPECTRUM_BARLOADER_SMALL_INDETERMINATE_WIDTH ""6000668"">"
AfterFXLib.dll,ascii,37741319,"<!ENTITY SPECTRUM_BARLOADER_SMALL_LABEL_GAP_X ""6000669"">"
AfterFXLib.dll,ascii,37741377,"<!ENTITY SPECTRUM_BARLOADER_SMALL_LABEL_GAP_Y ""6000670"">"
AfterFXLib.dll,ascii,37741435,"<!ENTITY SPECTRUM_BARLOADER_SMALL_OVER_BACKGROUND_BORDER_RADIUS ""6000671"">"
AfterFXLib.dll,ascii,37741511,"<!ENTITY SPECTRUM_BARLOADER_SMALL_OVER_BACKGROUND_FILL_BORDER_RADIUS ""6000672"">"
AfterFXLib.dll,ascii,37741592,"<!ENTITY SPECTRUM_BARLOADER_SMALL_OVER_BACKGROUND_HEIGHT ""6000673"">"
AfterFXLib.dll,ascii,37741661,"<!ENTITY SPECTRUM_BARLOADER_SMALL_OVER_BACKGROUND_LABEL_GAP_X ""6000674"">"
AfterFXLib.dll,ascii,37741735,"<!ENTITY SPECTRUM_BARLOADER_SMALL_OVER_BACKGROUND_LABEL_GAP_Y ""6000675"">"
AfterFXLib.dll,ascii,37741809,"<!ENTITY SPECTRUM_BARLOADER_SMALL_OVER_BACKGROUND_TEXT_COLOR ""6000676"">"
AfterFXLib.dll,ascii,37741882,"<!ENTITY SPECTRUM_BARLOADER_SMALL_OVER_BACKGROUND_TRACK_COLOR ""6000677"">"
AfterFXLib.dll,ascii,37741956,"<!ENTITY SPECTRUM_BARLOADER_SMALL_OVER_BACKGROUND_TRACK_COLOR_DISABLED ""6000678"">"
AfterFXLib.dll,ascii,37742039,"<!ENTITY SPECTRUM_BARLOADER_SMALL_OVER_BACKGROUND_TRACK_FILL_COLOR ""6000679"">"
AfterFXLib.dll,ascii,37742118,"<!ENTITY SPECTRUM_BARLOADER_SMALL_OVER_BACKGROUND_TRACK_FILL_COLOR_DISABLED ""6000680"">"
AfterFXLib.dll,ascii,37742206,"<!ENTITY SPECTRUM_BARLOADER_SMALL_OVER_BACKGROUND_WIDTH ""6000681"">"
AfterFXLib.dll,ascii,37742274,"<!ENTITY SPECTRUM_BARLOADER_SMALL_TEXT_COLOR ""6000682"">"
AfterFXLib.dll,ascii,37742331,"<!ENTITY SPECTRUM_BARLOADER_SMALL_TRACK_COLOR ""6000683"">"
AfterFXLib.dll,ascii,37742389,"<!ENTITY SPECTRUM_BARLOADER_SMALL_TRACK_COLOR_DISABLED ""6000684"">"
AfterFXLib.dll,ascii,37742456,"<!ENTITY SPECTRUM_BARLOADER_SMALL_TRACK_FILL_COLOR ""6000685"">"
AfterFXLib.dll,ascii,37742519,"<!ENTITY SPECTRUM_BARLOADER_SMALL_TRACK_FILL_COLOR_DISABLED ""6000686"">"
AfterFXLib.dll,ascii,37742591,"<!ENTITY SPECTRUM_BARLOADER_SMALL_WIDTH ""6000687"">"
AfterFXLib.dll,ascii,37870039,"<!ENTITY SPECTRUM_CIRCLELOADER_LARGE_BORDER_SIZE ""6002584"">"
AfterFXLib.dll,ascii,37870100,"<!ENTITY SPECTRUM_CIRCLELOADER_LARGE_HEIGHT ""6002585"">"
AfterFXLib.dll,ascii,37870156,"<!ENTITY SPECTRUM_CIRCLELOADER_LARGE_OVER_BACKGROUND_BORDER_SIZE ""6002586"">"
AfterFXLib.dll,ascii,37870233,"<!ENTITY SPECTRUM_CIRCLELOADER_LARGE_OVER_BACKGROUND_HEIGHT ""6002587"">"
AfterFXLib.dll,ascii,37870305,"<!ENTITY SPECTRUM_CIRCLELOADER_LARGE_OVER_BACKGROUND_SPIN_ANIMATION_DURATION ""6002588"">"
AfterFXLib.dll,ascii,37870394,"<!ENTITY SPECTRUM_CIRCLELOADER_LARGE_OVER_BACKGROUND_SPIN_ANIMATION_EASE ""6002589"">"
AfterFXLib.dll,ascii,37870479,"<!ENTITY SPECTRUM_CIRCLELOADER_LARGE_OVER_BACKGROUND_TEXT_COLOR ""6002590"">"
AfterFXLib.dll,ascii,37870555,"<!ENTITY SPECTRUM_CIRCLELOADER_LARGE_OVER_BACKGROUND_TRACK_COLOR ""6002591"">"
AfterFXLib.dll,ascii,37870632,"<!ENTITY SPECTRUM_CIRCLELOADER_LARGE_OVER_BACKGROUND_TRACK_COLOR_DISABLED ""6002592"">"
AfterFXLib.dll,ascii,37870718,"<!ENTITY SPECTRUM_CIRCLELOADER_LARGE_OVER_BACKGROUND_TRACK_FILL_COLOR ""6002593"">"
AfterFXLib.dll,ascii,37870800,"<!ENTITY SPECTRUM_CIRCLELOADER_LARGE_OVER_BACKGROUND_TRACK_FILL_COLOR_DISABLED ""6002594"">"
AfterFXLib.dll,ascii,37870891,"<!ENTITY SPECTRUM_CIRCLELOADER_LARGE_OVER_BACKGROUND_WIDTH ""6002595"">"
AfterFXLib.dll,ascii,37870962,"<!ENTITY SPECTRUM_CIRCLELOADER_LARGE_SPIN_ANIMATION_DURATION ""6002596"">"
AfterFXLib.dll,ascii,37871035,"<!ENTITY SPECTRUM_CIRCLELOADER_LARGE_SPIN_ANIMATION_EASE ""6002597"">"
AfterFXLib.dll,ascii,37871104,"<!ENTITY SPECTRUM_CIRCLELOADER_LARGE_TEXT_COLOR ""6002598"">"
AfterFXLib.dll,ascii,37871164,"<!ENTITY SPECTRUM_CIRCLELOADER_LARGE_TRACK_COLOR ""6002599"">"
AfterFXLib.dll,ascii,37871225,"<!ENTITY SPECTRUM_CIRCLELOADER_LARGE_TRACK_COLOR_DISABLED ""6002600"">"
AfterFXLib.dll,ascii,37871295,"<!ENTITY SPECTRUM_CIRCLELOADER_LARGE_TRACK_FILL_COLOR ""6002601"">"
AfterFXLib.dll,ascii,37871361,"<!ENTITY SPECTRUM_CIRCLELOADER_LARGE_TRACK_FILL_COLOR_DISABLED ""6002602"">"
AfterFXLib.dll,ascii,37871436,"<!ENTITY SPECTRUM_CIRCLELOADER_LARGE_WIDTH ""6002603"">"
AfterFXLib.dll,ascii,37871491,"<!ENTITY SPECTRUM_CIRCLELOADER_MEDIUM_BORDER_SIZE ""6002604"">"
AfterFXLib.dll,ascii,37871553,"<!ENTITY SPECTRUM_CIRCLELOADER_MEDIUM_HEIGHT ""6002605"">"
AfterFXLib.dll,ascii,37871610,"<!ENTITY SPECTRUM_CIRCLELOADER_MEDIUM_OVER_BACKGROUND_BORDER_SIZE ""6002606"">"
AfterFXLib.dll,ascii,37871688,"<!ENTITY SPECTRUM_CIRCLELOADER_MEDIUM_OVER_BACKGROUND_HEIGHT ""6002607"">"
AfterFXLib.dll,ascii,37871761,"<!ENTITY SPECTRUM_CIRCLELOADER_MEDIUM_OVER_BACKGROUND_SPIN_ANIMATION_DURATION ""6002608"">"
AfterFXLib.dll,ascii,37871851,"<!ENTITY SPECTRUM_CIRCLELOADER_MEDIUM_OVER_BACKGROUND_SPIN_ANIMATION_EASE ""6002609"">"
AfterFXLib.dll,ascii,37871937,"<!ENTITY SPECTRUM_CIRCLELOADER_MEDIUM_OVER_BACKGROUND_TEXT_COLOR ""6002610"">"
AfterFXLib.dll,ascii,37872014,"<!ENTITY SPECTRUM_CIRCLELOADER_MEDIUM_OVER_BACKGROUND_TRACK_COLOR ""6002611"">"
AfterFXLib.dll,ascii,37872092,"<!ENTITY SPECTRUM_CIRCLELOADER_MEDIUM_OVER_BACKGROUND_TRACK_COLOR_DISABLED ""6002612"">"
AfterFXLib.dll,ascii,37872179,"<!ENTITY SPECTRUM_CIRCLELOADER_MEDIUM_OVER_BACKGROUND_TRACK_FILL_COLOR ""6002613"">"
AfterFXLib.dll,ascii,37872262,"<!ENTITY SPECTRUM_CIRCLELOADER_MEDIUM_OVER_BACKGROUND_TRACK_FILL_COLOR_DISABLED ""6002614"">"
AfterFXLib.dll,ascii,37872354,"<!ENTITY SPECTRUM_CIRCLELOADER_MEDIUM_OVER_BACKGROUND_WIDTH ""6002615"">"
AfterFXLib.dll,ascii,37872426,"<!ENTITY SPECTRUM_CIRCLELOADER_MEDIUM_SPIN_ANIMATION_DURATION ""6002616"">"
AfterFXLib.dll,ascii,37872500,"<!ENTITY SPECTRUM_CIRCLELOADER_MEDIUM_SPIN_ANIMATION_EASE ""6002617"">"
AfterFXLib.dll,ascii,37872570,"<!ENTITY SPECTRUM_CIRCLELOADER_MEDIUM_TEXT_COLOR ""6002618"">"
AfterFXLib.dll,ascii,37872631,"<!ENTITY SPECTRUM_CIRCLELOADER_MEDIUM_TRACK_COLOR ""6002619"">"
AfterFXLib.dll,ascii,37872693,"<!ENTITY SPECTRUM_CIRCLELOADER_MEDIUM_TRACK_COLOR_DISABLED ""6002620"">"
AfterFXLib.dll,ascii,37872764,"<!ENTITY SPECTRUM_CIRCLELOADER_MEDIUM_TRACK_FILL_COLOR ""6002621"">"
AfterFXLib.dll,ascii,37872831,"<!ENTITY SPECTRUM_CIRCLELOADER_MEDIUM_TRACK_FILL_COLOR_DISABLED ""6002622"">"
AfterFXLib.dll,ascii,37872907,"<!ENTITY SPECTRUM_CIRCLELOADER_MEDIUM_WIDTH ""6002623"">"
AfterFXLib.dll,ascii,37872963,"<!ENTITY SPECTRUM_CIRCLELOADER_SMALL_BORDER_SIZE ""6002624"">"
AfterFXLib.dll,ascii,37873024,"<!ENTITY SPECTRUM_CIRCLELOADER_SMALL_HEIGHT ""6002625"">"
AfterFXLib.dll,ascii,37873080,"<!ENTITY SPECTRUM_CIRCLELOADER_SMALL_OVER_BACKGROUND_BORDER_SIZE ""6002626"">"
AfterFXLib.dll,ascii,37873157,"<!ENTITY SPECTRUM_CIRCLELOADER_SMALL_OVER_BACKGROUND_HEIGHT ""6002627"">"
AfterFXLib.dll,ascii,37873229,"<!ENTITY SPECTRUM_CIRCLELOADER_SMALL_OVER_BACKGROUND_SPIN_ANIMATION_DURATION ""6002628"">"
AfterFXLib.dll,ascii,37873318,"<!ENTITY SPECTRUM_CIRCLELOADER_SMALL_OVER_BACKGROUND_SPIN_ANIMATION_EASE ""6002629"">"
AfterFXLib.dll,ascii,37873403,"<!ENTITY SPECTRUM_CIRCLELOADER_SMALL_OVER_BACKGROUND_TEXT_COLOR ""6002630"">"
AfterFXLib.dll,ascii,37873479,"<!ENTITY SPECTRUM_CIRCLELOADER_SMALL_OVER_BACKGROUND_TRACK_COLOR ""6002631"">"
AfterFXLib.dll,ascii,37873556,"<!ENTITY SPECTRUM_CIRCLELOADER_SMALL_OVER_BACKGROUND_TRACK_COLOR_DISABLED ""6002632"">"
AfterFXLib.dll,ascii,37873642,"<!ENTITY SPECTRUM_CIRCLELOADER_SMALL_OVER_BACKGROUND_TRACK_FILL_COLOR ""6002633"">"
AfterFXLib.dll,ascii,37873724,"<!ENTITY SPECTRUM_CIRCLELOADER_SMALL_OVER_BACKGROUND_TRACK_FILL_COLOR_DISABLED ""6002634"">"
AfterFXLib.dll,ascii,37873815,"<!ENTITY SPECTRUM_CIRCLELOADER_SMALL_OVER_BACKGROUND_WIDTH ""6002635"">"
AfterFXLib.dll,ascii,37873886,"<!ENTITY SPECTRUM_CIRCLELOADER_SMALL_SPIN_ANIMATION_DURATION ""6002636"">"
AfterFXLib.dll,ascii,37873959,"<!ENTITY SPECTRUM_CIRCLELOADER_SMALL_SPIN_ANIMATION_EASE ""6002637"">"
AfterFXLib.dll,ascii,37874028,"<!ENTITY SPECTRUM_CIRCLELOADER_SMALL_TEXT_COLOR ""6002638"">"
AfterFXLib.dll,ascii,37874088,"<!ENTITY SPECTRUM_CIRCLELOADER_SMALL_TRACK_COLOR ""6002639"">"
AfterFXLib.dll,ascii,37874149,"<!ENTITY SPECTRUM_CIRCLELOADER_SMALL_TRACK_COLOR_DISABLED ""6002640"">"
AfterFXLib.dll,ascii,37874219,"<!ENTITY SPECTRUM_CIRCLELOADER_SMALL_TRACK_FILL_COLOR ""6002641"">"
AfterFXLib.dll,ascii,37874285,"<!ENTITY SPECTRUM_CIRCLELOADER_SMALL_TRACK_FILL_COLOR_DISABLED ""6002642"">"
AfterFXLib.dll,ascii,37874360,"<!ENTITY SPECTRUM_CIRCLELOADER_SMALL_WIDTH ""6002643"">"
AfterFXLib.dll,ascii,38063615,"<!ENTITY SPECTRUM_ICON_FOLDERBREADCRUMB_HEIGHT ""6005541"">"
AfterFXLib.dll,ascii,38063674,"<!ENTITY SPECTRUM_ICON_FOLDERBREADCRUMB_WIDTH ""6005542"">"
AfterFXLib.dll,ascii,38077213,"<!ENTITY SPECTRUM_LOADER_BAR_LARGE_BORDER_RADIUS ""6005759"">"
AfterFXLib.dll,ascii,38077274,"<!ENTITY SPECTRUM_LOADER_BAR_LARGE_FILL_BORDER_RADIUS ""6005760"">"
AfterFXLib.dll,ascii,38077340,"<!ENTITY SPECTRUM_LOADER_BAR_LARGE_HEIGHT ""6005761"">"
AfterFXLib.dll,ascii,38077394,"<!ENTITY SPECTRUM_LOADER_BAR_LARGE_LABEL_GAP_X ""6005762"">"
AfterFXLib.dll,ascii,38077453,"<!ENTITY SPECTRUM_LOADER_BAR_LARGE_LABEL_GAP_Y ""6005763"">"
AfterFXLib.dll,ascii,38077512,"<!ENTITY SPECTRUM_LOADER_BAR_LARGE_OVER_BACKGROUND_BORDER_RADIUS ""6005764"">"
AfterFXLib.dll,ascii,38077589,"<!ENTITY SPECTRUM_LOADER_BAR_LARGE_OVER_BACKGROUND_FILL_BORDER_RADIUS ""6005765"">"
AfterFXLib.dll,ascii,38077671,"<!ENTITY SPECTRUM_LOADER_BAR_LARGE_OVER_BACKGROUND_HEIGHT ""6005766"">"
AfterFXLib.dll,ascii,38077741,"<!ENTITY SPECTRUM_LOADER_BAR_LARGE_OVER_BACKGROUND_LABEL_GAP_X ""6005767"">"
AfterFXLib.dll,ascii,38077816,"<!ENTITY SPECTRUM_LOADER_BAR_LARGE_OVER_BACKGROUND_LABEL_GAP_Y ""6005768"">"
AfterFXLib.dll,ascii,38077891,"<!ENTITY SPECTRUM_LOADER_BAR_LARGE_OVER_BACKGROUND_TEXT_COLOR ""6005769"">"
AfterFXLib.dll,ascii,38077965,"<!ENTITY SPECTRUM_LOADER_BAR_LARGE_OVER_BACKGROUND_TRACK_COLOR ""6005770"">"
AfterFXLib.dll,ascii,38078040,"<!ENTITY SPECTRUM_LOADER_BAR_LARGE_OVER_BACKGROUND_TRACK_COLOR_DISABLED ""6005771"">"
AfterFXLib.dll,ascii,38078124,"<!ENTITY SPECTRUM_LOADER_BAR_LARGE_OVER_BACKGROUND_TRACK_FILL_COLOR ""6005772"">"
AfterFXLib.dll,ascii,38078204,"<!ENTITY SPECTRUM_LOADER_BAR_LARGE_OVER_BACKGROUND_TRACK_FILL_COLOR_DISABLED ""6005773"">"
AfterFXLib.dll,ascii,38078293,"<!ENTITY SPECTRUM_LOADER_BAR_LARGE_OVER_BACKGROUND_WIDTH ""6005774"">"
AfterFXLib.dll,ascii,38078362,"<!ENTITY SPECTRUM_LOADER_BAR_LARGE_TEXT_COLOR ""6005775"">"
AfterFXLib.dll,ascii,38078420,"<!ENTITY SPECTRUM_LOADER_BAR_LARGE_TRACK_COLOR ""6005776"">"
AfterFXLib.dll,ascii,38078479,"<!ENTITY SPECTRUM_LOADER_BAR_LARGE_TRACK_COLOR_DISABLED ""6005777"">"
AfterFXLib.dll,ascii,38078547,"<!ENTITY SPECTRUM_LOADER_BAR_LARGE_TRACK_FILL_COLOR ""6005778"">"
AfterFXLib.dll,ascii,38078611,"<!ENTITY SPECTRUM_LOADER_BAR_LARGE_TRACK_FILL_COLOR_DISABLED ""6005779"">"
AfterFXLib.dll,ascii,38078684,"<!ENTITY SPECTRUM_LOADER_BAR_LARGE_WIDTH ""6005780"">"
AfterFXLib.dll,ascii,38078737,"<!ENTITY SPECTRUM_LOADER_BAR_SMALL_BORDER_RADIUS ""6005781"">"
AfterFXLib.dll,ascii,38078798,"<!ENTITY SPECTRUM_LOADER_BAR_SMALL_FILL_BORDER_RADIUS ""6005782"">"
AfterFXLib.dll,ascii,38078864,"<!ENTITY SPECTRUM_LOADER_BAR_SMALL_HEIGHT ""6005783"">"
AfterFXLib.dll,ascii,38078918,"<!ENTITY SPECTRUM_LOADER_BAR_SMALL_LABEL_GAP_X ""6005784"">"
AfterFXLib.dll,ascii,38078977,"<!ENTITY SPECTRUM_LOADER_BAR_SMALL_LABEL_GAP_Y ""6005785"">"
AfterFXLib.dll,ascii,38079036,"<!ENTITY SPECTRUM_LOADER_BAR_SMALL_OVER_BACKGROUND_BORDER_RADIUS ""6005786"">"
AfterFXLib.dll,ascii,38079113,"<!ENTITY SPECTRUM_LOADER_BAR_SMALL_OVER_BACKGROUND_FILL_BORDER_RADIUS ""6005787"">"
AfterFXLib.dll,ascii,38079195,"<!ENTITY SPECTRUM_LOADER_BAR_SMALL_OVER_BACKGROUND_HEIGHT ""6005788"">"
AfterFXLib.dll,ascii,38079265,"<!ENTITY SPECTRUM_LOADER_BAR_SMALL_OVER_BACKGROUND_LABEL_GAP_X ""6005789"">"
AfterFXLib.dll,ascii,38079340,"<!ENTITY SPECTRUM_LOADER_BAR_SMALL_OVER_BACKGROUND_LABEL_GAP_Y ""6005790"">"
AfterFXLib.dll,ascii,38079415,"<!ENTITY SPECTRUM_LOADER_BAR_SMALL_OVER_BACKGROUND_TEXT_COLOR ""6005791"">"
AfterFXLib.dll,ascii,38079489,"<!ENTITY SPECTRUM_LOADER_BAR_SMALL_OVER_BACKGROUND_TRACK_COLOR ""6005792"">"
AfterFXLib.dll,ascii,38079564,"<!ENTITY SPECTRUM_LOADER_BAR_SMALL_OVER_BACKGROUND_TRACK_COLOR_DISABLED ""6005793"">"
AfterFXLib.dll,ascii,38079648,"<!ENTITY SPECTRUM_LOADER_BAR_SMALL_OVER_BACKGROUND_TRACK_FILL_COLOR ""6005794"">"
AfterFXLib.dll,ascii,38079728,"<!ENTITY SPECTRUM_LOADER_BAR_SMALL_OVER_BACKGROUND_TRACK_FILL_COLOR_DISABLED ""6005795"">"
AfterFXLib.dll,ascii,38079817,"<!ENTITY SPECTRUM_LOADER_BAR_SMALL_OVER_BACKGROUND_WIDTH ""6005796"">"
AfterFXLib.dll,ascii,38079886,"<!ENTITY SPECTRUM_LOADER_BAR_SMALL_TEXT_COLOR ""6005797"">"
AfterFXLib.dll,ascii,38079944,"<!ENTITY SPECTRUM_LOADER_BAR_SMALL_TRACK_COLOR ""6005798"">"
AfterFXLib.dll,ascii,38080003,"<!ENTITY SPECTRUM_LOADER_BAR_SMALL_TRACK_COLOR_DISABLED ""6005799"">"
AfterFXLib.dll,ascii,38080071,"<!ENTITY SPECTRUM_LOADER_BAR_SMALL_TRACK_FILL_COLOR ""6005800"">"
AfterFXLib.dll,ascii,38080135,"<!ENTITY SPECTRUM_LOADER_BAR_SMALL_TRACK_FILL_COLOR_DISABLED ""6005801"">"
AfterFXLib.dll,ascii,38080208,"<!ENTITY SPECTRUM_LOADER_BAR_SMALL_WIDTH ""6005802"">"
AfterFXLib.dll,ascii,38080261,"<!ENTITY SPECTRUM_LOADER_CIRCLE_LARGE_BORDER_SIZE ""6005803"">"
AfterFXLib.dll,ascii,38080323,"<!ENTITY SPECTRUM_LOADER_CIRCLE_LARGE_HEIGHT ""6005804"">"
AfterFXLib.dll,ascii,38080380,"<!ENTITY SPECTRUM_LOADER_CIRCLE_LARGE_OVER_BACKGROUND_BORDER_SIZE ""6005805"">"
AfterFXLib.dll,ascii,38080458,"<!ENTITY SPECTRUM_LOADER_CIRCLE_LARGE_OVER_BACKGROUND_HEIGHT ""6005806"">"
AfterFXLib.dll,ascii,38080531,"<!ENTITY SPECTRUM_LOADER_CIRCLE_LARGE_OVER_BACKGROUND_TEXT_COLOR ""6005807"">"
AfterFXLib.dll,ascii,38080608,"<!ENTITY SPECTRUM_LOADER_CIRCLE_LARGE_OVER_BACKGROUND_TRACK_COLOR ""6005808"">"
AfterFXLib.dll,ascii,38080686,"<!ENTITY SPECTRUM_LOADER_CIRCLE_LARGE_OVER_BACKGROUND_TRACK_COLOR_DISABLED ""6005809"">"
AfterFXLib.dll,ascii,38080773,"<!ENTITY SPECTRUM_LOADER_CIRCLE_LARGE_OVER_BACKGROUND_TRACK_FILL_COLOR ""6005810"">"
AfterFXLib.dll,ascii,38080856,"<!ENTITY SPECTRUM_LOADER_CIRCLE_LARGE_OVER_BACKGROUND_TRACK_FILL_COLOR_DISABLED ""6005811"">"
AfterFXLib.dll,ascii,38080948,"<!ENTITY SPECTRUM_LOADER_CIRCLE_LARGE_OVER_BACKGROUND_WIDTH ""6005812"">"
AfterFXLib.dll,ascii,38081020,"<!ENTITY SPECTRUM_LOADER_CIRCLE_LARGE_TEXT_COLOR ""6005813"">"
AfterFXLib.dll,ascii,38081081,"<!ENTITY SPECTRUM_LOADER_CIRCLE_LARGE_TRACK_COLOR ""6005814"">"
AfterFXLib.dll,ascii,38081143,"<!ENTITY SPECTRUM_LOADER_CIRCLE_LARGE_TRACK_COLOR_DISABLED ""6005815"">"
AfterFXLib.dll,ascii,38081214,"<!ENTITY SPECTRUM_LOADER_CIRCLE_LARGE_TRACK_FILL_COLOR ""6005816"">"
AfterFXLib.dll,ascii,38081281,"<!ENTITY SPECTRUM_LOADER_CIRCLE_LARGE_TRACK_FILL_COLOR_DISABLED ""6005817"">"
AfterFXLib.dll,ascii,38081357,"<!ENTITY SPECTRUM_LOADER_CIRCLE_LARGE_WIDTH ""6005818"">"
AfterFXLib.dll,ascii,38081413,"<!ENTITY SPECTRUM_LOADER_CIRCLE_MEDIUM_BORDER_SIZE ""6005819"">"
AfterFXLib.dll,ascii,38081476,"<!ENTITY SPECTRUM_LOADER_CIRCLE_MEDIUM_HEIGHT ""6005820"">"
AfterFXLib.dll,ascii,38081534,"<!ENTITY SPECTRUM_LOADER_CIRCLE_MEDIUM_OVER_BACKGROUND_BORDER_SIZE ""6005821"">"
AfterFXLib.dll,ascii,38081613,"<!ENTITY SPECTRUM_LOADER_CIRCLE_MEDIUM_OVER_BACKGROUND_HEIGHT ""6005822"">"
AfterFXLib.dll,ascii,38081687,"<!ENTITY SPECTRUM_LOADER_CIRCLE_MEDIUM_OVER_BACKGROUND_TEXT_COLOR ""6005823"">"
AfterFXLib.dll,ascii,38081765,"<!ENTITY SPECTRUM_LOADER_CIRCLE_MEDIUM_OVER_BACKGROUND_TRACK_COLOR ""6005824"">"
AfterFXLib.dll,ascii,38081844,"<!ENTITY SPECTRUM_LOADER_CIRCLE_MEDIUM_OVER_BACKGROUND_TRACK_COLOR_DISABLED ""6005825"">"
AfterFXLib.dll,ascii,38081932,"<!ENTITY SPECTRUM_LOADER_CIRCLE_MEDIUM_OVER_BACKGROUND_TRACK_FILL_COLOR ""6005826"">"
AfterFXLib.dll,ascii,38082016,"<!ENTITY SPECTRUM_LOADER_CIRCLE_MEDIUM_OVER_BACKGROUND_TRACK_FILL_COLOR_DISABLED ""6005827"">"
AfterFXLib.dll,ascii,38082109,"<!ENTITY SPECTRUM_LOADER_CIRCLE_MEDIUM_OVER_BACKGROUND_WIDTH ""6005828"">"
AfterFXLib.dll,ascii,38082182,"<!ENTITY SPECTRUM_LOADER_CIRCLE_MEDIUM_TEXT_COLOR ""6005829"">"
AfterFXLib.dll,ascii,38082244,"<!ENTITY SPECTRUM_LOADER_CIRCLE_MEDIUM_TRACK_COLOR ""6005830"">"
AfterFXLib.dll,ascii,38082307,"<!ENTITY SPECTRUM_LOADER_CIRCLE_MEDIUM_TRACK_COLOR_DISABLED ""6005831"">"
AfterFXLib.dll,ascii,38082379,"<!ENTITY SPECTRUM_LOADER_CIRCLE_MEDIUM_TRACK_FILL_COLOR ""6005832"">"
AfterFXLib.dll,ascii,38082447,"<!ENTITY SPECTRUM_LOADER_CIRCLE_MEDIUM_TRACK_FILL_COLOR_DISABLED ""6005833"">"
AfterFXLib.dll,ascii,38082524,"<!ENTITY SPECTRUM_LOADER_CIRCLE_MEDIUM_WIDTH ""6005834"">"
AfterFXLib.dll,ascii,38082581,"<!ENTITY SPECTRUM_LOADER_CIRCLE_SMALL_BORDER_SIZE ""6005835"">"
AfterFXLib.dll,ascii,38082643,"<!ENTITY SPECTRUM_LOADER_CIRCLE_SMALL_HEIGHT ""6005836"">"
AfterFXLib.dll,ascii,38082700,"<!ENTITY SPECTRUM_LOADER_CIRCLE_SMALL_OVER_BACKGROUND_BORDER_SIZE ""6005837"">"
AfterFXLib.dll,ascii,38082778,"<!ENTITY SPECTRUM_LOADER_CIRCLE_SMALL_OVER_BACKGROUND_HEIGHT ""6005838"">"
AfterFXLib.dll,ascii,38082851,"<!ENTITY SPECTRUM_LOADER_CIRCLE_SMALL_OVER_BACKGROUND_TEXT_COLOR ""6005839"">"
AfterFXLib.dll,ascii,38082928,"<!ENTITY SPECTRUM_LOADER_CIRCLE_SMALL_OVER_BACKGROUND_TRACK_COLOR ""6005840"">"
AfterFXLib.dll,ascii,38083006,"<!ENTITY SPECTRUM_LOADER_CIRCLE_SMALL_OVER_BACKGROUND_TRACK_COLOR_DISABLED ""6005841"">"
AfterFXLib.dll,ascii,38083093,"<!ENTITY SPECTRUM_LOADER_CIRCLE_SMALL_OVER_BACKGROUND_TRACK_FILL_COLOR ""6005842"">"
AfterFXLib.dll,ascii,38083176,"<!ENTITY SPECTRUM_LOADER_CIRCLE_SMALL_OVER_BACKGROUND_TRACK_FILL_COLOR_DISABLED ""6005843"">"
AfterFXLib.dll,ascii,38083268,"<!ENTITY SPECTRUM_LOADER_CIRCLE_SMALL_OVER_BACKGROUND_WIDTH ""6005844"">"
AfterFXLib.dll,ascii,38083340,"<!ENTITY SPECTRUM_LOADER_CIRCLE_SMALL_TEXT_COLOR ""6005845"">"
AfterFXLib.dll,ascii,38083401,"<!ENTITY SPECTRUM_LOADER_CIRCLE_SMALL_TRACK_COLOR ""6005846"">"
AfterFXLib.dll,ascii,38083463,"<!ENTITY SPECTRUM_LOADER_CIRCLE_SMALL_TRACK_COLOR_DISABLED ""6005847"">"
AfterFXLib.dll,ascii,38083534,"<!ENTITY SPECTRUM_LOADER_CIRCLE_SMALL_TRACK_FILL_COLOR ""6005848"">"
AfterFXLib.dll,ascii,38083601,"<!ENTITY SPECTRUM_LOADER_CIRCLE_SMALL_TRACK_FILL_COLOR_DISABLED ""6005849"">"
AfterFXLib.dll,ascii,38083677,"<!ENTITY SPECTRUM_LOADER_CIRCLE_SMALL_WIDTH ""6005850"">"
AfterFXLib.dll,ascii,38302597,"    <ThemeValue name=""&SPECTRUM_GLOBAL_DIMENSION_STATIC_SIZE_40;"" v=""3px""/>"
AfterFXLib.dll,ascii,38316713,"    <ThemeValue name=""&SPECTRUM_GLOBAL_DIMENSION_SIZE_40;"" v=""3px""/>"
AfterFXLib.dll,ascii,38317421,"    <ThemeValue name=""&SPECTRUM_GLOBAL_DIMENSION_SIZE_160;"" v=""13px""/>"
AfterFXLib.dll,ascii,38326037,"    <ThemeValue name=""&SPECTRUM_ACTIONBUTTON_HOLD_ICON_PADDING_BOTTOM;"" v=""3px""/>"
AfterFXLib.dll,ascii,38326120,"    <ThemeValue name=""&SPECTRUM_ACTIONBUTTON_HOLD_ICON_PADDING_RIGHT;"" v=""3px""/>"
AfterFXLib.dll,ascii,38328610,"    <ThemeValue name=""&SPECTRUM_ACTIONBUTTON_EMPHASIZED_HOLD_ICON_PADDING_BOTTOM;"" v=""3px""/>"
AfterFXLib.dll,ascii,38328704,"    <ThemeValue name=""&SPECTRUM_ACTIONBUTTON_EMPHASIZED_HOLD_ICON_PADDING_RIGHT;"" v=""3px""/>"
AfterFXLib.dll,ascii,38331273,"    <ThemeValue name=""&SPECTRUM_ACTIONBUTTON_QUIET_HOLD_ICON_PADDING_BOTTOM;"" v=""3px""/>"
AfterFXLib.dll,ascii,38331362,"    <ThemeValue name=""&SPECTRUM_ACTIONBUTTON_QUIET_HOLD_ICON_PADDING_RIGHT;"" v=""3px""/>"
AfterFXLib.dll,ascii,38334026,"    <ThemeValue name=""&SPECTRUM_ACTIONBUTTON_QUIET_EMPHASIZED_HOLD_ICON_PADDING_BOTTOM;"" v=""3px""/>"
AfterFXLib.dll,ascii,38334126,"    <ThemeValue name=""&SPECTRUM_ACTIONBUTTON_QUIET_EMPHASIZED_HOLD_ICON_PADDING_RIGHT;"" v=""3px""/>"
AfterFXLib.dll,ascii,38338122,"    <ThemeValue name=""&SPECTRUM_BARLOADER_LARGE_WIDTH;"" v=""192px""/>"
AfterFXLib.dll,ascii,38338191,"    <ThemeValue name=""&SPECTRUM_BARLOADER_LARGE_LABEL_GAP_X;"" v=""12px""/>"
AfterFXLib.dll,ascii,38338265,"    <ThemeValue name=""&SPECTRUM_BARLOADER_LARGE_HEIGHT;"" v=""6px""/>"
AfterFXLib.dll,ascii,38338333,"    <ThemeValue name=""&SPECTRUM_BARLOADER_LARGE_BORDER_RADIUS;"" v=""3px""/>"
AfterFXLib.dll,ascii,38338408,"    <ThemeValue name=""&SPECTRUM_BARLOADER_LARGE_FILL_BORDER_RADIUS;"" v=""0""/>"
AfterFXLib.dll,ascii,38338486,"    <ThemeValue name=""&SPECTRUM_BARLOADER_LARGE_LABEL_GAP_Y;"" v=""9px""/>"
AfterFXLib.dll,ascii,38338559,"    <ThemeValue name=""&SPECTRUM_BARLOADER_LARGE_INDETERMINATE_WIDTH;"" v=""192px""/>"
AfterFXLib.dll,ascii,38338642,"    <ThemeValue name=""&SPECTRUM_BARLOADER_LARGE_INDETERMINATE_LABEL_GAP_X;"" v=""12px""/>"
AfterFXLib.dll,ascii,38338730,"    <ThemeValue name=""&SPECTRUM_BARLOADER_LARGE_INDETERMINATE_HEIGHT;"" v=""6px""/>"
AfterFXLib.dll,ascii,38338812,"    <ThemeValue name=""&SPECTRUM_BARLOADER_LARGE_INDETERMINATE_BORDER_RADIUS;"" v=""3px""/>"
AfterFXLib.dll,ascii,38338901,"    <ThemeValue name=""&SPECTRUM_BARLOADER_LARGE_INDETERMINATE_FILL_BORDER_RADIUS;"" v=""0""/>"
AfterFXLib.dll,ascii,38338993,"    <ThemeValue name=""&SPECTRUM_BARLOADER_LARGE_INDETERMINATE_LABEL_GAP_Y;"" v=""9px""/>"
AfterFXLib.dll,ascii,38339080,"    <ThemeValue name=""&SPECTRUM_BARLOADER_LARGE_INDETERMINATE_FILL_WIDTH;"" v=""136px""/>"
AfterFXLib.dll,ascii,38339168,"    <ThemeValue name=""&SPECTRUM_BARLOADER_LARGE_INDETERMINATE_ANIMATION_EASE;"" v=""(.45, 0, .40, 1)""/>"
AfterFXLib.dll,ascii,38339271,"    <ThemeValue name=""&SPECTRUM_BARLOADER_LARGE_INDETERMINATE_DURATION;"" v=""1000ms""/>"
AfterFXLib.dll,ascii,38339358,"    <ThemeValue name=""&SPECTRUM_BARLOADER_LARGE_OVER_BACKGROUND_WIDTH;"" v=""192px""/>"
AfterFXLib.dll,ascii,38339443,"    <ThemeValue name=""&SPECTRUM_BARLOADER_LARGE_OVER_BACKGROUND_LABEL_GAP_X;"" v=""12px""/>"
AfterFXLib.dll,ascii,38339533,"    <ThemeValue name=""&SPECTRUM_BARLOADER_LARGE_OVER_BACKGROUND_HEIGHT;"" v=""6px""/>"
AfterFXLib.dll,ascii,38339617,"    <ThemeValue name=""&SPECTRUM_BARLOADER_LARGE_OVER_BACKGROUND_BORDER_RADIUS;"" v=""3px""/>"
AfterFXLib.dll,ascii,38339708,"    <ThemeValue name=""&SPECTRUM_BARLOADER_LARGE_OVER_BACKGROUND_FILL_BORDER_RADIUS;"" v=""0""/>"
AfterFXLib.dll,ascii,38339802,"    <ThemeValue name=""&SPECTRUM_BARLOADER_LARGE_OVER_BACKGROUND_LABEL_GAP_Y;"" v=""9px""/>"
AfterFXLib.dll,ascii,38339891,"    <ThemeValue name=""&SPECTRUM_BARLOADER_SMALL_WIDTH;"" v=""192px""/>"
AfterFXLib.dll,ascii,38339960,"    <ThemeValue name=""&SPECTRUM_BARLOADER_SMALL_LABEL_GAP_X;"" v=""12px""/>"
AfterFXLib.dll,ascii,38340034,"    <ThemeValue name=""&SPECTRUM_BARLOADER_SMALL_HEIGHT;"" v=""4px""/>"
AfterFXLib.dll,ascii,38340102,"    <ThemeValue name=""&SPECTRUM_BARLOADER_SMALL_BORDER_RADIUS;"" v=""2px""/>"
AfterFXLib.dll,ascii,38340177,"    <ThemeValue name=""&SPECTRUM_BARLOADER_SMALL_FILL_BORDER_RADIUS;"" v=""0""/>"
AfterFXLib.dll,ascii,38340255,"    <ThemeValue name=""&SPECTRUM_BARLOADER_SMALL_LABEL_GAP_Y;"" v=""9px""/>"
AfterFXLib.dll,ascii,38340328,"    <ThemeValue name=""&SPECTRUM_BARLOADER_SMALL_INDETERMINATE_WIDTH;"" v=""192px""/>"
AfterFXLib.dll,ascii,38340411,"    <ThemeValue name=""&SPECTRUM_BARLOADER_SMALL_INDETERMINATE_LABEL_GAP_X;"" v=""12px""/>"
AfterFXLib.dll,ascii,38340499,"    <ThemeValue name=""&SPECTRUM_BARLOADER_SMALL_INDETERMINATE_HEIGHT;"" v=""4px""/>"
AfterFXLib.dll,ascii,38340581,"    <ThemeValue name=""&SPECTRUM_BARLOADER_SMALL_INDETERMINATE_BORDER_RADIUS;"" v=""2px""/>"
AfterFXLib.dll,ascii,38340670,"    <ThemeValue name=""&SPECTRUM_BARLOADER_SMALL_INDETERMINATE_FILL_BORDER_RADIUS;"" v=""0""/>"
AfterFXLib.dll,ascii,38340762,"    <ThemeValue name=""&SPECTRUM_BARLOADER_SMALL_INDETERMINATE_LABEL_GAP_Y;"" v=""9px""/>"
AfterFXLib.dll,ascii,38340849,"    <ThemeValue name=""&SPECTRUM_BARLOADER_SMALL_INDETERMINATE_FILL_WIDTH;"" v=""136px""/>"
AfterFXLib.dll,ascii,38340937,"    <ThemeValue name=""&SPECTRUM_BARLOADER_SMALL_INDETERMINATE_ANIMATION_EASE;"" v=""(.45, 0, .40, 1)""/>"
AfterFXLib.dll,ascii,38341040,"    <ThemeValue name=""&SPECTRUM_BARLOADER_SMALL_INDETERMINATE_DURATION;"" v=""1000ms""/>"
AfterFXLib.dll,ascii,38341127,"    <ThemeValue name=""&SPECTRUM_BARLOADER_SMALL_OVER_BACKGROUND_WIDTH;"" v=""192px""/>"
AfterFXLib.dll,ascii,38341212,"    <ThemeValue name=""&SPECTRUM_BARLOADER_SMALL_OVER_BACKGROUND_LABEL_GAP_X;"" v=""12px""/>"
AfterFXLib.dll,ascii,38341302,"    <ThemeValue name=""&SPECTRUM_BARLOADER_SMALL_OVER_BACKGROUND_HEIGHT;"" v=""4px""/>"
AfterFXLib.dll,ascii,38341386,"    <ThemeValue name=""&SPECTRUM_BARLOADER_SMALL_OVER_BACKGROUND_BORDER_RADIUS;"" v=""2px""/>"
AfterFXLib.dll,ascii,38341477,"    <ThemeValue name=""&SPECTRUM_BARLOADER_SMALL_OVER_BACKGROUND_FILL_BORDER_RADIUS;"" v=""0""/>"
AfterFXLib.dll,ascii,38341571,"    <ThemeValue name=""&SPECTRUM_BARLOADER_SMALL_OVER_BACKGROUND_LABEL_GAP_Y;"" v=""9px""/>"
AfterFXLib.dll,ascii,38368165,"    <ThemeValue name=""&SPECTRUM_CHECKBOX_BOX_BORDER_RADIUS_KEY_FOCUS;"" v=""3px""/>"
AfterFXLib.dll,ascii,38368247,"    <ThemeValue name=""&SPECTRUM_CHECKBOX_BOX_BORDER_SIZE_KEY_FOCUS;"" v=""3px""/>"
AfterFXLib.dll,ascii,38369365,"    <ThemeValue name=""&SPECTRUM_CHECKBOX_BOX_BORDER_RADIUS_SELECTED_KEY_FOCUS;"" v=""3px""/>"
AfterFXLib.dll,ascii,38369456,"    <ThemeValue name=""&SPECTRUM_CHECKBOX_BOX_BORDER_SIZE_SELECTED_KEY_FOCUS;"" v=""3px""/>"
AfterFXLib.dll,ascii,38370664,"    <ThemeValue name=""&SPECTRUM_CHECKBOX_BOX_BORDER_RADIUS_INDETERMINATE_KEY_FOCUS;"" v=""3px""/>"
AfterFXLib.dll,ascii,38370760,"    <ThemeValue name=""&SPECTRUM_CHECKBOX_BOX_BORDER_SIZE_INDETERMINATE_KEY_FOCUS;"" v=""3px""/>"
AfterFXLib.dll,ascii,38371921,"    <ThemeValue name=""&SPECTRUM_CHECKBOX_BOX_BORDER_RADIUS_ERROR_KEY_FOCUS;"" v=""3px""/>"
AfterFXLib.dll,ascii,38372009,"    <ThemeValue name=""&SPECTRUM_CHECKBOX_BOX_BORDER_SIZE_ERROR_KEY_FOCUS;"" v=""3px""/>"
AfterFXLib.dll,ascii,38373211,"    <ThemeValue name=""&SPECTRUM_CHECKBOX_BOX_BORDER_RADIUS_ERROR_SELECTED_KEY_FOCUS;"" v=""3px""/>"
AfterFXLib.dll,ascii,38373308,"    <ThemeValue name=""&SPECTRUM_CHECKBOX_BOX_BORDER_SIZE_ERROR_SELECTED_KEY_FOCUS;"" v=""3px""/>"
AfterFXLib.dll,ascii,38374600,"    <ThemeValue name=""&SPECTRUM_CHECKBOX_BOX_BORDER_RADIUS_ERROR_INDETERMINATE_KEY_FOCUS;"" v=""3px""/>"
AfterFXLib.dll,ascii,38374702,"    <ThemeValue name=""&SPECTRUM_CHECKBOX_BOX_BORDER_SIZE_ERROR_INDETERMINATE_KEY_FOCUS;"" v=""3px""/>"
AfterFXLib.dll,ascii,38378970,"    <ThemeValue name=""&SPECTRUM_CHECKBOX_EMPHASIZED_BOX_BORDER_RADIUS_KEY_FOCUS;"" v=""3px""/>"
AfterFXLib.dll,ascii,38379063,"    <ThemeValue name=""&SPECTRUM_CHECKBOX_EMPHASIZED_BOX_BORDER_SIZE_KEY_FOCUS;"" v=""3px""/>"
AfterFXLib.dll,ascii,38379504,"    <ThemeValue name=""&SPECTRUM_CHECKBOX_EMPHASIZED_BOX_BORDER_RADIUS_SELECTED_KEY_FOCUS;"" v=""3px""/>"
AfterFXLib.dll,ascii,38379606,"    <ThemeValue name=""&SPECTRUM_CHECKBOX_EMPHASIZED_BOX_BORDER_SIZE_SELECTED_KEY_FOCUS;"" v=""3px""/>"
AfterFXLib.dll,ascii,38380092,"    <ThemeValue name=""&SPECTRUM_CHECKBOX_EMPHASIZED_BOX_BORDER_RADIUS_INDETERMINATE_KEY_FOCUS;"" v=""3px""/>"
AfterFXLib.dll,ascii,38380199,"    <ThemeValue name=""&SPECTRUM_CHECKBOX_EMPHASIZED_BOX_BORDER_SIZE_INDETERMINATE_KEY_FOCUS;"" v=""3px""/>"
AfterFXLib.dll,ascii,38381514,"    <ThemeValue name=""&SPECTRUM_CHECKBOX_EMPHASIZED_BOX_BORDER_RADIUS_ERROR_KEY_FOCUS;"" v=""3px""/>"
AfterFXLib.dll,ascii,38381613,"    <ThemeValue name=""&SPECTRUM_CHECKBOX_EMPHASIZED_BOX_BORDER_SIZE_ERROR_KEY_FOCUS;"" v=""3px""/>"
AfterFXLib.dll,ascii,38382969,"    <ThemeValue name=""&SPECTRUM_CHECKBOX_EMPHASIZED_BOX_BORDER_RADIUS_ERROR_SELECTED_KEY_FOCUS;"" v=""3px""/>"
AfterFXLib.dll,ascii,38383077,"    <ThemeValue name=""&SPECTRUM_CHECKBOX_EMPHASIZED_BOX_BORDER_SIZE_ERROR_SELECTED_KEY_FOCUS;"" v=""3px""/>"
AfterFXLib.dll,ascii,38384523,"    <ThemeValue name=""&SPECTRUM_CHECKBOX_EMPHASIZED_BOX_BORDER_RADIUS_ERROR_INDETERMINATE_KEY_FOCUS;"" v=""3px""/>"
AfterFXLib.dll,ascii,38384636,"    <ThemeValue name=""&SPECTRUM_CHECKBOX_EMPHASIZED_BOX_BORDER_SIZE_ERROR_INDETERMINATE_KEY_FOCUS;"" v=""3px""/>"
AfterFXLib.dll,ascii,38387132,"    <ThemeValue name=""&SPECTRUM_CHECKBOX_QUIET_BOX_BORDER_RADIUS_KEY_FOCUS;"" v=""3px""/>"
AfterFXLib.dll,ascii,38387220,"    <ThemeValue name=""&SPECTRUM_CHECKBOX_QUIET_BOX_BORDER_SIZE_KEY_FOCUS;"" v=""3px""/>"
AfterFXLib.dll,ascii,38388422,"    <ThemeValue name=""&SPECTRUM_CHECKBOX_QUIET_BOX_BORDER_RADIUS_SELECTED_KEY_FOCUS;"" v=""3px""/>"
AfterFXLib.dll,ascii,38388519,"    <ThemeValue name=""&SPECTRUM_CHECKBOX_QUIET_BOX_BORDER_SIZE_SELECTED_KEY_FOCUS;"" v=""3px""/>"
AfterFXLib.dll,ascii,38389811,"    <ThemeValue name=""&SPECTRUM_CHECKBOX_QUIET_BOX_BORDER_RADIUS_INDETERMINATE_KEY_FOCUS;"" v=""3px""/>"
AfterFXLib.dll,ascii,38389913,"    <ThemeValue name=""&SPECTRUM_CHECKBOX_QUIET_BOX_BORDER_SIZE_INDETERMINATE_KEY_FOCUS;"" v=""3px""/>"
AfterFXLib.dll,ascii,38391158,"    <ThemeValue name=""&SPECTRUM_CHECKBOX_QUIET_BOX_BORDER_RADIUS_ERROR_KEY_FOCUS;"" v=""3px""/>"
AfterFXLib.dll,ascii,38391252,"    <ThemeValue name=""&SPECTRUM_CHECKBOX_QUIET_BOX_BORDER_SIZE_ERROR_KEY_FOCUS;"" v=""3px""/>"
AfterFXLib.dll,ascii,38392538,"    <ThemeValue name=""&SPECTRUM_CHECKBOX_QUIET_BOX_BORDER_RADIUS_ERROR_SELECTED_KEY_FOCUS;"" v=""3px""/>"
AfterFXLib.dll,ascii,38392641,"    <ThemeValue name=""&SPECTRUM_CHECKBOX_QUIET_BOX_BORDER_SIZE_ERROR_SELECTED_KEY_FOCUS;"" v=""3px""/>"
AfterFXLib.dll,ascii,38394017,"    <ThemeValue name=""&SPECTRUM_CHECKBOX_QUIET_BOX_BORDER_RADIUS_ERROR_INDETERMINATE_KEY_FOCUS;"" v=""3px""/>"
AfterFXLib.dll,ascii,38394125,"    <ThemeValue name=""&SPECTRUM_CHECKBOX_QUIET_BOX_BORDER_SIZE_ERROR_INDETERMINATE_KEY_FOCUS;"" v=""3px""/>"
AfterFXLib.dll,ascii,38394641,"    <ThemeValue name=""&SPECTRUM_CIRCLELOADER_LARGE_HEIGHT;"" v=""64px""/>"
AfterFXLib.dll,ascii,38394713,"    <ThemeValue name=""&SPECTRUM_CIRCLELOADER_LARGE_WIDTH;"" v=""64px""/>"
AfterFXLib.dll,ascii,38394784,"    <ThemeValue name=""&SPECTRUM_CIRCLELOADER_LARGE_BORDER_SIZE;"" v=""4px""/>"
AfterFXLib.dll,ascii,38394860,"    <ThemeValue name=""&SPECTRUM_CIRCLELOADER_LARGE_SPIN_ANIMATION_DURATION;"" v=""1000ms""/>"
AfterFXLib.dll,ascii,38394951,"    <ThemeValue name=""&SPECTRUM_CIRCLELOADER_LARGE_SPIN_ANIMATION_EASE;"" v=""(.45, 0, .40, 1)""/>"
AfterFXLib.dll,ascii,38395048,"    <ThemeValue name=""&SPECTRUM_CIRCLELOADER_LARGE_OVER_BACKGROUND_HEIGHT;"" v=""64px""/>"
AfterFXLib.dll,ascii,38395136,"    <ThemeValue name=""&SPECTRUM_CIRCLELOADER_LARGE_OVER_BACKGROUND_WIDTH;"" v=""64px""/>"
AfterFXLib.dll,ascii,38395223,"    <ThemeValue name=""&SPECTRUM_CIRCLELOADER_LARGE_OVER_BACKGROUND_BORDER_SIZE;"" v=""4px""/>"
AfterFXLib.dll,ascii,38395315,"    <ThemeValue name=""&SPECTRUM_CIRCLELOADER_LARGE_OVER_BACKGROUND_SPIN_ANIMATION_DURATION;"" v=""1000ms""/>"
AfterFXLib.dll,ascii,38395422,"    <ThemeValue name=""&SPECTRUM_CIRCLELOADER_LARGE_OVER_BACKGROUND_SPIN_ANIMATION_EASE;"" v=""(.45, 0, .40, 1)""/>"
AfterFXLib.dll,ascii,38395535,"    <ThemeValue name=""&SPECTRUM_CIRCLELOADER_MEDIUM_HEIGHT;"" v=""32px""/>"
AfterFXLib.dll,ascii,38395608,"    <ThemeValue name=""&SPECTRUM_CIRCLELOADER_MEDIUM_WIDTH;"" v=""32px""/>"
AfterFXLib.dll,ascii,38395680,"    <ThemeValue name=""&SPECTRUM_CIRCLELOADER_MEDIUM_BORDER_SIZE;"" v=""3px""/>"
AfterFXLib.dll,ascii,38395757,"    <ThemeValue name=""&SPECTRUM_CIRCLELOADER_MEDIUM_SPIN_ANIMATION_DURATION;"" v=""1000ms""/>"
AfterFXLib.dll,ascii,38395849,"    <ThemeValue name=""&SPECTRUM_CIRCLELOADER_MEDIUM_SPIN_ANIMATION_EASE;"" v=""(.45, 0, .40, 1)""/>"
AfterFXLib.dll,ascii,38395947,"    <ThemeValue name=""&SPECTRUM_CIRCLELOADER_MEDIUM_OVER_BACKGROUND_HEIGHT;"" v=""32px""/>"
AfterFXLib.dll,ascii,38396036,"    <ThemeValue name=""&SPECTRUM_CIRCLELOADER_MEDIUM_OVER_BACKGROUND_WIDTH;"" v=""32px""/>"
AfterFXLib.dll,ascii,38396124,"    <ThemeValue name=""&SPECTRUM_CIRCLELOADER_MEDIUM_OVER_BACKGROUND_BORDER_SIZE;"" v=""3px""/>"
AfterFXLib.dll,ascii,38396217,"    <ThemeValue name=""&SPECTRUM_CIRCLELOADER_MEDIUM_OVER_BACKGROUND_SPIN_ANIMATION_DURATION;"" v=""1000ms""/>"
AfterFXLib.dll,ascii,38396325,"    <ThemeValue name=""&SPECTRUM_CIRCLELOADER_MEDIUM_OVER_BACKGROUND_SPIN_ANIMATION_EASE;"" v=""(.45, 0, .40, 1)""/>"
AfterFXLib.dll,ascii,38396439,"    <ThemeValue name=""&SPECTRUM_CIRCLELOADER_SMALL_HEIGHT;"" v=""16px""/>"
AfterFXLib.dll,ascii,38396511,"    <ThemeValue name=""&SPECTRUM_CIRCLELOADER_SMALL_WIDTH;"" v=""16px""/>"
AfterFXLib.dll,ascii,38396582,"    <ThemeValue name=""&SPECTRUM_CIRCLELOADER_SMALL_BORDER_SIZE;"" v=""2px""/>"
AfterFXLib.dll,ascii,38396658,"    <ThemeValue name=""&SPECTRUM_CIRCLELOADER_SMALL_SPIN_ANIMATION_DURATION;"" v=""1000ms""/>"
AfterFXLib.dll,ascii,38396749,"    <ThemeValue name=""&SPECTRUM_CIRCLELOADER_SMALL_SPIN_ANIMATION_EASE;"" v=""(.45, 0, .40, 1)""/>"
AfterFXLib.dll,ascii,38396846,"    <ThemeValue name=""&SPECTRUM_CIRCLELOADER_SMALL_OVER_BACKGROUND_HEIGHT;"" v=""16px""/>"
AfterFXLib.dll,ascii,38396934,"    <ThemeValue name=""&SPECTRUM_CIRCLELOADER_SMALL_OVER_BACKGROUND_WIDTH;"" v=""16px""/>"
AfterFXLib.dll,ascii,38397021,"    <ThemeValue name=""&SPECTRUM_CIRCLELOADER_SMALL_OVER_BACKGROUND_BORDER_SIZE;"" v=""2px""/>"
AfterFXLib.dll,ascii,38397113,"    <ThemeValue name=""&SPECTRUM_CIRCLELOADER_SMALL_OVER_BACKGROUND_SPIN_ANIMATION_DURATION;"" v=""1000ms""/>"
AfterFXLib.dll,ascii,38397220,"    <ThemeValue name=""&SPECTRUM_CIRCLELOADER_SMALL_OVER_BACKGROUND_SPIN_ANIMATION_EASE;"" v=""(.45, 0, .40, 1)""/>"
AfterFXLib.dll,ascii,38416161,"    <ThemeValue name=""&SPECTRUM_CYCLEBUTTON_HOLD_ICON_PADDING_BOTTOM;"" v=""3px""/>"
AfterFXLib.dll,ascii,38416243,"    <ThemeValue name=""&SPECTRUM_CYCLEBUTTON_HOLD_ICON_PADDING_RIGHT;"" v=""3px""/>"
AfterFXLib.dll,ascii,38424317,"    <ThemeValue name=""&SPECTRUM_DRAGBAR_GRIPPER_BORDER_WIDTH_HORIZONTAL;"" v=""3px""/>"
AfterFXLib.dll,ascii,38442120,"    <ThemeValue name=""&SPECTRUM_FIELDLABEL_ICON_MARGIN_Y;"" v=""3px""/>"
AfterFXLib.dll,ascii,38446445,"    <ThemeValue name=""&SPECTRUM_ICON_FOLDERBREADCRUMB_WIDTH;"" v=""18px""/>"
AfterFXLib.dll,ascii,38446519,"    <ThemeValue name=""&SPECTRUM_ICON_FOLDERBREADCRUMB_HEIGHT;"" v=""18px""/>"
AfterFXLib.dll,ascii,38456406,"    <ThemeValue name=""&SPECTRUM_LOADER_BAR_LARGE_WIDTH;"" v=""192px""/>"
AfterFXLib.dll,ascii,38456476,"    <ThemeValue name=""&SPECTRUM_LOADER_BAR_LARGE_LABEL_GAP_X;"" v=""12px""/>"
AfterFXLib.dll,ascii,38456551,"    <ThemeValue name=""&SPECTRUM_LOADER_BAR_LARGE_HEIGHT;"" v=""6px""/>"
AfterFXLib.dll,ascii,38456620,"    <ThemeValue name=""&SPECTRUM_LOADER_BAR_LARGE_BORDER_RADIUS;"" v=""3px""/>"
AfterFXLib.dll,ascii,38456696,"    <ThemeValue name=""&SPECTRUM_LOADER_BAR_LARGE_FILL_BORDER_RADIUS;"" v=""0""/>"
AfterFXLib.dll,ascii,38456775,"    <ThemeValue name=""&SPECTRUM_LOADER_BAR_LARGE_LABEL_GAP_Y;"" v=""9px""/>"
AfterFXLib.dll,ascii,38456849,"    <ThemeValue name=""&SPECTRUM_LOADER_BAR_LARGE_OVER_BACKGROUND_WIDTH;"" v=""192px""/>"
AfterFXLib.dll,ascii,38456935,"    <ThemeValue name=""&SPECTRUM_LOADER_BAR_LARGE_OVER_BACKGROUND_LABEL_GAP_X;"" v=""12px""/>"
AfterFXLib.dll,ascii,38457026,"    <ThemeValue name=""&SPECTRUM_LOADER_BAR_LARGE_OVER_BACKGROUND_HEIGHT;"" v=""6px""/>"
AfterFXLib.dll,ascii,38457111,"    <ThemeValue name=""&SPECTRUM_LOADER_BAR_LARGE_OVER_BACKGROUND_BORDER_RADIUS;"" v=""3px""/>"
AfterFXLib.dll,ascii,38457203,"    <ThemeValue name=""&SPECTRUM_LOADER_BAR_LARGE_OVER_BACKGROUND_FILL_BORDER_RADIUS;"" v=""0""/>"
AfterFXLib.dll,ascii,38457298,"    <ThemeValue name=""&SPECTRUM_LOADER_BAR_LARGE_OVER_BACKGROUND_LABEL_GAP_Y;"" v=""9px""/>"
AfterFXLib.dll,ascii,38457388,"    <ThemeValue name=""&SPECTRUM_LOADER_BAR_SMALL_WIDTH;"" v=""192px""/>"
AfterFXLib.dll,ascii,38457458,"    <ThemeValue name=""&SPECTRUM_LOADER_BAR_SMALL_LABEL_GAP_X;"" v=""12px""/>"
AfterFXLib.dll,ascii,38457533,"    <ThemeValue name=""&SPECTRUM_LOADER_BAR_SMALL_HEIGHT;"" v=""4px""/>"
AfterFXLib.dll,ascii,38457602,"    <ThemeValue name=""&SPECTRUM_LOADER_BAR_SMALL_BORDER_RADIUS;"" v=""2px""/>"
AfterFXLib.dll,ascii,38457678,"    <ThemeValue name=""&SPECTRUM_LOADER_BAR_SMALL_FILL_BORDER_RADIUS;"" v=""0""/>"
AfterFXLib.dll,ascii,38457757,"    <ThemeValue name=""&SPECTRUM_LOADER_BAR_SMALL_LABEL_GAP_Y;"" v=""9px""/>"
AfterFXLib.dll,ascii,38457831,"    <ThemeValue name=""&SPECTRUM_LOADER_BAR_SMALL_OVER_BACKGROUND_WIDTH;"" v=""192px""/>"
AfterFXLib.dll,ascii,38457917,"    <ThemeValue name=""&SPECTRUM_LOADER_BAR_SMALL_OVER_BACKGROUND_LABEL_GAP_X;"" v=""12px""/>"
AfterFXLib.dll,ascii,38458008,"    <ThemeValue name=""&SPECTRUM_LOADER_BAR_SMALL_OVER_BACKGROUND_HEIGHT;"" v=""4px""/>"
AfterFXLib.dll,ascii,38458093,"    <ThemeValue name=""&SPECTRUM_LOADER_BAR_SMALL_OVER_BACKGROUND_BORDER_RADIUS;"" v=""2px""/>"
AfterFXLib.dll,ascii,38458185,"    <ThemeValue name=""&SPECTRUM_LOADER_BAR_SMALL_OVER_BACKGROUND_FILL_BORDER_RADIUS;"" v=""0""/>"
AfterFXLib.dll,ascii,38458280,"    <ThemeValue name=""&SPECTRUM_LOADER_BAR_SMALL_OVER_BACKGROUND_LABEL_GAP_Y;"" v=""9px""/>"
AfterFXLib.dll,ascii,38458370,"    <ThemeValue name=""&SPECTRUM_LOADER_CIRCLE_LARGE_HEIGHT;"" v=""64px""/>"
AfterFXLib.dll,ascii,38458443,"    <ThemeValue name=""&SPECTRUM_LOADER_CIRCLE_LARGE_WIDTH;"" v=""64px""/>"
AfterFXLib.dll,ascii,38458515,"    <ThemeValue name=""&SPECTRUM_LOADER_CIRCLE_LARGE_BORDER_SIZE;"" v=""4px""/>"
AfterFXLib.dll,ascii,38458592,"    <ThemeValue name=""&SPECTRUM_LOADER_CIRCLE_LARGE_OVER_BACKGROUND_HEIGHT;"" v=""64px""/>"
AfterFXLib.dll,ascii,38458681,"    <ThemeValue name=""&SPECTRUM_LOADER_CIRCLE_LARGE_OVER_BACKGROUND_WIDTH;"" v=""64px""/>"
AfterFXLib.dll,ascii,38458769,"    <ThemeValue name=""&SPECTRUM_LOADER_CIRCLE_LARGE_OVER_BACKGROUND_BORDER_SIZE;"" v=""4px""/>"
AfterFXLib.dll,ascii,38458862,"    <ThemeValue name=""&SPECTRUM_LOADER_CIRCLE_MEDIUM_HEIGHT;"" v=""32px""/>"
AfterFXLib.dll,ascii,38458936,"    <ThemeValue name=""&SPECTRUM_LOADER_CIRCLE_MEDIUM_WIDTH;"" v=""32px""/>"
AfterFXLib.dll,ascii,38459009,"    <ThemeValue name=""&SPECTRUM_LOADER_CIRCLE_MEDIUM_BORDER_SIZE;"" v=""3px""/>"
AfterFXLib.dll,ascii,38459087,"    <ThemeValue name=""&SPECTRUM_LOADER_CIRCLE_MEDIUM_OVER_BACKGROUND_HEIGHT;"" v=""32px""/>"
AfterFXLib.dll,ascii,38459177,"    <ThemeValue name=""&SPECTRUM_LOADER_CIRCLE_MEDIUM_OVER_BACKGROUND_WIDTH;"" v=""32px""/>"
AfterFXLib.dll,ascii,38459266,"    <ThemeValue name=""&SPECTRUM_LOADER_CIRCLE_MEDIUM_OVER_BACKGROUND_BORDER_SIZE;"" v=""3px""/>"
AfterFXLib.dll,ascii,38459360,"    <ThemeValue name=""&SPECTRUM_LOADER_CIRCLE_SMALL_HEIGHT;"" v=""16px""/>"
AfterFXLib.dll,ascii,38459433,"    <ThemeValue name=""&SPECTRUM_LOADER_CIRCLE_SMALL_WIDTH;"" v=""16px""/>"
AfterFXLib.dll,ascii,38459505,"    <ThemeValue name=""&SPECTRUM_LOADER_CIRCLE_SMALL_BORDER_SIZE;"" v=""2px""/>"
AfterFXLib.dll,ascii,38459582,"    <ThemeValue name=""&SPECTRUM_LOADER_CIRCLE_SMALL_OVER_BACKGROUND_HEIGHT;"" v=""16px""/>"
AfterFXLib.dll,ascii,38459671,"    <ThemeValue name=""&SPECTRUM_LOADER_CIRCLE_SMALL_OVER_BACKGROUND_WIDTH;"" v=""16px""/>"
AfterFXLib.dll,ascii,38459759,"    <ThemeValue name=""&SPECTRUM_LOADER_CIRCLE_SMALL_OVER_BACKGROUND_BORDER_SIZE;"" v=""2px""/>"
AfterFXLib.dll,ascii,38460921,"    <ThemeValue name=""&SPECTRUM_METER_LARGE_BORDER_RADIUS;"" v=""3px""/>"
AfterFXLib.dll,ascii,38467698,"    <ThemeValue name=""&SPECTRUM_RADIO_CIRCLE_BORDER_SIZE_KEY_FOCUS;"" v=""3px""/>"
AfterFXLib.dll,ascii,38468466,"    <ThemeValue name=""&SPECTRUM_RADIO_CIRCLE_BORDER_SIZE_SELECTED_KEY_FOCUS;"" v=""3px""/>"
AfterFXLib.dll,ascii,38469252,"    <ThemeValue name=""&SPECTRUM_RADIO_CIRCLE_BORDER_SIZE_ERROR_KEY_FOCUS;"" v=""3px""/>"
AfterFXLib.dll,ascii,38470080,"    <ThemeValue name=""&SPECTRUM_RADIO_CIRCLE_BORDER_SIZE_ERROR_SELECTED_KEY_FOCUS;"" v=""3px""/>"
AfterFXLib.dll,ascii,38472207,"    <ThemeValue name=""&SPECTRUM_RADIO_EMPHASIZED_CIRCLE_BORDER_SIZE_KEY_FOCUS;"" v=""3px""/>"
AfterFXLib.dll,ascii,38473085,"    <ThemeValue name=""&SPECTRUM_RADIO_EMPHASIZED_CIRCLE_BORDER_SIZE_SELECTED_KEY_FOCUS;"" v=""3px""/>"
AfterFXLib.dll,ascii,38473981,"    <ThemeValue name=""&SPECTRUM_RADIO_EMPHASIZED_CIRCLE_BORDER_SIZE_ERROR_KEY_FOCUS;"" v=""3px""/>"
AfterFXLib.dll,ascii,38474919,"    <ThemeValue name=""&SPECTRUM_RADIO_EMPHASIZED_CIRCLE_BORDER_SIZE_ERROR_SELECTED_KEY_FOCUS;"" v=""3px""/>"
AfterFXLib.dll,ascii,38476985,"    <ThemeValue name=""&SPECTRUM_RADIO_QUIET_CIRCLE_BORDER_SIZE_KEY_FOCUS;"" v=""3px""/>"
AfterFXLib.dll,ascii,38477813,"    <ThemeValue name=""&SPECTRUM_RADIO_QUIET_CIRCLE_BORDER_SIZE_SELECTED_KEY_FOCUS;"" v=""3px""/>"
AfterFXLib.dll,ascii,38478659,"    <ThemeValue name=""&SPECTRUM_RADIO_QUIET_CIRCLE_BORDER_SIZE_ERROR_KEY_FOCUS;"" v=""3px""/>"
AfterFXLib.dll,ascii,38479547,"    <ThemeValue name=""&SPECTRUM_RADIO_QUIET_CIRCLE_BORDER_SIZE_ERROR_SELECTED_KEY_FOCUS;"" v=""3px""/>"
AfterFXLib.dll,ascii,38480269,"    <ThemeValue name=""&SPECTRUM_RAIL_GRIPPER_BORDER_WIDTH_HORIZONTAL;"" v=""3px""/>"
AfterFXLib.dll,ascii,38490735,"    <ThemeValue name=""&SPECTRUM_SELECTLIST_DIVIDER_PADDING;"" v=""3px""/>"
AfterFXLib.dll,ascii,38492395,"    <ThemeValue name=""&SPECTRUM_SELECTLIST_THUMBNAIL_DIVIDER_PADDING;"" v=""3px""/>"
AfterFXLib.dll,ascii,38494353,"    <ThemeValue name=""&SPECTRUM_SELECTLIST_THUMBNAIL_SMALL_DIVIDER_PADDING;"" v=""3px""/>"
AfterFXLib.dll,ascii,38524396,"    <ThemeValue name=""&SPECTRUM_SWITCH_HANDLE_BORDER_SIZE_KEY_FOCUS;"" v=""3px""/>"
AfterFXLib.dll,ascii,38525174,"    <ThemeValue name=""&SPECTRUM_SWITCH_HANDLE_BORDER_SIZE_SELECTED_KEY_FOCUS;"" v=""3px""/>"
AfterFXLib.dll,ascii,38525970,"    <ThemeValue name=""&SPECTRUM_SWITCH_HANDLE_BORDER_SIZE_ERROR_KEY_FOCUS;"" v=""3px""/>"
AfterFXLib.dll,ascii,38526808,"    <ThemeValue name=""&SPECTRUM_SWITCH_HANDLE_BORDER_SIZE_ERROR_SELECTED_KEY_FOCUS;"" v=""3px""/>"
AfterFXLib.dll,ascii,38529037,"    <ThemeValue name=""&SPECTRUM_SWITCH_EMPHASIZED_HANDLE_BORDER_SIZE_KEY_FOCUS;"" v=""3px""/>"
AfterFXLib.dll,ascii,38529925,"    <ThemeValue name=""&SPECTRUM_SWITCH_EMPHASIZED_HANDLE_BORDER_SIZE_SELECTED_KEY_FOCUS;"" v=""3px""/>"
AfterFXLib.dll,ascii,38530831,"    <ThemeValue name=""&SPECTRUM_SWITCH_EMPHASIZED_HANDLE_BORDER_SIZE_ERROR_KEY_FOCUS;"" v=""3px""/>"
AfterFXLib.dll,ascii,38531779,"    <ThemeValue name=""&SPECTRUM_SWITCH_EMPHASIZED_HANDLE_BORDER_SIZE_ERROR_SELECTED_KEY_FOCUS;"" v=""3px""/>"
AfterFXLib.dll,ascii,38533942,"    <ThemeValue name=""&SPECTRUM_SWITCH_QUIET_HANDLE_BORDER_SIZE_KEY_FOCUS;"" v=""3px""/>"
AfterFXLib.dll,ascii,38534780,"    <ThemeValue name=""&SPECTRUM_SWITCH_QUIET_HANDLE_BORDER_SIZE_SELECTED_KEY_FOCUS;"" v=""3px""/>"
AfterFXLib.dll,ascii,38535636,"    <ThemeValue name=""&SPECTRUM_SWITCH_QUIET_HANDLE_BORDER_SIZE_ERROR_KEY_FOCUS;"" v=""3px""/>"
AfterFXLib.dll,ascii,38536534,"    <ThemeValue name=""&SPECTRUM_SWITCH_QUIET_HANDLE_BORDER_SIZE_ERROR_SELECTED_KEY_FOCUS;"" v=""3px""/>"
AfterFXLib.dll,ascii,38581009,"    <ThemeValue name=""&SPECTRUM_TOOL_HOLD_ICON_PADDING_BOTTOM;"" v=""3px""/>"
AfterFXLib.dll,ascii,38581084,"    <ThemeValue name=""&SPECTRUM_TOOL_HOLD_ICON_PADDING_RIGHT;"" v=""3px""/>"
AfterFXLib.dll,ascii,38583083,"    <ThemeValue name=""&SPECTRUM_TOOL_HIGH_EMPHASIS_HOLD_ICON_PADDING_BOTTOM;"" v=""3px""/>"
AfterFXLib.dll,ascii,38583172,"    <ThemeValue name=""&SPECTRUM_TOOL_HIGH_EMPHASIS_HOLD_ICON_PADDING_RIGHT;"" v=""3px""/>"
AfterFXLib.dll,ascii,38597358,"    <ThemeValue name=""&SPECTRUM_BODY_2_MARGIN_BOTTOM;"" v=""13px""/>"
AfterFXLib.dll,ascii,38603257,"    <ThemeValue name=""&SPECTRUM_BODY_ARTICLE_2_MARGIN_BOTTOM;"" v=""13px""/>"
AfterFXLib.dll,ascii,38604157,"    <ThemeValue name=""&SPECTRUM_BODY_ARTICLE_2_EMPHASIS_MARGIN_BOTTOM;"" v=""13px""/>"
AfterFXLib.dll,ascii,38605048,"    <ThemeValue name=""&SPECTRUM_BODY_ARTICLE_2_STRONG_MARGIN_BOTTOM;"" v=""13px""/>"
AfterFXLib.dll,ascii,38616154,"    <ThemeValue name=""&SPECTRUM_BODY_CODE_2_MARGIN_BOTTOM;"" v=""13px""/>"
AfterFXLib.dll,ascii,38617007,"    <ThemeValue name=""&SPECTRUM_BODY_CODE_2_EMPHASIS_MARGIN_BOTTOM;"" v=""13px""/>"
AfterFXLib.dll,ascii,38617851,"    <ThemeValue name=""&SPECTRUM_BODY_CODE_2_STRONG_MARGIN_BOTTOM;"" v=""13px""/>"
AfterFXLib.dll,ascii,38628719,"    <ThemeValue name=""&SPECTRUM_BODY_2_EMPHASIS_MARGIN_BOTTOM;"" v=""13px""/>"
AfterFXLib.dll,ascii,38629615,"    <ThemeValue name=""&SPECTRUM_BODY_2_STRONG_MARGIN_BOTTOM;"" v=""13px""/>"
AfterFXLib.dll,ascii,38638496,"    <ThemeValue name=""&SPECTRUM_BODY_HAN_2_MARGIN_BOTTOM;"" v=""13px""/>"
AfterFXLib.dll,ascii,38639401,"    <ThemeValue name=""&SPECTRUM_BODY_HAN_2_EMPHASIS_MARGIN_BOTTOM;"" v=""13px""/>"
AfterFXLib.dll,ascii,38640297,"    <ThemeValue name=""&SPECTRUM_BODY_HAN_2_STRONG_MARGIN_BOTTOM;"" v=""13px""/>"
AfterFXLib.dll,ascii,38649717,"    <ThemeValue name=""&SPECTRUM_BODY_LARGE_MARGIN_BOTTOM;"" v=""13px""/>"
AfterFXLib.dll,ascii,38709811,"    <ThemeValue name=""&SPECTRUM_HEADING_6_MARGIN_BOTTOM;"" v=""3px""/>"
AfterFXLib.dll,ascii,38724299,"    <ThemeValue name=""&SPECTRUM_HEADING_ARTICLE_6_MARGIN_BOTTOM;"" v=""3px""/>"
AfterFXLib.dll,ascii,38725236,"    <ThemeValue name=""&SPECTRUM_HEADING_ARTICLE_6_EMPHASIS_MARGIN_BOTTOM;"" v=""3px""/>"
AfterFXLib.dll,ascii,38726164,"    <ThemeValue name=""&SPECTRUM_HEADING_ARTICLE_6_STRONG_MARGIN_BOTTOM;"" v=""3px""/>"
AfterFXLib.dll,ascii,38742943,"    <ThemeValue name=""&SPECTRUM_HEADING_6_EMPHASIS_MARGIN_BOTTOM;"" v=""3px""/>"
AfterFXLib.dll,ascii,38743869,"    <ThemeValue name=""&SPECTRUM_HEADING_6_STRONG_MARGIN_BOTTOM;"" v=""3px""/>"
AfterFXLib.dll,ascii,38770004,"    <ThemeValue name=""&SPECTRUM_HEADING_HAN_6_MARGIN_BOTTOM;"" v=""3px""/>"
AfterFXLib.dll,ascii,38770939,"    <ThemeValue name=""&SPECTRUM_HEADING_HAN_6_EMPHASIS_MARGIN_BOTTOM;"" v=""3px""/>"
AfterFXLib.dll,ascii,38771865,"    <ThemeValue name=""&SPECTRUM_HEADING_HAN_6_STRONG_MARGIN_BOTTOM;"" v=""3px""/>"
AfterFXLib.dll,ascii,38785949,"    <ThemeValue name=""&SPECTRUM_HEADING_SUBTITLE2_MARGIN_BOTTOM;"" v=""3px""/>"
AfterFXLib.dll,ascii,38787053,"    <ThemeValue name=""&SPECTRUM_HEADING_SUBTITLE3_MARGIN_BOTTOM;"" v=""3px""/>"
AfterFXLib.dll,ascii,38787918,"    <ThemeValue name=""&SPECTRUM_SUBHEADING_ARTICLE_MARGIN_BOTTOM;"" v=""3px""/>"
AfterFXLib.dll,ascii,38788865,"    <ThemeValue name=""&SPECTRUM_SUBHEADING_ARTICLE_EMPHASIS_MARGIN_BOTTOM;"" v=""3px""/>"
AfterFXLib.dll,ascii,38789803,"    <ThemeValue name=""&SPECTRUM_SUBHEADING_ARTICLE_STRONG_MARGIN_BOTTOM;"" v=""3px""/>"
AfterFXLib.dll,ascii,38790692,"    <ThemeValue name=""&SPECTRUM_SUBHEADING_MARGIN_BOTTOM;"" v=""3px""/>"
AfterFXLib.dll,ascii,38791647,"    <ThemeValue name=""&SPECTRUM_SUBHEADING_EMPHASIS_MARGIN_BOTTOM;"" v=""3px""/>"
AfterFXLib.dll,ascii,38792593,"    <ThemeValue name=""&SPECTRUM_SUBHEADING_STRONG_MARGIN_BOTTOM;"" v=""3px""/>"
AfterFXLib.dll,ascii,38793460,"    <ThemeValue name=""&SPECTRUM_SUBHEADING_HAN_MARGIN_BOTTOM;"" v=""3px""/>"
AfterFXLib.dll,ascii,38794405,"    <ThemeValue name=""&SPECTRUM_SUBHEADING_HAN_EMPHASIS_MARGIN_BOTTOM;"" v=""3px""/>"
AfterFXLib.dll,ascii,38795341,"    <ThemeValue name=""&SPECTRUM_SUBHEADING_HAN_STRONG_MARGIN_BOTTOM;"" v=""3px""/>"
AfterFXLib.dll,ascii,38837820,"      <KeyFrame name=""&SPECTRUM_ASSET_FOLDER_BACKGROUND_COLOR;"" h=""0"" s=""0"" v=""0.22"" a=""1""/>"
AfterFXLib.dll,ascii,38838645,"      <KeyFrame name=""&SPECTRUM_BARLOADER_LARGE_TEXT_COLOR;"" h=""0"" s=""0"" v=""0.78"" a=""1""/>"
AfterFXLib.dll,ascii,38838736,"      <KeyFrame name=""&SPECTRUM_BARLOADER_LARGE_TRACK_COLOR;"" h=""0"" s=""0"" v=""0.22"" a=""1""/>"
AfterFXLib.dll,ascii,38838828,"      <KeyFrame name=""&SPECTRUM_BARLOADER_LARGE_TRACK_FILL_COLOR;"" h=""213"" s=""0.84"" v=""0.92"" a=""1""/>"
AfterFXLib.dll,ascii,38838930,"      <KeyFrame name=""&SPECTRUM_BARLOADER_LARGE_TRACK_COLOR_DISABLED;"" h=""0"" s=""0"" v=""0.22"" a=""1""/>"
AfterFXLib.dll,ascii,38839031,"      <KeyFrame name=""&SPECTRUM_BARLOADER_LARGE_TRACK_FILL_COLOR_DISABLED;"" h=""0"" s=""0"" v=""0.22"" a=""1""/>"
AfterFXLib.dll,ascii,38839137,"      <KeyFrame name=""&SPECTRUM_BARLOADER_LARGE_INDETERMINATE_TEXT_COLOR;"" h=""0"" s=""0"" v=""0.78"" a=""1""/>"
AfterFXLib.dll,ascii,38839242,"      <KeyFrame name=""&SPECTRUM_BARLOADER_LARGE_INDETERMINATE_TRACK_COLOR;"" h=""0"" s=""0"" v=""0.22"" a=""1""/>"
AfterFXLib.dll,ascii,38839348,"      <KeyFrame name=""&SPECTRUM_BARLOADER_LARGE_INDETERMINATE_TRACK_FILL_COLOR;"" h=""213"" s=""0.84"" v=""0.92"" a=""1""/>"
AfterFXLib.dll,ascii,38839464,"      <KeyFrame name=""&SPECTRUM_BARLOADER_LARGE_INDETERMINATE_TRACK_COLOR_DISABLED;"" h=""0"" s=""0"" v=""0.22"" a=""1""/>"
AfterFXLib.dll,ascii,38839579,"      <KeyFrame name=""&SPECTRUM_BARLOADER_LARGE_INDETERMINATE_TRACK_FILL_COLOR_DISABLED;"" h=""0"" s=""0"" v=""0.22"" a=""1""/>"
AfterFXLib.dll,ascii,38839699,"      <KeyFrame name=""&SPECTRUM_BARLOADER_LARGE_OVER_BACKGROUND_TEXT_COLOR;"" h=""0"" s=""0"" v=""1"" a=""1""/>"
AfterFXLib.dll,ascii,38839803,"      <KeyFrame name=""&SPECTRUM_BARLOADER_LARGE_OVER_BACKGROUND_TRACK_COLOR;"" h=""0"" s=""0"" v=""1"" a=""0.2""/>"
AfterFXLib.dll,ascii,38839910,"      <KeyFrame name=""&SPECTRUM_BARLOADER_LARGE_OVER_BACKGROUND_TRACK_FILL_COLOR;"" h=""0"" s=""0"" v=""1"" a=""1""/>"
AfterFXLib.dll,ascii,38840020,"      <KeyFrame name=""&SPECTRUM_BARLOADER_LARGE_OVER_BACKGROUND_TRACK_COLOR_DISABLED;"" h=""0"" s=""0"" v=""1"" a=""0.2""/>"
AfterFXLib.dll,ascii,38840136,"      <KeyFrame name=""&SPECTRUM_BARLOADER_LARGE_OVER_BACKGROUND_TRACK_FILL_COLOR_DISABLED;"" h=""0"" s=""0"" v=""0"" a=""0""/>"
AfterFXLib.dll,ascii,38840255,"      <KeyFrame name=""&SPECTRUM_BARLOADER_SMALL_TEXT_COLOR;"" h=""0"" s=""0"" v=""0.78"" a=""1""/>"
AfterFXLib.dll,ascii,38840346,"      <KeyFrame name=""&SPECTRUM_BARLOADER_SMALL_TRACK_COLOR;"" h=""0"" s=""0"" v=""0.22"" a=""1""/>"
AfterFXLib.dll,ascii,38840438,"      <KeyFrame name=""&SPECTRUM_BARLOADER_SMALL_TRACK_FILL_COLOR;"" h=""213"" s=""0.84"" v=""0.92"" a=""1""/>"
AfterFXLib.dll,ascii,38840540,"      <KeyFrame name=""&SPECTRUM_BARLOADER_SMALL_TRACK_COLOR_DISABLED;"" h=""0"" s=""0"" v=""0.22"" a=""1""/>"
AfterFXLib.dll,ascii,38840641,"      <KeyFrame name=""&SPECTRUM_BARLOADER_SMALL_TRACK_FILL_COLOR_DISABLED;"" h=""0"" s=""0"" v=""0.22"" a=""1""/>"
AfterFXLib.dll,ascii,38840747,"      <KeyFrame name=""&SPECTRUM_BARLOADER_SMALL_INDETERMINATE_TEXT_COLOR;"" h=""0"" s=""0"" v=""0.78"" a=""1""/>"
AfterFXLib.dll,ascii,38840852,"      <KeyFrame name=""&SPECTRUM_BARLOADER_SMALL_INDETERMINATE_TRACK_COLOR;"" h=""0"" s=""0"" v=""0.22"" a=""1""/>"
AfterFXLib.dll,ascii,38840958,"      <KeyFrame name=""&SPECTRUM_BARLOADER_SMALL_INDETERMINATE_TRACK_FILL_COLOR;"" h=""213"" s=""0.84"" v=""0.92"" a=""1""/>"
AfterFXLib.dll,ascii,38841074,"      <KeyFrame name=""&SPECTRUM_BARLOADER_SMALL_INDETERMINATE_TRACK_COLOR_DISABLED;"" h=""0"" s=""0"" v=""0.22"" a=""1""/>"
AfterFXLib.dll,ascii,38841189,"      <KeyFrame name=""&SPECTRUM_BARLOADER_SMALL_INDETERMINATE_TRACK_FILL_COLOR_DISABLED;"" h=""0"" s=""0"" v=""0.22"" a=""1""/>"
AfterFXLib.dll,ascii,38841309,"      <KeyFrame name=""&SPECTRUM_BARLOADER_SMALL_OVER_BACKGROUND_TEXT_COLOR;"" h=""0"" s=""0"" v=""1"" a=""1""/>"
AfterFXLib.dll,ascii,38841413,"      <KeyFrame name=""&SPECTRUM_BARLOADER_SMALL_OVER_BACKGROUND_TRACK_COLOR;"" h=""0"" s=""0"" v=""1"" a=""0.2""/>"
AfterFXLib.dll,ascii,38841520,"      <KeyFrame name=""&SPECTRUM_BARLOADER_SMALL_OVER_BACKGROUND_TRACK_FILL_COLOR;"" h=""0"" s=""0"" v=""1"" a=""1""/>"
AfterFXLib.dll,ascii,38841630,"      <KeyFrame name=""&SPECTRUM_BARLOADER_SMALL_OVER_BACKGROUND_TRACK_COLOR_DISABLED;"" h=""0"" s=""0"" v=""1"" a=""0.2""/>"
AfterFXLib.dll,ascii,38841746,"      <KeyFrame name=""&SPECTRUM_BARLOADER_SMALL_OVER_BACKGROUND_TRACK_FILL_COLOR_DISABLED;"" h=""0"" s=""0"" v=""0"" a=""0""/>"
AfterFXLib.dll,ascii,38903099,"      <KeyFrame name=""&SPECTRUM_CIRCLELOADER_LARGE_TEXT_COLOR;"" h=""0"" s=""0"" v=""0.78"" a=""1""/>"
AfterFXLib.dll,ascii,38903193,"      <KeyFrame name=""&SPECTRUM_CIRCLELOADER_LARGE_TRACK_COLOR;"" h=""0"" s=""0"" v=""0.22"" a=""1""/>"
AfterFXLib.dll,ascii,38903288,"      <KeyFrame name=""&SPECTRUM_CIRCLELOADER_LARGE_TRACK_FILL_COLOR;"" h=""213"" s=""0.84"" v=""0.92"" a=""1""/>"
AfterFXLib.dll,ascii,38903393,"      <KeyFrame name=""&SPECTRUM_CIRCLELOADER_LARGE_TRACK_COLOR_DISABLED;"" h=""0"" s=""0"" v=""0.22"" a=""1""/>"
AfterFXLib.dll,ascii,38903497,"      <KeyFrame name=""&SPECTRUM_CIRCLELOADER_LARGE_TRACK_FILL_COLOR_DISABLED;"" h=""0"" s=""0"" v=""0.22"" a=""1""/>"
AfterFXLib.dll,ascii,38903606,"      <KeyFrame name=""&SPECTRUM_CIRCLELOADER_LARGE_OVER_BACKGROUND_TEXT_COLOR;"" h=""0"" s=""0"" v=""1"" a=""1""/>"
AfterFXLib.dll,ascii,38903713,"      <KeyFrame name=""&SPECTRUM_CIRCLELOADER_LARGE_OVER_BACKGROUND_TRACK_COLOR;"" h=""0"" s=""0"" v=""1"" a=""0.2""/>"
AfterFXLib.dll,ascii,38903823,"      <KeyFrame name=""&SPECTRUM_CIRCLELOADER_LARGE_OVER_BACKGROUND_TRACK_FILL_COLOR;"" h=""0"" s=""0"" v=""1"" a=""1""/>"
AfterFXLib.dll,ascii,38903936,"      <KeyFrame name=""&SPECTRUM_CIRCLELOADER_LARGE_OVER_BACKGROUND_TRACK_COLOR_DISABLED;"" h=""0"" s=""0"" v=""1"" a=""0.2""/>"
AfterFXLib.dll,ascii,38904055,"      <KeyFrame name=""&SPECTRUM_CIRCLELOADER_LARGE_OVER_BACKGROUND_TRACK_FILL_COLOR_DISABLED;"" h=""0"" s=""0"" v=""0"" a=""0""/>"
AfterFXLib.dll,ascii,38904177,"      <KeyFrame name=""&SPECTRUM_CIRCLELOADER_MEDIUM_TEXT_COLOR;"" h=""0"" s=""0"" v=""0.78"" a=""1""/>"
AfterFXLib.dll,ascii,38904272,"      <KeyFrame name=""&SPECTRUM_CIRCLELOADER_MEDIUM_TRACK_COLOR;"" h=""0"" s=""0"" v=""0.22"" a=""1""/>"
AfterFXLib.dll,ascii,38904368,"      <KeyFrame name=""&SPECTRUM_CIRCLELOADER_MEDIUM_TRACK_FILL_COLOR;"" h=""213"" s=""0.84"" v=""0.92"" a=""1""/>"
AfterFXLib.dll,ascii,38904474,"      <KeyFrame name=""&SPECTRUM_CIRCLELOADER_MEDIUM_TRACK_COLOR_DISABLED;"" h=""0"" s=""0"" v=""0.22"" a=""1""/>"
AfterFXLib.dll,ascii,38904579,"      <KeyFrame name=""&SPECTRUM_CIRCLELOADER_MEDIUM_TRACK_FILL_COLOR_DISABLED;"" h=""0"" s=""0"" v=""0.22"" a=""1""/>"
AfterFXLib.dll,ascii,38904689,"      <KeyFrame name=""&SPECTRUM_CIRCLELOADER_MEDIUM_OVER_BACKGROUND_TEXT_COLOR;"" h=""0"" s=""0"" v=""1"" a=""1""/>"
AfterFXLib.dll,ascii,38904797,"      <KeyFrame name=""&SPECTRUM_CIRCLELOADER_MEDIUM_OVER_BACKGROUND_TRACK_COLOR;"" h=""0"" s=""0"" v=""1"" a=""0.2""/>"
AfterFXLib.dll,ascii,38904908,"      <KeyFrame name=""&SPECTRUM_CIRCLELOADER_MEDIUM_OVER_BACKGROUND_TRACK_FILL_COLOR;"" h=""0"" s=""0"" v=""1"" a=""1""/>"
AfterFXLib.dll,ascii,38905022,"      <KeyFrame name=""&SPECTRUM_CIRCLELOADER_MEDIUM_OVER_BACKGROUND_TRACK_COLOR_DISABLED;"" h=""0"" s=""0"" v=""1"" a=""0.2""/>"
AfterFXLib.dll,ascii,38905142,"      <KeyFrame name=""&SPECTRUM_CIRCLELOADER_MEDIUM_OVER_BACKGROUND_TRACK_FILL_COLOR_DISABLED;"" h=""0"" s=""0"" v=""0"" a=""0""/>"
AfterFXLib.dll,ascii,38905265,"      <KeyFrame name=""&SPECTRUM_CIRCLELOADER_SMALL_TEXT_COLOR;"" h=""0"" s=""0"" v=""0.78"" a=""1""/>"
AfterFXLib.dll,ascii,38905359,"      <KeyFrame name=""&SPECTRUM_CIRCLELOADER_SMALL_TRACK_COLOR;"" h=""0"" s=""0"" v=""0.22"" a=""1""/>"
AfterFXLib.dll,ascii,38905454,"      <KeyFrame name=""&SPECTRUM_CIRCLELOADER_SMALL_TRACK_FILL_COLOR;"" h=""213"" s=""0.84"" v=""0.92"" a=""1""/>"
AfterFXLib.dll,ascii,38905559,"      <KeyFrame name=""&SPECTRUM_CIRCLELOADER_SMALL_TRACK_COLOR_DISABLED;"" h=""0"" s=""0"" v=""0.22"" a=""1""/>"
AfterFXLib.dll,ascii,38905663,"      <KeyFrame name=""&SPECTRUM_CIRCLELOADER_SMALL_TRACK_FILL_COLOR_DISABLED;"" h=""0"" s=""0"" v=""0.22"" a=""1""/>"
AfterFXLib.dll,ascii,38905772,"      <KeyFrame name=""&SPECTRUM_CIRCLELOADER_SMALL_OVER_BACKGROUND_TEXT_COLOR;"" h=""0"" s=""0"" v=""1"" a=""1""/>"
AfterFXLib.dll,ascii,38905879,"      <KeyFrame name=""&SPECTRUM_CIRCLELOADER_SMALL_OVER_BACKGROUND_TRACK_COLOR;"" h=""0"" s=""0"" v=""1"" a=""0.2""/>"
AfterFXLib.dll,ascii,38905989,"      <KeyFrame name=""&SPECTRUM_CIRCLELOADER_SMALL_OVER_BACKGROUND_TRACK_FILL_COLOR;"" h=""0"" s=""0"" v=""1"" a=""1""/>"
AfterFXLib.dll,ascii,38906102,"      <KeyFrame name=""&SPECTRUM_CIRCLELOADER_SMALL_OVER_BACKGROUND_TRACK_COLOR_DISABLED;"" h=""0"" s=""0"" v=""1"" a=""0.2""/>"
AfterFXLib.dll,ascii,38906221,"      <KeyFrame name=""&SPECTRUM_CIRCLELOADER_SMALL_OVER_BACKGROUND_TRACK_FILL_COLOR_DISABLED;"" h=""0"" s=""0"" v=""0"" a=""0""/>"
AfterFXLib.dll,ascii,38956150,"      <KeyFrame name=""&SPECTRUM_LOADER_BAR_LARGE_TEXT_COLOR;"" h=""0"" s=""0"" v=""0.78"" a=""1""/>"
AfterFXLib.dll,ascii,38956242,"      <KeyFrame name=""&SPECTRUM_LOADER_BAR_LARGE_TRACK_COLOR;"" h=""0"" s=""0"" v=""0.22"" a=""1""/>"
AfterFXLib.dll,ascii,38956335,"      <KeyFrame name=""&SPECTRUM_LOADER_BAR_LARGE_TRACK_FILL_COLOR;"" h=""213"" s=""0.84"" v=""0.92"" a=""1""/>"
AfterFXLib.dll,ascii,38956438,"      <KeyFrame name=""&SPECTRUM_LOADER_BAR_LARGE_TRACK_COLOR_DISABLED;"" h=""0"" s=""0"" v=""0.22"" a=""1""/>"
AfterFXLib.dll,ascii,38956540,"      <KeyFrame name=""&SPECTRUM_LOADER_BAR_LARGE_TRACK_FILL_COLOR_DISABLED;"" h=""0"" s=""0"" v=""0.22"" a=""1""/>"
AfterFXLib.dll,ascii,38956647,"      <KeyFrame name=""&SPECTRUM_LOADER_BAR_LARGE_OVER_BACKGROUND_TEXT_COLOR;"" h=""0"" s=""0"" v=""1"" a=""1""/>"
AfterFXLib.dll,ascii,38956752,"      <KeyFrame name=""&SPECTRUM_LOADER_BAR_LARGE_OVER_BACKGROUND_TRACK_COLOR;"" h=""0"" s=""0"" v=""1"" a=""0.2""/>"
AfterFXLib.dll,ascii,38956860,"      <KeyFrame name=""&SPECTRUM_LOADER_BAR_LARGE_OVER_BACKGROUND_TRACK_FILL_COLOR;"" h=""0"" s=""0"" v=""1"" a=""1""/>"
AfterFXLib.dll,ascii,38956971,"      <KeyFrame name=""&SPECTRUM_LOADER_BAR_LARGE_OVER_BACKGROUND_TRACK_COLOR_DISABLED;"" h=""0"" s=""0"" v=""1"" a=""0.2""/>"
AfterFXLib.dll,ascii,38957088,"      <KeyFrame name=""&SPECTRUM_LOADER_BAR_LARGE_OVER_BACKGROUND_TRACK_FILL_COLOR_DISABLED;"" h=""0"" s=""0"" v=""0"" a=""0""/>"
AfterFXLib.dll,ascii,38957208,"      <KeyFrame name=""&SPECTRUM_LOADER_BAR_SMALL_TEXT_COLOR;"" h=""0"" s=""0"" v=""0.78"" a=""1""/>"
AfterFXLib.dll,ascii,38957300,"      <KeyFrame name=""&SPECTRUM_LOADER_BAR_SMALL_TRACK_COLOR;"" h=""0"" s=""0"" v=""0.22"" a=""1""/>"
AfterFXLib.dll,ascii,38957393,"      <KeyFrame name=""&SPECTRUM_LOADER_BAR_SMALL_TRACK_FILL_COLOR;"" h=""213"" s=""0.84"" v=""0.92"" a=""1""/>"
AfterFXLib.dll,ascii,38957496,"      <KeyFrame name=""&SPECTRUM_LOADER_BAR_SMALL_TRACK_COLOR_DISABLED;"" h=""0"" s=""0"" v=""0.22"" a=""1""/>"
AfterFXLib.dll,ascii,38957598,"      <KeyFrame name=""&SPECTRUM_LOADER_BAR_SMALL_TRACK_FILL_COLOR_DISABLED;"" h=""0"" s=""0"" v=""0.22"" a=""1""/>"
AfterFXLib.dll,ascii,38957705,"      <KeyFrame name=""&SPECTRUM_LOADER_BAR_SMALL_OVER_BACKGROUND_TEXT_COLOR;"" h=""0"" s=""0"" v=""1"" a=""1""/>"
AfterFXLib.dll,ascii,38957810,"      <KeyFrame name=""&SPECTRUM_LOADER_BAR_SMALL_OVER_BACKGROUND_TRACK_COLOR;"" h=""0"" s=""0"" v=""1"" a=""0.2""/>"
AfterFXLib.dll,ascii,38957918,"      <KeyFrame name=""&SPECTRUM_LOADER_BAR_SMALL_OVER_BACKGROUND_TRACK_FILL_COLOR;"" h=""0"" s=""0"" v=""1"" a=""1""/>"
AfterFXLib.dll,ascii,38958029,"      <KeyFrame name=""&SPECTRUM_LOADER_BAR_SMALL_OVER_BACKGROUND_TRACK_COLOR_DISABLED;"" h=""0"" s=""0"" v=""1"" a=""0.2""/>"
AfterFXLib.dll,ascii,38958146,"      <KeyFrame name=""&SPECTRUM_LOADER_BAR_SMALL_OVER_BACKGROUND_TRACK_FILL_COLOR_DISABLED;"" h=""0"" s=""0"" v=""0"" a=""0""/>"
AfterFXLib.dll,ascii,38958266,"      <KeyFrame name=""&SPECTRUM_LOADER_CIRCLE_LARGE_TEXT_COLOR;"" h=""0"" s=""0"" v=""0.78"" a=""1""/>"
AfterFXLib.dll,ascii,38958361,"      <KeyFrame name=""&SPECTRUM_LOADER_CIRCLE_LARGE_TRACK_COLOR;"" h=""0"" s=""0"" v=""0.22"" a=""1""/>"
AfterFXLib.dll,ascii,38958457,"      <KeyFrame name=""&SPECTRUM_LOADER_CIRCLE_LARGE_TRACK_FILL_COLOR;"" h=""213"" s=""0.84"" v=""0.92"" a=""1""/>"
AfterFXLib.dll,ascii,38958563,"      <KeyFrame name=""&SPECTRUM_LOADER_CIRCLE_LARGE_TRACK_COLOR_DISABLED;"" h=""0"" s=""0"" v=""0.22"" a=""1""/>"
AfterFXLib.dll,ascii,38958668,"      <KeyFrame name=""&SPECTRUM_LOADER_CIRCLE_LARGE_TRACK_FILL_COLOR_DISABLED;"" h=""0"" s=""0"" v=""0.22"" a=""1""/>"
AfterFXLib.dll,ascii,38958778,"      <KeyFrame name=""&SPECTRUM_LOADER_CIRCLE_LARGE_OVER_BACKGROUND_TEXT_COLOR;"" h=""0"" s=""0"" v=""1"" a=""1""/>"
AfterFXLib.dll,ascii,38958886,"      <KeyFrame name=""&SPECTRUM_LOADER_CIRCLE_LARGE_OVER_BACKGROUND_TRACK_COLOR;"" h=""0"" s=""0"" v=""1"" a=""0.2""/>"
AfterFXLib.dll,ascii,38958997,"      <KeyFrame name=""&SPECTRUM_LOADER_CIRCLE_LARGE_OVER_BACKGROUND_TRACK_FILL_COLOR;"" h=""0"" s=""0"" v=""1"" a=""1""/>"
AfterFXLib.dll,ascii,38959111,"      <KeyFrame name=""&SPECTRUM_LOADER_CIRCLE_LARGE_OVER_BACKGROUND_TRACK_COLOR_DISABLED;"" h=""0"" s=""0"" v=""1"" a=""0.2""/>"
AfterFXLib.dll,ascii,38959231,"      <KeyFrame name=""&SPECTRUM_LOADER_CIRCLE_LARGE_OVER_BACKGROUND_TRACK_FILL_COLOR_DISABLED;"" h=""0"" s=""0"" v=""0"" a=""0""/>"
AfterFXLib.dll,ascii,38959354,"      <KeyFrame name=""&SPECTRUM_LOADER_CIRCLE_MEDIUM_TEXT_COLOR;"" h=""0"" s=""0"" v=""0.78"" a=""1""/>"
AfterFXLib.dll,ascii,38959450,"      <KeyFrame name=""&SPECTRUM_LOADER_CIRCLE_MEDIUM_TRACK_COLOR;"" h=""0"" s=""0"" v=""0.22"" a=""1""/>"
AfterFXLib.dll,ascii,38959547,"      <KeyFrame name=""&SPECTRUM_LOADER_CIRCLE_MEDIUM_TRACK_FILL_COLOR;"" h=""213"" s=""0.84"" v=""0.92"" a=""1""/>"
AfterFXLib.dll,ascii,38959654,"      <KeyFrame name=""&SPECTRUM_LOADER_CIRCLE_MEDIUM_TRACK_COLOR_DISABLED;"" h=""0"" s=""0"" v=""0.22"" a=""1""/>"
AfterFXLib.dll,ascii,38959760,"      <KeyFrame name=""&SPECTRUM_LOADER_CIRCLE_MEDIUM_TRACK_FILL_COLOR_DISABLED;"" h=""0"" s=""0"" v=""0.22"" a=""1""/>"
AfterFXLib.dll,ascii,38959871,"      <KeyFrame name=""&SPECTRUM_LOADER_CIRCLE_MEDIUM_OVER_BACKGROUND_TEXT_COLOR;"" h=""0"" s=""0"" v=""1"" a=""1""/>"
AfterFXLib.dll,ascii,38959980,"      <KeyFrame name=""&SPECTRUM_LOADER_CIRCLE_MEDIUM_OVER_BACKGROUND_TRACK_COLOR;"" h=""0"" s=""0"" v=""1"" a=""0.2""/>"
AfterFXLib.dll,ascii,38960092,"      <KeyFrame name=""&SPECTRUM_LOADER_CIRCLE_MEDIUM_OVER_BACKGROUND_TRACK_FILL_COLOR;"" h=""0"" s=""0"" v=""1"" a=""1""/>"
AfterFXLib.dll,ascii,38960207,"      <KeyFrame name=""&SPECTRUM_LOADER_CIRCLE_MEDIUM_OVER_BACKGROUND_TRACK_COLOR_DISABLED;"" h=""0"" s=""0"" v=""1"" a=""0.2""/>"
AfterFXLib.dll,ascii,38960328,"      <KeyFrame name=""&SPECTRUM_LOADER_CIRCLE_MEDIUM_OVER_BACKGROUND_TRACK_FILL_COLOR_DISABLED;"" h=""0"" s=""0"" v=""0"" a=""0""/>"
AfterFXLib.dll,ascii,38960452,"      <KeyFrame name=""&SPECTRUM_LOADER_CIRCLE_SMALL_TEXT_COLOR;"" h=""0"" s=""0"" v=""0.78"" a=""1""/>"
AfterFXLib.dll,ascii,38960547,"      <KeyFrame name=""&SPECTRUM_LOADER_CIRCLE_SMALL_TRACK_COLOR;"" h=""0"" s=""0"" v=""0.22"" a=""1""/>"
AfterFXLib.dll,ascii,38960643,"      <KeyFrame name=""&SPECTRUM_LOADER_CIRCLE_SMALL_TRACK_FILL_COLOR;"" h=""213"" s=""0.84"" v=""0.92"" a=""1""/>"
AfterFXLib.dll,ascii,38960749,"      <KeyFrame name=""&SPECTRUM_LOADER_CIRCLE_SMALL_TRACK_COLOR_DISABLED;"" h=""0"" s=""0"" v=""0.22"" a=""1""/>"
AfterFXLib.dll,ascii,38960854,"      <KeyFrame name=""&SPECTRUM_LOADER_CIRCLE_SMALL_TRACK_FILL_COLOR_DISABLED;"" h=""0"" s=""0"" v=""0.22"" a=""1""/>"
AfterFXLib.dll,ascii,38960964,"      <KeyFrame name=""&SPECTRUM_LOADER_CIRCLE_SMALL_OVER_BACKGROUND_TEXT_COLOR;"" h=""0"" s=""0"" v=""1"" a=""1""/>"
AfterFXLib.dll,ascii,38961072,"      <KeyFrame name=""&SPECTRUM_LOADER_CIRCLE_SMALL_OVER_BACKGROUND_TRACK_COLOR;"" h=""0"" s=""0"" v=""1"" a=""0.2""/>"
AfterFXLib.dll,ascii,38961183,"      <KeyFrame name=""&SPECTRUM_LOADER_CIRCLE_SMALL_OVER_BACKGROUND_TRACK_FILL_COLOR;"" h=""0"" s=""0"" v=""1"" a=""1""/>"
AfterFXLib.dll,ascii,38961297,"      <KeyFrame name=""&SPECTRUM_LOADER_CIRCLE_SMALL_OVER_BACKGROUND_TRACK_COLOR_DISABLED;"" h=""0"" s=""0"" v=""1"" a=""0.2""/>"
AfterFXLib.dll,ascii,38961417,"      <KeyFrame name=""&SPECTRUM_LOADER_CIRCLE_SMALL_OVER_BACKGROUND_TRACK_FILL_COLOR_DISABLED;"" h=""0"" s=""0"" v=""0"" a=""0""/>"
AfterFXLib.dll,ascii,39182166,"      <KeyFrame name=""&SPECTRUM_ASSET_FOLDER_BACKGROUND_COLOR;"" h=""0"" s=""0"" v=""0.29"" a=""1""/>"
AfterFXLib.dll,ascii,39182992,"      <KeyFrame name=""&SPECTRUM_BARLOADER_LARGE_TEXT_COLOR;"" h=""0"" s=""0"" v=""0.89"" a=""1""/>"
AfterFXLib.dll,ascii,39183083,"      <KeyFrame name=""&SPECTRUM_BARLOADER_LARGE_TRACK_COLOR;"" h=""0"" s=""0"" v=""0.29"" a=""1""/>"
AfterFXLib.dll,ascii,39183175,"      <KeyFrame name=""&SPECTRUM_BARLOADER_LARGE_TRACK_FILL_COLOR;"" h=""212"" s=""0.77"" v=""0.94"" a=""1""/>"
AfterFXLib.dll,ascii,39183277,"      <KeyFrame name=""&SPECTRUM_BARLOADER_LARGE_TRACK_COLOR_DISABLED;"" h=""0"" s=""0"" v=""0.29"" a=""1""/>"
AfterFXLib.dll,ascii,39183378,"      <KeyFrame name=""&SPECTRUM_BARLOADER_LARGE_TRACK_FILL_COLOR_DISABLED;"" h=""0"" s=""0"" v=""0.29"" a=""1""/>"
AfterFXLib.dll,ascii,39183484,"      <KeyFrame name=""&SPECTRUM_BARLOADER_LARGE_INDETERMINATE_TEXT_COLOR;"" h=""0"" s=""0"" v=""0.89"" a=""1""/>"
AfterFXLib.dll,ascii,39183589,"      <KeyFrame name=""&SPECTRUM_BARLOADER_LARGE_INDETERMINATE_TRACK_COLOR;"" h=""0"" s=""0"" v=""0.29"" a=""1""/>"
AfterFXLib.dll,ascii,39183695,"      <KeyFrame name=""&SPECTRUM_BARLOADER_LARGE_INDETERMINATE_TRACK_FILL_COLOR;"" h=""212"" s=""0.77"" v=""0.94"" a=""1""/>"
AfterFXLib.dll,ascii,39183811,"      <KeyFrame name=""&SPECTRUM_BARLOADER_LARGE_INDETERMINATE_TRACK_COLOR_DISABLED;"" h=""0"" s=""0"" v=""0.29"" a=""1""/>"
AfterFXLib.dll,ascii,39183926,"      <KeyFrame name=""&SPECTRUM_BARLOADER_LARGE_INDETERMINATE_TRACK_FILL_COLOR_DISABLED;"" h=""0"" s=""0"" v=""0.29"" a=""1""/>"
AfterFXLib.dll,ascii,39184046,"      <KeyFrame name=""&SPECTRUM_BARLOADER_LARGE_OVER_BACKGROUND_TEXT_COLOR;"" h=""0"" s=""0"" v=""1"" a=""1""/>"
AfterFXLib.dll,ascii,39184150,"      <KeyFrame name=""&SPECTRUM_BARLOADER_LARGE_OVER_BACKGROUND_TRACK_COLOR;"" h=""0"" s=""0"" v=""1"" a=""0.2""/>"
AfterFXLib.dll,ascii,39184257,"      <KeyFrame name=""&SPECTRUM_BARLOADER_LARGE_OVER_BACKGROUND_TRACK_FILL_COLOR;"" h=""0"" s=""0"" v=""1"" a=""1""/>"
AfterFXLib.dll,ascii,39184367,"      <KeyFrame name=""&SPECTRUM_BARLOADER_LARGE_OVER_BACKGROUND_TRACK_COLOR_DISABLED;"" h=""0"" s=""0"" v=""1"" a=""0.2""/>"
AfterFXLib.dll,ascii,39184483,"      <KeyFrame name=""&SPECTRUM_BARLOADER_LARGE_OVER_BACKGROUND_TRACK_FILL_COLOR_DISABLED;"" h=""0"" s=""0"" v=""0"" a=""0""/>"
AfterFXLib.dll,ascii,39184602,"      <KeyFrame name=""&SPECTRUM_BARLOADER_SMALL_TEXT_COLOR;"" h=""0"" s=""0"" v=""0.89"" a=""1""/>"
AfterFXLib.dll,ascii,39184693,"      <KeyFrame name=""&SPECTRUM_BARLOADER_SMALL_TRACK_COLOR;"" h=""0"" s=""0"" v=""0.29"" a=""1""/>"
AfterFXLib.dll,ascii,39184785,"      <KeyFrame name=""&SPECTRUM_BARLOADER_SMALL_TRACK_FILL_COLOR;"" h=""212"" s=""0.77"" v=""0.94"" a=""1""/>"
AfterFXLib.dll,ascii,39184887,"      <KeyFrame name=""&SPECTRUM_BARLOADER_SMALL_TRACK_COLOR_DISABLED;"" h=""0"" s=""0"" v=""0.29"" a=""1""/>"
AfterFXLib.dll,ascii,39184988,"      <KeyFrame name=""&SPECTRUM_BARLOADER_SMALL_TRACK_FILL_COLOR_DISABLED;"" h=""0"" s=""0"" v=""0.29"" a=""1""/>"
AfterFXLib.dll,ascii,39185094,"      <KeyFrame name=""&SPECTRUM_BARLOADER_SMALL_INDETERMINATE_TEXT_COLOR;"" h=""0"" s=""0"" v=""0.89"" a=""1""/>"
AfterFXLib.dll,ascii,39185199,"      <KeyFrame name=""&SPECTRUM_BARLOADER_SMALL_INDETERMINATE_TRACK_COLOR;"" h=""0"" s=""0"" v=""0.29"" a=""1""/>"
AfterFXLib.dll,ascii,39185305,"      <KeyFrame name=""&SPECTRUM_BARLOADER_SMALL_INDETERMINATE_TRACK_FILL_COLOR;"" h=""212"" s=""0.77"" v=""0.94"" a=""1""/>"
AfterFXLib.dll,ascii,39185421,"      <KeyFrame name=""&SPECTRUM_BARLOADER_SMALL_INDETERMINATE_TRACK_COLOR_DISABLED;"" h=""0"" s=""0"" v=""0.29"" a=""1""/>"
AfterFXLib.dll,ascii,39185536,"      <KeyFrame name=""&SPECTRUM_BARLOADER_SMALL_INDETERMINATE_TRACK_FILL_COLOR_DISABLED;"" h=""0"" s=""0"" v=""0.29"" a=""1""/>"
AfterFXLib.dll,ascii,39185656,"      <KeyFrame name=""&SPECTRUM_BARLOADER_SMALL_OVER_BACKGROUND_TEXT_COLOR;"" h=""0"" s=""0"" v=""1"" a=""1""/>"
AfterFXLib.dll,ascii,39185760,"      <KeyFrame name=""&SPECTRUM_BARLOADER_SMALL_OVER_BACKGROUND_TRACK_COLOR;"" h=""0"" s=""0"" v=""1"" a=""0.2""/>"
AfterFXLib.dll,ascii,39185867,"      <KeyFrame name=""&SPECTRUM_BARLOADER_SMALL_OVER_BACKGROUND_TRACK_FILL_COLOR;"" h=""0"" s=""0"" v=""1"" a=""1""/>"
AfterFXLib.dll,ascii,39185977,"      <KeyFrame name=""&SPECTRUM_BARLOADER_SMALL_OVER_BACKGROUND_TRACK_COLOR_DISABLED;"" h=""0"" s=""0"" v=""1"" a=""0.2""/>"
AfterFXLib.dll,ascii,39186093,"      <KeyFrame name=""&SPECTRUM_BARLOADER_SMALL_OVER_BACKGROUND_TRACK_FILL_COLOR_DISABLED;"" h=""0"" s=""0"" v=""0"" a=""0""/>"
AfterFXLib.dll,ascii,39247184,"      <KeyFrame name=""&SPECTRUM_CIRCLELOADER_LARGE_TEXT_COLOR;"" h=""0"" s=""0"" v=""0.89"" a=""1""/>"
AfterFXLib.dll,ascii,39247278,"      <KeyFrame name=""&SPECTRUM_CIRCLELOADER_LARGE_TRACK_COLOR;"" h=""0"" s=""0"" v=""0.29"" a=""1""/>"
AfterFXLib.dll,ascii,39247373,"      <KeyFrame name=""&SPECTRUM_CIRCLELOADER_LARGE_TRACK_FILL_COLOR;"" h=""212"" s=""0.77"" v=""0.94"" a=""1""/>"
AfterFXLib.dll,ascii,39247478,"      <KeyFrame name=""&SPECTRUM_CIRCLELOADER_LARGE_TRACK_COLOR_DISABLED;"" h=""0"" s=""0"" v=""0.29"" a=""1""/>"
AfterFXLib.dll,ascii,39247582,"      <KeyFrame name=""&SPECTRUM_CIRCLELOADER_LARGE_TRACK_FILL_COLOR_DISABLED;"" h=""0"" s=""0"" v=""0.29"" a=""1""/>"
AfterFXLib.dll,ascii,39247691,"      <KeyFrame name=""&SPECTRUM_CIRCLELOADER_LARGE_OVER_BACKGROUND_TEXT_COLOR;"" h=""0"" s=""0"" v=""1"" a=""1""/>"
AfterFXLib.dll,ascii,39247798,"      <KeyFrame name=""&SPECTRUM_CIRCLELOADER_LARGE_OVER_BACKGROUND_TRACK_COLOR;"" h=""0"" s=""0"" v=""1"" a=""0.2""/>"
AfterFXLib.dll,ascii,39247908,"      <KeyFrame name=""&SPECTRUM_CIRCLELOADER_LARGE_OVER_BACKGROUND_TRACK_FILL_COLOR;"" h=""0"" s=""0"" v=""1"" a=""1""/>"
AfterFXLib.dll,ascii,39248021,"      <KeyFrame name=""&SPECTRUM_CIRCLELOADER_LARGE_OVER_BACKGROUND_TRACK_COLOR_DISABLED;"" h=""0"" s=""0"" v=""1"" a=""0.2""/>"
AfterFXLib.dll,ascii,39248140,"      <KeyFrame name=""&SPECTRUM_CIRCLELOADER_LARGE_OVER_BACKGROUND_TRACK_FILL_COLOR_DISABLED;"" h=""0"" s=""0"" v=""0"" a=""0""/>"
AfterFXLib.dll,ascii,39248262,"      <KeyFrame name=""&SPECTRUM_CIRCLELOADER_MEDIUM_TEXT_COLOR;"" h=""0"" s=""0"" v=""0.89"" a=""1""/>"
AfterFXLib.dll,ascii,39248357,"      <KeyFrame name=""&SPECTRUM_CIRCLELOADER_MEDIUM_TRACK_COLOR;"" h=""0"" s=""0"" v=""0.29"" a=""1""/>"
AfterFXLib.dll,ascii,39248453,"      <KeyFrame name=""&SPECTRUM_CIRCLELOADER_MEDIUM_TRACK_FILL_COLOR;"" h=""212"" s=""0.77"" v=""0.94"" a=""1""/>"
AfterFXLib.dll,ascii,39248559,"      <KeyFrame name=""&SPECTRUM_CIRCLELOADER_MEDIUM_TRACK_COLOR_DISABLED;"" h=""0"" s=""0"" v=""0.29"" a=""1""/>"
AfterFXLib.dll,ascii,39248664,"      <KeyFrame name=""&SPECTRUM_CIRCLELOADER_MEDIUM_TRACK_FILL_COLOR_DISABLED;"" h=""0"" s=""0"" v=""0.29"" a=""1""/>"
AfterFXLib.dll,ascii,39248774,"      <KeyFrame name=""&SPECTRUM_CIRCLELOADER_MEDIUM_OVER_BACKGROUND_TEXT_COLOR;"" h=""0"" s=""0"" v=""1"" a=""1""/>"
AfterFXLib.dll,ascii,39248882,"      <KeyFrame name=""&SPECTRUM_CIRCLELOADER_MEDIUM_OVER_BACKGROUND_TRACK_COLOR;"" h=""0"" s=""0"" v=""1"" a=""0.2""/>"
AfterFXLib.dll,ascii,39248993,"      <KeyFrame name=""&SPECTRUM_CIRCLELOADER_MEDIUM_OVER_BACKGROUND_TRACK_FILL_COLOR;"" h=""0"" s=""0"" v=""1"" a=""1""/>"
AfterFXLib.dll,ascii,39249107,"      <KeyFrame name=""&SPECTRUM_CIRCLELOADER_MEDIUM_OVER_BACKGROUND_TRACK_COLOR_DISABLED;"" h=""0"" s=""0"" v=""1"" a=""0.2""/>"
AfterFXLib.dll,ascii,39249227,"      <KeyFrame name=""&SPECTRUM_CIRCLELOADER_MEDIUM_OVER_BACKGROUND_TRACK_FILL_COLOR_DISABLED;"" h=""0"" s=""0"" v=""0"" a=""0""/>"
AfterFXLib.dll,ascii,39249350,"      <KeyFrame name=""&SPECTRUM_CIRCLELOADER_SMALL_TEXT_COLOR;"" h=""0"" s=""0"" v=""0.89"" a=""1""/>"
AfterFXLib.dll,ascii,39249444,"      <KeyFrame name=""&SPECTRUM_CIRCLELOADER_SMALL_TRACK_COLOR;"" h=""0"" s=""0"" v=""0.29"" a=""1""/>"
AfterFXLib.dll,ascii,39249539,"      <KeyFrame name=""&SPECTRUM_CIRCLELOADER_SMALL_TRACK_FILL_COLOR;"" h=""212"" s=""0.77"" v=""0.94"" a=""1""/>"
AfterFXLib.dll,ascii,39249644,"      <KeyFrame name=""&SPECTRUM_CIRCLELOADER_SMALL_TRACK_COLOR_DISABLED;"" h=""0"" s=""0"" v=""0.29"" a=""1""/>"
AfterFXLib.dll,ascii,39249748,"      <KeyFrame name=""&SPECTRUM_CIRCLELOADER_SMALL_TRACK_FILL_COLOR_DISABLED;"" h=""0"" s=""0"" v=""0.29"" a=""1""/>"
AfterFXLib.dll,ascii,39249857,"      <KeyFrame name=""&SPECTRUM_CIRCLELOADER_SMALL_OVER_BACKGROUND_TEXT_COLOR;"" h=""0"" s=""0"" v=""1"" a=""1""/>"
AfterFXLib.dll,ascii,39249964,"      <KeyFrame name=""&SPECTRUM_CIRCLELOADER_SMALL_OVER_BACKGROUND_TRACK_COLOR;"" h=""0"" s=""0"" v=""1"" a=""0.2""/>"
AfterFXLib.dll,ascii,39250074,"      <KeyFrame name=""&SPECTRUM_CIRCLELOADER_SMALL_OVER_BACKGROUND_TRACK_FILL_COLOR;"" h=""0"" s=""0"" v=""1"" a=""1""/>"
AfterFXLib.dll,ascii,39250187,"      <KeyFrame name=""&SPECTRUM_CIRCLELOADER_SMALL_OVER_BACKGROUND_TRACK_COLOR_DISABLED;"" h=""0"" s=""0"" v=""1"" a=""0.2""/>"
AfterFXLib.dll,ascii,39250306,"      <KeyFrame name=""&SPECTRUM_CIRCLELOADER_SMALL_OVER_BACKGROUND_TRACK_FILL_COLOR_DISABLED;"" h=""0"" s=""0"" v=""0"" a=""0""/>"
AfterFXLib.dll,ascii,39299878,"      <KeyFrame name=""&SPECTRUM_LOADER_BAR_LARGE_TEXT_COLOR;"" h=""0"" s=""0"" v=""0.89"" a=""1""/>"
AfterFXLib.dll,ascii,39299970,"      <KeyFrame name=""&SPECTRUM_LOADER_BAR_LARGE_TRACK_COLOR;"" h=""0"" s=""0"" v=""0.29"" a=""1""/>"
AfterFXLib.dll,ascii,39300063,"      <KeyFrame name=""&SPECTRUM_LOADER_BAR_LARGE_TRACK_FILL_COLOR;"" h=""212"" s=""0.77"" v=""0.94"" a=""1""/>"
AfterFXLib.dll,ascii,39300166,"      <KeyFrame name=""&SPECTRUM_LOADER_BAR_LARGE_TRACK_COLOR_DISABLED;"" h=""0"" s=""0"" v=""0.29"" a=""1""/>"
AfterFXLib.dll,ascii,39300268,"      <KeyFrame name=""&SPECTRUM_LOADER_BAR_LARGE_TRACK_FILL_COLOR_DISABLED;"" h=""0"" s=""0"" v=""0.29"" a=""1""/>"
AfterFXLib.dll,ascii,39300375,"      <KeyFrame name=""&SPECTRUM_LOADER_BAR_LARGE_OVER_BACKGROUND_TEXT_COLOR;"" h=""0"" s=""0"" v=""1"" a=""1""/>"
AfterFXLib.dll,ascii,39300480,"      <KeyFrame name=""&SPECTRUM_LOADER_BAR_LARGE_OVER_BACKGROUND_TRACK_COLOR;"" h=""0"" s=""0"" v=""1"" a=""0.2""/>"
AfterFXLib.dll,ascii,39300588,"      <KeyFrame name=""&SPECTRUM_LOADER_BAR_LARGE_OVER_BACKGROUND_TRACK_FILL_COLOR;"" h=""0"" s=""0"" v=""1"" a=""1""/>"
AfterFXLib.dll,ascii,39300699,"      <KeyFrame name=""&SPECTRUM_LOADER_BAR_LARGE_OVER_BACKGROUND_TRACK_COLOR_DISABLED;"" h=""0"" s=""0"" v=""1"" a=""0.2""/>"
AfterFXLib.dll,ascii,39300816,"      <KeyFrame name=""&SPECTRUM_LOADER_BAR_LARGE_OVER_BACKGROUND_TRACK_FILL_COLOR_DISABLED;"" h=""0"" s=""0"" v=""0"" a=""0""/>"
AfterFXLib.dll,ascii,39300936,"      <KeyFrame name=""&SPECTRUM_LOADER_BAR_SMALL_TEXT_COLOR;"" h=""0"" s=""0"" v=""0.89"" a=""1""/>"
AfterFXLib.dll,ascii,39301028,"      <KeyFrame name=""&SPECTRUM_LOADER_BAR_SMALL_TRACK_COLOR;"" h=""0"" s=""0"" v=""0.29"" a=""1""/>"
AfterFXLib.dll,ascii,39301121,"      <KeyFrame name=""&SPECTRUM_LOADER_BAR_SMALL_TRACK_FILL_COLOR;"" h=""212"" s=""0.77"" v=""0.94"" a=""1""/>"
AfterFXLib.dll,ascii,39301224,"      <KeyFrame name=""&SPECTRUM_LOADER_BAR_SMALL_TRACK_COLOR_DISABLED;"" h=""0"" s=""0"" v=""0.29"" a=""1""/>"
AfterFXLib.dll,ascii,39301326,"      <KeyFrame name=""&SPECTRUM_LOADER_BAR_SMALL_TRACK_FILL_COLOR_DISABLED;"" h=""0"" s=""0"" v=""0.29"" a=""1""/>"
AfterFXLib.dll,ascii,39301433,"      <KeyFrame name=""&SPECTRUM_LOADER_BAR_SMALL_OVER_BACKGROUND_TEXT_COLOR;"" h=""0"" s=""0"" v=""1"" a=""1""/>"
AfterFXLib.dll,ascii,39301538,"      <KeyFrame name=""&SPECTRUM_LOADER_BAR_SMALL_OVER_BACKGROUND_TRACK_COLOR;"" h=""0"" s=""0"" v=""1"" a=""0.2""/>"
AfterFXLib.dll,ascii,39301646,"      <KeyFrame name=""&SPECTRUM_LOADER_BAR_SMALL_OVER_BACKGROUND_TRACK_FILL_COLOR;"" h=""0"" s=""0"" v=""1"" a=""1""/>"
AfterFXLib.dll,ascii,39301757,"      <KeyFrame name=""&SPECTRUM_LOADER_BAR_SMALL_OVER_BACKGROUND_TRACK_COLOR_DISABLED;"" h=""0"" s=""0"" v=""1"" a=""0.2""/>"
AfterFXLib.dll,ascii,39301874,"      <KeyFrame name=""&SPECTRUM_LOADER_BAR_SMALL_OVER_BACKGROUND_TRACK_FILL_COLOR_DISABLED;"" h=""0"" s=""0"" v=""0"" a=""0""/>"
AfterFXLib.dll,ascii,39301994,"      <KeyFrame name=""&SPECTRUM_LOADER_CIRCLE_LARGE_TEXT_COLOR;"" h=""0"" s=""0"" v=""0.89"" a=""1""/>"
AfterFXLib.dll,ascii,39302089,"      <KeyFrame name=""&SPECTRUM_LOADER_CIRCLE_LARGE_TRACK_COLOR;"" h=""0"" s=""0"" v=""0.29"" a=""1""/>"
AfterFXLib.dll,ascii,39302185,"      <KeyFrame name=""&SPECTRUM_LOADER_CIRCLE_LARGE_TRACK_FILL_COLOR;"" h=""212"" s=""0.77"" v=""0.94"" a=""1""/>"
AfterFXLib.dll,ascii,39302291,"      <KeyFrame name=""&SPECTRUM_LOADER_CIRCLE_LARGE_TRACK_COLOR_DISABLED;"" h=""0"" s=""0"" v=""0.29"" a=""1""/>"
AfterFXLib.dll,ascii,39302396,"      <KeyFrame name=""&SPECTRUM_LOADER_CIRCLE_LARGE_TRACK_FILL_COLOR_DISABLED;"" h=""0"" s=""0"" v=""0.29"" a=""1""/>"
AfterFXLib.dll,ascii,39302506,"      <KeyFrame name=""&SPECTRUM_LOADER_CIRCLE_LARGE_OVER_BACKGROUND_TEXT_COLOR;"" h=""0"" s=""0"" v=""1"" a=""1""/>"
AfterFXLib.dll,ascii,39302614,"      <KeyFrame name=""&SPECTRUM_LOADER_CIRCLE_LARGE_OVER_BACKGROUND_TRACK_COLOR;"" h=""0"" s=""0"" v=""1"" a=""0.2""/>"
AfterFXLib.dll,ascii,39302725,"      <KeyFrame name=""&SPECTRUM_LOADER_CIRCLE_LARGE_OVER_BACKGROUND_TRACK_FILL_COLOR;"" h=""0"" s=""0"" v=""1"" a=""1""/>"
AfterFXLib.dll,ascii,39302839,"      <KeyFrame name=""&SPECTRUM_LOADER_CIRCLE_LARGE_OVER_BACKGROUND_TRACK_COLOR_DISABLED;"" h=""0"" s=""0"" v=""1"" a=""0.2""/>"
AfterFXLib.dll,ascii,39302959,"      <KeyFrame name=""&SPECTRUM_LOADER_CIRCLE_LARGE_OVER_BACKGROUND_TRACK_FILL_COLOR_DISABLED;"" h=""0"" s=""0"" v=""0"" a=""0""/>"
AfterFXLib.dll,ascii,39303082,"      <KeyFrame name=""&SPECTRUM_LOADER_CIRCLE_MEDIUM_TEXT_COLOR;"" h=""0"" s=""0"" v=""0.89"" a=""1""/>"
AfterFXLib.dll,ascii,39303178,"      <KeyFrame name=""&SPECTRUM_LOADER_CIRCLE_MEDIUM_TRACK_COLOR;"" h=""0"" s=""0"" v=""0.29"" a=""1""/>"
AfterFXLib.dll,ascii,39303275,"      <KeyFrame name=""&SPECTRUM_LOADER_CIRCLE_MEDIUM_TRACK_FILL_COLOR;"" h=""212"" s=""0.77"" v=""0.94"" a=""1""/>"
AfterFXLib.dll,ascii,39303382,"      <KeyFrame name=""&SPECTRUM_LOADER_CIRCLE_MEDIUM_TRACK_COLOR_DISABLED;"" h=""0"" s=""0"" v=""0.29"" a=""1""/>"
AfterFXLib.dll,ascii,39303488,"      <KeyFrame name=""&SPECTRUM_LOADER_CIRCLE_MEDIUM_TRACK_FILL_COLOR_DISABLED;"" h=""0"" s=""0"" v=""0.29"" a=""1""/>"
AfterFXLib.dll,ascii,39303599,"      <KeyFrame name=""&SPECTRUM_LOADER_CIRCLE_MEDIUM_OVER_BACKGROUND_TEXT_COLOR;"" h=""0"" s=""0"" v=""1"" a=""1""/>"
AfterFXLib.dll,ascii,39303708,"      <KeyFrame name=""&SPECTRUM_LOADER_CIRCLE_MEDIUM_OVER_BACKGROUND_TRACK_COLOR;"" h=""0"" s=""0"" v=""1"" a=""0.2""/>"
AfterFXLib.dll,ascii,39303820,"      <KeyFrame name=""&SPECTRUM_LOADER_CIRCLE_MEDIUM_OVER_BACKGROUND_TRACK_FILL_COLOR;"" h=""0"" s=""0"" v=""1"" a=""1""/>"
AfterFXLib.dll,ascii,39303935,"      <KeyFrame name=""&SPECTRUM_LOADER_CIRCLE_MEDIUM_OVER_BACKGROUND_TRACK_COLOR_DISABLED;"" h=""0"" s=""0"" v=""1"" a=""0.2""/>"
AfterFXLib.dll,ascii,39304056,"      <KeyFrame name=""&SPECTRUM_LOADER_CIRCLE_MEDIUM_OVER_BACKGROUND_TRACK_FILL_COLOR_DISABLED;"" h=""0"" s=""0"" v=""0"" a=""0""/>"
AfterFXLib.dll,ascii,39304180,"      <KeyFrame name=""&SPECTRUM_LOADER_CIRCLE_SMALL_TEXT_COLOR;"" h=""0"" s=""0"" v=""0.89"" a=""1""/>"
AfterFXLib.dll,ascii,39304275,"      <KeyFrame name=""&SPECTRUM_LOADER_CIRCLE_SMALL_TRACK_COLOR;"" h=""0"" s=""0"" v=""0.29"" a=""1""/>"
AfterFXLib.dll,ascii,39304371,"      <KeyFrame name=""&SPECTRUM_LOADER_CIRCLE_SMALL_TRACK_FILL_COLOR;"" h=""212"" s=""0.77"" v=""0.94"" a=""1""/>"
AfterFXLib.dll,ascii,39304477,"      <KeyFrame name=""&SPECTRUM_LOADER_CIRCLE_SMALL_TRACK_COLOR_DISABLED;"" h=""0"" s=""0"" v=""0.29"" a=""1""/>"
AfterFXLib.dll,ascii,39304582,"      <KeyFrame name=""&SPECTRUM_LOADER_CIRCLE_SMALL_TRACK_FILL_COLOR_DISABLED;"" h=""0"" s=""0"" v=""0.29"" a=""1""/>"
AfterFXLib.dll,ascii,39304692,"      <KeyFrame name=""&SPECTRUM_LOADER_CIRCLE_SMALL_OVER_BACKGROUND_TEXT_COLOR;"" h=""0"" s=""0"" v=""1"" a=""1""/>"
AfterFXLib.dll,ascii,39304800,"      <KeyFrame name=""&SPECTRUM_LOADER_CIRCLE_SMALL_OVER_BACKGROUND_TRACK_COLOR;"" h=""0"" s=""0"" v=""1"" a=""0.2""/>"
AfterFXLib.dll,ascii,39304911,"      <KeyFrame name=""&SPECTRUM_LOADER_CIRCLE_SMALL_OVER_BACKGROUND_TRACK_FILL_COLOR;"" h=""0"" s=""0"" v=""1"" a=""1""/>"
AfterFXLib.dll,ascii,39305025,"      <KeyFrame name=""&SPECTRUM_LOADER_CIRCLE_SMALL_OVER_BACKGROUND_TRACK_COLOR_DISABLED;"" h=""0"" s=""0"" v=""1"" a=""0.2""/>"
AfterFXLib.dll,ascii,39305145,"      <KeyFrame name=""&SPECTRUM_LOADER_CIRCLE_SMALL_OVER_BACKGROUND_TRACK_FILL_COLOR_DISABLED;"" h=""0"" s=""0"" v=""0"" a=""0""/>"
AfterFXLib.dll,ascii,39524452,"      <KeyFrame name=""&SPECTRUM_ASSET_FOLDER_BACKGROUND_COLOR;"" h=""0"" s=""0"" v=""0.34"" a=""1""/>"
AfterFXLib.dll,ascii,39525278,"      <KeyFrame name=""&SPECTRUM_BARLOADER_LARGE_TEXT_COLOR;"" h=""0"" s=""0"" v=""0.96"" a=""1""/>"
AfterFXLib.dll,ascii,39525369,"      <KeyFrame name=""&SPECTRUM_BARLOADER_LARGE_TRACK_COLOR;"" h=""0"" s=""0"" v=""0.34"" a=""1""/>"
AfterFXLib.dll,ascii,39525461,"      <KeyFrame name=""&SPECTRUM_BARLOADER_LARGE_TRACK_FILL_COLOR;"" h=""211"" s=""0.69"" v=""0.96"" a=""1""/>"
AfterFXLib.dll,ascii,39525563,"      <KeyFrame name=""&SPECTRUM_BARLOADER_LARGE_TRACK_COLOR_DISABLED;"" h=""0"" s=""0"" v=""0.34"" a=""1""/>"
AfterFXLib.dll,ascii,39525664,"      <KeyFrame name=""&SPECTRUM_BARLOADER_LARGE_TRACK_FILL_COLOR_DISABLED;"" h=""0"" s=""0"" v=""0.34"" a=""1""/>"
AfterFXLib.dll,ascii,39525770,"      <KeyFrame name=""&SPECTRUM_BARLOADER_LARGE_INDETERMINATE_TEXT_COLOR;"" h=""0"" s=""0"" v=""0.96"" a=""1""/>"
AfterFXLib.dll,ascii,39525875,"      <KeyFrame name=""&SPECTRUM_BARLOADER_LARGE_INDETERMINATE_TRACK_COLOR;"" h=""0"" s=""0"" v=""0.34"" a=""1""/>"
AfterFXLib.dll,ascii,39525981,"      <KeyFrame name=""&SPECTRUM_BARLOADER_LARGE_INDETERMINATE_TRACK_FILL_COLOR;"" h=""211"" s=""0.69"" v=""0.96"" a=""1""/>"
AfterFXLib.dll,ascii,39526097,"      <KeyFrame name=""&SPECTRUM_BARLOADER_LARGE_INDETERMINATE_TRACK_COLOR_DISABLED;"" h=""0"" s=""0"" v=""0.34"" a=""1""/>"
AfterFXLib.dll,ascii,39526212,"      <KeyFrame name=""&SPECTRUM_BARLOADER_LARGE_INDETERMINATE_TRACK_FILL_COLOR_DISABLED;"" h=""0"" s=""0"" v=""0.34"" a=""1""/>"
AfterFXLib.dll,ascii,39526332,"      <KeyFrame name=""&SPECTRUM_BARLOADER_LARGE_OVER_BACKGROUND_TEXT_COLOR;"" h=""0"" s=""0"" v=""1"" a=""1""/>"
AfterFXLib.dll,ascii,39526436,"      <KeyFrame name=""&SPECTRUM_BARLOADER_LARGE_OVER_BACKGROUND_TRACK_COLOR;"" h=""0"" s=""0"" v=""1"" a=""0.2""/>"
AfterFXLib.dll,ascii,39526543,"      <KeyFrame name=""&SPECTRUM_BARLOADER_LARGE_OVER_BACKGROUND_TRACK_FILL_COLOR;"" h=""0"" s=""0"" v=""1"" a=""1""/>"
AfterFXLib.dll,ascii,39526653,"      <KeyFrame name=""&SPECTRUM_BARLOADER_LARGE_OVER_BACKGROUND_TRACK_COLOR_DISABLED;"" h=""0"" s=""0"" v=""1"" a=""0.2""/>"
AfterFXLib.dll,ascii,39526769,"      <KeyFrame name=""&SPECTRUM_BARLOADER_LARGE_OVER_BACKGROUND_TRACK_FILL_COLOR_DISABLED;"" h=""0"" s=""0"" v=""0"" a=""0""/>"
AfterFXLib.dll,ascii,39526888,"      <KeyFrame name=""&SPECTRUM_BARLOADER_SMALL_TEXT_COLOR;"" h=""0"" s=""0"" v=""0.96"" a=""1""/>"
AfterFXLib.dll,ascii,39526979,"      <KeyFrame name=""&SPECTRUM_BARLOADER_SMALL_TRACK_COLOR;"" h=""0"" s=""0"" v=""0.34"" a=""1""/>"
AfterFXLib.dll,ascii,39527071,"      <KeyFrame name=""&SPECTRUM_BARLOADER_SMALL_TRACK_FILL_COLOR;"" h=""211"" s=""0.69"" v=""0.96"" a=""1""/>"
AfterFXLib.dll,ascii,39527173,"      <KeyFrame name=""&SPECTRUM_BARLOADER_SMALL_TRACK_COLOR_DISABLED;"" h=""0"" s=""0"" v=""0.34"" a=""1""/>"
AfterFXLib.dll,ascii,39527274,"      <KeyFrame name=""&SPECTRUM_BARLOADER_SMALL_TRACK_FILL_COLOR_DISABLED;"" h=""0"" s=""0"" v=""0.34"" a=""1""/>"
AfterFXLib.dll,ascii,39527380,"      <KeyFrame name=""&SPECTRUM_BARLOADER_SMALL_INDETERMINATE_TEXT_COLOR;"" h=""0"" s=""0"" v=""0.96"" a=""1""/>"
AfterFXLib.dll,ascii,39527485,"      <KeyFrame name=""&SPECTRUM_BARLOADER_SMALL_INDETERMINATE_TRACK_COLOR;"" h=""0"" s=""0"" v=""0.34"" a=""1""/>"
AfterFXLib.dll,ascii,39527591,"      <KeyFrame name=""&SPECTRUM_BARLOADER_SMALL_INDETERMINATE_TRACK_FILL_COLOR;"" h=""211"" s=""0.69"" v=""0.96"" a=""1""/>"
AfterFXLib.dll,ascii,39527707,"      <KeyFrame name=""&SPECTRUM_BARLOADER_SMALL_INDETERMINATE_TRACK_COLOR_DISABLED;"" h=""0"" s=""0"" v=""0.34"" a=""1""/>"
AfterFXLib.dll,ascii,39527822,"      <KeyFrame name=""&SPECTRUM_BARLOADER_SMALL_INDETERMINATE_TRACK_FILL_COLOR_DISABLED;"" h=""0"" s=""0"" v=""0.34"" a=""1""/>"
AfterFXLib.dll,ascii,39527942,"      <KeyFrame name=""&SPECTRUM_BARLOADER_SMALL_OVER_BACKGROUND_TEXT_COLOR;"" h=""0"" s=""0"" v=""1"" a=""1""/>"
AfterFXLib.dll,ascii,39528046,"      <KeyFrame name=""&SPECTRUM_BARLOADER_SMALL_OVER_BACKGROUND_TRACK_COLOR;"" h=""0"" s=""0"" v=""1"" a=""0.2""/>"
AfterFXLib.dll,ascii,39528153,"      <KeyFrame name=""&SPECTRUM_BARLOADER_SMALL_OVER_BACKGROUND_TRACK_FILL_COLOR;"" h=""0"" s=""0"" v=""1"" a=""1""/>"
AfterFXLib.dll,ascii,39528263,"      <KeyFrame name=""&SPECTRUM_BARLOADER_SMALL_OVER_BACKGROUND_TRACK_COLOR_DISABLED;"" h=""0"" s=""0"" v=""1"" a=""0.2""/>"
AfterFXLib.dll,ascii,39528379,"      <KeyFrame name=""&SPECTRUM_BARLOADER_SMALL_OVER_BACKGROUND_TRACK_FILL_COLOR_DISABLED;"" h=""0"" s=""0"" v=""0"" a=""0""/>"
AfterFXLib.dll,ascii,39589310,"      <KeyFrame name=""&SPECTRUM_CIRCLELOADER_LARGE_TEXT_COLOR;"" h=""0"" s=""0"" v=""0.96"" a=""1""/>"
AfterFXLib.dll,ascii,39589404,"      <KeyFrame name=""&SPECTRUM_CIRCLELOADER_LARGE_TRACK_COLOR;"" h=""0"" s=""0"" v=""0.34"" a=""1""/>"
AfterFXLib.dll,ascii,39589499,"      <KeyFrame name=""&SPECTRUM_CIRCLELOADER_LARGE_TRACK_FILL_COLOR;"" h=""211"" s=""0.69"" v=""0.96"" a=""1""/>"
AfterFXLib.dll,ascii,39589604,"      <KeyFrame name=""&SPECTRUM_CIRCLELOADER_LARGE_TRACK_COLOR_DISABLED;"" h=""0"" s=""0"" v=""0.34"" a=""1""/>"
AfterFXLib.dll,ascii,39589708,"      <KeyFrame name=""&SPECTRUM_CIRCLELOADER_LARGE_TRACK_FILL_COLOR_DISABLED;"" h=""0"" s=""0"" v=""0.34"" a=""1""/>"
AfterFXLib.dll,ascii,39589817,"      <KeyFrame name=""&SPECTRUM_CIRCLELOADER_LARGE_OVER_BACKGROUND_TEXT_COLOR;"" h=""0"" s=""0"" v=""1"" a=""1""/>"
AfterFXLib.dll,ascii,39589924,"      <KeyFrame name=""&SPECTRUM_CIRCLELOADER_LARGE_OVER_BACKGROUND_TRACK_COLOR;"" h=""0"" s=""0"" v=""1"" a=""0.2""/>"
AfterFXLib.dll,ascii,39590034,"      <KeyFrame name=""&SPECTRUM_CIRCLELOADER_LARGE_OVER_BACKGROUND_TRACK_FILL_COLOR;"" h=""0"" s=""0"" v=""1"" a=""1""/>"
AfterFXLib.dll,ascii,39590147,"      <KeyFrame name=""&SPECTRUM_CIRCLELOADER_LARGE_OVER_BACKGROUND_TRACK_COLOR_DISABLED;"" h=""0"" s=""0"" v=""1"" a=""0.2""/>"
AfterFXLib.dll,ascii,39590266,"      <KeyFrame name=""&SPECTRUM_CIRCLELOADER_LARGE_OVER_BACKGROUND_TRACK_FILL_COLOR_DISABLED;"" h=""0"" s=""0"" v=""0"" a=""0""/>"
AfterFXLib.dll,ascii,39590388,"      <KeyFrame name=""&SPECTRUM_CIRCLELOADER_MEDIUM_TEXT_COLOR;"" h=""0"" s=""0"" v=""0.96"" a=""1""/>"
AfterFXLib.dll,ascii,39590483,"      <KeyFrame name=""&SPECTRUM_CIRCLELOADER_MEDIUM_TRACK_COLOR;"" h=""0"" s=""0"" v=""0.34"" a=""1""/>"
AfterFXLib.dll,ascii,39590579,"      <KeyFrame name=""&SPECTRUM_CIRCLELOADER_MEDIUM_TRACK_FILL_COLOR;"" h=""211"" s=""0.69"" v=""0.96"" a=""1""/>"
AfterFXLib.dll,ascii,39590685,"      <KeyFrame name=""&SPECTRUM_CIRCLELOADER_MEDIUM_TRACK_COLOR_DISABLED;"" h=""0"" s=""0"" v=""0.34"" a=""1""/>"
AfterFXLib.dll,ascii,39590790,"      <KeyFrame name=""&SPECTRUM_CIRCLELOADER_MEDIUM_TRACK_FILL_COLOR_DISABLED;"" h=""0"" s=""0"" v=""0.34"" a=""1""/>"
AfterFXLib.dll,ascii,39590900,"      <KeyFrame name=""&SPECTRUM_CIRCLELOADER_MEDIUM_OVER_BACKGROUND_TEXT_COLOR;"" h=""0"" s=""0"" v=""1"" a=""1""/>"
AfterFXLib.dll,ascii,39591008,"      <KeyFrame name=""&SPECTRUM_CIRCLELOADER_MEDIUM_OVER_BACKGROUND_TRACK_COLOR;"" h=""0"" s=""0"" v=""1"" a=""0.2""/>"
AfterFXLib.dll,ascii,39591119,"      <KeyFrame name=""&SPECTRUM_CIRCLELOADER_MEDIUM_OVER_BACKGROUND_TRACK_FILL_COLOR;"" h=""0"" s=""0"" v=""1"" a=""1""/>"
AfterFXLib.dll,ascii,39591233,"      <KeyFrame name=""&SPECTRUM_CIRCLELOADER_MEDIUM_OVER_BACKGROUND_TRACK_COLOR_DISABLED;"" h=""0"" s=""0"" v=""1"" a=""0.2""/>"
AfterFXLib.dll,ascii,39591353,"      <KeyFrame name=""&SPECTRUM_CIRCLELOADER_MEDIUM_OVER_BACKGROUND_TRACK_FILL_COLOR_DISABLED;"" h=""0"" s=""0"" v=""0"" a=""0""/>"
AfterFXLib.dll,ascii,39591476,"      <KeyFrame name=""&SPECTRUM_CIRCLELOADER_SMALL_TEXT_COLOR;"" h=""0"" s=""0"" v=""0.96"" a=""1""/>"
AfterFXLib.dll,ascii,39591570,"      <KeyFrame name=""&SPECTRUM_CIRCLELOADER_SMALL_TRACK_COLOR;"" h=""0"" s=""0"" v=""0.34"" a=""1""/>"
AfterFXLib.dll,ascii,39591665,"      <KeyFrame name=""&SPECTRUM_CIRCLELOADER_SMALL_TRACK_FILL_COLOR;"" h=""211"" s=""0.69"" v=""0.96"" a=""1""/>"
AfterFXLib.dll,ascii,39591770,"      <KeyFrame name=""&SPECTRUM_CIRCLELOADER_SMALL_TRACK_COLOR_DISABLED;"" h=""0"" s=""0"" v=""0.34"" a=""1""/>"
AfterFXLib.dll,ascii,39591874,"      <KeyFrame name=""&SPECTRUM_CIRCLELOADER_SMALL_TRACK_FILL_COLOR_DISABLED;"" h=""0"" s=""0"" v=""0.34"" a=""1""/>"
AfterFXLib.dll,ascii,39591983,"      <KeyFrame name=""&SPECTRUM_CIRCLELOADER_SMALL_OVER_BACKGROUND_TEXT_COLOR;"" h=""0"" s=""0"" v=""1"" a=""1""/>"
AfterFXLib.dll,ascii,39592090,"      <KeyFrame name=""&SPECTRUM_CIRCLELOADER_SMALL_OVER_BACKGROUND_TRACK_COLOR;"" h=""0"" s=""0"" v=""1"" a=""0.2""/>"
AfterFXLib.dll,ascii,39592200,"      <KeyFrame name=""&SPECTRUM_CIRCLELOADER_SMALL_OVER_BACKGROUND_TRACK_FILL_COLOR;"" h=""0"" s=""0"" v=""1"" a=""1""/>"
AfterFXLib.dll,ascii,39592313,"      <KeyFrame name=""&SPECTRUM_CIRCLELOADER_SMALL_OVER_BACKGROUND_TRACK_COLOR_DISABLED;"" h=""0"" s=""0"" v=""1"" a=""0.2""/>"
AfterFXLib.dll,ascii,39592432,"      <KeyFrame name=""&SPECTRUM_CIRCLELOADER_SMALL_OVER_BACKGROUND_TRACK_FILL_COLOR_DISABLED;"" h=""0"" s=""0"" v=""0"" a=""0""/>"
AfterFXLib.dll,ascii,39641845,"      <KeyFrame name=""&SPECTRUM_LOADER_BAR_LARGE_TEXT_COLOR;"" h=""0"" s=""0"" v=""0.96"" a=""1""/>"
AfterFXLib.dll,ascii,39641937,"      <KeyFrame name=""&SPECTRUM_LOADER_BAR_LARGE_TRACK_COLOR;"" h=""0"" s=""0"" v=""0.34"" a=""1""/>"
AfterFXLib.dll,ascii,39642030,"      <KeyFrame name=""&SPECTRUM_LOADER_BAR_LARGE_TRACK_FILL_COLOR;"" h=""211"" s=""0.69"" v=""0.96"" a=""1""/>"
AfterFXLib.dll,ascii,39642133,"      <KeyFrame name=""&SPECTRUM_LOADER_BAR_LARGE_TRACK_COLOR_DISABLED;"" h=""0"" s=""0"" v=""0.34"" a=""1""/>"
AfterFXLib.dll,ascii,39642235,"      <KeyFrame name=""&SPECTRUM_LOADER_BAR_LARGE_TRACK_FILL_COLOR_DISABLED;"" h=""0"" s=""0"" v=""0.34"" a=""1""/>"
AfterFXLib.dll,ascii,39642342,"      <KeyFrame name=""&SPECTRUM_LOADER_BAR_LARGE_OVER_BACKGROUND_TEXT_COLOR;"" h=""0"" s=""0"" v=""1"" a=""1""/>"
AfterFXLib.dll,ascii,39642447,"      <KeyFrame name=""&SPECTRUM_LOADER_BAR_LARGE_OVER_BACKGROUND_TRACK_COLOR;"" h=""0"" s=""0"" v=""1"" a=""0.2""/>"
AfterFXLib.dll,ascii,39642555,"      <KeyFrame name=""&SPECTRUM_LOADER_BAR_LARGE_OVER_BACKGROUND_TRACK_FILL_COLOR;"" h=""0"" s=""0"" v=""1"" a=""1""/>"
AfterFXLib.dll,ascii,39642666,"      <KeyFrame name=""&SPECTRUM_LOADER_BAR_LARGE_OVER_BACKGROUND_TRACK_COLOR_DISABLED;"" h=""0"" s=""0"" v=""1"" a=""0.2""/>"
AfterFXLib.dll,ascii,39642783,"      <KeyFrame name=""&SPECTRUM_LOADER_BAR_LARGE_OVER_BACKGROUND_TRACK_FILL_COLOR_DISABLED;"" h=""0"" s=""0"" v=""0"" a=""0""/>"
AfterFXLib.dll,ascii,39642903,"      <KeyFrame name=""&SPECTRUM_LOADER_BAR_SMALL_TEXT_COLOR;"" h=""0"" s=""0"" v=""0.96"" a=""1""/>"
AfterFXLib.dll,ascii,39642995,"      <KeyFrame name=""&SPECTRUM_LOADER_BAR_SMALL_TRACK_COLOR;"" h=""0"" s=""0"" v=""0.34"" a=""1""/>"
AfterFXLib.dll,ascii,39643088,"      <KeyFrame name=""&SPECTRUM_LOADER_BAR_SMALL_TRACK_FILL_COLOR;"" h=""211"" s=""0.69"" v=""0.96"" a=""1""/>"
AfterFXLib.dll,ascii,39643191,"      <KeyFrame name=""&SPECTRUM_LOADER_BAR_SMALL_TRACK_COLOR_DISABLED;"" h=""0"" s=""0"" v=""0.34"" a=""1""/>"
AfterFXLib.dll,ascii,39643293,"      <KeyFrame name=""&SPECTRUM_LOADER_BAR_SMALL_TRACK_FILL_COLOR_DISABLED;"" h=""0"" s=""0"" v=""0.34"" a=""1""/>"
AfterFXLib.dll,ascii,39643400,"      <KeyFrame name=""&SPECTRUM_LOADER_BAR_SMALL_OVER_BACKGROUND_TEXT_COLOR;"" h=""0"" s=""0"" v=""1"" a=""1""/>"
AfterFXLib.dll,ascii,39643505,"      <KeyFrame name=""&SPECTRUM_LOADER_BAR_SMALL_OVER_BACKGROUND_TRACK_COLOR;"" h=""0"" s=""0"" v=""1"" a=""0.2""/>"
AfterFXLib.dll,ascii,39643613,"      <KeyFrame name=""&SPECTRUM_LOADER_BAR_SMALL_OVER_BACKGROUND_TRACK_FILL_COLOR;"" h=""0"" s=""0"" v=""1"" a=""1""/>"
AfterFXLib.dll,ascii,39643724,"      <KeyFrame name=""&SPECTRUM_LOADER_BAR_SMALL_OVER_BACKGROUND_TRACK_COLOR_DISABLED;"" h=""0"" s=""0"" v=""1"" a=""0.2""/>"
AfterFXLib.dll,ascii,39643841,"      <KeyFrame name=""&SPECTRUM_LOADER_BAR_SMALL_OVER_BACKGROUND_TRACK_FILL_COLOR_DISABLED;"" h=""0"" s=""0"" v=""0"" a=""0""/>"
AfterFXLib.dll,ascii,39643961,"      <KeyFrame name=""&SPECTRUM_LOADER_CIRCLE_LARGE_TEXT_COLOR;"" h=""0"" s=""0"" v=""0.96"" a=""1""/>"
AfterFXLib.dll,ascii,39644056,"      <KeyFrame name=""&SPECTRUM_LOADER_CIRCLE_LARGE_TRACK_COLOR;"" h=""0"" s=""0"" v=""0.34"" a=""1""/>"
AfterFXLib.dll,ascii,39644152,"      <KeyFrame name=""&SPECTRUM_LOADER_CIRCLE_LARGE_TRACK_FILL_COLOR;"" h=""211"" s=""0.69"" v=""0.96"" a=""1""/>"
AfterFXLib.dll,ascii,39644258,"      <KeyFrame name=""&SPECTRUM_LOADER_CIRCLE_LARGE_TRACK_COLOR_DISABLED;"" h=""0"" s=""0"" v=""0.34"" a=""1""/>"
AfterFXLib.dll,ascii,39644363,"      <KeyFrame name=""&SPECTRUM_LOADER_CIRCLE_LARGE_TRACK_FILL_COLOR_DISABLED;"" h=""0"" s=""0"" v=""0.34"" a=""1""/>"
AfterFXLib.dll,ascii,39644473,"      <KeyFrame name=""&SPECTRUM_LOADER_CIRCLE_LARGE_OVER_BACKGROUND_TEXT_COLOR;"" h=""0"" s=""0"" v=""1"" a=""1""/>"
AfterFXLib.dll,ascii,39644581,"      <KeyFrame name=""&SPECTRUM_LOADER_CIRCLE_LARGE_OVER_BACKGROUND_TRACK_COLOR;"" h=""0"" s=""0"" v=""1"" a=""0.2""/>"
AfterFXLib.dll,ascii,39644692,"      <KeyFrame name=""&SPECTRUM_LOADER_CIRCLE_LARGE_OVER_BACKGROUND_TRACK_FILL_COLOR;"" h=""0"" s=""0"" v=""1"" a=""1""/>"
AfterFXLib.dll,ascii,39644806,"      <KeyFrame name=""&SPECTRUM_LOADER_CIRCLE_LARGE_OVER_BACKGROUND_TRACK_COLOR_DISABLED;"" h=""0"" s=""0"" v=""1"" a=""0.2""/>"
AfterFXLib.dll,ascii,39644926,"      <KeyFrame name=""&SPECTRUM_LOADER_CIRCLE_LARGE_OVER_BACKGROUND_TRACK_FILL_COLOR_DISABLED;"" h=""0"" s=""0"" v=""0"" a=""0""/>"
AfterFXLib.dll,ascii,39645049,"      <KeyFrame name=""&SPECTRUM_LOADER_CIRCLE_MEDIUM_TEXT_COLOR;"" h=""0"" s=""0"" v=""0.96"" a=""1""/>"
AfterFXLib.dll,ascii,39645145,"      <KeyFrame name=""&SPECTRUM_LOADER_CIRCLE_MEDIUM_TRACK_COLOR;"" h=""0"" s=""0"" v=""0.34"" a=""1""/>"
AfterFXLib.dll,ascii,39645242,"      <KeyFrame name=""&SPECTRUM_LOADER_CIRCLE_MEDIUM_TRACK_FILL_COLOR;"" h=""211"" s=""0.69"" v=""0.96"" a=""1""/>"
AfterFXLib.dll,ascii,39645349,"      <KeyFrame name=""&SPECTRUM_LOADER_CIRCLE_MEDIUM_TRACK_COLOR_DISABLED;"" h=""0"" s=""0"" v=""0.34"" a=""1""/>"
AfterFXLib.dll,ascii,39645455,"      <KeyFrame name=""&SPECTRUM_LOADER_CIRCLE_MEDIUM_TRACK_FILL_COLOR_DISABLED;"" h=""0"" s=""0"" v=""0.34"" a=""1""/>"
AfterFXLib.dll,ascii,39645566,"      <KeyFrame name=""&SPECTRUM_LOADER_CIRCLE_MEDIUM_OVER_BACKGROUND_TEXT_COLOR;"" h=""0"" s=""0"" v=""1"" a=""1""/>"
AfterFXLib.dll,ascii,39645675,"      <KeyFrame name=""&SPECTRUM_LOADER_CIRCLE_MEDIUM_OVER_BACKGROUND_TRACK_COLOR;"" h=""0"" s=""0"" v=""1"" a=""0.2""/>"
AfterFXLib.dll,ascii,39645787,"      <KeyFrame name=""&SPECTRUM_LOADER_CIRCLE_MEDIUM_OVER_BACKGROUND_TRACK_FILL_COLOR;"" h=""0"" s=""0"" v=""1"" a=""1""/>"
AfterFXLib.dll,ascii,39645902,"      <KeyFrame name=""&SPECTRUM_LOADER_CIRCLE_MEDIUM_OVER_BACKGROUND_TRACK_COLOR_DISABLED;"" h=""0"" s=""0"" v=""1"" a=""0.2""/>"
AfterFXLib.dll,ascii,39646023,"      <KeyFrame name=""&SPECTRUM_LOADER_CIRCLE_MEDIUM_OVER_BACKGROUND_TRACK_FILL_COLOR_DISABLED;"" h=""0"" s=""0"" v=""0"" a=""0""/>"
AfterFXLib.dll,ascii,39646147,"      <KeyFrame name=""&SPECTRUM_LOADER_CIRCLE_SMALL_TEXT_COLOR;"" h=""0"" s=""0"" v=""0.96"" a=""1""/>"
AfterFXLib.dll,ascii,39646242,"      <KeyFrame name=""&SPECTRUM_LOADER_CIRCLE_SMALL_TRACK_COLOR;"" h=""0"" s=""0"" v=""0.34"" a=""1""/>"
AfterFXLib.dll,ascii,39646338,"      <KeyFrame name=""&SPECTRUM_LOADER_CIRCLE_SMALL_TRACK_FILL_COLOR;"" h=""211"" s=""0.69"" v=""0.96"" a=""1""/>"
AfterFXLib.dll,ascii,39646444,"      <KeyFrame name=""&SPECTRUM_LOADER_CIRCLE_SMALL_TRACK_COLOR_DISABLED;"" h=""0"" s=""0"" v=""0.34"" a=""1""/>"
AfterFXLib.dll,ascii,39646549,"      <KeyFrame name=""&SPECTRUM_LOADER_CIRCLE_SMALL_TRACK_FILL_COLOR_DISABLED;"" h=""0"" s=""0"" v=""0.34"" a=""1""/>"
AfterFXLib.dll,ascii,39646659,"      <KeyFrame name=""&SPECTRUM_LOADER_CIRCLE_SMALL_OVER_BACKGROUND_TEXT_COLOR;"" h=""0"" s=""0"" v=""1"" a=""1""/>"
AfterFXLib.dll,ascii,39646767,"      <KeyFrame name=""&SPECTRUM_LOADER_CIRCLE_SMALL_OVER_BACKGROUND_TRACK_COLOR;"" h=""0"" s=""0"" v=""1"" a=""0.2""/>"
AfterFXLib.dll,ascii,39646878,"      <KeyFrame name=""&SPECTRUM_LOADER_CIRCLE_SMALL_OVER_BACKGROUND_TRACK_FILL_COLOR;"" h=""0"" s=""0"" v=""1"" a=""1""/>"
AfterFXLib.dll,ascii,39646992,"      <KeyFrame name=""&SPECTRUM_LOADER_CIRCLE_SMALL_OVER_BACKGROUND_TRACK_COLOR_DISABLED;"" h=""0"" s=""0"" v=""1"" a=""0.2""/>"
AfterFXLib.dll,ascii,39647112,"      <KeyFrame name=""&SPECTRUM_LOADER_CIRCLE_SMALL_OVER_BACKGROUND_TRACK_FILL_COLOR_DISABLED;"" h=""0"" s=""0"" v=""0"" a=""0""/>"
AfterFXLib.dll,ascii,39866287,"      <KeyFrame name=""&SPECTRUM_ASSET_FOLDER_BACKGROUND_COLOR;"" h=""0"" s=""0"" v=""0.79"" a=""1""/>"
AfterFXLib.dll,ascii,39867112,"      <KeyFrame name=""&SPECTRUM_BARLOADER_LARGE_TEXT_COLOR;"" h=""0"" s=""0"" v=""0.24"" a=""1""/>"
AfterFXLib.dll,ascii,39867203,"      <KeyFrame name=""&SPECTRUM_BARLOADER_LARGE_TRACK_COLOR;"" h=""0"" s=""0"" v=""0.79"" a=""1""/>"
AfterFXLib.dll,ascii,39867295,"      <KeyFrame name=""&SPECTRUM_BARLOADER_LARGE_TRACK_FILL_COLOR;"" h=""213"" s=""0.94"" v=""0.82"" a=""1""/>"
AfterFXLib.dll,ascii,39867397,"      <KeyFrame name=""&SPECTRUM_BARLOADER_LARGE_TRACK_COLOR_DISABLED;"" h=""0"" s=""0"" v=""0.79"" a=""1""/>"
AfterFXLib.dll,ascii,39867498,"      <KeyFrame name=""&SPECTRUM_BARLOADER_LARGE_TRACK_FILL_COLOR_DISABLED;"" h=""0"" s=""0"" v=""0.79"" a=""1""/>"
AfterFXLib.dll,ascii,39867604,"      <KeyFrame name=""&SPECTRUM_BARLOADER_LARGE_INDETERMINATE_TEXT_COLOR;"" h=""0"" s=""0"" v=""0.24"" a=""1""/>"
AfterFXLib.dll,ascii,39867709,"      <KeyFrame name=""&SPECTRUM_BARLOADER_LARGE_INDETERMINATE_TRACK_COLOR;"" h=""0"" s=""0"" v=""0.79"" a=""1""/>"
AfterFXLib.dll,ascii,39867815,"      <KeyFrame name=""&SPECTRUM_BARLOADER_LARGE_INDETERMINATE_TRACK_FILL_COLOR;"" h=""213"" s=""0.94"" v=""0.82"" a=""1""/>"
AfterFXLib.dll,ascii,39867931,"      <KeyFrame name=""&SPECTRUM_BARLOADER_LARGE_INDETERMINATE_TRACK_COLOR_DISABLED;"" h=""0"" s=""0"" v=""0.79"" a=""1""/>"
AfterFXLib.dll,ascii,39868046,"      <KeyFrame name=""&SPECTRUM_BARLOADER_LARGE_INDETERMINATE_TRACK_FILL_COLOR_DISABLED;"" h=""0"" s=""0"" v=""0.79"" a=""1""/>"
AfterFXLib.dll,ascii,39868166,"      <KeyFrame name=""&SPECTRUM_BARLOADER_LARGE_OVER_BACKGROUND_TEXT_COLOR;"" h=""0"" s=""0"" v=""1"" a=""1""/>"
AfterFXLib.dll,ascii,39868270,"      <KeyFrame name=""&SPECTRUM_BARLOADER_LARGE_OVER_BACKGROUND_TRACK_COLOR;"" h=""0"" s=""0"" v=""1"" a=""0.2""/>"
AfterFXLib.dll,ascii,39868377,"      <KeyFrame name=""&SPECTRUM_BARLOADER_LARGE_OVER_BACKGROUND_TRACK_FILL_COLOR;"" h=""0"" s=""0"" v=""1"" a=""1""/>"
AfterFXLib.dll,ascii,39868487,"      <KeyFrame name=""&SPECTRUM_BARLOADER_LARGE_OVER_BACKGROUND_TRACK_COLOR_DISABLED;"" h=""0"" s=""0"" v=""1"" a=""0.2""/>"
AfterFXLib.dll,ascii,39868603,"      <KeyFrame name=""&SPECTRUM_BARLOADER_LARGE_OVER_BACKGROUND_TRACK_FILL_COLOR_DISABLED;"" h=""0"" s=""0"" v=""0"" a=""0""/>"
AfterFXLib.dll,ascii,39868722,"      <KeyFrame name=""&SPECTRUM_BARLOADER_SMALL_TEXT_COLOR;"" h=""0"" s=""0"" v=""0.24"" a=""1""/>"
AfterFXLib.dll,ascii,39868813,"      <KeyFrame name=""&SPECTRUM_BARLOADER_SMALL_TRACK_COLOR;"" h=""0"" s=""0"" v=""0.79"" a=""1""/>"
AfterFXLib.dll,ascii,39868905,"      <KeyFrame name=""&SPECTRUM_BARLOADER_SMALL_TRACK_FILL_COLOR;"" h=""213"" s=""0.94"" v=""0.82"" a=""1""/>"
AfterFXLib.dll,ascii,39869007,"      <KeyFrame name=""&SPECTRUM_BARLOADER_SMALL_TRACK_COLOR_DISABLED;"" h=""0"" s=""0"" v=""0.79"" a=""1""/>"
AfterFXLib.dll,ascii,39869108,"      <KeyFrame name=""&SPECTRUM_BARLOADER_SMALL_TRACK_FILL_COLOR_DISABLED;"" h=""0"" s=""0"" v=""0.79"" a=""1""/>"
AfterFXLib.dll,ascii,39869214,"      <KeyFrame name=""&SPECTRUM_BARLOADER_SMALL_INDETERMINATE_TEXT_COLOR;"" h=""0"" s=""0"" v=""0.24"" a=""1""/>"
AfterFXLib.dll,ascii,39869319,"      <KeyFrame name=""&SPECTRUM_BARLOADER_SMALL_INDETERMINATE_TRACK_COLOR;"" h=""0"" s=""0"" v=""0.79"" a=""1""/>"
AfterFXLib.dll,ascii,39869425,"      <KeyFrame name=""&SPECTRUM_BARLOADER_SMALL_INDETERMINATE_TRACK_FILL_COLOR;"" h=""213"" s=""0.94"" v=""0.82"" a=""1""/>"
AfterFXLib.dll,ascii,39869541,"      <KeyFrame name=""&SPECTRUM_BARLOADER_SMALL_INDETERMINATE_TRACK_COLOR_DISABLED;"" h=""0"" s=""0"" v=""0.79"" a=""1""/>"
AfterFXLib.dll,ascii,39869656,"      <KeyFrame name=""&SPECTRUM_BARLOADER_SMALL_INDETERMINATE_TRACK_FILL_COLOR_DISABLED;"" h=""0"" s=""0"" v=""0.79"" a=""1""/>"
AfterFXLib.dll,ascii,39869776,"      <KeyFrame name=""&SPECTRUM_BARLOADER_SMALL_OVER_BACKGROUND_TEXT_COLOR;"" h=""0"" s=""0"" v=""1"" a=""1""/>"
AfterFXLib.dll,ascii,39869880,"      <KeyFrame name=""&SPECTRUM_BARLOADER_SMALL_OVER_BACKGROUND_TRACK_COLOR;"" h=""0"" s=""0"" v=""1"" a=""0.2""/>"
AfterFXLib.dll,ascii,39869987,"      <KeyFrame name=""&SPECTRUM_BARLOADER_SMALL_OVER_BACKGROUND_TRACK_FILL_COLOR;"" h=""0"" s=""0"" v=""1"" a=""1""/>"
AfterFXLib.dll,ascii,39870097,"      <KeyFrame name=""&SPECTRUM_BARLOADER_SMALL_OVER_BACKGROUND_TRACK_COLOR_DISABLED;"" h=""0"" s=""0"" v=""1"" a=""0.2""/>"
AfterFXLib.dll,ascii,39870213,"      <KeyFrame name=""&SPECTRUM_BARLOADER_SMALL_OVER_BACKGROUND_TRACK_FILL_COLOR_DISABLED;"" h=""0"" s=""0"" v=""0"" a=""0""/>"
AfterFXLib.dll,ascii,39931477,"      <KeyFrame name=""&SPECTRUM_CIRCLELOADER_LARGE_TEXT_COLOR;"" h=""0"" s=""0"" v=""0.24"" a=""1""/>"
AfterFXLib.dll,ascii,39931571,"      <KeyFrame name=""&SPECTRUM_CIRCLELOADER_LARGE_TRACK_COLOR;"" h=""0"" s=""0"" v=""0.79"" a=""1""/>"
AfterFXLib.dll,ascii,39931666,"      <KeyFrame name=""&SPECTRUM_CIRCLELOADER_LARGE_TRACK_FILL_COLOR;"" h=""213"" s=""0.94"" v=""0.82"" a=""1""/>"
AfterFXLib.dll,ascii,39931771,"      <KeyFrame name=""&SPECTRUM_CIRCLELOADER_LARGE_TRACK_COLOR_DISABLED;"" h=""0"" s=""0"" v=""0.79"" a=""1""/>"
AfterFXLib.dll,ascii,39931875,"      <KeyFrame name=""&SPECTRUM_CIRCLELOADER_LARGE_TRACK_FILL_COLOR_DISABLED;"" h=""0"" s=""0"" v=""0.79"" a=""1""/>"
AfterFXLib.dll,ascii,39931984,"      <KeyFrame name=""&SPECTRUM_CIRCLELOADER_LARGE_OVER_BACKGROUND_TEXT_COLOR;"" h=""0"" s=""0"" v=""1"" a=""1""/>"
AfterFXLib.dll,ascii,39932091,"      <KeyFrame name=""&SPECTRUM_CIRCLELOADER_LARGE_OVER_BACKGROUND_TRACK_COLOR;"" h=""0"" s=""0"" v=""1"" a=""0.2""/>"
AfterFXLib.dll,ascii,39932201,"      <KeyFrame name=""&SPECTRUM_CIRCLELOADER_LARGE_OVER_BACKGROUND_TRACK_FILL_COLOR;"" h=""0"" s=""0"" v=""1"" a=""1""/>"
AfterFXLib.dll,ascii,39932314,"      <KeyFrame name=""&SPECTRUM_CIRCLELOADER_LARGE_OVER_BACKGROUND_TRACK_COLOR_DISABLED;"" h=""0"" s=""0"" v=""1"" a=""0.2""/>"
AfterFXLib.dll,ascii,39932433,"      <KeyFrame name=""&SPECTRUM_CIRCLELOADER_LARGE_OVER_BACKGROUND_TRACK_FILL_COLOR_DISABLED;"" h=""0"" s=""0"" v=""0"" a=""0""/>"
AfterFXLib.dll,ascii,39932555,"      <KeyFrame name=""&SPECTRUM_CIRCLELOADER_MEDIUM_TEXT_COLOR;"" h=""0"" s=""0"" v=""0.24"" a=""1""/>"
AfterFXLib.dll,ascii,39932650,"      <KeyFrame name=""&SPECTRUM_CIRCLELOADER_MEDIUM_TRACK_COLOR;"" h=""0"" s=""0"" v=""0.79"" a=""1""/>"
AfterFXLib.dll,ascii,39932746,"      <KeyFrame name=""&SPECTRUM_CIRCLELOADER_MEDIUM_TRACK_FILL_COLOR;"" h=""213"" s=""0.94"" v=""0.82"" a=""1""/>"
AfterFXLib.dll,ascii,39932852,"      <KeyFrame name=""&SPECTRUM_CIRCLELOADER_MEDIUM_TRACK_COLOR_DISABLED;"" h=""0"" s=""0"" v=""0.79"" a=""1""/>"
AfterFXLib.dll,ascii,39932957,"      <KeyFrame name=""&SPECTRUM_CIRCLELOADER_MEDIUM_TRACK_FILL_COLOR_DISABLED;"" h=""0"" s=""0"" v=""0.79"" a=""1""/>"
AfterFXLib.dll,ascii,39933067,"      <KeyFrame name=""&SPECTRUM_CIRCLELOADER_MEDIUM_OVER_BACKGROUND_TEXT_COLOR;"" h=""0"" s=""0"" v=""1"" a=""1""/>"
AfterFXLib.dll,ascii,39933175,"      <KeyFrame name=""&SPECTRUM_CIRCLELOADER_MEDIUM_OVER_BACKGROUND_TRACK_COLOR;"" h=""0"" s=""0"" v=""1"" a=""0.2""/>"
AfterFXLib.dll,ascii,39933286,"      <KeyFrame name=""&SPECTRUM_CIRCLELOADER_MEDIUM_OVER_BACKGROUND_TRACK_FILL_COLOR;"" h=""0"" s=""0"" v=""1"" a=""1""/>"
AfterFXLib.dll,ascii,39933400,"      <KeyFrame name=""&SPECTRUM_CIRCLELOADER_MEDIUM_OVER_BACKGROUND_TRACK_COLOR_DISABLED;"" h=""0"" s=""0"" v=""1"" a=""0.2""/>"
AfterFXLib.dll,ascii,39933520,"      <KeyFrame name=""&SPECTRUM_CIRCLELOADER_MEDIUM_OVER_BACKGROUND_TRACK_FILL_COLOR_DISABLED;"" h=""0"" s=""0"" v=""0"" a=""0""/>"
AfterFXLib.dll,ascii,39933643,"      <KeyFrame name=""&SPECTRUM_CIRCLELOADER_SMALL_TEXT_COLOR;"" h=""0"" s=""0"" v=""0.24"" a=""1""/>"
AfterFXLib.dll,ascii,39933737,"      <KeyFrame name=""&SPECTRUM_CIRCLELOADER_SMALL_TRACK_COLOR;"" h=""0"" s=""0"" v=""0.79"" a=""1""/>"
AfterFXLib.dll,ascii,39933832,"      <KeyFrame name=""&SPECTRUM_CIRCLELOADER_SMALL_TRACK_FILL_COLOR;"" h=""213"" s=""0.94"" v=""0.82"" a=""1""/>"
AfterFXLib.dll,ascii,39933937,"      <KeyFrame name=""&SPECTRUM_CIRCLELOADER_SMALL_TRACK_COLOR_DISABLED;"" h=""0"" s=""0"" v=""0.79"" a=""1""/>"
AfterFXLib.dll,ascii,39934041,"      <KeyFrame name=""&SPECTRUM_CIRCLELOADER_SMALL_TRACK_FILL_COLOR_DISABLED;"" h=""0"" s=""0"" v=""0.79"" a=""1""/>"
AfterFXLib.dll,ascii,39934150,"      <KeyFrame name=""&SPECTRUM_CIRCLELOADER_SMALL_OVER_BACKGROUND_TEXT_COLOR;"" h=""0"" s=""0"" v=""1"" a=""1""/>"
AfterFXLib.dll,ascii,39934257,"      <KeyFrame name=""&SPECTRUM_CIRCLELOADER_SMALL_OVER_BACKGROUND_TRACK_COLOR;"" h=""0"" s=""0"" v=""1"" a=""0.2""/>"
AfterFXLib.dll,ascii,39934367,"      <KeyFrame name=""&SPECTRUM_CIRCLELOADER_SMALL_OVER_BACKGROUND_TRACK_FILL_COLOR;"" h=""0"" s=""0"" v=""1"" a=""1""/>"
AfterFXLib.dll,ascii,39934480,"      <KeyFrame name=""&SPECTRUM_CIRCLELOADER_SMALL_OVER_BACKGROUND_TRACK_COLOR_DISABLED;"" h=""0"" s=""0"" v=""1"" a=""0.2""/>"
AfterFXLib.dll,ascii,39934599,"      <KeyFrame name=""&SPECTRUM_CIRCLELOADER_SMALL_OVER_BACKGROUND_TRACK_FILL_COLOR_DISABLED;"" h=""0"" s=""0"" v=""0"" a=""0""/>"
AfterFXLib.dll,ascii,39984373,"      <KeyFrame name=""&SPECTRUM_LOADER_BAR_LARGE_TEXT_COLOR;"" h=""0"" s=""0"" v=""0.24"" a=""1""/>"
AfterFXLib.dll,ascii,39984465,"      <KeyFrame name=""&SPECTRUM_LOADER_BAR_LARGE_TRACK_COLOR;"" h=""0"" s=""0"" v=""0.79"" a=""1""/>"
AfterFXLib.dll,ascii,39984558,"      <KeyFrame name=""&SPECTRUM_LOADER_BAR_LARGE_TRACK_FILL_COLOR;"" h=""213"" s=""0.94"" v=""0.82"" a=""1""/>"
AfterFXLib.dll,ascii,39984661,"      <KeyFrame name=""&SPECTRUM_LOADER_BAR_LARGE_TRACK_COLOR_DISABLED;"" h=""0"" s=""0"" v=""0.79"" a=""1""/>"
AfterFXLib.dll,ascii,39984763,"      <KeyFrame name=""&SPECTRUM_LOADER_BAR_LARGE_TRACK_FILL_COLOR_DISABLED;"" h=""0"" s=""0"" v=""0.79"" a=""1""/>"
AfterFXLib.dll,ascii,39984870,"      <KeyFrame name=""&SPECTRUM_LOADER_BAR_LARGE_OVER_BACKGROUND_TEXT_COLOR;"" h=""0"" s=""0"" v=""1"" a=""1""/>"
AfterFXLib.dll,ascii,39984975,"      <KeyFrame name=""&SPECTRUM_LOADER_BAR_LARGE_OVER_BACKGROUND_TRACK_COLOR;"" h=""0"" s=""0"" v=""1"" a=""0.2""/>"
AfterFXLib.dll,ascii,39985083,"      <KeyFrame name=""&SPECTRUM_LOADER_BAR_LARGE_OVER_BACKGROUND_TRACK_FILL_COLOR;"" h=""0"" s=""0"" v=""1"" a=""1""/>"
AfterFXLib.dll,ascii,39985194,"      <KeyFrame name=""&SPECTRUM_LOADER_BAR_LARGE_OVER_BACKGROUND_TRACK_COLOR_DISABLED;"" h=""0"" s=""0"" v=""1"" a=""0.2""/>"
AfterFXLib.dll,ascii,39985311,"      <KeyFrame name=""&SPECTRUM_LOADER_BAR_LARGE_OVER_BACKGROUND_TRACK_FILL_COLOR_DISABLED;"" h=""0"" s=""0"" v=""0"" a=""0""/>"
AfterFXLib.dll,ascii,39985431,"      <KeyFrame name=""&SPECTRUM_LOADER_BAR_SMALL_TEXT_COLOR;"" h=""0"" s=""0"" v=""0.24"" a=""1""/>"
AfterFXLib.dll,ascii,39985523,"      <KeyFrame name=""&SPECTRUM_LOADER_BAR_SMALL_TRACK_COLOR;"" h=""0"" s=""0"" v=""0.79"" a=""1""/>"
AfterFXLib.dll,ascii,39985616,"      <KeyFrame name=""&SPECTRUM_LOADER_BAR_SMALL_TRACK_FILL_COLOR;"" h=""213"" s=""0.94"" v=""0.82"" a=""1""/>"
AfterFXLib.dll,ascii,39985719,"      <KeyFrame name=""&SPECTRUM_LOADER_BAR_SMALL_TRACK_COLOR_DISABLED;"" h=""0"" s=""0"" v=""0.79"" a=""1""/>"
AfterFXLib.dll,ascii,39985821,"      <KeyFrame name=""&SPECTRUM_LOADER_BAR_SMALL_TRACK_FILL_COLOR_DISABLED;"" h=""0"" s=""0"" v=""0.79"" a=""1""/>"
AfterFXLib.dll,ascii,39985928,"      <KeyFrame name=""&SPECTRUM_LOADER_BAR_SMALL_OVER_BACKGROUND_TEXT_COLOR;"" h=""0"" s=""0"" v=""1"" a=""1""/>"
AfterFXLib.dll,ascii,39986033,"      <KeyFrame name=""&SPECTRUM_LOADER_BAR_SMALL_OVER_BACKGROUND_TRACK_COLOR;"" h=""0"" s=""0"" v=""1"" a=""0.2""/>"
AfterFXLib.dll,ascii,39986141,"      <KeyFrame name=""&SPECTRUM_LOADER_BAR_SMALL_OVER_BACKGROUND_TRACK_FILL_COLOR;"" h=""0"" s=""0"" v=""1"" a=""1""/>"
AfterFXLib.dll,ascii,39986252,"      <KeyFrame name=""&SPECTRUM_LOADER_BAR_SMALL_OVER_BACKGROUND_TRACK_COLOR_DISABLED;"" h=""0"" s=""0"" v=""1"" a=""0.2""/>"
AfterFXLib.dll,ascii,39986369,"      <KeyFrame name=""&SPECTRUM_LOADER_BAR_SMALL_OVER_BACKGROUND_TRACK_FILL_COLOR_DISABLED;"" h=""0"" s=""0"" v=""0"" a=""0""/>"
AfterFXLib.dll,ascii,39986489,"      <KeyFrame name=""&SPECTRUM_LOADER_CIRCLE_LARGE_TEXT_COLOR;"" h=""0"" s=""0"" v=""0.24"" a=""1""/>"
AfterFXLib.dll,ascii,39986584,"      <KeyFrame name=""&SPECTRUM_LOADER_CIRCLE_LARGE_TRACK_COLOR;"" h=""0"" s=""0"" v=""0.79"" a=""1""/>"
AfterFXLib.dll,ascii,39986680,"      <KeyFrame name=""&SPECTRUM_LOADER_CIRCLE_LARGE_TRACK_FILL_COLOR;"" h=""213"" s=""0.94"" v=""0.82"" a=""1""/>"
AfterFXLib.dll,ascii,39986786,"      <KeyFrame name=""&SPECTRUM_LOADER_CIRCLE_LARGE_TRACK_COLOR_DISABLED;"" h=""0"" s=""0"" v=""0.79"" a=""1""/>"
AfterFXLib.dll,ascii,39986891,"      <KeyFrame name=""&SPECTRUM_LOADER_CIRCLE_LARGE_TRACK_FILL_COLOR_DISABLED;"" h=""0"" s=""0"" v=""0.79"" a=""1""/>"
AfterFXLib.dll,ascii,39987001,"      <KeyFrame name=""&SPECTRUM_LOADER_CIRCLE_LARGE_OVER_BACKGROUND_TEXT_COLOR;"" h=""0"" s=""0"" v=""1"" a=""1""/>"
AfterFXLib.dll,ascii,39987109,"      <KeyFrame name=""&SPECTRUM_LOADER_CIRCLE_LARGE_OVER_BACKGROUND_TRACK_COLOR;"" h=""0"" s=""0"" v=""1"" a=""0.2""/>"
AfterFXLib.dll,ascii,39987220,"      <KeyFrame name=""&SPECTRUM_LOADER_CIRCLE_LARGE_OVER_BACKGROUND_TRACK_FILL_COLOR;"" h=""0"" s=""0"" v=""1"" a=""1""/>"
AfterFXLib.dll,ascii,39987334,"      <KeyFrame name=""&SPECTRUM_LOADER_CIRCLE_LARGE_OVER_BACKGROUND_TRACK_COLOR_DISABLED;"" h=""0"" s=""0"" v=""1"" a=""0.2""/>"
AfterFXLib.dll,ascii,39987454,"      <KeyFrame name=""&SPECTRUM_LOADER_CIRCLE_LARGE_OVER_BACKGROUND_TRACK_FILL_COLOR_DISABLED;"" h=""0"" s=""0"" v=""0"" a=""0""/>"
AfterFXLib.dll,ascii,39987577,"      <KeyFrame name=""&SPECTRUM_LOADER_CIRCLE_MEDIUM_TEXT_COLOR;"" h=""0"" s=""0"" v=""0.24"" a=""1""/>"
AfterFXLib.dll,ascii,39987673,"      <KeyFrame name=""&SPECTRUM_LOADER_CIRCLE_MEDIUM_TRACK_COLOR;"" h=""0"" s=""0"" v=""0.79"" a=""1""/>"
AfterFXLib.dll,ascii,39987770,"      <KeyFrame name=""&SPECTRUM_LOADER_CIRCLE_MEDIUM_TRACK_FILL_COLOR;"" h=""213"" s=""0.94"" v=""0.82"" a=""1""/>"
AfterFXLib.dll,ascii,39987877,"      <KeyFrame name=""&SPECTRUM_LOADER_CIRCLE_MEDIUM_TRACK_COLOR_DISABLED;"" h=""0"" s=""0"" v=""0.79"" a=""1""/>"
AfterFXLib.dll,ascii,39987983,"      <KeyFrame name=""&SPECTRUM_LOADER_CIRCLE_MEDIUM_TRACK_FILL_COLOR_DISABLED;"" h=""0"" s=""0"" v=""0.79"" a=""1""/>"
AfterFXLib.dll,ascii,39988094,"      <KeyFrame name=""&SPECTRUM_LOADER_CIRCLE_MEDIUM_OVER_BACKGROUND_TEXT_COLOR;"" h=""0"" s=""0"" v=""1"" a=""1""/>"
AfterFXLib.dll,ascii,39988203,"      <KeyFrame name=""&SPECTRUM_LOADER_CIRCLE_MEDIUM_OVER_BACKGROUND_TRACK_COLOR;"" h=""0"" s=""0"" v=""1"" a=""0.2""/>"
AfterFXLib.dll,ascii,39988315,"      <KeyFrame name=""&SPECTRUM_LOADER_CIRCLE_MEDIUM_OVER_BACKGROUND_TRACK_FILL_COLOR;"" h=""0"" s=""0"" v=""1"" a=""1""/>"
AfterFXLib.dll,ascii,39988430,"      <KeyFrame name=""&SPECTRUM_LOADER_CIRCLE_MEDIUM_OVER_BACKGROUND_TRACK_COLOR_DISABLED;"" h=""0"" s=""0"" v=""1"" a=""0.2""/>"
AfterFXLib.dll,ascii,39988551,"      <KeyFrame name=""&SPECTRUM_LOADER_CIRCLE_MEDIUM_OVER_BACKGROUND_TRACK_FILL_COLOR_DISABLED;"" h=""0"" s=""0"" v=""0"" a=""0""/>"
AfterFXLib.dll,ascii,39988675,"      <KeyFrame name=""&SPECTRUM_LOADER_CIRCLE_SMALL_TEXT_COLOR;"" h=""0"" s=""0"" v=""0.24"" a=""1""/>"
AfterFXLib.dll,ascii,39988770,"      <KeyFrame name=""&SPECTRUM_LOADER_CIRCLE_SMALL_TRACK_COLOR;"" h=""0"" s=""0"" v=""0.79"" a=""1""/>"
AfterFXLib.dll,ascii,39988866,"      <KeyFrame name=""&SPECTRUM_LOADER_CIRCLE_SMALL_TRACK_FILL_COLOR;"" h=""213"" s=""0.94"" v=""0.82"" a=""1""/>"
AfterFXLib.dll,ascii,39988972,"      <KeyFrame name=""&SPECTRUM_LOADER_CIRCLE_SMALL_TRACK_COLOR_DISABLED;"" h=""0"" s=""0"" v=""0.79"" a=""1""/>"
AfterFXLib.dll,ascii,39989077,"      <KeyFrame name=""&SPECTRUM_LOADER_CIRCLE_SMALL_TRACK_FILL_COLOR_DISABLED;"" h=""0"" s=""0"" v=""0.79"" a=""1""/>"
AfterFXLib.dll,ascii,39989187,"      <KeyFrame name=""&SPECTRUM_LOADER_CIRCLE_SMALL_OVER_BACKGROUND_TEXT_COLOR;"" h=""0"" s=""0"" v=""1"" a=""1""/>"
AfterFXLib.dll,ascii,39989295,"      <KeyFrame name=""&SPECTRUM_LOADER_CIRCLE_SMALL_OVER_BACKGROUND_TRACK_COLOR;"" h=""0"" s=""0"" v=""1"" a=""0.2""/>"
AfterFXLib.dll,ascii,39989406,"      <KeyFrame name=""&SPECTRUM_LOADER_CIRCLE_SMALL_OVER_BACKGROUND_TRACK_FILL_COLOR;"" h=""0"" s=""0"" v=""1"" a=""1""/>"
AfterFXLib.dll,ascii,39989520,"      <KeyFrame name=""&SPECTRUM_LOADER_CIRCLE_SMALL_OVER_BACKGROUND_TRACK_COLOR_DISABLED;"" h=""0"" s=""0"" v=""1"" a=""0.2""/>"
AfterFXLib.dll,ascii,39989640,"      <KeyFrame name=""&SPECTRUM_LOADER_CIRCLE_SMALL_OVER_BACKGROUND_TRACK_FILL_COLOR_DISABLED;"" h=""0"" s=""0"" v=""0"" a=""0""/>"
AfterFXLib.dll,ascii,40210132,"      <KeyFrame name=""&SPECTRUM_ASSET_FOLDER_BACKGROUND_COLOR;"" h=""0"" s=""0"" v=""0.88"" a=""1""/>"
AfterFXLib.dll,ascii,40210953,"      <KeyFrame name=""&SPECTRUM_BARLOADER_LARGE_TEXT_COLOR;"" h=""0"" s=""0"" v=""0.29"" a=""1""/>"
AfterFXLib.dll,ascii,40211044,"      <KeyFrame name=""&SPECTRUM_BARLOADER_LARGE_TRACK_COLOR;"" h=""0"" s=""0"" v=""0.88"" a=""1""/>"
AfterFXLib.dll,ascii,40211136,"      <KeyFrame name=""&SPECTRUM_BARLOADER_LARGE_TRACK_FILL_COLOR;"" h=""213"" s=""0.91"" v=""0.9"" a=""1""/>"
AfterFXLib.dll,ascii,40211237,"      <KeyFrame name=""&SPECTRUM_BARLOADER_LARGE_TRACK_COLOR_DISABLED;"" h=""0"" s=""0"" v=""0.88"" a=""1""/>"
AfterFXLib.dll,ascii,40211338,"      <KeyFrame name=""&SPECTRUM_BARLOADER_LARGE_TRACK_FILL_COLOR_DISABLED;"" h=""0"" s=""0"" v=""0.88"" a=""1""/>"
AfterFXLib.dll,ascii,40211444,"      <KeyFrame name=""&SPECTRUM_BARLOADER_LARGE_INDETERMINATE_TEXT_COLOR;"" h=""0"" s=""0"" v=""0.29"" a=""1""/>"
AfterFXLib.dll,ascii,40211549,"      <KeyFrame name=""&SPECTRUM_BARLOADER_LARGE_INDETERMINATE_TRACK_COLOR;"" h=""0"" s=""0"" v=""0.88"" a=""1""/>"
AfterFXLib.dll,ascii,40211655,"      <KeyFrame name=""&SPECTRUM_BARLOADER_LARGE_INDETERMINATE_TRACK_FILL_COLOR;"" h=""213"" s=""0.91"" v=""0.9"" a=""1""/>"
AfterFXLib.dll,ascii,40211770,"      <KeyFrame name=""&SPECTRUM_BARLOADER_LARGE_INDETERMINATE_TRACK_COLOR_DISABLED;"" h=""0"" s=""0"" v=""0.88"" a=""1""/>"
AfterFXLib.dll,ascii,40211885,"      <KeyFrame name=""&SPECTRUM_BARLOADER_LARGE_INDETERMINATE_TRACK_FILL_COLOR_DISABLED;"" h=""0"" s=""0"" v=""0.88"" a=""1""/>"
AfterFXLib.dll,ascii,40212005,"      <KeyFrame name=""&SPECTRUM_BARLOADER_LARGE_OVER_BACKGROUND_TEXT_COLOR;"" h=""0"" s=""0"" v=""1"" a=""1""/>"
AfterFXLib.dll,ascii,40212109,"      <KeyFrame name=""&SPECTRUM_BARLOADER_LARGE_OVER_BACKGROUND_TRACK_COLOR;"" h=""0"" s=""0"" v=""1"" a=""0.2""/>"
AfterFXLib.dll,ascii,40212216,"      <KeyFrame name=""&SPECTRUM_BARLOADER_LARGE_OVER_BACKGROUND_TRACK_FILL_COLOR;"" h=""0"" s=""0"" v=""1"" a=""1""/>"
AfterFXLib.dll,ascii,40212326,"      <KeyFrame name=""&SPECTRUM_BARLOADER_LARGE_OVER_BACKGROUND_TRACK_COLOR_DISABLED;"" h=""0"" s=""0"" v=""1"" a=""0.2""/>"
AfterFXLib.dll,ascii,40212442,"      <KeyFrame name=""&SPECTRUM_BARLOADER_LARGE_OVER_BACKGROUND_TRACK_FILL_COLOR_DISABLED;"" h=""0"" s=""0"" v=""0"" a=""0""/>"
AfterFXLib.dll,ascii,40212561,"      <KeyFrame name=""&SPECTRUM_BARLOADER_SMALL_TEXT_COLOR;"" h=""0"" s=""0"" v=""0.29"" a=""1""/>"
AfterFXLib.dll,ascii,40212652,"      <KeyFrame name=""&SPECTRUM_BARLOADER_SMALL_TRACK_COLOR;"" h=""0"" s=""0"" v=""0.88"" a=""1""/>"
AfterFXLib.dll,ascii,40212744,"      <KeyFrame name=""&SPECTRUM_BARLOADER_SMALL_TRACK_FILL_COLOR;"" h=""213"" s=""0.91"" v=""0.9"" a=""1""/>"
AfterFXLib.dll,ascii,40212845,"      <KeyFrame name=""&SPECTRUM_BARLOADER_SMALL_TRACK_COLOR_DISABLED;"" h=""0"" s=""0"" v=""0.88"" a=""1""/>"
AfterFXLib.dll,ascii,40212946,"      <KeyFrame name=""&SPECTRUM_BARLOADER_SMALL_TRACK_FILL_COLOR_DISABLED;"" h=""0"" s=""0"" v=""0.88"" a=""1""/>"
AfterFXLib.dll,ascii,40213052,"      <KeyFrame name=""&SPECTRUM_BARLOADER_SMALL_INDETERMINATE_TEXT_COLOR;"" h=""0"" s=""0"" v=""0.29"" a=""1""/>"
AfterFXLib.dll,ascii,40213157,"      <KeyFrame name=""&SPECTRUM_BARLOADER_SMALL_INDETERMINATE_TRACK_COLOR;"" h=""0"" s=""0"" v=""0.88"" a=""1""/>"
AfterFXLib.dll,ascii,40213263,"      <KeyFrame name=""&SPECTRUM_BARLOADER_SMALL_INDETERMINATE_TRACK_FILL_COLOR;"" h=""213"" s=""0.91"" v=""0.9"" a=""1""/>"
AfterFXLib.dll,ascii,40213378,"      <KeyFrame name=""&SPECTRUM_BARLOADER_SMALL_INDETERMINATE_TRACK_COLOR_DISABLED;"" h=""0"" s=""0"" v=""0.88"" a=""1""/>"
AfterFXLib.dll,ascii,40213493,"      <KeyFrame name=""&SPECTRUM_BARLOADER_SMALL_INDETERMINATE_TRACK_FILL_COLOR_DISABLED;"" h=""0"" s=""0"" v=""0.88"" a=""1""/>"
AfterFXLib.dll,ascii,40213613,"      <KeyFrame name=""&SPECTRUM_BARLOADER_SMALL_OVER_BACKGROUND_TEXT_COLOR;"" h=""0"" s=""0"" v=""1"" a=""1""/>"
AfterFXLib.dll,ascii,40213717,"      <KeyFrame name=""&SPECTRUM_BARLOADER_SMALL_OVER_BACKGROUND_TRACK_COLOR;"" h=""0"" s=""0"" v=""1"" a=""0.2""/>"
AfterFXLib.dll,ascii,40213824,"      <KeyFrame name=""&SPECTRUM_BARLOADER_SMALL_OVER_BACKGROUND_TRACK_FILL_COLOR;"" h=""0"" s=""0"" v=""1"" a=""1""/>"
AfterFXLib.dll,ascii,40213934,"      <KeyFrame name=""&SPECTRUM_BARLOADER_SMALL_OVER_BACKGROUND_TRACK_COLOR_DISABLED;"" h=""0"" s=""0"" v=""1"" a=""0.2""/>"
AfterFXLib.dll,ascii,40214050,"      <KeyFrame name=""&SPECTRUM_BARLOADER_SMALL_OVER_BACKGROUND_TRACK_FILL_COLOR_DISABLED;"" h=""0"" s=""0"" v=""0"" a=""0""/>"
AfterFXLib.dll,ascii,40275303,"      <KeyFrame name=""&SPECTRUM_CIRCLELOADER_LARGE_TEXT_COLOR;"" h=""0"" s=""0"" v=""0.29"" a=""1""/>"
AfterFXLib.dll,ascii,40275397,"      <KeyFrame name=""&SPECTRUM_CIRCLELOADER_LARGE_TRACK_COLOR;"" h=""0"" s=""0"" v=""0.88"" a=""1""/>"
AfterFXLib.dll,ascii,40275492,"      <KeyFrame name=""&SPECTRUM_CIRCLELOADER_LARGE_TRACK_FILL_COLOR;"" h=""213"" s=""0.91"" v=""0.9"" a=""1""/>"
AfterFXLib.dll,ascii,40275596,"      <KeyFrame name=""&SPECTRUM_CIRCLELOADER_LARGE_TRACK_COLOR_DISABLED;"" h=""0"" s=""0"" v=""0.88"" a=""1""/>"
AfterFXLib.dll,ascii,40275700,"      <KeyFrame name=""&SPECTRUM_CIRCLELOADER_LARGE_TRACK_FILL_COLOR_DISABLED;"" h=""0"" s=""0"" v=""0.88"" a=""1""/>"
AfterFXLib.dll,ascii,40275809,"      <KeyFrame name=""&SPECTRUM_CIRCLELOADER_LARGE_OVER_BACKGROUND_TEXT_COLOR;"" h=""0"" s=""0"" v=""1"" a=""1""/>"
AfterFXLib.dll,ascii,40275916,"      <KeyFrame name=""&SPECTRUM_CIRCLELOADER_LARGE_OVER_BACKGROUND_TRACK_COLOR;"" h=""0"" s=""0"" v=""1"" a=""0.2""/>"
AfterFXLib.dll,ascii,40276026,"      <KeyFrame name=""&SPECTRUM_CIRCLELOADER_LARGE_OVER_BACKGROUND_TRACK_FILL_COLOR;"" h=""0"" s=""0"" v=""1"" a=""1""/>"
AfterFXLib.dll,ascii,40276139,"      <KeyFrame name=""&SPECTRUM_CIRCLELOADER_LARGE_OVER_BACKGROUND_TRACK_COLOR_DISABLED;"" h=""0"" s=""0"" v=""1"" a=""0.2""/>"
AfterFXLib.dll,ascii,40276258,"      <KeyFrame name=""&SPECTRUM_CIRCLELOADER_LARGE_OVER_BACKGROUND_TRACK_FILL_COLOR_DISABLED;"" h=""0"" s=""0"" v=""0"" a=""0""/>"
AfterFXLib.dll,ascii,40276380,"      <KeyFrame name=""&SPECTRUM_CIRCLELOADER_MEDIUM_TEXT_COLOR;"" h=""0"" s=""0"" v=""0.29"" a=""1""/>"
AfterFXLib.dll,ascii,40276475,"      <KeyFrame name=""&SPECTRUM_CIRCLELOADER_MEDIUM_TRACK_COLOR;"" h=""0"" s=""0"" v=""0.88"" a=""1""/>"
AfterFXLib.dll,ascii,40276571,"      <KeyFrame name=""&SPECTRUM_CIRCLELOADER_MEDIUM_TRACK_FILL_COLOR;"" h=""213"" s=""0.91"" v=""0.9"" a=""1""/>"
AfterFXLib.dll,ascii,40276676,"      <KeyFrame name=""&SPECTRUM_CIRCLELOADER_MEDIUM_TRACK_COLOR_DISABLED;"" h=""0"" s=""0"" v=""0.88"" a=""1""/>"
AfterFXLib.dll,ascii,40276781,"      <KeyFrame name=""&SPECTRUM_CIRCLELOADER_MEDIUM_TRACK_FILL_COLOR_DISABLED;"" h=""0"" s=""0"" v=""0.88"" a=""1""/>"
AfterFXLib.dll,ascii,40276891,"      <KeyFrame name=""&SPECTRUM_CIRCLELOADER_MEDIUM_OVER_BACKGROUND_TEXT_COLOR;"" h=""0"" s=""0"" v=""1"" a=""1""/>"
AfterFXLib.dll,ascii,40276999,"      <KeyFrame name=""&SPECTRUM_CIRCLELOADER_MEDIUM_OVER_BACKGROUND_TRACK_COLOR;"" h=""0"" s=""0"" v=""1"" a=""0.2""/>"
AfterFXLib.dll,ascii,40277110,"      <KeyFrame name=""&SPECTRUM_CIRCLELOADER_MEDIUM_OVER_BACKGROUND_TRACK_FILL_COLOR;"" h=""0"" s=""0"" v=""1"" a=""1""/>"
AfterFXLib.dll,ascii,40277224,"      <KeyFrame name=""&SPECTRUM_CIRCLELOADER_MEDIUM_OVER_BACKGROUND_TRACK_COLOR_DISABLED;"" h=""0"" s=""0"" v=""1"" a=""0.2""/>"
AfterFXLib.dll,ascii,40277344,"      <KeyFrame name=""&SPECTRUM_CIRCLELOADER_MEDIUM_OVER_BACKGROUND_TRACK_FILL_COLOR_DISABLED;"" h=""0"" s=""0"" v=""0"" a=""0""/>"
AfterFXLib.dll,ascii,40277467,"      <KeyFrame name=""&SPECTRUM_CIRCLELOADER_SMALL_TEXT_COLOR;"" h=""0"" s=""0"" v=""0.29"" a=""1""/>"
AfterFXLib.dll,ascii,40277561,"      <KeyFrame name=""&SPECTRUM_CIRCLELOADER_SMALL_TRACK_COLOR;"" h=""0"" s=""0"" v=""0.88"" a=""1""/>"
AfterFXLib.dll,ascii,40277656,"      <KeyFrame name=""&SPECTRUM_CIRCLELOADER_SMALL_TRACK_FILL_COLOR;"" h=""213"" s=""0.91"" v=""0.9"" a=""1""/>"
AfterFXLib.dll,ascii,40277760,"      <KeyFrame name=""&SPECTRUM_CIRCLELOADER_SMALL_TRACK_COLOR_DISABLED;"" h=""0"" s=""0"" v=""0.88"" a=""1""/>"
AfterFXLib.dll,ascii,40277864,"      <KeyFrame name=""&SPECTRUM_CIRCLELOADER_SMALL_TRACK_FILL_COLOR_DISABLED;"" h=""0"" s=""0"" v=""0.88"" a=""1""/>"
AfterFXLib.dll,ascii,40277973,"      <KeyFrame name=""&SPECTRUM_CIRCLELOADER_SMALL_OVER_BACKGROUND_TEXT_COLOR;"" h=""0"" s=""0"" v=""1"" a=""1""/>"
AfterFXLib.dll,ascii,40278080,"      <KeyFrame name=""&SPECTRUM_CIRCLELOADER_SMALL_OVER_BACKGROUND_TRACK_COLOR;"" h=""0"" s=""0"" v=""1"" a=""0.2""/>"
AfterFXLib.dll,ascii,40278190,"      <KeyFrame name=""&SPECTRUM_CIRCLELOADER_SMALL_OVER_BACKGROUND_TRACK_FILL_COLOR;"" h=""0"" s=""0"" v=""1"" a=""1""/>"
AfterFXLib.dll,ascii,40278303,"      <KeyFrame name=""&SPECTRUM_CIRCLELOADER_SMALL_OVER_BACKGROUND_TRACK_COLOR_DISABLED;"" h=""0"" s=""0"" v=""1"" a=""0.2""/>"
AfterFXLib.dll,ascii,40278422,"      <KeyFrame name=""&SPECTRUM_CIRCLELOADER_SMALL_OVER_BACKGROUND_TRACK_FILL_COLOR_DISABLED;"" h=""0"" s=""0"" v=""0"" a=""0""/>"
AfterFXLib.dll,ascii,40328299,"      <KeyFrame name=""&SPECTRUM_LOADER_BAR_LARGE_TEXT_COLOR;"" h=""0"" s=""0"" v=""0.29"" a=""1""/>"
AfterFXLib.dll,ascii,40328391,"      <KeyFrame name=""&SPECTRUM_LOADER_BAR_LARGE_TRACK_COLOR;"" h=""0"" s=""0"" v=""0.88"" a=""1""/>"
AfterFXLib.dll,ascii,40328484,"      <KeyFrame name=""&SPECTRUM_LOADER_BAR_LARGE_TRACK_FILL_COLOR;"" h=""213"" s=""0.91"" v=""0.9"" a=""1""/>"
AfterFXLib.dll,ascii,40328586,"      <KeyFrame name=""&SPECTRUM_LOADER_BAR_LARGE_TRACK_COLOR_DISABLED;"" h=""0"" s=""0"" v=""0.88"" a=""1""/>"
AfterFXLib.dll,ascii,40328688,"      <KeyFrame name=""&SPECTRUM_LOADER_BAR_LARGE_TRACK_FILL_COLOR_DISABLED;"" h=""0"" s=""0"" v=""0.88"" a=""1""/>"
AfterFXLib.dll,ascii,40328795,"      <KeyFrame name=""&SPECTRUM_LOADER_BAR_LARGE_OVER_BACKGROUND_TEXT_COLOR;"" h=""0"" s=""0"" v=""1"" a=""1""/>"
AfterFXLib.dll,ascii,40328900,"      <KeyFrame name=""&SPECTRUM_LOADER_BAR_LARGE_OVER_BACKGROUND_TRACK_COLOR;"" h=""0"" s=""0"" v=""1"" a=""0.2""/>"
AfterFXLib.dll,ascii,40329008,"      <KeyFrame name=""&SPECTRUM_LOADER_BAR_LARGE_OVER_BACKGROUND_TRACK_FILL_COLOR;"" h=""0"" s=""0"" v=""1"" a=""1""/>"
AfterFXLib.dll,ascii,40329119,"      <KeyFrame name=""&SPECTRUM_LOADER_BAR_LARGE_OVER_BACKGROUND_TRACK_COLOR_DISABLED;"" h=""0"" s=""0"" v=""1"" a=""0.2""/>"
AfterFXLib.dll,ascii,40329236,"      <KeyFrame name=""&SPECTRUM_LOADER_BAR_LARGE_OVER_BACKGROUND_TRACK_FILL_COLOR_DISABLED;"" h=""0"" s=""0"" v=""0"" a=""0""/>"
AfterFXLib.dll,ascii,40329356,"      <KeyFrame name=""&SPECTRUM_LOADER_BAR_SMALL_TEXT_COLOR;"" h=""0"" s=""0"" v=""0.29"" a=""1""/>"
AfterFXLib.dll,ascii,40329448,"      <KeyFrame name=""&SPECTRUM_LOADER_BAR_SMALL_TRACK_COLOR;"" h=""0"" s=""0"" v=""0.88"" a=""1""/>"
AfterFXLib.dll,ascii,40329541,"      <KeyFrame name=""&SPECTRUM_LOADER_BAR_SMALL_TRACK_FILL_COLOR;"" h=""213"" s=""0.91"" v=""0.9"" a=""1""/>"
AfterFXLib.dll,ascii,40329643,"      <KeyFrame name=""&SPECTRUM_LOADER_BAR_SMALL_TRACK_COLOR_DISABLED;"" h=""0"" s=""0"" v=""0.88"" a=""1""/>"
AfterFXLib.dll,ascii,40329745,"      <KeyFrame name=""&SPECTRUM_LOADER_BAR_SMALL_TRACK_FILL_COLOR_DISABLED;"" h=""0"" s=""0"" v=""0.88"" a=""1""/>"
AfterFXLib.dll,ascii,40329852,"      <KeyFrame name=""&SPECTRUM_LOADER_BAR_SMALL_OVER_BACKGROUND_TEXT_COLOR;"" h=""0"" s=""0"" v=""1"" a=""1""/>"
AfterFXLib.dll,ascii,40329957,"      <KeyFrame name=""&SPECTRUM_LOADER_BAR_SMALL_OVER_BACKGROUND_TRACK_COLOR;"" h=""0"" s=""0"" v=""1"" a=""0.2""/>"
AfterFXLib.dll,ascii,40330065,"      <KeyFrame name=""&SPECTRUM_LOADER_BAR_SMALL_OVER_BACKGROUND_TRACK_FILL_COLOR;"" h=""0"" s=""0"" v=""1"" a=""1""/>"
AfterFXLib.dll,ascii,40330176,"      <KeyFrame name=""&SPECTRUM_LOADER_BAR_SMALL_OVER_BACKGROUND_TRACK_COLOR_DISABLED;"" h=""0"" s=""0"" v=""1"" a=""0.2""/>"
AfterFXLib.dll,ascii,40330293,"      <KeyFrame name=""&SPECTRUM_LOADER_BAR_SMALL_OVER_BACKGROUND_TRACK_FILL_COLOR_DISABLED;"" h=""0"" s=""0"" v=""0"" a=""0""/>"
AfterFXLib.dll,ascii,40330413,"      <KeyFrame name=""&SPECTRUM_LOADER_CIRCLE_LARGE_TEXT_COLOR;"" h=""0"" s=""0"" v=""0.29"" a=""1""/>"
AfterFXLib.dll,ascii,40330508,"      <KeyFrame name=""&SPECTRUM_LOADER_CIRCLE_LARGE_TRACK_COLOR;"" h=""0"" s=""0"" v=""0.88"" a=""1""/>"
AfterFXLib.dll,ascii,40330604,"      <KeyFrame name=""&SPECTRUM_LOADER_CIRCLE_LARGE_TRACK_FILL_COLOR;"" h=""213"" s=""0.91"" v=""0.9"" a=""1""/>"
AfterFXLib.dll,ascii,40330709,"      <KeyFrame name=""&SPECTRUM_LOADER_CIRCLE_LARGE_TRACK_COLOR_DISABLED;"" h=""0"" s=""0"" v=""0.88"" a=""1""/>"
AfterFXLib.dll,ascii,40330814,"      <KeyFrame name=""&SPECTRUM_LOADER_CIRCLE_LARGE_TRACK_FILL_COLOR_DISABLED;"" h=""0"" s=""0"" v=""0.88"" a=""1""/>"
AfterFXLib.dll,ascii,40330924,"      <KeyFrame name=""&SPECTRUM_LOADER_CIRCLE_LARGE_OVER_BACKGROUND_TEXT_COLOR;"" h=""0"" s=""0"" v=""1"" a=""1""/>"
AfterFXLib.dll,ascii,40331032,"      <KeyFrame name=""&SPECTRUM_LOADER_CIRCLE_LARGE_OVER_BACKGROUND_TRACK_COLOR;"" h=""0"" s=""0"" v=""1"" a=""0.2""/>"
AfterFXLib.dll,ascii,40331143,"      <KeyFrame name=""&SPECTRUM_LOADER_CIRCLE_LARGE_OVER_BACKGROUND_TRACK_FILL_COLOR;"" h=""0"" s=""0"" v=""1"" a=""1""/>"
AfterFXLib.dll,ascii,40331257,"      <KeyFrame name=""&SPECTRUM_LOADER_CIRCLE_LARGE_OVER_BACKGROUND_TRACK_COLOR_DISABLED;"" h=""0"" s=""0"" v=""1"" a=""0.2""/>"
AfterFXLib.dll,ascii,40331377,"      <KeyFrame name=""&SPECTRUM_LOADER_CIRCLE_LARGE_OVER_BACKGROUND_TRACK_FILL_COLOR_DISABLED;"" h=""0"" s=""0"" v=""0"" a=""0""/>"
AfterFXLib.dll,ascii,40331500,"      <KeyFrame name=""&SPECTRUM_LOADER_CIRCLE_MEDIUM_TEXT_COLOR;"" h=""0"" s=""0"" v=""0.29"" a=""1""/>"
AfterFXLib.dll,ascii,40331596,"      <KeyFrame name=""&SPECTRUM_LOADER_CIRCLE_MEDIUM_TRACK_COLOR;"" h=""0"" s=""0"" v=""0.88"" a=""1""/>"
AfterFXLib.dll,ascii,40331693,"      <KeyFrame name=""&SPECTRUM_LOADER_CIRCLE_MEDIUM_TRACK_FILL_COLOR;"" h=""213"" s=""0.91"" v=""0.9"" a=""1""/>"
AfterFXLib.dll,ascii,40331799,"      <KeyFrame name=""&SPECTRUM_LOADER_CIRCLE_MEDIUM_TRACK_COLOR_DISABLED;"" h=""0"" s=""0"" v=""0.88"" a=""1""/>"
AfterFXLib.dll,ascii,40331905,"      <KeyFrame name=""&SPECTRUM_LOADER_CIRCLE_MEDIUM_TRACK_FILL_COLOR_DISABLED;"" h=""0"" s=""0"" v=""0.88"" a=""1""/>"
AfterFXLib.dll,ascii,40332016,"      <KeyFrame name=""&SPECTRUM_LOADER_CIRCLE_MEDIUM_OVER_BACKGROUND_TEXT_COLOR;"" h=""0"" s=""0"" v=""1"" a=""1""/>"
AfterFXLib.dll,ascii,40332125,"      <KeyFrame name=""&SPECTRUM_LOADER_CIRCLE_MEDIUM_OVER_BACKGROUND_TRACK_COLOR;"" h=""0"" s=""0"" v=""1"" a=""0.2""/>"
AfterFXLib.dll,ascii,40332237,"      <KeyFrame name=""&SPECTRUM_LOADER_CIRCLE_MEDIUM_OVER_BACKGROUND_TRACK_FILL_COLOR;"" h=""0"" s=""0"" v=""1"" a=""1""/>"
AfterFXLib.dll,ascii,40332352,"      <KeyFrame name=""&SPECTRUM_LOADER_CIRCLE_MEDIUM_OVER_BACKGROUND_TRACK_COLOR_DISABLED;"" h=""0"" s=""0"" v=""1"" a=""0.2""/>"
AfterFXLib.dll,ascii,40332473,"      <KeyFrame name=""&SPECTRUM_LOADER_CIRCLE_MEDIUM_OVER_BACKGROUND_TRACK_FILL_COLOR_DISABLED;"" h=""0"" s=""0"" v=""0"" a=""0""/>"
AfterFXLib.dll,ascii,40332597,"      <KeyFrame name=""&SPECTRUM_LOADER_CIRCLE_SMALL_TEXT_COLOR;"" h=""0"" s=""0"" v=""0.29"" a=""1""/>"
AfterFXLib.dll,ascii,40332692,"      <KeyFrame name=""&SPECTRUM_LOADER_CIRCLE_SMALL_TRACK_COLOR;"" h=""0"" s=""0"" v=""0.88"" a=""1""/>"
AfterFXLib.dll,ascii,40332788,"      <KeyFrame name=""&SPECTRUM_LOADER_CIRCLE_SMALL_TRACK_FILL_COLOR;"" h=""213"" s=""0.91"" v=""0.9"" a=""1""/>"
AfterFXLib.dll,ascii,40332893,"      <KeyFrame name=""&SPECTRUM_LOADER_CIRCLE_SMALL_TRACK_COLOR_DISABLED;"" h=""0"" s=""0"" v=""0.88"" a=""1""/>"
AfterFXLib.dll,ascii,40332998,"      <KeyFrame name=""&SPECTRUM_LOADER_CIRCLE_SMALL_TRACK_FILL_COLOR_DISABLED;"" h=""0"" s=""0"" v=""0.88"" a=""1""/>"
AfterFXLib.dll,ascii,40333108,"      <KeyFrame name=""&SPECTRUM_LOADER_CIRCLE_SMALL_OVER_BACKGROUND_TEXT_COLOR;"" h=""0"" s=""0"" v=""1"" a=""1""/>"
AfterFXLib.dll,ascii,40333216,"      <KeyFrame name=""&SPECTRUM_LOADER_CIRCLE_SMALL_OVER_BACKGROUND_TRACK_COLOR;"" h=""0"" s=""0"" v=""1"" a=""0.2""/>"
AfterFXLib.dll,ascii,40333327,"      <KeyFrame name=""&SPECTRUM_LOADER_CIRCLE_SMALL_OVER_BACKGROUND_TRACK_FILL_COLOR;"" h=""0"" s=""0"" v=""1"" a=""1""/>"
AfterFXLib.dll,ascii,40333441,"      <KeyFrame name=""&SPECTRUM_LOADER_CIRCLE_SMALL_OVER_BACKGROUND_TRACK_COLOR_DISABLED;"" h=""0"" s=""0"" v=""1"" a=""0.2""/>"
AfterFXLib.dll,ascii,40333561,"      <KeyFrame name=""&SPECTRUM_LOADER_CIRCLE_SMALL_OVER_BACKGROUND_TRACK_FILL_COLOR_DISABLED;"" h=""0"" s=""0"" v=""0"" a=""0""/>"
AfterFXLib.dll,ascii,40554336,"      <KeyFrame name=""&SPECTRUM_ASSET_FOLDER_BACKGROUND_COLOR;"" h=""0"" s=""0"" v=""0.92"" a=""1""/>"
AfterFXLib.dll,ascii,40555158,"      <KeyFrame name=""&SPECTRUM_BARLOADER_LARGE_TEXT_COLOR;"" h=""0"" s=""0"" v=""0.31"" a=""1""/>"
AfterFXLib.dll,ascii,40555249,"      <KeyFrame name=""&SPECTRUM_BARLOADER_LARGE_TRACK_COLOR;"" h=""0"" s=""0"" v=""0.92"" a=""1""/>"
AfterFXLib.dll,ascii,40555341,"      <KeyFrame name=""&SPECTRUM_BARLOADER_LARGE_TRACK_FILL_COLOR;"" h=""213"" s=""0.84"" v=""0.92"" a=""1""/>"
AfterFXLib.dll,ascii,40555443,"      <KeyFrame name=""&SPECTRUM_BARLOADER_LARGE_TRACK_COLOR_DISABLED;"" h=""0"" s=""0"" v=""0.92"" a=""1""/>"
AfterFXLib.dll,ascii,40555544,"      <KeyFrame name=""&SPECTRUM_BARLOADER_LARGE_TRACK_FILL_COLOR_DISABLED;"" h=""0"" s=""0"" v=""0.92"" a=""1""/>"
AfterFXLib.dll,ascii,40555650,"      <KeyFrame name=""&SPECTRUM_BARLOADER_LARGE_INDETERMINATE_TEXT_COLOR;"" h=""0"" s=""0"" v=""0.31"" a=""1""/>"
AfterFXLib.dll,ascii,40555755,"      <KeyFrame name=""&SPECTRUM_BARLOADER_LARGE_INDETERMINATE_TRACK_COLOR;"" h=""0"" s=""0"" v=""0.92"" a=""1""/>"
AfterFXLib.dll,ascii,40555861,"      <KeyFrame name=""&SPECTRUM_BARLOADER_LARGE_INDETERMINATE_TRACK_FILL_COLOR;"" h=""213"" s=""0.84"" v=""0.92"" a=""1""/>"
AfterFXLib.dll,ascii,40555977,"      <KeyFrame name=""&SPECTRUM_BARLOADER_LARGE_INDETERMINATE_TRACK_COLOR_DISABLED;"" h=""0"" s=""0"" v=""0.92"" a=""1""/>"
AfterFXLib.dll,ascii,40556092,"      <KeyFrame name=""&SPECTRUM_BARLOADER_LARGE_INDETERMINATE_TRACK_FILL_COLOR_DISABLED;"" h=""0"" s=""0"" v=""0.92"" a=""1""/>"
AfterFXLib.dll,ascii,40556212,"      <KeyFrame name=""&SPECTRUM_BARLOADER_LARGE_OVER_BACKGROUND_TEXT_COLOR;"" h=""0"" s=""0"" v=""1"" a=""1""/>"
AfterFXLib.dll,ascii,40556316,"      <KeyFrame name=""&SPECTRUM_BARLOADER_LARGE_OVER_BACKGROUND_TRACK_COLOR;"" h=""0"" s=""0"" v=""1"" a=""0.2""/>"
AfterFXLib.dll,ascii,40556423,"      <KeyFrame name=""&SPECTRUM_BARLOADER_LARGE_OVER_BACKGROUND_TRACK_FILL_COLOR;"" h=""0"" s=""0"" v=""1"" a=""1""/>"
AfterFXLib.dll,ascii,40556533,"      <KeyFrame name=""&SPECTRUM_BARLOADER_LARGE_OVER_BACKGROUND_TRACK_COLOR_DISABLED;"" h=""0"" s=""0"" v=""1"" a=""0.2""/>"
AfterFXLib.dll,ascii,40556649,"      <KeyFrame name=""&SPECTRUM_BARLOADER_LARGE_OVER_BACKGROUND_TRACK_FILL_COLOR_DISABLED;"" h=""0"" s=""0"" v=""0"" a=""0""/>"
AfterFXLib.dll,ascii,40556768,"      <KeyFrame name=""&SPECTRUM_BARLOADER_SMALL_TEXT_COLOR;"" h=""0"" s=""0"" v=""0.31"" a=""1""/>"
AfterFXLib.dll,ascii,40556859,"      <KeyFrame name=""&SPECTRUM_BARLOADER_SMALL_TRACK_COLOR;"" h=""0"" s=""0"" v=""0.92"" a=""1""/>"
AfterFXLib.dll,ascii,40556951,"      <KeyFrame name=""&SPECTRUM_BARLOADER_SMALL_TRACK_FILL_COLOR;"" h=""213"" s=""0.84"" v=""0.92"" a=""1""/>"
AfterFXLib.dll,ascii,40557053,"      <KeyFrame name=""&SPECTRUM_BARLOADER_SMALL_TRACK_COLOR_DISABLED;"" h=""0"" s=""0"" v=""0.92"" a=""1""/>"
AfterFXLib.dll,ascii,40557154,"      <KeyFrame name=""&SPECTRUM_BARLOADER_SMALL_TRACK_FILL_COLOR_DISABLED;"" h=""0"" s=""0"" v=""0.92"" a=""1""/>"
AfterFXLib.dll,ascii,40557260,"      <KeyFrame name=""&SPECTRUM_BARLOADER_SMALL_INDETERMINATE_TEXT_COLOR;"" h=""0"" s=""0"" v=""0.31"" a=""1""/>"
AfterFXLib.dll,ascii,40557365,"      <KeyFrame name=""&SPECTRUM_BARLOADER_SMALL_INDETERMINATE_TRACK_COLOR;"" h=""0"" s=""0"" v=""0.92"" a=""1""/>"
AfterFXLib.dll,ascii,40557471,"      <KeyFrame name=""&SPECTRUM_BARLOADER_SMALL_INDETERMINATE_TRACK_FILL_COLOR;"" h=""213"" s=""0.84"" v=""0.92"" a=""1""/>"
AfterFXLib.dll,ascii,40557587,"      <KeyFrame name=""&SPECTRUM_BARLOADER_SMALL_INDETERMINATE_TRACK_COLOR_DISABLED;"" h=""0"" s=""0"" v=""0.92"" a=""1""/>"
AfterFXLib.dll,ascii,40557702,"      <KeyFrame name=""&SPECTRUM_BARLOADER_SMALL_INDETERMINATE_TRACK_FILL_COLOR_DISABLED;"" h=""0"" s=""0"" v=""0.92"" a=""1""/>"
AfterFXLib.dll,ascii,40557822,"      <KeyFrame name=""&SPECTRUM_BARLOADER_SMALL_OVER_BACKGROUND_TEXT_COLOR;"" h=""0"" s=""0"" v=""1"" a=""1""/>"
AfterFXLib.dll,ascii,40557926,"      <KeyFrame name=""&SPECTRUM_BARLOADER_SMALL_OVER_BACKGROUND_TRACK_COLOR;"" h=""0"" s=""0"" v=""1"" a=""0.2""/>"
AfterFXLib.dll,ascii,40558033,"      <KeyFrame name=""&SPECTRUM_BARLOADER_SMALL_OVER_BACKGROUND_TRACK_FILL_COLOR;"" h=""0"" s=""0"" v=""1"" a=""1""/>"
AfterFXLib.dll,ascii,40558143,"      <KeyFrame name=""&SPECTRUM_BARLOADER_SMALL_OVER_BACKGROUND_TRACK_COLOR_DISABLED;"" h=""0"" s=""0"" v=""1"" a=""0.2""/>"
AfterFXLib.dll,ascii,40558259,"      <KeyFrame name=""&SPECTRUM_BARLOADER_SMALL_OVER_BACKGROUND_TRACK_FILL_COLOR_DISABLED;"" h=""0"" s=""0"" v=""0"" a=""0""/>"
AfterFXLib.dll,ascii,40619450,"      <KeyFrame name=""&SPECTRUM_CIRCLELOADER_LARGE_TEXT_COLOR;"" h=""0"" s=""0"" v=""0.31"" a=""1""/>"
AfterFXLib.dll,ascii,40619544,"      <KeyFrame name=""&SPECTRUM_CIRCLELOADER_LARGE_TRACK_COLOR;"" h=""0"" s=""0"" v=""0.92"" a=""1""/>"
AfterFXLib.dll,ascii,40619639,"      <KeyFrame name=""&SPECTRUM_CIRCLELOADER_LARGE_TRACK_FILL_COLOR;"" h=""213"" s=""0.84"" v=""0.92"" a=""1""/>"
AfterFXLib.dll,ascii,40619744,"      <KeyFrame name=""&SPECTRUM_CIRCLELOADER_LARGE_TRACK_COLOR_DISABLED;"" h=""0"" s=""0"" v=""0.92"" a=""1""/>"
AfterFXLib.dll,ascii,40619848,"      <KeyFrame name=""&SPECTRUM_CIRCLELOADER_LARGE_TRACK_FILL_COLOR_DISABLED;"" h=""0"" s=""0"" v=""0.92"" a=""1""/>"
AfterFXLib.dll,ascii,40619957,"      <KeyFrame name=""&SPECTRUM_CIRCLELOADER_LARGE_OVER_BACKGROUND_TEXT_COLOR;"" h=""0"" s=""0"" v=""1"" a=""1""/>"
AfterFXLib.dll,ascii,40620064,"      <KeyFrame name=""&SPECTRUM_CIRCLELOADER_LARGE_OVER_BACKGROUND_TRACK_COLOR;"" h=""0"" s=""0"" v=""1"" a=""0.2""/>"
AfterFXLib.dll,ascii,40620174,"      <KeyFrame name=""&SPECTRUM_CIRCLELOADER_LARGE_OVER_BACKGROUND_TRACK_FILL_COLOR;"" h=""0"" s=""0"" v=""1"" a=""1""/>"
AfterFXLib.dll,ascii,40620287,"      <KeyFrame name=""&SPECTRUM_CIRCLELOADER_LARGE_OVER_BACKGROUND_TRACK_COLOR_DISABLED;"" h=""0"" s=""0"" v=""1"" a=""0.2""/>"
AfterFXLib.dll,ascii,40620406,"      <KeyFrame name=""&SPECTRUM_CIRCLELOADER_LARGE_OVER_BACKGROUND_TRACK_FILL_COLOR_DISABLED;"" h=""0"" s=""0"" v=""0"" a=""0""/>"
AfterFXLib.dll,ascii,40620528,"      <KeyFrame name=""&SPECTRUM_CIRCLELOADER_MEDIUM_TEXT_COLOR;"" h=""0"" s=""0"" v=""0.31"" a=""1""/>"
AfterFXLib.dll,ascii,40620623,"      <KeyFrame name=""&SPECTRUM_CIRCLELOADER_MEDIUM_TRACK_COLOR;"" h=""0"" s=""0"" v=""0.92"" a=""1""/>"
AfterFXLib.dll,ascii,40620719,"      <KeyFrame name=""&SPECTRUM_CIRCLELOADER_MEDIUM_TRACK_FILL_COLOR;"" h=""213"" s=""0.84"" v=""0.92"" a=""1""/>"
AfterFXLib.dll,ascii,40620825,"      <KeyFrame name=""&SPECTRUM_CIRCLELOADER_MEDIUM_TRACK_COLOR_DISABLED;"" h=""0"" s=""0"" v=""0.92"" a=""1""/>"
AfterFXLib.dll,ascii,40620930,"      <KeyFrame name=""&SPECTRUM_CIRCLELOADER_MEDIUM_TRACK_FILL_COLOR_DISABLED;"" h=""0"" s=""0"" v=""0.92"" a=""1""/>"
AfterFXLib.dll,ascii,40621040,"      <KeyFrame name=""&SPECTRUM_CIRCLELOADER_MEDIUM_OVER_BACKGROUND_TEXT_COLOR;"" h=""0"" s=""0"" v=""1"" a=""1""/>"
AfterFXLib.dll,ascii,40621148,"      <KeyFrame name=""&SPECTRUM_CIRCLELOADER_MEDIUM_OVER_BACKGROUND_TRACK_COLOR;"" h=""0"" s=""0"" v=""1"" a=""0.2""/>"
AfterFXLib.dll,ascii,40621259,"      <KeyFrame name=""&SPECTRUM_CIRCLELOADER_MEDIUM_OVER_BACKGROUND_TRACK_FILL_COLOR;"" h=""0"" s=""0"" v=""1"" a=""1""/>"
AfterFXLib.dll,ascii,40621373,"      <KeyFrame name=""&SPECTRUM_CIRCLELOADER_MEDIUM_OVER_BACKGROUND_TRACK_COLOR_DISABLED;"" h=""0"" s=""0"" v=""1"" a=""0.2""/>"
AfterFXLib.dll,ascii,40621493,"      <KeyFrame name=""&SPECTRUM_CIRCLELOADER_MEDIUM_OVER_BACKGROUND_TRACK_FILL_COLOR_DISABLED;"" h=""0"" s=""0"" v=""0"" a=""0""/>"
AfterFXLib.dll,ascii,40621616,"      <KeyFrame name=""&SPECTRUM_CIRCLELOADER_SMALL_TEXT_COLOR;"" h=""0"" s=""0"" v=""0.31"" a=""1""/>"
AfterFXLib.dll,ascii,40621710,"      <KeyFrame name=""&SPECTRUM_CIRCLELOADER_SMALL_TRACK_COLOR;"" h=""0"" s=""0"" v=""0.92"" a=""1""/>"
AfterFXLib.dll,ascii,40621805,"      <KeyFrame name=""&SPECTRUM_CIRCLELOADER_SMALL_TRACK_FILL_COLOR;"" h=""213"" s=""0.84"" v=""0.92"" a=""1""/>"
AfterFXLib.dll,ascii,40621910,"      <KeyFrame name=""&SPECTRUM_CIRCLELOADER_SMALL_TRACK_COLOR_DISABLED;"" h=""0"" s=""0"" v=""0.92"" a=""1""/>"
AfterFXLib.dll,ascii,40622014,"      <KeyFrame name=""&SPECTRUM_CIRCLELOADER_SMALL_TRACK_FILL_COLOR_DISABLED;"" h=""0"" s=""0"" v=""0.92"" a=""1""/>"
AfterFXLib.dll,ascii,40622123,"      <KeyFrame name=""&SPECTRUM_CIRCLELOADER_SMALL_OVER_BACKGROUND_TEXT_COLOR;"" h=""0"" s=""0"" v=""1"" a=""1""/>"
AfterFXLib.dll,ascii,40622230,"      <KeyFrame name=""&SPECTRUM_CIRCLELOADER_SMALL_OVER_BACKGROUND_TRACK_COLOR;"" h=""0"" s=""0"" v=""1"" a=""0.2""/>"
AfterFXLib.dll,ascii,40622340,"      <KeyFrame name=""&SPECTRUM_CIRCLELOADER_SMALL_OVER_BACKGROUND_TRACK_FILL_COLOR;"" h=""0"" s=""0"" v=""1"" a=""1""/>"
AfterFXLib.dll,ascii,40622453,"      <KeyFrame name=""&SPECTRUM_CIRCLELOADER_SMALL_OVER_BACKGROUND_TRACK_COLOR_DISABLED;"" h=""0"" s=""0"" v=""1"" a=""0.2""/>"
AfterFXLib.dll,ascii,40622572,"      <KeyFrame name=""&SPECTRUM_CIRCLELOADER_SMALL_OVER_BACKGROUND_TRACK_FILL_COLOR_DISABLED;"" h=""0"" s=""0"" v=""0"" a=""0""/>"
AfterFXLib.dll,ascii,40672326,"      <KeyFrame name=""&SPECTRUM_LOADER_BAR_LARGE_TEXT_COLOR;"" h=""0"" s=""0"" v=""0.31"" a=""1""/>"
AfterFXLib.dll,ascii,40672418,"      <KeyFrame name=""&SPECTRUM_LOADER_BAR_LARGE_TRACK_COLOR;"" h=""0"" s=""0"" v=""0.92"" a=""1""/>"
AfterFXLib.dll,ascii,40672511,"      <KeyFrame name=""&SPECTRUM_LOADER_BAR_LARGE_TRACK_FILL_COLOR;"" h=""213"" s=""0.84"" v=""0.92"" a=""1""/>"
AfterFXLib.dll,ascii,40672614,"      <KeyFrame name=""&SPECTRUM_LOADER_BAR_LARGE_TRACK_COLOR_DISABLED;"" h=""0"" s=""0"" v=""0.92"" a=""1""/>"
AfterFXLib.dll,ascii,40672716,"      <KeyFrame name=""&SPECTRUM_LOADER_BAR_LARGE_TRACK_FILL_COLOR_DISABLED;"" h=""0"" s=""0"" v=""0.92"" a=""1""/>"
AfterFXLib.dll,ascii,40672823,"      <KeyFrame name=""&SPECTRUM_LOADER_BAR_LARGE_OVER_BACKGROUND_TEXT_COLOR;"" h=""0"" s=""0"" v=""1"" a=""1""/>"
AfterFXLib.dll,ascii,40672928,"      <KeyFrame name=""&SPECTRUM_LOADER_BAR_LARGE_OVER_BACKGROUND_TRACK_COLOR;"" h=""0"" s=""0"" v=""1"" a=""0.2""/>"
AfterFXLib.dll,ascii,40673036,"      <KeyFrame name=""&SPECTRUM_LOADER_BAR_LARGE_OVER_BACKGROUND_TRACK_FILL_COLOR;"" h=""0"" s=""0"" v=""1"" a=""1""/>"
AfterFXLib.dll,ascii,40673147,"      <KeyFrame name=""&SPECTRUM_LOADER_BAR_LARGE_OVER_BACKGROUND_TRACK_COLOR_DISABLED;"" h=""0"" s=""0"" v=""1"" a=""0.2""/>"
AfterFXLib.dll,ascii,40673264,"      <KeyFrame name=""&SPECTRUM_LOADER_BAR_LARGE_OVER_BACKGROUND_TRACK_FILL_COLOR_DISABLED;"" h=""0"" s=""0"" v=""0"" a=""0""/>"
AfterFXLib.dll,ascii,40673384,"      <KeyFrame name=""&SPECTRUM_LOADER_BAR_SMALL_TEXT_COLOR;"" h=""0"" s=""0"" v=""0.31"" a=""1""/>"
AfterFXLib.dll,ascii,40673476,"      <KeyFrame name=""&SPECTRUM_LOADER_BAR_SMALL_TRACK_COLOR;"" h=""0"" s=""0"" v=""0.92"" a=""1""/>"
AfterFXLib.dll,ascii,40673569,"      <KeyFrame name=""&SPECTRUM_LOADER_BAR_SMALL_TRACK_FILL_COLOR;"" h=""213"" s=""0.84"" v=""0.92"" a=""1""/>"
AfterFXLib.dll,ascii,40673672,"      <KeyFrame name=""&SPECTRUM_LOADER_BAR_SMALL_TRACK_COLOR_DISABLED;"" h=""0"" s=""0"" v=""0.92"" a=""1""/>"
AfterFXLib.dll,ascii,40673774,"      <KeyFrame name=""&SPECTRUM_LOADER_BAR_SMALL_TRACK_FILL_COLOR_DISABLED;"" h=""0"" s=""0"" v=""0.92"" a=""1""/>"
AfterFXLib.dll,ascii,40673881,"      <KeyFrame name=""&SPECTRUM_LOADER_BAR_SMALL_OVER_BACKGROUND_TEXT_COLOR;"" h=""0"" s=""0"" v=""1"" a=""1""/>"
AfterFXLib.dll,ascii,40673986,"      <KeyFrame name=""&SPECTRUM_LOADER_BAR_SMALL_OVER_BACKGROUND_TRACK_COLOR;"" h=""0"" s=""0"" v=""1"" a=""0.2""/>"
AfterFXLib.dll,ascii,40674094,"      <KeyFrame name=""&SPECTRUM_LOADER_BAR_SMALL_OVER_BACKGROUND_TRACK_FILL_COLOR;"" h=""0"" s=""0"" v=""1"" a=""1""/>"
AfterFXLib.dll,ascii,40674205,"      <KeyFrame name=""&SPECTRUM_LOADER_BAR_SMALL_OVER_BACKGROUND_TRACK_COLOR_DISABLED;"" h=""0"" s=""0"" v=""1"" a=""0.2""/>"
AfterFXLib.dll,ascii,40674322,"      <KeyFrame name=""&SPECTRUM_LOADER_BAR_SMALL_OVER_BACKGROUND_TRACK_FILL_COLOR_DISABLED;"" h=""0"" s=""0"" v=""0"" a=""0""/>"
AfterFXLib.dll,ascii,40674442,"      <KeyFrame name=""&SPECTRUM_LOADER_CIRCLE_LARGE_TEXT_COLOR;"" h=""0"" s=""0"" v=""0.31"" a=""1""/>"
AfterFXLib.dll,ascii,40674537,"      <KeyFrame name=""&SPECTRUM_LOADER_CIRCLE_LARGE_TRACK_COLOR;"" h=""0"" s=""0"" v=""0.92"" a=""1""/>"
AfterFXLib.dll,ascii,40674633,"      <KeyFrame name=""&SPECTRUM_LOADER_CIRCLE_LARGE_TRACK_FILL_COLOR;"" h=""213"" s=""0.84"" v=""0.92"" a=""1""/>"
AfterFXLib.dll,ascii,40674739,"      <KeyFrame name=""&SPECTRUM_LOADER_CIRCLE_LARGE_TRACK_COLOR_DISABLED;"" h=""0"" s=""0"" v=""0.92"" a=""1""/>"
AfterFXLib.dll,ascii,40674844,"      <KeyFrame name=""&SPECTRUM_LOADER_CIRCLE_LARGE_TRACK_FILL_COLOR_DISABLED;"" h=""0"" s=""0"" v=""0.92"" a=""1""/>"
AfterFXLib.dll,ascii,40674954,"      <KeyFrame name=""&SPECTRUM_LOADER_CIRCLE_LARGE_OVER_BACKGROUND_TEXT_COLOR;"" h=""0"" s=""0"" v=""1"" a=""1""/>"
AfterFXLib.dll,ascii,40675062,"      <KeyFrame name=""&SPECTRUM_LOADER_CIRCLE_LARGE_OVER_BACKGROUND_TRACK_COLOR;"" h=""0"" s=""0"" v=""1"" a=""0.2""/>"
AfterFXLib.dll,ascii,40675173,"      <KeyFrame name=""&SPECTRUM_LOADER_CIRCLE_LARGE_OVER_BACKGROUND_TRACK_FILL_COLOR;"" h=""0"" s=""0"" v=""1"" a=""1""/>"
AfterFXLib.dll,ascii,40675287,"      <KeyFrame name=""&SPECTRUM_LOADER_CIRCLE_LARGE_OVER_BACKGROUND_TRACK_COLOR_DISABLED;"" h=""0"" s=""0"" v=""1"" a=""0.2""/>"
AfterFXLib.dll,ascii,40675407,"      <KeyFrame name=""&SPECTRUM_LOADER_CIRCLE_LARGE_OVER_BACKGROUND_TRACK_FILL_COLOR_DISABLED;"" h=""0"" s=""0"" v=""0"" a=""0""/>"
AfterFXLib.dll,ascii,40675530,"      <KeyFrame name=""&SPECTRUM_LOADER_CIRCLE_MEDIUM_TEXT_COLOR;"" h=""0"" s=""0"" v=""0.31"" a=""1""/>"
AfterFXLib.dll,ascii,40675626,"      <KeyFrame name=""&SPECTRUM_LOADER_CIRCLE_MEDIUM_TRACK_COLOR;"" h=""0"" s=""0"" v=""0.92"" a=""1""/>"
AfterFXLib.dll,ascii,40675723,"      <KeyFrame name=""&SPECTRUM_LOADER_CIRCLE_MEDIUM_TRACK_FILL_COLOR;"" h=""213"" s=""0.84"" v=""0.92"" a=""1""/>"
AfterFXLib.dll,ascii,40675830,"      <KeyFrame name=""&SPECTRUM_LOADER_CIRCLE_MEDIUM_TRACK_COLOR_DISABLED;"" h=""0"" s=""0"" v=""0.92"" a=""1""/>"
AfterFXLib.dll,ascii,40675936,"      <KeyFrame name=""&SPECTRUM_LOADER_CIRCLE_MEDIUM_TRACK_FILL_COLOR_DISABLED;"" h=""0"" s=""0"" v=""0.92"" a=""1""/>"
AfterFXLib.dll,ascii,40676047,"      <KeyFrame name=""&SPECTRUM_LOADER_CIRCLE_MEDIUM_OVER_BACKGROUND_TEXT_COLOR;"" h=""0"" s=""0"" v=""1"" a=""1""/>"
AfterFXLib.dll,ascii,40676156,"      <KeyFrame name=""&SPECTRUM_LOADER_CIRCLE_MEDIUM_OVER_BACKGROUND_TRACK_COLOR;"" h=""0"" s=""0"" v=""1"" a=""0.2""/>"
AfterFXLib.dll,ascii,40676268,"      <KeyFrame name=""&SPECTRUM_LOADER_CIRCLE_MEDIUM_OVER_BACKGROUND_TRACK_FILL_COLOR;"" h=""0"" s=""0"" v=""1"" a=""1""/>"
AfterFXLib.dll,ascii,40676383,"      <KeyFrame name=""&SPECTRUM_LOADER_CIRCLE_MEDIUM_OVER_BACKGROUND_TRACK_COLOR_DISABLED;"" h=""0"" s=""0"" v=""1"" a=""0.2""/>"
AfterFXLib.dll,ascii,40676504,"      <KeyFrame name=""&SPECTRUM_LOADER_CIRCLE_MEDIUM_OVER_BACKGROUND_TRACK_FILL_COLOR_DISABLED;"" h=""0"" s=""0"" v=""0"" a=""0""/>"
AfterFXLib.dll,ascii,40676628,"      <KeyFrame name=""&SPECTRUM_LOADER_CIRCLE_SMALL_TEXT_COLOR;"" h=""0"" s=""0"" v=""0.31"" a=""1""/>"
AfterFXLib.dll,ascii,40676723,"      <KeyFrame name=""&SPECTRUM_LOADER_CIRCLE_SMALL_TRACK_COLOR;"" h=""0"" s=""0"" v=""0.92"" a=""1""/>"
AfterFXLib.dll,ascii,40676819,"      <KeyFrame name=""&SPECTRUM_LOADER_CIRCLE_SMALL_TRACK_FILL_COLOR;"" h=""213"" s=""0.84"" v=""0.92"" a=""1""/>"
AfterFXLib.dll,ascii,40676925,"      <KeyFrame name=""&SPECTRUM_LOADER_CIRCLE_SMALL_TRACK_COLOR_DISABLED;"" h=""0"" s=""0"" v=""0.92"" a=""1""/>"
AfterFXLib.dll,ascii,40677030,"      <KeyFrame name=""&SPECTRUM_LOADER_CIRCLE_SMALL_TRACK_FILL_COLOR_DISABLED;"" h=""0"" s=""0"" v=""0.92"" a=""1""/>"
AfterFXLib.dll,ascii,40677140,"      <KeyFrame name=""&SPECTRUM_LOADER_CIRCLE_SMALL_OVER_BACKGROUND_TEXT_COLOR;"" h=""0"" s=""0"" v=""1"" a=""1""/>"
AfterFXLib.dll,ascii,40677248,"      <KeyFrame name=""&SPECTRUM_LOADER_CIRCLE_SMALL_OVER_BACKGROUND_TRACK_COLOR;"" h=""0"" s=""0"" v=""1"" a=""0.2""/>"
AfterFXLib.dll,ascii,40677359,"      <KeyFrame name=""&SPECTRUM_LOADER_CIRCLE_SMALL_OVER_BACKGROUND_TRACK_FILL_COLOR;"" h=""0"" s=""0"" v=""1"" a=""1""/>"
AfterFXLib.dll,ascii,40677473,"      <KeyFrame name=""&SPECTRUM_LOADER_CIRCLE_SMALL_OVER_BACKGROUND_TRACK_COLOR_DISABLED;"" h=""0"" s=""0"" v=""1"" a=""0.2""/>"
AfterFXLib.dll,ascii,40677593,"      <KeyFrame name=""&SPECTRUM_LOADER_CIRCLE_SMALL_OVER_BACKGROUND_TRACK_FILL_COLOR_DISABLED;"" h=""0"" s=""0"" v=""0"" a=""0""/>"
AfterFXLib.dll,ascii,40955615,"button(identifier: 'bChooseAutoSaveFolder', name: '$$$/AE/Dialogs/Preferences/AutoSave/ChooseFolder=Choose Folder...');"
AfterFXLib.dll,ascii,40955740,"static_text(identifier: 'stAutoSaveFolderPath', name: '$$$/AE/Dialogs/Preferences/AutoSave/AutoSaveFolderPath= ', width: 320);"
AfterFXLib.dll,ascii,40958484,"inline_edit_number(identifier: 'tolerancePix', name: ""$$$/AE/Dialogs/AutoTrace/Tolerance=Tolerance:"", postLabel: ""$$$/AE/Dialogs/AutoTrace/pixels=px"", maxWidth: 60, min_value: 0.1, max_value: 999, decimal_places: 2, increment:1, hottextNumberAlignmentFix: true);"
AfterFXLib.dll,ascii,40977539,"checkbox(identifier: 'reduceProjectCheck', name: ""$$$/AE/Dialogs/CollectFiles/ReduceProject=Reduce Project"");"
AfterFXLib.dll,ascii,40977830,"edit_text(identifier: 'outputFolderEdit', width: 160, horizontal: @align_fill);"
AfterFXLib.dll,ascii,40977915,"static_text(identifier: 'folderTxt', name: ""$$$/AE/Dialogs/CollectFiles/OutputFolder= folder"");"
AfterFXLib.dll,ascii,40978072,"checkbox(identifier: 'enableWatchCheck', name: ""$$$/AE/Dialogs/CollectFiles/EnableWatch=Enable 'Watch Folder' render"");"
AfterFXLib.dll,ascii,40991722,"popup(name: ""$$$/AE/Dialogs/CompSettings/staticText/renderingPlugin=Renderer:"", identifier: 'renderingPluginPopup', width: 210);"
AfterFXLib.dll,ascii,41012023,"button(identifier: 'bChooseImageCacheFolder', label: ' ', name: '$$$/AE/Dialogs/Preferences/MemoryCache/ChooseFolder=Choose Folder...');"
AfterFXLib.dll,ascii,41012566,"static_text(identifier: 'stSuggestDiskCache', label: ' ', name: '$$$/AE/Dialogs/Preferences/MemoryCache/SuggestDiskCache=For improved performance, choose a disk cache folder on a fast hard drive or SSD separate from your footage, and allocate as much space as possible.',  multiLine: true, maxWidth: 420, fontSize: 11);"
AfterFXLib.dll,ascii,41014576,"button(identifier: 'bChooseDatabaseFolder', label: '$$$/AE/Dialogs/Preferences/MemoryCache/Database=Database:', name: '$$$/AE/Dialogs/Preferences/MemoryCache/ChooseFolder=Choose Folder...');"
AfterFXLib.dll,ascii,41014992,"button(identifier: 'bChooseMediaCacheFolder', label: '$$$/AE/Dialogs/Preferences/MemoryCache/Cache=Cache:', name: '$$$/AE/Dialogs/Preferences/MemoryCache/ChooseFolder=Choose Folder...');"
AfterFXLib.dll,ascii,41017438,"button(identifier: 'bChooseImageCacheFolder', label: ' ', name: '$$$/AE/Dialogs/Preferences/Disk/ChooseFolder=Choose Folder...');"
AfterFXLib.dll,ascii,41017960,"static_text(identifier: 'stSuggestDiskCache', label: ' ', name: '$$$/AE/Dialogs/Preferences/Disk/SuggestDiskCache=For improved performance, choose a disk cache folder on a fast hard drive or SSD separate from your footage, and allocate as much space as possible.',  multiLine: true, maxWidth: 420, fontSize: 11);"
AfterFXLib.dll,ascii,41019956,"button(identifier: 'bChooseDatabaseFolder', label: '$$$/AE/Dialogs/Preferences/Disk/Database=Database:', name: '$$$/AE/Dialogs/Preferences/Disk/ChooseFolder=Choose Folder...');"
AfterFXLib.dll,ascii,41020351,"button(identifier: 'bChooseMediaCacheFolder', label: '$$$/AE/Dialogs/Preferences/Disk/Cache=Cache:', name: '$$$/AE/Dialogs/Preferences/Disk/ChooseFolder=Choose Folder...');"
AfterFXLib.dll,ascii,41025912,"                checkbox(identifier: ""cbUseDefaultName"", name: ""$$$/AE/Dialogs/Preferences/Export/UseDefaultName=Use Default File Name and Folder"");"
AfterFXLib.dll,ascii,41051341,"radio_button(name: ""$$$/AE/Dialogs/Warning/OncePerSession=Once Per Session"");"
AfterFXLib.dll,ascii,41052215,"radio_button(name: ""$$$/AE/Dialogs/Warning/OncePerSession=Once Per Session"");"
AfterFXLib.dll,ascii,41067284,"group(dividerMode:false, name: ""$$$/AE/Dialogs/Preferences/Import/AutomaticFootageReloading=Automatic Footage Reloading"", horizontal: @align_fill, identifier: 'gbAutomaticFootageReloading')"
AfterFXLib.dll,ascii,41067483,"popup(identifier: 'pAutoReloadFootage', name: ""$$$/AE/Dialogs/Preferences/Import/AutoReload=Auto Reload:"", measureStrategy: ""maxItem"")"
AfterFXLib.dll,ascii,41067629,"popup_item(name: ""$$$/AE/Dialogs/Preferences/Import/AutoReload/All=All Footage Types"");"
AfterFXLib.dll,ascii,41067722,"popup_item(name: ""$$$/AE/Dialogs/Preferences/Import/AutoReload/NonSequence=Non-Sequence Footage"");"
AfterFXLib.dll,ascii,41067853,"popup_item(name: ""$$$/AE/Dialogs/Preferences/Import/AutoReload/Off=Off"");"
AfterFXLib.dll,ascii,41068020,"static_text(name: ""$$$/AE/Dialogs/Preferences/AutoReload/Note=Automatically reloads any changed footage on disk when After Effects regains focus."", multiLine: true, maxWidth: 440,  fontSize: 11);"
AfterFXLib.dll,ascii,41074624,"group(dividerMode:false, name: ""$$$/AE/Dialogs/Preferences/Import/AutomaticFootageReloading=Automatic Footage Reloading"", horizontal: @align_fill, identifier: 'gbAutomaticFootageReloading')"
AfterFXLib.dll,ascii,41074823,"popup(identifier: 'pAutoReloadFootage', name: ""$$$/AE/Dialogs/Preferences/Import/AutoReload=Auto Reload:"", measureStrategy: ""maxItem"")"
AfterFXLib.dll,ascii,41074969,"popup_item(name: ""$$$/AE/Dialogs/Preferences/Import/AutoReload/All=All Footage Types"");"
AfterFXLib.dll,ascii,41075062,"popup_item(name: ""$$$/AE/Dialogs/Preferences/Import/AutoReload/NonSequence=Non-Sequence Footage"");"
AfterFXLib.dll,ascii,41075193,"popup_item(name: ""$$$/AE/Dialogs/Preferences/Import/AutoReload/Off=Off"");"
AfterFXLib.dll,ascii,41075360,"static_text(name: ""$$$/AE/Dialogs/Preferences/AutoReload/Note=Automatically reloads any changed footage on disk when After Effects regains focus."", multiLine: true, maxWidth: 440,  fontSize: 11);"
AfterFXLib.dll,ascii,41098765,"popup(identifier: ""pLabelDefaultsFolder"", name: ""$$$/AE/Dialogs/Preferences/LabelDefaults/Folder=Folder:"", width: 150);"
AfterFXLib.dll,ascii,41108346,layout TemplatesSettingsSaveLoad
AfterFXLib.dll,ascii,41108544,"button(identifier: 'load', name: ""$$$/AE/Dialogs/Template/Shared/Load=Load..."", commit_appearance: true);"
AfterFXLib.dll,ascii,41114511,"static_text(horizontal: @align_center, fontSize: 11, multiLine: true, maxWidth: 280, name: ""$$$/AE/Dialogs/Light/note=Note: Shadows are only cast from layers with 'Cast Shadows' enabled to layers with 'Accepts Shadows' enabled.#{lf} "");"
AfterFXLib.dll,ascii,41116450,"radio_button(name: ""$$$/AE/Dialogs/Warning/OncePerSession=Once Per Session"");"
AfterFXLib.dll,ascii,41117676,"popup(name: ""$$$/AE/Dialogs/MTOptionsDialog/TrackerPlugin=Tracker Plug-in:"", identifier: 'pmMTOptionsTrackerPlugin', width: 120);"
AfterFXLib.dll,ascii,41117811,"button(name: ""$$$/AE/Dialogs/MTOptionsDialog/PluginOptions=Options..."", identifier: 'bMTPluginOptions');"
AfterFXLib.dll,ascii,41140576,"checkbox(name: ""$$$/AE/Dialogs/Preferences/NewProject/EnableTemplateLocation=New Project loads template"", identifier: 'cbEnableTemplateLocation');"
AfterFXLib.dll,ascii,41141144,"edit_text(name: ""$$$/AE/Dialogs/Preferences/NewProject/SolidFolderName=New Project Solids Folder"", identifier: 'teSolidsFolder', horizontal: @align_fill);"
AfterFXLib.dll,ascii,41141435,"static_text(identifier: 'stSolidsFolderNote', name: ""$$$/AE/Dialogs/Preferences/NewProject/SolidFolderName/Note=Note: the current project Solids folder is #{ldquo}@0#{rdquo}. Change it by renaming the folder in the project panel."", multiLine: true, maxWidth: 440, fontSize: 11);"
AfterFXLib.dll,ascii,41155869,"checkbox(identifier: ""cbUseDefaultName"", name: ""$$$/AE/Dialogs/Preferences/Output/UseDefaultName=Use Default File Name and Folder"");"
AfterFXLib.dll,ascii,41165437,"popup_item(name: ""$$$/AE/Dialogs/Preferences/Previews/ViewerZoomQuality/MoreAccurateExceptCachedPreview=More Accurate Except Cached Preview"");"
AfterFXLib.dll,ascii,41165989,"popup_item(name: ""$$$/AE/Dialogs/Preferences/Previews/ViewerZoomQuality/MoreAccurateExceptCachedPreview=More Accurate Except Cached Preview"");"
AfterFXLib.dll,ascii,41172565,"popup_item(name: ""$$$/AE/Dialogs/Preferences/Previews/ViewerZoomQuality/MoreAccurateExceptCachedPreview=More Accurate Except Cached Preview"");"
AfterFXLib.dll,ascii,41173117,"popup_item(name: ""$$$/AE/Dialogs/Preferences/Previews/ViewerZoomQuality/MoreAccurateExceptCachedPreview=More Accurate Except Cached Preview"");"
AfterFXLib.dll,ascii,41181658,"button(identifier:'reloadOCIOConfiguration', name: '$$$/AE/Dialog/ProjectSettings/OCIO/ReloadConfiguration=Reload');"
AfterFXLib.dll,ascii,41190322,"button(identifier:'reloadOCIOConfiguration', name: '$$$/AE/Dialog/ProjectSettings/OCIO/ReloadConfiguration=Reload');"
AfterFXLib.dll,ascii,41195737,"            checkbox(name: ""$$$/AE/Dialogs/Preferences/NewProject/EnableTemplateLocation=New Project loads template"", identifier: 'cbEnableTemplateLocation');"
AfterFXLib.dll,ascii,41196257,"        group(dividerMode:false, name: '$$$/AE/Dialogs/Preferences/Project/ProjectOptions=Solids Folder', horizontal: @align_fill, identifier: 'gbProjectSolids')"
AfterFXLib.dll,ascii,41196425,"            edit_text(name: ""$$$/AE/Dialogs/Preferences/NewProject/SolidFolderName=New Project Solids Folder"", identifier: 'teSolidsFolder', horizontal: @align_fill);"
AfterFXLib.dll,ascii,41196736,"    static_text(identifier: 'stSolidsFolderNote', name: ""$$$/AE/Dialogs/Preferences/NewProject/SolidFolderName/Note=Note: the current project Solids folder is #{ldquo}@0#{rdquo}. Change it by renaming the folder in the project panel."", multiLine: true, maxWidth: 440, fontSize: 11);"
AfterFXLib.dll,ascii,41198740,"button(identifier: 'bChooseAutoSaveFolder', name: '$$$/AE/Dialogs/Preferences/AutoSave/ChooseFolder=Choose Folder...');"
AfterFXLib.dll,ascii,41198865,"static_text(identifier: 'stAutoSaveFolderPath', name: '$$$/AE/Dialogs/Preferences/AutoSave/AutoSaveFolderPath= ', width: 320);"
AfterFXLib.dll,ascii,41211660,"layout_script(identifier: ""LayoutTemplatesSettingsSaveLoad"");"
AfterFXLib.dll,ascii,41231012,"static_text(name: ""$$$/AE/Dialogs/Preferences/StartupAndRepair/SafeModeInfo1=If you're experiencing issues, click #{ldquo}Start in Safe Mode#{rdquo} to temporarily restart After Effects with default preferences and without loading scripts or extensions. If this resolves your issue, this could indicate that your current preferences are corrupt and need to be reset or replaced, or an installed script, extension, or plugin could be unstable."",  multiLine: true, maxWidth: 550);"
AfterFXLib.dll,ascii,41231713,"static_text(name: ""$$$/AE/Dialogs/Preferences/StartupAndRepair/ClearAllCaches1=Empty all After Effects cache folders. This action can resolve certain startup issues as well as clear up additional storage space."",  multiLine: true, maxWidth: 550);"
AfterFXLib.dll,ascii,41245044,layout WatchFolder
AfterFXLib.dll,ascii,41245068,"view dialog(identifier: 'WatchFolder', name: ""$$$/AE/dialogstxt/WatchFolder/dialog=Watch Folder"", placement: @place_column)"
AfterFXLib.dll,ascii,41245434,"static_text(identifier: 'watchingFolderMessage', name: ""$$$/AE/dialogstxt/WatchFolder/StaticText/4=Waiting for renderables..."", horizontal: @align_fill, multiLine: true, height: 44);"
AfterFXLib.dll,ascii,41245621,"button(identifier: 'browseProgressButton', focus: ""true"", name: ""$$$/AE/dialogstxt/WatchFolder/Button/4=Browse Progress..."");"
AfterFXLib.dll,ascii,41245846,"checkbox(identifier: 'pauseCheckbox', name: ""$$$/AE/dialogstxt/WatchFolder/Checkbox/7=Pause Search On All Machines"", horizontal: @align_left);"
AfterFXLib.dll,ascii,41246060,"view dialog(identifier:'WatchFolderStopRenderOptions', name: ""$$$/AE/Dialogs/WatchFolderStopRenderOptions/dialog=Stop Render Options"", placement: @place_column)"
AfterFXLib.dll,ascii,41246231,"popup(identifier: 'options', name: ""$$$/AE/Dialogs/WatchFolderStopRenderOptions/StopProjectOn=Stop project on:"")"
AfterFXLib.dll,ascii,41246353,"popup_item(name: ""$$$/AE/Dialogs/WatchFolderStopRenderOptions/ThisMachine=this machine"");"
AfterFXLib.dll,ascii,41246447,"popup_item(name: ""$$$/AE/Dialogs/WatchFolderStopRenderOptions/AllMachines=all machines"");"
AfterFXLib.dll,ascii,41249030,"layout_script(identifier: ""LayoutTemplatesSettingsSaveLoad"");"
AfterFXLib.dll,ascii,41355296,"<svg xmlns=""http://www.w3.org/2000/svg"" data-name=""S_FolderOpen_Sm_N_D@2x"" height=""32"" id=""S_FolderOpen_Sm_N_D_2x"" viewBox=""0 0 32 32"" width=""32"">"
AfterFXLib.dll,ascii,41355896,"<svg id=""S_Folder_Sm_N_D2x"" data-name=""S_Folder_Sm_N_D@2x"" xmlns=""http://www.w3.org/2000/svg"" width=""32"" height=""32"" viewBox=""0 0 32 32"">"
AfterFXLib.dll,ascii,41356191,  <title>S_Folder_Sm_N_D@2x</title>
AfterFXLib.dll,ascii,41356408,"<svg id=""S_Folder_Wi_N_D2x"" data-name=""S_Folder_Wi_N_D@2x"" xmlns=""http://www.w3.org/2000/svg"" width=""40"" height=""26"" viewBox=""0 0 40 26"">"
AfterFXLib.dll,ascii,41356703,  <title>S_Folder_Wi_N_D@2x</title>
AfterFXLib.dll,ascii,41489400,"<svg id=""S_ProjectFolder_64x64_N_D_2x"" data-name=""S_ProjectFolder_64x64_N_D@2x"" xmlns=""http://www.w3.org/2000/svg"" width=""128"" height=""128"" viewBox=""0 0 128 128"">"
AfterFXLib.dll,ascii,41489720,  <title>S_ProjectFolder_64x64_N_D@2x</title>
AfterFXLib.dll,ascii,41515424,"<svg xmlns=""http://www.w3.org/2000/svg"" data-name=""S_SceneExtensionOpacity02_Sm_N_D@2x"" height=""32"" id=""S_SceneExtensionOpacity02_Sm_N_D_2x"" viewBox=""0 0 32 32"" width=""32"">"
AfterFXLib.dll,ascii,41608060,"      ""CEPPanels"": {"
AfterFXLib.dll,ascii,41726191,    // Lights and cameras throw exceptions if we check their
AfterFXLib.dll,ascii,41786444,    Create Nulls From Paths.jsx v.0.7 tracePath only
AfterFXLib.dll,ascii,41786580,        - Reduce to only tracePath function
AfterFXLib.dll,ascii,41793957,    function tracePath() {
AfterFXLib.dll,ascii,41796787,    tracePath();
AfterFXLib.dll,ascii,41880410,<ParamIdentifier>ADBEMPEGVideoEncodingPerformanceParamUserSelected</ParamIdentifier>
AfterFXLib.dll,ascii,41883175,<ParamIdentifier>ADBEMPEGVideoEncodingPerformanceParam</ParamIdentifier>
AfterFXLib.dll,ascii,41973602,<ParamIdentifier>ADBEMPEGVideoEncodingPerformanceParamUserSelected</ParamIdentifier>
AfterFXLib.dll,ascii,41976367,<ParamIdentifier>ADBEMPEGVideoEncodingPerformanceParam</ParamIdentifier>
AfterFXLib.dll,ascii,42066794,<ParamIdentifier>ADBEMPEGVideoEncodingPerformanceParamUserSelected</ParamIdentifier>
AfterFXLib.dll,ascii,42069559,<ParamIdentifier>ADBEMPEGVideoEncodingPerformanceParam</ParamIdentifier>
AfterFXLib.dll,ascii,42128211,<ParamIdentifier>ADBEVideoPayloadEncoding</ParamIdentifier>
AfterFXLib.dll,ascii,42192208,<ParamIdentifier>ADBEVideoPayloadEncoding</ParamIdentifier>
AfterFXLib.dll,ascii,42273554,<ParamIdentifier>ADBEVideoPayloadEncoding</ParamIdentifier>
AfterFXLib.dll,ascii,42664784,^gXr3pN
AfterFXLib.dll,ascii,42802402,3po1]}
AfterFXLib.dll,ascii,42942893, 3pZP
AfterFXLib.dll,ascii,43065187,8gi3P
AfterFXLib.dll,ascii,43672086,0%iN3p
AfterFXLib.dll,ascii,43685624,s3p!*
AfterFXLib.dll,ascii,43842441,h L3P
AfterFXLib.dll,ascii,44400490,#3Pt.B
AfterFXLib.dll,ascii,44444853,X3p||
AfterFXLib.dll,ascii,44669326,3P|w$
AfterFXLib.dll,ascii,45825171,($3p9
AfterFXLib.dll,ascii,45830488,8?3p~
AfterFXLib.dll,ascii,45865340,?&X3pR
AfterFXLib.dll,ascii,46017773,S3PL{
AfterFXLib.dll,ascii,46072288,3pHG)
AfterFXLib.dll,ascii,46417843,[g3pp\
AfterFXLib.dll,ascii,47343859,3P1piq
AfterFXLib.dll,ascii,47523935,V3PS*
AfterFXLib.dll,ascii,48306241,<assembly xmlns='urn:schemas-microsoft-com:asm.v1' manifestVersion='1.0'>
CEPManager.aex,ascii,645424,Unknown exception
CEPManager.aex,ascii,645792,com.adobe.csxs.events.TxtFieldGainedFocus
CEPManager.aex,ascii,645840,com.adobe.csxs.events.TxtFieldLostFocus
CEPManager.aex,ascii,645880,com.adobe.csxs.events.ExtensionLoaded
CEPManager.aex,ascii,645920,com.adobe.csxs.events.ExtensionUnloaded
CEPManager.aex,ascii,646152,extensions
CEPManager.aex,ascii,646240,} catch(e) {app.log('CEPConnector exception:' + e.toString());'';}
CEPManager.aex,ascii,646320,com.adobe.csxs.events.ApplicationBeforeQuit
CEPManager.aex,ascii,646376,com.adobe.csxs.events.ApplicationInitialized
CEPManager.aex,ascii,646424,com.adobe.csxs.events.ApplicationActivate
CEPManager.aex,ascii,646520,CEPHtmlEngine
CEPManager.aex,ascii,646536,AE CEP Suite
CEPManager.aex,ascii,646552,PlugPlugWindowGeometry.x
CEPManager.aex,ascii,646584,PlugPlugWindowGeometry.y
CEPManager.aex,ascii,646616,PlugPlugWindowGeometry.width
CEPManager.aex,ascii,646648,PlugPlugWindowGeometry.height
CEPManager.aex,ascii,652728,com.adobe.susi-dva.extension
CEPManager.aex,ascii,653224,click:extensions-menu
CEPManager.aex,ascii,655744,com.adobe.learn.events.TutorialDownloadStarted
CEPManager.aex,ascii,655792,com.adobe.learn.events.TutorialDownloadCompleted
CEPManager.aex,ascii,655848,com.adobe.learn.events.TutorialDownloadCanceled
CEPManager.aex,ascii,655896,com.adobe.learn.events.PlaylistDownloadStarted
CEPManager.aex,ascii,655944,com.adobe.learn.events.PlaylistDownloadCompleted
CEPManager.aex,ascii,656000,com.adobe.learn.events.PlaylistDownloadCanceled
CEPManager.aex,ascii,656048,com.adobe.learn.events.PlaylistDownloadDeleted
CEPManager.aex,ascii,656096,com.adobe.learn.events.DownloadSectionShown
CEPManager.aex,ascii,656144,com.adobe.learn.events.DownloadSectionLeft
CEPManager.aex,ascii,656192,CEPManager::LearnPanel::OnLearnPanelEvent 
CEPManager.aex,ascii,656264,uploadCapsuleEvent
CEPManager.aex,ascii,656288,com.adobe.DesignLibraries.events.UploadCapsuleResponse
CEPManager.aex,ascii,656344,com.adobe.DesignLibraries.events.UploadCapsuleProgress
CEPManager.aex,ascii,661232,Root directory path is too long.
CEPManager.aex,ascii,661328,D:\releases\dva\AfterEffects\src\plugin\aegp\CEPManager\indep\CEPLibrariesManager.cpp
CEPManager.aex,ascii,661472,extension
CEPManager.aex,ascii,661592,CEPManager::LibrariesManager
CEPManager.aex,ascii,661744,com.adobe.csxs.events.ShouldUpdateFootage
CEPManager.aex,ascii,661792,Send event com.adobe.csxs.events.ShouldUpdateFootage: EventErrorCode = %d
CEPManager.aex,ascii,662392,PlugPlugLoadExtension: ErrorCode = %d
CEPManager.aex,ascii,662544,com.adobe.csxs.events.ProfileChanged
CEPManager.aex,ascii,662600,CEPManager::LibrariesManager::HandleProxyInfo
CEPManager.aex,ascii,662696,CEPManager::LibrariesRepresentation::FromJSON
CEPManager.aex,ascii,662792,Download failed: %s -> %s
CEPManager.aex,ascii,662824,OnDownloadComplete_MainThread
CEPManager.aex,ascii,662880,Downloading from: %s
CEPManager.aex,ascii,662904,DoDownload
CEPManager.aex,ascii,662920,Downloading to: %s
CEPManager.aex,ascii,663072,CEPManager::LibrariesManager::UpdateLibrariesImage
CEPManager.aex,ascii,663208,CEPManager::LibrariesManager::CreateLibrariesFootage
CEPManager.aex,ascii,663264,CEPManager::LibrariesManager::CopyIntoPlaceUserFootage
CEPManager.aex,ascii,663328,$$$/AE/Libraries/Dialogs/GraphicExportToCapsule/UploadLibraryNotFoundError=The Library you are trying to upload does not exist. Please select another Library.
CEPManager.aex,ascii,663488,$$$/AE/Libraries/Dialogs/GraphicExportToCapsule/UploadLibraryReadOnlyError=The Library you are trying to upload is read only. Please select another Library.
CEPManager.aex,ascii,663648,$$$/AE/Libraries/Dialogs/GraphicExportToCapsule/UploadError=An unknown error occured during upload. Please try again.
CEPManager.aex,ascii,663784,OnUploadCapsuleProgress
CEPManager.aex,ascii,663816,capsule upload complete.
CEPManager.aex,ascii,663848,OnUploadCapsuleResponse
CEPManager.aex,ascii,663992,UploadCapsule
CEPManager.aex,ascii,669584,D:\releases\dva\build\mb\git\adobe\thirdparty\boost\boost\property_tree\detail\xml_parser_read_rapidxml.hpp
CEPManager.aex,ascii,673712,vulcan.SuiteMessage.cclibraries.accessor.EditAcceptedMessage
CEPManager.aex,ascii,674088,vulcan.SuiteMessage.cclibraries.service.LibrariesLoaded
CEPManager.aex,ascii,674144,vulcan.SuiteMessage.cclibraries.service.LibrariesUnloaded
CEPManager.aex,utf16le,675152,WC_PLUGPLUG_HTMLEXTENSION_CLASS_NAME
CEPManager.aex,utf16le,675232,com.adobe.plugplug.html.request-activate
CEPManager.aex,utf16le,675320,HTMLExtension Error Message
CEPManager.aex,ascii,678192,AE CEP Extension-
CEPManager.aex,ascii,680968,AE Plugin Helper Suite2
CEPManager.aex,ascii,711052,D:\releases\dva\build\mb\msvs_win32_x64\Release\x64\build\AfterEffects\CEPManager\CEPManager\CEPManager.pdb
CEPManager.aex,ascii,786398,CEPManager.aex
CEPManager.aex,ascii,786537,?IsClipboardSelectAllSupported@CEPManager@@YA_NXZ
CEPManager.aex,ascii,786587,GPMain_CEPManager
CEPManager.aex,ascii,795494,RaiseException
CEPManager.aex,ascii,795992,PlugPlugSetup
CEPManager.aex,ascii,796008,PlugPlugNotifyStateChange
CEPManager.aex,ascii,796036,PlugPlugAddEventListener
CEPManager.aex,ascii,796064,PlugPlugRemoveEventListener
CEPManager.aex,ascii,796094,PlugPlugDispatchEvent
CEPManager.aex,ascii,796118,PlugPlugTerminate
CEPManager.aex,ascii,796138,PlugPlugSetNglProfileData
CEPManager.aex,ascii,796166,PlugPlugLoadExtensionEx
CEPManager.aex,ascii,796192,PlugPlugUnloadExtension
CEPManager.aex,ascii,796218,PlugPlugGetJobs
CEPManager.aex,ascii,796236,PlugPlugPurgeJobs
CEPManager.aex,ascii,796256,PlugPlugLoadExtension
CEPManager.aex,ascii,796280,PlugPlugMenuCall
CEPManager.aex,ascii,796298,PlugPlug.dll
CEPManager.aex,ascii,796700,?GetPayloadSize@SuiteMessage@api5@vulcan@adobe@@QEBA_KXZ
CEPManager.aex,ascii,796760,?GetPayload@SuiteMessage@api5@vulcan@adobe@@QEBAXPEAD@Z
CEPManager.aex,ascii,796818,?SetPayload@SuiteMessage@api5@vulcan@adobe@@QEAAXPEBD@Z
CEPManager.aex,ascii,827650,?DoThrowNullPtrException@config@dvacore@@YAXAEBV?$basic_string@EU?$char_traits@E@std@@U?$STLAllocator@E@allocator@dvacore@@@std@@@Z
CEPManager.aex,ascii,836212,?Succeeded@HTTPDownloadStream@http@dvaappsupport@@QEBA_NXZ
CEPManager.aex,ascii,836274,?GetURL@HTTPDownloadStream@http@dvaappsupport@@QEBA?AVImmutableString@utility@dvacore@@XZ
CEPManager.aex,ascii,836366,?OverrideRequestProcessor@HTTPDownloadManager@http@dvaappsupport@@QEAAXAEBV?$shared_ptr@VRequestProcessor@http@dvanet@@@std@@@Z
CEPManager.aex,ascii,836496,?NewDownload@HTTPDownloadManager@http@dvaappsupport@@QEAA?AV?$shared_ptr@VHTTPDownloadStream@http@dvaappsupport@@@std@@AEBVImmutableString@utility@dvacore@@AEBVFile@filesupport@8@AEBV?$multimap@VImmutableString@utility@dvacore@@V123@U?$less@VImmutableString@utility@dvacore@@@std@@U?$STLAllocator@U?$pair@$$CBVImmutableString@utility@dvacore@@V123@@std@@@allocator@3@@5@_N3@Z
CEPManager.aex,ascii,838594,?DoLoadStateData@TabPanel@workspace@dvaworkspace@@EEAAXPEBVPropList@proplist@dvacore@@@Z
CEPManager.aex,ascii,843040,?SetSUSILoginExtensionInfo@dvanetsync@@YAXAEAUSUSILoginExtensionInfo@1@@Z
CEPManager.aex,ascii,843116,?kSUSIExtensionID@dvanetsync@@3QEBDEB
CEPManager.aex,ascii,844672,?U_TranslateAndReportException@@YAHAEAVexception@std@@@Z
CEPManager.aex,ascii,845358,?LStrCount@STR_ZLinkedCachePlugin@@UEAAHXZ
CEPManager.aex,ascii,845404,?LStrLookup@STR_ZLinkedCachePlugin@@UEAAPEBDH_N@Z
CEPManager.aex,ascii,846840,?BEE_ForEachItem@@YAHPEAVBEE_Project@@PEAVBEE_FolderItem@@P6AHPEAXPEAVBEE_Item@@1H@Z2H@Z
CEPManager.aex,ascii,847136,?PIN_NewSeqSpecMissing@@YAHPEAVTDB_Project@@HHAEAV?$basic_string@_WU?$char_traits@_W@std@@U?$STLAllocator@_W@allocator@dvacore@@@std@@_NPEBUT_Time@@3PEAV?$shared_ptr@VPIN_SeqSpec@@@boost@@PEAU_FILE_AliasRec@@PEBV23@AEBV?$shared_ptr@VCOR_ACE_ProfilePool@@@3@@Z
CEPManager.aex,ascii,848000,??0EGG_ScAllowScriptingException@@QEAA@XZ
CEPManager.aex,ascii,848044,??1EGG_ScAllowScriptingException@@QEAA@XZ
CEPManager.aex,ascii,848490,?gEgg@@3PEAVCEggApp@@EA
CEPManager.aex,ascii,848686,?CEP_Set_Cmd_To_ID@@YAXAEBV?$basic_string@DU?$char_traits@D@std@@V?$allocator@D@2@@std@@J@Z
CEPManager.aex,ascii,848780,?gBartender@@3PEAVCBartender@@EA
CEPManager.aex,ascii,849838,?SetUXPTutorialLauncherFunction@WelcomeScreenManager@@SAXV?$function@$$A6AXPEBD@Z@std@@@Z
CEPManager.aex,ascii,849930,?SetUXPGetCCXUserJSONDataFunction@WelcomeScreenManager@@SAXV?$function@$$A6A?AV?$basic_string@_WU?$char_traits@_W@std@@U?$STLAllocator@_W@allocator@dvacore@@@std@@XZ@std@@@Z
CEPManager.aex,ascii,850492,?CEP_CopyFileIntoPlace@@YA_NAEBV?$basic_string@_WU?$char_traits@_W@std@@U?$STLAllocator@_W@allocator@dvacore@@@std@@0PEAV12@_N@Z
CEPManager.aex,ascii,850986,?GetDownloadManager@CEggApp@@QEBA?AV?$shared_ptr@VHTTPDownloadManager@http@dvaappsupport@@@std@@XZ
CEPManager.aex,ascii,851580,?uncaught_exception@std@@YA_NXZ
CEPManager.aex,ascii,852348,?exceptions@ios_base@std@@QEAAXH@Z
CEPManager.aex,ascii,856598,__std_exception_copy
CEPManager.aex,ascii,856622,__std_exception_destroy
CEPManager.aex,ascii,856648,_CxxThrowException
CEPManager.aex,ascii,856810,__current_exception
CEPManager.aex,ascii,856832,__current_exception_context
CEPManager.aex,ascii,857952,UnhandledExceptionFilter
CEPManager.aex,ascii,857980,SetUnhandledExceptionFilter
CEPManager.aex,ascii,860264,??0STR_ZLinkedCachePlugin@@QEAA@PEAUU_ZLStrCache_Opaque@@@Z
CEPManager.aex,ascii,860326,??1STR_ZLinkedCachePlugin@@UEAA@XZ
CEPManager.aex,ascii,871760,.?AVexception@std@@
CEPManager.aex,ascii,872008,.?AUExtensionTabPanel@CEPManager@@
CEPManager.aex,ascii,872112,.?AVStage@CEPManager@@
CEPManager.aex,ascii,872152,.?AVExtension@CEPManager@@
CEPManager.aex,ascii,872336,.?AV?$bind_t@XV?$mf1@XVStageManager@CEPManager@@V?$IntrusivePtr@VStage@CEPManager@@@RefCountedInterface@utility@dvacore@@@_mfi@boost@@V?$list2@V?$value@PEAVStageManager@CEPManager@@@_bi@boost@@V?$value@V?$IntrusivePtr@VStage@CEPManager@@@RefCountedInterface@utility@dvacore@@@23@@_bi@3@@_bi@boost@@
CEPManager.aex,ascii,872656,.?AV<lambda_1>@?4??AE_NGLGetImsProfileAsync@?A0xf61eeec4@CEPManager@@YA?AW4PlugPlugErrorCode@@PEBD_NV?$function@$$A6AXHPEBD@Z@std@@@Z@
CEPManager.aex,ascii,872816,.?AV<lambda_1>@?4??AE_NGLGetImsContinueTokenAsync@?A0xf61eeec4@CEPManager@@YA?AW4PlugPlugErrorCode@@PEBD0000V?$function@$$A6AXHPEBD@Z@std@@@Z@
CEPManager.aex,ascii,872976,.?AV<lambda_1>@?4??AE_NGLGetImsAccessTokenAsync@?A0xf61eeec4@CEPManager@@YA?AW4PlugPlugErrorCode@@PEBD00_NV?$function@$$A6AXHPEBD@Z@std@@@Z@
CEPManager.aex,ascii,873408,.?AUDelayLoadedTab@?$DelayLoadedTabManager@V?$basic_string@DU?$char_traits@D@std@@V?$allocator@D@2@@std@@@dvaworkspace@@
CEPManager.aex,ascii,873624,.?AVclone_base@exception_detail@boost@@
CEPManager.aex,ascii,873680,.?AVexception@boost@@
CEPManager.aex,ascii,874224,.?AV?$_Binder@U_Unforced@std@@P6AXPEAVOpenTutorialContext@?A0x5504fd50@CEPManager@@@ZAEAPEAV345@@std@@
CEPManager.aex,ascii,874352,.?AV?$_Binder@U_Unforced@std@@P6AXPEBVOpenTutorialContext@?A0x5504fd50@CEPManager@@@ZAEBQEAV345@@std@@
CEPManager.aex,ascii,874480,.?AU?$wrapexcept@Vbad_lexical_cast@boost@@@boost@@
CEPManager.aex,ascii,874832,.?AU?$wrapexcept@Vsystem_error@system@boost@@@boost@@
CEPManager.aex,ascii,875360,.?AVLibrariesRepresentation@CEPManager@@
CEPManager.aex,ascii,875472,.P6AXAEBV?$shared_ptr@VHTTPDownloadManager@http@dvaappsupport@@@std@@AEBV?$shared_ptr@VHTTPDownloadStream@http@dvaappsupport@@@1@@Z
CEPManager.aex,ascii,875632,.?AV?$bind_t@XP6AXAEBV?$shared_ptr@VHTTPDownloadManager@http@dvaappsupport@@@std@@AEBV?$shared_ptr@VHTTPDownloadStream@http@dvaappsupport@@@2@@ZV?$list2@V?$value@V?$shared_ptr@VHTTPDownloadManager@http@dvaappsupport@@@std@@@_bi@boost@@V?$value@V?$shared_ptr@VHTTPDownloadStream@http@dvaappsupport@@@std@@@23@@_bi@boost@@@_bi@boost@@
CEPManager.aex,ascii,877408,.?AV?$_Binder@U_Unforced@std@@P8PanelView@CEPManager@@EAAXXZPEAV34@@std@@
CEPManager.aex,ascii,877600,.?AV?$_Binder@U_Unforced@std@@P8StageManager@CEPManager@@EAAXV?$IntrusivePtr@VExtension@CEPManager@@@RefCountedInterface@utility@dvacore@@@ZPEAV34@AEAV5678@@std@@
CEPManager.aex,ascii,877792,.?AV?$_Binder@U_Unforced@std@@P8StageManager@CEPManager@@EAAXAEBV?$basic_string@DU?$char_traits@D@std@@V?$allocator@D@2@@2@@ZPEAV34@AEBU?$_Ph@$00@2@@std@@
CEPManager.aex,ascii,877968,.?AV?$_Binder@U_Unforced@std@@P6APEAUExtensionTabPanel@CEPManager@@PEBV?$basic_string@DU?$char_traits@D@std@@V?$allocator@D@2@@2@PEAVWorkspace@workspace@dvaworkspace@@PEAVWorkspaceFrameBase@78@@ZAEBU?$_Ph@$00@2@AEBU?$_Ph@$01@2@AEBU?$_Ph@$02@2@@std@@
CEPManager.aex,ascii,878496,.?AU?$wrapexcept@Vxml_parser_error@xml_parser@property_tree@boost@@@boost@@
CEPManager.aex,ascii,878784,.?AU?$wrapexcept@Vptree_bad_path@property_tree@boost@@@boost@@
CEPManager.aex,ascii,879152,.?AU?$wrapexcept@Vlogic_error@std@@@boost@@
CEPManager.aex,ascii,879600,.?AVExtensionStageView@CEPManager@@
CEPManager.aex,ascii,880496,.?AVLoadExistingPanels@CEPManager@@
CEPManager.aex,ascii,880880,.?AV?$_Func_impl_no_alloc@V<lambda_1>@?4??AE_NGLGetImsAccessTokenAsync@?A0xf61eeec4@CEPManager@@YA?AW4PlugPlugErrorCode@@PEBD00_NV?$function@$$A6AXHPEBD@Z@std@@@Z@XHAEBV?$basic_string@EU?$char_traits@E@std@@U?$STLAllocator@E@allocator@dvacore@@@7@@std@@
CEPManager.aex,ascii,881152,.?AV?$_Func_impl_no_alloc@V<lambda_1>@?4??AE_NGLGetImsContinueTokenAsync@?A0xf61eeec4@CEPManager@@YA?AW4PlugPlugErrorCode@@PEBD0000V?$function@$$A6AXHPEBD@Z@std@@@Z@XHAEBV?$basic_string@EU?$char_traits@E@std@@U?$STLAllocator@E@allocator@dvacore@@@7@@std@@
CEPManager.aex,ascii,881424,.?AV?$_Func_impl_no_alloc@V<lambda_1>@?4??AE_NGLGetImsProfileAsync@?A0xf61eeec4@CEPManager@@YA?AW4PlugPlugErrorCode@@PEBD_NV?$function@$$A6AXHPEBD@Z@std@@@Z@XHAEBV?$basic_string@EU?$char_traits@E@std@@U?$STLAllocator@E@allocator@dvacore@@@7@@std@@
CEPManager.aex,ascii,881696,.?AV?$_Func_impl_no_alloc@V?$bind_t@XV?$mf1@XVStageManager@CEPManager@@V?$IntrusivePtr@VStage@CEPManager@@@RefCountedInterface@utility@dvacore@@@_mfi@boost@@V?$list2@V?$value@PEAVStageManager@CEPManager@@@_bi@boost@@V?$value@V?$IntrusivePtr@VStage@CEPManager@@@RefCountedInterface@utility@dvacore@@@23@@_bi@3@@_bi@boost@@X$$V@std@@
CEPManager.aex,ascii,885136,.?AV?$_Func_impl_no_alloc@V?$_Binder@U_Unforced@std@@P6AXPEBVOpenTutorialContext@?A0x5504fd50@CEPManager@@@ZAEBQEAV345@@std@@X$$V@std@@
CEPManager.aex,ascii,885296,.?AV?$_Func_impl_no_alloc@V?$_Binder@U_Unforced@std@@P6AXPEAVOpenTutorialContext@?A0x5504fd50@CEPManager@@@ZAEAPEAV345@@std@@X$$V@std@@
CEPManager.aex,ascii,887104,.?AVConnectionLinkImpl@?$Signal@$$A6AXAEBV?$shared_ptr@VHTTPDownloadManager@http@dvaappsupport@@@std@@AEBV?$shared_ptr@VHTTPDownloadStream@http@dvaappsupport@@@2@@Z$00@messaging@dvacore@@
CEPManager.aex,ascii,887312,.?AV?$_Func_base@XAEBV?$shared_ptr@VHTTPDownloadManager@http@dvaappsupport@@@std@@AEBV?$shared_ptr@VHTTPDownloadStream@http@dvaappsupport@@@2@@std@@
CEPManager.aex,ascii,887488,.?AV?$_Ref_count_obj2@V?$function@$$A6AXAEBV?$shared_ptr@VHTTPDownloadManager@http@dvaappsupport@@@std@@AEBV?$shared_ptr@VHTTPDownloadStream@http@dvaappsupport@@@2@@Z@std@@@std@@
CEPManager.aex,ascii,887696,.?AV?$_Ref_count_obj2@VConnectionLinkImpl@?$Signal@$$A6AXAEBV?$shared_ptr@VHTTPDownloadManager@http@dvaappsupport@@@std@@AEBV?$shared_ptr@VHTTPDownloadStream@http@dvaappsupport@@@2@@Z$00@messaging@dvacore@@@std@@
CEPManager.aex,ascii,889520,.?AV?$_Func_impl_no_alloc@V?$bind_t@XP6AXAEBV?$shared_ptr@VHTTPDownloadManager@http@dvaappsupport@@@std@@AEBV?$shared_ptr@VHTTPDownloadStream@http@dvaappsupport@@@2@@ZV?$list2@V?$value@V?$shared_ptr@VHTTPDownloadManager@http@dvaappsupport@@@std@@@_bi@boost@@V?$value@V?$shared_ptr@VHTTPDownloadStream@http@dvaappsupport@@@std@@@23@@_bi@boost@@@_bi@boost@@X$$V@std@@
CEPManager.aex,ascii,889904,.?AV?$_Func_impl_no_alloc@P6AXAEBV?$shared_ptr@VHTTPDownloadManager@http@dvaappsupport@@@std@@AEBV?$shared_ptr@VHTTPDownloadStream@http@dvaappsupport@@@2@@ZXAEBV12@AEBV32@@std@@
CEPManager.aex,ascii,890200,.?AVCEPManagerPlugin@CEPManager@@
CEPManager.aex,ascii,890296,.?AVSTR_ZLinkedCachePlugin@@
CEPManager.aex,ascii,890384,.?AVCEPMenu@CEPManager@@
CEPManager.aex,ascii,890432,.?AVPanelView@CEPManager@@
CEPManager.aex,ascii,890528,.?AV?$_Func_impl_no_alloc@V?$_Binder@U_Unforced@std@@P8PanelView@CEPManager@@EAAXXZPEAV34@@std@@XH@std@@
CEPManager.aex,ascii,891048,.?AVScriptingEngine@CEPManager@@
CEPManager.aex,ascii,891648,.?AU?$DelayLoadedTabManager@V?$basic_string@DU?$char_traits@D@std@@V?$allocator@D@2@@std@@@dvaworkspace@@
CEPManager.aex,ascii,891776,.?AUDelayTabCreator@?$DelayLoadedTabManager@V?$basic_string@DU?$char_traits@D@std@@V?$allocator@D@2@@std@@@dvaworkspace@@
CEPManager.aex,ascii,891984,.?AV?$_Func_base@PEAUDelayLoadedTab@?$DelayLoadedTabManager@V?$basic_string@DU?$char_traits@D@std@@V?$allocator@D@2@@std@@@dvaworkspace@@PEBV?$basic_string@DU?$char_traits@D@std@@V?$allocator@D@2@@std@@PEAVWorkspace@workspace@3@PEAVWorkspaceFrameBase@73@@std@@
CEPManager.aex,ascii,892704,.?AV?$_Func_impl_no_alloc@V?$_Binder@U_Unforced@std@@P6APEAUExtensionTabPanel@CEPManager@@PEBV?$basic_string@DU?$char_traits@D@std@@V?$allocator@D@2@@2@PEAVWorkspace@workspace@dvaworkspace@@PEAVWorkspaceFrameBase@78@@ZAEBU?$_Ph@$00@2@AEBU?$_Ph@$01@2@AEBU?$_Ph@$02@2@@std@@PEAUDelayLoadedTab@?$DelayLoadedTabManager@V?$basic_string@DU?$char_traits@D@std@@V?$allocator@D@2@@std@@@dvaworkspace@@PEBV?$basic_string@DU?$char_traits@D@std@@V?$allocator@D@2@@2@PEAVWorkspace@workspace@5@PEAVWorkspaceFrameBase@85@@std@@
CEPManager.aex,ascii,893248,.?AV?$_Func_impl_no_alloc@V?$_Binder@U_Unforced@std@@P8StageManager@CEPManager@@EAAXAEBV?$basic_string@DU?$char_traits@D@std@@V?$allocator@D@2@@2@@ZPEAV34@AEBU?$_Ph@$00@2@@std@@XAEBV?$basic_string@DU?$char_traits@D@std@@V?$allocator@D@2@@2@@std@@
CEPManager.aex,ascii,893520,.?AV?$_Func_impl_no_alloc@V?$_Binder@U_Unforced@std@@P8StageManager@CEPManager@@EAAXV?$IntrusivePtr@VExtension@CEPManager@@@RefCountedInterface@utility@dvacore@@@ZPEAV34@AEAV5678@@std@@XAEBV?$basic_string@DU?$char_traits@D@std@@V?$allocator@D@2@@2@@std@@
CEPManager.aex,ascii,894232,.?AVVulcanInterface@CSXSManager@@
CEPManager.aex,ascii,895088,.?AVHtmlExtensionView@CEPManager@@
CEPManager.aex,ascii,927022,'$$$/AE/AEGP/Name/CEPManager=CEP ManagerMIB8gtac
CEPManager.aex,ascii,927122,GPMain_CEPManager
CEPManager.aex,utf16le,927464,CEPManager
CEPManager.aex,utf16le,927660,CEPManager.aex
CEPManager.aex,ascii,928041,<assembly xmlns='urn:schemas-microsoft-com:asm.v1' manifestVersion='1.0'>
PlugPlug.dll,ascii,3445592,Unknown exception
PlugPlug.dll,ascii,3446528,Exception occured during XPath evaluation
PlugPlug.dll,ascii,3447128,ExtensionEventHandler_2_0
PlugPlug.dll,ascii,3447160,loadExtension
PlugPlug.dll,ascii,3447176,unloadExtension
PlugPlug.dll,ascii,3447512,AppServices::DeletePluginExtensionMenu
PlugPlug.dll,ascii,3447552,D:\release\release-12\CEP\projects\native\PlugPlug\src\AppServices.cpp
PlugPlug.dll,ascii,3447656,AppServices::DeletePluginPanelMenuList
PlugPlug.dll,ascii,3447696,AppServices::CreatePluginPanelMenuList
PlugPlug.dll,ascii,3447736,AppServices::AddPluginPanelMenuList
PlugPlug.dll,ascii,3447776,%s| Service %s starts. Extension ID: %s
PlugPlug.dll,ascii,3447816,%s| Service %s ends. Extension ID: %s
PlugPlug.dll,ascii,3447888,AppServices::UnloadService
PlugPlug.dll,ascii,3448000,AppServices::CreateExtensionMenuList
PlugPlug.dll,ascii,3448040,Registering the extensions in the menu failed
PlugPlug.dll,utf16le,3448808,PlugPlugDummyWindowClass
PlugPlug.dll,ascii,3448864,csxs::internal::IAsyncEventManager
PlugPlug.dll,ascii,3448904,Received Exception in DummyWndProc: %@
PlugPlug.dll,ascii,3448944,Received Exception in DummyWndProc
PlugPlug.dll,ascii,3449144,Received Exception in AsyncEventManager::PostTask
PlugPlug.dll,utf16le,3449200,PlugPlugAsyncMessage
PlugPlug.dll,utf16le,3449248,PlugPlugDummyWindow
PlugPlug.dll,ascii,3449384,Received Exception in AsyncEventManager::SetupEventHandler
PlugPlug.dll,ascii,3449648,Received Exception in AsyncEventManager::DisposeEventHandler
PlugPlug.dll,ascii,3449792,AsyncEvalRawScript: Extension not found: %@
PlugPlug.dll,ascii,3449840,AsyncEvalRawScript: m_extensionId is NULL
PlugPlug.dll,ascii,3451232,EvalRawScript: Extension not found: %@
PlugPlug.dll,ascii,3451336,EvalRawScript: m_extensionId may not be NULL
PlugPlug.dll,ascii,3451760,EvalRawScript: Script file already loaded into scripting engine <%s>'
PlugPlug.dll,ascii,3452136,EvalRawScript: LoadScriptFile() failed contract
PlugPlug.dll,ascii,3452344,"CmdIMSAttemptSSOJumpWorkflows, ExtensionId = '%@'"
PlugPlug.dll,ascii,3452400,"CmdIMSAttemptSSOJumpWorkflowsImpl, extensionID not specified"
PlugPlug.dll,ascii,3452528,"IMSConnectRequest, ExtensionId = '%@'"
PlugPlug.dll,ascii,3452568,"CmdIMSConnectImpl, extensionID not specified"
PlugPlug.dll,ascii,3452688,"IMSConnectWithEndpointRequest, ExtensionId = '%@', imsEndpoint = '%@'"
PlugPlug.dll,ascii,3452776,"CmdIMSConnectWithEndpointImpl, extensionId not specified"
PlugPlug.dll,ascii,3452968,"IMSDisconnectRequest, ExtensionId = '%@'"
PlugPlug.dll,ascii,3453016,"CmdIMSDisconnectImpl, extensionID not specified"
PlugPlug.dll,ascii,3453176,"IMSFetchAccessTokenRequest, ExtensionId = '%@'"
PlugPlug.dll,ascii,3453224,"CmdIMSFetchAccessTokenImpl, extensionID not specified"
PlugPlug.dll,ascii,3453352,"IMSFetchAccountsImpl, ExtensionId = '%@'"
PlugPlug.dll,ascii,3453400,"CmdIMSFetchAccountsImpl, extensionID not specified"
PlugPlug.dll,ascii,3453520,"IMSFetchContinueTokenRequest, ExtensionId = '%@'"
PlugPlug.dll,ascii,3453824,"CmdIMSFetchUserProfileData, ExtensionId = '%@'"
PlugPlug.dll,ascii,3453872,"CmdIMSFetchUserProfileDataImpl, extensionID not specified"
PlugPlug.dll,ascii,3454000,"CmdIMSLogoutUser, ExtensionId = '%@'"
PlugPlug.dll,ascii,3454040,"CmdIMSLogoutUserImpl, extensionID not specified"
PlugPlug.dll,ascii,3454152,"CmdIMSSetProxyCredentialsImpl, extensionId not specified"
PlugPlug.dll,ascii,3454408,"NGLIMSFetchAccessTokenRequest, ExtensionId = '%@'"
PlugPlug.dll,ascii,3454464,"CmdNGLIMSFetchAccessTokenImpl, extensionID not specified"
PlugPlug.dll,ascii,3454784,"NGLIMSFetchProfileRequest, ExtensionId = '%@'"
PlugPlug.dll,ascii,3454832,"CmdNGLIMSFetchProfileImpl, extensionID not specified"
PlugPlug.dll,ascii,3455200,<payload>
PlugPlug.dll,ascii,3455216,</payload>
PlugPlug.dll,ascii,3455536,CmdVulcanGetAppPathExImpl::Execute() -  PlugPlugErrorCode_VulcanServicesNotFound
PlugPlug.dll,ascii,3456016,CmdVulcanGetTargetSpecifiersExImpl::Execute() -  PlugPlugErrorCode_VulcanServicesNotFound
PlugPlug.dll,ascii,3456176,CmdVulcanIsAppInstalledExImpl::Execute() -  PlugPlugErrorCode_VulcanServicesNotFound
PlugPlug.dll,ascii,3456400,CmdVulcanIsAppRunningExImpl::Execute() -  PlugPlugErrorCode_VulcanServicesNotFound
PlugPlug.dll,ascii,3456640,CmdVulcanLaunchAppExImpl::Execute() -  PlugPlugErrorCode_VulcanServicesNotFound
PlugPlug.dll,ascii,3457144,extension
PlugPlug.dll,ascii,3457176,result != PlugPlugErrorCode_success
PlugPlug.dll,ascii,3457944,requestOpenExtension: %s (%@)
PlugPlug.dll,ascii,3457976,requestOpenExtension: %s
PlugPlug.dll,ascii,3458120,isPluginExtension
PlugPlug.dll,ascii,3458184,specialExtensionDataXML
PlugPlug.dll,ascii,3458208,defaultExtensionDataXML
PlugPlug.dll,ascii,3458360,getExtensions: %s (%@)
PlugPlug.dll,ascii,3458384,getExtensions: %s
PlugPlug.dll,ascii,3458584,extension error
PlugPlug.dll,ascii,3458704,"TEST-IMSLIB-PERFORMANCE, PLUGPLUG, Before CmdIMSFetchAccessToken executing"
PlugPlug.dll,ascii,3458784,"TEST-IMSLIB-PERFORMANCE, PLUGPLUG, After CmdIMSFetchAccessToken executing"
PlugPlug.dll,ascii,3458864,PlugPlugClassJS::imsFetchAccessToken %d
PlugPlug.dll,ascii,3458992,"TEST-IMSLIB-PERFORMANCE, PLUGPLUG, Before CmdIMSFetchContinueToken executing"
PlugPlug.dll,ascii,3459072,"TEST-IMSLIB-PERFORMANCE, PLUGPLUG, After CmdIMSFetchContinueToken executing"
PlugPlug.dll,ascii,3459216,"TEST-IMSLIB-PERFORMANCE, PLUGPLUG, Before CmdNGLIMSFetchAccessToken executing"
PlugPlug.dll,ascii,3459296,"TEST-IMSLIB-PERFORMANCE, PLUGPLUG, After CmdNGLIMSFetchAccessToken executing"
PlugPlug.dll,ascii,3459376,PlugPlugClassJS::nglImsFetchAccessToken %d
PlugPlug.dll,ascii,3459488,"TEST-IMSLIB-PERFORMANCE, PLUGPLUG, Before CmdNGLIMSFetchContinueToken executing"
PlugPlug.dll,ascii,3459568,"TEST-IMSLIB-PERFORMANCE, PLUGPLUG, After CmdNGLIMSFetchContinueToken executing"
PlugPlug.dll,ascii,3460008,extensionId
PlugPlug.dll,ascii,3460032,payload
PlugPlug.dll,ascii,3460752,"TEST-IMSLIB-PERFORMANCE, PLUGPLUG, Before CmdIMSLogoutUser executing"
PlugPlug.dll,ascii,3460832,"TEST-IMSLIB-PERFORMANCE, PLUGPLUG, After CmdIMSLogoutUser executing"
PlugPlug.dll,ascii,3461040,"TEST-IMSLIB-PERFORMANCE, PLUGPLUG, Before CmdIMSAttemptSSOJumpWorkflows executing"
PlugPlug.dll,ascii,3461136,"TEST-IMSLIB-PERFORMANCE, PLUGPLUG, After CmdIMSAttemptSSOJumpWorkflows executing"
PlugPlug.dll,ascii,3461304,/ExtensionManifest/ExecutionEnvironment/HostList
PlugPlug.dll,ascii,3461360,Parsing manifest
PlugPlug.dll,ascii,3461408,/ExtensionManifest/DispatchInfoList/Extension[@Id='%@']/HostList
PlugPlug.dll,ascii,3461480,The Extension with id = '%s' has a specific HostList
PlugPlug.dll,ascii,3461536,The Extension with id = '%s' doesn't have a specific HostList
PlugPlug.dll,ascii,3461600,/ExtensionManifest/ExecutionEnvironment/HostList/Host[@Name='%@']
PlugPlug.dll,ascii,3461680,ExtensionManifest is not valid for this host 
PlugPlug.dll,ascii,3462072,/ExtensionManifest
PlugPlug.dll,ascii,3462096,The ExtensionManifest in '%@' does not contain an ExtensionManifest tag
PlugPlug.dll,ascii,3462168,ExtensionBundleId
PlugPlug.dll,ascii,3462192,The ExtensionManifest in '%@' does not contain an ExtensionBundleId
PlugPlug.dll,ascii,3462264,ExtensionBundleVersion
PlugPlug.dll,ascii,3462288,The ExtensionManifest in '%@' does not contain an ExtensionBundleVersion
PlugPlug.dll,ascii,3462368,/ExtensionManifest/ExecutionEnvironment/RequiredRuntimeList/RequiredRuntime
PlugPlug.dll,ascii,3462776,ExtensionManifest is not valid for this host (%@)
PlugPlug.dll,ascii,3462832,/ExtensionManifest/ExecutionEnvironment/LocaleList/Locale[@Code='%@'] | /ExtensionManifest/ExecutionEnvironment/LocaleList/Locale[@Code='All']
PlugPlug.dll,ascii,3462976,ExtensionManifest is not valid for this locale (%@)
PlugPlug.dll,ascii,3463032,ExtensionManifest is not valid for this CSXS runtime (%@)
PlugPlug.dll,ascii,3463096,/ExtensionManifest/ExtensionList/Extension
PlugPlug.dll,ascii,3463144,Found extension with id '%s'
PlugPlug.dll,ascii,3463184,/ExtensionManifest/DispatchInfoList/Extension[@Id='%s']/DispatchInfo[not(@Host)]
PlugPlug.dll,ascii,3463280,/ExtensionManifest/DispatchInfoList/Extension[@Id='%@']/DispatchInfo[@Host='%@']
PlugPlug.dll,ascii,3463368,./ExtensionData
PlugPlug.dll,ascii,3464088,Removing extension with id '%s' because it is incomplete
PlugPlug.dll,ascii,3464152,Missing Extension-Id detected
PlugPlug.dll,ascii,3464712,Specifying Height and Width of the extension is mandatory
PlugPlug.dll,ascii,3465216,Extension height: '%d' should not be more than maximum height: '%d'
PlugPlug.dll,ascii,3465296,Extension width: '%d' should not be more than maximum width: '%d'
PlugPlug.dll,ascii,3465376,Extension height: '%d' should not be less than minimum height: '%d'
PlugPlug.dll,ascii,3465456,Extension width: '%d' should not be less than minimum width: '%d'
PlugPlug.dll,ascii,3465528,Adding extension with id '%@'
PlugPlug.dll,ascii,3465560,Extension with id '%@' couldn't be created (%@)
PlugPlug.dll,ascii,3465608,Extension with id '%@' couldn't be created
PlugPlug.dll,ascii,3465656,<ExtensionData>
PlugPlug.dll,ascii,3465672,</ExtensionData>
PlugPlug.dll,ascii,3465696,<ExtensionData>%@</ExtensionData>
PlugPlug.dll,ascii,3465928,SUPPORT_HTML_EXTENSIONS
PlugPlug.dll,ascii,3465952,DISABLE_FLASH_EXTENSIONS
PlugPlug.dll,ascii,3465984,inExtensionID not set
PlugPlug.dll,ascii,3466192,extensionId not set
PlugPlug.dll,ascii,3466272,Extension not found: %@
PlugPlug.dll,ascii,3467232,"Specifying Height and Width, either as absolute size or as <screenPercentage>, of the extension is mandatory"
PlugPlug.dll,ascii,3467600,/ExtensionManifest/DispatchInfoList/Extension[@Id='%s']/HostList
PlugPlug.dll,ascii,3467680,/ExtensionManifest/DispatchInfoList/Extension[@Id='%s']/DispatchInfo[@Host='%@']
PlugPlug.dll,ascii,3467776,/ExtensionManifest/DispatchInfoList/Extension[@Id='%s']/HostList/Host[@Name='%s']
PlugPlug.dll,ascii,3467864,The extension '%s' is not supported for this host
PlugPlug.dll,ascii,3468000,csxs.services.plugplug.IHeadlightsService
PlugPlug.dll,ascii,3468144,HeadlightsService::LogEvent: Unknown exception!
PlugPlug.dll,ascii,3468192,HeadlightsService::Terminate: Unknown exception!
PlugPlug.dll,ascii,3468248,HeadlightsService::AddToGroup: Unknown exception!
PlugPlug.dll,ascii,3468376,HeadlightsService::GetHeadlightsOptInState: Unknown exception!
PlugPlug.dll,ascii,3468448,HeadlightsService::Initialize: HeadlightsUtil::LoadHLLibAndFunctions() failed!
PlugPlug.dll,ascii,3468848,PlugPlugNetworkStateChange
PlugPlug.dll,ascii,3468944,PlugPlugFlyoutMenuClick
PlugPlug.dll,ascii,3469024,Extension inPlayerType : %d
PlugPlug.dll,ascii,3469056,Extension mainUTF8Path : %s
PlugPlug.dll,ascii,3469088,Extension iconPathNormal : %s
PlugPlug.dll,ascii,3469120,Extension iconPathRollOver: %s
PlugPlug.dll,ascii,3469152,Extension iconPathDisable: %s
PlugPlug.dll,ascii,3469184,Extension windowType: %s
PlugPlug.dll,ascii,3469216,Extension showWindowOnCreate: %s
PlugPlug.dll,ascii,3469256,Extension defaultGeometry topleftx: %d
PlugPlug.dll,ascii,3469296,Extension defaultGeometry toplefty: %d
PlugPlug.dll,ascii,3469336,Extension defaultGeometry width: %d
PlugPlug.dll,ascii,3469376,Extension defaultGeometry height: %d
PlugPlug.dll,ascii,3469416,Extension minSize width: %d
PlugPlug.dll,ascii,3469448,Extension minSize height: %d
PlugPlug.dll,ascii,3469480,Extension maxSize width: %d
PlugPlug.dll,ascii,3469512,Extension maxSize height: %d
PlugPlug.dll,ascii,3469544,Extension iconPathDarkNormal : %s
PlugPlug.dll,ascii,3469584,Extension iconPathDarkRollOver: %s
PlugPlug.dll,ascii,3469624,PlugPlugSetup
PlugPlug.dll,ascii,3469648,D:\release\release-12\CEP\projects\native\PlugPlug\src\PlugPlug.cpp
PlugPlug.dll,ascii,3469720,PlugPlug Audit ID not embedded
PlugPlug.dll,ascii,3469752,PlugPlugSetup: %s (%@)
PlugPlug.dll,ascii,3469776,PlugPlugSetup: %@
PlugPlug.dll,ascii,3469800,PlugPlugSetup: %s
PlugPlug.dll,ascii,3469864,PlugPlugLoadExtension
PlugPlug.dll,ascii,3469888,%s| %s starts for extension: %s
PlugPlug.dll,ascii,3469920,PlugPlugLoadExtension: %s (%@)
PlugPlug.dll,ascii,3469952,PlugPlugLoadExtension: %s
PlugPlug.dll,ascii,3469984,%s| %s ends for extension: %s with return value: %s
PlugPlug.dll,ascii,3470040,PlugPlugLoadExtensionEx
PlugPlug.dll,ascii,3470064,PlugPlugLoadExtensionEx: %s (%@)
PlugPlug.dll,ascii,3470104,PlugPlugLoadExtensionEx: %s
PlugPlug.dll,ascii,3470136,PlugPlugUnloadExtension
PlugPlug.dll,ascii,3470160,PlugPlugUnloadExtension: %s (%@)
PlugPlug.dll,ascii,3470200,PlugPlugUnloadExtension: %s
PlugPlug.dll,ascii,3470232,PlugPlugMenuCall
PlugPlug.dll,ascii,3470256,%s| %s starts for extension: %s inMenuID: %s
PlugPlug.dll,ascii,3470328,PlugPlugMenuCall: %s (%@)
PlugPlug.dll,ascii,3470360,PlugPlugMenuCall : %s
PlugPlug.dll,ascii,3470384,%s| %s ends for extension: %s inMenuID: %s Return value: %s
PlugPlug.dll,ascii,3470456,PlugPlugNotifyStateChange
PlugPlug.dll,ascii,3470488,%s| %s starts for extension: %s inEvent->event : %s
PlugPlug.dll,ascii,3470544,"PlugPlugNotifyStateChange called for extension : %s,  inEvent->event : %s"
PlugPlug.dll,ascii,3470624,PlugPlugStateChange_lastValue
PlugPlug.dll,ascii,3470656,PlugPlugNotifyStateChange: %s (%@)
PlugPlug.dll,ascii,3470696,PlugPlugNotifyStateChange : %s
PlugPlug.dll,ascii,3470736,"%s| %s ends for extension: %s inEvent->event : %s, Return value: %s"
PlugPlug.dll,ascii,3470808,PlugPlugTerminate
PlugPlug.dll,ascii,3470832,PlugPlugTerminate: Unloading all extensions...
PlugPlug.dll,ascii,3470880,PlugPlugTerminate: Releasing g_plugplug...
PlugPlug.dll,ascii,3470928,PlugPlugTerminate: %s (%@)
PlugPlug.dll,ascii,3470960,PlugPlugTerminate: %@
PlugPlug.dll,ascii,3470984,PlugPlugTerminate : %s
PlugPlug.dll,ascii,3471136,Register Extension called for extension : %s
PlugPlug.dll,ascii,3471288,Invalid HTML path : '%s'. Skipping extension.
PlugPlug.dll,ascii,3471336,PlugPlugSetHtmlPanelList
PlugPlug.dll,ascii,3471368,Unable to create Extension Menu for Plugin Html Panels
PlugPlug.dll,ascii,3471424,PlugPlugSetHtmlPanelList: %s (%@)
PlugPlug.dll,ascii,3471464,PlugPlugSetHtmlPanelList: %s
PlugPlug.dll,ascii,3471496,PlugPlugAddEventListener
PlugPlug.dll,ascii,3471552,PlugPlugAddEventListener: %s (%@)
PlugPlug.dll,ascii,3471592,PlugPlugAddEventListener: Unexpected exception.
PlugPlug.dll,ascii,3471680,PlugPlugRemoveEventListener
PlugPlug.dll,ascii,3471712,PlugPlugRemoveEventListener: %s (%@)
PlugPlug.dll,ascii,3471752,PlugPlugRemoveEventListener: Unexpected exception.
PlugPlug.dll,ascii,3471808,PlugPlugDispatchEvent
PlugPlug.dll,ascii,3471832,%s| %s starts event: %s extension: %s
PlugPlug.dll,ascii,3471872,PlugPlugDispatchEvent: %s (%@)
PlugPlug.dll,ascii,3471904,PlugPlugDispatchEvent: Unexpected exception.
PlugPlug.dll,ascii,3471952,%s| %s ends event: %s extension: %s error code: %d
PlugPlug.dll,ascii,3472008,PlugPlugGetJobs: %s (%@)
PlugPlug.dll,ascii,3472040,GetJobs: Unexpected exception.
PlugPlug.dll,ascii,3472072,PlugPlugPurgeJobs: %s (%@)
PlugPlug.dll,ascii,3472104,PurgeJobs: Unexpected exception.
PlugPlug.dll,ascii,3472144,PlugPlugIMSConnect: %s (%@)
PlugPlug.dll,ascii,3472176,PlugPlugIMSConnect: %s
PlugPlug.dll,ascii,3472200,PlugPlugIMSConnectWithEndpoint: %s (%@)
PlugPlug.dll,ascii,3472240,PlugPlugIMSConnectWithEndpoint: %s
PlugPlug.dll,ascii,3472280,PlugPlugIMSDisconnect: %s (%@)
PlugPlug.dll,ascii,3472312,PlugPlugIMSDisconnect: %s
PlugPlug.dll,ascii,3472344,PlugPlugIMSFetchAccounts: %s (%@)
PlugPlug.dll,ascii,3472384,PlugPlugIMSFetchAccounts: %s
PlugPlug.dll,ascii,3472416,PlugPlugIMSFetchAccessToken: %s (%@)
PlugPlug.dll,ascii,3472456,PlugPlugIMSFetchAccessToken: %s
PlugPlug.dll,ascii,3472488,PlugPlugIMSFetchAccessTokenWithStatus: %s (%@)
PlugPlug.dll,ascii,3472536,PlugPlugIMSFetchAccessTokenWithStatus: %s
PlugPlug.dll,ascii,3472584,PlugPlugIMSFetchContinueToken: %s (%@)
PlugPlug.dll,ascii,3472624,PlugPlugIMSFetchContinueToken: %s
PlugPlug.dll,ascii,3472664,PlugPlugIMSSetProxyCredentials: %s (%@)
PlugPlug.dll,ascii,3472704,PlugPlugIMSSetProxyCredentials: %s
PlugPlug.dll,ascii,3472744,PlugPlugShowAAM: %s (%@)
PlugPlug.dll,ascii,3472776,PlugPlugShowAAM: %s
PlugPlug.dll,ascii,3472800,PlugPlugIMSLogoutUser: %s (%@)
PlugPlug.dll,ascii,3472832,PlugPlugIMSLogoutUser: %s
PlugPlug.dll,ascii,3472864,PlugPlugIMSFetchUserProfileData: %s (%@)
PlugPlug.dll,ascii,3472912,PlugPlugIMSFetchUserProfileData: %s
PlugPlug.dll,ascii,3472952,PlugPlugIMSAttemptSSOJumpWorkflows: %s (%@)
PlugPlug.dll,ascii,3473000,PlugPlugIMSAttemptSSOJumpWorkflows: %s
PlugPlug.dll,ascii,3473040,PlugPlugDumpInstallationInfo: %s (%@)
PlugPlug.dll,ascii,3473128,PlugPlugSetScaleFactor: %s (%@)
PlugPlug.dll,ascii,3473160,PlugPlugSetScaleFactor: %s
PlugPlug.dll,ascii,3473192,PlugPlugSetNglProfileData
PlugPlug.dll,ascii,3473264,PlugPlugSetNglProfileData: Error in SetNglProfileData
PlugPlug.dll,ascii,3473320,PlugPlugSetNglProfileData: %s (%@)
PlugPlug.dll,ascii,3473360,PlugPlugSetNglProfileData: %s
PlugPlug.dll,ascii,3473680,com.adobe.csxs.events.Login
PlugPlug.dll,ascii,3473712,com.adobe.csxs.events.CancelLogin
PlugPlug.dll,ascii,3473752,com.adobe.csxs.events.Logout
PlugPlug.dll,ascii,3473784,com.adobe.csxs.events.ExtensionLoaded
PlugPlug.dll,ascii,3473824,com.adobe.csxs.events.ExtensionUnloaded
PlugPlug.dll,ascii,3473864,com.adobe.csxs.events.AppActivated
PlugPlug.dll,ascii,3473904,com.adobe.csxs.events.AppDeactivated
PlugPlug.dll,ascii,3473944,com.adobe.csxs.events.CheckSMSUpdate
PlugPlug.dll,ascii,3473984,com.adobe.csxs.events.AdminOnline
PlugPlug.dll,ascii,3474024,com.adobe.csxs.events.AdminOffline
PlugPlug.dll,ascii,3474064,com.adobe.csxs.events.AppOnline
PlugPlug.dll,ascii,3474096,com.adobe.csxs.events.AppOffline
PlugPlug.dll,ascii,3474136,com.adobe.csxs.events.UserOnline
PlugPlug.dll,ascii,3474176,com.adobe.csxs.events.UserOffline
PlugPlug.dll,ascii,3474216,com.adobe.csxs.events.ExecutableExit
PlugPlug.dll,ascii,3474256,com.adobe.csxs.events.StartDebug
PlugPlug.dll,ascii,3474296,com.adobe.csxs.events.StopDebug
PlugPlug.dll,ascii,3474328,com.adobe.csxs.events.internal.ims.FetchAccessToken
PlugPlug.dll,ascii,3474384,com.adobe.csxs.events.internal.ims.FetchAccessTokenWithStatus
PlugPlug.dll,ascii,3474496,com.adobe.csxs.events.internal.ims.LogoutUser
PlugPlug.dll,ascii,3474544,com.adobe.csxs.events.ThemeColorChanged
PlugPlug.dll,ascii,3474584,com.adobe.csxs.events.WindowVisibilityChanged
PlugPlug.dll,ascii,3474632,com.adobe.csxs.events.flyoutMenuClicked
PlugPlug.dll,ascii,3474672,com.adobe.csxs.events.flyoutMenuOpened
PlugPlug.dll,ascii,3474712,com.adobe.csxs.events.flyoutMenuClosed
PlugPlug.dll,ascii,3474752,com.adobe.csxs.events.internal.ims.SSOStatus
PlugPlug.dll,ascii,3474800,com.adobe.csxs.events.ProfileChanged
PlugPlug.dll,ascii,3474984,Unknown Exception occured
PlugPlug.dll,ascii,3475040,Load and parse manifest file failed
PlugPlug.dll,ascii,3475080,Host Application Name not known in manifest
PlugPlug.dll,ascii,3475128,No extension found for this host application
PlugPlug.dll,ascii,3475176,Extension requires higher player version than host provides
PlugPlug.dll,ascii,3475280,PlugPlugSetup must be called first
PlugPlug.dll,ascii,3475384,ExtensionId passed is not valid
PlugPlug.dll,ascii,3475464,Housing Plugin Failed to send Panel Event to the Extension
PlugPlug.dll,ascii,3475528,PlugPlugSetup called again without calling PlugPlugTerminate
PlugPlug.dll,ascii,3475592,PlugPlugSetMenu callback function not found
PlugPlug.dll,ascii,3475784,Extension not found
PlugPlug.dll,ascii,3475808,Extension not loaded
PlugPlug.dll,ascii,3475840,"<object><property id=""status""><string>PlugPlugRequestFailed</string></property></object>"
PlugPlug.dll,ascii,3475936,"<object><property id=""status""><string>PlugPlugRequestDenied</string></property></object>"
PlugPlug.dll,ascii,3476032,"<object><property id=""status""><string>PlugPlugRequestComplete</string></property></object>"
PlugPlug.dll,ascii,3476128,"<object><property id=""status""><string>PlugPlugRequestPosted</string></property></object>"
PlugPlug.dll,ascii,3476224,"<object><property id=""status""><string>PlugPlugRequestResultUnknown</string></property></object>"
PlugPlug.dll,ascii,3476320,PLUGPLUG_NO_LOG:
PlugPlug.dll,ascii,3476344,PLUGPLUG_LOG:
PlugPlug.dll,ascii,3476360,PLUGPLUG_DETAILED_LOG:
PlugPlug.dll,ascii,3476384,PLUGPLUG_FULL_LOG:
PlugPlug.dll,ascii,3476408,Software\Adobe\CSXS.12
PlugPlug.dll,ascii,3476640,SmsManifestBaseURL
PlugPlug.dll,ascii,3476800,PlugPlugErrorCode_success
PlugPlug.dll,ascii,3476832,PlugPlugErrorCode_registerExtCallbackNotFound
PlugPlug.dll,ascii,3476880,PlugPlugErrorCode_unregisterExtCallbackNotFound
PlugPlug.dll,ascii,3476928,PlugPlugErrorCode_extensionEventCallbackNotFound
PlugPlug.dll,ascii,3476984,PlugPlugErrorCode_setMenuCallbackNotFound
PlugPlug.dll,ascii,3477032,PlugPlugErrorCode_allocateEvalScriptEngineCallbackNotFound
PlugPlug.dll,ascii,3477096,PlugPlugErrorCode_disposeEvalScriptEngineCallbackNotFound
PlugPlug.dll,ascii,3477160,PlugPlugErrorCode_evalScriptCallbackNotFound
PlugPlug.dll,ascii,3477208,PlugPlugErrorCode_requestStateChangeCallbackNotFound
PlugPlug.dll,ascii,3477264,PlugPlugErrorCode_requestLoadExtensionCallbackNotFound
PlugPlug.dll,ascii,3477320,PlugPlugErrorCode_evalScriptCallbackFailed
PlugPlug.dll,ascii,3477368,PlugPlugErrorCode_AMTRequestCallbackNotFound
PlugPlug.dll,ascii,3477416,PlugPlugErrorCode_updateMenuItemCallbackNotFound
PlugPlug.dll,ascii,3477472,PlugPlugErrorCode_getHostCapabilitiesCallbackNotFound
PlugPlug.dll,ascii,3477528,PlugPlugErrorCode_getPanelCallbackNotFound
PlugPlug.dll,ascii,3477576,PlugPlugErrorCode_getCurrentImsUserIdCallbackNotFound
PlugPlug.dll,ascii,3477632,PlugPlugErrorCode_extensionRegistrationFailed
PlugPlug.dll,ascii,3477680,PlugPlugErrorCode_multipleSetupCallsNotAllowed
PlugPlug.dll,ascii,3477728,PlugPlugErrorCode_extensionNotFound
PlugPlug.dll,ascii,3477768,PlugPlugErrorCode_extensionMenuCreationFailed
PlugPlug.dll,ascii,3477816,PlugPlugErrorCode_invalidParam
PlugPlug.dll,ascii,3477848,PlugPlugErrorCode_unexpectedValue
PlugPlug.dll,ascii,3477888,PlugPlugErrorCode_scriptFileLoadFailure
PlugPlug.dll,ascii,3477928,PlugPlugErrorCode_engineAllocationFailure
PlugPlug.dll,ascii,3477976,PlugPlugErrorCode_extensionNotLoaded
PlugPlug.dll,ascii,3478016,PlugPlugErrorCode_invalidApplicationName
PlugPlug.dll,ascii,3478064,PlugPlugErrorCode_noExtensionFound
PlugPlug.dll,ascii,3478104,PlugPlugErrorCode_invalidManifestFile
PlugPlug.dll,ascii,3478144,PlugPlugErrorCode_modalDialogCantInvokeAnotherWindow
PlugPlug.dll,ascii,3478200,PlugPlugErrorCode_cantInvokeAnOpenExtension
PlugPlug.dll,ascii,3478248,PlugPlugErrorCode_engineUsedForMultipleIDs
PlugPlug.dll,ascii,3478296,PlugPlugErrorCode_engineRefcountIncreased
PlugPlug.dll,ascii,3478344,PlugPlugErrorCode_engineRefcountDecreased
PlugPlug.dll,ascii,3478392,PlugPlugErrorCode_internalError
PlugPlug.dll,ascii,3478424,PlugPlugErrorCode_systemError
PlugPlug.dll,ascii,3478456,PlugPlugErrorCode_PlayerAllocationFailed
PlugPlug.dll,ascii,3478504,PlugPlugErrorCode_needToClosePreviousFlashPanels
PlugPlug.dll,ascii,3478560,PlugPlugErrorCode_needToClosePreviousHtmlPanels
PlugPlug.dll,ascii,3478608,PlugPlugErrorCode_AMTMoreData
PlugPlug.dll,ascii,3478640,PlugPlugErrorCode_streamWriteCallbackNotFound
PlugPlug.dll,ascii,3478688,PlugPlugErrorCode_streamCloseCallbackNotFound
PlugPlug.dll,ascii,3478736,PlugPlugErrorCode_incompatibleVersion
PlugPlug.dll,ascii,3478784,PlugPlugErrorCode_addScriptEngineIncludeSearchPathCallbackNotFound
PlugPlug.dll,ascii,3478864,PlugPlugErrorCode_removeScriptEngineIncludeSearchPathCallbackNotFound
PlugPlug.dll,ascii,3478936,PlugPlugErrorCode_invalidSignature
PlugPlug.dll,ascii,3478976,PlugPlugErrorCode_needToWaitFinishExecutingEvalScript
PlugPlug.dll,ascii,3479032,PlugPlugErrorCode_getAppMainWindowCallbackNotFound
PlugPlug.dll,ascii,3479088,PlugPlugErrorCode_asyncEvalScriptCallbackNotFound
PlugPlug.dll,ascii,3479144,PlugPlugErrorCode_unknown
PlugPlug.dll,ascii,3479176,PlugPlugGetFocus
PlugPlug.dll,ascii,3479200,PlugPlugLoseFocus
PlugPlug.dll,ascii,3479224,PlugPlugGoOffline
PlugPlug.dll,ascii,3479248,PlugPlugGoOnline
PlugPlug.dll,ascii,3479272,PlugPlugReskin
PlugPlug.dll,ascii,3479288,PlugPlugWindowType_lastValue
PlugPlug.dll,ascii,3479320,PlugPlugGradientType_Linear
PlugPlug.dll,ascii,3479352,PlugPlugGradientType_lastValue
PlugPlug.dll,ascii,3479384,PlugPlugColorType_None
PlugPlug.dll,ascii,3479408,PlugPlugColorType_RGB
PlugPlug.dll,ascii,3479432,PlugPlugColorType_Gradient
PlugPlug.dll,ascii,3479464,PlugPlugColorType_lastValue
PlugPlug.dll,ascii,3479496,PlugPlugAntialiasLevel_None
PlugPlug.dll,ascii,3479528,PlugPlugAntialiasLevel_Medium
PlugPlug.dll,ascii,3479560,PlugPlugAntialiasLevel_High
PlugPlug.dll,ascii,3479592,PlugPlugAntialiasLevel_lastValue
PlugPlug.dll,ascii,3479720,CEP12-%@.log
PlugPlug.dll,ascii,3479736,PlugPlug version : %d.%d.%d.%d
PlugPlug.dll,ascii,3480192,",extensionId: "
PlugPlug.dll,ascii,3480312,manifest.xml
PlugPlug.dll,ascii,3480336,csxs::services::IInfoDumper
PlugPlug.dll,ascii,3480544,PlugPlug Version Information:
PlugPlug.dll,ascii,3480734,PlugPlug Version:%s
PlugPlug.dll,ascii,3480756,CEP Runtime Version:%s
PlugPlug.dll,ascii,3480781,CEP System Path:%s
PlugPlug.dll,ascii,3480802,CEP Additional System Path:%s
PlugPlug.dll,ascii,3480834,CEP User Path:%s
PlugPlug.dll,ascii,3480880,extensions
PlugPlug.dll,ascii,3480896,Found manifest file at path: %@
PlugPlug.dll,ascii,3480928,Error retrieving extension manifest files in directory: %@
PlugPlug.dll,ascii,3480992,CEP%d-%@-dump.log
PlugPlug.dll,ascii,3481032,csxs.services.plugplug.IIMSService
PlugPlug.dll,ascii,3481232,D:\release\release-12\CEP\resources\adobe\boost_libraries\boost\uuid\detail\random_provider_bcrypt.ipp
PlugPlug.dll,ascii,3481880,<extensionId>%@</extensionId>
PlugPlug.dll,ascii,3482312,csxs.services.plugplug.INGLService
PlugPlug.dll,ascii,3482616,csxs::services::plugplug::IProxyService
PlugPlug.dll,ascii,3482784,CEPProxyRequest
PlugPlug.dll,ascii,3483216,An exception is thrown in ProxySettingRequestor
PlugPlug.dll,ascii,3483327,?csxs.services.plugplug.IVerificationService
PlugPlug.dll,ascii,3483456,csxs::services::plugplug::VerificationService::Activate
PlugPlug.dll,ascii,3483520,D:\release\release-12\CEP\projects\native\PlugPlug\src\Services\PlugPlug\VerificationService.cpp
PlugPlug.dll,ascii,3483624,csxs::services::plugplug::VerificationService::Deactivate
PlugPlug.dll,ascii,3483688,csxs::services::plugplug::VerificationService::Verify
PlugPlug.dll,ascii,3483744,%s| Service %s starts Extension ID: %s
PlugPlug.dll,ascii,3483784,%s| Service %s ends Extension ID: %s Return value: %s
PlugPlug.dll,ascii,3483840,"TEST-LOADEXTENSION-PERFORMANCE, PLUGPLUG, Verify signature begin."
PlugPlug.dll,ascii,3483920,"TEST-LOADEXTENSION-PERFORMANCE, PLUGPLUG, Verify signature end."
PlugPlug.dll,ascii,3486936,csxs::services::ui::html::IHtmlService
PlugPlug.dll,ascii,3487088,csxs::services::ui::html::HtmlService::Activate
PlugPlug.dll,ascii,3487136,D:\release\release-12\CEP\projects\native\PlugPlug\src\Services\UI\HTML\HtmlService.cpp
PlugPlug.dll,ascii,3487272,csxs::services::ui::html::HtmlService::Deactivate
PlugPlug.dll,ascii,3487328,"TEST-LOADEXTENSION-PERFORMANCE, PLUGPLUG, LoadExtension %s begin."
PlugPlug.dll,ascii,3487400,csxs::services::ui::html::HtmlService::LoadExtension
PlugPlug.dll,ascii,3487456,%s| Service %s starts. ExtensionID: %s
PlugPlug.dll,ascii,3487496,"Extension %s already loaded, activating it..."
PlugPlug.dll,ascii,3487544,Unable to find extension %s
PlugPlug.dll,ascii,3487576,Signature verification failed for extension %s
PlugPlug.dll,ascii,3487664,"TEST-LOADEXTENSION-PERFORMANCE, PLUGPLUG, PrepareLoad begin."
PlugPlug.dll,ascii,3487728,"TEST-LOADEXTENSION-PERFORMANCE, PLUGPLUG, PrepareLoad end."
PlugPlug.dll,ascii,3487792,"TEST-LOADEXTENSION-PERFORMANCE, PLUGPLUG, LoadExtension %s end."
PlugPlug.dll,ascii,3487856,csxs::services::ui::html::HtmlService::UnloadExtension
PlugPlug.dll,ascii,3487912,Failed to unload extension %s as it is not loaded
PlugPlug.dll,ascii,3488000,%s| Service %s ends. ExtensionID: %s
PlugPlug.dll,ascii,3488040,csxs::services::ui::html::HtmlService::UnloadAllExtensions
PlugPlug.dll,ascii,3488112,HtmlService::UnloadAllExtensions(): PrepareDeactivate() failed for extension %s!
PlugPlug.dll,ascii,3488208,HtmlService::UnloadAllExtensions(): PrepareUnload() needs to wait for eval script completion for extension %s!
PlugPlug.dll,ascii,3488320,csxs::services::ui::html::HtmlService::SendExtensionLoadUnloadEvent
PlugPlug.dll,ascii,3488392,csxs::services::ui::IUIService
PlugPlug.dll,ascii,3488504,csxs::services::ui::UIService::Activate
PlugPlug.dll,ascii,3488544,D:\release\release-12\CEP\projects\native\PlugPlug\src\Services\UI\UIService.cpp
PlugPlug.dll,ascii,3488680,csxs::services::ui::UIService::Deactivate
PlugPlug.dll,ascii,3488728,csxs::services::ui::UIService::LoadExtension
PlugPlug.dll,ascii,3488776,csxs::services::ui::UIService::UnloadExtension
PlugPlug.dll,ascii,3489144,csxs::services::vulcan::IVulcanService
PlugPlug.dll,ascii,3490416,Received Exception in DispatchVulcanMessageTask
PlugPlug.dll,ascii,3490520,Received Exception in JSEvalScriptQueue::ExecuteCommand
PlugPlug.dll,ascii,3490704,/Manifest/
PlugPlug.dll,ascii,3490720,/Extensions/
PlugPlug.dll,ascii,3490736,Extensions/
PlugPlug.dll,ascii,3490752,Extensions
PlugPlug.dll,ascii,3490768,Extension
PlugPlug.dll,ascii,3490784,Extension/
PlugPlug.dll,ascii,3490976,/ExtensionList/
PlugPlug.dll,ascii,3490992,ExtensionList/
PlugPlug.dll,ascii,3491008,ExtensionType
PlugPlug.dll,ascii,3491088,ExtensionDispatchInfo
PlugPlug.dll,ascii,3491112,ExtensionDispatchInfo/
PlugPlug.dll,ascii,3491360,/@ExtensionId
PlugPlug.dll,ascii,3491616,"<PlugPlugEnvelope xmlns:xsi=""http://www.w3.org/2001/XMLSchema-instance"" xsi:noNamespaceSchemaLocation=""./AmtlibPlugPlug.xsd""><request id=""2"" functionName=""showAAM""><arguments><CEPData>"
PlugPlug.dll,ascii,3491808,</CEPData></arguments></request></PlugPlugEnvelope>
PlugPlug.dll,ascii,3491872,<CEPInfo><ServiceCode>%s</ServiceCode><ClientSecret>%s</ClientSecret><RedirectURI>%s</RedirectURI><UserGUID>%s</UserGUID><SaoGUID>%s</SaoGUID><Scope>%s</Scope><CallerID>%s</CallerID><VulcanID></VulcanID></CEPInfo>
PlugPlug.dll,ascii,3492248,CmdAMTRequestCall: extensionId not set
PlugPlug.dll,ascii,3492568,"CmdDispatchEventImpl, extensionID not specified"
PlugPlug.dll,ascii,3492872,CmdGetExtensions: Context not set
PlugPlug.dll,ascii,3492912,CmdGetExtensions: ExtensionIDSet not set
PlugPlug.dll,ascii,3492960,CmdSetIsLoaded: service not found
PlugPlug.dll,ascii,3493248,Exception occured with exception code: %x
PlugPlug.dll,ascii,3493424,CmdGetLocalizedValues: extensionID not set
PlugPlug.dll,ascii,3493728,CmdLoadExtension: Context not set
PlugPlug.dll,ascii,3493768,CmdLoadExtension: extensionID not set
PlugPlug.dll,ascii,3493808,CmdLoadExtension: Extension to load not set
PlugPlug.dll,ascii,3493856,Extension not found: %s
PlugPlug.dll,ascii,3493888,LoadExtension: Extension is trying to load itself a second time.
PlugPlug.dll,ascii,3493960,LoadExtension: Extension <%@> not found.
PlugPlug.dll,ascii,3494008,LoadExtension: CmdLoadExtensionImpl::LoadExtension() failed.
PlugPlug.dll,ascii,3494072,LoadExtension: invalidate extension type.
PlugPlug.dll,ascii,3494176,CmdSetIsLoaded: context not set
PlugPlug.dll,ascii,3494208,CmdSetIsLoaded: Target Extension to load not set
PlugPlug.dll,ascii,3494264,SetIsLoaded: Extension <%@> currently not loaded
PlugPlug.dll,ascii,3494320,UnloadExtension called for extension : %s
PlugPlug.dll,ascii,3494392,SetIsLoaded: Failed to dispose scripting engine <%s>.
PlugPlug.dll,ascii,3494624,An error occurred while trying to clean up an unloaded extension: %@
PlugPlug.dll,ascii,3494696,<ExtensionLoadedEvent>
PlugPlug.dll,ascii,3494752,</ExtensionLoadedEvent>
PlugPlug.dll,ascii,3494784,<ExtensionUnloadedEvent>
PlugPlug.dll,ascii,3494848,</ExtensionUnloadedEvent>
PlugPlug.dll,ascii,3494936,CmdSetIsSigned: m_targetExtensionId must not be NULL
PlugPlug.dll,ascii,3495232,csxs.event.IEventFactory
PlugPlug.dll,ascii,3495360,<ExtensionLoadedEvent><Id>%@</Id><Params>%@</Params></ExtensionLoadedEvent>
PlugPlug.dll,ascii,3495440,<ExtensionUnloadedEvent><Id>%@</Id><ClosingType>%d</ClosingType></ExtensionUnloadedEvent>
PlugPlug.dll,ascii,3495552,csxs.event.IEventManager
PlugPlug.dll,ascii,3495632,<data><payload>%@</payload></data>
PlugPlug.dll,ascii,3495832,csxs::event::EventManager::AddEventListener
PlugPlug.dll,ascii,3495888,D:\release\release-12\CEP\projects\native\PlugPlug\src\Event\EventManager.cpp
PlugPlug.dll,ascii,3496016,csxs::event::EventManager::RemoveEventListener
PlugPlug.dll,ascii,3496064,csxs::event::EventManager::DispatchEvent
PlugPlug.dll,ascii,3496200,Received Exception in DispatchEventTask
PlugPlug.dll,ascii,3499136,"TEST-LOADEXTENSION-PERFORMANCE, PLUGPLUG, Post message to execute InitContent command for extension %s"
PlugPlug.dll,ascii,3499248,"TEST-IMSLIB-PERFORMANCE, PLUGPLUG, PlugPlug receives an event, type %s"
PlugPlug.dll,ascii,3499328,"TEST-IMSLIB-PERFORMANCE, PLUGPLUG, Sending data to CEPHtmlEngine."
PlugPlug.dll,ascii,3499408,"TEST-PERFORMANCE, PLUGPLUG, PlugPlug receives a Vulcan message, type %s"
PlugPlug.dll,ascii,3499480,"TEST-PERFORMANCE, PLUGPLUG, Sending data to CefHtmlEngine."
PlugPlug.dll,ascii,3499568,Not able to access extension or csxs::services::ui::html::VulcanGetTargetSpecifiersExCommand
PlugPlug.dll,ascii,3499664,Not able to access extension or csxs::services::ui::html::VulcanLaunchAppExCommand
PlugPlug.dll,ascii,3499760,Not able to access extension or csxs::services::ui::html::VulcanIsAppRunningEx
PlugPlug.dll,ascii,3499840,Not able to access extension or csxs::services::ui::html::VulcanIsAppInstalledEx
PlugPlug.dll,ascii,3499936,Not able to access extension or csxs::services::ui::html::VulcanGetAppPathEx
PlugPlug.dll,ascii,3500160,closeExtension
PlugPlug.dll,ascii,3500360,requestOpenExtension
PlugPlug.dll,ascii,3500400,getExtensions
PlugPlug.dll,ascii,3500416,extensionIds
PlugPlug.dll,ascii,3501288,isAdobeExtension
PlugPlug.dll,ascii,3501584,"invokeSync - fName: %s, params:%s, exception:(%@)"
PlugPlug.dll,ascii,3501640,"invokeSync - fName: %s, params:%s, exception:(%s)"
PlugPlug.dll,ascii,3501696,"invokeSync - fName: %s, params:%s, exception:(unknown)"
PlugPlug.dll,ascii,3501888,"invokeAsync - fName: %s, params:%s, exception:(%@)"
PlugPlug.dll,ascii,3501944,"invokeAsync - fName: %s, params:%s, exception:(%s)"
PlugPlug.dll,ascii,3502000,"invokeAsync - fName: %s, params:%s, exception:(unknown)"
PlugPlug.dll,ascii,3502056,csxs.services.ui.html.MessageHwndProcName
PlugPlug.dll,ascii,3502104,PlugPlugHtmlContentProcName
PlugPlug.dll,ascii,3502136,CEPRPCServer
PlugPlug.dll,utf16le,3502152,CEPHtmlEngine
PlugPlug.dll,ascii,3502280,Received Exception in EXECUTE_CMD_ON_MAIN_THREAD
PlugPlug.dll,ascii,3502576,HtmlExtension::~HtmlExtension: %s
PlugPlug.dll,ascii,3502616,HtmlExtension::~HtmlExtension: post WM_QUIT to engine...
PlugPlug.dll,ascii,3502688,"HtmlExtension::~HtmlExtension: failed to post WM_QUIT to engine, thread id %d, errno %d!"
PlugPlug.dll,ascii,3502904,Exception in HTMLEngine Destructor.
PlugPlug.dll,ascii,3502944,csxs::services::ui::html::HtmlExtension::PrepareLoad
PlugPlug.dll,ascii,3503008,D:\release\release-12\CEP\projects\native\PlugPlug\src\__win32__\Services\UI\HTML\HtmlExtension.cpp
PlugPlug.dll,ascii,3503112,"%s| %s starts,  extensionID %s"
PlugPlug.dll,ascii,3503144,"TEST-LOADEXTENSION-PERFORMANCE, PLUGPLUG, Init ContentHwnd..."
PlugPlug.dll,ascii,3503208,"TEST-LOADEXTENSION-PERFORMANCE, PLUGPLUG, Init MessageHwnd..."
PlugPlug.dll,ascii,3503272,"TEST-LOADEXTENSION-PERFORMANCE, PLUGPLUG, Init RPC..."
PlugPlug.dll,ascii,3503328,"%s| %s ends, InitIpcServerEndpoint failed, extensionID %s"
PlugPlug.dll,ascii,3503392,"TEST-LOADEXTENSION-PERFORMANCE, PLUGPLUG, Init client process..."
PlugPlug.dll,ascii,3503464,"%s| %s ends, ForkClientProcess failed,  extensionID %s"
PlugPlug.dll,ascii,3503520,"%s| %s ends,  extensionID %s"
PlugPlug.dll,ascii,3503552,HtmlExtension::PrepareDeactivate: engine message handle not found for %s!
PlugPlug.dll,ascii,3503632,HtmlExtension::PrepareDeactivate: post WM_DESTROY to %s's engine...
PlugPlug.dll,ascii,3503704,csxs::services::ui::html::HtmlExtension::PrepareUnload
PlugPlug.dll,ascii,3503760,Unloading started. Type: PlugPlugCloseExtensionType_CallNativeApi
PlugPlug.dll,ascii,3503840,"HtmlExtension::PrepareUnload: destroy content view window of %s, handle %d..."
PlugPlug.dll,ascii,3503920,"HtmlExtension::PrepareUnload: failed to destroy content view window, handle %d, errno %d!"
PlugPlug.dll,ascii,3504016,HtmlExtension::PrepareUnload: engine message handle not found!
PlugPlug.dll,ascii,3504080,HtmlExtension::PrepareUnload: post WM_DESTROY to engine...
PlugPlug.dll,ascii,3504144,HtmlExtension::ContentViewHwndProc: post WM_DESTROY to engine...
PlugPlug.dll,ascii,3504256,"TEST-LOADEXTENSION-PERFORMANCE, PLUGPLUG, InitContent begin for extension %s"
PlugPlug.dll,ascii,3504336,"TEST-LOADEXTENSION-PERFORMANCE, PLUGPLUG, InitContent end for extension %s"
PlugPlug.dll,ascii,3504456,HtmlExtension::InitContentHwnd: m_contentView is %d
PlugPlug.dll,ascii,3504512,CEPHtmlEngine.exe
PlugPlug.dll,ascii,3504544,Error while launching extension. Can't create MonitorThread or EventTerminateMonitorThread. NULL extensionUid
PlugPlug.dll,ascii,3504656,MonitorThread creation failed or thread exited with exception: %s
PlugPlug.dll,ascii,3504728,Error creating CEPHtmlEngine subprocess
PlugPlug.dll,utf16le,3504766,scsxs.services.ui.html.MessageHwndClassName
PlugPlug.dll,ascii,3505008,Unable to find CEPHtmlEngine.
PlugPlug.dll,ascii,3505040,The full pathname of CEPHtmlEngine is too long.
PlugPlug.dll,ascii,3505136,CEP_Ingest_Env_Stage
PlugPlug.dll,ascii,3505408,Command line arguments to CEPHtmlEngine are too long.
PlugPlug.dll,ascii,3505464,CEPHtmlEngineMessageHWNDClass
PlugPlug.dll,ascii,3505504,HtmlExtension::SetVerificationResult: exception caught in CmdSetIsSigned
PlugPlug.dll,ascii,3505584,HtmlExtension::SetVerificationResult: exception caught in CmdSetIsLoaded
PlugPlug.dll,ascii,3505664,HtmlExtension::SetVerificationResult: exception caught in application callback
PlugPlug.dll,ascii,3505744,Error while loading extension. Can't create MonitorThread. Empty function argument extensionUuid
PlugPlug.dll,ascii,3505848,CEPMonitorThread
PlugPlug.dll,ascii,3505992,"CEPHtmlEngine exits, unload extension"
PlugPlug.dll,ascii,3506096,CEPIMSThread
PlugPlug.dll,utf16le,3506528,csxs.plugplug.ui.window.EmbeddedNativeWindow
PlugPlug.dll,utf16le,3506624,csxs.plugplug.ui.window.EmbeddedNativeWindow.DefaultWindowProc
PlugPlug.dll,utf16le,3506752,com.adobe.plugplug.html.request-activate
PlugPlug.dll,utf16le,3507168,csxs.plugplug.ui.window.HtmlPanelNativeWindow
PlugPlug.dll,utf16le,3507264,csxs.plugplug.ui.window.HtmlPanelNativeWindow.DefaultWindowProc
PlugPlug.dll,ascii,3507448,csxs::plugplug::ui::window::MODAL_PROC_NAME
PlugPlug.dll,ascii,3507880,csxs::plugplug::ui::window::MODELESS_PROC_NAME
PlugPlug.dll,utf16le,3508688,PLUGPLUG_UI_NATIVE_WINDOW_CLASS_NAME
PlugPlug.dll,utf16le,3508848,CEP_VER_9_PANEL_SCALE_FACTOR_TEST
PlugPlug.dll,utf16le,3508944,CEP_VER_9_MODAL_SCALE_FACTOR_TEST
PlugPlug.dll,utf16le,3509040,CEP_VER_9_MODELESS_SCALE_FACTOR_TEST
PlugPlug.dll,ascii,3509656,Adobe\CEP\
PlugPlug.dll,ascii,3509672,Adobe/CEP
PlugPlug.dll,ascii,3510344,Unknow ExtensionDataType: %s
PlugPlug.dll,ascii,3511408,D:\release\release-12\CEP\resources\adobe\boost_libraries\boost\property_tree\ini_parser.hpp
PlugPlug.dll,ascii,3513456,D:\release\release-12\CEP\resources\adobe\boost_libraries\boost\property_tree\detail\ptree_implementation.hpp
PlugPlug.dll,ascii,3513920,An error occurred while trying to access the extensions manifest '%@': %@
PlugPlug.dll,ascii,3514000,An error occurred while trying to access the extensions manifest at %@: General error
PlugPlug.dll,ascii,3514088,/ExtensionManifest/@Version
PlugPlug.dll,ascii,3514176,Unsupported Manifest version '%@' in '%@'
PlugPlug.dll,ascii,3514224,An illegal argument occurred while creating the ExtensionManifest: %@
PlugPlug.dll,ascii,3514296,An unknown error occurred while creating the ExtensionManifest
PlugPlug.dll,ascii,3514416,ExtensionManifest_ExtensionBundleId
PlugPlug.dll,ascii,3514456,ExtensionManifest_ExtensionBundleVersion
PlugPlug.dll,ascii,3514504,ExtensionManifest_Extensions
PlugPlug.dll,ascii,3514536,ExtensionManifest_Valid
PlugPlug.dll,ascii,3514560,ExtensionManifest_ExtensionManifestPath
PlugPlug.dll,ascii,3514600,ExtensionManifest_ModDate
PlugPlug.dll,ascii,3514632,Extension_BasePath
PlugPlug.dll,ascii,3514656,Extension_ExtensionBundleId
PlugPlug.dll,ascii,3514688,Extension_ExtensionBundleVersion
PlugPlug.dll,ascii,3514728,Extension_ExtensionId
PlugPlug.dll,ascii,3514752,Extension_ExtensionVersion
PlugPlug.dll,ascii,3514784,Extension_MainPath
PlugPlug.dll,ascii,3514808,Extension_ScriptPath
PlugPlug.dll,ascii,3514832,Extension_ScriptEngineId
PlugPlug.dll,ascii,3514864,Extension_CEFcommandLine
PlugPlug.dll,ascii,3514896,Extension_AutoVisible
PlugPlug.dll,ascii,3514920,Extension_HideOnClose
PlugPlug.dll,ascii,3514944,Extension_StartOnEvents
PlugPlug.dll,ascii,3514968,Extension_Type
PlugPlug.dll,ascii,3514984,Extension_Menu
PlugPlug.dll,ascii,3515000,Extension_MenuPlacement
PlugPlug.dll,ascii,3515024,Extension_Size
PlugPlug.dll,ascii,3515040,Extension_MaxSize
PlugPlug.dll,ascii,3515064,Extension_MinSize
PlugPlug.dll,ascii,3515088,Extension_IconTypeNormal
PlugPlug.dll,ascii,3515120,Extension_IconTypeDisabled
PlugPlug.dll,ascii,3515152,Extension_IconTypeRollOver
PlugPlug.dll,ascii,3515184,Extension_IconTypeDarkNormal
PlugPlug.dll,ascii,3515216,Extension_IconTypeDarkRollOver
PlugPlug.dll,ascii,3515248,Extension_DefaultExtensionData
PlugPlug.dll,ascii,3515280,Extension_SpecialExtensionData
PlugPlug.dll,ascii,3515408,Extension_RequiredRuntimeList
PlugPlug.dll,ascii,3515568,csxs.extension.IExtensionRegistry
PlugPlug.dll,ascii,3515728,An extension with ID '%@' already exists
PlugPlug.dll,ascii,3515776,No extension with ID '%@' exists
PlugPlug.dll,ascii,3515816,csxs::extension::ExtensionRegistry::Activate
PlugPlug.dll,ascii,3515872,D:\release\release-12\CEP\projects\native\PlugPlug\src\Extension\ExtensionRegistry.cpp
PlugPlug.dll,ascii,3515960,csxs::extension::ExtensionRegistry::Deactivate
PlugPlug.dll,ascii,3516008,Searching for valid extensions in '%@'
PlugPlug.dll,ascii,3516048,Searching for valid extensions in '%s'
PlugPlug.dll,ascii,3516096,An error occurred while trying to access the extensions dir at %@: %@
PlugPlug.dll,ascii,3516176,A general error occurred while accessing the extension manifest files
PlugPlug.dll,ascii,3516248,Removed ExtensionManifest at %@ because it is invalid
PlugPlug.dll,ascii,3516304,Found a newer version for ExtensionManifest '%@' (replacing version '%@' with '%@').
PlugPlug.dll,ascii,3516392,Added ExtensionManifest from '%@' to out list
PlugPlug.dll,ascii,3516440,Keeping ExtensionManifest from '%@'
PlugPlug.dll,ascii,3516480,"A newer/equal version for ExtensionManifest '%@' already exists, ignoring second ExtensionManifest (got '%@'; ignoring '%@')."
PlugPlug.dll,ascii,3516608,Found duplicate extension with id '%s'
PlugPlug.dll,ascii,3516648,ExtensionManifest will be removed
PlugPlug.dll,ascii,3516688,ExtensionManifest '%@' contains '%d' valid extensions for this host
PlugPlug.dll,ascii,3516760,Found extension with id '%@'
PlugPlug.dll,ascii,3516832,-> ExtensionBundleId           : %@
PlugPlug.dll,ascii,3516872,-> ExtensionBundleVersion      : %@
PlugPlug.dll,ascii,3517760,-> DefaultExtensionData        : %@
PlugPlug.dll,ascii,3517800,-> SpecialExtensionData        : %@
PlugPlug.dll,ascii,3518824,csxs.amt.IAMTLibrarySupport
PlugPlug.dll,ascii,3519208,/PlugPlugEnvelope/response
PlugPlug.dll,ascii,3519760,"<PlugPlugEnvelope xmlns:xsi=""http://www.w3.org/2001/XMLSchema-instance"" xsi:noNamespaceSchemaLocation=""./AmtlibPlugPlug.xsd"">"
PlugPlug.dll,ascii,3519944,</request></PlugPlugEnvelope>
PlugPlug.dll,ascii,3520360,csxs.internal.IApplicationCallbacks
PlugPlug.dll,ascii,3520768,"Calling RegisterExtension delegate for extension ID = %s, Number of hosts = %d"
PlugPlug.dll,ascii,3520848,PlugPlugRegisterExtension() callback returned: %s
PlugPlug.dll,ascii,3520984,PlugPlugUnregisterExtension() callback returned: %s
PlugPlug.dll,ascii,3521056,"PlugPlugSetMenu() callback called for %s menu. Extension : %s, inMenuPosition: %s, Menu: %s"
PlugPlug.dll,ascii,3521152,PlugPlugSetMenu() callback returned: %s
PlugPlug.dll,ascii,3521200,"PlugPlugRequestStateChange() callback called. Extension: %s, objStateData.change: %s"
PlugPlug.dll,ascii,3521288,PlugPlugRequestStateChange() callback returned: %s
PlugPlug.dll,ascii,3521344,PlugPlugAllocateEvalScriptEngine() callback called. EngineId: %s
PlugPlug.dll,ascii,3521416,PlugPlugAllocateEvalScriptEngine() callback returned: %s
PlugPlug.dll,ascii,3521488,"PlugPlugAllocateEvalScriptEngineType() callback called. EngineId: %s, %d"
PlugPlug.dll,ascii,3521568,PlugPlugAllocateEvalScriptEngineType() callback returned: %s
PlugPlug.dll,ascii,3521632,PlugPlugDisposeEvalScriptEngine() callback called. EngineId: %s
PlugPlug.dll,ascii,3521696,PlugPlugDisposeEvalScriptEngine() callback returned: %s
PlugPlug.dll,ascii,3521760,PlugPlugAddScriptEngineIncludeSearchPath() callback called. EngineId: %s; IncludePath: %s
PlugPlug.dll,ascii,3521856,PlugPlugAddScriptEngineIncludeSearchPath() callback returned: %s
PlugPlug.dll,ascii,3522096,"PlugPlugEvalScriptFn() callback called. EngineId: %s, Script: %s"
PlugPlug.dll,ascii,3522168,PlugPlugEvalScriptFn() callback returned: %s
PlugPlug.dll,ascii,3522216,outResult value of PlugPlugEvalScript() : %s
PlugPlug.dll,ascii,3522272,"PlugPlugEvalScriptAsyncFn() callback called. EngineId: %s, Script: %s"
PlugPlug.dll,ascii,3522344,PlugPlugEvalScriptAsyncFn() callback returned: %s
PlugPlug.dll,ascii,3522400,PlugPlugStreamWrite() callback called. streamRef:%p numBytes:%d
PlugPlug.dll,ascii,3522464,PlugPlugStreamWrite() callback returned: %s
PlugPlug.dll,ascii,3522512,PlugPlugCloseStream() callback called. streamRef:%p success:%d
PlugPlug.dll,ascii,3522576,PlugPlugCloseStream() callback returned: %s
PlugPlug.dll,ascii,3522624,PlugPlugAMTRequest() callback called. Request: %s
PlugPlug.dll,ascii,3522680,PlugPlugAMTRequest() return value: %s
PlugPlug.dll,ascii,3522720,PlugPlugAMTRequest() XML returned chunk: %s
PlugPlug.dll,ascii,3522960,PlugPlugUpdateMenuItem() callback called. Extension : %s
PlugPlug.dll,ascii,3523024,PlugPlugUpdateMenuItem() callback returned: %s
PlugPlug.dll,ascii,3523072,GetPanel() callback called. Extension : %s
PlugPlug.dll,ascii,3523504,SetWindowTitle() callback called. extensionId: %s; title: %s
PlugPlug.dll,ascii,3523608,GetWindowTitle() callback called. extensionId: %s
PlugPlug.dll,ascii,3523720,SaveWindowGeometry() callback called. extensionId: %s
PlugPlug.dll,ascii,3523824,GetExtensionScaleFactor() callback called. extensionId: %s
PlugPlug.dll,ascii,3523904,GetExtensionScaleFactor() callback returned: %s scalefactor value: %f
PlugPlug.dll,ascii,3525080,PlugPlugCommonFilesPath
PlugPlug.dll,ascii,3525104,PlugPlugMyDocumentsPath
PlugPlug.dll,ascii,3525128,PlugPlugUserDataPath
PlugPlug.dll,ascii,3525152,PlugPlugApplicationPath
PlugPlug.dll,ascii,3525176,PlugPlugHostApplicationPath
PlugPlug.dll,ascii,3525208,csxs::services::environment::IHostEnvironment
PlugPlug.dll,ascii,3525536,csxs::services::host::Environment::Environment
PlugPlug.dll,ascii,3525584,D:\release\release-12\CEP\projects\native\PlugPlug\src\Services\Host\Environment.cpp
PlugPlug.dll,ascii,3525752,csxs::services::host::Environment::SetNglProfileData
PlugPlug.dll,ascii,3525904,SetNglProfileData: Error when attempting to NGLProfileData to CEP
PlugPlug.dll,ascii,3526128,csxs.services.plugplug.ILocalizationService
PlugPlug.dll,ascii,3526584,csxs::services::plugplug::IPreferencesService
PlugPlug.dll,ascii,3527136,PlugPlugInvokeCSIAsyncEvent
PlugPlug.dll,ascii,3527752,ExtensionInfo
PlugPlug.dll,ascii,3527784,loadingTime
PlugPlug.dll,ascii,3527864,Headlights service fails to log extension data.
PlugPlug.dll,ascii,3528072,PlugPlug already initialized
PlugPlug.dll,ascii,3528112,"PlugPlugSetup incompatible version number. Expected %d or lower, but was %d."
PlugPlug.dll,ascii,3528192,*********** Number of extensions found : %d **********
PlugPlug.dll,ascii,3528248,ExtensionId may not be empty
PlugPlug.dll,ascii,3528280,Couldn't fetch pointers to Service for extension: %s
PlugPlug.dll,ascii,3528336,PlugPlug::UnloadAllHtmlExtensions: unloading all html extensions...
PlugPlug.dll,ascii,3528408,PlugPlug::UnloadAllHtmlExtensions: done
PlugPlug.dll,ascii,3528448,PlugPlug::UnloadAllHtmlExtensions: %s
PlugPlug.dll,ascii,3528496,"Register Extension called for Extension : %s, ExtensionType : %s"
PlugPlug.dll,ascii,3528688,Unable to create Extension Menu for CustomPlacement : %s
PlugPlug.dll,ascii,3528752,Windows 64-bit PlugPlug logs
PlugPlug.dll,ascii,3528816,PlugPlugSetup() API called:
PlugPlug.dll,ascii,3529032,hostData->overrideManifestLocation : %s
PlugPlug.dll,ascii,3529104,hostData->hostCEPHtmlEngineDirectory : %s
PlugPlug.dll,ascii,3529152,hostData->hostExtensionDirectory :%s
PlugPlug.dll,ascii,3529192,hostData->hostStageManagerDirectory : %s
PlugPlug.dll,ascii,3529440,"HostData : {appName : %s, appVersion : %s, isApplicationOffline : %s, hostExtensionDirectory : %s}"
PlugPlug.dll,ascii,3529552,"Extension info: {inPlayerType : %d, mainUTF8Path : %s, windowType: %s, showWindowOnCreate: %s}"
PlugPlug.dll,ascii,3529712,cepVersionNumber
PlugPlug.dll,ascii,3529736,cepApiVersion
PlugPlug.dll,ascii,3529840,PlugPlug not initialized
PlugPlug.dll,ascii,3530328,CheckIsAdobeSignedExtension: Service '%@' not found
PlugPlug.dll,ascii,3530424,csxs::plugplug::application::IExtensionHandler
PlugPlug.dll,ascii,3530656,Registering of extension '%@' failed. Cleaning up state!
PlugPlug.dll,ascii,3530720,"Setting ExtensionDataHostList for extension ID = %s, Number of hosts = %d"
PlugPlug.dll,ascii,3530800,csxs.extension.IExtensionLoadService
PlugPlug.dll,ascii,3530944,Starting extension '%s' on event '%s'
PlugPlug.dll,ascii,3531056,ExtensionLoadService activated
PlugPlug.dll,ascii,3531088,csxs.job.IJobManager
PlugPlug.dll,ascii,3534968,standalone accepts only 'yes' or 'no'
PlugPlug.dll,ascii,3535936,EntityValue: '%c' forbidden except for entities references
PlugPlug.dll,ascii,3539976,xmlLoadEntityContent parameter error
PlugPlug.dll,ascii,3540056,xmlLoadEntityContent input error
PlugPlug.dll,ascii,3540096,xmlLoadEntityContent: invalid char value %d
PlugPlug.dll,ascii,3545136,C:\jslave\workspace\CEP_Metabuild_Dependencies\dist\git\adobe\meta-archives\libxml2\xpath.c
PlugPlug.dll,ascii,3557208,"Could not load the external subset ""%s"""
PlugPlug.dll,ascii,3560992,failed to load external entity: NULL filename 
PlugPlug.dll,ascii,3561040,"failed to load external entity ""%s"""
PlugPlug.dll,ascii,3588464,onload
PlugPlug.dll,ascii,3588472,onunload
PlugPlug.dll,ascii,3588632,accept
PlugPlug.dll,ascii,3588664,accept-charset
PlugPlug.dll,ascii,3588848,pluginspace
PlugPlug.dll,ascii,3588864,pluginurl
PlugPlug.dll,ascii,3589776,directory list
PlugPlug.dll,ascii,3607808,Is a directory
PlugPlug.dll,ascii,3607976,No such file or directory
PlugPlug.dll,ascii,3608136,Not a directory
PlugPlug.dll,ascii,3608152,Directory not empty
PlugPlug.dll,ascii,3608424,Attempt to load network entity %s
PlugPlug.dll,ascii,3608544,loading error
PlugPlug.dll,ascii,3609304,"failed to load HTTP resource ""%s"""
PlugPlug.dll,ascii,3609344,failed to load HTTP resource
PlugPlug.dll,ascii,3615872,C:\jslave\workspace\CEP_Metabuild_Dependencies\dist\git\adobe\meta-archives\libxml2\xmlschemastypes.c
PlugPlug.dll,ascii,3616704,xmlRelaxNG: could not load %s
PlugPlug.dll,ascii,3617188,except
PlugPlug.dll,ascii,3619328,Value '%s' is not acceptable for type '%s'
PlugPlug.dll,ascii,3619520,except has no content
PlugPlug.dll,ascii,3619584,C:\jslave\workspace\CEP_Metabuild_Dependencies\dist\git\adobe\meta-archives\libxml2\relaxng.c
PlugPlug.dll,ascii,3621056,Expecting an except node
PlugPlug.dll,ascii,3621088,exceptNameClass allows only a single except node
PlugPlug.dll,ascii,3621688,"RNG Internal error, except found in element"
PlugPlug.dll,ascii,3622608,Found forbidden pattern data/except//ref
PlugPlug.dll,ascii,3622744,Found forbidden pattern data/except//element(ref)
PlugPlug.dll,ascii,3623216,Found forbidden pattern data/except//attribute
PlugPlug.dll,ascii,3623424,Found forbidden pattern data/except//oneOrMore
PlugPlug.dll,ascii,3623560,Found forbidden pattern data/except//list
PlugPlug.dll,ascii,3623648,Found forbidden pattern data/except//group
PlugPlug.dll,ascii,3623784,Found forbidden pattern data/except//interleave
PlugPlug.dll,ascii,3624008,Found forbidden pattern data/except//text
PlugPlug.dll,ascii,3624096,Found forbidden pattern data/except//empty
PlugPlug.dll,ascii,3624680,Failed to load externalRef %s
PlugPlug.dll,ascii,3624800,Failed to load include %s
PlugPlug.dll,ascii,3624920,Found nsName/except//nsName forbidden construct
PlugPlug.dll,ascii,3624976,Found anyName/except//anyName forbidden construct
PlugPlug.dll,ascii,3625032,Found nsName/except//anyName forbidden construct
PlugPlug.dll,ascii,3625088,xmlRelaxNGParse: could not load %s
PlugPlug.dll,ascii,3626688,C:\jslave\workspace\CEP_Metabuild_Dependencies\dist\git\adobe\meta-archives\libxml2\xpointer.c
PlugPlug.dll,ascii,3630945,cd [path]    change directory to path or to root
PlugPlug.dll,ascii,3631297,load [name]  load a new document with name
PlugPlug.dll,ascii,3631345,ls [path]    list contents of path or the current directory
PlugPlug.dll,ascii,3631913,pwd          display current working directory
PlugPlug.dll,ascii,3631969,whereis      display absolute path of [path] or current working directory
PlugPlug.dll,ascii,3634880,C:\jslave\workspace\CEP_Metabuild_Dependencies\dist\git\adobe\meta-archives\libxml2\xmlregexp.c
PlugPlug.dll,ascii,3638304,C:\jslave\workspace\CEP_Metabuild_Dependencies\dist\git\adobe\meta-archives\libxml2\xmlschemas.c
PlugPlug.dll,ascii,3638992,The value '%s' is not accepted by the pattern '%s'.
PlugPlug.dll,ascii,3641176,[extension] 
PlugPlug.dll,ascii,3645008,(#all | List of (extension | restriction))
PlugPlug.dll,ascii,3645056,(#all | List of (extension | restriction | substitution))
PlugPlug.dll,ascii,3646072,(#all | List of (extension | restriction | list | union))
PlugPlug.dll,ascii,3647120,"trying to load a schema doc, but a doc is already assigned to the schema bucket"
PlugPlug.dll,ascii,3647976,Failed to load the document '%s' for inclusion
PlugPlug.dll,ascii,3648024,Failed to load the document '%s' for redefinition
PlugPlug.dll,ascii,3649864,"(annotation?, (restriction | extension))"
PlugPlug.dll,ascii,3649912,(#all | List of (extension | restriction)) 
PlugPlug.dll,ascii,3650144,"This is a redefinition, thus the <complexType> must have a <restriction> or <extension> grand-child"
PlugPlug.dll,ascii,3653504,"If the base type is a simple type, the derivation method must be 'extension'"
PlugPlug.dll,ascii,3653736,The 'final' of the base type definition contains 'extension'
PlugPlug.dll,ascii,3655264,"If <simpleContent> and <extension> is used, the base type must be a simple type. The base type '%s' is a complex type"
PlugPlug.dll,ascii,3656432,"Internal error: xmlSchemaTypeFixup, complex type '%s': the <extension>ed base type is a complex type with no simple content type"
PlugPlug.dll,ascii,3656960,"A type cannot be derived by extension from a type which has an 'all' model group in its {content type}, since this would produce a 'sequence' model group containing the 'all' model group; 'all' model groups are not allowed to appear inside other model groups"
PlugPlug.dll,ascii,3681440,CJKUnifiedIdeographsExtensionA
PlugPlug.dll,ascii,3681472,CJKUnifiedIdeographsExtensionB
PlugPlug.dll,ascii,3682160,IPAExtensions
PlugPlug.dll,ascii,3682264,KatakanaPhoneticExtensions
PlugPlug.dll,ascii,3682864,PhoneticExtensions
PlugPlug.dll,ascii,3683744,C:\jslave\workspace\CEP_Metabuild_Dependencies\dist\git\adobe\meta-archives\libxml2\xmlreader.c
PlugPlug.dll,ascii,3684920,"could not load %s, and no fallback was found"
PlugPlug.dll,ascii,3693256,GetAppDataDirectory() failed
PlugPlug.dll,ascii,3694216,"IVCException in thread ""%@"""
PlugPlug.dll,ascii,3694248,"std::exception in thread ""%@"": %s"
PlugPlug.dll,ascii,3694288,"Unknown uncaught exception in thread ""%@"""
PlugPlug.dll,ascii,3696752,CreateDirectory('%S') failed
PlugPlug.dll,ascii,3696784,RemoveDirectory('%S') failed
PlugPlug.dll,ascii,3696816,GetCurrentDirectory
PlugPlug.dll,ascii,3696840,SetCurrentDirectory('%S') failed
PlugPlug.dll,ascii,3697520,"LoadLibraryEx('%S', %x) failed"
PlugPlug.dll,ascii,3697648,SetDllDirectory('%S') failed
PlugPlug.dll,ascii,3698768,SHCreateDirectory('%S') failed
PlugPlug.dll,ascii,3698928,PathIsDirectoryW
PlugPlug.dll,ascii,3698952,PathFindExtensionW
PlugPlug.dll,ascii,3699056,PathAddExtensionW
PlugPlug.dll,ascii,3699080,PathRemoveExtensionW
PlugPlug.dll,ascii,3699216,SHGetSpecialFolderPathW
PlugPlug.dll,ascii,3700560,filesystem::recursive_directory_iterator directory error
PlugPlug.dll,ascii,3701248,Symlinks to paths outside extension directory are not permitted
PlugPlug.dll,ascii,3701609,Manifest size mismatch
PlugPlug.dll,ascii,3701641,Manifest Digest mismatch
PlugPlug.dll,ascii,3701672,</Manifest>
PlugPlug.dll,ascii,3701688,"<Manifest Id=""PackageContents"">"
PlugPlug.dll,ascii,3701720,Manifest mismatch
PlugPlug.dll,ascii,3701744,Manifest entry missing from the file path
PlugPlug.dll,ascii,3701792,Manifest entry mismatch
PlugPlug.dll,ascii,3701849,Hash manifest checking failed
PlugPlug.dll,ascii,3702176,An exception occurred during reading signatures file: 
PlugPlug.dll,ascii,3707424,boost::filesystem::create_directory
PlugPlug.dll,ascii,3707688,boost::filesystem::temp_directory_path
PlugPlug.dll,ascii,3707744,boost::filesystem::directory_iterator::construct
PlugPlug.dll,ascii,3707800,boost::filesystem::directory_iterator::operator++
PlugPlug.dll,ascii,3708128,Exception while building temporary path. Falling back to home directory.
PlugPlug.dll,ascii,3708264,Exception while creating temporary directory
PlugPlug.dll,ascii,3708312,TEMP DIRECTORY: 
PlugPlug.dll,ascii,3708640,Accept: */*
PlugPlug.dll,ascii,3708704,Exception while getting CRL list from internet
PlugPlug.dll,ascii,3708752,Failed to remove temporary directory: 
PlugPlug.dll,ascii,3709744,"<Manifest xmlns=""http://www.w3.org/2000/09/xmldsig#"" Id=""PackageContents"">"
PlugPlug.dll,ascii,3710160,Exception in getting current path from boost. Trying to find current path using GetCurrentDir
PlugPlug.dll,ascii,3714656,error:  must specify directory to which to extract with -d option
PlugPlug.dll,ascii,3717434,"  Default action is to extract files in list, except those in xlist, to exdir;"
PlugPlug.dll,ascii,3718391,  unzip data1 -x joe   => extract all files except joe from zipfile data1.zip
PlugPlug.dll,ascii,3718736,"extract zipfile entries to the current directory, creating directories as"
PlugPlug.dll,ascii,3721712,  -F   [Acorn] Suppress removal of NFS filetype extension.  [Non-Acorn if
PlugPlug.dll,ascii,3721984,  -j   Junk paths and deposit all files in extraction directory.
PlugPlug.dll,ascii,3723536,"         match directory separator /, but ** does.  Allows matching at specific"
PlugPlug.dll,ascii,3723616,         directory levels.
PlugPlug.dll,ascii,3724272,  -/ e [Acorn] Use e as extension list.
PlugPlug.dll,ascii,3724400,         locations outside of current extraction root folder.  This allows
PlugPlug.dll,ascii,3724560,"         directory, which can be a security problem."
PlugPlug.dll,ascii,3729864,  -d exd - Extract to directory exd.
PlugPlug.dll,ascii,3729904,"By default, all files extracted to current directory.  This option"
PlugPlug.dll,ascii,3729976,forces extraction to specified directory.
PlugPlug.dll,ascii,3731856,(TEST_ENG_OPENSSL_PKEY)Loading Private key %s
PlugPlug.dll,ascii,3731952,Dynamic engine loading support
PlugPlug.dll,ascii,3732384,Specifies an ENGINE id name for loading
PlugPlug.dll,ascii,3732448,"Whether to add a loaded ENGINE to the internal list (0=no,1=yes,2=mandatory)"
PlugPlug.dll,ascii,3732528,DIR_LOAD
PlugPlug.dll,ascii,3732544,"Specifies whether to load from 'DIR_ADD' directories (0=no,1=yes,2=mandatory)"
PlugPlug.dll,ascii,3732632,Adds a directory from which ENGINEs can be loaded
PlugPlug.dll,ascii,3732696,Load up the ENGINE specified by other settings
PlugPlug.dll,ascii,3733016,capi_load_privkey
PlugPlug.dll,ascii,3806448,directory services (X.500)
PlugPlug.dll,ascii,3807392,Netscape Certificate Extension
PlugPlug.dll,ascii,3810792,Microsoft Extension Request
PlugPlug.dll,ascii,3810832,Extension Request
PlugPlug.dll,ascii,3814728,id-cmc-addExtensions
PlugPlug.dll,ascii,3814992,id-cmc-confirmCertAcceptance
PlugPlug.dll,ascii,3815520,acceptableResponses
PlugPlug.dll,ascii,3815544,Acceptable OCSP Responses
PlugPlug.dll,ascii,3815808,directory services - algorithms
PlugPlug.dll,ascii,3815872,directory
PlugPlug.dll,ascii,3815888,Directory
PlugPlug.dll,ascii,3818776,message extensions
PlugPlug.dll,ascii,3818848,certificate extensions
PlugPlug.dll,ascii,3825168,subjectDirectoryAttributes
PlugPlug.dll,ascii,3825200,X509v3 Subject Directory Attributes
PlugPlug.dll,ascii,3841728,X509_EXTENSION
PlugPlug.dll,ascii,3841744,X509_EXTENSIONS
PlugPlug.dll,ascii,3843792,DIRECTORYSTRING
PlugPlug.dll,ascii,3845608,d.directoryName
PlugPlug.dll,ascii,3860584,unacceptedPolicy
PlugPlug.dll,ascii,3860608,unacceptedExtension
PlugPlug.dll,ascii,3861072,%d file%s had no zipfile directory.
PlugPlug.dll,ascii,3861112,"1 ""zipfile"" was a directory."
PlugPlug.dll,ascii,3861216,"%s:  cannot find zipfile directory in %s,"
PlugPlug.dll,ascii,3861496,     which the central zipfile directory begins (disk %lu).
PlugPlug.dll,ascii,3861569,warning [%s]:  end-of-central-directory record claims this
PlugPlug.dll,ascii,3861628,  is disk %lu but that the central directory starts on disk %lu; this is a
PlugPlug.dll,ascii,3862224,error [%s]:  NULL central directory offset
PlugPlug.dll,ascii,3862384,error [%s]:  start of central directory not found;
PlugPlug.dll,ascii,3862688,error [%s]:  reported length of central directory is
PlugPlug.dll,ascii,3862848,  End-of-central-directory signature not found.  Either this file is not
PlugPlug.dll,ascii,3862994,  latter case the central directory and zipfile comment will be found on
PlugPlug.dll,ascii,3863737,End-of-central-directory record:
PlugPlug.dll,ascii,3863881,Central directory entry #%lu:
PlugPlug.dll,ascii,3864064,  (based on the length of the central directory and its expected offset)
PlugPlug.dll,ascii,3864215,  central directory contains %s %s.
PlugPlug.dll,ascii,3864251,"  The central directory is %s (%sh) bytes long,"
PlugPlug.dll,ascii,3864474,  directory starts on disk %lu at an offset within that archive part
PlugPlug.dll,ascii,3864577,  central directory is %s (%sh) bytes long.
PlugPlug.dll,ascii,3867288,Directory   
PlugPlug.dll,ascii,3867433,  The central-directory extra field contains:
PlugPlug.dll,ascii,3872496,checkdir error:  %s exists but is not directory
PlugPlug.dll,ascii,3872728,checkdir:  cannot create extraction directory: %s
PlugPlug.dll,ascii,3895488,%12sUnable to load Public Key
PlugPlug.dll,ascii,3895568,X509v3 extensions
PlugPlug.dll,ascii,3902040,error loading section
PlugPlug.dll,ascii,3918448,BIO_accept
PlugPlug.dll,ascii,3918464,BIO_accept_ex
PlugPlug.dll,ascii,3918480,BIO_ACCEPT_new
PlugPlug.dll,ascii,3919328,accept error
PlugPlug.dll,ascii,3919712,no accept addr or service specified
PlugPlug.dll,ascii,3937216,load_iv
PlugPlug.dll,ascii,3943416,X509_EXTENSION_create_by_NID
PlugPlug.dll,ascii,3943448,X509_EXTENSION_create_by_OBJ
PlugPlug.dll,ascii,3943512,X509_load_cert_crl_file
PlugPlug.dll,ascii,3943536,X509_load_cert_file
PlugPlug.dll,ascii,3943560,X509_load_crl_file
PlugPlug.dll,ascii,3944552,invalid directory
PlugPlug.dll,ascii,3944680,loading cert dir
PlugPlug.dll,ascii,3944704,loading defaults
PlugPlug.dll,ascii,3948464,v3_generic_extension
PlugPlug.dll,ascii,3948944,error creating extension
PlugPlug.dll,ascii,3948976,error in extension
PlugPlug.dll,ascii,3949024,extension exists
PlugPlug.dll,ascii,3949048,extension name error
PlugPlug.dll,ascii,3949072,extension not found
PlugPlug.dll,ascii,3949096,extension setting not supported
PlugPlug.dll,ascii,3949128,extension value error
PlugPlug.dll,ascii,3949152,illegal empty extension
PlugPlug.dll,ascii,3949272,invalid extension string
PlugPlug.dll,ascii,3950192,unknown extension
PlugPlug.dll,ascii,3950216,unknown extension name
PlugPlug.dll,ascii,3951056,CONF_load
PlugPlug.dll,ascii,3951072,CONF_load_fp
PlugPlug.dll,ascii,3951104,def_load
PlugPlug.dll,ascii,3951120,def_load_bio
PlugPlug.dll,ascii,3951184,module_load_dso
PlugPlug.dll,ascii,3951320,NCONF_load
PlugPlug.dll,ascii,3951336,NCONF_load_bio
PlugPlug.dll,ascii,3951352,NCONF_load_fp
PlugPlug.dll,ascii,3951432,error loading dso
PlugPlug.dll,ascii,3951704,recursive directory include
PlugPlug.dll,ascii,3955328,RAND_load_file
PlugPlug.dll,ascii,3958336,dlfcn_load
PlugPlug.dll,ascii,3958392,dlfcn_unload
PlugPlug.dll,ascii,3958424,dl_load
PlugPlug.dll,ascii,3958472,dl_unload
PlugPlug.dll,ascii,3958608,DSO_load
PlugPlug.dll,ascii,3958728,vms_load
PlugPlug.dll,ascii,3958760,vms_unload
PlugPlug.dll,ascii,3958832,win32_load
PlugPlug.dll,ascii,3958904,win32_unload
PlugPlug.dll,ascii,3958944,dso already loaded
PlugPlug.dll,ascii,3959080,could not load the shared library
PlugPlug.dll,ascii,3959304,could not unload the shared library
PlugPlug.dll,ascii,3960664,dynamic_load
PlugPlug.dll,ascii,3961072,ENGINE_load_private_key
PlugPlug.dll,ascii,3961096,ENGINE_load_public_key
PlugPlug.dll,ascii,3961120,ENGINE_load_ssl_client_cert
PlugPlug.dll,ascii,3961448,already loaded
PlugPlug.dll,ascii,3961768,failed loading private key
PlugPlug.dll,ascii,3961800,failed loading public key
PlugPlug.dll,ascii,3962016,not loaded
PlugPlug.dll,ascii,3962072,no load function
PlugPlug.dll,ascii,3967200,TS_CONF_load_cert
PlugPlug.dll,ascii,3967224,TS_CONF_load_certs
PlugPlug.dll,ascii,3967248,TS_CONF_load_key
PlugPlug.dll,ascii,3968168,cannot load certificate
PlugPlug.dll,ascii,3968192,cannot load private key
PlugPlug.dll,ascii,3968800,unacceptable policy
PlugPlug.dll,ascii,3976304,ctlog_store_load_ctx_new
PlugPlug.dll,ascii,3976336,CTLOG_STORE_load_file
PlugPlug.dll,ascii,3976360,ctlog_store_load_log
PlugPlug.dll,ascii,3976648,SCT_set1_extensions
PlugPlug.dll,ascii,3979472,file_load
PlugPlug.dll,ascii,3979488,file_load_try_decode
PlugPlug.dll,ascii,3979664,ossl_store_get0_loader_int
PlugPlug.dll,ascii,3980144,OSSL_STORE_LOADER_new
PlugPlug.dll,ascii,3980184,ossl_store_register_loader_int
PlugPlug.dll,ascii,3980360,ossl_store_unregister_loader_int
PlugPlug.dll,ascii,3980608,loader incomplete
PlugPlug.dll,ascii,3980632,loading started
PlugPlug.dll,ascii,3981176,crypto\store\loader_file.c
PlugPlug.dll,ascii,3992912,PROXY_CERT_INFO_EXTENSION
PlugPlug.dll,ascii,3998968,unhandled critical extension
PlugPlug.dll,ascii,3999040,unhandled critical CRL extension
PlugPlug.dll,ascii,3999280,invalid or inconsistent certificate extension
PlugPlug.dll,ascii,3999328,invalid or inconsistent certificate policy extension
PlugPlug.dll,ascii,3999432,Unsupported extension feature
PlugPlug.dll,ascii,4037008,sC3pcG'd
PlugPlug.dll,ascii,4039056,"3psC'dcG,"
PlugPlug.dll,ascii,4042344,soft_load
PlugPlug.dll,ascii,4067987,Questionable extension field!
PlugPlug.dll,ascii,4068115,Questionable extension field!
PlugPlug.dll,ascii,4112872,singleRequestExtensions
PlugPlug.dll,ascii,4112944,requestExtensions
PlugPlug.dll,ascii,4113336,singleExtensions
PlugPlug.dll,ascii,4113424,responseExtensions
PlugPlug.dll,ascii,4163985,%*sExtensions: 
PlugPlug.dll,ascii,4227732,D:\release\release-12\CEP\builds\native\binaries\windows\x64\Release\PlugPlug.pdb
PlugPlug.dll,ascii,4473820,PlugPlug.dll
PlugPlug.dll,ascii,4473864,LoadExtension
PlugPlug.dll,ascii,4473878,LoadExtensionEx
PlugPlug.dll,ascii,4473894,PlugPlugAddEventListener
PlugPlug.dll,ascii,4473919,PlugPlugCollectRecentLogs
PlugPlug.dll,ascii,4473945,PlugPlugDispatchEvent
PlugPlug.dll,ascii,4473967,PlugPlugDumpInstallationInfo
PlugPlug.dll,ascii,4473996,PlugPlugExtensionCall
PlugPlug.dll,ascii,4474018,PlugPlugFlyoutMenuClosed
PlugPlug.dll,ascii,4474043,PlugPlugFlyoutMenuOpened
PlugPlug.dll,ascii,4474068,PlugPlugGetJobs
PlugPlug.dll,ascii,4474084,PlugPlugGetVersion
PlugPlug.dll,ascii,4474103,PlugPlugIMSAttemptSSOJumpWorkflows
PlugPlug.dll,ascii,4474138,PlugPlugIMSConnect
PlugPlug.dll,ascii,4474157,PlugPlugIMSConnectWithEndpoint
PlugPlug.dll,ascii,4474188,PlugPlugIMSDisconnect
PlugPlug.dll,ascii,4474210,PlugPlugIMSFetchAccessToken
PlugPlug.dll,ascii,4474238,PlugPlugIMSFetchAccessTokenWithStatus
PlugPlug.dll,ascii,4474276,PlugPlugIMSFetchAccounts
PlugPlug.dll,ascii,4474301,PlugPlugIMSFetchContinueToken
PlugPlug.dll,ascii,4474331,PlugPlugIMSFetchUserProfileData
PlugPlug.dll,ascii,4474363,PlugPlugIMSLogoutUser
PlugPlug.dll,ascii,4474385,PlugPlugIMSSetProxyCredentials
PlugPlug.dll,ascii,4474416,PlugPlugLoadExtension
PlugPlug.dll,ascii,4474438,PlugPlugLoadExtensionEx
PlugPlug.dll,ascii,4474462,PlugPlugMenuCall
PlugPlug.dll,ascii,4474479,PlugPlugNotifyStateChange
PlugPlug.dll,ascii,4474505,PlugPlugPurgeJobs
PlugPlug.dll,ascii,4474523,PlugPlugRemoveEventListener
PlugPlug.dll,ascii,4474551,PlugPlugRequestUrl
PlugPlug.dll,ascii,4474570,PlugPlugSetFlashPanelList
PlugPlug.dll,ascii,4474596,PlugPlugSetHtmlPanelList
PlugPlug.dll,ascii,4474621,PlugPlugSetNglProfileData
PlugPlug.dll,ascii,4474647,PlugPlugSetScaleFactor
PlugPlug.dll,ascii,4474670,PlugPlugSetup
PlugPlug.dll,ascii,4474684,PlugPlugShowAAM
PlugPlug.dll,ascii,4474700,PlugPlugTerminate
PlugPlug.dll,ascii,4474718,PlugPlugUnloadExtension
PlugPlug.dll,ascii,4474787,UnloadExtension
PlugPlug.dll,ascii,4475218,__xmlLoadExtDtdDefaultValue
PlugPlug.dll,ascii,4482094,xmlGetExternalEntityLoader
PlugPlug.dll,ascii,4482682,xmlHashScan
PlugPlug.dll,ascii,4482694,xmlHashScan3
PlugPlug.dll,ascii,4482707,xmlHashScanFull
PlugPlug.dll,ascii,4482723,xmlHashScanFull3
PlugPlug.dll,ascii,4483908,xmlLoadACatalog
PlugPlug.dll,ascii,4483924,xmlLoadCatalog
PlugPlug.dll,ascii,4483939,xmlLoadCatalogs
PlugPlug.dll,ascii,4483955,xmlLoadExternalEntity
PlugPlug.dll,ascii,4483977,xmlLoadSGMLSuperCatalog
PlugPlug.dll,ascii,4484675,xmlNanoFTPScanProxy
PlugPlug.dll,ascii,4485020,xmlNanoHTTPScanProxy
PlugPlug.dll,ascii,4485896,xmlNoNetExternalEntityLoader
PlugPlug.dll,ascii,4486063,xmlNodeGetSpacePreserve
PlugPlug.dll,ascii,4486230,xmlNodeSetSpacePreserve
PlugPlug.dll,ascii,4487908,xmlParserGetDirectory
PlugPlug.dll,ascii,4493048,xmlSetExternalEntityLoader
PlugPlug.dll,ascii,4493279,xmlShellLoad
PlugPlug.dll,ascii,4498331,xmlThrDefLoadExtDtdDefaultValue
PlugPlug.dll,ascii,4499300,xmlUCSIsCJKUnifiedIdeographsExtensionA
PlugPlug.dll,ascii,4499339,xmlUCSIsCJKUnifiedIdeographsExtensionB
PlugPlug.dll,ascii,4500684,xmlUCSIsIPAExtensions
PlugPlug.dll,ascii,4500818,xmlUCSIsKatakanaPhoneticExtensions
PlugPlug.dll,ascii,4501560,xmlUCSIsPhoneticExtensions
PlugPlug.dll,ascii,4513316,LoadLibraryW
PlugPlug.dll,ascii,4513388,RaiseException
PlugPlug.dll,ascii,4513508,GetWindowsDirectoryW
PlugPlug.dll,ascii,4514100,GetSystemDirectoryA
PlugPlug.dll,ascii,4514122,LoadLibraryA
PlugPlug.dll,ascii,4514220,RemoveDirectoryW
PlugPlug.dll,ascii,4514414,SetCurrentDirectoryW
PlugPlug.dll,ascii,4514438,GetCurrentDirectoryW
PlugPlug.dll,ascii,4514462,CreateDirectoryW
PlugPlug.dll,ascii,4514838,LoadLibraryExW
PlugPlug.dll,ascii,4516072,SHGetFolderPathW
PlugPlug.dll,ascii,4516114,SHCreateDirectoryExW
PlugPlug.dll,ascii,4517100,?GetPayloadSize@SuiteMessage@api5@vulcan@adobe@@QEBA_KXZ
PlugPlug.dll,ascii,4517160,?GetPayload@SuiteMessage@api5@vulcan@adobe@@QEBAXPEAD@Z
PlugPlug.dll,ascii,4517536,?SetPayload@SuiteMessage@api5@vulcan@adobe@@QEAAXPEBD@Z
PlugPlug.dll,ascii,4519618,?uncaught_exception@std@@YA_NXZ
PlugPlug.dll,ascii,4519652,?exceptions@ios_base@std@@QEAAXH@Z
PlugPlug.dll,ascii,4524746,GetUserProfileDirectoryW
PlugPlug.dll,ascii,4525208,__std_exception_copy
PlugPlug.dll,ascii,4525232,__std_exception_destroy
PlugPlug.dll,ascii,4525258,_CxxThrowException
PlugPlug.dll,ascii,4525544,__current_exception
PlugPlug.dll,ascii,4525566,__current_exception_context
PlugPlug.dll,ascii,4526412,__stdio_common_vsscanf
PlugPlug.dll,ascii,4528770,UnhandledExceptionFilter
PlugPlug.dll,ascii,4528798,SetUnhandledExceptionFilter
PlugPlug.dll,ascii,4529642,SHGetKnownFolderPath
PlugPlug.dll,ascii,4548888,.?AVexception@std@@
PlugPlug.dll,ascii,4548968,.?AVclone_base@exception_detail@boost@@
PlugPlug.dll,ascii,4549024,.?AVexception@boost@@
PlugPlug.dll,ascii,4549072,.?AU?$wrapexcept@Vbad_function_call@boost@@@boost@@
PlugPlug.dll,ascii,4549192,.?AVXPathException@xml@csxs@@
PlugPlug.dll,ascii,4549240,.?AVVCException@base@vcfoundation@@
PlugPlug.dll,ascii,4549296,.?AVIVCException@base@vcfoundation@@
PlugPlug.dll,ascii,4549352,.?AVIEnvironment@host@services@csxs@@
PlugPlug.dll,ascii,4549408,.?AVIApplicationCallbacks@host@services@csxs@@
PlugPlug.dll,ascii,4549472,.?AVIInfoDumper@infodumper@services@csxs@@
PlugPlug.dll,ascii,4549536,.?AVIIMSService@plugplug@services@csxs@@
PlugPlug.dll,ascii,4549600,.?AVINGLService@plugplug@services@csxs@@
PlugPlug.dll,ascii,4549664,.?AVIVulcanService@vulcan@services@csxs@@
PlugPlug.dll,ascii,4549728,.?AVPlugPlugException@internal@csxs@@
PlugPlug.dll,ascii,4549896,.?AVIExtensionResult@commands@csxs@@
PlugPlug.dll,ascii,4549952,.?AVIRuntime@IExtension@extension@csxs@@
PlugPlug.dll,ascii,4550016,.?AVIPreferencesService@plugplug@services@csxs@@
PlugPlug.dll,ascii,4550096,.?AVIHeadlightsService@headlights@services@csxs@@
PlugPlug.dll,ascii,4550176,.?AVExtensionData3_0@ExtensionManifest3_0@extension@csxs@@
PlugPlug.dll,ascii,4550256,.?AVILocalizationService@plugplug@services@csxs@@
PlugPlug.dll,ascii,4550336,.?AVExtensionData4_0@ExtensionManifest4_0@extension@csxs@@
PlugPlug.dll,ascii,4550416,.?AVExtensionData5_0@ExtensionManifest5_0@extension@csxs@@
PlugPlug.dll,ascii,4550496,.?AVExtensionData6_0@ExtensionManifest6_0@extension@csxs@@
PlugPlug.dll,ascii,4550576,.?AVExtensionData7_0@ExtensionManifest7_0@extension@csxs@@
PlugPlug.dll,ascii,4550752,.?AU?$wrapexcept@Ventropy_error@uuids@boost@@@boost@@
PlugPlug.dll,ascii,4550920,.?AVIEventManager@event@csxs@@
PlugPlug.dll,ascii,4551104,.?AU?$wrapexcept@Vbad_lexical_cast@boost@@@boost@@
PlugPlug.dll,ascii,4551408,.?AVNoSuchServiceException@core@services@csxs@@
PlugPlug.dll,ascii,4551472,.?AVIJobManager@job@csxs@@
PlugPlug.dll,ascii,4551520,.?AVIAMTLibrarySupport@amt@services@csxs@@
PlugPlug.dll,ascii,4551584,.?AVIExtensionLoadService@application@plugplug@csxs@@
PlugPlug.dll,ascii,4551656,.?AVEventScopeException@event@csxs@@
PlugPlug.dll,ascii,4551712,.?AVIExtensionRegistry@extension@csxs@@
PlugPlug.dll,ascii,4551952,.?AV?$bind_t@_JV?$mf4@_JVHtmlExtension@html@ui@services@csxs@@PEAUHWND__@@I_K_J@_mfi@boost@@V?$list5@V?$value@PEAVHtmlExtension@html@ui@services@csxs@@@_bi@boost@@U?$arg@$00@3@U?$arg@$01@3@U?$arg@$02@3@U?$arg@$03@3@@_bi@3@@_bi@boost@@
PlugPlug.dll,ascii,4552208,.?AV?$bind_t@_JV?$mf5@_JVModalNativeWindow@window@ui@services@csxs@@PEAUHWND__@@I_K_JP6A_JPEAU6@I_K_J@Z@_mfi@boost@@V?$list6@V?$value@PEAVModalNativeWindow@window@ui@services@csxs@@@_bi@boost@@U?$arg@$00@3@U?$arg@$01@3@U?$arg@$02@3@U?$arg@$03@3@U?$arg@$04@3@@_bi@3@@_bi@boost@@
PlugPlug.dll,ascii,4552512,.?AV?$bind_t@_JV?$mf5@_JVModelessNativeWindow@window@ui@services@csxs@@PEAUHWND__@@I_K_JP6A_JPEAU6@I_K_J@Z@_mfi@boost@@V?$list6@V?$value@PEAVModelessNativeWindow@window@ui@services@csxs@@@_bi@boost@@U?$arg@$00@3@U?$arg@$01@3@U?$arg@$02@3@U?$arg@$03@3@U?$arg@$04@3@@_bi@3@@_bi@boost@@
PlugPlug.dll,ascii,4553008,.?AU?$wrapexcept@Vini_parser_error@ini_parser@property_tree@boost@@@boost@@
PlugPlug.dll,ascii,4553168,.?AU?$wrapexcept@Vptree_bad_path@property_tree@boost@@@boost@@
PlugPlug.dll,ascii,4553536,.?AVExtensionData2_0@ExtensionManifest2_0@extension@csxs@@
PlugPlug.dll,ascii,4553776,.?AVIExtensionRegistryListener@extension@csxs@@
PlugPlug.dll,ascii,4553840,.?AVExtensionRegistryException@extension@csxs@@
PlugPlug.dll,ascii,4553904,.?AVServiceContext@core@services@csxs@@
PlugPlug.dll,ascii,4553968,.?AV?$bind_t@W4PlugPlugErrorCode@@P6A?AW41@PEBD_NV?$function@$$A6AXHPEBD@Z@std@@@ZV?$list3@U?$arg@$00@boost@@U?$arg@$01@2@U?$arg@$02@2@@_bi@boost@@@_bi@boost@@
PlugPlug.dll,ascii,4554144,.?AV?$bind_t@W4PlugPlugErrorCode@@P6A?AW41@PEBD0000V?$function@$$A6AXHPEBD@Z@std@@@ZV?$list6@U?$arg@$00@boost@@U?$arg@$01@2@U?$arg@$02@2@U?$arg@$03@2@U?$arg@$04@2@U?$arg@$05@2@@_bi@boost@@@_bi@boost@@
PlugPlug.dll,ascii,4554368,.?AV?$bind_t@W4PlugPlugErrorCode@@P6A?AW41@PEBD00_NV?$function@$$A6AXHPEBD@Z@std@@@ZV?$list5@U?$arg@$00@boost@@U?$arg@$01@2@U?$arg@$02@2@U?$arg@$03@2@U?$arg@$04@2@@_bi@boost@@@_bi@boost@@
PlugPlug.dll,ascii,4554576,.?AV?$bind_t@W4PlugPlugErrorCode@@P6A?AW41@AEA_N@ZV?$list1@U?$arg@$00@boost@@@_bi@boost@@@_bi@boost@@
PlugPlug.dll,ascii,4554816,.?AV?$bind_t@W4PlugPlugErrorCode@@P6A?AW41@PEBD_N@ZV?$list2@U?$arg@$00@boost@@U?$arg@$01@2@@_bi@boost@@@_bi@boost@@
PlugPlug.dll,ascii,4554960,.?AV?$bind_t@W4PlugPlugErrorCode@@P6A?AW41@PEBDPEBUPlugPlugWindowGeometryEx@@@ZV?$list2@U?$arg@$00@boost@@U?$arg@$01@2@@_bi@boost@@@_bi@boost@@
PlugPlug.dll,ascii,4555120,.?AV?$bind_t@W4PlugPlugErrorCode@@P6A?AW41@PEBDPEAPEAD@ZV?$list2@U?$arg@$00@boost@@U?$arg@$01@2@@_bi@boost@@@_bi@boost@@
PlugPlug.dll,ascii,4555264,.?AV?$bind_t@W4PlugPlugErrorCode@@P6A?AW41@PEBD0P6AXPEAXW41@0@Z1@ZV?$list4@U?$arg@$00@boost@@U?$arg@$01@2@U?$arg@$02@2@U?$arg@$03@2@@_bi@boost@@@_bi@boost@@
PlugPlug.dll,ascii,4555440,.?AV?$bind_t@W4PlugPlugErrorCode@@P6A?AW41@PEAPEAX@ZV?$list1@U?$arg@$00@boost@@@_bi@boost@@@_bi@boost@@
PlugPlug.dll,ascii,4555568,.?AV?$bind_t@W4PlugPlugErrorCode@@P6A?AW41@PEAPEBD@ZV?$list1@U?$arg@$00@boost@@@_bi@boost@@@_bi@boost@@
PlugPlug.dll,ascii,4555696,.?AV?$bind_t@W4PlugPlugErrorCode@@P6A?AW41@PEAX@ZV?$list1@U?$arg@$00@boost@@@_bi@boost@@@_bi@boost@@
PlugPlug.dll,ascii,4555824,.?AV?$bind_t@W4PlugPlugErrorCode@@P6A?AW41@PEBDPEAPEAXPEAUPlugPlugHtmlViewCallbacks@@@ZV?$list3@U?$arg@$00@boost@@U?$arg@$01@2@U?$arg@$02@2@@_bi@boost@@@_bi@boost@@
PlugPlug.dll,ascii,4556016,.?AV?$bind_t@W4PlugPlugErrorCode@@P6A?AW41@PEAUPlugPlugHostCapabilities@@@ZV?$list1@U?$arg@$00@boost@@@_bi@boost@@@_bi@boost@@
PlugPlug.dll,ascii,4556160,.?AV?$bind_t@W4PlugPlugErrorCode@@P6A?AW41@PEBD0_N1@ZV?$list4@U?$arg@$00@boost@@U?$arg@$01@2@U?$arg@$02@2@U?$arg@$03@2@@_bi@boost@@@_bi@boost@@
PlugPlug.dll,ascii,4556432,.?AV?$bind_t@W4PlugPlugErrorCode@@P6A?AW41@PEBD0PEAPEBD@ZV?$list3@U?$arg@$00@boost@@U?$arg@$01@2@U?$arg@$02@2@@_bi@boost@@@_bi@boost@@
PlugPlug.dll,ascii,4556592,.?AV?$bind_t@W4PlugPlugErrorCode@@P6A?AW41@PEBD0@ZV?$list2@U?$arg@$00@boost@@U?$arg@$01@2@@_bi@boost@@@_bi@boost@@
PlugPlug.dll,ascii,4556736,.?AV?$bind_t@W4PlugPlugErrorCode@@P6A?AW41@PEBDW4PlugPlugExtensionPlayerType@@@ZV?$list2@U?$arg@$00@boost@@U?$arg@$01@2@@_bi@boost@@@_bi@boost@@
PlugPlug.dll,ascii,4556912,.?AV?$bind_t@W4PlugPlugRequestResult@@P6A?AW41@PEBDUPlugPlugStateChangeData@@@ZV?$list2@U?$arg@$00@boost@@U?$arg@$01@2@@_bi@boost@@@_bi@boost@@
PlugPlug.dll,ascii,4557072,.?AV?$bind_t@W4PlugPlugErrorCode@@P6A?AW41@PEBD0PEAUPlugPlugMenuItem@@@ZV?$list3@U?$arg@$00@boost@@U?$arg@$01@2@U?$arg@$02@2@@_bi@boost@@@_bi@boost@@
PlugPlug.dll,ascii,4557248,.?AV?$bind_t@W4PlugPlugErrorCode@@P6A?AW41@PEBD@ZV?$list1@U?$arg@$00@boost@@@_bi@boost@@@_bi@boost@@
PlugPlug.dll,ascii,4557376,.?AV?$bind_t@W4PlugPlugErrorCode@@P6A?AW41@PEBD0PEAUPlugPlugExtensionData@@@ZV?$list3@U?$arg@$00@boost@@U?$arg@$01@2@U?$arg@$02@2@@_bi@boost@@@_bi@boost@@
PlugPlug.dll,ascii,4557552,.?AVCommandException@commands@extensioncalls@services@csxs@@
PlugPlug.dll,ascii,4557632,.?AU?$wrapexcept@Vbad_format_string@io@boost@@@boost@@
PlugPlug.dll,ascii,4557808,.?AVIJob@job@csxs@@
PlugPlug.dll,ascii,4557856,.?AU?$wrapexcept@Vtoo_few_args@io@boost@@@boost@@
PlugPlug.dll,ascii,4557984,.?AU?$wrapexcept@Vtoo_many_args@io@boost@@@boost@@
PlugPlug.dll,ascii,4559104,.?AV?$clone_impl@U?$error_info_injector@Vsystem_error@system@boost@@@exception_detail@boost@@@exception_detail@boost@@
PlugPlug.dll,ascii,4559248,.?AU?$error_info_injector@Vsystem_error@system@boost@@@exception_detail@boost@@
PlugPlug.dll,ascii,4559840,.?AV?$clone_impl@U?$error_info_injector@Vlength_error@std@@@exception_detail@boost@@@exception_detail@boost@@
PlugPlug.dll,ascii,4559968,.?AU?$error_info_injector@Vlength_error@std@@@exception_detail@boost@@
PlugPlug.dll,ascii,4560752,.?AVIXPathEvaluator@xml@csxs@@
PlugPlug.dll,ascii,4560800,.?AVXPathEvaluator@xml@csxs@@
PlugPlug.dll,ascii,4560848,.?AVIXPathNode@xml@csxs@@
PlugPlug.dll,ascii,4560896,.?AVXPathNode@xml@csxs@@
PlugPlug.dll,ascii,4560944,.?AVXPathAttr@xml@csxs@@
PlugPlug.dll,ascii,4560992,.?AVXPathInvalidNode@xml@csxs@@
PlugPlug.dll,ascii,4561040,.?AVIXPathResult@xml@csxs@@
PlugPlug.dll,ascii,4561088,.?AVXPathResult@xml@csxs@@
PlugPlug.dll,ascii,4561136,.?AVXPathInvalidResult@xml@csxs@@
PlugPlug.dll,ascii,4561192,.?AVIService@core@services@csxs@@
PlugPlug.dll,ascii,4561328,.?AVIAsyncEventManager@internal@csxs@@
PlugPlug.dll,ascii,4561384,.?AVAsyncEventManager@internal@csxs@@
PlugPlug.dll,ascii,4561440,.?AVCmdExtensionCall@@
PlugPlug.dll,ascii,4561480,.?AVCmdAsyncEvalRawScript@commands@csxs@@
PlugPlug.dll,ascii,4561544,.?AVCmdAsyncEvalRawScriptImpl@commands@csxs@@
PlugPlug.dll,ascii,4561608,.?AVCmdDumpInstallationInfo@commands@csxs@@
PlugPlug.dll,ascii,4561680,.?AVCmdDumpInstallationInfoImpl@commands@csxs@@
PlugPlug.dll,ascii,4561744,.?AVCmdEvalRawScript@commands@csxs@@
PlugPlug.dll,ascii,4561800,.?AVCmdEvalRawScriptImpl@commands@csxs@@
PlugPlug.dll,ascii,4561864,.?AVCmdGetCurrentImsUserId@commands@csxs@@
PlugPlug.dll,ascii,4561928,.?AVCmdGetCurrentImsUserIdImpl@commands@csxs@@
PlugPlug.dll,ascii,4562000,.?AVCmdIMSAttemptSSOJumpWorkflows@commands@csxs@@
PlugPlug.dll,ascii,4562080,.?AVCmdIMSAttemptSSOJumpWorkflowsImpl@commands@csxs@@
PlugPlug.dll,ascii,4562152,.?AVCmdIMSConnect@commands@csxs@@
PlugPlug.dll,ascii,4562208,.?AVCmdIMSConnectImpl@commands@csxs@@
PlugPlug.dll,ascii,4562264,.?AVCmdIMSConnectWithEndpoint@commands@csxs@@
PlugPlug.dll,ascii,4562336,.?AVCmdIMSConnectWithEndpointImpl@commands@csxs@@
PlugPlug.dll,ascii,4562408,.?AVCmdIMSDisconnect@commands@csxs@@
PlugPlug.dll,ascii,4562464,.?AVCmdIMSDisconnectImpl@commands@csxs@@
PlugPlug.dll,ascii,4562528,.?AVCmdIMSFetchAccessToken@commands@csxs@@
PlugPlug.dll,ascii,4562592,.?AVCmdIMSFetchAccessTokenImpl@commands@csxs@@
PlugPlug.dll,ascii,4562656,.?AVCmdIMSFetchAccounts@commands@csxs@@
PlugPlug.dll,ascii,4562712,.?AVCmdIMSFetchAccountsImpl@commands@csxs@@
PlugPlug.dll,ascii,4562776,.?AVCmdIMSFetchContinueToken@commands@csxs@@
PlugPlug.dll,ascii,4562848,.?AVCmdIMSFetchContinueTokenImpl@commands@csxs@@
PlugPlug.dll,ascii,4562920,.?AVCmdIMSFetchUserProfileData@commands@csxs@@
PlugPlug.dll,ascii,4562992,.?AVCmdIMSFetchUserProfileDataImpl@commands@csxs@@
PlugPlug.dll,ascii,4563064,.?AVCmdIMSLogoutUser@commands@csxs@@
PlugPlug.dll,ascii,4563120,.?AVCmdIMSLogoutUserImpl@commands@csxs@@
PlugPlug.dll,ascii,4563184,.?AVCmdIMSSetProxyCredentials@commands@csxs@@
PlugPlug.dll,ascii,4563248,.?AVCmdIMSSetProxyCredentialsImpl@commands@csxs@@
PlugPlug.dll,ascii,4563320,.?AVCmdNGLIMSFetchAccessToken@commands@csxs@@
PlugPlug.dll,ascii,4563392,.?AVCmdNGLIMSFetchAccessTokenImpl@commands@csxs@@
PlugPlug.dll,ascii,4563472,.?AVCmdNGLIMSFetchContinueToken@commands@csxs@@
PlugPlug.dll,ascii,4563536,.?AVCmdNGLIMSFetchContinueTokenImpl@commands@csxs@@
PlugPlug.dll,ascii,4563608,.?AVCmdNGLIMSFetchProfile@commands@csxs@@
PlugPlug.dll,ascii,4563672,.?AVCmdNGLIMSFetchProfileImpl@commands@csxs@@
PlugPlug.dll,ascii,4563744,.?AVCmdVulcanAddMessageListener@commands@csxs@@
PlugPlug.dll,ascii,4563808,.?AVCmdVulcanAddMessageListenerImpl@commands@csxs@@
PlugPlug.dll,ascii,4563880,.?AVCmdVulcanDispatchMessage@commands@csxs@@
PlugPlug.dll,ascii,4563952,.?AVCmdVulcanDispatchMessageImpl@commands@csxs@@
PlugPlug.dll,ascii,4564024,.?AVCmdVulcanGetAppPathEx@commands@csxs@@
PlugPlug.dll,ascii,4564088,.?AVCmdVulcanGetAppPathExImpl@commands@csxs@@
PlugPlug.dll,ascii,4564152,.?AVCmdVulcanGetEndPoints@commands@csxs@@
PlugPlug.dll,ascii,4564216,.?AVCmdVulcanGetEndPointsImpl@commands@csxs@@
PlugPlug.dll,ascii,4564288,.?AVCmdVulcanGetTargetSpecifiersEx@commands@csxs@@
PlugPlug.dll,ascii,4564368,.?AVCmdVulcanGetTargetSpecifiersExImpl@commands@csxs@@
PlugPlug.dll,ascii,4564440,.?AVCmdVulcanIsAppInstalledEx@commands@csxs@@
PlugPlug.dll,ascii,4564512,.?AVCmdVulcanIsAppInstalledExImpl@commands@csxs@@
PlugPlug.dll,ascii,4564584,.?AVCmdVulcanIsAppRunningEx@commands@csxs@@
PlugPlug.dll,ascii,4564656,.?AVCmdVulcanIsAppRunningExImpl@commands@csxs@@
PlugPlug.dll,ascii,4564720,.?AVCmdVulcanLaunchAppEx@commands@csxs@@
PlugPlug.dll,ascii,4564784,.?AVCmdVulcanLaunchAppExImpl@commands@csxs@@
PlugPlug.dll,ascii,4564848,.?AVCmdVulcanRemoveMessageListener@commands@csxs@@
PlugPlug.dll,ascii,4564928,.?AVCmdVulcanRemoveMessageListenerImpl@commands@csxs@@
PlugPlug.dll,ascii,4565000,.?AVIExtensionManifest@extension@csxs@@
PlugPlug.dll,ascii,4565056,.?AVIExtensionManifest3_0@extension@csxs@@
PlugPlug.dll,ascii,4565120,.?AVExtensionManifestHostListParserUtil@extension@csxs@@
PlugPlug.dll,ascii,4565200,.?AVExtensionManifest3_0@extension@csxs@@
PlugPlug.dll,ascii,4565264,.?AVDispatchInfo3_0@ExtensionManifest3_0@extension@csxs@@
PlugPlug.dll,ascii,4565344,.?AVCmdGetHostCapabilities@commands@csxs@@
PlugPlug.dll,ascii,4565408,.?AVCmdGetHostCapabilitiesImpl@commands@csxs@@
PlugPlug.dll,ascii,4565472,.?AVCmdUpdatePanelMenuItem@commands@csxs@@
PlugPlug.dll,ascii,4565536,.?AVCmdUpdatePanelMenuItemImpl@commands@csxs@@
PlugPlug.dll,ascii,4565600,.?AVIExtensionManifest4_0@extension@csxs@@
PlugPlug.dll,ascii,4565664,.?AVExtensionManifest4_0@extension@csxs@@
PlugPlug.dll,ascii,4565728,.?AVDispatchInfo4_0@ExtensionManifest4_0@extension@csxs@@
PlugPlug.dll,ascii,4565808,.?AVIExtensionManifest5_0@extension@csxs@@
PlugPlug.dll,ascii,4565872,.?AVExtensionManifest5_0@extension@csxs@@
PlugPlug.dll,ascii,4565936,.?AVDispatchInfo5_0@ExtensionManifest5_0@extension@csxs@@
PlugPlug.dll,ascii,4566016,.?AVIExtensionManifest6_0@extension@csxs@@
PlugPlug.dll,ascii,4566080,.?AVExtensionManifest6_0@extension@csxs@@
PlugPlug.dll,ascii,4566144,.?AVDispatchInfo6_0@ExtensionManifest6_0@extension@csxs@@
PlugPlug.dll,ascii,4566224,.?AVIExtensionManifest7_0@extension@csxs@@
PlugPlug.dll,ascii,4566288,.?AVExtensionManifest7_0@extension@csxs@@
PlugPlug.dll,ascii,4566352,.?AVDispatchInfo7_0@ExtensionManifest7_0@extension@csxs@@
PlugPlug.dll,ascii,4566432,.?AVHeadlightsService@headlights@services@csxs@@
PlugPlug.dll,ascii,4566512,.?AVHeadlightsBlackHoleService@headlights@services@csxs@@
PlugPlug.dll,ascii,4567328,.?AVInfoDumper@infodumper@services@csxs@@
PlugPlug.dll,ascii,4567584,.?AVITask@internal@csxs@@
PlugPlug.dll,ascii,4567632,.?AVOpenInWebBrowserTask@util@plugplug@csxs@@
PlugPlug.dll,ascii,4567992,.?AVNGLService@plugplug@services@csxs@@
PlugPlug.dll,ascii,4568368,.?AVIProxyService@plugplug@services@csxs@@
PlugPlug.dll,ascii,4568432,.?AVProxyService@plugplug@services@csxs@@
PlugPlug.dll,ascii,4568496,.?AV?$Runnable@UProxySettingRequestor@ProxyService@plugplug@services@csxs@@@impl@thread@vcfoundation@@
PlugPlug.dll,ascii,4568624,.?AVIVerificationService@plugplug@services@csxs@@
PlugPlug.dll,ascii,4568704,.?AVVerificationService@plugplug@services@csxs@@
PlugPlug.dll,ascii,4568776,.?AVICommand@html@ui@services@csxs@@
PlugPlug.dll,ascii,4568832,.?AVAddEventListenerCommand@html@ui@services@csxs@@
PlugPlug.dll,ascii,4568912,.?AVCloseExtensionCommand@html@ui@services@csxs@@
PlugPlug.dll,ascii,4568992,.?AVDispatchEventCommand@html@ui@services@csxs@@
PlugPlug.dll,ascii,4569072,.?AVDumpInstallationInfoCommand@html@ui@services@csxs@@
PlugPlug.dll,ascii,4569144,.?AVEvalScriptCommand@html@ui@services@csxs@@
PlugPlug.dll,ascii,4569216,.?AVGetCurrentImsUserIdCommand@html@ui@services@csxs@@
PlugPlug.dll,ascii,4569296,.?AVGetExtensionsCommand@html@ui@services@csxs@@
PlugPlug.dll,ascii,4569376,.?AVGetHostCapabilitiesCommand@html@ui@services@csxs@@
PlugPlug.dll,ascii,4569456,.?AVGetSystemPathCommand@html@ui@services@csxs@@
PlugPlug.dll,ascii,4569536,.?AVGetHostEnvironmentCommand@html@ui@services@csxs@@
PlugPlug.dll,ascii,4569616,.?AVImsAttemptSSOJumpWorkflowsCommand@html@ui@services@csxs@@
PlugPlug.dll,ascii,4569696,.?AVImsConnectCommand@html@ui@services@csxs@@
PlugPlug.dll,ascii,4569760,.?AVImsConnectWithEndpointCommand@html@ui@services@csxs@@
PlugPlug.dll,ascii,4569840,.?AVImsDisconnectCommand@html@ui@services@csxs@@
PlugPlug.dll,ascii,4569920,.?AVImsFetchAccessTokenCommand@html@ui@services@csxs@@
PlugPlug.dll,ascii,4570000,.?AVImsFetchAccountsCommand@html@ui@services@csxs@@
PlugPlug.dll,ascii,4570080,.?AVImsFetchContinueTokenCommand@html@ui@services@csxs@@
PlugPlug.dll,ascii,4570160,.?AVImsFetchUserProfileDataCommand@html@ui@services@csxs@@
PlugPlug.dll,ascii,4570240,.?AVImsLogoutUserCommand@html@ui@services@csxs@@
PlugPlug.dll,ascii,4570320,.?AVImsSetProxyCredentialsCommand@html@ui@services@csxs@@
PlugPlug.dll,ascii,4570400,.?AVInitContentCommand@html@ui@services@csxs@@
PlugPlug.dll,ascii,4570464,.?AVInitResourceBundleCommand@html@ui@services@csxs@@
PlugPlug.dll,ascii,4570544,.?AVGetNetworkPreferencesCommand@html@ui@services@csxs@@
PlugPlug.dll,ascii,4570624,.?AVNglImsFetchAccessTokenCommand@html@ui@services@csxs@@
PlugPlug.dll,ascii,4570704,.?AVNglImsFetchContinueTokenCommand@html@ui@services@csxs@@
PlugPlug.dll,ascii,4570784,.?AVNglImsFetchProfileCommand@html@ui@services@csxs@@
PlugPlug.dll,ascii,4570864,.?AVRemoveEventListenerCommand@html@ui@services@csxs@@
PlugPlug.dll,ascii,4570944,.?AVRequestOpenExtensionCommand@html@ui@services@csxs@@
PlugPlug.dll,ascii,4571024,.?AVResizeContentCommand@html@ui@services@csxs@@
PlugPlug.dll,ascii,4571104,.?AVSetPanelMenuCommand@html@ui@services@csxs@@
PlugPlug.dll,ascii,4571168,.?AVSetVerificationResultCommand@html@ui@services@csxs@@
PlugPlug.dll,ascii,4571248,.?AVSetWindowTitleCommand@html@ui@services@csxs@@
PlugPlug.dll,ascii,4571320,.?AVShowAAMCommand@html@ui@services@csxs@@
PlugPlug.dll,ascii,4571392,.?AVGetWindowTitleCommand@html@ui@services@csxs@@
PlugPlug.dll,ascii,4571472,.?AVUpdatePanelMenuItemCommand@html@ui@services@csxs@@
PlugPlug.dll,ascii,4571552,.?AVVulcanAddMessageListenerCommand@html@ui@services@csxs@@
PlugPlug.dll,ascii,4571632,.?AVVulcanDispatchMessageCommand@html@ui@services@csxs@@
PlugPlug.dll,ascii,4571712,.?AVVulcanGetAppPathExCommand@html@ui@services@csxs@@
PlugPlug.dll,ascii,4571792,.?AVVulcanGetEndPointsCommand@html@ui@services@csxs@@
PlugPlug.dll,ascii,4571872,.?AVVulcanGetTargetSpecifiersExCommand@html@ui@services@csxs@@
PlugPlug.dll,ascii,4571952,.?AVVulcanIsAppInstalledExCommand@html@ui@services@csxs@@
PlugPlug.dll,ascii,4572032,.?AVVulcanIsAppRunningExCommand@html@ui@services@csxs@@
PlugPlug.dll,ascii,4572112,.?AVVulcanLaunchAppExCommand@html@ui@services@csxs@@
PlugPlug.dll,ascii,4572192,.?AVVulcanRemoveMessageListenerCommand@html@ui@services@csxs@@
PlugPlug.dll,ascii,4572272,.?AVIHtmlService@html@ui@services@csxs@@
PlugPlug.dll,ascii,4572336,.?AVHtmlService@html@ui@services@csxs@@
PlugPlug.dll,ascii,4572392,.?AVIUIService@ui@services@csxs@@
PlugPlug.dll,ascii,4572448,.?AVUIService@ui@services@csxs@@
PlugPlug.dll,ascii,4572504,.?AVINativeWindow@window@ui@services@csxs@@
PlugPlug.dll,ascii,4572568,.?AVMyMessageListener@vulcan@services@csxs@@
PlugPlug.dll,ascii,4572696,.?AVVulcanService@vulcan@services@csxs@@
PlugPlug.dll,ascii,4572768,.?AVDispatchVulcanMessageTask@VulcanService@vulcan@services@csxs@@
PlugPlug.dll,ascii,4572856,.?AVCmdAMTRequestCall@commands@csxs@@
PlugPlug.dll,ascii,4572912,.?AVCmdAMTRequestCallImpl@commands@csxs@@
PlugPlug.dll,ascii,4572976,.?AVCmdDispatchEvent@commands@csxs@@
PlugPlug.dll,ascii,4573032,.?AVCmdDispatchEventImpl@commands@csxs@@
PlugPlug.dll,ascii,4573096,.?AVCmdGetExtensions@commands@csxs@@
PlugPlug.dll,ascii,4573152,.?AVExtension@commands@csxs@@
PlugPlug.dll,ascii,4573200,.?AVCmdGetExtensionsImpl@commands@csxs@@
PlugPlug.dll,ascii,4573264,.?AVCmdGetHostEnvironment@commands@csxs@@
PlugPlug.dll,ascii,4573328,.?AVCmdGetHostEnvironmentImpl@commands@csxs@@
PlugPlug.dll,ascii,4573392,.?AVCmdGetLocalizedValues@commands@csxs@@
PlugPlug.dll,ascii,4573456,.?AVCmdGetLocalizedValuesImpl@commands@csxs@@
PlugPlug.dll,ascii,4573520,.?AVCmdGetNetworkPreferences@commands@csxs@@
PlugPlug.dll,ascii,4573584,.?AVCmdGetNetworkPreferencesImpl@commands@csxs@@
PlugPlug.dll,ascii,4573656,.?AVCmdGetSystemPath@commands@csxs@@
PlugPlug.dll,ascii,4573712,.?AVCmdGetSystemPathImpl@commands@csxs@@
PlugPlug.dll,ascii,4573776,.?AVCmdLoadExtension@commands@csxs@@
PlugPlug.dll,ascii,4573832,.?AVCmdLoadExtensionImpl@commands@csxs@@
PlugPlug.dll,ascii,4573896,.?AVCmdSetIsLoaded@commands@csxs@@
PlugPlug.dll,ascii,4573952,.?AVCmdSetIsLoadedImpl@commands@csxs@@
PlugPlug.dll,ascii,4574008,.?AVCmdSetIsSigned@commands@csxs@@
PlugPlug.dll,ascii,4574064,.?AVCmdSetIsSignedImpl@commands@csxs@@
PlugPlug.dll,ascii,4574120,.?AVCmdSetPanelMenu@commands@csxs@@
PlugPlug.dll,ascii,4574176,.?AVCmdSetPanelMenuImpl@commands@csxs@@
PlugPlug.dll,ascii,4574232,.?AVIEventFactory@event@csxs@@
PlugPlug.dll,ascii,4574280,.?AVEventFactory@event@csxs@@
PlugPlug.dll,ascii,4574328,.?AVEventManager@event@csxs@@
PlugPlug.dll,ascii,4574384,.?AVDispatchEventTask@EventManager@event@csxs@@
PlugPlug.dll,ascii,4574448,.?AVIHtmlExtension@html@ui@services@csxs@@
PlugPlug.dll,ascii,4574512,.?AVHtmlExtension@html@ui@services@csxs@@
PlugPlug.dll,ascii,4574576,.?AVEmbeddedNativeWindow@window@ui@services@csxs@@
PlugPlug.dll,ascii,4574648,.?AVNativeWindow@window@ui@services@csxs@@
PlugPlug.dll,ascii,4574720,.?AVHtmlPanelNativeWindow@window@ui@services@csxs@@
PlugPlug.dll,ascii,4574800,.?AVModalNativeWindow@window@ui@services@csxs@@
PlugPlug.dll,ascii,4574864,.?AVModelessNativeWindow@window@ui@services@csxs@@
PlugPlug.dll,ascii,4574936,.?AVIGetSystemPathStrategy@utility@csxs@@
PlugPlug.dll,ascii,4575000,.?AVGetSystemPathStrategy@utility@csxs@@
PlugPlug.dll,ascii,4575224,.?AVIExtension@extension@csxs@@
PlugPlug.dll,ascii,4575272,.?AVISize@IExtension@extension@csxs@@
PlugPlug.dll,ascii,4575376,.?AVSize@extension@csxs@@
PlugPlug.dll,ascii,4575424,.?AVRuntime@extension@csxs@@
PlugPlug.dll,ascii,4575472,.?AVExtension@extension@csxs@@
PlugPlug.dll,ascii,4575768,.?AVIExtensionManifest2_0@extension@csxs@@
PlugPlug.dll,ascii,4575832,.?AVExtensionManifest2_0@extension@csxs@@
PlugPlug.dll,ascii,4575904,.?AVDispatchInfo2_0@ExtensionManifest2_0@extension@csxs@@
PlugPlug.dll,ascii,4575984,.?AVExtensionRegistry@extension@csxs@@
PlugPlug.dll,ascii,4576040,.?AVIVersion@extension@csxs@@
PlugPlug.dll,ascii,4576088,.?AVIBound@extension@csxs@@
PlugPlug.dll,ascii,4576136,.?AVIVersionRange@extension@csxs@@
PlugPlug.dll,ascii,4576192,.?AVVersion@extension@csxs@@
PlugPlug.dll,ascii,4576240,.?AVBound@extension@csxs@@
PlugPlug.dll,ascii,4576288,.?AVVersionRange@extension@csxs@@
PlugPlug.dll,ascii,4576344,.?AVIInvalidExtensionManifest@extension@csxs@@
PlugPlug.dll,ascii,4576408,.?AVInvalidExtensionManifest@extension@csxs@@
PlugPlug.dll,ascii,4576472,.?AVIAMTRequest@amt@services@csxs@@
PlugPlug.dll,ascii,4576528,.?AVAMTRequest@amt@services@csxs@@
PlugPlug.dll,ascii,4576584,.?AVAMTLibrarySupport@amt@services@csxs@@
PlugPlug.dll,ascii,4576648,.?AVIServiceContext@core@services@csxs@@
PlugPlug.dll,ascii,4576712,.?AVIServiceLocator@core@services@csxs@@
PlugPlug.dll,ascii,4576776,.?AVServiceLocator@core@services@csxs@@
PlugPlug.dll,ascii,4576832,.?AVApplicationCallbacksLogger@host@services@csxs@@
PlugPlug.dll,ascii,4576904,.?AVApplicationCallbacks@host@services@csxs@@
PlugPlug.dll,ascii,4576968,.?AVEnvironment@host@services@csxs@@
PlugPlug.dll,ascii,4577024,.?AVAbstractState@PropertyParser@plugplug@services@csxs@@
PlugPlug.dll,ascii,4577104,.?AVLineStartState@PropertyParser@plugplug@services@csxs@@
PlugPlug.dll,ascii,4577184,.?AVCommentState@PropertyParser@plugplug@services@csxs@@
PlugPlug.dll,ascii,4577264,.?AVSeparatorState@PropertyParser@plugplug@services@csxs@@
PlugPlug.dll,ascii,4577344,.?AVKeyState@PropertyParser@plugplug@services@csxs@@
PlugPlug.dll,ascii,4577424,.?AVValueState@PropertyParser@plugplug@services@csxs@@
PlugPlug.dll,ascii,4577504,.?AVLocalizationService@plugplug@services@csxs@@
PlugPlug.dll,ascii,4577584,.?AVPreferencesService@plugplug@services@csxs@@
PlugPlug.dll,ascii,4577704,.?AVIPlugPlug@internal@csxs@@
PlugPlug.dll,ascii,4577752,.?AVExtensionInfoLogger@internal@csxs@@
PlugPlug.dll,ascii,4577904,.?AVPlugPlug@internal@csxs@@
PlugPlug.dll,ascii,4578440,.?AVISecurityValidator@internal@csxs@@
PlugPlug.dll,ascii,4578496,.?AVSecurityValidatorImpl@internal@csxs@@
PlugPlug.dll,ascii,4578560,.?AVIExtensionRegistryVisitor@extension@csxs@@
PlugPlug.dll,ascii,4578624,.?AVIExtensionHandler@application@plugplug@csxs@@
PlugPlug.dll,ascii,4578704,.?AVExtensionHandlerImpl@application@plugplug@csxs@@
PlugPlug.dll,ascii,4578784,.?AVVisitor@ExtensionHandlerImpl@application@plugplug@csxs@@
PlugPlug.dll,ascii,4578864,.?AVListener@ExtensionHandlerImpl@application@plugplug@csxs@@
PlugPlug.dll,ascii,4578944,.?AVUndispatchedEvent@application@plugplug@csxs@@
PlugPlug.dll,ascii,4579024,.?AVStartOnEventHandler@application@plugplug@csxs@@
PlugPlug.dll,ascii,4579104,.?AVExtensionLoadService@application@plugplug@csxs@@
PlugPlug.dll,ascii,4579176,.?AVJobManager@job@csxs@@
PlugPlug.dll,utf16le,4739476,PlugPlug Standard Dll (64 bit)
PlugPlug.dll,utf16le,4739624,PlugPlug
PlugPlug.dll,utf16le,4739772,PlugPlug Standard Dll (64 bit)
PlugPlug.dll,utf16le,4739868,Adobe(R) CSXS PlugPlug Standard Dll (64 bit)
PlugPlug.dll,ascii,4740228,"<assembly xmlns=""urn:schemas-microsoft-com:asm.v1"" manifestVersion=""1.0""><trustInfo xmlns=""urn:schemas-microsoft-com:asm.v3""><security><requestedPrivileges><requestedExecutionLevel level=""asInvoker"" uiAccess=""false""></requestedExecutionLevel></requestedPrivileges></security></trustInfo><application xmlns=""urn:schemas-microsoft-com:asm.v3""><windowsSettings><dpiAware xmlns=""http://schemas.microsoft.com/SMI/2005/WindowsSettings"">true</dpiAware></windowsSettings></application></assembly>"
PlugPlugExternalObject.dll,ascii,13120,Unknown exception
PlugPlugExternalObject.dll,ascii,13184,CSXSEvent
PlugPlugExternalObject.dll,ascii,13232,extensionId
PlugPlugExternalObject.dll,ascii,13264,PlugPlugDispatchEvent
PlugPlugExternalObject.dll,utf16le,13288,\PlugPlugOwl.dll
PlugPlugExternalObject.dll,utf16le,13328,\PlugPlug.dll
PlugPlugExternalObject.dll,ascii,15828,D:\release\release-12\CEP\builds\native\binaries\windows\x64\Release\PlugPlugExternalObject.pdb
PlugPlugExternalObject.dll,ascii,17796,PlugPlugExternalObject.dll
PlugPlugExternalObject.dll,ascii,18664,LoadLibraryW
PlugPlugExternalObject.dll,ascii,20020,__std_exception_destroy
PlugPlugExternalObject.dll,ascii,20046,__std_exception_copy
PlugPlugExternalObject.dll,ascii,20104,_CxxThrowException
PlugPlugExternalObject.dll,ascii,20668,UnhandledExceptionFilter
PlugPlugExternalObject.dll,ascii,20696,SetUnhandledExceptionFilter
PlugPlugExternalObject.dll,ascii,21168,.?AVexception@std@@
PlugPlugExternalObject.dll,utf16le,23444,PlugPlugExternalObject Standard Dll (64 bit)
PlugPlugExternalObject.dll,utf16le,23616,PlugPlugExternalObject
PlugPlugExternalObject.dll,utf16le,23792,PlugPlugExternalObject Standard Dll (64 bit)
PlugPlugExternalObject.dll,utf16le,23916,Adobe(R) CEP PlugPlugExternalObject Standard Dll (64 bit)
PlugPlugExternalObject.dll,ascii,24209,<assembly xmlns='urn:schemas-microsoft-com:asm.v1' manifestVersion='1.0'>
csxsmanager.dll,ascii,109072,com.adobe.URLAnchorExtract.extension
csxsmanager.dll,ascii,110160,com.adobe.DesignLibraries.events.UploadCapsuleProgress
csxsmanager.dll,ascii,110216,com.adobe.DesignLibraries.events.UploadCapsuleResponse
csxsmanager.dll,ascii,110600,Unknown exception
csxsmanager.dll,ascii,111280,com.adobe.csxs.events.TxtFieldGainedFocus
csxsmanager.dll,ascii,111328,com.adobe.csxs.events.TxtFieldLostFocus
csxsmanager.dll,ascii,111368,com.adobe.csxs.events.ExtensionLoaded
csxsmanager.dll,ascii,111408,com.adobe.csxs.events.ExtensionUnloaded
csxsmanager.dll,ascii,111536,com.adobe.csxs.events.ApplicationActivate
csxsmanager.dll,ascii,111584,com.adobe.csxs.events.ApplicationBeforeQuit
csxsmanager.dll,ascii,111632,com.adobe.csxs.events.ApplicationInitialized
csxsmanager.dll,ascii,111760,com.adobe.csxs.events.DocumentAfterActivate
csxsmanager.dll,ascii,111880,com.adobe.csxs.events.DocumentAfterDeactivate
csxsmanager.dll,ascii,111984,com.adobe.csxs.events.DocumentSaveAs
csxsmanager.dll,ascii,112088,com.adobe.csxs.events.WorkspaceChanged
csxsmanager.dll,ascii,113360,Trying to load external Frame.io extension!
csxsmanager.dll,ascii,113408,CSXSManager::Extension::Load
csxsmanager.dll,ascii,113440,D:\releases\dva\DVAInternal\csxsmanager\Src\Extension.cpp
csxsmanager.dll,ascii,113504,"Trying to load Frame.io V4 extension, with betafeature off!"
csxsmanager.dll,ascii,113568,CSXSManager
csxsmanager.dll,ascii,113584,Plug Plug extension failed to load with error: 
csxsmanager.dll,ascii,113641,mExtensionType:
csxsmanager.dll,ascii,113865,mExtensionID:
csxsmanager.dll,ascii,113889,mDoReload:
csxsmanager.dll,ascii,113929,mIsLoading:
csxsmanager.dll,ascii,113953,mIsLoaded:
csxsmanager.dll,ascii,113968,Extension
csxsmanager.dll,utf16le,114192,WC_PLUGPLUG_HTMLEXTENSION_CLASS_NAME
csxsmanager.dll,utf16le,114272,com.adobe.plugplug.html.request-activate
csxsmanager.dll,ascii,114360,HTMLExtension Error Message
csxsmanager.dll,ascii,117088,com.adobe.csxs.events.Login
csxsmanager.dll,ascii,117120,com.adobe.csxs.events.CancelLogin
csxsmanager.dll,ascii,117160,com.adobe.csxs.events.Logout
csxsmanager.dll,ascii,117192,com.adobe.csxs.events.AppActivated
csxsmanager.dll,ascii,117232,com.adobe.csxs.events.AppDeactivated
csxsmanager.dll,ascii,117272,com.adobe.csxs.events.CheckSMSUpdate
csxsmanager.dll,ascii,117312,com.adobe.csxs.events.AdminOnline
csxsmanager.dll,ascii,117352,com.adobe.csxs.events.AdminOffline
csxsmanager.dll,ascii,117392,com.adobe.csxs.events.AppOnline
csxsmanager.dll,ascii,117424,com.adobe.csxs.events.AppOffline
csxsmanager.dll,ascii,117464,com.adobe.csxs.events.UserOnline
csxsmanager.dll,ascii,117504,com.adobe.csxs.events.UserOffline
csxsmanager.dll,ascii,117544,com.adobe.csxs.events.ExecutableExit
csxsmanager.dll,ascii,117584,com.adobe.csxs.events.StartDebug
csxsmanager.dll,ascii,117624,com.adobe.csxs.events.StopDebug
csxsmanager.dll,ascii,117656,com.adobe.csxs.events.internal.ims.FetchAccessToken
csxsmanager.dll,ascii,117712,com.adobe.csxs.events.internal.ims.FetchAccessTokenWithStatus
csxsmanager.dll,ascii,117824,com.adobe.csxs.events.internal.ims.LogoutUser
csxsmanager.dll,ascii,117872,com.adobe.csxs.events.ThemeColorChanged
csxsmanager.dll,ascii,117912,com.adobe.csxs.events.WindowVisibilityChanged
csxsmanager.dll,ascii,117960,com.adobe.csxs.events.flyoutMenuClicked
csxsmanager.dll,ascii,118000,com.adobe.csxs.events.flyoutMenuOpened
csxsmanager.dll,ascii,118040,com.adobe.csxs.events.flyoutMenuClosed
csxsmanager.dll,ascii,118080,com.adobe.csxs.events.internal.ims.SSOStatus
csxsmanager.dll,ascii,118128,com.adobe.csxs.events.ProfileChanged
csxsmanager.dll,ascii,127560,D:\releases\dva\build\mb\msvs_win32_x64\Release\x64\build\DVAInternal\csxsmanager\csxsmanager\csxsmanager.pdb
csxsmanager.dll,ascii,146352,csxsmanager.dll
csxsmanager.dll,ascii,146368,??0ExtensionManager@CSXSManager@@QEAA@AEBV01@@Z
csxsmanager.dll,ascii,146416,??0ExtensionManager@CSXSManager@@QEAA@XZ
csxsmanager.dll,ascii,146457,??0Stage@CSXSManager@@QEAA@AEBV01@@Z
csxsmanager.dll,ascii,146494,??0Stage@CSXSManager@@QEAA@XZ
csxsmanager.dll,ascii,146524,??0StageManager@CSXSManager@@QEAA@AEBV01@@Z
csxsmanager.dll,ascii,146568,??0StageManager@CSXSManager@@QEAA@XZ
csxsmanager.dll,ascii,146605,??1ExtensionManager@CSXSManager@@QEAA@XZ
csxsmanager.dll,ascii,146646,??1Stage@CSXSManager@@UEAA@XZ
csxsmanager.dll,ascii,146676,??1StageManager@CSXSManager@@QEAA@XZ
csxsmanager.dll,ascii,146713,??4ExtensionManager@CSXSManager@@QEAAAEAV01@AEBV01@@Z
csxsmanager.dll,ascii,146767,??4StageManager@CSXSManager@@QEAAAEAV01@AEBV01@@Z
csxsmanager.dll,ascii,146817,??_7Stage@CSXSManager@@6BRefCountedImplementation@utility@dvacore@@@
csxsmanager.dll,ascii,146886,??_7Stage@CSXSManager@@6BRefCountedInterface@utility@dvacore@@@
csxsmanager.dll,ascii,146950,??_8Stage@CSXSManager@@7B@
csxsmanager.dll,ascii,146977,??_DStage@CSXSManager@@QEAAXXZ
csxsmanager.dll,ascii,147008,?AddStage@StageManager@CSXSManager@@QEAAXV?$IntrusivePtr@VIStage@CSXSManager@@@RefCountedInterface@utility@dvacore@@@Z
csxsmanager.dll,ascii,147127,?AreJobsPending@CSXSManager@@YA_NAEBV?$basic_string@EU?$char_traits@E@std@@U?$STLAllocator@E@allocator@dvacore@@@std@@@Z
csxsmanager.dll,ascii,147248,?ArePanelActivationsAllowed@CSXSManager@@YA_NXZ
csxsmanager.dll,ascii,147296,?AttachApplication@CSXSManager@@YAXV?$IntrusivePtr@VIApplication@CSXSManager@@@RefCountedInterface@utility@dvacore@@@Z
csxsmanager.dll,ascii,147415,?ClipboardClear@Stage@CSXSManager@@UEBAXXZ
csxsmanager.dll,ascii,147458,?ClipboardCopy@Stage@CSXSManager@@UEBAXXZ
csxsmanager.dll,ascii,147500,?ClipboardCut@Stage@CSXSManager@@UEBAXXZ
csxsmanager.dll,ascii,147541,?ClipboardPaste@Stage@CSXSManager@@UEBAXXZ
csxsmanager.dll,ascii,147584,?ClipboardSelectAll@Stage@CSXSManager@@UEBAXXZ
csxsmanager.dll,ascii,147631,?CreateContainer@Stage@CSXSManager@@QEAAPEAUHWND__@@V?$RectT@H@geom@dvacore@@@Z
csxsmanager.dll,ascii,147711,?CreateView@Stage@CSXSManager@@UEAA?AV?$IntrusivePtr@VOS_Window@ui@dvaui@@@RefCountedInterface@utility@dvacore@@V?$RectT@H@geom@6@@Z
csxsmanager.dll,ascii,147844,?DestroyContainer@Stage@CSXSManager@@QEAAXXZ
csxsmanager.dll,ascii,147889,?DetachApplication@CSXSManager@@YAXXZ
csxsmanager.dll,ascii,147927,?DispatchApplicationEvent@CSXSManager@@YAXAEBV?$basic_string@EU?$char_traits@E@std@@U?$STLAllocator@E@allocator@dvacore@@@std@@0@Z
csxsmanager.dll,ascii,148058,?DumpExtensionsToTrace@CSXSManager@@YAXXZ
csxsmanager.dll,ascii,148100,?DumpExtensionsToTrace@ExtensionManager@CSXSManager@@QEBAXXZ
csxsmanager.dll,ascii,148161,?EnableFrameIOV4Extension@CSXSManager@@YAXXZ
csxsmanager.dll,ascii,148206,?FindParkedStage@CSXSManager@@YAHAEBV?$basic_string@EU?$char_traits@E@std@@U?$STLAllocator@E@allocator@dvacore@@@std@@@Z
csxsmanager.dll,ascii,148327,?FindParkedStage@StageManager@CSXSManager@@QEBAHAEBV?$basic_string@EU?$char_traits@E@std@@U?$STLAllocator@E@allocator@dvacore@@@std@@@Z
csxsmanager.dll,ascii,148463,?GetApplication@CSXSManager@@YA?AV?$IntrusivePtr@VIApplication@CSXSManager@@@RefCountedInterface@utility@dvacore@@XZ
csxsmanager.dll,ascii,148580,?GetApplicationMenu@CSXSManager@@YAXAEAV?$IntrusivePtr@VIMenu@CSXSManager@@@RefCountedInterface@utility@dvacore@@@Z
csxsmanager.dll,ascii,148696,?GetApplicationMenu@ExtensionManager@CSXSManager@@QEBAXAEAV?$IntrusivePtr@VIMenu@CSXSManager@@@RefCountedInterface@utility@dvacore@@@Z
csxsmanager.dll,ascii,148831,?GetBounds@Stage@CSXSManager@@UEBA?AV?$RectT@H@geom@dvacore@@XZ
csxsmanager.dll,ascii,148895,?GetBrowserID@CSXSManager@@YA?AV?$basic_string@EU?$char_traits@E@std@@U?$STLAllocator@E@allocator@dvacore@@@std@@XZ
csxsmanager.dll,ascii,149011,?GetCCLibrariesExtensionID@CSXSManager@@YAAEBV?$basic_string@EU?$char_traits@E@std@@U?$STLAllocator@E@allocator@dvacore@@@std@@XZ
csxsmanager.dll,ascii,149141,?GetExtensionByID@CSXSManager@@YAHAEBV?$basic_string@EU?$char_traits@E@std@@U?$STLAllocator@E@allocator@dvacore@@@std@@AEAV?$IntrusivePtr@VIExtension@CSXSManager@@@RefCountedInterface@utility@dvacore@@@Z
csxsmanager.dll,ascii,149345,?GetExtensionByID@ExtensionManager@CSXSManager@@QEAA?AV?$IntrusivePtr@VIExtension@CSXSManager@@@RefCountedInterface@utility@dvacore@@AEBV?$basic_string@EU?$char_traits@E@std@@U?$STLAllocator@E@allocator@dvacore@@@std@@@Z
csxsmanager.dll,ascii,149566,?GetExtensionByID@ExtensionManager@CSXSManager@@QEAA?AV?$IntrusivePtr@VIExtension@CSXSManager@@@RefCountedInterface@utility@dvacore@@PEBD@Z
csxsmanager.dll,ascii,149706,?GetExtensionByIndex@CSXSManager@@YAHHAEAV?$IntrusivePtr@VIExtension@CSXSManager@@@RefCountedInterface@utility@dvacore@@@Z
csxsmanager.dll,ascii,149829,?GetExtensionByIndex@ExtensionManager@CSXSManager@@QEAA?AV?$IntrusivePtr@VIExtension@CSXSManager@@@RefCountedInterface@utility@dvacore@@H@Z
csxsmanager.dll,ascii,149969,?GetExtensionID@Stage@CSXSManager@@UEBA?AV?$basic_string@EU?$char_traits@E@std@@U?$STLAllocator@E@allocator@dvacore@@@std@@XZ
csxsmanager.dll,ascii,150095,?GetFrameIOExtensionID@CSXSManager@@YAAEBV?$basic_string@EU?$char_traits@E@std@@U?$STLAllocator@E@allocator@dvacore@@@std@@XZ
csxsmanager.dll,ascii,150221,?GetInstance@ExtensionManager@CSXSManager@@SAAEAV12@XZ
csxsmanager.dll,ascii,150276,?GetInstance@StageManager@CSXSManager@@SAAEAV12@XZ
csxsmanager.dll,ascii,150327,?GetInternalFrameIOV3ExtensionID@CSXSManager@@YAAEBV?$basic_string@EU?$char_traits@E@std@@U?$STLAllocator@E@allocator@dvacore@@@std@@XZ
csxsmanager.dll,ascii,150463,?GetInternalFrameIOV4ExtensionID@CSXSManager@@YAAEBV?$basic_string@EU?$char_traits@E@std@@U?$STLAllocator@E@allocator@dvacore@@@std@@XZ
csxsmanager.dll,ascii,150599,?GetInternalFrameIOV4_Preview_ExtensionID@CSXSManager@@YAAEBV?$basic_string@EU?$char_traits@E@std@@U?$STLAllocator@E@allocator@dvacore@@@std@@XZ
csxsmanager.dll,ascii,150744,?GetLearnExtensionID@CSXSManager@@YAAEBV?$basic_string@EU?$char_traits@E@std@@U?$STLAllocator@E@allocator@dvacore@@@std@@XZ
csxsmanager.dll,ascii,150868,?GetMainStage@Stage@CSXSManager@@QEBAPEAUHWND__@@XZ
csxsmanager.dll,ascii,150920,?GetMaxSize@Stage@CSXSManager@@UEAA?AV?$PointT@H@geom@dvacore@@XZ
csxsmanager.dll,ascii,150986,?GetMinSize@Stage@CSXSManager@@UEBA?AV?$PointT@H@geom@dvacore@@XZ
csxsmanager.dll,ascii,151052,?GetMinimumMetadataIDStr@CSXSManager@@YA?AV?$basic_string@EU?$char_traits@E@std@@U?$STLAllocator@E@allocator@dvacore@@@std@@XZ
csxsmanager.dll,ascii,151179,?GetNewDocumentExtensionID@CSXSManager@@YAAEBV?$basic_string@EU?$char_traits@E@std@@U?$STLAllocator@E@allocator@dvacore@@@std@@XZ
csxsmanager.dll,ascii,151309,?GetNumExtensions@CSXSManager@@YAHXZ
csxsmanager.dll,ascii,151346,?GetNumExtensions@ExtensionManager@CSXSManager@@QEBAHXZ
csxsmanager.dll,ascii,151402,?GetPlatformView@Stage@CSXSManager@@UEBAPEAUHWND__@@XZ
csxsmanager.dll,ascii,151457,?GetSUSILoginExtensionID@CSXSManager@@YA?AV?$basic_string@EU?$char_traits@E@std@@U?$STLAllocator@E@allocator@dvacore@@@std@@XZ
csxsmanager.dll,ascii,151584,?GetStage@CSXSManager@@YA?AV?$IntrusivePtr@VIStage@CSXSManager@@@RefCountedInterface@utility@dvacore@@H@Z
csxsmanager.dll,ascii,151690,?GetStage@StageManager@CSXSManager@@QEBA?AV?$IntrusivePtr@VIStage@CSXSManager@@@RefCountedInterface@utility@dvacore@@H@Z
csxsmanager.dll,ascii,151811,?GetStageID@Stage@CSXSManager@@UEBAHXZ
csxsmanager.dll,ascii,151850,?GetStageRef@StageManager@CSXSManager@@QEBA?AV?$IntrusivePtr@VIStage@CSXSManager@@@RefCountedInterface@utility@dvacore@@H@Z
csxsmanager.dll,ascii,151974,?GetStagesForExtension@StageManager@CSXSManager@@QEBAXAEAV?$vector@V?$IntrusivePtr@VIStage@CSXSManager@@@RefCountedInterface@utility@dvacore@@V?$allocator@V?$IntrusivePtr@VIStage@CSXSManager@@@RefCountedInterface@utility@dvacore@@@std@@@std@@AEBV?$basic_string@EU?$char_traits@E@std@@U?$STLAllocator@E@allocator@dvacore@@@4@@Z
csxsmanager.dll,ascii,152301,?GetTitle@Stage@CSXSManager@@UEBA?AV?$basic_string@EU?$char_traits@E@std@@U?$STLAllocator@E@allocator@dvacore@@@std@@XZ
csxsmanager.dll,ascii,152421,?GetTranslateAPEClipboardKeysCallback@StageManager@CSXSManager@@QEAA?AV?$function@$$A6A_N_NAEBVOS_Event@ui@dvaui@@@Z@std@@XZ
csxsmanager.dll,ascii,152546,?GetView@Stage@CSXSManager@@UEAA?AV?$IntrusivePtr@VOS_Window@ui@dvaui@@@RefCountedInterface@utility@dvacore@@XZ
csxsmanager.dll,ascii,152658,?GetWindowType@Stage@CSXSManager@@UEBA?AW4WindowType@2@XZ
csxsmanager.dll,ascii,152716,?HasBrowser@CSXSManager@@YA_NXZ
csxsmanager.dll,ascii,152748,?HasTerminationBegun@CSXSManager@@YA_NXZ
csxsmanager.dll,ascii,152789,?Initialize@CSXSManager@@YA_NV?$IntrusivePtr@VIScriptEngine@CSXSManager@@@RefCountedInterface@utility@dvacore@@AEBV?$basic_string@EU?$char_traits@E@std@@U?$STLAllocator@E@allocator@dvacore@@@std@@111MAEBVColorRGBA@drawbot@dvaui@@21UPlugPlugHostData@@AEAV?$function@$$A6AX_N@Z@7@AEAV?$function@$$A6A_N_NAEBVOS_Event@ui@dvaui@@@Z@7@PEBD@Z
csxsmanager.dll,ascii,153126,?InvokeStockLicensePanel@CSXSManager@@YA_NAEBV?$basic_string@EU?$char_traits@E@std@@U?$STLAllocator@E@allocator@dvacore@@@std@@AEBV?$function@$$A6AXHAEBV?$basic_string@EU?$char_traits@E@std@@U?$STLAllocator@E@allocator@dvacore@@@std@@@Z@3@@Z
csxsmanager.dll,ascii,153368,?IsCCLibrariesActive@CSXSManager@@YA_NXZ
csxsmanager.dll,ascii,153409,?IsCSXSEnabled@CSXSManager@@YA_NXZ
csxsmanager.dll,ascii,153444,?IsClipboardSelectAllSupported@CSXSManager@@YA_NXZ
csxsmanager.dll,ascii,153495,?IsEventFiltered@Stage@CSXSManager@@AEBA_NW4StageEventType@2@@Z
csxsmanager.dll,ascii,153559,?IsExtensionBusy@CSXSManager@@YA_NAEBV?$basic_string@EU?$char_traits@E@std@@U?$STLAllocator@E@allocator@dvacore@@@std@@@Z
csxsmanager.dll,ascii,153681,?IsFrameIOV4ExtensionEnabled@CSXSManager@@YA_NXZ
csxsmanager.dll,ascii,153730,?IsInternalExtension@CSXSManager@@YA_NAEBV?$basic_string@EU?$char_traits@E@std@@U?$STLAllocator@E@allocator@dvacore@@@std@@@Z
csxsmanager.dll,ascii,153856,?IsObsoleteExtension@CSXSManager@@YA_NAEBV?$basic_string@EU?$char_traits@E@std@@U?$STLAllocator@E@allocator@dvacore@@@std@@@Z
csxsmanager.dll,ascii,153982,?IsParked@Stage@CSXSManager@@UEBA_NXZ
csxsmanager.dll,ascii,154020,?LoadExtension@CSXSManager@@YAHAEBV?$basic_string@EU?$char_traits@E@std@@U?$STLAllocator@E@allocator@dvacore@@@std@@@Z
csxsmanager.dll,ascii,154139,?MakeStageID@StageManager@CSXSManager@@SAHXZ
csxsmanager.dll,ascii,154184,?OnAfterDocumentActivate@Event@CSXSManager@@YAXAEBV?$basic_string@EU?$char_traits@E@std@@U?$STLAllocator@E@allocator@dvacore@@@std@@0@Z
csxsmanager.dll,ascii,154320,?OnAfterDocumentDeactivate@Event@CSXSManager@@YAXAEBV?$basic_string@EU?$char_traits@E@std@@U?$STLAllocator@E@allocator@dvacore@@@std@@0@Z
csxsmanager.dll,ascii,154458,?OnApplicationActivate@Event@CSXSManager@@YAXXZ
csxsmanager.dll,ascii,154506,?OnApplicationBeforeQuit@Event@CSXSManager@@YAXXZ
csxsmanager.dll,ascii,154556,?OnApplicationInitialized@Event@CSXSManager@@YAXXZ
csxsmanager.dll,ascii,154607,?OnDocumentSaveAs@Event@CSXSManager@@YAXAEBV?$basic_string@EU?$char_traits@E@std@@U?$STLAllocator@E@allocator@dvacore@@@std@@0@Z
csxsmanager.dll,ascii,154736,?OnWorkspaceChanged@Event@CSXSManager@@YAXAEBV?$basic_string@EU?$char_traits@E@std@@U?$STLAllocator@E@allocator@dvacore@@@std@@@Z
csxsmanager.dll,ascii,154866,?ParkStage@CSXSManager@@YAXH@Z
csxsmanager.dll,ascii,154897,?ParkStage@Stage@CSXSManager@@QEAAXXZ
csxsmanager.dll,ascii,154935,?ParkStage@StageManager@CSXSManager@@QEBAXV?$IntrusivePtr@VIStage@CSXSManager@@@RefCountedInterface@utility@dvacore@@@Z
csxsmanager.dll,ascii,155055,?PlatformInitialize@StageManager@CSXSManager@@QEAAXXZ
csxsmanager.dll,ascii,155109,?PostEventNotification@Stage@CSXSManager@@QEAAXW4StageEventType@2@@Z
csxsmanager.dll,ascii,155178,?PostEventNotification@Stage@CSXSManager@@SAXW4StageEventType@2@H@Z
csxsmanager.dll,ascii,155246,?RegisterExtension@ExtensionManager@CSXSManager@@QEAA?AW4PlugPlugErrorCode@@PEBD0PEAUPlugPlugExtensionData@@W4ExtensionType@2@@Z
csxsmanager.dll,ascii,155375,?RemoveStage@StageManager@CSXSManager@@QEAAXV?$IntrusivePtr@VIStage@CSXSManager@@@RefCountedInterface@utility@dvacore@@@Z
csxsmanager.dll,ascii,155497,?RemoveStageByID@StageManager@CSXSManager@@QEAAXH@Z
csxsmanager.dll,ascii,155549,?SendEventNotification@Stage@CSXSManager@@QEAAXW4StageEventType@2@@Z
csxsmanager.dll,ascii,155618,?SendEventNotification@Stage@CSXSManager@@SAXW4StageEventType@2@H@Z
csxsmanager.dll,ascii,155686,?SetApplicationMenu@ExtensionManager@CSXSManager@@QEAAXQEAUPlugPlugMenuItem@@_N@Z
csxsmanager.dll,ascii,155768,?SetBounds@Stage@CSXSManager@@UEAAXAEBV?$RectT@H@geom@dvacore@@_N@Z
csxsmanager.dll,ascii,155836,?SetBrowserID@CSXSManager@@YAXAEBV?$basic_string@EU?$char_traits@E@std@@U?$STLAllocator@E@allocator@dvacore@@@std@@@Z
csxsmanager.dll,ascii,155954,?SetExtensionID@Stage@CSXSManager@@QEAAXAEBV?$basic_string@EU?$char_traits@E@std@@U?$STLAllocator@E@allocator@dvacore@@@std@@@Z
csxsmanager.dll,ascii,156082,?SetExtensionName@ExtensionManager@CSXSManager@@AEAAXQEAUPlugPlugMenuItem@@@Z
csxsmanager.dll,ascii,156160,?SetMainStage@Stage@CSXSManager@@QEAAXPEAUHWND__@@@Z
csxsmanager.dll,ascii,156213,?SetMaxSize@Stage@CSXSManager@@QEAAXAEBV?$PointT@H@geom@dvacore@@@Z
csxsmanager.dll,ascii,156281,?SetMenu@Extension@CSXSManager@@UEAAXQEAUPlugPlugMenuItem@@_N@Z
csxsmanager.dll,ascii,156345,?SetMinSize@Stage@CSXSManager@@QEAAXAEBV?$PointT@H@geom@dvacore@@@Z
csxsmanager.dll,ascii,156413,?SetOrigin@Stage@CSXSManager@@UEAAXAEBV?$PointT@H@geom@dvacore@@@Z
csxsmanager.dll,ascii,156480,?SetPanelActivationDelay@CSXSManager@@YAXH@Z
csxsmanager.dll,ascii,156525,?SetPlatformView@Stage@CSXSManager@@UEAAXPEAUHWND__@@@Z
csxsmanager.dll,ascii,156581,?SetPlugPlugCCLibrariesEventCallback@Event@CSXSManager@@YAXAEBV?$function@$$A6AXAEBV?$basic_string@EU?$char_traits@E@std@@U?$STLAllocator@E@allocator@dvacore@@@std@@0@Z@std@@@Z
csxsmanager.dll,ascii,156758,?SetPlugPlugLearnPanelEventCallback@Event@CSXSManager@@YAXAEBV?$function@$$A6AXAEBV?$basic_string@EU?$char_traits@E@std@@U?$STLAllocator@E@allocator@dvacore@@@std@@0@Z@std@@@Z
csxsmanager.dll,ascii,156934,?SetPlugPlugLoadedEventCallback@Event@CSXSManager@@YAXAEBV?$function@$$A6AXAEBV?$basic_string@EU?$char_traits@E@std@@U?$STLAllocator@E@allocator@dvacore@@@std@@@Z@std@@@Z
csxsmanager.dll,ascii,157105,?SetPlugPlugNGLProfileData@CSXSManager@@YAXAEBV?$basic_string@EU?$char_traits@E@std@@U?$STLAllocator@E@allocator@dvacore@@@std@@@Z
csxsmanager.dll,ascii,157236,?SetPlugPlugUnloadedEventCallback@Event@CSXSManager@@YAXAEBV?$function@$$A6AXAEBV?$basic_string@EU?$char_traits@E@std@@U?$STLAllocator@E@allocator@dvacore@@@std@@@Z@std@@@Z
csxsmanager.dll,ascii,157409,?SetQueryExtensionPersistentCallback@Event@CSXSManager@@YAXAEBV?$function@$$A6A_NAEBV?$basic_string@EU?$char_traits@E@std@@U?$STLAllocator@E@allocator@dvacore@@@std@@@Z@std@@@Z
csxsmanager.dll,ascii,157586,?SetSize@Stage@CSXSManager@@QEAAXAEBV?$PointT@H@geom@dvacore@@_N@Z
csxsmanager.dll,ascii,157653,?SetStageEventCallback@Event@CSXSManager@@YAXAEBV?$function@$$A6AXW4StageEventType@CSXSManager@@H_N@Z@std@@@Z
csxsmanager.dll,ascii,157763,?SetStageID@Stage@CSXSManager@@QEAAXH@Z
csxsmanager.dll,ascii,157803,?SetTitle@Stage@CSXSManager@@QEAAXAEBV?$basic_string@_WU?$char_traits@_W@std@@U?$STLAllocator@_W@allocator@dvacore@@@std@@@Z
csxsmanager.dll,ascii,157928,?SetTranslateAPEClipboardKeysCallback@StageManager@CSXSManager@@QEAAXAEBV?$function@$$A6A_N_NAEBVOS_Event@ui@dvaui@@@Z@std@@@Z
csxsmanager.dll,ascii,158055,?SetWindowType@Stage@CSXSManager@@UEAAXW4WindowType@2@@Z
csxsmanager.dll,ascii,158112,?ShouldAlwaysParkStage@CSXSManager@@YA_NAEBV?$basic_string@EU?$char_traits@E@std@@U?$STLAllocator@E@allocator@dvacore@@@std@@@Z
csxsmanager.dll,ascii,158240,?ShouldParkStage@CSXSManager@@YA_NH@Z
csxsmanager.dll,ascii,158278,?StageRefFromPlatformView@StageManager@CSXSManager@@QEBA?AV?$IntrusivePtr@VIStage@CSXSManager@@@RefCountedInterface@utility@dvacore@@PEAUHWND__@@@Z
csxsmanager.dll,ascii,158426,?Terminate@CSXSManager@@YAXXZ
csxsmanager.dll,ascii,158456,?Terminate@ExtensionManager@CSXSManager@@QEAAXXZ
csxsmanager.dll,ascii,158505,?Terminate@StageManager@CSXSManager@@QEAAXXZ
csxsmanager.dll,ascii,158550,?UnloadExtension@CSXSManager@@YAHAEBV?$basic_string@EU?$char_traits@E@std@@U?$STLAllocator@E@allocator@dvacore@@@std@@@Z
csxsmanager.dll,ascii,158671,?UnloadStage@CSXSManager@@YAXH@Z
csxsmanager.dll,ascii,158704,?UnparkStage@CSXSManager@@YAXH@Z
csxsmanager.dll,ascii,158737,?UnparkStage@Stage@CSXSManager@@QEAAXXZ
csxsmanager.dll,ascii,158777,?UnparkStage@StageManager@CSXSManager@@QEBAXV?$IntrusivePtr@VIStage@CSXSManager@@@RefCountedInterface@utility@dvacore@@@Z
csxsmanager.dll,ascii,158899,?UnregisterExtension@ExtensionManager@CSXSManager@@QEAA?AW4PlugPlugErrorCode@@PEBD@Z
csxsmanager.dll,ascii,158984,?UpdateSkinInfo@CSXSManager@@YAXXZ
csxsmanager.dll,ascii,159019,?kCCLibrariesGetReadWriteStatusResponse@CCLibrariesEventTypes@CSXSManager@@3QEBDEB
csxsmanager.dll,ascii,159102,?kCCLibrariesReady@CCLibrariesEventTypes@CSXSManager@@3QEBDEB
csxsmanager.dll,ascii,159164,?kCCLibrariesUpdateCapsuleResponse@CCLibrariesEventTypes@CSXSManager@@3QEBDEB
csxsmanager.dll,ascii,159242,?kCCLibrariesUploadCapsuleProgress@CCLibrariesEventTypes@CSXSManager@@3QEBDEB
csxsmanager.dll,ascii,159320,?kCCLibrariesUploadCapsuleResponse@CCLibrariesEventTypes@CSXSManager@@3QEBDEB
csxsmanager.dll,ascii,159398,?kCCLibrariesUserAccessToken@CCLibrariesEventTypes@CSXSManager@@3QEBDEB
csxsmanager.dll,ascii,159470,?kCCLibrariesVideoUpdate@CCLibrariesEventTypes@CSXSManager@@3QEBDEB
csxsmanager.dll,ascii,159538,?kInvalidStageID@Stage@CSXSManager@@2HB
csxsmanager.dll,ascii,159578,?kLearnPanelClickedHyperlink@LearnPanelEventTypes@CSXSManager@@3QEBDEB
csxsmanager.dll,ascii,159649,?kLearnPanelClickedNext@LearnPanelEventTypes@CSXSManager@@3QEBDEB
csxsmanager.dll,ascii,159715,?kLearnPanelClickedShowOnboarding@LearnPanelEventTypes@CSXSManager@@3QEBDEB
csxsmanager.dll,ascii,159791,?kLearnPanelInitialized@LearnPanelEventTypes@CSXSManager@@3QEBDEB
csxsmanager.dll,ascii,159857,?kLearnPanelPageCompleted@LearnPanelEventTypes@CSXSManager@@3QEBDEB
csxsmanager.dll,ascii,159925,?kLearnPanelPlaylistStarted@LearnPanelEventTypes@CSXSManager@@3QEBDEB
csxsmanager.dll,ascii,159995,?kLearnPanelTutorialCompleted@LearnPanelEventTypes@CSXSManager@@3QEBDEB
csxsmanager.dll,ascii,160067,?kLearnPanelTutorialExited@LearnPanelEventTypes@CSXSManager@@3QEBDEB
csxsmanager.dll,ascii,160136,?kLearnPanelTutorialPageDisplayed@LearnPanelEventTypes@CSXSManager@@3QEBDEB
csxsmanager.dll,ascii,160212,?kLearnPanelTutorialStarted@LearnPanelEventTypes@CSXSManager@@3QEBDEB
csxsmanager.dll,ascii,160282,?kLearnPanelTutorialSuccessfullyCompleted@LearnPanelEventTypes@CSXSManager@@3QEBDEB
csxsmanager.dll,ascii,160366,?kStockLicenseClosed@StockLicenseEventTypes@CSXSManager@@3QEBDEB
csxsmanager.dll,ascii,160431,?kStockLicenseExtensionID@CSXSManager@@3V?$basic_string@EU?$char_traits@E@std@@U?$STLAllocator@E@allocator@dvacore@@@std@@B
csxsmanager.dll,ascii,160555,?kStockLicenseInit@StockLicenseEventTypes@CSXSManager@@3QEBDEB
csxsmanager.dll,ascii,160618,?kStockLicensePerform@StockLicenseEventTypes@CSXSManager@@3QEBDEB
csxsmanager.dll,ascii,164974,SHGetFolderPathAndSubDirW
csxsmanager.dll,ascii,165014,PlugPlugSetup
csxsmanager.dll,ascii,165030,PlugPlugNotifyStateChange
csxsmanager.dll,ascii,165058,PlugPlugAddEventListener
csxsmanager.dll,ascii,165086,PlugPlugRemoveEventListener
csxsmanager.dll,ascii,165116,PlugPlugDispatchEvent
csxsmanager.dll,ascii,165140,PlugPlugGetJobs
csxsmanager.dll,ascii,165158,PlugPlugPurgeJobs
csxsmanager.dll,ascii,165178,PlugPlugTerminate
csxsmanager.dll,ascii,165198,PlugPlugSetNglProfileData
csxsmanager.dll,ascii,165226,PlugPlugLoadExtensionEx
csxsmanager.dll,ascii,165252,PlugPlugUnloadExtension
csxsmanager.dll,ascii,165278,PlugPlugExtensionCall
csxsmanager.dll,ascii,165302,PlugPlugMenuCall
csxsmanager.dll,ascii,165320,PlugPlug.dll
csxsmanager.dll,ascii,165626,?DoThrowNullPtrException@config@dvacore@@YAXAEBV?$basic_string@EU?$char_traits@E@std@@U?$STLAllocator@E@allocator@dvacore@@@std@@@Z
csxsmanager.dll,ascii,188910,?SetSUSILoginExtensionInfo@dvanetsync@@YAXAEAUSUSILoginExtensionInfo@1@@Z
csxsmanager.dll,ascii,188986,?kSUSIExtensionID@dvanetsync@@3QEBDEB
csxsmanager.dll,ascii,189362,?uncaught_exception@std@@YA_NXZ
csxsmanager.dll,ascii,192642,__std_exception_copy
csxsmanager.dll,ascii,192666,__std_exception_destroy
csxsmanager.dll,ascii,192718,_CxxThrowException
csxsmanager.dll,ascii,192802,__current_exception
csxsmanager.dll,ascii,192824,__current_exception_context
csxsmanager.dll,ascii,193614,UnhandledExceptionFilter
csxsmanager.dll,ascii,193642,SetUnhandledExceptionFilter
csxsmanager.dll,ascii,194320,.?AVexception@std@@
csxsmanager.dll,ascii,194600,.?AVIStage@CSXSManager@@
csxsmanager.dll,ascii,194648,.?AVStage@CSXSManager@@
csxsmanager.dll,ascii,194688,.?AVIExtension@CSXSManager@@
csxsmanager.dll,ascii,195168,.?AV<lambda_1>@?1??SetPlugPlugNGLProfileData@CSXSManager@@YAXAEBV?$basic_string@EU?$char_traits@E@std@@U?$STLAllocator@E@allocator@dvacore@@@std@@@Z@
csxsmanager.dll,ascii,195680,.?AVCSXSMenu@CSXSManager@@
csxsmanager.dll,ascii,195776,.?AVExtensionStageView@CSXSManager@@
csxsmanager.dll,ascii,195832,.?AVIApplication@CSXSManager@@
csxsmanager.dll,ascii,196608,.?AV?$_Func_impl_no_alloc@V<lambda_1>@?1??SetPlugPlugNGLProfileData@CSXSManager@@YAXAEBV?$basic_string@EU?$char_traits@E@std@@U?$STLAllocator@E@allocator@dvacore@@@std@@@Z@X$$V@std@@
csxsmanager.dll,ascii,197960,.?AVExtension@CSXSManager@@
csxsmanager.dll,ascii,198008,.?AVHtmlExtensionView@@
csxsmanager.dll,ascii,198048,.?AVIMenu@CSXSManager@@
csxsmanager.dll,utf16le,206264,csxsmanager
csxsmanager.dll,utf16le,206460,csxsmanager.dll
csxsmanager.dll,ascii,206841,<assembly xmlns='urn:schemas-microsoft-com:asm.v1' manifestVersion='1.0'>
csxsmanager.dll,ascii,213775,!13pA
dvauxphost.dll,ascii,2561096,Unknown exception
dvauxphost.dll,ascii,2561184,[dvauxphost] Out of memory plugin group: 
dvauxphost.dll,ascii,2561232,dvauxphost::adapters::OutOfMemoryAdapter::runtimeGroupNearHeapLimit
dvauxphost.dll,ascii,2561312,D:\releases\dva\Drover\dvauxphost\adapters\src\OutOfMemoryAdapter.cpp
dvauxphost.dll,ascii,2561424,pluginid
dvauxphost.dll,ascii,2561440,pluginname
dvauxphost.dll,ascii,2561464,[dvauxphost] Out of memory plugin: 
dvauxphost.dll,ascii,2561504,dvauxphost::adapters::OutOfMemoryAdapter::pluginRuntimeNearHeapLimit
dvauxphost.dll,ascii,2562128,Uxp::Threading
dvauxphost.dll,ascii,2562144,Uxp::Seal
dvauxphost.dll,ascii,2562160,UXP::V8
dvauxphost.dll,ascii,2562168,Uxp::JNI
dvauxphost.dll,ascii,2562184,Uxp::DOM
dvauxphost.dll,ascii,2562200,Uxp::Runtime
dvauxphost.dll,ascii,2562216,Uxp::Plugins
dvauxphost.dll,ascii,2562232,Uxp::Layout
dvauxphost.dll,ascii,2562248,Uxp::Rendering
dvauxphost.dll,ascii,2562264,Uxp::JS
dvauxphost.dll,ascii,2562272,Uxp::Networking
dvauxphost.dll,ascii,2562288,Uxp::Database
dvauxphost.dll,ascii,2562304,Uxp::Testing
dvauxphost.dll,ascii,2562320,Uxp::SelEngine
dvauxphost.dll,ascii,2562336,Uxp::FileSystem
dvauxphost.dll,ascii,2562568,An exception is pending
dvauxphost.dll,ascii,2563688,Commandline Script Plugin
dvauxphost.dll,ascii,2563728,commandline-script-plugin
dvauxphost.dll,ascii,2563784,manifestVersion
dvauxphost.dll,ascii,2564144,manifest.json
dvauxphost.dll,ascii,2564400,dvauxpui::Panel
dvauxphost.dll,ascii,2564416,dvauxpui::PanelAsMode
dvauxphost.dll,ascii,2564440,dvauxpui::Dialog
dvauxphost.dll,ascii,2564464,dvauxpui::Popup
dvauxphost.dll,ascii,2564480,dvauxpui::Modeless
dvauxphost.dll,ascii,2564504,uxpScriptMainCommand
dvauxphost.dll,ascii,2564600,dvauxphost::CreateHostViewMap
dvauxphost.dll,ascii,2564864,plugins
dvauxphost.dll,ascii,2564992,uxphost.menu
dvauxphost.dll,ascii,2565008,"uxphost.menu - category=[pmp, udt]command=[browse, manage, open]"
dvauxphost.dll,ascii,2565440,uxphost.runprjs
dvauxphost.dll,ascii,2565456,uxphost.load
dvauxphost.dll,ascii,2565472,"uxphost.load - extension=[id or filepath to directory containing uxp extension manifest] hostview=[panel, panelasmode, dialog, popup, modeless, no_ui] type=[type as defined in manifest entrypoint(s)] panelId=[panelId as defined in manifest entrypoint(s)] command=[command as defined in manifest entrypoint(s)] data=[string data that will be passed on plugin load] callId=[optional: string that will be passed back with notifications about this extension+panelId+hostview instance; if not provided a unique callId will be generated]"
dvauxphost.dll,ascii,2566008,uxphost.unload
dvauxphost.dll,ascii,2566032,uxphost.unload - [id or filepath to directory containing uxp extension manifest]
dvauxphost.dll,ascii,2566208,"uxphost.load extension="""
dvauxphost.dll,ascii,2566320,dvauxphost::LoadExtensionCommand
dvauxphost.dll,ascii,2566360,uxphost.closeview
dvauxphost.dll,ascii,2566384,uxphost.closeview - callId=[callId used when the view was opened through uxphost.load]
dvauxphost.dll,ascii,2566688,will_initialize_plugin_runtime
dvauxphost.dll,ascii,2566792,did_destroy_plugin_runtime
dvauxphost.dll,ascii,2566864,on_uncaught_exception
dvauxphost.dll,ascii,2566888,show_panel_for_plugin
dvauxphost.dll,ascii,2566912,invoke_command_for_plugin
dvauxphost.dll,ascii,2567040,show_exception_message
dvauxphost.dll,ascii,2567064,on_plugin_setup
dvauxphost.dll,ascii,2567080,on_plugin_added
dvauxphost.dll,ascii,2567096,on_plugin_removed
dvauxphost.dll,ascii,2567120,on_plugin_enabled
dvauxphost.dll,ascii,2567144,on_plugin_disabled
dvauxphost.dll,ascii,2567200,plugin_runtime_near_heap_limit
dvauxphost.dll,ascii,2567232,plugin_exceeds_memory_limit
dvauxphost.dll,ascii,2567720,dvauxphost.DebugUXPDir
dvauxphost.dll,ascii,2567768, doesn't have a valid manifest.json
dvauxphost.dll,ascii,2567840,dvauxphost.UseDebugUXPDir
dvauxphost.dll,ascii,2567872,GetPluginPathFromId returned: 
dvauxphost.dll,ascii,2567904,GetPluginPathFromId hasn't found id
dvauxphost.dll,ascii,2568216,extensions
dvauxphost.dll,ascii,2568232,UXPUserPluginsDir path: 
dvauxphost.dll,ascii,2568264,dvauxphost::UXPUserPluginsDir
dvauxphost.dll,ascii,2568304,UXPSystemSharedPluginDir path: 
dvauxphost.dll,ascii,2568336,dvauxphost::UXPSystemSharedPluginDir
dvauxphost.dll,ascii,2568376,Plugins
dvauxphost.dll,ascii,2568400,UXPUser3PPluginDir path: 
dvauxphost.dll,ascii,2568432,dvauxphost::UXPUser3PPluginDir
dvauxphost.dll,ascii,2568464,UXPSystem3PPluginDir path: 
dvauxphost.dll,ascii,2568496,dvauxphost::UXPSystem3PPluginDir
dvauxphost.dll,ascii,2568744,dvauxphost::UXPGlobals
dvauxphost.dll,ascii,2568800,testPlugin
dvauxphost.dll,ascii,2569344,Finished scanning UXP Directories
dvauxphost.dll,ascii,2570152,dvauxphost
dvauxphost.dll,ascii,2570240,dvauxphost.UseDvascriptingContext
dvauxphost.dll,ascii,2572440,dvauxphost.DisablePluginGroups
dvauxphost.dll,ascii,2572488,ThirdParty
dvauxphost.dll,ascii,2572520,Plugin Group: 
dvauxphost.dll,ascii,2572552,dvauxphost::UXPHostInstance::terminate
dvauxphost.dll,ascii,2573088,dvauxphost::UXPHostInstance::InitUxpEnvironment
dvauxphost.dll,ascii,2573136,UXPLogs
dvauxphost.dll,ascii,2574664,OnExtensionEntryPointCalled: 
dvauxphost.dll,ascii,2574696,OnExtensionLoaded: 
dvauxphost.dll,ascii,2574720,OnExtensionUnloaded: 
dvauxphost.dll,ascii,2574760,dvauxphost::UXPHostTestListener
dvauxphost.dll,ascii,2574808,Library already loaded
dvauxphost.dll,ascii,2574832,Plugin was unloaded
dvauxphost.dll,ascii,2574872,HybridPluginDelegate: Loaded plugin ID: 
dvauxphost.dll,ascii,2574920,unknown unload error
dvauxphost.dll,ascii,2574944,dvauxphost::HostAddonDelegate::load
dvauxphost.dll,ascii,2574984,HybridPluginDelegate: Unloaded plugin ID: 
dvauxphost.dll,ascii,2575032,HybridPluginDelegate: addonHandle
dvauxphost.dll,ascii,2575072,HybridPluginDelegate: loadError
dvauxphost.dll,ascii,2575160,extension
dvauxphost.dll,ascii,2575376,dvauxphost::UXPInstance::AttachViewData
dvauxphost.dll,ascii,2575416,D:\releases\dva\Drover\dvauxphost\src\UXPInstance.cpp
dvauxphost.dll,ascii,2575472,dvauxphost::UXPInstance::RegisterViewDestructor
dvauxphost.dll,ascii,2575736,dvauxphost::`anonymous-namespace'::GetPropertyFromNode
dvauxphost.dll,ascii,2575800,dvauxphost::`anonymous-namespace'::GetArrayObjects
dvauxphost.dll,ascii,2576080,Manifest not yet parsed. 
dvauxphost.dll,ascii,2576128,Invalid manifest data. 
dvauxphost.dll,ascii,2576152,Manifest file can not be read. 
dvauxphost.dll,ascii,2576320,Manifest json invalid. 
dvauxphost.dll,ascii,2576344,Missing or empty plugin id. 
dvauxphost.dll,ascii,2576376,Missing or empty plugin name. 
dvauxphost.dll,ascii,2576408,Missing or invalid plugin version. 
dvauxphost.dll,ascii,2576816,dvauxphost::UXPManifest::GetHostDependencyMap
dvauxphost.dll,ascii,2577016,dvauxphost::UXPManifest::GetPayload
dvauxphost.dll,ascii,2577080,pluginSource
dvauxphost.dll,ascii,2577096,dvauxphost::UXPManifest::ParseByHost
dvauxphost.dll,ascii,2577136,uxp.manifest
dvauxphost.dll,ascii,2577152,Unsupported manifest version.
dvauxphost.dll,ascii,2577280,dvauxphost::`anonymous-namespace'::GetPropertyValueFromNode
dvauxphost.dll,ascii,2577952,dvauxphost::UXPPluginLoaderDelegate::JsThreadTaskQueueInstance
dvauxphost.dll,ascii,2578064,Registered uxp module:
dvauxphost.dll,ascii,2578288,dvauxphost::UXPPluginLoaderDelegate
dvauxphost.dll,ascii,2579360,UpiPluginSource
dvauxphost.dll,ascii,2579376,plugin
dvauxphost.dll,ascii,2579432,PMDelegate: onPluginSetup
dvauxphost.dll,ascii,2579464,PMDelegate: onPluginAdded
dvauxphost.dll,ascii,2579496,PMDelegate: onPluginRemoved
dvauxphost.dll,ascii,2579528,PMDelegate: onPluginEnabled
dvauxphost.dll,ascii,2579560,PMDelegate: onPluginDisabled
dvauxphost.dll,ascii,2580304,$$$/dvauxphost/eInvalidID=Invalid plugin ID
dvauxphost.dll,ascii,2580352,$$$/dvauxphost/ePluginPathNotFound=Plugin path not found - None existing ID.
dvauxphost.dll,ascii,2580432,$$$/dvauxphost/eInvalidManifest=Invalid manifest
dvauxphost.dll,ascii,2580496,$$$/dvauxphost/eFailedToAddPlugin=Failed to add plugin via UxpPluginManager
dvauxphost.dll,ascii,2580576,$$$/dvauxphost/eInvalidCallId=Invalid call ID
dvauxphost.dll,ascii,2580624,$$$/dvauxphost/kCallIdAlreadyExists=Call ID already exists
dvauxphost.dll,ascii,2580688,$$$/dvauxphost/eInvalidDescriptor=Invalid descriptor
dvauxphost.dll,ascii,2580744,$$$/dvauxphost/eBusy=Can not load plugins at the moment.
dvauxphost.dll,ascii,2580816,$$$/dvauxphost/ePanelIdNotFound=Requested panel ID not found in manifest
dvauxphost.dll,ascii,2580976,$$$/dvauxphost/UXPHostInstance/WaitingFor=Waiting for '@0' to finish up remaining tasks.
dvauxphost.dll,ascii,2581152,$$$/dvauxphost/UXPHostInstance/WaitingAll=Waiting for UXP plugins to finish up remaining tasks.
dvauxphost.dll,ascii,2581440,_PluginsMenu
dvauxphost.dll,ascii,2582696,UXP Context has been destroyed.
dvauxphost.dll,ascii,2583376,notifyExtensionReady
dvauxphost.dll,ascii,2583752,getCloudExtensionName
dvauxphost.dll,ascii,2584408,dvauxphost::UXPClientHostAPI
dvauxphost.dll,ascii,2584440,UXPClientHostAPI::GetSessionId
dvauxphost.dll,ascii,2588880,host-thirdparty
dvauxphost.dll,ascii,2589360,dvauxphost::UXPSharedHostAPI
dvauxphost.dll,ascii,2589392,uxpHost
dvauxphost.dll,ascii,2589432,UXPSharedHostAPI::canLogAnalyticsData
dvauxphost.dll,ascii,2589472,UXPSharedHostAPI::getBackgroundColor
dvauxphost.dll,ascii,2589512,UXPSharedHostAPI::getFont
dvauxphost.dll,ascii,2589552,UXPSharedHostAPI::getTheme
dvauxphost.dll,ascii,2590376,dvauxphost::UXPSharedLicensingAPI
dvauxphost.dll,ascii,2590448,UXPSharedLicensingAPI::fetchProfile
dvauxphost.dll,ascii,2590696,UXPSharedLicensingAPI::getContinueToken
dvauxphost.dll,ascii,2590856,UXPSharedLicensingAPI::getImsProfile
dvauxphost.dll,ascii,2590936,UXPSharedLicensingAPI::isProductionEnv
dvauxphost.dll,ascii,2590976,UXPSharedLicensingAPI::getVersionRetentionTime
dvauxphost.dll,utf16le,2591824,uxp://uxp-internal/middleware
dvauxphost.dll,ascii,2592856,dvauxphost::vulcanAPI
dvauxphost.dll,ascii,2594008,dvauxphost.global.eventroot
dvauxphost.dll,ascii,2594864,UXPHost
dvauxphost.dll,ascii,2594880,UPXHost class provides private functionality to interact with the host from the plugin
dvauxphost.dll,ascii,2594976,Returns a vector of namespaces - a union of those provided as default by the host and defined in the manifest of the plugin
dvauxphost.dll,ascii,2595104,pluginId
dvauxphost.dll,ascii,2595120,getNamespacesForPluginId
dvauxphost.dll,ascii,2595640,UXPUnloadEvent.Initiated
dvauxphost.dll,ascii,2595672,UXPUnloadEvent.Cancelled
dvauxphost.dll,ascii,2595944,UXPUnloadEvent
dvauxphost.dll,ascii,2595960,UXP Unload event object
dvauxphost.dll,ascii,2595984,dvauxpui
dvauxphost.dll,ascii,2596064,Callback method that signals that the plugin finished up the extra work. Required only if NeedMoreTime has been called
dvauxphost.dll,ascii,2596200,Event: plugin unload has been initiated
dvauxphost.dll,ascii,2596240,UXPUNLOAD_INITIATED
dvauxphost.dll,ascii,2596776,dvauxphost::utilities::CreateMainThreadTaskQueue
dvauxphost.dll,ascii,2597072,UXP Runtime error:
dvauxphost.dll,ascii,2597104,"Please add UXPAssert Delegate using Alpaca, for handling of uncaught exceptions by Host."
dvauxphost.dll,ascii,2597200,UXP uncaught Fatal error:
dvauxphost.dll,ascii,2600504,torq_uxp_host_data_set_table
dvauxphost.dll,ascii,2607712,torq_image_loader_delegate_did_load_image
dvauxphost.dll,ascii,2607760,torq_image_loader_delegate_retain
dvauxphost.dll,ascii,2607800,torq_image_loader_delegate_release
dvauxphost.dll,ascii,2607840,torq_image_loader_delegate_weak_release
dvauxphost.dll,ascii,2607880,torq_image_loader_delegate_weak_retain_from_weak
dvauxphost.dll,ascii,2607936,torq_image_loader_delegate_weak_retain_from_strong
dvauxphost.dll,ascii,2607992,torq_image_loader_delegate_lock
dvauxphost.dll,ascii,2608024,torq_image_loader_delegate_vector_create
dvauxphost.dll,ascii,2608072,torq_image_loader_delegate_vector_get_data
dvauxphost.dll,ascii,2608120,torq_image_loader_delegate_vector_retain
dvauxphost.dll,ascii,2608168,torq_image_loader_delegate_vector_release
dvauxphost.dll,ascii,2608216,torq_image_loader_set_table
dvauxphost.dll,ascii,2626000,torq_uxp_vulcan_delegate_retain
dvauxphost.dll,ascii,2626032,torq_uxp_vulcan_delegate_release
dvauxphost.dll,ascii,2626072,torq_uxp_vulcan_delegate_weak_release
dvauxphost.dll,ascii,2626112,torq_uxp_vulcan_delegate_weak_retain_from_weak
dvauxphost.dll,ascii,2626160,torq_uxp_vulcan_delegate_weak_retain_from_strong
dvauxphost.dll,ascii,2626216,torq_uxp_vulcan_delegate_lock
dvauxphost.dll,ascii,2626248,torq_uxp_vulcan_delegate_vector_create
dvauxphost.dll,ascii,2626288,torq_uxp_vulcan_delegate_vector_get_data
dvauxphost.dll,ascii,2626336,torq_uxp_vulcan_delegate_vector_retain
dvauxphost.dll,ascii,2626376,torq_uxp_vulcan_delegate_vector_release
dvauxphost.dll,ascii,2626416,torq_uxp_vulcan_message_handler_handle_message
dvauxphost.dll,ascii,2626464,torq_uxp_vulcan_message_handler_vector_create
dvauxphost.dll,ascii,2626512,torq_uxp_vulcan_message_handler_vector_get_data
dvauxphost.dll,ascii,2626560,torq_uxp_vulcan_message_handler_vector_retain
dvauxphost.dll,ascii,2626608,torq_uxp_vulcan_message_handler_vector_release
dvauxphost.dll,ascii,2626656,torq_uxp_vulcan_host_delegate_set_table
dvauxphost.dll,ascii,2626696,torq_uxp_vulcan_delegate_alpaca_create
dvauxphost.dll,ascii,2626736,torq_uxp_vulcan_delegate_alpaca_retain
dvauxphost.dll,ascii,2626776,torq_uxp_vulcan_delegate_alpaca_release
dvauxphost.dll,ascii,2626816,torq_uxp_vulcan_delegate_alpaca_weak_release
dvauxphost.dll,ascii,2626864,torq_uxp_vulcan_delegate_alpaca_weak_retain_from_weak
dvauxphost.dll,ascii,2626920,torq_uxp_vulcan_delegate_alpaca_weak_retain_from_strong
dvauxphost.dll,ascii,2626976,torq_uxp_vulcan_delegate_alpaca_lock
dvauxphost.dll,ascii,2627016,torq_uxp_vulcan_delegate_alpaca_vector_create
dvauxphost.dll,ascii,2627064,torq_uxp_vulcan_delegate_alpaca_vector_get_data
dvauxphost.dll,ascii,2627112,torq_uxp_vulcan_delegate_alpaca_vector_retain
dvauxphost.dll,ascii,2627160,torq_uxp_vulcan_delegate_alpaca_vector_release
dvauxphost.dll,ascii,2627208,torq_uxp_entrypoint_loader_invokeCommand
dvauxphost.dll,ascii,2627256,torq_uxp_entrypoint_loader_invokeCommandWithData
dvauxphost.dll,ascii,2627312,torq_uxp_entrypoint_loader_retain
dvauxphost.dll,ascii,2627352,torq_uxp_entrypoint_loader_release
dvauxphost.dll,ascii,2627392,torq_uxp_entrypoint_loader_weak_release
dvauxphost.dll,ascii,2627432,torq_uxp_entrypoint_loader_weak_retain_from_weak
dvauxphost.dll,ascii,2627488,torq_uxp_entrypoint_loader_weak_retain_from_strong
dvauxphost.dll,ascii,2627544,torq_uxp_entrypoint_loader_lock
dvauxphost.dll,ascii,2627576,torq_uxp_entrypoint_loader_vector_create
dvauxphost.dll,ascii,2627624,torq_uxp_entrypoint_loader_vector_get_data
dvauxphost.dll,ascii,2627672,torq_uxp_entrypoint_loader_vector_retain
dvauxphost.dll,ascii,2627720,torq_uxp_entrypoint_loader_vector_release
dvauxphost.dll,ascii,2627768,torq_uxp_panel_retain
dvauxphost.dll,ascii,2627792,torq_uxp_panel_release
dvauxphost.dll,ascii,2627816,torq_uxp_panel_weak_release
dvauxphost.dll,ascii,2627848,torq_uxp_panel_weak_retain_from_weak
dvauxphost.dll,ascii,2627888,torq_uxp_panel_weak_retain_from_strong
dvauxphost.dll,ascii,2627928,torq_uxp_panel_lock
dvauxphost.dll,ascii,2627952,torq_uxp_panel_vector_create
dvauxphost.dll,ascii,2627984,torq_uxp_panel_vector_get_data
dvauxphost.dll,ascii,2628016,torq_uxp_panel_vector_retain
dvauxphost.dll,ascii,2628048,torq_uxp_panel_vector_release
dvauxphost.dll,ascii,2628080,torq_uxp_island_delegate_retain
dvauxphost.dll,ascii,2628112,torq_uxp_island_delegate_release
dvauxphost.dll,ascii,2628152,torq_uxp_island_delegate_weak_release
dvauxphost.dll,ascii,2628192,torq_uxp_island_delegate_weak_retain_from_weak
dvauxphost.dll,ascii,2628240,torq_uxp_island_delegate_weak_retain_from_strong
dvauxphost.dll,ascii,2628296,torq_uxp_island_delegate_lock
dvauxphost.dll,ascii,2628328,torq_uxp_island_delegate_vector_create
dvauxphost.dll,ascii,2628368,torq_uxp_island_delegate_vector_get_data
dvauxphost.dll,ascii,2628416,torq_uxp_island_delegate_vector_retain
dvauxphost.dll,ascii,2628456,torq_uxp_island_delegate_vector_release
dvauxphost.dll,ascii,2628536,torq_uxp_island_delegate_alpaca_create
dvauxphost.dll,ascii,2628576,torq_uxp_island_delegate_alpaca_host_island_delegate
dvauxphost.dll,ascii,2628632,torq_uxp_island_delegate_alpaca_vector_create
dvauxphost.dll,ascii,2628680,torq_uxp_island_delegate_alpaca_vector_get_data
dvauxphost.dll,ascii,2628728,torq_uxp_island_delegate_alpaca_vector_retain
dvauxphost.dll,ascii,2628776,torq_uxp_island_delegate_alpaca_vector_release
dvauxphost.dll,ascii,2628824,torq_uxp_island_alpaca_create
dvauxphost.dll,ascii,2628856,torq_uxp_island_alpaca_from
dvauxphost.dll,ascii,2628888,torq_uxp_island_alpaca_get_content_view
dvauxphost.dll,ascii,2628928,torq_uxp_island_alpaca_set_allowed_media
dvauxphost.dll,ascii,2628976,torq_uxp_island_alpaca_set_allow_web_view
dvauxphost.dll,ascii,2629024,torq_uxp_island_alpaca_invoke_entrypoint
dvauxphost.dll,ascii,2629072,torq_uxp_island_alpaca_invoke_menu
dvauxphost.dll,ascii,2629112,torq_uxp_island_alpaca_retain
dvauxphost.dll,ascii,2629144,torq_uxp_island_alpaca_release
dvauxphost.dll,ascii,2629176,torq_uxp_island_alpaca_weak_release
dvauxphost.dll,ascii,2629216,torq_uxp_island_alpaca_weak_retain_from_weak
dvauxphost.dll,ascii,2629264,torq_uxp_island_alpaca_weak_retain_from_strong
dvauxphost.dll,ascii,2629312,torq_uxp_island_alpaca_lock
dvauxphost.dll,ascii,2629344,torq_uxp_island_alpaca_vector_create
dvauxphost.dll,ascii,2629384,torq_uxp_island_alpaca_vector_get_data
dvauxphost.dll,ascii,2629424,torq_uxp_island_alpaca_vector_retain
dvauxphost.dll,ascii,2629464,torq_uxp_island_alpaca_vector_release
dvauxphost.dll,ascii,2629504,torq_uxp_runtime_as_runtime
dvauxphost.dll,ascii,2629536,torq_uxp_runtime_vector_create
dvauxphost.dll,ascii,2629568,torq_uxp_runtime_vector_get_data
dvauxphost.dll,ascii,2629608,torq_uxp_runtime_vector_retain
dvauxphost.dll,ascii,2629640,torq_uxp_runtime_vector_release
dvauxphost.dll,ascii,2629672,torq_plugin_localized_string_set_default
dvauxphost.dll,ascii,2629720,torq_plugin_localized_string_set_locale
dvauxphost.dll,ascii,2629760,torq_plugin_localized_string_get_default
dvauxphost.dll,ascii,2629808,torq_plugin_localized_string_get_locale
dvauxphost.dll,ascii,2629848,torq_plugin_localized_string_release
dvauxphost.dll,ascii,2629888,torq_plugin_localized_string_vector_create
dvauxphost.dll,ascii,2629936,torq_plugin_localized_string_vector_get_data
dvauxphost.dll,ascii,2629984,torq_plugin_localized_string_vector_retain
dvauxphost.dll,ascii,2630032,torq_plugin_localized_string_vector_release
dvauxphost.dll,ascii,2630352,torq_plugin_icon_get_size
dvauxphost.dll,ascii,2630384,torq_plugin_icon_get_scale
dvauxphost.dll,ascii,2630416,torq_plugin_icon_get_path
dvauxphost.dll,ascii,2630448,torq_plugin_icon_set_path
dvauxphost.dll,ascii,2630480,torq_plugin_icon_get_scaled_path_list
dvauxphost.dll,ascii,2630520,torq_plugin_icon_set_scaled_path_list
dvauxphost.dll,ascii,2630560,torq_plugin_icon_get_species
dvauxphost.dll,ascii,2630592,torq_plugin_icon_set_species
dvauxphost.dll,ascii,2630624,torq_plugin_icon_get_theme
dvauxphost.dll,ascii,2630656,torq_plugin_icon_set_theme
dvauxphost.dll,ascii,2630688,torq_plugin_icon_release
dvauxphost.dll,ascii,2630720,torq_plugin_icon_vector_create
dvauxphost.dll,ascii,2630752,torq_plugin_icon_vector_get_data
dvauxphost.dll,ascii,2630792,torq_plugin_icon_vector_retain
dvauxphost.dll,ascii,2630824,torq_plugin_icon_vector_release
dvauxphost.dll,ascii,2630856,torq_plugin_icon_scale_path_pair_get_scale
dvauxphost.dll,ascii,2630904,torq_plugin_icon_scale_path_pair_set_scale
dvauxphost.dll,ascii,2630952,torq_plugin_icon_scale_path_pair_get_path
dvauxphost.dll,ascii,2631000,torq_plugin_icon_scale_path_pair_set_path
dvauxphost.dll,ascii,2631048,torq_plugin_icon_scale_path_pair_release
dvauxphost.dll,ascii,2631096,torq_plugin_icon_scale_path_pair_vector_create
dvauxphost.dll,ascii,2631144,torq_plugin_icon_scale_path_pair_vector_get_data
dvauxphost.dll,ascii,2631200,torq_plugin_icon_scale_path_pair_vector_retain
dvauxphost.dll,ascii,2631248,torq_plugin_icon_scale_path_pair_vector_release
dvauxphost.dll,ascii,2631296,torq_plugin_shortcut_get_shortcutKey
dvauxphost.dll,ascii,2631336,torq_plugin_shortcut_set_shortcutKey
dvauxphost.dll,ascii,2631376,torq_plugin_shortcut_get_commandKey
dvauxphost.dll,ascii,2631416,torq_plugin_shortcut_set_commandKey
dvauxphost.dll,ascii,2631456,torq_plugin_shortcut_get_altKey
dvauxphost.dll,ascii,2631488,torq_plugin_shortcut_set_altKey
dvauxphost.dll,ascii,2631520,torq_plugin_shortcut_get_shiftKey
dvauxphost.dll,ascii,2631560,torq_plugin_shortcut_set_shiftKey
dvauxphost.dll,ascii,2631600,torq_plugin_shortcut_get_ctrlKey
dvauxphost.dll,ascii,2631640,torq_plugin_shortcut_set_ctrlKey
dvauxphost.dll,ascii,2631680,torq_plugin_shortcut_release
dvauxphost.dll,ascii,2631712,torq_plugin_shortcut_vector_create
dvauxphost.dll,ascii,2631752,torq_plugin_shortcut_vector_get_data
dvauxphost.dll,ascii,2631792,torq_plugin_shortcut_vector_retain
dvauxphost.dll,ascii,2631832,torq_plugin_shortcut_vector_release
dvauxphost.dll,ascii,2631872,torq_plugin_command_get_shortcut
dvauxphost.dll,ascii,2631912,torq_plugin_command_get_type
dvauxphost.dll,ascii,2631944,torq_plugin_command_set_type
dvauxphost.dll,ascii,2631976,torq_plugin_command_get_id
dvauxphost.dll,ascii,2632008,torq_plugin_command_set_id
dvauxphost.dll,ascii,2632040,torq_plugin_command_get_label
dvauxphost.dll,ascii,2632072,torq_plugin_command_set_label
dvauxphost.dll,ascii,2632104,torq_plugin_command_get_description
dvauxphost.dll,ascii,2632144,torq_plugin_command_set_description
dvauxphost.dll,ascii,2632184,torq_plugin_command_get_sequence_number
dvauxphost.dll,ascii,2632224,torq_plugin_command_set_sequence_number
dvauxphost.dll,ascii,2632264,torq_plugin_command_release
dvauxphost.dll,ascii,2632296,torq_plugin_command_vector_create
dvauxphost.dll,ascii,2632336,torq_plugin_command_vector_get_data
dvauxphost.dll,ascii,2632376,torq_plugin_command_vector_retain
dvauxphost.dll,ascii,2632416,torq_plugin_command_vector_release
dvauxphost.dll,ascii,2632456,torq_plugin_panel_get_shortcut
dvauxphost.dll,ascii,2632488,torq_plugin_panel_get_minimum_size
dvauxphost.dll,ascii,2632528,torq_plugin_panel_get_maximum_size
dvauxphost.dll,ascii,2632568,torq_plugin_panel_get_preferred_docked_size
dvauxphost.dll,ascii,2632616,torq_plugin_panel_get_preferred_floating_size
dvauxphost.dll,ascii,2632664,torq_plugin_panel_get_type
dvauxphost.dll,ascii,2632696,torq_plugin_panel_set_type
dvauxphost.dll,ascii,2632728,torq_plugin_panel_get_id
dvauxphost.dll,ascii,2632760,torq_plugin_panel_set_id
dvauxphost.dll,ascii,2632792,torq_plugin_panel_get_label
dvauxphost.dll,ascii,2632824,torq_plugin_panel_set_label
dvauxphost.dll,ascii,2632856,torq_plugin_panel_get_description
dvauxphost.dll,ascii,2632896,torq_plugin_panel_set_description
dvauxphost.dll,ascii,2632936,torq_plugin_panel_get_sequence_number
dvauxphost.dll,ascii,2632976,torq_plugin_panel_set_sequence_number
dvauxphost.dll,ascii,2633016,torq_plugin_panel_get_title
dvauxphost.dll,ascii,2633048,torq_plugin_panel_set_title
dvauxphost.dll,ascii,2633080,torq_plugin_panel_get_icons
dvauxphost.dll,ascii,2633112,torq_plugin_panel_set_icons
dvauxphost.dll,ascii,2633144,torq_plugin_panel_release
dvauxphost.dll,ascii,2633176,torq_plugin_panel_vector_create
dvauxphost.dll,ascii,2633208,torq_plugin_panel_vector_get_data
dvauxphost.dll,ascii,2633248,torq_plugin_panel_vector_retain
dvauxphost.dll,ascii,2633280,torq_plugin_panel_vector_release
dvauxphost.dll,ascii,2633320,torq_plugin_dependencies_get_dependency_str
dvauxphost.dll,ascii,2633368,torq_plugin_dependencies_set_dependency_str
dvauxphost.dll,ascii,2633416,torq_plugin_dependencies_get_dependency_version
dvauxphost.dll,ascii,2633464,torq_plugin_dependencies_set_dependency_version
dvauxphost.dll,ascii,2633512,torq_plugin_dependencies_release
dvauxphost.dll,ascii,2633552,torq_plugin_dependencies_vector_create
dvauxphost.dll,ascii,2633592,torq_plugin_dependencies_vector_get_data
dvauxphost.dll,ascii,2633640,torq_plugin_dependencies_vector_retain
dvauxphost.dll,ascii,2633680,torq_plugin_dependencies_vector_release
dvauxphost.dll,ascii,2633720,torq_plugin_host_info_get_app
dvauxphost.dll,ascii,2633752,torq_plugin_host_info_set_app
dvauxphost.dll,ascii,2633784,torq_plugin_host_info_get_minVersion
dvauxphost.dll,ascii,2633824,torq_plugin_host_info_set_minVersion
dvauxphost.dll,ascii,2633864,torq_plugin_host_info_get_maxVersion
dvauxphost.dll,ascii,2633904,torq_plugin_host_info_set_maxVersion
dvauxphost.dll,ascii,2633944,torq_plugin_host_info_get_main
dvauxphost.dll,ascii,2633976,torq_plugin_host_info_set_main
dvauxphost.dll,ascii,2634008,torq_plugin_host_info_get_pluginLevel
dvauxphost.dll,ascii,2634048,torq_plugin_host_info_set_pluginLevel
dvauxphost.dll,ascii,2634088,torq_plugin_host_info_get_dependencies
dvauxphost.dll,ascii,2634128,torq_plugin_host_info_set_dependencies
dvauxphost.dll,ascii,2634168,torq_plugin_host_info_get_icons
dvauxphost.dll,ascii,2634200,torq_plugin_host_info_set_icons
dvauxphost.dll,ascii,2634232,torq_plugin_host_info_get_panels
dvauxphost.dll,ascii,2634272,torq_plugin_host_info_set_panels
dvauxphost.dll,ascii,2634312,torq_plugin_host_info_get_commands
dvauxphost.dll,ascii,2634352,torq_plugin_host_info_set_commands
dvauxphost.dll,ascii,2634392,torq_plugin_host_info_release
dvauxphost.dll,ascii,2634424,torq_plugin_host_info_vector_create
dvauxphost.dll,ascii,2634464,torq_plugin_host_info_vector_get_data
dvauxphost.dll,ascii,2634504,torq_plugin_host_info_vector_retain
dvauxphost.dll,ascii,2634544,torq_plugin_host_info_vector_release
dvauxphost.dll,ascii,2634584,torq_manifest_get_id
dvauxphost.dll,ascii,2634608,torq_manifest_get_name
dvauxphost.dll,ascii,2634632,torq_manifest_get_description
dvauxphost.dll,ascii,2634664,torq_manifest_get_main
dvauxphost.dll,ascii,2634688,torq_manifest_get_plugin_level
dvauxphost.dll,ascii,2634720,torq_manifest_get_manifest_version
dvauxphost.dll,ascii,2634760,torq_manifest_get_version
dvauxphost.dll,ascii,2634792,torq_manifest_has_entitlement
dvauxphost.dll,ascii,2634824,torq_manifest_get_icons
dvauxphost.dll,ascii,2634848,torq_manifest_get_panels
dvauxphost.dll,ascii,2634880,torq_manifest_get_commands
dvauxphost.dll,ascii,2634912,torq_manifest_get_host
dvauxphost.dll,ascii,2634936,torq_manifest_get_payload
dvauxphost.dll,ascii,2634968,torq_manifest_release
dvauxphost.dll,ascii,2634992,torq_manifest_vector_create
dvauxphost.dll,ascii,2635024,torq_manifest_vector_get_data
dvauxphost.dll,ascii,2635056,torq_manifest_vector_retain
dvauxphost.dll,ascii,2635088,torq_manifest_vector_release
dvauxphost.dll,ascii,2635120,torq_plugin_id
dvauxphost.dll,ascii,2635136,torq_plugin_version
dvauxphost.dll,ascii,2635160,torq_plugin_manifest
dvauxphost.dll,ascii,2635184,torq_plugin_plugin_root
dvauxphost.dll,ascii,2635208,torq_plugin_plugin_root_path
dvauxphost.dll,ascii,2635240,torq_plugin_plugin_type
dvauxphost.dll,ascii,2635264,torq_plugin_loader_delegate
dvauxphost.dll,ascii,2635296,torq_plugin_rejection_reason
dvauxphost.dll,ascii,2635328,torq_plugin_sub_rejection_reason
dvauxphost.dll,ascii,2635368,torq_plugin_url_storage_provider
dvauxphost.dll,ascii,2635408,torq_plugin_module_list
dvauxphost.dll,ascii,2635432,torq_plugin_source
dvauxphost.dll,ascii,2635456,torq_plugin_allow_file_scheme_access
dvauxphost.dll,ascii,2635496,torq_plugin_use_nodeJS_require
dvauxphost.dll,ascii,2635528,torq_plugin_expose_private_modules
dvauxphost.dll,ascii,2635568,torq_plugin_allow_code_cache
dvauxphost.dll,ascii,2635600,torq_plugin_allow_code_generation_from_strings
dvauxphost.dll,ascii,2635648,torq_plugin_allow_debugging
dvauxphost.dll,ascii,2635680,torq_plugin_enable_debugging
dvauxphost.dll,ascii,2635712,torq_plugin_break_on_start
dvauxphost.dll,ascii,2635744,torq_plugin_debugging_port
dvauxphost.dll,ascii,2635776,torq_plugin_name
dvauxphost.dll,ascii,2635800,torq_plugin_developer_plugin
dvauxphost.dll,ascii,2635832,torq_plugin_privileged
dvauxphost.dll,ascii,2635856,torq_plugin_uid
dvauxphost.dll,ascii,2635872,torq_plugin_storage_path
dvauxphost.dll,ascii,2635904,torq_plugin_is_first_party
dvauxphost.dll,ascii,2635936,torq_plugin_is_third_party
dvauxphost.dll,ascii,2635968,torq_plugin_retain
dvauxphost.dll,ascii,2635992,torq_plugin_release
dvauxphost.dll,ascii,2636016,torq_plugin_weak_release
dvauxphost.dll,ascii,2636048,torq_plugin_weak_retain_from_weak
dvauxphost.dll,ascii,2636088,torq_plugin_weak_retain_from_strong
dvauxphost.dll,ascii,2636128,torq_plugin_lock
dvauxphost.dll,ascii,2636152,torq_plugin_vector_create
dvauxphost.dll,ascii,2636184,torq_plugin_vector_get_data
dvauxphost.dll,ascii,2636216,torq_plugin_vector_retain
dvauxphost.dll,ascii,2636248,torq_plugin_vector_release
dvauxphost.dll,ascii,2636280,torq_plugin_function_create_vtable
dvauxphost.dll,ascii,2636320,torq_plugin_source_start
dvauxphost.dll,ascii,2636352,torq_plugin_source_terminate
dvauxphost.dll,ascii,2636384,torq_plugin_source_restart
dvauxphost.dll,ascii,2636416,torq_plugin_source_type
dvauxphost.dll,ascii,2636440,torq_plugin_source_for_each_plugin
dvauxphost.dll,ascii,2636480,torq_plugin_source_retain
dvauxphost.dll,ascii,2636512,torq_plugin_source_release
dvauxphost.dll,ascii,2636544,torq_plugin_source_weak_release
dvauxphost.dll,ascii,2636576,torq_plugin_source_weak_retain_from_weak
dvauxphost.dll,ascii,2636624,torq_plugin_source_weak_retain_from_strong
dvauxphost.dll,ascii,2636672,torq_plugin_source_lock
dvauxphost.dll,ascii,2636696,torq_plugin_source_vector_create
dvauxphost.dll,ascii,2636736,torq_plugin_source_vector_get_data
dvauxphost.dll,ascii,2636776,torq_plugin_source_vector_retain
dvauxphost.dll,ascii,2636816,torq_plugin_source_vector_release
dvauxphost.dll,ascii,2636856,torq_plugin_source_delegate_retain
dvauxphost.dll,ascii,2636896,torq_plugin_source_delegate_release
dvauxphost.dll,ascii,2636936,torq_plugin_source_delegate_weak_release
dvauxphost.dll,ascii,2636984,torq_plugin_source_delegate_weak_retain_from_weak
dvauxphost.dll,ascii,2637040,torq_plugin_source_delegate_weak_retain_from_strong
dvauxphost.dll,ascii,2637096,torq_plugin_source_delegate_lock
dvauxphost.dll,ascii,2637136,torq_plugin_source_delegate_vector_create
dvauxphost.dll,ascii,2637184,torq_plugin_source_delegate_vector_get_data
dvauxphost.dll,ascii,2637232,torq_plugin_source_delegate_vector_retain
dvauxphost.dll,ascii,2637280,torq_plugin_source_delegate_vector_release
dvauxphost.dll,ascii,2637328,torq_host_plugin_source_delegate_set_table
dvauxphost.dll,ascii,2637376,torq_plugin_source_delegate_alpaca_create
dvauxphost.dll,ascii,2637424,torq_plugin_source_delegate_alpaca_vector_create
dvauxphost.dll,ascii,2637480,torq_plugin_source_delegate_alpaca_vector_get_data
dvauxphost.dll,ascii,2637536,torq_plugin_source_delegate_alpaca_vector_retain
dvauxphost.dll,ascii,2637592,torq_plugin_source_delegate_alpaca_vector_release
dvauxphost.dll,ascii,2637648,torq_first_party_plugin_source_create
dvauxphost.dll,ascii,2637688,torq_first_party_plugin_source_start
dvauxphost.dll,ascii,2637728,torq_first_party_plugin_source_terminate
dvauxphost.dll,ascii,2637776,torq_first_party_plugin_source_restart
dvauxphost.dll,ascii,2637816,torq_first_party_plugin_source_type
dvauxphost.dll,ascii,2637856,torq_first_party_plugin_source_for_each_plugin
dvauxphost.dll,ascii,2637904,torq_first_party_plugin_source_retain
dvauxphost.dll,ascii,2637944,torq_first_party_plugin_source_release
dvauxphost.dll,ascii,2637984,torq_first_party_plugin_source_weak_release
dvauxphost.dll,ascii,2638032,torq_first_party_plugin_source_weak_retain_from_weak
dvauxphost.dll,ascii,2638088,torq_first_party_plugin_source_weak_retain_from_strong
dvauxphost.dll,ascii,2638144,torq_first_party_plugin_source_lock
dvauxphost.dll,ascii,2638184,torq_first_party_plugin_source_vector_create
dvauxphost.dll,ascii,2638232,torq_first_party_plugin_source_vector_get_data
dvauxphost.dll,ascii,2638280,torq_first_party_plugin_source_vector_retain
dvauxphost.dll,ascii,2638328,torq_first_party_plugin_source_vector_release
dvauxphost.dll,ascii,2638376,torq_folder_plugin_source_create
dvauxphost.dll,ascii,2638416,torq_folder_plugin_source_createEx
dvauxphost.dll,ascii,2638456,torq_folder_plugin_source_start
dvauxphost.dll,ascii,2638488,torq_folder_plugin_source_terminate
dvauxphost.dll,ascii,2638528,torq_folder_plugin_source_restart
dvauxphost.dll,ascii,2638568,torq_folder_plugin_source_type
dvauxphost.dll,ascii,2638600,torq_folder_plugin_source_for_each_plugin
dvauxphost.dll,ascii,2638648,torq_folder_plugin_source_retain
dvauxphost.dll,ascii,2638688,torq_folder_plugin_source_release
dvauxphost.dll,ascii,2638728,torq_folder_plugin_source_weak_release
dvauxphost.dll,ascii,2638768,torq_folder_plugin_source_weak_retain_from_weak
dvauxphost.dll,ascii,2638816,torq_folder_plugin_source_weak_retain_from_strong
dvauxphost.dll,ascii,2638872,torq_folder_plugin_source_lock
dvauxphost.dll,ascii,2638904,torq_folder_plugin_source_vector_create
dvauxphost.dll,ascii,2638944,torq_folder_plugin_source_vector_get_data
dvauxphost.dll,ascii,2638992,torq_folder_plugin_source_vector_retain
dvauxphost.dll,ascii,2639032,torq_folder_plugin_source_vector_release
dvauxphost.dll,ascii,2639080,torq_folder_plugin_source_params_create
dvauxphost.dll,ascii,2639120,torq_folder_plugin_source_params_get_pluginType
dvauxphost.dll,ascii,2639168,torq_folder_plugin_source_params_set_pluginType
dvauxphost.dll,ascii,2639216,torq_folder_plugin_source_params_get_delegate
dvauxphost.dll,ascii,2639264,torq_folder_plugin_source_params_set_delegate
dvauxphost.dll,ascii,2639312,torq_folder_plugin_source_params_get_developerPlugins
dvauxphost.dll,ascii,2639368,torq_folder_plugin_source_params_set_developerPlugins
dvauxphost.dll,ascii,2639424,torq_folder_plugin_source_params_get_enableBatch
dvauxphost.dll,ascii,2639480,torq_folder_plugin_source_params_set_enableBatch
dvauxphost.dll,ascii,2639536,torq_folder_plugin_source_params_release
dvauxphost.dll,ascii,2639584,torq_folder_plugin_source_params_vector_create
dvauxphost.dll,ascii,2639632,torq_folder_plugin_source_params_vector_get_data
dvauxphost.dll,ascii,2639688,torq_folder_plugin_source_params_vector_retain
dvauxphost.dll,ascii,2639736,torq_folder_plugin_source_params_vector_release
dvauxphost.dll,ascii,2639784,torq_plugin_source_alpaca_create
dvauxphost.dll,ascii,2639824,torq_plugin_source_alpaca_vector_create
dvauxphost.dll,ascii,2639864,torq_plugin_source_alpaca_vector_get_data
dvauxphost.dll,ascii,2639912,torq_plugin_source_alpaca_vector_retain
dvauxphost.dll,ascii,2639952,torq_plugin_source_alpaca_vector_release
dvauxphost.dll,ascii,2640000,torq_host_plugin_source_set_table
dvauxphost.dll,ascii,2640040,torq_plugin_manager_instance
dvauxphost.dll,ascii,2640072,torq_plugin_manager_add_plugin
dvauxphost.dll,ascii,2640104,torq_plugin_manager_add_plugins
dvauxphost.dll,ascii,2640136,torq_plugin_manager_remove_plugin
dvauxphost.dll,ascii,2640176,torq_plugin_manager_enable_plugin
dvauxphost.dll,ascii,2640216,torq_plugin_manager_disable_plugin
dvauxphost.dll,ascii,2640256,torq_plugin_manager_plugin_enabled
dvauxphost.dll,ascii,2640296,torq_plugin_manager_for_each_plugin
dvauxphost.dll,ascii,2640336,torq_plugin_manager_get_plugin_with_uid
dvauxphost.dll,ascii,2640376,torq_plugin_manager_retain
dvauxphost.dll,ascii,2640408,torq_plugin_manager_release
dvauxphost.dll,ascii,2640440,torq_plugin_manager_weak_release
dvauxphost.dll,ascii,2640480,torq_plugin_manager_weak_retain_from_weak
dvauxphost.dll,ascii,2640528,torq_plugin_manager_weak_retain_from_strong
dvauxphost.dll,ascii,2640576,torq_plugin_manager_lock
dvauxphost.dll,ascii,2640608,torq_plugin_manager_vector_create
dvauxphost.dll,ascii,2640648,torq_plugin_manager_vector_get_data
dvauxphost.dll,ascii,2640688,torq_plugin_manager_vector_retain
dvauxphost.dll,ascii,2640728,torq_plugin_manager_vector_release
dvauxphost.dll,ascii,2640768,torq_plugin_source_manager_instance
dvauxphost.dll,ascii,2640808,torq_plugin_source_manager_add_plugin_source
dvauxphost.dll,ascii,2640856,torq_plugin_source_manager_remove_plugin_source
dvauxphost.dll,ascii,2640904,torq_plugin_source_manager_start
dvauxphost.dll,ascii,2640944,torq_plugin_source_manager_terminate
dvauxphost.dll,ascii,2640984,torq_plugin_source_manager_retain
dvauxphost.dll,ascii,2641024,torq_plugin_source_manager_release
dvauxphost.dll,ascii,2641064,torq_plugin_source_manager_weak_release
dvauxphost.dll,ascii,2641104,torq_plugin_source_manager_weak_retain_from_weak
dvauxphost.dll,ascii,2641160,torq_plugin_source_manager_weak_retain_from_strong
dvauxphost.dll,ascii,2641216,torq_plugin_source_manager_lock
dvauxphost.dll,ascii,2641248,torq_plugin_source_manager_vector_create
dvauxphost.dll,ascii,2641296,torq_plugin_source_manager_vector_get_data
dvauxphost.dll,ascii,2641344,torq_plugin_source_manager_vector_retain
dvauxphost.dll,ascii,2641392,torq_plugin_source_manager_vector_release
dvauxphost.dll,ascii,2641440,torq_plugin_sub_rejection_reason_create
dvauxphost.dll,ascii,2641480,torq_plugin_sub_rejection_reason_get_manifest_return_type
dvauxphost.dll,ascii,2641544,torq_plugin_sub_rejection_reason_set_manifest_return_type
dvauxphost.dll,ascii,2641608,torq_plugin_sub_rejection_reason_release
dvauxphost.dll,ascii,2641656,torq_plugin_sub_rejection_reason_vector_create
dvauxphost.dll,ascii,2641704,torq_plugin_sub_rejection_reason_vector_get_data
dvauxphost.dll,ascii,2641760,torq_plugin_sub_rejection_reason_vector_retain
dvauxphost.dll,ascii,2641808,torq_plugin_sub_rejection_reason_vector_release
dvauxphost.dll,ascii,2641856,torq_plugin_loader_delegate_retain
dvauxphost.dll,ascii,2641896,torq_plugin_loader_delegate_release
dvauxphost.dll,ascii,2641936,torq_plugin_loader_delegate_weak_release
dvauxphost.dll,ascii,2641984,torq_plugin_loader_delegate_weak_retain_from_weak
dvauxphost.dll,ascii,2642040,torq_plugin_loader_delegate_weak_retain_from_strong
dvauxphost.dll,ascii,2642096,torq_plugin_loader_delegate_lock
dvauxphost.dll,ascii,2642136,torq_plugin_loader_delegate_vector_create
dvauxphost.dll,ascii,2642184,torq_plugin_loader_delegate_vector_get_data
dvauxphost.dll,ascii,2642232,torq_plugin_loader_delegate_vector_retain
dvauxphost.dll,ascii,2642280,torq_plugin_loader_delegate_vector_release
dvauxphost.dll,ascii,2642328,torq_uxp_module_list_release
dvauxphost.dll,ascii,2642360,torq_uxp_module_list_vector_create
dvauxphost.dll,ascii,2642400,torq_uxp_module_list_vector_get_data
dvauxphost.dll,ascii,2642440,torq_uxp_module_list_vector_retain
dvauxphost.dll,ascii,2642480,torq_uxp_module_list_vector_release
dvauxphost.dll,ascii,2642520,torq_plugin_runtime_from
dvauxphost.dll,ascii,2642552,torq_plugin_runtime_init_runtime
dvauxphost.dll,ascii,2642592,torq_plugin_runtime_js_context
dvauxphost.dll,ascii,2642624,torq_plugin_runtime_js_context_group
dvauxphost.dll,ascii,2642664,torq_plugin_runtime_js_runtime
dvauxphost.dll,ascii,2642696,torq_plugin_runtime_plugin
dvauxphost.dll,ascii,2642728,torq_plugin_runtime_entrypoint_loader
dvauxphost.dll,ascii,2642768,torq_plugin_runtime_loader_delegate
dvauxphost.dll,ascii,2642808,torq_plugin_runtime_register_core_module
dvauxphost.dll,ascii,2642856,torq_plugin_runtime_register_uxp_module
dvauxphost.dll,ascii,2642896,torq_plugin_runtime_register_host_module
dvauxphost.dll,ascii,2642944,torq_plugin_runtime_register_native_module
dvauxphost.dll,ascii,2642992,torq_plugin_runtime_load_runtime_provider_with_exports
dvauxphost.dll,ascii,2643048,torq_plugin_runtime_register_runtime_provider
dvauxphost.dll,ascii,2643096,torq_plugin_runtime_set_host_data
dvauxphost.dll,ascii,2643136,torq_plugin_runtime_host_data
dvauxphost.dll,ascii,2643168,torq_plugin_runtime_retain
dvauxphost.dll,ascii,2643200,torq_plugin_runtime_release
dvauxphost.dll,ascii,2643232,torq_plugin_runtime_weak_release
dvauxphost.dll,ascii,2643272,torq_plugin_runtime_weak_retain_from_weak
dvauxphost.dll,ascii,2643320,torq_plugin_runtime_weak_retain_from_strong
dvauxphost.dll,ascii,2643368,torq_plugin_runtime_lock
dvauxphost.dll,ascii,2643400,torq_plugin_runtime_vector_create
dvauxphost.dll,ascii,2643440,torq_plugin_runtime_vector_get_data
dvauxphost.dll,ascii,2643480,torq_plugin_runtime_vector_retain
dvauxphost.dll,ascii,2643520,torq_plugin_runtime_vector_release
dvauxphost.dll,ascii,2644504,torq_plugin_runtime_group_create
dvauxphost.dll,ascii,2644544,torq_plugin_runtime_group_runtime
dvauxphost.dll,ascii,2644584,torq_plugin_runtime_group_destroy
dvauxphost.dll,ascii,2644624,torq_plugin_runtime_group_destroy_async
dvauxphost.dll,ascii,2644664,torq_plugin_runtime_group_retain
dvauxphost.dll,ascii,2644704,torq_plugin_runtime_group_release
dvauxphost.dll,ascii,2644744,torq_plugin_runtime_group_weak_release
dvauxphost.dll,ascii,2644784,torq_plugin_runtime_group_weak_retain_from_weak
dvauxphost.dll,ascii,2644832,torq_plugin_runtime_group_weak_retain_from_strong
dvauxphost.dll,ascii,2644888,torq_plugin_runtime_group_lock
dvauxphost.dll,ascii,2644920,torq_plugin_runtime_group_vector_create
dvauxphost.dll,ascii,2644960,torq_plugin_runtime_group_vector_get_data
dvauxphost.dll,ascii,2645008,torq_plugin_runtime_group_vector_retain
dvauxphost.dll,ascii,2645048,torq_plugin_runtime_group_vector_release
dvauxphost.dll,ascii,2645096,torq_plugin_runtime_function_create_vtable
dvauxphost.dll,ascii,2645144,torq_plugin_runtime_filter_create_vtable
dvauxphost.dll,ascii,2645192,torq_host_plugin_loader_delegate_set_table
dvauxphost.dll,ascii,2645240,torq_plugin_loader_delegate_alpaca_create
dvauxphost.dll,ascii,2645288,torq_plugin_loader_delegate_alpaca_host_plugin_loader_delegate
dvauxphost.dll,ascii,2645352,torq_plugin_loader_delegate_alpaca_vector_create
dvauxphost.dll,ascii,2645408,torq_plugin_loader_delegate_alpaca_vector_get_data
dvauxphost.dll,ascii,2645464,torq_plugin_loader_delegate_alpaca_vector_retain
dvauxphost.dll,ascii,2645520,torq_plugin_loader_delegate_alpaca_vector_release
dvauxphost.dll,ascii,2645576,torq_mutable_plugin_create_plugin
dvauxphost.dll,ascii,2645616,torq_mutable_plugin_create_developer_plugin
dvauxphost.dll,ascii,2645664,torq_mutable_plugin_as_plugin
dvauxphost.dll,ascii,2645696,torq_mutable_plugin_initialize
dvauxphost.dll,ascii,2645728,torq_mutable_plugin_set_loader_delegate
dvauxphost.dll,ascii,2645768,torq_mutable_plugin_set_rejection_reason
dvauxphost.dll,ascii,2645816,torq_mutable_plugin_set_rejection_reason_with_details
dvauxphost.dll,ascii,2645872,torq_mutable_plugin_commit_plugin_model
dvauxphost.dll,ascii,2645912,torq_mutable_plugin_url_storage_provider
dvauxphost.dll,ascii,2645960,torq_mutable_plugin_module_list
dvauxphost.dll,ascii,2645992,torq_mutable_plugin_set_allow_file_scheme_access
dvauxphost.dll,ascii,2646048,torq_mutable_plugin_set_allow_debugging
dvauxphost.dll,ascii,2646088,torq_mutable_plugin_set_enable_debugging
dvauxphost.dll,ascii,2646136,torq_mutable_plugin_set_break_on_start
dvauxphost.dll,ascii,2646176,torq_mutable_plugin_set_debugging_port
dvauxphost.dll,ascii,2646216,torq_mutable_plugin_set_name
dvauxphost.dll,ascii,2646248,torq_mutable_plugin_set_allow_code_generation_from_strings
dvauxphost.dll,ascii,2646312,torq_mutable_plugin_id
dvauxphost.dll,ascii,2646336,torq_mutable_plugin_version
dvauxphost.dll,ascii,2646368,torq_mutable_plugin_initialize_with_manifest
dvauxphost.dll,ascii,2646416,torq_mutable_plugin_manifest
dvauxphost.dll,ascii,2646448,torq_mutable_plugin_plugin_root
dvauxphost.dll,ascii,2646480,torq_mutable_plugin_plugin_root_path
dvauxphost.dll,ascii,2646520,torq_mutable_plugin_plugin_type
dvauxphost.dll,ascii,2646552,torq_mutable_plugin_loader_delegate
dvauxphost.dll,ascii,2646592,torq_mutable_plugin_rejection_reason
dvauxphost.dll,ascii,2646632,torq_mutable_plugin_sub_rejection_reason
dvauxphost.dll,ascii,2646680,torq_mutable_plugin_url_storage_provider_builder
dvauxphost.dll,ascii,2646736,torq_mutable_plugin_source
dvauxphost.dll,ascii,2646768,torq_mutable_plugin_allow_file_scheme_access
dvauxphost.dll,ascii,2646816,torq_mutable_plugin_use_nodeJS_require
dvauxphost.dll,ascii,2646856,torq_mutable_plugin_expose_private_modules
dvauxphost.dll,ascii,2646904,torq_mutable_plugin_allow_code_cache
dvauxphost.dll,ascii,2646944,torq_mutable_plugin_allow_code_generation_from_strings
dvauxphost.dll,ascii,2647000,torq_mutable_plugin_allow_debugging
dvauxphost.dll,ascii,2647040,torq_mutable_plugin_enable_debugging
dvauxphost.dll,ascii,2647080,torq_mutable_plugin_break_on_start
dvauxphost.dll,ascii,2647120,torq_mutable_plugin_debugging_port
dvauxphost.dll,ascii,2647160,torq_mutable_plugin_name
dvauxphost.dll,ascii,2647192,torq_mutable_plugin_developer_plugin
dvauxphost.dll,ascii,2647232,torq_mutable_plugin_privileged
dvauxphost.dll,ascii,2647264,torq_mutable_plugin_uid
dvauxphost.dll,ascii,2647288,torq_mutable_plugin_storage_path
dvauxphost.dll,ascii,2647328,torq_mutable_plugin_is_first_party
dvauxphost.dll,ascii,2647368,torq_mutable_plugin_is_third_party
dvauxphost.dll,ascii,2647408,torq_mutable_plugin_vector_create
dvauxphost.dll,ascii,2647448,torq_mutable_plugin_vector_get_data
dvauxphost.dll,ascii,2647488,torq_mutable_plugin_vector_retain
dvauxphost.dll,ascii,2647528,torq_mutable_plugin_vector_release
dvauxphost.dll,ascii,2647568,torq_plugin_add_data_create
dvauxphost.dll,ascii,2647600,torq_plugin_add_data_get_plugin
dvauxphost.dll,ascii,2647632,torq_plugin_add_data_set_plugin
dvauxphost.dll,ascii,2647664,torq_plugin_add_data_get_enabled
dvauxphost.dll,ascii,2647704,torq_plugin_add_data_set_enabled
dvauxphost.dll,ascii,2647744,torq_plugin_add_data_release
dvauxphost.dll,ascii,2647776,torq_plugin_add_data_vector_create
dvauxphost.dll,ascii,2647816,torq_plugin_add_data_vector_get_data
dvauxphost.dll,ascii,2647856,torq_plugin_add_data_vector_retain
dvauxphost.dll,ascii,2647896,torq_plugin_add_data_vector_release
dvauxphost.dll,ascii,2647936,torq_plugin_added_status_data_get_plugin
dvauxphost.dll,ascii,2647984,torq_plugin_added_status_data_set_plugin
dvauxphost.dll,ascii,2648032,torq_plugin_added_status_data_get_status
dvauxphost.dll,ascii,2648080,torq_plugin_added_status_data_set_status
dvauxphost.dll,ascii,2648128,torq_plugin_added_status_data_vector_create
dvauxphost.dll,ascii,2648176,torq_plugin_added_status_data_vector_get_data
dvauxphost.dll,ascii,2648224,torq_plugin_added_status_data_vector_retain
dvauxphost.dll,ascii,2648272,torq_plugin_added_status_data_vector_release
dvauxphost.dll,ascii,2648320,torq_plugin_added_event_data_get_plugin
dvauxphost.dll,ascii,2648360,torq_plugin_added_event_data_set_plugin
dvauxphost.dll,ascii,2648400,torq_plugin_added_event_data_get_enabled
dvauxphost.dll,ascii,2648448,torq_plugin_added_event_data_set_enabled
dvauxphost.dll,ascii,2648496,torq_plugin_added_event_data_vector_create
dvauxphost.dll,ascii,2648544,torq_plugin_added_event_data_vector_get_data
dvauxphost.dll,ascii,2648592,torq_plugin_added_event_data_vector_retain
dvauxphost.dll,ascii,2648640,torq_plugin_added_event_data_vector_release
dvauxphost.dll,ascii,2648688,torq_host_plugin_manager_set_table
dvauxphost.dll,ascii,2648728,torq_plugin_manager_alpaca_create
dvauxphost.dll,ascii,2648768,torq_plugin_manager_alpaca_retain
dvauxphost.dll,ascii,2648808,torq_plugin_manager_alpaca_release
dvauxphost.dll,ascii,2648848,torq_plugin_manager_alpaca_weak_release
dvauxphost.dll,ascii,2648888,torq_plugin_manager_alpaca_weak_retain_from_weak
dvauxphost.dll,ascii,2648944,torq_plugin_manager_alpaca_weak_retain_from_strong
dvauxphost.dll,ascii,2649000,torq_plugin_manager_alpaca_lock
dvauxphost.dll,ascii,2649032,torq_plugin_manager_alpaca_vector_create
dvauxphost.dll,ascii,2649080,torq_plugin_manager_alpaca_vector_get_data
dvauxphost.dll,ascii,2649128,torq_plugin_manager_alpaca_vector_retain
dvauxphost.dll,ascii,2649176,torq_plugin_manager_alpaca_vector_release
dvauxphost.dll,ascii,2649224,torq_plugin_loader_load_options_create
dvauxphost.dll,ascii,2649264,torq_plugin_loader_load_options_get_runtime_group
dvauxphost.dll,ascii,2649320,torq_plugin_loader_load_options_set_runtime_group
dvauxphost.dll,ascii,2649376,torq_plugin_loader_load_options_get_delegate
dvauxphost.dll,ascii,2649424,torq_plugin_loader_load_options_set_delegate
dvauxphost.dll,ascii,2649472,torq_plugin_loader_load_options_release
dvauxphost.dll,ascii,2649512,torq_plugin_loader_load_options_vector_create
dvauxphost.dll,ascii,2649560,torq_plugin_loader_load_options_vector_get_data
dvauxphost.dll,ascii,2649608,torq_plugin_loader_load_options_vector_retain
dvauxphost.dll,ascii,2649656,torq_plugin_loader_load_options_vector_release
dvauxphost.dll,ascii,2649704,torq_plugin_loader_instance
dvauxphost.dll,ascii,2649736,torq_plugin_loader_load_plugin
dvauxphost.dll,ascii,2649768,torq_plugin_loader_get_plugin_runtime
dvauxphost.dll,ascii,2649808,torq_plugin_loader_get_runtimes
dvauxphost.dll,ascii,2649840,torq_plugin_loader_get_runtimes_for_plugin
dvauxphost.dll,ascii,2649888,torq_plugin_loader_unload_plugin
dvauxphost.dll,ascii,2649928,torq_plugin_loader_unload_runtimes
dvauxphost.dll,ascii,2649968,torq_plugin_loader_reload_plugin
dvauxphost.dll,ascii,2650008,torq_plugin_loader_reload_runtimes
dvauxphost.dll,ascii,2650048,torq_plugin_loader_for_each_runtime
dvauxphost.dll,ascii,2650088,torq_plugin_loader_terminate
dvauxphost.dll,ascii,2650120,torq_plugin_loader_retain
dvauxphost.dll,ascii,2650152,torq_plugin_loader_release
dvauxphost.dll,ascii,2650184,torq_plugin_loader_weak_release
dvauxphost.dll,ascii,2650216,torq_plugin_loader_weak_retain_from_weak
dvauxphost.dll,ascii,2650264,torq_plugin_loader_weak_retain_from_strong
dvauxphost.dll,ascii,2650312,torq_plugin_loader_lock
dvauxphost.dll,ascii,2650336,torq_plugin_loader_vector_create
dvauxphost.dll,ascii,2650376,torq_plugin_loader_vector_get_data
dvauxphost.dll,ascii,2650416,torq_plugin_loader_vector_retain
dvauxphost.dll,ascii,2650456,torq_plugin_loader_vector_release
dvauxphost.dll,ascii,2650784,torq_script_plugin_builder_create
dvauxphost.dll,ascii,2650824,torq_script_plugin_builder_build
dvauxphost.dll,ascii,2650864,torq_script_plugin_builder_release
dvauxphost.dll,ascii,2650904,torq_script_plugin_builder_vector_create
dvauxphost.dll,ascii,2650952,torq_script_plugin_builder_vector_get_data
dvauxphost.dll,ascii,2651000,torq_script_plugin_builder_vector_retain
dvauxphost.dll,ascii,2651048,torq_script_plugin_builder_vector_release
dvauxphost.dll,ascii,2653112,torq_host_plugin_memory_delegate_set_table
dvauxphost.dll,ascii,2653160,torq_plugin_memory_delegate_create
dvauxphost.dll,ascii,2653200,torq_plugin_memory_delegate_host_plugin_memory_delegate
dvauxphost.dll,ascii,2653256,torq_plugin_memory_delegate_retain
dvauxphost.dll,ascii,2653296,torq_plugin_memory_delegate_release
dvauxphost.dll,ascii,2653336,torq_plugin_memory_delegate_weak_release
dvauxphost.dll,ascii,2653384,torq_plugin_memory_delegate_weak_retain_from_weak
dvauxphost.dll,ascii,2653440,torq_plugin_memory_delegate_weak_retain_from_strong
dvauxphost.dll,ascii,2653496,torq_plugin_memory_delegate_lock
dvauxphost.dll,ascii,2653536,torq_plugin_memory_delegate_vector_create
dvauxphost.dll,ascii,2653584,torq_plugin_memory_delegate_vector_get_data
dvauxphost.dll,ascii,2653632,torq_plugin_memory_delegate_vector_retain
dvauxphost.dll,ascii,2653680,torq_plugin_memory_delegate_vector_release
dvauxphost.dll,ascii,2654064,torq_uxp_initialize_params_create
dvauxphost.dll,ascii,2654104,torq_uxp_initialize_params_set_icu_data_file_path
dvauxphost.dll,ascii,2654160,torq_uxp_initialize_params_set_enable_text_gdi_interop
dvauxphost.dll,ascii,2654216,torq_uxp_initialize_params_set_enable_inspector
dvauxphost.dll,ascii,2654264,torq_uxp_initialize_params_set_force_enable_heap_profiler
dvauxphost.dll,ascii,2654328,torq_uxp_initialize_params_set_inspector_port
dvauxphost.dll,ascii,2654376,torq_uxp_initialize_params_register_font_file_path
dvauxphost.dll,ascii,2654432,torq_uxp_initialize_params_set_logger_backend
dvauxphost.dll,ascii,2654480,torq_uxp_initialize_params_set_log_directory_path
dvauxphost.dll,ascii,2654536,torq_uxp_initialize_params_set_max_log_file_size
dvauxphost.dll,ascii,2654592,torq_uxp_initialize_params_set_max_number_of_log_files
dvauxphost.dll,ascii,2654648,torq_uxp_initialize_params_set_log_file_name
dvauxphost.dll,ascii,2654696,torq_uxp_initialize_params_set_enable_log_rotation
dvauxphost.dll,ascii,2654752,torq_uxp_initialize_params_set_allow_addons
dvauxphost.dll,ascii,2654800,torq_uxp_initialize_params_set_enable_execute_as_command
dvauxphost.dll,ascii,2654864,torq_uxp_initialize_params_set_main_task_queue
dvauxphost.dll,ascii,2654912,torq_uxp_initialize_params_set_default_worker_queue
dvauxphost.dll,ascii,2654968,torq_uxp_initialize_params_set_allow_runtime_files_debugging
dvauxphost.dll,ascii,2655032,torq_uxp_initialize_params_set_assert_delegate
dvauxphost.dll,ascii,2655080,torq_uxp_initialize_params_set_plugin_memory_delegate
dvauxphost.dll,ascii,2655136,torq_uxp_initialize_params_enable_periodic_plugin_memory_stats
dvauxphost.dll,ascii,2655200,torq_uxp_initialize_params_set_prevent_using_system_media_library
dvauxphost.dll,ascii,2655272,torq_uxp_initialize_params_set_max_heap_size
dvauxphost.dll,ascii,2655320,torq_uxp_initialize_params_set_stack_trace_limit
dvauxphost.dll,ascii,2655376,torq_uxp_initialize_params_set_vulcan_delegate
dvauxphost.dll,ascii,2655424,torq_uxp_initialize_params_set_host_info
dvauxphost.dll,ascii,2655472,torq_uxp_initialize_params_set_theme
dvauxphost.dll,ascii,2655512,torq_uxp_initialize_params_set_host_theme_css_if_needed
dvauxphost.dll,ascii,2655568,torq_uxp_initialize_params_set_first_party_plugin_providers
dvauxphost.dll,ascii,2655632,torq_uxp_initialize_params_set_folder_plugin_providers
dvauxphost.dll,ascii,2655688,torq_uxp_initialize_params_set_plugins_data_root_path_alpaca
dvauxphost.dll,ascii,2655752,torq_uxp_initialize_params_set_plugins_temp_root_path_alpaca
dvauxphost.dll,ascii,2655816,torq_uxp_initialize_params_set_focus_manager_delegate
dvauxphost.dll,ascii,2655872,torq_uxp_initialize_params_set_report_unhandled_keyboard_events
dvauxphost.dll,ascii,2655936,torq_uxp_initialize_params_set_use_host_storage_picker_manager
dvauxphost.dll,ascii,2656000,torq_uxp_initialize_params_set_web_view_2_runtime_path
dvauxphost.dll,ascii,2656056,torq_uxp_initialize_params_set_enable_upic
dvauxphost.dll,ascii,2656104,torq_uxp_initialize_params_retain
dvauxphost.dll,ascii,2656144,torq_uxp_initialize_params_release
dvauxphost.dll,ascii,2656184,torq_uxp_initialize_params_weak_release
dvauxphost.dll,ascii,2656224,torq_uxp_initialize_params_weak_retain_from_weak
dvauxphost.dll,ascii,2656280,torq_uxp_initialize_params_weak_retain_from_strong
dvauxphost.dll,ascii,2656336,torq_uxp_initialize_params_lock
dvauxphost.dll,ascii,2656368,torq_uxp_initialize_params_vector_create
dvauxphost.dll,ascii,2656416,torq_uxp_initialize_params_vector_get_data
dvauxphost.dll,ascii,2656464,torq_uxp_initialize_params_vector_retain
dvauxphost.dll,ascii,2656512,torq_uxp_initialize_params_vector_release
dvauxphost.dll,ascii,2656560,torq_uxp_initializer_instance
dvauxphost.dll,ascii,2656592,torq_uxp_initializer_initialize
dvauxphost.dll,ascii,2656624,torq_uxp_initializer_params
dvauxphost.dll,ascii,2656656,torq_uxp_initializer_enable_devtools
dvauxphost.dll,ascii,2656696,torq_uxp_initializer_enable_debugging_on_all_plugins
dvauxphost.dll,ascii,2656752,torq_uxp_initializer_is_debugger_paused_on_any_plugin
dvauxphost.dll,ascii,2656808,torq_uxp_initializer_terminate
dvauxphost.dll,ascii,2656840,torq_uxp_initializer_vector_create
dvauxphost.dll,ascii,2656880,torq_uxp_initializer_vector_get_data
dvauxphost.dll,ascii,2656920,torq_uxp_initializer_vector_retain
dvauxphost.dll,ascii,2656960,torq_uxp_initializer_vector_release
dvauxphost.dll,ascii,2660088,torq_dialog_actions_delegate_didLoad
dvauxphost.dll,ascii,2662632,torq_storage_picker_options_getOpenDirectory
dvauxphost.dll,ascii,2663872,CppPromiseError: Non std::exception type.
dvauxphost.dll,ascii,2663969,"const plugin = require(""torq-native"").native(""torq-native/plugin"");"
dvauxphost.dll,ascii,2664038,function getUxpVulcan() {
dvauxphost.dll,ascii,2664274,class UxpVulcan {
dvauxphost.dll,ascii,2664611,return UxpVulcan;
dvauxphost.dll,ascii,2664635,"plugin.registerUxpModule(""vulcan"", () => {"
dvauxphost.dll,ascii,2664679,const UxpVulcan = getUxpVulcan();
dvauxphost.dll,ascii,2664714,return new UxpVulcan();
dvauxphost.dll,ascii,2664944,class UxpApplicationEx {
dvauxphost.dll,ascii,2667473,"currentApp = new UxpApplicationEx(specifierSapCode, specifierVersion); //create object for new apps only"
dvauxphost.dll,ascii,2668689,class UxpVulcanControl {
dvauxphost.dll,ascii,2668863,"     * @returns {promise<UxpApplication>}; on successful execution, resolves to get a list of app instances."
dvauxphost.dll,ascii,2669121,"     * @returns {promise<UxpApplicationEx>}; on successful execution, resolves to get a list of app instances based on SAP codes."
dvauxphost.dll,ascii,2669537,module.exports = new UxpVulcanControl();
dvauxphost.dll,ascii,2669725,"payload,"
dvauxphost.dll,ascii,2669897,class UxpVulcanMessage extends Event {
dvauxphost.dll,ascii,2669939,"constructor(messageType, messagePayload) {"
dvauxphost.dll,ascii,2670010,this[payload] = messagePayload;
dvauxphost.dll,ascii,2670056," * @returns {string}, retrieves non-encoded payload from Vulcan received message."
dvauxphost.dll,ascii,2670144,get payload() {
dvauxphost.dll,ascii,2670162,return this[payload];
dvauxphost.dll,ascii,2670760,class UxpEndpoint {
dvauxphost.dll,ascii,2671821,var uxpEndPoint = previousEndPoints.find(prevEndpoint => {
dvauxphost.dll,ascii,2672013,"if (!uxpEndPoint) { //create new one for newly shown end points, and use existing ones for older one"
dvauxphost.dll,ascii,2672118,uxpEndPoint = new UxpEndpoint(endpoint);
dvauxphost.dll,ascii,2672167,this[vulcanEndpoints].push(uxpEndPoint);
dvauxphost.dll,ascii,2672300,"let vulcanMessage = new UxpVulcanMessage(receivedMessage.type, receivedMessage.payload);"
dvauxphost.dll,ascii,2672517,class UxpVulcanDispatcher extends EventTarget {
dvauxphost.dll,ascii,2672645, * This API can be used to register a message listener callback function for a Vulcan message reception.
dvauxphost.dll,ascii,2673525,return new UxpEndpoint(currentEndPoint);
dvauxphost.dll,ascii,2674218,UxpVulcanDispatcher.prototype.dispatchEvent = undefined;
dvauxphost.dll,ascii,2674297,"vulcanDispatcher : new UxpVulcanDispatcher(),"
dvauxphost.dll,ascii,2674344,vulcanMessage : UxpVulcanMessage
dvauxphost.dll,ascii,2674740,"payload : Symbol(""payload""),"
dvauxphost.dll,ascii,2675056,fileRotationLogFolderSize
dvauxphost.dll,ascii,2675640,fileRotationEventFolderSize
dvauxphost.dll,ascii,2675760,fileRotationInvalidEventFolderSize
dvauxphost.dll,ascii,2676289,"const plugin = require(""torq-native"").native(""torq-native/plugin"");"
dvauxphost.dll,ascii,2676358,"plugin.registerUxpModule(""dunamis"", () => {"
dvauxphost.dll,ascii,2676402,"    const uxpDunamis = require(""./UxpDunamis"");"
dvauxphost.dll,ascii,2676450,    return uxpDunamis;
dvauxphost.dll,ascii,2676505, * @description This module makes the C++ D-SDK accessible to UXP extension via host bindings.
dvauxphost.dll,ascii,2676720," * const {Dunamis, DunamisConfigKeys} = window.require('uxp').dunamis;"
dvauxphost.dll,ascii,2677019, * @typedef {Object} StartPayload
dvauxphost.dll,ascii,2677053, * @description Contains the payload to be sent to the dunamis ingest instance. This is common data
dvauxphost.dll,ascii,2677543, * @property {Object} payload - A JSON object containing event data payload.
dvauxphost.dll,ascii,2678931,"const UXPDunamisConfigKeys = Object.freeze(Object.defineProperties({}, descriptors));"
dvauxphost.dll,ascii,2679508," * const { Dunamis, DunamisConfigKeys } = window.require('uxp').dunamis;"
dvauxphost.dll,ascii,2679947,class UxpDunamis {
dvauxphost.dll,ascii,2682465,"     * const { Dunamis, DunamisConfigKeys } = window.require('uxp').dunamis;"
dvauxphost.dll,ascii,2683510,     * The start payload needs to be sent as an object with a set of valid keys.
dvauxphost.dll,ascii,2683591,     * @param {StartPayload} startPayload - The payload to start the dunamis ingest instance.
dvauxphost.dll,ascii,2683808,"     * const { Dunamis, DunamisConfigKeys } = window.require('uxp').dunamis;"
dvauxphost.dll,ascii,2684342,     * const startPayload = {
dvauxphost.dll,ascii,2684461,     * let res = await dunamisInstance.instanceStart(startPayload);
dvauxphost.dll,ascii,2684537,    async instanceStart(startPayload) {
dvauxphost.dll,ascii,2684848,"        const commonData = this.#stringifyJson(startPayload[""commonData""]);"
dvauxphost.dll,ascii,2685356,"     * const { Dunamis, DunamisConfigKeys } = window.require('uxp').dunamis;"
dvauxphost.dll,ascii,2685890,     * const startPayload = {
dvauxphost.dll,ascii,2686009,     * let res = await dunamisInstance.instanceStart(startPayload);
dvauxphost.dll,ascii,2686077,"     * res = await dunamisInstance.fireEvent({  payload: { ""key"": ""value"" }, batch: false, auth: true, validate: -1 });"
dvauxphost.dll,ascii,2686238,"        eventData[""payload""] = this.#stringifyJson(eventData[""payload""]);"
dvauxphost.dll,ascii,2686607,"     * const { Dunamis, DunamisConfigKeys } = window.require('uxp').dunamis;"
dvauxphost.dll,ascii,2687141,     * const startPayload = {
dvauxphost.dll,ascii,2687260,     * let res = await dunamisInstance.instanceStart(startPayload);
dvauxphost.dll,ascii,2687502,"module.exports = {Dunamis: UxpDunamis,"
dvauxphost.dll,ascii,2687541,                  DunamisConfigKeys: UXPDunamisConfigKeys};
dvauxphost.dll,ascii,2690095,"59]."");this[i].tzMinute=t}compareTo(t){if(!(t instanceof XMPDateTime))throw Error(""XMPDateTime.compareTo: invalid arguments: ""+t);return this[i].compareTo(t[i])}convertToLocalTime(){this[i].convertToLocalTime()}convertToUTCTime(){this[i].convertToUTCTime()}getDate(){const t={value:{year:this[i].year,month:this[i].month,day:this[i].day,hour:this[i].hour,minute:this[i].minute,second:this[i].second,nanosecond:this[i].nanosecond,tzSign:this[i].tzSign,tzHour:this[i].tzHour,tzMinute:this[i].tzMinute},type:""object""},e=new o(t);return e.convertToLocalTime(),new Date(e.year,e.month-1,e.day,e.hour,e.minute,e.second,e.nanosecond/1e6)}setLocalTimeZone(){this[i].setLocalTimeZone()}hasDate(){return this[i].hasDate()}hasTime(){return this[i].hasTime()}hasTimeZone(){return this[i].hasTimeZone()}toString(){return this[i].toString()}}t.exports=XMPDateTime},510:(t,e,r)=>{const{sXMPFile:i,sXMPMeta:n}=r(380),{byteArrayToString:a,BadArgumentError:o,isNumber:s,isString:u}=r(858),m=r(929),{XMPFileNative:c}=r(62).native(""host/xmp-native""),{UxpXMPFile:g,UxpXMPFileStaticAPI:h}=c;class XMPFile{constructor(t,e,r){if(!u(t)||!s(e)||!s(r))throw o(""new XMPFile(filePath: String, format: Number, openFlags: Number): "
dvauxphost.dll,ascii,2703265,"const plugin = require(""torq-native"").native(""torq-native/plugin"");"
dvauxphost.dll,ascii,2703334,"plugin.registerUxpModule(""host"", () => {"
dvauxphost.dll,ascii,2703375,"    const uxpHost = require(""./UxpHost"");"
dvauxphost.dll,ascii,2703417,    return uxpHost;
dvauxphost.dll,ascii,2703710,class UxpHostEvent extends Event {
dvauxphost.dll,ascii,2704007,"let event = new UxpHostEvent(""themechanged"")"
dvauxphost.dll,ascii,2704093,class UxpHost extends EventTarget {
dvauxphost.dll,ascii,2706867,UxpHost.THEME_LIGHT = LIGHT;
dvauxphost.dll,ascii,2706915,UxpHost.THEME_LIGHTEST = LIGHTEST;
dvauxphost.dll,ascii,2706969,UxpHost.THEME_DARK = DARK;
dvauxphost.dll,ascii,2707015,UxpHost.THEME_DARKEST = DARKEST;
dvauxphost.dll,ascii,2707049,module.exports = new UxpHost();
dvauxphost.dll,ascii,2707206,"cachedUxpHost : Symbol(""cachedUxpHost"")"
dvauxphost.dll,ascii,2707265,"const plugin = require(""torq-native"").native(""torq-native/plugin"");"
dvauxphost.dll,ascii,2707334,"plugin.registerUxpModule(""licensing"", () => {"
dvauxphost.dll,ascii,2707381,"const uxpLicensing = require(""./UxpLicensing"");"
dvauxphost.dll,ascii,2707430,return uxpLicensing;
dvauxphost.dll,ascii,2707875,class UxpLicensingEvent extends Event {
dvauxphost.dll,ascii,2707990,"let event = new UxpLicensingEvent(""profilechanged"");"
dvauxphost.dll,ascii,2708082,class UxpLicensing extends EventTarget {
dvauxphost.dll,ascii,2710878,module.exports = new UxpLicensing();
dvauxphost.dll,ascii,2711512,payload
dvauxphost.dll,utf16le,2711640,UxpDunamis.js
dvauxphost.dll,utf16le,2711744,UxpHost.js
dvauxphost.dll,utf16le,2711864,UxpLicensing.js
dvauxphost.dll,ascii,2713152,payloadEncoding
dvauxphost.dll,ascii,2714816,http://ns.adobe.com/xap/1.0/sType/ManifestItem#
dvauxphost.dll,ascii,2715056,http://www.aiim.org/pdfa/ns/extension/
dvauxphost.dll,utf16le,2715272,uxp://uxp-internal/xmp
dvauxphost.dll,ascii,2715688,TYPE_PDFA_EXTENSION
dvauxphost.dll,ascii,2715808,TYPE_MANIFEST_ITEM
dvauxphost.dll,ascii,2716768,OPEN_LIMITED_SCANNING
dvauxphost.dll,ascii,2716792,OPEN_USE_PACKET_SCANNING
dvauxphost.dll,ascii,2719000,UxpXMPFileStaticAPI
dvauxphost.dll,ascii,2719024,UxpXMPFile
dvauxphost.dll,ascii,2719280,XMP Exception: 
dvauxphost.dll,ascii,2719784,getNamespacePrefix
dvauxphost.dll,ascii,2719840,UxpXMPMetaStaticAPI
dvauxphost.dll,ascii,2719864,UxpXMPMeta
dvauxphost.dll,ascii,2719888,"XMP Exception: The (optional) value type can only be one of 'string', 'integer', 'number', 'boolean' or 'xmpdate' used with a corresponding value type!"
dvauxphost.dll,ascii,2720560,UxpXMPUtils.appendProperties - 
dvauxphost.dll,ascii,2720592,UxpXMPUtils.catenateArrayItems - 
dvauxphost.dll,ascii,2720632,UxpXMPUtils.composeArrayItemPath - 
dvauxphost.dll,ascii,2720672,UxpXMPUtils.composeFieldSelector - 
dvauxphost.dll,ascii,2720712,UxpXMPUtils.composeLangSelector - 
dvauxphost.dll,ascii,2720752,UxpXMPUtils.composeStructFieldPath - 
dvauxphost.dll,ascii,2720792,UxpXMPUtils.composeQualifierPath - 
dvauxphost.dll,ascii,2720832,UxpXMPUtils.duplicateSubtree - 
dvauxphost.dll,ascii,2720864,UxpXMPUtils.removeProperties - 
dvauxphost.dll,ascii,2720896,UxpXMPUtils.SeparateArrayItems - 
dvauxphost.dll,ascii,2885212,D:\releases\dva\build\mb\msvs_win32_x64\Release\x64\build\Drover\dvauxphost\dvauxphost\dvauxphost.pdb
dvauxphost.dll,ascii,3268508,dvauxphost.dll
dvauxphost.dll,ascii,3268523,??0?$enable_shared_from_this@VUXPInstance@dvauxphost@@@std@@IEAA@AEBV01@@Z
dvauxphost.dll,ascii,3268598,??0?$enable_shared_from_this@VUXPInstance@dvauxphost@@@std@@IEAA@XZ
dvauxphost.dll,ascii,3268666,??0?$ref_counted@VAssertAdapter@adapters@dvauxphost@@@api_impl@torq@@QEAA@XZ
dvauxphost.dll,ascii,3268743,??0?$ref_counted@VTaskQueueBase@queue@dvauxphost@@@api_impl@torq@@QEAA@XZ
dvauxphost.dll,ascii,3268817,??0?$ref_counted@VUXPPluginLoaderDelegate@dvauxphost@@@api_impl@torq@@QEAA@XZ
dvauxphost.dll,ascii,3268895,??0?$ref_counted@VUXPPluginManagerDelegate@dvauxphost@@@api_impl@torq@@QEAA@XZ
dvauxphost.dll,ascii,3268974,??0AssertAdapter@adapters@dvauxphost@@QEAA@XZ
dvauxphost.dll,ascii,3269020,??0JsTaskQueue@queue@dvauxphost@@QEAA@H@Z
dvauxphost.dll,ascii,3269062,??0TaskQueue@queue@dvauxphost@@QEAA@XZ
dvauxphost.dll,ascii,3269101,??0TaskQueueBase@queue@dvauxphost@@QEAA@XZ
dvauxphost.dll,ascii,3269144,??0UXPApiRegistrar@dvauxphost@@QEAA@PEBDAEBV?$function@$$A6AXAEAV?$shared_ptr@VContext@seal_napi@torq@@@std@@AEBVtorq_plugin_runtime_ref@api@torq@@@Z@std@@AEBV?$function@$$A6AXAEBV?$function@$$A6A?AV?$shared_ptr@VContext@seal_napi@torq@@@std@@PEAUnapi_env__@@@Z@std@@AEBVtorq_plugin_runtime_ref@api@torq@@@Z@3@W4UXPPluginType@1@W4OverrideRegistrarMode@01@@Z
dvauxphost.dll,ascii,3269502,??0UXPDescriptor@dvauxphost@@QEAA@AEBV01@@Z
dvauxphost.dll,ascii,3269546,??0UXPDescriptor@dvauxphost@@QEAA@AEBV?$shared_ptr@V?$vector@EU?$STLAllocator@E@allocator@dvacore@@@std@@@std@@AEBV?$shared_ptr@VUXPManifest@dvauxphost@@@3@@Z
dvauxphost.dll,ascii,3269705,??0UXPDescriptor@dvauxphost@@QEAA@AEBV?$shared_ptr@V?$vector@U?$pair@VImmutableString@utility@dvacore@@V?$basic_string@EU?$char_traits@E@std@@U?$STLAllocator@E@allocator@dvacore@@@std@@@std@@U?$STLAllocator@U?$pair@VImmutableString@utility@dvacore@@V?$basic_string@EU?$char_traits@E@std@@U?$STLAllocator@E@allocator@dvacore@@@std@@@std@@@allocator@dvacore@@@std@@@std@@AEBV?$shared_ptr@VUXPManifest@dvauxphost@@@3@@Z
dvauxphost.dll,ascii,3270122,??0UXPDescriptor@dvauxphost@@QEAA@AEBVImmutableString@utility@dvacore@@AEBV?$shared_ptr@VUXPManifest@dvauxphost@@@std@@@Z
dvauxphost.dll,ascii,3270244,??0UXPDescriptor@dvauxphost@@QEAA@XZ
dvauxphost.dll,ascii,3270281,??0UXPInstance@dvauxphost@@QEAA@XZ
dvauxphost.dll,ascii,3270316,??0UXPPluginLoaderDelegate@dvauxphost@@QEAA@$$QEAV?$function@$$A6A?AV?$vector@V?$shared_ptr@VLoaderDelegateAttachment@dvauxphost@@@std@@U?$STLAllocator@V?$shared_ptr@VLoaderDelegateAttachment@dvauxphost@@@std@@@allocator@dvacore@@@std@@W4UXPPluginType@dvauxphost@@@Z@std@@AEBVUXPDescriptor@1@_NHAEAV?$function@$$A6AX$$QEAV?$function@$$A6AXXZ@std@@_N@Z@3@@Z
dvauxphost.dll,ascii,3270673,??0UXPPluginManagerDelegate@dvauxphost@@QEAA@XZ
dvauxphost.dll,ascii,3270721,??0UXPPositionsInfo@dvauxphost@@QEAA@XZ
dvauxphost.dll,ascii,3270761,??1?$enable_shared_from_this@VUXPInstance@dvauxphost@@@std@@IEAA@XZ
dvauxphost.dll,ascii,3270829,??1JsTaskQueue@queue@dvauxphost@@UEAA@XZ
dvauxphost.dll,ascii,3270870,??1TaskQueue@queue@dvauxphost@@UEAA@XZ
dvauxphost.dll,ascii,3270909,??1TaskQueueBase@queue@dvauxphost@@UEAA@XZ
dvauxphost.dll,ascii,3270952,??1UXPApiRegistrar@dvauxphost@@QEAA@XZ
dvauxphost.dll,ascii,3270991,??1UXPDescriptor@dvauxphost@@QEAA@XZ
dvauxphost.dll,ascii,3271028,??1UXPInstance@dvauxphost@@QEAA@XZ
dvauxphost.dll,ascii,3271063,??1UXPPluginLoaderDelegate@dvauxphost@@UEAA@XZ
dvauxphost.dll,ascii,3271110,??4?$enable_shared_from_this@VUXPInstance@dvauxphost@@@std@@IEAAAEAV01@AEBV01@@Z
dvauxphost.dll,ascii,3271191,??4UXPDescriptor@dvauxphost@@QEAAAEAV01@AEBV01@@Z
dvauxphost.dll,ascii,3271241,??4UXPPositionsInfo@dvauxphost@@QEAAAEAU01@$$QEAU01@@Z
dvauxphost.dll,ascii,3271296,??4UXPPositionsInfo@dvauxphost@@QEAAAEAU01@AEBU01@@Z
dvauxphost.dll,ascii,3271349,??_7JsTaskQueue@queue@dvauxphost@@6B@
dvauxphost.dll,ascii,3271387,??_7TaskQueue@queue@dvauxphost@@6B@
dvauxphost.dll,ascii,3271423,??_7TaskQueueBase@queue@dvauxphost@@6B@
dvauxphost.dll,ascii,3271463,??_7UXPPluginLoaderDelegate@dvauxphost@@6B@
dvauxphost.dll,ascii,3271507,?AsyncGetDunamisSessionIDAndOptOut@dvauxphost@@YAXXZ
dvauxphost.dll,ascii,3271560,?AsyncQueueTask@UXPInstance@dvauxphost@@QEAAX$$QEAV?$function@$$A6AXXZ@std@@_N@Z
dvauxphost.dll,ascii,3271641,?AttachHostView@dvauxphost@@YAPEAVUI_Node@ui@dvaui@@AEBVImmutableString@utility@dvacore@@AEBV?$shared_ptr@VUXPInstance@dvauxphost@@@std@@AEBQEAV234@@Z
dvauxphost.dll,ascii,3271792,?AttachView@UXPInstance@dvauxphost@@QEAAXAEBVImmutableString@utility@dvacore@@PEAVUI_Node@ui@dvaui@@Vtorq_uxp_island_alpaca_ref@api@torq@@0@Z
dvauxphost.dll,ascii,3271934,?AttachViewData@UXPInstance@dvauxphost@@QEAAXAEBQEAVUI_Node@ui@dvaui@@AEBV?$tuple@V?$basic_string@EU?$char_traits@E@std@@U?$STLAllocator@E@allocator@dvacore@@@std@@@std@@@Z
dvauxphost.dll,ascii,3272107,?CloseHostView@dvauxphost@@YAXPEAVUI_Node@ui@dvaui@@@Z
dvauxphost.dll,ascii,3272162,?CloseHostViewByCallId@UXPInstance@dvauxphost@@QEAA_NAEBVImmutableString@utility@dvacore@@@Z
dvauxphost.dll,ascii,3272255,?CloseHostViewByCallId@dvauxphost@@YAXAEBVImmutableString@utility@dvacore@@@Z
dvauxphost.dll,ascii,3272333,?Create@UXPPluginManagerDelegate@dvauxphost@@SA?AVtorq_plugin_manager_alpaca_ref@api@torq@@XZ
dvauxphost.dll,ascii,3272427,?CreateExtension@UXPInstance@dvauxphost@@QEAAXAEBVImmutableString@utility@dvacore@@AEBVUXPDescriptor@2@AEBVtorq_plugin_loader_delegate_ref@api@torq@@AEBV?$function@$$A6AX$$QEAV?$function@$$A6AXXZ@std@@_N@Z@std@@AEBV?$shared_ptr@VUXPPluginGroup@dvauxphost@@@std@@AEBVtorq_plugin_ref@89@@Z
dvauxphost.dll,ascii,3272715,?CreateHostView@dvauxphost@@YAPEAVUI_Node@ui@dvaui@@AEBVImmutableString@utility@dvacore@@0AEBV?$shared_ptr@VUXPInstance@dvauxphost@@@std@@@Z
dvauxphost.dll,ascii,3272856,?CreatePluginLoaderDelegate@UXPPluginLoaderDelegate@dvauxphost@@SA?AVtorq_plugin_loader_delegate_ref@api@torq@@$$QEAV?$function@$$A6A?AV?$vector@V?$shared_ptr@VLoaderDelegateAttachment@dvauxphost@@@std@@U?$STLAllocator@V?$shared_ptr@VLoaderDelegateAttachment@dvauxphost@@@std@@@allocator@dvacore@@@std@@W4UXPPluginType@dvauxphost@@@Z@std@@AEBVUXPDescriptor@2@_NHAEAV?$function@$$A6AX$$QEAV?$function@$$A6AXXZ@std@@_N@Z@7@@Z
dvauxphost.dll,ascii,3273280,?DVAImmutableStringToTorqString@utilities@dvauxphost@@YA?AVtorq_string@api@torq@@AEBVImmutableString@utility@dvacore@@@Z
dvauxphost.dll,ascii,3273401,?DVAStdToTorqString@utilities@dvauxphost@@YA?AVtorq_string@api@torq@@AEBV?$basic_string@DU?$char_traits@D@std@@V?$allocator@D@2@@std@@@Z
dvauxphost.dll,ascii,3273538,?DVAUTF16ToTorqString@utilities@dvauxphost@@YA?AVtorq_string@api@torq@@AEBV?$basic_string@_WU?$char_traits@_W@std@@U?$STLAllocator@_W@allocator@dvacore@@@std@@@Z
dvauxphost.dll,ascii,3273700,?DVAUTF8ToTorqString@utilities@dvauxphost@@YA?AVtorq_string@api@torq@@AEBV?$basic_string@EU?$char_traits@E@std@@U?$STLAllocator@E@allocator@dvacore@@@std@@@Z
dvauxphost.dll,ascii,3273858,?DestroyAllExtensionViews@UXPInstance@dvauxphost@@QEAAXXZ
dvauxphost.dll,ascii,3273916,?DestroyExtension@UXPInstance@dvauxphost@@QEAAXXZ
dvauxphost.dll,ascii,3273966,?DestroyExtensionView@UXPInstance@dvauxphost@@QEAAXPEAVUI_Node@ui@dvaui@@@Z
dvauxphost.dll,ascii,3274042,?DetachView@UXPInstance@dvauxphost@@QEAA_NAEBVImmutableString@utility@dvacore@@PEAVUI_Node@ui@dvaui@@@Z
dvauxphost.dll,ascii,3274146,?DoQueueTaskAsynchronously@UXPPluginLoaderDelegate@dvauxphost@@AEAAX$$QEAV?$function@$$A6AXXZ@std@@_N@Z
dvauxphost.dll,ascii,3274250,?DoReport@UXPInstance@dvauxphost@@QEAAXAEBVImmutableString@utility@dvacore@@AEBH@Z
dvauxphost.dll,ascii,3274333,?EnsureSealContext@UXPPluginLoaderDelegate@dvauxphost@@AEAA?AV?$shared_ptr@VContext@seal_napi@torq@@@std@@AEBVtorq_plugin_runtime_ref@api@torq@@@Z
dvauxphost.dll,ascii,3274480,?ExecuteCommand@UXPInstance@dvauxphost@@QEAAXAEBVImmutableString@utility@dvacore@@PEBD@Z
dvauxphost.dll,ascii,3274569,?ExecuteOnMainThreadWhenReady@dvauxphost@@YA_NV?$function@$$A6AXXZ@std@@@Z
dvauxphost.dll,ascii,3274644,?ExecuteOnScriptContextAvailable@UXPInstance@dvauxphost@@QEAAX$$QEAV?$function@$$A6AXH@Z@std@@@Z
dvauxphost.dll,ascii,3274741,?FlushTaskQueue@UXPInstance@dvauxphost@@AEAAXXZ
dvauxphost.dll,ascii,3274789,?GenerateUniqueCallId@utilities@dvauxphost@@YA?AVImmutableString@utility@dvacore@@XZ
dvauxphost.dll,ascii,3274874,?GetApiName@UXPApiRegistrar@dvauxphost@@QEBAPEBDXZ
dvauxphost.dll,ascii,3274925,?GetCallIdByHostView@UXPInstance@dvauxphost@@QEAA?AVImmutableString@utility@dvacore@@AEBQEAVUI_Node@ui@dvaui@@@Z
dvauxphost.dll,ascii,3275038,?GetData@UXPDescriptor@dvauxphost@@QEBAAEBV?$shared_ptr@V?$vector@U?$pair@VImmutableString@utility@dvacore@@V?$basic_string@EU?$char_traits@E@std@@U?$STLAllocator@E@allocator@dvacore@@@std@@@std@@U?$STLAllocator@U?$pair@VImmutableString@utility@dvacore@@V?$basic_string@EU?$char_traits@E@std@@U?$STLAllocator@E@allocator@dvacore@@@std@@@std@@@allocator@dvacore@@@std@@@std@@XZ
dvauxphost.dll,ascii,3275415,?GetDescriptor@UXPInstance@dvauxphost@@QEAA?AVUXPDescriptor@2@XZ
dvauxphost.dll,ascii,3275480,?GetDescriptor@UXPInstance@dvauxphost@@QEBAAEBVUXPDescriptor@2@XZ
dvauxphost.dll,ascii,3275546,?GetEntryPointByCallId@UXPInstance@dvauxphost@@QEBA?AUEntryPointData@12@AEBVImmutableString@utility@dvacore@@@Z
dvauxphost.dll,ascii,3275658,?GetExtension@UXPInstance@dvauxphost@@QEBA?AVtorq_plugin_ref@api@torq@@XZ
dvauxphost.dll,ascii,3275732,?GetHostDependencyMap@UXPDescriptor@dvauxphost@@QEBAAEBV?$map@V?$basic_string@DU?$char_traits@D@std@@V?$allocator@D@2@@std@@V?$vector@V?$basic_string@DU?$char_traits@D@std@@V?$allocator@D@2@@std@@U?$STLAllocator@V?$basic_string@DU?$char_traits@D@std@@V?$allocator@D@2@@std@@@allocator@dvacore@@@2@U?$less@V?$basic_string@DU?$char_traits@D@std@@V?$allocator@D@2@@std@@@2@U?$STLAllocator@U?$pair@$$CBV?$basic_string@DU?$char_traits@D@std@@V?$allocator@D@2@@std@@V?$vector@V?$basic_string@DU?$char_traits@D@std@@V?$allocator@D@2@@std@@U?$STLAllocator@V?$basic_string@DU?$char_traits@D@std@@V?$allocator@D@2@@std@@@allocator@dvacore@@@2@@std@@@allocator@dvacore@@@std@@XZ
dvauxphost.dll,ascii,3276400,?GetHostVersionRequirementsMap@UXPDescriptor@dvauxphost@@QEBAAEBV?$map@V?$basic_string@DU?$char_traits@D@std@@V?$allocator@D@2@@std@@V12@U?$less@V?$basic_string@DU?$char_traits@D@std@@V?$allocator@D@2@@std@@@2@U?$STLAllocator@U?$pair@$$CBV?$basic_string@DU?$char_traits@D@std@@V?$allocator@D@2@@std@@V12@@std@@@allocator@dvacore@@@std@@XZ
dvauxphost.dll,ascii,3276739,?GetHostViewForIsland@UXPInstance@dvauxphost@@QEAAPEAVUI_Node@ui@dvaui@@AEBVtorq_uxp_island_alpaca_ref@api@torq@@@Z
dvauxphost.dll,ascii,3276855,?GetHostViewForPanelId@UXPInstance@dvauxphost@@QEAAPEAVUI_Node@ui@dvaui@@AEBVImmutableString@utility@dvacore@@@Z
dvauxphost.dll,ascii,3276968,?GetId@UXPDescriptor@dvauxphost@@QEBA?AVImmutableString@utility@dvacore@@XZ
dvauxphost.dll,ascii,3277044,?GetIslandForPanelId@UXPInstance@dvauxphost@@QEAA?AVtorq_uxp_island_alpaca_ref@api@torq@@AEBVImmutableString@utility@dvacore@@@Z
dvauxphost.dll,ascii,3277173,?GetIslandFromPanelIdOrView@UXPInstance@dvauxphost@@QEAA?AVtorq_uxp_island_alpaca_ref@api@torq@@AEBVImmutableString@utility@dvacore@@PEAVUI_Node@ui@dvaui@@@Z
dvauxphost.dll,ascii,3277331,?GetIslandFromView@UXPInstance@dvauxphost@@QEAA?AVtorq_uxp_island_alpaca_ref@api@torq@@PEAVUI_Node@ui@dvaui@@@Z
dvauxphost.dll,ascii,3277443,?GetMainThreadTaskQueue@utilities@dvauxphost@@YAAEAVtorq_task_queue_ref@api@torq@@XZ
dvauxphost.dll,ascii,3277528,?GetMenuItemInfoByPanelId@UXPInstance@dvauxphost@@QEAAAEAV?$vector@UUXPMenuItemInfo@dvauxphost@@U?$STLAllocator@UUXPMenuItemInfo@dvauxphost@@@allocator@dvacore@@@std@@AEBVImmutableString@utility@dvacore@@@Z
dvauxphost.dll,ascii,3277735,?GetMessageFromResultCode@dvauxphost@@YA?AV?$basic_string@_WU?$char_traits@_W@std@@U?$STLAllocator@_W@allocator@dvacore@@@std@@H@Z
dvauxphost.dll,ascii,3277866,?GetName@UXPDescriptor@dvauxphost@@QEBA?AVImmutableString@utility@dvacore@@XZ
dvauxphost.dll,ascii,3277944,?GetPanelInfoPositions@UXPDescriptor@dvauxphost@@QEBAAEBUUXPPositionsInfo@2@XZ
dvauxphost.dll,ascii,3278023,?GetPath@UXPDescriptor@dvauxphost@@QEBAAEBVImmutableString@utility@dvacore@@XZ
dvauxphost.dll,ascii,3278102,?GetPluginTypes@UXPDescriptor@dvauxphost@@QEBA?BW4UXPPluginType@2@XZ
dvauxphost.dll,ascii,3278171,?GetReferenceNodeId@UXPDescriptor@dvauxphost@@QEBAAEBV?$basic_string@EU?$char_traits@E@std@@U?$STLAllocator@E@allocator@dvacore@@@std@@XZ
dvauxphost.dll,ascii,3278309,?GetRegisterApiContextCreatedFct@UXPApiRegistrar@dvauxphost@@QEBAAEBV?$function@$$A6AXAEAV?$shared_ptr@VContext@seal_napi@torq@@@std@@AEBVtorq_plugin_runtime_ref@api@torq@@@Z@std@@XZ
dvauxphost.dll,ascii,3278492,?GetRegisterApiRuntimeCreatedFct@UXPApiRegistrar@dvauxphost@@QEBAAEBV?$function@$$A6AXAEBV?$function@$$A6A?AV?$shared_ptr@VContext@seal_napi@torq@@@std@@PEAUnapi_env__@@@Z@std@@AEBVtorq_plugin_runtime_ref@api@torq@@@Z@std@@XZ
dvauxphost.dll,ascii,3278718,?GetRequiredPluginTypes@UXPApiRegistrar@dvauxphost@@QEBA?BW4UXPPluginType@2@XZ
dvauxphost.dll,ascii,3278797,?GetScriptContextHandle@UXPInstance@dvauxphost@@QEBAHXZ
dvauxphost.dll,ascii,3278853,?GetUIEntryPoints@UXPDescriptor@dvauxphost@@QEBAAEBV?$vector@UUXPUIEntryPoint@dvauxphost@@U?$STLAllocator@UUXPUIEntryPoint@dvauxphost@@@allocator@dvacore@@@std@@XZ
dvauxphost.dll,ascii,3279017,?GetUXP3pDescriptors@dvauxphost@@YA?AV?$vector@VUXPDescriptor@dvauxphost@@U?$STLAllocator@VUXPDescriptor@dvauxphost@@@allocator@dvacore@@@std@@XZ
dvauxphost.dll,ascii,3279163,?GetUXPDescriptorById@dvauxphost@@YA?AVUXPDescriptor@1@AEBVImmutableString@utility@dvacore@@@Z
dvauxphost.dll,ascii,3279258,?GetUXPExtensionDescriptorList@dvauxphost@@YA?AV?$vector@VUXPDescriptor@dvauxphost@@U?$STLAllocator@VUXPDescriptor@dvauxphost@@@allocator@dvacore@@@std@@W4UXPDirectories@1@@Z
dvauxphost.dll,ascii,3279433,?GetUXPInstanceByPluginID@dvauxphost@@YA?AV?$shared_ptr@VUXPInstance@dvauxphost@@@std@@VImmutableString@utility@dvacore@@@Z
dvauxphost.dll,ascii,3279557,?GetUXPManifest@UXPDescriptor@dvauxphost@@QEBA?AV?$shared_ptr@VUXPManifest@dvauxphost@@@std@@XZ
dvauxphost.dll,ascii,3279653,?GetUniqueId@UXPInstance@dvauxphost@@QEBA?AVImmutableString@utility@dvacore@@XZ
dvauxphost.dll,ascii,3279733,?GetVersion@UXPDescriptor@dvauxphost@@QEBAAEBV?$basic_string@_WU?$char_traits@_W@std@@U?$STLAllocator@_W@allocator@dvacore@@@std@@XZ
dvauxphost.dll,ascii,3279866,?GetViewData@UXPInstance@dvauxphost@@AEBA?AV?$tuple@V?$basic_string@EU?$char_traits@E@std@@U?$STLAllocator@E@allocator@dvacore@@@std@@@std@@AEBQEAVUI_Node@ui@dvaui@@@Z
dvauxphost.dll,ascii,3280034,?GetZIPData@UXPDescriptor@dvauxphost@@QEBAAEBV?$shared_ptr@V?$vector@EU?$STLAllocator@E@allocator@dvacore@@@std@@@std@@XZ
dvauxphost.dll,ascii,3280156,?HasHostDepenency@UXPDescriptor@dvauxphost@@QEBA_NAEBV?$basic_string@DU?$char_traits@D@std@@V?$allocator@D@2@@std@@@Z
dvauxphost.dll,ascii,3280274,?IfUXPHostAlive@dvauxphost@@YAXV?$function@$$A6AXXZ@std@@@Z
dvauxphost.dll,ascii,3280334,?InvokeMenuCommand@dvauxphost@@YA_NAEBVImmutableString@utility@dvacore@@0@Z
dvauxphost.dll,ascii,3280410,?IsInMemory@UXPDescriptor@dvauxphost@@QEBA_NXZ
dvauxphost.dll,ascii,3280457,?IsInMemoryZIP@UXPDescriptor@dvauxphost@@QEBA_NXZ
dvauxphost.dll,ascii,3280507,?IsMenuFeatureAvailable@dvauxphost@@YA_NAEBW4UXPMenuFeature@1@@Z
dvauxphost.dll,ascii,3280572,?IsValid@UXPDescriptor@dvauxphost@@QEBA_NXZ
dvauxphost.dll,ascii,3280616,?JsTaskQueueAdapterToAlpacaTaskQueue@utilities@dvauxphost@@YAPEAUalpaca_task_queue_delegate@@PEAVJsTaskQueue@queue@2@@Z
dvauxphost.dll,ascii,3280736,?LoadExtensionById@dvauxphost@@YA?AV?$shared_ptr@VUXPInstance@dvauxphost@@@std@@AEBVImmutableString@utility@dvacore@@0000$$QEAV?$function@$$A6AXAEBV?$shared_ptr@VUXPInstance@dvauxphost@@@std@@AEBHAEBV?$basic_string@_WU?$char_traits@_W@std@@U?$STLAllocator@_W@allocator@dvacore@@@2@@Z@3@@Z
dvauxphost.dll,ascii,3281025,?NewCallWithEntryPoint@UXPInstance@dvauxphost@@AEAA_NAEBVImmutableString@utility@dvacore@@0000AEBV?$function@$$A6AXAEBV?$shared_ptr@VUXPInstance@dvauxphost@@@std@@AEBHAEBV?$basic_string@_WU?$char_traits@_W@std@@U?$STLAllocator@_W@allocator@dvacore@@@2@@Z@std@@@Z
dvauxphost.dll,ascii,3281288,?OverrideInitialization@dvauxphost@@YA?AV?$function@$$A6AXXZ@std@@V23@@Z
dvauxphost.dll,ascii,3281361,?Post@TaskQueueBase@queue@dvauxphost@@AEAAX$$QEAVtorq_task_queue_delegate_item_ptr@api@torq@@I@Z
dvauxphost.dll,ascii,3281458,?PrepareToQuit@dvauxphost@@YA_NXZ
dvauxphost.dll,ascii,3281492,?RegisterApproveLoadingDevPluginCallback@dvauxphost@@YAXV?$function@$$A6A_NAEBVUXPDescriptor@dvauxphost@@@Z@std@@@Z
dvauxphost.dll,ascii,3281608,?RegisterCallIdGeneratorForUPIC@dvauxphost@@YAXV?$function@$$A6A?BVImmutableString@utility@dvacore@@AEBV123@V123@@Z@std@@@Z
dvauxphost.dll,ascii,3281732,?RegisterForPluginLifeCycleChange3p@dvauxphost@@YAXV?$function@$$A6AXAEBVUXPDescriptor@dvauxphost@@AEBW4UXPPluginLifeCycle@2@@Z@std@@@Z
dvauxphost.dll,ascii,3281868,?RegisterHostViewCloser@dvauxphost@@YAXV?$function@$$A6AXPEAVUI_Node@ui@dvaui@@@Z@std@@@Z
dvauxphost.dll,ascii,3281958,?RegisterInMemoryExtension@dvauxphost@@YAXAEBV?$shared_ptr@V?$vector@EU?$STLAllocator@E@allocator@dvacore@@@std@@@std@@@Z
dvauxphost.dll,ascii,3282080,?RegisterLoaderDelegateAttachmentCreator@dvauxphost@@YAXPEBDAEBV?$function@$$A6A?AV?$shared_ptr@VLoaderDelegateAttachment@dvauxphost@@@std@@AEBVUXPDescriptor@dvauxphost@@@Z@std@@@Z
dvauxphost.dll,ascii,3282261,?RegisterLoaderDelegateAttachmentCreator_1P@dvauxphost@@YAXV?$function@$$A6A?AV?$shared_ptr@VLoaderDelegateAttachment@dvauxphost@@@std@@AEBVUXPDescriptor@dvauxphost@@@Z@std@@@Z
dvauxphost.dll,ascii,3282438,?RegisterMiddlewareProviderCallback@dvauxphost@@YAXV?$function@$$A6A?AV?$basic_string@EU?$char_traits@E@std@@U?$STLAllocator@E@allocator@dvacore@@@std@@XZ@std@@W4UXPMiddlewareMode@1@@Z
dvauxphost.dll,ascii,3282623,?RegisterPluginEntryPointCreationCallback@dvauxphost@@YAXV?$function@$$A6AXAEBVImmutableString@utility@dvacore@@0W4UXPDirectories@dvauxphost@@W4UXPEntryPoint@5@@Z@std@@@Z
dvauxphost.dll,ascii,3282794,?RegisterPluginEntryPointRemovalCallback@dvauxphost@@YAXV?$function@$$A6AXAEBVImmutableString@utility@dvacore@@W4UXPDirectories@dvauxphost@@W4UXPEntryPoint@5@@Z@std@@@Z
dvauxphost.dll,ascii,3282963,?RegisterRemovePluginListeners@dvauxphost@@YAXV?$function@$$A6AXAEBV?$basic_string@EU?$char_traits@E@std@@U?$STLAllocator@E@allocator@dvacore@@@std@@@Z@std@@@Z
dvauxphost.dll,ascii,3283123,?RegisterUIThreadPostExtensionScanComplete@dvauxphost@@YAXV?$function@$$A6AXXZ@std@@@Z
dvauxphost.dll,ascii,3283210,?RegisterViewAttacher@dvauxphost@@YAXV?$function@$$A6APEAVUI_Node@ui@dvaui@@AEBVImmutableString@utility@dvacore@@AEBV?$shared_ptr@VUXPInstance@dvauxphost@@@std@@AEBQEAV123@@Z@std@@@Z
dvauxphost.dll,ascii,3283393,?RegisterViewCreator@dvauxphost@@YAXPEBDAEBV?$function@$$A6APEAVUI_Node@ui@dvaui@@AEBVImmutableString@utility@dvacore@@AEBV?$shared_ptr@VUXPInstance@dvauxphost@@@std@@@Z@std@@W4RegisterViewCreatorModes@1@@Z
dvauxphost.dll,ascii,3283600,?RegisterViewDestructor@UXPInstance@dvauxphost@@QEAAXAEBQEAVUI_Node@ui@dvaui@@V?$function@$$A6AXXZ@std@@@Z
dvauxphost.dll,ascii,3283707,?SendEventToJS@dvauxphost@@YAXAEBV?$basic_string@DU?$char_traits@D@std@@V?$allocator@D@2@@std@@@Z
dvauxphost.dll,ascii,3283805,?SendEventToJSWithData@dvauxphost@@YAXAEBV?$basic_string@DU?$char_traits@D@std@@V?$allocator@D@2@@std@@0@Z
dvauxphost.dll,ascii,3283912,?SetClientHostAPIObject@dvauxphost@@YAXAEBUClientHostAPIInfo@1@@Z
dvauxphost.dll,ascii,3283978,?SetDefaultNamespaces@dvauxphost@@YAXV?$array@PEBD$0DE@@std@@@Z
dvauxphost.dll,ascii,3284042,?SetDevToolsClientDelegateRef@dvauxphost@@YAXV?$shared_ptr@VDevToolsClientDelegate@pm@torq@@@std@@@Z
dvauxphost.dll,ascii,3284143,?SetFeatureConfig@dvauxphost@@YAXV?$Flags@I@utility@dvacore@@@Z
dvauxphost.dll,ascii,3284207,?SetHostAPIObject@dvauxphost@@YAXAEBUHostInfo@1@@Z
dvauxphost.dll,ascii,3284258,?SetLegacyNamespaces@dvauxphost@@YAXV?$array@PEBD$0DE@@std@@@Z
dvauxphost.dll,ascii,3284321,?SetMenuItemInfoByPanelId@UXPInstance@dvauxphost@@QEAAXAEBVImmutableString@utility@dvacore@@AEBV?$vector@UUXPMenuItemInfo@dvauxphost@@U?$STLAllocator@UUXPMenuItemInfo@dvauxphost@@@allocator@dvacore@@@std@@@Z
dvauxphost.dll,ascii,3284529,?SetScriptContextHandle@UXPInstance@dvauxphost@@QEAAXH@Z
dvauxphost.dll,ascii,3284586,?SetSessionIDForHost@dvauxphost@@YAXAEBV?$basic_string@DU?$char_traits@D@std@@V?$allocator@D@2@@std@@@Z
dvauxphost.dll,ascii,3284690,?SetThisAsFirstParty@UXPDescriptor@dvauxphost@@QEAAXXZ
dvauxphost.dll,ascii,3284745,?SetUIThemeInfoAPIObject@dvauxphost@@YAXAEBUUIThemeInfo@1@@Z
dvauxphost.dll,ascii,3284806,?TaskQueueAdapterToAlpacaTaskQueue@utilities@dvauxphost@@YAPEAUalpaca_task_queue_delegate@@PEAVTaskQueue@queue@2@@Z
dvauxphost.dll,ascii,3284922,?TorqToDVAUTF16String@utilities@dvauxphost@@YA?AV?$basic_string@_WU?$char_traits@_W@std@@U?$STLAllocator@_W@allocator@dvacore@@@std@@AEBVtorq_string@api@torq@@@Z
dvauxphost.dll,ascii,3285084,?TorqToDVAUTF8String@utilities@dvauxphost@@YA?AV?$basic_string@EU?$char_traits@E@std@@U?$STLAllocator@E@allocator@dvacore@@@std@@AEBVtorq_string@api@torq@@@Z
dvauxphost.dll,ascii,3285242,?TorqToDvaStdString@utilities@dvauxphost@@YA?AV?$basic_string@DU?$char_traits@D@std@@V?$allocator@D@2@@std@@AEBVtorq_string@api@torq@@@Z
dvauxphost.dll,ascii,3285379,?TorqToImmutableString@utilities@dvauxphost@@YA?AVImmutableString@utility@dvacore@@AEBVtorq_string@api@torq@@@Z
dvauxphost.dll,ascii,3285491,?UnloadAllExtensions@dvauxphost@@YAXXZ
dvauxphost.dll,ascii,3285530,?UnloadExtensionById@dvauxphost@@YAXAEBVImmutableString@utility@dvacore@@@Z
dvauxphost.dll,ascii,3285606,?UpdateTheme@dvauxphost@@YAXH@Z
dvauxphost.dll,ascii,3285638,?WithUXPHostAlive@dvauxphost@@YAXV?$function@$$A6AX_N@Z@std@@@Z
dvauxphost.dll,ascii,3285702,?after@TaskQueueBase@queue@dvauxphost@@UEAA_N_J$$QEAVtorq_task_queue_delegate_item_ptr@api@torq@@@Z
dvauxphost.dll,ascii,3285802,?allowDebugging@UXPPluginLoaderDelegate@dvauxphost@@QEAA_NAEBVtorq_plugin_runtime_ref@api@torq@@@Z
dvauxphost.dll,ascii,3285901,?assertMessage@AssertAdapter@adapters@dvauxphost@@SAXAEBVtorq_string@api@torq@@@Z
dvauxphost.dll,ascii,3285983,?async@TaskQueueBase@queue@dvauxphost@@UEAA_N$$QEAVtorq_task_queue_delegate_item_ptr@api@torq@@@Z
dvauxphost.dll,ascii,3286081,?destroy@?$ref_counted@VAssertAdapter@adapters@dvauxphost@@@api_impl@torq@@IEAAXXZ
dvauxphost.dll,ascii,3286164,?destroy@?$ref_counted@VTaskQueueBase@queue@dvauxphost@@@api_impl@torq@@IEAAXXZ
dvauxphost.dll,ascii,3286244,?destroy@?$ref_counted@VUXPPluginLoaderDelegate@dvauxphost@@@api_impl@torq@@IEAAXXZ
dvauxphost.dll,ascii,3286328,?destroy@?$ref_counted@VUXPPluginManagerDelegate@dvauxphost@@@api_impl@torq@@IEAAXXZ
dvauxphost.dll,ascii,3286413,?didCreateJsContext@UXPPluginLoaderDelegate@dvauxphost@@QEAAXAEBVtorq_plugin_runtime_ref@api@torq@@@Z
dvauxphost.dll,ascii,3286515,?didCreateJsRuntime@UXPPluginLoaderDelegate@dvauxphost@@QEAAXAEBVtorq_plugin_runtime_ref@api@torq@@@Z
dvauxphost.dll,ascii,3286617,?didDestroyPluginRuntime@UXPPluginLoaderDelegate@dvauxphost@@QEAAXAEBVtorq_plugin_runtime_ref@api@torq@@@Z
dvauxphost.dll,ascii,3286724,?execute@TaskQueueBase@queue@dvauxphost@@AEAAXPEAUtorq_task_queue_delegate_item@@@Z
dvauxphost.dll,ascii,3286808,?expired@?$ref_counted@VAssertAdapter@adapters@dvauxphost@@@api_impl@torq@@QEBA_NXZ
dvauxphost.dll,ascii,3286892,?expired@?$ref_counted@VTaskQueueBase@queue@dvauxphost@@@api_impl@torq@@QEBA_NXZ
dvauxphost.dll,ascii,3286973,?expired@?$ref_counted@VUXPPluginLoaderDelegate@dvauxphost@@@api_impl@torq@@QEBA_NXZ
dvauxphost.dll,ascii,3287058,?expired@?$ref_counted@VUXPPluginManagerDelegate@dvauxphost@@@api_impl@torq@@QEBA_NXZ
dvauxphost.dll,ascii,3287144,?freeMemory@?$ref_counted@VAssertAdapter@adapters@dvauxphost@@@api_impl@torq@@IEAAXXZ
dvauxphost.dll,ascii,3287230,?freeMemory@?$ref_counted@VTaskQueueBase@queue@dvauxphost@@@api_impl@torq@@IEAAXXZ
dvauxphost.dll,ascii,3287313,?freeMemory@?$ref_counted@VUXPPluginLoaderDelegate@dvauxphost@@@api_impl@torq@@IEAAXXZ
dvauxphost.dll,ascii,3287400,?freeMemory@?$ref_counted@VUXPPluginManagerDelegate@dvauxphost@@@api_impl@torq@@IEAAXXZ
dvauxphost.dll,ascii,3287488,?invokeCommandForPlugin@UXPPluginLoaderDelegate@dvauxphost@@QEAA?AVtorq_string@api@torq@@AEBVtorq_plugin_runtime_ref@45@AEBVtorq_plugin_ref@45@AEBV345@@Z
dvauxphost.dll,ascii,3287642,?kCommandLineArgumentKey_CallId@dvauxphost@@3V?$basic_string@_WU?$char_traits@_W@std@@U?$STLAllocator@_W@allocator@dvacore@@@std@@B
dvauxphost.dll,ascii,3287774,?kCommandLineArgumentKey_Command@dvauxphost@@3V?$basic_string@_WU?$char_traits@_W@std@@U?$STLAllocator@_W@allocator@dvacore@@@std@@B
dvauxphost.dll,ascii,3287907,?kCommandLineArgumentKey_Data@dvauxphost@@3V?$basic_string@_WU?$char_traits@_W@std@@U?$STLAllocator@_W@allocator@dvacore@@@std@@B
dvauxphost.dll,ascii,3288037,?kCommandLineArgumentKey_Extension@dvauxphost@@3V?$basic_string@_WU?$char_traits@_W@std@@U?$STLAllocator@_W@allocator@dvacore@@@std@@B
dvauxphost.dll,ascii,3288172,?kCommandLineArgumentKey_HostView@dvauxphost@@3V?$basic_string@_WU?$char_traits@_W@std@@U?$STLAllocator@_W@allocator@dvacore@@@std@@B
dvauxphost.dll,ascii,3288306,?kCommandLineArgumentKey_MenuCategory@dvauxphost@@3V?$basic_string@_WU?$char_traits@_W@std@@U?$STLAllocator@_W@allocator@dvacore@@@std@@B
dvauxphost.dll,ascii,3288444,?kCommandLineArgumentKey_PanelId@dvauxphost@@3V?$basic_string@_WU?$char_traits@_W@std@@U?$STLAllocator@_W@allocator@dvacore@@@std@@B
dvauxphost.dll,ascii,3288577,?kCommandLineArgumentKey_Type@dvauxphost@@3V?$basic_string@_WU?$char_traits@_W@std@@U?$STLAllocator@_W@allocator@dvacore@@@std@@B
dvauxphost.dll,ascii,3288707,?kDefaultExtensionCommand@dvauxphost@@3VImmutableString@utility@dvacore@@B
dvauxphost.dll,ascii,3288782,?kDefaultExtensionType@dvauxphost@@3VImmutableString@utility@dvacore@@B
dvauxphost.dll,ascii,3288854,?kHostViewType_Dialog@dvauxphost@@3V?$basic_string@_WU?$char_traits@_W@std@@U?$STLAllocator@_W@allocator@dvacore@@@std@@B
dvauxphost.dll,ascii,3288976,?kHostViewType_Modeless@dvauxphost@@3V?$basic_string@_WU?$char_traits@_W@std@@U?$STLAllocator@_W@allocator@dvacore@@@std@@B
dvauxphost.dll,ascii,3289100,?kHostViewType_NoUI@dvauxphost@@3V?$basic_string@_WU?$char_traits@_W@std@@U?$STLAllocator@_W@allocator@dvacore@@@std@@B
dvauxphost.dll,ascii,3289220,?kHostViewType_Panel@dvauxphost@@3V?$basic_string@_WU?$char_traits@_W@std@@U?$STLAllocator@_W@allocator@dvacore@@@std@@B
dvauxphost.dll,ascii,3289341,?kHostViewType_PanelAsMode@dvauxphost@@3V?$basic_string@_WU?$char_traits@_W@std@@U?$STLAllocator@_W@allocator@dvacore@@@std@@B
dvauxphost.dll,ascii,3289468,?kHostViewType_Popup@dvauxphost@@3V?$basic_string@_WU?$char_traits@_W@std@@U?$STLAllocator@_W@allocator@dvacore@@@std@@B
dvauxphost.dll,ascii,3289589,?kMenuCategoryPMP@dvauxphost@@3V?$basic_string@_WU?$char_traits@_W@std@@U?$STLAllocator@_W@allocator@dvacore@@@std@@B
dvauxphost.dll,ascii,3289707,?kMenuCategoryUDT@dvauxphost@@3V?$basic_string@_WU?$char_traits@_W@std@@U?$STLAllocator@_W@allocator@dvacore@@@std@@B
dvauxphost.dll,ascii,3289825,?kMenu_Browse@dvauxphost@@3V?$basic_string@_WU?$char_traits@_W@std@@U?$STLAllocator@_W@allocator@dvacore@@@std@@B
dvauxphost.dll,ascii,3289939,?kMenu_Manage@dvauxphost@@3V?$basic_string@_WU?$char_traits@_W@std@@U?$STLAllocator@_W@allocator@dvacore@@@std@@B
dvauxphost.dll,ascii,3290053,?kMenu_Open@dvauxphost@@3V?$basic_string@_WU?$char_traits@_W@std@@U?$STLAllocator@_W@allocator@dvacore@@@std@@B
dvauxphost.dll,ascii,3290165,?kPanelExtensionType@dvauxphost@@3VImmutableString@utility@dvacore@@B
dvauxphost.dll,ascii,3290235,?lockWeakRef@?$ref_counted@VAssertAdapter@adapters@dvauxphost@@@api_impl@torq@@QEAAPEAVAssertAdapter@adapters@dvauxphost@@XZ
dvauxphost.dll,ascii,3290360,?lockWeakRef@?$ref_counted@VTaskQueueBase@queue@dvauxphost@@@api_impl@torq@@QEAAPEAVTaskQueueBase@queue@dvauxphost@@XZ
dvauxphost.dll,ascii,3290479,?lockWeakRef@?$ref_counted@VUXPPluginLoaderDelegate@dvauxphost@@@api_impl@torq@@QEAAPEAVUXPPluginLoaderDelegate@dvauxphost@@XZ
dvauxphost.dll,ascii,3290606,?lockWeakRef@?$ref_counted@VUXPPluginManagerDelegate@dvauxphost@@@api_impl@torq@@QEAAPEAVUXPPluginManagerDelegate@dvauxphost@@XZ
dvauxphost.dll,ascii,3290735,?onPluginAdded@UXPPluginManagerDelegate@dvauxphost@@QEAAXAEBVtorq_plugin_ref@api@torq@@_N@Z
dvauxphost.dll,ascii,3290827,?onPluginDisabled@UXPPluginManagerDelegate@dvauxphost@@QEAAXAEBVtorq_plugin_ref@api@torq@@@Z
dvauxphost.dll,ascii,3290920,?onPluginEnabled@UXPPluginManagerDelegate@dvauxphost@@QEAAXAEBVtorq_plugin_ref@api@torq@@@Z
dvauxphost.dll,ascii,3291012,?onPluginRemoved@UXPPluginManagerDelegate@dvauxphost@@QEAAXAEBVtorq_plugin_ref@api@torq@@@Z
dvauxphost.dll,ascii,3291104,?onPluginSetup@UXPPluginManagerDelegate@dvauxphost@@QEAAXAEBVtorq_mutable_plugin_ref@api@torq@@@Z
dvauxphost.dll,ascii,3291202,?onUncaughtException@UXPPluginLoaderDelegate@dvauxphost@@QEAA_NAEBVtorq_plugin_runtime_ref@api@torq@@AEBVtorq_string@45@@Z
dvauxphost.dll,ascii,3291325,?overrideRuntimeCreate@UXPPluginLoaderDelegate@dvauxphost@@QEAA_NAEBVtorq_plugin_runtime_ref@api@torq@@@Z
dvauxphost.dll,ascii,3291431,?release@?$ref_counted@VAssertAdapter@adapters@dvauxphost@@@api_impl@torq@@QEAAXXZ
dvauxphost.dll,ascii,3291514,?release@?$ref_counted@VTaskQueueBase@queue@dvauxphost@@@api_impl@torq@@QEAAXXZ
dvauxphost.dll,ascii,3291594,?release@?$ref_counted@VUXPPluginLoaderDelegate@dvauxphost@@@api_impl@torq@@QEAAXXZ
dvauxphost.dll,ascii,3291678,?release@?$ref_counted@VUXPPluginManagerDelegate@dvauxphost@@@api_impl@torq@@QEAAXXZ
dvauxphost.dll,ascii,3291763,?retain@?$ref_counted@VAssertAdapter@adapters@dvauxphost@@@api_impl@torq@@QEAAXXZ
dvauxphost.dll,ascii,3291845,?retain@?$ref_counted@VTaskQueueBase@queue@dvauxphost@@@api_impl@torq@@QEAAXXZ
dvauxphost.dll,ascii,3291924,?retain@?$ref_counted@VUXPPluginLoaderDelegate@dvauxphost@@@api_impl@torq@@QEAAXXZ
dvauxphost.dll,ascii,3292007,?retain@?$ref_counted@VUXPPluginManagerDelegate@dvauxphost@@@api_impl@torq@@QEAAXXZ
dvauxphost.dll,ascii,3292091,?shared_from_this@?$enable_shared_from_this@VUXPInstance@dvauxphost@@@std@@QEAA?AV?$shared_ptr@VUXPInstance@dvauxphost@@@2@XZ
dvauxphost.dll,ascii,3292217,?shared_from_this@?$enable_shared_from_this@VUXPInstance@dvauxphost@@@std@@QEBA?AV?$shared_ptr@$$CBVUXPInstance@dvauxphost@@@2@XZ
dvauxphost.dll,ascii,3292347,?showErrorMessage@AssertAdapter@adapters@dvauxphost@@SAXAEBVtorq_string@api@torq@@@Z
dvauxphost.dll,ascii,3292432,?showExceptionMessage@AssertAdapter@adapters@dvauxphost@@SAXAEBVtorq_string@api@torq@@@Z
dvauxphost.dll,ascii,3292521,?showPanelForPlugin@UXPPluginLoaderDelegate@dvauxphost@@QEAA?AVtorq_string@api@torq@@AEBVtorq_plugin_runtime_ref@45@AEBVtorq_plugin_ref@45@AEBV345@@Z
dvauxphost.dll,ascii,3292671,?unique@?$ref_counted@VAssertAdapter@adapters@dvauxphost@@@api_impl@torq@@QEBA_NXZ
dvauxphost.dll,ascii,3292754,?unique@?$ref_counted@VTaskQueueBase@queue@dvauxphost@@@api_impl@torq@@QEBA_NXZ
dvauxphost.dll,ascii,3292834,?unique@?$ref_counted@VUXPPluginLoaderDelegate@dvauxphost@@@api_impl@torq@@QEBA_NXZ
dvauxphost.dll,ascii,3292918,?unique@?$ref_counted@VUXPPluginManagerDelegate@dvauxphost@@@api_impl@torq@@QEBA_NXZ
dvauxphost.dll,ascii,3293003,?weakRelease@?$ref_counted@VAssertAdapter@adapters@dvauxphost@@@api_impl@torq@@QEAAXXZ
dvauxphost.dll,ascii,3293090,?weakRelease@?$ref_counted@VTaskQueueBase@queue@dvauxphost@@@api_impl@torq@@QEAAXXZ
dvauxphost.dll,ascii,3293174,?weakRelease@?$ref_counted@VUXPPluginLoaderDelegate@dvauxphost@@@api_impl@torq@@QEAAXXZ
dvauxphost.dll,ascii,3293262,?weakRelease@?$ref_counted@VUXPPluginManagerDelegate@dvauxphost@@@api_impl@torq@@QEAAXXZ
dvauxphost.dll,ascii,3293351,?weakRetain@?$ref_counted@VAssertAdapter@adapters@dvauxphost@@@api_impl@torq@@QEAAXXZ
dvauxphost.dll,ascii,3293437,?weakRetain@?$ref_counted@VTaskQueueBase@queue@dvauxphost@@@api_impl@torq@@QEAAXXZ
dvauxphost.dll,ascii,3293520,?weakRetain@?$ref_counted@VUXPPluginLoaderDelegate@dvauxphost@@@api_impl@torq@@QEAAXXZ
dvauxphost.dll,ascii,3293607,?weakRetain@?$ref_counted@VUXPPluginManagerDelegate@dvauxphost@@@api_impl@torq@@QEAAXXZ
dvauxphost.dll,ascii,3293695,?weak_from_this@?$enable_shared_from_this@VUXPInstance@dvauxphost@@@std@@QEAA?AV?$weak_ptr@VUXPInstance@dvauxphost@@@2@XZ
dvauxphost.dll,ascii,3293817,?weak_from_this@?$enable_shared_from_this@VUXPInstance@dvauxphost@@@std@@QEBA?AV?$weak_ptr@$$CBVUXPInstance@dvauxphost@@@2@XZ
dvauxphost.dll,ascii,3293943,?willDestroyJsContext@UXPPluginLoaderDelegate@dvauxphost@@QEAAXAEBVtorq_plugin_runtime_ref@api@torq@@@Z
dvauxphost.dll,ascii,3294047,?willInitializePluginRuntime@UXPPluginLoaderDelegate@dvauxphost@@QEAAXAEBVtorq_plugin_runtime_ref@api@torq@@@Z
dvauxphost.dll,ascii,3302308,RaiseException
dvauxphost.dll,ascii,3302392,LoadLibraryExW
dvauxphost.dll,ascii,3303800,?GetPayloadSize@SuiteMessage@api5@vulcan@adobe@@QEBA_KXZ
dvauxphost.dll,ascii,3303860,?GetPayload@SuiteMessage@api5@vulcan@adobe@@QEBAXPEAD@Z
dvauxphost.dll,ascii,3303918,?SetPayload@SuiteMessage@api5@vulcan@adobe@@QEAAXPEBD@Z
dvauxphost.dll,ascii,3305246,?SetPayload@SuiteMessage@api5@vulcan@adobe@@QEAAXPEBD_K@Z
dvauxphost.dll,ascii,3306194,napi_get_and_clear_last_exception
dvauxphost.dll,ascii,3306272,load_torq_native
dvauxphost.dll,ascii,3306538,?setAnalyticsDelegate@UxpInitializeParams@torqnative@torq@@QEAAXAEBV?$shared_ptr@VAnalyticsDelegate@analytics@torq@@@std@@@Z
dvauxphost.dll,ascii,3306666,?enableDevtools@UxpInitializer@torqnative@torq@@QEAA_N_NAEBV?$shared_ptr@VDevToolsClientDelegate@pm@torq@@@std@@@Z
dvauxphost.dll,ascii,3306784,?initializeAnalytics@UxpInitializer@torqnative@torq@@QEAAXXZ
dvauxphost.dll,ascii,3307050,?id@Plugin@pm@torq@@QEBAAEBV?$basic_string@DU?$char_traits@D@std@@V?$allocator@D@2@@std@@XZ
dvauxphost.dll,ascii,3307666,?shared_from_this@?$enable_shared_from_this@VPlugin@pm@torq@@@std@@QEAA?AV?$shared_ptr@VPlugin@pm@torq@@@2@XZ
dvauxphost.dll,ascii,3307778,?setAddonDelegate@MutablePlugin@pm@torq@@QEAAXAEBV?$shared_ptr@VAddonDelegate@pm@torq@@@std@@@Z
dvauxphost.dll,ascii,3308272,?uxpWorkflowsEnabled@UpicHost@upic@@QEBA_NXZ
dvauxphost.dll,ascii,3308382,?initialized@UxpUpicClient@upic@torq@@SA_NXZ
dvauxphost.dll,ascii,3309970,?logException@Context@seal_napi@torq@@QEBAXAEBQEAUnapi_value__@@PEBVMessageSource@23@_NPEAU4@@Z
dvauxphost.dll,ascii,3310068,?prepareCppException@Context@seal_napi@torq@@QEAAXVexception_ptr@std@@PEAPEAUnapi_value__@@@Z
dvauxphost.dll,ascii,3314982,?shared_from_this@?$enable_shared_from_this@VPluginRuntime@pm@torq@@@std@@QEAA?AV?$shared_ptr@VPluginRuntime@pm@torq@@@2@XZ
dvauxphost.dll,ascii,3315108,?registerRuntimeProvider@PluginRuntime@pm@torq@@QEAAXAEBV?$basic_string@_WU?$char_traits@_W@std@@V?$allocator@_W@2@@std@@AEBV?$shared_ptr@VStorageProvider@io@torq@@@5@@Z
dvauxphost.dll,ascii,3321076,?GetPathExtension@FileUtils@utility@dvacore@@YA?AV?$basic_string@EU?$char_traits@E@std@@U?$STLAllocator@E@allocator@dvacore@@@std@@AEBV?$basic_string@_WU?$char_traits@_W@std@@U?$STLAllocator@_W@allocator@dvacore@@@5@_N@Z
dvauxphost.dll,ascii,3324962,?DirectoryExists@FileUtils@utility@dvacore@@YA_NAEBV?$basic_string@_WU?$char_traits@_W@std@@U?$STLAllocator@_W@allocator@dvacore@@@std@@@Z
dvauxphost.dll,ascii,3327024,?UserPluginsDir@commondirs@filesupport@dvacore@@YA?AVDir@23@XZ
dvauxphost.dll,ascii,3327162,??1dir_exception@filesupport@dvacore@@UEAA@XZ
dvauxphost.dll,ascii,3327210,??0dir_exception@filesupport@dvacore@@QEAA@AEBV012@@Z
dvauxphost.dll,ascii,3327266,??$LogException@Vexception_ptr@std@@@logging@dvacore@@YAXAEBVexception_ptr@std@@VStringValue@utility@1@PEAV?$basic_string@EU?$char_traits@E@std@@U?$STLAllocator@E@allocator@dvacore@@@3@@Z
dvauxphost.dll,ascii,3327456,??0dva_exception@config@dvacore@@QEAA@AEBV012@@Z
dvauxphost.dll,ascii,3328714,?ExecuteOnInitializationCompleted@config@dvacore@@YA_NPEBDAEBV?$function@$$A6AXXZ@std@@AEBV?$function@$$A6AXAEBVexception_ptr@std@@H@Z@4@@Z
dvauxphost.dll,ascii,3330572,??0dva_exception@config@dvacore@@QEAA@PEBDH@Z
dvauxphost.dll,ascii,3330620,??1dva_exception@config@dvacore@@UEAA@XZ
dvauxphost.dll,ascii,3330664,?AddAdditionalData@dva_exception@config@dvacore@@QEAAX$$QEAVDictionary@utility@3@@Z
dvauxphost.dll,ascii,3332684,?DoThrowNullPtrException@config@dvacore@@YAXAEBV?$basic_string@EU?$char_traits@E@std@@U?$STLAllocator@E@allocator@dvacore@@@std@@@Z
dvauxphost.dll,ascii,3338434,?kApplicationObjectClassName@dvascripting@@3PEBDEB
dvauxphost.dll,ascii,3338542,?kGlobalComponentGroup@dvascripting@@3PEBDEB
dvauxphost.dll,ascii,3356986,?uncaught_exception@std@@YA_NXZ
dvauxphost.dll,ascii,3361238,?exceptions@ios_base@std@@QEAAXH@Z
dvauxphost.dll,ascii,3361342,?__ExceptionPtrCreate@@YAXPEAX@Z
dvauxphost.dll,ascii,3361378,?__ExceptionPtrDestroy@@YAXPEAX@Z
dvauxphost.dll,ascii,3361414,?__ExceptionPtrCopy@@YAXPEAXPEBX@Z
dvauxphost.dll,ascii,3361452,?__ExceptionPtrCopyException@@YAXPEAXPEBX1@Z
dvauxphost.dll,ascii,3361500,?__ExceptionPtrCurrentException@@YAXPEAX@Z
dvauxphost.dll,ascii,3361546,?__ExceptionPtrRethrow@@YAXPEBX@Z
dvauxphost.dll,ascii,3361828,?__ExceptionPtrAssign@@YAXPEAXPEBX@Z
dvauxphost.dll,ascii,3361868,?__ExceptionPtrToBool@@YA_NPEBX@Z
dvauxphost.dll,ascii,3364120,__std_exception_copy
dvauxphost.dll,ascii,3364144,__std_exception_destroy
dvauxphost.dll,ascii,3364170,_CxxThrowException
dvauxphost.dll,ascii,3364350,__current_exception
dvauxphost.dll,ascii,3364372,__current_exception_context
dvauxphost.dll,ascii,3365358,UnhandledExceptionFilter
dvauxphost.dll,ascii,3365386,SetUnhandledExceptionFilter
dvauxphost.dll,ascii,3367136,.?AVexception@std@@
dvauxphost.dll,ascii,3367216,.?AV<lambda_1>@?1??pluginExceedsMemoryLimit@OutOfMemoryAdapter@adapters@dvauxphost@@QEAAXAEBVtorq_plugin_runtime_ref@api@torq@@_K@Z@
dvauxphost.dll,ascii,3367376,.?AV<lambda_1>@?1??runtimeGroupNearHeapLimit@OutOfMemoryAdapter@adapters@dvauxphost@@QEAA_KAEBVtorq_plugin_runtime_group_ref@api@torq@@@Z@
dvauxphost.dll,ascii,3367536,.?AV<lambda_1>@?1??Post@TaskQueueBase@queue@dvauxphost@@AEAAX$$QEAVtorq_task_queue_delegate_item_ptr@api@torq@@I@Z@
dvauxphost.dll,ascii,3367680,.?AV<lambda_1>@?1??execute@TaskQueueBase@queue@dvauxphost@@AEAAXPEAUtorq_task_queue_delegate_item@@@Z@
dvauxphost.dll,ascii,3367888,.?AV<lambda_4>@?P@??AsyncGetDunamisSessionIDAndOptOutImpl@dvauxphost@@YAXV?$time_point@Usystem_clock@chrono@std@@V?$duration@_JU?$ratio@$00$0JIJGIA@@std@@@23@@chrono@std@@@Z@
dvauxphost.dll,ascii,3368080,.?AV<lambda_3>@?O@??AsyncGetDunamisSessionIDAndOptOutImpl@dvauxphost@@YAXV?$time_point@Usystem_clock@chrono@std@@V?$duration@_JU?$ratio@$00$0JIJGIA@@std@@@23@@chrono@std@@@Z@
dvauxphost.dll,ascii,3368272,.?AV<lambda_2>@?N@??AsyncGetDunamisSessionIDAndOptOutImpl@dvauxphost@@YAXV?$time_point@Usystem_clock@chrono@std@@V?$duration@_JU?$ratio@$00$0JIJGIA@@std@@@23@@chrono@std@@@Z@
dvauxphost.dll,ascii,3368464,.?AV<lambda_1>@?M@??AsyncGetDunamisSessionIDAndOptOutImpl@dvauxphost@@YAXV?$time_point@Usystem_clock@chrono@std@@V?$duration@_JU?$ratio@$00$0JIJGIA@@std@@@23@@chrono@std@@@Z@
dvauxphost.dll,ascii,3368656,.?AV<lambda_1>@?1???$RegisterCommandClass@VLoadScriptExtensionCommand@?A0x6a073ead@@@CommandRegistry@console@dvacore@@YAXXZ@
dvauxphost.dll,ascii,3368944,.?AV<lambda_1>@?1???$RegisterCommandClass@VCloseExtensionViewCommand@?A0x6a073ead@@@CommandRegistry@console@dvacore@@YAXXZ@
dvauxphost.dll,ascii,3369088,.?AV<lambda_1>@?1???$RegisterCommandClass@VUnloadExtensionCommand@?A0x6a073ead@@@CommandRegistry@console@dvacore@@YAXXZ@
dvauxphost.dll,ascii,3369232,.?AV<lambda_1>@?1???$RegisterCommandClass@VLoadExtensionCommand@?A0x6a073ead@@@CommandRegistry@console@dvacore@@YAXXZ@
dvauxphost.dll,ascii,3369376,.?AV<lambda_1>@?L@??Execute@LoadExtensionCommand@?A0x6a073ead@@UEAAXAEBV?$basic_string@_WU?$char_traits@_W@std@@U?$STLAllocator@_W@allocator@dvacore@@@std@@AEAVUTF16OutputStream@dvacore@@@Z@
dvauxphost.dll,ascii,3369584,.?AV<lambda_1>@?1??Execute@LoadScriptExtensionCommand@?A0x6a073ead@@UEAAXAEBV?$basic_string@_WU?$char_traits@_W@std@@U?$STLAllocator@_W@allocator@dvacore@@@std@@AEAVUTF16OutputStream@dvacore@@@Z@
dvauxphost.dll,ascii,3369904,.?AV<lambda_1>@?1??DoLoadExtension@?A0x6a073ead@@YAXAEBVImmutableString@utility@dvacore@@000000_NAEAVUTF16OutputStream@5@@Z@
dvauxphost.dll,ascii,3370048,.?AV<lambda_1>@?1???R0?1??DoLoadExtension@?A0x6a073ead@@YAXAEBVImmutableString@utility@dvacore@@000000_NAEAVUTF16OutputStream@5@@Z@QEBA@AEAVUXPHostInstance@dvauxphost@@@Z@
dvauxphost.dll,ascii,3371120,.?AV<lambda_1>@?N@??GetUXPDescriptorList@UXPExtensionScanner@dvauxphost@@QEBA?AV?$vector@VUXPDescriptor@dvauxphost@@U?$STLAllocator@VUXPDescriptor@dvauxphost@@@allocator@dvacore@@@std@@W4UXPDirectories@3@@Z@
dvauxphost.dll,ascii,3371344,.?AV<lambda_1>@?DK@??AddEnumDescriptor@UXPExtensionScanner@dvauxphost@@AEAA_NW4UXPDirectories@3@W4UXPPluginType@3@@Z@
dvauxphost.dll,ascii,3371488,.?AV?$_Binder@XP8UXPExtensionScanner@dvauxphost@@EAAXAEBV?$function@$$A6AX_N@Z@std@@_N@ZV?$shared_ptr@VUXPExtensionScanner@dvauxphost@@@4@AEBV34@AEA_N@std@@
dvauxphost.dll,ascii,3371704,.?AVdir_exception@filesupport@dvacore@@
dvauxphost.dll,ascii,3371760,.?AVdva_exception@config@dvacore@@
dvauxphost.dll,ascii,3371904,.?AVclone_base@exception_detail@boost@@
dvauxphost.dll,ascii,3371960,.?AVexception@boost@@
dvauxphost.dll,ascii,3372000,.?AU?$wrapexcept@Vbad_function_call@boost@@@boost@@
dvauxphost.dll,ascii,3372240,.?AV<lambda_1>@?4??ExecuteWhenCompletes@UXPGlobals@dvauxphost@@CAXV?$vector@V?$function@$$A6AXXZ@std@@U?$STLAllocator@V?$function@$$A6AXXZ@std@@@allocator@dvacore@@@std@@@Z@
dvauxphost.dll,ascii,3372432,.?AV<lambda_1>@?1??SetScanComplete@UXPGlobals@dvauxphost@@SAXXZ@
dvauxphost.dll,ascii,3372528,.?AV<lambda_2>@?1??DestroyHostInstance@UXPGlobals@dvauxphost@@SAXXZ@
dvauxphost.dll,ascii,3372624,.?AV<lambda_1>@?4??DestroyHostInstance@UXPGlobals@dvauxphost@@SAXXZ@
dvauxphost.dll,ascii,3372720,.?AV<lambda_1>@?1??InitializeHostInstance@UXPGlobals@dvauxphost@@SAXXZ@
dvauxphost.dll,ascii,3372816,.?AV?$_Binder@U_Unforced@std@@P8UXPGlobals@dvauxphost@@EAAXXZPEAV34@@std@@
dvauxphost.dll,ascii,3372944,.?AV<lambda_1>@?1??CreatePrepareToQuitWorkItem@?A0x5967474f@dvauxphost@@YA?AV?$shared_ptr@VPrepareToQuitWorkItem@appstatemanager@dvacore@@@std@@XZ@
dvauxphost.dll,ascii,3373120,.?AV<lambda_1>@?1??RemoveEntryPointsForPluginsInLocations@?A0x5967474f@dvauxphost@@YAXV?$initializer_list@W4UXPDirectories@dvauxphost@@@std@@@Z@
dvauxphost.dll,ascii,3373296,.?AV<lambda_1>@?1??AddEntryPointsForPluginsInLocations@?A0x5967474f@dvauxphost@@YAXV?$initializer_list@W4UXPDirectories@dvauxphost@@@std@@@Z@
dvauxphost.dll,ascii,3373456,.?AV<lambda_2>@?A0x5967474f@dvauxphost@@
dvauxphost.dll,ascii,3373520,.?AV<lambda_1>@?A0x5967474f@dvauxphost@@
dvauxphost.dll,ascii,3373584,.?AV<lambda_1>@?1???R<lambda_2>@?A0x5967474f@dvauxphost@@QEBA@XZ@
dvauxphost.dll,ascii,3373808,.?AV<lambda_4>@?1???R<lambda_1>@?A0x5967474f@dvauxphost@@QEBA@XZ@
dvauxphost.dll,ascii,3373904,.?AV<lambda_3>@?1???R<lambda_1>@?A0x5967474f@dvauxphost@@QEBA@XZ@
dvauxphost.dll,ascii,3374000,.?AV<lambda_1>@?1???R<lambda_2>@?1???R0?A0x5967474f@dvauxphost@@QEBA@XZ@QEBA@XZ@
dvauxphost.dll,ascii,3374112,.?AV<lambda_1>@?1???R0?1???R<lambda_2>@?1???R0?A0x5967474f@dvauxphost@@QEBA@XZ@QEBA@XZ@QEBA@XZ@
dvauxphost.dll,ascii,3374224,.?AV<lambda_1>@?1???R0?A0x5967474f@dvauxphost@@QEBA@XZ@
dvauxphost.dll,ascii,3374304,.?AV<lambda_1>@?1??RegisterApproveLoadingDevPluginCallback@dvauxphost@@YAXV?$function@$$A6A_NAEBVUXPDescriptor@dvauxphost@@@Z@std@@@Z@
dvauxphost.dll,ascii,3374464,.?AV<lambda_1>@?1??RegisterCallIdGeneratorForUPIC@dvauxphost@@YAXV?$function@$$A6A?BVImmutableString@utility@dvacore@@AEBV123@V123@@Z@std@@@Z@
dvauxphost.dll,ascii,3374624,.?AV<lambda_1>@?1??GetUXP3pDescriptors@dvauxphost@@YA?AV?$vector@VUXPDescriptor@dvauxphost@@U?$STLAllocator@VUXPDescriptor@dvauxphost@@@allocator@dvacore@@@std@@XZ@
dvauxphost.dll,ascii,3374816,.?AV<lambda_1>@?1??WithUXPHostAlive@dvauxphost@@YAXV?$function@$$A6AX_N@Z@std@@@Z@
dvauxphost.dll,ascii,3374928,.?AV<lambda_1>@?1??IfUXPHostAlive@dvauxphost@@YAXV?$function@$$A6AXXZ@std@@@Z@
dvauxphost.dll,ascii,3375024,.?AV<lambda_1>@?1??ExecuteOnMainThreadWhenReady@dvauxphost@@YA_NV?$function@$$A6AXXZ@std@@@Z@
dvauxphost.dll,ascii,3375136,.?AV<lambda_1>@?1??PrepareToQuit@dvauxphost@@YA_NXZ@
dvauxphost.dll,ascii,3375216,.?AV<lambda_1>@?1??RegisterPluginEntryPointRemovalCallback@dvauxphost@@YAXV?$function@$$A6AXAEBVImmutableString@utility@dvacore@@W4UXPDirectories@dvauxphost@@W4UXPEntryPoint@5@@Z@std@@@Z@
dvauxphost.dll,ascii,3375424,.?AV<lambda_1>@?1??RegisterPluginEntryPointCreationCallback@dvauxphost@@YAXV?$function@$$A6AXAEBVImmutableString@utility@dvacore@@0W4UXPDirectories@dvauxphost@@W4UXPEntryPoint@5@@Z@std@@@Z@
dvauxphost.dll,ascii,3375632,.?AV<lambda_1>@?1??UnloadAllExtensions@dvauxphost@@YAXXZ@
dvauxphost.dll,ascii,3375712,.?AV<lambda_1>@?1??UnloadExtensionById@dvauxphost@@YAXAEBVImmutableString@utility@dvacore@@@Z@
dvauxphost.dll,ascii,3375824,.?AV<lambda_1>@?1??LoadExtensionById@dvauxphost@@YA?AV?$shared_ptr@VUXPInstance@dvauxphost@@@std@@AEBVImmutableString@utility@dvacore@@0000$$QEAV?$function@$$A6AXAEBV?$shared_ptr@VUXPInstance@dvauxphost@@@std@@AEBHAEBV?$basic_string@_WU?$char_traits@_W@std@@U?$STLAllocator@_W@allocator@dvacore@@@2@@Z@4@@Z@
dvauxphost.dll,ascii,3376160,.?AV<lambda_1>@?1??RegisterLoaderDelegateAttachmentCreator_1P@dvauxphost@@YAXV?$function@$$A6A?AV?$shared_ptr@VLoaderDelegateAttachment@dvauxphost@@@std@@AEBVUXPDescriptor@dvauxphost@@@Z@std@@@Z@
dvauxphost.dll,ascii,3376384,.?AV<lambda_1>@?1??RegisterLoaderDelegateAttachmentCreator@dvauxphost@@YAXPEBDAEBV?$function@$$A6A?AV?$shared_ptr@VLoaderDelegateAttachment@dvauxphost@@@std@@AEBVUXPDescriptor@dvauxphost@@@Z@std@@@Z@
dvauxphost.dll,ascii,3376608,.?AV<lambda_1>@?1???R0?1??RegisterLoaderDelegateAttachmentCreator@dvauxphost@@YAXPEBDAEBV?$function@$$A6A?AV?$shared_ptr@VLoaderDelegateAttachment@dvauxphost@@@std@@AEBVUXPDescriptor@dvauxphost@@@Z@std@@@Z@QEBA@AEAVUXPGlobals@2@@Z@
dvauxphost.dll,ascii,3376864,.?AV<lambda_1>@?1??OverrideInitialization@dvauxphost@@YA?AV?$function@$$A6AXXZ@std@@V34@@Z@
dvauxphost.dll,ascii,3376976,.?AV<lambda_1>@?1??RegisterRemovePluginListeners@dvauxphost@@YAXV?$function@$$A6AXAEBV?$basic_string@EU?$char_traits@E@std@@U?$STLAllocator@E@allocator@dvacore@@@std@@@Z@std@@@Z@
dvauxphost.dll,ascii,3377184,.?AV<lambda_1>@?1??UpdateTheme@dvauxphost@@YAXH@Z@
dvauxphost.dll,ascii,3377264,.?AV<lambda_1>@?1???R0?1??UpdateTheme@dvauxphost@@YAXH@Z@QEBA@AEAVUXPGlobals@2@@Z@
dvauxphost.dll,ascii,3377376,.?AV<lambda_1>@?1??CloseHostView@dvauxphost@@YAXPEAVUI_Node@ui@dvaui@@@Z@
dvauxphost.dll,ascii,3377472,.?AV<lambda_1>@?1??RegisterHostViewCloser@dvauxphost@@YAXV?$function@$$A6AXPEAVUI_Node@ui@dvaui@@@Z@std@@@Z@
dvauxphost.dll,ascii,3377600,.?AV<lambda_1>@?M@??CreateAndAttachHostView@dvauxphost@@YAX_NAEBVImmutableString@utility@dvacore@@111AEBV?$shared_ptr@VUXPInstance@dvauxphost@@@std@@AEBHAEBV?$basic_string@_WU?$char_traits@_W@std@@U?$STLAllocator@_W@allocator@dvacore@@@7@@Z@
dvauxphost.dll,ascii,3377872,.?AV<lambda_1>@?1??AttachHostView@dvauxphost@@YAPEAVUI_Node@ui@dvaui@@AEBVImmutableString@utility@dvacore@@AEBV?$shared_ptr@VUXPInstance@dvauxphost@@@std@@AEBQEAV345@@Z@
dvauxphost.dll,ascii,3378064,.?AV<lambda_1>@?1??RegisterViewAttacher@dvauxphost@@YAXV?$function@$$A6APEAVUI_Node@ui@dvaui@@AEBVImmutableString@utility@dvacore@@AEBV?$shared_ptr@VUXPInstance@dvauxphost@@@std@@AEBQEAV123@@Z@std@@@Z@
dvauxphost.dll,ascii,3378288,.?AV<lambda_1>@?1??CloseHostViewByCallId@dvauxphost@@YAXAEBVImmutableString@utility@dvacore@@@Z@
dvauxphost.dll,ascii,3378416,.?AV<lambda_1>@?1??CreateHostView@dvauxphost@@YAPEAVUI_Node@ui@dvaui@@AEBVImmutableString@utility@dvacore@@0AEBV?$shared_ptr@VUXPInstance@dvauxphost@@@std@@@Z@
dvauxphost.dll,ascii,3378592,.?AV<lambda_1>@?1???R0?1??CreateHostView@dvauxphost@@YAPEAVUI_Node@ui@dvaui@@AEBVImmutableString@utility@dvacore@@0AEBV?$shared_ptr@VUXPInstance@dvauxphost@@@std@@@Z@QEBA@AEBVUXPGlobals@2@@Z@
dvauxphost.dll,ascii,3378800,.?AV<lambda_1>@?1??RegisterViewCreator@dvauxphost@@YAXPEBDAEBV?$function@$$A6APEAVUI_Node@ui@dvaui@@AEBVImmutableString@utility@dvacore@@AEBV?$shared_ptr@VUXPInstance@dvauxphost@@@std@@@Z@std@@W4RegisterViewCreatorModes@2@@Z@
dvauxphost.dll,ascii,3379056,.?AV<lambda_1>@?1???R0?1??RegisterViewCreator@dvauxphost@@YAXPEBDAEBV?$function@$$A6APEAVUI_Node@ui@dvaui@@AEBVImmutableString@utility@dvacore@@AEBV?$shared_ptr@VUXPInstance@dvauxphost@@@std@@@Z@std@@W4RegisterViewCreatorModes@2@@Z@QEBA@AEAVUXPGlobals@2@@Z@
dvauxphost.dll,ascii,3379344,.?AV<lambda_1>@?1??DoUpdateTheme@?A0x5967474f@dvauxphost@@YAXH@Z@
dvauxphost.dll,ascii,3379440,.?AV<lambda_1>@?1??SetDevToolsClientDelegateRef@dvauxphost@@YAXV?$shared_ptr@VDevToolsClientDelegate@pm@torq@@@std@@@Z@
dvauxphost.dll,ascii,3379584,.?AV<lambda_1>@?1??SetFeatureConfig@dvauxphost@@YAXV?$Flags@I@utility@dvacore@@@Z@
dvauxphost.dll,ascii,3379696,.?AV<lambda_1>@?1??RegisterMiddlewareProviderCallback@dvauxphost@@YAXV?$function@$$A6A?AV?$basic_string@EU?$char_traits@E@std@@U?$STLAllocator@E@allocator@dvacore@@@std@@XZ@std@@W4UXPMiddlewareMode@2@@Z@
dvauxphost.dll,ascii,3379920,.?AV<lambda_1>@?1??SetLegacyNamespaces@dvauxphost@@YAXV?$array@PEBD$0DE@@std@@@Z@
dvauxphost.dll,ascii,3380032,.?AV<lambda_1>@?1??SetDefaultNamespaces@dvauxphost@@YAXV?$array@PEBD$0DE@@std@@@Z@
dvauxphost.dll,ascii,3380144,.?AV<lambda_3>@?1??LoadExtensionFromUXPPlugin@UXPHostInstance@dvauxphost@@QEAAHAEBVtorq_plugin_ref@api@torq@@_NVImmutableString@utility@dvacore@@@Z@
dvauxphost.dll,ascii,3380320,.?AV<lambda_1>@?6???R<lambda_3>@?1??LoadExtensionFromUXPPlugin@UXPHostInstance@dvauxphost@@QEAAHAEBVtorq_plugin_ref@api@torq@@_NVImmutableString@utility@dvacore@@@Z@QEBA@AEBV?$shared_ptr@VUXPInstance@dvauxphost@@@std@@AEBHAEBV?$basic_string@_WU?$char_traits@_W@std@@U?$STLAllocator@_W@allocator@dvacore@@@std@@@Z@
dvauxphost.dll,ascii,3380656,.?AV<lambda_2>@?1??LoadExtensionFromUXPPlugin@UXPHostInstance@dvauxphost@@QEAAHAEBVtorq_plugin_ref@api@torq@@_NVImmutableString@utility@dvacore@@@Z@
dvauxphost.dll,ascii,3380832,.?AV<lambda_1>@?1??GetUXPInstanceByPluginID@dvauxphost@@YA?AV?$shared_ptr@VUXPInstance@dvauxphost@@@std@@VImmutableString@utility@dvacore@@@Z@
dvauxphost.dll,ascii,3380992,.?AV<lambda_2>@?BB@??UnloadExtensionById@UXPHostInstance@dvauxphost@@QEAAXAEBVImmutableString@utility@dvacore@@@Z@
dvauxphost.dll,ascii,3381136,.?AV<lambda_1>@?4??UnloadExtensionById@UXPHostInstance@dvauxphost@@QEAAXAEBVImmutableString@utility@dvacore@@@Z@
dvauxphost.dll,ascii,3381280,.?AV<lambda_3>@?CJ@??LoadExtensionById@UXPHostInstance@dvauxphost@@QEAA?AV?$shared_ptr@VUXPInstance@dvauxphost@@@std@@AEBVImmutableString@utility@dvacore@@0000V?$shared_ptr@VUXPManifest@dvauxphost@@@5@$$QEAV?$function@$$A6AXAEBV?$shared_ptr@VUXPInstance@dvauxphost@@@std@@AEBHAEBV?$basic_string@_WU?$char_traits@_W@std@@U?$STLAllocator@_W@allocator@dvacore@@@2@@Z@5@AEBVtorq_plugin_ref@api@torq@@@Z@
dvauxphost.dll,ascii,3381696,.?AV<lambda_4>@?CJ@??LoadExtensionById@UXPHostInstance@dvauxphost@@QEAA?AV?$shared_ptr@VUXPInstance@dvauxphost@@@std@@AEBVImmutableString@utility@dvacore@@0000V?$shared_ptr@VUXPManifest@dvauxphost@@@5@$$QEAV?$function@$$A6AXAEBV?$shared_ptr@VUXPInstance@dvauxphost@@@std@@AEBHAEBV?$basic_string@_WU?$char_traits@_W@std@@U?$STLAllocator@_W@allocator@dvacore@@@2@@Z@5@AEBVtorq_plugin_ref@api@torq@@@Z@
dvauxphost.dll,ascii,3382112,.?AV<lambda_1>@?1???R<lambda_3>@?CJ@??LoadExtensionById@UXPHostInstance@dvauxphost@@QEAA?AV?$shared_ptr@VUXPInstance@dvauxphost@@@std@@AEBVImmutableString@utility@dvacore@@0000V?$shared_ptr@VUXPManifest@dvauxphost@@@6@$$QEAV?$function@$$A6AXAEBV?$shared_ptr@VUXPInstance@dvauxphost@@@std@@AEBHAEBV?$basic_string@_WU?$char_traits@_W@std@@U?$STLAllocator@_W@allocator@dvacore@@@2@@Z@6@AEBVtorq_plugin_ref@api@torq@@@Z@QEBA?AV?$vector@V?$shared_ptr@VLoaderDelegateAttachment@dvauxphost@@@std@@U?$STLAllocator@V?$shared_ptr@VLoaderDelegateAttachment@dvauxphost@@@std@@@allocator@dvacore@@@6@W4UXPPluginType@4@@Z@
dvauxphost.dll,ascii,3382752,.?AV<lambda_2>@?CM@??LoadExtensionById@UXPHostInstance@dvauxphost@@QEAA?AV?$shared_ptr@VUXPInstance@dvauxphost@@@std@@AEBVImmutableString@utility@dvacore@@0000V?$shared_ptr@VUXPManifest@dvauxphost@@@5@$$QEAV?$function@$$A6AXAEBV?$shared_ptr@VUXPInstance@dvauxphost@@@std@@AEBHAEBV?$basic_string@_WU?$char_traits@_W@std@@U?$STLAllocator@_W@allocator@dvacore@@@2@@Z@5@AEBVtorq_plugin_ref@api@torq@@@Z@
dvauxphost.dll,ascii,3383168,.?AV<lambda_1>@?BB@??LoadExtensionById@UXPHostInstance@dvauxphost@@QEAA?AV?$shared_ptr@VUXPInstance@dvauxphost@@@std@@AEBVImmutableString@utility@dvacore@@0000V?$shared_ptr@VUXPManifest@dvauxphost@@@5@$$QEAV?$function@$$A6AXAEBV?$shared_ptr@VUXPInstance@dvauxphost@@@std@@AEBHAEBV?$basic_string@_WU?$char_traits@_W@std@@U?$STLAllocator@_W@allocator@dvacore@@@2@@Z@5@AEBVtorq_plugin_ref@api@torq@@@Z@
dvauxphost.dll,ascii,3383584,.?AV<lambda_1>@?1??InsertLoaderAttachments@UXPHostInstance@dvauxphost@@QEAA?AV?$vector@V?$shared_ptr@VLoaderDelegateAttachment@dvauxphost@@@std@@U?$STLAllocator@V?$shared_ptr@VLoaderDelegateAttachment@dvauxphost@@@std@@@allocator@dvacore@@@std@@AEBVImmutableString@utility@dvacore@@V?$shared_ptr@VUXPInstance@dvauxphost@@@5@AEBW4UXPPluginType@3@@Z@
dvauxphost.dll,ascii,3383952,.?AV<lambda_2>@?1??InitUxpEnvironment@UXPHostInstance@dvauxphost@@AEAAXUInitParams@23@@Z@
dvauxphost.dll,ascii,3384064,.?AV<lambda_1>@?1??InitUxpEnvironment@UXPHostInstance@dvauxphost@@AEAAXUInitParams@23@@Z@
dvauxphost.dll,ascii,3384176,.?AV<lambda_1>@?1???1UXPHostInstance@dvauxphost@@QEAA@XZ@
dvauxphost.dll,ascii,3384256,.?AV<lambda_1>@?1???R0?1???1UXPHostInstance@dvauxphost@@QEAA@XZ@QEBA@XZ@
dvauxphost.dll,ascii,3384352,.?AV<lambda_1>@?1??TerminatePluginManager@UXPHostInstance@dvauxphost@@QEAAXXZ@
dvauxphost.dll,ascii,3384448,.?AV<lambda_1>@?1??WithInstance@UXPHostInstance@dvauxphost@@SAXV?$function@$$A6AXAEAVUXPHostInstance@dvauxphost@@@Z@std@@@Z@
dvauxphost.dll,ascii,3384592,.?AV<lambda_1>@?1??AddInstance@UXPPluginGroupManager@dvauxphost@@QEAA?AU?$pair@V?$shared_ptr@VUXPPluginGroup@dvauxphost@@@std@@H@std@@AEBV?$shared_ptr@VUXPInstance@dvauxphost@@@5@AEBVUXPDescriptor@3@AEBVtorq_plugin_ref@api@torq@@@Z@
dvauxphost.dll,ascii,3384848,.?AUMessageNameForViewCreatedMessage@dvauxphost@@
dvauxphost.dll,ascii,3384928,.?AUMessageNameForExtensionUnloadedMessage@dvauxphost@@
dvauxphost.dll,ascii,3385008,.?AUMessageNameForExtensionLoadedMessage@dvauxphost@@
dvauxphost.dll,ascii,3385088,.?AUMessageNameForExtensionEntryPointCalledMessage@dvauxphost@@
dvauxphost.dll,ascii,3385264,.?AUMessageNameForViewDestroyedMessage@dvauxphost@@
dvauxphost.dll,ascii,3385344,.?AV?$_Binder@U_Unforced@std@@AEAV?$function@$$A6AXAEBV?$shared_ptr@VUXPInstance@dvauxphost@@@std@@AEBHAEBV?$basic_string@_WU?$char_traits@_W@std@@U?$STLAllocator@_W@allocator@dvacore@@@2@@Z@2@V?$shared_ptr@VUXPInstance@dvauxphost@@@2@AEBHAEAV?$basic_string@_WU?$char_traits@_W@std@@U?$STLAllocator@_W@allocator@dvacore@@@2@@std@@
dvauxphost.dll,ascii,3385696,.?AV<lambda_1>@?8??ExecuteOnScriptContextAvailable@UXPInstance@dvauxphost@@QEAAX$$QEAV?$function@$$A6AXH@Z@std@@@Z@
dvauxphost.dll,ascii,3385840,.?AV<lambda_1>@?1??SetScriptContextHandle@UXPInstance@dvauxphost@@QEAAXH@Z@
dvauxphost.dll,ascii,3386704,.?AV<lambda_1>@?1??ParseByUxp@UXPManifest@dvauxphost@@AEAA_NXZ@
dvauxphost.dll,ascii,3386992,.?AV<lambda_1>@?1??showPanelForPlugin@UXPPluginLoaderDelegate@dvauxphost@@QEAA?AVtorq_string@api@torq@@AEBVtorq_plugin_runtime_ref@56@AEBVtorq_plugin_ref@56@AEBV456@@Z@
dvauxphost.dll,ascii,3387184,.?AV?$_Binder@U_Unforced@std@@P8UXPPluginLoaderDelegate@dvauxphost@@EAA?AV?$shared_ptr@VContext@seal_napi@torq@@@2@AEBVtorq_plugin_runtime_ref@api@torq@@@ZPEAV34@AEBV678@@std@@
dvauxphost.dll,ascii,3387392,.?AV<lambda_2>@?7??willDestroyJsContext@UXPPluginLoaderDelegate@dvauxphost@@QEAAXAEBVtorq_plugin_runtime_ref@api@torq@@@Z@
dvauxphost.dll,ascii,3387536,.?AV<lambda_3>@?7??didCreateJsContext@UXPPluginLoaderDelegate@dvauxphost@@QEAAXAEBVtorq_plugin_runtime_ref@api@torq@@@Z@
dvauxphost.dll,ascii,3387680,.?AV<lambda_2>@?7??didCreateJsContext@UXPPluginLoaderDelegate@dvauxphost@@QEAAXAEBVtorq_plugin_runtime_ref@api@torq@@@Z@
dvauxphost.dll,ascii,3387824,.?AV<lambda_1>@?L@???R<lambda_3>@?7??didCreateJsContext@UXPPluginLoaderDelegate@dvauxphost@@QEAAXAEBVtorq_plugin_runtime_ref@api@torq@@@Z@QEBA@W4ScriptContextError@dvascripting@@H@Z@
dvauxphost.dll,ascii,3388032,.?AV<lambda_1>@?7??didCreateJsContext@UXPPluginLoaderDelegate@dvauxphost@@QEAAXAEBVtorq_plugin_runtime_ref@api@torq@@@Z@
dvauxphost.dll,ascii,3388176,.?AV<lambda_1>@?1??DoSync@HostContextDelegate@dvauxphost@@AEAAX$$QEAV?$function@$$A6AXXZ@std@@@Z@
dvauxphost.dll,ascii,3388304,.?AV<lambda_1>@?1??DoAsync@HostContextDelegate@dvauxphost@@AEAAX$$QEAV?$function@$$A6AXXZ@std@@@Z@
dvauxphost.dll,ascii,3389648,.?AV?$_Binder@U_Unforced@std@@P8UXPPluginLoaderDelegate@dvauxphost@@EAAX$$QEAV?$function@$$A6AXXZ@2@_N@ZPEAV34@AEBU?$_Ph@$00@2@AEBU?$_Ph@$01@2@@std@@
dvauxphost.dll,ascii,3389872,.?AV<lambda_1>@?1??onPluginDisabled@UXPPluginManagerDelegate@dvauxphost@@QEAAXAEBVtorq_plugin_ref@api@torq@@@Z@
dvauxphost.dll,ascii,3390000,.?AV<lambda_1>@?1??onPluginEnabled@UXPPluginManagerDelegate@dvauxphost@@QEAAXAEBVtorq_plugin_ref@api@torq@@@Z@
dvauxphost.dll,ascii,3390128,.?AV<lambda_1>@?1???R0?1??onPluginEnabled@UXPPluginManagerDelegate@dvauxphost@@QEAAXAEBVtorq_plugin_ref@api@torq@@@Z@QEBA@XZ@
dvauxphost.dll,ascii,3390272,.?AV<lambda_1>@?1??onPluginRemoved@UXPPluginManagerDelegate@dvauxphost@@QEAAXAEBVtorq_plugin_ref@api@torq@@@Z@
dvauxphost.dll,ascii,3390400,.?AV<lambda_1>@?1???R0?1??onPluginAdded@UXPPluginManagerDelegate@dvauxphost@@QEAAXAEBVtorq_plugin_ref@api@torq@@_N@Z@QEBA@XZ@
dvauxphost.dll,ascii,3390544,.?AV<lambda_1>@?1???R0?1???R0?1??onPluginAdded@UXPPluginManagerDelegate@dvauxphost@@QEAAXAEBVtorq_plugin_ref@api@torq@@_N@Z@QEBA@XZ@QEBA@AEAVUXPHostInstance@3@@Z@
dvauxphost.dll,ascii,3390736,.?AV<lambda_1>@?1??onPluginSetup@UXPPluginManagerDelegate@dvauxphost@@QEAAXAEBVtorq_mutable_plugin_ref@api@torq@@@Z@
dvauxphost.dll,ascii,3390880,.?AV<lambda_1>@?1??onPluginAdded@UXPPluginManagerDelegate@dvauxphost@@QEAAXAEBVtorq_plugin_ref@api@torq@@_N@Z@
dvauxphost.dll,ascii,3391008,.?AV<lambda_2>@?1??NotifyPluginLifeCycleChange3p@dvauxphost@@YAXAEBVUXPDescriptor@2@AEBW4UXPPluginLifeCycle@2@@Z@
dvauxphost.dll,ascii,3391152,.?AV<lambda_1>@?1???R<lambda_2>@?1??NotifyPluginLifeCycleChange3p@dvauxphost@@YAXAEBVUXPDescriptor@3@AEBW4UXPPluginLifeCycle@3@@Z@QEBA@XZ@
dvauxphost.dll,ascii,3391312,.?AV<lambda_1>@?1??NotifyPluginLifeCycleChange3p@dvauxphost@@YAXAEBVUXPDescriptor@2@AEBW4UXPPluginLifeCycle@2@@Z@
dvauxphost.dll,ascii,3391456,.?AV<lambda_1>@?4??RegisterForPluginLifeCycleChange3p@dvauxphost@@YAXV?$function@$$A6AXAEBVUXPDescriptor@dvauxphost@@AEBW4UXPPluginLifeCycle@2@@Z@std@@@Z@
dvauxphost.dll,ascii,3391704,.?AVTrackOnePlugin@?A0x3d60eb23@dvauxphost@@
dvauxphost.dll,ascii,3391776,.?AV<lambda_2>@?4???$?RV?$shared_ptr@VUXPInstance@dvauxphost@@@std@@@<lambda_1>@?1??CreatePrepareToQuitWorkItem@dvauxphost@@YA?AV?$shared_ptr@VPrepareToQuitWorkItem@appstatemanager@dvacore@@@std@@AEBV?$vector@V?$shared_ptr@VUXPInstance@dvauxphost@@@std@@U?$STLAllocator@V?$shared_ptr@VUXPInstance@dvauxphost@@@std@@@allocator@dvacore@@@5@@Z@QEBA?A_PAEBV?$shared_ptr@VUXPInstance@dvauxphost@@@5@@Z@
dvauxphost.dll,ascii,3392192,.?AV<lambda_1>@?4???$?RV?$shared_ptr@VUXPInstance@dvauxphost@@@std@@@0?1??CreatePrepareToQuitWorkItem@dvauxphost@@YA?AV?$shared_ptr@VPrepareToQuitWorkItem@appstatemanager@dvacore@@@std@@AEBV?$vector@V?$shared_ptr@VUXPInstance@dvauxphost@@@std@@U?$STLAllocator@V?$shared_ptr@VUXPInstance@dvauxphost@@@std@@@allocator@dvacore@@@4@@Z@QEBA?A_PAEBV?$shared_ptr@VUXPInstance@dvauxphost@@@4@@Z@
dvauxphost.dll,ascii,3392640,.?AV<lambda_1>@dvauxphost@@
dvauxphost.dll,ascii,3392688,.?AV<lambda_1>@?1???R0dvauxphost@@QEBA@AEAV?$shared_ptr@VContext@seal_napi@torq@@@std@@AEBVtorq_plugin_runtime_ref@api@torq@@@Z@
dvauxphost.dll,ascii,3392840,.?AV<lambda_1>@?A0xb8db8045@dvauxphost@@
dvauxphost.dll,ascii,3393008,.?AV<lambda_1>@?4??NotifyExtensionReady@UXPClientHostAPI@@QEAAXAEAVTorqCallbackInfo@seal_napi@torq@@AEBV?$basic_string@DU?$char_traits@D@std@@V?$allocator@D@2@@std@@@Z@
dvauxphost.dll,ascii,3393200,.?AV<lambda_1>@?4??CloseActiveDocument@UXPClientHostAPI@@QEAAXAEAVTorqCallbackInfo@seal_napi@torq@@@Z@
dvauxphost.dll,ascii,3393328,.?AV<lambda_1>@?4??SwitchDocument@UXPClientHostAPI@@QEAA?AV?$shared_ptr@VPromise@seal_napi@torq@@@std@@AEAVTorqCallbackInfo@seal_napi@torq@@AEBV?$basic_string@DU?$char_traits@D@std@@V?$allocator@D@2@@4@@Z@
dvauxphost.dll,ascii,3393552,.?AV<lambda_1>@?4??GetDocumentIds@UXPClientHostAPI@@QEAA?AV?$shared_ptr@VPromise@seal_napi@torq@@@std@@AEAVTorqCallbackInfo@seal_napi@torq@@@Z@
dvauxphost.dll,ascii,3393712,.?AV<lambda_1>@?4??OpenDocument@UXPClientHostAPI@@QEAA?AV?$shared_ptr@VPromise@seal_napi@torq@@@std@@AEAVTorqCallbackInfo@seal_napi@torq@@AEBV?$basic_string@DU?$char_traits@D@std@@V?$allocator@D@2@@4@@Z@
dvauxphost.dll,ascii,3393936,.?AV<lambda_1>@?4??IsApplicationActive@UXPClientHostAPI@@QEAA?AV?$shared_ptr@VPromise@seal_napi@torq@@@std@@AEAVTorqCallbackInfo@seal_napi@torq@@@Z@
dvauxphost.dll,ascii,3394112,.?AV<lambda_1>@?4??GetDisplayConfigurationInfo@UXPClientHostAPI@@QEAA?AV?$shared_ptr@VPromise@seal_napi@torq@@@std@@AEAVTorqCallbackInfo@seal_napi@torq@@@Z@
dvauxphost.dll,ascii,3394288,.?AV<lambda_1>@?4??GetViewBoundsInfo@UXPClientHostAPI@@QEAA?AV?$shared_ptr@VPromise@seal_napi@torq@@@std@@AEAVTorqCallbackInfo@seal_napi@torq@@AEBV?$basic_string@DU?$char_traits@D@std@@V?$allocator@D@2@@4@@Z@
dvauxphost.dll,ascii,3394528,.?AV<lambda_1>@?4??GetApplicationFrameBoundsInfo@UXPClientHostAPI@@QEAA?AV?$shared_ptr@VPromise@seal_napi@torq@@@std@@AEAVTorqCallbackInfo@seal_napi@torq@@@Z@
dvauxphost.dll,ascii,3394704,.?AV<lambda_1>@?4??ShowPanel@UXPClientHostAPI@@QEAAXAEAVTorqCallbackInfo@seal_napi@torq@@AEBV?$basic_string@DU?$char_traits@D@std@@V?$allocator@D@2@@std@@@Z@
dvauxphost.dll,ascii,3394880,.?AV<lambda_1>@?4??IsMenuEnabled@UXPClientHostAPI@@QEAA?AV?$shared_ptr@VPromise@seal_napi@torq@@@std@@AEAVTorqCallbackInfo@seal_napi@torq@@I@Z@
dvauxphost.dll,ascii,3395040,.?AV<lambda_1>@?1??InvokeMenuAction@UXPClientHostAPI@@QEAA?AV?$shared_ptr@VPromise@seal_napi@torq@@@std@@AEAVTorqCallbackInfo@seal_napi@torq@@I@Z@
dvauxphost.dll,ascii,3395216,.?AV<lambda_1>@?4??SetSelectedTool@UXPClientHostAPI@@QEAAXAEAVTorqCallbackInfo@seal_napi@torq@@AEBV?$basic_string@DU?$char_traits@D@std@@V?$allocator@D@2@@std@@@Z@
dvauxphost.dll,ascii,3395408,.?AV<lambda_1>@?4??GetAppData@UXPClientHostAPI@@QEAA?AV?$shared_ptr@VPromise@seal_napi@torq@@@std@@AEAVTorqCallbackInfo@seal_napi@torq@@AEBV?$basic_string@DU?$char_traits@D@std@@V?$allocator@D@2@@4@@Z@
dvauxphost.dll,ascii,3395632,.?AV<lambda_1>@?4??HideCoachmark@UXPClientHostAPI@@QEAAXAEAVTorqCallbackInfo@seal_napi@torq@@@Z@
dvauxphost.dll,ascii,3395760,.?AV<lambda_1>@?4??ShowCoachmark@UXPClientHostAPI@@QEAAXAEAVTorqCallbackInfo@seal_napi@torq@@AEBV?$basic_string@DU?$char_traits@D@std@@V?$allocator@D@2@@std@@@Z@
dvauxphost.dll,ascii,3395952,.?AV<lambda_1>@?4??SetPreferenceValue@UXPClientHostAPI@@QEAAXAEAVTorqCallbackInfo@seal_napi@torq@@V?$basic_string@DU?$char_traits@D@std@@V?$allocator@D@2@@std@@1@Z@
dvauxphost.dll,ascii,3396144,.?AV<lambda_1>@?4??GetPreferenceValueAsync@UXPClientHostAPI@@QEAA?AV?$shared_ptr@VPromise@seal_napi@torq@@@std@@AEAVTorqCallbackInfo@seal_napi@torq@@V?$basic_string@DU?$char_traits@D@std@@V?$allocator@D@2@@4@@Z@
dvauxphost.dll,ascii,3396384,.?AV<lambda_1>@?4??GetLocalRecents@UXPClientHostAPI@@QEAA?AV?$basic_string@DU?$char_traits@D@std@@V?$allocator@D@2@@std@@AEAVTorqCallbackInfo@seal_napi@torq@@@Z@
dvauxphost.dll,ascii,3396576,.?AV<lambda_1>@?4??GetLocalRecentsAsync@UXPClientHostAPI@@QEAA?AV?$shared_ptr@VPromise@seal_napi@torq@@@std@@AEAVTorqCallbackInfo@seal_napi@torq@@@Z@
dvauxphost.dll,ascii,3396752,.?AV<lambda_1>@?4??ReportInteractiveReady@UXPClientHostAPI@@QEAAXAEAVTorqCallbackInfo@seal_napi@torq@@@Z@
dvauxphost.dll,ascii,3396880,.?AV<lambda_1>@?4??OpenPreset@UXPClientHostAPI@@QEAAXAEAVTorqCallbackInfo@seal_napi@torq@@V?$basic_string@DU?$char_traits@D@std@@V?$allocator@D@2@@std@@@Z@
dvauxphost.dll,ascii,3397056,.?AV<lambda_1>@?4??LaunchTutorial@UXPClientHostAPI@@QEAAXAEAVTorqCallbackInfo@seal_napi@torq@@V?$basic_string@DU?$char_traits@D@std@@V?$allocator@D@2@@std@@@Z@
dvauxphost.dll,ascii,3397232,.?AV<lambda_1>@?4??LaunchPreferences@UXPClientHostAPI@@QEAAXAEAVTorqCallbackInfo@seal_napi@torq@@@Z@
dvauxphost.dll,ascii,3397360,.?AV<lambda_1>@?4??OpenLocalDocument@UXPClientHostAPI@@QEAAXAEAVTorqCallbackInfo@seal_napi@torq@@V?$basic_string@DU?$char_traits@D@std@@V?$allocator@D@2@@std@@@Z@
dvauxphost.dll,ascii,3397552,.?AV<lambda_1>@?4??LaunchSelectFileDialog@UXPClientHostAPI@@QEAAXAEAVTorqCallbackInfo@seal_napi@torq@@@Z@
dvauxphost.dll,ascii,3397680,.?AV<lambda_1>@?4??LaunchAlternativeDocDialog@UXPClientHostAPI@@QEAAXAEAVTorqCallbackInfo@seal_napi@torq@@AEBV?$basic_string@DU?$char_traits@D@std@@V?$allocator@D@2@@std@@@Z@
dvauxphost.dll,ascii,3397872,.?AV<lambda_1>@?4??LaunchOpenDocDialog@UXPClientHostAPI@@QEAAXAEAVTorqCallbackInfo@seal_napi@torq@@@Z@
dvauxphost.dll,ascii,3398000,.?AV<lambda_1>@?4??LaunchNewDocDialog@UXPClientHostAPI@@QEAAXAEAVTorqCallbackInfo@seal_napi@torq@@@Z@
dvauxphost.dll,ascii,3398128,.?AV<lambda_1>@?4??HideHomeScreen@UXPClientHostAPI@@QEAAXAEAVTorqCallbackInfo@seal_napi@torq@@@Z@
dvauxphost.dll,ascii,3398256,.?AV<lambda_1>@?4??GetMaxAllowedRecentDocs@UXPClientHostAPI@@QEAAHAEAVTorqCallbackInfo@seal_napi@torq@@@Z@
dvauxphost.dll,ascii,3398384,.?AV<lambda_1>@?4??GetMaxAllowedRecentDocsAsync@UXPClientHostAPI@@QEAA?AV?$shared_ptr@VPromise@seal_napi@torq@@@std@@AEAVTorqCallbackInfo@seal_napi@torq@@@Z@
dvauxphost.dll,ascii,3398560,.?AV<lambda_3>@?3??GetSessionId@UXPClientHostAPI@@QEAA?AV?$basic_string@DU?$char_traits@D@std@@V?$allocator@D@2@@std@@AEAVTorqCallbackInfo@seal_napi@torq@@@Z@
dvauxphost.dll,ascii,3398736,.?AV<lambda_2>@?2??GetSessionId@UXPClientHostAPI@@QEAA?AV?$basic_string@DU?$char_traits@D@std@@V?$allocator@D@2@@std@@AEAVTorqCallbackInfo@seal_napi@torq@@@Z@
dvauxphost.dll,ascii,3398912,.?AV<lambda_1>@?4??IsHomeScreenVisible@UXPClientHostAPI@@QEAA_NAEAVTorqCallbackInfo@seal_napi@torq@@@Z@
dvauxphost.dll,ascii,3399040,.?AV<lambda_1>@?4??IsHomeScreenVisibleAsync@UXPClientHostAPI@@QEAA?AV?$shared_ptr@VPromise@seal_napi@torq@@@std@@AEAVTorqCallbackInfo@seal_napi@torq@@@Z@
dvauxphost.dll,ascii,3399216,.?AV<lambda_1>@?4??GetRecentFiles@UXPClientHostAPI@@QEAA?AV?$basic_string@DU?$char_traits@D@std@@V?$allocator@D@2@@std@@AEAVTorqCallbackInfo@seal_napi@torq@@@Z@
dvauxphost.dll,ascii,3399408,.?AV<lambda_1>@?4??GetRecentFilesAsync@UXPClientHostAPI@@QEAA?AV?$shared_ptr@VPromise@seal_napi@torq@@@std@@AEAVTorqCallbackInfo@seal_napi@torq@@@Z@
dvauxphost.dll,ascii,3399584,.?AV<lambda_1>@?4??IsAnyDocumentOpen@UXPClientHostAPI@@QEAA_NAEAVTorqCallbackInfo@seal_napi@torq@@@Z@
dvauxphost.dll,ascii,3399712,.?AV<lambda_1>@?4??IsAnyDocumentOpenAsync@UXPClientHostAPI@@QEAA?AV?$shared_ptr@VPromise@seal_napi@torq@@@std@@AEAVTorqCallbackInfo@seal_napi@torq@@@Z@
dvauxphost.dll,ascii,3399888,.?AV?$_Binder@U_Unforced@std@@P8UXPClientHostAPI@@EAAXXZPEAV3@@std@@
dvauxphost.dll,ascii,3400368,.?AV<lambda_1>@?1??GetSessionId@UXPClientHostAPI@@QEAA?AV?$basic_string@DU?$char_traits@D@std@@V?$allocator@D@2@@std@@AEAVTorqCallbackInfo@seal_napi@torq@@@Z@
dvauxphost.dll,ascii,3401880,.?AV<lambda_2>@?A0xb6a46e74@dvauxphost@@
dvauxphost.dll,ascii,3401952,.?AV<lambda_1>@?1???R<lambda_2>@?A0xb6a46e74@dvauxphost@@QEBA@AEAV?$shared_ptr@VContext@seal_napi@torq@@@std@@AEBVtorq_plugin_runtime_ref@api@torq@@@Z@
dvauxphost.dll,ascii,3402120,.?AV<lambda_1>@?A0xb6a46e74@dvauxphost@@
dvauxphost.dll,ascii,3402192,.?AV<lambda_1>@?4??getTheme@UXPSharedHostAPI@@UEAA?AV?$shared_ptr@VPromise@seal_napi@torq@@@std@@AEAVTorqCallbackInfo@seal_napi@torq@@@Z@
dvauxphost.dll,ascii,3402352,.?AV<lambda_1>@?4??getFont@UXPSharedHostAPI@@UEAA?AV?$shared_ptr@VPromise@seal_napi@torq@@@std@@AEAVTorqCallbackInfo@seal_napi@torq@@@Z@
dvauxphost.dll,ascii,3402512,.?AV<lambda_1>@?4??getBackgroundColor@UXPSharedHostAPI@@UEAA?AV?$shared_ptr@VPromise@seal_napi@torq@@@std@@AEAVTorqCallbackInfo@seal_napi@torq@@@Z@
dvauxphost.dll,ascii,3402688,.?AV?$_Binder@U_Unforced@std@@P8UXPSharedHostAPI@@EAAXXZPEAV3@@std@@
dvauxphost.dll,ascii,3403008,.?AV<lambda_1>@?A0x364dd815@dvauxphost@@
dvauxphost.dll,ascii,3403072,.?AVUXPSharedLicensingAPI@@
dvauxphost.dll,ascii,3403120,.?AV<lambda_1>@?4???R0?1??getImsProfile@UXPSharedLicensingAPI@@UEAA?AV?$shared_ptr@VPromise@seal_napi@torq@@@std@@AEAVTorqCallbackInfo@seal_napi@torq@@AEBV?$basic_string@DU?$char_traits@D@std@@V?$allocator@D@2@@4@@Z@QEAA@XZ@
dvauxphost.dll,ascii,3403376,.?AV<lambda_1>@?4???R0?1??getContinueToken@UXPSharedLicensingAPI@@UEAA?AV?$shared_ptr@VPromise@seal_napi@torq@@@std@@AEAVTorqCallbackInfo@seal_napi@torq@@AEBV?$basic_string@DU?$char_traits@D@std@@V?$allocator@D@2@@4@1111@Z@QEAA@XZ@
dvauxphost.dll,ascii,3403632,.?AV<lambda_1>@?4???R0?1??getAccessToken@UXPSharedLicensingAPI@@UEAA?AV?$shared_ptr@VPromise@seal_napi@torq@@@std@@AEAVTorqCallbackInfo@seal_napi@torq@@AEBV?$basic_string@DU?$char_traits@D@std@@V?$allocator@D@2@@4@11_N@Z@QEAA@XZ@
dvauxphost.dll,ascii,3403888,.?AV<lambda_1>@?1??PostSharedPtrInit@UXPSharedLicensingAPI@@AEAAXXZ@
dvauxphost.dll,ascii,3403984,.?AV?$_Binder@U_Unforced@std@@P8UXPSharedLicensingAPI@@EAAXXZPEAV3@@std@@
dvauxphost.dll,ascii,3404080,.?AV<lambda_1>@?1??handleBanner@UXPSharedLicensingAPI@@UEAA?AV?$shared_ptr@VPromise@seal_napi@torq@@@std@@AEAVTorqCallbackInfo@seal_napi@torq@@AEBV?$basic_string@DU?$char_traits@D@std@@V?$allocator@D@2@@4@@Z@
dvauxphost.dll,ascii,3404320,.?AV<lambda_1>@?1??getImsProfile@UXPSharedLicensingAPI@@UEAA?AV?$shared_ptr@VPromise@seal_napi@torq@@@std@@AEAVTorqCallbackInfo@seal_napi@torq@@AEBV?$basic_string@DU?$char_traits@D@std@@V?$allocator@D@2@@4@@Z@
dvauxphost.dll,ascii,3404560,.?AV<lambda_1>@?1??getContinueToken@UXPSharedLicensingAPI@@UEAA?AV?$shared_ptr@VPromise@seal_napi@torq@@@std@@AEAVTorqCallbackInfo@seal_napi@torq@@AEBV?$basic_string@DU?$char_traits@D@std@@V?$allocator@D@2@@4@1111@Z@
dvauxphost.dll,ascii,3404800,.?AV<lambda_1>@?1??getAccessToken@UXPSharedLicensingAPI@@UEAA?AV?$shared_ptr@VPromise@seal_napi@torq@@@std@@AEAVTorqCallbackInfo@seal_napi@torq@@AEBV?$basic_string@DU?$char_traits@D@std@@V?$allocator@D@2@@4@11_N@Z@
dvauxphost.dll,ascii,3405376,.?AV<lambda_1>@?A0x743fae80@dvauxphost@@
dvauxphost.dll,ascii,3405440,.?AV<lambda_1>@?1???R0?A0x743fae80@dvauxphost@@QEBA@AEBV?$function@$$A6A?AV?$shared_ptr@VContext@seal_napi@torq@@@std@@PEAUnapi_env__@@@Z@std@@AEBVtorq_plugin_runtime_ref@api@torq@@@Z@
dvauxphost.dll,ascii,3405648,.?AV<lambda_1>@storage@dvauxphost@@
dvauxphost.dll,ascii,3405712,.?AV<lambda_1>@?1???R0storage@dvauxphost@@QEBA@AEAV?$shared_ptr@VContext@seal_napi@torq@@@std@@AEBVtorq_plugin_runtime_ref@api@torq@@@Z@
dvauxphost.dll,ascii,3405872,.?AV<lambda_1>@?1??UnZip@ZipFileApi@storage@dvauxphost@@QEAA?AV?$shared_ptr@VPromise@seal_napi@torq@@@std@@AEBV?$basic_string@DU?$char_traits@D@std@@V?$allocator@D@2@@6@0@Z@
dvauxphost.dll,ascii,3406064,.?AV<lambda_1>@?1??Zip@ZipFileApi@storage@dvauxphost@@QEAA?AV?$shared_ptr@VPromise@seal_napi@torq@@@std@@AEBV?$basic_string@DU?$char_traits@D@std@@V?$allocator@D@2@@6@0AEBV?$function@$$A6AXN@Z@6@@Z@
dvauxphost.dll,ascii,3406288,.?AV<lambda_1>@?1???R0?1??Zip@ZipFileApi@storage@dvauxphost@@QEAA?AV?$shared_ptr@VPromise@seal_napi@torq@@@std@@AEBV?$basic_string@DU?$char_traits@D@std@@V?$allocator@D@2@@6@0AEBV?$function@$$A6AXN@Z@6@@Z@QEBA@XZ@
dvauxphost.dll,ascii,3406736,.?AV<lambda_1>@?1???R0?1???R0?1??Zip@ZipFileApi@storage@dvauxphost@@QEAA?AV?$shared_ptr@VPromise@seal_napi@torq@@@std@@AEBV?$basic_string@DU?$char_traits@D@std@@V?$allocator@D@2@@6@0AEBV?$function@$$A6AXN@Z@6@@Z@QEBA@XZ@QEBA@NPEAX@Z@
dvauxphost.dll,ascii,3407216,.?AV<lambda_1>@?1??queueBackgroundTask@UxpBackgroundTask@@UEAAXV?$function@$$A6AXXZ@std@@V?$shared_ptr@VPromise@seal_napi@torq@@@4@@Z@
dvauxphost.dll,ascii,3407368,.?AV<lambda_1>@?A0x266694a2@dvauxphost@@
dvauxphost.dll,ascii,3407440,.?AV<lambda_2>@?1???R<lambda_1>@?A0x266694a2@dvauxphost@@QEBA@AEBV?$function@$$A6A?AV?$shared_ptr@VContext@seal_napi@torq@@@std@@PEAUnapi_env__@@@Z@std@@AEBVtorq_plugin_runtime_ref@api@torq@@@Z@
dvauxphost.dll,ascii,3407664,.?AV<lambda_1>@?1???R0?A0x266694a2@dvauxphost@@QEBA@AEBV?$function@$$A6A?AV?$shared_ptr@VContext@seal_napi@torq@@@std@@PEAUnapi_env__@@@Z@std@@AEBVtorq_plugin_runtime_ref@api@torq@@@Z@
dvauxphost.dll,ascii,3407936,.?AV<lambda_1>@?A0xe9a9d71a@dvauxphost@@
dvauxphost.dll,ascii,3408080,.?AV?$ScriptObjectDefinitionBaseT@VEventRootTargetComponent@dvauxphost@@@definition@dvascripting@@
dvauxphost.dll,ascii,3408320,.?AVEventRootTargetComponent@dvauxphost@@
dvauxphost.dll,ascii,3408496,.?AV<lambda_1>@?4???$RegisterPropertyReadonly@VEventRootTargetComponent@dvauxphost@@V?$PropertyType@V?$IntrusivePtr@VScriptObject@dvascripting@@@RefCountedInterface@utility@dvacore@@@dvascripting@@P812@EBA?AV?$IntrusivePtr@VScriptObject@dvascripting@@@RefCountedInterface@utility@dvacore@@XZ@definition@dvascripting@@YAXPEBDV?$PropertyType@V?$IntrusivePtr@VScriptObject@dvascripting@@@RefCountedInterface@utility@dvacore@@@2@$$QEAP8EventRootTargetComponent@dvauxphost@@EBA?AV?$IntrusivePtr@VScriptObject@dvascripting@@@RefCountedInterface@utility@dvacore@@XZW4ScriptObjectPropertyModifier@2@W4ItemThreadOption@2@0W4ScriptItemFlag@2@@Z@
dvauxphost.dll,ascii,3409200,.?AVUXPHostScriptObject@scripting@dvauxphost@@
dvauxphost.dll,ascii,3409264,.?AV?$ScriptObjectDefinitionBaseT@VUXPHostScriptObject@scripting@dvauxphost@@@definition@dvascripting@@
dvauxphost.dll,ascii,3409392,.?AV<lambda_1>@?1??GetNamespacesForPluginId@UXPHostScriptObject@scripting@dvauxphost@@AEAA?AV?$vector@V?$basic_string@EU?$char_traits@E@std@@U?$STLAllocator@E@allocator@dvacore@@@std@@U?$STLAllocator@V?$basic_string@EU?$char_traits@E@std@@U?$STLAllocator@E@allocator@dvacore@@@std@@@allocator@dvacore@@@std@@V?$basic_string@EU?$char_traits@E@std@@U?$STLAllocator@E@allocator@dvacore@@@6@@Z@
dvauxphost.dll,ascii,3409808,.?AV<lambda_1>@?4???$RegisterMethod@VUXPHostScriptObject@scripting@dvauxphost@@V?$PropertyType@V?$vector@V?$basic_string@EU?$char_traits@E@std@@U?$STLAllocator@E@allocator@dvacore@@@std@@U?$STLAllocator@V?$basic_string@EU?$char_traits@E@std@@U?$STLAllocator@E@allocator@dvacore@@@std@@@allocator@dvacore@@@std@@@dvascripting@@V?$ParameterType@V?$basic_string@EU?$char_traits@E@std@@U?$STLAllocator@E@allocator@dvacore@@@std@@@5@P8123@EAA?AV?$vector@V?$basic_string@EU?$char_traits@E@std@@U?$STLAllocator@E@allocator@dvacore@@@std@@U?$STLAllocator@V?$basic_string@EU?$char_traits@E@std@@U?$STLAllocator@E@allocator@dvacore@@@std@@@allocator@dvacore@@@std@@V?$basic_string@EU?$char_traits@E@std@@U?$STLAllocator@E@allocator@dvacore@@@8@@Z@definition@dvascripting@@YAXPEBDV?$ParameterType@V?$basic_string@EU?$char_traits@E@std@@U?$STLAllocator@E@allocator@dvacore@@@std@@@2@V?$PropertyType@V?$vector@V?$basic_string@EU?$char_traits@E@std@@U?$STLAllocator@E@allocator@dvacore@@@std@@U?$STLAllocator@V?$basic_string@EU?$char_traits@E@std@@U?$STLAllocator@E@allocator@dvacore@@@std@@@allocator@dvacore@@@std@@@2@$$QEAP8UXPHostScriptObject@scripting@dvauxphost@@EAA?AV?$vector@V?$basic_string@EU?$char_trait
dvauxphost.dll,ascii,3411360,.?AV?$ScriptObjectDefinitionBaseT@VUXPUnloadEvent@scripting@dvauxphost@@@definition@dvascripting@@
dvauxphost.dll,ascii,3411480,.?AVUXPUnloadEvent@scripting@dvauxphost@@
dvauxphost.dll,ascii,3411600,.?AV<lambda_1>@?1??QueueEvent@UXPUnloadEvent@scripting@dvauxphost@@SAXHAEBV?$basic_string@DU?$char_traits@D@std@@V?$allocator@D@2@@std@@V?$function@$$A6AXM@Z@6@V?$function@$$A6AXXZ@6@@Z@
dvauxphost.dll,ascii,3411808,.?AV<lambda_1>@?4??DoFinishedWork@UXPUnloadEvent@scripting@dvauxphost@@AEAA_NXZ@
dvauxphost.dll,ascii,3411920,.?AV<lambda_1>@?4??DoNeedMoreTime@UXPUnloadEvent@scripting@dvauxphost@@AEAA_NM@Z@
dvauxphost.dll,ascii,3412032,.?AV<lambda_1>@?4???$RegisterMethod@VUXPUnloadEvent@scripting@dvauxphost@@V?$PropertyType@_N@dvascripting@@P8123@EAA_NXZ@definition@dvascripting@@YAXPEBDV?$PropertyType@_N@2@$$QEAP8UXPUnloadEvent@scripting@dvauxphost@@EAA_NXZW4ScriptObjectPropertyModifier@2@W4ItemThreadOption@2@0W4ScriptItemFlag@2@@Z@
dvauxphost.dll,ascii,3412352,.?AV<lambda_1>@?4???$RegisterMethod@VUXPUnloadEvent@scripting@dvauxphost@@V?$PropertyType@_N@dvascripting@@V?$ParameterType@M@5@P8123@EAA_NM@Z@definition@dvascripting@@YAXPEBDV?$ParameterType@M@2@V?$PropertyType@_N@2@$$QEAP8UXPUnloadEvent@scripting@dvauxphost@@EAA_NM@ZW4ScriptObjectPropertyModifier@2@W4ItemThreadOption@2@0W4ScriptItemFlag@2@@Z@
dvauxphost.dll,ascii,3412720,.?AV<lambda_1>@?1??CreateMainThreadTaskQueue@?A0x765552c4@utilities@dvauxphost@@YA?AVtorq_task_queue_ref@api@torq@@XZ@
dvauxphost.dll,ascii,3412944,.?AV<lambda_1>@?1??registerXMPModule@XMPModuleManager@host_binding@torq@@SA_NV?$shared_ptr@VISealContextHolder@host_binding@torq@@@std@@AEBVtorq_plugin_runtime_ref@api@4@@Z@
dvauxphost.dll,ascii,3413136,.?AV<lambda_1>@?1??getEndPoints@UxpVulcanDispatcherImpl@jsbind@message@vulcan@@UEAA?AV?$shared_ptr@VPromise@seal_napi@torq@@@std@@AEAVTorqCallbackInfo@seal_napi@torq@@@Z@
dvauxphost.dll,ascii,3413328,.?AV<lambda_1>@?1??dispatchEvent@UxpVulcanDispatcherImpl@jsbind@message@vulcan@@UEAA?AV?$shared_ptr@VPromise@seal_napi@torq@@@std@@AEAVTorqCallbackInfo@seal_napi@torq@@AEBQEAUnapi_value__@@1@Z@
dvauxphost.dll,ascii,3413552,.?AV<lambda_1>@?1??getProcessIdEx@UxpVulcanControlImpl@jsbind@control@vulcan@@UEBA?AV?$shared_ptr@VPromise@seal_napi@torq@@@std@@AEBV?$basic_string@DU?$char_traits@D@std@@V?$allocator@D@2@@7@0@Z@
dvauxphost.dll,ascii,3413776,.?AV<lambda_1>@?1??getAppPathEx@UxpVulcanControlImpl@jsbind@control@vulcan@@UEBA?AV?$shared_ptr@VPromise@seal_napi@torq@@@std@@AEBV?$basic_string@DU?$char_traits@D@std@@V?$allocator@D@2@@7@0@Z@
dvauxphost.dll,ascii,3414000,.?AV<lambda_1>@?1??isAppRunningEx@UxpVulcanControlImpl@jsbind@control@vulcan@@UEBA?AV?$shared_ptr@VPromise@seal_napi@torq@@@std@@AEBV?$basic_string@DU?$char_traits@D@std@@V?$allocator@D@2@@7@0@Z@
dvauxphost.dll,ascii,3414224,.?AV<lambda_1>@?1??isAppInstalledEx@UxpVulcanControlImpl@jsbind@control@vulcan@@UEBA?AV?$shared_ptr@VPromise@seal_napi@torq@@@std@@AEBV?$basic_string@DU?$char_traits@D@std@@V?$allocator@D@2@@7@0@Z@
dvauxphost.dll,ascii,3414448,.?AV<lambda_1>@?1??launchAppEx@UxpVulcanControlImpl@jsbind@control@vulcan@@UEBA?AV?$shared_ptr@VPromise@seal_napi@torq@@@std@@AEBV?$basic_string@DU?$char_traits@D@std@@V?$allocator@D@2@@7@0_N0@Z@
dvauxphost.dll,ascii,3414672,.?AV<lambda_1>@?1??getTargetSpecifiersEx@UxpVulcanControlImpl@jsbind@control@vulcan@@UEBA?AV?$shared_ptr@VPromise@seal_napi@torq@@@std@@XZ@
dvauxphost.dll,ascii,3414832,.?AV<lambda_2>@?1??registerVulcanModule@VulcanAPIManager@jsbind@vulcan@@SA_NV?$shared_ptr@VISealContextHolder@host_binding@torq@@@std@@AEBVtorq_plugin_runtime_ref@api@torq@@@Z@
dvauxphost.dll,ascii,3415040,.?AV<lambda_1>@?1??registerVulcanModule@VulcanAPIManager@jsbind@vulcan@@SA_NV?$shared_ptr@VISealContextHolder@host_binding@torq@@@std@@AEBVtorq_plugin_runtime_ref@api@torq@@@Z@
dvauxphost.dll,ascii,3415248,.?AV<lambda_1>@?4??registerLicensingModule@LicensingAPIManager@host_binding@torq@@SA_NV?$shared_ptr@VISealContextHolder@host_binding@torq@@@std@@W4torq_plugin_type@@AEBVtorq_plugin_runtime_ref@api@4@@Z@
dvauxphost.dll,ascii,3415472,.?AV<lambda_1>@?4??registerHostModule@HostAPIManager@host_binding@torq@@SA_NV?$shared_ptr@VISealContextHolder@host_binding@torq@@@std@@W4torq_plugin_type@@AEBVtorq_plugin_runtime_ref@api@4@@Z@
dvauxphost.dll,ascii,3415696,.?AV<lambda_1>@?4??registerDunamisApiProviderModule@DunamisApiProviderManager@host_binding@torq@@SA_NV?$shared_ptr@VISealContextHolder@host_binding@torq@@@std@@W4torq_plugin_type@@AEBVtorq_plugin_runtime_ref@api@4@@Z@
dvauxphost.dll,ascii,3415936,.?AV<lambda_1>@?4??registerDunamisAdapterModule@UxpDunamisAdapterManager@host_binding@torq@@SA_NV?$shared_ptr@VISealContextHolder@host_binding@torq@@@std@@W4torq_plugin_type@@AEBVtorq_plugin_runtime_ref@api@4@@Z@
dvauxphost.dll,ascii,3418544,.?AV?$_Func_base@XAEAVUXPHostInstance@dvauxphost@@@std@@
dvauxphost.dll,ascii,3418624,.?AV?$_Func_base@XAEAVUXPGlobals@dvauxphost@@@std@@
dvauxphost.dll,ascii,3418704,.?AV?$_Func_impl_no_alloc@V<lambda_1>@?1??runtimeGroupNearHeapLimit@OutOfMemoryAdapter@adapters@dvauxphost@@QEAA_KAEBVtorq_plugin_runtime_group_ref@api@torq@@@Z@XAEAVUXPHostInstance@5@@std@@
dvauxphost.dll,ascii,3418912,.?AV?$_Func_impl_no_alloc@V<lambda_1>@?1??pluginExceedsMemoryLimit@OutOfMemoryAdapter@adapters@dvauxphost@@QEAAXAEBVtorq_plugin_runtime_ref@api@torq@@_K@Z@XAEAVUXPGlobals@5@@std@@
dvauxphost.dll,ascii,3419112,.?AVJsTaskQueue@queue@dvauxphost@@
dvauxphost.dll,ascii,3419168,.?AVTaskQueueBase@queue@dvauxphost@@
dvauxphost.dll,ascii,3419232,.?AV?$ref_counted@VTaskQueueBase@queue@dvauxphost@@@api_impl@torq@@
dvauxphost.dll,ascii,3419320,.?AVTaskQueue@queue@dvauxphost@@
dvauxphost.dll,ascii,3419424,.?AV?$_Func_impl_no_alloc@V<lambda_1>@?1??execute@TaskQueueBase@queue@dvauxphost@@AEAAXPEAUtorq_task_queue_delegate_item@@@Z@XAEAVUXPGlobals@5@@std@@
dvauxphost.dll,ascii,3419600,.?AV?$_Func_impl_no_alloc@V<lambda_1>@?1??Post@TaskQueueBase@queue@dvauxphost@@AEAAX$$QEAVtorq_task_queue_delegate_item_ptr@api@torq@@I@Z@X$$V@std@@
dvauxphost.dll,ascii,3420272,.?AV?$_Func_impl_no_alloc@V<lambda_1>@?M@??AsyncGetDunamisSessionIDAndOptOutImpl@dvauxphost@@YAXV?$time_point@Usystem_clock@chrono@std@@V?$duration@_JU?$ratio@$00$0JIJGIA@@std@@@23@@chrono@std@@@Z@X$$V@std@@
dvauxphost.dll,ascii,3420496,.?AV?$_Func_impl_no_alloc@V<lambda_2>@?N@??AsyncGetDunamisSessionIDAndOptOutImpl@dvauxphost@@YAXV?$time_point@Usystem_clock@chrono@std@@V?$duration@_JU?$ratio@$00$0JIJGIA@@std@@@23@@chrono@std@@@Z@X$$V@std@@
dvauxphost.dll,ascii,3420720,.?AV?$_Func_impl_no_alloc@V<lambda_3>@?O@??AsyncGetDunamisSessionIDAndOptOutImpl@dvauxphost@@YAXV?$time_point@Usystem_clock@chrono@std@@V?$duration@_JU?$ratio@$00$0JIJGIA@@std@@@23@@chrono@std@@@Z@X$$V@std@@
dvauxphost.dll,ascii,3420944,.?AV?$_Func_impl_no_alloc@V<lambda_4>@?P@??AsyncGetDunamisSessionIDAndOptOutImpl@dvauxphost@@YAXV?$time_point@Usystem_clock@chrono@std@@V?$duration@_JU?$ratio@$00$0JIJGIA@@std@@@23@@chrono@std@@@Z@X$$V@std@@
dvauxphost.dll,ascii,3422704,.?AV?$_Ref_count_obj_alloc3@VUXPManifest@dvauxphost@@U?$STLAllocator@VUXPManifest@dvauxphost@@@allocator@dvacore@@@std@@
dvauxphost.dll,ascii,3422848,.?AV?$_Ebco_base@U?$STLAllocator@VUXPManifest@dvauxphost@@@allocator@dvacore@@$00@std@@
dvauxphost.dll,ascii,3422960,.?AU?$STLAllocator@VUXPManifest@dvauxphost@@@allocator@dvacore@@
dvauxphost.dll,ascii,3423056,.?AV?$_Func_base@XAEBV?$shared_ptr@VUXPInstance@dvauxphost@@@std@@AEBHAEBV?$basic_string@_WU?$char_traits@_W@std@@U?$STLAllocator@_W@allocator@dvacore@@@2@@std@@
dvauxphost.dll,ascii,3423416,.?AVLoadScriptExtensionCommand@?A0x6a073ead@@
dvauxphost.dll,ascii,3423480,.?AVLoadExtensionCommand@?A0x6a073ead@@
dvauxphost.dll,ascii,3423536,.?AVUnloadExtensionCommand@?A0x6a073ead@@
dvauxphost.dll,ascii,3423600,.?AVCloseExtensionViewCommand@?A0x6a073ead@@
dvauxphost.dll,ascii,3423728,.?AVUXPCommandLineCommandHandler@?A0x6a073ead@@
dvauxphost.dll,ascii,3424256,.?AV?$_Ref_count@VUXPManifest@dvauxphost@@@std@@
dvauxphost.dll,ascii,3425280,.?AV?$_Func_impl_no_alloc@V<lambda_1>@?1???R1?1??DoLoadExtension@?A0x6a073ead@@YAXAEBVImmutableString@utility@dvacore@@000000_NAEAVUTF16OutputStream@6@@Z@QEBA@AEAVUXPHostInstance@dvauxphost@@@Z@XAEBV?$shared_ptr@VUXPInstance@dvauxphost@@@std@@AEBHAEBV?$basic_string@_WU?$char_traits@_W@std@@U?$STLAllocator@_W@allocator@dvacore@@@std@@@std@@
dvauxphost.dll,ascii,3425648,.?AV?$_Func_impl_no_alloc@V<lambda_1>@?1??DoLoadExtension@?A0x6a073ead@@YAXAEBVImmutableString@utility@dvacore@@000000_NAEAVUTF16OutputStream@6@@Z@XAEAVUXPHostInstance@dvauxphost@@@std@@
dvauxphost.dll,ascii,3426016,.?AV?$_Func_impl_no_alloc@V<lambda_1>@?1??Execute@LoadScriptExtensionCommand@?A0x6a073ead@@UEAAXAEBV?$basic_string@_WU?$char_traits@_W@std@@U?$STLAllocator@_W@allocator@dvacore@@@std@@AEAVUTF16OutputStream@dvacore@@@Z@X$$V@std@@
dvauxphost.dll,ascii,3426272,.?AV?$_Func_impl_no_alloc@V<lambda_1>@?L@??Execute@LoadExtensionCommand@?A0x6a073ead@@UEAAXAEBV?$basic_string@_WU?$char_traits@_W@std@@U?$STLAllocator@_W@allocator@dvacore@@@std@@AEAVUTF16OutputStream@dvacore@@@Z@X$$V@std@@
dvauxphost.dll,ascii,3426512,.?AV?$_Func_impl_no_alloc@V<lambda_1>@?1???$RegisterCommandClass@VLoadExtensionCommand@?A0x6a073ead@@@CommandRegistry@console@dvacore@@YAXXZ@HAEBV?$basic_string@_WU?$char_traits@_W@std@@U?$STLAllocator@_W@allocator@dvacore@@@std@@AEAVUTF16OutputStream@4@@std@@
dvauxphost.dll,ascii,3426800,.?AV?$_Func_impl_no_alloc@V<lambda_1>@?1???$RegisterCommandClass@VUnloadExtensionCommand@?A0x6a073ead@@@CommandRegistry@console@dvacore@@YAXXZ@HAEBV?$basic_string@_WU?$char_traits@_W@std@@U?$STLAllocator@_W@allocator@dvacore@@@std@@AEAVUTF16OutputStream@4@@std@@
dvauxphost.dll,ascii,3427088,.?AV?$_Func_impl_no_alloc@V<lambda_1>@?1???$RegisterCommandClass@VCloseExtensionViewCommand@?A0x6a073ead@@@CommandRegistry@console@dvacore@@YAXXZ@HAEBV?$basic_string@_WU?$char_traits@_W@std@@U?$STLAllocator@_W@allocator@dvacore@@@std@@AEAVUTF16OutputStream@4@@std@@
dvauxphost.dll,ascii,3427664,.?AV?$_Func_impl_no_alloc@V<lambda_1>@?1???$RegisterCommandClass@VLoadScriptExtensionCommand@?A0x6a073ead@@@CommandRegistry@console@dvacore@@YAXXZ@HAEBV?$basic_string@_WU?$char_traits@_W@std@@U?$STLAllocator@_W@allocator@dvacore@@@std@@AEAVUTF16OutputStream@4@@std@@
dvauxphost.dll,ascii,3428560,.?AV?$_Ref_count@VUXPExtensionScanner@dvauxphost@@@std@@
dvauxphost.dll,ascii,3428640,.?AV?$_Func_impl_no_alloc@V<lambda_1>@?DK@??AddEnumDescriptor@UXPExtensionScanner@dvauxphost@@AEAA_NW4UXPDirectories@4@W4UXPPluginType@4@@Z@X_N@std@@
dvauxphost.dll,ascii,3428816,.?AV?$_Func_impl_no_alloc@V<lambda_1>@?N@??GetUXPDescriptorList@UXPExtensionScanner@dvauxphost@@QEBA?AV?$vector@VUXPDescriptor@dvauxphost@@U?$STLAllocator@VUXPDescriptor@dvauxphost@@@allocator@dvacore@@@std@@W4UXPDirectories@4@@Z@X_N@std@@
dvauxphost.dll,ascii,3429072,.?AV?$_Func_impl_no_alloc@V?$_Binder@XP8UXPExtensionScanner@dvauxphost@@EAAXAEBV?$function@$$A6AX_N@Z@std@@_N@ZV?$shared_ptr@VUXPExtensionScanner@dvauxphost@@@4@AEBV34@AEA_N@std@@X$$V@std@@
dvauxphost.dll,ascii,3429344,.?AV?$_Func_impl_no_alloc@V?$_Binder@U_Unforced@std@@P8UXPGlobals@dvauxphost@@EAAXXZPEAV34@@std@@X$$V@std@@
dvauxphost.dll,ascii,3429472,.?AV?$_Func_impl_no_alloc@V<lambda_1>@?1??InitializeHostInstance@UXPGlobals@dvauxphost@@SAXXZ@XAEAV34@@std@@
dvauxphost.dll,ascii,3429600,.?AV?$_Func_impl_no_alloc@V<lambda_1>@?4??DestroyHostInstance@UXPGlobals@dvauxphost@@SAXXZ@XAEAVUXPHostInstance@4@@std@@
dvauxphost.dll,ascii,3429744,.?AV?$_Func_impl_no_alloc@V<lambda_2>@?1??DestroyHostInstance@UXPGlobals@dvauxphost@@SAXXZ@XAEAV34@@std@@
dvauxphost.dll,ascii,3429872,.?AV?$_Func_impl_no_alloc@V<lambda_1>@?1??SetScanComplete@UXPGlobals@dvauxphost@@SAXXZ@XAEAV34@@std@@
dvauxphost.dll,ascii,3430000,.?AV?$_Func_impl_no_alloc@V<lambda_1>@?4??ExecuteWhenCompletes@UXPGlobals@dvauxphost@@CAXV?$vector@V?$function@$$A6AXXZ@std@@U?$STLAllocator@V?$function@$$A6AXXZ@std@@@allocator@dvacore@@@std@@@Z@X$$V@std@@
dvauxphost.dll,ascii,3430400,.?AV?$_Func_impl_no_alloc@V<lambda_1>@?1???R1?A0x5967474f@dvauxphost@@QEBA@XZ@XW4State@dvascripting@@@std@@
dvauxphost.dll,ascii,3430528,.?AV?$_Func_impl_no_alloc@V<lambda_1>@?1???R1?1???R<lambda_2>@?1???R1?A0x5967474f@dvauxphost@@QEBA@XZ@QEBA@XZ@QEBA@XZ@XAEAVUXPGlobals@4@@std@@
dvauxphost.dll,ascii,3430688,.?AV?$_Func_impl_no_alloc@V<lambda_1>@?1???R<lambda_2>@?1???R1?A0x5967474f@dvauxphost@@QEBA@XZ@QEBA@XZ@X$$V@std@@
dvauxphost.dll,ascii,3430832,.?AV?$_Func_impl_no_alloc@V<lambda_3>@?1???R<lambda_1>@?A0x5967474f@dvauxphost@@QEBA@XZ@XAEAVUXPGlobals@4@@std@@
dvauxphost.dll,ascii,3430976,.?AV?$_Func_impl_no_alloc@V<lambda_4>@?1???R<lambda_1>@?A0x5967474f@dvauxphost@@QEBA@XZ@XAEAVUXPGlobals@4@@std@@
dvauxphost.dll,ascii,3431328,.?AV?$_Func_impl_no_alloc@V<lambda_1>@?1???R<lambda_2>@?A0x5967474f@dvauxphost@@QEBA@XZ@XAEAVUXPGlobals@4@@std@@
dvauxphost.dll,ascii,3431472,.?AV?$_Func_impl_no_alloc@V<lambda_1>@?A0x5967474f@dvauxphost@@_N$$V@std@@
dvauxphost.dll,ascii,3431568,.?AV?$_Func_impl_no_alloc@V<lambda_2>@?A0x5967474f@dvauxphost@@X$$V@std@@
dvauxphost.dll,ascii,3431664,.?AV?$_Func_impl_no_alloc@V<lambda_1>@?1??AddEntryPointsForPluginsInLocations@?A0x5967474f@dvauxphost@@YAXV?$initializer_list@W4UXPDirectories@dvauxphost@@@std@@@Z@XAEAVUXPGlobals@4@@std@@
dvauxphost.dll,ascii,3431872,.?AV?$_Func_impl_no_alloc@V<lambda_1>@?1??RemoveEntryPointsForPluginsInLocations@?A0x5967474f@dvauxphost@@YAXV?$initializer_list@W4UXPDirectories@dvauxphost@@@std@@@Z@XAEAVUXPGlobals@4@@std@@
dvauxphost.dll,ascii,3432080,.?AV?$_Func_impl_no_alloc@V<lambda_1>@?1??CreatePrepareToQuitWorkItem@?A0x5967474f@dvauxphost@@YA?AV?$shared_ptr@VPrepareToQuitWorkItem@appstatemanager@dvacore@@@std@@XZ@XAEAVUXPHostInstance@4@@std@@
dvauxphost.dll,ascii,3432464,.?AV?$InvocationImplementation@V<lambda_2>@?1???R<lambda_1>@?A0x5967474f@dvauxphost@@QEBA@XZ@$$A6AXXZ@detail@dvacore@@
dvauxphost.dll,ascii,3432608,.?AV?$_Ref_count_obj_alloc3@V?$InvocationImplementation@V<lambda_2>@?1???R<lambda_1>@?A0x5967474f@dvauxphost@@QEBA@XZ@$$A6AXXZ@detail@dvacore@@U?$STLAllocator@V?$InvocationImplementation@V<lambda_2>@?1???R<lambda_1>@?A0x5967474f@dvauxphost@@QEBA@XZ@$$A6AXXZ@detail@dvacore@@@allocator@3@@std@@
dvauxphost.dll,ascii,3432928,.?AV?$_Ebco_base@U?$STLAllocator@V?$InvocationImplementation@V<lambda_2>@?1???R<lambda_1>@?A0x5967474f@dvauxphost@@QEBA@XZ@$$A6AXXZ@detail@dvacore@@@allocator@dvacore@@$00@std@@
dvauxphost.dll,ascii,3433136,.?AU?$STLAllocator@V?$InvocationImplementation@V<lambda_2>@?1???R<lambda_1>@?A0x5967474f@dvauxphost@@QEBA@XZ@$$A6AXXZ@detail@dvacore@@@allocator@dvacore@@
dvauxphost.dll,ascii,3433792,.?AV?$_Func_base@XAEBV?$map@VImmutableString@utility@dvacore@@V?$function@$$A6APEAVUI_Node@ui@dvaui@@AEBVImmutableString@utility@dvacore@@AEBV?$shared_ptr@VUXPInstance@dvauxphost@@@std@@@Z@std@@U?$less@VImmutableString@utility@dvacore@@@5@U?$STLAllocator@U?$pair@$$CBVImmutableString@utility@dvacore@@V?$function@$$A6APEAVUI_Node@ui@dvaui@@AEBVImmutableString@utility@dvacore@@AEBV?$shared_ptr@VUXPInstance@dvauxphost@@@std@@@Z@std@@@std@@@allocator@3@@std@@@std@@
dvauxphost.dll,ascii,3434288,.?AV?$_Func_base@XAEAV?$map@VImmutableString@utility@dvacore@@V?$function@$$A6APEAVUI_Node@ui@dvaui@@AEBVImmutableString@utility@dvacore@@AEBV?$shared_ptr@VUXPInstance@dvauxphost@@@std@@@Z@std@@U?$less@VImmutableString@utility@dvacore@@@5@U?$STLAllocator@U?$pair@$$CBVImmutableString@utility@dvacore@@V?$function@$$A6APEAVUI_Node@ui@dvaui@@AEBVImmutableString@utility@dvacore@@AEBV?$shared_ptr@VUXPInstance@dvauxphost@@@std@@@Z@std@@@std@@@allocator@3@@std@@@std@@
dvauxphost.dll,ascii,3434784,.?AV?$_Func_base@XAEAV?$map@VImmutableString@utility@dvacore@@V?$function@$$A6A?AV?$shared_ptr@VLoaderDelegateAttachment@dvauxphost@@@std@@AEBVUXPDescriptor@dvauxphost@@@Z@std@@U?$less@VImmutableString@utility@dvacore@@@5@U?$STLAllocator@U?$pair@$$CBVImmutableString@utility@dvacore@@V?$function@$$A6A?AV?$shared_ptr@VLoaderDelegateAttachment@dvauxphost@@@std@@AEBVUXPDescriptor@dvauxphost@@@Z@std@@@std@@@allocator@3@@std@@@std@@
dvauxphost.dll,ascii,3435232,.?AV?$_Func_impl_no_alloc@V<lambda_1>@?1??DoUpdateTheme@?A0x5967474f@dvauxphost@@YAXH@Z@XAEAVUXPHostInstance@4@@std@@
dvauxphost.dll,ascii,3435376,.?AV?$_Func_impl_no_alloc@V<lambda_1>@?1???R1?1??RegisterViewCreator@dvauxphost@@YAXPEBDAEBV?$function@$$A6APEAVUI_Node@ui@dvaui@@AEBVImmutableString@utility@dvacore@@AEBV?$shared_ptr@VUXPInstance@dvauxphost@@@std@@@Z@std@@W4RegisterViewCreatorModes@3@@Z@QEBA@AEAVUXPGlobals@3@@Z@XAEAV?$map@VImmutableString@utility@dvacore@@V?$function@$$A6APEAVUI_Node@ui@dvaui@@AEBVImmutableString@utility@dvacore@@AEBV?$shared_ptr@VUXPInstance@dvauxphost@@@std@@@Z@std@@U?$less@VImmutableString@utility@dvacore@@@5@U?$STLAllocator@U?$pair@$$CBVImmutableString@utility@dvacore@@V?$function@$$A6APEAVUI_Node@ui@dvaui@@AEBVImmutableString@utility@dvacore@@AEBV?$shared_ptr@VUXPInstance@dvauxphost@@@std@@@Z@std@@@std@@@allocator@3@@5@@std@@
dvauxphost.dll,ascii,3436128,.?AV?$_Func_impl_no_alloc@V<lambda_1>@?1??RegisterViewCreator@dvauxphost@@YAXPEBDAEBV?$function@$$A6APEAVUI_Node@ui@dvaui@@AEBVImmutableString@utility@dvacore@@AEBV?$shared_ptr@VUXPInstance@dvauxphost@@@std@@@Z@std@@W4RegisterViewCreatorModes@3@@Z@XAEAVUXPGlobals@3@@std@@
dvauxphost.dll,ascii,3436432,.?AV?$_Func_impl_no_alloc@V<lambda_1>@?1???R1?1??CreateHostView@dvauxphost@@YAPEAVUI_Node@ui@dvaui@@AEBVImmutableString@utility@dvacore@@0AEBV?$shared_ptr@VUXPInstance@dvauxphost@@@std@@@Z@QEBA@AEBVUXPGlobals@3@@Z@XAEBV?$map@VImmutableString@utility@dvacore@@V?$function@$$A6APEAVUI_Node@ui@dvaui@@AEBVImmutableString@utility@dvacore@@AEBV?$shared_ptr@VUXPInstance@dvauxphost@@@std@@@Z@std@@U?$less@VImmutableString@utility@dvacore@@@5@U?$STLAllocator@U?$pair@$$CBVImmutableString@utility@dvacore@@V?$function@$$A6APEAVUI_Node@ui@dvaui@@AEBVImmutableString@utility@dvacore@@AEBV?$shared_ptr@VUXPInstance@dvauxphost@@@std@@@Z@std@@@std@@@allocator@3@@std@@@std@@
dvauxphost.dll,ascii,3437120,.?AV?$_Func_impl_no_alloc@V<lambda_1>@?1??CreateHostView@dvauxphost@@YAPEAVUI_Node@ui@dvaui@@AEBVImmutableString@utility@dvacore@@0AEBV?$shared_ptr@VUXPInstance@dvauxphost@@@std@@@Z@XAEAVUXPGlobals@3@@std@@
dvauxphost.dll,ascii,3437344,.?AV?$_Func_impl_no_alloc@V<lambda_1>@?1??CloseHostViewByCallId@dvauxphost@@YAXAEBVImmutableString@utility@dvacore@@@Z@XAEAVUXPHostInstance@3@@std@@
dvauxphost.dll,ascii,3437520,.?AV?$_Func_impl_no_alloc@V<lambda_1>@?1??RegisterViewAttacher@dvauxphost@@YAXV?$function@$$A6APEAVUI_Node@ui@dvaui@@AEBVImmutableString@utility@dvacore@@AEBV?$shared_ptr@VUXPInstance@dvauxphost@@@std@@AEBQEAV123@@Z@std@@@Z@XAEAVUXPGlobals@3@@std@@
dvauxphost.dll,ascii,3437792,.?AV?$_Func_impl_no_alloc@V<lambda_1>@?1??AttachHostView@dvauxphost@@YAPEAVUI_Node@ui@dvaui@@AEBVImmutableString@utility@dvacore@@AEBV?$shared_ptr@VUXPInstance@dvauxphost@@@std@@AEBQEAV456@@Z@XAEAVUXPGlobals@3@@std@@
dvauxphost.dll,ascii,3438032,.?AV?$_Func_impl_no_alloc@V<lambda_1>@?M@??CreateAndAttachHostView@dvauxphost@@YAX_NAEBVImmutableString@utility@dvacore@@111AEBV?$shared_ptr@VUXPInstance@dvauxphost@@@std@@AEBHAEBV?$basic_string@_WU?$char_traits@_W@std@@U?$STLAllocator@_W@allocator@dvacore@@@8@@Z@X$$V@std@@
dvauxphost.dll,ascii,3438336,.?AV?$_Func_impl_no_alloc@V<lambda_1>@?1??RegisterHostViewCloser@dvauxphost@@YAXV?$function@$$A6AXPEAVUI_Node@ui@dvaui@@@Z@std@@@Z@XAEAVUXPGlobals@3@@std@@
dvauxphost.dll,ascii,3438512,.?AV?$_Func_impl_no_alloc@V<lambda_1>@?1??CloseHostView@dvauxphost@@YAXPEAVUI_Node@ui@dvaui@@@Z@XAEAVUXPGlobals@3@@std@@
dvauxphost.dll,ascii,3438656,.?AV?$_Func_impl_no_alloc@V<lambda_1>@?1???R1?1??UpdateTheme@dvauxphost@@YAXH@Z@QEBA@AEAVUXPGlobals@3@@Z@X$$V@std@@
dvauxphost.dll,ascii,3438800,.?AV?$_Func_impl_no_alloc@V<lambda_1>@?1??UpdateTheme@dvauxphost@@YAXH@Z@XAEAVUXPGlobals@3@@std@@
dvauxphost.dll,ascii,3438928,.?AV?$_Func_impl_no_alloc@V<lambda_1>@?1??RegisterRemovePluginListeners@dvauxphost@@YAXV?$function@$$A6AXAEBV?$basic_string@EU?$char_traits@E@std@@U?$STLAllocator@E@allocator@dvacore@@@std@@@Z@std@@@Z@XAEAVUXPGlobals@3@@std@@
dvauxphost.dll,ascii,3439184,.?AV?$_Func_impl_no_alloc@V<lambda_1>@?1??OverrideInitialization@dvauxphost@@YA?AV?$function@$$A6AXXZ@std@@V45@@Z@XAEAVUXPGlobals@3@@std@@
dvauxphost.dll,ascii,3439344,.?AV?$_Func_impl_no_alloc@V<lambda_1>@?1???R1?1??RegisterLoaderDelegateAttachmentCreator@dvauxphost@@YAXPEBDAEBV?$function@$$A6A?AV?$shared_ptr@VLoaderDelegateAttachment@dvauxphost@@@std@@AEBVUXPDescriptor@dvauxphost@@@Z@std@@@Z@QEBA@AEAVUXPGlobals@3@@Z@XAEAV?$map@VImmutableString@utility@dvacore@@V?$function@$$A6A?AV?$shared_ptr@VLoaderDelegateAttachment@dvauxphost@@@std@@AEBVUXPDescriptor@dvauxphost@@@Z@std@@U?$less@VImmutableString@utility@dvacore@@@5@U?$STLAllocator@U?$pair@$$CBVImmutableString@utility@dvacore@@V?$function@$$A6A?AV?$shared_ptr@VLoaderDelegateAttachment@dvauxphost@@@std@@AEBVUXPDescriptor@dvauxphost@@@Z@std@@@std@@@allocator@3@@5@@std@@
dvauxphost.dll,ascii,3440032,.?AV?$_Func_impl_no_alloc@V<lambda_1>@?1??RegisterLoaderDelegateAttachmentCreator@dvauxphost@@YAXPEBDAEBV?$function@$$A6A?AV?$shared_ptr@VLoaderDelegateAttachment@dvauxphost@@@std@@AEBVUXPDescriptor@dvauxphost@@@Z@std@@@Z@XAEAVUXPGlobals@3@@std@@
dvauxphost.dll,ascii,3440304,.?AV?$_Func_impl_no_alloc@V<lambda_1>@?1??RegisterLoaderDelegateAttachmentCreator_1P@dvauxphost@@YAXV?$function@$$A6A?AV?$shared_ptr@VLoaderDelegateAttachment@dvauxphost@@@std@@AEBVUXPDescriptor@dvauxphost@@@Z@std@@@Z@XAEAVUXPGlobals@3@@std@@
dvauxphost.dll,ascii,3440576,.?AV?$_Func_impl_no_alloc@V<lambda_1>@?1??LoadExtensionById@dvauxphost@@YA?AV?$shared_ptr@VUXPInstance@dvauxphost@@@std@@AEBVImmutableString@utility@dvacore@@0000$$QEAV?$function@$$A6AXAEBV?$shared_ptr@VUXPInstance@dvauxphost@@@std@@AEBHAEBV?$basic_string@_WU?$char_traits@_W@std@@U?$STLAllocator@_W@allocator@dvacore@@@2@@Z@5@@Z@XAEAVUXPHostInstance@3@@std@@
dvauxphost.dll,ascii,3440960,.?AV?$_Func_impl_no_alloc@V<lambda_1>@?1??UnloadExtensionById@dvauxphost@@YAXAEBVImmutableString@utility@dvacore@@@Z@XAEAVUXPHostInstance@3@@std@@
dvauxphost.dll,ascii,3441136,.?AV?$_Func_impl_no_alloc@V<lambda_1>@?1??UnloadAllExtensions@dvauxphost@@YAXXZ@XAEAVUXPHostInstance@3@@std@@
dvauxphost.dll,ascii,3441264,.?AV?$_Func_impl_no_alloc@V<lambda_1>@?1??RegisterPluginEntryPointCreationCallback@dvauxphost@@YAXV?$function@$$A6AXAEBVImmutableString@utility@dvacore@@0W4UXPDirectories@dvauxphost@@W4UXPEntryPoint@5@@Z@std@@@Z@XAEAVUXPGlobals@3@@std@@
dvauxphost.dll,ascii,3441520,.?AV?$_Func_impl_no_alloc@V<lambda_1>@?1??RegisterPluginEntryPointRemovalCallback@dvauxphost@@YAXV?$function@$$A6AXAEBVImmutableString@utility@dvacore@@W4UXPDirectories@dvauxphost@@W4UXPEntryPoint@5@@Z@std@@@Z@XAEAVUXPGlobals@3@@std@@
dvauxphost.dll,ascii,3441776,.?AV?$_Func_impl_no_alloc@V<lambda_1>@?1??PrepareToQuit@dvauxphost@@YA_NXZ@XAEAVUXPGlobals@3@@std@@
dvauxphost.dll,ascii,3441904,.?AV?$_Func_impl_no_alloc@V<lambda_1>@?1??ExecuteOnMainThreadWhenReady@dvauxphost@@YA_NV?$function@$$A6AXXZ@std@@@Z@XAEAVUXPGlobals@3@@std@@
dvauxphost.dll,ascii,3442064,.?AV?$_Func_impl_no_alloc@V<lambda_1>@?1??IfUXPHostAlive@dvauxphost@@YAXV?$function@$$A6AXXZ@std@@@Z@XAEAVUXPGlobals@3@@std@@
dvauxphost.dll,ascii,3442208,.?AV?$_Func_impl_no_alloc@V<lambda_1>@?1??WithUXPHostAlive@dvauxphost@@YAXV?$function@$$A6AX_N@Z@std@@@Z@XAEAVUXPGlobals@3@@std@@
dvauxphost.dll,ascii,3442368,.?AV?$_Func_impl_no_alloc@V<lambda_1>@?1??GetUXP3pDescriptors@dvauxphost@@YA?AV?$vector@VUXPDescriptor@dvauxphost@@U?$STLAllocator@VUXPDescriptor@dvauxphost@@@allocator@dvacore@@@std@@XZ@XAEAVUXPHostInstance@3@@std@@
dvauxphost.dll,ascii,3442608,.?AV?$_Func_impl_no_alloc@V<lambda_1>@?1??RegisterCallIdGeneratorForUPIC@dvauxphost@@YAXV?$function@$$A6A?BVImmutableString@utility@dvacore@@AEBV123@V123@@Z@std@@@Z@XAEAVUXPGlobals@3@@std@@
dvauxphost.dll,ascii,3442816,.?AV?$_Func_impl_no_alloc@V<lambda_1>@?1??RegisterApproveLoadingDevPluginCallback@dvauxphost@@YAXV?$function@$$A6A_NAEBVUXPDescriptor@dvauxphost@@@Z@std@@@Z@XAEAVUXPGlobals@3@@std@@
dvauxphost.dll,ascii,3443024,.?AV?$_Func_impl_no_alloc@V<lambda_1>@?1??SetDefaultNamespaces@dvauxphost@@YAXV?$array@PEBD$0DE@@std@@@Z@XAEAVUXPGlobals@3@@std@@
dvauxphost.dll,ascii,3443184,.?AV?$_Func_impl_no_alloc@V<lambda_1>@?1??SetLegacyNamespaces@dvauxphost@@YAXV?$array@PEBD$0DE@@std@@@Z@XAEAVUXPGlobals@3@@std@@
dvauxphost.dll,ascii,3443344,.?AV?$_Func_impl_no_alloc@V<lambda_1>@?1??RegisterMiddlewareProviderCallback@dvauxphost@@YAXV?$function@$$A6A?AV?$basic_string@EU?$char_traits@E@std@@U?$STLAllocator@E@allocator@dvacore@@@std@@XZ@std@@W4UXPMiddlewareMode@3@@Z@XAEAVUXPGlobals@3@@std@@
dvauxphost.dll,ascii,3443616,.?AV?$_Func_impl_no_alloc@V<lambda_1>@?1??SetFeatureConfig@dvauxphost@@YAXV?$Flags@I@utility@dvacore@@@Z@XAEAVUXPGlobals@3@@std@@
dvauxphost.dll,ascii,3443776,.?AV?$_Func_impl_no_alloc@V<lambda_1>@?1??SetDevToolsClientDelegateRef@dvauxphost@@YAXV?$shared_ptr@VDevToolsClientDelegate@pm@torq@@@std@@@Z@XAEAVUXPGlobals@3@@std@@
dvauxphost.dll,ascii,3443960,.?AVLoaderDelegateAttachment@dvauxphost@@
dvauxphost.dll,ascii,3444032,.?AV?$_Func_base@V?$vector@V?$shared_ptr@VLoaderDelegateAttachment@dvauxphost@@@std@@U?$STLAllocator@V?$shared_ptr@VLoaderDelegateAttachment@dvauxphost@@@std@@@allocator@dvacore@@@std@@W4UXPPluginType@dvauxphost@@@std@@
dvauxphost.dll,ascii,3444336,.?AVCustomizeLoaderDelegateAttachment@dvauxphost@@
dvauxphost.dll,ascii,3444512,.?AV?$_Ref_count_obj2@VUXPPluginGroup@dvauxphost@@@std@@
dvauxphost.dll,ascii,3444672,.?AV?$_Ref_count_obj2@VCustomizeLoaderDelegateAttachment@dvauxphost@@@std@@
dvauxphost.dll,ascii,3444768,.?AV?$_Ref_count_obj2@VUXPInstance@dvauxphost@@@std@@
dvauxphost.dll,ascii,3444848,.?AV?$_Func_impl_no_alloc@V<lambda_1>@?1??AddInstance@UXPPluginGroupManager@dvauxphost@@QEAA?AU?$pair@V?$shared_ptr@VUXPPluginGroup@dvauxphost@@@std@@H@std@@AEBV?$shared_ptr@VUXPInstance@dvauxphost@@@6@AEBVUXPDescriptor@4@AEBVtorq_plugin_ref@api@torq@@@Z@XAEAVUXPGlobals@4@@std@@
dvauxphost.dll,ascii,3445152,.?AV?$_Func_impl_no_alloc@V<lambda_1>@?1??WithInstance@UXPHostInstance@dvauxphost@@SAXV?$function@$$A6AXAEAVUXPHostInstance@dvauxphost@@@Z@std@@@Z@XAEAVUXPGlobals@4@@std@@
dvauxphost.dll,ascii,3445344,.?AV?$_Func_impl_no_alloc@V<lambda_1>@?1??TerminatePluginManager@UXPHostInstance@dvauxphost@@QEAAXXZ@XAEAVUXPGlobals@4@@std@@
dvauxphost.dll,ascii,3445488,.?AV?$_Func_impl_no_alloc@V<lambda_1>@?1???R1?1???1UXPHostInstance@dvauxphost@@QEAA@XZ@QEBA@XZ@XAEAVUXPGlobals@3@@std@@
dvauxphost.dll,ascii,3445632,.?AV?$_Func_impl_no_alloc@V<lambda_1>@?1???1UXPHostInstance@dvauxphost@@QEAA@XZ@X$$V@std@@
dvauxphost.dll,ascii,3445744,.?AV?$_Func_impl_no_alloc@V<lambda_1>@?1??InitUxpEnvironment@UXPHostInstance@dvauxphost@@AEAAXUInitParams@34@@Z@XAEAVUXPGlobals@4@@std@@
dvauxphost.dll,ascii,3445904,.?AV?$_Func_impl_no_alloc@V<lambda_2>@?1??InitUxpEnvironment@UXPHostInstance@dvauxphost@@AEAAXUInitParams@34@@Z@XAEBVLicenseInfoData@LicenseInfo@dvaappsupport@@@std@@
dvauxphost.dll,ascii,3446096,.?AV?$_Func_impl_no_alloc@V<lambda_1>@?1??InsertLoaderAttachments@UXPHostInstance@dvauxphost@@QEAA?AV?$vector@V?$shared_ptr@VLoaderDelegateAttachment@dvauxphost@@@std@@U?$STLAllocator@V?$shared_ptr@VLoaderDelegateAttachment@dvauxphost@@@std@@@allocator@dvacore@@@std@@AEBVImmutableString@utility@dvacore@@V?$shared_ptr@VUXPInstance@dvauxphost@@@6@AEBW4UXPPluginType@4@@Z@XAEAVUXPGlobals@4@@std@@
dvauxphost.dll,ascii,3446512,.?AV?$_Func_impl_no_alloc@V<lambda_1>@?BB@??LoadExtensionById@UXPHostInstance@dvauxphost@@QEAA?AV?$shared_ptr@VUXPInstance@dvauxphost@@@std@@AEBVImmutableString@utility@dvacore@@0000V?$shared_ptr@VUXPManifest@dvauxphost@@@6@$$QEAV?$function@$$A6AXAEBV?$shared_ptr@VUXPInstance@dvauxphost@@@std@@AEBHAEBV?$basic_string@_WU?$char_traits@_W@std@@U?$STLAllocator@_W@allocator@dvacore@@@2@@Z@6@AEBVtorq_plugin_ref@api@torq@@@Z@X$$V@std@@
dvauxphost.dll,ascii,3446976,.?AV?$_Func_impl_no_alloc@V<lambda_2>@?CM@??LoadExtensionById@UXPHostInstance@dvauxphost@@QEAA?AV?$shared_ptr@VUXPInstance@dvauxphost@@@std@@AEBVImmutableString@utility@dvacore@@0000V?$shared_ptr@VUXPManifest@dvauxphost@@@6@$$QEAV?$function@$$A6AXAEBV?$shared_ptr@VUXPInstance@dvauxphost@@@std@@AEBHAEBV?$basic_string@_WU?$char_traits@_W@std@@U?$STLAllocator@_W@allocator@dvacore@@@2@@Z@6@AEBVtorq_plugin_ref@api@torq@@@Z@XAEAVUXPGlobals@4@@std@@
dvauxphost.dll,ascii,3447440,.?AV?$_Func_impl_no_alloc@V<lambda_1>@?1???R<lambda_3>@?CJ@??LoadExtensionById@UXPHostInstance@dvauxphost@@QEAA?AV?$shared_ptr@VUXPInstance@dvauxphost@@@std@@AEBVImmutableString@utility@dvacore@@0000V?$shared_ptr@VUXPManifest@dvauxphost@@@7@$$QEAV?$function@$$A6AXAEBV?$shared_ptr@VUXPInstance@dvauxphost@@@std@@AEBHAEBV?$basic_string@_WU?$char_traits@_W@std@@U?$STLAllocator@_W@allocator@dvacore@@@2@@Z@7@AEBVtorq_plugin_ref@api@torq@@@Z@QEBA?AV?$vector@V?$shared_ptr@VLoaderDelegateAttachment@dvauxphost@@@std@@U?$STLAllocator@V?$shared_ptr@VLoaderDelegateAttachment@dvauxphost@@@std@@@allocator@dvacore@@@7@W4UXPPluginType@5@@Z@XAEAVUXPGlobals@5@@std@@
dvauxphost.dll,ascii,3448112,.?AV?$_Func_impl_no_alloc@V<lambda_4>@?CJ@??LoadExtensionById@UXPHostInstance@dvauxphost@@QEAA?AV?$shared_ptr@VUXPInstance@dvauxphost@@@std@@AEBVImmutableString@utility@dvacore@@0000V?$shared_ptr@VUXPManifest@dvauxphost@@@6@$$QEAV?$function@$$A6AXAEBV?$shared_ptr@VUXPInstance@dvauxphost@@@std@@AEBHAEBV?$basic_string@_WU?$char_traits@_W@std@@U?$STLAllocator@_W@allocator@dvacore@@@2@@Z@6@AEBVtorq_plugin_ref@api@torq@@@Z@XAEAVUXPGlobals@4@@std@@
dvauxphost.dll,ascii,3448576,.?AV?$_Func_impl_no_alloc@V<lambda_3>@?CJ@??LoadExtensionById@UXPHostInstance@dvauxphost@@QEAA?AV?$shared_ptr@VUXPInstance@dvauxphost@@@std@@AEBVImmutableString@utility@dvacore@@0000V?$shared_ptr@VUXPManifest@dvauxphost@@@6@$$QEAV?$function@$$A6AXAEBV?$shared_ptr@VUXPInstance@dvauxphost@@@std@@AEBHAEBV?$basic_string@_WU?$char_traits@_W@std@@U?$STLAllocator@_W@allocator@dvacore@@@2@@Z@6@AEBVtorq_plugin_ref@api@torq@@@Z@V?$vector@V?$shared_ptr@VLoaderDelegateAttachment@dvauxphost@@@std@@U?$STLAllocator@V?$shared_ptr@VLoaderDelegateAttachment@dvauxphost@@@std@@@allocator@dvacore@@@6@W4UXPPluginType@4@@std@@
dvauxphost.dll,ascii,3449216,.?AV?$_Func_impl_no_alloc@V<lambda_1>@?4??UnloadExtensionById@UXPHostInstance@dvauxphost@@QEAAXAEBVImmutableString@utility@dvacore@@@Z@XAEAVUXPGlobals@4@@std@@
dvauxphost.dll,ascii,3449392,.?AV?$_Func_impl_no_alloc@V<lambda_2>@?BB@??UnloadExtensionById@UXPHostInstance@dvauxphost@@QEAAXAEBVImmutableString@utility@dvacore@@@Z@XAEAVUXPGlobals@4@@std@@
dvauxphost.dll,ascii,3449584,.?AV?$_Func_impl_no_alloc@V<lambda_1>@?1??GetUXPInstanceByPluginID@dvauxphost@@YA?AV?$shared_ptr@VUXPInstance@dvauxphost@@@std@@VImmutableString@utility@dvacore@@@Z@XAEAVUXPHostInstance@3@@std@@
dvauxphost.dll,ascii,3449808,.?AV?$_Func_impl_no_alloc@V<lambda_2>@?1??LoadExtensionFromUXPPlugin@UXPHostInstance@dvauxphost@@QEAAHAEBVtorq_plugin_ref@api@torq@@_NVImmutableString@utility@dvacore@@@Z@XAEAVUXPGlobals@4@@std@@
dvauxphost.dll,ascii,3450032,.?AV?$_Func_impl_no_alloc@V<lambda_1>@?6???R<lambda_3>@?1??LoadExtensionFromUXPPlugin@UXPHostInstance@dvauxphost@@QEAAHAEBVtorq_plugin_ref@api@torq@@_NVImmutableString@utility@dvacore@@@Z@QEBA@AEBV?$shared_ptr@VUXPInstance@dvauxphost@@@std@@AEBHAEBV?$basic_string@_WU?$char_traits@_W@std@@U?$STLAllocator@_W@allocator@dvacore@@@std@@@Z@XAEAV45@@std@@
dvauxphost.dll,ascii,3450400,.?AV?$_Func_impl_no_alloc@V<lambda_3>@?1??LoadExtensionFromUXPPlugin@UXPHostInstance@dvauxphost@@QEAAHAEBVtorq_plugin_ref@api@torq@@_NVImmutableString@utility@dvacore@@@Z@XAEBV?$shared_ptr@VUXPInstance@dvauxphost@@@std@@AEBHAEBV?$basic_string@_WU?$char_traits@_W@std@@U?$STLAllocator@_W@allocator@dvacore@@@std@@@std@@
dvauxphost.dll,ascii,3450792,.?AVUXPHostTestListener@?A0x0029cf64@@
dvauxphost.dll,ascii,3451072,.?AV?$_Func_impl_no_alloc@V<lambda_1>@?1??SetScriptContextHandle@UXPInstance@dvauxphost@@QEAAXH@Z@X$$V@std@@
dvauxphost.dll,ascii,3451200,.?AV?$_Func_impl_no_alloc@V<lambda_1>@?8??ExecuteOnScriptContextAvailable@UXPInstance@dvauxphost@@QEAAX$$QEAV?$function@$$A6AXH@Z@std@@@Z@X$$V@std@@
dvauxphost.dll,ascii,3451376,.?AV?$_Func_impl_no_alloc@V?$_Binder@U_Unforced@std@@AEAV?$function@$$A6AXAEBV?$shared_ptr@VUXPInstance@dvauxphost@@@std@@AEBHAEBV?$basic_string@_WU?$char_traits@_W@std@@U?$STLAllocator@_W@allocator@dvacore@@@2@@Z@2@V?$shared_ptr@VUXPInstance@dvauxphost@@@2@AEBHAEAV?$basic_string@_WU?$char_traits@_W@std@@U?$STLAllocator@_W@allocator@dvacore@@@2@@std@@X$$V@std@@
dvauxphost.dll,ascii,3451760,.?AV?$_Ref_count_obj2@UUXPPositionsInfo@dvauxphost@@@std@@
dvauxphost.dll,ascii,3451840,.?AV?$_Func_impl_no_alloc@V<lambda_1>@?1??ParseByUxp@UXPManifest@dvauxphost@@AEAA_NXZ@X$$V@std@@
dvauxphost.dll,ascii,3452016,.?AV?$MessageBase@UMessageNameForExtensionEntryPointCalledMessage@dvauxphost@@VImmutableString@utility@dvacore@@V345@V345@HV?$basic_string@_WU?$char_traits@_W@std@@U?$STLAllocator@_W@allocator@dvacore@@@std@@@messaging@dvacore@@
dvauxphost.dll,ascii,3452272,.?AV?$MessageBase@UMessageNameForExtensionLoadedMessage@dvauxphost@@VImmutableString@utility@dvacore@@@messaging@dvacore@@
dvauxphost.dll,ascii,3452416,.?AV?$MessageBase@UMessageNameForExtensionUnloadedMessage@dvauxphost@@VImmutableString@utility@dvacore@@@messaging@dvacore@@
dvauxphost.dll,ascii,3452560,.?AV?$MessageBase@UMessageNameForViewCreatedMessage@dvauxphost@@VImmutableString@utility@dvacore@@V345@V?$tuple@V?$basic_string@EU?$char_traits@E@std@@U?$STLAllocator@E@allocator@dvacore@@@std@@@std@@@messaging@dvacore@@
dvauxphost.dll,ascii,3452800,.?AV?$MessageBase@UMessageNameForViewDestroyedMessage@dvauxphost@@VImmutableString@utility@dvacore@@V345@@messaging@dvacore@@
dvauxphost.dll,ascii,3452944,.?AV?$_Ref_count_obj_alloc3@V?$MessageBase@UMessageNameForViewDestroyedMessage@dvauxphost@@VImmutableString@utility@dvacore@@V345@@messaging@dvacore@@U?$STLAllocator@V?$MessageBase@UMessageNameForViewDestroyedMessage@dvauxphost@@VImmutableString@utility@dvacore@@V345@@messaging@dvacore@@@allocator@3@@std@@
dvauxphost.dll,ascii,3453280,.?AV?$_Ebco_base@U?$STLAllocator@V?$MessageBase@UMessageNameForViewDestroyedMessage@dvauxphost@@VImmutableString@utility@dvacore@@V345@@messaging@dvacore@@@allocator@dvacore@@$00@std@@
dvauxphost.dll,ascii,3453488,.?AU?$STLAllocator@V?$MessageBase@UMessageNameForViewDestroyedMessage@dvauxphost@@VImmutableString@utility@dvacore@@V345@@messaging@dvacore@@@allocator@dvacore@@
dvauxphost.dll,ascii,3453680,.?AV?$_Ref_count_obj_alloc3@V?$MessageBase@UMessageNameForViewCreatedMessage@dvauxphost@@VImmutableString@utility@dvacore@@V345@V?$tuple@V?$basic_string@EU?$char_traits@E@std@@U?$STLAllocator@E@allocator@dvacore@@@std@@@std@@@messaging@dvacore@@U?$STLAllocator@V?$MessageBase@UMessageNameForViewCreatedMessage@dvauxphost@@VImmutableString@utility@dvacore@@V345@V?$tuple@V?$basic_string@EU?$char_traits@E@std@@U?$STLAllocator@E@allocator@dvacore@@@std@@@std@@@messaging@dvacore@@@allocator@3@@std@@
dvauxphost.dll,ascii,3454208,.?AV?$_Ebco_base@U?$STLAllocator@V?$MessageBase@UMessageNameForViewCreatedMessage@dvauxphost@@VImmutableString@utility@dvacore@@V345@V?$tuple@V?$basic_string@EU?$char_traits@E@std@@U?$STLAllocator@E@allocator@dvacore@@@std@@@std@@@messaging@dvacore@@@allocator@dvacore@@$00@std@@
dvauxphost.dll,ascii,3454512,.?AU?$STLAllocator@V?$MessageBase@UMessageNameForViewCreatedMessage@dvauxphost@@VImmutableString@utility@dvacore@@V345@V?$tuple@V?$basic_string@EU?$char_traits@E@std@@U?$STLAllocator@E@allocator@dvacore@@@std@@@std@@@messaging@dvacore@@@allocator@dvacore@@
dvauxphost.dll,ascii,3454800,.?AV?$_Ref_count_obj_alloc3@V?$MessageBase@UMessageNameForExtensionUnloadedMessage@dvauxphost@@VImmutableString@utility@dvacore@@@messaging@dvacore@@U?$STLAllocator@V?$MessageBase@UMessageNameForExtensionUnloadedMessage@dvauxphost@@VImmutableString@utility@dvacore@@@messaging@dvacore@@@allocator@3@@std@@
dvauxphost.dll,ascii,3455136,.?AV?$_Ebco_base@U?$STLAllocator@V?$MessageBase@UMessageNameForExtensionUnloadedMessage@dvauxphost@@VImmutableString@utility@dvacore@@@messaging@dvacore@@@allocator@dvacore@@$00@std@@
dvauxphost.dll,ascii,3455344,.?AU?$STLAllocator@V?$MessageBase@UMessageNameForExtensionUnloadedMessage@dvauxphost@@VImmutableString@utility@dvacore@@@messaging@dvacore@@@allocator@dvacore@@
dvauxphost.dll,ascii,3455536,.?AV?$_Ref_count_obj_alloc3@V?$MessageBase@UMessageNameForExtensionLoadedMessage@dvauxphost@@VImmutableString@utility@dvacore@@@messaging@dvacore@@U?$STLAllocator@V?$MessageBase@UMessageNameForExtensionLoadedMessage@dvauxphost@@VImmutableString@utility@dvacore@@@messaging@dvacore@@@allocator@3@@std@@
dvauxphost.dll,ascii,3455856,.?AV?$_Ebco_base@U?$STLAllocator@V?$MessageBase@UMessageNameForExtensionLoadedMessage@dvauxphost@@VImmutableString@utility@dvacore@@@messaging@dvacore@@@allocator@dvacore@@$00@std@@
dvauxphost.dll,ascii,3456064,.?AU?$STLAllocator@V?$MessageBase@UMessageNameForExtensionLoadedMessage@dvauxphost@@VImmutableString@utility@dvacore@@@messaging@dvacore@@@allocator@dvacore@@
dvauxphost.dll,ascii,3456240,.?AV?$_Ref_count_obj_alloc3@V?$MessageBase@UMessageNameForExtensionEntryPointCalledMessage@dvauxphost@@VImmutableString@utility@dvacore@@V345@V345@HV?$basic_string@_WU?$char_traits@_W@std@@U?$STLAllocator@_W@allocator@dvacore@@@std@@@messaging@dvacore@@U?$STLAllocator@V?$MessageBase@UMessageNameForExtensionEntryPointCalledMessage@dvauxphost@@VImmutableString@utility@dvacore@@V345@V345@HV?$basic_string@_WU?$char_traits@_W@std@@U?$STLAllocator@_W@allocator@dvacore@@@std@@@messaging@dvacore@@@allocator@3@@std@@
dvauxphost.dll,ascii,3456784,.?AV?$_Ebco_base@U?$STLAllocator@V?$MessageBase@UMessageNameForExtensionEntryPointCalledMessage@dvauxphost@@VImmutableString@utility@dvacore@@V345@V345@HV?$basic_string@_WU?$char_traits@_W@std@@U?$STLAllocator@_W@allocator@dvacore@@@std@@@messaging@dvacore@@@allocator@dvacore@@$00@std@@
dvauxphost.dll,ascii,3457088,.?AU?$STLAllocator@V?$MessageBase@UMessageNameForExtensionEntryPointCalledMessage@dvauxphost@@VImmutableString@utility@dvacore@@V345@V345@HV?$basic_string@_WU?$char_traits@_W@std@@U?$STLAllocator@_W@allocator@dvacore@@@std@@@messaging@dvacore@@@allocator@dvacore@@
dvauxphost.dll,ascii,3457376,.?AVHostContextDelegate@dvauxphost@@
dvauxphost.dll,ascii,3457488,.?AVUXPPluginLoaderDelegate@dvauxphost@@
dvauxphost.dll,ascii,3457552,.?AV?$ref_counted@VUXPPluginLoaderDelegate@dvauxphost@@@api_impl@torq@@
dvauxphost.dll,ascii,3458432,.?AV?$_Ref_count_obj2@VHostContextDelegate@dvauxphost@@@std@@
dvauxphost.dll,ascii,3459968,.?AV?$_Func_impl_no_alloc@V<lambda_1>@?1??DoAsync@HostContextDelegate@dvauxphost@@AEAAX$$QEAV?$function@$$A6AXXZ@std@@@Z@XAEBVtorq_runtime_ref@api@torq@@@std@@
dvauxphost.dll,ascii,3460144,.?AV?$_Func_impl_no_alloc@V<lambda_1>@?1??DoSync@HostContextDelegate@dvauxphost@@AEAAX$$QEAV?$function@$$A6AXXZ@std@@@Z@XAEBVtorq_runtime_ref@api@torq@@@std@@
dvauxphost.dll,ascii,3460320,.?AV?$_Func_impl_no_alloc@V<lambda_1>@?7??didCreateJsContext@UXPPluginLoaderDelegate@dvauxphost@@QEAAXAEBVtorq_plugin_runtime_ref@api@torq@@@Z@XAEAVUXPGlobals@4@@std@@
dvauxphost.dll,ascii,3460512,.?AV?$_Func_impl_no_alloc@V<lambda_1>@?L@???R<lambda_3>@?7??didCreateJsContext@UXPPluginLoaderDelegate@dvauxphost@@QEAAXAEBVtorq_plugin_runtime_ref@api@torq@@@Z@QEBA@W4ScriptContextError@dvascripting@@H@Z@XAEAVUXPGlobals@5@@std@@
dvauxphost.dll,ascii,3460768,.?AV?$_Func_impl_no_alloc@V<lambda_2>@?7??didCreateJsContext@UXPPluginLoaderDelegate@dvauxphost@@QEAAXAEBVtorq_plugin_runtime_ref@api@torq@@@Z@V?$IntrusivePtr@VScriptObject@dvascripting@@@RefCountedInterface@utility@dvacore@@AEBV?$IntrusivePtr@VScriptContext@dvascripting@@@9utility@dvacore@@@std@@
dvauxphost.dll,ascii,3461088,.?AV?$_Func_impl_no_alloc@V<lambda_3>@?7??didCreateJsContext@UXPPluginLoaderDelegate@dvauxphost@@QEAAXAEBVtorq_plugin_runtime_ref@api@torq@@@Z@XW4ScriptContextError@dvascripting@@H@std@@
dvauxphost.dll,ascii,3461296,.?AV?$_Func_impl_no_alloc@V<lambda_2>@?7??willDestroyJsContext@UXPPluginLoaderDelegate@dvauxphost@@QEAAXAEBVtorq_plugin_runtime_ref@api@torq@@@Z@XW4ScriptContextError@dvascripting@@H@std@@
dvauxphost.dll,ascii,3461504,.?AV?$_Func_impl_no_alloc@V?$_Binder@U_Unforced@std@@P8UXPPluginLoaderDelegate@dvauxphost@@EAA?AV?$shared_ptr@VContext@seal_napi@torq@@@2@AEBVtorq_plugin_runtime_ref@api@torq@@@ZPEAV34@AEBV678@@std@@V?$shared_ptr@VContext@seal_napi@torq@@@2@PEAUnapi_env__@@@std@@
dvauxphost.dll,ascii,3461792,.?AV?$_Func_impl_no_alloc@V<lambda_1>@?1??showPanelForPlugin@UXPPluginLoaderDelegate@dvauxphost@@QEAA?AVtorq_string@api@torq@@AEBVtorq_plugin_runtime_ref@67@AEBVtorq_plugin_ref@67@AEBV567@@Z@XAEAVUXPHostInstance@4@@std@@
dvauxphost.dll,ascii,3462032,.?AV?$_Func_impl_no_alloc@V?$_Binder@U_Unforced@std@@P8UXPPluginLoaderDelegate@dvauxphost@@EAAX$$QEAV?$function@$$A6AXXZ@2@_N@ZPEAV34@AEBU?$_Ph@$00@2@AEBU?$_Ph@$01@2@@std@@X$$QEAV?$function@$$A6AXXZ@2@_N@std@@
dvauxphost.dll,ascii,3462264,.?AVHostAddonDelegate@dvauxphost@@
dvauxphost.dll,ascii,3462368,.?AV?$_Ref_count_obj2@VHostAddonDelegate@dvauxphost@@@std@@
dvauxphost.dll,ascii,3462448,.?AV?$_Func_impl_no_alloc@V<lambda_1>@?1??onPluginSetup@UXPPluginManagerDelegate@dvauxphost@@QEAAXAEBVtorq_mutable_plugin_ref@api@torq@@@Z@XAEAVUXPGlobals@4@@std@@
dvauxphost.dll,ascii,3462640,.?AV?$_Func_impl_no_alloc@V<lambda_1>@?1???R1?1???R1?1??onPluginAdded@UXPPluginManagerDelegate@dvauxphost@@QEAAXAEBVtorq_plugin_ref@api@torq@@_N@Z@QEBA@XZ@QEBA@AEAVUXPHostInstance@4@@Z@X$$V@std@@
dvauxphost.dll,ascii,3462864,.?AV?$_Func_impl_no_alloc@V<lambda_1>@?1???R1?1??onPluginAdded@UXPPluginManagerDelegate@dvauxphost@@QEAAXAEBVtorq_plugin_ref@api@torq@@_N@Z@QEBA@XZ@XAEAVUXPHostInstance@4@@std@@
dvauxphost.dll,ascii,3463072,.?AV?$_Func_impl_no_alloc@V<lambda_1>@?1??onPluginRemoved@UXPPluginManagerDelegate@dvauxphost@@QEAAXAEBVtorq_plugin_ref@api@torq@@@Z@X$$V@std@@
dvauxphost.dll,ascii,3463232,.?AV?$_Func_impl_no_alloc@V<lambda_1>@?1???R1?1??onPluginEnabled@UXPPluginManagerDelegate@dvauxphost@@QEAAXAEBVtorq_plugin_ref@api@torq@@@Z@QEBA@XZ@XAEAVUXPHostInstance@4@@std@@
dvauxphost.dll,ascii,3463440,.?AV?$_Func_impl_no_alloc@V<lambda_1>@?1??onPluginEnabled@UXPPluginManagerDelegate@dvauxphost@@QEAAXAEBVtorq_plugin_ref@api@torq@@@Z@X$$V@std@@
dvauxphost.dll,ascii,3463600,.?AV?$_Func_impl_no_alloc@V<lambda_1>@?1??onPluginDisabled@UXPPluginManagerDelegate@dvauxphost@@QEAAXAEBVtorq_plugin_ref@api@torq@@@Z@X$$V@std@@
dvauxphost.dll,ascii,3463776,.?AV?$_Func_impl_no_alloc@V<lambda_1>@?1??onPluginAdded@UXPPluginManagerDelegate@dvauxphost@@QEAAXAEBVtorq_plugin_ref@api@torq@@_N@Z@X$$V@std@@
dvauxphost.dll,ascii,3463936,.?AV?$_Func_impl_no_alloc@V<lambda_1>@?4??RegisterForPluginLifeCycleChange3p@dvauxphost@@YAXV?$function@$$A6AXAEBVUXPDescriptor@dvauxphost@@AEBW4UXPPluginLifeCycle@2@@Z@std@@@Z@XAEAVUXPGlobals@3@@std@@
dvauxphost.dll,ascii,3464160,.?AV?$_Func_impl_no_alloc@V<lambda_1>@?1??NotifyPluginLifeCycleChange3p@dvauxphost@@YAXAEBVUXPDescriptor@3@AEBW4UXPPluginLifeCycle@3@@Z@XAEAVUXPGlobals@3@@std@@
dvauxphost.dll,ascii,3464352,.?AV?$_Func_impl_no_alloc@V<lambda_1>@?1???R<lambda_2>@?1??NotifyPluginLifeCycleChange3p@dvauxphost@@YAXAEBVUXPDescriptor@4@AEBW4UXPPluginLifeCycle@4@@Z@QEBA@XZ@X$$V@std@@
dvauxphost.dll,ascii,3464544,.?AV?$_Func_impl_no_alloc@V<lambda_2>@?1??NotifyPluginLifeCycleChange3p@dvauxphost@@YAXAEBVUXPDescriptor@3@AEBW4UXPPluginLifeCycle@3@@Z@X$$V@std@@
dvauxphost.dll,ascii,3464768,.?AVUnloadAllPluginsWorkItem@?A0x3d60eb23@dvauxphost@@
dvauxphost.dll,ascii,3464848,.?AV?$_Ref_count_obj2@VUnloadAllPluginsWorkItem@?A0x3d60eb23@dvauxphost@@@std@@
dvauxphost.dll,ascii,3464944,.?AV?$_Ref_count_obj2@VTrackOnePlugin@?A0x3d60eb23@dvauxphost@@@std@@
dvauxphost.dll,ascii,3465040,.?AV?$_Func_impl_no_alloc@V<lambda_1>@?4???$?RV?$shared_ptr@VUXPInstance@dvauxphost@@@std@@@1?1??CreatePrepareToQuitWorkItem@dvauxphost@@YA?AV?$shared_ptr@VPrepareToQuitWorkItem@appstatemanager@dvacore@@@std@@AEBV?$vector@V?$shared_ptr@VUXPInstance@dvauxphost@@@std@@U?$STLAllocator@V?$shared_ptr@VUXPInstance@dvauxphost@@@std@@@allocator@dvacore@@@5@@Z@QEBA?A_PAEBV?$shared_ptr@VUXPInstance@dvauxphost@@@5@@Z@XM@std@@
dvauxphost.dll,ascii,3465488,.?AV?$_Func_impl_no_alloc@V<lambda_2>@?4???$?RV?$shared_ptr@VUXPInstance@dvauxphost@@@std@@@<lambda_1>@?1??CreatePrepareToQuitWorkItem@dvauxphost@@YA?AV?$shared_ptr@VPrepareToQuitWorkItem@appstatemanager@dvacore@@@std@@AEBV?$vector@V?$shared_ptr@VUXPInstance@dvauxphost@@@std@@U?$STLAllocator@V?$shared_ptr@VUXPInstance@dvauxphost@@@std@@@allocator@dvacore@@@6@@Z@QEBA?A_PAEBV?$shared_ptr@VUXPInstance@dvauxphost@@@6@@Z@X$$V@std@@
dvauxphost.dll,ascii,3466184,.?AVUxpVulcanMessageHandler@utils@torq@@
dvauxphost.dll,ascii,3466248,.?AVUxpVulcanDelegate@utils@torq@@
dvauxphost.dll,ascii,3466304,.?AV?$enable_shared_from_this@VUxpVulcanDelegate@utils@torq@@@std@@
dvauxphost.dll,ascii,3466392,.?AVUXPVulcanDelegate@dvauxphost@@
dvauxphost.dll,ascii,3466448,.?AVHostVulcanListenerProxy@dvauxphost@@
dvauxphost.dll,ascii,3466576,.?AVHostVulcanMessageHandler@?2??addListener@UXPVulcanDelegateAlpaca@dvauxphost@@QEAA_KAEBVtorq_string@api@torq@@$$QEAVtorq_uxp_vulcan_message_handler_ptr@56@@Z@
dvauxphost.dll,ascii,3466848,.?AV?$_Ref_count_obj2@VUXPVulcanDelegate@dvauxphost@@@std@@
dvauxphost.dll,ascii,3466928,.?AV?$_Ref_count_obj2@VHostVulcanMessageHandler@?2??addListener@UXPVulcanDelegateAlpaca@dvauxphost@@QEAA_KAEBVtorq_string@api@torq@@$$QEAVtorq_uxp_vulcan_message_handler_ptr@67@@Z@@std@@
dvauxphost.dll,ascii,3467136,.?AV?$_Func_base@XAEAV?$shared_ptr@VContext@seal_napi@torq@@@std@@AEBVtorq_plugin_runtime_ref@api@torq@@@std@@
dvauxphost.dll,ascii,3467264,.?AUCrashReporterApi@dvauxphost@@
dvauxphost.dll,ascii,3467472,.?AV?$_Ref_count_obj_alloc3@UCrashReporterApi@dvauxphost@@U?$STLAllocator@UCrashReporterApi@dvauxphost@@@allocator@dvacore@@@std@@
dvauxphost.dll,ascii,3467632,.?AV?$_Ebco_base@U?$STLAllocator@UCrashReporterApi@dvauxphost@@@allocator@dvacore@@$00@std@@
dvauxphost.dll,ascii,3467744,.?AU?$STLAllocator@UCrashReporterApi@dvauxphost@@@allocator@dvacore@@
dvauxphost.dll,ascii,3467840,.?AV?$_Func_impl_no_alloc@V<lambda_1>@?1???R1dvauxphost@@QEBA@AEAV?$shared_ptr@VContext@seal_napi@torq@@@std@@AEBVtorq_plugin_runtime_ref@api@torq@@@Z@PEAUnapi_value__@@PEAUnapi_env__@@@std@@
dvauxphost.dll,ascii,3468048,.?AV?$_Func_impl_no_alloc@V<lambda_1>@dvauxphost@@XAEAV?$shared_ptr@VContext@seal_napi@torq@@@std@@AEBVtorq_plugin_runtime_ref@api@torq@@@std@@
dvauxphost.dll,ascii,3468208,.?AU?$LambdaFunctionHelper@V<lambda_1>@?1???$toMethod@UCrashReporterApi@dvauxphost@@AEBV?$basic_string@DU?$char_traits@D@std@@V?$allocator@D@2@@std@@AEBV34@@seal_napi@torq@@YA?A_PP8CrashReporterApi@dvauxphost@@EAAXAEBV?$basic_string@DU?$char_traits@D@std@@V?$allocator@D@2@@std@@0@Z@Z@P81?1???$toMethod@UCrashReporterApi@dvauxphost@@AEBV?$basic_string@DU?$char_traits@D@std@@V?$allocator@D@2@@std@@AEBV34@@23@YA?A_P1@Z@EBAXAEAVTorqCallbackInfo@23@00@Z@seal_napi@torq@@
dvauxphost.dll,ascii,3468816,.?AV?$_Func_impl_no_alloc@V<lambda_1>@?A0xb8db8045@dvauxphost@@XAEAV?$shared_ptr@VContext@seal_napi@torq@@@std@@AEBVtorq_plugin_runtime_ref@api@torq@@@std@@
dvauxphost.dll,ascii,3469448,.?AVUXPClientHostAPI@@
dvauxphost.dll,ascii,3469488,.?AVUXPSharedHostAPI@@
dvauxphost.dll,ascii,3470736,.?AV?$_Ref_count_obj2@VUXPClientHostAPI@@@std@@
dvauxphost.dll,ascii,3471584,.?AV?$_Func_impl_no_alloc@V?$_Binder@U_Unforced@std@@P8UXPClientHostAPI@@EAAXXZPEAV3@@std@@X$$V@std@@
dvauxphost.dll,ascii,3471712,.?AV?$_Func_impl_no_alloc@V<lambda_1>@?4??IsAnyDocumentOpenAsync@UXPClientHostAPI@@QEAA?AV?$shared_ptr@VPromise@seal_napi@torq@@@std@@AEAVTorqCallbackInfo@seal_napi@torq@@@Z@X$$V@std@@
dvauxphost.dll,ascii,3471920,.?AV?$_Func_impl_no_alloc@V<lambda_1>@?4??IsAnyDocumentOpen@UXPClientHostAPI@@QEAA_NAEAVTorqCallbackInfo@seal_napi@torq@@@Z@X$$V@std@@
dvauxphost.dll,ascii,3472080,.?AV?$_Func_impl_no_alloc@V<lambda_1>@?4??GetRecentFilesAsync@UXPClientHostAPI@@QEAA?AV?$shared_ptr@VPromise@seal_napi@torq@@@std@@AEAVTorqCallbackInfo@seal_napi@torq@@@Z@X$$V@std@@
dvauxphost.dll,ascii,3472288,.?AV?$_Func_impl_no_alloc@V<lambda_1>@?4??GetRecentFiles@UXPClientHostAPI@@QEAA?AV?$basic_string@DU?$char_traits@D@std@@V?$allocator@D@2@@std@@AEAVTorqCallbackInfo@seal_napi@torq@@@Z@X$$V@std@@
dvauxphost.dll,ascii,3472512,.?AV?$_Func_impl_no_alloc@V<lambda_1>@?4??IsHomeScreenVisibleAsync@UXPClientHostAPI@@QEAA?AV?$shared_ptr@VPromise@seal_napi@torq@@@std@@AEAVTorqCallbackInfo@seal_napi@torq@@@Z@X$$V@std@@
dvauxphost.dll,ascii,3472720,.?AV?$_Func_impl_no_alloc@V<lambda_1>@?4??IsHomeScreenVisible@UXPClientHostAPI@@QEAA_NAEAVTorqCallbackInfo@seal_napi@torq@@@Z@X$$V@std@@
dvauxphost.dll,ascii,3472880,.?AV?$_Func_impl_no_alloc@V<lambda_2>@?2??GetSessionId@UXPClientHostAPI@@QEAA?AV?$basic_string@DU?$char_traits@D@std@@V?$allocator@D@2@@std@@AEAVTorqCallbackInfo@seal_napi@torq@@@Z@X$$V@std@@
dvauxphost.dll,ascii,3473088,.?AV?$_Func_impl_no_alloc@V<lambda_3>@?3??GetSessionId@UXPClientHostAPI@@QEAA?AV?$basic_string@DU?$char_traits@D@std@@V?$allocator@D@2@@std@@AEAVTorqCallbackInfo@seal_napi@torq@@@Z@X$$V@std@@
dvauxphost.dll,ascii,3473296,.?AV?$_Func_impl_no_alloc@V<lambda_1>@?4??GetMaxAllowedRecentDocsAsync@UXPClientHostAPI@@QEAA?AV?$shared_ptr@VPromise@seal_napi@torq@@@std@@AEAVTorqCallbackInfo@seal_napi@torq@@@Z@X$$V@std@@
dvauxphost.dll,ascii,3473504,.?AV?$_Func_impl_no_alloc@V<lambda_1>@?4??GetMaxAllowedRecentDocs@UXPClientHostAPI@@QEAAHAEAVTorqCallbackInfo@seal_napi@torq@@@Z@X$$V@std@@
dvauxphost.dll,ascii,3473664,.?AV?$_Func_impl_no_alloc@V<lambda_1>@?4??HideHomeScreen@UXPClientHostAPI@@QEAAXAEAVTorqCallbackInfo@seal_napi@torq@@@Z@X$$V@std@@
dvauxphost.dll,ascii,3473824,.?AV?$_Func_impl_no_alloc@V<lambda_1>@?4??LaunchNewDocDialog@UXPClientHostAPI@@QEAAXAEAVTorqCallbackInfo@seal_napi@torq@@@Z@X$$V@std@@
dvauxphost.dll,ascii,3473984,.?AV?$_Func_impl_no_alloc@V<lambda_1>@?4??LaunchOpenDocDialog@UXPClientHostAPI@@QEAAXAEAVTorqCallbackInfo@seal_napi@torq@@@Z@X$$V@std@@
dvauxphost.dll,ascii,3474144,.?AV?$_Func_impl_no_alloc@V<lambda_1>@?4??LaunchAlternativeDocDialog@UXPClientHostAPI@@QEAAXAEAVTorqCallbackInfo@seal_napi@torq@@AEBV?$basic_string@DU?$char_traits@D@std@@V?$allocator@D@2@@std@@@Z@X$$V@std@@
dvauxphost.dll,ascii,3474368,.?AV?$_Func_impl_no_alloc@V<lambda_1>@?4??LaunchSelectFileDialog@UXPClientHostAPI@@QEAAXAEAVTorqCallbackInfo@seal_napi@torq@@@Z@X$$V@std@@
dvauxphost.dll,ascii,3474528,.?AV?$_Func_impl_no_alloc@V<lambda_1>@?4??OpenLocalDocument@UXPClientHostAPI@@QEAAXAEAVTorqCallbackInfo@seal_napi@torq@@V?$basic_string@DU?$char_traits@D@std@@V?$allocator@D@2@@std@@@Z@X$$V@std@@
dvauxphost.dll,ascii,3474752,.?AV?$_Func_impl_no_alloc@V<lambda_1>@?4??LaunchPreferences@UXPClientHostAPI@@QEAAXAEAVTorqCallbackInfo@seal_napi@torq@@@Z@X$$V@std@@
dvauxphost.dll,ascii,3474912,.?AV?$_Func_impl_no_alloc@V<lambda_1>@?4??LaunchTutorial@UXPClientHostAPI@@QEAAXAEAVTorqCallbackInfo@seal_napi@torq@@V?$basic_string@DU?$char_traits@D@std@@V?$allocator@D@2@@std@@@Z@X$$V@std@@
dvauxphost.dll,ascii,3475136,.?AV?$_Func_impl_no_alloc@V<lambda_1>@?4??OpenPreset@UXPClientHostAPI@@QEAAXAEAVTorqCallbackInfo@seal_napi@torq@@V?$basic_string@DU?$char_traits@D@std@@V?$allocator@D@2@@std@@@Z@X$$V@std@@
dvauxphost.dll,ascii,3475344,.?AV?$_Func_impl_no_alloc@V<lambda_1>@?4??ReportInteractiveReady@UXPClientHostAPI@@QEAAXAEAVTorqCallbackInfo@seal_napi@torq@@@Z@X$$V@std@@
dvauxphost.dll,ascii,3475504,.?AV?$_Func_impl_no_alloc@V<lambda_1>@?4??GetLocalRecentsAsync@UXPClientHostAPI@@QEAA?AV?$shared_ptr@VPromise@seal_napi@torq@@@std@@AEAVTorqCallbackInfo@seal_napi@torq@@@Z@X$$V@std@@
dvauxphost.dll,ascii,3475712,.?AV?$_Func_impl_no_alloc@V<lambda_1>@?4??GetLocalRecents@UXPClientHostAPI@@QEAA?AV?$basic_string@DU?$char_traits@D@std@@V?$allocator@D@2@@std@@AEAVTorqCallbackInfo@seal_napi@torq@@@Z@X$$V@std@@
dvauxphost.dll,ascii,3475936,.?AV?$_Func_impl_no_alloc@V<lambda_1>@?4??GetPreferenceValueAsync@UXPClientHostAPI@@QEAA?AV?$shared_ptr@VPromise@seal_napi@torq@@@std@@AEAVTorqCallbackInfo@seal_napi@torq@@V?$basic_string@DU?$char_traits@D@std@@V?$allocator@D@2@@5@@Z@X$$V@std@@
dvauxphost.dll,ascii,3476208,.?AV?$_Func_impl_no_alloc@V<lambda_1>@?4??SetPreferenceValue@UXPClientHostAPI@@QEAAXAEAVTorqCallbackInfo@seal_napi@torq@@V?$basic_string@DU?$char_traits@D@std@@V?$allocator@D@2@@std@@1@Z@X$$V@std@@
dvauxphost.dll,ascii,3476432,.?AV?$_Func_impl_no_alloc@V<lambda_1>@?4??ShowCoachmark@UXPClientHostAPI@@QEAAXAEAVTorqCallbackInfo@seal_napi@torq@@AEBV?$basic_string@DU?$char_traits@D@std@@V?$allocator@D@2@@std@@@Z@X$$V@std@@
dvauxphost.dll,ascii,3476656,.?AV?$_Func_impl_no_alloc@V<lambda_1>@?4??HideCoachmark@UXPClientHostAPI@@QEAAXAEAVTorqCallbackInfo@seal_napi@torq@@@Z@X$$V@std@@
dvauxphost.dll,ascii,3476816,.?AV?$_Func_impl_no_alloc@V<lambda_1>@?4??GetAppData@UXPClientHostAPI@@QEAA?AV?$shared_ptr@VPromise@seal_napi@torq@@@std@@AEAVTorqCallbackInfo@seal_napi@torq@@AEBV?$basic_string@DU?$char_traits@D@std@@V?$allocator@D@2@@5@@Z@X$$V@std@@
dvauxphost.dll,ascii,3477072,.?AV?$_Func_impl_no_alloc@V<lambda_1>@?4??SetSelectedTool@UXPClientHostAPI@@QEAAXAEAVTorqCallbackInfo@seal_napi@torq@@AEBV?$basic_string@DU?$char_traits@D@std@@V?$allocator@D@2@@std@@@Z@X$$V@std@@
dvauxphost.dll,ascii,3477296,.?AV?$_Func_impl_no_alloc@V<lambda_1>@?1??InvokeMenuAction@UXPClientHostAPI@@QEAA?AV?$shared_ptr@VPromise@seal_napi@torq@@@std@@AEAVTorqCallbackInfo@seal_napi@torq@@I@Z@X$$V@std@@
dvauxphost.dll,ascii,3477504,.?AV?$_Func_impl_no_alloc@V<lambda_1>@?4??IsMenuEnabled@UXPClientHostAPI@@QEAA?AV?$shared_ptr@VPromise@seal_napi@torq@@@std@@AEAVTorqCallbackInfo@seal_napi@torq@@I@Z@X$$V@std@@
dvauxphost.dll,ascii,3477712,.?AV?$_Func_impl_no_alloc@V<lambda_1>@?4??ShowPanel@UXPClientHostAPI@@QEAAXAEAVTorqCallbackInfo@seal_napi@torq@@AEBV?$basic_string@DU?$char_traits@D@std@@V?$allocator@D@2@@std@@@Z@X$$V@std@@
dvauxphost.dll,ascii,3477920,.?AV?$_Func_impl_no_alloc@V<lambda_1>@?4??GetApplicationFrameBoundsInfo@UXPClientHostAPI@@QEAA?AV?$shared_ptr@VPromise@seal_napi@torq@@@std@@AEAVTorqCallbackInfo@seal_napi@torq@@@Z@X$$V@std@@
dvauxphost.dll,ascii,3478128,.?AV?$_Func_impl_no_alloc@V<lambda_1>@?4??GetViewBoundsInfo@UXPClientHostAPI@@QEAA?AV?$shared_ptr@VPromise@seal_napi@torq@@@std@@AEAVTorqCallbackInfo@seal_napi@torq@@AEBV?$basic_string@DU?$char_traits@D@std@@V?$allocator@D@2@@5@@Z@X$$V@std@@
dvauxphost.dll,ascii,3478400,.?AV?$_Func_impl_no_alloc@V<lambda_1>@?4??GetDisplayConfigurationInfo@UXPClientHostAPI@@QEAA?AV?$shared_ptr@VPromise@seal_napi@torq@@@std@@AEAVTorqCallbackInfo@seal_napi@torq@@@Z@X$$V@std@@
dvauxphost.dll,ascii,3478608,.?AV?$_Func_impl_no_alloc@V<lambda_1>@?4??IsApplicationActive@UXPClientHostAPI@@QEAA?AV?$shared_ptr@VPromise@seal_napi@torq@@@std@@AEAVTorqCallbackInfo@seal_napi@torq@@@Z@X$$V@std@@
dvauxphost.dll,ascii,3478816,.?AV?$_Func_impl_no_alloc@V<lambda_1>@?4??OpenDocument@UXPClientHostAPI@@QEAA?AV?$shared_ptr@VPromise@seal_napi@torq@@@std@@AEAVTorqCallbackInfo@seal_napi@torq@@AEBV?$basic_string@DU?$char_traits@D@std@@V?$allocator@D@2@@5@@Z@X$$V@std@@
dvauxphost.dll,ascii,3479072,.?AV?$_Func_impl_no_alloc@V<lambda_1>@?4??GetDocumentIds@UXPClientHostAPI@@QEAA?AV?$shared_ptr@VPromise@seal_napi@torq@@@std@@AEAVTorqCallbackInfo@seal_napi@torq@@@Z@X$$V@std@@
dvauxphost.dll,ascii,3479280,.?AV?$_Func_impl_no_alloc@V<lambda_1>@?4??SwitchDocument@UXPClientHostAPI@@QEAA?AV?$shared_ptr@VPromise@seal_napi@torq@@@std@@AEAVTorqCallbackInfo@seal_napi@torq@@AEBV?$basic_string@DU?$char_traits@D@std@@V?$allocator@D@2@@5@@Z@X$$V@std@@
dvauxphost.dll,ascii,3479536,.?AV?$_Func_impl_no_alloc@V<lambda_1>@?4??CloseActiveDocument@UXPClientHostAPI@@QEAAXAEAVTorqCallbackInfo@seal_napi@torq@@@Z@X$$V@std@@
dvauxphost.dll,ascii,3479696,.?AV?$_Func_impl_no_alloc@V<lambda_1>@?4??NotifyExtensionReady@UXPClientHostAPI@@QEAAXAEAVTorqCallbackInfo@seal_napi@torq@@AEBV?$basic_string@DU?$char_traits@D@std@@V?$allocator@D@2@@std@@@Z@X$$V@std@@
dvauxphost.dll,ascii,3482608,.?AU?$LambdaFunctionHelper@V<lambda_1>@?1???$toMethod@V?$shared_ptr@VPromise@seal_napi@torq@@@std@@VUXPClientHostAPI@@AEAVTorqCallbackInfo@seal_napi@torq@@@seal_napi@torq@@YA?A_PP8UXPClientHostAPI@@EAA?AV?$shared_ptr@VPromise@seal_napi@torq@@@std@@AEAVTorqCallbackInfo@23@@Z@Z@P81?1???$toMethod@V?$shared_ptr@VPromise@seal_napi@torq@@@std@@VUXPClientHostAPI@@AEAVTorqCallbackInfo@seal_napi@torq@@@23@YA?A_P1@Z@EBAPEAUnapi_value__@@00@Z@seal_napi@torq@@
dvauxphost.dll,ascii,3483088,.?AU?$LambdaFunctionHelper@V<lambda_1>@?1???$toMethod@V?$basic_string@DU?$char_traits@D@std@@V?$allocator@D@2@@std@@VUXPClientHostAPI@@AEAVTorqCallbackInfo@seal_napi@torq@@@seal_napi@torq@@YA?A_PP8UXPClientHostAPI@@EAA?AV?$basic_string@DU?$char_traits@D@std@@V?$allocator@D@2@@std@@AEAVTorqCallbackInfo@23@@Z@Z@P81?1???$toMethod@V?$basic_string@DU?$char_traits@D@std@@V?$allocator@D@2@@std@@VUXPClientHostAPI@@AEAVTorqCallbackInfo@seal_napi@torq@@@23@YA?A_P1@Z@EBAPEAUnapi_value__@@00@Z@seal_napi@torq@@
dvauxphost.dll,ascii,3483616,.?AU?$LambdaFunctionHelper@V<lambda_1>@?1???$toMethod@_NVUXPClientHostAPI@@AEAVTorqCallbackInfo@seal_napi@torq@@@seal_napi@torq@@YA?A_PP8UXPClientHostAPI@@EAA_NAEAVTorqCallbackInfo@23@@Z@Z@P81?1???$toMethod@_NVUXPClientHostAPI@@AEAVTorqCallbackInfo@seal_napi@torq@@@23@YA?A_P1@Z@EBAPEAUnapi_value__@@00@Z@seal_napi@torq@@
dvauxphost.dll,ascii,3483968,.?AU?$LambdaFunctionHelper@V<lambda_1>@?1???$toMethod@V?$vector@V?$basic_string@DU?$char_traits@D@std@@V?$allocator@D@2@@std@@V?$allocator@V?$basic_string@DU?$char_traits@D@std@@V?$allocator@D@2@@std@@@2@@std@@VUXPClientHostAPI@@AEAVTorqCallbackInfo@seal_napi@torq@@@seal_napi@torq@@YA?A_PP8UXPClientHostAPI@@EAA?AV?$vector@V?$basic_string@DU?$char_traits@D@std@@V?$allocator@D@2@@std@@V?$allocator@V?$basic_string@DU?$char_traits@D@std@@V?$allocator@D@2@@std@@@2@@std@@AEAVTorqCallbackInfo@23@@Z@Z@P81?1???$toMethod@V?$vector@V?$basic_string@DU?$char_traits@D@std@@V?$allocator@D@2@@std@@V?$allocator@V?$basic_string@DU?$char_traits@D@std@@V?$allocator@D@2@@std@@@2@@std@@VUXPClientHostAPI@@AEAVTorqCallbackInfo@seal_napi@torq@@@23@YA?A_P1@Z@EBAPEAUnapi_value__@@00@Z@seal_napi@torq@@
dvauxphost.dll,ascii,3486304,.?AU?$LambdaFunctionHelper@V<lambda_1>@?1???$toMethod@VUXPClientHostAPI@@AEAVTorqCallbackInfo@seal_napi@torq@@@seal_napi@torq@@YA?A_PP8UXPClientHostAPI@@EAAXAEAVTorqCallbackInfo@23@@Z@Z@P81?1???$toMethod@VUXPClientHostAPI@@AEAVTorqCallbackInfo@seal_napi@torq@@@23@YA?A_P1@Z@EBAX00@Z@seal_napi@torq@@
dvauxphost.dll,ascii,3486624,.?AU?$LambdaFunctionHelper@V<lambda_1>@?1???$toMethod@VUXPClientHostAPI@@AEAVTorqCallbackInfo@seal_napi@torq@@AEBV?$basic_string@DU?$char_traits@D@std@@V?$allocator@D@2@@std@@@seal_napi@torq@@YA?A_PP8UXPClientHostAPI@@EAAXAEAVTorqCallbackInfo@23@AEBV?$basic_string@DU?$char_traits@D@std@@V?$allocator@D@2@@std@@@Z@Z@P81?1???$toMethod@VUXPClientHostAPI@@AEAVTorqCallbackInfo@seal_napi@torq@@AEBV?$basic_string@DU?$char_traits@D@std@@V?$allocator@D@2@@std@@@23@YA?A_P2@Z@EBAX001@Z@seal_napi@torq@@
dvauxphost.dll,ascii,3487136,.?AU?$LambdaFunctionHelper@V<lambda_1>@?1???$toMethod@VUXPClientHostAPI@@AEAVTorqCallbackInfo@seal_napi@torq@@V?$basic_string@DU?$char_traits@D@std@@V?$allocator@D@2@@std@@@seal_napi@torq@@YA?A_PP8UXPClientHostAPI@@EAAXAEAVTorqCallbackInfo@23@V?$basic_string@DU?$char_traits@D@std@@V?$allocator@D@2@@std@@@Z@Z@P81?1???$toMethod@VUXPClientHostAPI@@AEAVTorqCallbackInfo@seal_napi@torq@@V?$basic_string@DU?$char_traits@D@std@@V?$allocator@D@2@@std@@@23@YA?A_P2@Z@EBAX00$$QEAV67@@Z@seal_napi@torq@@
dvauxphost.dll,ascii,3487648,.?AU?$LambdaFunctionHelper@V<lambda_1>@?1???$toMethod@HVUXPClientHostAPI@@AEAVTorqCallbackInfo@seal_napi@torq@@@seal_napi@torq@@YA?A_PP8UXPClientHostAPI@@EAAHAEAVTorqCallbackInfo@23@@Z@Z@P81?1???$toMethod@HVUXPClientHostAPI@@AEAVTorqCallbackInfo@seal_napi@torq@@@23@YA?A_P1@Z@EBAPEAUnapi_value__@@00@Z@seal_napi@torq@@
dvauxphost.dll,ascii,3487984,.?AU?$LambdaFunctionHelper@V<lambda_1>@?1???$toMethod@_NVUXPClientHostAPI@@AEAVTorqCallbackInfo@seal_napi@torq@@V?$basic_string@DU?$char_traits@D@std@@V?$allocator@D@2@@std@@@seal_napi@torq@@YA?A_PP8UXPClientHostAPI@@EAA_NAEAVTorqCallbackInfo@23@V?$basic_string@DU?$char_traits@D@std@@V?$allocator@D@2@@std@@@Z@Z@P81?1???$toMethod@_NVUXPClientHostAPI@@AEAVTorqCallbackInfo@seal_napi@torq@@V?$basic_string@DU?$char_traits@D@std@@V?$allocator@D@2@@std@@@23@YA?A_P2@Z@EBAPEAUnapi_value__@@00$$QEAV67@@Z@seal_napi@torq@@
dvauxphost.dll,ascii,3488528,.?AU?$LambdaFunctionHelper@V<lambda_1>@?1???$toMethod@V?$shared_ptr@VPromise@seal_napi@torq@@@std@@VUXPClientHostAPI@@AEAVTorqCallbackInfo@seal_napi@torq@@V?$basic_string@DU?$char_traits@D@std@@V?$allocator@D@2@@2@@seal_napi@torq@@YA?A_PP8UXPClientHostAPI@@EAA?AV?$shared_ptr@VPromise@seal_napi@torq@@@std@@AEAVTorqCallbackInfo@23@V?$basic_string@DU?$char_traits@D@std@@V?$allocator@D@2@@6@@Z@Z@P81?1???$toMethod@V?$shared_ptr@VPromise@seal_napi@torq@@@std@@VUXPClientHostAPI@@AEAVTorqCallbackInfo@seal_napi@torq@@V?$basic_string@DU?$char_traits@D@std@@V?$allocator@D@2@@2@@23@YA?A_P2@Z@EBAPEAUnapi_value__@@00$$QEAV86@@Z@seal_napi@torq@@
dvauxphost.dll,ascii,3489184,.?AU?$LambdaFunctionHelper@V<lambda_1>@?1???$toMethod@VUXPClientHostAPI@@AEAVTorqCallbackInfo@seal_napi@torq@@V?$basic_string@DU?$char_traits@D@std@@V?$allocator@D@2@@std@@V56@@seal_napi@torq@@YA?A_PP8UXPClientHostAPI@@EAAXAEAVTorqCallbackInfo@23@V?$basic_string@DU?$char_traits@D@std@@V?$allocator@D@2@@std@@1@Z@Z@P81?1???$toMethod@VUXPClientHostAPI@@AEAVTorqCallbackInfo@seal_napi@torq@@V?$basic_string@DU?$char_traits@D@std@@V?$allocator@D@2@@std@@V56@@23@YA?A_P2@Z@EBAX00$$QEAV67@3@Z@seal_napi@torq@@
dvauxphost.dll,ascii,3489712,.?AU?$LambdaFunctionHelper@V<lambda_1>@?1???$toMethod@V?$shared_ptr@VPromise@seal_napi@torq@@@std@@VUXPClientHostAPI@@AEAVTorqCallbackInfo@seal_napi@torq@@AEBV?$basic_string@DU?$char_traits@D@std@@V?$allocator@D@2@@2@@seal_napi@torq@@YA?A_PP8UXPClientHostAPI@@EAA?AV?$shared_ptr@VPromise@seal_napi@torq@@@std@@AEAVTorqCallbackInfo@23@AEBV?$basic_string@DU?$char_traits@D@std@@V?$allocator@D@2@@6@@Z@Z@P81?1???$toMethod@V?$shared_ptr@VPromise@seal_napi@torq@@@std@@VUXPClientHostAPI@@AEAVTorqCallbackInfo@seal_napi@torq@@AEBV?$basic_string@DU?$char_traits@D@std@@V?$allocator@D@2@@2@@23@YA?A_P2@Z@EBAPEAUnapi_value__@@001@Z@seal_napi@torq@@
dvauxphost.dll,ascii,3490368,.?AU?$LambdaFunctionHelper@V<lambda_1>@?1???$toMethod@V?$shared_ptr@VPromise@seal_napi@torq@@@std@@VUXPClientHostAPI@@AEAVTorqCallbackInfo@seal_napi@torq@@I@seal_napi@torq@@YA?A_PP8UXPClientHostAPI@@EAA?AV?$shared_ptr@VPromise@seal_napi@torq@@@std@@AEAVTorqCallbackInfo@23@I@Z@Z@P81?1???$toMethod@V?$shared_ptr@VPromise@seal_napi@torq@@@std@@VUXPClientHostAPI@@AEAVTorqCallbackInfo@seal_napi@torq@@I@23@YA?A_P1@Z@EBAPEAUnapi_value__@@00$$QEAI@Z@seal_napi@torq@@
dvauxphost.dll,ascii,3490848,.?AV?$_Func_base@XAEBV?$function@$$A6A?AV?$shared_ptr@VContext@seal_napi@torq@@@std@@PEAUnapi_env__@@@Z@std@@AEBVtorq_plugin_runtime_ref@api@torq@@@std@@
dvauxphost.dll,ascii,3491088,.?AVSealContextHolder@dvauxphost@@
dvauxphost.dll,ascii,3491152,.?AUThirdPartyHostAPI@?A0xb6a46e74@dvauxphost@@
dvauxphost.dll,ascii,3491216,.?AV?$_Ref_count_obj2@VSealContextHolder@dvauxphost@@@std@@
dvauxphost.dll,ascii,3491296,.?AV?$_Ref_count_obj_alloc3@UThirdPartyHostAPI@?A0xb6a46e74@dvauxphost@@U?$STLAllocator@UThirdPartyHostAPI@?A0xb6a46e74@dvauxphost@@@allocator@dvacore@@@std@@
dvauxphost.dll,ascii,3491472,.?AV?$_Ebco_base@U?$STLAllocator@UThirdPartyHostAPI@?A0xb6a46e74@dvauxphost@@@allocator@dvacore@@$00@std@@
dvauxphost.dll,ascii,3491600,.?AU?$STLAllocator@UThirdPartyHostAPI@?A0xb6a46e74@dvauxphost@@@allocator@dvacore@@
dvauxphost.dll,ascii,3491712,.?AV?$_Func_impl_no_alloc@V<lambda_1>@?A0xb6a46e74@dvauxphost@@XAEBV?$function@$$A6A?AV?$shared_ptr@VContext@seal_napi@torq@@@std@@PEAUnapi_env__@@@Z@std@@AEBVtorq_plugin_runtime_ref@api@torq@@@std@@
dvauxphost.dll,ascii,3491936,.?AV?$_Func_impl_no_alloc@V<lambda_1>@?1???R<lambda_2>@?A0xb6a46e74@dvauxphost@@QEBA@AEAV?$shared_ptr@VContext@seal_napi@torq@@@std@@AEBVtorq_plugin_runtime_ref@api@torq@@@Z@PEAUnapi_value__@@PEAUnapi_env__@@@std@@
dvauxphost.dll,ascii,3492176,.?AV?$_Func_impl_no_alloc@V<lambda_2>@?A0xb6a46e74@dvauxphost@@XAEAV?$shared_ptr@VContext@seal_napi@torq@@@std@@AEBVtorq_plugin_runtime_ref@api@torq@@@std@@
dvauxphost.dll,ascii,3492352,.?AU?$LambdaFunctionHelper@V<lambda_1>@?1???$toMethod@V?$basic_string@DU?$char_traits@D@std@@V?$allocator@D@2@@std@@UThirdPartyHostAPI@?A0xb6a46e74@dvauxphost@@AEAVTorqCallbackInfo@seal_napi@torq@@@seal_napi@torq@@YA?A_PP8ThirdPartyHostAPI@?A0xb6a46e74@dvauxphost@@EBA?AV?$basic_string@DU?$char_traits@D@std@@V?$allocator@D@2@@std@@AEAVTorqCallbackInfo@23@@Z@Z@P81?1???$toMethod@V?$basic_string@DU?$char_traits@D@std@@V?$allocator@D@2@@std@@UThirdPartyHostAPI@?A0xb6a46e74@dvauxphost@@AEAVTorqCallbackInfo@seal_napi@torq@@@23@YA?A_P1@Z@EBAPEAUnapi_value__@@00@Z@seal_napi@torq@@
dvauxphost.dll,ascii,3492960,.?AU?$LambdaFunctionHelper@V<lambda_1>@?1???$toMethod@V?$basic_string@DU?$char_traits@D@std@@V?$allocator@D@2@@std@@UThirdPartyHostAPI@?A0xb6a46e74@dvauxphost@@AEAVTorqCallbackInfo@seal_napi@torq@@@seal_napi@torq@@YA?A_PP8ThirdPartyHostAPI@?A0xb6a46e74@dvauxphost@@EAA?AV?$basic_string@DU?$char_traits@D@std@@V?$allocator@D@2@@std@@AEAVTorqCallbackInfo@23@@Z@Z@P81?1???$toMethod@V?$basic_string@DU?$char_traits@D@std@@V?$allocator@D@2@@std@@UThirdPartyHostAPI@?A0xb6a46e74@dvauxphost@@AEAVTorqCallbackInfo@seal_napi@torq@@@23@YA?A_P1@Z@EBAPEAUnapi_value__@@00@Z@seal_napi@torq@@
dvauxphost.dll,ascii,3493568,.?AV?$_Ref_count_obj2@VUXPSharedHostAPI@@@std@@
dvauxphost.dll,ascii,3493632,.?AV?$_Func_impl_no_alloc@V?$_Binder@U_Unforced@std@@P8UXPSharedHostAPI@@EAAXXZPEAV3@@std@@X$$V@std@@
dvauxphost.dll,ascii,3493760,.?AV?$_Func_impl_no_alloc@V<lambda_1>@?4??getBackgroundColor@UXPSharedHostAPI@@UEAA?AV?$shared_ptr@VPromise@seal_napi@torq@@@std@@AEAVTorqCallbackInfo@seal_napi@torq@@@Z@X$$V@std@@
dvauxphost.dll,ascii,3493968,.?AV?$_Func_impl_no_alloc@V<lambda_1>@?4??getFont@UXPSharedHostAPI@@UEAA?AV?$shared_ptr@VPromise@seal_napi@torq@@@std@@AEAVTorqCallbackInfo@seal_napi@torq@@@Z@X$$V@std@@
dvauxphost.dll,ascii,3494160,.?AV?$_Func_impl_no_alloc@V<lambda_1>@?4??getTheme@UXPSharedHostAPI@@UEAA?AV?$shared_ptr@VPromise@seal_napi@torq@@@std@@AEAVTorqCallbackInfo@seal_napi@torq@@@Z@X$$V@std@@
dvauxphost.dll,ascii,3494352,.?AU?$LambdaFunctionHelper@V<lambda_1>@?1???$toMethod@V?$shared_ptr@VPromise@seal_napi@torq@@@std@@VUXPSharedHostAPI@@AEAVTorqCallbackInfo@seal_napi@torq@@@seal_napi@torq@@YA?A_PP8UXPSharedHostAPI@@EAA?AV?$shared_ptr@VPromise@seal_napi@torq@@@std@@AEAVTorqCallbackInfo@23@@Z@Z@P81?1???$toMethod@V?$shared_ptr@VPromise@seal_napi@torq@@@std@@VUXPSharedHostAPI@@AEAVTorqCallbackInfo@seal_napi@torq@@@23@YA?A_P1@Z@EBAPEAUnapi_value__@@00@Z@seal_napi@torq@@
dvauxphost.dll,ascii,3494832,.?AU?$LambdaFunctionHelper@V<lambda_1>@?1???$toMethod@V?$basic_string@DU?$char_traits@D@std@@V?$allocator@D@2@@std@@VUXPSharedHostAPI@@AEAVTorqCallbackInfo@seal_napi@torq@@@seal_napi@torq@@YA?A_PP8UXPSharedHostAPI@@EBA?AV?$basic_string@DU?$char_traits@D@std@@V?$allocator@D@2@@std@@AEAVTorqCallbackInfo@23@@Z@Z@P81?1???$toMethod@V?$basic_string@DU?$char_traits@D@std@@V?$allocator@D@2@@std@@VUXPSharedHostAPI@@AEAVTorqCallbackInfo@seal_napi@torq@@@23@YA?A_P1@Z@EBAPEAUnapi_value__@@00@Z@seal_napi@torq@@
dvauxphost.dll,ascii,3495776,.?AU?$LambdaFunctionHelper@V<lambda_1>@?1???$toMethod@V?$basic_string@DU?$char_traits@D@std@@V?$allocator@D@2@@std@@VUXPSharedHostAPI@@AEAVTorqCallbackInfo@seal_napi@torq@@@seal_napi@torq@@YA?A_PP8UXPSharedHostAPI@@EAA?AV?$basic_string@DU?$char_traits@D@std@@V?$allocator@D@2@@std@@AEAVTorqCallbackInfo@23@@Z@Z@P81?1???$toMethod@V?$basic_string@DU?$char_traits@D@std@@V?$allocator@D@2@@std@@VUXPSharedHostAPI@@AEAVTorqCallbackInfo@seal_napi@torq@@@23@YA?A_P1@Z@EBAPEAUnapi_value__@@00@Z@seal_napi@torq@@
dvauxphost.dll,ascii,3496304,.?AU?$LambdaFunctionHelper@V<lambda_1>@?1???$toMethod@HVUXPSharedHostAPI@@AEAVTorqCallbackInfo@seal_napi@torq@@@seal_napi@torq@@YA?A_PP8UXPSharedHostAPI@@EBAHAEAVTorqCallbackInfo@23@@Z@Z@P81?1???$toMethod@HVUXPSharedHostAPI@@AEAVTorqCallbackInfo@seal_napi@torq@@@23@YA?A_P1@Z@EBAPEAUnapi_value__@@00@Z@seal_napi@torq@@
dvauxphost.dll,ascii,3496640,.?AV?$_Func_impl_no_alloc@V<lambda_1>@?A0x364dd815@dvauxphost@@XAEBV?$function@$$A6A?AV?$shared_ptr@VContext@seal_napi@torq@@@std@@PEAUnapi_env__@@@Z@std@@AEBVtorq_plugin_runtime_ref@api@torq@@@std@@
dvauxphost.dll,ascii,3497152,.?AV?$_Ref_count_obj_alloc3@VUXPSharedLicensingAPI@@U?$STLAllocator@VUXPSharedLicensingAPI@@@allocator@dvacore@@@std@@
dvauxphost.dll,ascii,3497296,.?AV?$_Ebco_base@U?$STLAllocator@VUXPSharedLicensingAPI@@@allocator@dvacore@@$00@std@@
dvauxphost.dll,ascii,3497408,.?AU?$STLAllocator@VUXPSharedLicensingAPI@@@allocator@dvacore@@
dvauxphost.dll,ascii,3497488,.?AV?$_Func_impl_no_alloc@V?$_Binder@U_Unforced@std@@P8UXPSharedLicensingAPI@@EAAXXZPEAV3@@std@@X$$V@std@@
dvauxphost.dll,ascii,3497616,.?AV?$_Func_impl_no_alloc@V<lambda_1>@?1??PostSharedPtrInit@UXPSharedLicensingAPI@@AEAAXXZ@XAEBVLicenseInfoData@LicenseInfo@dvaappsupport@@@std@@
dvauxphost.dll,ascii,3497792,.?AV?$_Func_impl_no_alloc@V<lambda_1>@?4???R1?1??getAccessToken@UXPSharedLicensingAPI@@UEAA?AV?$shared_ptr@VPromise@seal_napi@torq@@@std@@AEAVTorqCallbackInfo@seal_napi@torq@@AEBV?$basic_string@DU?$char_traits@D@std@@V?$allocator@D@2@@5@11_N@Z@QEAA@XZ@XAEBHAEBVImmutableString@utility@dvacore@@@std@@
dvauxphost.dll,ascii,3498112,.?AV?$_Func_impl_no_alloc@V<lambda_1>@?4???R1?1??getContinueToken@UXPSharedLicensingAPI@@UEAA?AV?$shared_ptr@VPromise@seal_napi@torq@@@std@@AEAVTorqCallbackInfo@seal_napi@torq@@AEBV?$basic_string@DU?$char_traits@D@std@@V?$allocator@D@2@@5@1111@Z@QEAA@XZ@XAEBHAEBVImmutableString@utility@dvacore@@@std@@
dvauxphost.dll,ascii,3498432,.?AV?$_Func_impl_no_alloc@V<lambda_1>@?4???R1?1??getImsProfile@UXPSharedLicensingAPI@@UEAA?AV?$shared_ptr@VPromise@seal_napi@torq@@@std@@AEAVTorqCallbackInfo@seal_napi@torq@@AEBV?$basic_string@DU?$char_traits@D@std@@V?$allocator@D@2@@5@@Z@QEAA@XZ@XHAEBV?$basic_string@EU?$char_traits@E@std@@U?$STLAllocator@E@allocator@dvacore@@@5@@std@@
dvauxphost.dll,ascii,3498800,.?AV?$_Func_impl_no_alloc@V<lambda_1>@?1??getAccessToken@UXPSharedLicensingAPI@@UEAA?AV?$shared_ptr@VPromise@seal_napi@torq@@@std@@AEAVTorqCallbackInfo@seal_napi@torq@@AEBV?$basic_string@DU?$char_traits@D@std@@V?$allocator@D@2@@5@11_N@Z@X$$V@std@@
dvauxphost.dll,ascii,3499072,.?AV?$_Func_impl_no_alloc@V<lambda_1>@?1??getContinueToken@UXPSharedLicensingAPI@@UEAA?AV?$shared_ptr@VPromise@seal_napi@torq@@@std@@AEAVTorqCallbackInfo@seal_napi@torq@@AEBV?$basic_string@DU?$char_traits@D@std@@V?$allocator@D@2@@5@1111@Z@X$$V@std@@
dvauxphost.dll,ascii,3499344,.?AV?$_Func_impl_no_alloc@V<lambda_1>@?1??getImsProfile@UXPSharedLicensingAPI@@UEAA?AV?$shared_ptr@VPromise@seal_napi@torq@@@std@@AEAVTorqCallbackInfo@seal_napi@torq@@AEBV?$basic_string@DU?$char_traits@D@std@@V?$allocator@D@2@@5@@Z@X$$V@std@@
dvauxphost.dll,ascii,3499616,.?AV?$_Func_impl_no_alloc@V<lambda_1>@?1??handleBanner@UXPSharedLicensingAPI@@UEAA?AV?$shared_ptr@VPromise@seal_napi@torq@@@std@@AEAVTorqCallbackInfo@seal_napi@torq@@AEBV?$basic_string@DU?$char_traits@D@std@@V?$allocator@D@2@@5@@Z@X$$V@std@@
dvauxphost.dll,ascii,3500512,.?AV?$_Func_impl_no_alloc@V<lambda_1>@?1???R1?A0x743fae80@dvauxphost@@QEBA@AEBV?$function@$$A6A?AV?$shared_ptr@VContext@seal_napi@torq@@@std@@PEAUnapi_env__@@@Z@std@@AEBVtorq_plugin_runtime_ref@api@torq@@@Z@XAEAVUXPGlobals@3@@std@@
dvauxphost.dll,ascii,3500768,.?AV?$_Func_impl_no_alloc@V<lambda_1>@?A0x743fae80@dvauxphost@@XAEBV?$function@$$A6A?AV?$shared_ptr@VContext@seal_napi@torq@@@std@@PEAUnapi_env__@@@Z@std@@AEBVtorq_plugin_runtime_ref@api@torq@@@std@@
dvauxphost.dll,ascii,3501032,.?AUZipFileApi@storage@dvauxphost@@
dvauxphost.dll,ascii,3501136,.?AV?$_Ref_count_obj_alloc3@UZipFileApi@storage@dvauxphost@@U?$STLAllocator@UZipFileApi@storage@dvauxphost@@@allocator@dvacore@@@std@@
dvauxphost.dll,ascii,3501296,.?AV?$_Ebco_base@U?$STLAllocator@UZipFileApi@storage@dvauxphost@@@allocator@dvacore@@$00@std@@
dvauxphost.dll,ascii,3501408,.?AU?$STLAllocator@UZipFileApi@storage@dvauxphost@@@allocator@dvacore@@
dvauxphost.dll,ascii,3501504,.?AV?$_Func_impl_no_alloc@V<lambda_1>@?1???R1?1??Zip@ZipFileApi@storage@dvauxphost@@QEAA?AV?$shared_ptr@VPromise@seal_napi@torq@@@std@@AEBV?$basic_string@DU?$char_traits@D@std@@V?$allocator@D@2@@7@0AEBV?$function@$$A6AXN@Z@7@@Z@QEBA@XZ@_NNPEAX@std@@
dvauxphost.dll,ascii,3501776,.?AV?$_Func_impl_no_alloc@V<lambda_1>@?1??Zip@ZipFileApi@storage@dvauxphost@@QEAA?AV?$shared_ptr@VPromise@seal_napi@torq@@@std@@AEBV?$basic_string@DU?$char_traits@D@std@@V?$allocator@D@2@@7@0AEBV?$function@$$A6AXN@Z@7@@Z@X$$V@std@@
dvauxphost.dll,ascii,3502032,.?AV?$_Func_impl_no_alloc@V<lambda_1>@?1??UnZip@ZipFileApi@storage@dvauxphost@@QEAA?AV?$shared_ptr@VPromise@seal_napi@torq@@@std@@AEBV?$basic_string@DU?$char_traits@D@std@@V?$allocator@D@2@@7@0@Z@X$$V@std@@
dvauxphost.dll,ascii,3502256,.?AV?$_Func_impl_no_alloc@V<lambda_1>@?1???R1storage@dvauxphost@@QEBA@AEAV?$shared_ptr@VContext@seal_napi@torq@@@std@@AEBVtorq_plugin_runtime_ref@api@torq@@@Z@PEAUnapi_value__@@PEAUnapi_env__@@@std@@
dvauxphost.dll,ascii,3502480,.?AV?$_Func_impl_no_alloc@V<lambda_1>@storage@dvauxphost@@XAEAV?$shared_ptr@VContext@seal_napi@torq@@@std@@AEBVtorq_plugin_runtime_ref@api@torq@@@std@@
dvauxphost.dll,ascii,3502656,.?AU?$LambdaFunctionHelper@V<lambda_1>@?1???$toMethod@V?$shared_ptr@VPromise@seal_napi@torq@@@std@@UZipFileApi@storage@dvauxphost@@AEBV?$basic_string@DU?$char_traits@D@std@@V?$allocator@D@2@@2@AEBV62@AEBV?$function@$$A6AXN@Z@2@@seal_napi@torq@@YA?A_PP8ZipFileApi@storage@dvauxphost@@EAA?AV?$shared_ptr@VPromise@seal_napi@torq@@@std@@AEBV?$basic_string@DU?$char_traits@D@std@@V?$allocator@D@2@@8@0AEBV?$function@$$A6AXN@Z@8@@Z@Z@P81?1???$toMethod@V?$shared_ptr@VPromise@seal_napi@torq@@@std@@UZipFileApi@storage@dvauxphost@@AEBV?$basic_string@DU?$char_traits@D@std@@V?$allocator@D@2@@2@AEBV62@AEBV?$function@$$A6AXN@Z@2@@23@YA?A_P2@Z@EBAPEAUnapi_value__@@AEAVTorqCallbackInfo@23@001@Z@seal_napi@torq@@
dvauxphost.dll,ascii,3503376,.?AU?$LambdaFunctionHelper@V<lambda_1>@?1???$toMethod@V?$shared_ptr@VPromise@seal_napi@torq@@@std@@UZipFileApi@storage@dvauxphost@@AEBV?$basic_string@DU?$char_traits@D@std@@V?$allocator@D@2@@2@AEBV62@@seal_napi@torq@@YA?A_PP8ZipFileApi@storage@dvauxphost@@EAA?AV?$shared_ptr@VPromise@seal_napi@torq@@@std@@AEBV?$basic_string@DU?$char_traits@D@std@@V?$allocator@D@2@@8@0@Z@Z@P81?1???$toMethod@V?$shared_ptr@VPromise@seal_napi@torq@@@std@@UZipFileApi@storage@dvauxphost@@AEBV?$basic_string@DU?$char_traits@D@std@@V?$allocator@D@2@@2@AEBV62@@23@YA?A_P1@Z@EBAPEAUnapi_value__@@AEAVTorqCallbackInfo@23@00@Z@seal_napi@torq@@
dvauxphost.dll,ascii,3504664,.?AVIUxpBackgroundTask@host_binding@torq@@
dvauxphost.dll,ascii,3504728,.?AVUxpBackgroundTask@@
dvauxphost.dll,ascii,3504768,.?AV?$_Ref_count_obj2@VUxpBackgroundTask@@@std@@
dvauxphost.dll,ascii,3504848,.?AV?$_Func_impl_no_alloc@V<lambda_1>@?1??queueBackgroundTask@UxpBackgroundTask@@UEAAXV?$function@$$A6AXXZ@std@@V?$shared_ptr@VPromise@seal_napi@torq@@@5@@Z@X$$V@std@@
dvauxphost.dll,ascii,3505040,.?AV?$_Func_impl_no_alloc@V<lambda_1>@?1???R1?A0x266694a2@dvauxphost@@QEBA@AEBV?$function@$$A6A?AV?$shared_ptr@VContext@seal_napi@torq@@@std@@PEAUnapi_env__@@@Z@std@@AEBVtorq_plugin_runtime_ref@api@torq@@@Z@XAEAVUXPGlobals@3@@std@@
dvauxphost.dll,ascii,3505296,.?AV?$_Func_impl_no_alloc@V<lambda_2>@?1???R<lambda_1>@?A0x266694a2@dvauxphost@@QEBA@AEBV?$function@$$A6A?AV?$shared_ptr@VContext@seal_napi@torq@@@std@@PEAUnapi_env__@@@Z@std@@AEBVtorq_plugin_runtime_ref@api@torq@@@Z@X$$V@std@@
dvauxphost.dll,ascii,3505552,.?AV?$_Func_impl_no_alloc@V<lambda_1>@?A0x266694a2@dvauxphost@@XAEBV?$function@$$A6A?AV?$shared_ptr@VContext@seal_napi@torq@@@std@@PEAUnapi_env__@@@Z@std@@AEBVtorq_plugin_runtime_ref@api@torq@@@std@@
dvauxphost.dll,ascii,3506384,.?AV?$_Func_impl_no_alloc@V<lambda_1>@?A0xe9a9d71a@dvauxphost@@XAEBV?$function@$$A6A?AV?$shared_ptr@VContext@seal_napi@torq@@@std@@PEAUnapi_env__@@@Z@std@@AEBVtorq_plugin_runtime_ref@api@torq@@@std@@
dvauxphost.dll,ascii,3506912,.?AV?$ScriptComponentDefinitionInitiator@VEventRootTargetComponent@dvauxphost@@@factory@dvascripting@@
dvauxphost.dll,ascii,3507184,.?AV?$ScriptComponentDefinition@VEventRootTargetComponent@dvauxphost@@@definition@dvascripting@@
dvauxphost.dll,ascii,3507568,.?AV?$ScriptItemDefinition@VEventRootTargetComponent@dvauxphost@@@definition@dvascripting@@
dvauxphost.dll,ascii,3507760,.?AV?$_Func_base@XPEBV?$vector@V?$shared_ptr@Vany@std@@@std@@U?$STLAllocator@V?$shared_ptr@Vany@std@@@std@@@allocator@dvacore@@@std@@PEAV?$unordered_map@V?$basic_string@EU?$char_traits@E@std@@U?$STLAllocator@E@allocator@dvacore@@@std@@V?$shared_ptr@Vany@std@@@2@U?$hash@V?$basic_string@EU?$char_traits@E@std@@U?$STLAllocator@E@allocator@dvacore@@@std@@@2@U?$equal_to@V?$basic_string@EU?$char_traits@E@std@@U?$STLAllocator@E@allocator@dvacore@@@std@@@2@U?$STLAllocator@U?$pair@$$CBV?$basic_string@EU?$char_traits@E@std@@U?$STLAllocator@E@allocator@dvacore@@@std@@V?$shared_ptr@Vany@std@@@2@@std@@@allocator@dvacore@@@2@PEAVEventRootTargetComponent@dvauxphost@@@std@@
dvauxphost.dll,ascii,3508448,.?AV?$_Func_impl_no_alloc@V<lambda_1>@?4???$RegisterPropertyReadonly@VEventRootTargetComponent@dvauxphost@@V?$PropertyType@V?$IntrusivePtr@VScriptObject@dvascripting@@@RefCountedInterface@utility@dvacore@@@dvascripting@@P812@EBA?AV?$IntrusivePtr@VScriptObject@dvascripting@@@RefCountedInterface@utility@dvacore@@XZ@definition@dvascripting@@YAXPEBDV?$PropertyType@V?$IntrusivePtr@VScriptObject@dvascripting@@@RefCountedInterface@utility@dvacore@@@3@$$QEAP8EventRootTargetComponent@dvauxphost@@EBA?AV?$IntrusivePtr@VScriptObject@dvascripting@@@RefCountedInterface@utility@dvacore@@XZW4ScriptObjectPropertyModifier@3@W4ItemThreadOption@3@0W4ScriptItemFlag@3@@Z@XPEBV?$vector@V?$shared_ptr@Vany@std@@@std@@U?$STLAllocator@V?$shared_ptr@Vany@std@@@std@@@allocator@dvacore@@@std@@PEAV?$unordered_map@V?$basic_string@EU?$char_traits@E@std@@U?$STLAllocator@E@allocator@dvacore@@@std@@V?$shared_ptr@Vany@std@@@2@U?$hash@V?$basic_string@EU?$char_traits@E@std@@U?$STLAllocator@E@allocator@dvacore@@@std@@@2@U?$equal_to@V?$basic_string@EU?$char_traits@E@std@@U?$STLAllocator@E@allocator@dvacore@@@std@@@2@U?$STLAllocator@U?$pair@$$CBV?$basic_string@EU?$char_traits@E@std@@U?$STLAllocator@E@allocator@dvacore@@@st
dvauxphost.dll,ascii,3509744,.?AV?$ScriptObjectDefinitionInitiator@VUXPHostScriptObject@scripting@dvauxphost@@@factory@dvascripting@@
dvauxphost.dll,ascii,3509952,.?AV?$ScriptObjectDefinition@VUXPHostScriptObject@scripting@dvauxphost@@@definition@dvascripting@@
dvauxphost.dll,ascii,3510080,.?AV?$ScriptItemDefinition@VUXPHostScriptObject@scripting@dvauxphost@@@definition@dvascripting@@
dvauxphost.dll,ascii,3510208,.?AV?$_Func_base@XPEBV?$vector@V?$shared_ptr@Vany@std@@@std@@U?$STLAllocator@V?$shared_ptr@Vany@std@@@std@@@allocator@dvacore@@@std@@PEAV?$unordered_map@V?$basic_string@EU?$char_traits@E@std@@U?$STLAllocator@E@allocator@dvacore@@@std@@V?$shared_ptr@Vany@std@@@2@U?$hash@V?$basic_string@EU?$char_traits@E@std@@U?$STLAllocator@E@allocator@dvacore@@@std@@@2@U?$equal_to@V?$basic_string@EU?$char_traits@E@std@@U?$STLAllocator@E@allocator@dvacore@@@std@@@2@U?$STLAllocator@U?$pair@$$CBV?$basic_string@EU?$char_traits@E@std@@U?$STLAllocator@E@allocator@dvacore@@@std@@V?$shared_ptr@Vany@std@@@2@@std@@@allocator@dvacore@@@2@PEAVUXPHostScriptObject@scripting@dvauxphost@@@std@@
dvauxphost.dll,ascii,3510896,.?AV?$_Func_impl_no_alloc@V<lambda_1>@?1??GetNamespacesForPluginId@UXPHostScriptObject@scripting@dvauxphost@@AEAA?AV?$vector@V?$basic_string@EU?$char_traits@E@std@@U?$STLAllocator@E@allocator@dvacore@@@std@@U?$STLAllocator@V?$basic_string@EU?$char_traits@E@std@@U?$STLAllocator@E@allocator@dvacore@@@std@@@allocator@dvacore@@@std@@V?$basic_string@EU?$char_traits@E@std@@U?$STLAllocator@E@allocator@dvacore@@@7@@Z@XAEAVUXPGlobals@5@@std@@
dvauxphost.dll,ascii,3511360,.?AV?$_Func_impl_no_alloc@V<lambda_1>@?4???$RegisterMethod@VUXPHostScriptObject@scripting@dvauxphost@@V?$PropertyType@V?$vector@V?$basic_string@EU?$char_traits@E@std@@U?$STLAllocator@E@allocator@dvacore@@@std@@U?$STLAllocator@V?$basic_string@EU?$char_traits@E@std@@U?$STLAllocator@E@allocator@dvacore@@@std@@@allocator@dvacore@@@std@@@dvascripting@@V?$ParameterType@V?$basic_string@EU?$char_traits@E@std@@U?$STLAllocator@E@allocator@dvacore@@@std@@@5@P8123@EAA?AV?$vector@V?$basic_string@EU?$char_traits@E@std@@U?$STLAllocator@E@allocator@dvacore@@@std@@U?$STLAllocator@V?$basic_string@EU?$char_traits@E@std@@U?$STLAllocator@E@allocator@dvacore@@@std@@@allocator@dvacore@@@std@@V?$basic_string@EU?$char_traits@E@std@@U?$STLAllocator@E@allocator@dvacore@@@8@@Z@definition@dvascripting@@YAXPEBDV?$ParameterType@V?$basic_string@EU?$char_traits@E@std@@U?$STLAllocator@E@allocator@dvacore@@@std@@@3@V?$PropertyType@V?$vector@V?$basic_string@EU?$char_traits@E@std@@U?$STLAllocator@E@allocator@dvacore@@@std@@U?$STLAllocator@V?$basic_string@EU?$char_traits@E@std@@U?$STLAllocator@E@allocator@dvacore@@@std@@@allocator@dvacore@@@std@@@3@$$QEAP8UXPHostScriptObject@scripting@dvauxphost@@EAA?AV?$vector@V?$basi
dvauxphost.dll,ascii,3513568,.?AV?$ScriptObjectDefinitionInitiator@VUXPUnloadEvent@scripting@dvauxphost@@@factory@dvascripting@@
dvauxphost.dll,ascii,3513696,.?AV?$ScriptObjectDefinition@VUXPUnloadEvent@scripting@dvauxphost@@@definition@dvascripting@@
dvauxphost.dll,ascii,3513936,.?AV?$ScriptItemDefinition@VUXPUnloadEvent@scripting@dvauxphost@@@definition@dvascripting@@
dvauxphost.dll,ascii,3514048,.?AV?$_Func_base@XPEBV?$vector@V?$shared_ptr@Vany@std@@@std@@U?$STLAllocator@V?$shared_ptr@Vany@std@@@std@@@allocator@dvacore@@@std@@PEAV?$unordered_map@V?$basic_string@EU?$char_traits@E@std@@U?$STLAllocator@E@allocator@dvacore@@@std@@V?$shared_ptr@Vany@std@@@2@U?$hash@V?$basic_string@EU?$char_traits@E@std@@U?$STLAllocator@E@allocator@dvacore@@@std@@@2@U?$equal_to@V?$basic_string@EU?$char_traits@E@std@@U?$STLAllocator@E@allocator@dvacore@@@std@@@2@U?$STLAllocator@U?$pair@$$CBV?$basic_string@EU?$char_traits@E@std@@U?$STLAllocator@E@allocator@dvacore@@@std@@V?$shared_ptr@Vany@std@@@2@@std@@@allocator@dvacore@@@2@PEAVUXPUnloadEvent@scripting@dvauxphost@@@std@@
dvauxphost.dll,ascii,3514736,.?AV?$_Func_impl_no_alloc@V<lambda_1>@?4??DoNeedMoreTime@UXPUnloadEvent@scripting@dvauxphost@@AEAA_NM@Z@X$$V@std@@
dvauxphost.dll,ascii,3514880,.?AV?$_Func_impl_no_alloc@V<lambda_1>@?4??DoFinishedWork@UXPUnloadEvent@scripting@dvauxphost@@AEAA_NXZ@X$$V@std@@
dvauxphost.dll,ascii,3515024,.?AV?$_Func_impl_no_alloc@V<lambda_1>@?1??QueueEvent@UXPUnloadEvent@scripting@dvauxphost@@SAXHAEBV?$basic_string@DU?$char_traits@D@std@@V?$allocator@D@2@@std@@V?$function@$$A6AXM@Z@7@V?$function@$$A6AXXZ@7@@Z@XV?$IntrusivePtr@VScriptEventObject@dvascripting@@@RefCountedInterface@utility@dvacore@@@std@@
dvauxphost.dll,ascii,3515344,.?AV?$_Func_impl_no_alloc@V<lambda_1>@?4???$RegisterMethod@VUXPUnloadEvent@scripting@dvauxphost@@V?$PropertyType@_N@dvascripting@@V?$ParameterType@M@5@P8123@EAA_NM@Z@definition@dvascripting@@YAXPEBDV?$ParameterType@M@3@V?$PropertyType@_N@3@$$QEAP8UXPUnloadEvent@scripting@dvauxphost@@EAA_NM@ZW4ScriptObjectPropertyModifier@3@W4ItemThreadOption@3@0W4ScriptItemFlag@3@@Z@XPEBV?$vector@V?$shared_ptr@Vany@std@@@std@@U?$STLAllocator@V?$shared_ptr@Vany@std@@@std@@@allocator@dvacore@@@std@@PEAV?$unordered_map@V?$basic_string@EU?$char_traits@E@std@@U?$STLAllocator@E@allocator@dvacore@@@std@@V?$shared_ptr@Vany@std@@@2@U?$hash@V?$basic_string@EU?$char_traits@E@std@@U?$STLAllocator@E@allocator@dvacore@@@std@@@2@U?$equal_to@V?$basic_string@EU?$char_traits@E@std@@U?$STLAllocator@E@allocator@dvacore@@@std@@@2@U?$STLAllocator@U?$pair@$$CBV?$basic_string@EU?$char_traits@E@std@@U?$STLAllocator@E@allocator@dvacore@@@std@@V?$shared_ptr@Vany@std@@@2@@std@@@allocator@dvacore@@@std@@PEAV678@@std@@
dvauxphost.dll,ascii,3516352,.?AV?$_Func_impl_no_alloc@V<lambda_1>@?4???$RegisterMethod@VUXPUnloadEvent@scripting@dvauxphost@@V?$PropertyType@_N@dvascripting@@P8123@EAA_NXZ@definition@dvascripting@@YAXPEBDV?$PropertyType@_N@3@$$QEAP8UXPUnloadEvent@scripting@dvauxphost@@EAA_NXZW4ScriptObjectPropertyModifier@3@W4ItemThreadOption@3@0W4ScriptItemFlag@3@@Z@XPEBV?$vector@V?$shared_ptr@Vany@std@@@std@@U?$STLAllocator@V?$shared_ptr@Vany@std@@@std@@@allocator@dvacore@@@std@@PEAV?$unordered_map@V?$basic_string@EU?$char_traits@E@std@@U?$STLAllocator@E@allocator@dvacore@@@std@@V?$shared_ptr@Vany@std@@@2@U?$hash@V?$basic_string@EU?$char_traits@E@std@@U?$STLAllocator@E@allocator@dvacore@@@std@@@2@U?$equal_to@V?$basic_string@EU?$char_traits@E@std@@U?$STLAllocator@E@allocator@dvacore@@@std@@@2@U?$STLAllocator@U?$pair@$$CBV?$basic_string@EU?$char_traits@E@std@@U?$STLAllocator@E@allocator@dvacore@@@std@@V?$shared_ptr@Vany@std@@@2@@std@@@allocator@dvacore@@@std@@PEAV567@@std@@
dvauxphost.dll,ascii,3517472,.?AVDVADevToolsClientDelegate@dvauxphost@@
dvauxphost.dll,ascii,3517856,.?AV?$_Func_impl_no_alloc@V<lambda_1>@?1??CreateMainThreadTaskQueue@?A0x765552c4@utilities@dvauxphost@@YA?AVtorq_task_queue_ref@api@torq@@XZ@X$$V@std@@
dvauxphost.dll,ascii,3518024,.?AVUxpAssertDelegate@utils@torq@@
dvauxphost.dll,ascii,3518080,.?AVUxpAssertDelegateImpl@utils@torq@@
dvauxphost.dll,ascii,3518144,.?AV?$_Ref_count_obj2@VUxpAssert@utils@torq@@@std@@
dvauxphost.dll,ascii,3518792,.?AValpaca_uxp_host_data_base@api_impl@torq@@
dvauxphost.dll,ascii,3518864,.?AV?$ref_counted@Valpaca_uxp_host_data_base@api_impl@torq@@@api_impl@torq@@
dvauxphost.dll,ascii,3519304,.?AValpaca_image_loader_base@api_impl@torq@@
dvauxphost.dll,ascii,3519376,.?AV?$ref_counted@Valpaca_image_loader_base@api_impl@torq@@@api_impl@torq@@
dvauxphost.dll,ascii,3524608,.?AValpaca_uxp_vulcan_host_delegate_base@api_impl@torq@@
dvauxphost.dll,ascii,3524688,.?AV?$ref_counted@Valpaca_uxp_vulcan_host_delegate_base@api_impl@torq@@@api_impl@torq@@
dvauxphost.dll,ascii,3524992,.?AValpaca_host_plugin_source_delegate_base@api_impl@torq@@
dvauxphost.dll,ascii,3525072,.?AV?$ref_counted@Valpaca_host_plugin_source_delegate_base@api_impl@torq@@@api_impl@torq@@
dvauxphost.dll,ascii,3525184,.?AValpaca_host_plugin_source_base@api_impl@torq@@
dvauxphost.dll,ascii,3525264,.?AV?$ref_counted@Valpaca_host_plugin_source_base@api_impl@torq@@@api_impl@torq@@
dvauxphost.dll,ascii,3525376,.?AValpaca_host_plugin_loader_delegate_base@api_impl@torq@@
dvauxphost.dll,ascii,3525456,.?AV?$ref_counted@Valpaca_host_plugin_loader_delegate_base@api_impl@torq@@@api_impl@torq@@
dvauxphost.dll,ascii,3525568,.?AValpaca_host_plugin_manager_base@api_impl@torq@@
dvauxphost.dll,ascii,3525648,.?AV?$ref_counted@Valpaca_host_plugin_manager_base@api_impl@torq@@@api_impl@torq@@
dvauxphost.dll,ascii,3526272,.?AValpaca_host_plugin_memory_delegate_base@api_impl@torq@@
dvauxphost.dll,ascii,3526352,.?AV?$ref_counted@Valpaca_host_plugin_memory_delegate_base@api_impl@torq@@@api_impl@torq@@
dvauxphost.dll,ascii,3528472,.?AVUxpDunamisAdapter@host_binding@torq@@
dvauxphost.dll,ascii,3528544,.?AVUxpVulcanControlImpl@jsbind@control@vulcan@@
dvauxphost.dll,ascii,3528624,.?AV?$enable_shared_from_this@VUxpVulcanControlImpl@jsbind@control@vulcan@@@std@@
dvauxphost.dll,ascii,3528896,.?AVUxpVulcanDispatcherImpl@jsbind@message@vulcan@@
dvauxphost.dll,ascii,3529288,.?AVUxpXMPDateTime@xmp@torq@@
dvauxphost.dll,ascii,3529336,.?AVUxpXMPFile@xmp@torq@@
dvauxphost.dll,ascii,3529384,.?AVUxpXMPMeta@xmp@torq@@
dvauxphost.dll,ascii,3529600,.?AV?$_Ref_count_obj2@VUxpDunamisAdapter@host_binding@torq@@@std@@
dvauxphost.dll,ascii,3529696,.?AV?$_Ref_count_obj2@VUxpVulcanControlImpl@jsbind@control@vulcan@@@std@@
dvauxphost.dll,ascii,3530192,.?AV?$_Ref_count_obj2@VUxpVulcanDispatcherImpl@jsbind@message@vulcan@@@std@@
dvauxphost.dll,ascii,3530512,.?AV?$_Ref_count_obj2@VUxpXMPDateTime@xmp@torq@@@std@@
dvauxphost.dll,ascii,3530784,.?AV?$_Ref_count_obj2@VUxpXMPFile@xmp@torq@@@std@@
dvauxphost.dll,ascii,3530992,.?AV?$_Ref_count_obj2@VUxpXMPMeta@xmp@torq@@@std@@
dvauxphost.dll,ascii,3531136,.?AV?$_Ref_count_obj2@VUxpXMPPacketInfo@xmp@torq@@@std@@
dvauxphost.dll,ascii,3531216,.?AV?$_Ref_count_obj2@VUxpXMPFileInfo@xmp@torq@@@std@@
dvauxphost.dll,ascii,3531424,.?AV?$_Ref_count_obj2@V?$UxpXMPProperty@V?$basic_string@DU?$char_traits@D@std@@V?$allocator@D@2@@std@@@xmp@torq@@@std@@
dvauxphost.dll,ascii,3531568,.?AV?$_Ref_count_obj2@V?$UxpXMPProperty@H@xmp@torq@@@std@@
dvauxphost.dll,ascii,3531648,.?AV?$_Ref_count_obj2@V?$UxpXMPProperty@N@xmp@torq@@@std@@
dvauxphost.dll,ascii,3531728,.?AV?$_Ref_count_obj2@V?$UxpXMPProperty@_N@xmp@torq@@@std@@
dvauxphost.dll,ascii,3531808,.?AV?$_Ref_count_obj2@V?$UxpXMPProperty@V?$shared_ptr@VUxpXMPDateTime@xmp@torq@@@std@@@xmp@torq@@@std@@
dvauxphost.dll,ascii,3531936,.?AV?$_Ref_count_obj2@VUxpXMPIterator@xmp@torq@@@std@@
dvauxphost.dll,ascii,3532016,.?AV?$_Func_impl_no_alloc@V<lambda_1>@?4??registerDunamisAdapterModule@UxpDunamisAdapterManager@host_binding@torq@@SA_NV?$shared_ptr@VISealContextHolder@host_binding@torq@@@std@@W4torq_plugin_type@@AEBVtorq_plugin_runtime_ref@api@5@@Z@PEAUnapi_value__@@PEAUnapi_env__@@@std@@
dvauxphost.dll,ascii,3532320,.?AV?$_Func_impl_no_alloc@V<lambda_1>@?4??registerDunamisApiProviderModule@DunamisApiProviderManager@host_binding@torq@@SA_NV?$shared_ptr@VISealContextHolder@host_binding@torq@@@std@@W4torq_plugin_type@@AEBVtorq_plugin_runtime_ref@api@5@@Z@PEAUnapi_value__@@PEAUnapi_env__@@@std@@
dvauxphost.dll,ascii,3532624,.?AV?$_Func_impl_no_alloc@V<lambda_1>@?4??registerHostModule@HostAPIManager@host_binding@torq@@SA_NV?$shared_ptr@VISealContextHolder@host_binding@torq@@@std@@W4torq_plugin_type@@AEBVtorq_plugin_runtime_ref@api@5@@Z@PEAUnapi_value__@@PEAUnapi_env__@@@std@@
dvauxphost.dll,ascii,3532896,.?AV?$_Func_impl_no_alloc@V<lambda_1>@?4??registerLicensingModule@LicensingAPIManager@host_binding@torq@@SA_NV?$shared_ptr@VISealContextHolder@host_binding@torq@@@std@@W4torq_plugin_type@@AEBVtorq_plugin_runtime_ref@api@5@@Z@PEAUnapi_value__@@PEAUnapi_env__@@@std@@
dvauxphost.dll,ascii,3533184,.?AV?$_Func_impl_no_alloc@V<lambda_1>@?1??registerVulcanModule@VulcanAPIManager@jsbind@vulcan@@SA_NV?$shared_ptr@VISealContextHolder@host_binding@torq@@@std@@AEBVtorq_plugin_runtime_ref@api@torq@@@Z@PEAUnapi_value__@@PEAUnapi_env__@@@std@@
dvauxphost.dll,ascii,3533440,.?AV?$_Func_impl_no_alloc@V<lambda_2>@?1??registerVulcanModule@VulcanAPIManager@jsbind@vulcan@@SA_NV?$shared_ptr@VISealContextHolder@host_binding@torq@@@std@@AEBVtorq_plugin_runtime_ref@api@torq@@@Z@PEAUnapi_value__@@PEAUnapi_env__@@@std@@
dvauxphost.dll,ascii,3533696,.?AV?$_Func_impl_no_alloc@V<lambda_1>@?1??getTargetSpecifiersEx@UxpVulcanControlImpl@jsbind@control@vulcan@@UEBA?AV?$shared_ptr@VPromise@seal_napi@torq@@@std@@XZ@X$$V@std@@
dvauxphost.dll,ascii,3533888,.?AV?$_Func_impl_no_alloc@V<lambda_1>@?1??launchAppEx@UxpVulcanControlImpl@jsbind@control@vulcan@@UEBA?AV?$shared_ptr@VPromise@seal_napi@torq@@@std@@AEBV?$basic_string@DU?$char_traits@D@std@@V?$allocator@D@2@@8@0_N0@Z@X$$V@std@@
dvauxphost.dll,ascii,3534144,.?AV?$_Func_impl_no_alloc@V<lambda_1>@?1??isAppInstalledEx@UxpVulcanControlImpl@jsbind@control@vulcan@@UEBA?AV?$shared_ptr@VPromise@seal_napi@torq@@@std@@AEBV?$basic_string@DU?$char_traits@D@std@@V?$allocator@D@2@@8@0@Z@X$$V@std@@
dvauxphost.dll,ascii,3534400,.?AV?$_Func_impl_no_alloc@V<lambda_1>@?1??isAppRunningEx@UxpVulcanControlImpl@jsbind@control@vulcan@@UEBA?AV?$shared_ptr@VPromise@seal_napi@torq@@@std@@AEBV?$basic_string@DU?$char_traits@D@std@@V?$allocator@D@2@@8@0@Z@X$$V@std@@
dvauxphost.dll,ascii,3534656,.?AV?$_Func_impl_no_alloc@V<lambda_1>@?1??getAppPathEx@UxpVulcanControlImpl@jsbind@control@vulcan@@UEBA?AV?$shared_ptr@VPromise@seal_napi@torq@@@std@@AEBV?$basic_string@DU?$char_traits@D@std@@V?$allocator@D@2@@8@0@Z@X$$V@std@@
dvauxphost.dll,ascii,3534912,.?AV?$_Func_impl_no_alloc@V<lambda_1>@?1??getProcessIdEx@UxpVulcanControlImpl@jsbind@control@vulcan@@UEBA?AV?$shared_ptr@VPromise@seal_napi@torq@@@std@@AEBV?$basic_string@DU?$char_traits@D@std@@V?$allocator@D@2@@8@0@Z@X$$V@std@@
dvauxphost.dll,ascii,3535168,.?AV?$_Func_impl_no_alloc@V<lambda_1>@?1??dispatchEvent@UxpVulcanDispatcherImpl@jsbind@message@vulcan@@UEAA?AV?$shared_ptr@VPromise@seal_napi@torq@@@std@@AEAVTorqCallbackInfo@seal_napi@torq@@AEBQEAUnapi_value__@@1@Z@X$$V@std@@
dvauxphost.dll,ascii,3535424,.?AV?$_Func_impl_no_alloc@V<lambda_1>@?1??getEndPoints@UxpVulcanDispatcherImpl@jsbind@message@vulcan@@UEAA?AV?$shared_ptr@VPromise@seal_napi@torq@@@std@@AEAVTorqCallbackInfo@seal_napi@torq@@@Z@X$$V@std@@
dvauxphost.dll,ascii,3535648,.?AV?$_Func_impl_no_alloc@V<lambda_1>@?1??registerXMPModule@XMPModuleManager@host_binding@torq@@SA_NV?$shared_ptr@VISealContextHolder@host_binding@torq@@@std@@AEBVtorq_plugin_runtime_ref@api@5@@Z@PEAUnapi_value__@@PEAUnapi_env__@@@std@@
dvauxphost.dll,ascii,3537040,.?AU?$LambdaFunctionHelper@V<lambda_1>@?1???$toMethod@AEAVTorqCallbackInfo@seal_napi@torq@@AEBV?$shared_ptr@VUxpXMPMeta@xmp@torq@@@std@@AEBV45@I@seal_napi@torq@@YA?A_PP6AXAEAVTorqCallbackInfo@23@AEBV?$shared_ptr@VUxpXMPMeta@xmp@torq@@@std@@1I@Z@Z@P81?1???$toMethod@AEAVTorqCallbackInfo@seal_napi@torq@@AEBV?$shared_ptr@VUxpXMPMeta@xmp@torq@@@std@@AEBV45@I@23@YA?A_P2@Z@EBAXAEBV423@011$$QEAI@Z@seal_napi@torq@@
dvauxphost.dll,ascii,3537936,.?AU?$LambdaFunctionHelper@V<lambda_1>@?1???$toMethod@VUxpXMPMeta@xmp@torq@@AEAVTorqCallbackInfo@seal_napi@3@AEBV?$basic_string@DU?$char_traits@D@std@@V?$allocator@D@2@@std@@AEBV67@AEBQEAUnapi_value__@@IAEBV67@@seal_napi@torq@@YA?A_PP8UxpXMPMeta@xmp@3@EBAXAEAVTorqCallbackInfo@23@AEBV?$basic_string@DU?$char_traits@D@std@@V?$allocator@D@2@@std@@1AEBQEAUnapi_value__@@I1@Z@Z@P81?1???$toMethod@VUxpXMPMeta@xmp@torq@@AEAVTorqCallbackInfo@seal_napi@3@AEBV?$basic_string@DU?$char_traits@D@std@@V?$allocator@D@2@@std@@AEBV67@AEBQEAUnapi_value__@@IAEBV67@@23@YA?A_P3@Z@EBAX00112$$QEAI1@Z@seal_napi@torq@@
dvauxphost.dll,ascii,3538560,.?AU?$LambdaFunctionHelper@V<lambda_1>@?1???$toMethod@PEAUnapi_value__@@VUxpXMPIterator@xmp@torq@@AEAVTorqCallbackInfo@seal_napi@4@@seal_napi@torq@@YA?A_PP8UxpXMPIterator@xmp@3@EBAPEAUnapi_value__@@AEAVTorqCallbackInfo@23@@Z@Z@P81?1???$toMethod@PEAUnapi_value__@@VUxpXMPIterator@xmp@torq@@AEAVTorqCallbackInfo@seal_napi@4@@23@YA?A_P1@Z@EBAPEAU6@00@Z@seal_napi@torq@@
dvauxphost.dll,ascii,3539536,.?AU?$LambdaFunctionHelper@V<lambda_1>@?1???$toMethod@VUxpXMPFile@xmp@torq@@AEAVTorqCallbackInfo@seal_napi@3@I@seal_napi@torq@@YA?A_PP8UxpXMPFile@xmp@3@EBAXAEAVTorqCallbackInfo@23@I@Z@Z@P81?1???$toMethod@VUxpXMPFile@xmp@torq@@AEAVTorqCallbackInfo@seal_napi@3@I@23@YA?A_P1@Z@EBAX00$$QEAI@Z@seal_napi@torq@@
dvauxphost.dll,ascii,3539872,.?AU?$LambdaFunctionHelper@V<lambda_1>@?1???$toMethod@PEAUnapi_value__@@VUxpXMPPacketInfo@xmp@torq@@AEAVTorqCallbackInfo@seal_napi@4@@seal_napi@torq@@YA?A_PP8UxpXMPPacketInfo@xmp@3@EBAPEAUnapi_value__@@AEAVTorqCallbackInfo@23@@Z@Z@P81?1???$toMethod@PEAUnapi_value__@@VUxpXMPPacketInfo@xmp@torq@@AEAVTorqCallbackInfo@seal_napi@4@@23@YA?A_P1@Z@EBAPEAU6@00@Z@seal_napi@torq@@
dvauxphost.dll,ascii,3540272,.?AU?$LambdaFunctionHelper@V<lambda_1>@?1???$toMethod@PEAUnapi_value__@@VUxpXMPFileInfo@xmp@torq@@AEAVTorqCallbackInfo@seal_napi@4@@seal_napi@torq@@YA?A_PP8UxpXMPFileInfo@xmp@3@EBAPEAUnapi_value__@@AEAVTorqCallbackInfo@23@@Z@Z@P81?1???$toMethod@PEAUnapi_value__@@VUxpXMPFileInfo@xmp@torq@@AEAVTorqCallbackInfo@seal_napi@4@@23@YA?A_P1@Z@EBAPEAU6@00@Z@seal_napi@torq@@
dvauxphost.dll,ascii,3540656,.?AU?$LambdaFunctionHelper@V<lambda_1>@?1???$toMethod@PEAUnapi_value__@@VUxpXMPDateTime@xmp@torq@@AEAVTorqCallbackInfo@seal_napi@4@AEBV?$shared_ptr@VUxpXMPDateTime@xmp@torq@@@std@@@seal_napi@torq@@YA?A_PP8UxpXMPDateTime@xmp@3@EBAPEAUnapi_value__@@AEAVTorqCallbackInfo@23@AEBV?$shared_ptr@VUxpXMPDateTime@xmp@torq@@@std@@@Z@Z@P81?1???$toMethod@PEAUnapi_value__@@VUxpXMPDateTime@xmp@torq@@AEAVTorqCallbackInfo@seal_napi@4@AEBV?$shared_ptr@VUxpXMPDateTime@xmp@torq@@@std@@@23@YA?A_P2@Z@EBAPEAU6@001@Z@seal_napi@torq@@
dvauxphost.dll,ascii,3541200,.?AU?$LambdaFunctionHelper@V<lambda_1>@?1???$toMethod@VUxpXMPDateTime@xmp@torq@@AEAVTorqCallbackInfo@seal_napi@3@AEBQEAUnapi_value__@@@seal_napi@torq@@YA?A_PP8UxpXMPDateTime@xmp@3@EBAXAEAVTorqCallbackInfo@23@AEBQEAUnapi_value__@@@Z@Z@P81?1???$toMethod@VUxpXMPDateTime@xmp@torq@@AEAVTorqCallbackInfo@seal_napi@3@AEBQEAUnapi_value__@@@23@YA?A_P2@Z@EBAX001@Z@seal_napi@torq@@
dvauxphost.dll,ascii,3541600,.?AU?$LambdaFunctionHelper@V<lambda_1>@?1???$toMethod@PEAUnapi_value__@@VUxpXMPDateTime@xmp@torq@@AEAVTorqCallbackInfo@seal_napi@4@@seal_napi@torq@@YA?A_PP8UxpXMPDateTime@xmp@3@EBAPEAUnapi_value__@@AEAVTorqCallbackInfo@23@@Z@Z@P81?1???$toMethod@PEAUnapi_value__@@VUxpXMPDateTime@xmp@torq@@AEAVTorqCallbackInfo@seal_napi@4@@23@YA?A_P1@Z@EBAPEAU6@00@Z@seal_napi@torq@@
dvauxphost.dll,ascii,3541984,.?AU?$LambdaFunctionHelper@V<lambda_71>@?1??createXMPConstJSObject@UxpXMPConst@xmp@torq@@SAPEAUnapi_value__@@AEBV?$shared_ptr@VContext@seal_napi@torq@@@std@@@Z@P81?1??2345@SAPEAU6@0@Z@EBAIXZ@seal_napi@torq@@
dvauxphost.dll,ascii,3542208,.?AU?$LambdaFunctionHelper@V<lambda_1>@?1??createXMPConstJSObject@UxpXMPConst@xmp@torq@@SAPEAUnapi_value__@@AEBV?$shared_ptr@VContext@seal_napi@torq@@@std@@@Z@P81?1??2345@SAPEAU6@0@Z@EBAPEBDXZ@seal_napi@torq@@
dvauxphost.dll,ascii,3544000,.?AU?$LambdaFunctionHelper@V<lambda_1>@?1???$toMethod@AEBV?$vector@V?$basic_string@DU?$char_traits@D@std@@V?$allocator@D@2@@std@@V?$allocator@V?$basic_string@DU?$char_traits@D@std@@V?$allocator@D@2@@std@@@2@@std@@VUxpDunamisAdapter@host_binding@torq@@$$V@seal_napi@torq@@YA?A_PP8UxpDunamisAdapter@host_binding@3@EAAAEBV?$vector@V?$basic_string@DU?$char_traits@D@std@@V?$allocator@D@2@@std@@V?$allocator@V?$basic_string@DU?$char_traits@D@std@@V?$allocator@D@2@@std@@@2@@std@@XZ@Z@P81?1???$toMethod@AEBV?$vector@V?$basic_string@DU?$char_traits@D@std@@V?$allocator@D@2@@std@@V?$allocator@V?$basic_string@DU?$char_traits@D@std@@V?$allocator@D@2@@std@@@2@@std@@VUxpDunamisAdapter@host_binding@torq@@$$V@23@YA?A_P0@Z@EBAPEAUnapi_value__@@AEAVTorqCallbackInfo@23@@Z@seal_napi@torq@@
dvauxphost.dll,ascii,3548096,.?AU?$LambdaFunctionHelper@V<lambda_1>@?1???$toMethod@PEAUnapi_value__@@AEAVTorqCallbackInfo@seal_napi@torq@@AEBV?$shared_ptr@VUxpXMPMeta@xmp@torq@@@std@@V?$basic_string@DU?$char_traits@D@std@@V?$allocator@D@2@@6@V76@V76@V76@I@seal_napi@torq@@YA?A_PP6APEAUnapi_value__@@AEAVTorqCallbackInfo@23@AEBV?$shared_ptr@VUxpXMPMeta@xmp@torq@@@std@@V?$basic_string@DU?$char_traits@D@std@@V?$allocator@D@2@@7@222I@Z@Z@P81?1???$toMethod@PEAUnapi_value__@@AEAVTorqCallbackInfo@seal_napi@torq@@AEBV?$shared_ptr@VUxpXMPMeta@xmp@torq@@@std@@V?$basic_string@DU?$char_traits@D@std@@V?$allocator@D@2@@6@V76@V76@V76@I@23@YA?A_P3@Z@EBAPEAU4@001$$QEAV87@444$$QEAI@Z@seal_napi@torq@@
dvauxphost.dll,ascii,3548784,.?AU?$LambdaFunctionHelper@V<lambda_1>@?1???$toMethod@PEAUnapi_value__@@VUxpXMPMeta@xmp@torq@@AEAVTorqCallbackInfo@seal_napi@4@AEBV?$basic_string@DU?$char_traits@D@std@@V?$allocator@D@2@@std@@AEBV78@AEBV78@@seal_napi@torq@@YA?A_PP8UxpXMPMeta@xmp@3@EBAPEAUnapi_value__@@AEAVTorqCallbackInfo@23@AEBV?$basic_string@DU?$char_traits@D@std@@V?$allocator@D@2@@std@@11@Z@Z@P81?1???$toMethod@PEAUnapi_value__@@VUxpXMPMeta@xmp@torq@@AEAVTorqCallbackInfo@seal_napi@4@AEBV?$basic_string@DU?$char_traits@D@std@@V?$allocator@D@2@@std@@AEBV78@AEBV78@@23@YA?A_P2@Z@EBAPEAU6@00111@Z@seal_napi@torq@@
dvauxphost.dll,ascii,3549392,.?AU?$LambdaFunctionHelper@V<lambda_1>@?1???$toMethod@VUxpXMPIterator@xmp@torq@@AEAVTorqCallbackInfo@seal_napi@3@@seal_napi@torq@@YA?A_PP8UxpXMPIterator@xmp@3@EBAXAEAVTorqCallbackInfo@23@@Z@Z@P81?1???$toMethod@VUxpXMPIterator@xmp@torq@@AEAVTorqCallbackInfo@seal_napi@3@@23@YA?A_P1@Z@EBAX00@Z@seal_napi@torq@@
dvauxphost.dll,ascii,3549728,.?AU?$LambdaFunctionHelper@V<lambda_1>@?1???$toMethod@PEAUnapi_value__@@VUxpXMPFile@xmp@torq@@AEAVTorqCallbackInfo@seal_napi@4@@seal_napi@torq@@YA?A_PP8UxpXMPFile@xmp@3@EBAPEAUnapi_value__@@AEAVTorqCallbackInfo@23@@Z@Z@P81?1???$toMethod@PEAUnapi_value__@@VUxpXMPFile@xmp@torq@@AEAVTorqCallbackInfo@seal_napi@4@@23@YA?A_P1@Z@EBAPEAU6@00@Z@seal_napi@torq@@
dvauxphost.dll,ascii,3550112,.?AU?$LambdaFunctionHelper@V<lambda_1>@?1???$toMethod@VUxpXMPDateTime@xmp@torq@@AEAVTorqCallbackInfo@seal_napi@3@@seal_napi@torq@@YA?A_PP8UxpXMPDateTime@xmp@3@EBAXAEAVTorqCallbackInfo@23@@Z@Z@P81?1???$toMethod@VUxpXMPDateTime@xmp@torq@@AEAVTorqCallbackInfo@seal_napi@3@@23@YA?A_P1@Z@EBAX00@Z@seal_napi@torq@@
dvauxphost.dll,ascii,3550448,.?AU?$LambdaFunctionHelper@V<lambda_72>@?1??createXMPConstJSObject@UxpXMPConst@xmp@torq@@SAPEAUnapi_value__@@AEBV?$shared_ptr@VContext@seal_napi@torq@@@std@@@Z@P81?1??2345@SAPEAU6@0@Z@EBAIXZ@seal_napi@torq@@
dvauxphost.dll,ascii,3550672,.?AU?$LambdaFunctionHelper@V<lambda_2>@?1??createXMPConstJSObject@UxpXMPConst@xmp@torq@@SAPEAUnapi_value__@@AEBV?$shared_ptr@VContext@seal_napi@torq@@@std@@@Z@P81?1??2345@SAPEAU6@0@Z@EBAPEBDXZ@seal_napi@torq@@
dvauxphost.dll,ascii,3550912,.?AU?$LambdaFunctionHelper@V<lambda_1>@?1???$toMethod@V?$shared_ptr@VPromise@seal_napi@torq@@@std@@VUxpDunamisAdapter@host_binding@torq@@AEAVTorqCallbackInfo@seal_napi@5@AEBV?$vector@V?$basic_string@DU?$char_traits@D@std@@V?$allocator@D@2@@std@@V?$allocator@V?$basic_string@DU?$char_traits@D@std@@V?$allocator@D@2@@std@@@2@@2@AEBV82@AEBV?$shared_ptr@VIDunamisAPI@host_binding@torq@@@2@AEBV?$basic_string@DU?$char_traits@D@std@@V?$allocator@D@2@@2@@seal_napi@torq@@YA?A_PP8UxpDunamisAdapter@host_binding@3@EAA?AV?$shared_ptr@VPromise@seal_napi@torq@@@std@@AEAVTorqCallbackInfo@23@AEBV?$vector@V?$basic_string@DU?$char_traits@D@std@@V?$allocator@D@2@@std@@V?$allocator@V?$basic_string@DU?$char_traits@D@std@@V?$allocator@D@2@@std@@@2@@7@1AEBV?$shared_ptr@VIDunamisAPI@host_binding@torq@@@7@AEBV?$basic_string@DU?$char_traits@D@std@@V?$allocator@D@2@@7@@Z@Z@P81?1???$toMethod@V?$shared_ptr@VPromise@seal_napi@torq@@@std@@VUxpDunamisAdapter@host_binding@torq@@AEAVTorqCallbackInfo@seal_napi@5@AEBV?$vector@V?$basic_string@DU?$char_traits@D@std@@V?$allocator@D@2@@std@@V?$allocator@V?$basic_string@DU?$char_traits@D@std@@V?$allocator@D@2@@std@@@2@@2@AEBV82@AEBV?$shared_ptr@VIDunamisAPI@host_binding@torq@
dvauxphost.dll,ascii,3557072,.?AU?$LambdaFunctionHelper@V<lambda_1>@?1???$toMethod@VUxpXMPMeta@xmp@torq@@AEAVTorqCallbackInfo@seal_napi@3@AEBV?$basic_string@DU?$char_traits@D@std@@V?$allocator@D@2@@std@@AEBV67@@seal_napi@torq@@YA?A_PP8UxpXMPMeta@xmp@3@EBAXAEAVTorqCallbackInfo@23@AEBV?$basic_string@DU?$char_traits@D@std@@V?$allocator@D@2@@std@@1@Z@Z@P81?1???$toMethod@VUxpXMPMeta@xmp@torq@@AEAVTorqCallbackInfo@seal_napi@3@AEBV?$basic_string@DU?$char_traits@D@std@@V?$allocator@D@2@@std@@AEBV67@@23@YA?A_P2@Z@EBAX0011@Z@seal_napi@torq@@
dvauxphost.dll,ascii,3557600,.?AU?$LambdaFunctionHelper@V<lambda_73>@?1??createXMPConstJSObject@UxpXMPConst@xmp@torq@@SAPEAUnapi_value__@@AEBV?$shared_ptr@VContext@seal_napi@torq@@@std@@@Z@P81?1??2345@SAPEAU6@0@Z@EBAIXZ@seal_napi@torq@@
dvauxphost.dll,ascii,3557824,.?AU?$LambdaFunctionHelper@V<lambda_3>@?1??createXMPConstJSObject@UxpXMPConst@xmp@torq@@SAPEAUnapi_value__@@AEBV?$shared_ptr@VContext@seal_napi@torq@@@std@@@Z@P81?1??2345@SAPEAU6@0@Z@EBAPEBDXZ@seal_napi@torq@@
dvauxphost.dll,ascii,3558608,.?AU?$LambdaFunctionHelper@V<lambda_1>@?1???$toMethod@V?$shared_ptr@VPromise@seal_napi@torq@@@std@@VUxpDunamisAdapter@host_binding@torq@@AEAVTorqCallbackInfo@seal_napi@5@AEBV?$basic_string@DU?$char_traits@D@std@@V?$allocator@D@2@@2@AEBV?$shared_ptr@VIDunamisAPI@host_binding@torq@@@2@AEBV82@@seal_napi@torq@@YA?A_PP8UxpDunamisAdapter@host_binding@3@EAA?AV?$shared_ptr@VPromise@seal_napi@torq@@@std@@AEAVTorqCallbackInfo@23@AEBV?$basic_string@DU?$char_traits@D@std@@V?$allocator@D@2@@7@AEBV?$shared_ptr@VIDunamisAPI@host_binding@torq@@@7@1@Z@Z@P81?1???$toMethod@V?$shared_ptr@VPromise@seal_napi@torq@@@std@@VUxpDunamisAdapter@host_binding@torq@@AEAVTorqCallbackInfo@seal_napi@5@AEBV?$basic_string@DU?$char_traits@D@std@@V?$allocator@D@2@@2@AEBV?$shared_ptr@VIDunamisAPI@host_binding@torq@@@2@AEBV82@@23@YA?A_P3@Z@EBAPEAUnapi_value__@@00121@Z@seal_napi@torq@@
dvauxphost.dll,ascii,3562160,.?AU?$LambdaFunctionHelper@V<lambda_1>@?1???$toMethod@PEAUnapi_value__@@V?$UxpXMPProperty@V?$basic_string@DU?$char_traits@D@std@@V?$allocator@D@2@@std@@@xmp@torq@@AEAVTorqCallbackInfo@seal_napi@4@@seal_napi@torq@@YA?A_PP8?$UxpXMPProperty@V?$basic_string@DU?$char_traits@D@std@@V?$allocator@D@2@@std@@@xmp@3@EBAPEAUnapi_value__@@AEAVTorqCallbackInfo@23@@Z@Z@P81?1???$toMethod@PEAUnapi_value__@@V?$UxpXMPProperty@V?$basic_string@DU?$char_traits@D@std@@V?$allocator@D@2@@std@@@xmp@torq@@AEAVTorqCallbackInfo@seal_napi@4@@23@YA?A_P1@Z@EBAPEAU6@00@Z@seal_napi@torq@@
dvauxphost.dll,ascii,3562752,.?AU?$LambdaFunctionHelper@V<lambda_1>@?1???$toMethod@PEAUnapi_value__@@V?$UxpXMPProperty@H@xmp@torq@@AEAVTorqCallbackInfo@seal_napi@4@@seal_napi@torq@@YA?A_PP8?$UxpXMPProperty@H@xmp@3@EBAPEAUnapi_value__@@AEAVTorqCallbackInfo@23@@Z@Z@P81?1???$toMethod@PEAUnapi_value__@@V?$UxpXMPProperty@H@xmp@torq@@AEAVTorqCallbackInfo@seal_napi@4@@23@YA?A_P1@Z@EBAPEAU6@00@Z@seal_napi@torq@@
dvauxphost.dll,ascii,3563152,.?AU?$LambdaFunctionHelper@V<lambda_1>@?1???$toMethod@PEAUnapi_value__@@V?$UxpXMPProperty@N@xmp@torq@@AEAVTorqCallbackInfo@seal_napi@4@@seal_napi@torq@@YA?A_PP8?$UxpXMPProperty@N@xmp@3@EBAPEAUnapi_value__@@AEAVTorqCallbackInfo@23@@Z@Z@P81?1???$toMethod@PEAUnapi_value__@@V?$UxpXMPProperty@N@xmp@torq@@AEAVTorqCallbackInfo@seal_napi@4@@23@YA?A_P1@Z@EBAPEAU6@00@Z@seal_napi@torq@@
dvauxphost.dll,ascii,3563552,.?AU?$LambdaFunctionHelper@V<lambda_1>@?1???$toMethod@PEAUnapi_value__@@V?$UxpXMPProperty@_N@xmp@torq@@AEAVTorqCallbackInfo@seal_napi@4@@seal_napi@torq@@YA?A_PP8?$UxpXMPProperty@_N@xmp@3@EBAPEAUnapi_value__@@AEAVTorqCallbackInfo@23@@Z@Z@P81?1???$toMethod@PEAUnapi_value__@@V?$UxpXMPProperty@_N@xmp@torq@@AEAVTorqCallbackInfo@seal_napi@4@@23@YA?A_P1@Z@EBAPEAU6@00@Z@seal_napi@torq@@
dvauxphost.dll,ascii,3563952,.?AU?$LambdaFunctionHelper@V<lambda_1>@?1???$toMethod@PEAUnapi_value__@@V?$UxpXMPProperty@V?$shared_ptr@VUxpXMPDateTime@xmp@torq@@@std@@@xmp@torq@@AEAVTorqCallbackInfo@seal_napi@4@@seal_napi@torq@@YA?A_PP8?$UxpXMPProperty@V?$shared_ptr@VUxpXMPDateTime@xmp@torq@@@std@@@xmp@3@EBAPEAUnapi_value__@@AEAVTorqCallbackInfo@23@@Z@Z@P81?1???$toMethod@PEAUnapi_value__@@V?$UxpXMPProperty@V?$shared_ptr@VUxpXMPDateTime@xmp@torq@@@std@@@xmp@torq@@AEAVTorqCallbackInfo@seal_napi@4@@23@YA?A_P1@Z@EBAPEAU6@00@Z@seal_napi@torq@@
dvauxphost.dll,ascii,3565056,.?AU?$LambdaFunctionHelper@V<lambda_1>@?1???$toMethod@_NVUxpXMPMeta@xmp@torq@@AEAVTorqCallbackInfo@seal_napi@3@AEBV?$basic_string@DU?$char_traits@D@std@@V?$allocator@D@2@@std@@AEBV67@@seal_napi@torq@@YA?A_PP8UxpXMPMeta@xmp@3@EBA_NAEAVTorqCallbackInfo@23@AEBV?$basic_string@DU?$char_traits@D@std@@V?$allocator@D@2@@std@@1@Z@Z@P81?1???$toMethod@_NVUxpXMPMeta@xmp@torq@@AEAVTorqCallbackInfo@seal_napi@3@AEBV?$basic_string@DU?$char_traits@D@std@@V?$allocator@D@2@@std@@AEBV67@@23@YA?A_P2@Z@EBAPEAUnapi_value__@@0011@Z@seal_napi@torq@@
dvauxphost.dll,ascii,3565616,.?AU?$LambdaFunctionHelper@V<lambda_74>@?1??createXMPConstJSObject@UxpXMPConst@xmp@torq@@SAPEAUnapi_value__@@AEBV?$shared_ptr@VContext@seal_napi@torq@@@std@@@Z@P81?1??2345@SAPEAU6@0@Z@EBAIXZ@seal_napi@torq@@
dvauxphost.dll,ascii,3565840,.?AU?$LambdaFunctionHelper@V<lambda_4>@?1??createXMPConstJSObject@UxpXMPConst@xmp@torq@@SAPEAUnapi_value__@@AEBV?$shared_ptr@VContext@seal_napi@torq@@@std@@@Z@P81?1??2345@SAPEAU6@0@Z@EBAPEBDXZ@seal_napi@torq@@
dvauxphost.dll,ascii,3566080,.?AU?$LambdaFunctionHelper@V<lambda_1>@?1???$toMethod@V?$shared_ptr@VPromise@seal_napi@torq@@@std@@VUxpDunamisAdapter@host_binding@torq@@AEAVTorqCallbackInfo@seal_napi@5@AEBQEAUnapi_value__@@AEBV?$shared_ptr@VIDunamisAPI@host_binding@torq@@@2@@seal_napi@torq@@YA?A_PP8UxpDunamisAdapter@host_binding@3@EAA?AV?$shared_ptr@VPromise@seal_napi@torq@@@std@@AEAVTorqCallbackInfo@23@AEBQEAUnapi_value__@@AEBV?$shared_ptr@VIDunamisAPI@host_binding@torq@@@7@@Z@Z@P81?1???$toMethod@V?$shared_ptr@VPromise@seal_napi@torq@@@std@@VUxpDunamisAdapter@host_binding@torq@@AEAVTorqCallbackInfo@seal_napi@5@AEBQEAUnapi_value__@@AEBV?$shared_ptr@VIDunamisAPI@host_binding@torq@@@2@@23@YA?A_P3@Z@EBAPEAU9@0012@Z@seal_napi@torq@@
dvauxphost.dll,ascii,3568608,.?AU?$LambdaFunctionHelper@V<lambda_1>@?1???$toMethod@VUxpXMPMeta@xmp@torq@@AEAVTorqCallbackInfo@seal_napi@3@AEBV?$basic_string@DU?$char_traits@D@std@@V?$allocator@D@2@@std@@AEBV67@AEBV67@AEBV67@AEBV67@I@seal_napi@torq@@YA?A_PP8UxpXMPMeta@xmp@3@EBAXAEAVTorqCallbackInfo@23@AEBV?$basic_string@DU?$char_traits@D@std@@V?$allocator@D@2@@std@@1111I@Z@Z@P81?1???$toMethod@VUxpXMPMeta@xmp@torq@@AEAVTorqCallbackInfo@seal_napi@3@AEBV?$basic_string@DU?$char_traits@D@std@@V?$allocator@D@2@@std@@AEBV67@AEBV67@AEBV67@AEBV67@I@23@YA?A_P2@Z@EBAX0011111$$QEAI@Z@seal_napi@torq@@
dvauxphost.dll,ascii,3569200,.?AU?$LambdaFunctionHelper@V<lambda_1>@?1???$toMethod@VUxpXMPFile@xmp@torq@@AEAVTorqCallbackInfo@seal_napi@3@AEBQEAUnapi_value__@@@seal_napi@torq@@YA?A_PP8UxpXMPFile@xmp@3@EBAXAEAVTorqCallbackInfo@23@AEBQEAUnapi_value__@@@Z@Z@P81?1???$toMethod@VUxpXMPFile@xmp@torq@@AEAVTorqCallbackInfo@seal_napi@3@AEBQEAUnapi_value__@@@23@YA?A_P2@Z@EBAX001@Z@seal_napi@torq@@
dvauxphost.dll,ascii,3569584,.?AU?$LambdaFunctionHelper@V<lambda_75>@?1??createXMPConstJSObject@UxpXMPConst@xmp@torq@@SAPEAUnapi_value__@@AEBV?$shared_ptr@VContext@seal_napi@torq@@@std@@@Z@P81?1??2345@SAPEAU6@0@Z@EBAIXZ@seal_napi@torq@@
dvauxphost.dll,ascii,3569808,.?AU?$LambdaFunctionHelper@V<lambda_5>@?1??createXMPConstJSObject@UxpXMPConst@xmp@torq@@SAPEAUnapi_value__@@AEBV?$shared_ptr@VContext@seal_napi@torq@@@std@@@Z@P81?1??2345@SAPEAU6@0@Z@EBAPEBDXZ@seal_napi@torq@@
dvauxphost.dll,ascii,3570576,.?AU?$LambdaFunctionHelper@V<lambda_1>@?1???$toMethod@V?$shared_ptr@VPromise@seal_napi@torq@@@std@@VUxpDunamisAdapter@host_binding@torq@@AEAVTorqCallbackInfo@seal_napi@5@AEBV?$shared_ptr@VIDunamisAPI@host_binding@torq@@@2@@seal_napi@torq@@YA?A_PP8UxpDunamisAdapter@host_binding@3@EAA?AV?$shared_ptr@VPromise@seal_napi@torq@@@std@@AEAVTorqCallbackInfo@23@AEBV?$shared_ptr@VIDunamisAPI@host_binding@torq@@@7@@Z@Z@P81?1???$toMethod@V?$shared_ptr@VPromise@seal_napi@torq@@@std@@VUxpDunamisAdapter@host_binding@torq@@AEAVTorqCallbackInfo@seal_napi@5@AEBV?$shared_ptr@VIDunamisAPI@host_binding@torq@@@2@@23@YA?A_P2@Z@EBAPEAUnapi_value__@@001@Z@seal_napi@torq@@
dvauxphost.dll,ascii,3571792,.?AU?$LambdaFunctionHelper@V<lambda_1>@?1???$toMethod@PEAUnapi_value__@@VUxpXMPMeta@xmp@torq@@AEAVTorqCallbackInfo@seal_napi@4@AEBV?$basic_string@DU?$char_traits@D@std@@V?$allocator@D@2@@std@@AEBV78@AEBV78@AEBV78@@seal_napi@torq@@YA?A_PP8UxpXMPMeta@xmp@3@EBAPEAUnapi_value__@@AEAVTorqCallbackInfo@23@AEBV?$basic_string@DU?$char_traits@D@std@@V?$allocator@D@2@@std@@111@Z@Z@P81?1???$toMethod@PEAUnapi_value__@@VUxpXMPMeta@xmp@torq@@AEAVTorqCallbackInfo@seal_napi@4@AEBV?$basic_string@DU?$char_traits@D@std@@V?$allocator@D@2@@std@@AEBV78@AEBV78@AEBV78@@23@YA?A_P2@Z@EBAPEAU6@001111@Z@seal_napi@torq@@
dvauxphost.dll,ascii,3572416,.?AU?$LambdaFunctionHelper@V<lambda_1>@?1???$toMethod@_NVUxpXMPFile@xmp@torq@@AEAVTorqCallbackInfo@seal_napi@3@AEBQEAUnapi_value__@@@seal_napi@torq@@YA?A_PP8UxpXMPFile@xmp@3@EBA_NAEAVTorqCallbackInfo@23@AEBQEAUnapi_value__@@@Z@Z@P81?1???$toMethod@_NVUxpXMPFile@xmp@torq@@AEAVTorqCallbackInfo@seal_napi@3@AEBQEAUnapi_value__@@@23@YA?A_P2@Z@EBAPEAU7@001@Z@seal_napi@torq@@
dvauxphost.dll,ascii,3572816,.?AU?$LambdaFunctionHelper@V<lambda_76>@?1??createXMPConstJSObject@UxpXMPConst@xmp@torq@@SAPEAUnapi_value__@@AEBV?$shared_ptr@VContext@seal_napi@torq@@@std@@@Z@P81?1??2345@SAPEAU6@0@Z@EBAIXZ@seal_napi@torq@@
dvauxphost.dll,ascii,3573040,.?AU?$LambdaFunctionHelper@V<lambda_6>@?1??createXMPConstJSObject@UxpXMPConst@xmp@torq@@SAPEAUnapi_value__@@AEBV?$shared_ptr@VContext@seal_napi@torq@@@std@@@Z@P81?1??2345@SAPEAU6@0@Z@EBAPEBDXZ@seal_napi@torq@@
dvauxphost.dll,ascii,3573280,.?AU?$LambdaFunctionHelper@V<lambda_1>@?1???$toMethod@VUxpXMPMeta@xmp@torq@@AEAVTorqCallbackInfo@seal_napi@3@AEBV?$basic_string@DU?$char_traits@D@std@@V?$allocator@D@2@@std@@AEBV67@AEBV67@AEBV67@@seal_napi@torq@@YA?A_PP8UxpXMPMeta@xmp@3@EBAXAEAVTorqCallbackInfo@23@AEBV?$basic_string@DU?$char_traits@D@std@@V?$allocator@D@2@@std@@111@Z@Z@P81?1???$toMethod@VUxpXMPMeta@xmp@torq@@AEAVTorqCallbackInfo@seal_napi@3@AEBV?$basic_string@DU?$char_traits@D@std@@V?$allocator@D@2@@std@@AEBV67@AEBV67@AEBV67@@23@YA?A_P2@Z@EBAX001111@Z@seal_napi@torq@@
dvauxphost.dll,ascii,3573840,.?AU?$LambdaFunctionHelper@V<lambda_77>@?1??createXMPConstJSObject@UxpXMPConst@xmp@torq@@SAPEAUnapi_value__@@AEBV?$shared_ptr@VContext@seal_napi@torq@@@std@@@Z@P81?1??2345@SAPEAU6@0@Z@EBAHXZ@seal_napi@torq@@
dvauxphost.dll,ascii,3574064,.?AU?$LambdaFunctionHelper@V<lambda_7>@?1??createXMPConstJSObject@UxpXMPConst@xmp@torq@@SAPEAUnapi_value__@@AEBV?$shared_ptr@VContext@seal_napi@torq@@@std@@@Z@P81?1??2345@SAPEAU6@0@Z@EBAPEBDXZ@seal_napi@torq@@
dvauxphost.dll,ascii,3574688,.?AU?$LambdaFunctionHelper@V<lambda_1>@?1???$toMethod@AEAVTorqCallbackInfo@seal_napi@torq@@AEBV?$shared_ptr@VUxpXMPMeta@xmp@torq@@@std@@AEBV45@V?$basic_string@DU?$char_traits@D@std@@V?$allocator@D@2@@5@V65@V65@V65@I@seal_napi@torq@@YA?A_PP6AXAEAVTorqCallbackInfo@23@AEBV?$shared_ptr@VUxpXMPMeta@xmp@torq@@@std@@1V?$basic_string@DU?$char_traits@D@std@@V?$allocator@D@2@@6@222I@Z@Z@P81?1???$toMethod@AEAVTorqCallbackInfo@seal_napi@torq@@AEBV?$shared_ptr@VUxpXMPMeta@xmp@torq@@@std@@AEBV45@V?$basic_string@DU?$char_traits@D@std@@V?$allocator@D@2@@5@V65@V65@V65@I@23@YA?A_P3@Z@EBAXAEBV423@011$$QEAV76@555$$QEAI@Z@seal_napi@torq@@
dvauxphost.dll,ascii,3575344,.?AU?$LambdaFunctionHelper@V<lambda_1>@?1???$toMethod@_NVUxpXMPMeta@xmp@torq@@AEAVTorqCallbackInfo@seal_napi@3@AEBV?$basic_string@DU?$char_traits@D@std@@V?$allocator@D@2@@std@@AEBV67@AEBV67@AEBV67@@seal_napi@torq@@YA?A_PP8UxpXMPMeta@xmp@3@EBA_NAEAVTorqCallbackInfo@23@AEBV?$basic_string@DU?$char_traits@D@std@@V?$allocator@D@2@@std@@111@Z@Z@P81?1???$toMethod@_NVUxpXMPMeta@xmp@torq@@AEAVTorqCallbackInfo@seal_napi@3@AEBV?$basic_string@DU?$char_traits@D@std@@V?$allocator@D@2@@std@@AEBV67@AEBV67@AEBV67@@23@YA?A_P2@Z@EBAPEAUnapi_value__@@001111@Z@seal_napi@torq@@
dvauxphost.dll,ascii,3575936,.?AU?$LambdaFunctionHelper@V<lambda_78>@?1??createXMPConstJSObject@UxpXMPConst@xmp@torq@@SAPEAUnapi_value__@@AEBV?$shared_ptr@VContext@seal_napi@torq@@@std@@@Z@P81?1??2345@SAPEAU6@0@Z@EBAIXZ@seal_napi@torq@@
dvauxphost.dll,ascii,3576160,.?AU?$LambdaFunctionHelper@V<lambda_8>@?1??createXMPConstJSObject@UxpXMPConst@xmp@torq@@SAPEAUnapi_value__@@AEBV?$shared_ptr@VContext@seal_napi@torq@@@std@@@Z@P81?1??2345@SAPEAU6@0@Z@EBAPEBDXZ@seal_napi@torq@@
dvauxphost.dll,ascii,3576784,.?AU?$LambdaFunctionHelper@V<lambda_1>@?1???$toMethod@AEAVTorqCallbackInfo@seal_napi@torq@@AEBV?$shared_ptr@VUxpXMPMeta@xmp@torq@@@std@@V?$basic_string@DU?$char_traits@D@std@@V?$allocator@D@2@@5@V65@I@seal_napi@torq@@YA?A_PP6AXAEAVTorqCallbackInfo@23@AEBV?$shared_ptr@VUxpXMPMeta@xmp@torq@@@std@@V?$basic_string@DU?$char_traits@D@std@@V?$allocator@D@2@@6@2I@Z@Z@P81?1???$toMethod@AEAVTorqCallbackInfo@seal_napi@torq@@AEBV?$shared_ptr@VUxpXMPMeta@xmp@torq@@@std@@V?$basic_string@DU?$char_traits@D@std@@V?$allocator@D@2@@5@V65@I@23@YA?A_P3@Z@EBAXAEBV423@01$$QEAV76@5$$QEAI@Z@seal_napi@torq@@
dvauxphost.dll,ascii,3577392,.?AU?$LambdaFunctionHelper@V<lambda_79>@?1??createXMPConstJSObject@UxpXMPConst@xmp@torq@@SAPEAUnapi_value__@@AEBV?$shared_ptr@VContext@seal_napi@torq@@@std@@@Z@P81?1??2345@SAPEAU6@0@Z@EBAIXZ@seal_napi@torq@@
dvauxphost.dll,ascii,3577616,.?AU?$LambdaFunctionHelper@V<lambda_9>@?1??createXMPConstJSObject@UxpXMPConst@xmp@torq@@SAPEAUnapi_value__@@AEBV?$shared_ptr@VContext@seal_napi@torq@@@std@@@Z@P81?1??2345@SAPEAU6@0@Z@EBAPEBDXZ@seal_napi@torq@@
dvauxphost.dll,ascii,3577856,.?AU?$LambdaFunctionHelper@V<lambda_1>@?1???$toMethod@AEAVTorqCallbackInfo@seal_napi@torq@@AEBV?$shared_ptr@VUxpXMPMeta@xmp@torq@@@std@@V?$basic_string@DU?$char_traits@D@std@@V?$allocator@D@2@@5@V65@IV65@@seal_napi@torq@@YA?A_PP6AXAEAVTorqCallbackInfo@23@AEBV?$shared_ptr@VUxpXMPMeta@xmp@torq@@@std@@V?$basic_string@DU?$char_traits@D@std@@V?$allocator@D@2@@6@2I2@Z@Z@P81?1???$toMethod@AEAVTorqCallbackInfo@seal_napi@torq@@AEBV?$shared_ptr@VUxpXMPMeta@xmp@torq@@@std@@V?$basic_string@DU?$char_traits@D@std@@V?$allocator@D@2@@5@V65@IV65@@23@YA?A_P3@Z@EBAXAEBV423@01$$QEAV76@5$$QEAI5@Z@seal_napi@torq@@
dvauxphost.dll,ascii,3578480,.?AU?$LambdaFunctionHelper@V<lambda_80>@?1??createXMPConstJSObject@UxpXMPConst@xmp@torq@@SAPEAUnapi_value__@@AEBV?$shared_ptr@VContext@seal_napi@torq@@@std@@@Z@P81?1??2345@SAPEAU6@0@Z@EBAIXZ@seal_napi@torq@@
dvauxphost.dll,ascii,3578704,.?AU?$LambdaFunctionHelper@V<lambda_10>@?1??createXMPConstJSObject@UxpXMPConst@xmp@torq@@SAPEAUnapi_value__@@AEBV?$shared_ptr@VContext@seal_napi@torq@@@std@@@Z@P81?1??2345@SAPEAU6@0@Z@EBAPEBDXZ@seal_napi@torq@@
dvauxphost.dll,ascii,3578944,.?AU?$LambdaFunctionHelper@V<lambda_1>@?1???$toMethod@PEAUnapi_value__@@VUxpXMPMeta@xmp@torq@@AEAVTorqCallbackInfo@seal_napi@4@IIAEBV?$basic_string@DU?$char_traits@D@std@@V?$allocator@D@2@@std@@AEBV78@H@seal_napi@torq@@YA?A_PP8UxpXMPMeta@xmp@3@EBAPEAUnapi_value__@@AEAVTorqCallbackInfo@23@IIAEBV?$basic_string@DU?$char_traits@D@std@@V?$allocator@D@2@@std@@1H@Z@Z@P81?1???$toMethod@PEAUnapi_value__@@VUxpXMPMeta@xmp@torq@@AEAVTorqCallbackInfo@seal_napi@4@IIAEBV?$basic_string@DU?$char_traits@D@std@@V?$allocator@D@2@@std@@AEBV78@H@23@YA?A_P2@Z@EBAPEAU6@00$$QEAI311$$QEAH@Z@seal_napi@torq@@
dvauxphost.dll,ascii,3579552,.?AU?$LambdaFunctionHelper@V<lambda_81>@?1??createXMPConstJSObject@UxpXMPConst@xmp@torq@@SAPEAUnapi_value__@@AEBV?$shared_ptr@VContext@seal_napi@torq@@@std@@@Z@P81?1??2345@SAPEAU6@0@Z@EBAIXZ@seal_napi@torq@@
dvauxphost.dll,ascii,3579776,.?AU?$LambdaFunctionHelper@V<lambda_11>@?1??createXMPConstJSObject@UxpXMPConst@xmp@torq@@SAPEAUnapi_value__@@AEBV?$shared_ptr@VContext@seal_napi@torq@@@std@@@Z@P81?1??2345@SAPEAU6@0@Z@EBAPEBDXZ@seal_napi@torq@@
dvauxphost.dll,ascii,3580016,.?AU?$LambdaFunctionHelper@V<lambda_1>@?1???$toMethod@PEAUnapi_value__@@VUxpXMPMeta@xmp@torq@@AEAVTorqCallbackInfo@seal_napi@4@@seal_napi@torq@@YA?A_PP8UxpXMPMeta@xmp@3@EBAPEAUnapi_value__@@AEAVTorqCallbackInfo@23@@Z@Z@P81?1???$toMethod@PEAUnapi_value__@@VUxpXMPMeta@xmp@torq@@AEAVTorqCallbackInfo@seal_napi@4@@23@YA?A_P1@Z@EBAPEAU6@00@Z@seal_napi@torq@@
dvauxphost.dll,ascii,3580400,.?AU?$LambdaFunctionHelper@V<lambda_82>@?1??createXMPConstJSObject@UxpXMPConst@xmp@torq@@SAPEAUnapi_value__@@AEBV?$shared_ptr@VContext@seal_napi@torq@@@std@@@Z@P81?1??2345@SAPEAU6@0@Z@EBAIXZ@seal_napi@torq@@
dvauxphost.dll,ascii,3580624,.?AU?$LambdaFunctionHelper@V<lambda_12>@?1??createXMPConstJSObject@UxpXMPConst@xmp@torq@@SAPEAUnapi_value__@@AEBV?$shared_ptr@VContext@seal_napi@torq@@@std@@@Z@P81?1??2345@SAPEAU6@0@Z@EBAPEBDXZ@seal_napi@torq@@
dvauxphost.dll,ascii,3580864,.?AU?$LambdaFunctionHelper@V<lambda_1>@?1???$toMethod@VUxpXMPMeta@xmp@torq@@AEAVTorqCallbackInfo@seal_napi@3@@seal_napi@torq@@YA?A_PP8UxpXMPMeta@xmp@3@EBAXAEAVTorqCallbackInfo@23@@Z@Z@P81?1???$toMethod@VUxpXMPMeta@xmp@torq@@AEAVTorqCallbackInfo@seal_napi@3@@23@YA?A_P1@Z@EBAX00@Z@seal_napi@torq@@
dvauxphost.dll,ascii,3581184,.?AU?$LambdaFunctionHelper@V<lambda_83>@?1??createXMPConstJSObject@UxpXMPConst@xmp@torq@@SAPEAUnapi_value__@@AEBV?$shared_ptr@VContext@seal_napi@torq@@@std@@@Z@P81?1??2345@SAPEAU6@0@Z@EBAIXZ@seal_napi@torq@@
dvauxphost.dll,ascii,3581408,.?AU?$LambdaFunctionHelper@V<lambda_13>@?1??createXMPConstJSObject@UxpXMPConst@xmp@torq@@SAPEAUnapi_value__@@AEBV?$shared_ptr@VContext@seal_napi@torq@@@std@@@Z@P81?1??2345@SAPEAU6@0@Z@EBAPEBDXZ@seal_napi@torq@@
dvauxphost.dll,ascii,3581648,.?AU?$LambdaFunctionHelper@V<lambda_1>@?1???$toMethod@PEAUnapi_value__@@VUxpXMPMeta@xmp@torq@@AEAVTorqCallbackInfo@seal_napi@4@IAEBV?$basic_string@DU?$char_traits@D@std@@V?$allocator@D@2@@std@@AEBV78@@seal_napi@torq@@YA?A_PP8UxpXMPMeta@xmp@3@EBAPEAUnapi_value__@@AEAVTorqCallbackInfo@23@IAEBV?$basic_string@DU?$char_traits@D@std@@V?$allocator@D@2@@std@@1@Z@Z@P81?1???$toMethod@PEAUnapi_value__@@VUxpXMPMeta@xmp@torq@@AEAVTorqCallbackInfo@seal_napi@4@IAEBV?$basic_string@DU?$char_traits@D@std@@V?$allocator@D@2@@std@@AEBV78@@23@YA?A_P2@Z@EBAPEAU6@00$$QEAI11@Z@seal_napi@torq@@
dvauxphost.dll,ascii,3582240,.?AU?$LambdaFunctionHelper@V<lambda_84>@?1??createXMPConstJSObject@UxpXMPConst@xmp@torq@@SAPEAUnapi_value__@@AEBV?$shared_ptr@VContext@seal_napi@torq@@@std@@@Z@P81?1??2345@SAPEAU6@0@Z@EBAIXZ@seal_napi@torq@@
dvauxphost.dll,ascii,3582464,.?AU?$LambdaFunctionHelper@V<lambda_14>@?1??createXMPConstJSObject@UxpXMPConst@xmp@torq@@SAPEAUnapi_value__@@AEBV?$shared_ptr@VContext@seal_napi@torq@@@std@@@Z@P81?1??2345@SAPEAU6@0@Z@EBAPEBDXZ@seal_napi@torq@@
dvauxphost.dll,ascii,3582704,.?AU?$LambdaFunctionHelper@V<lambda_1>@?1???$toMethod@VUxpXMPMeta@xmp@torq@@AEAVTorqCallbackInfo@seal_napi@3@AEBV?$basic_string@DU?$char_traits@D@std@@V?$allocator@D@2@@std@@AEBV67@IAEBV67@I@seal_napi@torq@@YA?A_PP8UxpXMPMeta@xmp@3@EBAXAEAVTorqCallbackInfo@23@AEBV?$basic_string@DU?$char_traits@D@std@@V?$allocator@D@2@@std@@1I1I@Z@Z@P81?1???$toMethod@VUxpXMPMeta@xmp@torq@@AEAVTorqCallbackInfo@seal_napi@3@AEBV?$basic_string@DU?$char_traits@D@std@@V?$allocator@D@2@@std@@AEBV67@IAEBV67@I@23@YA?A_P2@Z@EBAX0011$$QEAI13@Z@seal_napi@torq@@
dvauxphost.dll,ascii,3583264,.?AU?$LambdaFunctionHelper@V<lambda_85>@?1??createXMPConstJSObject@UxpXMPConst@xmp@torq@@SAPEAUnapi_value__@@AEBV?$shared_ptr@VContext@seal_napi@torq@@@std@@@Z@P81?1??2345@SAPEAU6@0@Z@EBAIXZ@seal_napi@torq@@
dvauxphost.dll,ascii,3583488,.?AU?$LambdaFunctionHelper@V<lambda_15>@?1??createXMPConstJSObject@UxpXMPConst@xmp@torq@@SAPEAUnapi_value__@@AEBV?$shared_ptr@VContext@seal_napi@torq@@@std@@@Z@P81?1??2345@SAPEAU6@0@Z@EBAPEBDXZ@seal_napi@torq@@
dvauxphost.dll,ascii,3583728,.?AU?$LambdaFunctionHelper@V<lambda_1>@?1???$toMethod@VUxpXMPMeta@xmp@torq@@AEAVTorqCallbackInfo@seal_napi@3@AEBV?$basic_string@DU?$char_traits@D@std@@V?$allocator@D@2@@std@@AEBV67@HAEBV67@I@seal_napi@torq@@YA?A_PP8UxpXMPMeta@xmp@3@EBAXAEAVTorqCallbackInfo@23@AEBV?$basic_string@DU?$char_traits@D@std@@V?$allocator@D@2@@std@@1H1I@Z@Z@P81?1???$toMethod@VUxpXMPMeta@xmp@torq@@AEAVTorqCallbackInfo@seal_napi@3@AEBV?$basic_string@DU?$char_traits@D@std@@V?$allocator@D@2@@std@@AEBV67@HAEBV67@I@23@YA?A_P2@Z@EBAX0011$$QEAH1$$QEAI@Z@seal_napi@torq@@
dvauxphost.dll,ascii,3584288,.?AU?$LambdaFunctionHelper@V<lambda_86>@?1??createXMPConstJSObject@UxpXMPConst@xmp@torq@@SAPEAUnapi_value__@@AEBV?$shared_ptr@VContext@seal_napi@torq@@@std@@@Z@P81?1??2345@SAPEAU6@0@Z@EBAIXZ@seal_napi@torq@@
dvauxphost.dll,ascii,3584512,.?AU?$LambdaFunctionHelper@V<lambda_16>@?1??createXMPConstJSObject@UxpXMPConst@xmp@torq@@SAPEAUnapi_value__@@AEBV?$shared_ptr@VContext@seal_napi@torq@@@std@@@Z@P81?1??2345@SAPEAU6@0@Z@EBAPEBDXZ@seal_napi@torq@@
dvauxphost.dll,ascii,3584752,.?AU?$LambdaFunctionHelper@V<lambda_87>@?1??createXMPConstJSObject@UxpXMPConst@xmp@torq@@SAPEAUnapi_value__@@AEBV?$shared_ptr@VContext@seal_napi@torq@@@std@@@Z@P81?1??2345@SAPEAU6@0@Z@EBAIXZ@seal_napi@torq@@
dvauxphost.dll,ascii,3584976,.?AU?$LambdaFunctionHelper@V<lambda_17>@?1??createXMPConstJSObject@UxpXMPConst@xmp@torq@@SAPEAUnapi_value__@@AEBV?$shared_ptr@VContext@seal_napi@torq@@@std@@@Z@P81?1??2345@SAPEAU6@0@Z@EBAPEBDXZ@seal_napi@torq@@
dvauxphost.dll,ascii,3585216,.?AU?$LambdaFunctionHelper@V<lambda_1>@?1???$toMethod@PEAUnapi_value__@@VUxpXMPMeta@xmp@torq@@AEAVTorqCallbackInfo@seal_napi@4@AEBV?$basic_string@DU?$char_traits@D@std@@V?$allocator@D@2@@std@@AEBV78@H@seal_napi@torq@@YA?A_PP8UxpXMPMeta@xmp@3@EBAPEAUnapi_value__@@AEAVTorqCallbackInfo@23@AEBV?$basic_string@DU?$char_traits@D@std@@V?$allocator@D@2@@std@@1H@Z@Z@P81?1???$toMethod@PEAUnapi_value__@@VUxpXMPMeta@xmp@torq@@AEAVTorqCallbackInfo@seal_napi@4@AEBV?$basic_string@DU?$char_traits@D@std@@V?$allocator@D@2@@std@@AEBV78@H@23@YA?A_P2@Z@EBAPEAU6@0011$$QEAH@Z@seal_napi@torq@@
dvauxphost.dll,ascii,3585808,.?AU?$LambdaFunctionHelper@V<lambda_88>@?1??createXMPConstJSObject@UxpXMPConst@xmp@torq@@SAPEAUnapi_value__@@AEBV?$shared_ptr@VContext@seal_napi@torq@@@std@@@Z@P81?1??2345@SAPEAU6@0@Z@EBAIXZ@seal_napi@torq@@
dvauxphost.dll,ascii,3586032,.?AU?$LambdaFunctionHelper@V<lambda_18>@?1??createXMPConstJSObject@UxpXMPConst@xmp@torq@@SAPEAUnapi_value__@@AEBV?$shared_ptr@VContext@seal_napi@torq@@@std@@@Z@P81?1??2345@SAPEAU6@0@Z@EBAPEBDXZ@seal_napi@torq@@
dvauxphost.dll,ascii,3586272,.?AU?$LambdaFunctionHelper@V<lambda_1>@?1???$toMethod@PEAUnapi_value__@@VUxpXMPMeta@xmp@torq@@AEAVTorqCallbackInfo@seal_napi@4@AEBV?$basic_string@DU?$char_traits@D@std@@V?$allocator@D@2@@std@@AEBV78@@seal_napi@torq@@YA?A_PP8UxpXMPMeta@xmp@3@EBAPEAUnapi_value__@@AEAVTorqCallbackInfo@23@AEBV?$basic_string@DU?$char_traits@D@std@@V?$allocator@D@2@@std@@1@Z@Z@P81?1???$toMethod@PEAUnapi_value__@@VUxpXMPMeta@xmp@torq@@AEAVTorqCallbackInfo@seal_napi@4@AEBV?$basic_string@DU?$char_traits@D@std@@V?$allocator@D@2@@std@@AEBV78@@23@YA?A_P2@Z@EBAPEAU6@0011@Z@seal_napi@torq@@
dvauxphost.dll,ascii,3586864,.?AU?$LambdaFunctionHelper@V<lambda_89>@?1??createXMPConstJSObject@UxpXMPConst@xmp@torq@@SAPEAUnapi_value__@@AEBV?$shared_ptr@VContext@seal_napi@torq@@@std@@@Z@P81?1??2345@SAPEAU6@0@Z@EBAIXZ@seal_napi@torq@@
dvauxphost.dll,ascii,3587088,.?AU?$LambdaFunctionHelper@V<lambda_19>@?1??createXMPConstJSObject@UxpXMPConst@xmp@torq@@SAPEAUnapi_value__@@AEBV?$shared_ptr@VContext@seal_napi@torq@@@std@@@Z@P81?1??2345@SAPEAU6@0@Z@EBAPEBDXZ@seal_napi@torq@@
dvauxphost.dll,ascii,3587328,.?AU?$LambdaFunctionHelper@V<lambda_1>@?1???$toMethod@VUxpXMPMeta@xmp@torq@@AEAVTorqCallbackInfo@seal_napi@3@AEBV?$basic_string@DU?$char_traits@D@std@@V?$allocator@D@2@@std@@AEBV67@H@seal_napi@torq@@YA?A_PP8UxpXMPMeta@xmp@3@EBAXAEAVTorqCallbackInfo@23@AEBV?$basic_string@DU?$char_traits@D@std@@V?$allocator@D@2@@std@@1H@Z@Z@P81?1???$toMethod@VUxpXMPMeta@xmp@torq@@AEAVTorqCallbackInfo@seal_napi@3@AEBV?$basic_string@DU?$char_traits@D@std@@V?$allocator@D@2@@std@@AEBV67@H@23@YA?A_P2@Z@EBAX0011$$QEAH@Z@seal_napi@torq@@
dvauxphost.dll,ascii,3587872,.?AU?$LambdaFunctionHelper@V<lambda_90>@?1??createXMPConstJSObject@UxpXMPConst@xmp@torq@@SAPEAUnapi_value__@@AEBV?$shared_ptr@VContext@seal_napi@torq@@@std@@@Z@P81?1??2345@SAPEAU6@0@Z@EBAIXZ@seal_napi@torq@@
dvauxphost.dll,ascii,3588096,.?AU?$LambdaFunctionHelper@V<lambda_20>@?1??createXMPConstJSObject@UxpXMPConst@xmp@torq@@SAPEAUnapi_value__@@AEBV?$shared_ptr@VContext@seal_napi@torq@@@std@@@Z@P81?1??2345@SAPEAU6@0@Z@EBAPEBDXZ@seal_napi@torq@@
dvauxphost.dll,ascii,3588336,.?AU?$LambdaFunctionHelper@V<lambda_91>@?1??createXMPConstJSObject@UxpXMPConst@xmp@torq@@SAPEAUnapi_value__@@AEBV?$shared_ptr@VContext@seal_napi@torq@@@std@@@Z@P81?1??2345@SAPEAU6@0@Z@EBAIXZ@seal_napi@torq@@
dvauxphost.dll,ascii,3588560,.?AU?$LambdaFunctionHelper@V<lambda_21>@?1??createXMPConstJSObject@UxpXMPConst@xmp@torq@@SAPEAUnapi_value__@@AEBV?$shared_ptr@VContext@seal_napi@torq@@@std@@@Z@P81?1??2345@SAPEAU6@0@Z@EBAPEBDXZ@seal_napi@torq@@
dvauxphost.dll,ascii,3588800,.?AU?$LambdaFunctionHelper@V<lambda_92>@?1??createXMPConstJSObject@UxpXMPConst@xmp@torq@@SAPEAUnapi_value__@@AEBV?$shared_ptr@VContext@seal_napi@torq@@@std@@@Z@P81?1??2345@SAPEAU6@0@Z@EBAIXZ@seal_napi@torq@@
dvauxphost.dll,ascii,3589024,.?AU?$LambdaFunctionHelper@V<lambda_22>@?1??createXMPConstJSObject@UxpXMPConst@xmp@torq@@SAPEAUnapi_value__@@AEBV?$shared_ptr@VContext@seal_napi@torq@@@std@@@Z@P81?1??2345@SAPEAU6@0@Z@EBAPEBDXZ@seal_napi@torq@@
dvauxphost.dll,ascii,3589264,.?AU?$LambdaFunctionHelper@V<lambda_93>@?1??createXMPConstJSObject@UxpXMPConst@xmp@torq@@SAPEAUnapi_value__@@AEBV?$shared_ptr@VContext@seal_napi@torq@@@std@@@Z@P81?1??2345@SAPEAU6@0@Z@EBAIXZ@seal_napi@torq@@
dvauxphost.dll,ascii,3589488,.?AU?$LambdaFunctionHelper@V<lambda_23>@?1??createXMPConstJSObject@UxpXMPConst@xmp@torq@@SAPEAUnapi_value__@@AEBV?$shared_ptr@VContext@seal_napi@torq@@@std@@@Z@P81?1??2345@SAPEAU6@0@Z@EBAPEBDXZ@seal_napi@torq@@
dvauxphost.dll,ascii,3589728,.?AU?$LambdaFunctionHelper@V<lambda_94>@?1??createXMPConstJSObject@UxpXMPConst@xmp@torq@@SAPEAUnapi_value__@@AEBV?$shared_ptr@VContext@seal_napi@torq@@@std@@@Z@P81?1??2345@SAPEAU6@0@Z@EBAIXZ@seal_napi@torq@@
dvauxphost.dll,ascii,3589952,.?AU?$LambdaFunctionHelper@V<lambda_24>@?1??createXMPConstJSObject@UxpXMPConst@xmp@torq@@SAPEAUnapi_value__@@AEBV?$shared_ptr@VContext@seal_napi@torq@@@std@@@Z@P81?1??2345@SAPEAU6@0@Z@EBAPEBDXZ@seal_napi@torq@@
dvauxphost.dll,ascii,3590192,.?AU?$LambdaFunctionHelper@V<lambda_95>@?1??createXMPConstJSObject@UxpXMPConst@xmp@torq@@SAPEAUnapi_value__@@AEBV?$shared_ptr@VContext@seal_napi@torq@@@std@@@Z@P81?1??2345@SAPEAU6@0@Z@EBAIXZ@seal_napi@torq@@
dvauxphost.dll,ascii,3590416,.?AU?$LambdaFunctionHelper@V<lambda_25>@?1??createXMPConstJSObject@UxpXMPConst@xmp@torq@@SAPEAUnapi_value__@@AEBV?$shared_ptr@VContext@seal_napi@torq@@@std@@@Z@P81?1??2345@SAPEAU6@0@Z@EBAPEBDXZ@seal_napi@torq@@
dvauxphost.dll,ascii,3590656,.?AU?$LambdaFunctionHelper@V<lambda_96>@?1??createXMPConstJSObject@UxpXMPConst@xmp@torq@@SAPEAUnapi_value__@@AEBV?$shared_ptr@VContext@seal_napi@torq@@@std@@@Z@P81?1??2345@SAPEAU6@0@Z@EBAIXZ@seal_napi@torq@@
dvauxphost.dll,ascii,3590880,.?AU?$LambdaFunctionHelper@V<lambda_26>@?1??createXMPConstJSObject@UxpXMPConst@xmp@torq@@SAPEAUnapi_value__@@AEBV?$shared_ptr@VContext@seal_napi@torq@@@std@@@Z@P81?1??2345@SAPEAU6@0@Z@EBAPEBDXZ@seal_napi@torq@@
dvauxphost.dll,ascii,3591120,.?AU?$LambdaFunctionHelper@V<lambda_97>@?1??createXMPConstJSObject@UxpXMPConst@xmp@torq@@SAPEAUnapi_value__@@AEBV?$shared_ptr@VContext@seal_napi@torq@@@std@@@Z@P81?1??2345@SAPEAU6@0@Z@EBAIXZ@seal_napi@torq@@
dvauxphost.dll,ascii,3591344,.?AU?$LambdaFunctionHelper@V<lambda_27>@?1??createXMPConstJSObject@UxpXMPConst@xmp@torq@@SAPEAUnapi_value__@@AEBV?$shared_ptr@VContext@seal_napi@torq@@@std@@@Z@P81?1??2345@SAPEAU6@0@Z@EBAPEBDXZ@seal_napi@torq@@
dvauxphost.dll,ascii,3591584,.?AU?$LambdaFunctionHelper@V<lambda_98>@?1??createXMPConstJSObject@UxpXMPConst@xmp@torq@@SAPEAUnapi_value__@@AEBV?$shared_ptr@VContext@seal_napi@torq@@@std@@@Z@P81?1??2345@SAPEAU6@0@Z@EBAIXZ@seal_napi@torq@@
dvauxphost.dll,ascii,3591808,.?AU?$LambdaFunctionHelper@V<lambda_28>@?1??createXMPConstJSObject@UxpXMPConst@xmp@torq@@SAPEAUnapi_value__@@AEBV?$shared_ptr@VContext@seal_napi@torq@@@std@@@Z@P81?1??2345@SAPEAU6@0@Z@EBAPEBDXZ@seal_napi@torq@@
dvauxphost.dll,ascii,3592048,.?AU?$LambdaFunctionHelper@V<lambda_99>@?1??createXMPConstJSObject@UxpXMPConst@xmp@torq@@SAPEAUnapi_value__@@AEBV?$shared_ptr@VContext@seal_napi@torq@@@std@@@Z@P81?1??2345@SAPEAU6@0@Z@EBACXZ@seal_napi@torq@@
dvauxphost.dll,ascii,3592272,.?AU?$LambdaFunctionHelper@V<lambda_29>@?1??createXMPConstJSObject@UxpXMPConst@xmp@torq@@SAPEAUnapi_value__@@AEBV?$shared_ptr@VContext@seal_napi@torq@@@std@@@Z@P81?1??2345@SAPEAU6@0@Z@EBAPEBDXZ@seal_napi@torq@@
dvauxphost.dll,ascii,3592512,.?AU?$LambdaFunctionHelper@V<lambda_100>@?1??createXMPConstJSObject@UxpXMPConst@xmp@torq@@SAPEAUnapi_value__@@AEBV?$shared_ptr@VContext@seal_napi@torq@@@std@@@Z@P81?1??2345@SAPEAU6@0@Z@EBACXZ@seal_napi@torq@@
dvauxphost.dll,ascii,3592752,.?AU?$LambdaFunctionHelper@V<lambda_30>@?1??createXMPConstJSObject@UxpXMPConst@xmp@torq@@SAPEAUnapi_value__@@AEBV?$shared_ptr@VContext@seal_napi@torq@@@std@@@Z@P81?1??2345@SAPEAU6@0@Z@EBAPEBDXZ@seal_napi@torq@@
dvauxphost.dll,ascii,3592992,.?AU?$LambdaFunctionHelper@V<lambda_101>@?1??createXMPConstJSObject@UxpXMPConst@xmp@torq@@SAPEAUnapi_value__@@AEBV?$shared_ptr@VContext@seal_napi@torq@@@std@@@Z@P81?1??2345@SAPEAU6@0@Z@EBACXZ@seal_napi@torq@@
dvauxphost.dll,ascii,3593232,.?AU?$LambdaFunctionHelper@V<lambda_31>@?1??createXMPConstJSObject@UxpXMPConst@xmp@torq@@SAPEAUnapi_value__@@AEBV?$shared_ptr@VContext@seal_napi@torq@@@std@@@Z@P81?1??2345@SAPEAU6@0@Z@EBAPEBDXZ@seal_napi@torq@@
dvauxphost.dll,ascii,3593472,.?AU?$LambdaFunctionHelper@V<lambda_102>@?1??createXMPConstJSObject@UxpXMPConst@xmp@torq@@SAPEAUnapi_value__@@AEBV?$shared_ptr@VContext@seal_napi@torq@@@std@@@Z@P81?1??2345@SAPEAU6@0@Z@EBAIXZ@seal_napi@torq@@
dvauxphost.dll,ascii,3593712,.?AU?$LambdaFunctionHelper@V<lambda_32>@?1??createXMPConstJSObject@UxpXMPConst@xmp@torq@@SAPEAUnapi_value__@@AEBV?$shared_ptr@VContext@seal_napi@torq@@@std@@@Z@P81?1??2345@SAPEAU6@0@Z@EBAPEBDXZ@seal_napi@torq@@
dvauxphost.dll,ascii,3593952,.?AU?$LambdaFunctionHelper@V<lambda_103>@?1??createXMPConstJSObject@UxpXMPConst@xmp@torq@@SAPEAUnapi_value__@@AEBV?$shared_ptr@VContext@seal_napi@torq@@@std@@@Z@P81?1??2345@SAPEAU6@0@Z@EBAIXZ@seal_napi@torq@@
dvauxphost.dll,ascii,3594192,.?AU?$LambdaFunctionHelper@V<lambda_33>@?1??createXMPConstJSObject@UxpXMPConst@xmp@torq@@SAPEAUnapi_value__@@AEBV?$shared_ptr@VContext@seal_napi@torq@@@std@@@Z@P81?1??2345@SAPEAU6@0@Z@EBAPEBDXZ@seal_napi@torq@@
dvauxphost.dll,ascii,3594432,.?AU?$LambdaFunctionHelper@V<lambda_104>@?1??createXMPConstJSObject@UxpXMPConst@xmp@torq@@SAPEAUnapi_value__@@AEBV?$shared_ptr@VContext@seal_napi@torq@@@std@@@Z@P81?1??2345@SAPEAU6@0@Z@EBAIXZ@seal_napi@torq@@
dvauxphost.dll,ascii,3594672,.?AU?$LambdaFunctionHelper@V<lambda_34>@?1??createXMPConstJSObject@UxpXMPConst@xmp@torq@@SAPEAUnapi_value__@@AEBV?$shared_ptr@VContext@seal_napi@torq@@@std@@@Z@P81?1??2345@SAPEAU6@0@Z@EBAPEBDXZ@seal_napi@torq@@
dvauxphost.dll,ascii,3594912,.?AU?$LambdaFunctionHelper@V<lambda_105>@?1??createXMPConstJSObject@UxpXMPConst@xmp@torq@@SAPEAUnapi_value__@@AEBV?$shared_ptr@VContext@seal_napi@torq@@@std@@@Z@P81?1??2345@SAPEAU6@0@Z@EBAIXZ@seal_napi@torq@@
dvauxphost.dll,ascii,3595152,.?AU?$LambdaFunctionHelper@V<lambda_35>@?1??createXMPConstJSObject@UxpXMPConst@xmp@torq@@SAPEAUnapi_value__@@AEBV?$shared_ptr@VContext@seal_napi@torq@@@std@@@Z@P81?1??2345@SAPEAU6@0@Z@EBAPEBDXZ@seal_napi@torq@@
dvauxphost.dll,ascii,3595392,.?AU?$LambdaFunctionHelper@V<lambda_106>@?1??createXMPConstJSObject@UxpXMPConst@xmp@torq@@SAPEAUnapi_value__@@AEBV?$shared_ptr@VContext@seal_napi@torq@@@std@@@Z@P81?1??2345@SAPEAU6@0@Z@EBAIXZ@seal_napi@torq@@
dvauxphost.dll,ascii,3595632,.?AU?$LambdaFunctionHelper@V<lambda_36>@?1??createXMPConstJSObject@UxpXMPConst@xmp@torq@@SAPEAUnapi_value__@@AEBV?$shared_ptr@VContext@seal_napi@torq@@@std@@@Z@P81?1??2345@SAPEAU6@0@Z@EBAPEBDXZ@seal_napi@torq@@
dvauxphost.dll,ascii,3595872,.?AU?$LambdaFunctionHelper@V<lambda_107>@?1??createXMPConstJSObject@UxpXMPConst@xmp@torq@@SAPEAUnapi_value__@@AEBV?$shared_ptr@VContext@seal_napi@torq@@@std@@@Z@P81?1??2345@SAPEAU6@0@Z@EBAIXZ@seal_napi@torq@@
dvauxphost.dll,ascii,3596112,.?AU?$LambdaFunctionHelper@V<lambda_37>@?1??createXMPConstJSObject@UxpXMPConst@xmp@torq@@SAPEAUnapi_value__@@AEBV?$shared_ptr@VContext@seal_napi@torq@@@std@@@Z@P81?1??2345@SAPEAU6@0@Z@EBAPEBDXZ@seal_napi@torq@@
dvauxphost.dll,ascii,3596352,.?AU?$LambdaFunctionHelper@V<lambda_108>@?1??createXMPConstJSObject@UxpXMPConst@xmp@torq@@SAPEAUnapi_value__@@AEBV?$shared_ptr@VContext@seal_napi@torq@@@std@@@Z@P81?1??2345@SAPEAU6@0@Z@EBAIXZ@seal_napi@torq@@
dvauxphost.dll,ascii,3596592,.?AU?$LambdaFunctionHelper@V<lambda_38>@?1??createXMPConstJSObject@UxpXMPConst@xmp@torq@@SAPEAUnapi_value__@@AEBV?$shared_ptr@VContext@seal_napi@torq@@@std@@@Z@P81?1??2345@SAPEAU6@0@Z@EBAPEBDXZ@seal_napi@torq@@
dvauxphost.dll,ascii,3596832,.?AU?$LambdaFunctionHelper@V<lambda_109>@?1??createXMPConstJSObject@UxpXMPConst@xmp@torq@@SAPEAUnapi_value__@@AEBV?$shared_ptr@VContext@seal_napi@torq@@@std@@@Z@P81?1??2345@SAPEAU6@0@Z@EBAIXZ@seal_napi@torq@@
dvauxphost.dll,ascii,3597072,.?AU?$LambdaFunctionHelper@V<lambda_39>@?1??createXMPConstJSObject@UxpXMPConst@xmp@torq@@SAPEAUnapi_value__@@AEBV?$shared_ptr@VContext@seal_napi@torq@@@std@@@Z@P81?1??2345@SAPEAU6@0@Z@EBAPEBDXZ@seal_napi@torq@@
dvauxphost.dll,ascii,3597312,.?AU?$LambdaFunctionHelper@V<lambda_110>@?1??createXMPConstJSObject@UxpXMPConst@xmp@torq@@SAPEAUnapi_value__@@AEBV?$shared_ptr@VContext@seal_napi@torq@@@std@@@Z@P81?1??2345@SAPEAU6@0@Z@EBAIXZ@seal_napi@torq@@
dvauxphost.dll,ascii,3597552,.?AU?$LambdaFunctionHelper@V<lambda_40>@?1??createXMPConstJSObject@UxpXMPConst@xmp@torq@@SAPEAUnapi_value__@@AEBV?$shared_ptr@VContext@seal_napi@torq@@@std@@@Z@P81?1??2345@SAPEAU6@0@Z@EBAPEBDXZ@seal_napi@torq@@
dvauxphost.dll,ascii,3597792,.?AU?$LambdaFunctionHelper@V<lambda_111>@?1??createXMPConstJSObject@UxpXMPConst@xmp@torq@@SAPEAUnapi_value__@@AEBV?$shared_ptr@VContext@seal_napi@torq@@@std@@@Z@P81?1??2345@SAPEAU6@0@Z@EBAIXZ@seal_napi@torq@@
dvauxphost.dll,ascii,3598032,.?AU?$LambdaFunctionHelper@V<lambda_41>@?1??createXMPConstJSObject@UxpXMPConst@xmp@torq@@SAPEAUnapi_value__@@AEBV?$shared_ptr@VContext@seal_napi@torq@@@std@@@Z@P81?1??2345@SAPEAU6@0@Z@EBAPEBDXZ@seal_napi@torq@@
dvauxphost.dll,ascii,3598272,.?AU?$LambdaFunctionHelper@V<lambda_112>@?1??createXMPConstJSObject@UxpXMPConst@xmp@torq@@SAPEAUnapi_value__@@AEBV?$shared_ptr@VContext@seal_napi@torq@@@std@@@Z@P81?1??2345@SAPEAU6@0@Z@EBAIXZ@seal_napi@torq@@
dvauxphost.dll,ascii,3598512,.?AU?$LambdaFunctionHelper@V<lambda_42>@?1??createXMPConstJSObject@UxpXMPConst@xmp@torq@@SAPEAUnapi_value__@@AEBV?$shared_ptr@VContext@seal_napi@torq@@@std@@@Z@P81?1??2345@SAPEAU6@0@Z@EBAPEBDXZ@seal_napi@torq@@
dvauxphost.dll,ascii,3598752,.?AU?$LambdaFunctionHelper@V<lambda_113>@?1??createXMPConstJSObject@UxpXMPConst@xmp@torq@@SAPEAUnapi_value__@@AEBV?$shared_ptr@VContext@seal_napi@torq@@@std@@@Z@P81?1??2345@SAPEAU6@0@Z@EBAIXZ@seal_napi@torq@@
dvauxphost.dll,ascii,3598992,.?AU?$LambdaFunctionHelper@V<lambda_43>@?1??createXMPConstJSObject@UxpXMPConst@xmp@torq@@SAPEAUnapi_value__@@AEBV?$shared_ptr@VContext@seal_napi@torq@@@std@@@Z@P81?1??2345@SAPEAU6@0@Z@EBAPEBDXZ@seal_napi@torq@@
dvauxphost.dll,ascii,3599232,.?AU?$LambdaFunctionHelper@V<lambda_114>@?1??createXMPConstJSObject@UxpXMPConst@xmp@torq@@SAPEAUnapi_value__@@AEBV?$shared_ptr@VContext@seal_napi@torq@@@std@@@Z@P81?1??2345@SAPEAU6@0@Z@EBAIXZ@seal_napi@torq@@
dvauxphost.dll,ascii,3599472,.?AU?$LambdaFunctionHelper@V<lambda_44>@?1??createXMPConstJSObject@UxpXMPConst@xmp@torq@@SAPEAUnapi_value__@@AEBV?$shared_ptr@VContext@seal_napi@torq@@@std@@@Z@P81?1??2345@SAPEAU6@0@Z@EBAPEBDXZ@seal_napi@torq@@
dvauxphost.dll,ascii,3599712,.?AU?$LambdaFunctionHelper@V<lambda_115>@?1??createXMPConstJSObject@UxpXMPConst@xmp@torq@@SAPEAUnapi_value__@@AEBV?$shared_ptr@VContext@seal_napi@torq@@@std@@@Z@P81?1??2345@SAPEAU6@0@Z@EBAIXZ@seal_napi@torq@@
dvauxphost.dll,ascii,3599952,.?AU?$LambdaFunctionHelper@V<lambda_45>@?1??createXMPConstJSObject@UxpXMPConst@xmp@torq@@SAPEAUnapi_value__@@AEBV?$shared_ptr@VContext@seal_napi@torq@@@std@@@Z@P81?1??2345@SAPEAU6@0@Z@EBAPEBDXZ@seal_napi@torq@@
dvauxphost.dll,ascii,3600192,.?AU?$LambdaFunctionHelper@V<lambda_116>@?1??createXMPConstJSObject@UxpXMPConst@xmp@torq@@SAPEAUnapi_value__@@AEBV?$shared_ptr@VContext@seal_napi@torq@@@std@@@Z@P81?1??2345@SAPEAU6@0@Z@EBAIXZ@seal_napi@torq@@
dvauxphost.dll,ascii,3600432,.?AU?$LambdaFunctionHelper@V<lambda_46>@?1??createXMPConstJSObject@UxpXMPConst@xmp@torq@@SAPEAUnapi_value__@@AEBV?$shared_ptr@VContext@seal_napi@torq@@@std@@@Z@P81?1??2345@SAPEAU6@0@Z@EBAPEBDXZ@seal_napi@torq@@
dvauxphost.dll,ascii,3600672,.?AU?$LambdaFunctionHelper@V<lambda_117>@?1??createXMPConstJSObject@UxpXMPConst@xmp@torq@@SAPEAUnapi_value__@@AEBV?$shared_ptr@VContext@seal_napi@torq@@@std@@@Z@P81?1??2345@SAPEAU6@0@Z@EBAIXZ@seal_napi@torq@@
dvauxphost.dll,ascii,3600912,.?AU?$LambdaFunctionHelper@V<lambda_47>@?1??createXMPConstJSObject@UxpXMPConst@xmp@torq@@SAPEAUnapi_value__@@AEBV?$shared_ptr@VContext@seal_napi@torq@@@std@@@Z@P81?1??2345@SAPEAU6@0@Z@EBAPEBDXZ@seal_napi@torq@@
dvauxphost.dll,ascii,3601152,.?AU?$LambdaFunctionHelper@V<lambda_118>@?1??createXMPConstJSObject@UxpXMPConst@xmp@torq@@SAPEAUnapi_value__@@AEBV?$shared_ptr@VContext@seal_napi@torq@@@std@@@Z@P81?1??2345@SAPEAU6@0@Z@EBAIXZ@seal_napi@torq@@
dvauxphost.dll,ascii,3601392,.?AU?$LambdaFunctionHelper@V<lambda_48>@?1??createXMPConstJSObject@UxpXMPConst@xmp@torq@@SAPEAUnapi_value__@@AEBV?$shared_ptr@VContext@seal_napi@torq@@@std@@@Z@P81?1??2345@SAPEAU6@0@Z@EBAPEBDXZ@seal_napi@torq@@
dvauxphost.dll,ascii,3601632,.?AU?$LambdaFunctionHelper@V<lambda_119>@?1??createXMPConstJSObject@UxpXMPConst@xmp@torq@@SAPEAUnapi_value__@@AEBV?$shared_ptr@VContext@seal_napi@torq@@@std@@@Z@P81?1??2345@SAPEAU6@0@Z@EBAIXZ@seal_napi@torq@@
dvauxphost.dll,ascii,3601872,.?AU?$LambdaFunctionHelper@V<lambda_49>@?1??createXMPConstJSObject@UxpXMPConst@xmp@torq@@SAPEAUnapi_value__@@AEBV?$shared_ptr@VContext@seal_napi@torq@@@std@@@Z@P81?1??2345@SAPEAU6@0@Z@EBAPEBDXZ@seal_napi@torq@@
dvauxphost.dll,ascii,3602112,.?AU?$LambdaFunctionHelper@V<lambda_120>@?1??createXMPConstJSObject@UxpXMPConst@xmp@torq@@SAPEAUnapi_value__@@AEBV?$shared_ptr@VContext@seal_napi@torq@@@std@@@Z@P81?1??2345@SAPEAU6@0@Z@EBAIXZ@seal_napi@torq@@
dvauxphost.dll,ascii,3602352,.?AU?$LambdaFunctionHelper@V<lambda_50>@?1??createXMPConstJSObject@UxpXMPConst@xmp@torq@@SAPEAUnapi_value__@@AEBV?$shared_ptr@VContext@seal_napi@torq@@@std@@@Z@P81?1??2345@SAPEAU6@0@Z@EBAPEBDXZ@seal_napi@torq@@
dvauxphost.dll,ascii,3602592,.?AU?$LambdaFunctionHelper@V<lambda_121>@?1??createXMPConstJSObject@UxpXMPConst@xmp@torq@@SAPEAUnapi_value__@@AEBV?$shared_ptr@VContext@seal_napi@torq@@@std@@@Z@P81?1??2345@SAPEAU6@0@Z@EBAIXZ@seal_napi@torq@@
dvauxphost.dll,ascii,3602832,.?AU?$LambdaFunctionHelper@V<lambda_51>@?1??createXMPConstJSObject@UxpXMPConst@xmp@torq@@SAPEAUnapi_value__@@AEBV?$shared_ptr@VContext@seal_napi@torq@@@std@@@Z@P81?1??2345@SAPEAU6@0@Z@EBAPEBDXZ@seal_napi@torq@@
dvauxphost.dll,ascii,3603072,.?AU?$LambdaFunctionHelper@V<lambda_122>@?1??createXMPConstJSObject@UxpXMPConst@xmp@torq@@SAPEAUnapi_value__@@AEBV?$shared_ptr@VContext@seal_napi@torq@@@std@@@Z@P81?1??2345@SAPEAU6@0@Z@EBAIXZ@seal_napi@torq@@
dvauxphost.dll,ascii,3603312,.?AU?$LambdaFunctionHelper@V<lambda_52>@?1??createXMPConstJSObject@UxpXMPConst@xmp@torq@@SAPEAUnapi_value__@@AEBV?$shared_ptr@VContext@seal_napi@torq@@@std@@@Z@P81?1??2345@SAPEAU6@0@Z@EBAPEBDXZ@seal_napi@torq@@
dvauxphost.dll,ascii,3603552,.?AU?$LambdaFunctionHelper@V<lambda_123>@?1??createXMPConstJSObject@UxpXMPConst@xmp@torq@@SAPEAUnapi_value__@@AEBV?$shared_ptr@VContext@seal_napi@torq@@@std@@@Z@P81?1??2345@SAPEAU6@0@Z@EBAIXZ@seal_napi@torq@@
dvauxphost.dll,ascii,3603792,.?AU?$LambdaFunctionHelper@V<lambda_53>@?1??createXMPConstJSObject@UxpXMPConst@xmp@torq@@SAPEAUnapi_value__@@AEBV?$shared_ptr@VContext@seal_napi@torq@@@std@@@Z@P81?1??2345@SAPEAU6@0@Z@EBAIXZ@seal_napi@torq@@
dvauxphost.dll,ascii,3604016,.?AU?$LambdaFunctionHelper@V<lambda_124>@?1??createXMPConstJSObject@UxpXMPConst@xmp@torq@@SAPEAUnapi_value__@@AEBV?$shared_ptr@VContext@seal_napi@torq@@@std@@@Z@P81?1??2345@SAPEAU6@0@Z@EBAIXZ@seal_napi@torq@@
dvauxphost.dll,ascii,3604256,.?AU?$LambdaFunctionHelper@V<lambda_54>@?1??createXMPConstJSObject@UxpXMPConst@xmp@torq@@SAPEAUnapi_value__@@AEBV?$shared_ptr@VContext@seal_napi@torq@@@std@@@Z@P81?1??2345@SAPEAU6@0@Z@EBAIXZ@seal_napi@torq@@
dvauxphost.dll,ascii,3604480,.?AU?$LambdaFunctionHelper@V<lambda_125>@?1??createXMPConstJSObject@UxpXMPConst@xmp@torq@@SAPEAUnapi_value__@@AEBV?$shared_ptr@VContext@seal_napi@torq@@@std@@@Z@P81?1??2345@SAPEAU6@0@Z@EBAIXZ@seal_napi@torq@@
dvauxphost.dll,ascii,3604720,.?AU?$LambdaFunctionHelper@V<lambda_55>@?1??createXMPConstJSObject@UxpXMPConst@xmp@torq@@SAPEAUnapi_value__@@AEBV?$shared_ptr@VContext@seal_napi@torq@@@std@@@Z@P81?1??2345@SAPEAU6@0@Z@EBAIXZ@seal_napi@torq@@
dvauxphost.dll,ascii,3604944,.?AU?$LambdaFunctionHelper@V<lambda_126>@?1??createXMPConstJSObject@UxpXMPConst@xmp@torq@@SAPEAUnapi_value__@@AEBV?$shared_ptr@VContext@seal_napi@torq@@@std@@@Z@P81?1??2345@SAPEAU6@0@Z@EBAIXZ@seal_napi@torq@@
dvauxphost.dll,ascii,3605184,.?AU?$LambdaFunctionHelper@V<lambda_56>@?1??createXMPConstJSObject@UxpXMPConst@xmp@torq@@SAPEAUnapi_value__@@AEBV?$shared_ptr@VContext@seal_napi@torq@@@std@@@Z@P81?1??2345@SAPEAU6@0@Z@EBAIXZ@seal_napi@torq@@
dvauxphost.dll,ascii,3605408,.?AU?$LambdaFunctionHelper@V<lambda_127>@?1??createXMPConstJSObject@UxpXMPConst@xmp@torq@@SAPEAUnapi_value__@@AEBV?$shared_ptr@VContext@seal_napi@torq@@@std@@@Z@P81?1??2345@SAPEAU6@0@Z@EBAIXZ@seal_napi@torq@@
dvauxphost.dll,ascii,3605648,.?AU?$LambdaFunctionHelper@V<lambda_57>@?1??createXMPConstJSObject@UxpXMPConst@xmp@torq@@SAPEAUnapi_value__@@AEBV?$shared_ptr@VContext@seal_napi@torq@@@std@@@Z@P81?1??2345@SAPEAU6@0@Z@EBAIXZ@seal_napi@torq@@
dvauxphost.dll,ascii,3605872,.?AU?$LambdaFunctionHelper@V<lambda_128>@?1??createXMPConstJSObject@UxpXMPConst@xmp@torq@@SAPEAUnapi_value__@@AEBV?$shared_ptr@VContext@seal_napi@torq@@@std@@@Z@P81?1??2345@SAPEAU6@0@Z@EBAIXZ@seal_napi@torq@@
dvauxphost.dll,ascii,3606112,.?AU?$LambdaFunctionHelper@V<lambda_58>@?1??createXMPConstJSObject@UxpXMPConst@xmp@torq@@SAPEAUnapi_value__@@AEBV?$shared_ptr@VContext@seal_napi@torq@@@std@@@Z@P81?1??2345@SAPEAU6@0@Z@EBAIXZ@seal_napi@torq@@
dvauxphost.dll,ascii,3606336,.?AU?$LambdaFunctionHelper@V<lambda_129>@?1??createXMPConstJSObject@UxpXMPConst@xmp@torq@@SAPEAUnapi_value__@@AEBV?$shared_ptr@VContext@seal_napi@torq@@@std@@@Z@P81?1??2345@SAPEAU6@0@Z@EBAIXZ@seal_napi@torq@@
dvauxphost.dll,ascii,3606576,.?AU?$LambdaFunctionHelper@V<lambda_59>@?1??createXMPConstJSObject@UxpXMPConst@xmp@torq@@SAPEAUnapi_value__@@AEBV?$shared_ptr@VContext@seal_napi@torq@@@std@@@Z@P81?1??2345@SAPEAU6@0@Z@EBAIXZ@seal_napi@torq@@
dvauxphost.dll,ascii,3606800,.?AU?$LambdaFunctionHelper@V<lambda_130>@?1??createXMPConstJSObject@UxpXMPConst@xmp@torq@@SAPEAUnapi_value__@@AEBV?$shared_ptr@VContext@seal_napi@torq@@@std@@@Z@P81?1??2345@SAPEAU6@0@Z@EBAIXZ@seal_napi@torq@@
dvauxphost.dll,ascii,3607040,.?AU?$LambdaFunctionHelper@V<lambda_60>@?1??createXMPConstJSObject@UxpXMPConst@xmp@torq@@SAPEAUnapi_value__@@AEBV?$shared_ptr@VContext@seal_napi@torq@@@std@@@Z@P81?1??2345@SAPEAU6@0@Z@EBAIXZ@seal_napi@torq@@
dvauxphost.dll,ascii,3607264,.?AU?$LambdaFunctionHelper@V<lambda_131>@?1??createXMPConstJSObject@UxpXMPConst@xmp@torq@@SAPEAUnapi_value__@@AEBV?$shared_ptr@VContext@seal_napi@torq@@@std@@@Z@P81?1??2345@SAPEAU6@0@Z@EBAIXZ@seal_napi@torq@@
dvauxphost.dll,ascii,3607504,.?AU?$LambdaFunctionHelper@V<lambda_61>@?1??createXMPConstJSObject@UxpXMPConst@xmp@torq@@SAPEAUnapi_value__@@AEBV?$shared_ptr@VContext@seal_napi@torq@@@std@@@Z@P81?1??2345@SAPEAU6@0@Z@EBAIXZ@seal_napi@torq@@
dvauxphost.dll,ascii,3607728,.?AU?$LambdaFunctionHelper@V<lambda_132>@?1??createXMPConstJSObject@UxpXMPConst@xmp@torq@@SAPEAUnapi_value__@@AEBV?$shared_ptr@VContext@seal_napi@torq@@@std@@@Z@P81?1??2345@SAPEAU6@0@Z@EBAIXZ@seal_napi@torq@@
dvauxphost.dll,ascii,3607968,.?AU?$LambdaFunctionHelper@V<lambda_62>@?1??createXMPConstJSObject@UxpXMPConst@xmp@torq@@SAPEAUnapi_value__@@AEBV?$shared_ptr@VContext@seal_napi@torq@@@std@@@Z@P81?1??2345@SAPEAU6@0@Z@EBAIXZ@seal_napi@torq@@
dvauxphost.dll,ascii,3608192,.?AU?$LambdaFunctionHelper@V<lambda_133>@?1??createXMPConstJSObject@UxpXMPConst@xmp@torq@@SAPEAUnapi_value__@@AEBV?$shared_ptr@VContext@seal_napi@torq@@@std@@@Z@P81?1??2345@SAPEAU6@0@Z@EBAIXZ@seal_napi@torq@@
dvauxphost.dll,ascii,3608432,.?AU?$LambdaFunctionHelper@V<lambda_63>@?1??createXMPConstJSObject@UxpXMPConst@xmp@torq@@SAPEAUnapi_value__@@AEBV?$shared_ptr@VContext@seal_napi@torq@@@std@@@Z@P81?1??2345@SAPEAU6@0@Z@EBAIXZ@seal_napi@torq@@
dvauxphost.dll,ascii,3608656,.?AU?$LambdaFunctionHelper@V<lambda_134>@?1??createXMPConstJSObject@UxpXMPConst@xmp@torq@@SAPEAUnapi_value__@@AEBV?$shared_ptr@VContext@seal_napi@torq@@@std@@@Z@P81?1??2345@SAPEAU6@0@Z@EBAIXZ@seal_napi@torq@@
dvauxphost.dll,ascii,3608896,.?AU?$LambdaFunctionHelper@V<lambda_64>@?1??createXMPConstJSObject@UxpXMPConst@xmp@torq@@SAPEAUnapi_value__@@AEBV?$shared_ptr@VContext@seal_napi@torq@@@std@@@Z@P81?1??2345@SAPEAU6@0@Z@EBAIXZ@seal_napi@torq@@
dvauxphost.dll,ascii,3609120,.?AU?$LambdaFunctionHelper@V<lambda_135>@?1??createXMPConstJSObject@UxpXMPConst@xmp@torq@@SAPEAUnapi_value__@@AEBV?$shared_ptr@VContext@seal_napi@torq@@@std@@@Z@P81?1??2345@SAPEAU6@0@Z@EBAIXZ@seal_napi@torq@@
dvauxphost.dll,ascii,3609360,.?AU?$LambdaFunctionHelper@V<lambda_65>@?1??createXMPConstJSObject@UxpXMPConst@xmp@torq@@SAPEAUnapi_value__@@AEBV?$shared_ptr@VContext@seal_napi@torq@@@std@@@Z@P81?1??2345@SAPEAU6@0@Z@EBAIXZ@seal_napi@torq@@
dvauxphost.dll,ascii,3609584,.?AU?$LambdaFunctionHelper@V<lambda_136>@?1??createXMPConstJSObject@UxpXMPConst@xmp@torq@@SAPEAUnapi_value__@@AEBV?$shared_ptr@VContext@seal_napi@torq@@@std@@@Z@P81?1??2345@SAPEAU6@0@Z@EBAIXZ@seal_napi@torq@@
dvauxphost.dll,ascii,3609824,.?AU?$LambdaFunctionHelper@V<lambda_66>@?1??createXMPConstJSObject@UxpXMPConst@xmp@torq@@SAPEAUnapi_value__@@AEBV?$shared_ptr@VContext@seal_napi@torq@@@std@@@Z@P81?1??2345@SAPEAU6@0@Z@EBAIXZ@seal_napi@torq@@
dvauxphost.dll,ascii,3610048,.?AU?$LambdaFunctionHelper@V<lambda_137>@?1??createXMPConstJSObject@UxpXMPConst@xmp@torq@@SAPEAUnapi_value__@@AEBV?$shared_ptr@VContext@seal_napi@torq@@@std@@@Z@P81?1??2345@SAPEAU6@0@Z@EBAIXZ@seal_napi@torq@@
dvauxphost.dll,ascii,3610288,.?AU?$LambdaFunctionHelper@V<lambda_67>@?1??createXMPConstJSObject@UxpXMPConst@xmp@torq@@SAPEAUnapi_value__@@AEBV?$shared_ptr@VContext@seal_napi@torq@@@std@@@Z@P81?1??2345@SAPEAU6@0@Z@EBAIXZ@seal_napi@torq@@
dvauxphost.dll,ascii,3610512,.?AU?$LambdaFunctionHelper@V<lambda_138>@?1??createXMPConstJSObject@UxpXMPConst@xmp@torq@@SAPEAUnapi_value__@@AEBV?$shared_ptr@VContext@seal_napi@torq@@@std@@@Z@P81?1??2345@SAPEAU6@0@Z@EBAIXZ@seal_napi@torq@@
dvauxphost.dll,ascii,3610752,.?AU?$LambdaFunctionHelper@V<lambda_68>@?1??createXMPConstJSObject@UxpXMPConst@xmp@torq@@SAPEAUnapi_value__@@AEBV?$shared_ptr@VContext@seal_napi@torq@@@std@@@Z@P81?1??2345@SAPEAU6@0@Z@EBAIXZ@seal_napi@torq@@
dvauxphost.dll,ascii,3610976,.?AU?$LambdaFunctionHelper@V<lambda_139>@?1??createXMPConstJSObject@UxpXMPConst@xmp@torq@@SAPEAUnapi_value__@@AEBV?$shared_ptr@VContext@seal_napi@torq@@@std@@@Z@P81?1??2345@SAPEAU6@0@Z@EBAIXZ@seal_napi@torq@@
dvauxphost.dll,ascii,3611216,.?AU?$LambdaFunctionHelper@V<lambda_69>@?1??createXMPConstJSObject@UxpXMPConst@xmp@torq@@SAPEAUnapi_value__@@AEBV?$shared_ptr@VContext@seal_napi@torq@@@std@@@Z@P81?1??2345@SAPEAU6@0@Z@EBAIXZ@seal_napi@torq@@
dvauxphost.dll,ascii,3611440,.?AU?$LambdaFunctionHelper@V<lambda_140>@?1??createXMPConstJSObject@UxpXMPConst@xmp@torq@@SAPEAUnapi_value__@@AEBV?$shared_ptr@VContext@seal_napi@torq@@@std@@@Z@P81?1??2345@SAPEAU6@0@Z@EBAIXZ@seal_napi@torq@@
dvauxphost.dll,ascii,3611680,.?AU?$LambdaFunctionHelper@V<lambda_70>@?1??createXMPConstJSObject@UxpXMPConst@xmp@torq@@SAPEAUnapi_value__@@AEBV?$shared_ptr@VContext@seal_napi@torq@@@std@@@Z@P81?1??2345@SAPEAU6@0@Z@EBAIXZ@seal_napi@torq@@
dvauxphost.dll,ascii,3611904,.?AU?$LambdaFunctionHelper@V<lambda_141>@?1??createXMPConstJSObject@UxpXMPConst@xmp@torq@@SAPEAUnapi_value__@@AEBV?$shared_ptr@VContext@seal_napi@torq@@@std@@@Z@P81?1??2345@SAPEAU6@0@Z@EBAIXZ@seal_napi@torq@@
dvauxphost.dll,ascii,3612144,.?AU?$LambdaFunctionHelper@V<lambda_142>@?1??createXMPConstJSObject@UxpXMPConst@xmp@torq@@SAPEAUnapi_value__@@AEBV?$shared_ptr@VContext@seal_napi@torq@@@std@@@Z@P81?1??2345@SAPEAU6@0@Z@EBAIXZ@seal_napi@torq@@
dvauxphost.dll,ascii,3612384,.?AU?$LambdaFunctionHelper@V<lambda_143>@?1??createXMPConstJSObject@UxpXMPConst@xmp@torq@@SAPEAUnapi_value__@@AEBV?$shared_ptr@VContext@seal_napi@torq@@@std@@@Z@P81?1??2345@SAPEAU6@0@Z@EBAIXZ@seal_napi@torq@@
dvauxphost.dll,ascii,3612624,.?AU?$LambdaFunctionHelper@V<lambda_144>@?1??createXMPConstJSObject@UxpXMPConst@xmp@torq@@SAPEAUnapi_value__@@AEBV?$shared_ptr@VContext@seal_napi@torq@@@std@@@Z@P81?1??2345@SAPEAU6@0@Z@EBAIXZ@seal_napi@torq@@
dvauxphost.dll,ascii,3612864,.?AU?$LambdaFunctionHelper@V<lambda_145>@?1??createXMPConstJSObject@UxpXMPConst@xmp@torq@@SAPEAUnapi_value__@@AEBV?$shared_ptr@VContext@seal_napi@torq@@@std@@@Z@P81?1??2345@SAPEAU6@0@Z@EBAIXZ@seal_napi@torq@@
dvauxphost.dll,ascii,3613104,.?AU?$LambdaFunctionHelper@V<lambda_146>@?1??createXMPConstJSObject@UxpXMPConst@xmp@torq@@SAPEAUnapi_value__@@AEBV?$shared_ptr@VContext@seal_napi@torq@@@std@@@Z@P81?1??2345@SAPEAU6@0@Z@EBAIXZ@seal_napi@torq@@
dvauxphost.dll,ascii,3613344,.?AU?$LambdaFunctionHelper@V<lambda_147>@?1??createXMPConstJSObject@UxpXMPConst@xmp@torq@@SAPEAUnapi_value__@@AEBV?$shared_ptr@VContext@seal_napi@torq@@@std@@@Z@P81?1??2345@SAPEAU6@0@Z@EBAIXZ@seal_napi@torq@@
dvauxphost.dll,ascii,3613584,.?AU?$LambdaFunctionHelper@V<lambda_148>@?1??createXMPConstJSObject@UxpXMPConst@xmp@torq@@SAPEAUnapi_value__@@AEBV?$shared_ptr@VContext@seal_napi@torq@@@std@@@Z@P81?1??2345@SAPEAU6@0@Z@EBAIXZ@seal_napi@torq@@
dvauxphost.dll,ascii,3613824,.?AU?$LambdaFunctionHelper@V<lambda_149>@?1??createXMPConstJSObject@UxpXMPConst@xmp@torq@@SAPEAUnapi_value__@@AEBV?$shared_ptr@VContext@seal_napi@torq@@@std@@@Z@P81?1??2345@SAPEAU6@0@Z@EBAIXZ@seal_napi@torq@@
dvauxphost.dll,ascii,3614064,.?AU?$LambdaFunctionHelper@V<lambda_150>@?1??createXMPConstJSObject@UxpXMPConst@xmp@torq@@SAPEAUnapi_value__@@AEBV?$shared_ptr@VContext@seal_napi@torq@@@std@@@Z@P81?1??2345@SAPEAU6@0@Z@EBAIXZ@seal_napi@torq@@
dvauxphost.dll,ascii,3614304,.?AU?$LambdaFunctionHelper@V<lambda_151>@?1??createXMPConstJSObject@UxpXMPConst@xmp@torq@@SAPEAUnapi_value__@@AEBV?$shared_ptr@VContext@seal_napi@torq@@@std@@@Z@P81?1??2345@SAPEAU6@0@Z@EBAIXZ@seal_napi@torq@@
dvauxphost.dll,ascii,3614544,.?AU?$LambdaFunctionHelper@V<lambda_152>@?1??createXMPConstJSObject@UxpXMPConst@xmp@torq@@SAPEAUnapi_value__@@AEBV?$shared_ptr@VContext@seal_napi@torq@@@std@@@Z@P81?1??2345@SAPEAU6@0@Z@EBAIXZ@seal_napi@torq@@
dvauxphost.dll,ascii,3614784,.?AU?$LambdaFunctionHelper@V<lambda_153>@?1??createXMPConstJSObject@UxpXMPConst@xmp@torq@@SAPEAUnapi_value__@@AEBV?$shared_ptr@VContext@seal_napi@torq@@@std@@@Z@P81?1??2345@SAPEAU6@0@Z@EBAIXZ@seal_napi@torq@@
dvauxphost.dll,ascii,3615024,.?AU?$LambdaFunctionHelper@V<lambda_154>@?1??createXMPConstJSObject@UxpXMPConst@xmp@torq@@SAPEAUnapi_value__@@AEBV?$shared_ptr@VContext@seal_napi@torq@@@std@@@Z@P81?1??2345@SAPEAU6@0@Z@EBAIXZ@seal_napi@torq@@
dvauxphost.dll,ascii,3615264,.?AU?$LambdaFunctionHelper@V<lambda_155>@?1??createXMPConstJSObject@UxpXMPConst@xmp@torq@@SAPEAUnapi_value__@@AEBV?$shared_ptr@VContext@seal_napi@torq@@@std@@@Z@P81?1??2345@SAPEAU6@0@Z@EBAIXZ@seal_napi@torq@@
dvauxphost.dll,ascii,3615504,.?AU?$LambdaFunctionHelper@V<lambda_156>@?1??createXMPConstJSObject@UxpXMPConst@xmp@torq@@SAPEAUnapi_value__@@AEBV?$shared_ptr@VContext@seal_napi@torq@@@std@@@Z@P81?1??2345@SAPEAU6@0@Z@EBAIXZ@seal_napi@torq@@
dvauxphost.dll,ascii,3615744,.?AU?$LambdaFunctionHelper@V<lambda_157>@?1??createXMPConstJSObject@UxpXMPConst@xmp@torq@@SAPEAUnapi_value__@@AEBV?$shared_ptr@VContext@seal_napi@torq@@@std@@@Z@P81?1??2345@SAPEAU6@0@Z@EBAIXZ@seal_napi@torq@@
dvauxphost.dll,ascii,3615984,.?AU?$LambdaFunctionHelper@V<lambda_158>@?1??createXMPConstJSObject@UxpXMPConst@xmp@torq@@SAPEAUnapi_value__@@AEBV?$shared_ptr@VContext@seal_napi@torq@@@std@@@Z@P81?1??2345@SAPEAU6@0@Z@EBAIXZ@seal_napi@torq@@
dvauxphost.dll,ascii,3616224,.?AU?$LambdaFunctionHelper@V<lambda_159>@?1??createXMPConstJSObject@UxpXMPConst@xmp@torq@@SAPEAUnapi_value__@@AEBV?$shared_ptr@VContext@seal_napi@torq@@@std@@@Z@P81?1??2345@SAPEAU6@0@Z@EBAIXZ@seal_napi@torq@@
dvauxphost.dll,utf16le,3790264,dvauxphost
dvauxphost.dll,utf16le,3790460,dvauxphost.dll
dvauxphost.dll,ascii,3790841,<assembly xmlns='urn:schemas-microsoft-com:asm.v1' manifestVersion='1.0'>
dvauxpui.dll,ascii,276684,UXPPopupH
dvauxpui.dll,ascii,1416688,$$$/dvauxpui/UXPPerformanceFeature/Description=Minimize frequency of dvauxpui adapter view calls to UI_Invalidate; BackgroundView and ContentClipView only invalidate in applyCornerRadius when the corner radius changes
dvauxpui.dll,ascii,1416912,$$$/dvauxpui/UXPPerformanceFeature/Name=Improvements to UXP UI Performance
dvauxpui.dll,ascii,1416992,dvauxpui.CornerRadiusRedraw
dvauxpui.dll,ascii,1420872,Unknown exception
dvauxpui.dll,ascii,1434344,dvauxpui::adapters::Dialog::show
dvauxpui.dll,ascii,1436304,uxp.flyout
dvauxpui.dll,ascii,1436344,UXPFlyout
dvauxpui.dll,ascii,1436360,Flyout.didLoad
dvauxpui.dll,ascii,1451776,dvauxpui::adapters::StoragePicker::show
dvauxpui.dll,ascii,1458544,dvauxpui::adapters::View::createContainer
dvauxpui.dll,ascii,1458592,D:\releases\dva\Drover\dvauxpui\adapters\src\View.cpp
dvauxpui.dll,ascii,1458648,dvauxpui::adapters::View::View
dvauxpui.dll,ascii,1458680,dvauxpui::adapters::View::appendChild
dvauxpui.dll,ascii,1458720,dvauxpui::adapters::View::insertBefore
dvauxpui.dll,ascii,1458760,dvauxpui::adapters::View::removeChild
dvauxpui.dll,ascii,1458800,dvauxpui::adapters::View::remove
dvauxpui.dll,ascii,1458840,dvauxpui::adapters::View::replaceWith
dvauxpui.dll,ascii,1458880,dvauxpui::adapters::View::clearChildren
dvauxpui.dll,ascii,1458920,dvauxpui::adapters::View::parentView
dvauxpui.dll,ascii,1458960,dvauxpui::adapters::View::firstChild
dvauxpui.dll,ascii,1459000,dvauxpui::adapters::View::lastChild
dvauxpui.dll,ascii,1459040,dvauxpui::adapters::View::nextSibling
dvauxpui.dll,ascii,1459080,dvauxpui::adapters::View::previousSibling
dvauxpui.dll,ascii,1459128,dvauxpui::adapters::View::setId
dvauxpui.dll,ascii,1459160,dvauxpui::adapters::View::setToolTip
dvauxpui.dll,ascii,1459200,dvauxpui::adapters::View::getId
dvauxpui.dll,ascii,1459232,dvauxpui::adapters::View::requestLayout
dvauxpui.dll,ascii,1459272,dvauxpui::adapters::View::setFrame
dvauxpui.dll,ascii,1459312,dvauxpui::adapters::View::measureContent
dvauxpui.dll,ascii,1459360,dvauxpui::adapters::View::setOpacity
dvauxpui.dll,ascii,1459400,dvauxpui::adapters::View::setVisible
dvauxpui.dll,ascii,1459440,dvauxpui::adapters::View::getDescription
dvauxpui.dll,ascii,1459488,dvauxpui::adapters::View::focus
dvauxpui.dll,ascii,1459520,dvauxpui::adapters::View::isFocused
dvauxpui.dll,ascii,1459560,dvauxpui::adapters::View::convertRectToScreen
dvauxpui.dll,ascii,1459608,dvauxpui::adapters::View::setTabTargetable
dvauxpui.dll,ascii,1459656,dvauxpui::adapters::View::SetView
dvauxpui.dll,ascii,1459696,dvauxpui::adapters::View::GetView
dvauxpui.dll,ascii,1459736,dvauxpui::adapters::View::CreateView
dvauxpui.dll,ascii,1459776,dvauxpui::adapters::View::SetParentView
dvauxpui.dll,ascii,1459816,dvauxpui::adapters::View::ensureView
dvauxpui.dll,ascii,1459856,dvauxpui::adapters::View::EnsureRootSubViewExists
dvauxpui.dll,ascii,1459912,dvauxpui::adapters::View::OnFocusChanged
dvauxpui.dll,ascii,1459960,dvauxpui::adapters::View::OnMouseEvent
dvauxpui.dll,ascii,1460000,dvauxpui::adapters::View::OnMouseEventPreCondition
dvauxpui.dll,ascii,1460056,dvauxpui::adapters::View::OnPreMouseEvent
dvauxpui.dll,ascii,1460104,dvauxpui::adapters::View::OnKeyboardEvent
dvauxpui.dll,ascii,1460152,dvauxpui::adapters::View::GetMappedFontFamilyName
dvauxpui.dll,ascii,1460888,Uxp::Threading
dvauxpui.dll,ascii,1460904,Uxp::Seal
dvauxpui.dll,ascii,1460920,UXP::V8
dvauxpui.dll,ascii,1460928,Uxp::JNI
dvauxpui.dll,ascii,1460944,Uxp::DOM
dvauxpui.dll,ascii,1460960,Uxp::Runtime
dvauxpui.dll,ascii,1460976,Uxp::Plugins
dvauxpui.dll,ascii,1460992,Uxp::Layout
dvauxpui.dll,ascii,1461008,Uxp::Rendering
dvauxpui.dll,ascii,1461024,Uxp::JS
dvauxpui.dll,ascii,1461032,Uxp::Networking
dvauxpui.dll,ascii,1461048,Uxp::Database
dvauxpui.dll,ascii,1461064,Uxp::Testing
dvauxpui.dll,ascii,1461080,Uxp::SelEngine
dvauxpui.dll,ascii,1461096,Uxp::FileSystem
dvauxpui.dll,ascii,1461328,An exception is pending
dvauxpui.dll,ascii,1466184,dvauxpui
dvauxpui.dll,ascii,1466200,dvauxpui_custom
dvauxpui.dll,ascii,1468544,dvauxpui.custom.textview
dvauxpui.dll,ascii,1468576,dvauxpui.custom.buttonview
dvauxpui.dll,ascii,1468608,dvauxpui.custom.controlview
dvauxpui.dll,ascii,1469184,will_initialize_plugin_runtime
dvauxpui.dll,ascii,1469344,did_destroy_plugin_runtime
dvauxpui.dll,ascii,1469416,on_uncaught_exception
dvauxpui.dll,ascii,1469440,show_panel_for_plugin
dvauxpui.dll,ascii,1469464,invoke_command_for_plugin
dvauxpui.dll,ascii,1469912,show_exception_message
dvauxpui.dll,ascii,1471120,load_compressed_buffer
dvauxpui.dll,ascii,1471144,load_uncompressed_buffer
dvauxpui.dll,ascii,1471176,load_scheme_url
dvauxpui.dll,ascii,1472536,dvauxphost
dvauxpui.dll,ascii,1472552,dvauxpui::Dialog
dvauxpui.dll,ascii,1472576,dvauxpui::UXPPanel
dvauxpui.dll,ascii,1472600,dvauxpui::Popup
dvauxpui.dll,ascii,1472616,dvauxpui::UXPThemeProvider
dvauxpui.dll,ascii,1473216,UXPPopup
dvauxpui.dll,ascii,1473232,The UXPPopupScriptObject object provides access to popup window methods.
dvauxpui.dll,ascii,1473312,Sets the persistence property to make the UXPPopup sticky and not sticky.
dvauxpui.dll,ascii,1474096,UXPShortcutEventProperties
dvauxpui.dll,ascii,1474128,UXP shortcut event properties
dvauxpui.dll,ascii,1474160,Indicates if the plugin view is in focus for this event
dvauxpui.dll,ascii,1474712,UXPView.Started
dvauxpui.dll,ascii,1474728,UXPView.Destroying
dvauxpui.dll,ascii,1475192,UXPViewEvent
dvauxpui.dll,ascii,1475208,UXP View event object
dvauxpui.dll,ascii,1475232,The runtime unique uxpview ID.
dvauxpui.dll,ascii,1475272,The UXP View started or relaunched again.
dvauxpui.dll,ascii,1475320,UXPVIEW_STARTED
dvauxpui.dll,ascii,1475336,The UXP View will be destroyied.
dvauxpui.dll,ascii,1475376,UXPVIEW_DESTROYING
dvauxpui.dll,ascii,1476144,UXPView
dvauxpui.dll,ascii,1476160,The UXPView object provides the basic access for the hosted uxp view and the hosted view application.
dvauxpui.dll,ascii,1476264,Closing the host window of the current uxp extension.
dvauxpui.dll,ascii,1476352,"Get the reference node ID for the corresponding control that triggers the launch of the extension inside of the application, specifid in the manifest. Mainly used for Popup or Dialog hosted extensions."
dvauxpui.dll,ascii,1476592,Allow to enable or disable the reference node control during the runtime of an extension. Mainly used for Popup or Dialog hosted extensions.
dvauxpui.dll,ascii,1477376,uxphost.rundialog
dvauxpui.dll,ascii,1477408,uxphost.rundialog - extension=[id] type=[type as defined in manifest entrypoint(s)] panelId=[panelId as defined in manifest entrypoint(s)] data=[json string to pass]
dvauxpui.dll,ascii,1477600,dvauxpui::RunUXPDialogCommand
dvauxpui.dll,ascii,1478312,RunUXPDialogEvent
dvauxpui.dll,ascii,1478800,dvaui.controls.UXP_UI_TextEdit.LoseFocusOnPreMouse
dvauxpui.dll,utf16le,1479624,atlTraceException
dvauxpui.dll,ascii,1485496,dvauxpui.dummyCustomControlView
dvauxpui.dll,ascii,1487960,dvauxpui::UI_DummyCustomControlView
dvauxpui.dll,ascii,1488224,dvauxpui::UXPDialog
dvauxpui.dll,ascii,1490536,UXP Dialog Title
dvauxpui.dll,ascii,1490863,DdvauxpuiUXPPanel
dvauxpui.dll,ascii,1490920,dvauxpui_HostView#
dvauxpui.dll,ascii,1491072,UXP Window Title
dvauxpui.dll,ascii,1491096,dvauxpui::Modeless
dvauxpui.dll,ascii,1491120,dvauxpui::UXPModelessWindow
dvauxpui.dll,ascii,1495736,dvauxpui::Panel
dvauxpui.dll,ascii,1495752,dvauxpui::PanelAsMode
dvauxpui.dll,ascii,1496008,UXPVersion
dvauxpui.dll,ascii,1496024,UXPMinorVersion
dvauxpui.dll,ascii,1496040,UXPPluginId
dvauxpui.dll,ascii,1496056,UXPExtensionType
dvauxpui.dll,ascii,1496080,UXPPanelId
dvauxpui.dll,ascii,1499728,dvauxpui::panel::UXPPanel::UXPPanel
dvauxpui.dll,ascii,1499768,D:\releases\dva\Drover\dvauxpui\ui\src\UXPPanel.cpp
dvauxpui.dll,ascii,1499824,dvauxpui::panel::UXPPanel::~UXPPanel
dvauxpui.dll,ascii,1499864,dvauxpui::panel::UXPPanel::GetUXPInstance
dvauxpui.dll,ascii,1499912,dvauxpui::panel::UXPPanel::CreateHostView
dvauxpui.dll,ascii,1499960,dvauxpui::panel::UXPPanel::SetUXPInstance
dvauxpui.dll,ascii,1500040,via:load-workspace
dvauxpui.dll,ascii,1500088,dvauxpui::panel::UXPPanel::CloseHostView
dvauxpui.dll,ascii,1500136,dvauxpui::panel::UXPPanel::GetHostView
dvauxpui.dll,ascii,1500176,dvauxpui::panel::UXPPanel::UI_SupportsDrawbot
dvauxpui.dll,ascii,1500224,dvauxpui::panel::UXPPanel::Cleanup
dvauxpui.dll,ascii,1500264,dvauxpui::panel::UXPPanel::AllowRestoreIntoWorkspace
dvauxpui.dll,ascii,1500320,dvauxpui::panel::UXPPanel::DoSaveStateData
dvauxpui.dll,ascii,1500368,dvauxpui::panel::UXPPanel::DoLoadStateData
dvauxpui.dll,ascii,1500416,dvauxpui::panel::UXPPanel::OnLoadAndCreateHostView
dvauxpui.dll,ascii,1500512,mLoadRequestCount
dvauxpui.dll,ascii,1500544,pluginID
dvauxpui.dll,ascii,1500592,dvauxphost::AttachHostView
dvauxpui.dll,ascii,1500624,UXPPanel::OnLoadExtensionCompletion
dvauxpui.dll,ascii,1500696,dvauxpui::panel::UXPPanel::OnLoadExtensionCompletion
dvauxpui.dll,ascii,1500752,$$$/dvauxpui/FailedToLoad=Failed to load plugin with id:^n@0^n@1
dvauxpui.dll,ascii,1500824,dvauxpui::panel::UXPPanel::OnViewStarting
dvauxpui.dll,ascii,1500872,dvauxpui::panel::UXPPanel::OnViewDestruction
dvauxpui.dll,ascii,1500920,dvauxpui::panel::UXPPanel::UI_Draw
dvauxpui.dll,ascii,1500960,dvauxpui::panel::UXPPanel::UpdateParentSize
dvauxpui.dll,ascii,1501008,dvauxpui::panel::UXPPanel::DoGetSnapSizes
dvauxpui.dll,ascii,1501056,dvauxpui::panel::UXPPanel::ResizeWithPositionInfo
dvauxpui.dll,ascii,1501112,dvauxpui::panel::UXPPanel::SetCloseTabFn
dvauxpui.dll,ascii,1501160,dvauxpui::panel::UXPPanelCreator::UXPPanelCreator
dvauxpui.dll,ascii,1501216,dvauxpui::panel::UXPPanelCreator::CreateTabPanel
dvauxpui.dll,ascii,1501272,UXP Panel @0
dvauxpui.dll,ascii,1501288,UXP Panel
dvauxpui.dll,ascii,1501790,hBdvauxpui::UXPPopup
dvauxpui.dll,ascii,1507648,"uxphost.load extension="""
dvauxpui.dll,ascii,1507680,"uxphost.closeview callId="""
dvauxpui.dll,ascii,1507784,dvauxpui::unifiedheader::UXPModeBehavior
dvauxpui.dll,ascii,1511288,UXP Runtime error:
dvauxpui.dll,ascii,1511312,"Please add UXPAssert Delegate using Alpaca, for handling of uncaught exceptions by Host."
dvauxpui.dll,ascii,1511408,UXP uncaught Fatal error:
dvauxpui.dll,ascii,1514712,torq_uxp_host_data_set_table
dvauxpui.dll,ascii,1521920,torq_image_loader_delegate_did_load_image
dvauxpui.dll,ascii,1521968,torq_image_loader_delegate_retain
dvauxpui.dll,ascii,1522008,torq_image_loader_delegate_release
dvauxpui.dll,ascii,1522048,torq_image_loader_delegate_weak_release
dvauxpui.dll,ascii,1522088,torq_image_loader_delegate_weak_retain_from_weak
dvauxpui.dll,ascii,1522144,torq_image_loader_delegate_weak_retain_from_strong
dvauxpui.dll,ascii,1522200,torq_image_loader_delegate_lock
dvauxpui.dll,ascii,1522232,torq_image_loader_delegate_vector_create
dvauxpui.dll,ascii,1522280,torq_image_loader_delegate_vector_get_data
dvauxpui.dll,ascii,1522328,torq_image_loader_delegate_vector_retain
dvauxpui.dll,ascii,1522376,torq_image_loader_delegate_vector_release
dvauxpui.dll,ascii,1522424,torq_image_loader_set_table
dvauxpui.dll,ascii,1540208,torq_uxp_vulcan_delegate_retain
dvauxpui.dll,ascii,1540240,torq_uxp_vulcan_delegate_release
dvauxpui.dll,ascii,1540280,torq_uxp_vulcan_delegate_weak_release
dvauxpui.dll,ascii,1540320,torq_uxp_vulcan_delegate_weak_retain_from_weak
dvauxpui.dll,ascii,1540368,torq_uxp_vulcan_delegate_weak_retain_from_strong
dvauxpui.dll,ascii,1540424,torq_uxp_vulcan_delegate_lock
dvauxpui.dll,ascii,1540456,torq_uxp_vulcan_delegate_vector_create
dvauxpui.dll,ascii,1540496,torq_uxp_vulcan_delegate_vector_get_data
dvauxpui.dll,ascii,1540544,torq_uxp_vulcan_delegate_vector_retain
dvauxpui.dll,ascii,1540584,torq_uxp_vulcan_delegate_vector_release
dvauxpui.dll,ascii,1540624,torq_uxp_vulcan_message_handler_handle_message
dvauxpui.dll,ascii,1540672,torq_uxp_vulcan_message_handler_vector_create
dvauxpui.dll,ascii,1540720,torq_uxp_vulcan_message_handler_vector_get_data
dvauxpui.dll,ascii,1540768,torq_uxp_vulcan_message_handler_vector_retain
dvauxpui.dll,ascii,1540816,torq_uxp_vulcan_message_handler_vector_release
dvauxpui.dll,ascii,1540864,torq_uxp_vulcan_host_delegate_set_table
dvauxpui.dll,ascii,1540904,torq_uxp_vulcan_delegate_alpaca_create
dvauxpui.dll,ascii,1540944,torq_uxp_vulcan_delegate_alpaca_retain
dvauxpui.dll,ascii,1540984,torq_uxp_vulcan_delegate_alpaca_release
dvauxpui.dll,ascii,1541024,torq_uxp_vulcan_delegate_alpaca_weak_release
dvauxpui.dll,ascii,1541072,torq_uxp_vulcan_delegate_alpaca_weak_retain_from_weak
dvauxpui.dll,ascii,1541128,torq_uxp_vulcan_delegate_alpaca_weak_retain_from_strong
dvauxpui.dll,ascii,1541184,torq_uxp_vulcan_delegate_alpaca_lock
dvauxpui.dll,ascii,1541224,torq_uxp_vulcan_delegate_alpaca_vector_create
dvauxpui.dll,ascii,1541272,torq_uxp_vulcan_delegate_alpaca_vector_get_data
dvauxpui.dll,ascii,1541320,torq_uxp_vulcan_delegate_alpaca_vector_retain
dvauxpui.dll,ascii,1541368,torq_uxp_vulcan_delegate_alpaca_vector_release
dvauxpui.dll,ascii,1541416,torq_uxp_entrypoint_loader_invokeCommand
dvauxpui.dll,ascii,1541464,torq_uxp_entrypoint_loader_invokeCommandWithData
dvauxpui.dll,ascii,1541520,torq_uxp_entrypoint_loader_retain
dvauxpui.dll,ascii,1541560,torq_uxp_entrypoint_loader_release
dvauxpui.dll,ascii,1541600,torq_uxp_entrypoint_loader_weak_release
dvauxpui.dll,ascii,1541640,torq_uxp_entrypoint_loader_weak_retain_from_weak
dvauxpui.dll,ascii,1541696,torq_uxp_entrypoint_loader_weak_retain_from_strong
dvauxpui.dll,ascii,1541752,torq_uxp_entrypoint_loader_lock
dvauxpui.dll,ascii,1541784,torq_uxp_entrypoint_loader_vector_create
dvauxpui.dll,ascii,1541832,torq_uxp_entrypoint_loader_vector_get_data
dvauxpui.dll,ascii,1541880,torq_uxp_entrypoint_loader_vector_retain
dvauxpui.dll,ascii,1541928,torq_uxp_entrypoint_loader_vector_release
dvauxpui.dll,ascii,1541976,torq_uxp_panel_retain
dvauxpui.dll,ascii,1542000,torq_uxp_panel_release
dvauxpui.dll,ascii,1542024,torq_uxp_panel_weak_release
dvauxpui.dll,ascii,1542056,torq_uxp_panel_weak_retain_from_weak
dvauxpui.dll,ascii,1542096,torq_uxp_panel_weak_retain_from_strong
dvauxpui.dll,ascii,1542136,torq_uxp_panel_lock
dvauxpui.dll,ascii,1542160,torq_uxp_panel_vector_create
dvauxpui.dll,ascii,1542192,torq_uxp_panel_vector_get_data
dvauxpui.dll,ascii,1542224,torq_uxp_panel_vector_retain
dvauxpui.dll,ascii,1542256,torq_uxp_panel_vector_release
dvauxpui.dll,ascii,1542288,torq_uxp_island_delegate_retain
dvauxpui.dll,ascii,1542320,torq_uxp_island_delegate_release
dvauxpui.dll,ascii,1542360,torq_uxp_island_delegate_weak_release
dvauxpui.dll,ascii,1542400,torq_uxp_island_delegate_weak_retain_from_weak
dvauxpui.dll,ascii,1542448,torq_uxp_island_delegate_weak_retain_from_strong
dvauxpui.dll,ascii,1542504,torq_uxp_island_delegate_lock
dvauxpui.dll,ascii,1542536,torq_uxp_island_delegate_vector_create
dvauxpui.dll,ascii,1542576,torq_uxp_island_delegate_vector_get_data
dvauxpui.dll,ascii,1542624,torq_uxp_island_delegate_vector_retain
dvauxpui.dll,ascii,1542664,torq_uxp_island_delegate_vector_release
dvauxpui.dll,ascii,1542744,torq_uxp_island_delegate_alpaca_create
dvauxpui.dll,ascii,1542784,torq_uxp_island_delegate_alpaca_host_island_delegate
dvauxpui.dll,ascii,1542840,torq_uxp_island_delegate_alpaca_vector_create
dvauxpui.dll,ascii,1542888,torq_uxp_island_delegate_alpaca_vector_get_data
dvauxpui.dll,ascii,1542936,torq_uxp_island_delegate_alpaca_vector_retain
dvauxpui.dll,ascii,1542984,torq_uxp_island_delegate_alpaca_vector_release
dvauxpui.dll,ascii,1543032,torq_uxp_island_alpaca_create
dvauxpui.dll,ascii,1543064,torq_uxp_island_alpaca_from
dvauxpui.dll,ascii,1543096,torq_uxp_island_alpaca_get_content_view
dvauxpui.dll,ascii,1543136,torq_uxp_island_alpaca_set_allowed_media
dvauxpui.dll,ascii,1543184,torq_uxp_island_alpaca_set_allow_web_view
dvauxpui.dll,ascii,1543232,torq_uxp_island_alpaca_invoke_entrypoint
dvauxpui.dll,ascii,1543280,torq_uxp_island_alpaca_invoke_menu
dvauxpui.dll,ascii,1543320,torq_uxp_island_alpaca_retain
dvauxpui.dll,ascii,1543352,torq_uxp_island_alpaca_release
dvauxpui.dll,ascii,1543384,torq_uxp_island_alpaca_weak_release
dvauxpui.dll,ascii,1543424,torq_uxp_island_alpaca_weak_retain_from_weak
dvauxpui.dll,ascii,1543472,torq_uxp_island_alpaca_weak_retain_from_strong
dvauxpui.dll,ascii,1543520,torq_uxp_island_alpaca_lock
dvauxpui.dll,ascii,1543552,torq_uxp_island_alpaca_vector_create
dvauxpui.dll,ascii,1543592,torq_uxp_island_alpaca_vector_get_data
dvauxpui.dll,ascii,1543632,torq_uxp_island_alpaca_vector_retain
dvauxpui.dll,ascii,1543672,torq_uxp_island_alpaca_vector_release
dvauxpui.dll,ascii,1543712,torq_uxp_runtime_as_runtime
dvauxpui.dll,ascii,1543744,torq_uxp_runtime_vector_create
dvauxpui.dll,ascii,1543776,torq_uxp_runtime_vector_get_data
dvauxpui.dll,ascii,1543816,torq_uxp_runtime_vector_retain
dvauxpui.dll,ascii,1543848,torq_uxp_runtime_vector_release
dvauxpui.dll,ascii,1543880,torq_plugin_localized_string_set_default
dvauxpui.dll,ascii,1543928,torq_plugin_localized_string_set_locale
dvauxpui.dll,ascii,1543968,torq_plugin_localized_string_get_default
dvauxpui.dll,ascii,1544016,torq_plugin_localized_string_get_locale
dvauxpui.dll,ascii,1544056,torq_plugin_localized_string_release
dvauxpui.dll,ascii,1544096,torq_plugin_localized_string_vector_create
dvauxpui.dll,ascii,1544144,torq_plugin_localized_string_vector_get_data
dvauxpui.dll,ascii,1544192,torq_plugin_localized_string_vector_retain
dvauxpui.dll,ascii,1544240,torq_plugin_localized_string_vector_release
dvauxpui.dll,ascii,1544560,torq_plugin_icon_get_size
dvauxpui.dll,ascii,1544592,torq_plugin_icon_get_scale
dvauxpui.dll,ascii,1544624,torq_plugin_icon_get_path
dvauxpui.dll,ascii,1544656,torq_plugin_icon_set_path
dvauxpui.dll,ascii,1544688,torq_plugin_icon_get_scaled_path_list
dvauxpui.dll,ascii,1544728,torq_plugin_icon_set_scaled_path_list
dvauxpui.dll,ascii,1544768,torq_plugin_icon_get_species
dvauxpui.dll,ascii,1544800,torq_plugin_icon_set_species
dvauxpui.dll,ascii,1544832,torq_plugin_icon_get_theme
dvauxpui.dll,ascii,1544864,torq_plugin_icon_set_theme
dvauxpui.dll,ascii,1544896,torq_plugin_icon_release
dvauxpui.dll,ascii,1544928,torq_plugin_icon_vector_create
dvauxpui.dll,ascii,1544960,torq_plugin_icon_vector_get_data
dvauxpui.dll,ascii,1545000,torq_plugin_icon_vector_retain
dvauxpui.dll,ascii,1545032,torq_plugin_icon_vector_release
dvauxpui.dll,ascii,1545064,torq_plugin_icon_scale_path_pair_get_scale
dvauxpui.dll,ascii,1545112,torq_plugin_icon_scale_path_pair_set_scale
dvauxpui.dll,ascii,1545160,torq_plugin_icon_scale_path_pair_get_path
dvauxpui.dll,ascii,1545208,torq_plugin_icon_scale_path_pair_set_path
dvauxpui.dll,ascii,1545256,torq_plugin_icon_scale_path_pair_release
dvauxpui.dll,ascii,1545304,torq_plugin_icon_scale_path_pair_vector_create
dvauxpui.dll,ascii,1545352,torq_plugin_icon_scale_path_pair_vector_get_data
dvauxpui.dll,ascii,1545408,torq_plugin_icon_scale_path_pair_vector_retain
dvauxpui.dll,ascii,1545456,torq_plugin_icon_scale_path_pair_vector_release
dvauxpui.dll,ascii,1545504,torq_plugin_shortcut_get_shortcutKey
dvauxpui.dll,ascii,1545544,torq_plugin_shortcut_set_shortcutKey
dvauxpui.dll,ascii,1545584,torq_plugin_shortcut_get_commandKey
dvauxpui.dll,ascii,1545624,torq_plugin_shortcut_set_commandKey
dvauxpui.dll,ascii,1545664,torq_plugin_shortcut_get_altKey
dvauxpui.dll,ascii,1545696,torq_plugin_shortcut_set_altKey
dvauxpui.dll,ascii,1545728,torq_plugin_shortcut_get_shiftKey
dvauxpui.dll,ascii,1545768,torq_plugin_shortcut_set_shiftKey
dvauxpui.dll,ascii,1545808,torq_plugin_shortcut_get_ctrlKey
dvauxpui.dll,ascii,1545848,torq_plugin_shortcut_set_ctrlKey
dvauxpui.dll,ascii,1545888,torq_plugin_shortcut_release
dvauxpui.dll,ascii,1545920,torq_plugin_shortcut_vector_create
dvauxpui.dll,ascii,1545960,torq_plugin_shortcut_vector_get_data
dvauxpui.dll,ascii,1546000,torq_plugin_shortcut_vector_retain
dvauxpui.dll,ascii,1546040,torq_plugin_shortcut_vector_release
dvauxpui.dll,ascii,1546080,torq_plugin_command_get_shortcut
dvauxpui.dll,ascii,1546120,torq_plugin_command_get_type
dvauxpui.dll,ascii,1546152,torq_plugin_command_set_type
dvauxpui.dll,ascii,1546184,torq_plugin_command_get_id
dvauxpui.dll,ascii,1546216,torq_plugin_command_set_id
dvauxpui.dll,ascii,1546248,torq_plugin_command_get_label
dvauxpui.dll,ascii,1546280,torq_plugin_command_set_label
dvauxpui.dll,ascii,1546312,torq_plugin_command_get_description
dvauxpui.dll,ascii,1546352,torq_plugin_command_set_description
dvauxpui.dll,ascii,1546392,torq_plugin_command_get_sequence_number
dvauxpui.dll,ascii,1546432,torq_plugin_command_set_sequence_number
dvauxpui.dll,ascii,1546472,torq_plugin_command_release
dvauxpui.dll,ascii,1546504,torq_plugin_command_vector_create
dvauxpui.dll,ascii,1546544,torq_plugin_command_vector_get_data
dvauxpui.dll,ascii,1546584,torq_plugin_command_vector_retain
dvauxpui.dll,ascii,1546624,torq_plugin_command_vector_release
dvauxpui.dll,ascii,1546664,torq_plugin_panel_get_shortcut
dvauxpui.dll,ascii,1546696,torq_plugin_panel_get_minimum_size
dvauxpui.dll,ascii,1546736,torq_plugin_panel_get_maximum_size
dvauxpui.dll,ascii,1546776,torq_plugin_panel_get_preferred_docked_size
dvauxpui.dll,ascii,1546824,torq_plugin_panel_get_preferred_floating_size
dvauxpui.dll,ascii,1546872,torq_plugin_panel_get_type
dvauxpui.dll,ascii,1546904,torq_plugin_panel_set_type
dvauxpui.dll,ascii,1546936,torq_plugin_panel_get_id
dvauxpui.dll,ascii,1546968,torq_plugin_panel_set_id
dvauxpui.dll,ascii,1547000,torq_plugin_panel_get_label
dvauxpui.dll,ascii,1547032,torq_plugin_panel_set_label
dvauxpui.dll,ascii,1547064,torq_plugin_panel_get_description
dvauxpui.dll,ascii,1547104,torq_plugin_panel_set_description
dvauxpui.dll,ascii,1547144,torq_plugin_panel_get_sequence_number
dvauxpui.dll,ascii,1547184,torq_plugin_panel_set_sequence_number
dvauxpui.dll,ascii,1547224,torq_plugin_panel_get_title
dvauxpui.dll,ascii,1547256,torq_plugin_panel_set_title
dvauxpui.dll,ascii,1547288,torq_plugin_panel_get_icons
dvauxpui.dll,ascii,1547320,torq_plugin_panel_set_icons
dvauxpui.dll,ascii,1547352,torq_plugin_panel_release
dvauxpui.dll,ascii,1547384,torq_plugin_panel_vector_create
dvauxpui.dll,ascii,1547416,torq_plugin_panel_vector_get_data
dvauxpui.dll,ascii,1547456,torq_plugin_panel_vector_retain
dvauxpui.dll,ascii,1547488,torq_plugin_panel_vector_release
dvauxpui.dll,ascii,1547528,torq_plugin_dependencies_get_dependency_str
dvauxpui.dll,ascii,1547576,torq_plugin_dependencies_set_dependency_str
dvauxpui.dll,ascii,1547624,torq_plugin_dependencies_get_dependency_version
dvauxpui.dll,ascii,1547672,torq_plugin_dependencies_set_dependency_version
dvauxpui.dll,ascii,1547720,torq_plugin_dependencies_release
dvauxpui.dll,ascii,1547760,torq_plugin_dependencies_vector_create
dvauxpui.dll,ascii,1547800,torq_plugin_dependencies_vector_get_data
dvauxpui.dll,ascii,1547848,torq_plugin_dependencies_vector_retain
dvauxpui.dll,ascii,1547888,torq_plugin_dependencies_vector_release
dvauxpui.dll,ascii,1547928,torq_plugin_host_info_get_app
dvauxpui.dll,ascii,1547960,torq_plugin_host_info_set_app
dvauxpui.dll,ascii,1547992,torq_plugin_host_info_get_minVersion
dvauxpui.dll,ascii,1548032,torq_plugin_host_info_set_minVersion
dvauxpui.dll,ascii,1548072,torq_plugin_host_info_get_maxVersion
dvauxpui.dll,ascii,1548112,torq_plugin_host_info_set_maxVersion
dvauxpui.dll,ascii,1548152,torq_plugin_host_info_get_main
dvauxpui.dll,ascii,1548184,torq_plugin_host_info_set_main
dvauxpui.dll,ascii,1548216,torq_plugin_host_info_get_pluginLevel
dvauxpui.dll,ascii,1548256,torq_plugin_host_info_set_pluginLevel
dvauxpui.dll,ascii,1548296,torq_plugin_host_info_get_dependencies
dvauxpui.dll,ascii,1548336,torq_plugin_host_info_set_dependencies
dvauxpui.dll,ascii,1548376,torq_plugin_host_info_get_icons
dvauxpui.dll,ascii,1548408,torq_plugin_host_info_set_icons
dvauxpui.dll,ascii,1548440,torq_plugin_host_info_get_panels
dvauxpui.dll,ascii,1548480,torq_plugin_host_info_set_panels
dvauxpui.dll,ascii,1548520,torq_plugin_host_info_get_commands
dvauxpui.dll,ascii,1548560,torq_plugin_host_info_set_commands
dvauxpui.dll,ascii,1548600,torq_plugin_host_info_release
dvauxpui.dll,ascii,1548632,torq_plugin_host_info_vector_create
dvauxpui.dll,ascii,1548672,torq_plugin_host_info_vector_get_data
dvauxpui.dll,ascii,1548712,torq_plugin_host_info_vector_retain
dvauxpui.dll,ascii,1548752,torq_plugin_host_info_vector_release
dvauxpui.dll,ascii,1548792,torq_manifest_get_id
dvauxpui.dll,ascii,1548816,torq_manifest_get_name
dvauxpui.dll,ascii,1548840,torq_manifest_get_description
dvauxpui.dll,ascii,1548872,torq_manifest_get_main
dvauxpui.dll,ascii,1548896,torq_manifest_get_plugin_level
dvauxpui.dll,ascii,1548928,torq_manifest_get_manifest_version
dvauxpui.dll,ascii,1548968,torq_manifest_get_version
dvauxpui.dll,ascii,1549000,torq_manifest_has_entitlement
dvauxpui.dll,ascii,1549032,torq_manifest_get_icons
dvauxpui.dll,ascii,1549056,torq_manifest_get_panels
dvauxpui.dll,ascii,1549088,torq_manifest_get_commands
dvauxpui.dll,ascii,1549120,torq_manifest_get_host
dvauxpui.dll,ascii,1549144,torq_manifest_get_payload
dvauxpui.dll,ascii,1549176,torq_manifest_release
dvauxpui.dll,ascii,1549200,torq_manifest_vector_create
dvauxpui.dll,ascii,1549232,torq_manifest_vector_get_data
dvauxpui.dll,ascii,1549264,torq_manifest_vector_retain
dvauxpui.dll,ascii,1549296,torq_manifest_vector_release
dvauxpui.dll,ascii,1549328,torq_plugin_id
dvauxpui.dll,ascii,1549344,torq_plugin_version
dvauxpui.dll,ascii,1549368,torq_plugin_manifest
dvauxpui.dll,ascii,1549392,torq_plugin_plugin_root
dvauxpui.dll,ascii,1549416,torq_plugin_plugin_root_path
dvauxpui.dll,ascii,1549448,torq_plugin_plugin_type
dvauxpui.dll,ascii,1549472,torq_plugin_loader_delegate
dvauxpui.dll,ascii,1549504,torq_plugin_rejection_reason
dvauxpui.dll,ascii,1549536,torq_plugin_sub_rejection_reason
dvauxpui.dll,ascii,1549576,torq_plugin_url_storage_provider
dvauxpui.dll,ascii,1549616,torq_plugin_module_list
dvauxpui.dll,ascii,1549640,torq_plugin_source
dvauxpui.dll,ascii,1549664,torq_plugin_allow_file_scheme_access
dvauxpui.dll,ascii,1549704,torq_plugin_use_nodeJS_require
dvauxpui.dll,ascii,1549736,torq_plugin_expose_private_modules
dvauxpui.dll,ascii,1549776,torq_plugin_allow_code_cache
dvauxpui.dll,ascii,1549808,torq_plugin_allow_code_generation_from_strings
dvauxpui.dll,ascii,1549856,torq_plugin_allow_debugging
dvauxpui.dll,ascii,1549888,torq_plugin_enable_debugging
dvauxpui.dll,ascii,1549920,torq_plugin_break_on_start
dvauxpui.dll,ascii,1549952,torq_plugin_debugging_port
dvauxpui.dll,ascii,1549984,torq_plugin_name
dvauxpui.dll,ascii,1550008,torq_plugin_developer_plugin
dvauxpui.dll,ascii,1550040,torq_plugin_privileged
dvauxpui.dll,ascii,1550064,torq_plugin_uid
dvauxpui.dll,ascii,1550080,torq_plugin_storage_path
dvauxpui.dll,ascii,1550112,torq_plugin_is_first_party
dvauxpui.dll,ascii,1550144,torq_plugin_is_third_party
dvauxpui.dll,ascii,1550176,torq_plugin_retain
dvauxpui.dll,ascii,1550200,torq_plugin_release
dvauxpui.dll,ascii,1550224,torq_plugin_weak_release
dvauxpui.dll,ascii,1550256,torq_plugin_weak_retain_from_weak
dvauxpui.dll,ascii,1550296,torq_plugin_weak_retain_from_strong
dvauxpui.dll,ascii,1550336,torq_plugin_lock
dvauxpui.dll,ascii,1550360,torq_plugin_vector_create
dvauxpui.dll,ascii,1550392,torq_plugin_vector_get_data
dvauxpui.dll,ascii,1550424,torq_plugin_vector_retain
dvauxpui.dll,ascii,1550456,torq_plugin_vector_release
dvauxpui.dll,ascii,1550488,torq_plugin_function_create_vtable
dvauxpui.dll,ascii,1550528,torq_plugin_source_start
dvauxpui.dll,ascii,1550560,torq_plugin_source_terminate
dvauxpui.dll,ascii,1550592,torq_plugin_source_restart
dvauxpui.dll,ascii,1550624,torq_plugin_source_type
dvauxpui.dll,ascii,1550648,torq_plugin_source_for_each_plugin
dvauxpui.dll,ascii,1550688,torq_plugin_source_retain
dvauxpui.dll,ascii,1550720,torq_plugin_source_release
dvauxpui.dll,ascii,1550752,torq_plugin_source_weak_release
dvauxpui.dll,ascii,1550784,torq_plugin_source_weak_retain_from_weak
dvauxpui.dll,ascii,1550832,torq_plugin_source_weak_retain_from_strong
dvauxpui.dll,ascii,1550880,torq_plugin_source_lock
dvauxpui.dll,ascii,1550904,torq_plugin_source_vector_create
dvauxpui.dll,ascii,1550944,torq_plugin_source_vector_get_data
dvauxpui.dll,ascii,1550984,torq_plugin_source_vector_retain
dvauxpui.dll,ascii,1551024,torq_plugin_source_vector_release
dvauxpui.dll,ascii,1551064,torq_plugin_source_delegate_retain
dvauxpui.dll,ascii,1551104,torq_plugin_source_delegate_release
dvauxpui.dll,ascii,1551144,torq_plugin_source_delegate_weak_release
dvauxpui.dll,ascii,1551192,torq_plugin_source_delegate_weak_retain_from_weak
dvauxpui.dll,ascii,1551248,torq_plugin_source_delegate_weak_retain_from_strong
dvauxpui.dll,ascii,1551304,torq_plugin_source_delegate_lock
dvauxpui.dll,ascii,1551344,torq_plugin_source_delegate_vector_create
dvauxpui.dll,ascii,1551392,torq_plugin_source_delegate_vector_get_data
dvauxpui.dll,ascii,1551440,torq_plugin_source_delegate_vector_retain
dvauxpui.dll,ascii,1551488,torq_plugin_source_delegate_vector_release
dvauxpui.dll,ascii,1551536,torq_host_plugin_source_delegate_set_table
dvauxpui.dll,ascii,1551584,torq_plugin_source_delegate_alpaca_create
dvauxpui.dll,ascii,1551632,torq_plugin_source_delegate_alpaca_vector_create
dvauxpui.dll,ascii,1551688,torq_plugin_source_delegate_alpaca_vector_get_data
dvauxpui.dll,ascii,1551744,torq_plugin_source_delegate_alpaca_vector_retain
dvauxpui.dll,ascii,1551800,torq_plugin_source_delegate_alpaca_vector_release
dvauxpui.dll,ascii,1551856,torq_first_party_plugin_source_create
dvauxpui.dll,ascii,1551896,torq_first_party_plugin_source_start
dvauxpui.dll,ascii,1551936,torq_first_party_plugin_source_terminate
dvauxpui.dll,ascii,1551984,torq_first_party_plugin_source_restart
dvauxpui.dll,ascii,1552024,torq_first_party_plugin_source_type
dvauxpui.dll,ascii,1552064,torq_first_party_plugin_source_for_each_plugin
dvauxpui.dll,ascii,1552112,torq_first_party_plugin_source_retain
dvauxpui.dll,ascii,1552152,torq_first_party_plugin_source_release
dvauxpui.dll,ascii,1552192,torq_first_party_plugin_source_weak_release
dvauxpui.dll,ascii,1552240,torq_first_party_plugin_source_weak_retain_from_weak
dvauxpui.dll,ascii,1552296,torq_first_party_plugin_source_weak_retain_from_strong
dvauxpui.dll,ascii,1552352,torq_first_party_plugin_source_lock
dvauxpui.dll,ascii,1552392,torq_first_party_plugin_source_vector_create
dvauxpui.dll,ascii,1552440,torq_first_party_plugin_source_vector_get_data
dvauxpui.dll,ascii,1552488,torq_first_party_plugin_source_vector_retain
dvauxpui.dll,ascii,1552536,torq_first_party_plugin_source_vector_release
dvauxpui.dll,ascii,1552584,torq_folder_plugin_source_create
dvauxpui.dll,ascii,1552624,torq_folder_plugin_source_createEx
dvauxpui.dll,ascii,1552664,torq_folder_plugin_source_start
dvauxpui.dll,ascii,1552696,torq_folder_plugin_source_terminate
dvauxpui.dll,ascii,1552736,torq_folder_plugin_source_restart
dvauxpui.dll,ascii,1552776,torq_folder_plugin_source_type
dvauxpui.dll,ascii,1552808,torq_folder_plugin_source_for_each_plugin
dvauxpui.dll,ascii,1552856,torq_folder_plugin_source_retain
dvauxpui.dll,ascii,1552896,torq_folder_plugin_source_release
dvauxpui.dll,ascii,1552936,torq_folder_plugin_source_weak_release
dvauxpui.dll,ascii,1552976,torq_folder_plugin_source_weak_retain_from_weak
dvauxpui.dll,ascii,1553024,torq_folder_plugin_source_weak_retain_from_strong
dvauxpui.dll,ascii,1553080,torq_folder_plugin_source_lock
dvauxpui.dll,ascii,1553112,torq_folder_plugin_source_vector_create
dvauxpui.dll,ascii,1553152,torq_folder_plugin_source_vector_get_data
dvauxpui.dll,ascii,1553200,torq_folder_plugin_source_vector_retain
dvauxpui.dll,ascii,1553240,torq_folder_plugin_source_vector_release
dvauxpui.dll,ascii,1553288,torq_folder_plugin_source_params_create
dvauxpui.dll,ascii,1553328,torq_folder_plugin_source_params_get_pluginType
dvauxpui.dll,ascii,1553376,torq_folder_plugin_source_params_set_pluginType
dvauxpui.dll,ascii,1553424,torq_folder_plugin_source_params_get_delegate
dvauxpui.dll,ascii,1553472,torq_folder_plugin_source_params_set_delegate
dvauxpui.dll,ascii,1553520,torq_folder_plugin_source_params_get_developerPlugins
dvauxpui.dll,ascii,1553576,torq_folder_plugin_source_params_set_developerPlugins
dvauxpui.dll,ascii,1553632,torq_folder_plugin_source_params_get_enableBatch
dvauxpui.dll,ascii,1553688,torq_folder_plugin_source_params_set_enableBatch
dvauxpui.dll,ascii,1553744,torq_folder_plugin_source_params_release
dvauxpui.dll,ascii,1553792,torq_folder_plugin_source_params_vector_create
dvauxpui.dll,ascii,1553840,torq_folder_plugin_source_params_vector_get_data
dvauxpui.dll,ascii,1553896,torq_folder_plugin_source_params_vector_retain
dvauxpui.dll,ascii,1553944,torq_folder_plugin_source_params_vector_release
dvauxpui.dll,ascii,1553992,torq_plugin_source_alpaca_create
dvauxpui.dll,ascii,1554032,torq_plugin_source_alpaca_vector_create
dvauxpui.dll,ascii,1554072,torq_plugin_source_alpaca_vector_get_data
dvauxpui.dll,ascii,1554120,torq_plugin_source_alpaca_vector_retain
dvauxpui.dll,ascii,1554160,torq_plugin_source_alpaca_vector_release
dvauxpui.dll,ascii,1554208,torq_host_plugin_source_set_table
dvauxpui.dll,ascii,1554248,torq_plugin_manager_instance
dvauxpui.dll,ascii,1554280,torq_plugin_manager_add_plugin
dvauxpui.dll,ascii,1554312,torq_plugin_manager_add_plugins
dvauxpui.dll,ascii,1554344,torq_plugin_manager_remove_plugin
dvauxpui.dll,ascii,1554384,torq_plugin_manager_enable_plugin
dvauxpui.dll,ascii,1554424,torq_plugin_manager_disable_plugin
dvauxpui.dll,ascii,1554464,torq_plugin_manager_plugin_enabled
dvauxpui.dll,ascii,1554504,torq_plugin_manager_for_each_plugin
dvauxpui.dll,ascii,1554544,torq_plugin_manager_get_plugin_with_uid
dvauxpui.dll,ascii,1554584,torq_plugin_manager_retain
dvauxpui.dll,ascii,1554616,torq_plugin_manager_release
dvauxpui.dll,ascii,1554648,torq_plugin_manager_weak_release
dvauxpui.dll,ascii,1554688,torq_plugin_manager_weak_retain_from_weak
dvauxpui.dll,ascii,1554736,torq_plugin_manager_weak_retain_from_strong
dvauxpui.dll,ascii,1554784,torq_plugin_manager_lock
dvauxpui.dll,ascii,1554816,torq_plugin_manager_vector_create
dvauxpui.dll,ascii,1554856,torq_plugin_manager_vector_get_data
dvauxpui.dll,ascii,1554896,torq_plugin_manager_vector_retain
dvauxpui.dll,ascii,1554936,torq_plugin_manager_vector_release
dvauxpui.dll,ascii,1554976,torq_plugin_source_manager_instance
dvauxpui.dll,ascii,1555016,torq_plugin_source_manager_add_plugin_source
dvauxpui.dll,ascii,1555064,torq_plugin_source_manager_remove_plugin_source
dvauxpui.dll,ascii,1555112,torq_plugin_source_manager_start
dvauxpui.dll,ascii,1555152,torq_plugin_source_manager_terminate
dvauxpui.dll,ascii,1555192,torq_plugin_source_manager_retain
dvauxpui.dll,ascii,1555232,torq_plugin_source_manager_release
dvauxpui.dll,ascii,1555272,torq_plugin_source_manager_weak_release
dvauxpui.dll,ascii,1555312,torq_plugin_source_manager_weak_retain_from_weak
dvauxpui.dll,ascii,1555368,torq_plugin_source_manager_weak_retain_from_strong
dvauxpui.dll,ascii,1555424,torq_plugin_source_manager_lock
dvauxpui.dll,ascii,1555456,torq_plugin_source_manager_vector_create
dvauxpui.dll,ascii,1555504,torq_plugin_source_manager_vector_get_data
dvauxpui.dll,ascii,1555552,torq_plugin_source_manager_vector_retain
dvauxpui.dll,ascii,1555600,torq_plugin_source_manager_vector_release
dvauxpui.dll,ascii,1555648,torq_plugin_sub_rejection_reason_create
dvauxpui.dll,ascii,1555688,torq_plugin_sub_rejection_reason_get_manifest_return_type
dvauxpui.dll,ascii,1555752,torq_plugin_sub_rejection_reason_set_manifest_return_type
dvauxpui.dll,ascii,1555816,torq_plugin_sub_rejection_reason_release
dvauxpui.dll,ascii,1555864,torq_plugin_sub_rejection_reason_vector_create
dvauxpui.dll,ascii,1555912,torq_plugin_sub_rejection_reason_vector_get_data
dvauxpui.dll,ascii,1555968,torq_plugin_sub_rejection_reason_vector_retain
dvauxpui.dll,ascii,1556016,torq_plugin_sub_rejection_reason_vector_release
dvauxpui.dll,ascii,1556064,torq_plugin_loader_delegate_retain
dvauxpui.dll,ascii,1556104,torq_plugin_loader_delegate_release
dvauxpui.dll,ascii,1556144,torq_plugin_loader_delegate_weak_release
dvauxpui.dll,ascii,1556192,torq_plugin_loader_delegate_weak_retain_from_weak
dvauxpui.dll,ascii,1556248,torq_plugin_loader_delegate_weak_retain_from_strong
dvauxpui.dll,ascii,1556304,torq_plugin_loader_delegate_lock
dvauxpui.dll,ascii,1556344,torq_plugin_loader_delegate_vector_create
dvauxpui.dll,ascii,1556392,torq_plugin_loader_delegate_vector_get_data
dvauxpui.dll,ascii,1556440,torq_plugin_loader_delegate_vector_retain
dvauxpui.dll,ascii,1556488,torq_plugin_loader_delegate_vector_release
dvauxpui.dll,ascii,1556536,torq_uxp_module_list_release
dvauxpui.dll,ascii,1556568,torq_uxp_module_list_vector_create
dvauxpui.dll,ascii,1556608,torq_uxp_module_list_vector_get_data
dvauxpui.dll,ascii,1556648,torq_uxp_module_list_vector_retain
dvauxpui.dll,ascii,1556688,torq_uxp_module_list_vector_release
dvauxpui.dll,ascii,1556728,torq_plugin_runtime_from
dvauxpui.dll,ascii,1556760,torq_plugin_runtime_init_runtime
dvauxpui.dll,ascii,1556800,torq_plugin_runtime_js_context
dvauxpui.dll,ascii,1556832,torq_plugin_runtime_js_context_group
dvauxpui.dll,ascii,1556872,torq_plugin_runtime_js_runtime
dvauxpui.dll,ascii,1556904,torq_plugin_runtime_plugin
dvauxpui.dll,ascii,1556936,torq_plugin_runtime_entrypoint_loader
dvauxpui.dll,ascii,1556976,torq_plugin_runtime_loader_delegate
dvauxpui.dll,ascii,1557016,torq_plugin_runtime_register_core_module
dvauxpui.dll,ascii,1557064,torq_plugin_runtime_register_uxp_module
dvauxpui.dll,ascii,1557104,torq_plugin_runtime_register_host_module
dvauxpui.dll,ascii,1557152,torq_plugin_runtime_register_native_module
dvauxpui.dll,ascii,1557200,torq_plugin_runtime_load_runtime_provider_with_exports
dvauxpui.dll,ascii,1557256,torq_plugin_runtime_register_runtime_provider
dvauxpui.dll,ascii,1557304,torq_plugin_runtime_set_host_data
dvauxpui.dll,ascii,1557344,torq_plugin_runtime_host_data
dvauxpui.dll,ascii,1557376,torq_plugin_runtime_retain
dvauxpui.dll,ascii,1557408,torq_plugin_runtime_release
dvauxpui.dll,ascii,1557440,torq_plugin_runtime_weak_release
dvauxpui.dll,ascii,1557480,torq_plugin_runtime_weak_retain_from_weak
dvauxpui.dll,ascii,1557528,torq_plugin_runtime_weak_retain_from_strong
dvauxpui.dll,ascii,1557576,torq_plugin_runtime_lock
dvauxpui.dll,ascii,1557608,torq_plugin_runtime_vector_create
dvauxpui.dll,ascii,1557648,torq_plugin_runtime_vector_get_data
dvauxpui.dll,ascii,1557688,torq_plugin_runtime_vector_retain
dvauxpui.dll,ascii,1557728,torq_plugin_runtime_vector_release
dvauxpui.dll,ascii,1558712,torq_plugin_runtime_group_create
dvauxpui.dll,ascii,1558752,torq_plugin_runtime_group_runtime
dvauxpui.dll,ascii,1558792,torq_plugin_runtime_group_destroy
dvauxpui.dll,ascii,1558832,torq_plugin_runtime_group_destroy_async
dvauxpui.dll,ascii,1558872,torq_plugin_runtime_group_retain
dvauxpui.dll,ascii,1558912,torq_plugin_runtime_group_release
dvauxpui.dll,ascii,1558952,torq_plugin_runtime_group_weak_release
dvauxpui.dll,ascii,1558992,torq_plugin_runtime_group_weak_retain_from_weak
dvauxpui.dll,ascii,1559040,torq_plugin_runtime_group_weak_retain_from_strong
dvauxpui.dll,ascii,1559096,torq_plugin_runtime_group_lock
dvauxpui.dll,ascii,1559128,torq_plugin_runtime_group_vector_create
dvauxpui.dll,ascii,1559168,torq_plugin_runtime_group_vector_get_data
dvauxpui.dll,ascii,1559216,torq_plugin_runtime_group_vector_retain
dvauxpui.dll,ascii,1559256,torq_plugin_runtime_group_vector_release
dvauxpui.dll,ascii,1559304,torq_plugin_runtime_function_create_vtable
dvauxpui.dll,ascii,1559352,torq_plugin_runtime_filter_create_vtable
dvauxpui.dll,ascii,1559400,torq_host_plugin_loader_delegate_set_table
dvauxpui.dll,ascii,1559448,torq_plugin_loader_delegate_alpaca_create
dvauxpui.dll,ascii,1559496,torq_plugin_loader_delegate_alpaca_host_plugin_loader_delegate
dvauxpui.dll,ascii,1559560,torq_plugin_loader_delegate_alpaca_vector_create
dvauxpui.dll,ascii,1559616,torq_plugin_loader_delegate_alpaca_vector_get_data
dvauxpui.dll,ascii,1559672,torq_plugin_loader_delegate_alpaca_vector_retain
dvauxpui.dll,ascii,1559728,torq_plugin_loader_delegate_alpaca_vector_release
dvauxpui.dll,ascii,1559784,torq_mutable_plugin_create_plugin
dvauxpui.dll,ascii,1559824,torq_mutable_plugin_create_developer_plugin
dvauxpui.dll,ascii,1559872,torq_mutable_plugin_as_plugin
dvauxpui.dll,ascii,1559904,torq_mutable_plugin_initialize
dvauxpui.dll,ascii,1559936,torq_mutable_plugin_set_loader_delegate
dvauxpui.dll,ascii,1559976,torq_mutable_plugin_set_rejection_reason
dvauxpui.dll,ascii,1560024,torq_mutable_plugin_set_rejection_reason_with_details
dvauxpui.dll,ascii,1560080,torq_mutable_plugin_commit_plugin_model
dvauxpui.dll,ascii,1560120,torq_mutable_plugin_url_storage_provider
dvauxpui.dll,ascii,1560168,torq_mutable_plugin_module_list
dvauxpui.dll,ascii,1560200,torq_mutable_plugin_set_allow_file_scheme_access
dvauxpui.dll,ascii,1560256,torq_mutable_plugin_set_allow_debugging
dvauxpui.dll,ascii,1560296,torq_mutable_plugin_set_enable_debugging
dvauxpui.dll,ascii,1560344,torq_mutable_plugin_set_break_on_start
dvauxpui.dll,ascii,1560384,torq_mutable_plugin_set_debugging_port
dvauxpui.dll,ascii,1560424,torq_mutable_plugin_set_name
dvauxpui.dll,ascii,1560456,torq_mutable_plugin_set_allow_code_generation_from_strings
dvauxpui.dll,ascii,1560520,torq_mutable_plugin_id
dvauxpui.dll,ascii,1560544,torq_mutable_plugin_version
dvauxpui.dll,ascii,1560576,torq_mutable_plugin_initialize_with_manifest
dvauxpui.dll,ascii,1560624,torq_mutable_plugin_manifest
dvauxpui.dll,ascii,1560656,torq_mutable_plugin_plugin_root
dvauxpui.dll,ascii,1560688,torq_mutable_plugin_plugin_root_path
dvauxpui.dll,ascii,1560728,torq_mutable_plugin_plugin_type
dvauxpui.dll,ascii,1560760,torq_mutable_plugin_loader_delegate
dvauxpui.dll,ascii,1560800,torq_mutable_plugin_rejection_reason
dvauxpui.dll,ascii,1560840,torq_mutable_plugin_sub_rejection_reason
dvauxpui.dll,ascii,1560888,torq_mutable_plugin_url_storage_provider_builder
dvauxpui.dll,ascii,1560944,torq_mutable_plugin_source
dvauxpui.dll,ascii,1560976,torq_mutable_plugin_allow_file_scheme_access
dvauxpui.dll,ascii,1561024,torq_mutable_plugin_use_nodeJS_require
dvauxpui.dll,ascii,1561064,torq_mutable_plugin_expose_private_modules
dvauxpui.dll,ascii,1561112,torq_mutable_plugin_allow_code_cache
dvauxpui.dll,ascii,1561152,torq_mutable_plugin_allow_code_generation_from_strings
dvauxpui.dll,ascii,1561208,torq_mutable_plugin_allow_debugging
dvauxpui.dll,ascii,1561248,torq_mutable_plugin_enable_debugging
dvauxpui.dll,ascii,1561288,torq_mutable_plugin_break_on_start
dvauxpui.dll,ascii,1561328,torq_mutable_plugin_debugging_port
dvauxpui.dll,ascii,1561368,torq_mutable_plugin_name
dvauxpui.dll,ascii,1561400,torq_mutable_plugin_developer_plugin
dvauxpui.dll,ascii,1561440,torq_mutable_plugin_privileged
dvauxpui.dll,ascii,1561472,torq_mutable_plugin_uid
dvauxpui.dll,ascii,1561496,torq_mutable_plugin_storage_path
dvauxpui.dll,ascii,1561536,torq_mutable_plugin_is_first_party
dvauxpui.dll,ascii,1561576,torq_mutable_plugin_is_third_party
dvauxpui.dll,ascii,1561616,torq_mutable_plugin_vector_create
dvauxpui.dll,ascii,1561656,torq_mutable_plugin_vector_get_data
dvauxpui.dll,ascii,1561696,torq_mutable_plugin_vector_retain
dvauxpui.dll,ascii,1561736,torq_mutable_plugin_vector_release
dvauxpui.dll,ascii,1561776,torq_plugin_add_data_create
dvauxpui.dll,ascii,1561808,torq_plugin_add_data_get_plugin
dvauxpui.dll,ascii,1561840,torq_plugin_add_data_set_plugin
dvauxpui.dll,ascii,1561872,torq_plugin_add_data_get_enabled
dvauxpui.dll,ascii,1561912,torq_plugin_add_data_set_enabled
dvauxpui.dll,ascii,1561952,torq_plugin_add_data_release
dvauxpui.dll,ascii,1561984,torq_plugin_add_data_vector_create
dvauxpui.dll,ascii,1562024,torq_plugin_add_data_vector_get_data
dvauxpui.dll,ascii,1562064,torq_plugin_add_data_vector_retain
dvauxpui.dll,ascii,1562104,torq_plugin_add_data_vector_release
dvauxpui.dll,ascii,1562144,torq_plugin_added_status_data_get_plugin
dvauxpui.dll,ascii,1562192,torq_plugin_added_status_data_set_plugin
dvauxpui.dll,ascii,1562240,torq_plugin_added_status_data_get_status
dvauxpui.dll,ascii,1562288,torq_plugin_added_status_data_set_status
dvauxpui.dll,ascii,1562336,torq_plugin_added_status_data_vector_create
dvauxpui.dll,ascii,1562384,torq_plugin_added_status_data_vector_get_data
dvauxpui.dll,ascii,1562432,torq_plugin_added_status_data_vector_retain
dvauxpui.dll,ascii,1562480,torq_plugin_added_status_data_vector_release
dvauxpui.dll,ascii,1562528,torq_plugin_added_event_data_get_plugin
dvauxpui.dll,ascii,1562568,torq_plugin_added_event_data_set_plugin
dvauxpui.dll,ascii,1562608,torq_plugin_added_event_data_get_enabled
dvauxpui.dll,ascii,1562656,torq_plugin_added_event_data_set_enabled
dvauxpui.dll,ascii,1562704,torq_plugin_added_event_data_vector_create
dvauxpui.dll,ascii,1562752,torq_plugin_added_event_data_vector_get_data
dvauxpui.dll,ascii,1562800,torq_plugin_added_event_data_vector_retain
dvauxpui.dll,ascii,1562848,torq_plugin_added_event_data_vector_release
dvauxpui.dll,ascii,1562896,torq_host_plugin_manager_set_table
dvauxpui.dll,ascii,1562936,torq_plugin_manager_alpaca_create
dvauxpui.dll,ascii,1562976,torq_plugin_manager_alpaca_retain
dvauxpui.dll,ascii,1563016,torq_plugin_manager_alpaca_release
dvauxpui.dll,ascii,1563056,torq_plugin_manager_alpaca_weak_release
dvauxpui.dll,ascii,1563096,torq_plugin_manager_alpaca_weak_retain_from_weak
dvauxpui.dll,ascii,1563152,torq_plugin_manager_alpaca_weak_retain_from_strong
dvauxpui.dll,ascii,1563208,torq_plugin_manager_alpaca_lock
dvauxpui.dll,ascii,1563240,torq_plugin_manager_alpaca_vector_create
dvauxpui.dll,ascii,1563288,torq_plugin_manager_alpaca_vector_get_data
dvauxpui.dll,ascii,1563336,torq_plugin_manager_alpaca_vector_retain
dvauxpui.dll,ascii,1563384,torq_plugin_manager_alpaca_vector_release
dvauxpui.dll,ascii,1563432,torq_plugin_loader_load_options_create
dvauxpui.dll,ascii,1563472,torq_plugin_loader_load_options_get_runtime_group
dvauxpui.dll,ascii,1563528,torq_plugin_loader_load_options_set_runtime_group
dvauxpui.dll,ascii,1563584,torq_plugin_loader_load_options_get_delegate
dvauxpui.dll,ascii,1563632,torq_plugin_loader_load_options_set_delegate
dvauxpui.dll,ascii,1563680,torq_plugin_loader_load_options_release
dvauxpui.dll,ascii,1563720,torq_plugin_loader_load_options_vector_create
dvauxpui.dll,ascii,1563768,torq_plugin_loader_load_options_vector_get_data
dvauxpui.dll,ascii,1563816,torq_plugin_loader_load_options_vector_retain
dvauxpui.dll,ascii,1563864,torq_plugin_loader_load_options_vector_release
dvauxpui.dll,ascii,1563912,torq_plugin_loader_instance
dvauxpui.dll,ascii,1563944,torq_plugin_loader_load_plugin
dvauxpui.dll,ascii,1563976,torq_plugin_loader_get_plugin_runtime
dvauxpui.dll,ascii,1564016,torq_plugin_loader_get_runtimes
dvauxpui.dll,ascii,1564048,torq_plugin_loader_get_runtimes_for_plugin
dvauxpui.dll,ascii,1564096,torq_plugin_loader_unload_plugin
dvauxpui.dll,ascii,1564136,torq_plugin_loader_unload_runtimes
dvauxpui.dll,ascii,1564176,torq_plugin_loader_reload_plugin
dvauxpui.dll,ascii,1564216,torq_plugin_loader_reload_runtimes
dvauxpui.dll,ascii,1564256,torq_plugin_loader_for_each_runtime
dvauxpui.dll,ascii,1564296,torq_plugin_loader_terminate
dvauxpui.dll,ascii,1564328,torq_plugin_loader_retain
dvauxpui.dll,ascii,1564360,torq_plugin_loader_release
dvauxpui.dll,ascii,1564392,torq_plugin_loader_weak_release
dvauxpui.dll,ascii,1564424,torq_plugin_loader_weak_retain_from_weak
dvauxpui.dll,ascii,1564472,torq_plugin_loader_weak_retain_from_strong
dvauxpui.dll,ascii,1564520,torq_plugin_loader_lock
dvauxpui.dll,ascii,1564544,torq_plugin_loader_vector_create
dvauxpui.dll,ascii,1564584,torq_plugin_loader_vector_get_data
dvauxpui.dll,ascii,1564624,torq_plugin_loader_vector_retain
dvauxpui.dll,ascii,1564664,torq_plugin_loader_vector_release
dvauxpui.dll,ascii,1564992,torq_script_plugin_builder_create
dvauxpui.dll,ascii,1565032,torq_script_plugin_builder_build
dvauxpui.dll,ascii,1565072,torq_script_plugin_builder_release
dvauxpui.dll,ascii,1565112,torq_script_plugin_builder_vector_create
dvauxpui.dll,ascii,1565160,torq_script_plugin_builder_vector_get_data
dvauxpui.dll,ascii,1565208,torq_script_plugin_builder_vector_retain
dvauxpui.dll,ascii,1565256,torq_script_plugin_builder_vector_release
dvauxpui.dll,ascii,1567320,torq_host_plugin_memory_delegate_set_table
dvauxpui.dll,ascii,1567368,torq_plugin_memory_delegate_create
dvauxpui.dll,ascii,1567408,torq_plugin_memory_delegate_host_plugin_memory_delegate
dvauxpui.dll,ascii,1567464,torq_plugin_memory_delegate_retain
dvauxpui.dll,ascii,1567504,torq_plugin_memory_delegate_release
dvauxpui.dll,ascii,1567544,torq_plugin_memory_delegate_weak_release
dvauxpui.dll,ascii,1567592,torq_plugin_memory_delegate_weak_retain_from_weak
dvauxpui.dll,ascii,1567648,torq_plugin_memory_delegate_weak_retain_from_strong
dvauxpui.dll,ascii,1567704,torq_plugin_memory_delegate_lock
dvauxpui.dll,ascii,1567744,torq_plugin_memory_delegate_vector_create
dvauxpui.dll,ascii,1567792,torq_plugin_memory_delegate_vector_get_data
dvauxpui.dll,ascii,1567840,torq_plugin_memory_delegate_vector_retain
dvauxpui.dll,ascii,1567888,torq_plugin_memory_delegate_vector_release
dvauxpui.dll,ascii,1568272,torq_uxp_initialize_params_create
dvauxpui.dll,ascii,1568312,torq_uxp_initialize_params_set_icu_data_file_path
dvauxpui.dll,ascii,1568368,torq_uxp_initialize_params_set_enable_text_gdi_interop
dvauxpui.dll,ascii,1568424,torq_uxp_initialize_params_set_enable_inspector
dvauxpui.dll,ascii,1568472,torq_uxp_initialize_params_set_force_enable_heap_profiler
dvauxpui.dll,ascii,1568536,torq_uxp_initialize_params_set_inspector_port
dvauxpui.dll,ascii,1568584,torq_uxp_initialize_params_register_font_file_path
dvauxpui.dll,ascii,1568640,torq_uxp_initialize_params_set_logger_backend
dvauxpui.dll,ascii,1568688,torq_uxp_initialize_params_set_log_directory_path
dvauxpui.dll,ascii,1568744,torq_uxp_initialize_params_set_max_log_file_size
dvauxpui.dll,ascii,1568800,torq_uxp_initialize_params_set_max_number_of_log_files
dvauxpui.dll,ascii,1568856,torq_uxp_initialize_params_set_log_file_name
dvauxpui.dll,ascii,1568904,torq_uxp_initialize_params_set_enable_log_rotation
dvauxpui.dll,ascii,1568960,torq_uxp_initialize_params_set_allow_addons
dvauxpui.dll,ascii,1569008,torq_uxp_initialize_params_set_enable_execute_as_command
dvauxpui.dll,ascii,1569072,torq_uxp_initialize_params_set_main_task_queue
dvauxpui.dll,ascii,1569120,torq_uxp_initialize_params_set_default_worker_queue
dvauxpui.dll,ascii,1569176,torq_uxp_initialize_params_set_allow_runtime_files_debugging
dvauxpui.dll,ascii,1569240,torq_uxp_initialize_params_set_assert_delegate
dvauxpui.dll,ascii,1569288,torq_uxp_initialize_params_set_plugin_memory_delegate
dvauxpui.dll,ascii,1569344,torq_uxp_initialize_params_enable_periodic_plugin_memory_stats
dvauxpui.dll,ascii,1569408,torq_uxp_initialize_params_set_prevent_using_system_media_library
dvauxpui.dll,ascii,1569480,torq_uxp_initialize_params_set_max_heap_size
dvauxpui.dll,ascii,1569528,torq_uxp_initialize_params_set_stack_trace_limit
dvauxpui.dll,ascii,1569584,torq_uxp_initialize_params_set_vulcan_delegate
dvauxpui.dll,ascii,1569632,torq_uxp_initialize_params_set_host_info
dvauxpui.dll,ascii,1569680,torq_uxp_initialize_params_set_theme
dvauxpui.dll,ascii,1569720,torq_uxp_initialize_params_set_host_theme_css_if_needed
dvauxpui.dll,ascii,1569776,torq_uxp_initialize_params_set_first_party_plugin_providers
dvauxpui.dll,ascii,1569840,torq_uxp_initialize_params_set_folder_plugin_providers
dvauxpui.dll,ascii,1569896,torq_uxp_initialize_params_set_plugins_data_root_path_alpaca
dvauxpui.dll,ascii,1569960,torq_uxp_initialize_params_set_plugins_temp_root_path_alpaca
dvauxpui.dll,ascii,1570024,torq_uxp_initialize_params_set_focus_manager_delegate
dvauxpui.dll,ascii,1570080,torq_uxp_initialize_params_set_report_unhandled_keyboard_events
dvauxpui.dll,ascii,1570144,torq_uxp_initialize_params_set_use_host_storage_picker_manager
dvauxpui.dll,ascii,1570208,torq_uxp_initialize_params_set_web_view_2_runtime_path
dvauxpui.dll,ascii,1570264,torq_uxp_initialize_params_set_enable_upic
dvauxpui.dll,ascii,1570312,torq_uxp_initialize_params_retain
dvauxpui.dll,ascii,1570352,torq_uxp_initialize_params_release
dvauxpui.dll,ascii,1570392,torq_uxp_initialize_params_weak_release
dvauxpui.dll,ascii,1570432,torq_uxp_initialize_params_weak_retain_from_weak
dvauxpui.dll,ascii,1570488,torq_uxp_initialize_params_weak_retain_from_strong
dvauxpui.dll,ascii,1570544,torq_uxp_initialize_params_lock
dvauxpui.dll,ascii,1570576,torq_uxp_initialize_params_vector_create
dvauxpui.dll,ascii,1570624,torq_uxp_initialize_params_vector_get_data
dvauxpui.dll,ascii,1570672,torq_uxp_initialize_params_vector_retain
dvauxpui.dll,ascii,1570720,torq_uxp_initialize_params_vector_release
dvauxpui.dll,ascii,1570768,torq_uxp_initializer_instance
dvauxpui.dll,ascii,1570800,torq_uxp_initializer_initialize
dvauxpui.dll,ascii,1570832,torq_uxp_initializer_params
dvauxpui.dll,ascii,1570864,torq_uxp_initializer_enable_devtools
dvauxpui.dll,ascii,1570904,torq_uxp_initializer_enable_debugging_on_all_plugins
dvauxpui.dll,ascii,1570960,torq_uxp_initializer_is_debugger_paused_on_any_plugin
dvauxpui.dll,ascii,1571016,torq_uxp_initializer_terminate
dvauxpui.dll,ascii,1571048,torq_uxp_initializer_vector_create
dvauxpui.dll,ascii,1571088,torq_uxp_initializer_vector_get_data
dvauxpui.dll,ascii,1571128,torq_uxp_initializer_vector_retain
dvauxpui.dll,ascii,1571168,torq_uxp_initializer_vector_release
dvauxpui.dll,ascii,1574296,torq_dialog_actions_delegate_didLoad
dvauxpui.dll,ascii,1576840,torq_storage_picker_options_getOpenDirectory
dvauxpui.dll,ascii,1689388,D:\releases\dva\build\mb\msvs_win32_x64\Release\x64\build\Drover\dvauxpui\dvauxpui\dvauxpui.pdb
dvauxpui.dll,ascii,1917884,dvauxpui.dll
dvauxpui.dll,ascii,1917897,??0?$enable_shared_from_this@VObjectView@adapters@custom@dvauxpui@@@std@@IEAA@AEBV01@@Z
dvauxpui.dll,ascii,1917985,??0?$enable_shared_from_this@VObjectView@adapters@custom@dvauxpui@@@std@@IEAA@XZ
dvauxpui.dll,ascii,1918066,??0?$ref_counted@VContextMenu@adapters@dvauxpui@@@api_impl@torq@@QEAA@XZ
dvauxpui.dll,ascii,1918139,??0?$ref_counted@VContextMenuItem@adapters@dvauxpui@@@api_impl@torq@@QEAA@XZ
dvauxpui.dll,ascii,1918216,??0?$ref_counted@VDialog@adapters@dvauxpui@@@api_impl@torq@@QEAA@XZ
dvauxpui.dll,ascii,1918284,??0?$ref_counted@VImageLoader@adapters@dvauxpui@@@api_impl@torq@@QEAA@XZ
dvauxpui.dll,ascii,1918357,??0?$ref_counted@VImageType@adapters@dvauxpui@@@api_impl@torq@@QEAA@XZ
dvauxpui.dll,ascii,1918428,??0?$ref_counted@VObjectValue@adapters@custom@dvauxpui@@@api_impl@torq@@QEAA@XZ
dvauxpui.dll,ascii,1918508,??0?$ref_counted@VScrollSpecification@adapters@dvauxpui@@@api_impl@torq@@QEAA@XZ
dvauxpui.dll,ascii,1918589,??0?$ref_counted@VSelectItemBase@adapters@dvauxpui@@@api_impl@torq@@QEAA@XZ
dvauxpui.dll,ascii,1918665,??0?$ref_counted@VStoragePicker@adapters@dvauxpui@@@api_impl@torq@@QEAA@XZ
dvauxpui.dll,ascii,1918740,??0?$ref_counted@VUXPHostIslandDelegate@dvauxpui@@@api_impl@torq@@QEAA@XZ
dvauxpui.dll,ascii,1918814,??0?$ref_counted@VView@adapters@dvauxpui@@@api_impl@torq@@QEAA@XZ
dvauxpui.dll,ascii,1918880,??0?$ref_counted@VViewContext@adapters@dvauxpui@@@api_impl@torq@@QEAA@XZ
dvauxpui.dll,ascii,1918953,??0BackgroundView@adapters@dvauxpui@@QEAA@_NAEBW4torq_background_layer_type@@@Z
dvauxpui.dll,ascii,1919033,??0ButtonView@adapters@dvauxpui@@QEAA@$$QEAVtorq_action_delegate_ptr@api@torq@@AEBVtorq_string@45@_N22@Z
dvauxpui.dll,ascii,1919138,??0CheckboxView@adapters@dvauxpui@@QEAA@$$QEAVtorq_key_value_delegate_ptr@api@torq@@@Z
dvauxpui.dll,ascii,1919225,??0ContentClipView@adapters@dvauxpui@@QEAA@XZ
dvauxpui.dll,ascii,1919271,??0ContextMenu@adapters@dvauxpui@@QEAA@$$QEAVtorq_action_delegate_ptr@api@torq@@Valpaca_view_context_ref@45@@Z
dvauxpui.dll,ascii,1919382,??0ContextMenuItem@adapters@dvauxpui@@QEAA@$$QEAVtorq_action_delegate_ptr@api@torq@@@Z
dvauxpui.dll,ascii,1919469,??0CustomDrawnImageView@dvauxpui@@QEAA@XZ
dvauxpui.dll,ascii,1919511,??0Dialog@adapters@dvauxpui@@QEAA@$$QEAVtorq_dialog_actions_delegate_ptr@api@torq@@AEBVtorq_string@45@AEBVtorq_create_dialog_options_ptr@45@@Z
dvauxpui.dll,ascii,1919654,??0Flyout@adapters@dvauxpui@@QEAA@$$QEAVtorq_dialog_actions_delegate_ptr@api@torq@@$$QEAVtorq_plugin_runtime_ref@45@AEBValpaca_view_context_ref@45@AEBValpaca_view_ref@45@@Z
dvauxpui.dll,ascii,1919827,??0FocusView@adapters@dvauxpui@@QEAA@XZ
dvauxpui.dll,ascii,1919867,??0Graphics@adapters@dvauxpui@@QEAA@Vtorq_graphics_view_delegate_ref@api@torq@@Valpaca_view_context_ref@45@@Z
dvauxpui.dll,ascii,1919977,??0ICustomNodeMgr@custom@dvauxpui@@QEAA@AEBV012@@Z
dvauxpui.dll,ascii,1920028,??0ICustomNodeMgr@custom@dvauxpui@@QEAA@XZ
dvauxpui.dll,ascii,1920071,??0ImageLoader@adapters@dvauxpui@@QEAA@$$QEAVtorq_image_loader_delegate_ref@api@torq@@@Z
dvauxpui.dll,ascii,1920160,??0ImageType@adapters@dvauxpui@@QEAA@$$QEAVImageP@drawbot@dvaui@@N@Z
dvauxpui.dll,ascii,1920229,??0ImageType@adapters@dvauxpui@@QEAA@AEBV?$vector@EU?$STLAllocator@E@allocator@dvacore@@@std@@@Z
dvauxpui.dll,ascii,1920326,??0ImageView@adapters@dvauxpui@@QEAA@AEBUtorq_image_options@@@Z
dvauxpui.dll,ascii,1920390,??0LayoutContainer@adapters@dvauxpui@@QEAA@$$QEAVtorq_layout_container_delegate_ptr@api@torq@@@Z
dvauxpui.dll,ascii,1920487,??0ObjectValue@adapters@custom@dvauxpui@@QEAA@XZ
dvauxpui.dll,ascii,1920536,??0ObjectView@adapters@custom@dvauxpui@@QEAA@$$QEAValpaca_object_widget_delegate_ref@api@torq@@$$QEAVtorq_custom_event_delegate_ptr@56@AEBValpaca_uxp_host_data_ref@56@AEBValpaca_view_context_ref@56@@Z
dvauxpui.dll,ascii,1920737,??0OptionItem@adapters@dvauxpui@@QEAA@XZ
dvauxpui.dll,ascii,1920778,??0PlatformView@adapters@dvauxpui@@QEAA@$$QEAVtorq_platform_view_delegate_ptr@api@torq@@@Z
dvauxpui.dll,ascii,1920869,??0ProgressView@adapters@dvauxpui@@QEAA@XZ
dvauxpui.dll,ascii,1920912,??0RadioView@adapters@dvauxpui@@QEAA@$$QEAVtorq_bool_value_delegate_ptr@api@torq@@@Z
dvauxpui.dll,ascii,1920997,??0RootLayoutView@ui@dvauxpui@@QEAA@AEBVtorq_layout_container_delegate_ptr@api@torq@@@Z
dvauxpui.dll,ascii,1921085,??0ScrollSpecification@adapters@dvauxpui@@QEAA@XZ
dvauxpui.dll,ascii,1921135,??0ScrollView@adapters@dvauxpui@@QEAA@$$QEAVtorq_point_value_delegate_ptr@api@torq@@@Z
dvauxpui.dll,ascii,1921222,??0SelectItemBase@adapters@dvauxpui@@QEAA@XZ
dvauxpui.dll,ascii,1921267,??0SelectView@adapters@dvauxpui@@QEAA@$$QEAVtorq_action_delegate_ptr@api@torq@@@Z
dvauxpui.dll,ascii,1921349,??0SeparatorItem@adapters@dvauxpui@@QEAA@XZ
dvauxpui.dll,ascii,1921393,??0SliderView@adapters@dvauxpui@@QEAA@$$QEAVtorq_double_value_delegate_ptr@api@torq@@0@Z
dvauxpui.dll,ascii,1921482,??0StoragePicker@adapters@dvauxpui@@QEAA@$$QEAVtorq_storage_picker_actions_delegate_ref@api@torq@@$$QEAVtorq_plugin_runtime_ref@45@AEBVtorq_string@45@AEBW4torq_storage_picker_types@@$$QEAVtorq_storage_picker_options_ptr@45@@Z
dvauxpui.dll,ascii,1921708,??0TextEditView@adapters@dvauxpui@@QEAA@$$QEAVtorq_input_actions_delegate_ptr@api@torq@@_NW4torq_input_text_type@@W4torq_appearance_type@@Valpaca_view_context_ref@45@@Z
dvauxpui.dll,ascii,1921877,??0TextView@adapters@dvauxpui@@QEAA@XZ
dvauxpui.dll,ascii,1921916,??0ToggleImageView@adapters@dvauxpui@@QEAA@$$QEAVtorq_key_value_delegate_ptr@api@torq@@Valpaca_view_context_ref@45@@Z
dvauxpui.dll,ascii,1922034,??0UXPHostIslandDelegate@dvauxpui@@QEAA@AEBV?$weak_ptr@VUXPInstance@dvauxphost@@@std@@@Z
dvauxpui.dll,ascii,1922123,??0UXPModelessWindow@modeless@dvauxpui@@QEAA@PEAVWorkspace@workspace@dvaworkspace@@AEBV?$basic_string@_WU?$char_traits@_W@std@@U?$STLAllocator@_W@allocator@dvacore@@@std@@W4UXPViewEventsHandling@12@@Z
dvauxpui.dll,ascii,1922324,??0UXPPanelCreator@panel@dvauxpui@@QEAA@XZ
dvauxpui.dll,ascii,1922367,??0View@adapters@dvauxpui@@QEAA@XZ
dvauxpui.dll,ascii,1922402,??0ViewContext@adapters@dvauxpui@@QEAA@AEBV?$IntrusivePtr@VUI_Node@ui@dvaui@@@RefCountedInterface@utility@dvacore@@AEBVImmutableString@56@AEBV?$weak_ptr@VUXPInstance@dvauxphost@@@std@@@Z
dvauxpui.dll,ascii,1922589,??1?$enable_shared_from_this@VObjectView@adapters@custom@dvauxpui@@@std@@IEAA@XZ
dvauxpui.dll,ascii,1922670,??1BackgroundView@adapters@dvauxpui@@UEAA@XZ
dvauxpui.dll,ascii,1922715,??1ButtonView@adapters@dvauxpui@@UEAA@XZ
dvauxpui.dll,ascii,1922756,??1CheckboxView@adapters@dvauxpui@@UEAA@XZ
dvauxpui.dll,ascii,1922799,??1ContentClipView@adapters@dvauxpui@@UEAA@XZ
dvauxpui.dll,ascii,1922845,??1ContextMenu@adapters@dvauxpui@@QEAA@XZ
dvauxpui.dll,ascii,1922887,??1ContextMenuItem@adapters@dvauxpui@@QEAA@XZ
dvauxpui.dll,ascii,1922933,??1CustomDrawnImageView@dvauxpui@@UEAA@XZ
dvauxpui.dll,ascii,1922975,??1Dialog@adapters@dvauxpui@@UEAA@XZ
dvauxpui.dll,ascii,1923012,??1Flyout@adapters@dvauxpui@@UEAA@XZ
dvauxpui.dll,ascii,1923049,??1FocusView@adapters@dvauxpui@@UEAA@XZ
dvauxpui.dll,ascii,1923089,??1Graphics@adapters@dvauxpui@@UEAA@XZ
dvauxpui.dll,ascii,1923128,??1ICustomNodeMgr@custom@dvauxpui@@UEAA@XZ
dvauxpui.dll,ascii,1923171,??1ImageLoader@adapters@dvauxpui@@UEAA@XZ
dvauxpui.dll,ascii,1923213,??1ImageType@adapters@dvauxpui@@QEAA@XZ
dvauxpui.dll,ascii,1923253,??1ImageView@adapters@dvauxpui@@UEAA@XZ
dvauxpui.dll,ascii,1923293,??1LayoutContainer@adapters@dvauxpui@@UEAA@XZ
dvauxpui.dll,ascii,1923339,??1ObjectView@adapters@custom@dvauxpui@@UEAA@XZ
dvauxpui.dll,ascii,1923387,??1OptionItem@adapters@dvauxpui@@QEAA@XZ
dvauxpui.dll,ascii,1923428,??1PlatformView@adapters@dvauxpui@@UEAA@XZ
dvauxpui.dll,ascii,1923471,??1ProgressView@adapters@dvauxpui@@UEAA@XZ
dvauxpui.dll,ascii,1923514,??1RadioView@adapters@dvauxpui@@UEAA@XZ
dvauxpui.dll,ascii,1923554,??1RootLayoutView@ui@dvauxpui@@UEAA@XZ
dvauxpui.dll,ascii,1923593,??1ScrollView@adapters@dvauxpui@@UEAA@XZ
dvauxpui.dll,ascii,1923634,??1SelectItemBase@adapters@dvauxpui@@QEAA@XZ
dvauxpui.dll,ascii,1923679,??1SelectView@adapters@dvauxpui@@UEAA@XZ
dvauxpui.dll,ascii,1923720,??1SeparatorItem@adapters@dvauxpui@@QEAA@XZ
dvauxpui.dll,ascii,1923764,??1SliderView@adapters@dvauxpui@@UEAA@XZ
dvauxpui.dll,ascii,1923805,??1StoragePicker@adapters@dvauxpui@@QEAA@XZ
dvauxpui.dll,ascii,1923849,??1TextEditView@adapters@dvauxpui@@UEAA@XZ
dvauxpui.dll,ascii,1923892,??1TextView@adapters@dvauxpui@@UEAA@XZ
dvauxpui.dll,ascii,1923931,??1ToggleImageView@adapters@dvauxpui@@UEAA@XZ
dvauxpui.dll,ascii,1923977,??1UXPHostIslandDelegate@dvauxpui@@QEAA@XZ
dvauxpui.dll,ascii,1924020,??1UXPModelessWindow@modeless@dvauxpui@@UEAA@XZ
dvauxpui.dll,ascii,1924068,??1UXPPanelCreator@panel@dvauxpui@@UEAA@XZ
dvauxpui.dll,ascii,1924111,??1View@adapters@dvauxpui@@UEAA@XZ
dvauxpui.dll,ascii,1924146,??1ViewContext@adapters@dvauxpui@@QEAA@XZ
dvauxpui.dll,ascii,1924188,??4?$TransformObjectIntoScriptingObject@VUXPShortcutEventPropertiesObject@scripting@dvauxpui@@@utility@dvascripting@@QEAAAEAU012@$$QEAU012@@Z
dvauxpui.dll,ascii,1924330,??4?$TransformObjectIntoScriptingObject@VUXPShortcutEventPropertiesObject@scripting@dvauxpui@@@utility@dvascripting@@QEAAAEAU012@AEBU012@@Z
dvauxpui.dll,ascii,1924470,??4?$enable_shared_from_this@VObjectView@adapters@custom@dvauxpui@@@std@@IEAAAEAV01@AEBV01@@Z
dvauxpui.dll,ascii,1924564,??4ICustomNodeMgr@custom@dvauxpui@@QEAAAEAV012@AEBV012@@Z
dvauxpui.dll,ascii,1924622,??R?$TransformObjectIntoScriptingObject@VUXPShortcutEventPropertiesObject@scripting@dvauxpui@@@utility@dvascripting@@QEBA?AV?$IntrusivePtr@VScriptObject@dvascripting@@@RefCountedInterface@1dvacore@@AEBVUXPShortcutEventPropertiesObject@scripting@dvauxpui@@H@Z
dvauxpui.dll,ascii,1924881,??_7BackgroundView@adapters@dvauxpui@@6B@
dvauxpui.dll,ascii,1924923,??_7ButtonView@adapters@dvauxpui@@6B@
dvauxpui.dll,ascii,1924961,??_7CheckboxView@adapters@dvauxpui@@6B@
dvauxpui.dll,ascii,1925001,??_7ContentClipView@adapters@dvauxpui@@6B@
dvauxpui.dll,ascii,1925044,??_7CustomDrawnImageView@dvauxpui@@6BAccessibleObject@accessibility@dvaui@@@
dvauxpui.dll,ascii,1925121,??_7CustomDrawnImageView@dvauxpui@@6BInvalidateComponent@ui@dvaui@@@
dvauxpui.dll,ascii,1925190,??_7CustomDrawnImageView@dvauxpui@@6BRefCountedInterface@utility@dvacore@@@
dvauxpui.dll,ascii,1925266,??_7CustomDrawnImageView@dvauxpui@@6BRefCountedObjectWithWeakPtr@utility@dvacore@@@
dvauxpui.dll,ascii,1925350,??_7CustomDrawnImageView@dvauxpui@@6BSkinSetOwner@ui@dvaui@@@
dvauxpui.dll,ascii,1925412,??_7CustomDrawnImageView@dvauxpui@@6BThemeOwner@ui@dvaui@@@
dvauxpui.dll,ascii,1925472,??_7CustomDrawnImageView@dvauxpui@@6BThemeProvider@ui@dvaui@@@
dvauxpui.dll,ascii,1925535,??_7CustomDrawnImageView@dvauxpui@@6BUI_DNAReplacementModel@controls@dvaui@@@
dvauxpui.dll,ascii,1925613,??_7CustomDrawnImageView@dvauxpui@@6BUI_DragDropHandler@ui@dvaui@@@
dvauxpui.dll,ascii,1925681,??_7CustomDrawnImageView@dvauxpui@@6BUI_NodeBase@ui@dvaui@@@
dvauxpui.dll,ascii,1925742,??_7Dialog@adapters@dvauxpui@@6B@
dvauxpui.dll,ascii,1925776,??_7Flyout@adapters@dvauxpui@@6B@
dvauxpui.dll,ascii,1925810,??_7FocusView@adapters@dvauxpui@@6B@
dvauxpui.dll,ascii,1925847,??_7Graphics@adapters@dvauxpui@@6B@
dvauxpui.dll,ascii,1925883,??_7ICustomNodeMgr@custom@dvauxpui@@6B@
dvauxpui.dll,ascii,1925923,??_7ImageLoader@adapters@dvauxpui@@6B@
dvauxpui.dll,ascii,1925962,??_7ImageView@adapters@dvauxpui@@6B@
dvauxpui.dll,ascii,1925999,??_7LayoutContainer@adapters@dvauxpui@@6B@
dvauxpui.dll,ascii,1926042,??_7ObjectView@adapters@custom@dvauxpui@@6B@
dvauxpui.dll,ascii,1926087,??_7PlatformView@adapters@dvauxpui@@6B@
dvauxpui.dll,ascii,1926127,??_7ProgressView@adapters@dvauxpui@@6B@
dvauxpui.dll,ascii,1926167,??_7RadioView@adapters@dvauxpui@@6B@
dvauxpui.dll,ascii,1926204,??_7RootLayoutView@ui@dvauxpui@@6BAccessibleObject@accessibility@dvaui@@@
dvauxpui.dll,ascii,1926278,??_7RootLayoutView@ui@dvauxpui@@6BInvalidateComponent@1dvaui@@@
dvauxpui.dll,ascii,1926342,??_7RootLayoutView@ui@dvauxpui@@6BRefCountedInterface@utility@dvacore@@@
dvauxpui.dll,ascii,1926415,??_7RootLayoutView@ui@dvauxpui@@6BRefCountedObjectWithWeakPtr@utility@dvacore@@@
dvauxpui.dll,ascii,1926496,??_7RootLayoutView@ui@dvauxpui@@6BSkinSetOwner@1dvaui@@@
dvauxpui.dll,ascii,1926553,??_7RootLayoutView@ui@dvauxpui@@6BThemeOwner@1dvaui@@@
dvauxpui.dll,ascii,1926608,??_7RootLayoutView@ui@dvauxpui@@6BThemeProvider@1dvaui@@@
dvauxpui.dll,ascii,1926666,??_7RootLayoutView@ui@dvauxpui@@6BUI_DNAReplacementModel@controls@dvaui@@@
dvauxpui.dll,ascii,1926741,??_7RootLayoutView@ui@dvauxpui@@6BUI_DragDropHandler@1dvaui@@@
dvauxpui.dll,ascii,1926804,??_7RootLayoutView@ui@dvauxpui@@6BUI_NodeBase@1dvaui@@@
dvauxpui.dll,ascii,1926860,??_7ScrollView@adapters@dvauxpui@@6B@
dvauxpui.dll,ascii,1926898,??_7SelectView@adapters@dvauxpui@@6B@
dvauxpui.dll,ascii,1926936,??_7SliderView@adapters@dvauxpui@@6B@
dvauxpui.dll,ascii,1926974,??_7TextEditView@adapters@dvauxpui@@6B@
dvauxpui.dll,ascii,1927014,??_7TextView@adapters@dvauxpui@@6B@
dvauxpui.dll,ascii,1927050,??_7ToggleImageView@adapters@dvauxpui@@6B@
dvauxpui.dll,ascii,1927093,??_7UXPModelessWindow@modeless@dvauxpui@@6B@
dvauxpui.dll,ascii,1927138,??_7UXPModelessWindow@modeless@dvauxpui@@6BAccessibleObject@accessibility@dvaui@@@
dvauxpui.dll,ascii,1927221,??_7UXPModelessWindow@modeless@dvauxpui@@6BInvalidateComponent@ui@dvaui@@@
dvauxpui.dll,ascii,1927296,??_7UXPModelessWindow@modeless@dvauxpui@@6BLayoutManagerHostInterface@workspace@dvaworkspace@@@
dvauxpui.dll,ascii,1927392,??_7UXPModelessWindow@modeless@dvauxpui@@6BOS_Window@ui@dvaui@@@
dvauxpui.dll,ascii,1927457,??_7UXPModelessWindow@modeless@dvauxpui@@6BRefCountedInterface@utility@dvacore@@@
dvauxpui.dll,ascii,1927539,??_7UXPModelessWindow@modeless@dvauxpui@@6BRefCountedObjectWithWeakPtr@utility@dvacore@@@
dvauxpui.dll,ascii,1927629,??_7UXPModelessWindow@modeless@dvauxpui@@6BSkinSetOwner@ui@dvaui@@@
dvauxpui.dll,ascii,1927697,??_7UXPModelessWindow@modeless@dvauxpui@@6BThemeOwner@ui@dvaui@@@
dvauxpui.dll,ascii,1927763,??_7UXPModelessWindow@modeless@dvauxpui@@6BThemeProvider@ui@dvaui@@@
dvauxpui.dll,ascii,1927832,??_7UXPModelessWindow@modeless@dvauxpui@@6BUI_DNAReplacementModel@controls@dvaui@@@
dvauxpui.dll,ascii,1927916,??_7UXPModelessWindow@modeless@dvauxpui@@6BUI_DragDropHandler@ui@dvaui@@@
dvauxpui.dll,ascii,1927990,??_7UXPModelessWindow@modeless@dvauxpui@@6BUI_NodeBase@ui@dvaui@@@
dvauxpui.dll,ascii,1928057,??_7UXPPanelCreator@panel@dvauxpui@@6B@
dvauxpui.dll,ascii,1928097,??_7View@adapters@dvauxpui@@6B@
dvauxpui.dll,ascii,1928129,??_8CustomDrawnImageView@dvauxpui@@7B@
dvauxpui.dll,ascii,1928168,??_8RootLayoutView@ui@dvauxpui@@7B@
dvauxpui.dll,ascii,1928204,??_8UXPModelessWindow@modeless@dvauxpui@@7B@
dvauxpui.dll,ascii,1928249,??_DCustomDrawnImageView@dvauxpui@@QEAAXXZ
dvauxpui.dll,ascii,1928292,??_DRootLayoutView@ui@dvauxpui@@QEAAXXZ
dvauxpui.dll,ascii,1928332,??_DUXPModelessWindow@modeless@dvauxpui@@QEAAXXZ
dvauxpui.dll,ascii,1928381,?Activate@RootLayoutView@ui@dvauxpui@@QEAAXXZ
dvauxpui.dll,ascii,1928427,?ActivateUIContainer@utilities@dvauxpui@@YAXAEBV?$IntrusivePtr@VUI_Node@ui@dvaui@@@RefCountedInterface@utility@dvacore@@@Z
dvauxpui.dll,ascii,1928550,?AddCommandListener@helper@dvauxpui@@YAXAEBV?$basic_string@EU?$char_traits@E@std@@U?$STLAllocator@E@allocator@dvacore@@@std@@H_NV?$shared_ptr@VNativeCallback@dvascripting@@@4@@Z
dvauxpui.dll,ascii,1928728,?AddContextForUXPPlugin@helper@dvauxpui@@YA_NAEBVImmutableString@utility@dvacore@@@Z
dvauxpui.dll,ascii,1928813,?AlpacaDialogToDialogAdapter@utilities@dvauxpui@@YAPEAVDialog@adapters@2@PEAUalpaca_dialog@@@Z
dvauxpui.dll,ascii,1928908,?AlpacaFlyoutToFlyoutAdapter@utilities@dvauxpui@@YAPEAVFlyout@adapters@2@PEAUalpaca_flyout@@@Z
dvauxpui.dll,ascii,1929003,?AlpacaImageLoaderToImageLoaderAdapter@utilities@dvauxpui@@YAPEAVImageLoader@adapters@2@PEAUalpaca_image_loader@@@Z
dvauxpui.dll,ascii,1929119,?AlpacaImageToImageTypeAdapter@utilities@dvauxpui@@YAPEAVImageType@adapters@2@PEAUalpaca_image@@@Z
dvauxpui.dll,ascii,1929218,?AlpacaMenuItemToContextMenuItem@utilities@dvauxpui@@YAPEAVContextMenuItem@adapters@2@PEAUalpaca_menu_item_widget@@@Z
dvauxpui.dll,ascii,1929336,?AlpacaMenuToContextMenu@utilities@dvauxpui@@YAPEAVContextMenu@adapters@2@PEAUalpaca_menu_widget@@@Z
dvauxpui.dll,ascii,1929437,?AlpacaOptionToOptionItemAdapter@utilities@dvauxpui@@YAPEAVOptionItem@adapters@2@PEAUalpaca_option_view@@@Z
dvauxpui.dll,ascii,1929545,?AlpacaSeparatorToSeparatorItemAdapter@utilities@dvauxpui@@YAPEAVSeparatorItem@adapters@2@PEAUalpaca_separator_view@@@Z
dvauxpui.dll,ascii,1929665,?AlpacaStoragePickerToStoragePickerAdapter@utilities@dvauxpui@@YAPEAVStoragePicker@adapters@2@PEAUalpaca_storage_picker@@@Z
dvauxpui.dll,ascii,1929789,?AlpacaViewContextToViewContextAdapter@utilities@dvauxpui@@YAPEAVViewContext@adapters@2@PEAUalpaca_view_context@@@Z
dvauxpui.dll,ascii,1929905,?AlpacaViewToViewAdapter@utilities@dvauxpui@@YAPEAVView@adapters@2@PEAUalpaca_view@@@Z
dvauxpui.dll,ascii,1929992,?ApplyPlaceHolderTextState@TextEditView@adapters@dvauxpui@@AEAAXXZ
dvauxpui.dll,ascii,1930059,?ClampCornerRadius@utilities@dvauxpui@@YA?AUtorq_corner_radius@@AEBV?$RectT@M@geom@dvacore@@AEBU3@@Z
dvauxpui.dll,ascii,1930160,?CloseHostView@UXPModelessWindow@modeless@dvauxpui@@UEAA_NXZ
dvauxpui.dll,ascii,1930221,?CloseHostWindow@helper@dvauxpui@@YA_NPEAVUI_Node@ui@dvaui@@@Z
dvauxpui.dll,ascii,1930284,?ContextMenuItemToAlpacaMenuItem@utilities@dvauxpui@@YAPEAUalpaca_menu_item_widget@@PEAVContextMenuItem@adapters@2@@Z
dvauxpui.dll,ascii,1930402,?ContextMenuToAlpacaMenu@utilities@dvauxpui@@YAPEAUalpaca_menu_widget@@PEAVContextMenu@adapters@2@@Z
dvauxpui.dll,ascii,1930503,?ConvertToDVASelection@TextEditView@adapters@dvauxpui@@AEBA?AU?$pair@_K_K@std@@AEBUtorq_selection_range@@@Z
dvauxpui.dll,ascii,1930611,?ConvertToUXPSelection@TextEditView@adapters@dvauxpui@@AEBA?AUtorq_selection_range@@AEBU?$pair@_K_K@std@@@Z
dvauxpui.dll,ascii,1930719,?Create@UXPHostIslandDelegate@dvauxpui@@SA?AVtorq_uxp_island_delegate_ref@api@torq@@AEBV?$weak_ptr@VUXPInstance@dvauxphost@@@std@@@Z
dvauxpui.dll,ascii,1930852,?CreateHostView@UXPModelessWindow@modeless@dvauxpui@@UEAAPEAVUI_SubView@ui@dvaui@@XZ
dvauxpui.dll,ascii,1930937,?CreateImage@utilities@dvauxpui@@YA?AValpaca_image_ref@api@torq@@AEBV?$vector@EU?$STLAllocator@E@allocator@dvacore@@@std@@NW4ImageDataFormat@12@@Z
dvauxpui.dll,ascii,1931084,?CreateTabPanel@UXPPanelCreator@panel@dvauxpui@@UEBA?AV?$IntrusivePtr@VTabPanel@workspace@dvaworkspace@@@RefCountedInterface@utility@dvacore@@PEAVWorkspace@workspace@dvaworkspace@@PEAVWorkspaceFrameBase@9dvaworkspace@@@Z
dvauxpui.dll,ascii,1931305,?CreateView@BackgroundView@adapters@dvauxpui@@UEAA?AV?$IntrusivePtr@VUI_SubView@ui@dvaui@@@RefCountedInterface@utility@dvacore@@XZ
dvauxpui.dll,ascii,1931436,?CreateView@ButtonView@adapters@dvauxpui@@UEAA?AV?$IntrusivePtr@VUI_SubView@ui@dvaui@@@RefCountedInterface@utility@dvacore@@XZ
dvauxpui.dll,ascii,1931563,?CreateView@CheckboxView@adapters@dvauxpui@@UEAA?AV?$IntrusivePtr@VUI_SubView@ui@dvaui@@@RefCountedInterface@utility@dvacore@@XZ
dvauxpui.dll,ascii,1931692,?CreateView@ContentClipView@adapters@dvauxpui@@UEAA?AV?$IntrusivePtr@VUI_SubView@ui@dvaui@@@RefCountedInterface@utility@dvacore@@XZ
dvauxpui.dll,ascii,1931824,?CreateView@Graphics@adapters@dvauxpui@@UEAA?AV?$IntrusivePtr@VUI_SubView@ui@dvaui@@@RefCountedInterface@utility@dvacore@@XZ
dvauxpui.dll,ascii,1931949,?CreateView@ImageView@adapters@dvauxpui@@UEAA?AV?$IntrusivePtr@VUI_SubView@ui@dvaui@@@RefCountedInterface@utility@dvacore@@XZ
dvauxpui.dll,ascii,1932075,?CreateView@ProgressView@adapters@dvauxpui@@UEAA?AV?$IntrusivePtr@VUI_SubView@ui@dvaui@@@RefCountedInterface@utility@dvacore@@XZ
dvauxpui.dll,ascii,1932204,?CreateView@RadioView@adapters@dvauxpui@@UEAA?AV?$IntrusivePtr@VUI_SubView@ui@dvaui@@@RefCountedInterface@utility@dvacore@@XZ
dvauxpui.dll,ascii,1932330,?CreateView@ScrollView@adapters@dvauxpui@@UEAA?AV?$IntrusivePtr@VUI_SubView@ui@dvaui@@@RefCountedInterface@utility@dvacore@@XZ
dvauxpui.dll,ascii,1932457,?CreateView@SelectView@adapters@dvauxpui@@UEAA?AV?$IntrusivePtr@VUI_SubView@ui@dvaui@@@RefCountedInterface@utility@dvacore@@XZ
dvauxpui.dll,ascii,1932584,?CreateView@SliderView@adapters@dvauxpui@@UEAA?AV?$IntrusivePtr@VUI_SubView@ui@dvaui@@@RefCountedInterface@utility@dvacore@@XZ
dvauxpui.dll,ascii,1932711,?CreateView@TextEditView@adapters@dvauxpui@@UEAA?AV?$IntrusivePtr@VUI_SubView@ui@dvaui@@@RefCountedInterface@utility@dvacore@@XZ
dvauxpui.dll,ascii,1932840,?CreateView@TextView@adapters@dvauxpui@@UEAA?AV?$IntrusivePtr@VUI_SubView@ui@dvaui@@@RefCountedInterface@utility@dvacore@@XZ
dvauxpui.dll,ascii,1932965,?CreateView@ToggleImageView@adapters@dvauxpui@@UEAA?AV?$IntrusivePtr@VUI_SubView@ui@dvaui@@@RefCountedInterface@utility@dvacore@@XZ
dvauxpui.dll,ascii,1933097,?CreateView@View@adapters@dvauxpui@@UEAA?AV?$IntrusivePtr@VUI_SubView@ui@dvaui@@@RefCountedInterface@utility@dvacore@@XZ
dvauxpui.dll,ascii,1933218,?DVAToTorqCornerRadius@utilities@dvauxpui@@YA?AUtorq_corner_radius@@AEBU?$FourCornerTupleT@V?$PointT@M@geom@dvacore@@@utils@dvaui@@@Z
dvauxpui.dll,ascii,1933352,?DVAUTF16ToTorqString@utilities@dvauxpui@@YA?AVtorq_string@api@torq@@AEBV?$basic_string@_WU?$char_traits@_W@std@@U?$STLAllocator@_W@allocator@dvacore@@@std@@@Z
dvauxpui.dll,ascii,1933512,?DVAUTF8ToTorqString@utilities@dvauxpui@@YA?AVtorq_string@api@torq@@AEBV?$basic_string@EU?$char_traits@E@std@@U?$STLAllocator@E@allocator@dvacore@@@std@@@Z
dvauxpui.dll,ascii,1933668,?Deactivate@RootLayoutView@ui@dvauxpui@@QEAAXXZ
dvauxpui.dll,ascii,1933716,?DeactivateUIContainer@utilities@dvauxpui@@YAXAEBV?$IntrusivePtr@VUI_Node@ui@dvaui@@@RefCountedInterface@utility@dvacore@@@Z
dvauxpui.dll,ascii,1933841,?DialogAdapterToAlpacaDialog@utilities@dvauxpui@@YAPEAUalpaca_dialog@@PEAVDialog@adapters@2@@Z
dvauxpui.dll,ascii,1933936,?DispatchCustomEvent@ObjectView@adapters@custom@dvauxpui@@QEAAXValpaca_uxp_host_data_ref@api@torq@@_N@Z
dvauxpui.dll,ascii,1934040,?DispatchDragDropEvent@RootLayoutView@ui@dvauxpui@@IEAAXAEAVOS_ReceiveData@datatransfer@dvaui@@AEBV?$PointT@M@geom@dvacore@@W4torq_drag_event_type@@@Z
dvauxpui.dll,ascii,1934191,?DispatchDragDropEvent@RootLayoutView@ui@dvauxpui@@IEAAXAEAVOS_ReceiveData@datatransfer@dvaui@@W4torq_drag_event_type@@@Z
dvauxpui.dll,ascii,1934313,?DoViewDestroyingEvent@helper@dvauxpui@@YAXAEBV?$shared_ptr@VUXPInstance@dvauxphost@@@std@@PEAVUI_Node@ui@dvaui@@@Z
dvauxpui.dll,ascii,1934429,?DoViewStartedEvent@helper@dvauxpui@@YAXAEBV?$shared_ptr@VUXPInstance@dvauxphost@@@std@@PEAVUI_Node@ui@dvaui@@@Z
dvauxpui.dll,ascii,1934542,?DoesEntryPointDenoteShouldReanimateAsFloatingPanel@helper@dvauxpui@@YA_NAEBVUXPDescriptor@dvauxphost@@AEBVImmutableString@utility@dvacore@@@Z
dvauxpui.dll,ascii,1934685,?DoesEntryPointSupportViewPersistence@helper@dvauxpui@@YA_NAEBVUXPDescriptor@dvauxphost@@AEBVImmutableString@utility@dvacore@@@Z
dvauxpui.dll,ascii,1934814,?Draw@CustomDrawnImageView@dvauxpui@@AEBAXPEAVDrawbot@drawbot@dvaui@@@Z
dvauxpui.dll,ascii,1934886,?EndInputCapture@RootLayoutView@ui@dvauxpui@@IEAAX_N@Z
dvauxpui.dll,ascii,1934941,?EnsureRootSubViewExists@View@adapters@dvauxpui@@IEAA_NXZ
dvauxpui.dll,ascii,1934999,?FindCustomControlParent@RootLayoutView@ui@dvauxpui@@IEBAPEAVUI_Node@2dvaui@@PEAV425@@Z
dvauxpui.dll,ascii,1935087,?FlyoutAdapterToAlpacaFlyout@utilities@dvauxpui@@YAPEAUalpaca_flyout@@PEAVFlyout@adapters@2@@Z
dvauxpui.dll,ascii,1935182,?GainFocus@PlatformView@adapters@dvauxpui@@EEBAXXZ
dvauxpui.dll,ascii,1935233,?GainFocus@View@adapters@dvauxpui@@MEBAXXZ
dvauxpui.dll,ascii,1935276,?GetContextNameForUXPPlugin@helper@dvauxpui@@YA?AV?$optional@VImmutableString@utility@dvacore@@@std@@AEBV?$shared_ptr@VUXPInstance@dvauxphost@@@4@@Z
dvauxpui.dll,ascii,1935425,?GetCursorID@RootLayoutView@ui@dvauxpui@@QEBAHXZ
dvauxpui.dll,ascii,1935474,?GetDelegate@RootLayoutView@ui@dvauxpui@@QEBAAEBVtorq_layout_container_delegate_ptr@api@torq@@XZ
dvauxpui.dll,ascii,1935571,?GetFlyoutPosition@Flyout@adapters@dvauxpui@@AEBA?AV?$PointT@M@geom@dvacore@@AEBUtorq_rect@@AEBUtorq_size@@W4torq_flyout_placement_edge@@AEBUtorq_insets@@@Z
dvauxpui.dll,ascii,1935728,?GetFontColor@TextEditView@adapters@dvauxpui@@AEBA?AUtorq_color_argb@@XZ
dvauxpui.dll,ascii,1935801,?GetFontFamily@TextEditView@adapters@dvauxpui@@AEBA?AVtorq_string@api@torq@@XZ
dvauxpui.dll,ascii,1935880,?GetFontSize@TextEditView@adapters@dvauxpui@@AEBANXZ
dvauxpui.dll,ascii,1935933,?GetFontStyle@TextEditView@adapters@dvauxpui@@AEBA?AW4torq_font_style_type@@XZ
dvauxpui.dll,ascii,1936012,?GetFontWeight@TextEditView@adapters@dvauxpui@@AEBA?AW4torq_font_weight_type@@XZ
dvauxpui.dll,ascii,1936093,?GetGIFPlayer@CustomDrawnImageView@dvauxpui@@QEBA?AV?$IntrusivePtr@VUI_GIFPlayer@controls@dvaui@@@RefCountedInterface@utility@dvacore@@XZ
dvauxpui.dll,ascii,1936231,?GetGifPayloadData@ImageType@adapters@dvauxpui@@QEBAAEBV?$optional@UGifData@ImageType@adapters@dvauxpui@@@std@@XZ
dvauxpui.dll,ascii,1936345,?GetHostView@helper@dvauxpui@@YA?AV?$IntrusivePtr@VUI_Node@ui@dvaui@@@RefCountedInterface@utility@dvacore@@AEBV?$basic_string@EU?$char_traits@E@std@@U?$STLAllocator@E@allocator@dvacore@@@std@@@Z
dvauxpui.dll,ascii,1936540,?GetImage@ImageType@adapters@dvauxpui@@QEBAAEBVImageP@drawbot@dvaui@@XZ
dvauxpui.dll,ascii,1936612,?GetItemDescription@SelectItemBase@adapters@dvauxpui@@QEBA?AUPopupItemDescriptor@controls@dvaui@@XZ
dvauxpui.dll,ascii,1936712,?GetLayoutContainer@View@adapters@dvauxpui@@IEBAPEBV123@XZ
dvauxpui.dll,ascii,1936771,?GetMappedFontFamilyName@View@adapters@dvauxpui@@KAXAEAV?$basic_string@_WU?$char_traits@_W@std@@U?$STLAllocator@_W@allocator@dvacore@@@std@@@Z
dvauxpui.dll,ascii,1936914,?GetMouseDownNode@RootLayoutView@ui@dvauxpui@@QEBA?AV?$IntrusivePtr@VUI_Node@ui@dvaui@@@RefCountedInterface@utility@dvacore@@XZ
dvauxpui.dll,ascii,1937042,?GetNumberEditField@TextEditView@adapters@dvauxpui@@AEBAPEAVUI_NumberEdit@controls@dvaui@@XZ
dvauxpui.dll,ascii,1937135,?GetPointerStream@RootLayoutView@ui@dvauxpui@@QEBA?AVtorq_event_stream_ref@api@torq@@XZ
dvauxpui.dll,ascii,1937223,?GetScale@CustomDrawnImageView@dvauxpui@@AEBA?AV?$PointT@M@geom@dvacore@@XZ
dvauxpui.dll,ascii,1937299,?GetSupplier@View@adapters@dvauxpui@@MEBAPEAUSupplierInterface@drawbot@dvaui@@XZ
dvauxpui.dll,ascii,1937380,?GetTextEditField@TextEditView@adapters@dvauxpui@@AEBAPEAVUI_TextEdit@controls@dvaui@@XZ
dvauxpui.dll,ascii,1937469,?GetUXPInstance@UXPModelessWindow@modeless@dvauxpui@@UEBA?AV?$shared_ptr@VUXPInstance@dvauxphost@@@std@@XZ
dvauxpui.dll,ascii,1937576,?GetView@View@adapters@dvauxpui@@QEBA?AV?$IntrusivePtr@VUI_SubView@ui@dvaui@@@RefCountedInterface@utility@dvacore@@XZ
dvauxpui.dll,ascii,1937694,?GetViewUniqueID@helper@dvauxpui@@YA?AV?$basic_string@EU?$char_traits@E@std@@U?$STLAllocator@E@allocator@dvacore@@@std@@PEAVUI_Node@ui@dvaui@@@Z
dvauxpui.dll,ascii,1937839,?GetWidgetDelegate@ObjectView@adapters@custom@dvauxpui@@QEBA?AValpaca_object_widget_delegate_ref@api@torq@@XZ
dvauxpui.dll,ascii,1937949,?HandleEscapeKey@utilities@dvauxpui@@YAXAEBV?$IntrusivePtr@VUI_Dialog@ui@dvaui@@@RefCountedInterface@utility@dvacore@@@Z
dvauxpui.dll,ascii,1938070,?HandlePostCreate@Dialog@adapters@dvauxpui@@MEAAXXZ
dvauxpui.dll,ascii,1938122,?HandleReturnKey@utilities@dvauxpui@@YAXAEBV?$IntrusivePtr@VUI_Dialog@ui@dvaui@@@RefCountedInterface@utility@dvacore@@@Z
dvauxpui.dll,ascii,1938243,?HandleUIPostClose@Dialog@adapters@dvauxpui@@MEAAXXZ
dvauxpui.dll,ascii,1938296,?ImageBufferAdapterToAlpacaImageBuffer@utilities@dvauxpui@@YAPEAUalpaca_host_image_provider_buffer@@PEAVImageBuffer@adapters@2@@Z
dvauxpui.dll,ascii,1938426,?ImageLoaderAdapterToAlpacaImageLoader@utilities@dvauxpui@@YAPEAUalpaca_image_loader@@PEAVImageLoader@adapters@2@@Z
dvauxpui.dll,ascii,1938542,?ImageTypeAdapterToAlpacaImage@utilities@dvauxpui@@YAPEAUalpaca_image@@PEAVImageType@adapters@2@@Z
dvauxpui.dll,ascii,1938641,?InitGifPayloadData@ImageType@adapters@dvauxpui@@AEAAXPEBE_K@Z
dvauxpui.dll,ascii,1938704,?InitSizePos@UXPModelessWindow@modeless@dvauxpui@@AEAAXXZ
dvauxpui.dll,ascii,1938762,?IsActivatingUIContainer@utilities@dvauxpui@@YA_NXZ
dvauxpui.dll,ascii,1938814,?IsAnchorNode@Flyout@adapters@dvauxpui@@AEBA_NV?$IntrusivePtr@VUI_Node@ui@dvaui@@@RefCountedInterface@utility@dvacore@@@Z
dvauxpui.dll,ascii,1938936,?IsAnchorNodeClicked@Flyout@adapters@dvauxpui@@AEBA_NXZ
dvauxpui.dll,ascii,1938992,?IsDetached@Flyout@adapters@dvauxpui@@AEBA_NXZ
dvauxpui.dll,ascii,1939039,?IsKeyboardEventSupported@View@adapters@dvauxpui@@MEAA_NAEBVKeyboardEvent@ui@dvaui@@@Z
dvauxpui.dll,ascii,1939126,?IsKeyboardEventTarget@TextEditView@adapters@dvauxpui@@EEBA_NPEAVUI_Node@ui@dvaui@@@Z
dvauxpui.dll,ascii,1939212,?IsKeyboardEventTarget@View@adapters@dvauxpui@@MEBA_NPEAVUI_Node@ui@dvaui@@@Z
dvauxpui.dll,ascii,1939290,?IsLocalCommandEnabledInUXP@helper@dvauxpui@@YA_NHAEA_N@Z
dvauxpui.dll,ascii,1939348,?IsModal@Dialog@adapters@dvauxpui@@MEBA_NXZ
dvauxpui.dll,ascii,1939392,?IsMouseDownNode@RootLayoutView@ui@dvauxpui@@IEBA_NPEAVUI_Node@2dvaui@@@Z
dvauxpui.dll,ascii,1939466,?LoadBuffer@ImageLoader@adapters@dvauxpui@@IEAAX$$QEAValpaca_image_ref@api@torq@@@Z
dvauxpui.dll,ascii,1939550,?NotifyDelegateOnClose@Flyout@adapters@dvauxpui@@AEAAXXZ
dvauxpui.dll,ascii,1939607,?NotifyImageLoaderDelegate@ImageLoader@adapters@dvauxpui@@QEAAXValpaca_image_ref@api@torq@@@Z
dvauxpui.dll,ascii,1939701,?NotifyUXPSelectionRangeChanged@TextEditView@adapters@dvauxpui@@AEAAX_N@Z
dvauxpui.dll,ascii,1939775,?OnClickDownOutsideOfFlyout@Flyout@adapters@dvauxpui@@AEAAXV?$IntrusivePtr@VUI_Node@ui@dvaui@@@RefCountedInterface@utility@dvacore@@@Z
dvauxpui.dll,ascii,1939910,?OnCommitFlyout@Flyout@adapters@dvauxpui@@AEAAXXZ
dvauxpui.dll,ascii,1939960,?OnFocusChanged@TextEditView@adapters@dvauxpui@@UEAAXPEAVUI_Node@ui@dvaui@@W4FocusChangeReason@56@@Z
dvauxpui.dll,ascii,1940061,?OnFocusChanged@View@adapters@dvauxpui@@MEAAXPEAVUI_Node@ui@dvaui@@W4FocusChangeReason@56@@Z
dvauxpui.dll,ascii,1940154,?OnKeyboardEvent@TextEditView@adapters@dvauxpui@@UEAA_NPEAVUI_Node@ui@dvaui@@AEBVKeyboardEvent@56@AEA_N@Z
dvauxpui.dll,ascii,1940260,?OnKeyboardEvent@View@adapters@dvauxpui@@MEAA_NPEAVUI_Node@ui@dvaui@@AEBVKeyboardEvent@56@AEA_N@Z
dvauxpui.dll,ascii,1940358,?OnMouseEvent@TextEditView@adapters@dvauxpui@@UEAA_NPEAVUI_Node@ui@dvaui@@AEBVMouseEvent@56@AEA_N@Z
dvauxpui.dll,ascii,1940458,?OnMouseEvent@View@adapters@dvauxpui@@MEAA_NPEAVUI_Node@ui@dvaui@@AEBVMouseEvent@56@AEA_N@Z
dvauxpui.dll,ascii,1940550,?OnMouseEventPreCondition@View@adapters@dvauxpui@@MEBA_NPEAVUI_Node@ui@dvaui@@AEBVMouseEvent@56@AEA_N@Z
dvauxpui.dll,ascii,1940654,?OnParentScaleChanged@RootLayoutView@ui@dvauxpui@@QEAAXXZ
dvauxpui.dll,ascii,1940712,?OnPreKeyboardEvent@PlatformView@adapters@dvauxpui@@AEAA_NPEAVUI_Node@ui@dvaui@@AEBVKeyboardEvent@56@AEA_N@Z
dvauxpui.dll,ascii,1940821,?OnPreMouseEvent@PlatformView@adapters@dvauxpui@@EEAA_NPEAVUI_Node@ui@dvaui@@AEBVMouseEvent@56@AEA_N@Z
dvauxpui.dll,ascii,1940924,?OnPreMouseEvent@View@adapters@dvauxpui@@MEAA_NPEAVUI_Node@ui@dvaui@@AEBVMouseEvent@56@AEA_N@Z
dvauxpui.dll,ascii,1941019,?OnViewDestruction@UXPModelessWindow@modeless@dvauxpui@@EEAAXXZ
dvauxpui.dll,ascii,1941083,?OnViewDestructionWrapper@UXPModelessWindow@modeless@dvauxpui@@AEAAXXZ
dvauxpui.dll,ascii,1941154,?OnViewStarting@UXPModelessWindow@modeless@dvauxpui@@EEAAXXZ
dvauxpui.dll,ascii,1941215,?OptionItemAdapterToAlpacaOption@utilities@dvauxpui@@YAPEAUalpaca_option_view@@PEAVOptionItem@adapters@2@@Z
dvauxpui.dll,ascii,1941323,?PreventDefaultKeyboardEventHandler@TextEditView@adapters@dvauxpui@@EEAA_NAEBVKeyboardEvent@ui@dvaui@@_N@Z
dvauxpui.dll,ascii,1941430,?PreventDefaultKeyboardEventHandler@View@adapters@dvauxpui@@MEAA_NAEBVKeyboardEvent@ui@dvaui@@_N@Z
dvauxpui.dll,ascii,1941529,?ProcessKeyboardShortcuts@utilities@dvauxpui@@YA_NPEAVUI_Node@ui@dvaui@@AEBVKeyboardEvent@45@@Z
dvauxpui.dll,ascii,1941625,?RedirectCapturedKeyboardEvent@RootLayoutView@ui@dvauxpui@@QEAA_NAEBVKeyboardEvent@2dvaui@@@Z
dvauxpui.dll,ascii,1941719,?RedirectCapturedMouseEvent@RootLayoutView@ui@dvauxpui@@QEAA_NAEBVMouseEvent@2dvaui@@@Z
dvauxpui.dll,ascii,1941807,?RegisterForUXPPluginHasFocusNotifications@helper@dvauxpui@@YA_NV?$function@$$A6AXAEBV?$shared_ptr@VUXPInstance@dvauxphost@@@std@@@Z@std@@@Z
dvauxpui.dll,ascii,1941948,?RemovePluginListeners@helper@dvauxpui@@YAXAEBV?$basic_string@EU?$char_traits@E@std@@U?$STLAllocator@E@allocator@dvacore@@@std@@@Z
dvauxpui.dll,ascii,1942079,?RequestUXPLayout@RootLayoutView@ui@dvauxpui@@QEAAXXZ
dvauxpui.dll,ascii,1942133,?ResetDelegate@RootLayoutView@ui@dvauxpui@@QEAAXXZ
dvauxpui.dll,ascii,1942184,?ResetDrag@RootLayoutView@ui@dvauxpui@@QEAAXXZ
dvauxpui.dll,ascii,1942231,?ResetDrop@RootLayoutView@ui@dvauxpui@@QEAAXXZ
dvauxpui.dll,ascii,1942278,?ResetInstalledFunctions@Flyout@adapters@dvauxpui@@AEAAXXZ
dvauxpui.dll,ascii,1942337,?ResetVisibilityListener@RootLayoutView@ui@dvauxpui@@QEAAXXZ
dvauxpui.dll,ascii,1942398,?RunUXPDialog@dvauxpui@@YA?AV?$basic_string@EU?$char_traits@E@std@@U?$STLAllocator@E@allocator@dvacore@@@std@@AEBVImmutableString@utility@dvacore@@000@Z
dvauxpui.dll,ascii,1942551,?SendFocusChangedToUXP@RootLayoutView@ui@dvauxpui@@QEAAXAEBValpaca_view_ref@api@torq@@@Z
dvauxpui.dll,ascii,1942640,?SendKeyboardEventToUXP@RootLayoutView@ui@dvauxpui@@QEAA_NAEBVKeyboardEvent@2dvaui@@_N@Z
dvauxpui.dll,ascii,1942729,?SendMouseEventToUXP@RootLayoutView@ui@dvauxpui@@QEAA_NPEAVUI_Node@2dvaui@@0AEBVMouseEvent@25@@Z
dvauxpui.dll,ascii,1942826,?SendStoragePickerCanceledNotification@StoragePicker@adapters@dvauxpui@@AEAAXXZ
dvauxpui.dll,ascii,1942906,?SendStoragePickerOkNotification@StoragePicker@adapters@dvauxpui@@AEAAXAEAV?$vector@Vtorq_string@api@torq@@V?$allocator@Vtorq_string@api@torq@@@std@@@std@@@Z
dvauxpui.dll,ascii,1943064,?SeparatorItemAdapterToAlpacaSeparator@utilities@dvauxpui@@YAPEAUalpaca_separator_view@@PEAVSeparatorItem@adapters@2@@Z
dvauxpui.dll,ascii,1943184,?SetCursorID@RootLayoutView@ui@dvauxpui@@QEAAXH@Z
dvauxpui.dll,ascii,1943234,?SetDropEffect@RootLayoutView@ui@dvauxpui@@QEAAXH@Z
dvauxpui.dll,ascii,1943286,?SetFocusNode@RootLayoutView@ui@dvauxpui@@QEAAX$$QEAV?$RefCountedWeakPtr@VUI_Node@ui@dvaui@@@utility@dvacore@@@Z
dvauxpui.dll,ascii,1943399,?SetGIFPlayer@CustomDrawnImageView@dvauxpui@@QEAAXAEBV?$IntrusivePtr@VUI_GIFPlayer@controls@dvaui@@@RefCountedInterface@utility@dvacore@@@Z
dvauxpui.dll,ascii,1943539,?SetMouseDownNode@RootLayoutView@ui@dvauxpui@@IEAAXPEAVUI_Node@2dvaui@@@Z
dvauxpui.dll,ascii,1943613,?SetParentView@View@adapters@dvauxpui@@QEAAXPEAUalpaca_view@@@Z
dvauxpui.dll,ascii,1943677,?SetPointerStream@RootLayoutView@ui@dvauxpui@@QEAAXVtorq_event_stream_ref@api@torq@@@Z
dvauxpui.dll,ascii,1943764,?SetScale@CustomDrawnImageView@dvauxpui@@QEAAXAEBV?$PointT@M@geom@dvacore@@@Z
dvauxpui.dll,ascii,1943842,?SetUXPInstance@UXPModelessWindow@modeless@dvauxpui@@UEAAXAEBVImmutableString@utility@dvacore@@AEBV?$shared_ptr@VUXPInstance@dvauxphost@@@std@@PEAVUI_Node@ui@dvaui@@@Z
dvauxpui.dll,ascii,1944010,?SetView@View@adapters@dvauxpui@@QEAAXV?$IntrusivePtr@VUI_SubView@ui@dvaui@@@RefCountedInterface@utility@dvacore@@W4EventHandlerFlags@123@@Z
dvauxpui.dll,ascii,1944151,?SetVisibilityListener@RootLayoutView@ui@dvauxpui@@QEAAX$$QEAV?$function@$$A6AXXZ@std@@@Z
dvauxpui.dll,ascii,1944241,?SetupViewUniqueID@helper@dvauxpui@@YAXPEAVUI_Node@ui@dvaui@@@Z
dvauxpui.dll,ascii,1944305,?StartInputCapture@RootLayoutView@ui@dvauxpui@@IEAAXAEBVMouseEvent@2dvaui@@@Z
dvauxpui.dll,ascii,1944383,?StoragePickerAdapterToAlpacaStoragePicker@utilities@dvauxpui@@YAPEAUalpaca_storage_picker@@PEAVStoragePicker@adapters@2@@Z
dvauxpui.dll,ascii,1944507,?TorqToDVACornerRadius@utilities@dvauxpui@@YA?AU?$FourCornerTupleT@V?$PointT@M@geom@dvacore@@@utils@dvaui@@AEBUtorq_corner_radius@@@Z
dvauxpui.dll,ascii,1944641,?TorqToDVAUTF16String@utilities@dvauxpui@@YA?AV?$basic_string@_WU?$char_traits@_W@std@@U?$STLAllocator@_W@allocator@dvacore@@@std@@AEBVtorq_string@api@torq@@@Z
dvauxpui.dll,ascii,1944801,?TorqToDVAUTF8String@utilities@dvauxpui@@YA?AV?$basic_string@EU?$char_traits@E@std@@U?$STLAllocator@E@allocator@dvacore@@@std@@AEBVtorq_string@api@torq@@@Z
dvauxpui.dll,ascii,1944957,?TryToDispatchCommandToUXP@helper@dvauxpui@@YA_NHH@Z
dvauxpui.dll,ascii,1945010,?UI_ActivationChanged@UXPModelessWindow@modeless@dvauxpui@@MEAAXW4WindowActivation@UI_Node@ui@dvaui@@@Z
dvauxpui.dll,ascii,1945114,?UI_DoKeyboardEvent@UXPModelessWindow@modeless@dvauxpui@@MEAA_NPEAVUI_Node@ui@dvaui@@AEBVKeyboardEvent@56@@Z
dvauxpui.dll,ascii,1945223,?UI_Draw@CustomDrawnImageView@dvauxpui@@MEBAXPEAVDrawbot@drawbot@dvaui@@@Z
dvauxpui.dll,ascii,1945298,?UI_Draw@RootLayoutView@ui@dvauxpui@@UEBAXPEAVDrawbot@drawbot@dvaui@@@Z
dvauxpui.dll,ascii,1945370,?UI_HandleDragEnter@RootLayoutView@ui@dvauxpui@@UEAA_NV?$PointT@M@geom@dvacore@@AEAVOS_ReceiveData@datatransfer@dvaui@@AEAH@Z
dvauxpui.dll,ascii,1945496,?UI_HandleDragLeave@RootLayoutView@ui@dvauxpui@@UEAAXAEAVOS_ReceiveData@datatransfer@dvaui@@@Z
dvauxpui.dll,ascii,1945591,?UI_HandleDragOver@RootLayoutView@ui@dvauxpui@@UEAA_NV?$PointT@M@geom@dvacore@@AEAVOS_ReceiveData@datatransfer@dvaui@@AEAH@Z
dvauxpui.dll,ascii,1945716,?UI_HandleDrop@RootLayoutView@ui@dvauxpui@@UEAA_NV?$PointT@M@geom@dvacore@@AEAVOS_ReceiveData@datatransfer@dvaui@@AEAH@Z
dvauxpui.dll,ascii,1945837,?UI_NodeChanged@RootLayoutView@ui@dvauxpui@@UEAAXW4NodeChange@UI_Node@2dvaui@@@Z
dvauxpui.dll,ascii,1945918,?UI_NodeParentScaleChanged@RootLayoutView@ui@dvauxpui@@UEAAXXZ
dvauxpui.dll,ascii,1945981,?UI_ScaleChanged@UXPModelessWindow@modeless@dvauxpui@@MEAAXMMAEBV?$RectT@H@geom@dvacore@@@Z
dvauxpui.dll,ascii,1946073,?UI_SetToolTip@RootLayoutView@ui@dvauxpui@@UEAAXAEBV?$basic_string@_WU?$char_traits@_W@std@@U?$STLAllocator@_W@allocator@dvacore@@@std@@H@Z
dvauxpui.dll,ascii,1946213,?UI_SizeChanged@RootLayoutView@ui@dvauxpui@@UEAAXAEBV?$RectT@M@geom@dvacore@@@Z
dvauxpui.dll,ascii,1946293,?UI_SizeChanged@UXPModelessWindow@modeless@dvauxpui@@MEAAXAEBV?$RectT@M@geom@dvacore@@@Z
dvauxpui.dll,ascii,1946382,?UI_WantsDragDropEvents@RootLayoutView@ui@dvauxpui@@UEBA_NXZ
dvauxpui.dll,ascii,1946443,?UpdateFocus@View@adapters@dvauxpui@@IEAAXPEBV123@W4UpdateFocusOption@123@@Z
dvauxpui.dll,ascii,1946520,?UpdateLayout@UXPModelessWindow@modeless@dvauxpui@@IEAAXAEBV?$RectT@M@geom@dvacore@@@Z
dvauxpui.dll,ascii,1946607,?UpdateUXPLayout@RootLayoutView@ui@dvauxpui@@QEBAXXZ
dvauxpui.dll,ascii,1946660,?UpdateUXPLayoutIfNeeded@RootLayoutView@ui@dvauxpui@@QEBAXXZ
dvauxpui.dll,ascii,1946721,?ViewAdapterToAlpacaView@utilities@dvauxpui@@YAPEAUalpaca_view@@PEAVView@adapters@2@@Z
dvauxpui.dll,ascii,1946808,?ViewAdapterToAlpacaView@utilities@dvauxpui@@YAPEAUalpaca_view@@PEBVView@adapters@2@@Z
dvauxpui.dll,ascii,1946895,?ViewContextAdapterToAlpacaViewContext@utilities@dvauxpui@@YAPEAUalpaca_view_context@@PEAVViewContext@adapters@2@@Z
dvauxpui.dll,ascii,1947011,?appendChild@View@adapters@dvauxpui@@QEAAXAEBValpaca_view_ref@api@torq@@@Z
dvauxpui.dll,ascii,1947086,?appendItem@ContextMenu@adapters@dvauxpui@@QEAAXAEBValpaca_menu_item_widget_ref@api@torq@@@Z
dvauxpui.dll,ascii,1947179,?appendOption@SelectView@adapters@dvauxpui@@QEAAXAEBValpaca_option_view_ref@api@torq@@@Z
dvauxpui.dll,ascii,1947268,?appendSeparator@SelectView@adapters@dvauxpui@@QEAAXAEBValpaca_separator_view_ref@api@torq@@@Z
dvauxpui.dll,ascii,1947363,?appendSubMenu@ContextMenu@adapters@dvauxpui@@QEAAXAEBValpaca_menu_widget_ref@api@torq@@@Z
dvauxpui.dll,ascii,1947454,?applyClippingPath@ContentClipView@adapters@dvauxpui@@QEAAXAEBValpaca_path_ref@api@torq@@@Z
dvauxpui.dll,ascii,1947546,?applyCornerRadius@BackgroundView@adapters@dvauxpui@@QEAAXAEBUtorq_corner_radius@@@Z
dvauxpui.dll,ascii,1947631,?applyCornerRadiusMask@ContentClipView@adapters@dvauxpui@@QEAAXAEBUtorq_corner_radius@@@Z
dvauxpui.dll,ascii,1947721,?buttonChanged@ButtonView@adapters@dvauxpui@@AEAAXPEAVUI_ButtonChangedMessage@controls@dvaui@@@Z
dvauxpui.dll,ascii,1947818,?clearChildren@View@adapters@dvauxpui@@QEAAXXZ
dvauxpui.dll,ascii,1947865,?clearImage@ButtonView@adapters@dvauxpui@@QEAAXXZ
dvauxpui.dll,ascii,1947915,?clearImage@ImageView@adapters@dvauxpui@@QEAAXXZ
dvauxpui.dll,ascii,1947964,?close@Dialog@adapters@dvauxpui@@QEAAXXZ
dvauxpui.dll,ascii,1948005,?close@Flyout@adapters@dvauxpui@@QEAAXXZ
dvauxpui.dll,ascii,1948046,?convertRectToScreen@View@adapters@dvauxpui@@QEAA?AUtorq_rect@@U4@@Z
dvauxpui.dll,ascii,1948115,?create@BackgroundView@adapters@dvauxpui@@SA?AValpaca_view_ref@api@torq@@Valpaca_view_context_ref@56@_NAEBW4torq_background_layer_type@@@Z
dvauxpui.dll,ascii,1948254,?create@ButtonView@adapters@dvauxpui@@SA?AValpaca_view_ref@api@torq@@$$QEAVtorq_action_delegate_ptr@56@_N11AEBVtorq_string@56@1Valpaca_view_context_ref@56@@Z
dvauxpui.dll,ascii,1948412,?create@CheckboxView@adapters@dvauxpui@@SA?AValpaca_view_ref@api@torq@@$$QEAVtorq_key_value_delegate_ptr@56@Valpaca_view_context_ref@56@@Z
dvauxpui.dll,ascii,1948551,?create@ContentClipView@adapters@dvauxpui@@SA?AValpaca_view_ref@api@torq@@Valpaca_view_context_ref@56@@Z
dvauxpui.dll,ascii,1948656,?create@ContextMenu@adapters@dvauxpui@@SA?AValpaca_menu_widget_ref@api@torq@@$$QEAVtorq_action_delegate_ptr@56@Valpaca_view_context_ref@56@@Z
dvauxpui.dll,ascii,1948798,?create@ContextMenuItem@adapters@dvauxpui@@SA?AValpaca_menu_item_widget_ref@api@torq@@$$QEAVtorq_action_delegate_ptr@56@@Z
dvauxpui.dll,ascii,1948921,?create@Dialog@adapters@dvauxpui@@SA?AValpaca_dialog_ref@api@torq@@$$QEAVtorq_dialog_actions_delegate_ptr@56@$$QEAVtorq_plugin_runtime_ref@56@AEBVtorq_string@56@AEBVtorq_create_dialog_options_ptr@56@@Z
dvauxpui.dll,ascii,1949123,?create@Flyout@adapters@dvauxpui@@SA?AValpaca_flyout_ref@api@torq@@$$QEAVtorq_dialog_actions_delegate_ptr@56@$$QEAVtorq_plugin_runtime_ref@56@AEBValpaca_view_context_ref@56@AEBValpaca_view_ref@56@@Z
dvauxpui.dll,ascii,1949322,?create@FocusView@adapters@dvauxpui@@SA?AValpaca_view_ref@api@torq@@Valpaca_view_context_ref@56@@Z
dvauxpui.dll,ascii,1949421,?create@Graphics@adapters@dvauxpui@@SA?AValpaca_view_ref@api@torq@@Vtorq_graphics_view_delegate_ref@56@Valpaca_view_context_ref@56@@Z
dvauxpui.dll,ascii,1949555,?create@ImageLoader@adapters@dvauxpui@@SA?AValpaca_image_loader_ref@api@torq@@$$QEAVtorq_image_loader_delegate_ref@56@@Z
dvauxpui.dll,ascii,1949676,?create@ImageView@adapters@dvauxpui@@SA?AValpaca_view_ref@api@torq@@Valpaca_view_context_ref@56@AEBUtorq_image_options@@@Z
dvauxpui.dll,ascii,1949799,?create@LayoutContainer@adapters@dvauxpui@@SA?AValpaca_view_ref@api@torq@@$$QEAVtorq_layout_container_delegate_ptr@56@Valpaca_view_context_ref@56@@Z
dvauxpui.dll,ascii,1949948,?create@ObjectView@adapters@custom@dvauxpui@@SA?AValpaca_view_ref@api@torq@@$$QEAValpaca_object_widget_delegate_ref@67@$$QEAVtorq_custom_event_delegate_ptr@67@AEBValpaca_uxp_host_data_ref@67@AEBValpaca_view_context_ref@67@@Z
dvauxpui.dll,ascii,1950173,?create@OptionItem@adapters@dvauxpui@@SA?AValpaca_option_view_ref@api@torq@@Valpaca_view_context_ref@56@@Z
dvauxpui.dll,ascii,1950280,?create@PlatformView@adapters@dvauxpui@@SA?AValpaca_view_ref@api@torq@@$$QEAVtorq_platform_view_delegate_ptr@56@Valpaca_view_context_ref@56@@Z
dvauxpui.dll,ascii,1950423,?create@ProgressView@adapters@dvauxpui@@SA?AValpaca_view_ref@api@torq@@Valpaca_view_context_ref@56@@Z
dvauxpui.dll,ascii,1950525,?create@RadioView@adapters@dvauxpui@@SA?AValpaca_view_ref@api@torq@@$$QEAVtorq_bool_value_delegate_ptr@56@Valpaca_view_context_ref@56@@Z
dvauxpui.dll,ascii,1950662,?create@ScrollView@adapters@dvauxpui@@SA?AValpaca_view_ref@api@torq@@$$QEAVtorq_point_value_delegate_ptr@56@Valpaca_view_context_ref@56@_N@Z
dvauxpui.dll,ascii,1950803,?create@SelectView@adapters@dvauxpui@@SA?AValpaca_view_ref@api@torq@@$$QEAVtorq_action_delegate_ptr@56@Valpaca_view_context_ref@56@@Z
dvauxpui.dll,ascii,1950937,?create@SeparatorItem@adapters@dvauxpui@@SA?AValpaca_separator_view_ref@api@torq@@Valpaca_view_context_ref@56@@Z
dvauxpui.dll,ascii,1951050,?create@SliderView@adapters@dvauxpui@@SA?AValpaca_view_ref@api@torq@@$$QEAVtorq_double_value_delegate_ptr@56@0Valpaca_view_context_ref@56@@Z
dvauxpui.dll,ascii,1951191,?create@StoragePicker@adapters@dvauxpui@@SA?AValpaca_storage_picker_ref@api@torq@@$$QEAVtorq_storage_picker_actions_delegate_ref@56@$$QEAVtorq_plugin_runtime_ref@56@AEBVtorq_string@56@AEBW4torq_storage_picker_types@@$$QEAVtorq_storage_picker_options_ptr@56@@Z
dvauxpui.dll,ascii,1951451,?create@TextEditView@adapters@dvauxpui@@SA?AValpaca_view_ref@api@torq@@$$QEAVtorq_input_actions_delegate_ptr@56@_NW4torq_input_text_type@@W4torq_appearance_type@@Valpaca_view_context_ref@56@@Z
dvauxpui.dll,ascii,1951644,?create@TextView@adapters@dvauxpui@@SA?AValpaca_view_ref@api@torq@@Valpaca_view_context_ref@56@@Z
dvauxpui.dll,ascii,1951742,?create@ToggleImageView@adapters@dvauxpui@@SA?AValpaca_view_ref@api@torq@@$$QEAVtorq_key_value_delegate_ptr@56@Valpaca_view_context_ref@56@@Z
dvauxpui.dll,ascii,1951884,?createContainer@View@adapters@dvauxpui@@SA?AValpaca_view_ref@api@torq@@XZ
dvauxpui.dll,ascii,1951959,?createContentView@ScrollView@adapters@dvauxpui@@AEAA?AV?$IntrusivePtr@VUI_SubView@ui@dvaui@@@RefCountedInterface@utility@dvacore@@XZ
dvauxpui.dll,ascii,1952093,?createRootLayoutView@LayoutContainer@adapters@dvauxpui@@AEAA?AV?$IntrusivePtr@VUI_SubView@ui@dvaui@@@RefCountedInterface@utility@dvacore@@AEBVtorq_layout_container_delegate_ptr@api@torq@@@Z
dvauxpui.dll,ascii,1952284,?createViewContext@Dialog@adapters@dvauxpui@@QEAA?AValpaca_view_context_ref@api@torq@@XZ
dvauxpui.dll,ascii,1952373,?destroy@?$ref_counted@VContextMenu@adapters@dvauxpui@@@api_impl@torq@@IEAAXXZ
dvauxpui.dll,ascii,1952452,?destroy@?$ref_counted@VContextMenuItem@adapters@dvauxpui@@@api_impl@torq@@IEAAXXZ
dvauxpui.dll,ascii,1952535,?destroy@?$ref_counted@VDialog@adapters@dvauxpui@@@api_impl@torq@@IEAAXXZ
dvauxpui.dll,ascii,1952609,?destroy@?$ref_counted@VImageLoader@adapters@dvauxpui@@@api_impl@torq@@IEAAXXZ
dvauxpui.dll,ascii,1952688,?destroy@?$ref_counted@VImageType@adapters@dvauxpui@@@api_impl@torq@@IEAAXXZ
dvauxpui.dll,ascii,1952765,?destroy@?$ref_counted@VObjectValue@adapters@custom@dvauxpui@@@api_impl@torq@@IEAAXXZ
dvauxpui.dll,ascii,1952851,?destroy@?$ref_counted@VScrollSpecification@adapters@dvauxpui@@@api_impl@torq@@IEAAXXZ
dvauxpui.dll,ascii,1952938,?destroy@?$ref_counted@VSelectItemBase@adapters@dvauxpui@@@api_impl@torq@@IEAAXXZ
dvauxpui.dll,ascii,1953020,?destroy@?$ref_counted@VStoragePicker@adapters@dvauxpui@@@api_impl@torq@@IEAAXXZ
dvauxpui.dll,ascii,1953101,?destroy@?$ref_counted@VUXPHostIslandDelegate@dvauxpui@@@api_impl@torq@@IEAAXXZ
dvauxpui.dll,ascii,1953181,?destroy@?$ref_counted@VView@adapters@dvauxpui@@@api_impl@torq@@IEAAXXZ
dvauxpui.dll,ascii,1953253,?destroy@?$ref_counted@VViewContext@adapters@dvauxpui@@@api_impl@torq@@IEAAXXZ
dvauxpui.dll,ascii,1953332,?destroy@SelectItemBase@adapters@dvauxpui@@QEAAXXZ
dvauxpui.dll,ascii,1953383,?doPostDraw@View@adapters@dvauxpui@@UEBAXPEAVDrawbot@drawbot@dvaui@@@Z
dvauxpui.dll,ascii,1953454,?doPreDraw@BackgroundView@adapters@dvauxpui@@UEBAXPEAVDrawbot@drawbot@dvaui@@@Z
dvauxpui.dll,ascii,1953534,?doPreDraw@View@adapters@dvauxpui@@UEBAXPEAVDrawbot@drawbot@dvaui@@@Z
dvauxpui.dll,ascii,1953604,?ensureView@View@adapters@dvauxpui@@QEAA?AV?$IntrusivePtr@VUI_SubView@ui@dvaui@@@RefCountedInterface@utility@dvacore@@XZ
dvauxpui.dll,ascii,1953725,?expired@?$ref_counted@VContextMenu@adapters@dvauxpui@@@api_impl@torq@@QEBA_NXZ
dvauxpui.dll,ascii,1953805,?expired@?$ref_counted@VContextMenuItem@adapters@dvauxpui@@@api_impl@torq@@QEBA_NXZ
dvauxpui.dll,ascii,1953889,?expired@?$ref_counted@VDialog@adapters@dvauxpui@@@api_impl@torq@@QEBA_NXZ
dvauxpui.dll,ascii,1953964,?expired@?$ref_counted@VImageLoader@adapters@dvauxpui@@@api_impl@torq@@QEBA_NXZ
dvauxpui.dll,ascii,1954044,?expired@?$ref_counted@VImageType@adapters@dvauxpui@@@api_impl@torq@@QEBA_NXZ
dvauxpui.dll,ascii,1954122,?expired@?$ref_counted@VObjectValue@adapters@custom@dvauxpui@@@api_impl@torq@@QEBA_NXZ
dvauxpui.dll,ascii,1954209,?expired@?$ref_counted@VScrollSpecification@adapters@dvauxpui@@@api_impl@torq@@QEBA_NXZ
dvauxpui.dll,ascii,1954297,?expired@?$ref_counted@VSelectItemBase@adapters@dvauxpui@@@api_impl@torq@@QEBA_NXZ
dvauxpui.dll,ascii,1954380,?expired@?$ref_counted@VStoragePicker@adapters@dvauxpui@@@api_impl@torq@@QEBA_NXZ
dvauxpui.dll,ascii,1954462,?expired@?$ref_counted@VUXPHostIslandDelegate@dvauxpui@@@api_impl@torq@@QEBA_NXZ
dvauxpui.dll,ascii,1954543,?expired@?$ref_counted@VView@adapters@dvauxpui@@@api_impl@torq@@QEBA_NXZ
dvauxpui.dll,ascii,1954616,?expired@?$ref_counted@VViewContext@adapters@dvauxpui@@@api_impl@torq@@QEBA_NXZ
dvauxpui.dll,ascii,1954696,?firstChild@View@adapters@dvauxpui@@QEBA?AValpaca_view_ref@api@torq@@XZ
dvauxpui.dll,ascii,1954768,?fitImagetoScale@ButtonView@adapters@dvauxpui@@AEAAXHH@Z
dvauxpui.dll,ascii,1954825,?fitImagetoScale@ImageView@adapters@dvauxpui@@AEAAXHH@Z
dvauxpui.dll,ascii,1954881,?focus@Flyout@adapters@dvauxpui@@UEAA_NXZ
dvauxpui.dll,ascii,1954923,?focus@PlatformView@adapters@dvauxpui@@UEAA_NXZ
dvauxpui.dll,ascii,1954971,?focus@View@adapters@dvauxpui@@UEAA_NXZ
dvauxpui.dll,ascii,1955011,?freeMemory@?$ref_counted@VContextMenu@adapters@dvauxpui@@@api_impl@torq@@IEAAXXZ
dvauxpui.dll,ascii,1955093,?freeMemory@?$ref_counted@VContextMenuItem@adapters@dvauxpui@@@api_impl@torq@@IEAAXXZ
dvauxpui.dll,ascii,1955179,?freeMemory@?$ref_counted@VDialog@adapters@dvauxpui@@@api_impl@torq@@IEAAXXZ
dvauxpui.dll,ascii,1955256,?freeMemory@?$ref_counted@VImageLoader@adapters@dvauxpui@@@api_impl@torq@@IEAAXXZ
dvauxpui.dll,ascii,1955338,?freeMemory@?$ref_counted@VImageType@adapters@dvauxpui@@@api_impl@torq@@IEAAXXZ
dvauxpui.dll,ascii,1955418,?freeMemory@?$ref_counted@VObjectValue@adapters@custom@dvauxpui@@@api_impl@torq@@IEAAXXZ
dvauxpui.dll,ascii,1955507,?freeMemory@?$ref_counted@VScrollSpecification@adapters@dvauxpui@@@api_impl@torq@@IEAAXXZ
dvauxpui.dll,ascii,1955597,?freeMemory@?$ref_counted@VSelectItemBase@adapters@dvauxpui@@@api_impl@torq@@IEAAXXZ
dvauxpui.dll,ascii,1955682,?freeMemory@?$ref_counted@VStoragePicker@adapters@dvauxpui@@@api_impl@torq@@IEAAXXZ
dvauxpui.dll,ascii,1955766,?freeMemory@?$ref_counted@VUXPHostIslandDelegate@dvauxpui@@@api_impl@torq@@IEAAXXZ
dvauxpui.dll,ascii,1955849,?freeMemory@?$ref_counted@VView@adapters@dvauxpui@@@api_impl@torq@@IEAAXXZ
dvauxpui.dll,ascii,1955924,?freeMemory@?$ref_counted@VViewContext@adapters@dvauxpui@@@api_impl@torq@@IEAAXXZ
dvauxpui.dll,ascii,1956006,?getCheckBoxField@CheckboxView@adapters@dvauxpui@@AEBAPEAVUI_Checkbox@controls@dvaui@@XZ
dvauxpui.dll,ascii,1956095,?getChecked@CheckboxView@adapters@dvauxpui@@UEBA_NXZ
dvauxpui.dll,ascii,1956148,?getChecked@RadioView@adapters@dvauxpui@@QEBA_NXZ
dvauxpui.dll,ascii,1956198,?getChecked@ToggleImageView@adapters@dvauxpui@@UEBA_NXZ
dvauxpui.dll,ascii,1956254,?getContainer@ViewContext@adapters@dvauxpui@@QEBA?AV?$IntrusivePtr@VUI_Node@ui@dvaui@@@RefCountedInterface@utility@dvacore@@XZ
dvauxpui.dll,ascii,1956381,?getContainerInternal@ViewContext@adapters@dvauxpui@@AEBA?AV?$IntrusivePtr@VUI_Node@ui@dvaui@@@RefCountedInterface@utility@dvacore@@XZ
dvauxpui.dll,ascii,1956516,?getContentClipView@ContentClipView@adapters@dvauxpui@@AEBAPEAVUI_SubView@ui@dvaui@@XZ
dvauxpui.dll,ascii,1956603,?getContentView@ScrollView@adapters@dvauxpui@@QEBA?AValpaca_view_ref@api@torq@@XZ
dvauxpui.dll,ascii,1956685,?getDefaultSupplier@View@adapters@dvauxpui@@SAPEAUSupplierInterface@drawbot@dvaui@@XZ
dvauxpui.dll,ascii,1956771,?getDescription@View@adapters@dvauxpui@@QEBA?AVtorq_string@api@torq@@XZ
dvauxpui.dll,ascii,1956843,?getFontSpecifications@TextEditView@adapters@dvauxpui@@QEBA?AUtorq_font_specifications@@XZ
dvauxpui.dll,ascii,1956934,?getHeight@ImageType@adapters@dvauxpui@@QEBA_JXZ
dvauxpui.dll,ascii,1956983,?getId@View@adapters@dvauxpui@@QEBA?AVtorq_string@api@torq@@XZ
dvauxpui.dll,ascii,1957046,?getImageButton@ButtonView@adapters@dvauxpui@@AEBAPEAVUI_PictureButton@controls@dvaui@@XZ
dvauxpui.dll,ascii,1957136,?getImageTextButton@ButtonView@adapters@dvauxpui@@AEBAPEAVUI_PictureTextButton@controls@dvaui@@XZ
dvauxpui.dll,ascii,1957234,?getIndeterminate@CheckboxView@adapters@dvauxpui@@QEBA_NXZ
dvauxpui.dll,ascii,1957293,?getIndex@ContextMenu@adapters@dvauxpui@@QEBA_KAEBValpaca_menu_item_widget_ref@api@torq@@@Z
dvauxpui.dll,ascii,1957385,?getIndexOfPopupItem@SelectView@adapters@dvauxpui@@AEBA_KPEAVSelectItemBase@23@@Z
dvauxpui.dll,ascii,1957467,?getIndexOption@SelectView@adapters@dvauxpui@@QEBA_KAEBValpaca_option_view_ref@api@torq@@@Z
dvauxpui.dll,ascii,1957559,?getIndexSeparator@SelectView@adapters@dvauxpui@@QEBA_KAEBValpaca_separator_view_ref@api@torq@@@Z
dvauxpui.dll,ascii,1957657,?getLabel@TextView@adapters@dvauxpui@@QEBAAEBVtorq_string@api@torq@@XZ
dvauxpui.dll,ascii,1957728,?getLabelZString@TextView@adapters@dvauxpui@@QEAA?AV?$basic_string@_WU?$char_traits@_W@std@@U?$STLAllocator@_W@allocator@dvacore@@@std@@XZ
dvauxpui.dll,ascii,1957867,?getMenu@ContextMenu@adapters@dvauxpui@@QEBA?AV?$IntrusivePtr@VOS_Menu@utility@dvaui@@@RefCountedInterface@utility@dvacore@@XZ
dvauxpui.dll,ascii,1957994,?getMenuItemID@ContextMenuItem@adapters@dvauxpui@@QEBAIXZ
dvauxpui.dll,ascii,1958052,?getMenuItemId@ContextMenu@adapters@dvauxpui@@QEBAIXZ
dvauxpui.dll,ascii,1958106,?getName@ContextMenuItem@adapters@dvauxpui@@QEBA?AV?$basic_string@_WU?$char_traits@_W@std@@U?$STLAllocator@_W@allocator@dvacore@@@std@@XZ
dvauxpui.dll,ascii,1958244,?getPlatformView@PlatformView@adapters@dvauxpui@@QEBAPEAUHWND__@@XZ
dvauxpui.dll,ascii,1958312,?getPopup@SelectView@adapters@dvauxpui@@AEBAPEAVUI_Popup@controls@dvaui@@XZ
dvauxpui.dll,ascii,1958388,?getProgressBar@ProgressView@adapters@dvauxpui@@AEBAPEAVUI_ProgressBar@controls@dvaui@@XZ
dvauxpui.dll,ascii,1958478,?getRadioButton@RadioView@adapters@dvauxpui@@AEBAPEAVUI_RadioButton@controls@dvaui@@XZ
dvauxpui.dll,ascii,1958565,?getRepresentedObject@SelectItemBase@adapters@dvauxpui@@QEBAPEAUselect_child_object__@@XZ
dvauxpui.dll,ascii,1958655,?getRootView@LayoutContainer@adapters@dvauxpui@@AEBAPEAVRootLayoutView@ui@3@XZ
dvauxpui.dll,ascii,1958734,?getScale@ImageType@adapters@dvauxpui@@QEBANXZ
dvauxpui.dll,ascii,1958781,?getScaleFactor@View@adapters@dvauxpui@@QEBANXZ
dvauxpui.dll,ascii,1958829,?getScaleForView@ViewContext@adapters@dvauxpui@@QEBANXZ
dvauxpui.dll,ascii,1958885,?getScrollSize@ScrollSpecification@adapters@dvauxpui@@SA?AUtorq_size@@XZ
dvauxpui.dll,ascii,1958958,?getScrollView@ScrollView@adapters@dvauxpui@@AEAAPEAVUI_ScrollView@controls@dvaui@@XZ
dvauxpui.dll,ascii,1959044,?getSelectedRepresentedObject@SelectView@adapters@dvauxpui@@QEBAPEAUselect_child_object__@@XZ
dvauxpui.dll,ascii,1959138,?getSelectionRange@TextEditView@adapters@dvauxpui@@QEBA?AUtorq_selection_range@@XZ
dvauxpui.dll,ascii,1959221,?getSliderView@SliderView@adapters@dvauxpui@@AEAAPEAVUI_Slider@controls@dvaui@@XZ
dvauxpui.dll,ascii,1959303,?getSubMenuIndex@ContextMenu@adapters@dvauxpui@@QEBA_KAEBValpaca_menu_widget_ref@api@torq@@@Z
dvauxpui.dll,ascii,1959397,?getSubviewAdapter@PlatformView@adapters@dvauxpui@@AEBA?AV?$IntrusivePtr@VUI_OSSubViewAdapter@ui@dvaui@@@RefCountedInterface@utility@dvacore@@XZ
dvauxpui.dll,ascii,1959542,?getTextButton@ButtonView@adapters@dvauxpui@@AEBAPEAVUI_TextButton@controls@dvaui@@XZ
dvauxpui.dll,ascii,1959628,?getTextContent@CheckboxView@adapters@dvauxpui@@QEBA?AVtorq_string@api@torq@@XZ
dvauxpui.dll,ascii,1959708,?getTextContent@RadioView@adapters@dvauxpui@@QEBA?AVtorq_string@api@torq@@XZ
dvauxpui.dll,ascii,1959785,?getTextHeight@TextEditView@adapters@dvauxpui@@QEBANXZ
dvauxpui.dll,ascii,1959840,?getTitle@ButtonView@adapters@dvauxpui@@QEBA?AVtorq_string@api@torq@@XZ
dvauxpui.dll,ascii,1959912,?getToggleImageView@ToggleImageView@adapters@dvauxpui@@AEBAPEAVUXPToggleImage@toggleimage@3@XZ
dvauxpui.dll,ascii,1960007,?getUniqueMenuItemID@ContextMenu@adapters@dvauxpui@@AEAAIXZ
dvauxpui.dll,ascii,1960067,?getWidth@ImageType@adapters@dvauxpui@@QEBA_JXZ
dvauxpui.dll,ascii,1960115,?hasHorizontalScrollBar@ScrollView@adapters@dvauxpui@@QEAAX_N@Z
dvauxpui.dll,ascii,1960179,?hasVerticalScrollBar@ScrollView@adapters@dvauxpui@@QEAAX_N@Z
dvauxpui.dll,ascii,1960241,?insertAt@ContextMenu@adapters@dvauxpui@@QEAAXAEBValpaca_menu_item_widget_ref@api@torq@@_K@Z
dvauxpui.dll,ascii,1960334,?insertBefore@View@adapters@dvauxpui@@QEAAXAEBValpaca_view_ref@api@torq@@0@Z
dvauxpui.dll,ascii,1960411,?insertOptionAt@SelectView@adapters@dvauxpui@@QEAAXAEBValpaca_option_view_ref@api@torq@@_K@Z
dvauxpui.dll,ascii,1960504,?insertSeparatorAt@SelectView@adapters@dvauxpui@@QEAAXAEBValpaca_separator_view_ref@api@torq@@_K@Z
dvauxpui.dll,ascii,1960603,?insertSubMenuAt@ContextMenu@adapters@dvauxpui@@QEAAXAEBValpaca_menu_widget_ref@api@torq@@_K@Z
dvauxpui.dll,ascii,1960698,?invokeDelegateAction@ContextMenuItem@adapters@dvauxpui@@QEAAXXZ
dvauxpui.dll,ascii,1960763,?isEnabled@ContextMenuItem@adapters@dvauxpui@@QEBA_NXZ
dvauxpui.dll,ascii,1960818,?isFocused@Flyout@adapters@dvauxpui@@UEBA_NXZ
dvauxpui.dll,ascii,1960864,?isFocused@View@adapters@dvauxpui@@UEBA_NXZ
dvauxpui.dll,ascii,1960908,?kCustomButton@custom@dvauxpui@@3QEBDEB
dvauxpui.dll,ascii,1960948,?kCustomControl@custom@dvauxpui@@3QEBDEB
dvauxpui.dll,ascii,1960989,?kCustomText@custom@dvauxpui@@3QEBDEB
dvauxpui.dll,ascii,1961027,?kLoseFocusFromUXPTextEditOnPremouse@ui@dvauxpui@@3VImmutableString@utility@dvacore@@B
dvauxpui.dll,ascii,1961114,?lastChild@View@adapters@dvauxpui@@QEBA?AValpaca_view_ref@api@torq@@XZ
dvauxpui.dll,ascii,1961185,?loadCompressedBuffer@ImageLoader@adapters@dvauxpui@@UEAAXVtorq_image_provider_buffer_ref@api@torq@@@Z
dvauxpui.dll,ascii,1961288,?loadResourceUrl@ImageLoader@adapters@dvauxpui@@QEAAX$$QEBVtorq_string@api@torq@@N@Z
dvauxpui.dll,ascii,1961373,?loadSchemeUrl@ImageLoader@adapters@dvauxpui@@QEAAX$$QEBVtorq_string@api@torq@@N@Z
dvauxpui.dll,ascii,1961456,?loadUncompressedBuffer@ImageLoader@adapters@dvauxpui@@QEAAXVtorq_image_provider_buffer_ref@api@torq@@@Z
dvauxpui.dll,ascii,1961561,?lockWeakRef@?$ref_counted@VContextMenu@adapters@dvauxpui@@@api_impl@torq@@QEAAPEAVContextMenu@adapters@dvauxpui@@XZ
dvauxpui.dll,ascii,1961678,?lockWeakRef@?$ref_counted@VContextMenuItem@adapters@dvauxpui@@@api_impl@torq@@QEAAPEAVContextMenuItem@adapters@dvauxpui@@XZ
dvauxpui.dll,ascii,1961803,?lockWeakRef@?$ref_counted@VDialog@adapters@dvauxpui@@@api_impl@torq@@QEAAPEAVDialog@adapters@dvauxpui@@XZ
dvauxpui.dll,ascii,1961910,?lockWeakRef@?$ref_counted@VImageLoader@adapters@dvauxpui@@@api_impl@torq@@QEAAPEAVImageLoader@adapters@dvauxpui@@XZ
dvauxpui.dll,ascii,1962027,?lockWeakRef@?$ref_counted@VImageType@adapters@dvauxpui@@@api_impl@torq@@QEAAPEAVImageType@adapters@dvauxpui@@XZ
dvauxpui.dll,ascii,1962140,?lockWeakRef@?$ref_counted@VObjectValue@adapters@custom@dvauxpui@@@api_impl@torq@@QEAAPEAVObjectValue@adapters@custom@dvauxpui@@XZ
dvauxpui.dll,ascii,1962271,?lockWeakRef@?$ref_counted@VScrollSpecification@adapters@dvauxpui@@@api_impl@torq@@QEAAPEAVScrollSpecification@adapters@dvauxpui@@XZ
dvauxpui.dll,ascii,1962404,?lockWeakRef@?$ref_counted@VSelectItemBase@adapters@dvauxpui@@@api_impl@torq@@QEAAPEAVSelectItemBase@adapters@dvauxpui@@XZ
dvauxpui.dll,ascii,1962527,?lockWeakRef@?$ref_counted@VStoragePicker@adapters@dvauxpui@@@api_impl@torq@@QEAAPEAVStoragePicker@adapters@dvauxpui@@XZ
dvauxpui.dll,ascii,1962648,?lockWeakRef@?$ref_counted@VUXPHostIslandDelegate@dvauxpui@@@api_impl@torq@@QEAAPEAVUXPHostIslandDelegate@dvauxpui@@XZ
dvauxpui.dll,ascii,1962767,?lockWeakRef@?$ref_counted@VView@adapters@dvauxpui@@@api_impl@torq@@QEAAPEAVView@adapters@dvauxpui@@XZ
dvauxpui.dll,ascii,1962870,?lockWeakRef@?$ref_counted@VViewContext@adapters@dvauxpui@@@api_impl@torq@@QEAAPEAVViewContext@adapters@dvauxpui@@XZ
dvauxpui.dll,ascii,1962987,?measureContent@BackgroundView@adapters@dvauxpui@@UEAA?AUtorq_size@@XZ
dvauxpui.dll,ascii,1963058,?measureContent@ButtonView@adapters@dvauxpui@@UEAA?AUtorq_size@@XZ
dvauxpui.dll,ascii,1963125,?measureContent@ImageView@adapters@dvauxpui@@UEAA?AUtorq_size@@XZ
dvauxpui.dll,ascii,1963191,?measureContent@ObjectView@adapters@custom@dvauxpui@@UEAA?AUtorq_size@@XZ
dvauxpui.dll,ascii,1963265,?measureContent@SliderView@adapters@dvauxpui@@UEAA?AUtorq_size@@XZ
dvauxpui.dll,ascii,1963332,?measureContent@TextEditView@adapters@dvauxpui@@UEAA?AUtorq_size@@XZ
dvauxpui.dll,ascii,1963401,?measureContent@View@adapters@dvauxpui@@UEAA?AUtorq_size@@XZ
dvauxpui.dll,ascii,1963462,?measureTextContent@TextView@adapters@dvauxpui@@QEAA?AUtorq_size@@AEBU4@@Z
dvauxpui.dll,ascii,1963537,?nextSibling@View@adapters@dvauxpui@@QEBA?AValpaca_view_ref@api@torq@@XZ
dvauxpui.dll,ascii,1963610,?parent@ContextMenu@adapters@dvauxpui@@QEBA?AValpaca_menu_widget_ref@api@torq@@XZ
dvauxpui.dll,ascii,1963692,?parent@ContextMenuItem@adapters@dvauxpui@@QEBA?AValpaca_menu_widget_ref@api@torq@@XZ
dvauxpui.dll,ascii,1963778,?parent@SelectItemBase@adapters@dvauxpui@@QEBAPEAUalpaca_view@@XZ
dvauxpui.dll,ascii,1963844,?parentView@View@adapters@dvauxpui@@QEBA?AValpaca_view_ref@api@torq@@XZ
dvauxpui.dll,ascii,1963916,?performClick@SelectView@adapters@dvauxpui@@QEAAXXZ
dvauxpui.dll,ascii,1963968,?popupAt@ContextMenu@adapters@dvauxpui@@QEAAXNN@Z
dvauxpui.dll,ascii,1964018,?previousSibling@View@adapters@dvauxpui@@QEBA?AValpaca_view_ref@api@torq@@XZ
dvauxpui.dll,ascii,1964095,?release@?$ref_counted@VContextMenu@adapters@dvauxpui@@@api_impl@torq@@QEAAXXZ
dvauxpui.dll,ascii,1964174,?release@?$ref_counted@VContextMenuItem@adapters@dvauxpui@@@api_impl@torq@@QEAAXXZ
dvauxpui.dll,ascii,1964257,?release@?$ref_counted@VDialog@adapters@dvauxpui@@@api_impl@torq@@QEAAXXZ
dvauxpui.dll,ascii,1964331,?release@?$ref_counted@VImageLoader@adapters@dvauxpui@@@api_impl@torq@@QEAAXXZ
dvauxpui.dll,ascii,1964410,?release@?$ref_counted@VImageType@adapters@dvauxpui@@@api_impl@torq@@QEAAXXZ
dvauxpui.dll,ascii,1964487,?release@?$ref_counted@VObjectValue@adapters@custom@dvauxpui@@@api_impl@torq@@QEAAXXZ
dvauxpui.dll,ascii,1964573,?release@?$ref_counted@VScrollSpecification@adapters@dvauxpui@@@api_impl@torq@@QEAAXXZ
dvauxpui.dll,ascii,1964660,?release@?$ref_counted@VSelectItemBase@adapters@dvauxpui@@@api_impl@torq@@QEAAXXZ
dvauxpui.dll,ascii,1964742,?release@?$ref_counted@VStoragePicker@adapters@dvauxpui@@@api_impl@torq@@QEAAXXZ
dvauxpui.dll,ascii,1964823,?release@?$ref_counted@VUXPHostIslandDelegate@dvauxpui@@@api_impl@torq@@QEAAXXZ
dvauxpui.dll,ascii,1964903,?release@?$ref_counted@VView@adapters@dvauxpui@@@api_impl@torq@@QEAAXXZ
dvauxpui.dll,ascii,1964975,?release@?$ref_counted@VViewContext@adapters@dvauxpui@@@api_impl@torq@@QEAAXXZ
dvauxpui.dll,ascii,1965054,?remove@View@adapters@dvauxpui@@QEAAXXZ
dvauxpui.dll,ascii,1965094,?removeChild@View@adapters@dvauxpui@@QEAAXAEBValpaca_view_ref@api@torq@@@Z
dvauxpui.dll,ascii,1965169,?removeItem@ContextMenu@adapters@dvauxpui@@QEAAXAEBValpaca_menu_item_widget_ref@api@torq@@@Z
dvauxpui.dll,ascii,1965262,?removeOption@SelectView@adapters@dvauxpui@@QEAAXAEBValpaca_option_view_ref@api@torq@@@Z
dvauxpui.dll,ascii,1965351,?removeSeparator@SelectView@adapters@dvauxpui@@QEAAXAEBValpaca_separator_view_ref@api@torq@@@Z
dvauxpui.dll,ascii,1965446,?removeSubMenu@ContextMenu@adapters@dvauxpui@@QEAAXAEBValpaca_menu_widget_ref@api@torq@@@Z
dvauxpui.dll,ascii,1965537,?replaceWith@View@adapters@dvauxpui@@QEAAXAEBValpaca_view_ref@api@torq@@@Z
dvauxpui.dll,ascii,1965612,?requestLayout@LayoutContainer@adapters@dvauxpui@@UEAAXXZ
dvauxpui.dll,ascii,1965670,?requestLayout@View@adapters@dvauxpui@@UEAAXXZ
dvauxpui.dll,ascii,1965717,?resetDelegate@ButtonView@adapters@dvauxpui@@QEAAXXZ
dvauxpui.dll,ascii,1965770,?resetDelegate@CheckboxView@adapters@dvauxpui@@QEAAXXZ
dvauxpui.dll,ascii,1965825,?resetDelegate@ContentClipView@adapters@dvauxpui@@QEAAXXZ
dvauxpui.dll,ascii,1965883,?resetDelegate@ContextMenu@adapters@dvauxpui@@QEAAXXZ
dvauxpui.dll,ascii,1965937,?resetDelegate@ContextMenuItem@adapters@dvauxpui@@QEAAXXZ
dvauxpui.dll,ascii,1965995,?resetDelegate@Dialog@adapters@dvauxpui@@QEAAXXZ
dvauxpui.dll,ascii,1966044,?resetDelegate@Flyout@adapters@dvauxpui@@QEAAXXZ
dvauxpui.dll,ascii,1966093,?resetDelegate@LayoutContainer@adapters@dvauxpui@@QEAAXXZ
dvauxpui.dll,ascii,1966151,?resetDelegate@PlatformView@adapters@dvauxpui@@QEAAXXZ
dvauxpui.dll,ascii,1966206,?resetDelegate@RadioView@adapters@dvauxpui@@QEAAXXZ
dvauxpui.dll,ascii,1966258,?resetDelegate@ScrollView@adapters@dvauxpui@@QEAAXXZ
dvauxpui.dll,ascii,1966311,?resetDelegate@SelectView@adapters@dvauxpui@@QEAAXXZ
dvauxpui.dll,ascii,1966364,?resetDelegate@SliderView@adapters@dvauxpui@@QEAAXXZ
dvauxpui.dll,ascii,1966417,?resetDelegate@TextEditView@adapters@dvauxpui@@QEAAXXZ
dvauxpui.dll,ascii,1966472,?resetLayerContent@BackgroundView@adapters@dvauxpui@@QEAAXXZ
dvauxpui.dll,ascii,1966533,?resetMaxLength@TextEditView@adapters@dvauxpui@@QEAAXXZ
dvauxpui.dll,ascii,1966589,?retain@?$ref_counted@VContextMenu@adapters@dvauxpui@@@api_impl@torq@@QEAAXXZ
dvauxpui.dll,ascii,1966667,?retain@?$ref_counted@VContextMenuItem@adapters@dvauxpui@@@api_impl@torq@@QEAAXXZ
dvauxpui.dll,ascii,1966749,?retain@?$ref_counted@VDialog@adapters@dvauxpui@@@api_impl@torq@@QEAAXXZ
dvauxpui.dll,ascii,1966822,?retain@?$ref_counted@VImageLoader@adapters@dvauxpui@@@api_impl@torq@@QEAAXXZ
dvauxpui.dll,ascii,1966900,?retain@?$ref_counted@VImageType@adapters@dvauxpui@@@api_impl@torq@@QEAAXXZ
dvauxpui.dll,ascii,1966976,?retain@?$ref_counted@VObjectValue@adapters@custom@dvauxpui@@@api_impl@torq@@QEAAXXZ
dvauxpui.dll,ascii,1967061,?retain@?$ref_counted@VScrollSpecification@adapters@dvauxpui@@@api_impl@torq@@QEAAXXZ
dvauxpui.dll,ascii,1967147,?retain@?$ref_counted@VSelectItemBase@adapters@dvauxpui@@@api_impl@torq@@QEAAXXZ
dvauxpui.dll,ascii,1967228,?retain@?$ref_counted@VStoragePicker@adapters@dvauxpui@@@api_impl@torq@@QEAAXXZ
dvauxpui.dll,ascii,1967308,?retain@?$ref_counted@VUXPHostIslandDelegate@dvauxpui@@@api_impl@torq@@QEAAXXZ
dvauxpui.dll,ascii,1967387,?retain@?$ref_counted@VView@adapters@dvauxpui@@@api_impl@torq@@QEAAXXZ
dvauxpui.dll,ascii,1967458,?retain@?$ref_counted@VViewContext@adapters@dvauxpui@@@api_impl@torq@@QEAAXXZ
dvauxpui.dll,ascii,1967536,?sUniqueMenuItemId@ContextMenu@adapters@dvauxpui@@0IA
dvauxpui.dll,ascii,1967590,?scrollToPoint@ScrollView@adapters@dvauxpui@@QEAAXUtorq_point@@@Z
dvauxpui.dll,ascii,1967656,?scrollViewChanged@ScrollView@adapters@dvauxpui@@AEAAXPEAVUI_InteractiveControlChangedMessage@controls@dvaui@@@Z
dvauxpui.dll,ascii,1967769,?selectItem@SelectView@adapters@dvauxpui@@QEAAXAEBValpaca_option_view_ref@api@torq@@@Z
dvauxpui.dll,ascii,1967856,?sendUpdatedPointToUxp@ScrollView@adapters@dvauxpui@@QEAAXXZ
dvauxpui.dll,ascii,1967917,?setAnchor@Dialog@adapters@dvauxpui@@QEBAXAEBUtorq_point@@@Z
dvauxpui.dll,ascii,1967978,?setAppearance@ButtonView@adapters@dvauxpui@@QEAAXW4torq_appearance_type@@@Z
dvauxpui.dll,ascii,1968055,?setBackgroundColor@BackgroundView@adapters@dvauxpui@@QEAAXAEBUtorq_color_argb@@@Z
dvauxpui.dll,ascii,1968138,?setBackgroundColor@TextEditView@adapters@dvauxpui@@QEAAXPEAUtorq_color_argb@@@Z
dvauxpui.dll,ascii,1968219,?setBounds@BackgroundView@adapters@dvauxpui@@QEAAXUtorq_rect@@@Z
dvauxpui.dll,ascii,1968284,?setButtonType@ButtonView@adapters@dvauxpui@@AEAAXAEBVtorq_string@api@torq@@@Z
dvauxpui.dll,ascii,1968363,?setChecked@CheckboxView@adapters@dvauxpui@@UEAAX_N_N@Z
dvauxpui.dll,ascii,1968419,?setChecked@RadioView@adapters@dvauxpui@@QEAAX_N@Z
dvauxpui.dll,ascii,1968470,?setChecked@ToggleImageView@adapters@dvauxpui@@UEAAX_N_N@Z
dvauxpui.dll,ascii,1968529,?setClippingPath@BackgroundView@adapters@dvauxpui@@QEAAXAEBValpaca_path_ref@api@torq@@@Z
dvauxpui.dll,ascii,1968618,?setControlPadding@TextEditView@adapters@dvauxpui@@QEAAXUtorq_insets@@@Z
dvauxpui.dll,ascii,1968691,?setCursor@LayoutContainer@adapters@dvauxpui@@QEAAXW4torq_cursor_type@@@Z
dvauxpui.dll,ascii,1968765,?setDisabled@ContextMenuItem@adapters@dvauxpui@@QEAAX_N@Z
dvauxpui.dll,ascii,1968823,?setDisabledState@ButtonView@adapters@dvauxpui@@QEAAX_N@Z
dvauxpui.dll,ascii,1968881,?setDisabledState@CheckboxView@adapters@dvauxpui@@QEAAX_N@Z
dvauxpui.dll,ascii,1968941,?setDisabledState@ObjectView@adapters@custom@dvauxpui@@QEAAX_N@Z
dvauxpui.dll,ascii,1969006,?setDisabledState@RadioView@adapters@dvauxpui@@QEAAX_N@Z
dvauxpui.dll,ascii,1969063,?setDisabledState@SelectView@adapters@dvauxpui@@QEAAX_N@Z
dvauxpui.dll,ascii,1969121,?setDisabledState@SliderView@adapters@dvauxpui@@QEAAX_N@Z
dvauxpui.dll,ascii,1969179,?setFont@ButtonView@adapters@dvauxpui@@QEAAXAEBVtorq_string@api@torq@@NW4torq_font_weight_type@@W4torq_font_style_type@@@Z
dvauxpui.dll,ascii,1969302,?setFont@SelectView@adapters@dvauxpui@@QEAAXAEBVtorq_string@api@torq@@NAEBW4torq_font_weight_type@@AEBW4torq_font_style_type@@@Z
dvauxpui.dll,ascii,1969431,?setFont@TextEditView@adapters@dvauxpui@@QEAAXVtorq_string@api@torq@@NW4torq_font_weight_type@@W4torq_font_style_type@@@Z
dvauxpui.dll,ascii,1969553,?setFont@TextView@adapters@dvauxpui@@QEAAXAEBVtorq_string@api@torq@@NW4torq_font_weight_type@@W4torq_font_style_type@@@Z
dvauxpui.dll,ascii,1969674,?setFrame@BackgroundView@adapters@dvauxpui@@UEAAXAEBUtorq_rect@@@Z
dvauxpui.dll,ascii,1969741,?setFrame@ButtonView@adapters@dvauxpui@@UEAAXAEBUtorq_rect@@@Z
dvauxpui.dll,ascii,1969804,?setFrame@ImageView@adapters@dvauxpui@@UEAAXAEBUtorq_rect@@@Z
dvauxpui.dll,ascii,1969866,?setFrame@View@adapters@dvauxpui@@UEAAXAEBUtorq_rect@@@Z
dvauxpui.dll,ascii,1969923,?setId@ContextMenu@adapters@dvauxpui@@QEAAX$$QEBVtorq_string@api@torq@@@Z
dvauxpui.dll,ascii,1969997,?setId@ContextMenuItem@adapters@dvauxpui@@QEAAX$$QEBVtorq_string@api@torq@@@Z
dvauxpui.dll,ascii,1970075,?setId@View@adapters@dvauxpui@@QEAAXAEBVtorq_string@api@torq@@@Z
dvauxpui.dll,ascii,1970140,?setImage@BackgroundView@adapters@dvauxpui@@QEAAXAEBValpaca_image_ref@api@torq@@@Z
dvauxpui.dll,ascii,1970223,?setImage@ButtonView@adapters@dvauxpui@@QEAAXValpaca_image_ref@api@torq@@@Z
dvauxpui.dll,ascii,1970299,?setImage@ImageView@adapters@dvauxpui@@QEAAXValpaca_image_ref@api@torq@@@Z
dvauxpui.dll,ascii,1970374,?setImage@ToggleImageView@adapters@dvauxpui@@QEAAXValpaca_image_ref@api@torq@@W4torq_toggle_button_image_type@@@Z
dvauxpui.dll,ascii,1970488,?setIndeterminate@ProgressView@adapters@dvauxpui@@QEAAX_N@Z
dvauxpui.dll,ascii,1970548,?setLabel@ContextMenu@adapters@dvauxpui@@QEAAX$$QEBVtorq_string@api@torq@@@Z
dvauxpui.dll,ascii,1970625,?setLabel@TextView@adapters@dvauxpui@@QEAAX$$QEAVtorq_string@api@torq@@@Z
dvauxpui.dll,ascii,1970699,?setLayerImageSize@BackgroundView@adapters@dvauxpui@@QEAAXAEBW4torq_background_image_size@@@Z
dvauxpui.dll,ascii,1970793,?setLineHeight@TextView@adapters@dvauxpui@@QEAAXN@Z
dvauxpui.dll,ascii,1970845,?setMaxLength@TextEditView@adapters@dvauxpui@@QEAAX_K@Z
dvauxpui.dll,ascii,1970901,?setMenuItemID@ContextMenuItem@adapters@dvauxpui@@QEAAXI@Z
dvauxpui.dll,ascii,1970960,?setMenuItemId@ContextMenu@adapters@dvauxpui@@QEAAXI@Z
dvauxpui.dll,ascii,1971015,?setMinimized@Dialog@adapters@dvauxpui@@QEBAX_N@Z
dvauxpui.dll,ascii,1971065,?setName@ContextMenuItem@adapters@dvauxpui@@QEAAX$$QEBVtorq_string@api@torq@@@Z
dvauxpui.dll,ascii,1971145,?setNeedsDisplay@Graphics@adapters@dvauxpui@@QEAAXXZ
dvauxpui.dll,ascii,1971198,?setNeedsDisplayInRect@Graphics@adapters@dvauxpui@@QEAAXAEBUtorq_rect@@@Z
dvauxpui.dll,ascii,1971272,?setOpacity@Dialog@adapters@dvauxpui@@QEAAXN@Z
dvauxpui.dll,ascii,1971319,?setOpacity@View@adapters@dvauxpui@@UEAAXN@Z
dvauxpui.dll,ascii,1971364,?setOptionId@OptionItem@adapters@dvauxpui@@QEAAXAEBVtorq_string@api@torq@@@Z
dvauxpui.dll,ascii,1971441,?setParent@ContextMenu@adapters@dvauxpui@@QEAAXPEAV123@@Z
dvauxpui.dll,ascii,1971499,?setParent@ContextMenuItem@adapters@dvauxpui@@QEAAXPEAVContextMenu@23@@Z
dvauxpui.dll,ascii,1971572,?setParent@SelectItemBase@adapters@dvauxpui@@QEAAXPEAVView@23@@Z
dvauxpui.dll,ascii,1971637,?setPlaceholder@TextEditView@adapters@dvauxpui@@QEAAXAEBVtorq_string@api@torq@@@Z
dvauxpui.dll,ascii,1971719,?setPlaceholderStyle@TextEditView@adapters@dvauxpui@@QEAAXPEAUtorq_color_argb@@AEBVtorq_string@api@torq@@NW4torq_font_weight_type@@W4torq_font_style_type@@@Z
dvauxpui.dll,ascii,1971877,?setProgressMax@ProgressView@adapters@dvauxpui@@QEAAXN@Z
dvauxpui.dll,ascii,1971934,?setProgressValue@ProgressView@adapters@dvauxpui@@QEAAXN@Z
dvauxpui.dll,ascii,1971993,?setRepresentedObject@SelectItemBase@adapters@dvauxpui@@QEAAXPEAUselect_child_object__@@@Z
dvauxpui.dll,ascii,1972084,?setResizability@Dialog@adapters@dvauxpui@@QEAAXW4torq_dialog_resize_type@@@Z
dvauxpui.dll,ascii,1972162,?setScaleFactor@View@adapters@dvauxpui@@QEAAXN@Z
dvauxpui.dll,ascii,1972211,?setSelectedState@ButtonView@adapters@dvauxpui@@QEAAX_N@Z
dvauxpui.dll,ascii,1972269,?setSelectionRange@TextEditView@adapters@dvauxpui@@QEAAXAEBUtorq_selection_range@@@Z
dvauxpui.dll,ascii,1972354,?setSize@Dialog@adapters@dvauxpui@@QEAAXAEBUtorq_size@@@Z
dvauxpui.dll,ascii,1972412,?setSizeLimits@Dialog@adapters@dvauxpui@@QEAAXAEBUtorq_size@@0@Z
dvauxpui.dll,ascii,1972477,?setTabTargetable@View@adapters@dvauxpui@@QEAAX_N@Z
dvauxpui.dll,ascii,1972529,?setTextAlign@TextView@adapters@dvauxpui@@QEAAXW4torq_text_align_type@@@Z
dvauxpui.dll,ascii,1972603,?setTextColor@ButtonView@adapters@dvauxpui@@QEAAXPEBUtorq_color_argb@@@Z
dvauxpui.dll,ascii,1972676,?setTextColor@TextEditView@adapters@dvauxpui@@QEAAXPEAUtorq_color_argb@@@Z
dvauxpui.dll,ascii,1972751,?setTextColor@TextView@adapters@dvauxpui@@QEAAXPEBUtorq_color_argb@@@Z
dvauxpui.dll,ascii,1972822,?setTextContent@CheckboxView@adapters@dvauxpui@@QEAAXAEBVtorq_string@api@torq@@@Z
dvauxpui.dll,ascii,1972904,?setTextContent@RadioView@adapters@dvauxpui@@QEAAXAEBVtorq_string@api@torq@@@Z
dvauxpui.dll,ascii,1972983,?setTextDecorationLine@TextView@adapters@dvauxpui@@QEAAXW4torq_text_decoration_line_type@@@Z
dvauxpui.dll,ascii,1973076,?setTextOverflow@TextView@adapters@dvauxpui@@QEAAXW4torq_text_overflow_type@@@Z
dvauxpui.dll,ascii,1973156,?setTitle@ButtonView@adapters@dvauxpui@@QEAAX$$QEBVtorq_string@api@torq@@@Z
dvauxpui.dll,ascii,1973232,?setTitle@Dialog@adapters@dvauxpui@@QEAAXVtorq_string@api@torq@@@Z
dvauxpui.dll,ascii,1973299,?setTitle@OptionItem@adapters@dvauxpui@@QEAAXAEBVtorq_string@api@torq@@@Z
dvauxpui.dll,ascii,1973373,?setToolTip@View@adapters@dvauxpui@@QEAAXAEBVtorq_string@api@torq@@@Z
dvauxpui.dll,ascii,1973443,?setTransform@BackgroundView@adapters@dvauxpui@@QEAAXUtorq_transform@@@Z
dvauxpui.dll,ascii,1973516,?setValue@SliderView@adapters@dvauxpui@@QEAA_NNNNN@Z
dvauxpui.dll,ascii,1973569,?setValue@TextEditView@adapters@dvauxpui@@QEAA_NAEBVtorq_string@api@torq@@_N@Z
dvauxpui.dll,ascii,1973648,?setVisible@View@adapters@dvauxpui@@QEAAX_N@Z
dvauxpui.dll,ascii,1973694,?setWhitespace@TextView@adapters@dvauxpui@@QEAAXW4torq_text_whitespace_type@@@Z
dvauxpui.dll,ascii,1973774,?shared_from_this@?$enable_shared_from_this@VObjectView@adapters@custom@dvauxpui@@@std@@QEAA?AV?$shared_ptr@VObjectView@adapters@custom@dvauxpui@@@2@XZ
dvauxpui.dll,ascii,1973926,?shared_from_this@?$enable_shared_from_this@VObjectView@adapters@custom@dvauxpui@@@std@@QEBA?AV?$shared_ptr@$$CBVObjectView@adapters@custom@dvauxpui@@@2@XZ
dvauxpui.dll,ascii,1974082,?show@Dialog@adapters@dvauxpui@@QEAAXAEBValpaca_view_ref@api@torq@@AEBUtorq_show_dialog_options@@@Z
dvauxpui.dll,ascii,1974182,?show@Flyout@adapters@dvauxpui@@QEAAXAEBValpaca_view_ref@api@torq@@Utorq_flyout_dialog_options@@@Z
dvauxpui.dll,ascii,1974281,?show@StoragePicker@adapters@dvauxpui@@QEAAXXZ
dvauxpui.dll,ascii,1974328,?showTitle@Dialog@adapters@dvauxpui@@QEAAX_N@Z
dvauxpui.dll,ascii,1974375,?sliderValueChanged@SliderView@adapters@dvauxpui@@AEAAXPEAVUI_InteractiveControlChangedMessage@controls@dvaui@@@Z
dvauxpui.dll,ascii,1974489,?supplyImageFunction@ButtonView@adapters@dvauxpui@@QEAAXPEAVUI_PictureSupplyMessage@controls@dvaui@@@Z
dvauxpui.dll,ascii,1974592,?supplyImageFunction@ImageView@adapters@dvauxpui@@AEAAXPEAVUI_PictureSupplyMessage@controls@dvaui@@@Z
dvauxpui.dll,ascii,1974694,?unique@?$ref_counted@VContextMenu@adapters@dvauxpui@@@api_impl@torq@@QEBA_NXZ
dvauxpui.dll,ascii,1974773,?unique@?$ref_counted@VContextMenuItem@adapters@dvauxpui@@@api_impl@torq@@QEBA_NXZ
dvauxpui.dll,ascii,1974856,?unique@?$ref_counted@VDialog@adapters@dvauxpui@@@api_impl@torq@@QEBA_NXZ
dvauxpui.dll,ascii,1974930,?unique@?$ref_counted@VImageLoader@adapters@dvauxpui@@@api_impl@torq@@QEBA_NXZ
dvauxpui.dll,ascii,1975009,?unique@?$ref_counted@VImageType@adapters@dvauxpui@@@api_impl@torq@@QEBA_NXZ
dvauxpui.dll,ascii,1975086,?unique@?$ref_counted@VObjectValue@adapters@custom@dvauxpui@@@api_impl@torq@@QEBA_NXZ
dvauxpui.dll,ascii,1975172,?unique@?$ref_counted@VScrollSpecification@adapters@dvauxpui@@@api_impl@torq@@QEBA_NXZ
dvauxpui.dll,ascii,1975259,?unique@?$ref_counted@VSelectItemBase@adapters@dvauxpui@@@api_impl@torq@@QEBA_NXZ
dvauxpui.dll,ascii,1975341,?unique@?$ref_counted@VStoragePicker@adapters@dvauxpui@@@api_impl@torq@@QEBA_NXZ
dvauxpui.dll,ascii,1975422,?unique@?$ref_counted@VUXPHostIslandDelegate@dvauxpui@@@api_impl@torq@@QEBA_NXZ
dvauxpui.dll,ascii,1975502,?unique@?$ref_counted@VView@adapters@dvauxpui@@@api_impl@torq@@QEBA_NXZ
dvauxpui.dll,ascii,1975574,?unique@?$ref_counted@VViewContext@adapters@dvauxpui@@@api_impl@torq@@QEBA_NXZ
dvauxpui.dll,ascii,1975653,?update@ObjectView@adapters@custom@dvauxpui@@QEBAXAEBValpaca_uxp_host_data_ref@api@torq@@@Z
dvauxpui.dll,ascii,1975745,?updateDisabled@TextEditView@adapters@dvauxpui@@QEAAX_N@Z
dvauxpui.dll,ascii,1975803,?updateMenu@UXPHostIslandDelegate@dvauxpui@@QEAAXVtorq_uxp_panel_ref@api@torq@@AEBVtorq_string@45@@Z
dvauxpui.dll,ascii,1975904,?updateMenuChecked@UXPHostIslandDelegate@dvauxpui@@QEAAXVtorq_uxp_panel_ref@api@torq@@AEBVtorq_string@45@_N@Z
dvauxpui.dll,ascii,1976014,?updateMenuEnabled@UXPHostIslandDelegate@dvauxpui@@QEAAXVtorq_uxp_panel_ref@api@torq@@AEBVtorq_string@45@_N@Z
dvauxpui.dll,ascii,1976124,?updateMenuLabel@UXPHostIslandDelegate@dvauxpui@@QEAAXVtorq_uxp_panel_ref@api@torq@@AEBVtorq_string@45@1@Z
dvauxpui.dll,ascii,1976231,?updatePlatformLayers@BackgroundView@adapters@dvauxpui@@QEAAXUtorq_rect@@PEBU4@_K@Z
dvauxpui.dll,ascii,1976315,?updateReadonly@TextEditView@adapters@dvauxpui@@QEAAX_N@Z
dvauxpui.dll,ascii,1976373,?updateStepNumberInput@TextEditView@adapters@dvauxpui@@QEAAXN@Z
dvauxpui.dll,ascii,1976437,?updateUXPLayout@LayoutContainer@adapters@dvauxpui@@QEAAXXZ
dvauxpui.dll,ascii,1976497,?updateWritingDirection@TextEditView@adapters@dvauxpui@@QEAAXW4torq_writing_direction_type@@@Z
dvauxpui.dll,ascii,1976592,?weakRelease@?$ref_counted@VContextMenu@adapters@dvauxpui@@@api_impl@torq@@QEAAXXZ
dvauxpui.dll,ascii,1976675,?weakRelease@?$ref_counted@VContextMenuItem@adapters@dvauxpui@@@api_impl@torq@@QEAAXXZ
dvauxpui.dll,ascii,1976762,?weakRelease@?$ref_counted@VDialog@adapters@dvauxpui@@@api_impl@torq@@QEAAXXZ
dvauxpui.dll,ascii,1976840,?weakRelease@?$ref_counted@VImageLoader@adapters@dvauxpui@@@api_impl@torq@@QEAAXXZ
dvauxpui.dll,ascii,1976923,?weakRelease@?$ref_counted@VImageType@adapters@dvauxpui@@@api_impl@torq@@QEAAXXZ
dvauxpui.dll,ascii,1977004,?weakRelease@?$ref_counted@VObjectValue@adapters@custom@dvauxpui@@@api_impl@torq@@QEAAXXZ
dvauxpui.dll,ascii,1977094,?weakRelease@?$ref_counted@VScrollSpecification@adapters@dvauxpui@@@api_impl@torq@@QEAAXXZ
dvauxpui.dll,ascii,1977185,?weakRelease@?$ref_counted@VSelectItemBase@adapters@dvauxpui@@@api_impl@torq@@QEAAXXZ
dvauxpui.dll,ascii,1977271,?weakRelease@?$ref_counted@VStoragePicker@adapters@dvauxpui@@@api_impl@torq@@QEAAXXZ
dvauxpui.dll,ascii,1977356,?weakRelease@?$ref_counted@VUXPHostIslandDelegate@dvauxpui@@@api_impl@torq@@QEAAXXZ
dvauxpui.dll,ascii,1977440,?weakRelease@?$ref_counted@VView@adapters@dvauxpui@@@api_impl@torq@@QEAAXXZ
dvauxpui.dll,ascii,1977516,?weakRelease@?$ref_counted@VViewContext@adapters@dvauxpui@@@api_impl@torq@@QEAAXXZ
dvauxpui.dll,ascii,1977599,?weakRetain@?$ref_counted@VContextMenu@adapters@dvauxpui@@@api_impl@torq@@QEAAXXZ
dvauxpui.dll,ascii,1977681,?weakRetain@?$ref_counted@VContextMenuItem@adapters@dvauxpui@@@api_impl@torq@@QEAAXXZ
dvauxpui.dll,ascii,1977767,?weakRetain@?$ref_counted@VDialog@adapters@dvauxpui@@@api_impl@torq@@QEAAXXZ
dvauxpui.dll,ascii,1977844,?weakRetain@?$ref_counted@VImageLoader@adapters@dvauxpui@@@api_impl@torq@@QEAAXXZ
dvauxpui.dll,ascii,1977926,?weakRetain@?$ref_counted@VImageType@adapters@dvauxpui@@@api_impl@torq@@QEAAXXZ
dvauxpui.dll,ascii,1978006,?weakRetain@?$ref_counted@VObjectValue@adapters@custom@dvauxpui@@@api_impl@torq@@QEAAXXZ
dvauxpui.dll,ascii,1978095,?weakRetain@?$ref_counted@VScrollSpecification@adapters@dvauxpui@@@api_impl@torq@@QEAAXXZ
dvauxpui.dll,ascii,1978185,?weakRetain@?$ref_counted@VSelectItemBase@adapters@dvauxpui@@@api_impl@torq@@QEAAXXZ
dvauxpui.dll,ascii,1978270,?weakRetain@?$ref_counted@VStoragePicker@adapters@dvauxpui@@@api_impl@torq@@QEAAXXZ
dvauxpui.dll,ascii,1978354,?weakRetain@?$ref_counted@VUXPHostIslandDelegate@dvauxpui@@@api_impl@torq@@QEAAXXZ
dvauxpui.dll,ascii,1978437,?weakRetain@?$ref_counted@VView@adapters@dvauxpui@@@api_impl@torq@@QEAAXXZ
dvauxpui.dll,ascii,1978512,?weakRetain@?$ref_counted@VViewContext@adapters@dvauxpui@@@api_impl@torq@@QEAAXXZ
dvauxpui.dll,ascii,1978594,?weak_from_this@?$enable_shared_from_this@VObjectView@adapters@custom@dvauxpui@@@std@@QEAA?AV?$weak_ptr@VObjectView@adapters@custom@dvauxpui@@@2@XZ
dvauxpui.dll,ascii,1978742,?weak_from_this@?$enable_shared_from_this@VObjectView@adapters@custom@dvauxpui@@@std@@QEBA?AV?$weak_ptr@$$CBVObjectView@adapters@custom@dvauxpui@@@2@XZ
dvauxpui.dll,ascii,1994066,RaiseException
dvauxpui.dll,ascii,1994150,LoadLibraryExW
dvauxpui.dll,ascii,1994466,napi_get_and_clear_last_exception
dvauxpui.dll,ascii,1995234,load_torq_native
dvauxpui.dll,ascii,1995632,GdipCreateBitmapFromScan0
dvauxpui.dll,ascii,1995910,?DoThrowNullPtrException@config@dvacore@@YAXAEBV?$basic_string@EU?$char_traits@E@std@@U?$STLAllocator@E@allocator@dvacore@@@std@@@Z
dvauxpui.dll,ascii,1997018,??$LogException@Vexception_ptr@std@@@logging@dvacore@@YAXAEBVexception_ptr@std@@VStringValue@utility@1@PEAV?$basic_string@EU?$char_traits@E@std@@U?$STLAllocator@E@allocator@dvacore@@@3@@Z
dvauxpui.dll,ascii,2022758,?IfUXPHostAlive@dvauxphost@@YAXV?$function@$$A6AXXZ@std@@@Z
dvauxpui.dll,ascii,2022820,?GetMainThreadTaskQueue@utilities@dvauxphost@@YAAEAVtorq_task_queue_ref@api@torq@@XZ
dvauxpui.dll,ascii,2022908,?GetHostViewForPanelId@UXPInstance@dvauxphost@@QEAAPEAVUI_Node@ui@dvaui@@AEBVImmutableString@utility@dvacore@@@Z
dvauxpui.dll,ascii,2023024,?RegisterLoaderDelegateAttachmentCreator_1P@dvauxphost@@YAXV?$function@$$A6A?AV?$shared_ptr@VLoaderDelegateAttachment@dvauxphost@@@std@@AEBVUXPDescriptor@dvauxphost@@@Z@std@@@Z
dvauxpui.dll,ascii,2023204,?OverrideInitialization@dvauxphost@@YA?AV?$function@$$A6AXXZ@std@@V23@@Z
dvauxpui.dll,ascii,2023280,?GetHostViewForIsland@UXPInstance@dvauxphost@@QEAAPEAVUI_Node@ui@dvaui@@AEBVtorq_uxp_island_alpaca_ref@api@torq@@@Z
dvauxpui.dll,ascii,2023398,?TorqToDVAUTF8String@utilities@dvauxphost@@YA?AV?$basic_string@EU?$char_traits@E@std@@U?$STLAllocator@E@allocator@dvacore@@@std@@AEBVtorq_string@api@torq@@@Z
dvauxpui.dll,ascii,2023558,?lockWeakRef@?$ref_counted@VAssertAdapter@adapters@dvauxphost@@@api_impl@torq@@QEAAPEAVAssertAdapter@adapters@dvauxphost@@XZ
dvauxpui.dll,ascii,2023686,?retain@?$ref_counted@VAssertAdapter@adapters@dvauxphost@@@api_impl@torq@@QEAAXXZ
dvauxpui.dll,ascii,2023770,?release@?$ref_counted@VAssertAdapter@adapters@dvauxphost@@@api_impl@torq@@QEAAXXZ
dvauxpui.dll,ascii,2023856,?weakRetain@?$ref_counted@VAssertAdapter@adapters@dvauxphost@@@api_impl@torq@@QEAAXXZ
dvauxpui.dll,ascii,2023944,?weakRelease@?$ref_counted@VAssertAdapter@adapters@dvauxphost@@@api_impl@torq@@QEAAXXZ
dvauxpui.dll,ascii,2024034,?assertMessage@AssertAdapter@adapters@dvauxphost@@SAXAEBVtorq_string@api@torq@@@Z
dvauxpui.dll,ascii,2024118,?showErrorMessage@AssertAdapter@adapters@dvauxphost@@SAXAEBVtorq_string@api@torq@@@Z
dvauxpui.dll,ascii,2024206,?showExceptionMessage@AssertAdapter@adapters@dvauxphost@@SAXAEBVtorq_string@api@torq@@@Z
dvauxpui.dll,ascii,2024298,?RegisterViewAttacher@dvauxphost@@YAXV?$function@$$A6APEAVUI_Node@ui@dvaui@@AEBVImmutableString@utility@dvacore@@AEBV?$shared_ptr@VUXPInstance@dvauxphost@@@std@@AEBQEAV123@@Z@std@@@Z
dvauxpui.dll,ascii,2024484,?RegisterHostViewCloser@dvauxphost@@YAXV?$function@$$A6AXPEAVUI_Node@ui@dvaui@@@Z@std@@@Z
dvauxpui.dll,ascii,2024576,?RegisterRemovePluginListeners@dvauxphost@@YAXV?$function@$$A6AXAEBV?$basic_string@EU?$char_traits@E@std@@U?$STLAllocator@E@allocator@dvacore@@@std@@@Z@std@@@Z
dvauxpui.dll,ascii,2024738,?AttachView@UXPInstance@dvauxphost@@QEAAXAEBVImmutableString@utility@dvacore@@PEAVUI_Node@ui@dvaui@@Vtorq_uxp_island_alpaca_ref@api@torq@@0@Z
dvauxpui.dll,ascii,2024882,?GetIslandFromPanelIdOrView@UXPInstance@dvauxphost@@QEAA?AVtorq_uxp_island_alpaca_ref@api@torq@@AEBVImmutableString@utility@dvacore@@PEAVUI_Node@ui@dvaui@@@Z
dvauxpui.dll,ascii,2025042,?GetExtension@UXPInstance@dvauxphost@@QEBA?AVtorq_plugin_ref@api@torq@@XZ
dvauxpui.dll,ascii,2025118,?GetEntryPointByCallId@UXPInstance@dvauxphost@@QEBA?AUEntryPointData@12@AEBVImmutableString@utility@dvacore@@@Z
dvauxpui.dll,ascii,2025232,?lockWeakRef@?$ref_counted@VUXPPluginLoaderDelegate@dvauxphost@@@api_impl@torq@@QEAAPEAVUXPPluginLoaderDelegate@dvauxphost@@XZ
dvauxpui.dll,ascii,2025362,?retain@?$ref_counted@VUXPPluginLoaderDelegate@dvauxphost@@@api_impl@torq@@QEAAXXZ
dvauxpui.dll,ascii,2025448,?release@?$ref_counted@VUXPPluginLoaderDelegate@dvauxphost@@@api_impl@torq@@QEAAXXZ
dvauxpui.dll,ascii,2025534,?weakRetain@?$ref_counted@VUXPPluginLoaderDelegate@dvauxphost@@@api_impl@torq@@QEAAXXZ
dvauxpui.dll,ascii,2025624,?weakRelease@?$ref_counted@VUXPPluginLoaderDelegate@dvauxphost@@@api_impl@torq@@QEAAXXZ
dvauxpui.dll,ascii,2025714,?allowDebugging@UXPPluginLoaderDelegate@dvauxphost@@QEAA_NAEBVtorq_plugin_runtime_ref@api@torq@@@Z
dvauxpui.dll,ascii,2025816,?didCreateJsContext@UXPPluginLoaderDelegate@dvauxphost@@QEAAXAEBVtorq_plugin_runtime_ref@api@torq@@@Z
dvauxpui.dll,ascii,2025920,?willDestroyJsContext@UXPPluginLoaderDelegate@dvauxphost@@QEAAXAEBVtorq_plugin_runtime_ref@api@torq@@@Z
dvauxpui.dll,ascii,2026026,?didCreateJsRuntime@UXPPluginLoaderDelegate@dvauxphost@@QEAAXAEBVtorq_plugin_runtime_ref@api@torq@@@Z
dvauxpui.dll,ascii,2026130,?overrideRuntimeCreate@UXPPluginLoaderDelegate@dvauxphost@@QEAA_NAEBVtorq_plugin_runtime_ref@api@torq@@@Z
dvauxpui.dll,ascii,2026238,?didDestroyPluginRuntime@UXPPluginLoaderDelegate@dvauxphost@@QEAAXAEBVtorq_plugin_runtime_ref@api@torq@@@Z
dvauxpui.dll,ascii,2026348,?willInitializePluginRuntime@UXPPluginLoaderDelegate@dvauxphost@@QEAAXAEBVtorq_plugin_runtime_ref@api@torq@@@Z
dvauxpui.dll,ascii,2026462,?showPanelForPlugin@UXPPluginLoaderDelegate@dvauxphost@@QEAA?AVtorq_string@api@torq@@AEBVtorq_plugin_runtime_ref@45@AEBVtorq_plugin_ref@45@AEBV345@@Z
dvauxpui.dll,ascii,2026614,?invokeCommandForPlugin@UXPPluginLoaderDelegate@dvauxphost@@QEAA?AVtorq_string@api@torq@@AEBVtorq_plugin_runtime_ref@45@AEBVtorq_plugin_ref@45@AEBV345@@Z
dvauxpui.dll,ascii,2026770,?onUncaughtException@UXPPluginLoaderDelegate@dvauxphost@@QEAA_NAEBVtorq_plugin_runtime_ref@api@torq@@AEBVtorq_string@45@@Z
dvauxpui.dll,ascii,2026896,?lockWeakRef@?$ref_counted@VTaskQueueBase@queue@dvauxphost@@@api_impl@torq@@QEAAPEAVTaskQueueBase@queue@dvauxphost@@XZ
dvauxpui.dll,ascii,2027018,?retain@?$ref_counted@VTaskQueueBase@queue@dvauxphost@@@api_impl@torq@@QEAAXXZ
dvauxpui.dll,ascii,2027100,?release@?$ref_counted@VTaskQueueBase@queue@dvauxphost@@@api_impl@torq@@QEAAXXZ
dvauxpui.dll,ascii,2027182,?weakRetain@?$ref_counted@VTaskQueueBase@queue@dvauxphost@@@api_impl@torq@@QEAAXXZ
dvauxpui.dll,ascii,2027268,?weakRelease@?$ref_counted@VTaskQueueBase@queue@dvauxphost@@@api_impl@torq@@QEAAXXZ
dvauxpui.dll,ascii,2027354,?DVAUTF8ToTorqString@utilities@dvauxphost@@YA?AVtorq_string@api@torq@@AEBV?$basic_string@EU?$char_traits@E@std@@U?$STLAllocator@E@allocator@dvacore@@@std@@@Z
dvauxpui.dll,ascii,2027514,??1UXPDescriptor@dvauxphost@@QEAA@XZ
dvauxpui.dll,ascii,2027554,?GetReferenceNodeId@UXPDescriptor@dvauxphost@@QEBAAEBV?$basic_string@EU?$char_traits@E@std@@U?$STLAllocator@E@allocator@dvacore@@@std@@XZ
dvauxpui.dll,ascii,2027694,?GetDescriptor@UXPInstance@dvauxphost@@QEAA?AVUXPDescriptor@2@XZ
dvauxpui.dll,ascii,2027762,?kCommandLineArgumentKey_Type@dvauxphost@@3V?$basic_string@_WU?$char_traits@_W@std@@U?$STLAllocator@_W@allocator@dvacore@@@std@@B
dvauxpui.dll,ascii,2027894,?kCommandLineArgumentKey_PanelId@dvauxphost@@3V?$basic_string@_WU?$char_traits@_W@std@@U?$STLAllocator@_W@allocator@dvacore@@@std@@B
dvauxpui.dll,ascii,2028030,?kCommandLineArgumentKey_Extension@dvauxphost@@3V?$basic_string@_WU?$char_traits@_W@std@@U?$STLAllocator@_W@allocator@dvacore@@@std@@B
dvauxpui.dll,ascii,2028168,?LoadExtensionById@dvauxphost@@YA?AV?$shared_ptr@VUXPInstance@dvauxphost@@@std@@AEBVImmutableString@utility@dvacore@@0000$$QEAV?$function@$$A6AXAEBV?$shared_ptr@VUXPInstance@dvauxphost@@@std@@AEBHAEBV?$basic_string@_WU?$char_traits@_W@std@@U?$STLAllocator@_W@allocator@dvacore@@@2@@Z@3@@Z
dvauxpui.dll,ascii,2028460,?AttachHostView@dvauxphost@@YAPEAVUI_Node@ui@dvaui@@AEBVImmutableString@utility@dvacore@@AEBV?$shared_ptr@VUXPInstance@dvauxphost@@@std@@AEBQEAV234@@Z
dvauxpui.dll,ascii,2028614,?ExecuteOnScriptContextAvailable@UXPInstance@dvauxphost@@QEAAX$$QEAV?$function@$$A6AXH@Z@std@@@Z
dvauxpui.dll,ascii,2028714,?GenerateUniqueCallId@utilities@dvauxphost@@YA?AVImmutableString@utility@dvacore@@XZ
dvauxpui.dll,ascii,2028802,??0UXPDescriptor@dvauxphost@@QEAA@XZ
dvauxpui.dll,ascii,2028842,?IsValid@UXPDescriptor@dvauxphost@@QEBA_NXZ
dvauxpui.dll,ascii,2028888,?GetName@UXPDescriptor@dvauxphost@@QEBA?AVImmutableString@utility@dvacore@@XZ
dvauxpui.dll,ascii,2028968,?GetPanelInfoPositions@UXPDescriptor@dvauxphost@@QEBAAEBUUXPPositionsInfo@2@XZ
dvauxpui.dll,ascii,2029050,??4UXPDescriptor@dvauxphost@@QEAAAEAV01@AEBV01@@Z
dvauxpui.dll,ascii,2029102,?RegisterViewCreator@dvauxphost@@YAXPEBDAEBV?$function@$$A6APEAVUI_Node@ui@dvaui@@AEBVImmutableString@utility@dvacore@@AEBV?$shared_ptr@VUXPInstance@dvauxphost@@@std@@@Z@std@@W4RegisterViewCreatorModes@1@@Z
dvauxpui.dll,ascii,2029312,?DetachView@UXPInstance@dvauxphost@@QEAA_NAEBVImmutableString@utility@dvacore@@PEAVUI_Node@ui@dvaui@@@Z
dvauxpui.dll,ascii,2029418,?RegisterViewDestructor@UXPInstance@dvauxphost@@QEAAXAEBQEAVUI_Node@ui@dvaui@@V?$function@$$A6AXXZ@std@@@Z
dvauxpui.dll,ascii,2029528,?GetUIEntryPoints@UXPDescriptor@dvauxphost@@QEBAAEBV?$vector@UUXPUIEntryPoint@dvauxphost@@U?$STLAllocator@UUXPUIEntryPoint@dvauxphost@@@allocator@dvacore@@@std@@XZ
dvauxpui.dll,ascii,2029694,?SendEventToJS@dvauxphost@@YAXAEBV?$basic_string@DU?$char_traits@D@std@@V?$allocator@D@2@@std@@@Z
dvauxpui.dll,ascii,2029794,?GetScriptContextHandle@UXPInstance@dvauxphost@@QEBAHXZ
dvauxpui.dll,ascii,2029852,?GetCallIdByHostView@UXPInstance@dvauxphost@@QEAA?AVImmutableString@utility@dvacore@@AEBQEAVUI_Node@ui@dvaui@@@Z
dvauxpui.dll,ascii,2029968,?GetUXPInstanceByPluginID@dvauxphost@@YA?AV?$shared_ptr@VUXPInstance@dvauxphost@@@std@@VImmutableString@utility@dvacore@@@Z
dvauxpui.dll,ascii,2030094,?GetUXPManifest@UXPDescriptor@dvauxphost@@QEBA?AV?$shared_ptr@VUXPManifest@dvauxphost@@@std@@XZ
dvauxpui.dll,ascii,2030192,?GetId@UXPDescriptor@dvauxphost@@QEBA?AVImmutableString@utility@dvacore@@XZ
dvauxpui.dll,ascii,2030270,?GetPluginTypes@UXPDescriptor@dvauxphost@@QEBA?BW4UXPPluginType@2@XZ
dvauxpui.dll,ascii,2030342,?GetUXPDescriptorById@dvauxphost@@YA?AVUXPDescriptor@1@AEBVImmutableString@utility@dvacore@@@Z
dvauxpui.dll,ascii,2030440,?ExecuteOnMainThreadWhenReady@dvauxphost@@YA_NV?$function@$$A6AXXZ@std@@@Z
dvauxpui.dll,ascii,2030518,?ExecuteCommand@UXPInstance@dvauxphost@@QEAAXAEBVImmutableString@utility@dvacore@@PEBD@Z
dvauxpui.dll,ascii,2030610,?AttachViewData@UXPInstance@dvauxphost@@QEAAXAEBQEAVUI_Node@ui@dvaui@@AEBV?$tuple@V?$basic_string@EU?$char_traits@E@std@@U?$STLAllocator@E@allocator@dvacore@@@std@@@std@@@Z
dvauxpui.dll,ascii,2030786,?SetMenuItemInfoByPanelId@UXPInstance@dvauxphost@@QEAAXAEBVImmutableString@utility@dvacore@@AEBV?$vector@UUXPMenuItemInfo@dvauxphost@@U?$STLAllocator@UUXPMenuItemInfo@dvauxphost@@@allocator@dvacore@@@std@@@Z
dvauxpui.dll,ascii,2030996,?GetMenuItemInfoByPanelId@UXPInstance@dvauxphost@@QEAAAEAV?$vector@UUXPMenuItemInfo@dvauxphost@@U?$STLAllocator@UUXPMenuItemInfo@dvauxphost@@@allocator@dvacore@@@std@@AEBVImmutableString@utility@dvacore@@@Z
dvauxpui.dll,ascii,2031206,?kDefaultExtensionCommand@dvauxphost@@3VImmutableString@utility@dvacore@@B
dvauxpui.dll,ascii,2031284,?SetUIThemeInfoAPIObject@dvauxphost@@YAXAEBUUIThemeInfo@1@@Z
dvauxpui.dll,ascii,2031348,?UpdateTheme@dvauxphost@@YAXH@Z
dvauxpui.dll,ascii,2031380,dvauxphost.dll
dvauxpui.dll,ascii,2089584,OJ?SetDefaultDirectory@OS_NavigationDialog@dialogs@dvaui@@UEAAXAEBV?$basic_string@_WU?$char_traits@_W@std@@U?$STLAllocator@_W@allocator@dvacore@@@std@@@Z
dvauxpui.dll,ascii,2090488,??0OS_FolderChooserDialog@dialogs@dvaui@@QEAA@QEAVUI_Node@ui@2@AEBV?$Flags@I@utility@dvacore@@@Z
dvauxpui.dll,ascii,2090588,??1OS_FolderChooserDialog@dialogs@dvaui@@UEAA@XZ
dvauxpui.dll,ascii,2090638,gF?RunModal@OS_FolderChooserDialog@dialogs@dvaui@@UEAAXXZ
dvauxpui.dll,ascii,2094407,E?ReloadOSPreferences@CustomSettingsManager@ui@dvaui@@QEBAXXZ
dvauxpui.dll,ascii,2107810,4*?CreateCustomControlView@uxp@dvaui@@YAPEAVUI_ControlView@controls@2@AEBV?$basic_string@DU?$char_traits@D@std@@V?$allocator@D@2@@std@@00@Z
dvauxpui.dll,ascii,2109889,A?IsSpringLoaded@UI_Button@controls@dvaui@@QEBA_NXZ
dvauxpui.dll,ascii,2112822,MZ?kUXPType@datatransfer@dvaui@@3V?$basic_string@EU?$char_traits@E@std@@U?$STLAllocator@E@allocator@dvacore@@@std@@B
dvauxpui.dll,ascii,2113529,E?RegisterCustomControlViewCreator@uxp@dvaui@@YAXAEBV?$basic_string@DU?$char_traits@D@std@@V?$allocator@D@2@@std@@V?$function@$$A6APEAVUI_ControlView@controls@dvaui@@AEBV?$basic_string@DU?$char_traits@D@std@@V?$allocator@D@2@@std@@0@Z@4@@Z
dvauxpui.dll,ascii,2126868,?SetAcceptsTabs@TopLevelWindow@workspace@dvaworkspace@@QEAAX_N@Z
dvauxpui.dll,ascii,2145822,?__ExceptionPtrCreate@@YAXPEAX@Z
dvauxpui.dll,ascii,2145858,?__ExceptionPtrDestroy@@YAXPEAX@Z
dvauxpui.dll,ascii,2145894,?__ExceptionPtrCopy@@YAXPEAXPEBX@Z
dvauxpui.dll,ascii,2145932,?__ExceptionPtrCurrentException@@YAXPEAX@Z
dvauxpui.dll,ascii,2145978,?uncaught_exception@std@@YA_NXZ
dvauxpui.dll,ascii,2151046,?exceptions@ios_base@std@@QEAAXH@Z
dvauxpui.dll,ascii,2153372,__std_exception_copy
dvauxpui.dll,ascii,2153396,__std_exception_destroy
dvauxpui.dll,ascii,2153422,_CxxThrowException
dvauxpui.dll,ascii,2153556,__current_exception
dvauxpui.dll,ascii,2153578,__current_exception_context
dvauxpui.dll,ascii,2154598,UnhandledExceptionFilter
dvauxpui.dll,ascii,2154626,SetUnhandledExceptionFilter
dvauxpui.dll,ascii,2155792,.?AVCustomDrawnView@ui@dvauxpui@@
dvauxpui.dll,ascii,2156008,.?AVexception@std@@
dvauxpui.dll,ascii,2156368,.?AV<lambda_1>@?1??CreateView@ButtonView@adapters@dvauxpui@@UEAA?AV?$IntrusivePtr@VUI_SubView@ui@dvaui@@@RefCountedInterface@utility@dvacore@@XZ@
dvauxpui.dll,ascii,2156544,.?AV<lambda_1>@?1??BindMessageFunction@?$BindMessageFunction_Impl@VButtonView@adapters@dvauxpui@@VUI_ButtonChangedMessage@controls@dvaui@@X@ui@dvaui@@SA?AV?$shared_ptr@V?$function@$$A6AXPEAVMessage@ui@dvaui@@@Z@std@@@std@@P8ButtonView@adapters@dvauxpui@@EAAXPEAVUI_ButtonChangedMessage@controls@4@@ZPEAV789@@Z@
dvauxpui.dll,ascii,2157216,.?AV<lambda_1>@?1??CreateView@CheckboxView@adapters@dvauxpui@@UEAA?AV?$IntrusivePtr@VUI_SubView@ui@dvaui@@@RefCountedInterface@utility@dvacore@@XZ@
dvauxpui.dll,ascii,2157392,.?AV<lambda_1>@?1??CreateView@ContentClipView@adapters@dvauxpui@@UEAA?AV?$IntrusivePtr@VUI_SubView@ui@dvaui@@@RefCountedInterface@utility@dvacore@@XZ@
dvauxpui.dll,ascii,2157616,.?AV<lambda_1>@?1??popupAt@ContextMenu@adapters@dvauxpui@@QEAAXNN@Z@
dvauxpui.dll,ascii,2157808,.?AV<lambda_6>@?1???0Dialog@adapters@dvauxpui@@QEAA@$$QEAVtorq_dialog_actions_delegate_ptr@api@torq@@AEBVtorq_string@56@AEBVtorq_create_dialog_options_ptr@56@@Z@
dvauxpui.dll,ascii,2158000,.?AV<lambda_5>@?1???0Dialog@adapters@dvauxpui@@QEAA@$$QEAVtorq_dialog_actions_delegate_ptr@api@torq@@AEBVtorq_string@56@AEBVtorq_create_dialog_options_ptr@56@@Z@
dvauxpui.dll,ascii,2158192,.?AV<lambda_4>@?1???0Dialog@adapters@dvauxpui@@QEAA@$$QEAVtorq_dialog_actions_delegate_ptr@api@torq@@AEBVtorq_string@56@AEBVtorq_create_dialog_options_ptr@56@@Z@
dvauxpui.dll,ascii,2158384,.?AV?$_Binder@U_Unforced@std@@P8Dialog@adapters@dvauxpui@@EAAXXZPEAV345@@std@@
dvauxpui.dll,ascii,2158480,.?AV<lambda_3>@?1???0Dialog@adapters@dvauxpui@@QEAA@$$QEAVtorq_dialog_actions_delegate_ptr@api@torq@@AEBVtorq_string@56@AEBVtorq_create_dialog_options_ptr@56@@Z@
dvauxpui.dll,ascii,2158672,.?AV<lambda_2>@?1???0Dialog@adapters@dvauxpui@@QEAA@$$QEAVtorq_dialog_actions_delegate_ptr@api@torq@@AEBVtorq_string@56@AEBVtorq_create_dialog_options_ptr@56@@Z@
dvauxpui.dll,ascii,2158864,.?AV<lambda_1>@?1???0Dialog@adapters@dvauxpui@@QEAA@$$QEAVtorq_dialog_actions_delegate_ptr@api@torq@@AEBVtorq_string@56@AEBVtorq_create_dialog_options_ptr@56@@Z@
dvauxpui.dll,ascii,2159056,.?AV<lambda_1>@?BA@???R0?1???0Dialog@adapters@dvauxpui@@QEAA@$$QEAVtorq_dialog_actions_delegate_ptr@api@torq@@AEBVtorq_string@56@AEBVtorq_create_dialog_options_ptr@56@@Z@QEBA@W4WindowActivation@UI_Node@ui@dvaui@@@Z@
dvauxpui.dll,ascii,2159336,.?AVRootLayoutView@ui@dvauxpui@@
dvauxpui.dll,ascii,2159456,.?AV<lambda_4>@?BC@???0Flyout@adapters@dvauxpui@@QEAA@$$QEAVtorq_dialog_actions_delegate_ptr@api@torq@@$$QEAVtorq_plugin_runtime_ref@56@AEBValpaca_view_context_ref@56@AEBValpaca_view_ref@56@@Z@
dvauxpui.dll,ascii,2159680,.?AV<lambda_3>@?1???0Flyout@adapters@dvauxpui@@QEAA@$$QEAVtorq_dialog_actions_delegate_ptr@api@torq@@$$QEAVtorq_plugin_runtime_ref@56@AEBValpaca_view_context_ref@56@AEBValpaca_view_ref@56@@Z@
dvauxpui.dll,ascii,2159888,.?AV<lambda_2>@?1???0Flyout@adapters@dvauxpui@@QEAA@$$QEAVtorq_dialog_actions_delegate_ptr@api@torq@@$$QEAVtorq_plugin_runtime_ref@56@AEBValpaca_view_context_ref@56@AEBValpaca_view_ref@56@@Z@
dvauxpui.dll,ascii,2160096,.?AV<lambda_1>@?1???0Flyout@adapters@dvauxpui@@QEAA@$$QEAVtorq_dialog_actions_delegate_ptr@api@torq@@$$QEAVtorq_plugin_runtime_ref@56@AEBValpaca_view_context_ref@56@AEBValpaca_view_ref@56@@Z@
dvauxpui.dll,ascii,2160512,.?AV<lambda_1>@?1??LoadBuffer@ImageLoader@adapters@dvauxpui@@IEAAX$$QEAValpaca_image_ref@api@torq@@@Z@
dvauxpui.dll,ascii,2160640,.?AV<lambda_1>@?1???R0?1??LoadBuffer@ImageLoader@adapters@dvauxpui@@IEAAX$$QEAValpaca_image_ref@api@torq@@@Z@QEBA@XZ@
dvauxpui.dll,ascii,2160832,.?AV<lambda_1>@?1??CreateView@ImageView@adapters@dvauxpui@@UEAA?AV?$IntrusivePtr@VUI_SubView@ui@dvaui@@@RefCountedInterface@utility@dvacore@@XZ@
dvauxpui.dll,ascii,2161008,.?AV<lambda_1>@?4??requestLayout@LayoutContainer@adapters@dvauxpui@@UEAAXXZ@
dvauxpui.dll,ascii,2161168,.?AV<lambda_1>@?1???0PlatformView@adapters@dvauxpui@@QEAA@$$QEAVtorq_platform_view_delegate_ptr@api@torq@@@Z@
dvauxpui.dll,ascii,2161360,.?AV<lambda_1>@?1??CreateView@RadioView@adapters@dvauxpui@@UEAA?AV?$IntrusivePtr@VUI_SubView@ui@dvaui@@@RefCountedInterface@utility@dvacore@@XZ@
dvauxpui.dll,ascii,2161584,.?AV<lambda_1>@?1??BindMessageFunction@?$BindMessageFunction_Impl@VScrollView@adapters@dvauxpui@@VUI_InteractiveControlChangedMessage@controls@dvaui@@X@ui@dvaui@@SA?AV?$shared_ptr@V?$function@$$A6AXPEAVMessage@ui@dvaui@@@Z@std@@@std@@P8ScrollView@adapters@dvauxpui@@EAAXPEAVUI_InteractiveControlChangedMessage@controls@4@@ZPEAV789@@Z@
dvauxpui.dll,ascii,2161984,.?AV<lambda_1>@?1??CreateView@SelectView@adapters@dvauxpui@@UEAA?AV?$IntrusivePtr@VUI_SubView@ui@dvaui@@@RefCountedInterface@utility@dvacore@@XZ@
dvauxpui.dll,ascii,2162432,.?AV<lambda_1>@?1??BindMessageFunction@?$BindMessageFunction_Impl@VSliderView@adapters@dvauxpui@@VUI_InteractiveControlChangedMessage@controls@dvaui@@X@ui@dvaui@@SA?AV?$shared_ptr@V?$function@$$A6AXPEAVMessage@ui@dvaui@@@Z@std@@@std@@P8SliderView@adapters@dvauxpui@@EAAXPEAVUI_InteractiveControlChangedMessage@controls@4@@ZPEAV789@@Z@
dvauxpui.dll,ascii,2163136,.?AV<lambda_3>@?1??CreateView@TextEditView@adapters@dvauxpui@@UEAA?AV?$IntrusivePtr@VUI_SubView@ui@dvaui@@@RefCountedInterface@utility@dvacore@@XZ@
dvauxpui.dll,ascii,2163312,.?AV<lambda_2>@?1??CreateView@TextEditView@adapters@dvauxpui@@UEAA?AV?$IntrusivePtr@VUI_SubView@ui@dvaui@@@RefCountedInterface@utility@dvacore@@XZ@
dvauxpui.dll,ascii,2163488,.?AV<lambda_1>@?1??CreateView@TextEditView@adapters@dvauxpui@@UEAA?AV?$IntrusivePtr@VUI_SubView@ui@dvaui@@@RefCountedInterface@utility@dvacore@@XZ@
dvauxpui.dll,ascii,2163664,.?AV<lambda_1>@?1??CreateView@ToggleImageView@adapters@dvauxpui@@UEAA?AV?$IntrusivePtr@VUI_SubView@ui@dvaui@@@RefCountedInterface@utility@dvacore@@XZ@
dvauxpui.dll,ascii,2163840,.?AV<lambda_5>@?BL@??SetView@View@adapters@dvauxpui@@QEAAXV?$IntrusivePtr@VUI_SubView@ui@dvaui@@@RefCountedInterface@utility@dvacore@@W4EventHandlerFlags@234@@Z@
dvauxpui.dll,ascii,2164032,.?AV<lambda_4>@?BL@??SetView@View@adapters@dvauxpui@@QEAAXV?$IntrusivePtr@VUI_SubView@ui@dvaui@@@RefCountedInterface@utility@dvacore@@W4EventHandlerFlags@234@@Z@
dvauxpui.dll,ascii,2164224,.?AV<lambda_3>@?BL@??SetView@View@adapters@dvauxpui@@QEAAXV?$IntrusivePtr@VUI_SubView@ui@dvaui@@@RefCountedInterface@utility@dvacore@@W4EventHandlerFlags@234@@Z@
dvauxpui.dll,ascii,2164416,.?AV<lambda_2>@?BL@??SetView@View@adapters@dvauxpui@@QEAAXV?$IntrusivePtr@VUI_SubView@ui@dvaui@@@RefCountedInterface@utility@dvacore@@W4EventHandlerFlags@234@@Z@
dvauxpui.dll,ascii,2164608,.?AV<lambda_1>@?BI@??SetView@View@adapters@dvauxpui@@QEAAXV?$IntrusivePtr@VUI_SubView@ui@dvaui@@@RefCountedInterface@utility@dvacore@@W4EventHandlerFlags@234@@Z@
dvauxpui.dll,ascii,2164832,.?AV<lambda_1>@?1???R0?1??GetCustomNodeRegFxn@CustomButtonViewDelegate@adapters@custom@dvauxpui@@SA?AV?$shared_ptr@V?$function@$$A6AXV?$shared_ptr@VContext@seal_napi@torq@@@std@@Vtorq_plugin_runtime_ref@api@torq@@@Z@std@@@std@@XZ@QEBA@V?$shared_ptr@VContext@seal_napi@torq@@@7@Vtorq_plugin_runtime_ref@api@torq@@@Z@
dvauxpui.dll,ascii,2165168,.?AV<lambda_1>@?1??GetCustomNodeRegFxn@CustomButtonViewDelegate@adapters@custom@dvauxpui@@SA?AV?$shared_ptr@V?$function@$$A6AXV?$shared_ptr@VContext@seal_napi@torq@@@std@@Vtorq_plugin_runtime_ref@api@torq@@@Z@std@@@std@@XZ@
dvauxpui.dll,ascii,2165408,.?AV<lambda_1>@?1??BindMessageFunction@?$BindMessageFunction_Impl@VCustomButtonViewDelegate@adapters@custom@dvauxpui@@VUI_ControlChangedMessage@controls@dvaui@@X@ui@dvaui@@SA?AV?$shared_ptr@V?$function@$$A6AXPEAVMessage@ui@dvaui@@@Z@std@@@std@@P8CustomButtonViewDelegate@adapters@custom@dvauxpui@@EAAXPEAVUI_ControlChangedMessage@controls@4@@ZPEAV789dvauxpui@@@Z@
dvauxpui.dll,ascii,2165792,.?AVUI_CustomControlInterface@uxp@dvaui@@
dvauxpui.dll,ascii,2166048,.?AV?$_Binder@U_Unforced@std@@P8CustomControlViewDelegate@adapters@custom@dvauxpui@@EAAXPEAVUI_ControlChangedMessage@controls@dvaui@@Valpaca_view_weak_ref@api@torq@@@ZPEAV3456@AEBU?$_Ph@$00@2@AEAValpaca_view_weak_ref@api@torq@@@std@@
dvauxpui.dll,ascii,2166304,.?AV<lambda_1>@?1???R0?1??GetCustomNodeRegFxn@CustomControlViewDelegate@adapters@custom@dvauxpui@@SA?AV?$shared_ptr@V?$function@$$A6AXV?$shared_ptr@VContext@seal_napi@torq@@@std@@Vtorq_plugin_runtime_ref@api@torq@@@Z@std@@@std@@XZ@QEBA@V?$shared_ptr@VContext@seal_napi@torq@@@7@Vtorq_plugin_runtime_ref@api@torq@@@Z@
dvauxpui.dll,ascii,2166704,.?AV<lambda_1>@?1??GetCustomNodeRegFxn@CustomControlViewDelegate@adapters@custom@dvauxpui@@SA?AV?$shared_ptr@V?$function@$$A6AXV?$shared_ptr@VContext@seal_napi@torq@@@std@@Vtorq_plugin_runtime_ref@api@torq@@@Z@std@@@std@@XZ@
dvauxpui.dll,ascii,2166960,.?AV<lambda_1>@?1???R0?1??GetCustomNodeRegFxn@CustomTextViewDelegate@adapters@custom@dvauxpui@@SA?AV?$shared_ptr@V?$function@$$A6AXV?$shared_ptr@VContext@seal_napi@torq@@@std@@Vtorq_plugin_runtime_ref@api@torq@@@Z@std@@@std@@XZ@QEBA@V?$shared_ptr@VContext@seal_napi@torq@@@7@Vtorq_plugin_runtime_ref@api@torq@@@Z@
dvauxpui.dll,ascii,2167296,.?AV<lambda_1>@?1??GetCustomNodeRegFxn@CustomTextViewDelegate@adapters@custom@dvauxpui@@SA?AV?$shared_ptr@V?$function@$$A6AXV?$shared_ptr@VContext@seal_napi@torq@@@std@@Vtorq_plugin_runtime_ref@api@torq@@@Z@std@@@std@@XZ@
dvauxpui.dll,ascii,2167592,.?AV<lambda_2>@custom@dvauxpui@@
dvauxpui.dll,ascii,2167648,.?AV<lambda_1>@custom@dvauxpui@@
dvauxpui.dll,ascii,2167712,.P6A?AV?$shared_ptr@VLoaderDelegateAttachment@dvauxphost@@@std@@AEBVUXPDescriptor@dvauxphost@@@Z
dvauxpui.dll,ascii,2167856,.?AV<lambda_2>@?A0x984641cc@dvauxpui@@
dvauxpui.dll,ascii,2167912,.?AV<lambda_1>@?A0x984641cc@dvauxpui@@
dvauxpui.dll,ascii,2168128,.P6APEAVUI_Node@ui@dvaui@@AEBVImmutableString@utility@dvacore@@AEBV?$shared_ptr@VUXPInstance@dvauxphost@@@std@@AEBQEAV012@@Z
dvauxpui.dll,ascii,2168360,.?AVUXPPopupScriptObject@dvauxpui@@
dvauxpui.dll,ascii,2168656,.?AV?$ScriptObjectDefinitionBaseT@VUXPPopupScriptObject@dvauxpui@@@definition@dvascripting@@
dvauxpui.dll,ascii,2168768,.?AV<lambda_1>@?4???$RegisterMethod@VUXPPopupScriptObject@dvauxpui@@V?$PropertyType@_N@dvascripting@@V?$ParameterType@_N@4@P812@EBA_N_N@Z@definition@dvascripting@@YAXPEBDV?$ParameterType@_N@2@V?$PropertyType@_N@2@$$QEAP8UXPPopupScriptObject@dvauxpui@@EBA_N_N@ZW4ScriptObjectPropertyModifier@2@W4ItemThreadOption@2@0W4ScriptItemFlag@2@@Z@
dvauxpui.dll,ascii,2169136,.?AVUXPShortcutEventPropertiesObject@scripting@dvauxpui@@
dvauxpui.dll,ascii,2169216,.?AV?$ScriptObjectDefinitionBaseT@VUXPShortcutEventPropertiesObject@scripting@dvauxpui@@@definition@dvascripting@@
dvauxpui.dll,ascii,2169360,.?AV<lambda_1>@?1??CreateShortcutEventProperties@scripting@dvauxpui@@YA?AV?$IntrusivePtr@VScriptObject@dvascripting@@@RefCountedInterface@utility@dvacore@@AEBVUXPShortcutEventPropertiesObject@23@H@Z@
dvauxpui.dll,ascii,2169584,.?AV<lambda_1>@?1???$CreateScriptObject@VUXPShortcutEventPropertiesObject@scripting@dvauxpui@@@utils@dvascripting@@YA?AV?$IntrusivePtr@VUXPShortcutEventPropertiesObject@scripting@dvauxpui@@@RefCountedInterface@utility@dvacore@@HV?$function@$$A6AXAEBV?$IntrusivePtr@VUXPShortcutEventPropertiesObject@scripting@dvauxpui@@@RefCountedInterface@utility@dvacore@@@Z@std@@@Z@
dvauxpui.dll,ascii,2169984,.?AV<lambda_1>@?4???$RegisterPropertyReadonly@VUXPShortcutEventPropertiesObject@scripting@dvauxpui@@V?$PropertyType@H@dvascripting@@P8123@EBAHXZ@definition@dvascripting@@YAXPEBDV?$PropertyType@H@2@$$QEAP8UXPShortcutEventPropertiesObject@scripting@dvauxpui@@EBAHXZW4ScriptObjectPropertyModifier@2@W4ItemThreadOption@2@0W4ScriptItemFlag@2@@Z@
dvauxpui.dll,ascii,2170352,.?AV<lambda_1>@?4???$RegisterPropertyReadonly@VUXPShortcutEventPropertiesObject@scripting@dvauxpui@@V?$PropertyType@_N@dvascripting@@P8123@EBA_NXZ@definition@dvascripting@@YAXPEBDV?$PropertyType@_N@2@$$QEAP8UXPShortcutEventPropertiesObject@scripting@dvauxpui@@EBA_NXZW4ScriptObjectPropertyModifier@2@W4ItemThreadOption@2@0W4ScriptItemFlag@2@@Z@
dvauxpui.dll,ascii,2170720,.?AVUXPViewEvent@scripting@dvauxpui@@
dvauxpui.dll,ascii,2170784,.?AV?$ScriptObjectDefinitionBaseT@VUXPViewEvent@scripting@dvauxpui@@@definition@dvascripting@@
dvauxpui.dll,ascii,2170960,.?AV<lambda_1>@?1??QueueEvent@UXPViewEvent@scripting@dvauxpui@@SAXHAEBV?$basic_string@DU?$char_traits@D@std@@V?$allocator@D@2@@std@@V?$basic_string@EU?$char_traits@E@std@@U?$STLAllocator@E@allocator@dvacore@@@6@@Z@
dvauxpui.dll,ascii,2171200,.?AV<lambda_1>@?4???$RegisterPropertyReadonly@VUXPViewEvent@scripting@dvauxpui@@V?$PropertyType@V?$basic_string@EU?$char_traits@E@std@@U?$STLAllocator@E@allocator@dvacore@@@std@@@dvascripting@@P8123@EBA?AV?$basic_string@EU?$char_traits@E@std@@U?$STLAllocator@E@allocator@dvacore@@@std@@XZ@definition@dvascripting@@YAXPEBDV?$PropertyType@V?$basic_string@EU?$char_traits@E@std@@U?$STLAllocator@E@allocator@dvacore@@@std@@@2@$$QEAP8UXPViewEvent@scripting@dvauxpui@@EBA?AV?$basic_string@EU?$char_traits@E@std@@U?$STLAllocator@E@allocator@dvacore@@@std@@XZW4ScriptObjectPropertyModifier@2@W4ItemThreadOption@2@0W4ScriptItemFlag@2@@Z@
dvauxpui.dll,ascii,2171856,.?AV?$ScriptObjectDefinitionBaseT@VUXPViewScriptObject@scripting@dvauxpui@@@definition@dvascripting@@
dvauxpui.dll,ascii,2171976,.?AVUXPViewScriptObject@scripting@dvauxpui@@
dvauxpui.dll,ascii,2172040,.?AVUXPHostViewInterface@dvauxpui@@
dvauxpui.dll,ascii,2172096,.?AV<lambda_1>@?4???$RegisterMethod@VUXPViewScriptObject@scripting@dvauxpui@@V?$PropertyType@_N@dvascripting@@V?$ParameterType@V?$basic_string@EU?$char_traits@E@std@@U?$STLAllocator@E@allocator@dvacore@@@std@@@5@V?$ParameterType@_N@5@P8123@EAA_NV?$basic_string@EU?$char_traits@E@std@@U?$STLAllocator@E@allocator@dvacore@@@std@@_N@Z@definition@dvascripting@@YAXPEBDV?$ParameterType@V?$basic_string@EU?$char_traits@E@std@@U?$STLAllocator@E@allocator@dvacore@@@std@@@2@V?$ParameterType@_N@2@V?$PropertyType@_N@2@$$QEAP8UXPViewScriptObject@scripting@dvauxpui@@EAA_NV?$basic_string@EU?$char_traits@E@std@@U?$STLAllocator@E@allocator@dvacore@@@std@@_N@ZW4ScriptObjectPropertyModifier@2@W4ItemThreadOption@2@0W4ScriptItemFlag@2@@Z@
dvauxpui.dll,ascii,2172848,.?AV<lambda_1>@?4???$RegisterMethod@VUXPViewScriptObject@scripting@dvauxpui@@V?$PropertyType@V?$basic_string@EU?$char_traits@E@std@@U?$STLAllocator@E@allocator@dvacore@@@std@@@dvascripting@@V?$ParameterType@V?$basic_string@EU?$char_traits@E@std@@U?$STLAllocator@E@allocator@dvacore@@@std@@@5@P8123@EAA?AV?$basic_string@EU?$char_traits@E@std@@U?$STLAllocator@E@allocator@dvacore@@@std@@V78@@Z@definition@dvascripting@@YAXPEBDV?$ParameterType@V?$basic_string@EU?$char_traits@E@std@@U?$STLAllocator@E@allocator@dvacore@@@std@@@2@V?$PropertyType@V?$basic_string@EU?$char_traits@E@std@@U?$STLAllocator@E@allocator@dvacore@@@std@@@2@$$QEAP8UXPViewScriptObject@scripting@dvauxpui@@EAA?AV?$basic_string@EU?$char_traits@E@std@@U?$STLAllocator@E@allocator@dvacore@@@std@@V89@@ZW4ScriptObjectPropertyModifier@2@W4ItemThreadOption@2@0W4ScriptItemFlag@2@@Z@
dvauxpui.dll,ascii,2173712,.?AV<lambda_1>@?4???$RegisterMethod@VUXPViewScriptObject@scripting@dvauxpui@@V?$PropertyType@_N@dvascripting@@V?$ParameterType@V?$basic_string@EU?$char_traits@E@std@@U?$STLAllocator@E@allocator@dvacore@@@std@@@5@P8123@EAA_NV?$basic_string@EU?$char_traits@E@std@@U?$STLAllocator@E@allocator@dvacore@@@std@@@Z@definition@dvascripting@@YAXPEBDV?$ParameterType@V?$basic_string@EU?$char_traits@E@std@@U?$STLAllocator@E@allocator@dvacore@@@std@@@2@V?$PropertyType@_N@2@$$QEAP8UXPViewScriptObject@scripting@dvauxpui@@EAA_NV?$basic_string@EU?$char_traits@E@std@@U?$STLAllocator@E@allocator@dvacore@@@std@@@ZW4ScriptObjectPropertyModifier@2@W4ItemThreadOption@2@0W4ScriptItemFlag@2@@Z@
dvauxpui.dll,ascii,2174512,.?AV<lambda_1>@?4??DoAcknowledge@RunUXPDialogEvent@?A0x06ef1ec5@dvauxpui@@QEAA_NAEBV?$basic_string@EU?$char_traits@E@std@@U?$STLAllocator@E@allocator@dvacore@@@std@@@Z@
dvauxpui.dll,ascii,2174704,.?AV?$ScriptObjectDefinitionBaseT@VRunUXPDialogEvent@?A0x06ef1ec5@dvauxpui@@@definition@dvascripting@@
dvauxpui.dll,ascii,2174824,.?AVRunUXPDialogEvent@?A0x06ef1ec5@dvauxpui@@
dvauxpui.dll,ascii,2174896,.?AV<lambda_1>@?1???$RegisterCommandClass@VRunUXPDialogCommand@?A0x06ef1ec5@@@CommandRegistry@console@dvacore@@YAXXZ@
dvauxpui.dll,ascii,2175040,.?AV<lambda_1>@?4???$RegisterMethod@VRunUXPDialogEvent@?A0x06ef1ec5@dvauxpui@@V?$PropertyType@_N@dvascripting@@V?$ParameterType@V?$basic_string@EU?$char_traits@E@std@@U?$STLAllocator@E@allocator@dvacore@@@std@@@5@P8123@EAA_NAEBV?$basic_string@EU?$char_traits@E@std@@U?$STLAllocator@E@allocator@dvacore@@@std@@@Z@definition@dvascripting@@YAXPEBDV?$ParameterType@V?$basic_string@EU?$char_traits@E@std@@U?$STLAllocator@E@allocator@dvacore@@@std@@@2@V?$PropertyType@_N@2@$$QEAP8RunUXPDialogEvent@?A0x06ef1ec5@dvauxpui@@EAA_NAEBV?$basic_string@EU?$char_traits@E@std@@U?$STLAllocator@E@allocator@dvacore@@@std@@@ZW4ScriptObjectPropertyModifier@2@W4ItemThreadOption@2@0W4ScriptItemFlag@2@@Z@
dvauxpui.dll,ascii,2175744,.?AV<lambda_1>@?4???$RegisterPropertyReadonly@VRunUXPDialogEvent@?A0x06ef1ec5@dvauxpui@@V?$PropertyType@V?$basic_string@EU?$char_traits@E@std@@U?$STLAllocator@E@allocator@dvacore@@@std@@@dvascripting@@P8123@EBA?AV?$basic_string@EU?$char_traits@E@std@@U?$STLAllocator@E@allocator@dvacore@@@std@@XZ@definition@dvascripting@@YAXPEBDV?$PropertyType@V?$basic_string@EU?$char_traits@E@std@@U?$STLAllocator@E@allocator@dvacore@@@std@@@2@$$QEAP8RunUXPDialogEvent@?A0x06ef1ec5@dvauxpui@@EBA?AV?$basic_string@EU?$char_traits@E@std@@U?$STLAllocator@E@allocator@dvacore@@@std@@XZW4ScriptObjectPropertyModifier@2@W4ItemThreadOption@2@0W4ScriptItemFlag@2@@Z@
dvauxpui.dll,ascii,2176408,.?AVUXPDialog@dialog@dvauxpui@@
dvauxpui.dll,ascii,2176464,.?AV<lambda_2>@?1??RunUXPDialog@dvauxpui@@YA?AV?$basic_string@EU?$char_traits@E@std@@U?$STLAllocator@E@allocator@dvacore@@@std@@AEBVImmutableString@utility@dvacore@@000@Z@
dvauxpui.dll,ascii,2176656,.?AV<lambda_1>@?1??RunUXPDialog@dvauxpui@@YA?AV?$basic_string@EU?$char_traits@E@std@@U?$STLAllocator@E@allocator@dvacore@@@std@@AEBVImmutableString@utility@dvacore@@000@Z@
dvauxpui.dll,ascii,2176848,.?AV<lambda_1>@?1??QueueEvent@RunUXPDialogEvent@?A0x06ef1ec5@dvauxpui@@SAXHPEBDAEBV?$basic_string@EU?$char_traits@E@std@@U?$STLAllocator@E@allocator@dvacore@@@std@@V?$function@$$A6AXAEBV?$basic_string@EU?$char_traits@E@std@@U?$STLAllocator@E@allocator@dvacore@@@std@@@Z@6@@Z@
dvauxpui.dll,ascii,2177144,.?AVCAtlException@ATL@@
dvauxpui.dll,ascii,2177520,.?AV<lambda_1>@?1??drawImage@?A0x62998fe3@ui@dvauxpui@@YAXPEAVDrawbot@drawbot@dvaui@@PEAVOSSurfaceInterface@67@MAEBV?$RectT@M@geom@dvacore@@@Z@
dvauxpui.dll,ascii,2177760,.?AV<lambda_1>@?1??DispatchDragDropEvent@RootLayoutView@ui@dvauxpui@@IEAAXAEAVOS_ReceiveData@datatransfer@dvaui@@AEBV?$PointT@M@geom@dvacore@@W4torq_drag_event_type@@@Z@
dvauxpui.dll,ascii,2177952,.?AV<lambda_1>@?1???0RootLayoutView@ui@dvauxpui@@QEAA@AEBVtorq_layout_container_delegate_ptr@api@torq@@@Z@
dvauxpui.dll,ascii,2178080,.?AU?$wrapexcept@Ubad_day_of_year@gregorian@boost@@@boost@@
dvauxpui.dll,ascii,2178224,.?AU?$wrapexcept@Ubad_month@gregorian@boost@@@boost@@
dvauxpui.dll,ascii,2178352,.?AU?$wrapexcept@Ubad_year@gregorian@boost@@@boost@@
dvauxpui.dll,ascii,2178480,.?AU?$wrapexcept@Ubad_weekday@gregorian@boost@@@boost@@
dvauxpui.dll,ascii,2178608,.?AV<lambda_1>@?A0x85aefe78@dvauxpui@@
dvauxpui.dll,ascii,2178672,.?AV<lambda_1>@?1???R0?A0x85aefe78@dvauxpui@@QEBA@XZ@
dvauxpui.dll,ascii,2178752,.?AU?$wrapexcept@Ubad_day_of_month@gregorian@boost@@@boost@@
dvauxpui.dll,ascii,2178832,.?AVclone_base@exception_detail@boost@@
dvauxpui.dll,ascii,2179024,.?AVexception@boost@@
dvauxpui.dll,ascii,2179064,.?AU?$wrapexcept@Vruntime_error@std@@@boost@@
dvauxpui.dll,ascii,2179128,.?AU?$wrapexcept@Vout_of_range@std@@@boost@@
dvauxpui.dll,ascii,2179288,.?AV<lambda_1>@?A0x842a5ba7@dialog@dvauxpui@@
dvauxpui.dll,ascii,2179360,.?AV<lambda_1>@?1???R0?A0x842a5ba7@dialog@dvauxpui@@QEBA@XZ@
dvauxpui.dll,ascii,2179440,.?AV<lambda_1>@?1??OnViewStarting@UXPDialog@dialog@dvauxpui@@EEAAXXZ@
dvauxpui.dll,ascii,2179536,.?AV<lambda_1>@?7??SetUXPInstance@UXPDialog@dialog@dvauxpui@@UEAAXAEBVImmutableString@utility@dvacore@@AEBV?$shared_ptr@VUXPInstance@dvauxphost@@@std@@PEAVUI_Node@ui@dvaui@@@Z@
dvauxpui.dll,ascii,2179744,.?AV<lambda_1>@?1??CreateHostView@UXPDialog@dialog@dvauxpui@@UEAAPEAVUI_SubView@ui@dvaui@@XZ@
dvauxpui.dll,ascii,2179856,.?AV<lambda_2>@?1??Create@UXPDialog@dialog@dvauxpui@@SA?AV?$IntrusivePtr@VUXPDialog@dialog@dvauxpui@@@RefCountedInterface@utility@dvacore@@AEBVImmutableString@78@AEBV?$shared_ptr@VUXPInstance@dvauxphost@@@std@@_N@Z@
dvauxpui.dll,ascii,2180096,.?AV<lambda_1>@?1??Create@UXPDialog@dialog@dvauxpui@@SA?AV?$IntrusivePtr@VUXPDialog@dialog@dvauxpui@@@RefCountedInterface@utility@dvacore@@AEBVImmutableString@78@AEBV?$shared_ptr@VUXPInstance@dvauxphost@@@std@@_N@Z@
dvauxpui.dll,ascii,2180384,.?AVUXPPanel@panel@dvauxpui@@
dvauxpui.dll,ascii,2180432,.?AV<lambda_1>@?4??DoViewDestroyingEvent@helper@dvauxpui@@YAXAEBV?$shared_ptr@VUXPInstance@dvauxphost@@@std@@PEAVUI_Node@ui@dvaui@@@Z@
dvauxpui.dll,ascii,2180592,.?AV<lambda_1>@?4??DoViewStartedEvent@helper@dvauxpui@@YAXAEBV?$shared_ptr@VUXPInstance@dvauxphost@@@std@@PEAVUI_Node@ui@dvaui@@@Z@
dvauxpui.dll,ascii,2180752,.?AV<lambda_1>@?M@??TryToDispatchCommandToUXP@helper@dvauxpui@@YA_NHH@Z@
dvauxpui.dll,ascii,2180960,.?AVUXPModelessWindow@modeless@dvauxpui@@
dvauxpui.dll,ascii,2181024,.?AV<lambda_1>@?7??SetUXPInstance@UXPModelessWindow@modeless@dvauxpui@@UEAAXAEBVImmutableString@utility@dvacore@@AEBV?$shared_ptr@VUXPInstance@dvauxphost@@@std@@PEAVUI_Node@ui@dvaui@@@Z@
dvauxpui.dll,ascii,2181424,.?AV?$_Binder@U_Unforced@std@@P6APEAVUI_Node@ui@dvaui@@AEBVImmutableString@utility@dvacore@@AEBV?$shared_ptr@VUXPInstance@dvauxphost@@@2@AEBV?$function@$$A6APEAVUXPPanel@panel@dvauxpui@@AEAVWorkspace@workspace@dvaworkspace@@AEBV?$basic_string@EU?$char_traits@E@std@@U?$STLAllocator@E@allocator@dvacore@@@std@@AEBV?$shared_ptr@VUXPInstance@dvauxphost@@@8@AEBVImmutableString@utility@dvacore@@AEBV?$shared_ptr@UWorkspaceState@?A0xce543912@@@8@@Z@2@AEBV?$function@$$A6AXPEAVTabPanel@workspace@dvaworkspace@@@Z@2@AEBV?$function@$$A6AXAEAVWorkspace@workspace@dvaworkspace@@PEAVTabPanel@23@AEBV?$shared_ptr@UWorkspaceState@?A0xce543912@@@std@@@Z@2@@ZAEBU?$_Ph@$00@2@AEBU?$_Ph@$01@2@A6APEAVUXPPanel@panel@dvauxpui@@AEAVWorkspace@workspace@dvaworkspace@@AEBV?$basic_string@EU?$char_traits@E@std@@U?$STLAllocator@E@allocator@dvacore@@@2@10AEBV?$shared_ptr@UWorkspaceState@?A0xce543912@@@2@@ZA6AXPEAVTabPanel@workspace@dvaworkspace@@@ZA6AX587@Z@std@@
dvauxpui.dll,ascii,2182384,.?AV?$_Binder@U_Unforced@std@@P6APEAVUI_Node@ui@dvaui@@AEBVImmutableString@utility@dvacore@@AEBV?$shared_ptr@VUXPInstance@dvauxphost@@@2@AEBV?$function@$$A6APEAVUXPPanel@panel@dvauxpui@@AEAVWorkspace@workspace@dvaworkspace@@AEBV?$basic_string@EU?$char_traits@E@std@@U?$STLAllocator@E@allocator@dvacore@@@std@@AEBV?$shared_ptr@VUXPInstance@dvauxphost@@@8@AEBVImmutableString@utility@dvacore@@AEBV?$shared_ptr@UWorkspaceState@?A0xce543912@@@8@@Z@2@AEBV?$function@$$A6AXPEAVTabPanel@workspace@dvaworkspace@@@Z@2@AEBV?$function@$$A6AXAEAVWorkspace@workspace@dvaworkspace@@PEAVTabPanel@23@AEBV?$shared_ptr@UWorkspaceState@?A0xce543912@@@std@@@Z@2@@ZAEBU?$_Ph@$00@2@AEBU?$_Ph@$01@2@A6APEAVUXPPanel@panel@dvauxpui@@AEAVWorkspace@workspace@dvaworkspace@@AEBV?$basic_string@EU?$char_traits@E@std@@U?$STLAllocator@E@allocator@dvacore@@@2@10AEBV?$shared_ptr@UWorkspaceState@?A0xce543912@@@2@@Z$$TA6AX5PEAVTabPanel@workspace@dvaworkspace@@7@Z@std@@
dvauxpui.dll,ascii,2183744,.P6APEAVUXPPanel@panel@dvauxpui@@AEAVWorkspace@workspace@dvaworkspace@@AEBV?$basic_string@EU?$char_traits@E@std@@U?$STLAllocator@E@allocator@dvacore@@@std@@AEBV?$shared_ptr@VUXPInstance@dvauxphost@@@7@AEBVImmutableString@utility@dvacore@@AEBV?$shared_ptr@UWorkspaceState@?A0xce543912@@@7@@Z
dvauxpui.dll,ascii,2184352,.?AV<lambda_1>@?BP@??OnLoadExtensionCompletion@UXPPanel@panel@dvauxpui@@AEAAXAEBV?$shared_ptr@VUXPInstance@dvauxphost@@@std@@AEBHAEBV?$basic_string@_WU?$char_traits@_W@std@@U?$STLAllocator@_W@allocator@dvacore@@@6@HAEBVImmutableString@utility@dvacore@@@Z@
dvauxpui.dll,ascii,2184624,.?AV<lambda_1>@?BF@??OnLoadAndCreateHostView@UXPPanel@panel@dvauxpui@@AEAAXAEBV?$basic_string@EU?$char_traits@E@std@@U?$STLAllocator@E@allocator@dvacore@@@std@@00H@Z@
dvauxpui.dll,ascii,2184816,.?AV<lambda_1>@?BC@??DoLoadStateData@UXPPanel@panel@dvauxpui@@MEAAXPEBVPropList@proplist@dvacore@@@Z@
dvauxpui.dll,ascii,2184944,.?AV<lambda_2>@?BF@??SetUXPInstance@UXPPanel@panel@dvauxpui@@UEAAXAEBVImmutableString@utility@dvacore@@AEBV?$shared_ptr@VUXPInstance@dvauxphost@@@std@@PEAVUI_Node@ui@dvaui@@@Z@
dvauxpui.dll,ascii,2185152,.?AV<lambda_1>@?BF@??SetUXPInstance@UXPPanel@panel@dvauxpui@@UEAAXAEBVImmutableString@utility@dvacore@@AEBV?$shared_ptr@VUXPInstance@dvauxphost@@@std@@PEAVUI_Node@ui@dvaui@@@Z@
dvauxpui.dll,ascii,2185360,.?AV<lambda_1>@?BA@???R0?1??CreateHostView@UXPPanel@panel@dvauxpui@@UEAAPEAVUI_SubView@ui@dvaui@@XZ@QEBA@QEAVUI_Node@67@W4FocusChangeReason@67@@Z@
dvauxpui.dll,ascii,2185536,.?AV<lambda_1>@?1??CreateHostView@UXPPanel@panel@dvauxpui@@UEAAPEAVUI_SubView@ui@dvaui@@XZ@
dvauxpui.dll,ascii,2185760,.?AVUXPPopup@popup@dvauxpui@@
dvauxpui.dll,ascii,2185808,.?AV<lambda_1>@?1??CommitPopupAsync@UXPPopup@popup@dvauxpui@@IEAAXXZ@
dvauxpui.dll,ascii,2185904,.?AV<lambda_4>@?4??SetParent@UXPPopup@popup@dvauxpui@@MEAAXPEAVOS_Window@ui@dvaui@@@Z@
dvauxpui.dll,ascii,2186016,.?AV<lambda_1>@?N@???R<lambda_4>@?4??SetParent@UXPPopup@popup@dvauxpui@@MEAAXPEAVOS_Window@ui@dvaui@@@Z@QEBA@W4WindowActivation@UI_Node@78@@Z@
dvauxpui.dll,ascii,2186176,.?AV<lambda_3>@?4??SetParent@UXPPopup@popup@dvauxpui@@MEAAXPEAVOS_Window@ui@dvaui@@@Z@
dvauxpui.dll,ascii,2186288,.?AV<lambda_2>@?4??SetParent@UXPPopup@popup@dvauxpui@@MEAAXPEAVOS_Window@ui@dvaui@@@Z@
dvauxpui.dll,ascii,2186400,.?AV<lambda_1>@?4??SetParent@UXPPopup@popup@dvauxpui@@MEAAXPEAVOS_Window@ui@dvaui@@@Z@
dvauxpui.dll,ascii,2186512,.?AV<lambda_1>@?7??SetUXPInstance@UXPPopup@popup@dvauxpui@@UEAAXAEBVImmutableString@utility@dvacore@@AEBV?$shared_ptr@VUXPInstance@dvauxphost@@@std@@PEAVUI_Node@ui@dvaui@@@Z@
dvauxpui.dll,ascii,2186704,.?AV<lambda_1>@?1???0UXPPopup@popup@dvauxpui@@QEAA@AEBV?$shared_ptr@VUXPInstance@dvauxphost@@@std@@@Z@
dvauxpui.dll,ascii,2186832,.?AV<lambda_2_>@?0???0UXPPopup@popup@dvauxpui@@QEAA@AEBV?$shared_ptr@VUXPInstance@dvauxphost@@@std@@@Z@
dvauxpui.dll,ascii,2187008,.?AV<lambda_3>@?1??GetThemeInfo@UXPThemeManager@?A0xb051f1f8@dvauxpui@@QEAA?AUUIThemeInfo@dvauxphost@@XZ@
dvauxpui.dll,ascii,2187136,.?AV<lambda_2>@?1??GetThemeInfo@UXPThemeManager@?A0xb051f1f8@dvauxpui@@QEAA?AUUIThemeInfo@dvauxphost@@XZ@
dvauxpui.dll,ascii,2187264,.?AV<lambda_1>@?1??GetThemeInfo@UXPThemeManager@?A0xb051f1f8@dvauxpui@@QEAA?AUUIThemeInfo@dvauxphost@@XZ@
dvauxpui.dll,ascii,2187904,.?AV<lambda_2>@?A0xb051f1f8@dvauxpui@@
dvauxpui.dll,ascii,2187960,.?AV<lambda_1>@?A0xb051f1f8@dvauxpui@@
dvauxpui.dll,ascii,2188016,.?AV?$_Binder@U_Unforced@std@@P8UXPThemeChangedFunctionRegistrar@?A0xb051f1f8@dvauxpui@@EAAXXZPEAV345@@std@@
dvauxpui.dll,ascii,2188144,.?AUMessageNameForViewDestroyedMessage@dvauxphost@@
dvauxpui.dll,ascii,2188224,.?AUMessageNameForViewCreatedMessage@dvauxphost@@
dvauxpui.dll,ascii,2188304,.?AV<lambda_2>@?A0x8070529d@unifiedheader@dvauxpui@@
dvauxpui.dll,ascii,2188384,.?AV<lambda_1>@?A0x8070529d@unifiedheader@dvauxpui@@
dvauxpui.dll,ascii,2188880,.?AU?$wrapexcept@Vbad_function_call@boost@@@boost@@
dvauxpui.dll,ascii,2190000,.?AVCustomDrawnImageView@dvauxpui@@
dvauxpui.dll,ascii,2191048,.?AVBackgroundView@adapters@dvauxpui@@
dvauxpui.dll,ascii,2191104,.?AVView@adapters@dvauxpui@@
dvauxpui.dll,ascii,2191152,.?AV?$ref_counted@VView@adapters@dvauxpui@@@api_impl@torq@@
dvauxpui.dll,ascii,2192104,.?AVButtonView@adapters@dvauxpui@@
dvauxpui.dll,ascii,2192160,.?AVImageLoader@adapters@dvauxpui@@
dvauxpui.dll,ascii,2192224,.?AV?$ref_counted@VImageLoader@adapters@dvauxpui@@@api_impl@torq@@
dvauxpui.dll,ascii,2192312,.?AVUI_TextButton@ui@dvauxpui@@
dvauxpui.dll,ascii,2192480,.?AVUI_PictureButton@ui@dvauxpui@@
dvauxpui.dll,ascii,2192632,.?AVUI_PictureTextButton@ui@dvauxpui@@
dvauxpui.dll,ascii,2192880,.?AV?$_Func_impl_no_alloc@V<lambda_1>@?1??CreateView@ButtonView@adapters@dvauxpui@@UEAA?AV?$IntrusivePtr@VUI_SubView@ui@dvaui@@@RefCountedInterface@utility@dvacore@@XZ@XPEAVUI_PictureSupplyMessage@controls@dvaui@@@std@@
dvauxpui.dll,ascii,2194416,.?AV?$_Func_impl_no_alloc@V<lambda_1>@?1??BindMessageFunction@?$BindMessageFunction_Impl@VButtonView@adapters@dvauxpui@@VUI_ButtonChangedMessage@controls@dvaui@@X@ui@dvaui@@SA?AV?$shared_ptr@V?$function@$$A6AXPEAVMessage@ui@dvaui@@@Z@std@@@std@@P8ButtonView@adapters@dvauxpui@@EAAXPEAVUI_ButtonChangedMessage@controls@5@@ZPEAV89dvauxpui@@@Z@XPEAVMessage@45@@std@@
dvauxpui.dll,ascii,2194800,.?AVCheckboxView@adapters@dvauxpui@@
dvauxpui.dll,ascii,2194856,.?AVUI_Checkbox@ui@dvauxpui@@
dvauxpui.dll,ascii,2195008,.?AV?$_Func_impl_no_alloc@V<lambda_1>@?1??CreateView@CheckboxView@adapters@dvauxpui@@UEAA?AV?$IntrusivePtr@VUI_SubView@ui@dvaui@@@RefCountedInterface@utility@dvacore@@XZ@XPEAVMessage@ui@dvaui@@@std@@
dvauxpui.dll,ascii,2195224,.?AVContentClipView@adapters@dvauxpui@@
dvauxpui.dll,ascii,2195488,.?AV?$_Func_impl_no_alloc@V<lambda_1>@?1??CreateView@ContentClipView@adapters@dvauxpui@@UEAA?AV?$IntrusivePtr@VUI_SubView@ui@dvaui@@@RefCountedInterface@utility@dvacore@@XZ@_NPEBVUI_Node@ui@dvaui@@PEAVDrawbot@drawbot@dvaui@@@std@@
dvauxpui.dll,ascii,2195792,.?AV?$_Func_impl_no_alloc@V<lambda_1>@?1??popupAt@ContextMenu@adapters@dvauxpui@@QEAAXNN@Z@X$$V@std@@
dvauxpui.dll,ascii,2196152,.?AVDialog@adapters@dvauxpui@@
dvauxpui.dll,ascii,2196208,.?AV?$ref_counted@VDialog@adapters@dvauxpui@@@api_impl@torq@@
dvauxpui.dll,ascii,2196912,.?AV?$_Func_impl_no_alloc@V<lambda_1>@?BA@???R1?1???0Dialog@adapters@dvauxpui@@QEAA@$$QEAVtorq_dialog_actions_delegate_ptr@api@torq@@AEBVtorq_string@67@AEBVtorq_create_dialog_options_ptr@67@@Z@QEBA@W4WindowActivation@UI_Node@ui@dvaui@@@Z@X$$V@std@@
dvauxpui.dll,ascii,2197184,.?AV?$_Func_impl_no_alloc@V<lambda_1>@?1???0Dialog@adapters@dvauxpui@@QEAA@$$QEAVtorq_dialog_actions_delegate_ptr@api@torq@@AEBVtorq_string@67@AEBVtorq_create_dialog_options_ptr@67@@Z@XW4WindowActivation@UI_Node@ui@dvaui@@@std@@
dvauxpui.dll,ascii,2197440,.?AV?$_Func_impl_no_alloc@V<lambda_2>@?1???0Dialog@adapters@dvauxpui@@QEAA@$$QEAVtorq_dialog_actions_delegate_ptr@api@torq@@AEBVtorq_string@67@AEBVtorq_create_dialog_options_ptr@67@@Z@X$$V@std@@
dvauxpui.dll,ascii,2197664,.?AV?$_Func_impl_no_alloc@V<lambda_3>@?1???0Dialog@adapters@dvauxpui@@QEAA@$$QEAVtorq_dialog_actions_delegate_ptr@api@torq@@AEBVtorq_string@67@AEBVtorq_create_dialog_options_ptr@67@@Z@_NW4Response@UI_DialogViewContainer@ui@dvaui@@@std@@
dvauxpui.dll,ascii,2197920,.?AV?$_Func_impl_no_alloc@V?$_Binder@U_Unforced@std@@P8Dialog@adapters@dvauxpui@@EAAXXZPEAV345@@std@@X$$V@std@@
dvauxpui.dll,ascii,2198048,.?AV?$_Func_impl_no_alloc@V<lambda_4>@?1???0Dialog@adapters@dvauxpui@@QEAA@$$QEAVtorq_dialog_actions_delegate_ptr@api@torq@@AEBVtorq_string@67@AEBVtorq_create_dialog_options_ptr@67@@Z@X$$V@std@@
dvauxpui.dll,ascii,2198272,.?AV?$_Func_impl_no_alloc@V<lambda_5>@?1???0Dialog@adapters@dvauxpui@@QEAA@$$QEAVtorq_dialog_actions_delegate_ptr@api@torq@@AEBVtorq_string@67@AEBVtorq_create_dialog_options_ptr@67@@Z@X$$V@std@@
dvauxpui.dll,ascii,2198496,.?AV?$_Func_impl_no_alloc@V<lambda_6>@?1???0Dialog@adapters@dvauxpui@@QEAA@$$QEAVtorq_dialog_actions_delegate_ptr@api@torq@@AEBVtorq_string@67@AEBVtorq_create_dialog_options_ptr@67@@Z@X$$V@std@@
dvauxpui.dll,ascii,2199256,.?AVFlyout@adapters@dvauxpui@@
dvauxpui.dll,ascii,2199584,.?AV?$_Func_impl_no_alloc@V<lambda_1>@?1???0Flyout@adapters@dvauxpui@@QEAA@$$QEAVtorq_dialog_actions_delegate_ptr@api@torq@@$$QEAVtorq_plugin_runtime_ref@67@AEBValpaca_view_context_ref@67@AEBValpaca_view_ref@67@@Z@X$$V@std@@
dvauxpui.dll,ascii,2199840,.?AV?$_Func_impl_no_alloc@V<lambda_2>@?1???0Flyout@adapters@dvauxpui@@QEAA@$$QEAVtorq_dialog_actions_delegate_ptr@api@torq@@$$QEAVtorq_plugin_runtime_ref@67@AEBValpaca_view_context_ref@67@AEBValpaca_view_ref@67@@Z@XV?$IntrusivePtr@VUI_Node@ui@dvaui@@@RefCountedInterface@utility@dvacore@@@std@@
dvauxpui.dll,ascii,2200160,.?AV?$_Func_impl_no_alloc@V<lambda_3>@?1???0Flyout@adapters@dvauxpui@@QEAA@$$QEAVtorq_dialog_actions_delegate_ptr@api@torq@@$$QEAVtorq_plugin_runtime_ref@67@AEBValpaca_view_context_ref@67@AEBValpaca_view_ref@67@@Z@XW4WindowActivation@UI_Node@ui@dvaui@@@std@@
dvauxpui.dll,ascii,2200448,.?AV?$_Func_impl_no_alloc@V<lambda_4>@?BC@???0Flyout@adapters@dvauxpui@@QEAA@$$QEAVtorq_dialog_actions_delegate_ptr@api@torq@@$$QEAVtorq_plugin_runtime_ref@67@AEBValpaca_view_context_ref@67@AEBValpaca_view_ref@67@@Z@X$$V@std@@
dvauxpui.dll,ascii,2200696,.?AVFocusView@adapters@dvauxpui@@
dvauxpui.dll,ascii,2200752,.?AVGraphics@adapters@dvauxpui@@
dvauxpui.dll,ascii,2200808,.?AVGraphicsView@ui@dvauxpui@@
dvauxpui.dll,ascii,2200864,.?AV?$_Func_impl_no_alloc@V<lambda_1>@?1???R1?1??LoadBuffer@ImageLoader@adapters@dvauxpui@@IEAAX$$QEAValpaca_image_ref@api@torq@@@Z@QEBA@XZ@X$$V@std@@
dvauxpui.dll,ascii,2201040,.?AV?$_Func_impl_no_alloc@V<lambda_1>@?1??LoadBuffer@ImageLoader@adapters@dvauxpui@@IEAAX$$QEAValpaca_image_ref@api@torq@@@Z@X$$V@std@@
dvauxpui.dll,ascii,2201192,.?AVImageView@adapters@dvauxpui@@
dvauxpui.dll,ascii,2201248,.?AV?$_Func_impl_no_alloc@V<lambda_1>@?1??CreateView@ImageView@adapters@dvauxpui@@UEAA?AV?$IntrusivePtr@VUI_SubView@ui@dvaui@@@RefCountedInterface@utility@dvacore@@XZ@XPEAVUI_PictureSupplyMessage@controls@dvaui@@@std@@
dvauxpui.dll,ascii,2201488,.?AVLayoutContainer@adapters@dvauxpui@@
dvauxpui.dll,ascii,2201552,.?AV?$_Func_impl_no_alloc@V<lambda_1>@?4??requestLayout@LayoutContainer@adapters@dvauxpui@@UEAAXXZ@X$$V@std@@
dvauxpui.dll,ascii,2201728,.?AVPlatformView@adapters@dvauxpui@@
dvauxpui.dll,ascii,2201792,.?AV?$_Func_impl_no_alloc@V<lambda_1>@?1???0PlatformView@adapters@dvauxpui@@QEAA@$$QEAVtorq_platform_view_delegate_ptr@api@torq@@@Z@_NPEBVUI_Node@ui@dvaui@@PEAVDrawbot@drawbot@dvaui@@@std@@
dvauxpui.dll,ascii,2202272,.?AVProgressView@adapters@dvauxpui@@
dvauxpui.dll,ascii,2202328,.?AVRadioView@adapters@dvauxpui@@
dvauxpui.dll,ascii,2202384,.?AVUI_RadioButton@ui@dvauxpui@@
dvauxpui.dll,ascii,2202448,.?AV?$_Func_impl_no_alloc@V<lambda_1>@?1??CreateView@RadioView@adapters@dvauxpui@@UEAA?AV?$IntrusivePtr@VUI_SubView@ui@dvaui@@@RefCountedInterface@utility@dvacore@@XZ@XPEAVMessage@ui@dvaui@@@std@@
dvauxpui.dll,ascii,2202664,.?AVScrollSubView@adapters@dvauxpui@@
dvauxpui.dll,ascii,2202720,.?AVScrollView@adapters@dvauxpui@@
dvauxpui.dll,ascii,2202784,.?AV?$_Func_impl_no_alloc@V<lambda_1>@?1??BindMessageFunction@?$BindMessageFunction_Impl@VScrollView@adapters@dvauxpui@@VUI_InteractiveControlChangedMessage@controls@dvaui@@X@ui@dvaui@@SA?AV?$shared_ptr@V?$function@$$A6AXPEAVMessage@ui@dvaui@@@Z@std@@@std@@P8ScrollView@adapters@dvauxpui@@EAAXPEAVUI_InteractiveControlChangedMessage@controls@5@@ZPEAV89dvauxpui@@@Z@XPEAVMessage@45@@std@@
dvauxpui.dll,ascii,2203192,.?AVSelectView@adapters@dvauxpui@@
dvauxpui.dll,ascii,2203248,.?AVUI_Popup@ui@dvauxpui@@
dvauxpui.dll,ascii,2203296,.?AV?$_Func_impl_no_alloc@V<lambda_1>@?1??CreateView@SelectView@adapters@dvauxpui@@UEAA?AV?$IntrusivePtr@VUI_SubView@ui@dvaui@@@RefCountedInterface@utility@dvacore@@XZ@XPEAVMessage@ui@dvaui@@@std@@
dvauxpui.dll,ascii,2203784,.?AVSliderView@adapters@dvauxpui@@
dvauxpui.dll,ascii,2203840,.?AVUI_Slider@ui@dvauxpui@@
dvauxpui.dll,ascii,2204016,.?AV?$_Func_impl_no_alloc@V<lambda_1>@?1??BindMessageFunction@?$BindMessageFunction_Impl@VSliderView@adapters@dvauxpui@@VUI_InteractiveControlChangedMessage@controls@dvaui@@X@ui@dvaui@@SA?AV?$shared_ptr@V?$function@$$A6AXPEAVMessage@ui@dvaui@@@Z@std@@@std@@P8SliderView@adapters@dvauxpui@@EAAXPEAVUI_InteractiveControlChangedMessage@controls@5@@ZPEAV89dvauxpui@@@Z@XPEAVMessage@45@@std@@
dvauxpui.dll,ascii,2204952,.?AVTextEditView@adapters@dvauxpui@@
dvauxpui.dll,ascii,2205008,.?AVUI_NumberEdit@ui@dvauxpui@@
dvauxpui.dll,ascii,2205216,.?AVUI_TextEdit@ui@dvauxpui@@
dvauxpui.dll,ascii,2206784,.?AV?$_Func_impl_no_alloc@V<lambda_1>@?1??CreateView@TextEditView@adapters@dvauxpui@@UEAA?AV?$IntrusivePtr@VUI_SubView@ui@dvaui@@@RefCountedInterface@utility@dvacore@@XZ@XPEAVMessage@ui@dvaui@@@std@@
dvauxpui.dll,ascii,2207008,.?AV?$_Func_impl_no_alloc@V<lambda_2>@?1??CreateView@TextEditView@adapters@dvauxpui@@UEAA?AV?$IntrusivePtr@VUI_SubView@ui@dvaui@@@RefCountedInterface@utility@dvacore@@XZ@_NW4ClipboardAction@controls@dvaui@@AEBV?$basic_string@_WU?$char_traits@_W@std@@U?$STLAllocator@_W@allocator@dvacore@@@std@@@std@@
dvauxpui.dll,ascii,2207328,.?AV?$_Func_impl_no_alloc@V<lambda_3>@?1??CreateView@TextEditView@adapters@dvauxpui@@UEAA?AV?$IntrusivePtr@VUI_SubView@ui@dvaui@@@RefCountedInterface@utility@dvacore@@XZ@XAEBU?$pair@_K_K@std@@@std@@
dvauxpui.dll,ascii,2207600,.?AVTextView@adapters@dvauxpui@@
dvauxpui.dll,ascii,2207656,.?AVToggleImageView@adapters@dvauxpui@@
dvauxpui.dll,ascii,2207712,.?AV?$_Func_impl_no_alloc@V<lambda_1>@?1??CreateView@ToggleImageView@adapters@dvauxpui@@UEAA?AV?$IntrusivePtr@VUI_SubView@ui@dvaui@@@RefCountedInterface@utility@dvacore@@XZ@XPEAVMessage@ui@dvaui@@@std@@
dvauxpui.dll,ascii,2209104,.?AV?$_Func_impl_no_alloc@V<lambda_1>@?BI@??SetView@View@adapters@dvauxpui@@QEAAXV?$IntrusivePtr@VUI_SubView@ui@dvaui@@@RefCountedInterface@utility@dvacore@@W4EventHandlerFlags@345@@Z@XPEAVUI_Node@ui@dvaui@@W4FocusChangeReason@ui@dvaui@@@std@@
dvauxpui.dll,ascii,2209376,.?AV?$_Func_impl_no_alloc@V<lambda_2>@?BL@??SetView@View@adapters@dvauxpui@@QEAAXV?$IntrusivePtr@VUI_SubView@ui@dvaui@@@RefCountedInterface@utility@dvacore@@W4EventHandlerFlags@345@@Z@_NPEAVUI_Node@ui@dvaui@@AEBVMouseEvent@ui@dvaui@@AEA_N@std@@
dvauxpui.dll,ascii,2209648,.?AV?$_Func_impl_no_alloc@V<lambda_3>@?BL@??SetView@View@adapters@dvauxpui@@QEAAXV?$IntrusivePtr@VUI_SubView@ui@dvaui@@@RefCountedInterface@utility@dvacore@@W4EventHandlerFlags@345@@Z@_NPEAVUI_Node@ui@dvaui@@AEBVMouseEvent@ui@dvaui@@AEA_N@std@@
dvauxpui.dll,ascii,2209920,.?AV?$_Func_impl_no_alloc@V<lambda_4>@?BL@??SetView@View@adapters@dvauxpui@@QEAAXV?$IntrusivePtr@VUI_SubView@ui@dvaui@@@RefCountedInterface@utility@dvacore@@W4EventHandlerFlags@345@@Z@_NPEAVUI_Node@ui@dvaui@@AEBVKeyboardEvent@ui@dvaui@@AEA_N@std@@
dvauxpui.dll,ascii,2210192,.?AV?$_Func_impl_no_alloc@V<lambda_5>@?BL@??SetView@View@adapters@dvauxpui@@QEAAXV?$IntrusivePtr@VUI_SubView@ui@dvaui@@@RefCountedInterface@utility@dvacore@@W4EventHandlerFlags@345@@Z@_NPEAVUI_Node@ui@dvaui@@AEBV?$PointT@M@geom@9@V?$Flags@E@89@AEA_N@std@@
dvauxpui.dll,ascii,2210464,.?AVObjectWidgetDelegateBase@adapters@custom@dvauxpui@@
dvauxpui.dll,ascii,2210544,.?AV?$ref_counted@VObjectWidgetDelegateBase@adapters@custom@dvauxpui@@@api_impl@torq@@
dvauxpui.dll,ascii,2210656,.?AVCustomButtonViewDelegate@adapters@custom@dvauxpui@@
dvauxpui.dll,ascii,2210816,.?AV?$_Ref_count_obj2@V?$function@$$A6AXV?$shared_ptr@VContext@seal_napi@torq@@@std@@Vtorq_plugin_runtime_ref@api@torq@@@Z@std@@@std@@
dvauxpui.dll,ascii,2210976,.?AV?$_Func_base@XV?$shared_ptr@VContext@seal_napi@torq@@@std@@Vtorq_plugin_runtime_ref@api@torq@@@std@@
dvauxpui.dll,ascii,2211104,.?AV?$_Func_impl_no_alloc@V<lambda_1>@?1???R1?1??GetCustomNodeRegFxn@CustomButtonViewDelegate@adapters@custom@dvauxpui@@SA?AV?$shared_ptr@V?$function@$$A6AXV?$shared_ptr@VContext@seal_napi@torq@@@std@@Vtorq_plugin_runtime_ref@api@torq@@@Z@std@@@std@@XZ@QEBA@V?$shared_ptr@VContext@seal_napi@torq@@@8@Vtorq_plugin_runtime_ref@api@torq@@@Z@PEAUnapi_value__@@PEAUnapi_env__@@@std@@
dvauxpui.dll,ascii,2211504,.?AV?$_Func_impl_no_alloc@V<lambda_1>@?1??GetCustomNodeRegFxn@CustomButtonViewDelegate@adapters@custom@dvauxpui@@SA?AV?$shared_ptr@V?$function@$$A6AXV?$shared_ptr@VContext@seal_napi@torq@@@std@@Vtorq_plugin_runtime_ref@api@torq@@@Z@std@@@std@@XZ@XV?$shared_ptr@VContext@seal_napi@torq@@@8@Vtorq_plugin_runtime_ref@api@torq@@@std@@
dvauxpui.dll,ascii,2211856,.?AV?$_Func_impl_no_alloc@V<lambda_1>@?1??BindMessageFunction@?$BindMessageFunction_Impl@VCustomButtonViewDelegate@adapters@custom@dvauxpui@@VUI_ControlChangedMessage@controls@dvaui@@X@ui@dvaui@@SA?AV?$shared_ptr@V?$function@$$A6AXPEAVMessage@ui@dvaui@@@Z@std@@@std@@P8CustomButtonViewDelegate@adapters@custom@dvauxpui@@EAAXPEAVUI_ControlChangedMessage@controls@5@@ZPEAV89custom@dvauxpui@@@Z@XPEAVMessage@45@@std@@
dvauxpui.dll,ascii,2212288,.?AVCustomControlViewDelegate@adapters@custom@dvauxpui@@
dvauxpui.dll,ascii,2212464,.?AV?$_Func_impl_no_alloc@V<lambda_1>@?1???R1?1??GetCustomNodeRegFxn@CustomControlViewDelegate@adapters@custom@dvauxpui@@SA?AV?$shared_ptr@V?$function@$$A6AXV?$shared_ptr@VContext@seal_napi@torq@@@std@@Vtorq_plugin_runtime_ref@api@torq@@@Z@std@@@std@@XZ@QEBA@V?$shared_ptr@VContext@seal_napi@torq@@@8@Vtorq_plugin_runtime_ref@api@torq@@@Z@PEAUnapi_value__@@PEAUnapi_env__@@@std@@
dvauxpui.dll,ascii,2212864,.?AV?$_Func_impl_no_alloc@V?$_Binder@U_Unforced@std@@P8CustomControlViewDelegate@adapters@custom@dvauxpui@@EAAXPEAVUI_ControlChangedMessage@controls@dvaui@@Valpaca_view_weak_ref@api@torq@@@ZPEAV3456@AEBU?$_Ph@$00@2@AEAValpaca_view_weak_ref@api@torq@@@std@@XPEAVUI_ControlChangedMessage@controls@dvaui@@@std@@
dvauxpui.dll,ascii,2213440,.?AV?$_Func_impl_no_alloc@V<lambda_1>@?1??GetCustomNodeRegFxn@CustomControlViewDelegate@adapters@custom@dvauxpui@@SA?AV?$shared_ptr@V?$function@$$A6AXV?$shared_ptr@VContext@seal_napi@torq@@@std@@Vtorq_plugin_runtime_ref@api@torq@@@Z@std@@@std@@XZ@XV?$shared_ptr@VContext@seal_napi@torq@@@8@Vtorq_plugin_runtime_ref@api@torq@@@std@@
dvauxpui.dll,ascii,2213792,.?AVCustomTextViewDelegate@adapters@custom@dvauxpui@@
dvauxpui.dll,ascii,2213872,.?AV?$_Func_impl_no_alloc@V<lambda_1>@?1???R1?1??GetCustomNodeRegFxn@CustomTextViewDelegate@adapters@custom@dvauxpui@@SA?AV?$shared_ptr@V?$function@$$A6AXV?$shared_ptr@VContext@seal_napi@torq@@@std@@Vtorq_plugin_runtime_ref@api@torq@@@Z@std@@@std@@XZ@QEBA@V?$shared_ptr@VContext@seal_napi@torq@@@8@Vtorq_plugin_runtime_ref@api@torq@@@Z@PEAUnapi_value__@@PEAUnapi_env__@@@std@@
dvauxpui.dll,ascii,2214272,.?AV?$_Func_impl_no_alloc@V<lambda_1>@?1??GetCustomNodeRegFxn@CustomTextViewDelegate@adapters@custom@dvauxpui@@SA?AV?$shared_ptr@V?$function@$$A6AXV?$shared_ptr@VContext@seal_napi@torq@@@std@@Vtorq_plugin_runtime_ref@api@torq@@@Z@std@@@std@@XZ@XV?$shared_ptr@VContext@seal_napi@torq@@@8@Vtorq_plugin_runtime_ref@api@torq@@@std@@
dvauxpui.dll,ascii,2214624,.?AVObjectView@adapters@custom@dvauxpui@@
dvauxpui.dll,ascii,2214688,.?AV?$enable_shared_from_this@VObjectView@adapters@custom@dvauxpui@@@std@@
dvauxpui.dll,ascii,2215056,.?AVLoaderDelegateAttachment@dvauxphost@@
dvauxpui.dll,ascii,2215168,.?AVDVAUXPStarterExtensionAttachment@?A0xaca3aa20@@
dvauxpui.dll,ascii,2215248,.?AV?$_Func_base@V?$shared_ptr@VLoaderDelegateAttachment@dvauxphost@@@std@@AEBVUXPDescriptor@dvauxphost@@@std@@
dvauxpui.dll,ascii,2215376,.?AV?$_Ref_count_obj2@VDVAUXPStarterExtensionAttachment@?A0xaca3aa20@@@std@@
dvauxpui.dll,ascii,2215536,.?AV?$_Func_impl_no_alloc@P6A?AV?$shared_ptr@VLoaderDelegateAttachment@dvauxphost@@@std@@AEBVUXPDescriptor@dvauxphost@@@ZV12@AEBV34@@std@@
dvauxpui.dll,ascii,2215696,.?AV?$_Func_impl_no_alloc@V<lambda_1>@custom@dvauxpui@@_N$$V@std@@
dvauxpui.dll,ascii,2215792,.?AV?$_Func_impl_no_alloc@V<lambda_2>@custom@dvauxpui@@X$$V@std@@
dvauxpui.dll,ascii,2215880,.?AVICustomNodeMgr@custom@dvauxpui@@
dvauxpui.dll,ascii,2215936,.?AVCustomNodeMgr@custom@dvauxpui@@
dvauxpui.dll,ascii,2216000,.?AV?$_Func_base@PEAVUI_Node@ui@dvaui@@AEBVImmutableString@utility@dvacore@@AEBV?$shared_ptr@VUXPInstance@dvauxphost@@@std@@AEBQEAV123@@std@@
dvauxpui.dll,ascii,2216416,.?AV?$_Func_impl_no_alloc@P6APEAVUI_Node@ui@dvaui@@AEBVImmutableString@utility@dvacore@@AEBV?$shared_ptr@VUXPInstance@dvauxphost@@@std@@AEBQEAV123@@ZPEAV123@AEBV456@AEBV78@AEBQEAV123@@std@@
dvauxpui.dll,ascii,2216880,.?AV?$_Func_impl_no_alloc@V<lambda_1>@?A0x984641cc@dvauxpui@@_N$$V@std@@
dvauxpui.dll,ascii,2216976,.?AV?$_Func_impl_no_alloc@V<lambda_2>@?A0x984641cc@dvauxpui@@X$$V@std@@
dvauxpui.dll,ascii,2217072,.?AV?$ScriptObjectDefinitionInitiator@VUXPPopupScriptObject@dvauxpui@@@factory@dvascripting@@
dvauxpui.dll,ascii,2217264,.?AV?$ScriptObjectDefinition@VUXPPopupScriptObject@dvauxpui@@@definition@dvascripting@@
dvauxpui.dll,ascii,2217536,.?AV?$ScriptItemDefinition@VUXPPopupScriptObject@dvauxpui@@@definition@dvascripting@@
dvauxpui.dll,ascii,2217728,.?AV?$_Func_base@XPEBV?$vector@V?$shared_ptr@Vany@std@@@std@@U?$STLAllocator@V?$shared_ptr@Vany@std@@@std@@@allocator@dvacore@@@std@@PEAV?$unordered_map@V?$basic_string@EU?$char_traits@E@std@@U?$STLAllocator@E@allocator@dvacore@@@std@@V?$shared_ptr@Vany@std@@@2@U?$hash@V?$basic_string@EU?$char_traits@E@std@@U?$STLAllocator@E@allocator@dvacore@@@std@@@2@U?$equal_to@V?$basic_string@EU?$char_traits@E@std@@U?$STLAllocator@E@allocator@dvacore@@@std@@@2@U?$STLAllocator@U?$pair@$$CBV?$basic_string@EU?$char_traits@E@std@@U?$STLAllocator@E@allocator@dvacore@@@std@@V?$shared_ptr@Vany@std@@@2@@std@@@allocator@dvacore@@@2@PEAVUXPPopupScriptObject@dvauxpui@@@std@@
dvauxpui.dll,ascii,2218416,.?AV?$_Func_impl_no_alloc@V<lambda_1>@?4???$RegisterMethod@VUXPPopupScriptObject@dvauxpui@@V?$PropertyType@_N@dvascripting@@V?$ParameterType@_N@4@P812@EBA_N_N@Z@definition@dvascripting@@YAXPEBDV?$ParameterType@_N@3@V?$PropertyType@_N@3@$$QEAP8UXPPopupScriptObject@dvauxpui@@EBA_N_N@ZW4ScriptObjectPropertyModifier@3@W4ItemThreadOption@3@0W4ScriptItemFlag@3@@Z@XPEBV?$vector@V?$shared_ptr@Vany@std@@@std@@U?$STLAllocator@V?$shared_ptr@Vany@std@@@std@@@allocator@dvacore@@@std@@PEAV?$unordered_map@V?$basic_string@EU?$char_traits@E@std@@U?$STLAllocator@E@allocator@dvacore@@@std@@V?$shared_ptr@Vany@std@@@2@U?$hash@V?$basic_string@EU?$char_traits@E@std@@U?$STLAllocator@E@allocator@dvacore@@@std@@@2@U?$equal_to@V?$basic_string@EU?$char_traits@E@std@@U?$STLAllocator@E@allocator@dvacore@@@std@@@2@U?$STLAllocator@U?$pair@$$CBV?$basic_string@EU?$char_traits@E@std@@U?$STLAllocator@E@allocator@dvacore@@@std@@V?$shared_ptr@Vany@std@@@2@@std@@@allocator@dvacore@@@std@@PEAV67@@std@@
dvauxpui.dll,ascii,2219424,.?AV?$ScriptObjectDefinitionInitiator@VUXPShortcutEventPropertiesObject@scripting@dvauxpui@@@factory@dvascripting@@
dvauxpui.dll,ascii,2219568,.?AV?$ScriptObjectDefinition@VUXPShortcutEventPropertiesObject@scripting@dvauxpui@@@definition@dvascripting@@
dvauxpui.dll,ascii,2219824,.?AV?$_Func_base@XAEBV?$IntrusivePtr@VUXPShortcutEventPropertiesObject@scripting@dvauxpui@@@RefCountedInterface@utility@dvacore@@@std@@
dvauxpui.dll,ascii,2219984,.?AV?$ScriptItemDefinition@VUXPShortcutEventPropertiesObject@scripting@dvauxpui@@@definition@dvascripting@@
dvauxpui.dll,ascii,2220112,.?AV?$_Func_base@XPEBV?$vector@V?$shared_ptr@Vany@std@@@std@@U?$STLAllocator@V?$shared_ptr@Vany@std@@@std@@@allocator@dvacore@@@std@@PEAV?$unordered_map@V?$basic_string@EU?$char_traits@E@std@@U?$STLAllocator@E@allocator@dvacore@@@std@@V?$shared_ptr@Vany@std@@@2@U?$hash@V?$basic_string@EU?$char_traits@E@std@@U?$STLAllocator@E@allocator@dvacore@@@std@@@2@U?$equal_to@V?$basic_string@EU?$char_traits@E@std@@U?$STLAllocator@E@allocator@dvacore@@@std@@@2@U?$STLAllocator@U?$pair@$$CBV?$basic_string@EU?$char_traits@E@std@@U?$STLAllocator@E@allocator@dvacore@@@std@@V?$shared_ptr@Vany@std@@@2@@std@@@allocator@dvacore@@@2@PEAVUXPShortcutEventPropertiesObject@scripting@dvauxpui@@@std@@
dvauxpui.dll,ascii,2220816,.?AV?$_Func_impl_no_alloc@V<lambda_1>@?1??CreateShortcutEventProperties@scripting@dvauxpui@@YA?AV?$IntrusivePtr@VScriptObject@dvascripting@@@RefCountedInterface@utility@dvacore@@AEBVUXPShortcutEventPropertiesObject@34@H@Z@XAEBV?$IntrusivePtr@VUXPShortcutEventPropertiesObject@scripting@dvauxpui@@@678@@std@@
dvauxpui.dll,ascii,2221152,.?AV?$_Func_impl_no_alloc@V<lambda_1>@?4???$RegisterPropertyReadonly@VUXPShortcutEventPropertiesObject@scripting@dvauxpui@@V?$PropertyType@_N@dvascripting@@P8123@EBA_NXZ@definition@dvascripting@@YAXPEBDV?$PropertyType@_N@3@$$QEAP8UXPShortcutEventPropertiesObject@scripting@dvauxpui@@EBA_NXZW4ScriptObjectPropertyModifier@3@W4ItemThreadOption@3@0W4ScriptItemFlag@3@@Z@XPEBV?$vector@V?$shared_ptr@Vany@std@@@std@@U?$STLAllocator@V?$shared_ptr@Vany@std@@@std@@@allocator@dvacore@@@std@@PEAV?$unordered_map@V?$basic_string@EU?$char_traits@E@std@@U?$STLAllocator@E@allocator@dvacore@@@std@@V?$shared_ptr@Vany@std@@@2@U?$hash@V?$basic_string@EU?$char_traits@E@std@@U?$STLAllocator@E@allocator@dvacore@@@std@@@2@U?$equal_to@V?$basic_string@EU?$char_traits@E@std@@U?$STLAllocator@E@allocator@dvacore@@@std@@@2@U?$STLAllocator@U?$pair@$$CBV?$basic_string@EU?$char_traits@E@std@@U?$STLAllocator@E@allocator@dvacore@@@std@@V?$shared_ptr@Vany@std@@@2@@std@@@allocator@dvacore@@@std@@PEAV567@@std@@
dvauxpui.dll,ascii,2222160,.?AV?$_Func_impl_no_alloc@V<lambda_1>@?4???$RegisterPropertyReadonly@VUXPShortcutEventPropertiesObject@scripting@dvauxpui@@V?$PropertyType@H@dvascripting@@P8123@EBAHXZ@definition@dvascripting@@YAXPEBDV?$PropertyType@H@3@$$QEAP8UXPShortcutEventPropertiesObject@scripting@dvauxpui@@EBAHXZW4ScriptObjectPropertyModifier@3@W4ItemThreadOption@3@0W4ScriptItemFlag@3@@Z@XPEBV?$vector@V?$shared_ptr@Vany@std@@@std@@U?$STLAllocator@V?$shared_ptr@Vany@std@@@std@@@allocator@dvacore@@@std@@PEAV?$unordered_map@V?$basic_string@EU?$char_traits@E@std@@U?$STLAllocator@E@allocator@dvacore@@@std@@V?$shared_ptr@Vany@std@@@2@U?$hash@V?$basic_string@EU?$char_traits@E@std@@U?$STLAllocator@E@allocator@dvacore@@@std@@@2@U?$equal_to@V?$basic_string@EU?$char_traits@E@std@@U?$STLAllocator@E@allocator@dvacore@@@std@@@2@U?$STLAllocator@U?$pair@$$CBV?$basic_string@EU?$char_traits@E@std@@U?$STLAllocator@E@allocator@dvacore@@@std@@V?$shared_ptr@Vany@std@@@2@@std@@@allocator@dvacore@@@std@@PEAV567@@std@@
dvauxpui.dll,ascii,2223168,.?AV?$_Func_impl_no_alloc@V<lambda_1>@?1???$CreateScriptObject@VUXPShortcutEventPropertiesObject@scripting@dvauxpui@@@utils@dvascripting@@YA?AV?$IntrusivePtr@VUXPShortcutEventPropertiesObject@scripting@dvauxpui@@@RefCountedInterface@utility@dvacore@@HV?$function@$$A6AXAEBV?$IntrusivePtr@VUXPShortcutEventPropertiesObject@scripting@dvauxpui@@@RefCountedInterface@utility@dvacore@@@Z@std@@@Z@XAEBV?$IntrusivePtr@VScriptObject@dvascripting@@@567@@std@@
dvauxpui.dll,ascii,2223648,.?AV?$ScriptObjectDefinitionInitiator@VUXPViewEvent@scripting@dvauxpui@@@factory@dvascripting@@
dvauxpui.dll,ascii,2223760,.?AV?$ScriptObjectDefinition@VUXPViewEvent@scripting@dvauxpui@@@definition@dvascripting@@
dvauxpui.dll,ascii,2224000,.?AV?$ScriptItemDefinition@VUXPViewEvent@scripting@dvauxpui@@@definition@dvascripting@@
dvauxpui.dll,ascii,2224112,.?AV?$_Func_base@XPEBV?$vector@V?$shared_ptr@Vany@std@@@std@@U?$STLAllocator@V?$shared_ptr@Vany@std@@@std@@@allocator@dvacore@@@std@@PEAV?$unordered_map@V?$basic_string@EU?$char_traits@E@std@@U?$STLAllocator@E@allocator@dvacore@@@std@@V?$shared_ptr@Vany@std@@@2@U?$hash@V?$basic_string@EU?$char_traits@E@std@@U?$STLAllocator@E@allocator@dvacore@@@std@@@2@U?$equal_to@V?$basic_string@EU?$char_traits@E@std@@U?$STLAllocator@E@allocator@dvacore@@@std@@@2@U?$STLAllocator@U?$pair@$$CBV?$basic_string@EU?$char_traits@E@std@@U?$STLAllocator@E@allocator@dvacore@@@std@@V?$shared_ptr@Vany@std@@@2@@std@@@allocator@dvacore@@@2@PEAVUXPViewEvent@scripting@dvauxpui@@@std@@
dvauxpui.dll,ascii,2224800,.?AV?$_Func_impl_no_alloc@V<lambda_1>@?1??QueueEvent@UXPViewEvent@scripting@dvauxpui@@SAXHAEBV?$basic_string@DU?$char_traits@D@std@@V?$allocator@D@2@@std@@V?$basic_string@EU?$char_traits@E@std@@U?$STLAllocator@E@allocator@dvacore@@@7@@Z@XV?$IntrusivePtr@VScriptEventObject@dvascripting@@@RefCountedInterface@utility@dvacore@@@std@@
dvauxpui.dll,ascii,2225152,.?AV?$_Func_impl_no_alloc@V<lambda_1>@?4???$RegisterPropertyReadonly@VUXPViewEvent@scripting@dvauxpui@@V?$PropertyType@V?$basic_string@EU?$char_traits@E@std@@U?$STLAllocator@E@allocator@dvacore@@@std@@@dvascripting@@P8123@EBA?AV?$basic_string@EU?$char_traits@E@std@@U?$STLAllocator@E@allocator@dvacore@@@std@@XZ@definition@dvascripting@@YAXPEBDV?$PropertyType@V?$basic_string@EU?$char_traits@E@std@@U?$STLAllocator@E@allocator@dvacore@@@std@@@3@$$QEAP8UXPViewEvent@scripting@dvauxpui@@EBA?AV?$basic_string@EU?$char_traits@E@std@@U?$STLAllocator@E@allocator@dvacore@@@std@@XZW4ScriptObjectPropertyModifier@3@W4ItemThreadOption@3@0W4ScriptItemFlag@3@@Z@XPEBV?$vector@V?$shared_ptr@Vany@std@@@std@@U?$STLAllocator@V?$shared_ptr@Vany@std@@@std@@@allocator@dvacore@@@9@PEAV?$unordered_map@V?$basic_string@EU?$char_traits@E@std@@U?$STLAllocator@E@allocator@dvacore@@@std@@V?$shared_ptr@Vany@std@@@2@U?$hash@V?$basic_string@EU?$char_traits@E@std@@U?$STLAllocator@E@allocator@dvacore@@@std@@@2@U?$equal_to@V?$basic_string@EU?$char_traits@E@std@@U?$STLAllocator@E@allocator@dvacore@@@std@@@2@U?$STLAllocator@U?$pair@$$CBV?$basic_string@EU?$char_traits@E@std@@U?$STLAllocator@E@allocator@dvacore@@@std@@V?$shar
dvauxpui.dll,ascii,2226432,.?AV?$ScriptObjectDefinitionInitiator@VUXPViewScriptObject@scripting@dvauxpui@@@factory@dvascripting@@
dvauxpui.dll,ascii,2226560,.?AV?$ScriptObjectDefinition@VUXPViewScriptObject@scripting@dvauxpui@@@definition@dvascripting@@
dvauxpui.dll,ascii,2226688,.?AV?$ScriptItemDefinition@VUXPViewScriptObject@scripting@dvauxpui@@@definition@dvascripting@@
dvauxpui.dll,ascii,2226800,.?AV?$_Func_base@XPEBV?$vector@V?$shared_ptr@Vany@std@@@std@@U?$STLAllocator@V?$shared_ptr@Vany@std@@@std@@@allocator@dvacore@@@std@@PEAV?$unordered_map@V?$basic_string@EU?$char_traits@E@std@@U?$STLAllocator@E@allocator@dvacore@@@std@@V?$shared_ptr@Vany@std@@@2@U?$hash@V?$basic_string@EU?$char_traits@E@std@@U?$STLAllocator@E@allocator@dvacore@@@std@@@2@U?$equal_to@V?$basic_string@EU?$char_traits@E@std@@U?$STLAllocator@E@allocator@dvacore@@@std@@@2@U?$STLAllocator@U?$pair@$$CBV?$basic_string@EU?$char_traits@E@std@@U?$STLAllocator@E@allocator@dvacore@@@std@@V?$shared_ptr@Vany@std@@@2@@std@@@allocator@dvacore@@@2@PEAVUXPViewScriptObject@scripting@dvauxpui@@@std@@
dvauxpui.dll,ascii,2227488,.?AV?$_Func_impl_no_alloc@V<lambda_1>@?4???$RegisterMethod@VUXPViewScriptObject@scripting@dvauxpui@@V?$PropertyType@_N@dvascripting@@V?$ParameterType@V?$basic_string@EU?$char_traits@E@std@@U?$STLAllocator@E@allocator@dvacore@@@std@@@5@P8123@EAA_NV?$basic_string@EU?$char_traits@E@std@@U?$STLAllocator@E@allocator@dvacore@@@std@@@Z@definition@dvascripting@@YAXPEBDV?$ParameterType@V?$basic_string@EU?$char_traits@E@std@@U?$STLAllocator@E@allocator@dvacore@@@std@@@3@V?$PropertyType@_N@3@$$QEAP8UXPViewScriptObject@scripting@dvauxpui@@EAA_NV?$basic_string@EU?$char_traits@E@std@@U?$STLAllocator@E@allocator@dvacore@@@std@@@ZW4ScriptObjectPropertyModifier@3@W4ItemThreadOption@3@0W4ScriptItemFlag@3@@Z@XPEBV?$vector@V?$shared_ptr@Vany@std@@@std@@U?$STLAllocator@V?$shared_ptr@Vany@std@@@std@@@allocator@dvacore@@@std@@PEAV?$unordered_map@V?$basic_string@EU?$char_traits@E@std@@U?$STLAllocator@E@allocator@dvacore@@@std@@V?$shared_ptr@Vany@std@@@2@U?$hash@V?$basic_string@EU?$char_traits@E@std@@U?$STLAllocator@E@allocator@dvacore@@@std@@@2@U?$equal_to@V?$basic_string@EU?$char_traits@E@std@@U?$STLAllocator@E@allocator@dvacore@@@std@@@2@U?$STLAllocator@U?$pair@$$CBV?$basic_string@EU?$char_traits@E@std@
dvauxpui.dll,ascii,2228832,.?AV?$_Func_impl_no_alloc@V<lambda_1>@?4???$RegisterMethod@VUXPViewScriptObject@scripting@dvauxpui@@V?$PropertyType@V?$basic_string@EU?$char_traits@E@std@@U?$STLAllocator@E@allocator@dvacore@@@std@@@dvascripting@@V?$ParameterType@V?$basic_string@EU?$char_traits@E@std@@U?$STLAllocator@E@allocator@dvacore@@@std@@@5@P8123@EAA?AV?$basic_string@EU?$char_traits@E@std@@U?$STLAllocator@E@allocator@dvacore@@@std@@V78@@Z@definition@dvascripting@@YAXPEBDV?$ParameterType@V?$basic_string@EU?$char_traits@E@std@@U?$STLAllocator@E@allocator@dvacore@@@std@@@3@V?$PropertyType@V?$basic_string@EU?$char_traits@E@std@@U?$STLAllocator@E@allocator@dvacore@@@std@@@3@$$QEAP8UXPViewScriptObject@scripting@dvauxpui@@EAA?AV?$basic_string@EU?$char_traits@E@std@@U?$STLAllocator@E@allocator@dvacore@@@std@@V9std@@@ZW4ScriptObjectPropertyModifier@3@W4ItemThreadOption@3@0W4ScriptItemFlag@3@@Z@XPEBV?$vector@V?$shared_ptr@Vany@std@@@std@@U?$STLAllocator@V?$shared_ptr@Vany@std@@@std@@@allocator@dvacore@@@std@@PEAV?$unordered_map@V?$basic_string@EU?$char_traits@E@std@@U?$STLAllocator@E@allocator@dvacore@@@std@@V?$shared_ptr@Vany@std@@@2@U?$hash@V?$basic_string@EU?$char_traits@E@std@@U?$STLAllocator@E@allocator@dvacore@@@
dvauxpui.dll,ascii,2230352,.?AV?$_Func_impl_no_alloc@V<lambda_1>@?4???$RegisterMethod@VUXPViewScriptObject@scripting@dvauxpui@@V?$PropertyType@_N@dvascripting@@V?$ParameterType@V?$basic_string@EU?$char_traits@E@std@@U?$STLAllocator@E@allocator@dvacore@@@std@@@5@V?$ParameterType@_N@5@P8123@EAA_NV?$basic_string@EU?$char_traits@E@std@@U?$STLAllocator@E@allocator@dvacore@@@std@@_N@Z@definition@dvascripting@@YAXPEBDV?$ParameterType@V?$basic_string@EU?$char_traits@E@std@@U?$STLAllocator@E@allocator@dvacore@@@std@@@3@V?$ParameterType@_N@3@V?$PropertyType@_N@3@$$QEAP8UXPViewScriptObject@scripting@dvauxpui@@EAA_NV?$basic_string@EU?$char_traits@E@std@@U?$STLAllocator@E@allocator@dvacore@@@std@@_N@ZW4ScriptObjectPropertyModifier@3@W4ItemThreadOption@3@0W4ScriptItemFlag@3@@Z@XPEBV?$vector@V?$shared_ptr@Vany@std@@@std@@U?$STLAllocator@V?$shared_ptr@Vany@std@@@std@@@allocator@dvacore@@@std@@PEAV?$unordered_map@V?$basic_string@EU?$char_traits@E@std@@U?$STLAllocator@E@allocator@dvacore@@@std@@V?$shared_ptr@Vany@std@@@2@U?$hash@V?$basic_string@EU?$char_traits@E@std@@U?$STLAllocator@E@allocator@dvacore@@@std@@@2@U?$equal_to@V?$basic_string@EU?$char_traits@E@std@@U?$STLAllocator@E@allocator@dvacore@@@std@@@2@U?$STLAllocator@U?
dvauxpui.dll,ascii,2231792,.?AV?$ScriptObjectDefinitionInitiator@VRunUXPDialogEvent@?A0x06ef1ec5@dvauxpui@@@factory@dvascripting@@
dvauxpui.dll,ascii,2231912,.?AVRunUXPDialogCommand@?A0x06ef1ec5@@
dvauxpui.dll,ascii,2231968,.?AV?$ScriptItemDefinition@VRunUXPDialogEvent@?A0x06ef1ec5@dvauxpui@@@definition@dvascripting@@
dvauxpui.dll,ascii,2232080,.?AV?$_Func_base@XPEBV?$vector@V?$shared_ptr@Vany@std@@@std@@U?$STLAllocator@V?$shared_ptr@Vany@std@@@std@@@allocator@dvacore@@@std@@PEAV?$unordered_map@V?$basic_string@EU?$char_traits@E@std@@U?$STLAllocator@E@allocator@dvacore@@@std@@V?$shared_ptr@Vany@std@@@2@U?$hash@V?$basic_string@EU?$char_traits@E@std@@U?$STLAllocator@E@allocator@dvacore@@@std@@@2@U?$equal_to@V?$basic_string@EU?$char_traits@E@std@@U?$STLAllocator@E@allocator@dvacore@@@std@@@2@U?$STLAllocator@U?$pair@$$CBV?$basic_string@EU?$char_traits@E@std@@U?$STLAllocator@E@allocator@dvacore@@@std@@V?$shared_ptr@Vany@std@@@2@@std@@@allocator@dvacore@@@2@PEAVRunUXPDialogEvent@?A0x06ef1ec5@dvauxpui@@@std@@
dvauxpui.dll,ascii,2232928,.?AV?$ScriptObjectDefinition@VRunUXPDialogEvent@?A0x06ef1ec5@dvauxpui@@@definition@dvascripting@@
dvauxpui.dll,ascii,2233056,.?AV?$_Func_impl_no_alloc@V<lambda_1>@?4??DoAcknowledge@RunUXPDialogEvent@?A0x06ef1ec5@dvauxpui@@QEAA_NAEBV?$basic_string@EU?$char_traits@E@std@@U?$STLAllocator@E@allocator@dvacore@@@std@@@Z@X$$V@std@@
dvauxpui.dll,ascii,2233440,.?AV?$_Func_impl_no_alloc@V<lambda_1>@?4???$RegisterPropertyReadonly@VRunUXPDialogEvent@?A0x06ef1ec5@dvauxpui@@V?$PropertyType@V?$basic_string@EU?$char_traits@E@std@@U?$STLAllocator@E@allocator@dvacore@@@std@@@dvascripting@@P8123@EBA?AV?$basic_string@EU?$char_traits@E@std@@U?$STLAllocator@E@allocator@dvacore@@@std@@XZ@definition@dvascripting@@YAXPEBDV?$PropertyType@V?$basic_string@EU?$char_traits@E@std@@U?$STLAllocator@E@allocator@dvacore@@@std@@@3@$$QEAP8RunUXPDialogEvent@?A0x06ef1ec5@dvauxpui@@EBA?AV?$basic_string@EU?$char_traits@E@std@@U?$STLAllocator@E@allocator@dvacore@@@std@@XZW4ScriptObjectPropertyModifier@3@W4ItemThreadOption@3@0W4ScriptItemFlag@3@@Z@XPEBV?$vector@V?$shared_ptr@Vany@std@@@std@@U?$STLAllocator@V?$shared_ptr@Vany@std@@@std@@@allocator@dvacore@@@9@PEAV?$unordered_map@V?$basic_string@EU?$char_traits@E@std@@U?$STLAllocator@E@allocator@dvacore@@@std@@V?$shared_ptr@Vany@std@@@2@U?$hash@V?$basic_string@EU?$char_traits@E@std@@U?$STLAllocator@E@allocator@dvacore@@@std@@@2@U?$equal_to@V?$basic_string@EU?$char_traits@E@std@@U?$STLAllocator@E@allocator@dvacore@@@std@@@2@U?$STLAllocator@U?$pair@$$CBV?$basic_string@EU?$char_traits@E@std@@U?$STLAllocator@E@allocator@dvacor
dvauxpui.dll,ascii,2234736,.?AV?$_Func_impl_no_alloc@V<lambda_1>@?4???$RegisterMethod@VRunUXPDialogEvent@?A0x06ef1ec5@dvauxpui@@V?$PropertyType@_N@dvascripting@@V?$ParameterType@V?$basic_string@EU?$char_traits@E@std@@U?$STLAllocator@E@allocator@dvacore@@@std@@@5@P8123@EAA_NAEBV?$basic_string@EU?$char_traits@E@std@@U?$STLAllocator@E@allocator@dvacore@@@std@@@Z@definition@dvascripting@@YAXPEBDV?$ParameterType@V?$basic_string@EU?$char_traits@E@std@@U?$STLAllocator@E@allocator@dvacore@@@std@@@3@V?$PropertyType@_N@3@$$QEAP8RunUXPDialogEvent@?A0x06ef1ec5@dvauxpui@@EAA_NAEBV?$basic_string@EU?$char_traits@E@std@@U?$STLAllocator@E@allocator@dvacore@@@std@@@ZW4ScriptObjectPropertyModifier@3@W4ItemThreadOption@3@0W4ScriptItemFlag@3@@Z@XPEBV?$vector@V?$shared_ptr@Vany@std@@@std@@U?$STLAllocator@V?$shared_ptr@Vany@std@@@std@@@allocator@dvacore@@@std@@PEAV?$unordered_map@V?$basic_string@EU?$char_traits@E@std@@U?$STLAllocator@E@allocator@dvacore@@@std@@V?$shared_ptr@Vany@std@@@2@U?$hash@V?$basic_string@EU?$char_traits@E@std@@U?$STLAllocator@E@allocator@dvacore@@@std@@@2@U?$equal_to@V?$basic_string@EU?$char_traits@E@std@@U?$STLAllocator@E@allocator@dvacore@@@std@@@2@U?$STLAllocator@U?$pair@$$CBV?$basic_string@EU?$char_trait
dvauxpui.dll,ascii,2236080,.?AV?$_Func_impl_no_alloc@V<lambda_1>@?1???$RegisterCommandClass@VRunUXPDialogCommand@?A0x06ef1ec5@@@CommandRegistry@console@dvacore@@YAXXZ@HAEBV?$basic_string@_WU?$char_traits@_W@std@@U?$STLAllocator@_W@allocator@dvacore@@@std@@AEAVUTF16OutputStream@4@@std@@
dvauxpui.dll,ascii,2236416,.?AV?$_Func_impl_no_alloc@V<lambda_1>@?1??QueueEvent@RunUXPDialogEvent@?A0x06ef1ec5@dvauxpui@@SAXHPEBDAEBV?$basic_string@EU?$char_traits@E@std@@U?$STLAllocator@E@allocator@dvacore@@@std@@V?$function@$$A6AXAEBV?$basic_string@EU?$char_traits@E@std@@U?$STLAllocator@E@allocator@dvacore@@@std@@@Z@7@@Z@XV?$IntrusivePtr@VScriptEventObject@dvascripting@@@RefCountedInterface@utility@dvacore@@@std@@
dvauxpui.dll,ascii,2236832,.?AV?$_Func_impl_no_alloc@V<lambda_1>@?1??RunUXPDialog@dvauxpui@@YA?AV?$basic_string@EU?$char_traits@E@std@@U?$STLAllocator@E@allocator@dvacore@@@std@@AEBVImmutableString@utility@dvacore@@000@Z@XAEBV45@@std@@
dvauxpui.dll,ascii,2237072,.?AV?$_Func_impl_no_alloc@V<lambda_2>@?1??RunUXPDialog@dvauxpui@@YA?AV?$basic_string@EU?$char_traits@E@std@@U?$STLAllocator@E@allocator@dvacore@@@std@@AEBVImmutableString@utility@dvacore@@000@Z@XH@std@@
dvauxpui.dll,ascii,2237600,.?AV?$_Func_impl_no_alloc@V<lambda_1>@?1??drawImage@?A0x62998fe3@ui@dvauxpui@@YAXPEAVDrawbot@drawbot@dvaui@@PEAVOSSurfaceInterface@78@MAEBV?$RectT@M@geom@dvacore@@@Z@XPEAX@std@@
dvauxpui.dll,ascii,2237800,.?AVUXPInputCapture@ui@dvauxpui@@
dvauxpui.dll,ascii,2237904,.?AV?$_Ref_count_obj_alloc3@URootLayoutViewAccess@ui@dvauxpui@@U?$STLAllocator@URootLayoutViewAccess@ui@dvauxpui@@@allocator@dvacore@@@std@@
dvauxpui.dll,ascii,2238064,.?AV?$_Ebco_base@U?$STLAllocator@URootLayoutViewAccess@ui@dvauxpui@@@allocator@dvacore@@$00@std@@
dvauxpui.dll,ascii,2238192,.?AU?$STLAllocator@URootLayoutViewAccess@ui@dvauxpui@@@allocator@dvacore@@
dvauxpui.dll,ascii,2238288,.?AV?$_Func_impl_no_alloc@V<lambda_1>@?1???0RootLayoutView@ui@dvauxpui@@QEAA@AEBVtorq_layout_container_delegate_ptr@api@torq@@@Z@X$$V@std@@
dvauxpui.dll,ascii,2238448,.?AV?$_Func_impl_no_alloc@V<lambda_1>@?1??DispatchDragDropEvent@RootLayoutView@ui@dvauxpui@@IEAAXAEAVOS_ReceiveData@datatransfer@dvaui@@AEBV?$PointT@M@geom@dvacore@@W4torq_drag_event_type@@@Z@X_N@std@@
dvauxpui.dll,ascii,2240792,.?AVUI_DummyCustomControlView@dvauxpui@@
dvauxpui.dll,ascii,2241024,.?AV?$_Func_impl_no_alloc@V<lambda_1>@?1???R1?A0x85aefe78@dvauxpui@@QEBA@XZ@PEAVUI_ControlView@controls@dvaui@@AEBV?$basic_string@DU?$char_traits@D@std@@V?$allocator@D@2@@std@@AEBV78@@std@@
dvauxpui.dll,ascii,2241232,.?AV?$_Func_impl_no_alloc@V<lambda_1>@?A0x85aefe78@dvauxpui@@_N$$V@std@@
dvauxpui.dll,ascii,2241328,.?AV?$_Func_base@PEAVUI_Node@ui@dvaui@@AEBVImmutableString@utility@dvacore@@AEBV?$shared_ptr@VUXPInstance@dvauxphost@@@std@@@std@@
dvauxpui.dll,ascii,2241488,.?AV?$_Func_impl_no_alloc@V<lambda_1>@?1???R1?A0x842a5ba7@dialog@dvauxpui@@QEBA@XZ@PEAVUI_Node@ui@dvaui@@AEBVImmutableString@utility@dvacore@@AEBV?$shared_ptr@VUXPInstance@dvauxphost@@@std@@@std@@
dvauxpui.dll,ascii,2241712,.?AV?$_Func_impl_no_alloc@V<lambda_1>@?A0x842a5ba7@dialog@dvauxpui@@_N$$V@std@@
dvauxpui.dll,ascii,2241808,.?AV?$_Func_impl_no_alloc@V<lambda_1>@?1??Create@UXPDialog@dialog@dvauxpui@@SA?AV?$IntrusivePtr@VUXPDialog@dialog@dvauxpui@@@RefCountedInterface@utility@dvacore@@AEBVImmutableString@89@AEBV?$shared_ptr@VUXPInstance@dvauxphost@@@std@@_N@Z@X$$V@std@@
dvauxpui.dll,ascii,2242080,.?AV?$_Func_impl_no_alloc@V<lambda_2>@?1??Create@UXPDialog@dialog@dvauxpui@@SA?AV?$IntrusivePtr@VUXPDialog@dialog@dvauxpui@@@RefCountedInterface@utility@dvacore@@AEBVImmutableString@89@AEBV?$shared_ptr@VUXPInstance@dvauxphost@@@std@@_N@Z@X$$V@std@@
dvauxpui.dll,ascii,2242352,.?AV?$_Func_impl_no_alloc@V<lambda_1>@?1??CreateHostView@UXPDialog@dialog@dvauxpui@@UEAAPEAVUI_SubView@ui@dvaui@@XZ@XW4WindowActivation@UI_Node@78@@std@@
dvauxpui.dll,ascii,2242528,.?AV?$_Func_impl_no_alloc@V<lambda_1>@?7??SetUXPInstance@UXPDialog@dialog@dvauxpui@@UEAAXAEBVImmutableString@utility@dvacore@@AEBV?$shared_ptr@VUXPInstance@dvauxphost@@@std@@PEAVUI_Node@ui@dvaui@@@Z@X$$V@std@@
dvauxpui.dll,ascii,2242768,.?AV?$_Func_impl_no_alloc@V<lambda_1>@?1??OnViewStarting@UXPDialog@dialog@dvauxpui@@EEAAXXZ@X$$V@std@@
dvauxpui.dll,ascii,2242944,.?AV?$_Func_impl_no_alloc@V<lambda_1>@?4??DoViewStartedEvent@helper@dvauxpui@@YAXAEBV?$shared_ptr@VUXPInstance@dvauxphost@@@std@@PEAVUI_Node@ui@dvaui@@@Z@XH@std@@
dvauxpui.dll,ascii,2243136,.?AV?$_Func_impl_no_alloc@V<lambda_1>@?4??DoViewDestroyingEvent@helper@dvauxpui@@YAXAEBV?$shared_ptr@VUXPInstance@dvauxphost@@@std@@PEAVUI_Node@ui@dvaui@@@Z@XH@std@@
dvauxpui.dll,ascii,2243328,.?AV?$_Func_impl_no_alloc@V<lambda_1>@?1???R1?A0x3dc502af@@QEBA@XZ@PEAVUI_Node@ui@dvaui@@AEBVImmutableString@utility@dvacore@@AEBV?$shared_ptr@VUXPInstance@dvauxphost@@@std@@@std@@
dvauxpui.dll,ascii,2243816,.?AVModelessViewContainer@modeless@dvauxpui@@
dvauxpui.dll,ascii,2243888,.?AV?$_Func_impl_no_alloc@V<lambda_1>@?7??SetUXPInstance@UXPModelessWindow@modeless@dvauxpui@@UEAAXAEBVImmutableString@utility@dvacore@@AEBV?$shared_ptr@VUXPInstance@dvauxphost@@@std@@PEAVUI_Node@ui@dvaui@@@Z@X$$V@std@@
dvauxpui.dll,ascii,2244432,.?AV?$_Func_base@PEAVUXPPanel@panel@dvauxpui@@AEAVWorkspace@workspace@dvaworkspace@@AEBV?$basic_string@EU?$char_traits@E@std@@U?$STLAllocator@E@allocator@dvacore@@@std@@AEBV?$shared_ptr@VUXPInstance@dvauxphost@@@8@AEBVImmutableString@utility@dvacore@@AEBV?$shared_ptr@UWorkspaceState@?A0xce543912@@@8@@std@@
dvauxpui.dll,ascii,2245424,.?AV?$_Func_impl_no_alloc@V?$_Binder@U_Unforced@std@@P6APEAVUI_Node@ui@dvaui@@AEBVImmutableString@utility@dvacore@@AEBV?$shared_ptr@VUXPInstance@dvauxphost@@@2@AEBV?$function@$$A6APEAVUXPPanel@panel@dvauxpui@@AEAVWorkspace@workspace@dvaworkspace@@AEBV?$basic_string@EU?$char_traits@E@std@@U?$STLAllocator@E@allocator@dvacore@@@std@@AEBV?$shared_ptr@VUXPInstance@dvauxphost@@@8@AEBVImmutableString@utility@dvacore@@AEBV?$shared_ptr@UWorkspaceState@?A0xce543912@@@8@@Z@2@AEBV?$function@$$A6AXPEAVTabPanel@workspace@dvaworkspace@@@Z@2@AEBV?$function@$$A6AXAEAVWorkspace@workspace@dvaworkspace@@PEAVTabPanel@23@AEBV?$shared_ptr@UWorkspaceState@?A0xce543912@@@std@@@Z@2@@ZAEBU?$_Ph@$00@2@AEBU?$_Ph@$01@2@A6APEAVUXPPanel@panel@dvauxpui@@AEAVWorkspace@workspace@dvaworkspace@@AEBV?$basic_string@EU?$char_traits@E@std@@U?$STLAllocator@E@allocator@dvacore@@@2@10AEBV?$shared_ptr@UWorkspaceState@?A0xce543912@@@2@@Z$$TA6AX5PEAVTabPanel@workspace@dvaworkspace@@7@Z@std@@PEAVUI_Node@ui@dvaui@@AEBVImmutableString@utility@dvacore@@AEBV?$shared_ptr@VUXPInstance@dvauxphost@@@2@@std@@
dvauxpui.dll,ascii,2246512,.?AV?$_Func_impl_no_alloc@V?$_Binder@U_Unforced@std@@P6APEAVUI_Node@ui@dvaui@@AEBVImmutableString@utility@dvacore@@AEBV?$shared_ptr@VUXPInstance@dvauxphost@@@2@AEBV?$function@$$A6APEAVUXPPanel@panel@dvauxpui@@AEAVWorkspace@workspace@dvaworkspace@@AEBV?$basic_string@EU?$char_traits@E@std@@U?$STLAllocator@E@allocator@dvacore@@@std@@AEBV?$shared_ptr@VUXPInstance@dvauxphost@@@8@AEBVImmutableString@utility@dvacore@@AEBV?$shared_ptr@UWorkspaceState@?A0xce543912@@@8@@Z@2@AEBV?$function@$$A6AXPEAVTabPanel@workspace@dvaworkspace@@@Z@2@AEBV?$function@$$A6AXAEAVWorkspace@workspace@dvaworkspace@@PEAVTabPanel@23@AEBV?$shared_ptr@UWorkspaceState@?A0xce543912@@@std@@@Z@2@@ZAEBU?$_Ph@$00@2@AEBU?$_Ph@$01@2@A6APEAVUXPPanel@panel@dvauxpui@@AEAVWorkspace@workspace@dvaworkspace@@AEBV?$basic_string@EU?$char_traits@E@std@@U?$STLAllocator@E@allocator@dvacore@@@2@10AEBV?$shared_ptr@UWorkspaceState@?A0xce543912@@@2@@ZA6AXPEAVTabPanel@workspace@dvaworkspace@@@ZA6AX587@Z@std@@PEAVUI_Node@ui@dvaui@@AEBVImmutableString@utility@dvacore@@AEBV?$shared_ptr@VUXPInstance@dvauxphost@@@2@@std@@
dvauxpui.dll,ascii,2248000,.?AV?$_Func_impl_no_alloc@P6APEAVUXPPanel@panel@dvauxpui@@AEAVWorkspace@workspace@dvaworkspace@@AEBV?$basic_string@EU?$char_traits@E@std@@U?$STLAllocator@E@allocator@dvacore@@@std@@AEBV?$shared_ptr@VUXPInstance@dvauxphost@@@8@AEBVImmutableString@utility@dvacore@@AEBV?$shared_ptr@UWorkspaceState@?A0xce543912@@@8@@ZPEAV123@AEAV456@AEBV78@AEBV98@AEBVImmutableString@utility@dvacore@@AEBV?$shared_ptr@UWorkspaceState@?A0xce543912@@@8@@std@@
dvauxpui.dll,ascii,2248672,.?AVUXPHostViewMenuInterface@dvauxpui@@
dvauxpui.dll,ascii,2248792,.?AVUXPPanelCreator@panel@dvauxpui@@
dvauxpui.dll,ascii,2248912,.?AV?$_Func_base@XAEBV?$shared_ptr@VUXPInstance@dvauxphost@@@std@@AEBHAEBV?$basic_string@_WU?$char_traits@_W@std@@U?$STLAllocator@_W@allocator@dvacore@@@2@@std@@
dvauxpui.dll,ascii,2249760,.?AV?$_Func_impl_no_alloc@V<lambda_1>@?BA@???R1?1??CreateHostView@UXPPanel@panel@dvauxpui@@UEAAPEAVUI_SubView@ui@dvaui@@XZ@QEBA@QEAVUI_Node@78@W4FocusChangeReason@78@@Z@X$$V@std@@
dvauxpui.dll,ascii,2249968,.?AV?$_Func_impl_no_alloc@V<lambda_1>@?BF@??SetUXPInstance@UXPPanel@panel@dvauxpui@@UEAAXAEBVImmutableString@utility@dvacore@@AEBV?$shared_ptr@VUXPInstance@dvauxphost@@@std@@PEAVUI_Node@ui@dvaui@@@Z@X$$V@std@@
dvauxpui.dll,ascii,2250208,.?AV?$_Func_impl_no_alloc@V<lambda_2>@?BF@??SetUXPInstance@UXPPanel@panel@dvauxpui@@UEAAXAEBVImmutableString@utility@dvacore@@AEBV?$shared_ptr@VUXPInstance@dvauxphost@@@std@@PEAVUI_Node@ui@dvaui@@@Z@X$$V@std@@
dvauxpui.dll,ascii,2250448,.?AV?$_Func_impl_no_alloc@V<lambda_1>@?BC@??DoLoadStateData@UXPPanel@panel@dvauxpui@@MEAAXPEBVPropList@proplist@dvacore@@@Z@X$$V@std@@
dvauxpui.dll,ascii,2250608,.?AV?$_Func_impl_no_alloc@V<lambda_1>@?BF@??OnLoadAndCreateHostView@UXPPanel@panel@dvauxpui@@AEAAXAEBV?$basic_string@EU?$char_traits@E@std@@U?$STLAllocator@E@allocator@dvacore@@@std@@00H@Z@XAEBV?$shared_ptr@VUXPInstance@dvauxphost@@@7@AEBHAEBV?$basic_string@_WU?$char_traits@_W@std@@U?$STLAllocator@_W@allocator@dvacore@@@7@@std@@
dvauxpui.dll,ascii,2250960,.?AV?$_Func_impl_no_alloc@V<lambda_1>@?BP@??OnLoadExtensionCompletion@UXPPanel@panel@dvauxpui@@AEAAXAEBV?$shared_ptr@VUXPInstance@dvauxphost@@@std@@AEBHAEBV?$basic_string@_WU?$char_traits@_W@std@@U?$STLAllocator@_W@allocator@dvacore@@@7@HAEBVImmutableString@utility@dvacore@@@Z@XAEAVDictionary@utility@dvacore@@@std@@
dvauxpui.dll,ascii,2251296,.?AV?$_Func_impl_no_alloc@V<lambda_1>@?1??CreateHostView@UXPPanel@panel@dvauxpui@@UEAAPEAVUI_SubView@ui@dvaui@@XZ@XPEAVUI_Node@78@W4FocusChangeReason@78@@std@@
dvauxpui.dll,ascii,2251472,.?AV?$_Func_impl_no_alloc@V<lambda_1>@?1???R1?A0x7c6d9fb7@@QEBA@XZ@PEAVUI_Node@ui@dvaui@@AEBVImmutableString@utility@dvacore@@AEBV?$shared_ptr@VUXPInstance@dvauxphost@@@std@@@std@@
dvauxpui.dll,ascii,2252144,.?AV?$_Func_impl_no_alloc@V<lambda_2_>@?0???0UXPPopup@popup@dvauxpui@@QEAA@AEBV?$shared_ptr@VUXPInstance@dvauxphost@@@std@@@Z@PEBUSupplierInterface@drawbot@dvaui@@$$V@std@@
dvauxpui.dll,ascii,2252336,.?AV?$_Func_impl_no_alloc@V<lambda_1>@?1???0UXPPopup@popup@dvauxpui@@QEAA@AEBV?$shared_ptr@VUXPInstance@dvauxphost@@@std@@@Z@X$$V@std@@
dvauxpui.dll,ascii,2252496,.?AV?$_Func_impl_no_alloc@V<lambda_1>@?7??SetUXPInstance@UXPPopup@popup@dvauxpui@@UEAAXAEBVImmutableString@utility@dvacore@@AEBV?$shared_ptr@VUXPInstance@dvauxphost@@@std@@PEAVUI_Node@ui@dvaui@@@Z@X$$V@std@@
dvauxpui.dll,ascii,2252720,.?AV?$_Func_impl_no_alloc@V<lambda_1>@?4??SetParent@UXPPopup@popup@dvauxpui@@MEAAXPEAVOS_Window@ui@dvaui@@@Z@XV?$IntrusivePtr@VUI_Node@ui@dvaui@@@RefCountedInterface@utility@dvacore@@@std@@
dvauxpui.dll,ascii,2252928,.?AV?$_Func_impl_no_alloc@V<lambda_2>@?4??SetParent@UXPPopup@popup@dvauxpui@@MEAAXPEAVOS_Window@ui@dvaui@@@Z@_NAEBVKeyboardEvent@78@@std@@
dvauxpui.dll,ascii,2253088,.?AV?$_Func_impl_no_alloc@V<lambda_3>@?4??SetParent@UXPPopup@popup@dvauxpui@@MEAAXPEAVOS_Window@ui@dvaui@@@Z@X$$V@std@@
dvauxpui.dll,ascii,2253232,.?AV?$_Func_impl_no_alloc@V<lambda_1>@?N@???R<lambda_4>@?4??SetParent@UXPPopup@popup@dvauxpui@@MEAAXPEAVOS_Window@ui@dvaui@@@Z@QEBA@W4WindowActivation@UI_Node@89@@Z@X$$V@std@@
dvauxpui.dll,ascii,2253424,.?AV?$_Func_impl_no_alloc@V<lambda_4>@?4??SetParent@UXPPopup@popup@dvauxpui@@MEAAXPEAVOS_Window@ui@dvaui@@@Z@XW4WindowActivation@UI_Node@78@@std@@
dvauxpui.dll,ascii,2253600,.?AV?$_Func_impl_no_alloc@V<lambda_1>@?1??CommitPopupAsync@UXPPopup@popup@dvauxpui@@IEAAXXZ@X$$V@std@@
dvauxpui.dll,ascii,2253840,.?AV?$_Func_impl_no_alloc@V?$_Binder@U_Unforced@std@@P8UXPThemeChangedFunctionRegistrar@?A0xb051f1f8@dvauxpui@@EAAXXZPEAV345@@std@@X$$V@std@@
dvauxpui.dll,ascii,2254000,.?AV?$_Func_impl_no_alloc@V<lambda_1>@?A0xb051f1f8@dvauxpui@@X$$V@std@@
dvauxpui.dll,ascii,2254096,.?AV?$_Func_impl_no_alloc@V<lambda_2>@?A0xb051f1f8@dvauxpui@@X$$V@std@@
dvauxpui.dll,ascii,2254192,.?AV?$_Func_impl_no_alloc@V<lambda_1>@?1??GetThemeInfo@UXPThemeManager@?A0xb051f1f8@dvauxpui@@QEAA?AUUIThemeInfo@dvauxphost@@XZ@V?$basic_string@DU?$char_traits@D@std@@V?$allocator@D@2@@std@@$$V@std@@
dvauxpui.dll,ascii,2254416,.?AV?$_Func_impl_no_alloc@V<lambda_2>@?1??GetThemeInfo@UXPThemeManager@?A0xb051f1f8@dvauxpui@@QEAA?AUUIThemeInfo@dvauxphost@@XZ@V?$basic_string@DU?$char_traits@D@std@@V?$allocator@D@2@@std@@$$V@std@@
dvauxpui.dll,ascii,2254640,.?AV?$_Func_impl_no_alloc@V<lambda_3>@?1??GetThemeInfo@UXPThemeManager@?A0xb051f1f8@dvauxpui@@QEAA?AUUIThemeInfo@dvauxphost@@XZ@V?$basic_string@DU?$char_traits@D@std@@V?$allocator@D@2@@std@@$$V@std@@
dvauxpui.dll,ascii,2254856,.?AVUXPToggleImage@toggleimage@dvauxpui@@
dvauxpui.dll,ascii,2255472,.?AUUXPModeContext@?A0x8070529d@unifiedheader@dvauxpui@@
dvauxpui.dll,ascii,2255696,.?AVUXPModeBehavior@?A0x8070529d@unifiedheader@dvauxpui@@
dvauxpui.dll,ascii,2256608,.?AV?$_Func_impl_no_alloc@V<lambda_1>@?A0x8070529d@unifiedheader@dvauxpui@@_N$$V@std@@
dvauxpui.dll,ascii,2256720,.?AV?$_Func_impl_no_alloc@V<lambda_2>@?A0x8070529d@unifiedheader@dvauxpui@@X$$V@std@@
dvauxpui.dll,ascii,2256880,.?AVDesiredSizeProviderImpl@utilities@dvauxpui@@
dvauxpui.dll,ascii,2256960,.?AVFontToShirtSizeMapperUtils@utilities@dvauxpui@@
dvauxpui.dll,ascii,2257232,.?AVUxpAssertDelegate@utils@torq@@
dvauxpui.dll,ascii,2257288,.?AVUxpAssertDelegateImpl@utils@torq@@
dvauxpui.dll,ascii,2257344,.?AV?$_Ref_count_obj2@VUxpAssert@utils@torq@@@std@@
dvauxpui.dll,ascii,2257992,.?AValpaca_uxp_host_data_base@api_impl@torq@@
dvauxpui.dll,ascii,2258064,.?AV?$ref_counted@Valpaca_uxp_host_data_base@api_impl@torq@@@api_impl@torq@@
dvauxpui.dll,ascii,2258504,.?AValpaca_image_loader_base@api_impl@torq@@
dvauxpui.dll,ascii,2258576,.?AV?$ref_counted@Valpaca_image_loader_base@api_impl@torq@@@api_impl@torq@@
dvauxpui.dll,ascii,2263808,.?AValpaca_uxp_vulcan_host_delegate_base@api_impl@torq@@
dvauxpui.dll,ascii,2263888,.?AV?$ref_counted@Valpaca_uxp_vulcan_host_delegate_base@api_impl@torq@@@api_impl@torq@@
dvauxpui.dll,ascii,2264192,.?AValpaca_host_plugin_source_delegate_base@api_impl@torq@@
dvauxpui.dll,ascii,2264272,.?AV?$ref_counted@Valpaca_host_plugin_source_delegate_base@api_impl@torq@@@api_impl@torq@@
dvauxpui.dll,ascii,2264384,.?AValpaca_host_plugin_source_base@api_impl@torq@@
dvauxpui.dll,ascii,2264464,.?AV?$ref_counted@Valpaca_host_plugin_source_base@api_impl@torq@@@api_impl@torq@@
dvauxpui.dll,ascii,2264576,.?AValpaca_host_plugin_loader_delegate_base@api_impl@torq@@
dvauxpui.dll,ascii,2264656,.?AV?$ref_counted@Valpaca_host_plugin_loader_delegate_base@api_impl@torq@@@api_impl@torq@@
dvauxpui.dll,ascii,2264768,.?AValpaca_host_plugin_manager_base@api_impl@torq@@
dvauxpui.dll,ascii,2264848,.?AV?$ref_counted@Valpaca_host_plugin_manager_base@api_impl@torq@@@api_impl@torq@@
dvauxpui.dll,ascii,2265472,.?AValpaca_host_plugin_memory_delegate_base@api_impl@torq@@
dvauxpui.dll,ascii,2265552,.?AV?$ref_counted@Valpaca_host_plugin_memory_delegate_base@api_impl@torq@@@api_impl@torq@@
dvauxpui.dll,utf16le,2379192,dvauxpui
dvauxpui.dll,utf16le,2379384,dvauxpui.dll
dvauxpui.dll,ascii,2379761,<assembly xmlns='urn:schemas-microsoft-com:asm.v1' manifestVersion='1.0'>
