module,relation,entry
ImporterHost.dll,export,Dump of file C:\Program Files\Adobe\Adobe After Effects 2025\Support Files\ImporterHost.dll
ImporterHost.dll,export,Section contains the following exports for ImporterHost.dll
ImporterHost.dll,export,1    0 002D20D4 ?$TSS0@?1??CreateClassRefInternal@AudioSourcePool@ML@@SA?AV?$InterfaceRef@VAudioSourcePool@ML@@@classref@dvacore@@_N@Z@4HA
ImporterHost.dll,export,2    1 002D1BC4 ?$TSS0@?1??CreateClassRefInternal@ImporterFactory@ML@@SA?AV?$InterfaceRef@VImporterFactory@ML@@@classref@dvacore@@_N@Z@4HA
ImporterHost.dll,export,3    2 002D20D0 ?$TSS0@?1??GetUnknownTypeName@AudioSourcePool@ML@@UEBAAEBVImmutableString@utility@dvacore@@XZ@4HA
ImporterHost.dll,export,4    3 002D5AA0 ?$TSS0@?1??GetUnknownTypeName@ConformedAudioSourceFile@ML@@UEBAAEBVImmutableString@utility@dvacore@@XZ@4HA
ImporterHost.dll,export,5    4 002D0F58 ?$TSS0@?1??GetUnknownTypeName@FileImporter@ML@@UEBAAEBVImmutableString@utility@dvacore@@XZ@4HA
ImporterHost.dll,export,6    5 002D1BC0 ?$TSS0@?1??GetUnknownTypeName@ImporterFactory@ML@@UEBAAEBVImmutableString@utility@dvacore@@XZ@4HA
ImporterHost.dll,export,7    6 002D0F48 ?$TSS0@?1??GetUnknownTypeName@ImporterModule@ML@@UEBAAEBVImmutableString@utility@dvacore@@XZ@4HA
ImporterHost.dll,export,10    9 0016ADA0 ??0AudioSourcePool@ML@@QEAA@XZ
ImporterHost.dll,export,15    E 00177BF0 ??0ConformedAudioSourceFile@ML@@QEAA@XZ
ImporterHost.dll,export,19   12 0009E2E0 ??0FileImporter@ML@@QEAA@XZ
ImporterHost.dll,export,20   13 000392A0 ??0FileOpenExclusion@ImporterHost@@QEAA@AEBV01@@Z
ImporterHost.dll,export,21   14 000392C0 ??0FileOpenExclusion@ImporterHost@@QEAA@AEBV?$basic_string@_WU?$char_traits@_W@std@@U?$STLAllocator@_W@allocator@dvacore@@@std@@@Z
ImporterHost.dll,export,25   18 000E4D90 ??0Importer@ML@@QEAA@XZ
ImporterHost.dll,export,26   19 000F2CF0 ??0ImporterFactory@ML@@QEAA@XZ
ImporterHost.dll,export,27   1A 001059F0 ??0ImporterModule@ML@@QEAA@XZ
ImporterHost.dll,export,33   20 0016AFA0 ??1AudioSourcePool@ML@@UEAA@XZ
ImporterHost.dll,export,36   23 00178440 ??1ConformedAudioSourceFile@ML@@UEAA@XZ
ImporterHost.dll,export,38   25 000A0630 ??1FileImporter@ML@@UEAA@XZ
ImporterHost.dll,export,39   26 00039B70 ??1FileOpenExclusion@ImporterHost@@QEAA@XZ
ImporterHost.dll,export,42   29 000E5B80 ??1Importer@ML@@UEAA@XZ
ImporterHost.dll,export,43   2A 000F3270 ??1ImporterFactory@ML@@UEAA@XZ
ImporterHost.dll,export,44   2B 001064F0 ??1ImporterModule@ML@@UEAA@XZ
ImporterHost.dll,export,51   32 00039DC0 ??4FileOpenExclusion@ImporterHost@@QEAAAEAV01@AEBV01@@Z
ImporterHost.dll,export,59   3A 000703D0 ??BAudioSourcePool@ML@@UEAA?AV?$InterfaceRef@UUnknownBase@classref@dvacore@@@classref@dvacore@@XZ
ImporterHost.dll,export,60   3B 000A1AF0 ??BConformedAudioSourceFile@ML@@UEAA?AV?$InterfaceRef@UUnknownBase@classref@dvacore@@@classref@dvacore@@XZ
ImporterHost.dll,export,61   3C 0000E360 ??BFileImporter@ML@@UEAA?AV?$InterfaceRef@UUnknownBase@classref@dvacore@@@classref@dvacore@@XZ
ImporterHost.dll,export,62   3D 0006CEB0 ??BImporterFactory@ML@@UEAA?AV?$InterfaceRef@UUnknownBase@classref@dvacore@@@classref@dvacore@@XZ
ImporterHost.dll,export,63   3E 0000E3A0 ??BImporterModule@ML@@UEAA?AV?$InterfaceRef@UUnknownBase@classref@dvacore@@@classref@dvacore@@XZ
ImporterHost.dll,export,65   40 001FEB30 ??_7AudioSourcePool@ML@@6B@
ImporterHost.dll,export,66   41 001FEB40 ??_7AudioSourcePool@ML@@6BSharedAsVirtualBase@detail@utility@dvacore@@@
ImporterHost.dll,export,67   42 001FEB50 ??_7AudioSourcePool@ML@@6BUnknownBase@classref@dvacore@@@
ImporterHost.dll,export,70   45 001FF028 ??_7ConformedAudioSourceFile@ML@@6BIAsyncAudioSource@AR@@@
ImporterHost.dll,export,71   46 001FF048 ??_7ConformedAudioSourceFile@ML@@6BIAudioSource@AR@@@
ImporterHost.dll,export,72   47 001FF088 ??_7ConformedAudioSourceFile@ML@@6BIAudioSourceFile@AR@@@
ImporterHost.dll,export,73   48 001FF118 ??_7ConformedAudioSourceFile@ML@@6BIFileOwner@BE@@@
ImporterHost.dll,export,74   49 001FF140 ??_7ConformedAudioSourceFile@ML@@6BIOpenFileOwner@MF@@@
ImporterHost.dll,export,75   4A 001FEF88 ??_7ConformedAudioSourceFile@ML@@6BISource@MF@@@
ImporterHost.dll,export,76   4B 001FF158 ??_7ConformedAudioSourceFile@ML@@6BSharedAsVirtualBase@detail@utility@dvacore@@@
ImporterHost.dll,export,77   4C 001FF168 ??_7ConformedAudioSourceFile@ML@@6BUnknownBase@classref@dvacore@@@
ImporterHost.dll,export,79   4E 001F4DD8 ??_7FileImporter@ML@@6BIDeferredProcessing@1@@
ImporterHost.dll,export,80   4F 001F4DE8 ??_7FileImporter@ML@@6BIImporterPrivate@1@@
ImporterHost.dll,export,81   50 001F4DB0 ??_7FileImporter@ML@@6BIMediaAnalysis@BE@@@
ImporterHost.dll,export,82   51 001F4ED0 ??_7FileImporter@ML@@6BIMediaFile@BE@@@
ImporterHost.dll,export,83   52 001F4C40 ??_7FileImporter@ML@@6BIMediaInfo@BE@@@
ImporterHost.dll,export,84   53 001F4DF8 ??_7FileImporter@ML@@6BIMediaMetaData@BE@@@
ImporterHost.dll,export,85   54 001F4F30 ??_7FileImporter@ML@@6BIMediaTrim@1@@
ImporterHost.dll,export,86   55 001F4FD0 ??_7FileImporter@ML@@6BISafeListener@messaging@dvacore@@@
ImporterHost.dll,export,87   56 001F4FA8 ??_7FileImporter@ML@@6BSharedAsVirtualBase@detail@utility@dvacore@@@
ImporterHost.dll,export,88   57 001F4FB8 ??_7FileImporter@ML@@6BUnknownBase@classref@dvacore@@@
ImporterHost.dll,export,92   5B 001F7F58 ??_7Importer@ML@@6BIDeferredProcessing@1@@
ImporterHost.dll,export,93   5C 001F7F68 ??_7Importer@ML@@6BIImporterPrivate@1@@
ImporterHost.dll,export,94   5D 001F7F30 ??_7Importer@ML@@6BIMediaAnalysis@BE@@@
ImporterHost.dll,export,95   5E 001F7DC8 ??_7Importer@ML@@6BIMediaInfo@BE@@@
ImporterHost.dll,export,96   5F 001F7FA0 ??_7Importer@ML@@6BISafeListener@messaging@dvacore@@@
ImporterHost.dll,export,97   60 001F7F78 ??_7Importer@ML@@6BSharedAsVirtualBase@detail@utility@dvacore@@@
ImporterHost.dll,export,98   61 001F7F88 ??_7Importer@ML@@6BUnknownBase@classref@dvacore@@@
ImporterHost.dll,export,99   62 001F8A10 ??_7ImporterFactory@ML@@6BIImporterFactory@1@@
ImporterHost.dll,export,100   63 001F8AB8 ??_7ImporterFactory@ML@@6BIMediaInfoFactory@1@@
ImporterHost.dll,export,101   64 001F89C0 ??_7ImporterFactory@ML@@6BIPluginModuleFactory@1@@
ImporterHost.dll,export,102   65 001F8AD8 ??_7ImporterFactory@ML@@6BSharedAsVirtualBase@detail@utility@dvacore@@@
ImporterHost.dll,export,103   66 001F8AE8 ??_7ImporterFactory@ML@@6BUnknownBase@classref@dvacore@@@
ImporterHost.dll,export,104   67 001F9B70 ??_7ImporterModule@ML@@6BIMediaAcceleratorCopy@1@@
ImporterHost.dll,export,105   68 001F9AC8 ??_7ImporterModule@ML@@6BIMediaModule@1@@
ImporterHost.dll,export,106   69 001F9AB0 ??_7ImporterModule@ML@@6BIPluginJSONSerializeable@1@@
ImporterHost.dll,export,107   6A 001F9A48 ??_7ImporterModule@ML@@6BIPluginModule@1@@
ImporterHost.dll,export,108   6B 001F9B80 ??_7ImporterModule@ML@@6BSharedAsVirtualBase@detail@utility@dvacore@@@
ImporterHost.dll,export,109   6C 001F9B90 ??_7ImporterModule@ML@@6BUnknownBase@classref@dvacore@@@
ImporterHost.dll,export,112   6F 001FEB60 ??_8AudioSourcePool@ML@@7BUnknown@classref@dvacore@@@
ImporterHost.dll,export,113   70 001FEB6C ??_8AudioSourcePool@ML@@7BUnknownBase@classref@dvacore@@@
ImporterHost.dll,export,114   71 001FF184 ??_8ConformedAudioSourceFile@ML@@7BUnknown@classref@dvacore@@IAsyncAudioSource@AR@@@
ImporterHost.dll,export,115   72 001FF190 ??_8ConformedAudioSourceFile@ML@@7BUnknown@classref@dvacore@@IAudioSource@AR@@@
ImporterHost.dll,export,116   73 001FF19C ??_8ConformedAudioSourceFile@ML@@7BUnknown@classref@dvacore@@IAudioSourceFile@AR@@@
ImporterHost.dll,export,117   74 001FF1A8 ??_8ConformedAudioSourceFile@ML@@7BUnknown@classref@dvacore@@IFileOwner@BE@@@
ImporterHost.dll,export,118   75 001FF1B4 ??_8ConformedAudioSourceFile@ML@@7BUnknown@classref@dvacore@@IOpenFileOwner@MF@@@
ImporterHost.dll,export,119   76 001FF178 ??_8ConformedAudioSourceFile@ML@@7BUnknown@classref@dvacore@@ISource@MF@@@
ImporterHost.dll,export,120   77 001FF1C0 ??_8ConformedAudioSourceFile@ML@@7BUnknownBase@classref@dvacore@@@
ImporterHost.dll,export,121   78 001F4FFC ??_8FileImporter@ML@@7BUnknown@classref@dvacore@@IDeferredProcessing@1@@
ImporterHost.dll,export,122   79 001F5008 ??_8FileImporter@ML@@7BUnknown@classref@dvacore@@IImporterPrivate@1@@
ImporterHost.dll,export,123   7A 001F4FF0 ??_8FileImporter@ML@@7BUnknown@classref@dvacore@@IMediaAnalysis@BE@@@
ImporterHost.dll,export,124   7B 001F5030 ??_8FileImporter@ML@@7BUnknown@classref@dvacore@@IMediaFile@BE@@@
ImporterHost.dll,export,125   7C 001F4FE0 ??_8FileImporter@ML@@7BUnknown@classref@dvacore@@IMediaInfo@BE@@@
ImporterHost.dll,export,126   7D 001F5024 ??_8FileImporter@ML@@7BUnknown@classref@dvacore@@IMediaMetaData@BE@@@
ImporterHost.dll,export,127   7E 001F503C ??_8FileImporter@ML@@7BUnknown@classref@dvacore@@IMediaTrim@1@@
ImporterHost.dll,export,128   7F 001F5014 ??_8FileImporter@ML@@7BUnknown@classref@dvacore@@ISafeListener@messaging@4@@
ImporterHost.dll,export,129   80 001F5048 ??_8FileImporter@ML@@7BUnknownBase@classref@dvacore@@@
ImporterHost.dll,export,130   81 001F8B04 ??_8ImporterFactory@ML@@7BUnknown@classref@dvacore@@IImporterFactory@1@@
ImporterHost.dll,export,131   82 001F8B10 ??_8ImporterFactory@ML@@7BUnknown@classref@dvacore@@IMediaInfoFactory@1@@
ImporterHost.dll,export,132   83 001F8AF8 ??_8ImporterFactory@ML@@7BUnknown@classref@dvacore@@IPluginModuleFactory@1@@
ImporterHost.dll,export,133   84 001F8B1C ??_8ImporterFactory@ML@@7BUnknownBase@classref@dvacore@@@
ImporterHost.dll,export,134   85 001F9BC4 ??_8ImporterModule@ML@@7BUnknown@classref@dvacore@@IMediaAcceleratorCopy@1@@
ImporterHost.dll,export,135   86 001F9BB8 ??_8ImporterModule@ML@@7BUnknown@classref@dvacore@@IMediaModule@1@@
ImporterHost.dll,export,136   87 001F9BAC ??_8ImporterModule@ML@@7BUnknown@classref@dvacore@@IPluginJSONSerializeable@1@@
ImporterHost.dll,export,137   88 001F9BA0 ??_8ImporterModule@ML@@7BUnknown@classref@dvacore@@IPluginModule@1@@
ImporterHost.dll,export,138   89 001F9BD0 ??_8ImporterModule@ML@@7BUnknownBase@classref@dvacore@@@
ImporterHost.dll,export,139   8A 00070510 ??_DAudioSourcePool@ML@@QEAAXXZ
ImporterHost.dll,export,140   8B 000A1FA0 ??_DConformedAudioSourceFile@ML@@QEAAXXZ
ImporterHost.dll,export,141   8C 0000E840 ??_DFileImporter@ML@@QEAAXXZ
ImporterHost.dll,export,142   8D 0006CF50 ??_DImporterFactory@ML@@QEAAXXZ
ImporterHost.dll,export,143   8E 0000E8A0 ??_DImporterModule@ML@@QEAAXXZ
ImporterHost.dll,export,147   92 0016B270 ?AddAudioSource@AudioSourcePool@ML@@QEAAXV?$InterfaceRef@VAudioSourceImpl@ML@@@classref@dvacore@@AEBVGuid@utility@5@AEBV?$basic_string@_WU?$char_traits@_W@std@@U?$STLAllocator@_W@allocator@dvacore@@@std@@AEBVFrameRate@dvamediatypes@@AEBVTickTime@dvamediatypes@@1AEBVBinaryData@MF@@@Z
ImporterHost.dll,export,148   93 0016B960 ?AddAudioSource@AudioSourcePool@ML@@QEAAXV?$InterfaceRef@VAudioSourceImpl@ML@@@classref@dvacore@@AEBVGuid@utility@5@_KAEBVFrameRate@dvamediatypes@@AEBVTickTime@9@1AEBVBinaryData@MF@@@Z
ImporterHost.dll,export,149   94 000E67E0 ?AddAudioStream@Importer@ML@@IEAAXAEBV?$InterfaceRef@VAudioImporterStream@ML@@@classref@dvacore@@@Z
ImporterHost.dll,export,150   95 000F39C0 ?AddCrossRefEntry@ImporterFactory@ML@@QEAAXHHHV?$InterfaceRef@UIMediaModule@ML@@@classref@dvacore@@@Z
ImporterHost.dll,export,152   97 000E6870 ?AddDataStream@Importer@ML@@IEAAXAEBV?$InterfaceRef@VDataImporterStream@ML@@@classref@dvacore@@@Z
ImporterHost.dll,export,154   99 000F3AC0 ?AddExtensions@ImporterFactory@ML@@QEAAXHAEBV?$basic_string@_WU?$char_traits@_W@std@@U?$STLAllocator@_W@allocator@dvacore@@@std@@@Z
ImporterHost.dll,export,156   9B 000E6900 ?AddFrameToCache@Importer@ML@@QEAAHV?$InterfaceRef@UIVideoFrame@MF@@@classref@dvacore@@_KHAEBVBinaryData@MF@@W4RenderQuality@dvamediatypes@@@Z
ImporterHost.dll,export,157   9C 000E69D0 ?AddFrameToCacheLocked@Importer@ML@@QEAAHV?$InterfaceRef@UIVideoFrame@MF@@@classref@dvacore@@_KHAEBVBinaryData@MF@@W4RenderQuality@dvamediatypes@@@Z
ImporterHost.dll,export,158   9D 000F3E40 ?AddModuleToList@ImporterFactory@ML@@UEAAXV?$InterfaceRef@UIPluginModule@ML@@@classref@dvacore@@@Z
ImporterHost.dll,export,159   9E 000E6AC0 ?AddRawFrameToCache@Importer@ML@@QEAAHV?$InterfaceRef@UIVideoFrameMemoryAccess@VF@@@classref@dvacore@@H@Z
ImporterHost.dll,export,160   9F 00179170 ?AddToDatabase@ConformedAudioSourceFile@ML@@EEAAXXZ
ImporterHost.dll,export,161   A0 000E6BE0 ?AddVideoStream@Importer@ML@@IEAAXAEBV?$InterfaceRef@VVideoImporterStream@ML@@@classref@dvacore@@@Z
ImporterHost.dll,export,162   A1 00070820 ?AllocateClassInstance@AudioSourcePool@ML@@SA@XZ
ImporterHost.dll,export,163   A2 000A28F0 ?AllocateClassInstance@ConformedAudioSourceFile@ML@@SA@XZ
ImporterHost.dll,export,164   A3 0000EEB0 ?AllocateClassInstance@FileImporter@ML@@SA@XZ
ImporterHost.dll,export,165   A4 0006D030 ?AllocateClassInstance@ImporterFactory@ML@@SA@XZ
ImporterHost.dll,export,166   A5 0000EF00 ?AllocateClassInstance@ImporterModule@ML@@SA@XZ
ImporterHost.dll,export,167   A6 0000EF50 ?AlwaysLoaded@ImporterModule@ML@@QEBA_NXZ
ImporterHost.dll,export,168   A7 0011B8C0 ?AppendCaptioningImporterStream@Importer@ML@@IEAAXAEBV?$lock_guard@VAssertingRecursiveMutex@threads@dvacore@@@std@@AEBUimFileInfoRec9@@V?$InterfaceRef@UIImporterInstance@ML@@@classref@dvacore@@AEBVBinaryData@MF@@AEBW4CaptionStreamAppendBehavior@12@@Z
ImporterHost.dll,export,169   A8 001208D0 ?AppendDataImporterStream@Importer@ML@@IEAAXAEBUimFileInfoRec9@@V?$InterfaceRef@UIImporterInstance@ML@@@classref@dvacore@@AEBVBinaryData@MF@@_K@Z
ImporterHost.dll,export,170   A9 0000EF60 ?AvoidAudioConform@ImporterModule@ML@@QEBA_NXZ
ImporterHost.dll,export,171   AA 000F1B20 ?BlockWhilePaused@ImporterDeferredProcessing@ML@@YAXXZ
ImporterHost.dll,export,172   AB 000C99A0 ?CacheDocumentAndContentState@FileImporter@ML@@AEAAXAEBV?$basic_string@_WU?$char_traits@_W@std@@U?$STLAllocator@_W@allocator@dvacore@@@std@@VGuid@utility@dvacore@@1@Z
ImporterHost.dll,export,173   AC 00106E60 ?CallImportModule@ImporterModule@ML@@AEAAHHPEAX0@Z
ImporterHost.dll,export,174   AD 00107190 ?CallImportModuleGetInfo@ImporterModule@ML@@QEAAHPEAUimFileAccessRec8@@PEAUimFileInfoRec9@@@Z
ImporterHost.dll,export,175   AE 001071E0 ?CallImportModuleGuarded@ImporterModule@ML@@AEAAHHPEAX0AEBV?$basic_string@_WU?$char_traits@_W@std@@U?$STLAllocator@_W@allocator@dvacore@@@std@@@Z
ImporterHost.dll,export,176   AF 00107410 ?CallImportModuleInstance@ImporterModule@ML@@UEAAHHPEAX0@Z
ImporterHost.dll,export,177   B0 00107640 ?CallImportModuleOpenFile@ImporterModule@ML@@UEAAHPEAUimFileOpenRec8@@PEAPEAX@Z
ImporterHost.dll,export,178   B1 00107650 ?CallImportModuleReopenFile@ImporterModule@ML@@UEAAHPEAUimFileOpenRec8@@PEAPEAX@Z
ImporterHost.dll,export,179   B2 00107660 ?CallImportModuleStatic@ImporterModule@ML@@UEAAHHPEAX0@Z
ImporterHost.dll,export,180   B3 000A2C30 ?CanAvoidAudioConform@FileImporter@ML@@AEBA_NVFrameRate@dvamediatypes@@_K@Z
ImporterHost.dll,export,181   B4 000BEF00 ?CanBeTrimmed@FileImporter@ML@@UEBA_NV?$InterfaceRef@UIProject@BE@@@classref@dvacore@@V?$InterfaceRef@UIMedia@BE@@@45@AEBVBinaryData@MF@@_N3@Z
ImporterHost.dll,export,182   B5 000BF2A0 ?CanBeTrimmed@FileImporter@ML@@UEBA_NV?$InterfaceRef@UIProject@BE@@@classref@dvacore@@V?$InterfaceRef@UIMedia@BE@@@45@AEBVBinaryData@MF@@_N3AEAVTickTime@dvamediatypes@@4@Z
ImporterHost.dll,export,183   B6 000A2CF0 ?CanCalcSizes@FileImporter@ML@@UEBA_NXZ
ImporterHost.dll,export,184   B7 0000EF70 ?CanCalcSizes@ImporterModule@ML@@QEBA_NXZ
ImporterHost.dll,export,185   B8 000A2D70 ?CanCopy@FileImporter@ML@@UEBA_NXZ
ImporterHost.dll,export,186   B9 0000EF80 ?CanCopy@ImporterModule@ML@@QEBA_NXZ
ImporterHost.dll,export,187   BA 0000EF90 ?CanCreate@ImporterModule@ML@@QEBA_NXZ
ImporterHost.dll,export,188   BB 0000EFA0 ?CanDelete@ImporterModule@ML@@QEBA_NXZ
ImporterHost.dll,export,189   BC 0000EFB0 ?CanDoContinuousTime@ImporterModule@ML@@QEBA_NXZ
ImporterHost.dll,export,190   BD 00114D10 ?CanDoDataRateAnalysis@Importer@ML@@UEAA_NXZ
ImporterHost.dll,export,191   BE 0000EFC0 ?CanHaveTimecode@ImporterModule@ML@@QEBA_NXZ
ImporterHost.dll,export,193   C0 000A2E00 ?CanProvideClosedCaptions@FileImporter@ML@@QEBA_NXZ
ImporterHost.dll,export,194   C1 0000EFD0 ?CanProvideClosedCaptions@ImporterModule@ML@@QEBA_NXZ
ImporterHost.dll,export,195   C2 000A2E80 ?CanProvideFileList@FileImporter@ML@@UEBA_NXZ
ImporterHost.dll,export,196   C3 0000EFE0 ?CanProvideFileList@ImporterModule@ML@@QEBA_NXZ
ImporterHost.dll,export,197   C4 0000EFF0 ?CanProvidePeakAudio@ImporterModule@ML@@QEBA_NXZ
ImporterHost.dll,export,198   C5 000A3080 ?CanSave@FileImporter@ML@@UEBA_NXZ
ImporterHost.dll,export,199   C6 0000F000 ?CanSave@ImporterModule@ML@@QEBA_NXZ
ImporterHost.dll,export,200   C7 0000F010 ?CanSupplyMetadataClipName@ImporterModule@ML@@QEBA_NXZ
ImporterHost.dll,export,201   C8 000A3100 ?CanTrim@FileImporter@ML@@UEBA_NXZ
ImporterHost.dll,export,202   C9 0000F020 ?CanTrim@ImporterModule@ML@@QEBA_NXZ
ImporterHost.dll,export,203   CA 00112690 ?CanValidatePrefs@Importer@ML@@UEBA_NXZ
ImporterHost.dll,export,204   CB 0000F030 ?CanValidatePrefs@ImporterModule@ML@@UEBA_NXZ
ImporterHost.dll,export,205   CC 000C9B00 ?CanWriteMarkersToFile@FileImporter@ML@@UEBA_NXZ
ImporterHost.dll,export,206   CD 000A3190 ?CanWriteTimecode@FileImporter@ML@@UEBA_NXZ
ImporterHost.dll,export,207   CE 000C9D00 ?CanWriteXMPToFile@FileImporter@ML@@UEBA_NXZ
ImporterHost.dll,export,208   CF 0002F870 ?CancelConform@ConformUtils@ML@@SAXAEBV?$InterfaceRef@UIMasterClip@BE@@@classref@dvacore@@@Z
ImporterHost.dll,export,209   D0 0002FE60 ?CancelConform@ConformUtils@ML@@SAXAEBV?$InterfaceRef@UIProjectItem@BE@@@classref@dvacore@@@Z
ImporterHost.dll,export,210   D1 00107870 ?CheckPriority@ImporterModule@ML@@UEBA_NH@Z
ImporterHost.dll,export,211   D2 00107880 ?CheckVersionSupport@ImporterModule@ML@@AEAAXXZ
ImporterHost.dll,export,212   D3 00179500 ?CleanupAfterCancel@ConformedAudioSourceFile@ML@@MEAAXAEBV?$lock_guard@Vmutex@std@@@std@@@Z
ImporterHost.dll,export,213   D4 000E6F00 ?ClearAudioStreams@Importer@ML@@IEAAXXZ
ImporterHost.dll,export,214   D5 000E6F70 ?ClearDataStreams@Importer@ML@@IEAAXXZ
ImporterHost.dll,export,215   D6 00179850 ?ClearRenderRequest@ConformedAudioSourceFile@ML@@MEAAXXZ
ImporterHost.dll,export,216   D7 000E6FE0 ?ClearVideoStreams@Importer@ML@@IEAAXXZ
ImporterHost.dll,export,217   D8 000A3890 ?Clone@FileImporter@ML@@UEBAHAEAV?$InterfaceRef@UIMediaInfo@BE@@@classref@dvacore@@AEAVBinaryData@MF@@@Z
ImporterHost.dll,export,218   D9 000CA000 ?CommitXMPToDisk@FileImporter@ML@@QEAAHAEBV?$vector@UPath@dvametadata@@V?$allocator@UPath@dvametadata@@@std@@@std@@AEBVBinaryData@MF@@PEAH@Z
ImporterHost.dll,export,219   DA 000CA7F0 ?ConvertTimeDisplayToString@FileImporter@ML@@AEAA?AV?$basic_string@_WU?$char_traits@_W@std@@U?$STLAllocator@_W@allocator@dvacore@@@std@@VTimeDisplay@dvamediatypes@@@Z
ImporterHost.dll,export,220   DB 00179F10 ?Copy@ConformedAudioSourceFile@ML@@UEAAHAEBV?$basic_string@_WU?$char_traits@_W@std@@U?$STLAllocator@_W@allocator@dvacore@@@std@@00@Z
ImporterHost.dll,export,221   DC 000C0120 ?CopyMediaFile@FileImporter@ML@@UEBAHAEBVBinaryData@MF@@AEAV?$basic_string@_WU?$char_traits@_W@std@@U?$STLAllocator@_W@allocator@dvacore@@@std@@P6A_NMPEAX@Z2@Z
ImporterHost.dll,export,222   DD 000C0330 ?CopyNumberedStills@FileImporter@ML@@AEBAHV?$basic_string@_WU?$char_traits@_W@std@@U?$STLAllocator@_W@allocator@dvacore@@@std@@0P6A_NMPEAX@Z1@Z
ImporterHost.dll,export,223   DE 000C0DE0 ?CopyUsingImporter@FileImporter@ML@@AEBAHAEBVBinaryData@MF@@AEBV?$basic_string@_WU?$char_traits@_W@std@@U?$STLAllocator@_W@allocator@dvacore@@@std@@AEAV56@P6A_NMPEAX@Z3@Z
ImporterHost.dll,export,225   E0 0016BB10 ?Create@AudioSourcePool@ML@@SA?AV?$InterfaceRef@VAudioSourcePool@ML@@@classref@dvacore@@XZ
ImporterHost.dll,export,226   E1 00179FC0 ?Create@ConformedAudioSourceFile@ML@@SA?AV?$InterfaceRef@UIAudioSource@AR@@@classref@dvacore@@V345@AEBVBinaryData@MF@@AEBVFrameRate@dvamediatypes@@AEBV?$basic_string@_WU?$char_traits@_W@std@@U?$STLAllocator@_W@allocator@dvacore@@@std@@AEBVGuid@utility@5@43_K33AEBVImmutableString@utility@5@@Z
ImporterHost.dll,export,227   E2 000A4620 ?Create@FileImporter@ML@@SA?AV?$InterfaceRef@VFileImporter@ML@@@classref@dvacore@@V?$InterfaceRef@VImporterModule@ML@@@45@HAEBVFrameRate@dvamediatypes@@1AEBV?$RectT@H@geom@5@AEBVPixelAspectRatio@8@AEBV?$shared_ptr@VStillSequence@MF@@@std@@_N@Z
ImporterHost.dll,export,230   E5 00180BE0 ?Create@ImportedAudioSource@ML@@SAHV?$InterfaceRef@UIAudioSource@AR@@@classref@dvacore@@AEBVBinaryData@MF@@AEBV?$basic_string@_WU?$char_traits@_W@std@@U?$STLAllocator@_W@allocator@dvacore@@@std@@AEBVFrameRate@dvamediatypes@@AEAV345@2AEBVGuid@utility@5@52_K22AEBVImmutableString@utility@5@_N8@Z
ImporterHost.dll,export,231   E6 00180EF0 ?Create@ImportedAudioSource@ML@@SAHV?$InterfaceRef@UIAudioSource@AR@@@classref@dvacore@@AEBVBinaryData@MF@@AEBVFrameRate@dvamediatypes@@AEAV345@AEBV?$basic_string@_WU?$char_traits@_W@std@@U?$STLAllocator@_W@allocator@dvacore@@@std@@AEBVGuid@utility@5@54_K44AEBVImmutableString@utility@5@_N8@Z
ImporterHost.dll,export,232   E7 000F42D0 ?Create@ImporterFactory@ML@@SA?AV?$InterfaceRef@VImporterFactory@ML@@@classref@dvacore@@XZ
ImporterHost.dll,export,233   E8 000F42F0 ?Create@ImporterFactory@ML@@UEAA?AV?$InterfaceRef@UIPluginModule@ML@@@classref@dvacore@@V?$InterfaceRef@UIPlugin@ML@@@45@V?$InterfaceRef@UIPiPL@ML@@@45@AEBW4ModuleOwnership@2@@Z
ImporterHost.dll,export,236   EB 000708A0 ?CreateClassRef@AudioSourcePool@ML@@SA?AV?$InterfaceRef@VAudioSourcePool@ML@@@classref@dvacore@@XZ
ImporterHost.dll,export,237   EC 000A4AF0 ?CreateClassRef@ConformedAudioSourceFile@ML@@SA?AV?$InterfaceRef@VConformedAudioSourceFile@ML@@@classref@dvacore@@XZ
ImporterHost.dll,export,238   ED 0000F040 ?CreateClassRef@FileImporter@ML@@SA?AV?$InterfaceRef@VFileImporter@ML@@@classref@dvacore@@XZ
ImporterHost.dll,export,239   EE 0006D080 ?CreateClassRef@ImporterFactory@ML@@SA?AV?$InterfaceRef@VImporterFactory@ML@@@classref@dvacore@@XZ
ImporterHost.dll,export,240   EF 0000F160 ?CreateClassRef@ImporterModule@ML@@SA?AV?$InterfaceRef@VImporterModule@ML@@@classref@dvacore@@XZ
ImporterHost.dll,export,241   F0 000708C0 ?CreateClassRefIfSingletonExists@AudioSourcePool@ML@@SA?AV?$InterfaceRef@VAudioSourcePool@ML@@@classref@dvacore@@XZ
ImporterHost.dll,export,242   F1 0006D0A0 ?CreateClassRefIfSingletonExists@ImporterFactory@ML@@SA?AV?$InterfaceRef@VImporterFactory@ML@@@classref@dvacore@@XZ
ImporterHost.dll,export,243   F2 00070E80 ?CreateClassRefInternal@AudioSourcePool@ML@@SA?AV?$InterfaceRef@VAudioSourcePool@ML@@@classref@dvacore@@_N@Z
ImporterHost.dll,export,244   F3 0006D0C0 ?CreateClassRefInternal@ImporterFactory@ML@@SA?AV?$InterfaceRef@VImporterFactory@ML@@@classref@dvacore@@_N@Z
ImporterHost.dll,export,245   F4 000A4C10 ?CreateDeferredImporter@FileImporter@ML@@MEAA?AV?$InterfaceRef@VImporter@ML@@@classref@dvacore@@AEBVImmutableString@utility@5@@Z
ImporterHost.dll,export,246   F5 0000F280 ?CreateDeferredImporter@Importer@ML@@MEAA?AV?$InterfaceRef@VImporter@ML@@@classref@dvacore@@AEBVImmutableString@utility@5@@Z
ImporterHost.dll,export,247   F6 000F44B0 ?CreateFileMediaInfo@ImporterFactory@ML@@UEAAHAEBV?$basic_string@_WU?$char_traits@_W@std@@U?$STLAllocator@_W@allocator@dvacore@@@std@@AEBVFrameRate@dvamediatypes@@1AEBV?$RectT@H@geom@dvacore@@AEBVPixelAspectRatio@6@_NAEA_NAEAV?$InterfaceRef@UIMediaInfo@BE@@@classref@9@AEAVBinaryData@MF@@AEAV?$map@V?$basic_string@_WU?$char_traits@_W@std@@U?$STLAllocator@_W@allocator@dvacore@@@std@@V12@U?$less@V?$basic_string@_WU?$char_traits@_W@std@@U?$STLAllocator@_W@allocator@dvacore@@@std@@@2@U?$STLAllocator@U?$pair@$$CBV?$basic_string@_WU?$char_traits@_W@std@@U?$STLAllocator@_W@allocator@dvacore@@@std@@V12@@std@@@allocator@dvacore@@@4@44@Z
ImporterHost.dll,export,248   F7 000F45B0 ?CreateFileMediaInfoInner@ImporterFactory@ML@@AEAAHAEBV?$basic_string@_WU?$char_traits@_W@std@@U?$STLAllocator@_W@allocator@dvacore@@@std@@AEBVFrameRate@dvamediatypes@@1AEBV?$RectT@H@geom@dvacore@@AEBVPixelAspectRatio@6@AEBV?$shared_ptr@VStillSequence@MF@@@4@AEA_NAEAV?$InterfaceRef@UIMediaInfo@BE@@@classref@9@AEAVBinaryData@MF@@AEAV?$map@V?$basic_string@_WU?$char_traits@_W@std@@U?$STLAllocator@_W@allocator@dvacore@@@std@@V12@U?$less@V?$basic_string@_WU?$char_traits@_W@std@@U?$STLAllocator@_W@allocator@dvacore@@@std@@@2@U?$STLAllocator@U?$pair@$$CBV?$basic_string@_WU?$char_traits@_W@std@@U?$STLAllocator@_W@allocator@dvacore@@@std@@V12@@std@@@allocator@dvacore@@@4@_N9@Z
ImporterHost.dll,export,249   F8 000F46B0 ?CreateFileMediaInfoInnerWithHostMediaSource@ImporterFactory@ML@@AEAAHAEBV?$InterfaceRef@UIHostMediaSource@HostIO@@@classref@dvacore@@AEBV?$basic_string@_WU?$char_traits@_W@std@@U?$STLAllocator@_W@allocator@dvacore@@@std@@AEBVFrameRate@dvamediatypes@@2AEBV?$RectT@H@geom@5@AEBVPixelAspectRatio@9@AEBV?$shared_ptr@VStillSequence@MF@@@7@AEA_NAEAV?$InterfaceRef@UIMediaInfo@BE@@@45@AEAVBinaryData@MF@@AEAV?$map@V?$basic_string@_WU?$char_traits@_W@std@@U?$STLAllocator@_W@allocator@dvacore@@@std@@V12@U?$less@V?$basic_string@_WU?$char_traits@_W@std@@U?$STLAllocator@_W@allocator@dvacore@@@std@@@2@U?$STLAllocator@U?$pair@$$CBV?$basic_string@_WU?$char_traits@_W@std@@U?$STLAllocator@_W@allocator@dvacore@@@std@@V12@@std@@@allocator@dvacore@@@7@_N_N@Z
ImporterHost.dll,export,250   F9 000F56B0 ?CreateFileMediaInfoWithHostMediaSource@ImporterFactory@ML@@UEAAHAEBV?$InterfaceRef@UIHostMediaSource@HostIO@@@classref@dvacore@@AEBV?$basic_string@_WU?$char_traits@_W@std@@U?$STLAllocator@_W@allocator@dvacore@@@std@@AEBVFrameRate@dvamediatypes@@2AEBV?$RectT@H@geom@5@AEBVPixelAspectRatio@9@_NAEA_NAEAV?$InterfaceRef@UIMediaInfo@BE@@@45@AEAVBinaryData@MF@@AEAV?$map@V?$basic_string@_WU?$char_traits@_W@std@@U?$STLAllocator@_W@allocator@dvacore@@@std@@V12@U?$less@V?$basic_string@_WU?$char_traits@_W@std@@U?$STLAllocator@_W@allocator@dvacore@@@std@@@2@U?$STLAllocator@U?$pair@$$CBV?$basic_string@_WU?$char_traits@_W@std@@U?$STLAllocator@_W@allocator@dvacore@@@std@@V12@@std@@@allocator@dvacore@@@7@55@Z
ImporterHost.dll,export,251   FA 000F5960 ?CreateImporterForMedia@ImporterFactory@ML@@UEBAHAEBV?$InterfaceRef@UIMedia@BE@@@classref@dvacore@@AEBV?$basic_string@EU?$char_traits@E@std@@U?$STLAllocator@E@allocator@dvacore@@@std@@1AEBVFrameRate@dvamediatypes@@2AEBV?$RectT@H@geom@5@AEBVPixelAspectRatio@9@AEAVBinaryData@MF@@AEAV?$map@V?$basic_string@_WU?$char_traits@_W@std@@U?$STLAllocator@_W@allocator@dvacore@@@std@@V12@U?$less@V?$basic_string@_WU?$char_traits@_W@std@@U?$STLAllocator@_W@allocator@dvacore@@@std@@@2@U?$STLAllocator@U?$pair@$$CBV?$basic_string@_WU?$char_traits@_W@std@@U?$STLAllocator@_W@allocator@dvacore@@@std@@V12@@std@@@allocator@dvacore@@@7@AEAV?$InterfaceRef@UIMediaInfo@BE@@@45@_N8AEA_N8@Z
ImporterHost.dll,export,252   FB 000F6010 ?CreateImporterForMediaWithHostMediaSource@ImporterFactory@ML@@UEBAHAEBV?$InterfaceRef@UIHostMediaSource@HostIO@@@classref@dvacore@@AEBV?$InterfaceRef@UIMedia@BE@@@45@AEBV?$basic_string@EU?$char_traits@E@std@@U?$STLAllocator@E@allocator@dvacore@@@std@@2AEBVFrameRate@dvamediatypes@@3AEBV?$RectT@H@geom@5@AEBVPixelAspectRatio@dvamediatypes@@AEAVBinaryData@MF@@AEAV?$map@V?$basic_string@_WU?$char_traits@_W@std@@U?$STLAllocator@_W@allocator@dvacore@@@std@@V12@U?$less@V?$basic_string@_WU?$char_traits@_W@std@@U?$STLAllocator@_W@allocator@dvacore@@@std@@@2@U?$STLAllocator@U?$pair@$$CBV?$basic_string@_WU?$char_traits@_W@std@@U?$STLAllocator@_W@allocator@dvacore@@@std@@V12@@std@@@allocator@dvacore@@@8@AEAV?$InterfaceRef@UIMediaInfo@BE@@@45@_N9AEA_N9@Z
ImporterHost.dll,export,253   FC 00071D60 ?CreateInstanceRef@AudioSourcePool@ML@@SAXAEAV?$InterfaceRef@UUnknownBase@classref@dvacore@@@classref@dvacore@@@Z
ImporterHost.dll,export,254   FD 000A50D0 ?CreateInstanceRef@ConformedAudioSourceFile@ML@@SAXAEAV?$InterfaceRef@UUnknownBase@classref@dvacore@@@classref@dvacore@@@Z
ImporterHost.dll,export,255   FE 0000F2B0 ?CreateInstanceRef@FileImporter@ML@@SAXAEAV?$InterfaceRef@UUnknownBase@classref@dvacore@@@classref@dvacore@@@Z
ImporterHost.dll,export,256   FF 0006D390 ?CreateInstanceRef@ImporterFactory@ML@@SAXAEAV?$InterfaceRef@UUnknownBase@classref@dvacore@@@classref@dvacore@@@Z
ImporterHost.dll,export,257  100 0000F390 ?CreateInstanceRef@ImporterModule@ML@@SAXAEAV?$InterfaceRef@UUnknownBase@classref@dvacore@@@classref@dvacore@@@Z
ImporterHost.dll,export,258  101 001078A0 ?CreateMediaInfo@ImporterModule@ML@@UEBAHAEAV?$InterfaceRef@UIMediaInfo@BE@@@classref@dvacore@@AEAV?$basic_string@_WU?$char_traits@_W@std@@U?$STLAllocator@_W@allocator@dvacore@@@std@@HAEAVBinaryData@MF@@AEAV?$map@V?$basic_string@_WU?$char_traits@_W@std@@U?$STLAllocator@_W@allocator@dvacore@@@std@@V12@U?$less@V?$basic_string@_WU?$char_traits@_W@std@@U?$STLAllocator@_W@allocator@dvacore@@@std@@@2@U?$STLAllocator@U?$pair@$$CBV?$basic_string@_WU?$char_traits@_W@std@@U?$STLAllocator@_W@allocator@dvacore@@@std@@V12@@std@@@allocator@dvacore@@@7@AEBVFrameRate@dvamediatypes@@4AEBV?$RectT@H@geom@5@AEBVPixelAspectRatio@dvamediatypes@@AEBV?$shared_ptr@VStillSequence@MF@@@7@AEA_N_N99@Z
ImporterHost.dll,export,259  102 0000F470 ?CreateMediaInfo@ImporterModule@ML@@UEBAHAEAV?$InterfaceRef@UIMediaInfo@BE@@@classref@dvacore@@AEAV?$basic_string@_WU?$char_traits@_W@std@@U?$STLAllocator@_W@allocator@dvacore@@@std@@HAEAVBinaryData@MF@@AEAV?$map@V?$basic_string@_WU?$char_traits@_W@std@@U?$STLAllocator@_W@allocator@dvacore@@@std@@V12@U?$less@V?$basic_string@_WU?$char_traits@_W@std@@U?$STLAllocator@_W@allocator@dvacore@@@std@@@2@U?$STLAllocator@U?$pair@$$CBV?$basic_string@_WU?$char_traits@_W@std@@U?$STLAllocator@_W@allocator@dvacore@@@std@@V12@@std@@@allocator@dvacore@@@7@AEBVFrameRate@dvamediatypes@@4AEBV?$RectT@H@geom@5@AEBVPixelAspectRatio@dvamediatypes@@AEBV?$shared_ptr@VStillSequence@MF@@@7@AEA_N_N9@Z
ImporterHost.dll,export,260  103 000A51B0 ?CreateSourceForStream@FileImporter@ML@@UEBAHAEBV?$lock_guard@VAssertingRecursiveMutex@threads@dvacore@@@std@@VGuid@utility@dvacore@@_KAEBVBinaryData@MF@@AEBVFrameRate@dvamediatypes@@AEBV?$basic_string@_WU?$char_traits@_W@std@@U?$STLAllocator@_W@allocator@dvacore@@@4@555AEAV?$InterfaceRef@UISource@MF@@@classref@7@@Z
ImporterHost.dll,export,261  104 000E7560 ?CreateSourceForStream@Importer@ML@@UEBAHVGuid@utility@dvacore@@_KAEBVBinaryData@MF@@AEBVFrameRate@dvamediatypes@@AEBV?$basic_string@_WU?$char_traits@_W@std@@U?$STLAllocator@_W@allocator@dvacore@@@std@@444AEAV?$InterfaceRef@UISource@MF@@@classref@5@@Z
ImporterHost.dll,export,262  105 000F6D00 ?CreateStillSequenceMediaInfo@ImporterFactory@ML@@UEAAHAEBV?$basic_string@_WU?$char_traits@_W@std@@U?$STLAllocator@_W@allocator@dvacore@@@std@@AEBVFrameRate@dvamediatypes@@1AEBV?$RectT@H@geom@dvacore@@AEBVPixelAspectRatio@6@AEBV?$shared_ptr@VStillSequence@MF@@@4@AEA_NAEAV?$InterfaceRef@UIMediaInfo@BE@@@classref@9@AEAVBinaryData@MF@@AEAV?$map@V?$basic_string@_WU?$char_traits@_W@std@@U?$STLAllocator@_W@allocator@dvacore@@@std@@V12@U?$less@V?$basic_string@_WU?$char_traits@_W@std@@U?$STLAllocator@_W@allocator@dvacore@@@std@@@2@U?$STLAllocator@U?$pair@$$CBV?$basic_string@_WU?$char_traits@_W@std@@U?$STLAllocator@_W@allocator@dvacore@@@std@@V12@@std@@@allocator@dvacore@@@4@_N@Z
ImporterHost.dll,export,263  106 000F6D80 ?CreateSyntheticImporter@ImporterFactory@ML@@UEBAHAEBV?$basic_string@_WU?$char_traits@_W@std@@U?$STLAllocator@_W@allocator@dvacore@@@std@@0AEBVFrameRate@dvamediatypes@@1AEBV?$RectT@H@geom@dvacore@@AEBVPixelAspectRatio@6@AEAVBinaryData@MF@@AEAV?$map@V?$basic_string@_WU?$char_traits@_W@std@@U?$STLAllocator@_W@allocator@dvacore@@@std@@V12@U?$less@V?$basic_string@_WU?$char_traits@_W@std@@U?$STLAllocator@_W@allocator@dvacore@@@std@@@2@U?$STLAllocator@U?$pair@$$CBV?$basic_string@_WU?$char_traits@_W@std@@U?$STLAllocator@_W@allocator@dvacore@@@std@@V12@@std@@@allocator@dvacore@@@4@AEAV?$InterfaceRef@UIMediaInfo@BE@@@classref@9@AEAV34@_N@Z
ImporterHost.dll,export,264  107 000F6F70 ?CreateSyntheticImporter@ImporterFactory@ML@@UEBAHV?$InterfaceRef@UIMediaModule@ML@@@classref@dvacore@@AEBV?$basic_string@_WU?$char_traits@_W@std@@U?$STLAllocator@_W@allocator@dvacore@@@std@@1AEBVFrameRate@dvamediatypes@@2AEBV?$RectT@H@geom@5@AEBVPixelAspectRatio@9@AEAVBinaryData@MF@@AEAV?$map@V?$basic_string@_WU?$char_traits@_W@std@@U?$STLAllocator@_W@allocator@dvacore@@@std@@V12@U?$less@V?$basic_string@_WU?$char_traits@_W@std@@U?$STLAllocator@_W@allocator@dvacore@@@std@@@2@U?$STLAllocator@U?$pair@$$CBV?$basic_string@_WU?$char_traits@_W@std@@U?$STLAllocator@_W@allocator@dvacore@@@std@@V12@@std@@@allocator@dvacore@@@7@AEAV?$InterfaceRef@UIMediaInfo@BE@@@45@_N@Z
ImporterHost.dll,export,265  108 000F71B0 ?CreateSyntheticImporterImpl@ImporterFactory@ML@@QEBAHAEBV?$InterfaceRef@UIMedia@BE@@@classref@dvacore@@V?$InterfaceRef@UIMediaModule@ML@@@45@AEBV?$basic_string@_WU?$char_traits@_W@std@@U?$STLAllocator@_W@allocator@dvacore@@@std@@AEAV78@AEBVFrameRate@dvamediatypes@@4AEBV?$RectT@H@geom@5@AEBVPixelAspectRatio@dvamediatypes@@AEAVBinaryData@MF@@AEAV?$map@V?$basic_string@_WU?$char_traits@_W@std@@U?$STLAllocator@_W@allocator@dvacore@@@std@@V12@U?$less@V?$basic_string@_WU?$char_traits@_W@std@@U?$STLAllocator@_W@allocator@dvacore@@@std@@@2@U?$STLAllocator@U?$pair@$$CBV?$basic_string@_WU?$char_traits@_W@std@@U?$STLAllocator@_W@allocator@dvacore@@@std@@V12@@std@@@allocator@dvacore@@@8@AEBV?$shared_ptr@VStillSequence@MF@@@8@AEAV?$InterfaceRef@UIMediaInfo@BE@@@45@_N_N@Z
ImporterHost.dll,export,266  109 000F7700 ?CreateUnknown@ImporterFactory@ML@@UEAA?AV?$InterfaceRef@UIPluginModule@ML@@@classref@dvacore@@AEBV?$InterfaceRef@UIPlugin@ML@@@45@AEBV?$vector@V?$InterfaceRef@UIPiPL@ML@@@classref@dvacore@@U?$STLAllocator@V?$InterfaceRef@UIPiPL@ML@@@classref@dvacore@@@allocator@3@@std@@HW4ModuleOwnership@2@AEAH@Z
ImporterHost.dll,export,267  10A 000E7640 ?DeducePar@Importer@ML@@IEAA?AVPixelAspectRatio@dvamediatypes@@AEBV34@AEAUimFileInfoRec9@@V?$InterfaceRef@UIMediaMetaData@BE@@@classref@dvacore@@AEBVBinaryData@MF@@@Z
ImporterHost.dll,export,268  10B 0017A250 ?DeleteFileW@ConformedAudioSourceFile@ML@@UEAAHAEBV?$basic_string@_WU?$char_traits@_W@std@@U?$STLAllocator@_W@allocator@dvacore@@@std@@@Z
ImporterHost.dll,export,269  10C 000A6A40 ?DeleteFileW@FileImporter@ML@@UEAAHAEBV?$basic_string@_WU?$char_traits@_W@std@@U?$STLAllocator@_W@allocator@dvacore@@@std@@AEBVBinaryData@MF@@@Z
ImporterHost.dll,export,270  10D 000A7390 ?DisableGrowingRefreshes@FileImporter@ML@@UEAAX_N@Z
ImporterHost.dll,export,271  10E 00114D90 ?DoAnalysis@Importer@ML@@UEAAHAEBVBinaryData@MF@@_KAEBVTickTime@dvamediatypes@@AEBVFrameRate@6@AEAV?$vector@V?$basic_string@_WU?$char_traits@_W@std@@U?$STLAllocator@_W@allocator@dvacore@@@std@@U?$STLAllocator@V?$basic_string@_WU?$char_traits@_W@std@@U?$STLAllocator@_W@allocator@dvacore@@@std@@@allocator@dvacore@@@std@@_NAEBVPixelAspectRatio@6@VTimeDisplay@6@7_NAEBUColorSpace@color@6@595AEBVGuid@utility@dvacore@@@Z
ImporterHost.dll,export,272  10F 00115340 ?DoDataRateAnalysis@Importer@ML@@UEAAHAEBVBinaryData@MF@@_KAEAV?$vector@VAnalysisDataRateElement@BE@@V?$allocator@VAnalysisDataRateElement@BE@@@std@@@std@@PEAH@Z
ImporterHost.dll,export,275  112 00072210 ?DoesXMPPropertyExist@ImporterHost@@YA_NAEBV?$basic_string@EU?$char_traits@E@std@@U?$STLAllocator@E@allocator@dvacore@@@std@@PEBD@Z
ImporterHost.dll,export,276  113 0000F510 ?DontUse@ImporterModule@ML@@QEBA_NXZ
ImporterHost.dll,export,279  116 0017A390 ?EndConformationInitOperation@ConformedAudioSourceFile@ML@@SAXXZ
ImporterHost.dll,export,280  117 001082F0 ?ExportDescription@ImporterModule@ML@@AEAAHAEAVRegistryKey@utility@dvacore@@@Z
ImporterHost.dll,export,281  118 0016BB30 ?FindAudioSource@AudioSourcePool@ML@@QEAA?AV?$InterfaceRef@VAudioSourceImpl@ML@@@classref@dvacore@@AEBV?$basic_string@_WU?$char_traits@_W@std@@U?$STLAllocator@_W@allocator@dvacore@@@std@@AEBVGuid@utility@5@0AEBVFrameRate@dvamediatypes@@AEBVTickTime@dvamediatypes@@1AEBVBinaryData@MF@@AEBV?$vector@UAudioChannelDescription@dvamediatypes@@U?$STLAllocator@UAudioChannelDescription@dvamediatypes@@@allocator@dvacore@@@7@@Z
ImporterHost.dll,export,282  119 0016C070 ?FindAudioSource@AudioSourcePool@ML@@QEAA?AV?$InterfaceRef@VAudioSourceImpl@ML@@@classref@dvacore@@AEBV?$basic_string@_WU?$char_traits@_W@std@@U?$STLAllocator@_W@allocator@dvacore@@@std@@AEBVGuid@utility@5@_KAEBVFrameRate@dvamediatypes@@AEBVTickTime@dvamediatypes@@1AEBVBinaryData@MF@@AEBV?$vector@UAudioChannelDescription@dvamediatypes@@U?$STLAllocator@UAudioChannelDescription@dvamediatypes@@@allocator@dvacore@@@7@@Z
ImporterHost.dll,export,284  11B 000F7CD0 ?FindExtensionFromFileType@ImporterFactory@ML@@QEBA?AV?$basic_string@_WU?$char_traits@_W@std@@U?$STLAllocator@_W@allocator@dvacore@@@std@@H@Z
ImporterHost.dll,export,286  11D 000F7D60 ?FindImporterFromImporterPool@ImporterFactory@ML@@UEBAHAEBV?$InterfaceRef@UIMedia@BE@@@classref@dvacore@@AEBV?$basic_string@_WU?$char_traits@_W@std@@U?$STLAllocator@_W@allocator@dvacore@@@std@@AEAVBinaryData@MF@@AEAV?$map@V?$basic_string@_WU?$char_traits@_W@std@@U?$STLAllocator@_W@allocator@dvacore@@@std@@V12@U?$less@V?$basic_string@_WU?$char_traits@_W@std@@U?$STLAllocator@_W@allocator@dvacore@@@std@@@2@U?$STLAllocator@U?$pair@$$CBV?$basic_string@_WU?$char_traits@_W@std@@U?$STLAllocator@_W@allocator@dvacore@@@std@@V12@@std@@@allocator@dvacore@@@7@AEAV?$InterfaceRef@UIMediaInfo@BE@@@45@@Z
ImporterHost.dll,export,287  11E 000F8120 ?FindImporterModule@ImporterFactory@ML@@QEBA?AV?$InterfaceRef@UIMediaModule@ML@@@classref@dvacore@@AEBV?$basic_string@_WU?$char_traits@_W@std@@U?$STLAllocator@_W@allocator@dvacore@@@std@@@Z
ImporterHost.dll,export,288  11F 000F8300 ?FindImporterModule@ImporterFactory@ML@@QEBA?AV?$InterfaceRef@UIMediaModule@ML@@@classref@dvacore@@H@Z
ImporterHost.dll,export,289  120 000F83A0 ?FindImporterModuleByInstanceString@ImporterFactory@ML@@UEBA?AV?$InterfaceRef@UIMediaModule@ML@@@classref@dvacore@@AEBV?$basic_string@EU?$char_traits@E@std@@U?$STLAllocator@E@allocator@dvacore@@@std@@@Z
ImporterHost.dll,export,292  123 00072620 ?FlushPendingMetadataWrites@ImporterHost@@YAXAEBV?$function@$$A6AXXZ@std@@@Z
ImporterHost.dll,export,293  124 00140690 ?FormatForFrame@VideoSourceFrameCache@ML@@YA?AUFrameFormat@MF@@AEBV?$InterfaceRef@UIVideoFrame@MF@@@classref@dvacore@@W4RenderQuality@dvamediatypes@@@Z
ImporterHost.dll,export,296  127 00108C50 ?GetAcceleratorExtAsString@ImporterModule@ML@@QEBA?AV?$basic_string@_WU?$char_traits@_W@std@@U?$STLAllocator@_W@allocator@dvacore@@@std@@XZ
ImporterHost.dll,export,297  128 0000F700 ?GetAddToMenu@ImporterModule@ML@@UEBAHXZ
ImporterHost.dll,export,298  129 000CADD0 ?GetAlphaTypeString@FileImporter@ML@@AEAA?AV?$basic_string@_WU?$char_traits@_W@std@@U?$STLAllocator@_W@allocator@dvacore@@@std@@W4AlphaChannel@dvamediatypes@@@Z
ImporterHost.dll,export,299  12A 000CB010 ?GetAltReel@FileImporter@ML@@UEBA?AV?$basic_string@EU?$char_traits@E@std@@U?$STLAllocator@E@allocator@dvacore@@@std@@XZ
ImporterHost.dll,export,300  12B 000CB1A0 ?GetAltTime@FileImporter@ML@@UEBA?AVTickTime@dvamediatypes@@XZ
ImporterHost.dll,export,303  12E 000F84E0 ?GetAudioOnlyImporters@ImporterFactory@ML@@UEBAXAEAV?$vector@V?$InterfaceRef@UIMediaModule@ML@@@classref@dvacore@@V?$allocator@V?$InterfaceRef@UIMediaModule@ML@@@classref@dvacore@@@std@@@std@@@Z
ImporterHost.dll,export,304  12F 000CB6D0 ?GetAudioSampleTypeString@FileImporter@ML@@AEAA?AV?$basic_string@_WU?$char_traits@_W@std@@U?$STLAllocator@_W@allocator@dvacore@@@std@@W4AudioSampleType@MF@@@Z
ImporterHost.dll,export,305  130 000F86E0 ?GetAudioVideoImporters@ImporterFactory@ML@@UEBAXAEAV?$vector@V?$InterfaceRef@UIMediaModule@ML@@@classref@dvacore@@V?$allocator@V?$InterfaceRef@UIMediaModule@ML@@@classref@dvacore@@@std@@@std@@@Z
ImporterHost.dll,export,306  131 000F88E0 ?GetAudioVideoStillImporters@ImporterFactory@ML@@UEBAXAEAV?$vector@V?$InterfaceRef@UIMediaModule@ML@@@classref@dvacore@@V?$allocator@V?$InterfaceRef@UIMediaModule@ML@@@classref@dvacore@@@std@@@std@@@Z
ImporterHost.dll,export,307  132 000CBBF0 ?GetCameraModel@FileImporter@ML@@UEBA?AV?$basic_string@EU?$char_traits@E@std@@U?$STLAllocator@E@allocator@dvacore@@@std@@XZ
ImporterHost.dll,export,308  133 0011C700 ?GetCaptioningImportSettingsPrefs@Importer@ML@@IEAA_NAEAVBinaryData@MF@@@Z
ImporterHost.dll,export,309  134 0017A450 ?GetContentState@ConformedAudioSourceFile@ML@@EEBA?AVGuid@utility@dvacore@@XZ
ImporterHost.dll,export,310  135 000AB9C0 ?GetContentState@FileImporter@ML@@UEBA?AVGuid@utility@dvacore@@AEBV?$lock_guard@VAssertingRecursiveMutex@threads@dvacore@@@std@@@Z
ImporterHost.dll,export,311  136 000AB9E0 ?GetContentState@FileImporter@ML@@UEBA?AVGuid@utility@dvacore@@XZ
ImporterHost.dll,export,312  137 000E7A40 ?GetContentStateFromImporter@Importer@ML@@IEBAHAEBV?$basic_string@_WU?$char_traits@_W@std@@U?$STLAllocator@_W@allocator@dvacore@@@std@@AEAVGuid@utility@dvacore@@@Z
ImporterHost.dll,export,313  138 00120D70 ?GetDataStreamsInfo@Importer@ML@@IEAAHAEBUimFileInfoRec9@@V?$InterfaceRef@UIImporterInstance@ML@@@classref@dvacore@@AEBVBinaryData@MF@@@Z
ImporterHost.dll,export,314  139 0017A460 ?GetDatabaseLocation@ConformedAudioSourceFile@ML@@EEBAHAEAV?$basic_string@_WU?$char_traits@_W@std@@U?$STLAllocator@_W@allocator@dvacore@@@std@@0@Z
ImporterHost.dll,export,315  13A 00108D60 ?GetDescription@ImporterModule@ML@@AEAAXAEAUSerializedData@1PluginSupport@2@@Z
ImporterHost.dll,export,317  13C 00109460 ?GetDisplayName@ImporterModule@ML@@UEBA?AV?$basic_string@_WU?$char_traits@_W@std@@U?$STLAllocator@_W@allocator@dvacore@@@std@@XZ
ImporterHost.dll,export,318  13D 0017A6C0 ?GetDocumentID@ConformedAudioSourceFile@ML@@EEBA?AVGuid@utility@dvacore@@XZ
ImporterHost.dll,export,319  13E 000ABB70 ?GetDocumentID@FileImporter@ML@@UEBA?AVGuid@utility@dvacore@@XZ
ImporterHost.dll,export,320  13F 000CBD50 ?GetDocumentIDAndContentState@FileImporter@ML@@SAHPEAV?$TXMPMeta@V?$basic_string@DU?$char_traits@D@std@@V?$allocator@D@2@@std@@@@AEAVGuid@utility@dvacore@@1@Z
ImporterHost.dll,export,321  140 000CC300 ?GetDocumentIDAndContentStateFromPath@FileImporter@ML@@SAHAEBV?$basic_string@_WU?$char_traits@_W@std@@U?$STLAllocator@_W@allocator@dvacore@@@std@@_NAEAVGuid@utility@dvacore@@2@Z
ImporterHost.dll,export,322  141 0000F720 ?GetDrawType@ImporterModule@ML@@UEBAIXZ
ImporterHost.dll,export,326  145 000ABC50 ?GetErrorStation@ConformedAudioSourceFile@ML@@MEBA?AVImmutableString@utility@dvacore@@XZ
ImporterHost.dll,export,327  146 000CC780 ?GetFieldType@FileImporter@ML@@UEBA?AW4FieldType@dvamediatypes@@XZ
ImporterHost.dll,export,328  147 000CC8D0 ?GetFieldTypeString@FileImporter@ML@@AEAA?AV?$basic_string@_WU?$char_traits@_W@std@@U?$STLAllocator@_W@allocator@dvacore@@@std@@W4FieldType@dvamediatypes@@@Z
ImporterHost.dll,export,329  148 00112720 ?GetFileAttributesW@Importer@ML@@MEAAH_KAEAVDate@ASL@@AEAVTickTime@dvamediatypes@@AEAVBinaryData@MF@@@Z
ImporterHost.dll,export,330  149 000E7BC0 ?GetFileCurrentMediaState@Importer@ML@@IEBA?AVGuid@utility@dvacore@@AEBV?$basic_string@_WU?$char_traits@_W@std@@U?$STLAllocator@_W@allocator@dvacore@@@std@@@Z
ImporterHost.dll,export,332  14B 00077700 ?GetFileHash@ImporterUsageLogger@ImporterHost@@SA?AVGuid@utility@dvacore@@AEBV?$basic_string@_WU?$char_traits@_W@std@@U?$STLAllocator@_W@allocator@dvacore@@@std@@@Z
ImporterHost.dll,export,333  14C 00077780 ?GetFileHashFromPath@ImporterUsageLogger@ImporterHost@@SAXAEBV?$basic_string@_WU?$char_traits@_W@std@@U?$STLAllocator@_W@allocator@dvacore@@@std@@AEAV?$basic_string@EU?$char_traits@E@std@@U?$STLAllocator@E@allocator@dvacore@@@4@@Z
ImporterHost.dll,export,334  14D 000ABC80 ?GetFileImporterImplementationID@ML@@YA?AVGuid@utility@dvacore@@XZ
ImporterHost.dll,export,335  14E 0000F730 ?GetFileInfoVersion@ImporterModule@ML@@QEBA?AVGuid@utility@dvacore@@XZ
ImporterHost.dll,export,337  150 000ABDD0 ?GetFilePath@FileImporter@ML@@UEBA?AV?$basic_string@_WU?$char_traits@_W@std@@U?$STLAllocator@_W@allocator@dvacore@@@std@@XZ
ImporterHost.dll,export,338  151 000C14C0 ?GetFilePathListForCopy@FileImporter@ML@@QEAAHAEBV?$lock_guard@VAssertingRecursiveMutex@threads@dvacore@@@std@@_NAEBVBinaryData@MF@@AEAV?$vector@V?$basic_string@_WU?$char_traits@_W@std@@U?$STLAllocator@_W@allocator@dvacore@@@std@@U?$STLAllocator@V?$basic_string@_WU?$char_traits@_W@std@@U?$STLAllocator@_W@allocator@dvacore@@@std@@@allocator@dvacore@@@4@@Z
ImporterHost.dll,export,339  152 000C1E70 ?GetFilePathListForCopy@FileImporter@ML@@UEAAHAEBVBinaryData@MF@@AEAV?$vector@V?$basic_string@_WU?$char_traits@_W@std@@U?$STLAllocator@_W@allocator@dvacore@@@std@@U?$STLAllocator@V?$basic_string@_WU?$char_traits@_W@std@@U?$STLAllocator@_W@allocator@dvacore@@@std@@@allocator@dvacore@@@std@@@Z
ImporterHost.dll,export,340  153 00112860 ?GetFileType@Importer@ML@@QEBAHXZ
ImporterHost.dll,export,341  154 00112870 ?GetFilenameForStream@Importer@ML@@MEBA?AV?$basic_string@_WU?$char_traits@_W@std@@U?$STLAllocator@_W@allocator@dvacore@@@std@@_K@Z
ImporterHost.dll,export,342  155 000E7CB0 ?GetFrameFromCache@Importer@ML@@QEAAHAEAV?$InterfaceRef@UIVideoFrame@MF@@@classref@dvacore@@_KHAEBUFrameFormat@MF@@AEBVBinaryData@7@@Z
ImporterHost.dll,export,343  156 000E7D30 ?GetFrameFromCacheLocked@Importer@ML@@QEAAHAEAV?$InterfaceRef@UIVideoFrame@MF@@@classref@dvacore@@_KHAEBUFrameFormat@MF@@AEBVBinaryData@7@@Z
ImporterHost.dll,export,344  157 000ABEC0 ?GetHashInfo@FileImporter@ML@@UEBAXAEAVBinaryData@MF@@@Z
ImporterHost.dll,export,345  158 000ABED0 ?GetHashInfo@FileImporter@ML@@UEBAXAEBUReplacedMediaInfoData@BE@@AEAVBinaryData@MF@@@Z
ImporterHost.dll,export,346  159 000E7ED0 ?GetIdentifierForFrame@Importer@ML@@QEAA?AVGuid@utility@dvacore@@_KHAEBUFrameFormat@MF@@AEBVBinaryData@7@@Z
ImporterHost.dll,export,347  15A 00140810 ?GetIdentifierForFrame@VideoSourceFrameCache@ML@@YA?AVGuid@utility@dvacore@@_KAEBUFrameFormat@MF@@AEBVBinaryData@7@AEBUColorSpace@color@dvamediatypes@@AEBV345@@Z
ImporterHost.dll,export,348  15B 00140990 ?GetIdentifierForFrame@VideoSourceFrameCache@ML@@YA?AVGuid@utility@dvacore@@_KAEBUFrameFormat@MF@@AEBVBinaryData@7@AEBV345@VTickTime@dvamediatypes@@4W4RenderQuality@dvamediatypes@@W4FieldType@dvamediatypes@@_N77N@Z
ImporterHost.dll,export,349  15C 000E7F50 ?GetIdentifierForFrameLocked@Importer@ML@@QEAA?AVGuid@utility@dvacore@@_KHAEBUFrameFormat@MF@@AEBVBinaryData@7@@Z
ImporterHost.dll,export,350  15D 000CCB00 ?GetImageOrientationType@FileImporter@ML@@QEBA?AW4ImageOrientationType@MF@@XZ
ImporterHost.dll,export,351  15E 000ABEF0 ?GetImplementationID@FileImporter@ML@@UEBA?AVGuid@utility@dvacore@@XZ
ImporterHost.dll,export,354  161 000E8000 ?GetImporterImplementationID@ML@@YA?AVGuid@utility@dvacore@@XZ
ImporterHost.dll,export,355  162 000ABF40 ?GetImporterStateBaseHash@FileImporter@ML@@CA?AVGuid@utility@dvacore@@AEBV?$basic_string@_WU?$char_traits@_W@std@@U?$STLAllocator@_W@allocator@dvacore@@@std@@AEBVBinaryData@MF@@AEBV?$shared_ptr@VStillSequence@MF@@@7@VFrameRate@dvamediatypes@@0@Z
ImporterHost.dll,export,356  163 00115720 ?GetImporterTestingInfo@Importer@ML@@UEAAXAEAV?$vector@V?$basic_string@_WU?$char_traits@_W@std@@U?$STLAllocator@_W@allocator@dvacore@@@std@@U?$STLAllocator@V?$basic_string@_WU?$char_traits@_W@std@@U?$STLAllocator@_W@allocator@dvacore@@@std@@@allocator@dvacore@@@std@@@Z
ImporterHost.dll,export,357  164 000F8AF0 ?GetImporters@ImporterFactory@ML@@UEAAXAEAV?$vector@V?$InterfaceRef@UIMediaModule@ML@@@classref@dvacore@@V?$allocator@V?$InterfaceRef@UIMediaModule@ML@@@classref@dvacore@@@std@@@std@@AEBV?$basic_string@_WU?$char_traits@_W@std@@U?$STLAllocator@_W@allocator@dvacore@@@4@@Z
ImporterHost.dll,export,358  165 000F8C90 ?GetImporters@ImporterFactory@ML@@UEBAXAEAV?$vector@V?$InterfaceRef@UIMediaModule@ML@@@classref@dvacore@@V?$allocator@V?$InterfaceRef@UIMediaModule@ML@@@classref@dvacore@@@std@@@std@@@Z
ImporterHost.dll,export,359  166 000E8050 ?GetInstance@Importer@ML@@UEAA?AV?$InterfaceRef@UIImporterInstance@ML@@@classref@dvacore@@_K@Z
ImporterHost.dll,export,360  167 00010060 ?GetInstanceFileType@Importer@ML@@IEBAHXZ
ImporterHost.dll,export,361  168 0017A6D0 ?GetInstanceString@ConformedAudioSourceFile@ML@@MEBA?AV?$basic_string@_WU?$char_traits@_W@std@@U?$STLAllocator@_W@allocator@dvacore@@@std@@XZ
ImporterHost.dll,export,362  169 000AC760 ?GetInstanceString@FileImporter@ML@@UEBA?AV?$basic_string@_WU?$char_traits@_W@std@@U?$STLAllocator@_W@allocator@dvacore@@@std@@XZ
ImporterHost.dll,export,363  16A 000CCC50 ?GetIsDropFrame@FileImporter@ML@@UEBA_NXZ
ImporterHost.dll,export,364  16B 000CCDA0 ?GetIsDropnessIndeterminate@FileImporter@ML@@UEBA_NXZ
ImporterHost.dll,export,365  16C 000CCEF0 ?GetIsPreviewRenderNoAlphaDetected@FileImporter@ML@@UEAA_NXZ
ImporterHost.dll,export,366  16D 000CD040 ?GetLTCTime@FileImporter@ML@@UEBA?AVTickTime@dvamediatypes@@XZ
ImporterHost.dll,export,368  16F 0017A700 ?GetLocationPath@ConformedAudioSourceFile@ML@@EEBAHAEAV?$basic_string@_WU?$char_traits@_W@std@@U?$STLAllocator@_W@allocator@dvacore@@@std@@0@Z
ImporterHost.dll,export,369  170 000CD1A0 ?GetLogComment@FileImporter@ML@@UEBA?AV?$basic_string@EU?$char_traits@E@std@@U?$STLAllocator@E@allocator@dvacore@@@std@@XZ
ImporterHost.dll,export,371  172 001561B0 ?GetMarkerHashGuid@ImporterHost@@YA?AVGuid@utility@dvacore@@AEBV?$InterfaceRef@UIMarkers@BE@@@classref@4@@Z
ImporterHost.dll,export,372  173 00109490 ?GetMatchName@ImporterModule@ML@@UEBA?AV?$basic_string@_WU?$char_traits@_W@std@@U?$STLAllocator@_W@allocator@dvacore@@@std@@XZ
ImporterHost.dll,export,373  174 00112920 ?GetMediaProducerDescription@Importer@ML@@UEBA?AV?$basic_string@EU?$char_traits@E@std@@U?$STLAllocator@E@allocator@dvacore@@@std@@XZ
ImporterHost.dll,export,374  175 000CD330 ?GetMediaScenes@FileImporter@ML@@UEAA?AV?$vector@UMediaSceneRecord@BE@@V?$allocator@UMediaSceneRecord@BE@@@std@@@std@@XZ
ImporterHost.dll,export,375  176 000C1EE0 ?GetMediaSize@FileImporter@ML@@UEBAHAEBVBinaryData@MF@@AEA_K@Z
ImporterHost.dll,export,376  177 000AC960 ?GetMediaState@FileImporter@ML@@AEAA?AVGuid@utility@dvacore@@AEBV?$basic_string@_WU?$char_traits@_W@std@@U?$STLAllocator@_W@allocator@dvacore@@@std@@AEA_N@Z
ImporterHost.dll,export,377  178 000CD590 ?GetMetadataState@FileImporter@ML@@UEAAHAEAVGuid@utility@dvacore@@AEBV?$basic_string@DU?$char_traits@D@std@@V?$allocator@D@2@@std@@@Z
ImporterHost.dll,export,378  179 000ACDE0 ?GetModificationState@FileImporter@ML@@UEBAXAEAVBinaryData@MF@@@Z
ImporterHost.dll,export,379  17A 000ACFD0 ?GetModificationState@FileImporter@ML@@UEBAXAEBV?$lock_guard@VAssertingRecursiveMutex@threads@dvacore@@@std@@AEAVBinaryData@MF@@@Z
ImporterHost.dll,export,380  17B 000E8390 ?GetModule@Importer@ML@@IEBA?AV?$InterfaceRef@VImporterModule@ML@@@classref@dvacore@@XZ
ImporterHost.dll,export,381  17C 00109580 ?GetModuleOwnership@ImporterModule@ML@@QEBA?AW4ModuleOwnership@2@XZ
ImporterHost.dll,export,382  17D 00109590 ?GetModulePluginFilePath@ImporterModule@ML@@QEBA?AV?$basic_string@_WU?$char_traits@_W@std@@U?$STLAllocator@_W@allocator@dvacore@@@std@@XZ
ImporterHost.dll,export,383  17E 00072870 ?GetNextMetadataRequestID@ImporterHost@@YAHXZ
ImporterHost.dll,export,384  17F 00112AA0 ?GetNumStreamGroups@Importer@ML@@UEBA_KXZ
ImporterHost.dll,export,385  180 00112AB0 ?GetNumStreams@Importer@ML@@UEBA_KVGuid@utility@dvacore@@@Z
ImporterHost.dll,export,386  181 000C2020 ?GetNumberedStillsSize@FileImporter@ML@@AEBAHAEA_K@Z
ImporterHost.dll,export,387  182 001095C0 ?GetOneFormat@ImporterModule@ML@@AEAAHHAEAUFileDesc@2@@Z
ImporterHost.dll,export,388  183 0010A070 ?GetOneFormat@ImporterModule@ML@@AEAAHHPEAH0AEAV?$basic_string@_WU?$char_traits@_W@std@@U?$STLAllocator@_W@allocator@dvacore@@@std@@1PEADAEAV?$vector@USubTypeDesc@ML@@V?$allocator@USubTypeDesc@ML@@@std@@@4@@Z
ImporterHost.dll,export,389  184 000CD9A0 ?GetOrigReel@FileImporter@ML@@UEBA?AV?$basic_string@EU?$char_traits@E@std@@U?$STLAllocator@E@allocator@dvacore@@@std@@XZ
ImporterHost.dll,export,390  185 000CDB30 ?GetOrigTime@FileImporter@ML@@UEBA?AVTickTime@dvamediatypes@@XZ
ImporterHost.dll,export,391  186 00072880 ?GetPendingMetadataWriteCount@ImporterHost@@YA_KXZ
ImporterHost.dll,export,392  187 000CDC90 ?GetPixelAspectRatio@FileImporter@ML@@UEBA?AVPixelAspectRatio@dvamediatypes@@XZ
ImporterHost.dll,export,393  188 000100F0 ?GetPlugin@ImporterModule@ML@@QEBA?AV?$InterfaceRef@VPluginImpl@ML@@@classref@dvacore@@XZ
ImporterHost.dll,export,394  189 0010A570 ?GetPluginModuleInfo@ImporterModule@ML@@UEBA?AV?$shared_ptr@UPluginModuleInfo@ML@@@std@@XZ
ImporterHost.dll,export,395  18A 000F8DE0 ?GetPluginType@ImporterFactory@ML@@UEBA?AW4PluginType@MF@@XZ
ImporterHost.dll,export,397  18C 000101A0 ?GetPriority@ImporterModule@ML@@UEBAHXZ
ImporterHost.dll,export,400  18F 000CDE00 ?GetPulldownString@FileImporter@ML@@AEAA?AV?$basic_string@_WU?$char_traits@_W@std@@U?$STLAllocator@_W@allocator@dvacore@@@std@@W4PulldownCadence@dvamediatypes@@@Z
ImporterHost.dll,export,402  191 000E83C0 ?GetRawFrameFromCache@Importer@ML@@QEAAHAEAV?$InterfaceRef@UIVideoFrameMemoryAccess@VF@@@classref@dvacore@@H@Z
ImporterHost.dll,export,403  192 000CE4B0 ?GetRawTimecode@FileImporter@ML@@QEBAXAEAURawTimecodeRec@2@AEAVFrameRate@dvamediatypes@@@Z
ImporterHost.dll,export,404  193 0004A170 ?GetReaderForFile@HostMediaSourceBase@HostIO@@UEAA?AV?$shared_ptr@VReader@file@async@dvacore@@@std@@AEBVImmutableString@utility@dvacore@@@Z
ImporterHost.dll,export,405  194 0010AE50 ?GetRegistryKeyName@ImporterModule@ML@@UEBA?AV?$basic_string@EU?$char_traits@E@std@@U?$STLAllocator@E@allocator@dvacore@@@std@@XZ
ImporterHost.dll,export,406  195 000C2290 ?GetSizeFromImporter@FileImporter@ML@@AEBA_NAEBVBinaryData@MF@@AEA_K@Z
ImporterHost.dll,export,407  196 000101B0 ?GetStationID@FileImporter@ML@@UEBA?AVImmutableString@utility@dvacore@@XZ
ImporterHost.dll,export,408  197 00112B20 ?GetStationID@Importer@ML@@UEBA?AVImmutableString@utility@dvacore@@XZ
ImporterHost.dll,export,410  199 000F8DF0 ?GetStillImageImporters@ImporterFactory@ML@@UEBAXAEAV?$vector@V?$InterfaceRef@UIMediaModule@ML@@@classref@dvacore@@V?$allocator@V?$InterfaceRef@UIMediaModule@ML@@@classref@dvacore@@@std@@@std@@@Z
ImporterHost.dll,export,411  19A 00112B50 ?GetStream@Importer@ML@@QEBA?AV?$InterfaceRef@UISource@MF@@@classref@dvacore@@AEBV?$lock_guard@VAssertingRecursiveMutex@threads@dvacore@@@std@@VGuid@utility@5@_K@Z
ImporterHost.dll,export,412  19B 00112E70 ?GetStream@Importer@ML@@UEBA?AV?$InterfaceRef@UISource@MF@@@classref@dvacore@@VGuid@utility@5@_K@Z
ImporterHost.dll,export,413  19C 00112F00 ?GetStreamGroupIndices@Importer@ML@@UEAAX_KAEA_K11@Z
ImporterHost.dll,export,414  19D 000AD6F0 ?GetStreamIndex@ConformedAudioSourceFile@ML@@MEBA_KXZ
ImporterHost.dll,export,415  19E 00057160 ?GetStrongMemoryCache@ML@@YA?AV?$shared_ptr@VFileReadCache@file@async@dvacore@@@std@@XZ
ImporterHost.dll,export,416  19F 0010AE90 ?GetSupportedFileTypes@ImporterModule@ML@@UEBAXAEAV?$vector@UFileDesc@ML@@U?$STLAllocator@UFileDesc@ML@@@allocator@dvacore@@@std@@@Z
ImporterHost.dll,export,417  1A0 0010AED0 ?GetSupportedInstanceStrings@ImporterModule@ML@@UEBA?AV?$vector@V?$basic_string@EU?$char_traits@E@std@@U?$STLAllocator@E@allocator@dvacore@@@std@@U?$STLAllocator@V?$basic_string@EU?$char_traits@E@std@@U?$STLAllocator@E@allocator@dvacore@@@std@@@allocator@dvacore@@@std@@XZ
ImporterHost.dll,export,418  1A1 0010B120 ?GetSupportsPerInstancePrefs@ImporterModule@ML@@UEAA_NXZ
ImporterHost.dll,export,419  1A2 0010B160 ?GetSupportsVersion7@ImporterModule@ML@@UEAA_NXZ
ImporterHost.dll,export,420  1A3 0010B1A0 ?GetSupportsVersion8@ImporterModule@ML@@UEAA_NXZ
ImporterHost.dll,export,421  1A4 001837E0 ?GetSuppressAudioConforming@ML@@YA_NXZ
ImporterHost.dll,export,423  1A6 001258B0 ?GetSyntheticImporterImplementationID@ML@@YA?AVGuid@utility@dvacore@@XZ
ImporterHost.dll,export,424  1A7 000F8FF0 ?GetSyntheticImporters@ImporterFactory@ML@@UEBAXAEAV?$vector@V?$InterfaceRef@UIMediaModule@ML@@@classref@dvacore@@V?$allocator@V?$InterfaceRef@UIMediaModule@ML@@@classref@dvacore@@@std@@@std@@@Z
ImporterHost.dll,export,425  1A8 000E85D0 ?GetTargetAudioFrameRate@Importer@ML@@IEBA?AVFrameRate@dvamediatypes@@XZ
ImporterHost.dll,export,426  1A9 000E85E0 ?GetTargetFrameSize@Importer@ML@@IEBA?AV?$RectT@H@geom@dvacore@@XZ
ImporterHost.dll,export,427  1AA 000E85F0 ?GetTargetPixelAspectRatio@Importer@ML@@IEBA?AVPixelAspectRatio@dvamediatypes@@XZ
ImporterHost.dll,export,428  1AB 000E8620 ?GetTargetVideoFrameRate@Importer@ML@@IEBA?AVFrameRate@dvamediatypes@@XZ
ImporterHost.dll,export,429  1AC 000CE6B0 ?GetTimeDisplay@FileImporter@ML@@UEBA?AVTimeDisplay@dvamediatypes@@XZ
ImporterHost.dll,export,430  1AD 00112FC0 ?GetTitle@Importer@ML@@QEBA?AV?$basic_string@_WU?$char_traits@_W@std@@U?$STLAllocator@_W@allocator@dvacore@@@std@@AEBV?$lock_guard@VAssertingRecursiveMutex@threads@dvacore@@@4@_K@Z
ImporterHost.dll,export,431  1AE 001130E0 ?GetTitle@Importer@ML@@UEBA?AV?$basic_string@_WU?$char_traits@_W@std@@U?$STLAllocator@_W@allocator@dvacore@@@std@@_K@Z
ImporterHost.dll,export,432  1AF 000C2730 ?GetTrimmedMediaSize@FileImporter@ML@@UEBAHAEBVBinaryData@MF@@AEBVTickTime@dvamediatypes@@1AEA_K@Z
ImporterHost.dll,export,433  1B0 000C2A20 ?GetTrimmedMediaSizeFromImporter@FileImporter@ML@@AEBA_NAEBVBinaryData@MF@@AEBVTickTime@dvamediatypes@@1AEA_K@Z
ImporterHost.dll,export,434  1B1 000C2FA0 ?GetTrimmedNumberedStillsSize@FileImporter@ML@@AEBAHAEBVTickTime@dvamediatypes@@0AEA_K@Z
ImporterHost.dll,export,435  1B2 00113150 ?GetUniqueID@Importer@ML@@QEBAHXZ
ImporterHost.dll,export,436  1B3 00072B60 ?GetUnknownTypeName@AudioSourcePool@ML@@UEBAAEBVImmutableString@utility@dvacore@@XZ
ImporterHost.dll,export,437  1B4 000AD7B0 ?GetUnknownTypeName@ConformedAudioSourceFile@ML@@UEBAAEBVImmutableString@utility@dvacore@@XZ
ImporterHost.dll,export,438  1B5 000101D0 ?GetUnknownTypeName@FileImporter@ML@@UEBAAEBVImmutableString@utility@dvacore@@XZ
ImporterHost.dll,export,439  1B6 0006E040 ?GetUnknownTypeName@ImporterFactory@ML@@UEBAAEBVImmutableString@utility@dvacore@@XZ
ImporterHost.dll,export,440  1B7 000102D0 ?GetUnknownTypeName@ImporterModule@ML@@UEBAAEBVImmutableString@utility@dvacore@@XZ
ImporterHost.dll,export,441  1B8 000CE810 ?GetUseAlternateStart@FileImporter@ML@@UEBA_NXZ
ImporterHost.dll,export,442  1B9 000CE960 ?GetXMPCaptureProperties@FileImporter@ML@@UEAAHAEAV?$basic_string@EU?$char_traits@E@std@@U?$STLAllocator@E@allocator@dvacore@@@std@@0000000AEAVDate@ASL@@AEA_N0@Z
ImporterHost.dll,export,444  1BB 00010770 ?HasDataStreams@Importer@ML@@UEBA_NXZ
ImporterHost.dll,export,445  1BC 000107A0 ?HasNoFile@ImporterModule@ML@@UEBA_NXZ
ImporterHost.dll,export,446  1BD 000107B0 ?HasPrefsData@ImporterModule@ML@@QEBA_NXZ
ImporterHost.dll,export,447  1BE 00113160 ?HasSetup@Importer@ML@@UEBA_NXZ
ImporterHost.dll,export,448  1BF 0010B1F0 ?HasSetup@ImporterModule@ML@@UEBA_NXZ
ImporterHost.dll,export,449  1C0 00183910 ?HashPartialPeakValues@ImportedAudioSource@ML@@QEBAXAEAV?$MixHashGuidT@UHashValueMixerState@utility@dvacore@@@utility@dvacore@@AEBVTickTime@dvamediatypes@@1@Z
ImporterHost.dll,export,450  1C1 000DE8C0 ?ImporterCanWriteMetaData@FileTypeServer@ML@@QEBA_NH@Z
ImporterHost.dll,export,451  1C2 000F9140 ?ImporterCanWriteMetaData@ImporterFactory@ML@@UEBA_NH@Z
ImporterHost.dll,export,452  1C3 000E8870 ?ImporterErrorFromASLResult@Importer@ML@@SAHH@Z
ImporterHost.dll,export,453  1C4 000E8A20 ?ImporterErrorToASLResult@Importer@ML@@SAHH@Z
ImporterHost.dll,export,454  1C5 000DE920 ?ImporterIsAudioOnly@FileTypeServer@ML@@QEBA_NH@Z
ImporterHost.dll,export,455  1C6 000DE9D0 ?ImporterIsAudioVideo@FileTypeServer@ML@@QEBA_NH@Z
ImporterHost.dll,export,456  1C7 000DEA80 ?ImporterIsStill@FileTypeServer@ML@@QEBA_NH@Z
ImporterHost.dll,export,457  1C8 000DEB30 ?ImporterIsSynthetic@FileTypeServer@ML@@QEBA_NH@Z
ImporterHost.dll,export,458  1C9 000F91C0 ?ImporterTypeIsAudioVideo@ImporterFactory@ML@@UEBA_NH@Z
ImporterHost.dll,export,459  1CA 000F9240 ?ImporterTypeIsStill@ImporterFactory@ML@@UEBA_NAEBV?$basic_string@_WU?$char_traits@_W@std@@U?$STLAllocator@_W@allocator@dvacore@@@std@@@Z
ImporterHost.dll,export,460  1CB 000F93B0 ?ImporterTypeIsStill@ImporterFactory@ML@@UEBA_NH@Z
ImporterHost.dll,export,461  1CC 000F9430 ?ImporterTypeIsSynthetic@ImporterFactory@ML@@UEBA_NAEBV?$basic_string@_WU?$char_traits@_W@std@@U?$STLAllocator@_W@allocator@dvacore@@@std@@@Z
ImporterHost.dll,export,463  1CE 0017AF70 ?Init@ConformedAudioSourceFile@ML@@QEAAHAEBV?$basic_string@_WU?$char_traits@_W@std@@U?$STLAllocator@_W@allocator@dvacore@@@std@@000V?$InterfaceRef@UIAudioSource@AR@@@classref@dvacore@@AEBVBinaryData@MF@@AEBVFrameRate@dvamediatypes@@0AEBVGuid@utility@7@40_KAEBVImmutableString@utility@7@@Z
ImporterHost.dll,export,464  1CF 000E8CB0 ?Init@Importer@ML@@IEAAXAEBV?$InterfaceRef@VImporterModule@ML@@@classref@dvacore@@HAEBVFrameRate@dvamediatypes@@1AEBV?$RectT@H@geom@5@AEBVPixelAspectRatio@7@@Z
ImporterHost.dll,export,465  1D0 0010B220 ?Init@ImporterModule@ML@@QEAAXV?$InterfaceRef@UIPlugin@ML@@@classref@dvacore@@AEBW4ModuleOwnership@2@@Z
ImporterHost.dll,export,467  1D2 00073080 ?Initialize@ImporterHost@@YAHXZ
ImporterHost.dll,export,468  1D3 0011CD30 ?InitializeClosedCaptionScan@Importer@ML@@IEAAHAEBV?$lock_guard@VAssertingRecursiveMutex@threads@dvacore@@@std@@AEBUimFileInfoRec9@@V?$InterfaceRef@UIImporterInstance@ML@@@classref@dvacore@@AEBVBinaryData@MF@@AEAVTickTime@dvamediatypes@@@Z
ImporterHost.dll,export,469  1D4 00030670 ?InitiateAsyncConform@ConformUtils@ML@@SA?AV?$Future@X@async@dvacore@@AEBV?$InterfaceRef@UIClip@BE@@@classref@5@_N1@Z
ImporterHost.dll,export,470  1D5 00030AE0 ?InitiateAsyncConform@ConformUtils@ML@@SA?AV?$Future@X@async@dvacore@@AEBV?$InterfaceRef@UIMasterClip@BE@@@classref@5@_N1@Z
ImporterHost.dll,export,471  1D6 00030E30 ?InitiateAsyncConform@ConformUtils@ML@@SA?AV?$Future@X@async@dvacore@@AEBV?$InterfaceRef@UIProjectItemSelection@BE@@@classref@5@_N1@Z
ImporterHost.dll,export,472  1D7 00030F80 ?InitiateAsyncConform@ConformUtils@ML@@SA?AV?$Future@X@async@dvacore@@AEBV?$InterfaceRef@UISequence@BE@@@classref@5@_N1@Z
ImporterHost.dll,export,473  1D8 000311A0 ?InitiateAsyncConform@ConformUtils@ML@@SA?AV?$Future@X@async@dvacore@@AEBV?$InterfaceRef@UITrackItem@BE@@@classref@5@_N1@Z
ImporterHost.dll,export,474  1D9 000316D0 ?InitiateAsyncConform@ConformUtils@ML@@SA?AV?$Future@X@async@dvacore@@AEBV?$InterfaceRef@UITrackItemSelection@BE@@@classref@5@_N1@Z
ImporterHost.dll,export,475  1DA 00031950 ?InitiateAsyncConform@ConformUtils@ML@@SA?AV?$Future@X@async@dvacore@@AEBV?$map@VFractionalIndex@Utils@BE@@V?$InterfaceRef@UIProjectItem@BE@@@classref@dvacore@@U?$less@VFractionalIndex@Utils@BE@@@std@@U?$STLAllocator@U?$pair@$$CBVFractionalIndex@Utils@BE@@V?$InterfaceRef@UIProjectItem@BE@@@classref@dvacore@@@std@@@allocator@6@@std@@_N1@Z
ImporterHost.dll,export,476  1DB 00031B50 ?InitiateAsyncConform@ConformUtils@ML@@SA?AV?$Future@X@async@dvacore@@AEBV?$vector@V?$InterfaceRef@UIProjectItem@BE@@@classref@dvacore@@U?$STLAllocator@V?$InterfaceRef@UIProjectItem@BE@@@classref@dvacore@@@allocator@3@@std@@_N1@Z
ImporterHost.dll,export,477  1DC 00031D00 ?InitiateAsyncConform@ConformUtils@ML@@SA?AV?$Future@X@async@dvacore@@AEBV?$vector@V?$InterfaceRef@UITrackItem@BE@@@classref@dvacore@@U?$STLAllocator@V?$InterfaceRef@UITrackItem@BE@@@classref@dvacore@@@allocator@3@@std@@_N1W4SequenceContentBehavior@12@@Z
ImporterHost.dll,export,478  1DD 000CF580 ?InjectMetadata@FileImporter@ML@@UEAAHV?$InterfaceRef@UIClipLoggingInfo@BE@@@classref@dvacore@@@Z
ImporterHost.dll,export,482  1E1 00010A80 ?IsCacheable@Importer@ML@@UEBA_NXZ
ImporterHost.dll,export,484  1E3 00010A90 ?IsDurationComplete@Importer@ML@@UEBA_NXZ
ImporterHost.dll,export,489  1E8 000ADF20 ?IsNumberedStills@FileImporter@ML@@EEBA_NXZ
ImporterHost.dll,export,490  1E9 000E9280 ?IsNumberedStills@Importer@ML@@UEBA_NXZ
ImporterHost.dll,export,491  1EA 00010AA0 ?IsPending@Importer@ML@@UEBA_NXZ
ImporterHost.dll,export,493  1EC 000F1BA0 ?IsShutdown@ImporterDeferredProcessing@ML@@YA_NXZ
ImporterHost.dll,export,494  1ED 000E9290 ?IsStill@Importer@ML@@IEBA_NAEBV?$lock_guard@VAssertingRecursiveMutex@threads@dvacore@@@std@@@Z
ImporterHost.dll,export,496  1EF 00010AB0 ?LegalToProxy@FileImporter@ML@@UEBA_NXZ
ImporterHost.dll,export,497  1F0 000E92E0 ?ListenToMessage@Importer@ML@@UEAAXAEBVMessage@messaging@dvacore@@@Z
ImporterHost.dll,export,498  1F1 0010B3C0 ?LoadPlugin@ImporterModule@ML@@QEAAHXZ
ImporterHost.dll,export,499  1F2 000E9370 ?LocalIndexingRefresh@Importer@ML@@IEAAXXZ
ImporterHost.dll,export,500  1F3 000ADFE0 ?LogSDMInfo@FileImporter@ML@@UEAAXXZ
ImporterHost.dll,export,503  1F6 000C3DA0 ?MakeNumberedStillsBaseFileName@FileImporter@ML@@UEBA?AV?$basic_string@_WU?$char_traits@_W@std@@U?$STLAllocator@_W@allocator@dvacore@@@std@@V?$InterfaceRef@UIMedia@BE@@@classref@dvacore@@AEBV34@AEBVTickTime@dvamediatypes@@@Z
ImporterHost.dll,export,505  1F8 00159740 ?MetadataForSequence@ImporterHost@@YAHAEBV?$InterfaceRef@UIProject@BE@@@classref@dvacore@@AEBV?$InterfaceRef@UISequence@BE@@@34@VTickTime@dvamediatypes@@2_N3AEAV?$basic_string@EU?$char_traits@E@std@@U?$STLAllocator@E@allocator@dvacore@@@std@@@Z
ImporterHost.dll,export,506  1F9 00032780 ?NeedsConform@ConformUtils@ML@@SA_NAEBV?$InterfaceRef@UISource@MF@@@classref@dvacore@@_NAEBVImmutableString@utility@5@V?$InterfaceRef@UIAbort@MF@@@45@V?$InterfaceRef@UIProgress@BE@@@45@@Z
ImporterHost.dll,export,507  1FA 000329D0 ?NeedsConform@ConformUtils@ML@@SA_NAEBV?$map@VFractionalIndex@Utils@BE@@V?$InterfaceRef@UIProjectItem@BE@@@classref@dvacore@@U?$less@VFractionalIndex@Utils@BE@@@std@@U?$STLAllocator@U?$pair@$$CBVFractionalIndex@Utils@BE@@V?$InterfaceRef@UIProjectItem@BE@@@classref@dvacore@@@std@@@allocator@6@@std@@_NAEBVImmutableString@utility@dvacore@@V?$InterfaceRef@UIAbort@MF@@@classref@7@V?$InterfaceRef@UIProgress@BE@@@97@@Z
ImporterHost.dll,export,508  1FB 00033030 ?NeedsConform@ConformUtils@ML@@SA_NV?$InterfaceRef@UIChildClip@BE@@@classref@dvacore@@_NAEBVImmutableString@utility@5@V?$InterfaceRef@UIAbort@MF@@@45@V?$InterfaceRef@UIProgress@BE@@@45@@Z
ImporterHost.dll,export,509  1FC 000332B0 ?NeedsConform@ConformUtils@ML@@SA_NV?$InterfaceRef@UIClip@BE@@@classref@dvacore@@_NAEBVImmutableString@utility@5@V?$InterfaceRef@UIAbort@MF@@@45@V?$InterfaceRef@UIProgress@BE@@@45@@Z
ImporterHost.dll,export,510  1FD 000336D0 ?NeedsConform@ConformUtils@ML@@SA_NV?$InterfaceRef@UIMasterClip@BE@@@classref@dvacore@@_NAEBVImmutableString@utility@5@V?$InterfaceRef@UIAbort@MF@@@45@V?$InterfaceRef@UIProgress@BE@@@45@@Z
ImporterHost.dll,export,511  1FE 00033960 ?NeedsConform@ConformUtils@ML@@SA_NV?$InterfaceRef@UIProject@BE@@@classref@dvacore@@_NAEBVImmutableString@utility@5@V?$InterfaceRef@UIAbort@MF@@@45@V?$InterfaceRef@UIProgress@BE@@@45@@Z
ImporterHost.dll,export,512  1FF 00033D90 ?NeedsConform@ConformUtils@ML@@SA_NV?$InterfaceRef@UIProjectItemSelection@BE@@@classref@dvacore@@_NAEBVImmutableString@utility@5@V?$InterfaceRef@UIAbort@MF@@@45@V?$InterfaceRef@UIProgress@BE@@@45@@Z
ImporterHost.dll,export,513  200 000340E0 ?NeedsConform@ConformUtils@ML@@SA_NV?$InterfaceRef@UISequence@BE@@@classref@dvacore@@_NAEBVImmutableString@utility@5@V?$InterfaceRef@UIAbort@MF@@@45@V?$InterfaceRef@UIProgress@BE@@@45@@Z
ImporterHost.dll,export,514  201 00034FB0 ?NeedsConform@ConformUtils@ML@@SA_NV?$InterfaceRef@UITrackItemSelection@BE@@@classref@dvacore@@_NAEBVImmutableString@utility@5@V?$InterfaceRef@UIAbort@MF@@@45@V?$InterfaceRef@UIProgress@BE@@@45@@Z
ImporterHost.dll,export,515  202 0011D4F0 ?OnAsyncClosedCaptionScan@Importer@ML@@IEAAXUimFileInfoRec9@@V?$InterfaceRef@UIImporterInstance@ML@@@classref@dvacore@@AEBVBinaryData@MF@@AEAUimInitiateAsyncClosedCaptionScanRec@@@Z
ImporterHost.dll,export,516  203 000AE3E0 ?OnAsyncClosedCaptionScanFinished@FileImporter@ML@@EEAAXXZ
ImporterHost.dll,export,517  204 0011F550 ?OnAsyncClosedCaptionScanFinished@Importer@ML@@MEAAXXZ
ImporterHost.dll,export,518  205 000E9760 ?OnDeferredProcessing@Importer@ML@@QEAAHH@Z
ImporterHost.dll,export,519  206 000EA1D0 ?OnReportAsyncDecodeError@Importer@ML@@QEAAXH_JAEBUimFrameFormat@@AEBVBinaryData@MF@@@Z
ImporterHost.dll,export,520  207 000AE6A0 ?Open@FileImporter@ML@@QEAAHAEBV?$basic_string@_WU?$char_traits@_W@std@@U?$STLAllocator@_W@allocator@dvacore@@@std@@AEA_NAEAVBinaryData@MF@@AEAV?$map@V?$basic_string@_WU?$char_traits@_W@std@@U?$STLAllocator@_W@allocator@dvacore@@@std@@V12@U?$less@V?$basic_string@_WU?$char_traits@_W@std@@U?$STLAllocator@_W@allocator@dvacore@@@std@@@2@U?$STLAllocator@U?$pair@$$CBV?$basic_string@_WU?$char_traits@_W@std@@U?$STLAllocator@_W@allocator@dvacore@@@std@@V12@@std@@@allocator@dvacore@@@4@_N@Z
ImporterHost.dll,export,521  208 000EA510 ?OpenPreferences@Importer@ML@@UEAAHAEAVBinaryData@MF@@AEAV?$map@V?$basic_string@_WU?$char_traits@_W@std@@U?$STLAllocator@_W@allocator@dvacore@@@std@@V12@U?$less@V?$basic_string@_WU?$char_traits@_W@std@@U?$STLAllocator@_W@allocator@dvacore@@@std@@@2@U?$STLAllocator@U?$pair@$$CBV?$basic_string@_WU?$char_traits@_W@std@@U?$STLAllocator@_W@allocator@dvacore@@@std@@V12@@std@@@allocator@dvacore@@@std@@_KV?$InterfaceRef@UISequence@BE@@@classref@dvacore@@AEBVTickTime@dvamediatypes@@2AEAV?$basic_string@_WU?$char_traits@_W@std@@U?$STLAllocator@_W@allocator@dvacore@@@6@@Z
ImporterHost.dll,export,522  209 0010B5D0 ?OpenSetupOnDblClick@ImporterModule@ML@@QEBA_NXZ
ImporterHost.dll,export,525  20C 000CF810 ?ParseTimecodeString@FileImporter@ML@@IEAA_NAEBV?$basic_string@DU?$char_traits@D@std@@V?$allocator@D@2@@std@@_N@Z
ImporterHost.dll,export,526  20D 000F1BB0 ?Pause@ImporterDeferredProcessing@ML@@YAX_N@Z
ImporterHost.dll,export,528  20F 000EA820 ?PerformSourceSettingsCommand@Importer@ML@@MEBAX_KAEAVBinaryData@MF@@@Z
ImporterHost.dll,export,529  210 00046630 ?PrepareToReadRequestedRangesAsync@HostIORequestHandler@HostIO@@QEAA?AV?$Future@X@async@dvacore@@XZ
ImporterHost.dll,export,530  211 0017B6A0 ?Process@ConformedAudioSourceFile@ML@@UEAA?AW4ProcessState@AudioSourceImpl@2@V?$InterfaceRef@UIAbort@MF@@@classref@dvacore@@AEBVImmutableString@utility@7@_N@Z
ImporterHost.dll,export,531  212 0010B600 ?ProcessDescription@ImporterModule@ML@@AEAAXAEBV?$basic_string@_WU?$char_traits@_W@std@@U?$STLAllocator@_W@allocator@dvacore@@@std@@@Z
ImporterHost.dll,export,532  213 00074A70 ?QueryMap@AudioSourcePool@ML@@MEAAPEAXAEBV?$basic_string_view@DU?$char_traits@D@std@@@std@@@Z
ImporterHost.dll,export,533  214 000B1130 ?QueryMap@ConformedAudioSourceFile@ML@@MEAAPEAXAEBV?$basic_string_view@DU?$char_traits@D@std@@@std@@@Z
ImporterHost.dll,export,534  215 00011A60 ?QueryMap@FileImporter@ML@@MEAAPEAXAEBV?$basic_string_view@DU?$char_traits@D@std@@@std@@@Z
ImporterHost.dll,export,535  216 00011BE0 ?QueryMap@Importer@ML@@MEAAPEAXAEBV?$basic_string_view@DU?$char_traits@D@std@@@std@@@Z
ImporterHost.dll,export,536  217 0006E640 ?QueryMap@ImporterFactory@ML@@MEAAPEAXAEBV?$basic_string_view@DU?$char_traits@D@std@@@std@@@Z
ImporterHost.dll,export,537  218 00011DC0 ?QueryMap@ImporterModule@ML@@MEAAPEAXAEBV?$basic_string_view@DU?$char_traits@D@std@@@std@@@Z
ImporterHost.dll,export,538  219 000EAD10 ?QueueDeferredProcessing@Importer@ML@@UEAAXHH@Z
ImporterHost.dll,export,539  21A 000EB210 ?Quiet@Importer@ML@@IEAAXXZ
ImporterHost.dll,export,540  21B 0017D550 ?QuietFile@ConformedAudioSourceFile@ML@@UEAAXAEBV?$basic_string@_WU?$char_traits@_W@std@@U?$STLAllocator@_W@allocator@dvacore@@@std@@@Z
ImporterHost.dll,export,541  21C 000B1300 ?QuietFile@FileImporter@ML@@UEAAXAEBV?$basic_string@_WU?$char_traits@_W@std@@U?$STLAllocator@_W@allocator@dvacore@@@std@@AEBVBinaryData@MF@@@Z
ImporterHost.dll,export,542  21D 000B1310 ?QuietFile@FileImporter@ML@@UEAAXAEBV?$basic_string@_WU?$char_traits@_W@std@@U?$STLAllocator@_W@allocator@dvacore@@@std@@AEBVBinaryData@MF@@_N@Z
ImporterHost.dll,export,543  21E 000EB230 ?QuietInstances@Importer@ML@@IEAAXXZ
ImporterHost.dll,export,544  21F 000B1520 ?ReadAlphaInfo@FileImporter@ML@@MEAAHAEBV?$lock_guard@VAssertingRecursiveMutex@threads@dvacore@@@std@@_NAEBVBinaryData@MF@@AEAW4AlphaChannel@dvamediatypes@@AEAV?$ParamColor@E@ASL@@AEA_N5@Z
ImporterHost.dll,export,546  221 000B1640 ?ReadDefaultAnalysis@FileImporter@ML@@MEAAXAEBV?$lock_guard@VAssertingRecursiveMutex@threads@dvacore@@@std@@AEBVBinaryData@MF@@_KAEBVTickTime@dvamediatypes@@AEBVFrameRate@8@AEAV?$vector@V?$basic_string@_WU?$char_traits@_W@std@@U?$STLAllocator@_W@allocator@dvacore@@@std@@U?$STLAllocator@V?$basic_string@_WU?$char_traits@_W@std@@U?$STLAllocator@_W@allocator@dvacore@@@std@@@allocator@dvacore@@@4@_NAEBVPixelAspectRatio@8@VTimeDisplay@8@86AEBUColorSpace@color@8@696AEBVGuid@utility@dvacore@@@Z
ImporterHost.dll,export,547  222 00115F50 ?ReadDefaultAnalysis@Importer@ML@@IEAAXAEBV?$lock_guard@VAssertingRecursiveMutex@threads@dvacore@@@std@@AEBVBinaryData@MF@@_KAEBVTickTime@dvamediatypes@@AEBVFrameRate@8@AEAV?$vector@V?$basic_string@_WU?$char_traits@_W@std@@U?$STLAllocator@_W@allocator@dvacore@@@std@@U?$STLAllocator@V?$basic_string@_WU?$char_traits@_W@std@@U?$STLAllocator@_W@allocator@dvacore@@@std@@@allocator@dvacore@@@4@_NAEBVPixelAspectRatio@8@6AEBV?$basic_string@_WU?$char_traits@_W@std@@U?$STLAllocator@_W@allocator@dvacore@@@4@VTimeDisplay@8@96AEBUColorSpace@color@8@6AEBUColorSpace@color@8@6AEBVGuid@utility@dvacore@@@Z
ImporterHost.dll,export,548  223 0017D590 ?ReadDirectFromImporter@ConformedAudioSourceFile@ML@@MEAAX_JAEAVAudioBuffer@dvaaudiotoolkit@@@Z
ImporterHost.dll,export,549  224 000B1D40 ?ReadFieldType@FileImporter@ML@@MEAAHAEBV?$lock_guard@VAssertingRecursiveMutex@threads@dvacore@@@std@@_NAEBVBinaryData@MF@@AEAW4FieldType@dvamediatypes@@AEA_N@Z
ImporterHost.dll,export,551  226 000B1EE0 ?ReadInfo@FileImporter@ML@@MEAAHAEBV?$lock_guard@VAssertingRecursiveMutex@threads@dvacore@@@std@@_NAEAVBinaryData@MF@@AEAV?$map@V?$basic_string@_WU?$char_traits@_W@std@@U?$STLAllocator@_W@allocator@dvacore@@@std@@V12@U?$less@V?$basic_string@_WU?$char_traits@_W@std@@U?$STLAllocator@_W@allocator@dvacore@@@std@@@2@U?$STLAllocator@U?$pair@$$CBV?$basic_string@_WU?$char_traits@_W@std@@U?$STLAllocator@_W@allocator@dvacore@@@std@@V12@@std@@@allocator@dvacore@@@4@AEBVFrameRate@dvamediatypes@@4AEBV?$RectT@H@geom@dvacore@@AEBVPixelAspectRatio@9@_KAEA_N81AEAV?$basic_string@_WU?$char_traits@_W@std@@U?$STLAllocator@_W@allocator@dvacore@@@4@@Z
ImporterHost.dll,export,552  227 000EB2E0 ?ReadInfo@Importer@ML@@IEAAHAEBV?$lock_guard@VAssertingRecursiveMutex@threads@dvacore@@@std@@_NAEAVBinaryData@MF@@AEAV?$map@V?$basic_string@_WU?$char_traits@_W@std@@U?$STLAllocator@_W@allocator@dvacore@@@std@@V12@U?$less@V?$basic_string@_WU?$char_traits@_W@std@@U?$STLAllocator@_W@allocator@dvacore@@@std@@@2@U?$STLAllocator@U?$pair@$$CBV?$basic_string@_WU?$char_traits@_W@std@@U?$STLAllocator@_W@allocator@dvacore@@@std@@V12@@std@@@allocator@dvacore@@@4@_KAEBVFrameRate@dvamediatypes@@5AEBV?$RectT@H@geom@dvacore@@AEBVPixelAspectRatio@9@7AEBW4FieldType@9@AEA_N911AEBV?$shared_ptr@VStillSequence@MF@@@4@HAEAV?$basic_string@_WU?$char_traits@_W@std@@U?$STLAllocator@_W@allocator@dvacore@@@4@AEAUData@SDM@6@W4ImageOrientationType@6@@Z
ImporterHost.dll,export,553  228 000D0420 ?ReadLegacyTimeInfo@FileImporter@ML@@AEAAHAEBV?$lock_guard@VAssertingRecursiveMutex@threads@dvacore@@@std@@AEAVBinaryData@MF@@AEBVFrameRate@dvamediatypes@@_K@Z
ImporterHost.dll,export,554  229 000D12F0 ?ReadLinearTimecode@FileImporter@ML@@AEAA_NAEBVFrameRate@dvamediatypes@@_K@Z
ImporterHost.dll,export,555  22A 000D1B90 ?ReadMetaData@FileImporter@ML@@AEAAHAEBV?$lock_guard@VAssertingRecursiveMutex@threads@dvacore@@@std@@_NAEBVBinaryData@MF@@IAEAV?$vector@DU?$STLAllocator@D@allocator@dvacore@@@4@@Z
ImporterHost.dll,export,556  22B 000D1FF0 ?ReadMetaDatum@FileImporter@ML@@UEAAHAEBVBinaryData@MF@@W4MetaDataType@BE@@PEAXAEAV34@PEAV?$intrusive_ptr@U__XMPMeta__@@@boost@@@Z
ImporterHost.dll,export,557  22C 00074C90 ?ReadMetadataFromPath@ImporterHost@@YAHAEBV?$basic_string@EU?$char_traits@E@std@@U?$STLAllocator@E@allocator@dvacore@@@std@@_NAEAVBinaryData@MF@@AEA_N3@Z
ImporterHost.dll,export,558  22D 000D20A0 ?ReadMetadataState@FileImporter@ML@@AEAAHAEBV?$basic_string@DU?$char_traits@D@std@@V?$allocator@D@2@@std@@AEAVGuid@utility@dvacore@@@Z
ImporterHost.dll,export,559  22E 000EE490 ?ReadPrefs@Importer@ML@@IEAAHAEBV?$lock_guard@VAssertingRecursiveMutex@threads@dvacore@@@std@@AEAVBinaryData@MF@@AEAV?$map@V?$basic_string@_WU?$char_traits@_W@std@@U?$STLAllocator@_W@allocator@dvacore@@@std@@V12@U?$less@V?$basic_string@_WU?$char_traits@_W@std@@U?$STLAllocator@_W@allocator@dvacore@@@std@@@2@U?$STLAllocator@U?$pair@$$CBV?$basic_string@_WU?$char_traits@_W@std@@U?$STLAllocator@_W@allocator@dvacore@@@std@@V12@@std@@@allocator@dvacore@@@4@_KHAEBVTickTime@dvamediatypes@@AEAV?$basic_string@_WU?$char_traits@_W@std@@U?$STLAllocator@_W@allocator@dvacore@@@4@@Z
ImporterHost.dll,export,560  22F 000EEF00 ?ReadPrefs@Importer@ML@@UEAAHAEAVBinaryData@MF@@AEAV?$map@V?$basic_string@_WU?$char_traits@_W@std@@U?$STLAllocator@_W@allocator@dvacore@@@std@@V12@U?$less@V?$basic_string@_WU?$char_traits@_W@std@@U?$STLAllocator@_W@allocator@dvacore@@@std@@@2@U?$STLAllocator@U?$pair@$$CBV?$basic_string@_WU?$char_traits@_W@std@@U?$STLAllocator@_W@allocator@dvacore@@@std@@V12@@std@@@allocator@dvacore@@@std@@_KHAEBVTickTime@dvamediatypes@@AEAV?$basic_string@_WU?$char_traits@_W@std@@U?$STLAllocator@_W@allocator@dvacore@@@6@@Z
ImporterHost.dll,export,561  230 00046690 ?ReadRequestedRangesAsync@HostIORequestHandler@HostIO@@QEAA?AV?$Future@X@async@dvacore@@XZ
ImporterHost.dll,export,563  232 000D2390 ?ReadSceneInfo@FileImporter@ML@@AEAAXAEBV?$lock_guard@VAssertingRecursiveMutex@threads@dvacore@@@std@@_NAEBVBinaryData@MF@@@Z
ImporterHost.dll,export,564  233 000D2640 ?ReadTimeInfo@FileImporter@ML@@AEAAHAEBV?$lock_guard@VAssertingRecursiveMutex@threads@dvacore@@@std@@AEAVBinaryData@MF@@AEBVFrameRate@dvamediatypes@@_K@Z
ImporterHost.dll,export,565  234 000D26B0 ?ReadXMPBinary@FileImporter@ML@@QEAAHAEAVBinaryData@MF@@@Z
ImporterHost.dll,export,566  235 000D2810 ?ReadXMPData@FileImporter@ML@@AEAAHXZ
ImporterHost.dll,export,567  236 000D3940 ?ReadXMPStateID@FileImporter@ML@@AEAAXAEAVGuid@utility@dvacore@@0AEBV?$basic_string@_WU?$char_traits@_W@std@@U?$STLAllocator@_W@allocator@dvacore@@@std@@_N@Z
ImporterHost.dll,export,568  237 000D3B80 ?ReadXMPTimeInfo@FileImporter@ML@@AEAA_NAEBV?$lock_guard@VAssertingRecursiveMutex@threads@dvacore@@@std@@@Z
ImporterHost.dll,export,569  238 0017D700 ?Reattach@ConformedAudioSourceFile@ML@@QEAAHAEBV?$basic_string@_WU?$char_traits@_W@std@@U?$STLAllocator@_W@allocator@dvacore@@@std@@000V?$InterfaceRef@UIAudioSource@AR@@@classref@dvacore@@AEBVBinaryData@MF@@AEBVFrameRate@dvamediatypes@@0AEBVGuid@utility@7@40_KAEBVImmutableString@utility@7@@Z
ImporterHost.dll,export,570  239 0010C600 ?ReattachAccelerator@ImporterModule@ML@@UEAAHAEBV?$basic_string@_WU?$char_traits@_W@std@@U?$STLAllocator@_W@allocator@dvacore@@@std@@0@Z
ImporterHost.dll,export,571  23A 0017DE30 ?ReattachOrCreate@ConformedAudioSourceFile@ML@@SA?AV?$InterfaceRef@UIAudioSource@AR@@@classref@dvacore@@AEBV?$basic_string@_WU?$char_traits@_W@std@@U?$STLAllocator@_W@allocator@dvacore@@@std@@000V345@AEBVBinaryData@MF@@AEBVFrameRate@dvamediatypes@@0AEBVGuid@utility@5@40_KAEBVImmutableString@utility@5@@Z
ImporterHost.dll,export,572  23B 000EEF90 ?Refresh@Importer@ML@@UEAAXXZ
ImporterHost.dll,export,573  23C 0017E0A0 ?RefreshFile@ConformedAudioSourceFile@ML@@UEAAHAEBV?$basic_string@_WU?$char_traits@_W@std@@U?$STLAllocator@_W@allocator@dvacore@@@std@@AEAV?$set@V?$InterfaceRef@UUnknownBase@classref@dvacore@@@classref@dvacore@@U?$less@V?$InterfaceRef@UUnknownBase@classref@dvacore@@@classref@dvacore@@@std@@U?$STLAllocator@V?$InterfaceRef@UUnknownBase@classref@dvacore@@@classref@dvacore@@@allocator@3@@4@@Z
ImporterHost.dll,export,574  23D 000B2470 ?RefreshFile@FileImporter@ML@@UEAAHAEBV?$basic_string@_WU?$char_traits@_W@std@@U?$STLAllocator@_W@allocator@dvacore@@@std@@AEAVBinaryData@MF@@AEAV?$map@V?$basic_string@_WU?$char_traits@_W@std@@U?$STLAllocator@_W@allocator@dvacore@@@std@@V12@U?$less@V?$basic_string@_WU?$char_traits@_W@std@@U?$STLAllocator@_W@allocator@dvacore@@@std@@@2@U?$STLAllocator@U?$pair@$$CBV?$basic_string@_WU?$char_traits@_W@std@@U?$STLAllocator@_W@allocator@dvacore@@@std@@V12@@std@@@allocator@dvacore@@@4@AEAV?$set@V?$InterfaceRef@UUnknownBase@classref@dvacore@@@classref@dvacore@@U?$less@V?$InterfaceRef@UUnknownBase@classref@dvacore@@@classref@dvacore@@@std@@U?$STLAllocator@V?$InterfaceRef@UUnknownBase@classref@dvacore@@@classref@dvacore@@@allocator@3@@4@@Z
ImporterHost.dll,export,575  23E 000B37F0 ?RefreshGrowingInstance@FileImporter@ML@@UEAAXXZ
ImporterHost.dll,export,576  23F 000EEFF0 ?RefreshInternal@Importer@ML@@QEAAXAEBV?$lock_guard@VAssertingRecursiveMutex@threads@dvacore@@@std@@_NAEBVBinaryData@MF@@@Z
ImporterHost.dll,export,577  240 0010C650 ?RegisterAcceleratorHandler@ImporterModule@ML@@AEAAXXZ
ImporterHost.dll,export,578  241 000FA390 ?RegisterMediaModule@ImporterFactory@ML@@UEAAXV?$InterfaceRef@UIMediaModule@ML@@@classref@dvacore@@@Z
ImporterHost.dll,export,581  244 0016C1B0 ?RemoveAudioSource@AudioSourcePool@ML@@QEAAXAEBV?$basic_string@_WU?$char_traits@_W@std@@U?$STLAllocator@_W@allocator@dvacore@@@std@@AEBVGuid@utility@dvacore@@0AEBVFrameRate@dvamediatypes@@AEBVTickTime@9@1AEBVBinaryData@MF@@AEBV?$vector@UAudioChannelDescription@dvamediatypes@@U?$STLAllocator@UAudioChannelDescription@dvamediatypes@@@allocator@dvacore@@@4@@Z
ImporterHost.dll,export,582  245 0016C4D0 ?RemoveAudioSource@AudioSourcePool@ML@@QEAAXAEBV?$basic_string@_WU?$char_traits@_W@std@@U?$STLAllocator@_W@allocator@dvacore@@@std@@AEBVGuid@utility@dvacore@@_KAEBVFrameRate@dvamediatypes@@AEBVTickTime@9@1AEBVBinaryData@MF@@AEBV?$vector@UAudioChannelDescription@dvamediatypes@@U?$STLAllocator@UAudioChannelDescription@dvamediatypes@@@allocator@dvacore@@@4@@Z
ImporterHost.dll,export,583  246 000FA680 ?RemoveImporter@ImporterFactory@ML@@UEAAXAEBV?$basic_string@_WU?$char_traits@_W@std@@U?$STLAllocator@_W@allocator@dvacore@@@std@@@Z
ImporterHost.dll,export,584  247 000B3C50 ?RestoreImporterStateFromMediaAcceleratorDatabase@FileImporter@ML@@AEAA_NAEBV?$basic_string@_WU?$char_traits@_W@std@@U?$STLAllocator@_W@allocator@dvacore@@@std@@0AEBVBinaryData@MF@@VGuid@utility@dvacore@@AEAV789@AEA_NAEAH@Z
ImporterHost.dll,export,585  248 000B5050 ?SaveImporterStateToMediaAcceleratorDatabase@FileImporter@ML@@AEAAXAEBV?$lock_guard@VAssertingRecursiveMutex@threads@dvacore@@@std@@AEBV?$basic_string@_WU?$char_traits@_W@std@@U?$STLAllocator@_W@allocator@dvacore@@@4@VGuid@utility@dvacore@@2H@Z
ImporterHost.dll,export,586  249 000C42E0 ?SaveMediaFile@FileImporter@ML@@UEAAHAEBVBinaryData@MF@@AEBV?$basic_string@_WU?$char_traits@_W@std@@U?$STLAllocator@_W@allocator@dvacore@@@std@@1_NP6A_NMPEAX@Z3@Z
ImporterHost.dll,export,587  24A 0010CCC0 ?SelectorIsStatic@ImporterModule@ML@@QEBA_NH@Z
ImporterHost.dll,export,588  24B 0010CCF0 ?SerializeFromJSON@ImporterModule@ML@@UEAAHAEBV?$basic_string@_WU?$char_traits@_W@std@@U?$STLAllocator@_W@allocator@dvacore@@@std@@HAEBV?$basic_string@EU?$char_traits@E@std@@U?$STLAllocator@E@allocator@dvacore@@@4@_N@Z
ImporterHost.dll,export,589  24C 0010D6E0 ?SerializeFromRegistry@ImporterModule@ML@@UEAAHAEAVRegistryKey@utility@dvacore@@@Z
ImporterHost.dll,export,590  24D 0010DEB0 ?SerializeToJSON@ImporterModule@ML@@UEAAHAEBV?$basic_string@_WU?$char_traits@_W@std@@U?$STLAllocator@_W@allocator@dvacore@@@std@@AEBVGuid@utility@dvacore@@AEBV?$InterfaceRef@UIPiPL@ML@@@classref@7@AEA_N@Z
ImporterHost.dll,export,591  24E 0010E300 ?SerializeToRegistry@ImporterModule@ML@@UEAAHAEAVRegistryKey@utility@dvacore@@AEA_N@Z
ImporterHost.dll,export,592  24F 000D5010 ?SetClipLoggingXMPProperties@FileImporter@ML@@AEAA_NV?$InterfaceRef@UIClipLoggingInfo@BE@@@classref@dvacore@@@Z
ImporterHost.dll,export,593  250 00013280 ?SetContentStateID@ImporterModule@ML@@UEAAXAEBVGuid@utility@dvacore@@@Z
ImporterHost.dll,export,594  251 000D5D70 ?SetCoreXMPProperties@FileImporter@ML@@AEAA_N_N@Z
ImporterHost.dll,export,595  252 000FA760 ?SetFileFilter@ImporterFactory@ML@@UEAAXAEBV?$function@$$A6AHAEBV?$basic_string@_WU?$char_traits@_W@std@@U?$STLAllocator@_W@allocator@dvacore@@@std@@@Z@std@@@Z
ImporterHost.dll,export,596  253 000EFDE0 ?SetFileInfoDefaultValues@Importer@ML@@IEAAXAEAUimFileInfoRec9@@AEBVFrameRate@dvamediatypes@@1AEBV?$RectT@H@geom@dvacore@@AEBVPixelAspectRatio@5@@Z
ImporterHost.dll,export,598  255 000F0060 ?SetIsPending@Importer@ML@@UEAAX_N0@Z
ImporterHost.dll,export,599  256 000F0180 ?SetIsPendingLocked@Importer@ML@@QEAAX_N@Z
ImporterHost.dll,export,601  258 000F0290 ?SetStreamFileCount@Importer@ML@@QEAAHHH@Z
ImporterHost.dll,export,602  259 000D7590 ?SetTimeInfo@FileImporter@ML@@UEAAHAEBVBinaryData@MF@@AEBVTickTime@dvamediatypes@@1AEBV?$basic_string@EU?$char_traits@E@std@@U?$STLAllocator@E@allocator@dvacore@@@std@@22AEBVFrameRate@6@_N4@Z
ImporterHost.dll,export,603  25A 001131F0 ?SetUniqueID@Importer@ML@@QEAAXH@Z
ImporterHost.dll,export,604  25B 00075240 ?SetWriteMetadataCompletionRoutine@ImporterHost@@YAXAEBV?$function@$$A6AXAEBV?$basic_string@EU?$char_traits@E@std@@U?$STLAllocator@E@allocator@dvacore@@@std@@HH@Z@std@@@Z
ImporterHost.dll,export,605  25C 000D8FB0 ?SetXMPMediaCreationDate@FileImporter@ML@@AEAAXAEBVDate@ASL@@AEBVTickTime@dvamediatypes@@@Z
ImporterHost.dll,export,606  25D 00113240 ?SetupOnDoubleClick@Importer@ML@@UEBA_NXZ
ImporterHost.dll,export,607  25E 00120DD0 ?ShouldGetDataStreamsInfo@Importer@ML@@IEBA_NAEBH_N@Z
ImporterHost.dll,export,608  25F 0011FBE0 ?ShouldScanForClosedCaptions@Importer@ML@@IEBA_NAEBH_N@Z
ImporterHost.dll,export,609  260 000F1CB0 ?Shutdown@ImporterDeferredProcessing@ML@@YAXXZ
ImporterHost.dll,export,610  261 00075250 ?Shutdown@ImporterHost@@YAHXZ
ImporterHost.dll,export,611  262 0010E950 ?Shutdown@ImporterModule@ML@@QEAAXXZ
ImporterHost.dll,export,613  264 0017E0B0 ?StartConformationInitOperation@ConformedAudioSourceFile@ML@@SAXXZ
ImporterHost.dll,export,614  265 000F1D30 ?Startup@ImporterDeferredProcessing@ML@@YAXXZ
ImporterHost.dll,export,616  267 00187D70 ?SuppressAudioConforming@ML@@YAX_N@Z
ImporterHost.dll,export,619  26A 000C4960 ?TrimMediaFile@FileImporter@ML@@UEBAHV?$InterfaceRef@UIProject@BE@@@classref@dvacore@@V?$InterfaceRef@UIMedia@BE@@@45@V?$basic_string@_WU?$char_traits@_W@std@@U?$STLAllocator@_W@allocator@dvacore@@@std@@AEBVTickTime@dvamediatypes@@3AEBVBinaryData@MF@@_N5P6A_NMPEAX@Z6@Z
ImporterHost.dll,export,620  26B 000C52B0 ?TrimNumberedStills@FileImporter@ML@@AEBAHV?$basic_string@_WU?$char_traits@_W@std@@U?$STLAllocator@_W@allocator@dvacore@@@std@@0AEBVTickTime@dvamediatypes@@1VFrameRate@6@P6A_NMPEAX@Z3@Z
ImporterHost.dll,export,621  26C 000C5590 ?TrimProgress@FileImporter@ML@@QEBA_NHH@Z
ImporterHost.dll,export,622  26D 000C55E0 ?TrimUsingImporter@FileImporter@ML@@AEBAHV?$basic_string@_WU?$char_traits@_W@std@@U?$STLAllocator@_W@allocator@dvacore@@@std@@AEBVTickTime@dvamediatypes@@1AEBVBinaryData@MF@@_N3P6A_NMPEAX@Z4@Z
ImporterHost.dll,export,623  26E 000FA810 ?TryCancelRequest@ImporterFactory@ML@@UEAAXAEBV?$basic_string@EU?$char_traits@E@std@@U?$STLAllocator@E@allocator@dvacore@@@std@@AEBVBinaryData@MF@@@Z
ImporterHost.dll,export,625  270 0004AC60 ?UpdateCreatedFileReadersMap@HostMediaSourceBase@HostIO@@AEAAXAEBVImmutableString@utility@dvacore@@AEBV?$shared_ptr@VReader@file@async@dvacore@@@std@@@Z
ImporterHost.dll,export,626  271 000D96F0 ?UpdateXMPMetadataFromMedia@FileImporter@ML@@UEAAH_N@Z
ImporterHost.dll,export,627  272 0017E170 ?UseNewSourceFile@ConformedAudioSourceFile@ML@@EEAAXXZ
ImporterHost.dll,export,628  273 00036B40 ?WaitForPendingMedia@ConformUtils@ML@@SA_NAEBV?$InterfaceRef@UISequence@BE@@@classref@dvacore@@AEBV?$InterfaceRef@UIProgress@BE@@@45@AEBVTickTime@dvamediatypes@@2@Z
ImporterHost.dll,export,629  274 000D9B40 ?WriteMetaDatum@FileImporter@ML@@UEAAHAEBVBinaryData@MF@@W4MetaDataType@BE@@PEAX0AEBV?$vector@UPath@dvametadata@@V?$allocator@UPath@dvametadata@@@std@@@std@@_N4PEAH@Z
ImporterHost.dll,export,630  275 000DA030 ?WriteMetadataAsyncCompletionFunction@FileImporter@ML@@AEAAXAEBV?$basic_string@EU?$char_traits@E@std@@U?$STLAllocator@E@allocator@dvacore@@@std@@HH@Z
ImporterHost.dll,export,631  276 000756E0 ?WriteMetadataToPath@ImporterHost@@YAHAEBV?$basic_string@EU?$char_traits@E@std@@U?$STLAllocator@E@allocator@dvacore@@@std@@AEBVBinaryData@MF@@AEBV?$function@$$A6AXAEBV?$basic_string@EU?$char_traits@E@std@@U?$STLAllocator@E@allocator@dvacore@@@std@@HH@Z@3@PEAH@Z
ImporterHost.dll,export,633  278 000DA6C0 ?WriteXMPBinary@FileImporter@ML@@QEAAHAEBVBinaryData@MF@@PEAHAEBV?$vector@UPath@dvametadata@@V?$allocator@UPath@dvametadata@@@std@@@std@@@Z
ImporterHost.dll,export,634  279 0029A718 ?kAltTapeName@FileImporter@ML@@2PEBDEB
ImporterHost.dll,export,635  27A 0029A708 ?kAltTimecode@FileImporter@ML@@2PEBDEB
ImporterHost.dll,export,636  27B 0029A6D0 ?kAudioChannelType@FileImporter@ML@@2PEBDEB
ImporterHost.dll,export,637  27C 0029A6D8 ?kAudioCompressor@FileImporter@ML@@2PEBDEB
ImporterHost.dll,export,638  27D 0029A6C0 ?kAudioSampleRate@FileImporter@ML@@2PEBDEB
ImporterHost.dll,export,639  27E 0029A6C8 ?kAudioSampleType@FileImporter@ML@@2PEBDEB
ImporterHost.dll,export,640  27F 0029A770 ?kCameraModel@FileImporter@ML@@2PEBDEB
ImporterHost.dll,export,641  280 0029A748 ?kClient@FileImporter@ML@@2PEBDEB
ImporterHost.dll,export,642  281 0029A740 ?kComment@FileImporter@ML@@2PEBDEB
ImporterHost.dll,export,643  282 0029A6A0 ?kCreateDate@FileImporter@ML@@2PEBDEB
ImporterHost.dll,export,644  283 0029A668 ?kDescription@FileImporter@ML@@2PEBDEB
ImporterHost.dll,export,645  284 0029A750 ?kGood@FileImporter@ML@@2PEBDEB
ImporterHost.dll,export,646  285 0029A760 ?kIdentifier@FileImporter@ML@@2PEBDEB
ImporterHost.dll,export,647  286 0029A720 ?kLogComment@FileImporter@ML@@2PEBDEB
ImporterHost.dll,export,648  287 0029A768 ?kOrientation@FileImporter@ML@@2PEBDEB
ImporterHost.dll,export,649  288 0029A698 ?kPixelAspectRatio@FileImporter@ML@@2PEBDEB
ImporterHost.dll,export,650  289 0029A788 ?kPreviewRenderOriginalHadNoAlpha@FileImporter@ML@@2PEBDEB
ImporterHost.dll,export,651  28A 0029A6B8 ?kPullDown@FileImporter@ML@@2PEBDEB
ImporterHost.dll,export,652  28B 0029A738 ?kScene@FileImporter@ML@@2PEBDEB
ImporterHost.dll,export,653  28C 0029A730 ?kShotDate@FileImporter@ML@@2PEBDEB
ImporterHost.dll,export,654  28D 0029A728 ?kShotName@FileImporter@ML@@2PEBDEB
ImporterHost.dll,export,655  28E 0029A700 ?kStartTimeSampleSize@FileImporter@ML@@2PEBDEB
ImporterHost.dll,export,656  28F 0029A6F8 ?kStartTimeScale@FileImporter@ML@@2PEBDEB
ImporterHost.dll,export,657  290 0029A6F0 ?kStartTimecode@FileImporter@ML@@2PEBDEB
ImporterHost.dll,export,658  291 0029A710 ?kTapeName@FileImporter@ML@@2PEBDEB
ImporterHost.dll,export,659  292 0029A6E8 ?kTimeFormat@FileImporter@ML@@2PEBDEB
ImporterHost.dll,export,660  293 0029A758 ?kTimeReference@FileImporter@ML@@2PEBDEB
ImporterHost.dll,export,661  294 0029A6E0 ?kTimeValue@FileImporter@ML@@2PEBDEB
ImporterHost.dll,export,662  295 0029A670 ?kTitle@FileImporter@ML@@2PEBDEB
ImporterHost.dll,export,663  296 0029A6B0 ?kVideoAlphaMode@FileImporter@ML@@2PEBDEB
ImporterHost.dll,export,664  297 0029A690 ?kVideoCompressor@FileImporter@ML@@2PEBDEB
ImporterHost.dll,export,665  298 0029A6A8 ?kVideoFieldOrder@FileImporter@ML@@2PEBDEB
ImporterHost.dll,export,666  299 0029A680 ?kVideoFrameRate@FileImporter@ML@@2PEBDEB
ImporterHost.dll,export,667  29A 0029A678 ?kVideoFrameSize@FileImporter@ML@@2PEBDEB
ImporterHost.dll,export,668  29B 0029A688 ?kVideoPixelDepth@FileImporter@ML@@2PEBDEB
ImporterHost.dll,export,669  29C 001F7B00 ?kXMPContentStateIDHashStarter@Importer@ML@@2QBDB
ImporterHost.dll,export,670  29D 0029A780 ?kXMPPartID_Content@FileImporter@ML@@2PEBDEB
ImporterHost.dll,export,671  29E 0029A778 ?kXMPPartID_Metadata@FileImporter@ML@@2PEBDEB
ImporterHost.dll,export,672  29F 0029A660 ?kXMP_NS_DC_Prefix@FileImporter@ML@@2PEBDEB
ImporterHost.dll,export,673  2A0 0029A650 ?kXMP_NS_DM_Prefix@FileImporter@ML@@2PEBDEB
ImporterHost.dll,export,674  2A1 0029A658 ?kXMP_NS_XMP_Prefix@FileImporter@ML@@2PEBDEB
ImporterHost.dll,export,675  2A2 001F2298 ?queryClass@?2??QueryMap@AudioSourcePool@ML@@MEAAPEAXAEBV?$basic_string_view@DU?$char_traits@D@std@@@std@@@Z@4V45@B
ImporterHost.dll,export,676  2A3 001F5220 ?queryClass@?2??QueryMap@ConformedAudioSourceFile@ML@@MEAAPEAXAEBV?$basic_string_view@DU?$char_traits@D@std@@@std@@@Z@4V45@B
ImporterHost.dll,export,677  2A4 001EC0C8 ?queryClass@?2??QueryMap@FileImporter@ML@@MEAAPEAXAEBV?$basic_string_view@DU?$char_traits@D@std@@@std@@@Z@4V45@B
ImporterHost.dll,export,678  2A5 001EBCB0 ?queryClass@?2??QueryMap@Importer@ML@@MEAAPEAXAEBV?$basic_string_view@DU?$char_traits@D@std@@@std@@@Z@4V45@B
ImporterHost.dll,export,679  2A6 001F1B70 ?queryClass@?2??QueryMap@ImporterFactory@ML@@MEAAPEAXAEBV?$basic_string_view@DU?$char_traits@D@std@@@std@@@Z@4V45@B
ImporterHost.dll,export,680  2A7 001EB940 ?queryClass@?2??QueryMap@ImporterModule@ML@@MEAAPEAXAEBV?$basic_string_view@DU?$char_traits@D@std@@@std@@@Z@4V45@B
ImporterHost.dll,export,681  2A8 001F2348 ?queryClass@?6??QueryMap@AudioSourcePool@ML@@MEAAPEAXAEBV?$basic_string_view@DU?$char_traits@D@std@@@std@@@Z@4V45@B
ImporterHost.dll,export,682  2A9 001EC170 ?queryClass@?6??QueryMap@FileImporter@ML@@MEAAPEAXAEBV?$basic_string_view@DU?$char_traits@D@std@@@std@@@Z@4V45@B
ImporterHost.dll,export,683  2AA 001EBD50 ?queryClass@?6??QueryMap@Importer@ML@@MEAAPEAXAEBV?$basic_string_view@DU?$char_traits@D@std@@@std@@@Z@4V45@B
ImporterHost.dll,export,684  2AB 001F1C18 ?queryClass@?6??QueryMap@ImporterFactory@ML@@MEAAPEAXAEBV?$basic_string_view@DU?$char_traits@D@std@@@std@@@Z@4V45@B
ImporterHost.dll,export,685  2AC 001EB9E8 ?queryClass@?6??QueryMap@ImporterModule@ML@@MEAAPEAXAEBV?$basic_string_view@DU?$char_traits@D@std@@@std@@@Z@4V45@B
ImporterHost.dll,export,686  2AD 001F52D0 ?queryClass@?9??QueryMap@ConformedAudioSourceFile@ML@@MEAAPEAXAEBV?$basic_string_view@DU?$char_traits@D@std@@@std@@@Z@4V45@B
ImporterHost.dll,export,687  2AE 001EC360 ?queryClass@?BD@??QueryMap@FileImporter@ML@@MEAAPEAXAEBV?$basic_string_view@DU?$char_traits@D@std@@@std@@@Z@4V45@B
ImporterHost.dll,export,688  2AF 001EBF48 ?queryClass@?BD@??QueryMap@Importer@ML@@MEAAPEAXAEBV?$basic_string_view@DU?$char_traits@D@std@@@std@@@Z@4V45@B
ImporterHost.dll,export,689  2B0 001F1CE8 ?queryClass@?BD@??QueryMap@ImporterFactory@ML@@MEAAPEAXAEBV?$basic_string_view@DU?$char_traits@D@std@@@std@@@Z@4V45@B
ImporterHost.dll,export,690  2B1 001EBBF0 ?queryClass@?BD@??QueryMap@ImporterModule@ML@@MEAAPEAXAEBV?$basic_string_view@DU?$char_traits@D@std@@@std@@@Z@4V45@B
ImporterHost.dll,export,691  2B2 001EBFF8 ?queryClass@?BH@??QueryMap@Importer@ML@@MEAAPEAXAEBV?$basic_string_view@DU?$char_traits@D@std@@@std@@@Z@4V45@B
ImporterHost.dll,export,692  2B3 001EBCA0 ?queryClass@?BH@??QueryMap@ImporterModule@ML@@MEAAPEAXAEBV?$basic_string_view@DU?$char_traits@D@std@@@std@@@Z@4V45@B
ImporterHost.dll,export,693  2B4 001EC008 ?queryClass@?BL@??QueryMap@Importer@ML@@MEAAPEAXAEBV?$basic_string_view@DU?$char_traits@D@std@@@std@@@Z@4V45@B
ImporterHost.dll,export,694  2B5 001EC218 ?queryClass@?L@??QueryMap@FileImporter@ML@@MEAAPEAXAEBV?$basic_string_view@DU?$char_traits@D@std@@@std@@@Z@4V45@B
ImporterHost.dll,export,695  2B6 001EBDF0 ?queryClass@?L@??QueryMap@Importer@ML@@MEAAPEAXAEBV?$basic_string_view@DU?$char_traits@D@std@@@std@@@Z@4V45@B
ImporterHost.dll,export,696  2B7 001F1CC8 ?queryClass@?L@??QueryMap@ImporterFactory@ML@@MEAAPEAXAEBV?$basic_string_view@DU?$char_traits@D@std@@@std@@@Z@4V45@B
ImporterHost.dll,export,697  2B8 001EBA98 ?queryClass@?L@??QueryMap@ImporterModule@ML@@MEAAPEAXAEBV?$basic_string_view@DU?$char_traits@D@std@@@std@@@Z@4V45@B
ImporterHost.dll,export,698  2B9 001EC2C0 ?queryClass@?P@??QueryMap@FileImporter@ML@@MEAAPEAXAEBV?$basic_string_view@DU?$char_traits@D@std@@@std@@@Z@4V45@B
ImporterHost.dll,export,699  2BA 001EBE98 ?queryClass@?P@??QueryMap@Importer@ML@@MEAAPEAXAEBV?$basic_string_view@DU?$char_traits@D@std@@@std@@@Z@4V45@B
ImporterHost.dll,export,700  2BB 001F1CD8 ?queryClass@?P@??QueryMap@ImporterFactory@ML@@MEAAPEAXAEBV?$basic_string_view@DU?$char_traits@D@std@@@std@@@Z@4V45@B
ImporterHost.dll,export,701  2BC 001EBB50 ?queryClass@?P@??QueryMap@ImporterModule@ML@@MEAAPEAXAEBV?$basic_string_view@DU?$char_traits@D@std@@@std@@@Z@4V45@B
ImporterHost.dll,export,702  2BD 0029A540 ?sMutex@?1??CreateClassRefInternal@AudioSourcePool@ML@@SA?AV?$InterfaceRef@VAudioSourcePool@ML@@@classref@dvacore@@_N@Z@4Vmutex@std@@A
ImporterHost.dll,export,703  2BE 0029A3B0 ?sMutex@?1??CreateClassRefInternal@ImporterFactory@ML@@SA?AV?$InterfaceRef@VImporterFactory@ML@@@classref@dvacore@@_N@Z@4Vmutex@std@@A
ImporterHost.dll,export,704  2BF 002D20C8 ?sTypeName@?1??GetUnknownTypeName@AudioSourcePool@ML@@UEBAAEBVImmutableString@utility@dvacore@@XZ@4V456@B
ImporterHost.dll,export,705  2C0 002D5A98 ?sTypeName@?1??GetUnknownTypeName@ConformedAudioSourceFile@ML@@UEBAAEBVImmutableString@utility@dvacore@@XZ@4V456@B
ImporterHost.dll,export,706  2C1 002D0F50 ?sTypeName@?1??GetUnknownTypeName@FileImporter@ML@@UEBAAEBVImmutableString@utility@dvacore@@XZ@4V456@B
ImporterHost.dll,export,707  2C2 002D1BB8 ?sTypeName@?1??GetUnknownTypeName@ImporterFactory@ML@@UEBAAEBVImmutableString@utility@dvacore@@XZ@4V456@B
ImporterHost.dll,export,708  2C3 002D0F40 ?sTypeName@?1??GetUnknownTypeName@ImporterModule@ML@@UEBAAEBVImmutableString@utility@dvacore@@XZ@4V456@B
ImporterHost.dll,export,709  2C4 002D1BD8 ?sWeakSingleton@?1??CreateClassRefInternal@AudioSourcePool@ML@@SA?AV?$InterfaceRef@VAudioSourcePool@ML@@@classref@dvacore@@_N@Z@4V?$weak_ptr@VAudioSourcePool@ML@@@std@@A
ImporterHost.dll,export,710  2C5 002D1B30 ?sWeakSingleton@?1??CreateClassRefInternal@ImporterFactory@ML@@SA?AV?$InterfaceRef@VImporterFactory@ML@@@classref@dvacore@@_N@Z@4V?$weak_ptr@VImporterFactory@ML@@@std@@A
ImporterHost.dll,import,Dump of file C:\Program Files\Adobe\Adobe After Effects 2025\Support Files\ImporterHost.dll
ImporterHost.dll,import,5AC ?CreateIOBoundExecutor@threads@dvacore@@YA?AV?$shared_ptr@VAsyncExecutor@threads@dvacore@@@std@@XZ
ImporterHost.dll,import,BFD ?WaitForUntypedUntil@async@dvacore@@YA_NAEBVUntypedFuture@12@AEBV?$time_point@Usteady_clock@chrono@std@@V?$duration@_JU?$ratio@$00$0DLJKMKAA@@std@@@23@@chrono@std@@_N@Z
ImporterHost.dll,import,2 ??$CallAsync@V?$shared_ptr@VAsyncExecutor@threads@dvacore@@@std@@@threads@dvacore@@YA_NAEBV?$shared_ptr@VAsyncExecutor@threads@dvacore@@@std@@V?$function@$$A6AXXZ@3@H@Z
ImporterHost.dll,import,587 ?Create@CompoundFuture@async@dvacore@@SA?AV123@V?$shared_ptr@VAsyncExecutor@threads@dvacore@@@std@@@Z
ImporterHost.dll,import,72F ?GetDefaultExecutor@async@dvacore@@YA?AV?$shared_ptr@VAsyncExecutor@threads@dvacore@@@std@@XZ
ImporterHost.dll,import,7E8 ?GetRegisteredMainThread@threads@dvacore@@YA?AV?$shared_ptr@VAsyncEventLoopAdaptor@threads@dvacore@@@std@@XZ
ImporterHost.dll,import,50A ?AsyncBroadcastMessagePtr@messaging@dvacore@@YAXAEBVImmutableString@utility@2@V?$shared_ptr@VMessage@messaging@dvacore@@@std@@@Z
ImporterHost.dll,import,C9 ??0FileReadCache@file@async@dvacore@@QEAA@XZ
ImporterHost.dll,import,59A ?CreateCPUBoundExecutor@threads@dvacore@@YA?AV?$shared_ptr@VAsyncExecutor@threads@dvacore@@@std@@XZ
ImporterHost.dll,import,5C7 ?CreateSubExecutor@threads@dvacore@@YA?AV?$shared_ptr@VAsyncThreadedSubExecutor@threads@dvacore@@@std@@AEBV?$shared_ptr@VAsyncExecutor@threads@dvacore@@@4@H@Z
ImporterHost.dll,import,864 ?GetWeakMemoryCache@file@async@dvacore@@YA?AV?$shared_ptr@VFileReadCache@file@async@dvacore@@@std@@XZ
ImporterHost.dll,import,23E ??1FileReadCache@file@async@dvacore@@UEAA@XZ
ImporterHost.dll,import,4B5 ?AdaptSingleRequestReader@file@async@dvacore@@YA?AV?$shared_ptr@VReader@file@async@dvacore@@@std@@V?$shared_ptr@VSingleRequestReader@file@async@dvacore@@@5@@Z
ImporterHost.dll,import,172 ??0SingleRequestReader@file@async@dvacore@@QEAA@XZ
ImporterHost.dll,import,28C ??1SingleRequestReader@file@async@dvacore@@MEAA@XZ
ImporterHost.dll,import,5A4 ?CreateFileCacheReader@file@async@dvacore@@YA?AV?$shared_ptr@VReader@file@async@dvacore@@@std@@V45@V?$shared_ptr@VFileReadCache@file@async@dvacore@@@5@@Z
ImporterHost.dll,import,5B3 ?CreatePacketizedReader@file@async@dvacore@@YA?AV?$shared_ptr@VReader@file@async@dvacore@@@std@@V45@_K@Z
ImporterHost.dll,import,5A0 ?CreateDeduplicateReader@file@async@dvacore@@YA?AV?$shared_ptr@VReader@file@async@dvacore@@@std@@V45@_N@Z
ImporterHost.dll,import,595 ?CreateAlignedReader@file@async@dvacore@@YA?AV?$shared_ptr@VReader@file@async@dvacore@@@std@@V45@_K1@Z
ImporterHost.dll,import,50B ?AsyncCallFromMainThread@threads@dvacore@@YA_NV?$function@$$A6AXXZ@std@@I@Z
ImporterHost.dll,import,6ED ?GetCPUBoundExecutor@threads@dvacore@@YA?AV?$shared_ptr@VAsyncExecutor@threads@dvacore@@@std@@XZ
ImporterHost.dll,import,50C ?AsyncExecuteTaskOnAllThreads@threads@dvacore@@YA?AV?$shared_ptr@VIMultithreadedTask@threads@dvacore@@@std@@AEBV?$function@$$A6AXH@Z@4@HAEBV?$shared_ptr@VAsyncExecutor@threads@dvacore@@@4@@Z
ImporterHost.dll,import,58F ?Create@QueueOnlyOnce@threads@dvacore@@SA?AV?$shared_ptr@VQueueOnlyOnce@threads@dvacore@@@std@@V?$function@$$A6AXXZ@5@V?$shared_ptr@VAsyncExecutor@threads@dvacore@@@5@II@Z
ImporterHost.dll,import,5B6 ?CreatePreTerminationExecutor@threads@dvacore@@YA?AV?$shared_ptr@VAsyncExecutor@threads@dvacore@@@std@@XZ
ImporterHost.dll,import,632 ?DurationToInteger@details@async@dvacore@@YAHAEBV?$duration@_JU?$ratio@$00$0DOI@@std@@@chrono@std@@@Z
ImporterHost.dll,import,3 ??$CallAsync@V?$shared_ptr@VAsyncThreadedExecutor@threads@dvacore@@@std@@@threads@dvacore@@YA_NAEBV?$shared_ptr@VAsyncThreadedExecutor@threads@dvacore@@@std@@V?$function@$$A6AXXZ@3@H@Z
ImporterHost.dll,import,9DB ?PrepareToRead@Reader@file@async@dvacore@@UEAA?AV?$Future@UFileReadResponse@filesupport@dvacore@@@34@UFileReadRequest@filesupport@4@@Z
ImporterHost.dll,import,135 ??0Reader@file@async@dvacore@@QEAA@XZ
ImporterHost.dll,import,270 ??1Reader@file@async@dvacore@@UEAA@XZ
ImporterHost.dll,import,5FF ?DecodeBinaryDataFromUTF8String@utility@dvacore@@YA_NAEBV?$basic_string@EU?$char_traits@E@std@@U?$STLAllocator@E@allocator@dvacore@@@std@@AEAV?$vector@EU?$STLAllocator@E@allocator@dvacore@@@4@@Z
ImporterHost.dll,import,B5 ?Open@AsyncFileReader@ASL@@SAHAEBV?$basic_string@_WU?$char_traits@_W@std@@U?$STLAllocator@_W@allocator@dvacore@@@std@@AEAV12@@Z
ImporterHost.dll,import,0 ??0AsyncFileReader@ASL@@QEAA@XZ
ImporterHost.dll,import,18 ??1AsyncFileReader@ASL@@QEAA@XZ
ImporterHost.dll,import,BA ?QueueReadRequest@AsyncFileReader@ASL@@QEAAH_KIPEAXP6AXPEBV12@0II1111H@Z111@Z
ImporterHost.dll,import,34 ?Close@AsyncFileReader@ASL@@QEAAXXZ
ImporterHost.dll,import,4D ?ConformTimecode@Timecode@ASL@@SAHAEBV12@AEBVFrameRate@dvamediatypes@@AEBVTimeDisplay@4@AEAV12@@Z
ImporterHost.dll,import,251 ?LogSDMImporterHostData@SDM@MF@@YAXAEBUData@12@@Z
ImporterHost.dll,import,11E ?DecodeBinaryDataFromUTF8String@MF@@YAHAEBV?$basic_string@EU?$char_traits@E@std@@U?$STLAllocator@E@allocator@dvacore@@@std@@AEAVBinaryData@1@@Z
ImporterHost.dll,import,2B2 ?SDKToDVAPulldownCadence@MF@@YA?AW4PulldownCadence@dvamediatypes@@W4ImporterPulldownCadence@@@Z
ImporterHost.dll,import,B5F ?ResetPreviewBuildFlags@AudioSourceUtilities@BE@@YAXXZ
ImporterHost.dll,import,D56 ?kConformedAudioExtension@BE@@3V?$basic_string@_WU?$char_traits@_W@std@@U?$STLAllocator@_W@allocator@dvacore@@@std@@B
ImporterHost.dll,import,80D ?GetPEKFilename@AudioSourceUtilities@BE@@YA?AV?$basic_string@_WU?$char_traits@_W@std@@U?$STLAllocator@_W@allocator@dvacore@@@std@@AEBV34@AEBVFrameRate@dvamediatypes@@@Z
ImporterHost.dll,import,675 ?GetCFAFilename@AudioSourceUtilities@BE@@YA?AV?$basic_string@_WU?$char_traits@_W@std@@U?$STLAllocator@_W@allocator@dvacore@@@std@@AEBV34@AEBVFrameRate@dvamediatypes@@@Z
ImporterHost.dll,import,714 ?GetFilePartForForPekOrCFAFile@AudioSourceUtilities@BE@@YA?AV?$basic_string@_WU?$char_traits@_W@std@@U?$STLAllocator@_W@allocator@dvacore@@@std@@AEBV34@@Z
ImporterHost.dll,import,6D4 ?GetDefaultPEKFileFromCFAFile@AudioSourceUtilities@BE@@YA?AV?$basic_string@_WU?$char_traits@_W@std@@U?$STLAllocator@_W@allocator@dvacore@@@std@@AEBV34@@Z
ImporterHost.dll,import,CC0 ?ShutdownCrossProjectMediaSyncManager@BE@@YAXXZ
ImporterHost.dll,import,VideoFrame.dll
ImporterHost.dll,import,C5 ppixGetPixels
ImporterHost.dll,import,C7 ppixLockPixels
ImporterHost.dll,import,4E ?GetVideoFrameFromPPix@VF@@YA?AV?$InterfaceRef@UIVideoFrame@MF@@@classref@dvacore@@PEAPEAUPPix@@@Z
ImporterHost.dll,import,BE ppixDispose
ImporterHost.dll,import,54 ?InsertIntoCache@SharedVideoFrameCache@VF@@YAXAEBV?$InterfaceRef@UIVideoFrame@MF@@@classref@dvacore@@AEBVGuid@utility@5@I@Z
ImporterHost.dll,import,69 ?RetrieveFromCache@SharedVideoFrameCache@VF@@YA?AV?$InterfaceRef@UIVideoFrame@MF@@@classref@dvacore@@AEBVGuid@utility@5@@Z
ImporterHost.dll,import,20 ?CreateVideoFrame@VF@@YAHAEAV?$InterfaceRef@UIVideoFrame@MF@@@classref@dvacore@@UPixelFormat@dvamediatypes@@IIAEBVPixelAspectRatio@6@AEBUColorSpace@color@6@_N4@Z
ImporterHost.dll,import,27 ?DisposePPixFromVideoFrame@VF@@YAXPEAPEAUPPix@@@Z
ImporterHost.dll,import,3E ?GetPPixHandFrameMapping@VF@@YA?AV?$InterfaceRef@UUnknownBase@classref@dvacore@@@classref@dvacore@@PEAPEAUPPix@@@Z
ImporterHost.dll,import,66 ?RegisterDependencyOnFrame@SharedVideoFrameCache@VF@@YAXAEBVGuid@utility@dvacore@@@Z
ImporterHost.dll,import,72 ?UnregisterDependencyOnFrame@SharedVideoFrameCache@VF@@YAXAEBVGuid@utility@dvacore@@@Z
ImporterHost.dll,import,5E ?NewPPixFromVideoMemoryAccess@VF@@YAPEAPEAUPPix@@V?$InterfaceRef@UIVideoFrameMemoryAccess@VF@@@classref@dvacore@@@Z
ImporterHost.dll,import,2C ?ExpireFromCache@SharedVideoFrameCache@VF@@YAXAEBVGuid@utility@dvacore@@@Z
ImporterHost.dll,import,2B ?ExpireAllFramesFromCache@SharedVideoFrameCache@VF@@YAXXZ
ImporterHost.dll,import,5C ?NewPPixFromVideoFrame@VF@@YAPEAPEAUPPix@@V?$InterfaceRef@UIVideoFrame@MF@@@classref@dvacore@@@Z
ImporterHost.dll,import,D5 pwGetPPix
ImporterHost.dll,import,C6 ppixGetRowbytes
ImporterHost.dll,import,74 ?OpaqueAlpha@VideoFrameManipulators@VF@@YAXAEBV?$InterfaceRef@UIVideoFrame@MF@@@classref@dvacore@@@Z
ImporterHost.dll,import,66 ?InvertAlpha@VideoFrameManipulators@VF@@YAXAEBV?$InterfaceRef@UIVideoFrame@MF@@@classref@dvacore@@@Z
ImporterHost.dll,import,43 ?DeinterlaceVideoFrame@VideoFrameManipulators@VF@@YAXAEBV?$InterfaceRef@UIVideoFrame@MF@@@classref@dvacore@@H@Z
ImporterHost.dll,import,34 ?CopyFrame@VideoFrameManipulators@VF@@YAHAEBV?$InterfaceRef@UIVideoFrame@MF@@@classref@dvacore@@AEAV345@W4RenderQuality@dvamediatypes@@AEBUColorManagementSettings@color@7@@Z
ImporterHost.dll,import,72 ?MakeWriteableVideoFrame@VideoFrameManipulators@VF@@YA?AV?$InterfaceRef@UIVideoFrame@MF@@@classref@dvacore@@V345@W4RenderQuality@dvamediatypes@@@Z
ImporterHost.dll,import,37 ?CopyRect@VideoFrameManipulators@VF@@YAHAEBV?$InterfaceRef@UIVideoFrame@MF@@@classref@dvacore@@AEBV?$RectT@H@geom@5@AEAV345@1W4RenderQuality@dvamediatypes@@HAEBUColorManagementSettings@color@9@@Z
ImporterHost.dll,import,73 ?MergePulldownFrames@VideoFrameManipulators@VF@@YAHAEBV?$InterfaceRef@UIVideoFrame@MF@@@classref@dvacore@@0@Z
ImporterHost.dll,import,29 ?CalculateAlphaBounds@VideoFrameManipulators@VF@@YAXAEBV?$InterfaceRef@UIVideoFrame@MF@@@classref@dvacore@@AEAV?$RectT@H@geom@5@@Z
ImporterHost.dll,import,CB ?LoadImageW@StaticImageFactory@ML@@YA?AV?$InterfaceRef@UIVideoFrame@MF@@@classref@dvacore@@HIIUPixelFormat@dvamediatypes@@VPixelAspectRatio@7@W4RenderQuality@7@_N@Z
ImporterHost.dll,import,129 ?sDeferredMediaProcessingQueue@ML@@3V?$shared_ptr@VAsyncThreadedExecutor@threads@dvacore@@@std@@A
ImporterHost.dll,import,9F ?GetDocumentIDAndContentStateFromPath@MLFoundation@ML@@YAHAEBV?$basic_string@_WU?$char_traits@_W@std@@U?$STLAllocator@_W@allocator@dvacore@@@std@@_NAEAVGuid@utility@dvacore@@2@Z
ImporterHost.dll,import,12B ?sLowPriorityRenderQueue@ML@@3V?$shared_ptr@VAsyncThreadedExecutor@threads@dvacore@@@std@@A
ImporterHost.dll,import,E7 ?RegisterGetDocumentIDAndContentStateFromPathFunction@MLFoundation@ML@@YAXP6AHAEBV?$basic_string@_WU?$char_traits@_W@std@@U?$STLAllocator@_W@allocator@dvacore@@@std@@_NAEAVGuid@utility@dvacore@@2@Z@Z
ImporterHost.dll,import,3F ?AddOrUpdateImporterModule@PluginSupport@ML@@YAXAEBV?$basic_string@_WU?$char_traits@_W@std@@U?$STLAllocator@_W@allocator@dvacore@@@std@@AEBUSerializedData@ImporterModule@12@@Z
ImporterHost.dll,import,63 ?FindImporterModule@PluginSupport@ML@@YA?BV?$shared_ptr@UImporterModule@PluginSupport@ML@@@std@@AEBV?$basic_string@_WU?$char_traits@_W@std@@U?$STLAllocator@_W@allocator@dvacore@@@4@@Z
ImporterHost.dll,import,DA ?SetImporterTrackIndex@TimelineSuiteObject@ML@@QEAAX_K@Z
MediaFoundation.dll,export,6    5 0003AD70 ??0?$enable_shared_from_this@UDecodeRequest@MF@@@std@@IEAA@AEBV01@@Z
MediaFoundation.dll,export,7    6 0003AD80 ??0?$enable_shared_from_this@UDecodeRequest@MF@@@std@@IEAA@XZ
MediaFoundation.dll,export,17   10 00027940 ??0DataCache@MF@@QEAA@AEBU01@@Z
MediaFoundation.dll,export,18   11 00027950 ??0DataCache@MF@@QEAA@XZ
MediaFoundation.dll,export,19   12 00027960 ??0DataCacheChain@MF@@QEAA@AEBV01@@Z
MediaFoundation.dll,export,20   13 00029440 ??0DataCacheChain@MF@@QEAA@AEBV?$shared_ptr@UDataCache@MF@@@std@@0@Z
MediaFoundation.dll,export,21   14 0003AD90 ??0DecodeQueue@MF@@QEAA@$$QEAU01@@Z
MediaFoundation.dll,export,22   15 0003ADA0 ??0DecodeQueue@MF@@QEAA@AEBU01@@Z
MediaFoundation.dll,export,23   16 0003ADB0 ??0DecodeQueue@MF@@QEAA@XZ
MediaFoundation.dll,export,24   17 0003AF80 ??0DecodeRequest@MF@@QEAA@AEBU01@@Z
MediaFoundation.dll,export,25   18 0003AFA0 ??0DecodeRequest@MF@@QEAA@XZ
MediaFoundation.dll,export,36   23 0003AFC0 ??0IdentifiedDecodeQueue@MF@@QEAA@$$QEAU01@@Z
MediaFoundation.dll,export,37   24 0003AFD0 ??0IdentifiedDecodeQueue@MF@@QEAA@AEBU01@@Z
MediaFoundation.dll,export,38   25 0003AFE0 ??0IdentifiedDecodeQueue@MF@@QEAA@XZ
MediaFoundation.dll,export,39   26 0003AFF0 ??0IdentifiedDecodeRequest@MF@@QEAA@$$QEAU01@@Z
MediaFoundation.dll,export,40   27 0003B010 ??0IdentifiedDecodeRequest@MF@@QEAA@AEBU01@@Z
MediaFoundation.dll,export,41   28 0003B030 ??0IdentifiedDecodeRequest@MF@@QEAA@XZ
MediaFoundation.dll,export,48   2F 000279A0 ??0ManagedDirectory@DiskCacheManager@MF@@QEAA@AEBV012@@Z
MediaFoundation.dll,export,49   30 00047910 ??0ManagedDirectory@DiskCacheManager@MF@@QEAA@XZ
MediaFoundation.dll,export,50   31 00027A10 ??0ManagedVolume@DiskCacheManager@MF@@QEAA@AEBV012@@Z
MediaFoundation.dll,export,51   32 00047940 ??0ManagedVolume@DiskCacheManager@MF@@QEAA@XZ
MediaFoundation.dll,export,74   49 0003B450 ??1?$enable_shared_from_this@UDecodeRequest@MF@@@std@@IEAA@XZ
MediaFoundation.dll,export,78   4D 00027D00 ??1DataCache@MF@@UEAA@XZ
MediaFoundation.dll,export,79   4E 00027D10 ??1DataCacheChain@MF@@UEAA@XZ
MediaFoundation.dll,export,80   4F 0003BA00 ??1DecodeRequest@MF@@UEAA@XZ
MediaFoundation.dll,export,85   54 0003BAE0 ??1IdentifiedDecodeRequest@MF@@UEAA@XZ
MediaFoundation.dll,export,89   58 000481A0 ??1ManagedDirectory@DiskCacheManager@MF@@QEAA@XZ
MediaFoundation.dll,export,90   59 00048360 ??1ManagedVolume@DiskCacheManager@MF@@QEAA@XZ
MediaFoundation.dll,export,107   6A 0003BB30 ??4?$enable_shared_from_this@UDecodeRequest@MF@@@std@@IEAAAEAV01@AEBV01@@Z
MediaFoundation.dll,export,112   6F 00027F80 ??4DataCache@MF@@QEAAAEAU01@AEBU01@@Z
MediaFoundation.dll,export,113   70 00027F90 ??4DataCacheChain@MF@@QEAAAEAV01@AEBV01@@Z
MediaFoundation.dll,export,114   71 0003BC40 ??4DecodeQueue@MF@@QEAAAEAU01@$$QEAU01@@Z
MediaFoundation.dll,export,115   72 0003BC50 ??4DecodeQueue@MF@@QEAAAEAU01@AEBU01@@Z
MediaFoundation.dll,export,116   73 0003BC60 ??4DecodeRequest@MF@@QEAAAEAU01@AEBU01@@Z
MediaFoundation.dll,export,119   76 0003BC70 ??4IdentifiedDecodeQueue@MF@@QEAAAEAU01@$$QEAU01@@Z
MediaFoundation.dll,export,120   77 0003BC80 ??4IdentifiedDecodeQueue@MF@@QEAAAEAU01@AEBU01@@Z
MediaFoundation.dll,export,121   78 0003BC90 ??4IdentifiedDecodeRequest@MF@@QEAAAEAU01@$$QEAU01@@Z
MediaFoundation.dll,export,122   79 0003BCA0 ??4IdentifiedDecodeRequest@MF@@QEAAAEAU01@AEBU01@@Z
MediaFoundation.dll,export,125   7C 00028020 ??4ManagedDirectory@DiskCacheManager@MF@@QEAAAEAV012@AEBV012@@Z
MediaFoundation.dll,export,126   7D 000280D0 ??4ManagedVolume@DiskCacheManager@MF@@QEAAAEAV012@AEBV012@@Z
MediaFoundation.dll,export,153   98 0015B988 ??_7DataCache@MF@@6B@
MediaFoundation.dll,export,154   99 0015BA08 ??_7DataCacheChain@MF@@6B@
MediaFoundation.dll,export,155   9A 0015CCF8 ??_7DecodeQueue@MF@@6B@
MediaFoundation.dll,export,156   9B 0015CCA8 ??_7DecodeRequest@MF@@6B@
MediaFoundation.dll,export,162   A1 0015CD80 ??_7IdentifiedDecodeQueue@MF@@6B@
MediaFoundation.dll,export,163   A2 0015CD20 ??_7IdentifiedDecodeRequest@MF@@6B@
MediaFoundation.dll,export,191   BE 000487D0 ?AddFileExtensionsAllowedToDelete@ManagedDirectory@DiskCacheManager@MF@@QEAAXAEBV?$vector@V?$basic_string@_WU?$char_traits@_W@std@@U?$STLAllocator@_W@allocator@dvacore@@@std@@U?$STLAllocator@V?$basic_string@_WU?$char_traits@_W@std@@U?$STLAllocator@_W@allocator@dvacore@@@std@@@allocator@dvacore@@@std@@@Z
MediaFoundation.dll,export,201   C8 000488C0 ?AreWeViolatingAnyPolicies@ManagedVolume@DiskCacheManager@MF@@QEAA_N_K@Z
MediaFoundation.dll,export,210   D1 0003C1D0 ?CPUWeight@DecodeRequest@MF@@UEAAHXZ
MediaFoundation.dll,export,217   D8 0003C1E0 ?Cancel@DecodeRequest@MF@@UEAAHXZ
MediaFoundation.dll,export,218   D9 0003C1F0 ?CancelDuringCPUProcessing@DecodeRequest@MF@@UEAAHXZ
MediaFoundation.dll,export,219   DA 0003C200 ?CancelIO@DecodeRequest@MF@@UEAAHXZ
MediaFoundation.dll,export,232   E7 0003C210 ?Compare@DecodeRequest@MF@@UEBA_NAEBV?$shared_ptr@UDecodeRequest@MF@@@std@@@Z
MediaFoundation.dll,export,247   F6 000491D0 ?Create@ManagedDirectory@DiskCacheManager@MF@@SA?AV?$shared_ptr@VManagedDirectory@DiskCacheManager@MF@@@std@@AEBV?$basic_string@_WU?$char_traits@_W@std@@U?$STLAllocator@_W@allocator@dvacore@@@5@AEBV?$vector@V?$basic_string@_WU?$char_traits@_W@std@@U?$STLAllocator@_W@allocator@dvacore@@@std@@U?$STLAllocator@V?$basic_string@_WU?$char_traits@_W@std@@U?$STLAllocator@_W@allocator@dvacore@@@std@@@allocator@dvacore@@@5@AEBV?$optional@V?$duration@_JU?$ratio@$00$0JIJGIA@@std@@@chrono@std@@@5@@Z
MediaFoundation.dll,export,248   F7 00049490 ?Create@ManagedVolume@DiskCacheManager@MF@@KA?AV?$shared_ptr@VManagedVolume@DiskCacheManager@MF@@@std@@AEBV?$basic_string@_WU?$char_traits@_W@std@@U?$STLAllocator@_W@allocator@dvacore@@@5@AEBV?$vector@V?$basic_string@_WU?$char_traits@_W@std@@U?$STLAllocator@_W@allocator@dvacore@@@std@@U?$STLAllocator@V?$basic_string@_WU?$char_traits@_W@std@@U?$STLAllocator@_W@allocator@dvacore@@@std@@@allocator@dvacore@@@5@@Z
MediaFoundation.dll,export,257  100 00030550 ?CreateDataCacheInFilesystemAndManageDirectory@MF@@YA?AV?$shared_ptr@UDataCache@MF@@@std@@AEBVImmutableString@utility@dvacore@@AEAV?$shared_ptr@VManagedDirectory@DiskCacheManager@MF@@@3@_N22@Z
MediaFoundation.dll,export,258  101 00037B50 ?CreateDataCacheInMemory@MF@@YA?AV?$shared_ptr@UDataCache@MF@@@std@@XZ
MediaFoundation.dll,export,259  102 0003C220 ?CreateDecodeQueue@MF@@YA?AV?$shared_ptr@UDecodeQueue@MF@@@std@@V?$shared_ptr@VAsyncExecutor@threads@dvacore@@@3@HH_N@Z
MediaFoundation.dll,export,266  109 0003C450 ?CreateIdentifiedDecodeQueue@MF@@YA?AV?$shared_ptr@UIdentifiedDecodeQueue@MF@@@std@@V?$shared_ptr@VAsyncExecutor@threads@dvacore@@@3@HH_N@Z
MediaFoundation.dll,export,285  11C 000A85D0 ?DVAToSDKPulldownCadence@MF@@YA?AW4ImporterPulldownCadence@@W4PulldownCadence@dvamediatypes@@@Z
MediaFoundation.dll,export,287  11E 0000BFE0 ?DecodeBinaryDataFromUTF8String@MF@@YAHAEBV?$basic_string@EU?$char_traits@E@std@@U?$STLAllocator@E@allocator@dvacore@@@std@@AEAVBinaryData@1@@Z
MediaFoundation.dll,export,295  126 00049770 ?DisableRepeatDiskSweep@ManagedDirectory@DiskCacheManager@MF@@QEAAXXZ
MediaFoundation.dll,export,297  128 0003C740 ?DoCPUProcessing@DecodeRequest@MF@@UEAAHXZ
MediaFoundation.dll,export,329  148 000283F0 ?GetAnyItem@DataCache@MF@@UEBAHAEBVImmutableString@utility@dvacore@@AEBV?$vector@VImmutableString@utility@dvacore@@U?$STLAllocator@VImmutableString@utility@dvacore@@@allocator@3@@std@@AEBV?$function@$$A6AXHAEBVImmutableString@utility@dvacore@@0AEBV?$shared_ptr@$$CBVRecycledMemory@allocator@dvacore@@@std@@@Z@7@AEAV?$shared_ptr@$$CBVRecycledMemory@allocator@dvacore@@@7@@Z
MediaFoundation.dll,export,331  14A 0004A2E0 ?GetAutomaticExpiryDuration@ManagedDirectory@DiskCacheManager@MF@@QEBA?AV?$optional@V?$duration@_JU?$ratio@$00$0JIJGIA@@std@@@chrono@std@@@std@@XZ
MediaFoundation.dll,export,332  14B 00029F90 ?GetAvailableItems@DataCacheChain@MF@@UEBAXAEBVImmutableString@utility@dvacore@@AEAV?$vector@VImmutableString@utility@dvacore@@U?$STLAllocator@VImmutableString@utility@dvacore@@@allocator@3@@std@@@Z
MediaFoundation.dll,export,333  14C 0002A1F0 ?GetAvailableKeys@DataCacheChain@MF@@UEBAXAEAV?$set@VImmutableString@utility@dvacore@@U?$less@VImmutableString@utility@dvacore@@@std@@U?$STLAllocator@VImmutableString@utility@dvacore@@@allocator@3@@std@@@Z
MediaFoundation.dll,export,347  15A 0002A350 ?GetCacheIndexChangeCount@DataCacheChain@MF@@UEAAHXZ
MediaFoundation.dll,export,348  15B 0002A530 ?GetChainLinks@DataCacheChain@MF@@UEBAXAEAV?$shared_ptr@UDataCache@MF@@@std@@0@Z
MediaFoundation.dll,export,363  16A 0004A3B0 ?GetCurrentUsedBytes@ManagedVolume@DiskCacheManager@MF@@QEBA?AV?$optional@_K@std@@XZ
MediaFoundation.dll,export,376  177 0004A490 ?GetDeleteEmptySubDirectories@ManagedDirectory@DiskCacheManager@MF@@QEBA_NXZ
MediaFoundation.dll,export,388  183 0004A6C0 ?GetFreeSpaceBytes@ManagedVolume@DiskCacheManager@MF@@QEBA?AV?$optional@_K@std@@XZ
MediaFoundation.dll,export,389  184 0004A790 ?GetFreeSpacePercentage@ManagedVolume@DiskCacheManager@MF@@QEBA?AV?$optional@M@std@@XZ
MediaFoundation.dll,export,396  18B 0002A650 ?GetItem@DataCacheChain@MF@@UEBAHAEBVImmutableString@utility@dvacore@@0AEBV?$function@$$A6AXHAEBVImmutableString@utility@dvacore@@0AEBV?$shared_ptr@$$CBVRecycledMemory@allocator@dvacore@@@std@@@Z@std@@AEAV?$shared_ptr@$$CBVRecycledMemory@allocator@dvacore@@@7@@Z
MediaFoundation.dll,export,397  18C 0002A8F0 ?GetItemPath@DataCacheChain@MF@@UEBA?AV?$basic_string@EU?$char_traits@E@std@@U?$STLAllocator@E@allocator@dvacore@@@std@@AEBVImmutableString@utility@dvacore@@0@Z
MediaFoundation.dll,export,398  18D 0002AA70 ?GetItemSize@DataCacheChain@MF@@UEBA_KAEBVImmutableString@utility@dvacore@@0@Z
MediaFoundation.dll,export,405  194 00028470 ?GetManagedVolume@ManagedDirectory@DiskCacheManager@MF@@QEBA?AV?$shared_ptr@VManagedVolume@DiskCacheManager@MF@@@std@@XZ
MediaFoundation.dll,export,406  195 0004A860 ?GetMaxFileCount@ManagedDirectory@DiskCacheManager@MF@@QEBA?AV?$optional@_K@std@@XZ
MediaFoundation.dll,export,407  196 0004A930 ?GetMaxUsedBytes@ManagedDirectory@DiskCacheManager@MF@@QEBA?AV?$optional@_K@std@@XZ
MediaFoundation.dll,export,408  197 0004AA00 ?GetMaxUsedBytes@ManagedVolume@DiskCacheManager@MF@@QEBA?AV?$optional@_K@std@@XZ
MediaFoundation.dll,export,433  1B0 0002ABF0 ?GetPartialItem@DataCacheChain@MF@@UEBAHAEBVImmutableString@utility@dvacore@@0_K1AEBV?$function@$$A6AXHAEBVImmutableString@utility@dvacore@@0AEBV?$shared_ptr@$$CBVRecycledMemory@allocator@dvacore@@@std@@@Z@std@@AEAV?$shared_ptr@$$CBVRecycledMemory@allocator@dvacore@@@7@@Z
MediaFoundation.dll,export,434  1B1 0002ADC0 ?GetPartialItemSync@DataCacheChain@MF@@UEBAHAEBVImmutableString@utility@dvacore@@0_K1AEAV?$shared_ptr@$$CBVRecycledMemory@allocator@dvacore@@@std@@@Z
MediaFoundation.dll,export,435  1B2 00028520 ?GetPath@ManagedDirectory@DiskCacheManager@MF@@QEBA?AV?$shared_ptr@$$CBV?$basic_string@_WU?$char_traits@_W@std@@U?$STLAllocator@_W@allocator@dvacore@@@std@@@std@@XZ
MediaFoundation.dll,export,436  1B3 00028560 ?GetPath@ManagedVolume@DiskCacheManager@MF@@QEBA?AV?$shared_ptr@$$CBV?$basic_string@_WU?$char_traits@_W@std@@U?$STLAllocator@_W@allocator@dvacore@@@std@@@std@@XZ
MediaFoundation.dll,export,449  1C0 0004B520 ?GetPriorityBoost@ManagedDirectory@DiskCacheManager@MF@@QEBA?AV?$optional@V?$duration@_JU?$ratio@$00$0JIJGIA@@std@@@chrono@std@@@std@@XZ
MediaFoundation.dll,export,467  1D2 0002AF70 ?GetStationID@DataCacheChain@MF@@UEBA?AVImmutableString@utility@dvacore@@XZ
MediaFoundation.dll,export,468  1D3 0004B5F0 ?GetStationID@DiskCacheManager@MF@@YA?AVImmutableString@utility@dvacore@@XZ
MediaFoundation.dll,export,496  1EF 000285B0 ?GetVolumeSize@ManagedVolume@DiskCacheManager@MF@@QEBA_KXZ
MediaFoundation.dll,export,516  203 0003CB50 ?IOWeight@DecodeRequest@MF@@UEAAHXZ
MediaFoundation.dll,export,528  20F 0003D3A0 ?InitiateIO@DecodeRequest@MF@@UEAAHAEBV?$function@$$A6AXH@Z@std@@@Z
MediaFoundation.dll,export,553  228 0002B400 ?IsItemAvailable@DataCacheChain@MF@@UEBA_NAEBVImmutableString@utility@dvacore@@0@Z
MediaFoundation.dll,export,594  251 000B3990 ?LogSDMImporterHostData@SDM@MF@@YAXAEBUData@12@@Z
MediaFoundation.dll,export,646  285 0003D7C0 ?PreviouslyCompletedRequestWithSameIdentifier@IdentifiedDecodeRequest@MF@@UEAAXAEBV?$shared_ptr@UIdentifiedDecodeRequest@MF@@@std@@H@Z
MediaFoundation.dll,export,649  288 0002B690 ?PutItem@DataCacheChain@MF@@UEAA?AV?$Future@X@async@dvacore@@AEBVImmutableString@utility@5@0AEBV?$shared_ptr@$$CBVRecycledMemory@allocator@dvacore@@@std@@_N@Z
MediaFoundation.dll,export,670  29D 0002BA60 ?RemoveItem@DataCacheChain@MF@@UEBA?AV?$Future@X@async@dvacore@@AEBVImmutableString@utility@5@0@Z
MediaFoundation.dll,export,671  29E 0002BEB0 ?ReplaceChainLinks@DataCacheChain@MF@@UEAAXAEBV?$shared_ptr@UDataCache@MF@@@std@@0@Z
MediaFoundation.dll,export,691  2B2 000A91A0 ?SDKToDVAPulldownCadence@MF@@YA?AW4PulldownCadence@dvamediatypes@@W4ImporterPulldownCadence@@@Z
MediaFoundation.dll,export,696  2B7 0004BA20 ?SetAutomaticExpiryDuration@ManagedDirectory@DiskCacheManager@MF@@QEAAXAEBV?$optional@V?$duration@_JU?$ratio@$00$0JIJGIA@@std@@@chrono@std@@@std@@@Z
MediaFoundation.dll,export,702  2BD 0004BB00 ?SetDeleteEmptySubDirectories@ManagedDirectory@DiskCacheManager@MF@@QEAAX_N@Z
MediaFoundation.dll,export,705  2C0 0004BBF0 ?SetFreeSpaceBytes@ManagedVolume@DiskCacheManager@MF@@QEAAXAEBV?$optional@_K@std@@@Z
MediaFoundation.dll,export,706  2C1 0004BCD0 ?SetFreeSpacePercentage@ManagedVolume@DiskCacheManager@MF@@QEAAXAEBV?$optional@M@std@@@Z
MediaFoundation.dll,export,710  2C5 0004BDB0 ?SetMaxFileCount@ManagedDirectory@DiskCacheManager@MF@@QEAAXAEBV?$optional@_K@std@@@Z
MediaFoundation.dll,export,711  2C6 0004BE90 ?SetMaxUsedBytes@ManagedDirectory@DiskCacheManager@MF@@QEAAXAEBV?$optional@_K@std@@@Z
MediaFoundation.dll,export,712  2C7 0004BF70 ?SetMaxUsedBytes@ManagedVolume@DiskCacheManager@MF@@QEAAXAEBV?$optional@_K@std@@@Z
MediaFoundation.dll,export,718  2CD 0004C050 ?SetPriorityBoost@ManagedDirectory@DiskCacheManager@MF@@QEAAXAEBV?$optional@V?$duration@_JU?$ratio@$00$0JIJGIA@@std@@@chrono@std@@@std@@@Z
MediaFoundation.dll,export,730  2D9 0004C130 ?Shutdown@DiskCacheManager@MF@@YAXXZ
MediaFoundation.dll,export,750  2ED 0002C060 ?TouchItem@DataCacheChain@MF@@UEBAXAEBVImmutableString@utility@dvacore@@0@Z
MediaFoundation.dll,export,819  332 00042250 ?shared_from_this@?$enable_shared_from_this@UDecodeRequest@MF@@@std@@QEAA?AV?$shared_ptr@UDecodeRequest@MF@@@2@XZ
MediaFoundation.dll,export,820  333 000422A0 ?shared_from_this@?$enable_shared_from_this@UDecodeRequest@MF@@@std@@QEBA?AV?$shared_ptr@$$CBUDecodeRequest@MF@@@2@XZ
MediaFoundation.dll,export,824  337 000422F0 ?weak_from_this@?$enable_shared_from_this@UDecodeRequest@MF@@@std@@QEAA?AV?$weak_ptr@UDecodeRequest@MF@@@2@XZ
MediaFoundation.dll,export,825  338 00042320 ?weak_from_this@?$enable_shared_from_this@UDecodeRequest@MF@@@std@@QEBA?AV?$weak_ptr@$$CBUDecodeRequest@MF@@@2@XZ
MediaFoundation.dll,import,632 ?DurationToInteger@details@async@dvacore@@YAHAEBV?$duration@_JU?$ratio@$00$0DOI@@std@@@chrono@std@@@Z
MediaFoundation.dll,import,52F ?CallConditionalRepeatDelayFunctionAsynchronously@threads@dvacore@@YAXAEBV?$shared_ptr@VAsyncExecutor@threads@dvacore@@@std@@AEBV?$function@$$A6A_NXZ@4@I@Z
MediaFoundation.dll,import,59A ?CreateCPUBoundExecutor@threads@dvacore@@YA?AV?$shared_ptr@VAsyncExecutor@threads@dvacore@@@std@@XZ
MediaFoundation.dll,import,5B6 ?CreatePreTerminationExecutor@threads@dvacore@@YA?AV?$shared_ptr@VAsyncExecutor@threads@dvacore@@@std@@XZ
MediaFoundation.dll,import,5BC ?CreateSerialExecutor@threads@dvacore@@YA?AV?$shared_ptr@VAsyncThreadedExecutor@threads@dvacore@@@std@@XZ
MediaFoundation.dll,import,50B ?AsyncCallFromMainThread@threads@dvacore@@YA_NV?$function@$$A6AXXZ@std@@I@Z
MediaFoundation.dll,import,5AC ?CreateIOBoundExecutor@threads@dvacore@@YA?AV?$shared_ptr@VAsyncExecutor@threads@dvacore@@@std@@XZ
MediaFoundation.dll,import,146 ??0RepeatDelayFunction@threads@dvacore@@QEAA@AEBV?$shared_ptr@VAsyncExecutor@threads@dvacore@@@std@@V?$function@$$A6AXXZ@4@I@Z
MediaFoundation.dll,import,5C7 ?CreateSubExecutor@threads@dvacore@@YA?AV?$shared_ptr@VAsyncThreadedSubExecutor@threads@dvacore@@@std@@AEBV?$shared_ptr@VAsyncExecutor@threads@dvacore@@@4@H@Z
MediaFoundation.dll,import,75C ?GetIOBoundExecutor@threads@dvacore@@YA?AV?$shared_ptr@VAsyncExecutor@threads@dvacore@@@std@@XZ
MediaFoundation.dll,import,2 ??$CallAsync@V?$shared_ptr@VAsyncExecutor@threads@dvacore@@@std@@@threads@dvacore@@YA_NAEBV?$shared_ptr@VAsyncExecutor@threads@dvacore@@@std@@V?$function@$$A6AXXZ@3@H@Z
MediaFoundation.dll,import,587 ?Create@CompoundFuture@async@dvacore@@SA?AV123@V?$shared_ptr@VAsyncExecutor@threads@dvacore@@@std@@@Z
MediaFoundation.dll,import,58F ?Create@QueueOnlyOnce@threads@dvacore@@SA?AV?$shared_ptr@VQueueOnlyOnce@threads@dvacore@@@std@@V?$function@$$A6AXXZ@5@V?$shared_ptr@VAsyncExecutor@threads@dvacore@@@5@II@Z
MediaFoundation.dll,import,50A ?AsyncBroadcastMessagePtr@messaging@dvacore@@YAXAEBVImmutableString@utility@2@V?$shared_ptr@VMessage@messaging@dvacore@@@std@@@Z
MediaFoundation.dll,import,7E8 ?GetRegisteredMainThread@threads@dvacore@@YA?AV?$shared_ptr@VAsyncEventLoopAdaptor@threads@dvacore@@@std@@XZ
MediaFoundation.dll,import,72F ?GetDefaultExecutor@async@dvacore@@YA?AV?$shared_ptr@VAsyncExecutor@threads@dvacore@@@std@@XZ
MediaFoundation.dll,import,50C ?AsyncExecuteTaskOnAllThreads@threads@dvacore@@YA?AV?$shared_ptr@VIMultithreadedTask@threads@dvacore@@@std@@AEBV?$function@$$A6AXH@Z@4@HAEBV?$shared_ptr@VAsyncExecutor@threads@dvacore@@@4@@Z
MediaFoundation.dll,import,6ED ?GetCPUBoundExecutor@threads@dvacore@@YA?AV?$shared_ptr@VAsyncExecutor@threads@dvacore@@@std@@XZ
MediaFoundation.dll,import,5FF ?DecodeBinaryDataFromUTF8String@utility@dvacore@@YA_NAEBV?$basic_string@EU?$char_traits@E@std@@U?$STLAllocator@E@allocator@dvacore@@@std@@AEAV?$vector@EU?$STLAllocator@E@allocator@dvacore@@@4@@Z
EAMedia.dll,export,11    A 00014D90 ??0EAMediaRenderWaveformRequest@EAMediaProtocol@@QEAA@AEBURenderableSourceIdentifier@1@AEBVTickTime@dvamediatypes@@1AEBVFrameRate@4@AEBI3_KAEBVGuid@utility@dvacore@@5@Z
EAMedia.dll,export,14    D 0001A130 ??0LocalMediaLocatorContext@EAMedia@@QEAA@AEBVImmutableString@utility@dvacore@@AEBUMediaLocatorProperties@EACL@@_N@Z
EAMedia.dll,export,15    E 0001A180 ??0LocalMediaLocatorContext@EAMedia@@QEAA@AEBVImmutableString@utility@dvacore@@AEBVGuid@34@1AEBV?$optional@UMediaLocatorStillSequenceParams@EACL@@@std@@AEBV?$optional@UEAMediaSourceDescription@EACL@@@7@0_N@Z
EAMedia.dll,export,16    F 0001A290 ??0LocalMediaLocatorContext@EAMedia@@QEAA@XZ
EAMedia.dll,export,35   22 000C7DB0 ??6EAMediaProtocol@@YAAEAV?$basic_ostream@DU?$char_traits@D@std@@@std@@AEAV12@AEBURenderableSourceIdentifier@0@@Z
EAMedia.dll,export,36   23 000C7E50 ??6EAMediaProtocol@@YAAEAVoUTF8StringStream@dvacore@@AEAV12@AEBURenderableSourceIdentifier@0@@Z
EAMedia.dll,export,37   24 000C7FB0 ??8EAMediaProtocol@@YA_NAEBURenderableSourceIdentifier@0@0@Z
EAMedia.dll,export,38   25 000C8050 ??9EAMediaProtocol@@YA_NAEBURenderableSourceIdentifier@0@0@Z
EAMedia.dll,export,39   26 000C8060 ??MEAMediaProtocol@@YA_NAEBURenderableSourceIdentifier@0@0@Z
EAMedia.dll,export,47   2E 000C82C0 ?AsUTF8String@RenderableSourceIdentifier@EAMediaProtocol@@QEBA?AV?$basic_string@EU?$char_traits@E@std@@U?$STLAllocator@E@allocator@dvacore@@@std@@XZ
EAMedia.dll,export,58   39 000225F0 ?CreateEAMediaInfoFromMediaLocatorID@EAMedia@@YA?AV?$InterfaceRef@UIEAMediaInfo@EAMedia@@@classref@dvacore@@AEBVImmutableString@utility@4@@Z
EAMedia.dll,export,67   42 00022B60 ?CreateFromLocalMediaWithFloatingMediaLocator@EAMedia@@YAHAEBV?$InterfaceRef@UIMediaInfo@BE@@@classref@dvacore@@AEBVBinaryData@MF@@AEBUMediaLocatorProperties@EACL@@AEBVImmutableString@utility@4@AEAV?$InterfaceRef@UIEAMediaInfo@EAMedia@@@34@@Z
EAMedia.dll,export,68   43 00022FC0 ?CreateFromLocalMediaWithKnownMediaLocatorID@EAMedia@@YAHAEBVImmutableString@utility@dvacore@@AEBV?$InterfaceRef@UIMediaInfo@BE@@@classref@4@AEBVBinaryData@MF@@00AEAV?$InterfaceRef@UIEAMediaInfo@EAMedia@@@64@@Z
EAMedia.dll,export,71   46 00023770 ?CreateLocalMediaLocatorContext@EAMedia@@YAHAEBV?$InterfaceRef@UIMediaInfo@BE@@@classref@dvacore@@AEBVImmutableString@utility@4@AEAULocalMediaLocatorContext@1@@Z
EAMedia.dll,export,72   47 00055B60 ?CreateMediaLocatorIDFromMedia@Utils@EAMedia@@YA?AVImmutableString@utility@dvacore@@AEBV?$InterfaceRef@UIMedia@BE@@@classref@5@@Z
EAMedia.dll,export,74   49 00056CE0 ?CreateOfflineMasterClipFromMediaLocator@Utils@EAMedia@@YAHAEBV?$InterfaceRef@UIEACMediaLocator@EACL@@@classref@dvacore@@AEAV?$InterfaceRef@UIMasterClip@BE@@@45@@Z
EAMedia.dll,export,84   53 000A18C0 ?FindLocalMedia@MediaFinder@EAMedia@@YA?AV?$basic_string@_WU?$char_traits@_W@std@@U?$STLAllocator@_W@allocator@dvacore@@@std@@AEBV34@AEBV?$optional@VImmutableString@utility@dvacore@@@4@_NAEAVImmutableString@utility@dvacore@@AEAV?$optional@UMediaLocatorStillSequenceParams@EACL@@@4@AEAV?$optional@UMediaLocatorProperties@EACL@@@4@@Z
EAMedia.dll,export,85   54 000A1A00 ?FindLocalMedia@MediaFinder@EAMedia@@YA?AV?$basic_string@_WU?$char_traits@_W@std@@U?$STLAllocator@_W@allocator@dvacore@@@std@@AEBV?$optional@VImmutableString@utility@dvacore@@@4@_NAEAVImmutableString@utility@dvacore@@AEAV?$optional@UMediaLocatorStillSequenceParams@EACL@@@4@AEAV54@4AEAV?$optional@UMediaLocatorProperties@EACL@@@4@@Z
EAMedia.dll,export,88   57 000C8C70 ?FromUTF8String@RenderableSourceIdentifier@EAMediaProtocol@@QEAAAEBU12@AEBV?$basic_string@EU?$char_traits@E@std@@U?$STLAllocator@E@allocator@dvacore@@@std@@@Z
EAMedia.dll,export,92   5B 0000B4D0 ?GetCPUExecutor@EAFileCopy@EAMedia@@IEBA?AV?$shared_ptr@VAsyncExecutor@threads@dvacore@@@std@@XZ
EAMedia.dll,export,97   60 0004A8F0 ?GetFilePathAndStillSequenceParamsFromMediaLocator@URLUtils@EAMedia@@YAHAEBVImmutableString@utility@dvacore@@0AEAV?$basic_string@_WU?$char_traits@_W@std@@U?$STLAllocator@_W@allocator@dvacore@@@std@@AEAV?$optional@UMediaLocatorStillSequenceParams@EACL@@@7@@Z
EAMedia.dll,export,102   65 000C8D60 ?GetHash@RenderableSourceIdentifier@EAMediaProtocol@@QEBA?AVGuid@utility@dvacore@@XZ
EAMedia.dll,export,103   66 00058820 ?GetImporterPoolKey@Utils@EAMedia@@YA?AV?$basic_string@_WU?$char_traits@_W@std@@U?$STLAllocator@_W@allocator@dvacore@@@std@@AEBV?$InterfaceRef@UIMedia@BE@@@classref@dvacore@@AEBV34@@Z
EAMedia.dll,export,104   67 00058890 ?GetImporterPoolKey@Utils@EAMedia@@YA?AV?$basic_string@_WU?$char_traits@_W@std@@U?$STLAllocator@_W@allocator@dvacore@@@std@@AEBVImmutableString@utility@dvacore@@AEBV34@@Z
EAMedia.dll,export,107   6A 00058990 ?GetMediaDocumentIDAndContentState@Utils@EAMedia@@YA_NAEBV?$InterfaceRef@UIMedia@BE@@@classref@dvacore@@AEAVGuid@utility@5@1@Z
EAMedia.dll,export,109   6C 0004CCA0 ?GetMediaLocatorIDForFilePath@URLUtils@EAMedia@@YA?AVImmutableString@utility@dvacore@@AEBV?$basic_string@_WU?$char_traits@_W@std@@U?$STLAllocator@_W@allocator@dvacore@@@std@@AEBV345@AEAVGuid@45@2@Z
EAMedia.dll,export,110   6D 00058BE0 ?GetMediaLocatorIDForMediaInfo@Utils@EAMedia@@YA?AVImmutableString@utility@dvacore@@AEBV?$InterfaceRef@UIMediaInfo@BE@@@classref@5@AEBV345@AEAVGuid@45@2AEA_N@Z
EAMedia.dll,export,116   73 000CC4F0 ?GetRenderableSourceIdentifierCache@SerializationCache@EAMedia@@YAAEAV?$CachedSerializer@URenderableSourceIdentifier@EAMediaProtocol@@@serialization@dvacore@@XZ
EAMedia.dll,export,120   77 00059960 ?GetSourceDescriptionFromMediaLocator@Utils@EAMedia@@YA?AVImmutableString@utility@dvacore@@AEBV345@0@Z
EAMedia.dll,export,128   7F 00059BE0 ?GetXMPContentState@Utils@EAMedia@@YA_NAEBV?$InterfaceRef@UIMedia@BE@@@classref@dvacore@@AEAVGuid@utility@5@@Z
EAMedia.dll,export,129   80 000C9050 ?HasAssetName@RenderableSourceIdentifier@EAMediaProtocol@@QEBA_NXZ
EAMedia.dll,export,130   81 000C9060 ?HasFloatingMediaLocator@RenderableSourceIdentifier@EAMediaProtocol@@QEBA_NXZ
EAMedia.dll,export,131   82 000C9070 ?HasMediaLocatorID@RenderableSourceIdentifier@EAMediaProtocol@@QEBA_NXZ
EAMedia.dll,export,132   83 000C9090 ?HasValidVersion@RenderableSourceIdentifier@EAMediaProtocol@@QEBA_NXZ
EAMedia.dll,export,148   93 000C90E0 ?IsMediaLocatorBased@RenderableSourceIdentifier@EAMediaProtocol@@QEBA_NXZ
EAMedia.dll,export,154   99 0002F2E0 ?IsValid@LocalMediaLocatorContext@EAMedia@@QEBA_NXZ
EAMedia.dll,export,155   9A 000C9120 ?IsValid@RenderableSourceIdentifier@EAMediaProtocol@@QEBA_NXZ
EAMedia.dll,export,158   9D 000AA300 ?MediaLocatorHasBeenUpdated@MediaFinder@EAMedia@@YAXAEBV?$InterfaceRef@UIEACMediaLocator@EACL@@@classref@dvacore@@AEBVImmutableString@utility@5@@Z
EAMedia.dll,export,161   A0 0000BB80 ?NotifyUpdateMediaLocatorFinished@EAFileCopy@EAMedia@@UEAAXXZ
EAMedia.dll,export,162   A1 000797D0 ?NotifyUpdateMediaLocatorFinished@FileCopy@EAMedia@@UEAAXXZ
EAMedia.dll,export,165   A4 0000BBA0 ?OnFinishedCopyFiles_MediaLocatorLoaded@EAFileCopy@EAMedia@@AEAAXAEBVGuid@utility@dvacore@@HAEBV?$InterfaceRef@UIEACServerResource@EACL@@@classref@5@AEBV?$shared_ptr@VResponse@dvanet@@@std@@W4State@BinaryCopier@45@HAEBV?$basic_string@EU?$char_traits@E@std@@U?$STLAllocator@E@allocator@dvacore@@@9@@Z
EAMedia.dll,export,166   A5 0000D110 ?OnFinishedCopyFiles_UpdateMediaLocatorFinished@EAFileCopy@EAMedia@@AEAAXAEBVGuid@utility@dvacore@@HHAEBV?$basic_string@EU?$char_traits@E@std@@U?$STLAllocator@E@allocator@dvacore@@@std@@@Z
EAMedia.dll,export,172   AB 000ACBD0 ?ProcessRequiredMediaLocators@MediaFinder@EAMedia@@YAXAEBV?$InterfaceRef@UIEACDataServer@EACL@@@classref@dvacore@@AEBVImmutableString@utility@5@AEBV?$shared_ptr@V?$set@VImmutableString@utility@dvacore@@U?$less@VImmutableString@utility@dvacore@@@std@@U?$STLAllocator@VImmutableString@utility@dvacore@@@allocator@3@@std@@@std@@@Z
EAMedia.dll,export,176   AF 0005B880 ?RemoveAudioSourceFromPool@Utils@EAMedia@@YAXAEBV?$InterfaceRef@UIMasterClip@BE@@@classref@dvacore@@@Z
EAMedia.dll,export,192   BF 000B3DA0 ?StartAsynchronousRefreshForAllMedia@MediaFinder@EAMedia@@YAXXZ
EAMedia.dll,export,197   C4 00081500 ?UpdateMediaLocator@FileCopy@EAMedia@@EEAA_NAEBVGuid@utility@dvacore@@AEBVImmutableString@45@AEBV?$InterfaceRef@UIEACMediaLocator@EACL@@@classref@5@HAEBV?$basic_string@EU?$char_traits@E@std@@U?$STLAllocator@E@allocator@dvacore@@@std@@@Z
EAMedia.dll,export,198   C5 0005C3C0 ?UpdateMediaLocator@Utils@EAMedia@@YAHAEBV?$InterfaceRef@UIEACMediaLocator@EACL@@@classref@dvacore@@AEBVImmutableString@utility@5@AEBV?$basic_string@_WU?$char_traits@_W@std@@U?$STLAllocator@_W@allocator@dvacore@@@std@@AEBV?$function@$$A6AXAEBVGuid@utility@dvacore@@HAEBV?$InterfaceRef@UIEACServerResource@EACL@@@classref@3@AEBV?$shared_ptr@VResponse@dvanet@@@std@@@Z@9@AEBV?$optional@VImmutableString@utility@dvacore@@@9@@Z
EAMedia.dll,export,199   C6 0005D2C0 ?UpdateMediaLocator@Utils@EAMedia@@YAHAEBVImmutableString@utility@dvacore@@0AEBV?$basic_string@_WU?$char_traits@_W@std@@U?$STLAllocator@_W@allocator@dvacore@@@std@@AEBV?$function@$$A6AXAEBVGuid@utility@dvacore@@HAEBV?$InterfaceRef@UIEACServerResource@EACL@@@classref@3@AEBV?$shared_ptr@VResponse@dvanet@@@std@@@Z@7@AEBV?$optional@VImmutableString@utility@dvacore@@@7@@Z
EAMedia.dll,export,200   C7 00011190 ?WeakRefToStrongRefCall_OnFinishedCopyFiles_MediaLocatorLoaded@EAFileCopy@EAMedia@@SAXAEBV?$weak_ptr@VEAFileCopy@EAMedia@@@boost@@AEBVGuid@utility@dvacore@@HAEBV?$InterfaceRef@UIEACServerResource@EACL@@@classref@7@AEBV?$shared_ptr@VResponse@dvanet@@@std@@W4State@BinaryCopier@67@HAEBV?$basic_string@EU?$char_traits@E@std@@U?$STLAllocator@E@allocator@dvacore@@@std@@@Z
EAMedia.dll,export,201   C8 00011260 ?WeakRefToStrongRefCall_OnFinishedCopyFiles_UpdateMediaLocatorFinished@EAFileCopy@EAMedia@@SAXAEBV?$weak_ptr@VEAFileCopy@EAMedia@@@boost@@AEBVGuid@utility@dvacore@@HHAEBV?$basic_string@EU?$char_traits@E@std@@U?$STLAllocator@E@allocator@dvacore@@@std@@@Z
EAMedia.dll,import,50C ?AsyncExecuteTaskOnAllThreads@threads@dvacore@@YA?AV?$shared_ptr@VIMultithreadedTask@threads@dvacore@@@std@@AEBV?$function@$$A6AXH@Z@4@HAEBV?$shared_ptr@VAsyncExecutor@threads@dvacore@@@4@@Z
EAMedia.dll,import,6ED ?GetCPUBoundExecutor@threads@dvacore@@YA?AV?$shared_ptr@VAsyncExecutor@threads@dvacore@@@std@@XZ
EAMedia.dll,import,5AC ?CreateIOBoundExecutor@threads@dvacore@@YA?AV?$shared_ptr@VAsyncExecutor@threads@dvacore@@@std@@XZ
EAMedia.dll,import,50B ?AsyncCallFromMainThread@threads@dvacore@@YA_NV?$function@$$A6AXXZ@std@@I@Z
EAMedia.dll,import,7E8 ?GetRegisteredMainThread@threads@dvacore@@YA?AV?$shared_ptr@VAsyncEventLoopAdaptor@threads@dvacore@@@std@@XZ
EAMedia.dll,import,614 ?DestroyExpiringEntryMapExecutor@utility@dvacore@@YAXAEAV?$shared_ptr@VAsyncThreadedExecutor@threads@dvacore@@@std@@@Z
EAMedia.dll,import,5A2 ?CreateExpiringEntryMapExecutor@utility@dvacore@@YA?AV?$shared_ptr@VAsyncThreadedExecutor@threads@dvacore@@@std@@V34@@Z
EAMedia.dll,import,50A ?AsyncBroadcastMessagePtr@messaging@dvacore@@YAXAEBVImmutableString@utility@2@V?$shared_ptr@VMessage@messaging@dvacore@@@std@@@Z
EAMedia.dll,import,58F ?Create@QueueOnlyOnce@threads@dvacore@@SA?AV?$shared_ptr@VQueueOnlyOnce@threads@dvacore@@@std@@V?$function@$$A6AXXZ@5@V?$shared_ptr@VAsyncExecutor@threads@dvacore@@@5@II@Z
EAMedia.dll,import,5C7 ?CreateSubExecutor@threads@dvacore@@YA?AV?$shared_ptr@VAsyncThreadedSubExecutor@threads@dvacore@@@std@@AEBV?$shared_ptr@VAsyncExecutor@threads@dvacore@@@4@H@Z
EAMedia.dll,import,11E ?DecodeBinaryDataFromUTF8String@MF@@YAHAEBV?$basic_string@EU?$char_traits@E@std@@U?$STLAllocator@E@allocator@dvacore@@@std@@AEAVBinaryData@1@@Z
EAMedia.dll,import,A1A ?IsAsyncMediaRelinkingEnabled@BE@@YA_NXZ
EAMedia.dll,import,9F ?GetDocumentIDAndContentStateFromPath@MLFoundation@ML@@YAHAEBV?$basic_string@_WU?$char_traits@_W@std@@U?$STLAllocator@_W@allocator@dvacore@@@std@@_NAEAVGuid@utility@dvacore@@2@Z
EAMedia.dll,import,ImporterHost.dll
EAMedia.dll,import,1D2 ?Initialize@ImporterHost@@YAHXZ
EAMedia.dll,import,E7 ?Create@ImporterFactory@ML@@SA?AV?$InterfaceRef@VImporterFactory@ML@@@classref@dvacore@@XZ
EAMedia.dll,import,E0 ?Create@AudioSourcePool@ML@@SA?AV?$InterfaceRef@VAudioSourcePool@ML@@@classref@dvacore@@XZ
EAMedia.dll,import,245 ?RemoveAudioSource@AudioSourcePool@ML@@QEAAXAEBV?$basic_string@_WU?$char_traits@_W@std@@U?$STLAllocator@_W@allocator@dvacore@@@std@@AEBVGuid@utility@dvacore@@_KAEBVFrameRate@dvamediatypes@@AEBVTickTime@9@1AEBVBinaryData@MF@@AEBV?$vector@UAudioChannelDescription@dvamediatypes@@U?$STLAllocator@UAudioChannelDescription@dvamediatypes@@@allocator@dvacore@@@4@@Z
EAMedia.dll,import,17E ?GetNextMetadataRequestID@ImporterHost@@YAHXZ
EAMedia.dll,import,261 ?Shutdown@ImporterHost@@YAHXZ
EAMedia.dll,import,00000001800CDFCB   209 ??9EACL@@YA_NAEBUMediaLocatorProperties@0@0@Z
EAMedia.dll,import,00000001800CD38F    BB ??0MediaLocatorProperties@EACL@@QEAA@XZ
EAMedia.dll,import,00000001800CD3A1   145 ??1MediaLocatorProperties@EACL@@QEAA@XZ
EAMedia.dll,import,00000001800CD3B3    B9 ??0MediaLocatorProperties@EACL@@QEAA@AEBU01@@Z
EAMedia.dll,import,00000001800CD3C5   1B6 ??4MediaLocatorProperties@EACL@@QEAAAEAU01@AEBU01@@Z
EAMedia.dll,import,00000001800CD4D3    BE ??0MediaLocatorStillSequenceParams@EACL@@QEAA@XZ
EAMedia.dll,import,00000001800CD4E5   146 ??1MediaLocatorStillSequenceParams@EACL@@QEAA@XZ
EAMedia.dll,import,00000001800CD4F7    BD ??0MediaLocatorStillSequenceParams@EACL@@QEAA@AEBU01@@Z
EAMedia.dll,import,00000001800CD509    BC ??0MediaLocatorStillSequenceParams@EACL@@QEAA@$$QEAU01@@Z
EAMedia.dll,import,00000001800CD51B   1B8 ??4MediaLocatorStillSequenceParams@EACL@@QEAAAEAU01@AEBU01@@Z
EAMedia.dll,import,00000001800CD52D   1B7 ??4MediaLocatorStillSequenceParams@EACL@@QEAAAEAU01@$$QEAU01@@Z
EAMedia.dll,import,00000001800CD53F   32F ?AsUTF8String@MediaLocatorProperties@EACL@@QEBA?AV?$basic_string@EU?$char_traits@E@std@@U?$STLAllocator@E@allocator@dvacore@@@std@@XZ
EAMedia.dll,import,00000001800CD551   1B5 ??4MediaLocatorProperties@EACL@@QEAAAEAU01@$$QEAU01@@Z
EAMedia.dll,import,00000001800CD563   5E2 ?IsFloatingMediaLocator@EACL@@YA_NAEBV?$basic_string@_WU?$char_traits@_W@std@@U?$STLAllocator@_W@allocator@dvacore@@@std@@@Z
EAMedia.dll,import,00000001800CD575   38C ?CreateMediaLocatorID@IEACMediaLocator@EACL@@SA?AVImmutableString@utility@dvacore@@AEBVGuid@45@0AEBV?$basic_string@_WU?$char_traits@_W@std@@U?$STLAllocator@_W@allocator@dvacore@@@std@@AEBV345@@Z
EAMedia.dll,import,00000001800CD587   45E ?GetDocumentIDAndContentStateFromMediaLocatorID@IEACMediaLocator@EACL@@SA_NAEBVImmutableString@utility@dvacore@@AEAVGuid@45@1@Z
EAMedia.dll,import,00000001800CD5CF   4E0 ?GetMediaLocatorID@MediaProtocol@EACL@@QEBAAEBVImmutableString@utility@dvacore@@XZ
EAMedia.dll,import,00000001800CD87B   37B ?CreateFromString@MediaLocatorProperties@EACL@@SA?AU12@AEBV?$basic_string@_WU?$char_traits@_W@std@@U?$STLAllocator@_W@allocator@dvacore@@@std@@@Z
EAMedia.dll,import,00000001800CD88D   607 ?IsValid@MediaLocatorProperties@EACL@@QEBA_NXZ
EAMedia.dll,import,00000001800CDD55   484 ?GetFilePath@MediaLocatorProperties@EACL@@QEBA?AV?$basic_string@_WU?$char_traits@_W@std@@U?$STLAllocator@_W@allocator@dvacore@@@std@@XZ
EAMedia.dll,import,00000001800CDD67   74A ?UpgradeNumberedStillsBooleanToStillSequenceParams@MediaLocatorProperties@EACL@@QEAAXV?$optional@_N@std@@@Z
EAMedia.dll,import,00000001800CDD79    B8 ??0MediaLocatorProperties@EACL@@QEAA@$$QEAU01@@Z
EAMedia.dll,import,00000001800CDDC1   4E2 ?GetMediaLocatorPollingStationID@EACL@@YA?AVImmutableString@utility@dvacore@@XZ
EAMedia.dll,import,00000001800CDF83   396 ?DefaultNumberedStillsBoolean@MediaLocatorProperties@EACL@@QEBA?AV?$optional@_N@std@@XZ
EAMedia.dll,import,00000001800CDFB9   1EA ??8EACL@@YA_NAEBUMediaLocatorProperties@0@0@Z
EAMedia.dll,import,00000001800CDFDD   229 ??MEACL@@YA_NAEBUMediaLocatorProperties@0@0@Z
DynamicLinkMedia.dll,export,21   14 00013DC0 ?CreateRequestFuture@DynamicLinkMedia@@YA?AU?$FuturePromisePair@X@async@dvacore@@AEBV?$basic_string@_WU?$char_traits@_W@std@@U?$STLAllocator@_W@allocator@dvacore@@@std@@AEBVGuid@utility@4@@Z
DynamicLinkMedia.dll,export,22   15 00013F10 ?CreateRequestFuture@DynamicLinkMedia@@YA?AU?$FuturePromisePair@X@async@dvacore@@XZ
DynamicLinkMedia.dll,export,23   16 0000A850 ?CreateSourceForStream@BaseMediaInfo@DynamicLinkMedia@@UEBAHVGuid@utility@dvacore@@_KAEBVBinaryData@MF@@AEBVFrameRate@dvamediatypes@@AEBV?$basic_string@_WU?$char_traits@_W@std@@U?$STLAllocator@_W@allocator@dvacore@@@std@@444AEAV?$InterfaceRef@UISource@MF@@@classref@5@@Z
DynamicLinkMedia.dll,export,26   19 0000B890 ?ForceConform@BaseMediaInfo@DynamicLinkMedia@@UEAAX_N@Z
DynamicLinkMedia.dll,export,32   1F 0000B950 ?GetContentState@BaseMediaInfo@DynamicLinkMedia@@UEBA?AVGuid@utility@dvacore@@XZ
DynamicLinkMedia.dll,export,33   20 0000BA10 ?GetDocumentID@BaseMediaInfo@DynamicLinkMedia@@UEBA?AVGuid@utility@dvacore@@XZ
DynamicLinkMedia.dll,export,97   60 0000DD40 ?WaitForDependanceCheck@BaseMediaInfo@DynamicLinkMedia@@KAXAEBV?$Promise@X@async@dvacore@@W4ConnectionStatus@dynamiclink@@_NAEAV?$shared_ptr@_N@std@@@Z
DynamicLinkMedia.dll,export,98   61 0000DD60 ?WaitForRuntimeFontUpdate@BaseMediaInfo@DynamicLinkMedia@@KAXAEBV?$Promise@X@async@dvacore@@W4ConnectionStatus@dynamiclink@@IAEAV?$shared_ptr@I@std@@@Z
DynamicLinkMedia.dll,export,99   62 0000DD80 ?WaitForRuntimeGuid@BaseMediaInfo@DynamicLinkMedia@@KAXAEBV?$Promise@X@async@dvacore@@W4ConnectionStatus@dynamiclink@@AEBVGuid@utility@5@AEAV?$shared_ptr@VGuid@utility@dvacore@@@std@@@Z
DynamicLinkMedia.dll,export,100   63 0000DE10 ?WaitForXMP@BaseMediaInfo@DynamicLinkMedia@@KAXAEBV?$Promise@X@async@dvacore@@W4ConnectionStatus@dynamiclink@@AEBV?$basic_string@DU?$char_traits@D@std@@V?$allocator@D@2@@std@@AEAV?$shared_ptr@VBinaryData@MF@@@9@AEAV?$shared_ptr@H@9@@Z
DynamicLinkMedia.dll,import,BFD ?WaitForUntypedUntil@async@dvacore@@YA_NAEBVUntypedFuture@12@AEBV?$time_point@Usteady_clock@chrono@std@@V?$duration@_JU?$ratio@$00$0DLJKMKAA@@std@@@23@@chrono@std@@_N@Z
DynamicLinkMedia.dll,import,72F ?GetDefaultExecutor@async@dvacore@@YA?AV?$shared_ptr@VAsyncExecutor@threads@dvacore@@@std@@XZ
DynamicLinkMedia.dll,import,50A ?AsyncBroadcastMessagePtr@messaging@dvacore@@YAXAEBVImmutableString@utility@2@V?$shared_ptr@VMessage@messaging@dvacore@@@std@@@Z
DynamicLinkMedia.dll,import,20B ?GetContentState@Source@dynamiclink@@QEBAAEBVGuid@utility@dvacore@@XZ
DynamicLinkMedia.dll,import,VideoFrame.dll
DynamicLinkMedia.dll,import,54 ?InsertIntoCache@SharedVideoFrameCache@VF@@YAXAEBV?$InterfaceRef@UIVideoFrame@MF@@@classref@dvacore@@AEBVGuid@utility@5@I@Z
DynamicLinkMedia.dll,import,69 ?RetrieveFromCache@SharedVideoFrameCache@VF@@YA?AV?$InterfaceRef@UIVideoFrame@MF@@@classref@dvacore@@AEBVGuid@utility@5@@Z
DynamicLinkMedia.dll,import,73 ?WrapVideoFrameAroundBinaryReference@VF@@YAHAEBV?$shared_ptr@VBinaryReference@processcoordination@@@std@@AEBVGuid@utility@dvacore@@AEAV?$InterfaceRef@UIVideoFrame@MF@@@classref@6@@Z
DynamicLinkMedia.dll,import,ImporterHost.dll
DynamicLinkMedia.dll,import,E1 ?Create@ConformedAudioSourceFile@ML@@SA?AV?$InterfaceRef@UIAudioSource@AR@@@classref@dvacore@@V345@AEBVBinaryData@MF@@AEBVFrameRate@dvamediatypes@@AEBV?$basic_string@_WU?$char_traits@_W@std@@U?$STLAllocator@_W@allocator@dvacore@@@std@@AEBVGuid@utility@5@43_K33AEBVImmutableString@utility@5@@Z
DynamicLinkMedia.dll,import,E6 ?Create@ImportedAudioSource@ML@@SAHV?$InterfaceRef@UIAudioSource@AR@@@classref@dvacore@@AEBVBinaryData@MF@@AEBVFrameRate@dvamediatypes@@AEAV345@AEBV?$basic_string@_WU?$char_traits@_W@std@@U?$STLAllocator@_W@allocator@dvacore@@@std@@AEBVGuid@utility@5@54_K44AEBVImmutableString@utility@5@_N8@Z
DynamicLinkMedia.dll,import,E0 ?Create@AudioSourcePool@ML@@SA?AV?$InterfaceRef@VAudioSourcePool@ML@@@classref@dvacore@@XZ
DynamicLinkMedia.dll,import,93 ?AddAudioSource@AudioSourcePool@ML@@QEAAXV?$InterfaceRef@VAudioSourceImpl@ML@@@classref@dvacore@@AEBVGuid@utility@5@_KAEBVFrameRate@dvamediatypes@@AEBVTickTime@9@1AEBVBinaryData@MF@@@Z
DynamicLinkMedia.dll,import,119 ?FindAudioSource@AudioSourcePool@ML@@QEAA?AV?$InterfaceRef@VAudioSourceImpl@ML@@@classref@dvacore@@AEBV?$basic_string@_WU?$char_traits@_W@std@@U?$STLAllocator@_W@allocator@dvacore@@@std@@AEBVGuid@utility@5@_KAEBVFrameRate@dvamediatypes@@AEBVTickTime@dvamediatypes@@1AEBVBinaryData@MF@@AEBV?$vector@UAudioChannelDescription@dvamediatypes@@U?$STLAllocator@UAudioChannelDescription@dvamediatypes@@@allocator@dvacore@@@7@@Z
DynamicLinkMedia.dll,import,14 ??0FileOpenExclusion@ImporterHost@@QEAA@AEBV?$basic_string@_WU?$char_traits@_W@std@@U?$STLAllocator@_W@allocator@dvacore@@@std@@@Z
DynamicLinkMedia.dll,import,26 ??1FileOpenExclusion@ImporterHost@@QEAA@XZ
VideoFrame.dll,export,Dump of file C:\Program Files\Adobe\Adobe After Effects 2025\Support Files\VideoFrame.dll
VideoFrame.dll,export,Section contains the following exports for VideoFrame.dll
VideoFrame.dll,export,2    1 0002B360 ??0VideoFrameObject@Scripting@VF@@QEAA@XZ
VideoFrame.dll,export,3    2 0002B8F0 ??1VideoFrameObject@Scripting@VF@@UEAA@XZ
VideoFrame.dll,export,4    3 0002BA80 ??4?$TransformObjectIntoScriptingObject@V?$InterfaceRef@UIVideoFrame@MF@@@classref@dvacore@@@utility@dvascripting@@QEAAAEAU012@$$QEAU012@@Z
VideoFrame.dll,export,5    4 0002BA90 ??4?$TransformObjectIntoScriptingObject@V?$InterfaceRef@UIVideoFrame@MF@@@classref@dvacore@@@utility@dvascripting@@QEAAAEAU012@AEBU012@@Z
VideoFrame.dll,export,8    7 0002BC70 ??R?$TransformObjectIntoScriptingObject@V?$InterfaceRef@UIVideoFrame@MF@@@classref@dvacore@@@utility@dvascripting@@QEBA?AV?$IntrusivePtr@VScriptObject@dvascripting@@@RefCountedInterface@1dvacore@@AEBV?$InterfaceRef@UIVideoFrame@MF@@@classref@5@H@Z
VideoFrame.dll,export,9    8 000723F8 ??_7VideoFrameObject@Scripting@VF@@6BRefCountedInterface@utility@dvacore@@@
VideoFrame.dll,export,10    9 00072340 ??_7VideoFrameObject@Scripting@VF@@6BRefCountedObjectWithWeakPtr@utility@dvacore@@@
VideoFrame.dll,export,11    A 00072410 ??_8VideoFrameObject@Scripting@VF@@7B@
VideoFrame.dll,export,12    B 0002BD40 ??_DVideoFrameObject@Scripting@VF@@QEAAXXZ
VideoFrame.dll,export,14    D 0002BF30 ?BoundsHeight@VideoFrameObject@Scripting@VF@@AEBAIXZ
VideoFrame.dll,export,15    E 0002BF70 ?BoundsWidth@VideoFrameObject@Scripting@VF@@AEBAIXZ
VideoFrame.dll,export,16    F 000185E0 ?CacheFrame@FrameCache@VF@@QEAAXVGuid@utility@dvacore@@AEBV?$InterfaceRef@UIVideoFrame@MF@@@classref@5@0@Z
VideoFrame.dll,export,18   11 000569E0 ?ComputeDifferenceImages@VF@@YA?AUComputedDifference@1@AEBV?$InterfaceRef@UIVideoFrame@MF@@@classref@dvacore@@0AEAV345@M@Z
VideoFrame.dll,export,19   12 00056DE0 ?ComputeDifferenceNonMaskRegion@VF@@YA?AUComputedDifference@1@AEBV?$InterfaceRef@UIVideoFrame@MF@@@classref@dvacore@@00AEAV345@@Z
VideoFrame.dll,export,21   14 000196F0 ?ConvertFromGPUVideoFrame@HardwareResidentVideoFrame@VF@@UEAAHAEBV?$InterfaceRef@UIVideoFrame@MF@@@classref@dvacore@@@Z
VideoFrame.dll,export,22   15 00019750 ?ConvertToCPUVideoFrame@HardwareResidentVideoFrame@VF@@UEAAHAEAV?$InterfaceRef@UIVideoFrame@MF@@@classref@dvacore@@@Z
VideoFrame.dll,export,23   16 000197B0 ?ConvertToGPUVideoFrame@HardwareResidentVideoFrame@VF@@UEAAHAEBV?$InterfaceRef@UIVideoFrame@MF@@@classref@dvacore@@W4RenderQuality@dvamediatypes@@V?$shared_ptr@UColorConvertParams@GF@@@std@@AEBVGuid@utility@5@@Z
VideoFrame.dll,export,24   17 000579E0 ?CopyVideoFrameIntoSharedMemoryBuffer@VF@@YAHV?$InterfaceRef@UIVideoFrame@MF@@@classref@dvacore@@PEAX_K@Z
VideoFrame.dll,export,25   18 00030930 ?CreateCustomMemoryVideoFrame@VF@@YAHAEAV?$InterfaceRef@UIVideoFrame@MF@@@classref@dvacore@@UPixelFormat@dvamediatypes@@AEAV?$shared_ptr@X@std@@HIIIAEBVPixelAspectRatio@6@AEBUColorSpace@color@6@@Z
VideoFrame.dll,export,26   19 00045B00 ?CreateCustomVideoFrame@VF@@YAHAEAV?$InterfaceRef@UIVideoFrame@MF@@@classref@dvacore@@UPixelFormat@dvamediatypes@@IIHAEBVPixelAspectRatio@6@AEBUColorSpace@color@6@@Z
VideoFrame.dll,export,27   1A 00045D30 ?CreateDiskAlignedVideoFrame@VF@@YAHAEAV?$InterfaceRef@UIVideoFrame@MF@@@classref@dvacore@@UPixelFormat@dvamediatypes@@IIAEBVPixelAspectRatio@6@AEBUColorSpace@color@6@HHH_N4@Z
VideoFrame.dll,export,28   1B 000077B0 ?CreateGPUVideoFrame@VF@@YAHAEAV?$InterfaceRef@UIVideoFrame@MF@@@classref@dvacore@@AEBV?$shared_ptr@VDevice@GF@@@std@@UPixelFormat@dvamediatypes@@IIVPixelAspectRatio@8@W4FieldType@8@V?$PointT@H@geom@4@AEBUColorSpace@color@8@_K77AEBV?$shared_ptr@$$CBVRecycledMemory@allocator@dvacore@@@6@AEBV234@_N@Z
VideoFrame.dll,export,29   1C 00007A10 ?CreateGPUVideoFrame@VF@@YAHAEAV?$InterfaceRef@UIVideoFrame@MF@@@classref@dvacore@@AEBV?$shared_ptr@VDevice@GF@@@std@@UPixelFormat@dvamediatypes@@IIVPixelAspectRatio@8@W4FieldType@8@V?$PointT@H@geom@4@_K66AEBV?$shared_ptr@$$CBVRecycledMemory@allocator@dvacore@@@6@AEBV234@@Z
VideoFrame.dll,export,30   1D 00007B40 ?CreateGPUVideoFrameFromHardwareHandle@VF@@YAHAEAV?$InterfaceRef@UIVideoFrame@MF@@@classref@dvacore@@AEBV?$shared_ptr@VDevice@GF@@@std@@AEBV?$shared_ptr@VGPUDeviceTransfer@VF@@@6@UPixelFormat@dvamediatypes@@II_K@Z
VideoFrame.dll,export,31   1E 00007BF0 ?CreateHostMemoryVideoFrame@VF@@YAHAEAV?$InterfaceRef@UIVideoFrame@MF@@@classref@dvacore@@AEBV?$shared_ptr@VDevice@GF@@@std@@UPixelFormat@dvamediatypes@@IIVPixelAspectRatio@8@W4FieldType@8@V?$PointT@H@geom@4@AEBUColorSpace@color@8@_K77AEBV?$shared_ptr@$$CBVRecycledMemory@allocator@dvacore@@@6@AEBV234@_N_N@Z
VideoFrame.dll,export,32   1F 00007E60 ?CreateHostMemoryVideoFrame@VF@@YAHAEAV?$InterfaceRef@UIVideoFrame@MF@@@classref@dvacore@@AEBV?$shared_ptr@VDevice@GF@@@std@@UPixelFormat@dvamediatypes@@IIVPixelAspectRatio@8@W4FieldType@8@V?$PointT@H@geom@4@_K66AEBV?$shared_ptr@$$CBVRecycledMemory@allocator@dvacore@@@6@AEBV234@@Z
VideoFrame.dll,export,33   20 00046020 ?CreateVideoFrame@VF@@YAHAEAV?$InterfaceRef@UIVideoFrame@MF@@@classref@dvacore@@UPixelFormat@dvamediatypes@@IIAEBVPixelAspectRatio@6@AEBUColorSpace@color@6@_N4@Z
VideoFrame.dll,export,34   21 00046070 ?CreateVideoFrame@VF@@YAHAEAV?$InterfaceRef@UIVideoFrame@MF@@@classref@dvacore@@UPixelFormat@dvamediatypes@@IIAEBVPixelAspectRatio@6@_N3@Z
VideoFrame.dll,export,35   22 00058030 ?CreateVideoFrameFromMemoryBuffer@VF@@YAHPEAX_KAEAV?$InterfaceRef@UIVideoFrame@MF@@@classref@dvacore@@@Z
VideoFrame.dll,export,36   23 00046120 ?CreateVideoSubFrame@VF@@YAHAEAV?$InterfaceRef@UIVideoFrame@MF@@@classref@dvacore@@V234@AEBV?$RectT@H@geom@4@@Z
VideoFrame.dll,export,37   24 0002BFB0 ?DefineObject@VideoFrameObject@Scripting@VF@@SAXXZ
VideoFrame.dll,export,38   25 00058940 ?DeterminePixelOffsetForVideoFrame@VF@@YAHPEBXHHH@Z
VideoFrame.dll,export,39   26 0000AFB0 ?DisposePF_WorldFromVideoFrame@VF@@YAXPEAUPF_LayerDef@@@Z
VideoFrame.dll,export,40   27 00046540 ?DisposePPixFromVideoFrame@VF@@YAXPEAPEAUPPix@@@Z
VideoFrame.dll,export,43   2A 00018980 ?EraseFrame@FrameCache@VF@@QEAA_NVGuid@utility@dvacore@@@Z
VideoFrame.dll,export,44   2B 0003BDF0 ?ExpireAllFramesFromCache@SharedVideoFrameCache@VF@@YAXXZ
VideoFrame.dll,export,45   2C 0003C020 ?ExpireFromCache@SharedVideoFrameCache@VF@@YAXAEBVGuid@utility@dvacore@@@Z
VideoFrame.dll,export,46   2D 00018A50 ?FindFrame@FrameCache@VF@@QEAA?AV?$InterfaceRef@UIVideoFrame@MF@@@classref@dvacore@@VGuid@utility@5@@Z
VideoFrame.dll,export,47   2E 000198E0 ?GetAvailableProviderResourceCount@HardwareResidentVideoFrame@VF@@UEBAIXZ
VideoFrame.dll,export,49   30 0002C3B0 ?GetClassname@VideoFrameObject@Scripting@VF@@SAPEBDXZ
VideoFrame.dll,export,50   31 000465E0 ?GetCreatePublishableCustomVideoFrames@VF@@YA_NXZ
VideoFrame.dll,export,51   32 00046600 ?GetCreatePublishableVideoFrames@VF@@YA_NXZ
VideoFrame.dll,export,52   33 0002C3C0 ?GetDescription@VideoFrameObject@Scripting@VF@@SAPEBDXZ
VideoFrame.dll,export,53   34 00018D60 ?GetDeviceFrameCache@VF@@YAAEAVFrameCache@1@AEBV?$shared_ptr@VDevice@GF@@@std@@@Z
VideoFrame.dll,export,54   35 00019370 ?GetGPUIVFFromPFEffectWorld@VF@@YA?AV?$InterfaceRef@UIVideoFrame@MF@@@classref@dvacore@@PEBUPF_LayerDef@@@Z
VideoFrame.dll,export,55   36 000195F0 ?GetGPUPPixFromPFEffectWorld@VF@@YAPEAPEAUPPix@@PEBUPF_LayerDef@@@Z
VideoFrame.dll,export,56   37 00018FE0 ?GetHostFrameCache@VF@@YAAEAVFrameCache@1@AEBV?$shared_ptr@VDevice@GF@@@std@@@Z
VideoFrame.dll,export,57   38 000198F0 ?GetMaxProviderResourceCount@HardwareResidentVideoFrame@VF@@UEBAIXZ
VideoFrame.dll,export,60   3B 0000B2D0 ?GetPFWorldFrameMapping@VF@@YA?AV?$InterfaceRef@UIVideoFrameMemoryAccess@VF@@@classref@dvacore@@PEAUPF_LayerDef@@@Z
VideoFrame.dll,export,61   3C 0000B400 ?GetPFWorldVideoFramePixelType@VF@@YA?AUPixelFormat@dvamediatypes@@PEAUPF_LayerDef@@@Z
VideoFrame.dll,export,62   3D 0000B440 ?GetPFWorldVideoFramePixelType@VF@@YA_NPEAUPF_LayerDef@@UPixelFormat@dvamediatypes@@AEAU34@@Z
VideoFrame.dll,export,63   3E 0001D4B0 ?GetPPixHandFrameMapping@VF@@YA?AV?$InterfaceRef@UUnknownBase@classref@dvacore@@@classref@dvacore@@PEAPEAUPPix@@@Z
VideoFrame.dll,export,64   3F 0002C3D0 ?GetPixelAspectRatio@VideoFrameObject@Scripting@VF@@AEBANXZ
VideoFrame.dll,export,65   40 0002C420 ?GetPixelFormat@VideoFrameObject@Scripting@VF@@AEBA?AV?$basic_string@EU?$char_traits@E@std@@U?$STLAllocator@E@allocator@dvacore@@@std@@XZ
VideoFrame.dll,export,66   41 0002C480 ?GetPixelsForCoordinates@VideoFrameObject@Scripting@VF@@AEBA?AV?$vector@MU?$STLAllocator@M@allocator@dvacore@@@std@@AEBV?$vector@IU?$STLAllocator@I@allocator@dvacore@@@5@0@Z
VideoFrame.dll,export,67   42 00019900 ?GetProviderHandle@HardwareResidentVideoFrame@VF@@UEBAPEAXXZ
VideoFrame.dll,export,68   43 000589A0 ?GetRequiredSharedMemorySizeForVideoFrame@VF@@YAHUPixelFormat@dvamediatypes@@HHHHHAEA_K@Z
VideoFrame.dll,export,69   44 00058A20 ?GetRequiredSharedMemorySizeForVideoFrame@VF@@YAHV?$InterfaceRef@UIVideoFrame@MF@@@classref@dvacore@@AEA_K@Z
VideoFrame.dll,export,70   45 00058C00 ?GetUnderlyingRecycledMemoryFromVideoFrame@VF@@YA?AV?$shared_ptr@$$CBVRecycledMemory@allocator@dvacore@@@std@@AEBV?$InterfaceRef@UIVideoFrame@MF@@@classref@dvacore@@@Z
VideoFrame.dll,export,71   46 00059180 ?GetUnderlyingRecycledMemoryPixelDataFromVideoFrame@VF@@YA?AV?$shared_ptr@$$CBVRecycledMemory@allocator@dvacore@@@std@@AEBV?$InterfaceRef@UIVideoFrame@MF@@@classref@dvacore@@@Z
VideoFrame.dll,export,72   47 0001D600 ?GetUnderlyingVideoFrameAlphaBounds@VF@@YAXPEAPEAUPPix@@AEAV?$RectT@H@geom@dvacore@@@Z
VideoFrame.dll,export,73   48 0001D6D0 ?GetUnderlyingVideoFrameAspectRatio@VF@@YAXPEAPEAUPPix@@PEAI1@Z
VideoFrame.dll,export,74   49 0001D840 ?GetUnderlyingVideoFrameFieldType@VF@@YA?AW4FieldType@dvamediatypes@@PEAPEAUPPix@@@Z
VideoFrame.dll,export,75   4A 0001D960 ?GetUnderlyingVideoFramePixelFormat@VF@@YA?AUPixelFormat@dvamediatypes@@PEAPEAUPPix@@@Z
VideoFrame.dll,export,76   4B 0001DA70 ?GetUnderlyingVideoFrameReadOnly@VF@@YA_NPEAPEAUPPix@@@Z
VideoFrame.dll,export,77   4C 0001DD60 ?GetUnderlyingVideoFrameRenderTime@VF@@YAIPEAPEAUPPix@@@Z
VideoFrame.dll,export,78   4D 0002C9E0 ?GetVideoFrame@VideoFrameObject@Scripting@VF@@QEBA?AV?$InterfaceRef@UIVideoFrame@MF@@@classref@dvacore@@XZ
VideoFrame.dll,export,79   4E 0001DE80 ?GetVideoFrameFromPPix@VF@@YA?AV?$InterfaceRef@UIVideoFrame@MF@@@classref@dvacore@@PEAPEAUPPix@@@Z
VideoFrame.dll,export,81   50 0000B660 ?InitEffectWorldGPU@VF@@YAHV?$InterfaceRef@UIVideoFrame@MF@@@classref@dvacore@@AEAUPF_LayerDef@@@Z
VideoFrame.dll,export,83   52 0002CA10 ?Initialize@VideoFrameObject@Scripting@VF@@QEAAXAEBV?$InterfaceRef@UIVideoFrame@MF@@@classref@dvacore@@@Z
VideoFrame.dll,export,84   53 00019010 ?InitializeFrameCache@VF@@YAXXZ
VideoFrame.dll,export,85   54 0003D130 ?InsertIntoCache@SharedVideoFrameCache@VF@@YAXAEBV?$InterfaceRef@UIVideoFrame@MF@@@classref@dvacore@@AEBVGuid@utility@5@I@Z
VideoFrame.dll,export,87   56 0002CAA0 ?IsEqual@VideoFrameObject@Scripting@VF@@UEBA_NAEBV?$IntrusivePtr@VScriptObject@dvascripting@@@RefCountedInterface@utility@dvacore@@@Z
VideoFrame.dll,export,90   59 00046610 ?NewCustomPPixWithVideoFrame@VF@@YAPEAPEAUPPix@@PEBUprRect@@UPixelFormat@dvamediatypes@@AEBUColorSpace@color@5@HAEBVPixelAspectRatio@5@@Z
VideoFrame.dll,export,91   5A 0000B910 ?NewPF_WorldFromExistingVideoFrame@VF@@YAXV?$InterfaceRef@UIVideoFrame@MF@@@classref@dvacore@@AEAUPF_LayerDef@@_NW4FieldType@dvamediatypes@@H@Z
VideoFrame.dll,export,92   5B 0000BFD0 ?NewPF_WorldWithNewVideoFrame@VF@@YA_NIIUPixelFormat@dvamediatypes@@AEBVPixelAspectRatio@3@AEAUPF_LayerDef@@@Z
VideoFrame.dll,export,93   5C 00046890 ?NewPPixFromVideoFrame@VF@@YAPEAPEAUPPix@@V?$InterfaceRef@UIVideoFrame@MF@@@classref@dvacore@@@Z
VideoFrame.dll,export,94   5D 00046920 ?NewPPixFromVideoFrame@VF@@YAPEAPEAUPPix@@V?$InterfaceRef@UIVideoFrame@MF@@@classref@dvacore@@_NW4FieldType@dvamediatypes@@H@Z
VideoFrame.dll,export,95   5E 00046F00 ?NewPPixFromVideoMemoryAccess@VF@@YAPEAPEAUPPix@@V?$InterfaceRef@UIVideoFrameMemoryAccess@VF@@@classref@dvacore@@@Z
VideoFrame.dll,export,96   5F 00047250 ?NewPPixWithRawFrame@VF@@YAPEAPEAUPPix@@_K0@Z
VideoFrame.dll,export,97   60 00047370 ?NewPPixWithRawFrame@VF@@YAPEAPEAUPPix@@_KPEAXV?$shared_ptr@X@std@@@Z
VideoFrame.dll,export,98   61 00047550 ?NewPPixWithVideoFrame@VF@@YAPEAPEAUPPix@@PEBUprRect@@UPixelFormat@dvamediatypes@@AEBUColorSpace@color@5@_NHAEBVPixelAspectRatio@5@HHH@Z
VideoFrame.dll,export,101   64 000594A0 ?PublishVideoFrame@VF@@YAHV?$InterfaceRef@UIVideoFrame@MF@@@classref@dvacore@@AEBVGuid@utility@4@@Z
VideoFrame.dll,export,102   65 00059810 ?PublishVideoFrameProvidingReference@VF@@YAHV?$InterfaceRef@UIVideoFrame@MF@@@classref@dvacore@@AEBVGuid@utility@4@AEAV?$shared_ptr@VWritableBinaryReference@processcoordination@@@std@@@Z
VideoFrame.dll,export,103   66 0003D660 ?RegisterDependencyOnFrame@SharedVideoFrameCache@VF@@YAXAEBVGuid@utility@dvacore@@@Z
VideoFrame.dll,export,104   67 0004BBF0 ?RenderMulticam@VF@@YA?AV?$InterfaceRef@UIVideoFrame@MF@@@classref@dvacore@@AEBV?$vector@V?$InterfaceRef@UIVideoFrame@MF@@@classref@dvacore@@U?$STLAllocator@V?$InterfaceRef@UIVideoFrame@MF@@@classref@dvacore@@@allocator@3@@std@@AEBV234@_K_NII3AEBUMultiCamRenderParams@1@@Z
VideoFrame.dll,export,105   68 0004C5B0 ?RenderNonMulticam@VF@@YA?AV?$InterfaceRef@UIVideoFrame@MF@@@classref@dvacore@@AEBV234@_NAEBUMultiCamRenderParams@1@VGuid@utility@4@@Z
VideoFrame.dll,export,106   69 0003DDF0 ?RetrieveFromCache@SharedVideoFrameCache@VF@@YA?AV?$InterfaceRef@UIVideoFrame@MF@@@classref@dvacore@@AEBVGuid@utility@5@@Z
VideoFrame.dll,export,108   6B 00048120 ?SetCreatePublishableCustomVideoFrames@VF@@YAX_N@Z
VideoFrame.dll,export,109   6C 00048150 ?SetCreatePublishableVideoFrames@VF@@YAX_N@Z
VideoFrame.dll,export,110   6D 00019250 ?SetDeviceIndex@FrameCache@VF@@QEAAXI@Z
VideoFrame.dll,export,111   6E 0003DF10 ?SetNotificationFunction@SharedVideoFrameCache@VF@@YAXP6AXAEBVGuid@utility@dvacore@@@Z@Z
VideoFrame.dll,export,113   70 00019260 ?TerminateFrameCache@VF@@YAXXZ
VideoFrame.dll,export,115   72 0003E620 ?UnregisterDependencyOnFrame@SharedVideoFrameCache@VF@@YAXAEBVGuid@utility@dvacore@@@Z
VideoFrame.dll,export,116   73 00059890 ?WrapVideoFrameAroundBinaryReference@VF@@YAHAEBV?$shared_ptr@VBinaryReference@processcoordination@@@std@@AEBVGuid@utility@dvacore@@AEAV?$InterfaceRef@UIVideoFrame@MF@@@classref@6@@Z
VideoFrame.dll,export,117   74 00059920 ?WrapVideoFrameAroundRecycledMemory@VF@@YAHAEBV?$shared_ptr@$$CBVRecycledMemory@allocator@dvacore@@@std@@AEAV?$InterfaceRef@UIVideoFrame@MF@@@classref@dvacore@@@Z
VideoFrame.dll,export,118   75 00059AB0 ?WrapVideoFrameAroundRecycledMemory@VF@@YAHAEBV?$shared_ptr@VRecycledMemory@allocator@dvacore@@@std@@AEAV?$InterfaceRef@UIVideoFrame@MF@@@classref@dvacore@@@Z
VideoFrame.dll,export,119   76 0001F250 ?ppixCalcNextSkip@@YAHHH@Z
VideoFrame.dll,export,123   7A 00025780 Bmp2PPix
VideoFrame.dll,export,127   7E 0005DE00 DecodeRle
VideoFrame.dll,export,161   A0 0001EB80 PPixFieldsCleanup
VideoFrame.dll,export,162   A1 0001ECA0 PPixFieldsClone
VideoFrame.dll,export,163   A2 0001EDA0 PPixFieldsCloneFree
VideoFrame.dll,export,164   A3 0001EDD0 PPixFieldsPrep
VideoFrame.dll,export,165   A4 0001EF80 PPixFields_PointAtField
VideoFrame.dll,export,166   A5 0001EFB0 PPixFields_PointAtFull
VideoFrame.dll,export,189   BC 000272A0 ppixCopy
VideoFrame.dll,export,190   BD 000272C0 ppixCopyRgn
VideoFrame.dll,export,191   BE 0001F510 ppixDispose
VideoFrame.dll,export,192   BF 0001F520 ppixFillRect
VideoFrame.dll,export,193   C0 0001F590 ppixFillRectTransparent
VideoFrame.dll,export,194   C1 0001F600 ppixGetAlphaBounds
VideoFrame.dll,export,195   C2 0001F650 ppixGetBounds
VideoFrame.dll,export,196   C3 0001F660 ppixGetPixel
VideoFrame.dll,export,197   C4 0001F6C0 ppixGetPixelAspectRatio
VideoFrame.dll,export,198   C5 0001F700 ppixGetPixels
VideoFrame.dll,export,199   C6 0001F710 ppixGetRowbytes
VideoFrame.dll,export,200   C7 0001F720 ppixLockPixels
VideoFrame.dll,export,201   C8 0001F730 ppixNew
VideoFrame.dll,export,202   C9 0001F7D0 ppixNextLine
VideoFrame.dll,export,203   CA 000272D0 ppixOneBitMaskComposite
VideoFrame.dll,export,204   CB 00027330 ppixOneBitMaskCompositeRect
VideoFrame.dll,export,205   CC 00027780 ppixOneBitMaskRegionComposite
VideoFrame.dll,export,206   CD 000277E0 ppixOneBitMaskRegionCompositeRect
VideoFrame.dll,export,207   CE 000278E0 ppixStraightCopy
VideoFrame.dll,export,208   CF 000279A0 ppixStraightCopyClipDest
VideoFrame.dll,export,209   D0 00027A90 ppixStraightCopyRect
VideoFrame.dll,export,210   D1 0001F7E0 ppixToScreen
VideoFrame.dll,export,211   D2 0001F870 ppixTopLine
VideoFrame.dll,export,212   D3 0001F880 ppixUnlockPixels
VideoFrame.dll,export,214   D5 0001F940 pwGetPPix
VideoFrame.dll,import,Dump of file C:\Program Files\Adobe\Adobe After Effects 2025\Support Files\VideoFrame.dll
VideoFrame.dll,import,10D DecodePointer
VideoFrame.dll,import,293 ?GetVideoFrameHeaderPaddedSize@dvamediatypes@@YAIXZ
BEE.dll,export,1    0 015ED330 ?$TSS0@?1??GetUnknownTypeName@BEE_LayerMCMediaInfo@bee@ae@@UEBAAEBVImmutableString@utility@dvacore@@XZ@4HA
BEE.dll,export,2    1 015ED320 ?$TSS0@?1??GetUnknownTypeName@BEE_LayerMCVideoSource@bee@ae@@UEBAAEBVImmutableString@utility@dvacore@@XZ@4HA
BEE.dll,export,3    2 0046B900 ??$CopyWorldToLayer0@VPF_Pixel16@@@@YAXVImage@AdobePSL@@AEBUM_LRect@@PEBV?$PF_WorldX@VPF_Pixel16@@@@@Z
BEE.dll,export,4    3 0046BA40 ??$CopyWorldToLayer0@VPF_Pixel8@@@@YAXVImage@AdobePSL@@AEBUM_LRect@@PEBV?$PF_WorldX@VPF_Pixel8@@@@@Z
BEE.dll,export,5    4 0046BB80 ??$CopyWorldToLayer0@VPF_PixelFloat@@@@YAXVImage@AdobePSL@@AEBUM_LRect@@PEBV?$PF_WorldX@VPF_PixelFloat@@@@@Z
BEE.dll,export,283  11A 00683C70 ??0BEE_AsyncFileReloader@@QEAA@XZ
BEE.dll,export,445  1BC 00373F10 ??0BEE_LayerMCMediaInfo@bee@ae@@QEAA@XZ
BEE.dll,export,446  1BD 00377010 ??0BEE_LayerMCVideoSource@bee@ae@@QEAA@XZ
BEE.dll,export,879  36E 0024EAE0 ??0C_AGMDLTranslatePort@@QEAA@PEAVPF_World@@AEAVBEE_IllusShapeTarget@@AEBUAGMTranslatePortColorConverter@@VM_Matrix3@@HAEBV?$shared_ptr@UBEE_AGMGradientInfo@@@std@@@Z
BEE.dll,export,1136  46F 00684090 ??1BEE_AsyncFileReloader@@QEAA@XZ
BEE.dll,export,1208  4B7 00374270 ??1BEE_LayerMCMediaInfo@bee@ae@@UEAA@XZ
BEE.dll,export,1209  4B8 00377400 ??1BEE_LayerMCVideoSource@bee@ae@@UEAA@XZ
BEE.dll,export,2888  B47 00374400 ??BBEE_LayerMCMediaInfo@bee@ae@@UEAA?AV?$InterfaceRef@UUnknownBase@classref@dvacore@@@classref@dvacore@@XZ
BEE.dll,export,2889  B48 00374440 ??BBEE_LayerMCVideoSource@bee@ae@@UEAA?AV?$InterfaceRef@UUnknownBase@classref@dvacore@@@classref@dvacore@@XZ
BEE.dll,export,3041  BE0 00F7E0C0 ??_7BEE_LayerMCMediaInfo@bee@ae@@6BIMediaFile@BE@@@
BEE.dll,export,3042  BE1 00F7DFB8 ??_7BEE_LayerMCMediaInfo@bee@ae@@6BIMediaInfo@BE@@@
BEE.dll,export,3043  BE2 00F7E120 ??_7BEE_LayerMCMediaInfo@bee@ae@@6BIMediaMetaData@BE@@@
BEE.dll,export,3044  BE3 00F7E1F8 ??_7BEE_LayerMCMediaInfo@bee@ae@@6BSharedAsVirtualBase@detail@utility@dvacore@@@
BEE.dll,export,3045  BE4 00F7E208 ??_7BEE_LayerMCMediaInfo@bee@ae@@6BUnknownBase@classref@dvacore@@@
BEE.dll,export,3046  BE5 00F7EC38 ??_7BEE_LayerMCVideoSource@bee@ae@@6BIAsyncVideoSource@BE@@@
BEE.dll,export,3047  BE6 00F7EC78 ??_7BEE_LayerMCVideoSource@bee@ae@@6BIAudioSource@AR@@@
BEE.dll,export,3048  BE7 00F7ECD8 ??_7BEE_LayerMCVideoSource@bee@ae@@6BIRenderableExtendedStillInfo@MF@@@
BEE.dll,export,3049  BE8 00F7ECB8 ??_7BEE_LayerMCVideoSource@bee@ae@@6BISequentialAudioSource@AR@@@
BEE.dll,export,3050  BE9 00F7ECF0 ??_7BEE_LayerMCVideoSource@bee@ae@@6BISmartRenderSegmentInfo@MF@@@
BEE.dll,export,3051  BEA 00F7EA20 ??_7BEE_LayerMCVideoSource@bee@ae@@6BISource@MF@@@
BEE.dll,export,3052  BEB 00F7EA48 ??_7BEE_LayerMCVideoSource@bee@ae@@6BIVideoSource@BE@@@
BEE.dll,export,3053  BEC 00F7ED00 ??_7BEE_LayerMCVideoSource@bee@ae@@6BSharedAsVirtualBase@detail@utility@dvacore@@@
BEE.dll,export,3054  BED 00F7ED10 ??_7BEE_LayerMCVideoSource@bee@ae@@6BUnknownBase@classref@dvacore@@@
BEE.dll,export,3261  CBC 00F7E224 ??_8BEE_LayerMCMediaInfo@bee@ae@@7BUnknown@classref@dvacore@@IMediaFile@BE@@@
BEE.dll,export,3262  CBD 00F7E218 ??_8BEE_LayerMCMediaInfo@bee@ae@@7BUnknown@classref@dvacore@@IMediaInfo@BE@@@
BEE.dll,export,3263  CBE 00F7E230 ??_8BEE_LayerMCMediaInfo@bee@ae@@7BUnknown@classref@dvacore@@IMediaMetaData@BE@@@
BEE.dll,export,3264  CBF 00F7E23C ??_8BEE_LayerMCMediaInfo@bee@ae@@7BUnknownBase@classref@dvacore@@@
BEE.dll,export,3265  CC0 00F7ED38 ??_8BEE_LayerMCVideoSource@bee@ae@@7BUnknown@classref@dvacore@@IAsyncVideoSource@BE@@@
BEE.dll,export,3266  CC1 00F7ED44 ??_8BEE_LayerMCVideoSource@bee@ae@@7BUnknown@classref@dvacore@@IAudioSource@AR@@@
BEE.dll,export,3267  CC2 00F7ED5C ??_8BEE_LayerMCVideoSource@bee@ae@@7BUnknown@classref@dvacore@@IRenderableExtendedStillInfo@MF@@@
BEE.dll,export,3268  CC3 00F7ED50 ??_8BEE_LayerMCVideoSource@bee@ae@@7BUnknown@classref@dvacore@@ISequentialAudioSource@AR@@@
BEE.dll,export,3269  CC4 00F7ED68 ??_8BEE_LayerMCVideoSource@bee@ae@@7BUnknown@classref@dvacore@@ISmartRenderSegmentInfo@MF@@@
BEE.dll,export,3270  CC5 00F7ED20 ??_8BEE_LayerMCVideoSource@bee@ae@@7BUnknown@classref@dvacore@@ISource@MF@@@
BEE.dll,export,3271  CC6 00F7ED2C ??_8BEE_LayerMCVideoSource@bee@ae@@7BUnknown@classref@dvacore@@IVideoSource@BE@@@
BEE.dll,export,3272  CC7 00F7ED74 ??_8BEE_LayerMCVideoSource@bee@ae@@7BUnknownBase@classref@dvacore@@@
BEE.dll,export,3282  CD1 00374500 ??_DBEE_LayerMCMediaInfo@bee@ae@@QEAAXXZ
BEE.dll,export,3283  CD2 00374550 ??_DBEE_LayerMCVideoSource@bee@ae@@QEAAXXZ
BEE.dll,export,3389  D3C 00684380 ?AddAllItemsInProjectToAsyncReloadCheck@BEE_AsyncFileReloader@@QEAAXI@Z
BEE.dll,export,3402  D49 006844D0 ?AddFileToBeReloaded@BEE_AsyncFileReloader@@IEAAXH@Z
BEE.dll,export,3403  D4A 00684600 ?AddFileToCheck@BEE_AsyncFileReloader@@QEAAXHV?$shared_ptr@V?$basic_string@_WU?$char_traits@_W@std@@U?$STLAllocator@_W@allocator@dvacore@@@std@@@boost@@I_N@Z
BEE.dll,export,3446  D75 00374880 ?AllocateClassInstance@BEE_LayerMCMediaInfo@bee@ae@@SA@XZ
BEE.dll,export,3447  D76 003748D0 ?AllocateClassInstance@BEE_LayerMCVideoSource@bee@ae@@SA@XZ
BEE.dll,export,3494  DA5 003C49F0 ?AsyncFileReloaderBirth@BEE_Globals@@AEAAXXZ
BEE.dll,export,3495  DA6 003C4A10 ?AsyncFileReloaderDeath@BEE_Globals@@AEAAXXZ
BEE.dll,export,3502  DAD 00684870 ?BEE_AddAllItemsInProjectToAsyncReloadCheck@@YAXI@Z
BEE.dll,export,3504  DAF 00445E50 ?BEE_AddFrameToCache@@YAHPEAVBEE_Item@@AEBVBEE_ItemRenderOptions@@IPEAVPF_World@@PEAVBEE_CheckoutReceiptPtr@@@Z
BEE.dll,export,3514  DB9 0069DE80 ?BEE_AreImportersThreadSafe@@YA_NAEBV?$set@HU?$less@H@std@@V?$allocator@H@2@@std@@@Z
BEE.dll,export,3519  DBE 0064A4A0 ?BEE_AsyncRenderProjectLoad@@YAXQEAUFILE_Spec@@PEBUBEE_LoadParams@@_N@Z
BEE.dll,export,3591  E06 007EEFA0 ?BEE_CheckoutOrRenderItemFrameAsyncRedraw@@YAHPEAVBEE_PFContextAsyncJobManager@@IPEAVBEE_Item@@AEAVBEE_ItemRenderOptions@@PEAVBEE_CheckoutReceiptPtr@@@Z
BEE.dll,export,3592  E07 007EEFF0 ?BEE_CheckoutOrRenderLayerFrameAsyncRedraw@@YAHPEAVBEE_PFContextAsyncJobManager@@IPEAVBEE_AVLayer@@AEAVBEE_LayerRenderOptions@@PEAVBEE_CheckoutReceiptPtr@@@Z
BEE.dll,export,3600  E0F 007EF040 ?BEE_CloseContextAsyncManager@@YAXPEAPEAUPF_Context@@@Z
BEE.dll,export,3751  EA6 00446BA0 ?BEE_ConformLayerRO@@YA?AVBEE_LayerRenderOptions@@PEBVBEE_AVLayer@@AEBV1@@Z
BEE.dll,export,3752  EA7 004848A0 ?BEE_ConformLayerRenderOptionsForCaching@@YAHPEBVBEE_AVLayer@@AEAVBEE_LayerRenderOptions@@@Z
BEE.dll,export,3816  EE7 003DE1E0 ?BEE_DrawItemThumbnail@@YAHPEAVBEE_Item@@AEBUT_Time@@_NDUBEE_Dsf@@MPEAVPF_World@@@Z
BEE.dll,export,3843  F02 0064C480 ?BEE_FlushAllAsyncExecutions@@YAXXZ
BEE.dll,export,3878  F25 0037FBF0 ?BEE_GetArtisanInstanceRefconBuffer@@YAHPEAPEAUPR_InstanceContext@@PEAPEAVPF_World@@@Z
BEE.dll,export,3880  F27 0037FCD0 ?BEE_GetArtisanInstanceRefconCachedBuffer@@YAHPEAPEAUPR_InstanceContext@@PEAPEAVPF_World@@@Z
BEE.dll,export,3907  F42 00380DF0 ?BEE_GetArtisanWorld@@YAHPEAXPEAPEAVPF_World@@@Z
BEE.dll,export,3964  F7B 00485980 ?BEE_GetDiskCacheBehavior@@YA?AW4BEE_DiskCacheBehavior@@XZ
BEE.dll,export,3965  F7C 00485990 ?BEE_GetDiskCacheBehaviorPref@@YA?AW4BEE_DiskCacheBehavior@@XZ
BEE.dll,export,3966  F7D 004D8CA0 ?BEE_GetDiskCacheCompressionEnabledPref@@YA_NXZ
BEE.dll,export,4102 1005 00684940 ?BEE_GetProjectAsyncFileReloader@@YAAEAVBEE_AsyncFileReloader@@XZ
BEE.dll,export,4128 101F 0068F620 ?BEE_GetSignaturesOfAllUsedImporters@@YAXAEBV?$set@PEBVBEE_Item@@U?$less@PEBVBEE_Item@@@std@@V?$allocator@PEBVBEE_Item@@@3@@std@@AEAV?$set@HU?$less@H@std@@V?$allocator@H@2@@2@@Z
BEE.dll,export,4129 1020 0068F730 ?BEE_GetSignaturesOfAllUsedImporters@@YAXPEBVBEE_Project@@AEAV?$set@HU?$less@H@std@@V?$allocator@H@2@@std@@@Z
BEE.dll,export,4220 107B 0069DFE0 ?BEE_IsImporterThreadSafe@@YA_NH@Z
BEE.dll,export,4261 10A4 0068F770 ?BEE_ItemsUseNonThreadSafeImporters@@YA_NAEBV?$set@PEBVBEE_Item@@U?$less@PEBVBEE_Item@@@std@@V?$allocator@PEBVBEE_Item@@@3@@std@@@Z
BEE.dll,export,4313 10D8 007EF0E0 ?BEE_NewContextAsyncManager@@YAXPEAPEAUPF_Context@@@Z
BEE.dll,export,4324 10E3 00382C90 ?BEE_NotifyInteractiveArtisanSwapBuffer@@YAHPEAPEAUPR_InstanceContext@@PEAXPEAVPF_World@@@Z
BEE.dll,export,4356 1103 0068F980 ?BEE_ProjectUsesNonThreadSafeImporters@@YA_NPEBVBEE_Project@@@Z
BEE.dll,export,4364 110B 00383050 ?BEE_QueryGetSwapBuffer@@YAHPEAXPEAPEAXPEAPEAVPF_World@@@Z
BEE.dll,export,4396 112B 004880A0 ?BEE_RenderAdjustmentLayerForArtisan@@YAHQEAPEAUPR_RenderContext@@PEAVBEE_RenderTrace@@PEAVPF_World@@PEAUM_Rect@@PEAPEAV3@@Z
BEE.dll,export,4399 112E 00488860 ?BEE_RenderLayerForArtisanPlus@@YAHPEAXPEAVBEE_Layer@@PEAVBEE_RenderTrace@@IPEAPEAVPF_World@@@Z
BEE.dll,export,4400 112F 00488940 ?BEE_RenderLayerForArtisanPlusWithReceipt@@YAHPEAXPEAVBEE_Layer@@PEAVBEE_RenderTrace@@IPEAVBEE_LayerRenderOptions@@PEAUM_Rect@@PEAPEAVPF_World@@@Z
BEE.dll,export,4402 1131 00488A40 ?BEE_RenderOpenGLComp@@YAHPEBVBEE_CompItem@@AEBVBEE_ItemRenderOptions@@PEAVPF_World@@AEBVGuid@utility@dvacore@@@Z
BEE.dll,export,4403 1132 00488EE0 ?BEE_RenderTextureForArtisan@@YAHPEAXPEAVBEE_RenderTrace@@IPEAV?$M_Vector2T@N@@PEAUM_FloatRect@@PEAPEAVPF_World@@PEAVM_Matrix3@@@Z
BEE.dll,export,4404 1133 00489310 ?BEE_RenderTextureForArtisanWithReceipt@@YAHPEAXPEAVBEE_RenderTrace@@IFPEAV?$M_Vector2T@N@@PEAUM_FloatRect@@PEAVBEE_LayerRenderOptions@@PEAUM_Rect@@PEAPEAVPF_World@@PEAVM_Matrix3@@@Z
BEE.dll,export,4440 1157 003838D0 ?BEE_SetArtisanInstanceRefconBuffer@@YAHPEAPEAUPR_InstanceContext@@PEAVPF_World@@@Z
BEE.dll,export,4442 1159 003839B0 ?BEE_SetArtisanInstanceRefconCachedBuffer@@YAHPEAPEAUPR_InstanceContext@@PEAVPF_World@@@Z
BEE.dll,export,4465 1170 004D8CC0 ?BEE_SetDiskCacheCompressionEnabledPref@@YAX_N@Z
BEE.dll,export,4493 118C 006849B0 ?BEE_StartAsyncFileReloaderWorkerThread@@YAXXZ
BEE.dll,export,5009 1390 007C0570 ?BEE_WorkQueue_CheckoutItemFrame@@YA_KV?$shared_ptr@VBEE_WorkQueue_Client@@@boost@@HFAEBV?$basic_string@_WU?$char_traits@_W@std@@U?$STLAllocator@_W@allocator@dvacore@@@std@@AEBVBEE_ItemRenderOptions@@V?$shared_ptr@VBEE_WorkQueueIdList@@@2@AEBV?$function@$$A6AX_KHAEAVBEE_CheckoutReceiptPtr@@@Z@2@AEBV?$function@$$A6AHW4ItemChangeType@@V?$shared_ptr@VBEE_WorkQueue_Item@@@boost@@@Z@2@PEAVBEE_Project@@AEBV?$shared_ptr@VAsyncThreadedExecutor@threads@dvacore@@@4@AEBVGuid@utility@dvacore@@@Z
BEE.dll,export,5010 1391 007C0BB0 ?BEE_WorkQueue_CheckoutItemFrameLazyRO@@YA_KAEBV?$shared_ptr@VBEE_WorkQueue_Client@@@boost@@HFAEBV?$shared_ptr@VBEE_WorkQueueIdList@@@2@AEBV?$function@$$A6A?AVBEE_ItemRenderOptions@@PEAVBEE_Project@@PEAVBEE_Item@@PEAV?$shared_ptr@X@boost@@@Z@2@AEBV?$function@$$A6AX_KHAEAVBEE_CheckoutReceiptPtr@@AEBV?$shared_ptr@X@boost@@@Z@2@AEBV?$function@$$A6AHW4ItemChangeType@@V?$shared_ptr@VBEE_WorkQueue_Item@@@boost@@@Z@2@V?$weak_ptr@VBEE_Project@@@std@@AEBV?$shared_ptr@VAsyncThreadedExecutor@threads@dvacore@@@8@@Z
BEE.dll,export,5017 1398 007C2C30 ?BEE_WorkQueue_DrawItemThumbnail@@YA_KAEBV?$shared_ptr@VBEE_WorkQueue_Client@@@boost@@HFAEBV?$basic_string@_WU?$char_traits@_W@std@@U?$STLAllocator@_W@allocator@dvacore@@@std@@AEBUT_Time@@_NAEAV?$shared_ptr@VPF_World@@@2@DPEAUBEE_Dsf@@M3V?$shared_ptr@VBEE_WorkQueueIdList@@@2@AEBV?$function@$$A6AX_KH@Z@2@@Z
BEE.dll,export,5039 13AE 0064E7A0 ?BEE_aelib_CloseAsyncRenderProject@@YAXXZ
BEE.dll,export,5112 13F7 003776C0 ?CanDoSeparateSequential@BEE_LayerMCVideoSource@bee@ae@@UEBA_NXZ
BEE.dll,export,5142 1415 003776D0 ?CanRemovePulldown@BEE_LayerMCVideoSource@bee@ae@@UEBA_NXZ
BEE.dll,export,5166 142D 00374930 ?CanValidatePrefs@BEE_LayerMCMediaInfo@bee@ae@@UEBA_NXZ
BEE.dll,export,5167 142E 00374950 ?CanWriteTimecode@BEE_LayerMCMediaInfo@bee@ae@@UEBA_NXZ
BEE.dll,export,5168 142F 00374960 ?CanWriteXMPToFile@BEE_LayerMCMediaInfo@bee@ae@@UEBA_NXZ
BEE.dll,export,5173 1434 003776E0 ?CancelAsyncIO@BEE_LayerMCVideoSource@bee@ae@@UEAAXAEBVTickTime@dvamediatypes@@AEBUFrameFormat@MF@@AEBVBinaryData@7@@Z
BEE.dll,export,5179 143A 006849D0 ?CheckUpdatedFilesOnDiskWorker@BEE_AsyncFileReloader@@IEAAXXZ
BEE.dll,export,5225 1468 00374980 ?Clone@BEE_LayerMCMediaInfo@bee@ae@@UEBAHAEAV?$InterfaceRef@UIMediaInfo@BE@@@classref@dvacore@@AEAVBinaryData@MF@@@Z
BEE.dll,export,5447 1546 004AB320 ?Conform@BEE_ItemRenderOptions@@UEAAXPEBVBEE_Item@@_N@Z
BEE.dll,export,5448 1547 00045320 ?Conform@BEE_RenderOptions@@UEAAXPEBVBEE_Item@@_N@Z
BEE.dll,export,5453 154C 00684CB0 ?ContainsFileToCheck@BEE_AsyncFileReloader@@QEBA_NAEBV?$basic_string@_WU?$char_traits@_W@std@@U?$STLAllocator@_W@allocator@dvacore@@@std@@@Z
BEE.dll,export,5554 15B1 00374B20 ?Create@BEE_LayerMCMediaInfo@bee@ae@@SAHAEAV?$InterfaceRef@VBEE_LayerMCMediaInfo@bee@ae@@@classref@dvacore@@AEAVBinaryData@MF@@@Z
BEE.dll,export,5555 15B2 00377720 ?Create@BEE_LayerMCVideoSource@bee@ae@@SAHAEAV?$InterfaceRef@VBEE_LayerMCVideoSource@bee@ae@@@classref@dvacore@@PEAVBEE_Layer@@@Z
BEE.dll,export,5668 1623 00377880 ?CreateAudioWaveform@BEE_LayerMCVideoSource@bee@ae@@UEBA?AV?$InterfaceRef@UIAudioWaveform@AR@@@classref@dvacore@@XZ
BEE.dll,export,5671 1626 00374C80 ?CreateClassRef@BEE_LayerMCMediaInfo@bee@ae@@SA?AV?$InterfaceRef@VBEE_LayerMCMediaInfo@bee@ae@@@classref@dvacore@@XZ
BEE.dll,export,5672 1627 00374DA0 ?CreateClassRef@BEE_LayerMCVideoSource@bee@ae@@SA?AV?$InterfaceRef@VBEE_LayerMCVideoSource@bee@ae@@@classref@dvacore@@XZ
BEE.dll,export,5681 1630 003738F0 ?CreateFeatureForMappedVideoFrame@BEE@@YA?AV?$InterfaceRef@UIMLFeature@dvaml@@@classref@dvacore@@PEAVPF_World@@W4TensorFormat@IMLEvaluator@dvaml@@@Z
BEE.dll,export,5685 1634 00374EC0 ?CreateInstanceRef@BEE_LayerMCMediaInfo@bee@ae@@SAXAEAV?$InterfaceRef@UUnknownBase@classref@dvacore@@@classref@dvacore@@@Z
BEE.dll,export,5686 1635 00374FA0 ?CreateInstanceRef@BEE_LayerMCVideoSource@bee@ae@@SAXAEAV?$InterfaceRef@UUnknownBase@classref@dvacore@@@classref@dvacore@@@Z
BEE.dll,export,5702 1645 00375080 ?CreateSourceForStream@BEE_LayerMCMediaInfo@bee@ae@@UEBAHVGuid@utility@dvacore@@_KAEBVBinaryData@MF@@AEBVFrameRate@dvamediatypes@@AEBV?$basic_string@_WU?$char_traits@_W@std@@U?$STLAllocator@_W@allocator@dvacore@@@std@@444AEAV?$InterfaceRef@UISource@MF@@@classref@6@@Z
BEE.dll,export,5717 1654 00375090 ?DeleteFileW@BEE_LayerMCMediaInfo@bee@ae@@UEAAHAEBV?$basic_string@_WU?$char_traits@_W@std@@U?$STLAllocator@_W@allocator@dvacore@@@std@@AEBVBinaryData@MF@@@Z
BEE.dll,export,5719 1656 00684DF0 ?DeleteThreadIfFinished@BEE_AsyncFileReloader@@QEAAXXZ
BEE.dll,export,5732 1663 003778D0 ?DetermineSmartRenderSegmentsInRange@BEE_LayerMCVideoSource@bee@ae@@UEBAXAEBVTickTime@dvamediatypes@@0AEBUPixelFormat@5@_N2AEBUPrSDKGuid@@AEAV?$map@VTickTime@dvamediatypes@@USmartRenderSegment@MF@@U?$less@VTickTime@dvamediatypes@@@std@@U?$STLAllocator@U?$pair@$$CBVTickTime@dvamediatypes@@USmartRenderSegment@MF@@@std@@@allocator@dvacore@@@std@@@Z
BEE.dll,export,5733 1664 003778E0 ?DetermineStillRangesInRange@BEE_LayerMCVideoSource@bee@ae@@UEBAXAEBVTickTime@dvamediatypes@@0AEAV?$vector@U?$pair@VTickTime@dvamediatypes@@V12@@std@@U?$STLAllocator@U?$pair@VTickTime@dvamediatypes@@V12@@std@@@allocator@dvacore@@@std@@@Z
BEE.dll,export,5738 1669 003750A0 ?DisableGrowingRefreshes@BEE_LayerMCMediaInfo@bee@ae@@UEAAX_N@Z
BEE.dll,export,6222 184D 003E07E0 ?FindDiskCacheSizeAcrossVersions@BEE_ModelFileCache@@QEAA_KAEAI@Z
BEE.dll,export,6331 18BA 003750B0 ?GetAltReel@BEE_LayerMCMediaInfo@bee@ae@@UEBA?AV?$basic_string@EU?$char_traits@E@std@@U?$STLAllocator@E@allocator@dvacore@@@std@@XZ
BEE.dll,export,6332 18BB 003750E0 ?GetAltTime@BEE_LayerMCMediaInfo@bee@ae@@UEBA?AVTickTime@dvamediatypes@@XZ
BEE.dll,export,6347 18CA 003C3680 ?GetAnywhereMediaLocatorId@BEE_FootageItem@@QEBAAEBV?$basic_string@_WU?$char_traits@_W@std@@U?$STLAllocator@_W@allocator@dvacore@@@std@@XZ
BEE.dll,export,6348 18CB 003C3690 ?GetAnywhereMediaLocatorProperties@BEE_FootageItem@@QEBAAEBV?$basic_string@EU?$char_traits@E@std@@U?$STLAllocator@E@allocator@dvacore@@@std@@XZ
BEE.dll,export,6365 18DC 003C4E70 ?GetAsyncFileReloader@BEE_Globals@@QEAAAEAVBEE_AsyncFileReloader@@XZ
BEE.dll,export,6366 18DD 003778F0 ?GetAudio@BEE_LayerMCVideoSource@bee@ae@@UEAAHAEBVBinaryData@MF@@AEAVAudioBuffer@dvaaudiotoolkit@@AEBVTickTime@dvamediatypes@@_N@Z
BEE.dll,export,6368 18DF 00377900 ?GetAudioChannelLayout@BEE_LayerMCVideoSource@bee@ae@@UEBA?AV?$vector@UAudioChannelDescription@dvamediatypes@@U?$STLAllocator@UAudioChannelDescription@dvamediatypes@@@allocator@dvacore@@@std@@XZ
BEE.dll,export,6369 18E0 00377920 ?GetAudioFrameRate@BEE_LayerMCVideoSource@bee@ae@@UEBA?AVFrameRate@dvamediatypes@@XZ
BEE.dll,export,6544 198F 00377950 ?GetCanDoMatrixTransform@BEE_LayerMCVideoSource@bee@ae@@UEAA_NXZ
BEE.dll,export,6564 19A3 00377960 ?GetChannelType@BEE_LayerMCVideoSource@bee@ae@@UEBA?AW4AudioChannelType@MF@@XZ
BEE.dll,export,6616 19D7 00375120 ?GetContentState@BEE_LayerMCMediaInfo@bee@ae@@UEBA?AVGuid@utility@dvacore@@XZ
BEE.dll,export,6617 19D8 00377AB0 ?GetContentState@BEE_LayerMCVideoSource@bee@ae@@UEBA?AVGuid@utility@dvacore@@XZ
BEE.dll,export,7374 1CCD 003751E0 ?GetDocumentID@BEE_LayerMCMediaInfo@bee@ae@@UEBA?AVGuid@utility@dvacore@@XZ
BEE.dll,export,7378 1CD1 00377AD0 ?GetDuration@BEE_LayerMCVideoSource@bee@ae@@UEBA?AVTickTime@dvamediatypes@@XZ
BEE.dll,export,7380 1CD3 00377B30 ?GetDurationType@BEE_LayerMCVideoSource@bee@ae@@UEBA?AUDurationType@MF@@XZ
BEE.dll,export,7903 1EDE 00375280 ?GetFieldType@BEE_LayerMCMediaInfo@bee@ae@@UEBA?AW4FieldType@dvamediatypes@@XZ
BEE.dll,export,7904 1EDF 00377C10 ?GetFieldType@BEE_LayerMCVideoSource@bee@ae@@UEBA?AW4FieldType@dvamediatypes@@XZ
BEE.dll,export,7905 1EE0 003752A0 ?GetFilePath@BEE_LayerMCMediaInfo@bee@ae@@UEBA?AV?$basic_string@_WU?$char_traits@_W@std@@U?$STLAllocator@_W@allocator@dvacore@@@std@@XZ
BEE.dll,export,7906 1EE1 003752D0 ?GetFilenameForStream@BEE_LayerMCMediaInfo@bee@ae@@UEBA?AV?$basic_string@_WU?$char_traits@_W@std@@U?$STLAllocator@_W@allocator@dvacore@@@std@@_K@Z
BEE.dll,export,7982 1F2D 00377C20 ?GetFrameAlphaIgnored@BEE_LayerMCVideoSource@bee@ae@@UEBA_NXZ
BEE.dll,export,7983 1F2E 00377C40 ?GetFrameAlphaInverted@BEE_LayerMCVideoSource@bee@ae@@UEBA_NXZ
BEE.dll,export,7984 1F2F 00377C50 ?GetFrameAlphaMatteColor@BEE_LayerMCVideoSource@bee@ae@@UEBA?AV?$ParamColor@E@ASL@@XZ
BEE.dll,export,7985 1F30 00377C60 ?GetFrameAlphaType@BEE_LayerMCVideoSource@bee@ae@@UEBA?AW4AlphaChannel@dvamediatypes@@XZ
BEE.dll,export,7992 1F37 00377C70 ?GetFrameRect@BEE_LayerMCVideoSource@bee@ae@@UEBA?AV?$RectT@H@geom@dvacore@@XZ
BEE.dll,export,7997 1F3C 00377CB0 ?GetFrameVidSubType@BEE_LayerMCVideoSource@bee@ae@@UEBAIXZ
BEE.dll,export,8031 1F5E 00375300 ?GetHashInfo@BEE_LayerMCMediaInfo@bee@ae@@UEBAXAEAVBinaryData@MF@@@Z
BEE.dll,export,8032 1F5F 00375310 ?GetHashInfo@BEE_LayerMCMediaInfo@bee@ae@@UEBAXAEBUReplacedMediaInfoData@BE@@AEAVBinaryData@MF@@@Z
BEE.dll,export,8076 1F8B 00377CF0 ?GetIdentifierForSourceVideo@BEE_LayerMCVideoSource@bee@ae@@UEAA?AVGuid@utility@dvacore@@AEBVTickTime@dvamediatypes@@AEBUFrameFormat@MF@@AEBVBinaryData@MF@@@Z
BEE.dll,export,8082 1F91 00375320 ?GetImplementationID@BEE_LayerMCMediaInfo@bee@ae@@UEBA?AVGuid@utility@dvacore@@XZ
BEE.dll,export,8108 1FAB 00375330 ?GetInstanceString@BEE_LayerMCMediaInfo@bee@ae@@UEBA?AV?$basic_string@_WU?$char_traits@_W@std@@U?$STLAllocator@_W@allocator@dvacore@@@std@@XZ
BEE.dll,export,8359 20A6 00375350 ?GetIsDropFrame@BEE_LayerMCMediaInfo@bee@ae@@UEBA_NXZ
BEE.dll,export,8361 20A8 00375370 ?GetIsPreviewRenderNoAlphaDetected@BEE_LayerMCMediaInfo@bee@ae@@UEAA_NXZ
BEE.dll,export,8459 210A 003753A0 ?GetLogComment@BEE_LayerMCMediaInfo@bee@ae@@UEBA?AV?$basic_string@EU?$char_traits@E@std@@U?$STLAllocator@E@allocator@dvacore@@@std@@XZ
BEE.dll,export,8798 225D 00375400 ?GetMediaScenes@BEE_LayerMCMediaInfo@bee@ae@@UEAA?AV?$vector@UMediaSceneRecord@BE@@V?$allocator@UMediaSceneRecord@BE@@@std@@@std@@XZ
BEE.dll,export,8805 2264 00375420 ?GetMetadataState@BEE_LayerMCMediaInfo@bee@ae@@UEAAHAEAVGuid@utility@dvacore@@AEBV?$basic_string@DU?$char_traits@D@std@@V?$allocator@D@2@@std@@@Z
BEE.dll,export,9077 2374 00375470 ?GetModificationState@BEE_LayerMCMediaInfo@bee@ae@@UEBAXAEAVBinaryData@MF@@@Z
BEE.dll,export,9093 2384 00377E30 ?GetNativeFieldType@BEE_LayerMCVideoSource@bee@ae@@UEBA?AW4FieldType@dvamediatypes@@XZ
BEE.dll,export,9094 2385 00377E40 ?GetNextAudio@BEE_LayerMCVideoSource@bee@ae@@UEAAHAEBVBinaryData@MF@@AEAVAudioBuffer@dvaaudiotoolkit@@_N@Z
BEE.dll,export,9104 238F 00377E50 ?GetNumChannels@BEE_LayerMCVideoSource@bee@ae@@UEBA_KXZ
BEE.dll,export,9125 23A4 00377E60 ?GetNumPreferredFrameRects@BEE_LayerMCVideoSource@bee@ae@@UEBA_KAEBUPixelFormat@dvamediatypes@@@Z
BEE.dll,export,9129 23A8 003754E0 ?GetNumStreamGroups@BEE_LayerMCMediaInfo@bee@ae@@UEBA_KXZ
BEE.dll,export,9131 23AA 003754F0 ?GetNumStreams@BEE_LayerMCMediaInfo@bee@ae@@UEBA_KVGuid@utility@dvacore@@@Z
BEE.dll,export,9144 23B7 00375500 ?GetOrigReel@BEE_LayerMCMediaInfo@bee@ae@@UEBA?AV?$basic_string@EU?$char_traits@E@std@@U?$STLAllocator@E@allocator@dvacore@@@std@@XZ
BEE.dll,export,9145 23B8 00375530 ?GetOrigTime@BEE_LayerMCMediaInfo@bee@ae@@UEBA?AVTickTime@dvamediatypes@@XZ
BEE.dll,export,9162 23C9 004D0510 ?GetOutputWorld@FrameTask@bee@@UEAAPEBVPF_World@@XZ
BEE.dll,export,9163 23CA 004D0530 ?GetOutputWorld@InterlacedNoPulldownTask@bee@@UEAAPEBVPF_World@@XZ
BEE.dll,export,9164 23CB 004D0550 ?GetOutputWorld@InterlacedPulldownTask@bee@@UEAAPEBVPF_World@@XZ
BEE.dll,export,9165 23CC 004D0560 ?GetOutputWorld@SkipTask@bee@@UEAAPEBVPF_World@@XZ
BEE.dll,export,9274 2439 00375550 ?GetPixelAspectRatio@BEE_LayerMCMediaInfo@bee@ae@@UEBA?AVPixelAspectRatio@dvamediatypes@@XZ
BEE.dll,export,9275 243A 00377E90 ?GetPixelAspectRatio@BEE_LayerMCVideoSource@bee@ae@@UEBA?AVPixelAspectRatio@dvamediatypes@@XZ
BEE.dll,export,9355 248A 00377ED0 ?GetPosterFrameTime@BEE_LayerMCVideoSource@bee@ae@@UEAA?AVTickTime@dvamediatypes@@XZ
BEE.dll,export,9454 24ED 00377EE0 ?GetPreferredFrameRect@BEE_LayerMCVideoSource@bee@ae@@UEBA?AV?$RectT@H@geom@dvacore@@AEBUPixelFormat@dvamediatypes@@_K@Z
BEE.dll,export,9489 2510 004D0570 ?GetPulldownBuffer@InterlacedPulldownTask@bee@@QEAAPEAVPF_World@@XZ
BEE.dll,export,9490 2511 00377EF0 ?GetPulldownCadence@BEE_LayerMCVideoSource@bee@ae@@UEAA?AW4PulldownCadence@dvamediatypes@@XZ
BEE.dll,export,9505 2520 004650C0 ?GetReceiptWorld@BEE_CheckoutReceipt@@QEBAPEBVPF_World@@_N@Z
BEE.dll,export,9607 2586 00377F30 ?GetSampleType@BEE_LayerMCVideoSource@bee@ae@@UEBA?AW4AudioSampleType@MF@@XZ
BEE.dll,export,9736 2607 00377FA0 ?GetSourceVideo@BEE_LayerMCVideoSource@bee@ae@@UEAAHAEBVTickTime@dvamediatypes@@AEBUFrameFormat@MF@@AEBVBinaryData@7@_NAEAV?$InterfaceRef@UIVideoFrame@MF@@@classref@dvacore@@@Z
BEE.dll,export,9874 2691 003755A0 ?GetStationID@BEE_LayerMCMediaInfo@bee@ae@@UEBA?AVImmutableString@utility@dvacore@@XZ
BEE.dll,export,9883 269A 00377FE0 ?GetStillRangeForTime@BEE_LayerMCVideoSource@bee@ae@@UEBAHAEBVTickTime@dvamediatypes@@AEAU?$pair@VTickTime@dvamediatypes@@V12@@std@@@Z
BEE.dll,export,9891 26A2 003755D0 ?GetStream@BEE_LayerMCMediaInfo@bee@ae@@UEBA?AV?$InterfaceRef@UISource@MF@@@classref@dvacore@@VGuid@utility@6@_K@Z
BEE.dll,export,9902 26AD 003756F0 ?GetStreamGroupIndices@BEE_LayerMCMediaInfo@bee@ae@@UEAAX_KAEA_K11@Z
BEE.dll,export,9947 26DA 00377FF0 ?GetSupportedCustomPixelTypes@BEE_LayerMCVideoSource@bee@ae@@UEBAXAEAV?$vector@UPixelFormat@dvamediatypes@@U?$STLAllocator@UPixelFormat@dvamediatypes@@@allocator@dvacore@@@std@@@Z
BEE.dll,export,9948 26DB 00378000 ?GetSupportedPixelTypes@BEE_LayerMCVideoSource@bee@ae@@UEBAXAEAV?$vector@UPixelFormat@dvamediatypes@@U?$STLAllocator@UPixelFormat@dvamediatypes@@@allocator@dvacore@@@std@@@Z
BEE.dll,export,9970 26F1 00375710 ?GetTimeDisplay@BEE_LayerMCMediaInfo@bee@ae@@UEBA?AVTimeDisplay@dvamediatypes@@XZ
BEE.dll,export,9980 26FB 00375730 ?GetTitle@BEE_LayerMCMediaInfo@bee@ae@@UEBA?AV?$basic_string@_WU?$char_traits@_W@std@@U?$STLAllocator@_W@allocator@dvacore@@@std@@_K@Z
BEE.dll,export,10157 27AC 00375770 ?GetUnknownTypeName@BEE_LayerMCMediaInfo@bee@ae@@UEBAAEBVImmutableString@utility@dvacore@@XZ
BEE.dll,export,10158 27AD 00375870 ?GetUnknownTypeName@BEE_LayerMCVideoSource@bee@ae@@UEBAAEBVImmutableString@utility@dvacore@@XZ
BEE.dll,export,10163 27B2 00375970 ?GetUseAlternateStart@BEE_LayerMCMediaInfo@bee@ae@@UEBA_NXZ
BEE.dll,export,10563 2942 00378080 ?GetVideo@BEE_LayerMCVideoSource@bee@ae@@UEAAHAEBVTickTime@dvamediatypes@@AEBVBinaryData@MF@@00V?$InterfaceRef@UIVideoFrame@MF@@@classref@dvacore@@W4RenderQuality@5@W4FieldType@5@_N555N@Z
BEE.dll,export,10564 2943 003780E0 ?GetVideoCodecDescription@BEE_LayerMCVideoSource@bee@ae@@UEBA?AV?$basic_string@EU?$char_traits@E@std@@U?$STLAllocator@E@allocator@dvacore@@@std@@XZ
BEE.dll,export,10565 2944 00378110 ?GetVideoFrameRate@BEE_LayerMCVideoSource@bee@ae@@UEBA?AVFrameRate@dvamediatypes@@XZ
BEE.dll,export,10566 2945 00378150 ?GetVideoWithMatrix@BEE_LayerMCVideoSource@bee@ae@@UEAAHAEBVTickTime@dvamediatypes@@AEBVBinaryData@MF@@00V?$InterfaceRef@UIVideoFrame@MF@@@classref@dvacore@@W4RenderQuality@5@W4FieldType@5@_N555NUTransformMatrixRec@BE@@V?$RectT@H@geom@dvacore@@@Z
BEE.dll,export,10593 2960 00465880 ?GetWritableReceiptWorld@BEE_CheckoutReceipt@@QEAAPEAVPF_World@@_N@Z
BEE.dll,export,10594 2961 00375980 ?GetXMPCaptureProperties@BEE_LayerMCMediaInfo@bee@ae@@UEAAHAEAV?$basic_string@EU?$char_traits@E@std@@U?$STLAllocator@E@allocator@dvacore@@@std@@0000000AEAVDate@ASL@@AEA_N0@Z
BEE.dll,export,10773 2A14 003781C0 ?HasFields@BEE_LayerMCVideoSource@bee@ae@@UEAA_NXZ
BEE.dll,export,11370 2C69 003759A0 ?HasSetup@BEE_LayerMCMediaInfo@bee@ae@@UEBA_NXZ
BEE.dll,export,11403 2C8A 004AD380 ?IdenticalConformed@BEE_ItemRenderOptions@@QEBA_NQEAVBEE_Item@@AEBV1@@Z
BEE.dll,export,11439 2CAE 003781D0 ?InitiateAsyncIO@BEE_LayerMCVideoSource@bee@ae@@UEAAHAEBVTickTime@dvamediatypes@@AEBUFrameFormat@MF@@AEBVBinaryData@7@@Z
BEE.dll,export,11440 2CAF 003759B0 ?InjectMetadata@BEE_LayerMCMediaInfo@bee@ae@@UEAAHV?$InterfaceRef@UIClipLoggingInfo@BE@@@classref@dvacore@@@Z
BEE.dll,export,11498 2CE9 003781F0 ?IsAlphaInfoUncertain@BEE_LayerMCVideoSource@bee@ae@@UEBA_NXZ
BEE.dll,export,11514 2CF9 00375A10 ?IsCacheable@BEE_LayerMCMediaInfo@bee@ae@@UEBA_NXZ
BEE.dll,export,11533 2D0C 00378200 ?IsContinuousTime@BEE_LayerMCVideoSource@bee@ae@@UEBA_NXZ
BEE.dll,export,11592 2D47 00378210 ?IsFieldTypeUncertain@BEE_LayerMCVideoSource@bee@ae@@UEBA_NXZ
BEE.dll,export,11669 2D94 004CD620 ?IsMultithreadedAsyncPrefetchEnabled@bee@@YA_NXZ
BEE.dll,export,11672 2D97 00378220 ?IsNumberedStills@BEE_LayerMCVideoSource@bee@ae@@UEBA_NXZ
BEE.dll,export,11685 2DA4 00375A40 ?IsPending@BEE_LayerMCMediaInfo@bee@ae@@UEBA_NXZ
BEE.dll,export,11687 2DA6 00378230 ?IsPixelAspectRatioUncertain@BEE_LayerMCVideoSource@bee@ae@@UEBA_NXZ
BEE.dll,export,11741 2DDC 00378240 ?IsSequentialOnly@BEE_LayerMCVideoSource@bee@ae@@UEBA_NXZ
BEE.dll,export,11949 2EAC 00375A60 ?LegalToProxy@BEE_LayerMCMediaInfo@bee@ae@@UEBA_NXZ
BEE.dll,export,12059 2F1A 00375A80 ?OpenPreferences@BEE_LayerMCMediaInfo@bee@ae@@UEAAHAEAVBinaryData@MF@@AEAV?$map@V?$basic_string@_WU?$char_traits@_W@std@@U?$STLAllocator@_W@allocator@dvacore@@@std@@V12@U?$less@V?$basic_string@_WU?$char_traits@_W@std@@U?$STLAllocator@_W@allocator@dvacore@@@std@@@2@U?$STLAllocator@U?$pair@$$CBV?$basic_string@_WU?$char_traits@_W@std@@U?$STLAllocator@_W@allocator@dvacore@@@std@@V12@@std@@@allocator@dvacore@@@std@@_KV?$InterfaceRef@UISequence@BE@@@classref@dvacore@@AEBVTickTime@dvamediatypes@@2AEAV?$basic_string@_WU?$char_traits@_W@std@@U?$STLAllocator@_W@allocator@dvacore@@@7@@Z
BEE.dll,export,12074 2F29 006856E0 ?PopFileToBeReloaded@BEE_AsyncFileReloader@@QEAA_NPEAH@Z
BEE.dll,export,12075 2F2A 00685800 ?PopFileToCheck@BEE_AsyncFileReloader@@IEAA_NPEAHPEAV?$shared_ptr@VBEE_ItemFiles@@@boost@@@Z
BEE.dll,export,12102 2F45 003E1E40 ?PurgeAllDiskCaches@BEE_ModelFileCache@@QEAAXV?$function@$$A6AXII@Z@boost@@_NAEAI2@Z
BEE.dll,export,12105 2F48 00375AF0 ?QueryMap@BEE_LayerMCMediaInfo@bee@ae@@MEAAPEAXAEBV?$basic_string_view@DU?$char_traits@D@std@@@std@@@Z
BEE.dll,export,12106 2F49 00375C50 ?QueryMap@BEE_LayerMCVideoSource@bee@ae@@MEAAPEAXAEBV?$basic_string_view@DU?$char_traits@D@std@@@std@@@Z
BEE.dll,export,12110 2F4D 00375EE0 ?QuietFile@BEE_LayerMCMediaInfo@bee@ae@@UEAAXAEBV?$basic_string@_WU?$char_traits@_W@std@@U?$STLAllocator@_W@allocator@dvacore@@@std@@AEBVBinaryData@MF@@@Z
BEE.dll,export,12158 2F7D 00375F00 ?ReadMetaDatum@BEE_LayerMCMediaInfo@bee@ae@@UEAAHAEBVBinaryData@MF@@W4MetaDataType@BE@@PEAXAEAV45@PEAV?$intrusive_ptr@U__XMPMeta__@@@boost@@@Z
BEE.dll,export,12182 2F95 00375F10 ?RefreshFile@BEE_LayerMCMediaInfo@bee@ae@@UEAAHAEBV?$basic_string@_WU?$char_traits@_W@std@@U?$STLAllocator@_W@allocator@dvacore@@@std@@AEAVBinaryData@MF@@AEAV?$map@V?$basic_string@_WU?$char_traits@_W@std@@U?$STLAllocator@_W@allocator@dvacore@@@std@@V12@U?$less@V?$basic_string@_WU?$char_traits@_W@std@@U?$STLAllocator@_W@allocator@dvacore@@@std@@@2@U?$STLAllocator@U?$pair@$$CBV?$basic_string@_WU?$char_traits@_W@std@@U?$STLAllocator@_W@allocator@dvacore@@@std@@V12@@std@@@allocator@dvacore@@@5@AEAV?$set@V?$InterfaceRef@UUnknownBase@classref@dvacore@@@classref@dvacore@@U?$less@V?$InterfaceRef@UUnknownBase@classref@dvacore@@@classref@dvacore@@@std@@U?$STLAllocator@V?$InterfaceRef@UUnknownBase@classref@dvacore@@@classref@dvacore@@@allocator@3@@5@@Z
BEE.dll,export,12252 2FDB 006D0820 ?Render@BEE_VectorArt@@YAXHPEBVRG_ProgAbort@@AEBVGroup@1@PEAVPF_World@@_NPEAVBEE_MTAbort@@@Z
BEE.dll,export,12258 2FE1 0047D440 ?RenderWorldUsingStyleGuts@BEE_LayerStyleNode@@AEBAHIAEBUM_LRect@@PEBVPF_World@@0PEAV3@@Z
BEE.dll,export,12332 302B 015EFFB8 ?S_workQueueAsyncJobIdList@BEE_MultiCheckoutLayerFrame@@0V?$shared_ptr@VBEE_WorkQueueIdList@@@boost@@A
BEE.dll,export,12368 304F 000F0B80 ?SamuraiRender@BEE_SamuraiSequences@@QEAAXPEAUPF_InData@@QEAPEAUPF_ParamDef@@PEAVPF_World@@2@Z
BEE.dll,export,12375 3056 00685930 ?ScanFolderAndAddFootageToAsyncReloadCheck@BEE_AsyncFileReloader@@IEAAXPEAVBEE_FolderItem@@I@Z
BEE.dll,export,12379 305A 00378250 ?SelectBestFrameFormat@BEE_LayerMCVideoSource@bee@ae@@UEBAHAEBVTickTime@dvamediatypes@@AEAUFrameFormat@MF@@AEBVBinaryData@7@@Z
BEE.dll,export,12397 306C 003C3C80 ?SetAnywhereMediaLocatorId@BEE_FootageItem@@QEAAXAEBV?$basic_string@_WU?$char_traits@_W@std@@U?$STLAllocator@_W@allocator@dvacore@@@std@@@Z
BEE.dll,export,12398 306D 003C3C90 ?SetAnywhereMediaLocatorProperties@BEE_FootageItem@@QEAAXAEBV?$basic_string@EU?$char_traits@E@std@@U?$STLAllocator@E@allocator@dvacore@@@std@@@Z
BEE.dll,export,12731 31BA 00375F50 ?SetTimeInfo@BEE_LayerMCMediaInfo@bee@ae@@UEAAHAEBVBinaryData@MF@@AEBVTickTime@dvamediatypes@@1AEBV?$basic_string@EU?$char_traits@E@std@@U?$STLAllocator@E@allocator@dvacore@@@std@@22AEBVFrameRate@7@_N4@Z
BEE.dll,export,12827 321A 00375F60 ?SetupOnDoubleClick@BEE_LayerMCMediaInfo@bee@ae@@UEBA_NXZ
BEE.dll,export,13094 3325 00685EC0 ?StartAsyncFileReloaderWorkerThread@BEE_AsyncFileReloader@@QEAAXXZ
BEE.dll,export,13282 33E1 00378290 ?SupportsAsyncIO@BEE_LayerMCVideoSource@bee@ae@@UEBA_NXZ
BEE.dll,export,13288 33E7 003782C0 ?SupportsGetSourceVideo@BEE_LayerMCVideoSource@bee@ae@@UEBA_NAEBVBinaryData@MF@@@Z
BEE.dll,export,13336 3417 00375F70 ?UnpackBinData@BEE_LayerMCMediaInfo@bee@ae@@QEAA_NAEBVBinaryData@MF@@@Z
BEE.dll,export,13384 3447 003762A0 ?UpdateXMPMetadataFromMedia@BEE_LayerMCMediaInfo@bee@ae@@UEAAH_N@Z
BEE.dll,export,13539 34E2 003762B0 ?WriteMetaDatum@BEE_LayerMCMediaInfo@bee@ae@@UEAAHAEBVBinaryData@MF@@W4MetaDataType@BE@@PEAX0AEBV?$vector@UPath@dvametadata@@V?$allocator@UPath@dvametadata@@@std@@@std@@_N4PEAH@Z
BEE.dll,export,13602 3521 00468F60 ?pSetReceiptWorld@BEE_CheckoutReceipt@@QEAAXPEAVPF_World@@@Z
BEE.dll,export,13614 352D 00F7E248 ?queryClass@?2??QueryMap@BEE_LayerMCMediaInfo@bee@ae@@MEAAPEAXAEBV?$basic_string_view@DU?$char_traits@D@std@@@std@@@Z@4V56@B
BEE.dll,export,13615 352E 00F7D7A0 ?queryClass@?2??QueryMap@BEE_LayerMCVideoSource@bee@ae@@MEAAPEAXAEBV?$basic_string_view@DU?$char_traits@D@std@@@std@@@Z@4V56@B
BEE.dll,export,13616 352F 00F7E300 ?queryClass@?6??QueryMap@BEE_LayerMCMediaInfo@bee@ae@@MEAAPEAXAEBV?$basic_string_view@DU?$char_traits@D@std@@@std@@@Z@4V56@B
BEE.dll,export,13617 3530 00F7D850 ?queryClass@?6??QueryMap@BEE_LayerMCVideoSource@bee@ae@@MEAAPEAXAEBV?$basic_string_view@DU?$char_traits@D@std@@@std@@@Z@4V56@B
BEE.dll,export,13618 3531 00F7E4E8 ?queryClass@?BD@??QueryMap@BEE_LayerMCMediaInfo@bee@ae@@MEAAPEAXAEBV?$basic_string_view@DU?$char_traits@D@std@@@std@@@Z@4V56@B
BEE.dll,export,13619 3532 00F7DA38 ?queryClass@?BD@??QueryMap@BEE_LayerMCVideoSource@bee@ae@@MEAAPEAXAEBV?$basic_string_view@DU?$char_traits@D@std@@@std@@@Z@4V56@B
BEE.dll,export,13620 3533 00F7DAE0 ?queryClass@?BH@??QueryMap@BEE_LayerMCVideoSource@bee@ae@@MEAAPEAXAEBV?$basic_string_view@DU?$char_traits@D@std@@@std@@@Z@4V56@B
BEE.dll,export,13621 3534 00F7DB90 ?queryClass@?BL@??QueryMap@BEE_LayerMCVideoSource@bee@ae@@MEAAPEAXAEBV?$basic_string_view@DU?$char_traits@D@std@@@std@@@Z@4V56@B
BEE.dll,export,13622 3535 00F7DC40 ?queryClass@?BP@??QueryMap@BEE_LayerMCVideoSource@bee@ae@@MEAAPEAXAEBV?$basic_string_view@DU?$char_traits@D@std@@@std@@@Z@4V56@B
BEE.dll,export,13623 3536 00F7DCF0 ?queryClass@?CD@??QueryMap@BEE_LayerMCVideoSource@bee@ae@@MEAAPEAXAEBV?$basic_string_view@DU?$char_traits@D@std@@@std@@@Z@4V56@B
BEE.dll,export,13624 3537 00F7E3A0 ?queryClass@?L@??QueryMap@BEE_LayerMCMediaInfo@bee@ae@@MEAAPEAXAEBV?$basic_string_view@DU?$char_traits@D@std@@@std@@@Z@4V56@B
BEE.dll,export,13625 3538 00F7D8F0 ?queryClass@?L@??QueryMap@BEE_LayerMCVideoSource@bee@ae@@MEAAPEAXAEBV?$basic_string_view@DU?$char_traits@D@std@@@std@@@Z@4V56@B
BEE.dll,export,13626 3539 00F7E440 ?queryClass@?P@??QueryMap@BEE_LayerMCMediaInfo@bee@ae@@MEAAPEAXAEBV?$basic_string_view@DU?$char_traits@D@std@@@std@@@Z@4V56@B
BEE.dll,export,13627 353A 00F7D990 ?queryClass@?P@??QueryMap@BEE_LayerMCVideoSource@bee@ae@@MEAAPEAXAEBV?$basic_string_view@DU?$char_traits@D@std@@@std@@@Z@4V56@B
BEE.dll,export,13637 3544 015ED328 ?sTypeName@?1??GetUnknownTypeName@BEE_LayerMCMediaInfo@bee@ae@@UEBAAEBVImmutableString@utility@dvacore@@XZ@4V567@B
BEE.dll,export,13638 3545 015ED318 ?sTypeName@?1??GetUnknownTypeName@BEE_LayerMCVideoSource@bee@ae@@UEBAAEBVImmutableString@utility@dvacore@@XZ@4V567@B
BEE.dll,import,587 ?Create@CompoundFuture@async@dvacore@@SA?AV123@V?$shared_ptr@VAsyncExecutor@threads@dvacore@@@std@@@Z
BEE.dll,import,50B ?AsyncCallFromMainThread@threads@dvacore@@YA_NV?$function@$$A6AXXZ@std@@I@Z
BEE.dll,import,7E8 ?GetRegisteredMainThread@threads@dvacore@@YA?AV?$shared_ptr@VAsyncEventLoopAdaptor@threads@dvacore@@@std@@XZ
BEE.dll,import,50C ?AsyncExecuteTaskOnAllThreads@threads@dvacore@@YA?AV?$shared_ptr@VIMultithreadedTask@threads@dvacore@@@std@@AEBV?$function@$$A6AXH@Z@4@HAEBV?$shared_ptr@VAsyncExecutor@threads@dvacore@@@4@@Z
BEE.dll,import,6ED ?GetCPUBoundExecutor@threads@dvacore@@YA?AV?$shared_ptr@VAsyncExecutor@threads@dvacore@@@std@@XZ
BEE.dll,import,2 ??$CallAsync@V?$shared_ptr@VAsyncExecutor@threads@dvacore@@@std@@@threads@dvacore@@YA_NAEBV?$shared_ptr@VAsyncExecutor@threads@dvacore@@@std@@V?$function@$$A6AXXZ@3@H@Z
BEE.dll,import,5B6 ?CreatePreTerminationExecutor@threads@dvacore@@YA?AV?$shared_ptr@VAsyncExecutor@threads@dvacore@@@std@@XZ
BEE.dll,import,50A ?AsyncBroadcastMessagePtr@messaging@dvacore@@YAXAEBVImmutableString@utility@2@V?$shared_ptr@VMessage@messaging@dvacore@@@std@@@Z
BEE.dll,import,72F ?GetDefaultExecutor@async@dvacore@@YA?AV?$shared_ptr@VAsyncExecutor@threads@dvacore@@@std@@XZ
BEE.dll,import,632 ?DurationToInteger@details@async@dvacore@@YAHAEBV?$duration@_JU?$ratio@$00$0DOI@@std@@@chrono@std@@@Z
BEE.dll,import,5FF ?DecodeBinaryDataFromUTF8String@utility@dvacore@@YA_NAEBV?$basic_string@EU?$char_traits@E@std@@U?$STLAllocator@E@allocator@dvacore@@@std@@AEAV?$vector@EU?$STLAllocator@E@allocator@dvacore@@@4@@Z
BEE.dll,import,BE7 ?UserDiskCacheDir@commondirs@filesupport@dvacore@@YA?AVDir@23@XZ
BEE.dll,import,5AC ?CreateIOBoundExecutor@threads@dvacore@@YA?AV?$shared_ptr@VAsyncExecutor@threads@dvacore@@@std@@XZ
BEE.dll,import,5C7 ?CreateSubExecutor@threads@dvacore@@YA?AV?$shared_ptr@VAsyncThreadedSubExecutor@threads@dvacore@@@std@@AEBV?$shared_ptr@VAsyncExecutor@threads@dvacore@@@4@H@Z
BEE.dll,import,597 ?CreateAsyncThreadedExecutor@threads@dvacore@@YA?AV?$shared_ptr@VAsyncThreadedExecutor@threads@dvacore@@@std@@AEBV?$basic_string@DU?$char_traits@D@std@@V?$allocator@D@2@@4@HW4ThreadPriority@12@AEBV?$function@$$A6AXXZ@4@2AEBVThreadAttributes@12@@Z
BEE.dll,import,50D ?AsyncExecuteTaskOnAllThreadsWithProcessorIndex@threads@dvacore@@YA?AV?$shared_ptr@VIMultithreadedTask@threads@dvacore@@@std@@AEBV?$function@$$A6AXHH@Z@4@HAEBV?$shared_ptr@VAsyncExecutor@threads@dvacore@@@4@@Z
BEE.dll,import,BFD ?WaitForUntypedUntil@async@dvacore@@YA_NAEBVUntypedFuture@12@AEBV?$time_point@Usteady_clock@chrono@std@@V?$duration@_JU?$ratio@$00$0DLJKMKAA@@std@@@23@@chrono@std@@_N@Z
BEE.dll,import,195 ?FetchIMSTokenAsync@ServiceBase@cloudservice@dvaappsupport@@IEBAHV?$function@$$A6AXAEBHAEBVImmutableString@utility@dvacore@@@Z@std@@_N@Z
BEE.dll,import,2B ?CompressPNG@VF@@YA?AV?$shared_ptr@VRecycledMemory@allocator@dvacore@@@std@@AEBV?$InterfaceRef@UIVideoFrame@MF@@@classref@dvacore@@@Z
BEE.dll,import,VideoFrame.dll
BEE.dll,import,69 ?RetrieveFromCache@SharedVideoFrameCache@VF@@YA?AV?$InterfaceRef@UIVideoFrame@MF@@@classref@dvacore@@AEBVGuid@utility@5@@Z
BEE.dll,import,44 ?CreateFeatureForVideoFrame@MLUtils@@YA?AV?$InterfaceRef@UIMLFeature@dvaml@@@classref@dvacore@@V?$InterfaceRef@UIVideoFrame@MF@@@34@VGuid@utility@4@W4TensorFormat@IMLEvaluator@dvaml@@@Z
BEE.dll,import,49D U_DeferredReportingEndAsync
BEE.dll,import,138 ?CallOnThreadedExecutor@U_SuspendContext@@QEAAHAEBV?$shared_ptr@VAsyncThreadedExecutor@threads@dvacore@@@std@@AEBV?$function@$$A6AHXZ@3@@Z
BEE.dll,import,2D2 ?U_AsyncReport@@YAXIGAEBV?$basic_string@_WU?$char_traits@_W@std@@U?$STLAllocator@_W@allocator@dvacore@@@std@@@Z
BEE.dll,import,2DE ?TXT_DrawChar@@YAX_NHHAEBVM_Matrix3@@1000AEBVPF_PixelFloat@@2NW4AIMLineJoinType@@NW4GlyphOrientation@ATE@@AEBVCCTFontDict@BIB_T_MT@@AEBV?$vector@MU?$STLAllocator@M@allocator@dvacore@@@std@@AEAVPF_World@@@Z
BEE.dll,import,33 ??0?$PF_WorldX@VPF_PixelFloat@@@@QEAA@PEAUPF_LayerDef@@_N@Z
BEE.dll,import,E1 ?PF_MergeMaskAlpha@@YAXPEAUPF_ProgressInfo@@HHPEBUM_LRect@@PEBUPF_UnoBuffer@@1PEAVPF_World@@@Z
BEE.dll,import,B8 ?NewReference@PF_World@@SAPEAV1@PEAV1@AEBUM_Rect@@@Z
BEE.dll,import,B3 ?New@PF_World@@SAPEAV1@AEBUM_LRect@@FH@Z
BEE.dll,import,B0 ?LoadPNGWorld@utility@pf@@YA?AV?$shared_ptr@VPF_World@@@std@@AEBVFile@filesupport@dvacore@@V?$bitset@$01@4@@Z
BEE.dll,import,FC ?RefersTo@PF_World@@QEBA_NPEBV1@@Z
BEE.dll,import,B7 ?NewReference@PF_World@@SAPEAV1@PEAV1@AEBUM_LRect@@@Z
BEE.dll,import,35 ??0?$PF_WorldX@VPF_PixelFloat@@@@QEAA@PEAXHHH@Z
BEE.dll,import,78 ?CreateFromPFWorld@VideoFrameFactory@pf@ae@@YA?AV?$InterfaceRef@UIVideoFrame@MF@@@classref@dvacore@@PEAVPF_World@@AEBUColorSpace@color@dvamediatypes@@_NPEBUPixelFormat@dvamediatypes@@@Z
BEE.dll,import,B4 ?New@PF_World@@SAPEAV1@HHFH@Z
BEE.dll,import,31 ??0?$PF_WorldX@VPF_Pixel8@@@@QEAA@PEAXHHH@Z
BEE.dll,import,2B ??0?$PF_WorldX@VPF_Pixel16@@@@QEAA@PEAUPF_LayerDef@@_N@Z
BEE.dll,import,10A ?Swizzle@PF_World@@QEAAXXZ
BEE.dll,import,112 ?WorldToVideoFrame@utility@pf@@YA?AV?$InterfaceRef@UIVideoFrame@MF@@@classref@dvacore@@PEBVPF_World@@AEBUColorSpace@color@dvamediatypes@@PEBUPixelFormat@9@_N@Z
BEE.dll,import,FF ?SaveToPNG@utility@pf@@YAXAEBVFile@filesupport@dvacore@@PEBVPF_World@@V?$bitset@$01@std@@@Z
BEE.dll,import,76 ?CopyWorld@PF_World@@QEAAXPEBV1@@Z
BEE.dll,import,4B ??1?$PF_WorldX@VPF_PixelFloat@@@@UEAA@XZ
BEE.dll,import,FB ?ReReference@PF_World@@QEAAXPEAV1@AEBUM_LRect@@@Z
BEE.dll,import,B5 ?NewMatchingWorld@PF_World@@SAPEAV1@PEBV1@H@Z
BEE.dll,import,4A ??1?$PF_WorldX@VPF_Pixel8@@@@UEAA@XZ
BEE.dll,import,49 ??1?$PF_WorldX@VPF_Pixel16@@@@UEAA@XZ
BEE.dll,import,2F ??0?$PF_WorldX@VPF_Pixel8@@@@QEAA@PEAUPF_LayerDef@@_N@Z
BEE.dll,import,31 ?CanDiskCache@MC_StuffData@@UEBA_NXZ
BEE.dll,import,CE ?SetNoDiskCache@MC_StuffData@@QEAAXW4NoDiskCacheReason@1@@Z
BEE.dll,import,80 ?GetReasonWhyNoDiskCache@MC_ScCheckout@@QEBA?AW4NoDiskCacheReason@MC_StuffData@@XZ
BEE.dll,import,8D ?IsDiskCacheEnabled@MC_Bag@@QEBA_NXZ
BEE.dll,import,81 ?GetReasonWhyNoDiskCache@MC_StuffData@@QEBA?AW4NoDiskCacheReason@1@XZ
BEE.dll,import,4C ?COR_NewAGMPort@@YAXPEBVPF_World@@AEAV?$U_ScAutoPtr@VCAGMRasterPort@BIB_T_MT@@@@@Z
BEE.dll,import,45 ?COR_GetPSLAsyncExecutor@@YA?AV?$shared_ptr@VAsyncThreadedExecutor@threads@dvacore@@@std@@XZ
BEE.dll,import,13 ??0RG_SourceBufferNode@@QEAA@PEAVPF_World@@@Z
BEE.dll,import,CB ?RG_ExecuteGraph@@YAXPEBVRG_RenderNode@@AEBVRG_RenderRequest@@AEBUM_LRect@@PEAVPF_World@@PEAU3@@Z
BEE.dll,import,5D ?ConformRenderRequestForRenderTarget@RG_CompositeNodeBase@@UEBA?AVRG_RenderRequest@@AEBV2@@Z
BEE.dll,import,61 ?ConformRenderRequestForRenderTargetForSource@RG_CompositeNodeBase@@UEBA?AVRG_RenderRequest@@AEBV2@@Z
BEE.dll,import,60 ?ConformRenderRequestForRenderTargetForDest@RG_CompositeNodeBase@@UEBA?AVRG_RenderRequest@@AEBV2@@Z
BEE.dll,import,CC ?RG_ExecuteGraph@@YAXPEBVRG_RenderNode@@AEBVRG_RenderRequest@@PEAUM_LRect@@PEADPEAPEAVPF_World@@PEAPEAVRG_BufferLock@@@Z
BEE.dll,import,5F ?ConformRenderRequestForRenderTarget@RG_RenderNode@@UEBA?AVRG_RenderRequest@@AEBV2@@Z
BEE.dll,import,62 ?ConformRenderRequestForRenderTargetForSource@RG_XformNode@@UEBA?AVRG_RenderRequest@@AEBV2@@Z
BEE.dll,import,15A ?PIN_DrawMissingFrame@@YAHPEBUM_LRect@@PEAVPF_World@@AEBV?$basic_string@_WU?$char_traits@_W@std@@U?$STLAllocator@_W@allocator@dvacore@@@std@@@Z
BEE.dll,import,15B ?PIN_DrawPartialFrame@@YAHPEBVPIN_SeqSpec@@PEBUPIN_DrawFramePB@@PEBUPIN_TraceAccess@@PEBVM_Matrix3@@PEBUM_LRect@@PEAVPF_World@@@Z
BEE.dll,import,15D ?PIN_DrawWarningBannerOverWorld@@YAXAEBV?$basic_string@_WU?$char_traits@_W@std@@U?$STLAllocator@_W@allocator@dvacore@@@std@@FFPEAVPF_World@@@Z
BEE.dll,import,1DB ?PIN_NewSeqSpecFromAnywhereMediaLocator@@YAXPEAVTDB_Project@@AEBV?$basic_string@_WU?$char_traits@_W@std@@U?$STLAllocator@_W@allocator@dvacore@@@std@@PEAPEAUPIN_OptionsInfo@@AEBVPIN_FileSequenceImportOptions@@AEBVPIN_LayerImportOptions@@PEAV?$shared_ptr@VPIN_SeqSpec@@@boost@@AEBV?$shared_ptr@VCOR_ACE_ProfilePool@@@3@PEAUPIN_NewSeqSpecInfo@@@Z
BEE.dll,import,159 ?PIN_DrawFrame@@YAHPEBVPIN_SeqSpec@@PEAVPF_World@@PEBUPIN_DrawFramePB@@PEAUM_Rect@@@Z
BEE.dll,import,15C ?PIN_DrawSubFrame@@YAXPEBVPIN_SeqSpec@@AEBUPIN_DrawFramePB@@PEBUPIN_TraceAccess@@AEBUM_Rect@@PEAVPF_World@@@Z
ImporterHost.dll,dependent,Dump of file C:\Program Files\Adobe\Adobe After Effects 2025\Support Files\ImporterHost.dll
ImporterHost.dll,dependent,AdobeXMP.dll
ImporterHost.dll,dependent,AdobeXMPFiles.dll
ImporterHost.dll,dependent,dvacore.dll
ImporterHost.dll,dependent,dvamediatypes.dll
ImporterHost.dll,dependent,dvaaudiotoolkit.dll
ImporterHost.dll,dependent,dvatemporalxmp.dll
ImporterHost.dll,dependent,MediaFoundation.dll
ImporterHost.dll,dependent,AudioRenderer.dll
ImporterHost.dll,dependent,VideoFrame.dll
ImporterHost.dll,dependent,ColorSpaceConverter.dll
ImporterHost.dll,dependent,AudioSupport.dll
ImporterHost.dll,dependent,MediaUtils.dll
MediaFoundation.dll,dependent,Dump of file C:\Program Files\Adobe\Adobe After Effects 2025\Support Files\MediaFoundation.dll
MediaFoundation.dll,dependent,dvacore.dll
MediaFoundation.dll,dependent,dvamediatypes.dll
MediaFoundation.dll,dependent,dynamiclink.dll
EAMedia.dll,dependent,Dump of file C:\Program Files\Adobe\Adobe After Effects 2025\Support Files\EAMedia.dll
EAMedia.dll,dependent,AdobeXMP.dll
EAMedia.dll,dependent,AdobeXMPFiles.dll
EAMedia.dll,dependent,dvacore.dll
EAMedia.dll,dependent,dvamediatypes.dll
EAMedia.dll,dependent,dynamiclink.dll
EAMedia.dll,dependent,MediaFoundation.dll
EAMedia.dll,dependent,ImporterHost.dll
DynamicLinkMedia.dll,dependent,Dump of file C:\Program Files\Adobe\Adobe After Effects 2025\Support Files\DynamicLinkMedia.dll
DynamicLinkMedia.dll,dependent,dvacore.dll
DynamicLinkMedia.dll,dependent,dvamediatypes.dll
DynamicLinkMedia.dll,dependent,dynamiclink.dll
DynamicLinkMedia.dll,dependent,dvaaudiotoolkit.dll
DynamicLinkMedia.dll,dependent,MediaFoundation.dll
DynamicLinkMedia.dll,dependent,VideoFrame.dll
DynamicLinkMedia.dll,dependent,ImporterHost.dll
VideoFrame.dll,dependent,Dump of file C:\Program Files\Adobe\Adobe After Effects 2025\Support Files\VideoFrame.dll
VideoFrame.dll,dependent,dvacore.dll
VideoFrame.dll,dependent,dvamediatypes.dll
VideoFrame.dll,dependent,dynamiclink.dll
VideoFrame.dll,dependent,MediaFoundation.dll
VideoFrame.dll,dependent,GPUFoundation.dll
BEE.dll,dependent,AdobeXMP.dll
BEE.dll,dependent,AdobeXMPFiles.dll
BEE.dll,dependent,libdynamic-napi.dll
BEE.dll,dependent,dynamic-torqnative.dll
BEE.dll,dependent,dvacore.dll
BEE.dll,dependent,dvatemporalxmp.dll
BEE.dll,dependent,dvamediatypes.dll
BEE.dll,dependent,dynamiclink.dll
BEE.dll,dependent,MediaFoundation.dll
BEE.dll,dependent,ColorSpaceConverter.dll
BEE.dll,dependent,VideoFrame.dll
BEE.dll,dependent,sccore.dll
BEE.dll,dependent,GPUFoundation.dll
BEE.dll,dependent,GPUAnalytics.dll
