module,relation,entry
BEE.dll,export,53   34 0006B8F0 ??0?$TDB_DerivedStream@UBEE_GradientColorsStreamTraits@@@@IEAA@AEBV0@AEBUTDB_CloneStreamParams@@@Z
BEE.dll,export,54   35 0006B920 ??0?$TDB_DerivedStream@UBEE_GradientColorsStreamTraits@@@@QEAA@AEBV0@@Z
BEE.dll,export,55   36 0006B950 ??0?$TDB_DerivedStream@UBEE_GradientColorsStreamTraits@@@@QEAA@IEPEBVTDB_MatchName@@PEAVTDB_StreamFactory@@_N@Z
BEE.dll,export,110   6D 0006BE80 ??0?$TDB_DerivedStream@UBlendModeStreamTraits@BEE_VectorStream@@@@IEAA@AEBV0@AEBUTDB_CloneStreamParams@@@Z
BEE.dll,export,111   6E 0006BEB0 ??0?$TDB_DerivedStream@UBlendModeStreamTraits@BEE_VectorStream@@@@QEAA@AEBV0@@Z
BEE.dll,export,112   6F 0006BEE0 ??0?$TDB_DerivedStream@UBlendModeStreamTraits@BEE_VectorStream@@@@QEAA@IEPEBVTDB_MatchName@@PEAVTDB_StreamFactory@@_N@Z
BEE.dll,export,200   C7 0006C100 ??0?$TDB_FloatBasedStream@UBlendModeStreamTraits@BEE_VectorStream@@@@IEAA@AEBV0@AEBUTDB_CloneStreamParams@@@Z
BEE.dll,export,201   C8 0006C130 ??0?$TDB_FloatBasedStream@UBlendModeStreamTraits@BEE_VectorStream@@@@IEAA@AEBV0@_N@Z
BEE.dll,export,202   C9 0006C170 ??0?$TDB_FloatBasedStream@UBlendModeStreamTraits@BEE_VectorStream@@@@QEAA@IEPEBVTDB_MatchName@@PEAVTDB_StreamFactory@@_N@Z
BEE.dll,export,242   F1 0006C310 ??0?$TDB_FloatStream@UBlendModeStreamTraits@BEE_VectorStream@@@@IEAA@AEBV0@AEBUTDB_CloneStreamParams@@@Z
BEE.dll,export,243   F2 0006C340 ??0?$TDB_FloatStream@UBlendModeStreamTraits@BEE_VectorStream@@@@IEAA@AEBV0@_N@Z
BEE.dll,export,244   F3 0006C380 ??0?$TDB_FloatStream@UBlendModeStreamTraits@BEE_VectorStream@@@@QEAA@IEPEBVTDB_MatchName@@PEAVTDB_StreamFactory@@_N@Z
BEE.dll,export,251   FA 0006C3C0 ??0?$TDB_PopupStream@UBlendModeStreamTraits@BEE_VectorStream@@@@IEAA@AEBV0@AEBUTDB_CloneStreamParams@@@Z
BEE.dll,export,252   FB 0006C3F0 ??0?$TDB_PopupStream@UBlendModeStreamTraits@BEE_VectorStream@@@@IEAA@AEBV0@_N@Z
BEE.dll,export,253   FC 0006C430 ??0?$TDB_PopupStream@UBlendModeStreamTraits@BEE_VectorStream@@@@QEAA@IEPEBVTDB_MatchName@@PEAVTDB_StreamFactory@@_N@Z
BEE.dll,export,398  18D 0002ACC0 ??0BEE_GenericShapeStream@@QEAA@AEBVOM_Stream@@AEBUTDB_CloneStreamParams@@@Z
BEE.dll,export,399  18E 0002ACF0 ??0BEE_GenericShapeStream@@QEAA@IEPEBVTDB_MatchName@@PEAVTDB_StreamFactory@@_N@Z
BEE.dll,export,405  194 0024E510 ??0BEE_GradientColors@@QEAA@$$QEAV0@@Z
BEE.dll,export,406  195 0024E5C0 ??0BEE_GradientColors@@QEAA@AEBV0@@Z
BEE.dll,export,407  196 002D84D0 ??0BEE_GradientColors@@QEAA@XZ
BEE.dll,export,408  197 0006DA80 ??0BEE_GradientColorsStream@@IEAA@AEBV0@AEBUTDB_CloneStreamParams@@@Z
BEE.dll,export,409  198 0006DAB0 ??0BEE_GradientColorsStream@@IEAA@AEBV0@_N@Z
BEE.dll,export,410  199 002DB100 ??0BEE_GradientColorsStream@@QEAA@IEPEBVTDB_MatchName@@PEAVTDB_StreamFactory@@_N@Z
BEE.dll,export,515  202 0002BB10 ??0BEE_MaskShapeStreamIDPath@@QEAA@$$QEAV0@@Z
BEE.dll,export,516  203 0002BB40 ??0BEE_MaskShapeStreamIDPath@@QEAA@AEBV0@@Z
BEE.dll,export,517  204 0024E7D0 ??0BEE_MaskShapeStreamIDPath@@QEAA@I@Z
BEE.dll,export,614  265 0002CB50 ??0BEE_PaintShapeStream@@AEAA@AEBVOM_Stream@@AEBUTDB_CloneStreamParams@@@Z
BEE.dll,export,615  266 0002CB80 ??0BEE_PaintShapeStream@@IEAA@AEBV0@AEBUTDB_CloneStreamParams@@@Z
BEE.dll,export,616  267 0002CBB0 ??0BEE_PaintShapeStream@@IEAA@AEBV0@_N@Z
BEE.dll,export,617  268 0002CBF0 ??0BEE_PaintShapeStream@@QEAA@IEPEBVTDB_MatchName@@PEAVTDB_StreamFactory@@_N@Z
BEE.dll,export,618  269 0002CC30 ??0BEE_PaintStrokesGroup@@IEAA@AEBV0@AEBUTDB_CloneStreamParams@@@Z
BEE.dll,export,619  26A 0002CC60 ??0BEE_PaintStrokesGroup@@QEAA@PEBVTDB_MatchName@@PEAVTDB_StreamFactory@@_N@Z
BEE.dll,export,689  2B0 00693DD0 ??0BEE_SVGToAGMDisplayListConverter@@QEAA@AEBV0@@Z
BEE.dll,export,690  2B1 00693E20 ??0BEE_SVGToAGMDisplayListConverter@@QEAA@XZ
BEE.dll,export,698  2B9 0002DAC0 ??0BEE_SamuraiStrokesGroup@@IEAA@AEBV0@AEBUTDB_CloneStreamParams@@@Z
BEE.dll,export,699  2BA 0002DAF0 ??0BEE_SamuraiStrokesGroup@@QEAA@PEBVTDB_MatchName@@PEAVTDB_StreamFactory@@_N@Z
BEE.dll,export,779  30A 000E8DC0 ??0BEE_StrokesGroupBase@@IEAA@AEBV0@AEBUTDB_CloneStreamParams@@@Z
BEE.dll,export,780  30B 000E8E00 ??0BEE_StrokesGroupBase@@QEAA@PEBVTDB_MatchName@@PEAVTDB_StreamFactory@@_N@Z
BEE.dll,export,847  34E 006E0F90 ??0BEE_VectorLayer@@IEAA@AEBV0@AEBUTDB_CloneStreamParams@@@Z
BEE.dll,export,848  34F 006E0FE0 ??0BEE_VectorLayer@@IEAA@AEBVBEE_AVLayer@@@Z
BEE.dll,export,849  350 006E1050 ??0BEE_VectorLayer@@QEAA@PEBVTDB_MatchName@@PEAVTDB_StreamFactory@@PEAVBEE_CompItem@@E_N@Z
BEE.dll,export,863  35E 0029D510 ??0BaseContainer@BEE_VectorArt@@QEAA@$$QEAV01@@Z
BEE.dll,export,864  35F 0029D5A0 ??0BaseContainer@BEE_VectorArt@@QEAA@AEBV01@@Z
BEE.dll,export,865  360 006C8ED0 ??0BaseContainer@BEE_VectorArt@@QEAA@W4Type@BaseObject@1@@Z
BEE.dll,export,866  361 006C8F60 ??0BaseObject@BEE_VectorArt@@QEAA@AEBV01@@Z
BEE.dll,export,867  362 006C9040 ??0BaseObject@BEE_VectorArt@@QEAA@W4Type@01@@Z
BEE.dll,export,868  363 0006E850 ??0BlendModeStream@BEE_VectorStream@@IEAA@AEBV01@AEBUTDB_CloneStreamParams@@@Z
BEE.dll,export,869  364 0006E880 ??0BlendModeStream@BEE_VectorStream@@IEAA@AEBV01@_N@Z
BEE.dll,export,870  365 0006E8C0 ??0BlendModeStream@BEE_VectorStream@@QEAA@IEPEBVTDB_MatchName@@PEAVTDB_StreamFactory@@_N@Z
BEE.dll,export,878  36D 0024EA90 ??0C_AGMDLTranslatePort@@QEAA@AEBV0@@Z
BEE.dll,export,879  36E 0024EAE0 ??0C_AGMDLTranslatePort@@QEAA@PEAVPF_World@@AEAVBEE_IllusShapeTarget@@AEBUAGMTranslatePortColorConverter@@VM_Matrix3@@HAEBV?$shared_ptr@UBEE_AGMGradientInfo@@@std@@@Z
BEE.dll,export,888  377 006FED30 ??0EllipseStreamGroup@BEE_VectorStream@@IEAA@AEBV01@AEBUTDB_CloneStreamParams@@@Z
BEE.dll,export,889  378 0006E930 ??0EllipseStreamGroup@BEE_VectorStream@@QEAA@AEBV01@@Z
BEE.dll,export,890  379 006FED60 ??0EllipseStreamGroup@BEE_VectorStream@@QEAA@PEBVTDB_MatchName@@PEAVTDB_StreamFactory@@_N@Z
BEE.dll,export,891  37A 006FEDA0 ??0FillStreamGroup@BEE_VectorStream@@IEAA@AEBV01@AEBUTDB_CloneStreamParams@@@Z
BEE.dll,export,892  37B 0006E960 ??0FillStreamGroup@BEE_VectorStream@@QEAA@AEBV01@@Z
BEE.dll,export,893  37C 006FEDD0 ??0FillStreamGroup@BEE_VectorStream@@QEAA@PEBVTDB_MatchName@@PEAVTDB_StreamFactory@@_N@Z
BEE.dll,export,894  37D 0029D780 ??0Filter@BEE_VectorArt@@QEAA@$$QEAV01@@Z
BEE.dll,export,895  37E 0029D7C0 ??0Filter@BEE_VectorArt@@QEAA@AEBV01@@Z
BEE.dll,export,896  37F 006C94B0 ??0Filter@BEE_VectorArt@@QEAA@XZ
BEE.dll,export,898  381 006FEE10 ??0GradientFillStreamGroup@BEE_VectorStream@@IEAA@AEBV01@AEBUTDB_CloneStreamParams@@@Z
BEE.dll,export,899  382 0006E990 ??0GradientFillStreamGroup@BEE_VectorStream@@QEAA@AEBV01@@Z
BEE.dll,export,900  383 006FEE40 ??0GradientFillStreamGroup@BEE_VectorStream@@QEAA@PEBVTDB_MatchName@@PEAVTDB_StreamFactory@@_N@Z
BEE.dll,export,901  384 0029D800 ??0GradientGraphic@BEE_VectorArt@@QEAA@AEBV01@@Z
BEE.dll,export,902  385 006C9520 ??0GradientGraphic@BEE_VectorArt@@QEAA@AEBVBEE_GradientColors@@W4GradientType@01@W4ExtendType@01@@Z
BEE.dll,export,903  386 006FEE80 ??0GradientStrokeStreamGroup@BEE_VectorStream@@IEAA@AEBV01@AEBUTDB_CloneStreamParams@@@Z
BEE.dll,export,904  387 0006E9C0 ??0GradientStrokeStreamGroup@BEE_VectorStream@@QEAA@AEBV01@@Z
BEE.dll,export,905  388 006FEEB0 ??0GradientStrokeStreamGroup@BEE_VectorStream@@QEAA@PEBVTDB_MatchName@@PEAVTDB_StreamFactory@@_N@Z
BEE.dll,export,906  389 0029D8F0 ??0Graphic@BEE_VectorArt@@QEAA@AEBV01@@Z
BEE.dll,export,907  38A 006C95F0 ??0Graphic@BEE_VectorArt@@QEAA@XZ
BEE.dll,export,908  38B 0029D980 ??0Group@BEE_VectorArt@@QEAA@AEBV01@@Z
BEE.dll,export,909  38C 006C9660 ??0Group@BEE_VectorArt@@QEAA@AEBVM_Matrix3@@@Z
BEE.dll,export,916  393 006FEEF0 ??0MergePathStreamGroup@BEE_VectorStream@@IEAA@AEBV01@AEBUTDB_CloneStreamParams@@@Z
BEE.dll,export,917  394 0006EA50 ??0MergePathStreamGroup@BEE_VectorStream@@QEAA@AEBV01@@Z
BEE.dll,export,918  395 006FEF20 ??0MergePathStreamGroup@BEE_VectorStream@@QEAA@PEBVTDB_MatchName@@PEAVTDB_StreamFactory@@_N@Z
BEE.dll,export,919  396 0029DA60 ??0ObjectCounter@BEE_VectorArt@@QEAA@$$QEAV01@@Z
BEE.dll,export,920  397 0029DAC0 ??0ObjectCounter@BEE_VectorArt@@QEAA@AEBV01@@Z
BEE.dll,export,921  398 0029DB20 ??0ObjectCounter@BEE_VectorArt@@QEAA@XZ
BEE.dll,export,922  399 006FEF60 ??0OffsetPathStreamGroup@BEE_VectorStream@@IEAA@AEBV01@AEBUTDB_CloneStreamParams@@@Z
BEE.dll,export,923  39A 0006EA80 ??0OffsetPathStreamGroup@BEE_VectorStream@@QEAA@AEBV01@@Z
BEE.dll,export,924  39B 006FEF90 ??0OffsetPathStreamGroup@BEE_VectorStream@@QEAA@PEBVTDB_MatchName@@PEAVTDB_StreamFactory@@_N@Z
BEE.dll,export,925  39C 0029DB60 ??0OriginInfo@BEE_VectorArt@@QEAA@$$QEAV01@@Z
BEE.dll,export,926  39D 0029DBA0 ??0OriginInfo@BEE_VectorArt@@QEAA@AEBV01@@Z
BEE.dll,export,927  39E 006C9700 ??0OriginInfo@BEE_VectorArt@@QEAA@AEBVTDB_StreamIDPath@@@Z
BEE.dll,export,928  39F 0029DBE0 ??0OriginInfo@BEE_VectorArt@@QEAA@XZ
BEE.dll,export,929  3A0 006C9730 ??0Path@BEE_VectorArt@@QEAA@AEBV01@@Z
BEE.dll,export,930  3A1 006C97B0 ??0Path@BEE_VectorArt@@QEAA@AEBVCAGMPath@BIB_T_MT@@W4Usage@01@@Z
BEE.dll,export,931  3A2 006C9860 ??0Path@BEE_VectorArt@@QEAA@VCAIMBezierPath@BIB_T_MT@@W4Usage@01@@Z
BEE.dll,export,933  3A4 006FEFD0 ??0PolyStarStreamGroup@BEE_VectorStream@@IEAA@AEBV01@AEBUTDB_CloneStreamParams@@@Z
BEE.dll,export,934  3A5 0006EAB0 ??0PolyStarStreamGroup@BEE_VectorStream@@QEAA@AEBV01@@Z
BEE.dll,export,935  3A6 006FF000 ??0PolyStarStreamGroup@BEE_VectorStream@@QEAA@PEBVTDB_MatchName@@PEAVTDB_StreamFactory@@_N@Z
BEE.dll,export,936  3A7 006FF040 ??0PuckerBloatStreamGroup@BEE_VectorStream@@IEAA@AEBV01@AEBUTDB_CloneStreamParams@@@Z
BEE.dll,export,937  3A8 0006EAE0 ??0PuckerBloatStreamGroup@BEE_VectorStream@@QEAA@AEBV01@@Z
BEE.dll,export,938  3A9 006FF070 ??0PuckerBloatStreamGroup@BEE_VectorStream@@QEAA@PEBVTDB_MatchName@@PEAVTDB_StreamFactory@@_N@Z
BEE.dll,export,941  3AC 006FF0B0 ??0RectStreamGroup@BEE_VectorStream@@IEAA@AEBV01@AEBUTDB_CloneStreamParams@@@Z
BEE.dll,export,942  3AD 0006EB10 ??0RectStreamGroup@BEE_VectorStream@@QEAA@AEBV01@@Z
BEE.dll,export,943  3AE 006FF0E0 ??0RectStreamGroup@BEE_VectorStream@@QEAA@PEBVTDB_MatchName@@PEAVTDB_StreamFactory@@_N@Z
BEE.dll,export,946  3B1 006FF120 ??0RepeaterStreamGroup@BEE_VectorStream@@IEAA@AEBV01@AEBUTDB_CloneStreamParams@@@Z
BEE.dll,export,947  3B2 0006EB40 ??0RepeaterStreamGroup@BEE_VectorStream@@QEAA@AEBV01@@Z
BEE.dll,export,948  3B3 006FF150 ??0RepeaterStreamGroup@BEE_VectorStream@@QEAA@PEBVTDB_MatchName@@PEAVTDB_StreamFactory@@_N@Z
BEE.dll,export,949  3B4 006FF190 ??0RepeaterTransformStreamGroup@BEE_VectorStream@@IEAA@AEBV01@AEBUTDB_CloneStreamParams@@@Z
BEE.dll,export,950  3B5 0006EB70 ??0RepeaterTransformStreamGroup@BEE_VectorStream@@QEAA@AEBV01@@Z
BEE.dll,export,951  3B6 006FF1C0 ??0RepeaterTransformStreamGroup@BEE_VectorStream@@QEAA@PEBVTDB_MatchName@@PEAVTDB_StreamFactory@@_N@Z
BEE.dll,export,952  3B7 006FF200 ??0RevealPathStreamGroup@BEE_VectorStream@@IEAA@AEBV01@AEBUTDB_CloneStreamParams@@@Z
BEE.dll,export,953  3B8 0006EBA0 ??0RevealPathStreamGroup@BEE_VectorStream@@QEAA@AEBV01@@Z
BEE.dll,export,954  3B9 006FF230 ??0RevealPathStreamGroup@BEE_VectorStream@@QEAA@PEBVTDB_MatchName@@PEAVTDB_StreamFactory@@_N@Z
BEE.dll,export,958  3BD 006FF270 ??0RoughenStreamGroup@BEE_VectorStream@@IEAA@AEBV01@AEBUTDB_CloneStreamParams@@@Z
BEE.dll,export,959  3BE 0006EC00 ??0RoughenStreamGroup@BEE_VectorStream@@QEAA@AEBV01@@Z
BEE.dll,export,960  3BF 006FF2A0 ??0RoughenStreamGroup@BEE_VectorStream@@QEAA@PEBVTDB_MatchName@@PEAVTDB_StreamFactory@@_N@Z
BEE.dll,export,961  3C0 006FF2E0 ??0RoundCornerStreamGroup@BEE_VectorStream@@IEAA@AEBV01@AEBUTDB_CloneStreamParams@@@Z
BEE.dll,export,962  3C1 0006EC30 ??0RoundCornerStreamGroup@BEE_VectorStream@@QEAA@AEBV01@@Z
BEE.dll,export,963  3C2 006FF310 ??0RoundCornerStreamGroup@BEE_VectorStream@@QEAA@PEBVTDB_MatchName@@PEAVTDB_StreamFactory@@_N@Z
BEE.dll,export,967  3C6 006C09F0 ??0ShapeGroupState@BEE_VectorStream3D@@QEAA@$$QEAU01@@Z
BEE.dll,export,968  3C7 006C0A80 ??0ShapeGroupState@BEE_VectorStream3D@@QEAA@AEBU01@@Z
BEE.dll,export,969  3C8 006C0BF0 ??0ShapeGroupState@BEE_VectorStream3D@@QEAA@XZ
BEE.dll,export,972  3CB 0006EC60 ??0ShapeStream@BEE_VectorStream@@AEAA@AEBVOM_Stream@@AEBUTDB_CloneStreamParams@@@Z
BEE.dll,export,973  3CC 0006EC90 ??0ShapeStream@BEE_VectorStream@@IEAA@AEBV01@AEBUTDB_CloneStreamParams@@@Z
BEE.dll,export,974  3CD 0006ECC0 ??0ShapeStream@BEE_VectorStream@@IEAA@AEBV01@_N@Z
BEE.dll,export,975  3CE 0006ED00 ??0ShapeStream@BEE_VectorStream@@QEAA@IEPEBVTDB_MatchName@@PEAVTDB_StreamFactory@@_N@Z
BEE.dll,export,976  3CF 006FF350 ??0ShapeStreamGroup@BEE_VectorStream@@IEAA@AEBV01@AEBUTDB_CloneStreamParams@@@Z
BEE.dll,export,977  3D0 0006ED40 ??0ShapeStreamGroup@BEE_VectorStream@@QEAA@AEBV01@@Z
BEE.dll,export,978  3D1 006FF380 ??0ShapeStreamGroup@BEE_VectorStream@@QEAA@PEBVTDB_MatchName@@PEAVTDB_StreamFactory@@_N@Z
BEE.dll,export,980  3D3 0029DC10 ??0SolidColorGraphic@BEE_VectorArt@@QEAA@AEBV01@@Z
BEE.dll,export,981  3D4 006C99B0 ??0SolidColorGraphic@BEE_VectorArt@@QEAA@AEBVPF_PixelFloat@@@Z
BEE.dll,export,982  3D5 0029DC80 ??0StreamBasedFilter@BEE_VectorArt@@QEAA@$$QEAV01@@Z
BEE.dll,export,983  3D6 0029DD20 ??0StreamBasedFilter@BEE_VectorArt@@QEAA@AEBV01@@Z
BEE.dll,export,984  3D7 006C9A20 ??0StreamBasedFilter@BEE_VectorArt@@QEAA@AEBVBEE_VectorLayer@@AEBVTDB_StreamIDPath@@AEBUT_Time@@@Z
BEE.dll,export,985  3D8 006FF3C0 ??0StrokeDashesStreamGroup@BEE_VectorStream@@IEAA@AEBV01@AEBUTDB_CloneStreamParams@@@Z
BEE.dll,export,986  3D9 0006ED70 ??0StrokeDashesStreamGroup@BEE_VectorStream@@QEAA@AEBV01@@Z
BEE.dll,export,987  3DA 006FF3F0 ??0StrokeDashesStreamGroup@BEE_VectorStream@@QEAA@PEBVTDB_MatchName@@PEAVTDB_StreamFactory@@_N@Z
BEE.dll,export,988  3DB 0029DDC0 ??0StrokeData@BEE_VectorArt@@QEAA@$$QEAV01@@Z
BEE.dll,export,989  3DC 0029DE90 ??0StrokeData@BEE_VectorArt@@QEAA@AEBV01@@Z
BEE.dll,export,990  3DD 006C9AF0 ??0StrokeData@BEE_VectorArt@@QEAA@MW4LineCapType@01@W4LineJoinType@01@MV?$shared_ptr@UTaperParams@bsagm@@@std@@@Z
BEE.dll,export,991  3DE 006FF430 ??0StrokeStreamGroup@BEE_VectorStream@@IEAA@AEBV01@AEBUTDB_CloneStreamParams@@@Z
BEE.dll,export,992  3DF 0006EDA0 ??0StrokeStreamGroup@BEE_VectorStream@@QEAA@AEBV01@@Z
BEE.dll,export,993  3E0 006FF460 ??0StrokeStreamGroup@BEE_VectorStream@@QEAA@PEBVTDB_MatchName@@PEAVTDB_StreamFactory@@_N@Z
BEE.dll,export,994  3E1 006FF4A0 ??0StrokeTaperStreamGroup@BEE_VectorStream@@IEAA@AEBV01@AEBUTDB_CloneStreamParams@@@Z
BEE.dll,export,995  3E2 0006EDD0 ??0StrokeTaperStreamGroup@BEE_VectorStream@@QEAA@AEBV01@@Z
BEE.dll,export,996  3E3 006FF4D0 ??0StrokeTaperStreamGroup@BEE_VectorStream@@QEAA@PEBVTDB_MatchName@@PEAVTDB_StreamFactory@@_N@Z
BEE.dll,export,997  3E4 006FF510 ??0StrokeTaperWaveStreamGroup@BEE_VectorStream@@IEAA@AEBV01@AEBUTDB_CloneStreamParams@@@Z
BEE.dll,export,998  3E5 0006EE00 ??0StrokeTaperWaveStreamGroup@BEE_VectorStream@@QEAA@AEBV01@@Z
BEE.dll,export,999  3E6 006FF540 ??0StrokeTaperWaveStreamGroup@BEE_VectorStream@@QEAA@PEBVTDB_MatchName@@PEAVTDB_StreamFactory@@_N@Z
BEE.dll,export,1000  3E7 0029DFB0 ??0SymbolGroup@BEE_VectorArt@@QEAA@AEBV01@@Z
BEE.dll,export,1001  3E8 006C9C00 ??0SymbolGroup@BEE_VectorArt@@QEAA@V?$IntrusivePtr@VGroup@BEE_VectorArt@@@RefCountedInterface@utility@dvacore@@@Z
BEE.dll,export,1006  3ED 006FF580 ??0TransformStreamGroup@BEE_VectorStream@@IEAA@AEBV01@AEBUTDB_CloneStreamParams@@@Z
BEE.dll,export,1007  3EE 0006EF60 ??0TransformStreamGroup@BEE_VectorStream@@QEAA@AEBV01@@Z
BEE.dll,export,1008  3EF 006FF5B0 ??0TransformStreamGroup@BEE_VectorStream@@QEAA@PEBVTDB_MatchName@@PEAVTDB_StreamFactory@@_N@Z
BEE.dll,export,1009  3F0 006FF5F0 ??0TrimStreamGroup@BEE_VectorStream@@IEAA@AEBV01@AEBUTDB_CloneStreamParams@@@Z
BEE.dll,export,1010  3F1 0006EF90 ??0TrimStreamGroup@BEE_VectorStream@@QEAA@AEBV01@@Z
BEE.dll,export,1011  3F2 006FF620 ??0TrimStreamGroup@BEE_VectorStream@@QEAA@PEBVTDB_MatchName@@PEAVTDB_StreamFactory@@_N@Z
BEE.dll,export,1012  3F3 006FF660 ??0TwistStreamGroup@BEE_VectorStream@@IEAA@AEBV01@AEBUTDB_CloneStreamParams@@@Z
BEE.dll,export,1013  3F4 0006EFC0 ??0TwistStreamGroup@BEE_VectorStream@@QEAA@AEBV01@@Z
BEE.dll,export,1014  3F5 006FF690 ??0TwistStreamGroup@BEE_VectorStream@@QEAA@PEBVTDB_MatchName@@PEAVTDB_StreamFactory@@_N@Z
BEE.dll,export,1015  3F6 006FF6D0 ??0Vec3D_MaterialOptionsStreamGroup@BEE_VectorStream@@IEAA@AEBV01@AEBUTDB_CloneStreamParams@@@Z
BEE.dll,export,1016  3F7 0006EFF0 ??0Vec3D_MaterialOptionsStreamGroup@BEE_VectorStream@@QEAA@AEBV01@@Z
BEE.dll,export,1017  3F8 006FF700 ??0Vec3D_MaterialOptionsStreamGroup@BEE_VectorStream@@QEAA@PEBVTDB_MatchName@@PEAVTDB_StreamFactory@@_N@Z
BEE.dll,export,1018  3F9 006FF750 ??0VectorStreamGroup@BEE_VectorStream@@IEAA@AEBV01@AEBUTDB_CloneStreamParams@@@Z
BEE.dll,export,1019  3FA 0006F020 ??0VectorStreamGroup@BEE_VectorStream@@QEAA@AEBV01@@Z
BEE.dll,export,1020  3FB 006FF780 ??0VectorStreamGroup@BEE_VectorStream@@QEAA@PEBVTDB_MatchName@@PEAVTDB_StreamFactory@@_N@Z
BEE.dll,export,1021  3FC 006FF7C0 ??0VectorsStreamGroup@BEE_VectorStream@@IEAA@AEBV01@AEBUTDB_CloneStreamParams@@@Z
BEE.dll,export,1022  3FD 0006F050 ??0VectorsStreamGroup@BEE_VectorStream@@QEAA@AEBV01@@Z
BEE.dll,export,1023  3FE 006FF7F0 ??0VectorsStreamGroup@BEE_VectorStream@@QEAA@PEBVTDB_MatchName@@PEAVTDB_StreamFactory@@_N@Z
BEE.dll,export,1024  3FF 006FF850 ??0WigglerStreamGroup@BEE_VectorStream@@IEAA@AEBV01@AEBUTDB_CloneStreamParams@@@Z
BEE.dll,export,1025  400 0006F080 ??0WigglerStreamGroup@BEE_VectorStream@@QEAA@AEBV01@@Z
BEE.dll,export,1026  401 006FF880 ??0WigglerStreamGroup@BEE_VectorStream@@QEAA@PEBVTDB_MatchName@@PEAVTDB_StreamFactory@@_N@Z
BEE.dll,export,1027  402 006FF8C0 ??0WigglerTransformStreamGroup@BEE_VectorStream@@IEAA@AEBV01@AEBUTDB_CloneStreamParams@@@Z
BEE.dll,export,1028  403 0006F0B0 ??0WigglerTransformStreamGroup@BEE_VectorStream@@QEAA@AEBV01@@Z
BEE.dll,export,1029  404 006FF8F0 ??0WigglerTransformStreamGroup@BEE_VectorStream@@QEAA@PEBVTDB_MatchName@@PEAVTDB_StreamFactory@@_N@Z
BEE.dll,export,1030  405 006FF920 ??0ZigzagStreamGroup@BEE_VectorStream@@IEAA@AEBV01@AEBUTDB_CloneStreamParams@@@Z
BEE.dll,export,1031  406 0006F0E0 ??0ZigzagStreamGroup@BEE_VectorStream@@QEAA@AEBV01@@Z
BEE.dll,export,1032  407 006FF950 ??0ZigzagStreamGroup@BEE_VectorStream@@QEAA@PEBVTDB_MatchName@@PEAVTDB_StreamFactory@@_N@Z
BEE.dll,export,1054  41D 0006F570 ??1?$TDB_DerivedStream@UBEE_GradientColorsStreamTraits@@@@UEAA@XZ
BEE.dll,export,1073  430 0006F610 ??1?$TDB_DerivedStream@UBlendModeStreamTraits@BEE_VectorStream@@@@UEAA@XZ
BEE.dll,export,1103  44E 0006F670 ??1?$TDB_FloatBasedStream@UBlendModeStreamTraits@BEE_VectorStream@@@@UEAA@XZ
BEE.dll,export,1117  45C 0006F6D0 ??1?$TDB_FloatStream@UBlendModeStreamTraits@BEE_VectorStream@@@@UEAA@XZ
BEE.dll,export,1120  45F 0006F6F0 ??1?$TDB_PopupStream@UBlendModeStreamTraits@BEE_VectorStream@@@@UEAA@XZ
BEE.dll,export,1186  4A1 00031F50 ??1BEE_GenericShapeStream@@UEAA@XZ
BEE.dll,export,1190  4A5 002520B0 ??1BEE_GradientColors@@QEAA@XZ
BEE.dll,export,1191  4A6 002DB1B0 ??1BEE_GradientColorsStream@@UEAA@XZ
BEE.dll,export,1234  4D1 00032280 ??1BEE_MaskShapeStreamIDPath@@UEAA@XZ
BEE.dll,export,1270  4F5 000326A0 ??1BEE_PaintShapeStream@@UEAA@XZ
BEE.dll,export,1271  4F6 000326C0 ??1BEE_PaintStrokesGroup@@UEAA@XZ
BEE.dll,export,1300  513 00693F10 ??1BEE_SVGToAGMDisplayListConverter@@QEAA@XZ
BEE.dll,export,1304  517 00032AD0 ??1BEE_SamuraiStrokesGroup@@UEAA@XZ
BEE.dll,export,1339  53A 00032C00 ??1BEE_StrokesGroupBase@@UEAA@XZ
BEE.dll,export,1367  556 006E1180 ??1BEE_VectorLayer@@UEAA@XZ
BEE.dll,export,1375  55E 0029E5C0 ??1BaseContainer@BEE_VectorArt@@UEAA@XZ
BEE.dll,export,1376  55F 0029E5E0 ??1BaseObject@BEE_VectorArt@@UEAA@XZ
BEE.dll,export,1377  560 000713E0 ??1BlendModeStream@BEE_VectorStream@@UEAA@XZ
BEE.dll,export,1381  564 002527E0 ??1C_AGMDLTranslatePort@@QEAA@XZ
BEE.dll,export,1386  569 006FF9E0 ??1EllipseStreamGroup@BEE_VectorStream@@UEAA@XZ
BEE.dll,export,1387  56A 006FFA00 ??1FillStreamGroup@BEE_VectorStream@@UEAA@XZ
BEE.dll,export,1388  56B 0029E650 ??1Filter@BEE_VectorArt@@UEAA@XZ
BEE.dll,export,1390  56D 006FFA20 ??1GradientFillStreamGroup@BEE_VectorStream@@UEAA@XZ
BEE.dll,export,1391  56E 006CA3F0 ??1GradientGraphic@BEE_VectorArt@@UEAA@XZ
BEE.dll,export,1392  56F 006FFA40 ??1GradientStrokeStreamGroup@BEE_VectorStream@@UEAA@XZ
BEE.dll,export,1393  570 006CA490 ??1Graphic@BEE_VectorArt@@UEAA@XZ
BEE.dll,export,1394  571 006CA4F0 ??1Group@BEE_VectorArt@@UEAA@XZ
BEE.dll,export,1399  576 006FFA60 ??1MergePathStreamGroup@BEE_VectorStream@@UEAA@XZ
BEE.dll,export,1400  577 0029E660 ??1ObjectCounter@BEE_VectorArt@@QEAA@XZ
BEE.dll,export,1401  578 006FFA80 ??1OffsetPathStreamGroup@BEE_VectorStream@@UEAA@XZ
BEE.dll,export,1402  579 0029E670 ??1OriginInfo@BEE_VectorArt@@QEAA@XZ
BEE.dll,export,1403  57A 0029E6A0 ??1Path@BEE_VectorArt@@UEAA@XZ
BEE.dll,export,1405  57C 006FFAA0 ??1PolyStarStreamGroup@BEE_VectorStream@@UEAA@XZ
BEE.dll,export,1406  57D 006FFAC0 ??1PuckerBloatStreamGroup@BEE_VectorStream@@UEAA@XZ
BEE.dll,export,1408  57F 006FFAE0 ??1RectStreamGroup@BEE_VectorStream@@UEAA@XZ
BEE.dll,export,1411  582 006FFB00 ??1RepeaterStreamGroup@BEE_VectorStream@@UEAA@XZ
BEE.dll,export,1412  583 006FFB20 ??1RepeaterTransformStreamGroup@BEE_VectorStream@@UEAA@XZ
BEE.dll,export,1413  584 006FFB40 ??1RevealPathStreamGroup@BEE_VectorStream@@UEAA@XZ
BEE.dll,export,1415  586 006FFB60 ??1RoughenStreamGroup@BEE_VectorStream@@UEAA@XZ
BEE.dll,export,1416  587 006FFB80 ??1RoundCornerStreamGroup@BEE_VectorStream@@UEAA@XZ
BEE.dll,export,1419  58A 006C15E0 ??1ShapeGroupState@BEE_VectorStream3D@@QEAA@XZ
BEE.dll,export,1420  58B 00071440 ??1ShapeStream@BEE_VectorStream@@UEAA@XZ
BEE.dll,export,1421  58C 006FFBA0 ??1ShapeStreamGroup@BEE_VectorStream@@UEAA@XZ
BEE.dll,export,1423  58E 006CA570 ??1SolidColorGraphic@BEE_VectorArt@@UEAA@XZ
BEE.dll,export,1424  58F 0029E6E0 ??1StreamBasedFilter@BEE_VectorArt@@UEAA@XZ
BEE.dll,export,1425  590 006FFBC0 ??1StrokeDashesStreamGroup@BEE_VectorStream@@UEAA@XZ
BEE.dll,export,1426  591 0029E700 ??1StrokeData@BEE_VectorArt@@UEAA@XZ
BEE.dll,export,1427  592 006FFBE0 ??1StrokeStreamGroup@BEE_VectorStream@@UEAA@XZ
BEE.dll,export,1428  593 006FFC00 ??1StrokeTaperStreamGroup@BEE_VectorStream@@UEAA@XZ
BEE.dll,export,1429  594 006FFC20 ??1StrokeTaperWaveStreamGroup@BEE_VectorStream@@UEAA@XZ
BEE.dll,export,1430  595 006CA5F0 ??1SymbolGroup@BEE_VectorArt@@UEAA@XZ
BEE.dll,export,1432  597 006FFC40 ??1TransformStreamGroup@BEE_VectorStream@@UEAA@XZ
BEE.dll,export,1433  598 006FFC60 ??1TrimStreamGroup@BEE_VectorStream@@UEAA@XZ
BEE.dll,export,1434  599 006FFC80 ??1TwistStreamGroup@BEE_VectorStream@@UEAA@XZ
BEE.dll,export,1435  59A 006FFCA0 ??1Vec3D_MaterialOptionsStreamGroup@BEE_VectorStream@@UEAA@XZ
BEE.dll,export,1436  59B 006FFCC0 ??1VectorStreamGroup@BEE_VectorStream@@UEAA@XZ
BEE.dll,export,1437  59C 006FFCE0 ??1VectorsStreamGroup@BEE_VectorStream@@UEAA@XZ
BEE.dll,export,1438  59D 006FFD00 ??1WigglerStreamGroup@BEE_VectorStream@@UEAA@XZ
BEE.dll,export,1439  59E 006FFD20 ??1WigglerTransformStreamGroup@BEE_VectorStream@@UEAA@XZ
BEE.dll,export,1440  59F 006FFD40 ??1ZigzagStreamGroup@BEE_VectorStream@@UEAA@XZ
BEE.dll,export,1623  656 006EDFB0 ??4?$BEE_GenericColorStreamTraits@$0CGE@UDefaultRevealPathColor@BEE_VectorStream@@@@QEAAAEAU0@$$QEAU0@@Z
BEE.dll,export,1624  657 006EDFC0 ??4?$BEE_GenericColorStreamTraits@$0CGE@UDefaultRevealPathColor@BEE_VectorStream@@@@QEAAAEAU0@AEBU0@@Z
BEE.dll,export,1625  658 00252930 ??4?$BEE_GenericColorStreamTraits@$0CGE@UDefaultStrokeColor@BEE_VectorStream@@@@QEAAAEAU0@$$QEAU0@@Z
BEE.dll,export,1626  659 00252940 ??4?$BEE_GenericColorStreamTraits@$0CGE@UDefaultStrokeColor@BEE_VectorStream@@@@QEAAAEAU0@AEBU0@@Z
BEE.dll,export,1649  670 00071810 ??4?$BEE_GenericFloatBaseStreamTraitsT@UGradientRadialHighlightLengthParamDefTraits@BEE_VectorStream@@@@QEAAAEAU0@$$QEAU0@@Z
BEE.dll,export,1650  671 00071820 ??4?$BEE_GenericFloatBaseStreamTraitsT@UGradientRadialHighlightLengthParamDefTraits@BEE_VectorStream@@@@QEAAAEAU0@AEBU0@@Z
BEE.dll,export,1651  672 00071830 ??4?$BEE_GenericFloatBaseStreamTraitsT@UTaperEaseParamDefTraits@BEE_VectorStream@@@@QEAAAEAU0@$$QEAU0@@Z
BEE.dll,export,1652  673 00071840 ??4?$BEE_GenericFloatBaseStreamTraitsT@UTaperEaseParamDefTraits@BEE_VectorStream@@@@QEAAAEAU0@AEBU0@@Z
BEE.dll,export,1999  7CE 00704E00 ??4?$BEE_Vec3DColorRGBStreamTraits@$0DDL@@BEE_VectorStream@@QEAAAEAU01@$$QEAU01@@Z
BEE.dll,export,2000  7CF 00704E10 ??4?$BEE_Vec3DColorRGBStreamTraits@$0DDL@@BEE_VectorStream@@QEAAAEAU01@AEBU01@@Z
BEE.dll,export,2001  7D0 00704E20 ??4?$BEE_Vec3DColorRGBStreamTraits@$0DFB@@BEE_VectorStream@@QEAAAEAU01@$$QEAU01@@Z
BEE.dll,export,2002  7D1 00704E30 ??4?$BEE_Vec3DColorRGBStreamTraits@$0DFB@@BEE_VectorStream@@QEAAAEAU01@AEBU01@@Z
BEE.dll,export,2003  7D2 00704E40 ??4?$BEE_Vec3DColorRGBStreamTraits@$0DGH@@BEE_VectorStream@@QEAAAEAU01@$$QEAU01@@Z
BEE.dll,export,2004  7D3 00704E50 ??4?$BEE_Vec3DColorRGBStreamTraits@$0DGH@@BEE_VectorStream@@QEAAAEAU01@AEBU01@@Z
BEE.dll,export,2005  7D4 00704E60 ??4?$BEE_Vec3DColorRGBStreamTraits@$0DHN@@BEE_VectorStream@@QEAAAEAU01@$$QEAU01@@Z
BEE.dll,export,2006  7D5 00704E70 ??4?$BEE_Vec3DColorRGBStreamTraits@$0DHN@@BEE_VectorStream@@QEAAAEAU01@AEBU01@@Z
BEE.dll,export,2007  7D6 00704E80 ??4?$BEE_Vec3DIORStreamTraits@$0DEK@@BEE_VectorStream@@QEAAAEAU01@$$QEAU01@@Z
BEE.dll,export,2008  7D7 00704E90 ??4?$BEE_Vec3DIORStreamTraits@$0DEK@@BEE_VectorStream@@QEAAAEAU01@AEBU01@@Z
BEE.dll,export,2009  7D8 00704EA0 ??4?$BEE_Vec3DIORStreamTraits@$0DGA@@BEE_VectorStream@@QEAAAEAU01@$$QEAU01@@Z
BEE.dll,export,2010  7D9 00704EB0 ??4?$BEE_Vec3DIORStreamTraits@$0DGA@@BEE_VectorStream@@QEAAAEAU01@AEBU01@@Z
BEE.dll,export,2011  7DA 00704EC0 ??4?$BEE_Vec3DIORStreamTraits@$0DHG@@BEE_VectorStream@@QEAAAEAU01@$$QEAU01@@Z
BEE.dll,export,2012  7DB 00704ED0 ??4?$BEE_Vec3DIORStreamTraits@$0DHG@@BEE_VectorStream@@QEAAAEAU01@AEBU01@@Z
BEE.dll,export,2013  7DC 00704EE0 ??4?$BEE_Vec3DIORStreamTraits@$0DIM@@BEE_VectorStream@@QEAAAEAU01@$$QEAU01@@Z
BEE.dll,export,2014  7DD 00704EF0 ??4?$BEE_Vec3DIORStreamTraits@$0DIM@@BEE_VectorStream@@QEAAAEAU01@AEBU01@@Z
BEE.dll,export,2015  7DE 00704F00 ??4?$BEE_Vec3DPercentStreamTraits@$0DEA@$0GE@@BEE_VectorStream@@QEAAAEAU01@$$QEAU01@@Z
BEE.dll,export,2016  7DF 00704F10 ??4?$BEE_Vec3DPercentStreamTraits@$0DEA@$0GE@@BEE_VectorStream@@QEAAAEAU01@AEBU01@@Z
BEE.dll,export,2017  7E0 00704F20 ??4?$BEE_Vec3DPercentStreamTraits@$0DEB@$0DC@@BEE_VectorStream@@QEAAAEAU01@$$QEAU01@@Z
BEE.dll,export,2018  7E1 00704F30 ??4?$BEE_Vec3DPercentStreamTraits@$0DEB@$0DC@@BEE_VectorStream@@QEAAAEAU01@AEBU01@@Z
BEE.dll,export,2019  7E2 00704F40 ??4?$BEE_Vec3DPercentStreamTraits@$0DEC@$0DC@@BEE_VectorStream@@QEAAAEAU01@$$QEAU01@@Z
BEE.dll,export,2020  7E3 00704F50 ??4?$BEE_Vec3DPercentStreamTraits@$0DEC@$0DC@@BEE_VectorStream@@QEAAAEAU01@AEBU01@@Z
BEE.dll,export,2021  7E4 00704F60 ??4?$BEE_Vec3DPercentStreamTraits@$0DED@$04@BEE_VectorStream@@QEAAAEAU01@$$QEAU01@@Z
BEE.dll,export,2022  7E5 00704F70 ??4?$BEE_Vec3DPercentStreamTraits@$0DED@$04@BEE_VectorStream@@QEAAAEAU01@AEBU01@@Z
BEE.dll,export,2023  7E6 00704F80 ??4?$BEE_Vec3DPercentStreamTraits@$0DEE@$0GE@@BEE_VectorStream@@QEAAAEAU01@$$QEAU01@@Z
BEE.dll,export,2024  7E7 00704F90 ??4?$BEE_Vec3DPercentStreamTraits@$0DEE@$0GE@@BEE_VectorStream@@QEAAAEAU01@AEBU01@@Z
BEE.dll,export,2025  7E8 00704FA0 ??4?$BEE_Vec3DPercentStreamTraits@$0DEF@$0A@@BEE_VectorStream@@QEAAAEAU01@$$QEAU01@@Z
BEE.dll,export,2026  7E9 00704FB0 ??4?$BEE_Vec3DPercentStreamTraits@$0DEF@$0A@@BEE_VectorStream@@QEAAAEAU01@AEBU01@@Z
BEE.dll,export,2027  7EA 00704FC0 ??4?$BEE_Vec3DPercentStreamTraits@$0DEG@$0GE@@BEE_VectorStream@@QEAAAEAU01@$$QEAU01@@Z
BEE.dll,export,2028  7EB 00704FD0 ??4?$BEE_Vec3DPercentStreamTraits@$0DEG@$0GE@@BEE_VectorStream@@QEAAAEAU01@AEBU01@@Z
BEE.dll,export,2029  7EC 00704FE0 ??4?$BEE_Vec3DPercentStreamTraits@$0DEH@$0A@@BEE_VectorStream@@QEAAAEAU01@$$QEAU01@@Z
BEE.dll,export,2030  7ED 00704FF0 ??4?$BEE_Vec3DPercentStreamTraits@$0DEH@$0A@@BEE_VectorStream@@QEAAAEAU01@AEBU01@@Z
BEE.dll,export,2031  7EE 00705000 ??4?$BEE_Vec3DPercentStreamTraits@$0DEI@$0A@@BEE_VectorStream@@QEAAAEAU01@$$QEAU01@@Z
BEE.dll,export,2032  7EF 00705010 ??4?$BEE_Vec3DPercentStreamTraits@$0DEI@$0A@@BEE_VectorStream@@QEAAAEAU01@AEBU01@@Z
BEE.dll,export,2033  7F0 00705020 ??4?$BEE_Vec3DPercentStreamTraits@$0DEJ@$0A@@BEE_VectorStream@@QEAAAEAU01@$$QEAU01@@Z
BEE.dll,export,2034  7F1 00705030 ??4?$BEE_Vec3DPercentStreamTraits@$0DEJ@$0A@@BEE_VectorStream@@QEAAAEAU01@AEBU01@@Z
BEE.dll,export,2035  7F2 00705040 ??4?$BEE_Vec3DPercentStreamTraits@$0DFG@$0GE@@BEE_VectorStream@@QEAAAEAU01@$$QEAU01@@Z
BEE.dll,export,2036  7F3 00705050 ??4?$BEE_Vec3DPercentStreamTraits@$0DFG@$0GE@@BEE_VectorStream@@QEAAAEAU01@AEBU01@@Z
BEE.dll,export,2037  7F4 00705060 ??4?$BEE_Vec3DPercentStreamTraits@$0DFH@$0DC@@BEE_VectorStream@@QEAAAEAU01@$$QEAU01@@Z
BEE.dll,export,2038  7F5 00705070 ??4?$BEE_Vec3DPercentStreamTraits@$0DFH@$0DC@@BEE_VectorStream@@QEAAAEAU01@AEBU01@@Z
BEE.dll,export,2039  7F6 00705080 ??4?$BEE_Vec3DPercentStreamTraits@$0DFI@$0DC@@BEE_VectorStream@@QEAAAEAU01@$$QEAU01@@Z
BEE.dll,export,2040  7F7 00705090 ??4?$BEE_Vec3DPercentStreamTraits@$0DFI@$0DC@@BEE_VectorStream@@QEAAAEAU01@AEBU01@@Z
BEE.dll,export,2041  7F8 007050A0 ??4?$BEE_Vec3DPercentStreamTraits@$0DFJ@$04@BEE_VectorStream@@QEAAAEAU01@$$QEAU01@@Z
BEE.dll,export,2042  7F9 007050B0 ??4?$BEE_Vec3DPercentStreamTraits@$0DFJ@$04@BEE_VectorStream@@QEAAAEAU01@AEBU01@@Z
BEE.dll,export,2043  7FA 007050C0 ??4?$BEE_Vec3DPercentStreamTraits@$0DFK@$0GE@@BEE_VectorStream@@QEAAAEAU01@$$QEAU01@@Z
BEE.dll,export,2044  7FB 007050D0 ??4?$BEE_Vec3DPercentStreamTraits@$0DFK@$0GE@@BEE_VectorStream@@QEAAAEAU01@AEBU01@@Z
BEE.dll,export,2045  7FC 007050E0 ??4?$BEE_Vec3DPercentStreamTraits@$0DFL@$0A@@BEE_VectorStream@@QEAAAEAU01@$$QEAU01@@Z
BEE.dll,export,2046  7FD 007050F0 ??4?$BEE_Vec3DPercentStreamTraits@$0DFL@$0A@@BEE_VectorStream@@QEAAAEAU01@AEBU01@@Z
BEE.dll,export,2047  7FE 00705100 ??4?$BEE_Vec3DPercentStreamTraits@$0DFM@$0GE@@BEE_VectorStream@@QEAAAEAU01@$$QEAU01@@Z
BEE.dll,export,2048  7FF 00705110 ??4?$BEE_Vec3DPercentStreamTraits@$0DFM@$0GE@@BEE_VectorStream@@QEAAAEAU01@AEBU01@@Z
BEE.dll,export,2049  800 00705120 ??4?$BEE_Vec3DPercentStreamTraits@$0DFN@$0A@@BEE_VectorStream@@QEAAAEAU01@$$QEAU01@@Z
BEE.dll,export,2050  801 00705130 ??4?$BEE_Vec3DPercentStreamTraits@$0DFN@$0A@@BEE_VectorStream@@QEAAAEAU01@AEBU01@@Z
BEE.dll,export,2051  802 00705140 ??4?$BEE_Vec3DPercentStreamTraits@$0DFO@$0A@@BEE_VectorStream@@QEAAAEAU01@$$QEAU01@@Z
BEE.dll,export,2052  803 00705150 ??4?$BEE_Vec3DPercentStreamTraits@$0DFO@$0A@@BEE_VectorStream@@QEAAAEAU01@AEBU01@@Z
BEE.dll,export,2053  804 00705160 ??4?$BEE_Vec3DPercentStreamTraits@$0DFP@$0A@@BEE_VectorStream@@QEAAAEAU01@$$QEAU01@@Z
BEE.dll,export,2054  805 00705170 ??4?$BEE_Vec3DPercentStreamTraits@$0DFP@$0A@@BEE_VectorStream@@QEAAAEAU01@AEBU01@@Z
BEE.dll,export,2055  806 00705180 ??4?$BEE_Vec3DPercentStreamTraits@$0DGM@$0GE@@BEE_VectorStream@@QEAAAEAU01@$$QEAU01@@Z
BEE.dll,export,2056  807 00705190 ??4?$BEE_Vec3DPercentStreamTraits@$0DGM@$0GE@@BEE_VectorStream@@QEAAAEAU01@AEBU01@@Z
BEE.dll,export,2057  808 007051A0 ??4?$BEE_Vec3DPercentStreamTraits@$0DGN@$0DC@@BEE_VectorStream@@QEAAAEAU01@$$QEAU01@@Z
BEE.dll,export,2058  809 007051B0 ??4?$BEE_Vec3DPercentStreamTraits@$0DGN@$0DC@@BEE_VectorStream@@QEAAAEAU01@AEBU01@@Z
BEE.dll,export,2059  80A 007051C0 ??4?$BEE_Vec3DPercentStreamTraits@$0DGO@$0DC@@BEE_VectorStream@@QEAAAEAU01@$$QEAU01@@Z
BEE.dll,export,2060  80B 007051D0 ??4?$BEE_Vec3DPercentStreamTraits@$0DGO@$0DC@@BEE_VectorStream@@QEAAAEAU01@AEBU01@@Z
BEE.dll,export,2061  80C 007051E0 ??4?$BEE_Vec3DPercentStreamTraits@$0DGP@$04@BEE_VectorStream@@QEAAAEAU01@$$QEAU01@@Z
BEE.dll,export,2062  80D 007051F0 ??4?$BEE_Vec3DPercentStreamTraits@$0DGP@$04@BEE_VectorStream@@QEAAAEAU01@AEBU01@@Z
BEE.dll,export,2063  80E 00705200 ??4?$BEE_Vec3DPercentStreamTraits@$0DHA@$0GE@@BEE_VectorStream@@QEAAAEAU01@$$QEAU01@@Z
BEE.dll,export,2064  80F 00705210 ??4?$BEE_Vec3DPercentStreamTraits@$0DHA@$0GE@@BEE_VectorStream@@QEAAAEAU01@AEBU01@@Z
BEE.dll,export,2065  810 00705220 ??4?$BEE_Vec3DPercentStreamTraits@$0DHB@$0A@@BEE_VectorStream@@QEAAAEAU01@$$QEAU01@@Z
BEE.dll,export,2066  811 00705230 ??4?$BEE_Vec3DPercentStreamTraits@$0DHB@$0A@@BEE_VectorStream@@QEAAAEAU01@AEBU01@@Z
BEE.dll,export,2067  812 00705240 ??4?$BEE_Vec3DPercentStreamTraits@$0DHC@$0GE@@BEE_VectorStream@@QEAAAEAU01@$$QEAU01@@Z
BEE.dll,export,2068  813 00705250 ??4?$BEE_Vec3DPercentStreamTraits@$0DHC@$0GE@@BEE_VectorStream@@QEAAAEAU01@AEBU01@@Z
BEE.dll,export,2069  814 00705260 ??4?$BEE_Vec3DPercentStreamTraits@$0DHD@$0A@@BEE_VectorStream@@QEAAAEAU01@$$QEAU01@@Z
BEE.dll,export,2070  815 00705270 ??4?$BEE_Vec3DPercentStreamTraits@$0DHD@$0A@@BEE_VectorStream@@QEAAAEAU01@AEBU01@@Z
BEE.dll,export,2071  816 00705280 ??4?$BEE_Vec3DPercentStreamTraits@$0DHE@$0A@@BEE_VectorStream@@QEAAAEAU01@$$QEAU01@@Z
BEE.dll,export,2072  817 00705290 ??4?$BEE_Vec3DPercentStreamTraits@$0DHE@$0A@@BEE_VectorStream@@QEAAAEAU01@AEBU01@@Z
BEE.dll,export,2073  818 007052A0 ??4?$BEE_Vec3DPercentStreamTraits@$0DHF@$0A@@BEE_VectorStream@@QEAAAEAU01@$$QEAU01@@Z
BEE.dll,export,2074  819 007052B0 ??4?$BEE_Vec3DPercentStreamTraits@$0DHF@$0A@@BEE_VectorStream@@QEAAAEAU01@AEBU01@@Z
BEE.dll,export,2075  81A 007052C0 ??4?$BEE_Vec3DPercentStreamTraits@$0DIC@$0GE@@BEE_VectorStream@@QEAAAEAU01@$$QEAU01@@Z
BEE.dll,export,2076  81B 007052D0 ??4?$BEE_Vec3DPercentStreamTraits@$0DIC@$0GE@@BEE_VectorStream@@QEAAAEAU01@AEBU01@@Z
BEE.dll,export,2077  81C 007052E0 ??4?$BEE_Vec3DPercentStreamTraits@$0DID@$0DC@@BEE_VectorStream@@QEAAAEAU01@$$QEAU01@@Z
BEE.dll,export,2078  81D 007052F0 ??4?$BEE_Vec3DPercentStreamTraits@$0DID@$0DC@@BEE_VectorStream@@QEAAAEAU01@AEBU01@@Z
BEE.dll,export,2079  81E 00705300 ??4?$BEE_Vec3DPercentStreamTraits@$0DIE@$0DC@@BEE_VectorStream@@QEAAAEAU01@$$QEAU01@@Z
BEE.dll,export,2080  81F 00705310 ??4?$BEE_Vec3DPercentStreamTraits@$0DIE@$0DC@@BEE_VectorStream@@QEAAAEAU01@AEBU01@@Z
BEE.dll,export,2081  820 00705320 ??4?$BEE_Vec3DPercentStreamTraits@$0DIF@$04@BEE_VectorStream@@QEAAAEAU01@$$QEAU01@@Z
BEE.dll,export,2082  821 00705330 ??4?$BEE_Vec3DPercentStreamTraits@$0DIF@$04@BEE_VectorStream@@QEAAAEAU01@AEBU01@@Z
BEE.dll,export,2083  822 00705340 ??4?$BEE_Vec3DPercentStreamTraits@$0DIG@$0GE@@BEE_VectorStream@@QEAAAEAU01@$$QEAU01@@Z
BEE.dll,export,2084  823 00705350 ??4?$BEE_Vec3DPercentStreamTraits@$0DIG@$0GE@@BEE_VectorStream@@QEAAAEAU01@AEBU01@@Z
BEE.dll,export,2085  824 00705360 ??4?$BEE_Vec3DPercentStreamTraits@$0DIH@$0A@@BEE_VectorStream@@QEAAAEAU01@$$QEAU01@@Z
BEE.dll,export,2086  825 00705370 ??4?$BEE_Vec3DPercentStreamTraits@$0DIH@$0A@@BEE_VectorStream@@QEAAAEAU01@AEBU01@@Z
BEE.dll,export,2087  826 00705380 ??4?$BEE_Vec3DPercentStreamTraits@$0DII@$0GE@@BEE_VectorStream@@QEAAAEAU01@$$QEAU01@@Z
BEE.dll,export,2088  827 00705390 ??4?$BEE_Vec3DPercentStreamTraits@$0DII@$0GE@@BEE_VectorStream@@QEAAAEAU01@AEBU01@@Z
BEE.dll,export,2089  828 007053A0 ??4?$BEE_Vec3DPercentStreamTraits@$0DIJ@$0A@@BEE_VectorStream@@QEAAAEAU01@$$QEAU01@@Z
BEE.dll,export,2090  829 007053B0 ??4?$BEE_Vec3DPercentStreamTraits@$0DIJ@$0A@@BEE_VectorStream@@QEAAAEAU01@AEBU01@@Z
BEE.dll,export,2091  82A 007053C0 ??4?$BEE_Vec3DPercentStreamTraits@$0DIK@$0A@@BEE_VectorStream@@QEAAAEAU01@$$QEAU01@@Z
BEE.dll,export,2092  82B 007053D0 ??4?$BEE_Vec3DPercentStreamTraits@$0DIK@$0A@@BEE_VectorStream@@QEAAAEAU01@AEBU01@@Z
BEE.dll,export,2093  82C 007053E0 ??4?$BEE_Vec3DPercentStreamTraits@$0DIL@$0A@@BEE_VectorStream@@QEAAAEAU01@$$QEAU01@@Z
BEE.dll,export,2094  82D 007053F0 ??4?$BEE_Vec3DPercentStreamTraits@$0DIL@$0A@@BEE_VectorStream@@QEAAAEAU01@AEBU01@@Z
BEE.dll,export,2101  834 006EE010 ??4?$ShapeEffectCorrelationTraits@$0CKM@@BEE_VectorStream@@QEAAAEAU01@$$QEAU01@@Z
BEE.dll,export,2102  835 006EE020 ??4?$ShapeEffectCorrelationTraits@$0CKM@@BEE_VectorStream@@QEAAAEAU01@AEBU01@@Z
BEE.dll,export,2103  836 006EE030 ??4?$ShapeEffectRandomSeedStreamTraits@$0COM@@BEE_VectorStream@@QEAAAEAU01@$$QEAU01@@Z
BEE.dll,export,2104  837 006EE040 ??4?$ShapeEffectRandomSeedStreamTraits@$0COM@@BEE_VectorStream@@QEAAAEAU01@AEBU01@@Z
BEE.dll,export,2105  838 006EE050 ??4?$ShapeEffectRotationStreamTraits@$0CKP@@BEE_VectorStream@@QEAAAEAU01@$$QEAU01@@Z
BEE.dll,export,2106  839 006EE060 ??4?$ShapeEffectRotationStreamTraits@$0CKP@@BEE_VectorStream@@QEAAAEAU01@AEBU01@@Z
BEE.dll,export,2107  83A 006EE070 ??4?$ShapeEffectRotationStreamTraits@$0CLA@@BEE_VectorStream@@QEAAAEAU01@$$QEAU01@@Z
BEE.dll,export,2108  83B 006EE080 ??4?$ShapeEffectRotationStreamTraits@$0CLA@@BEE_VectorStream@@QEAAAEAU01@AEBU01@@Z
BEE.dll,export,2109  83C 006EE090 ??4?$ShapeEffectWigglePathsFrequencyTraits@$0CKL@V?$TDB_DefaultMFloat@$01@@@BEE_VectorStream@@QEAAAEAU01@$$QEAU01@@Z
BEE.dll,export,2110  83D 006EE0A0 ??4?$ShapeEffectWigglePathsFrequencyTraits@$0CKL@V?$TDB_DefaultMFloat@$01@@@BEE_VectorStream@@QEAAAEAU01@AEBU01@@Z
BEE.dll,export,2219  8AA 000720B0 ??4BEE_DefaultGradientColors@@QEAAAEAV0@$$QEAV0@@Z
BEE.dll,export,2220  8AB 000720C0 ??4BEE_DefaultGradientColors@@QEAAAEAV0@AEBV0@@Z
BEE.dll,export,2283  8EA 00072200 ??4BEE_GenericZeroScaleStreamTraits@BEE_VectorStream@@QEAAAEAU01@$$QEAU01@@Z
BEE.dll,export,2284  8EB 00072210 ??4BEE_GenericZeroScaleStreamTraits@BEE_VectorStream@@QEAAAEAU01@AEBU01@@Z
BEE.dll,export,2288  8EF 00252BB0 ??4BEE_GradientColors@@QEAAAEAV0@$$QEAV0@@Z
BEE.dll,export,2289  8F0 00252CE0 ??4BEE_GradientColors@@QEAAAEAV0@AEBV0@@Z
BEE.dll,export,2290  8F1 00072220 ??4BEE_GradientColorsStreamParamdefTraits@@QEAAAEAU0@$$QEAU0@@Z
BEE.dll,export,2291  8F2 00072230 ??4BEE_GradientColorsStreamParamdefTraits@@QEAAAEAU0@AEBU0@@Z
BEE.dll,export,2358  935 00036BB0 ??4BEE_MaskShapeStreamIDPath@@QEAAAEAV0@$$QEAV0@@Z
BEE.dll,export,2359  936 00036BD0 ??4BEE_MaskShapeStreamIDPath@@QEAAAEAV0@AEBV0@@Z
BEE.dll,export,2477  9AC 00693FF0 ??4BEE_SVGToAGMDisplayListConverter@@QEAAAEAV0@AEBV0@@Z
BEE.dll,export,2592  A1F 00072B50 ??4BEE_TextSelectorRangeShapeStreamTraits@@QEAAAEAU0@$$QEAU0@@Z
BEE.dll,export,2593  A20 00072B60 ??4BEE_TextSelectorRangeShapeStreamTraits@@QEAAAEAU0@AEBU0@@Z
BEE.dll,export,2606  A2D 00072C30 ??4BEE_TextStrokeWidthParamDefTraits@@QEAAAEAU0@$$QEAU0@@Z
BEE.dll,export,2607  A2E 00072C40 ??4BEE_TextStrokeWidthParamDefTraits@@QEAAAEAU0@AEBU0@@Z
BEE.dll,export,2608  A2F 00072C50 ??4BEE_TextStrokeWidthStreamTraits@@QEAAAEAU0@$$QEAU0@@Z
BEE.dll,export,2609  A30 00072C60 ??4BEE_TextStrokeWidthStreamTraits@@QEAAAEAU0@AEBU0@@Z
BEE.dll,export,2643  A52 00072E30 ??4BEE_Vec3DColorSVParamDefTraits@BEE_VectorStream@@QEAAAEAU01@$$QEAU01@@Z
BEE.dll,export,2644  A53 00072E40 ??4BEE_Vec3DColorSVParamDefTraits@BEE_VectorStream@@QEAAAEAU01@AEBU01@@Z
BEE.dll,export,2653  A5C 00072E50 ??4BlendModeParamDefTraits@BEE_VectorStream@@QEAAAEAU01@$$QEAU01@@Z
BEE.dll,export,2654  A5D 00072E60 ??4BlendModeParamDefTraits@BEE_VectorStream@@QEAAAEAU01@AEBU01@@Z
BEE.dll,export,2655  A5E 00072E70 ??4BlendModeStreamTraits@BEE_VectorStream@@QEAAAEAU01@$$QEAU01@@Z
BEE.dll,export,2656  A5F 00072E80 ??4BlendModeStreamTraits@BEE_VectorStream@@QEAAAEAU01@AEBU01@@Z
BEE.dll,export,2659  A62 00252E40 ??4C_AGMDLTranslatePort@@QEAAAEAV0@AEBV0@@Z
BEE.dll,export,2660  A63 00072E90 ??4CompositeOrderParamDefTraits@BEE_VectorStream@@QEAAAEAU01@$$QEAU01@@Z
BEE.dll,export,2661  A64 00072EA0 ??4CompositeOrderParamDefTraits@BEE_VectorStream@@QEAAAEAU01@AEBU01@@Z
BEE.dll,export,2662  A65 00072EB0 ??4CompositeOrderStreamTraits@BEE_VectorStream@@QEAAAEAU01@$$QEAU01@@Z
BEE.dll,export,2663  A66 00072EC0 ??4CompositeOrderStreamTraits@BEE_VectorStream@@QEAAAEAU01@AEBU01@@Z
BEE.dll,export,2669  A6C 00072ED0 ??4EllipseSizeParamDefTraits@BEE_VectorStream@@QEAAAEAU01@$$QEAU01@@Z
BEE.dll,export,2670  A6D 00072EE0 ??4EllipseSizeParamDefTraits@BEE_VectorStream@@QEAAAEAU01@AEBU01@@Z
BEE.dll,export,2671  A6E 00072EF0 ??4EllipseSizeStreamTraits@BEE_VectorStream@@QEAAAEAU01@$$QEAU01@@Z
BEE.dll,export,2672  A6F 00072F00 ??4EllipseSizeStreamTraits@BEE_VectorStream@@QEAAAEAU01@AEBU01@@Z
BEE.dll,export,2673  A70 00072F10 ??4EndOpacityStreamTraits@BEE_VectorStream@@QEAAAEAU01@$$QEAU01@@Z
BEE.dll,export,2674  A71 00072F20 ??4EndOpacityStreamTraits@BEE_VectorStream@@QEAAAEAU01@AEBU01@@Z
BEE.dll,export,2675  A72 00072F30 ??4FillRuleParamDefTraits@BEE_VectorStream@@QEAAAEAU01@$$QEAU01@@Z
BEE.dll,export,2676  A73 00072F40 ??4FillRuleParamDefTraits@BEE_VectorStream@@QEAAAEAU01@AEBU01@@Z
BEE.dll,export,2677  A74 00072F50 ??4FillRuleStreamTraits@BEE_VectorStream@@QEAAAEAU01@$$QEAU01@@Z
BEE.dll,export,2678  A75 00072F60 ??4FillRuleStreamTraits@BEE_VectorStream@@QEAAAEAU01@AEBU01@@Z
BEE.dll,export,2679  A76 00072F70 ??4GradientEndPositionStreamTraits@BEE_VectorStream@@QEAAAEAU01@$$QEAU01@@Z
BEE.dll,export,2680  A77 00072F80 ??4GradientEndPositionStreamTraits@BEE_VectorStream@@QEAAAEAU01@AEBU01@@Z
BEE.dll,export,2681  A78 00072F90 ??4GradientRadialHighlightAngleStreamTraits@BEE_VectorStream@@QEAAAEAU01@$$QEAU01@@Z
BEE.dll,export,2682  A79 00072FA0 ??4GradientRadialHighlightAngleStreamTraits@BEE_VectorStream@@QEAAAEAU01@AEBU01@@Z
BEE.dll,export,2683  A7A 00072FB0 ??4GradientRadialHighlightLengthParamDefTraits@BEE_VectorStream@@QEAAAEAU01@$$QEAU01@@Z
BEE.dll,export,2684  A7B 00072FC0 ??4GradientRadialHighlightLengthParamDefTraits@BEE_VectorStream@@QEAAAEAU01@AEBU01@@Z
BEE.dll,export,2685  A7C 00072FD0 ??4GradientRadialHighlightLengthStreamTraits@BEE_VectorStream@@QEAAAEAU01@$$QEAU01@@Z
BEE.dll,export,2686  A7D 00072FE0 ??4GradientRadialHighlightLengthStreamTraits@BEE_VectorStream@@QEAAAEAU01@AEBU01@@Z
BEE.dll,export,2687  A7E 00072FF0 ??4GradientStartPositionStreamTraits@BEE_VectorStream@@QEAAAEAU01@$$QEAU01@@Z
BEE.dll,export,2688  A7F 00073000 ??4GradientStartPositionStreamTraits@BEE_VectorStream@@QEAAAEAU01@AEBU01@@Z
BEE.dll,export,2689  A80 00073010 ??4GradientTypeParamDefTraits@BEE_VectorStream@@QEAAAEAU01@$$QEAU01@@Z
BEE.dll,export,2690  A81 00073020 ??4GradientTypeParamDefTraits@BEE_VectorStream@@QEAAAEAU01@AEBU01@@Z
BEE.dll,export,2691  A82 00073030 ??4GradientTypeStreamTraits@BEE_VectorStream@@QEAAAEAU01@$$QEAU01@@Z
BEE.dll,export,2692  A83 00073040 ??4GradientTypeStreamTraits@BEE_VectorStream@@QEAAAEAU01@AEBU01@@Z
BEE.dll,export,2709  A94 00116060 ??4IrisShapeStreamTraits@@QEAAAEAU0@$$QEAU0@@Z
BEE.dll,export,2710  A95 00116070 ??4IrisShapeStreamTraits@@QEAAAEAU0@AEBU0@@Z
BEE.dll,export,2711  A96 00073050 ??4LineCapParamDefTraits@BEE_VectorStream@@QEAAAEAU01@$$QEAU01@@Z
BEE.dll,export,2712  A97 00073060 ??4LineCapParamDefTraits@BEE_VectorStream@@QEAAAEAU01@AEBU01@@Z
BEE.dll,export,2713  A98 00073070 ??4LineCapStreamTraits@BEE_VectorStream@@QEAAAEAU01@$$QEAU01@@Z
BEE.dll,export,2714  A99 00073080 ??4LineCapStreamTraits@BEE_VectorStream@@QEAAAEAU01@AEBU01@@Z
BEE.dll,export,2715  A9A 00073090 ??4LineJoinParamDefTraits@BEE_VectorStream@@QEAAAEAU01@$$QEAU01@@Z
BEE.dll,export,2716  A9B 000730A0 ??4LineJoinParamDefTraits@BEE_VectorStream@@QEAAAEAU01@AEBU01@@Z
BEE.dll,export,2717  A9C 000730B0 ??4LineJoinStreamTraits@BEE_VectorStream@@QEAAAEAU01@$$QEAU01@@Z
BEE.dll,export,2718  A9D 000730C0 ??4LineJoinStreamTraits@BEE_VectorStream@@QEAAAEAU01@AEBU01@@Z
BEE.dll,export,2719  A9E 000730D0 ??4MergePathTypeParamDefTraits@BEE_VectorStream@@QEAAAEAU01@$$QEAU01@@Z
BEE.dll,export,2720  A9F 000730E0 ??4MergePathTypeParamDefTraits@BEE_VectorStream@@QEAAAEAU01@AEBU01@@Z
BEE.dll,export,2721  AA0 000730F0 ??4MergePathTypeStreamTraits@BEE_VectorStream@@QEAAAEAU01@$$QEAU01@@Z
BEE.dll,export,2722  AA1 00073100 ??4MergePathTypeStreamTraits@BEE_VectorStream@@QEAAAEAU01@AEBU01@@Z
BEE.dll,export,2723  AA2 0029EA60 ??4ObjectCounter@BEE_VectorArt@@QEAAAEAV01@$$QEAV01@@Z
BEE.dll,export,2724  AA3 0029EB00 ??4ObjectCounter@BEE_VectorArt@@QEAAAEAV01@AEBV01@@Z
BEE.dll,export,2725  AA4 00073110 ??4OffsetAmountStreamTraits@BEE_VectorStream@@QEAAAEAU01@$$QEAU01@@Z
BEE.dll,export,2726  AA5 00073120 ??4OffsetAmountStreamTraits@BEE_VectorStream@@QEAAAEAU01@AEBU01@@Z
BEE.dll,export,2727  AA6 00073130 ??4OffsetCopiesStreamTraits@BEE_VectorStream@@QEAAAEAU01@$$QEAU01@@Z
BEE.dll,export,2728  AA7 00073140 ??4OffsetCopiesStreamTraits@BEE_VectorStream@@QEAAAEAU01@AEBU01@@Z
BEE.dll,export,2729  AA8 00073150 ??4OffsetCopyOffsetStreamTraits@BEE_VectorStream@@QEAAAEAU01@$$QEAU01@@Z
BEE.dll,export,2730  AA9 00073160 ??4OffsetCopyOffsetStreamTraits@BEE_VectorStream@@QEAAAEAU01@AEBU01@@Z
BEE.dll,export,2731  AAA 0029EB90 ??4OriginInfo@BEE_VectorArt@@QEAAAEAV01@$$QEAV01@@Z
BEE.dll,export,2732  AAB 0029EBD0 ??4OriginInfo@BEE_VectorArt@@QEAAAEAV01@AEBV01@@Z
BEE.dll,export,2734  AAD 00073170 ??4PolyStarInnerRadiusStreamTraits@BEE_VectorStream@@QEAAAEAU01@$$QEAU01@@Z
BEE.dll,export,2735  AAE 00073180 ??4PolyStarInnerRadiusStreamTraits@BEE_VectorStream@@QEAAAEAU01@AEBU01@@Z
BEE.dll,export,2736  AAF 00073190 ??4PolyStarInnerRoundnessStreamTraits@BEE_VectorStream@@QEAAAEAU01@$$QEAU01@@Z
BEE.dll,export,2737  AB0 000731A0 ??4PolyStarInnerRoundnessStreamTraits@BEE_VectorStream@@QEAAAEAU01@AEBU01@@Z
BEE.dll,export,2738  AB1 000731B0 ??4PolyStarOuterRadiusStreamTraits@BEE_VectorStream@@QEAAAEAU01@$$QEAU01@@Z
BEE.dll,export,2739  AB2 000731C0 ??4PolyStarOuterRadiusStreamTraits@BEE_VectorStream@@QEAAAEAU01@AEBU01@@Z
BEE.dll,export,2740  AB3 000731D0 ??4PolyStarOuterRoundnessStreamTraits@BEE_VectorStream@@QEAAAEAU01@$$QEAU01@@Z
BEE.dll,export,2741  AB4 000731E0 ??4PolyStarOuterRoundnessStreamTraits@BEE_VectorStream@@QEAAAEAU01@AEBU01@@Z
BEE.dll,export,2742  AB5 000731F0 ??4PolyStarPointsStreamTraits@BEE_VectorStream@@QEAAAEAU01@$$QEAU01@@Z
BEE.dll,export,2743  AB6 00073200 ??4PolyStarPointsStreamTraits@BEE_VectorStream@@QEAAAEAU01@AEBU01@@Z
BEE.dll,export,2744  AB7 00073210 ??4PolyStarTypeParamDefTraits@BEE_VectorStream@@QEAAAEAU01@$$QEAU01@@Z
BEE.dll,export,2745  AB8 00073220 ??4PolyStarTypeParamDefTraits@BEE_VectorStream@@QEAAAEAU01@AEBU01@@Z
BEE.dll,export,2746  AB9 00073230 ??4PolyStarTypeStreamTraits@BEE_VectorStream@@QEAAAEAU01@$$QEAU01@@Z
BEE.dll,export,2747  ABA 00073240 ??4PolyStarTypeStreamTraits@BEE_VectorStream@@QEAAAEAU01@AEBU01@@Z
BEE.dll,export,2748  ABB 00073250 ??4PuckerBloatAmountStreamTraits@BEE_VectorStream@@QEAAAEAU01@$$QEAU01@@Z
BEE.dll,export,2749  ABC 00073260 ??4PuckerBloatAmountStreamTraits@BEE_VectorStream@@QEAAAEAU01@AEBU01@@Z
BEE.dll,export,2751  ABE 00073270 ??4RectRoundnessStreamTraits@BEE_VectorStream@@QEAAAEAU01@$$QEAU01@@Z
BEE.dll,export,2752  ABF 00073280 ??4RectRoundnessStreamTraits@BEE_VectorStream@@QEAAAEAU01@AEBU01@@Z
BEE.dll,export,2753  AC0 00073290 ??4RectSizeParamDefTraits@BEE_VectorStream@@QEAAAEAU01@$$QEAU01@@Z
BEE.dll,export,2754  AC1 000732A0 ??4RectSizeParamDefTraits@BEE_VectorStream@@QEAAAEAU01@AEBU01@@Z
BEE.dll,export,2755  AC2 000732B0 ??4RectSizeStreamTraits@BEE_VectorStream@@QEAAAEAU01@$$QEAU01@@Z
BEE.dll,export,2756  AC3 000732C0 ??4RectSizeStreamTraits@BEE_VectorStream@@QEAAAEAU01@AEBU01@@Z
BEE.dll,export,2757  AC4 000732D0 ??4RepeaterCopiesStreamTraits@BEE_VectorStream@@QEAAAEAU01@$$QEAU01@@Z
BEE.dll,export,2758  AC5 000732E0 ??4RepeaterCopiesStreamTraits@BEE_VectorStream@@QEAAAEAU01@AEBU01@@Z
BEE.dll,export,2759  AC6 000732F0 ??4RepeaterOffsetStreamTraits@BEE_VectorStream@@QEAAAEAU01@$$QEAU01@@Z
BEE.dll,export,2760  AC7 00073300 ??4RepeaterOffsetStreamTraits@BEE_VectorStream@@QEAAAEAU01@AEBU01@@Z
BEE.dll,export,2761  AC8 00073310 ??4RepeaterOrderParamDefTraits@BEE_VectorStream@@QEAAAEAU01@$$QEAU01@@Z
BEE.dll,export,2762  AC9 00073320 ??4RepeaterOrderParamDefTraits@BEE_VectorStream@@QEAAAEAU01@AEBU01@@Z
BEE.dll,export,2763  ACA 00073330 ??4RepeaterOrderStreamTraits@BEE_VectorStream@@QEAAAEAU01@$$QEAU01@@Z
BEE.dll,export,2764  ACB 00073340 ??4RepeaterOrderStreamTraits@BEE_VectorStream@@QEAAAEAU01@AEBU01@@Z
BEE.dll,export,2765  ACC 00073350 ??4RevealPointRadiusStreamTraits@BEE_VectorStream@@QEAAAEAU01@$$QEAU01@@Z
BEE.dll,export,2766  ACD 00073360 ??4RevealPointRadiusStreamTraits@BEE_VectorStream@@QEAAAEAU01@AEBU01@@Z
BEE.dll,export,2767  ACE 00073370 ??4RoughenDetailStreamTraits@BEE_VectorStream@@QEAAAEAU01@$$QEAU01@@Z
BEE.dll,export,2768  ACF 00073380 ??4RoughenDetailStreamTraits@BEE_VectorStream@@QEAAAEAU01@AEBU01@@Z
BEE.dll,export,2769  AD0 00073390 ??4RoughenPointsParamDefTraits@BEE_VectorStream@@QEAAAEAU01@$$QEAU01@@Z
BEE.dll,export,2770  AD1 000733A0 ??4RoughenPointsParamDefTraits@BEE_VectorStream@@QEAAAEAU01@AEBU01@@Z
BEE.dll,export,2771  AD2 000733B0 ??4RoughenPointsStreamTraits@BEE_VectorStream@@QEAAAEAU01@$$QEAU01@@Z
BEE.dll,export,2772  AD3 000733C0 ??4RoughenPointsStreamTraits@BEE_VectorStream@@QEAAAEAU01@AEBU01@@Z
BEE.dll,export,2773  AD4 000733D0 ??4RoughenSizeStreamTraits@BEE_VectorStream@@QEAAAEAU01@$$QEAU01@@Z
BEE.dll,export,2774  AD5 000733E0 ??4RoughenSizeStreamTraits@BEE_VectorStream@@QEAAAEAU01@AEBU01@@Z
BEE.dll,export,2775  AD6 000733F0 ??4RoundCornerRadiusStreamTraits@BEE_VectorStream@@QEAAAEAU01@$$QEAU01@@Z
BEE.dll,export,2776  AD7 00073400 ??4RoundCornerRadiusStreamTraits@BEE_VectorStream@@QEAAAEAU01@AEBU01@@Z
BEE.dll,export,2778  AD9 00073410 ??4ShapeDirectionParamDefTraits@BEE_VectorStream@@QEAAAEAU01@$$QEAU01@@Z
BEE.dll,export,2779  ADA 00073420 ??4ShapeDirectionParamDefTraits@BEE_VectorStream@@QEAAAEAU01@AEBU01@@Z
BEE.dll,export,2780  ADB 00073430 ??4ShapeDirectionStreamTraits@BEE_VectorStream@@QEAAAEAU01@$$QEAU01@@Z
BEE.dll,export,2781  ADC 00073440 ??4ShapeDirectionStreamTraits@BEE_VectorStream@@QEAAAEAU01@AEBU01@@Z
BEE.dll,export,2782  ADD 00073450 ??4ShapeEffectCorrelationParamDefTraits@BEE_VectorStream@@QEAAAEAU01@$$QEAU01@@Z
BEE.dll,export,2783  ADE 00073460 ??4ShapeEffectCorrelationParamDefTraits@BEE_VectorStream@@QEAAAEAU01@AEBU01@@Z
BEE.dll,export,2784  ADF 00073470 ??4ShapeEffectRandomSeedParamDefTraits@BEE_VectorStream@@QEAAAEAU01@$$QEAU01@@Z
BEE.dll,export,2785  AE0 00073480 ??4ShapeEffectRandomSeedParamDefTraits@BEE_VectorStream@@QEAAAEAU01@AEBU01@@Z
BEE.dll,export,2786  AE1 00073490 ??4ShapeEffectWigglePathsTemporalFrequencyParamDefTraits@BEE_VectorStream@@QEAAAEAU01@$$QEAU01@@Z
BEE.dll,export,2787  AE2 000734A0 ??4ShapeEffectWigglePathsTemporalFrequencyParamDefTraits@BEE_VectorStream@@QEAAAEAU01@AEBU01@@Z
BEE.dll,export,2788  AE3 006C1840 ??4ShapeGroupState@BEE_VectorStream3D@@QEAAAEAU01@$$QEAU01@@Z
BEE.dll,export,2789  AE4 006C19F0 ??4ShapeGroupState@BEE_VectorStream3D@@QEAAAEAU01@AEBU01@@Z
BEE.dll,export,2790  AE5 000734B0 ??4SkewParamDefTraits@BEE_VectorStream@@QEAAAEAU01@$$QEAU01@@Z
BEE.dll,export,2791  AE6 000734C0 ??4SkewParamDefTraits@BEE_VectorStream@@QEAAAEAU01@AEBU01@@Z
BEE.dll,export,2792  AE7 000734D0 ??4SkewStreamTraits@BEE_VectorStream@@QEAAAEAU01@$$QEAU01@@Z
BEE.dll,export,2793  AE8 000734E0 ??4SkewStreamTraits@BEE_VectorStream@@QEAAAEAU01@AEBU01@@Z
BEE.dll,export,2794  AE9 000734F0 ??4StartOpacityStreamTraits@BEE_VectorStream@@QEAAAEAU01@$$QEAU01@@Z
BEE.dll,export,2795  AEA 00073500 ??4StartOpacityStreamTraits@BEE_VectorStream@@QEAAAEAU01@AEBU01@@Z
BEE.dll,export,2796  AEB 00073510 ??4StrokeDashOffsetStreamTraits@BEE_VectorStream@@QEAAAEAU01@$$QEAU01@@Z
BEE.dll,export,2797  AEC 00073520 ??4StrokeDashOffsetStreamTraits@BEE_VectorStream@@QEAAAEAU01@AEBU01@@Z
BEE.dll,export,2798  AED 00073530 ??4StrokeDashStreamTraits2@BEE_VectorStream@@QEAAAEAU01@$$QEAU01@@Z
BEE.dll,export,2799  AEE 00073540 ??4StrokeDashStreamTraits2@BEE_VectorStream@@QEAAAEAU01@AEBU01@@Z
BEE.dll,export,2800  AEF 00073550 ??4StrokeDashStreamTraits3@BEE_VectorStream@@QEAAAEAU01@$$QEAU01@@Z
BEE.dll,export,2801  AF0 00073560 ??4StrokeDashStreamTraits3@BEE_VectorStream@@QEAAAEAU01@AEBU01@@Z
BEE.dll,export,2802  AF1 00073570 ??4StrokeDashStreamTraits@BEE_VectorStream@@QEAAAEAU01@$$QEAU01@@Z
BEE.dll,export,2803  AF2 00073580 ??4StrokeDashStreamTraits@BEE_VectorStream@@QEAAAEAU01@AEBU01@@Z
BEE.dll,export,2804  AF3 00073590 ??4StrokeGapStreamTraits2@BEE_VectorStream@@QEAAAEAU01@$$QEAU01@@Z
BEE.dll,export,2805  AF4 000735A0 ??4StrokeGapStreamTraits2@BEE_VectorStream@@QEAAAEAU01@AEBU01@@Z
BEE.dll,export,2806  AF5 000735B0 ??4StrokeGapStreamTraits3@BEE_VectorStream@@QEAAAEAU01@$$QEAU01@@Z
BEE.dll,export,2807  AF6 000735C0 ??4StrokeGapStreamTraits3@BEE_VectorStream@@QEAAAEAU01@AEBU01@@Z
BEE.dll,export,2808  AF7 000735D0 ??4StrokeGapStreamTraits@BEE_VectorStream@@QEAAAEAU01@$$QEAU01@@Z
BEE.dll,export,2809  AF8 000735E0 ??4StrokeGapStreamTraits@BEE_VectorStream@@QEAAAEAU01@AEBU01@@Z
BEE.dll,export,2810  AF9 000735F0 ??4StrokeMiterLimitStreamTraits@BEE_VectorStream@@QEAAAEAU01@$$QEAU01@@Z
BEE.dll,export,2811  AFA 00073600 ??4StrokeMiterLimitStreamTraits@BEE_VectorStream@@QEAAAEAU01@AEBU01@@Z
BEE.dll,export,2812  AFB 00073610 ??4StrokeWidthStreamTraits@BEE_VectorStream@@QEAAAEAU01@$$QEAU01@@Z
BEE.dll,export,2813  AFC 00073620 ??4StrokeWidthStreamTraits@BEE_VectorStream@@QEAAAEAU01@AEBU01@@Z
BEE.dll,export,2814  AFD 00073630 ??4TaperEaseParamDefTraits@BEE_VectorStream@@QEAAAEAU01@$$QEAU01@@Z
BEE.dll,export,2815  AFE 00073640 ??4TaperEaseParamDefTraits@BEE_VectorStream@@QEAAAEAU01@AEBU01@@Z
BEE.dll,export,2816  AFF 00073650 ??4TaperEaseStreamTraits@BEE_VectorStream@@QEAAAEAU01@$$QEAU01@@Z
BEE.dll,export,2817  B00 00073660 ??4TaperEaseStreamTraits@BEE_VectorStream@@QEAAAEAU01@AEBU01@@Z
BEE.dll,export,2818  B01 00073670 ??4TaperEndEaseStreamTraits@BEE_VectorStream@@QEAAAEAU01@$$QEAU01@@Z
BEE.dll,export,2819  B02 00073680 ??4TaperEndEaseStreamTraits@BEE_VectorStream@@QEAAAEAU01@AEBU01@@Z
BEE.dll,export,2820  B03 00073690 ??4TaperEndLengthStreamTraits@BEE_VectorStream@@QEAAAEAU01@$$QEAU01@@Z
BEE.dll,export,2821  B04 000736A0 ??4TaperEndLengthStreamTraits@BEE_VectorStream@@QEAAAEAU01@AEBU01@@Z
BEE.dll,export,2822  B05 000736B0 ??4TaperEndPixelLengthStreamTraits@BEE_VectorStream@@QEAAAEAU01@$$QEAU01@@Z
BEE.dll,export,2823  B06 000736C0 ??4TaperEndPixelLengthStreamTraits@BEE_VectorStream@@QEAAAEAU01@AEBU01@@Z
BEE.dll,export,2824  B07 000736D0 ??4TaperEndWidthStreamTraits@BEE_VectorStream@@QEAAAEAU01@$$QEAU01@@Z
BEE.dll,export,2825  B08 000736E0 ??4TaperEndWidthStreamTraits@BEE_VectorStream@@QEAAAEAU01@AEBU01@@Z
BEE.dll,export,2826  B09 000736F0 ??4TaperLengthUnitsParamDefTraits@BEE_VectorStream@@QEAAAEAU01@$$QEAU01@@Z
BEE.dll,export,2827  B0A 00073700 ??4TaperLengthUnitsParamDefTraits@BEE_VectorStream@@QEAAAEAU01@AEBU01@@Z
BEE.dll,export,2828  B0B 00073710 ??4TaperLengthUnitsStreamTraits@BEE_VectorStream@@QEAAAEAU01@$$QEAU01@@Z
BEE.dll,export,2829  B0C 00073720 ??4TaperLengthUnitsStreamTraits@BEE_VectorStream@@QEAAAEAU01@AEBU01@@Z
BEE.dll,export,2830  B0D 00073730 ??4TaperStartEaseStreamTraits@BEE_VectorStream@@QEAAAEAU01@$$QEAU01@@Z
BEE.dll,export,2831  B0E 00073740 ??4TaperStartEaseStreamTraits@BEE_VectorStream@@QEAAAEAU01@AEBU01@@Z
BEE.dll,export,2832  B0F 00073750 ??4TaperStartLengthStreamTraits@BEE_VectorStream@@QEAAAEAU01@$$QEAU01@@Z
BEE.dll,export,2833  B10 00073760 ??4TaperStartLengthStreamTraits@BEE_VectorStream@@QEAAAEAU01@AEBU01@@Z
BEE.dll,export,2834  B11 00073770 ??4TaperStartPixelLengthStreamTraits@BEE_VectorStream@@QEAAAEAU01@$$QEAU01@@Z
BEE.dll,export,2835  B12 00073780 ??4TaperStartPixelLengthStreamTraits@BEE_VectorStream@@QEAAAEAU01@AEBU01@@Z
BEE.dll,export,2836  B13 00073790 ??4TaperStartWidthStreamTraits@BEE_VectorStream@@QEAAAEAU01@$$QEAU01@@Z
BEE.dll,export,2837  B14 000737A0 ??4TaperStartWidthStreamTraits@BEE_VectorStream@@QEAAAEAU01@AEBU01@@Z
BEE.dll,export,2838  B15 000737B0 ??4TaperWaveAmountStreamTraits@BEE_VectorStream@@QEAAAEAU01@$$QEAU01@@Z
BEE.dll,export,2839  B16 000737C0 ??4TaperWaveAmountStreamTraits@BEE_VectorStream@@QEAAAEAU01@AEBU01@@Z
BEE.dll,export,2840  B17 000737D0 ??4TaperWaveCyclesStreamTraits@BEE_VectorStream@@QEAAAEAU01@$$QEAU01@@Z
BEE.dll,export,2841  B18 000737E0 ??4TaperWaveCyclesStreamTraits@BEE_VectorStream@@QEAAAEAU01@AEBU01@@Z
BEE.dll,export,2842  B19 000737F0 ??4TaperWaveUnitsParamDefTraits@BEE_VectorStream@@QEAAAEAU01@$$QEAU01@@Z
BEE.dll,export,2843  B1A 00073800 ??4TaperWaveUnitsParamDefTraits@BEE_VectorStream@@QEAAAEAU01@AEBU01@@Z
BEE.dll,export,2844  B1B 00073810 ??4TaperWaveUnitsStreamTraits@BEE_VectorStream@@QEAAAEAU01@$$QEAU01@@Z
BEE.dll,export,2845  B1C 00073820 ??4TaperWaveUnitsStreamTraits@BEE_VectorStream@@QEAAAEAU01@AEBU01@@Z
BEE.dll,export,2846  B1D 00073830 ??4TaperWavelengthStreamTraits@BEE_VectorStream@@QEAAAEAU01@$$QEAU01@@Z
BEE.dll,export,2847  B1E 00073840 ??4TaperWavelengthStreamTraits@BEE_VectorStream@@QEAAAEAU01@AEBU01@@Z
BEE.dll,export,2852  B23 000739C0 ??4TrimEndStreamTraits@BEE_VectorStream@@QEAAAEAU01@$$QEAU01@@Z
BEE.dll,export,2853  B24 000739D0 ??4TrimEndStreamTraits@BEE_VectorStream@@QEAAAEAU01@AEBU01@@Z
BEE.dll,export,2854  B25 000739E0 ??4TrimStartStreamTraits@BEE_VectorStream@@QEAAAEAU01@$$QEAU01@@Z
BEE.dll,export,2855  B26 000739F0 ??4TrimStartStreamTraits@BEE_VectorStream@@QEAAAEAU01@AEBU01@@Z
BEE.dll,export,2856  B27 00073A00 ??4TrimTypeParamDefTraits@BEE_VectorStream@@QEAAAEAU01@$$QEAU01@@Z
BEE.dll,export,2857  B28 00073A10 ??4TrimTypeParamDefTraits@BEE_VectorStream@@QEAAAEAU01@AEBU01@@Z
BEE.dll,export,2858  B29 00073A20 ??4TrimTypeStreamTraits@BEE_VectorStream@@QEAAAEAU01@$$QEAU01@@Z
BEE.dll,export,2859  B2A 00073A30 ??4TrimTypeStreamTraits@BEE_VectorStream@@QEAAAEAU01@AEBU01@@Z
BEE.dll,export,2860  B2B 00073A40 ??4TwistAngleStreamTraits@BEE_VectorStream@@QEAAAEAU01@$$QEAU01@@Z
BEE.dll,export,2861  B2C 00073A50 ??4TwistAngleStreamTraits@BEE_VectorStream@@QEAAAEAU01@AEBU01@@Z
BEE.dll,export,2862  B2D 00073A60 ??4ZigzagDetailStreamTraits@BEE_VectorStream@@QEAAAEAU01@$$QEAU01@@Z
BEE.dll,export,2863  B2E 00073A70 ??4ZigzagDetailStreamTraits@BEE_VectorStream@@QEAAAEAU01@AEBU01@@Z
BEE.dll,export,2864  B2F 00073A80 ??4ZigzagPointsParamDefTraits@BEE_VectorStream@@QEAAAEAU01@$$QEAU01@@Z
BEE.dll,export,2865  B30 00073A90 ??4ZigzagPointsParamDefTraits@BEE_VectorStream@@QEAAAEAU01@AEBU01@@Z
BEE.dll,export,2866  B31 00073AA0 ??4ZigzagPointsStreamTraits@BEE_VectorStream@@QEAAAEAU01@$$QEAU01@@Z
BEE.dll,export,2867  B32 00073AB0 ??4ZigzagPointsStreamTraits@BEE_VectorStream@@QEAAAEAU01@AEBU01@@Z
BEE.dll,export,2868  B33 00073AC0 ??4ZigzagSizeStreamTraits@BEE_VectorStream@@QEAAAEAU01@$$QEAU01@@Z
BEE.dll,export,2869  B34 00073AD0 ??4ZigzagSizeStreamTraits@BEE_VectorStream@@QEAAAEAU01@AEBU01@@Z
BEE.dll,export,2874  B39 002D8740 ??8BEE_GradientColors@@QEBA_NAEBV0@@Z
BEE.dll,export,2881  B40 006CA6C0 ??8OriginInfo@BEE_VectorArt@@QEBA_NAEBV01@@Z
BEE.dll,export,2883  B42 00252EB0 ??9BEE_GradientColors@@QEBA_NAEBV0@@Z
BEE.dll,export,2885  B44 0029ED50 ??9OriginInfo@BEE_VectorArt@@QEBA_NAEBV01@@Z
BEE.dll,export,2894  B4D 006CA8B0 ??MOriginInfo@BEE_VectorArt@@QEBA_NAEBV01@@Z
BEE.dll,export,2916  B63 00EDFAA8 ??_7?$TDB_DerivedStream@UBEE_GradientColorsStreamTraits@@@@6B@
BEE.dll,export,2935  B76 00EE09D0 ??_7?$TDB_DerivedStream@UBlendModeStreamTraits@BEE_VectorStream@@@@6B@
BEE.dll,export,2965  B94 00EE0D10 ??_7?$TDB_FloatBasedStream@UBlendModeStreamTraits@BEE_VectorStream@@@@6B@
BEE.dll,export,2979  BA2 00EE1050 ??_7?$TDB_FloatStream@UBlendModeStreamTraits@BEE_VectorStream@@@@6B@
BEE.dll,export,2982  BA5 00EE1390 ??_7?$TDB_PopupStream@UBlendModeStreamTraits@BEE_VectorStream@@@@6B@
BEE.dll,export,3023  BCE 00ECC128 ??_7BEE_GenericShapeStream@@6B@
BEE.dll,export,3025  BD0 00EDFDE8 ??_7BEE_GradientColorsStream@@6B@
BEE.dll,export,3078  C05 00ECBA10 ??_7BEE_MaskShapeStreamIDPath@@6B@
BEE.dll,export,3113  C28 00ED9218 ??_7BEE_PaintShapeStream@@6B@
BEE.dll,export,3114  C29 00ED5CB0 ??_7BEE_PaintStrokesGroup@@6B@
BEE.dll,export,3138  C41 00ED5F00 ??_7BEE_SamuraiStrokesGroup@@6B@
BEE.dll,export,3164  C5B 00EEF010 ??_7BEE_StrokesGroupBase@@6B@
BEE.dll,export,3191  C76 00FFFF58 ??_7BEE_VectorLayer@@6B@
BEE.dll,export,3195  C7A 00F3C158 ??_7BaseContainer@BEE_VectorArt@@6BRefCountedImplementation@utility@dvacore@@@
BEE.dll,export,3196  C7B 00F3C188 ??_7BaseContainer@BEE_VectorArt@@6BRefCountedInterface@utility@dvacore@@@
BEE.dll,export,3197  C7C 00F3C110 ??_7BaseObject@BEE_VectorArt@@6BRefCountedImplementation@utility@dvacore@@@
BEE.dll,export,3198  C7D 00F3C138 ??_7BaseObject@BEE_VectorArt@@6BRefCountedInterface@utility@dvacore@@@
BEE.dll,export,3199  C7E 00EE16D0 ??_7BlendModeStream@BEE_VectorStream@@6B@
BEE.dll,export,3204  C83 00EE69C0 ??_7EllipseStreamGroup@BEE_VectorStream@@6B@
BEE.dll,export,3205  C84 00EE2240 ??_7FillStreamGroup@BEE_VectorStream@@6B@
BEE.dll,export,3206  C85 00F3C408 ??_7Filter@BEE_VectorArt@@6BRefCountedImplementation@utility@dvacore@@@
BEE.dll,export,3207  C86 00F3C438 ??_7Filter@BEE_VectorArt@@6BRefCountedInterface@utility@dvacore@@@
BEE.dll,export,3209  C88 00EE3698 ??_7GradientFillStreamGroup@BEE_VectorStream@@6B@
BEE.dll,export,3210  C89 00F3C360 ??_7GradientGraphic@BEE_VectorArt@@6BRefCountedImplementation@utility@dvacore@@@
BEE.dll,export,3211  C8A 00F3C398 ??_7GradientGraphic@BEE_VectorArt@@6BRefCountedInterface@utility@dvacore@@@
BEE.dll,export,3212  C8B 00EE39B0 ??_7GradientStrokeStreamGroup@BEE_VectorStream@@6B@
BEE.dll,export,3213  C8C 00F3C2A8 ??_7Graphic@BEE_VectorArt@@6BRefCountedImplementation@utility@dvacore@@@
BEE.dll,export,3214  C8D 00F3C2E0 ??_7Graphic@BEE_VectorArt@@6BRefCountedInterface@utility@dvacore@@@
BEE.dll,export,3215  C8E 00F3C1A8 ??_7Group@BEE_VectorArt@@6BRefCountedImplementation@utility@dvacore@@@
BEE.dll,export,3216  C8F 00F3C1E0 ??_7Group@BEE_VectorArt@@6BRefCountedInterface@utility@dvacore@@@
BEE.dll,export,3221  C94 00EE4910 ??_7MergePathStreamGroup@BEE_VectorStream@@6B@
BEE.dll,export,3222  C95 00EE4018 ??_7OffsetPathStreamGroup@BEE_VectorStream@@6B@
BEE.dll,export,3223  C96 00F3C3C0 ??_7Path@BEE_VectorArt@@6BRefCountedImplementation@utility@dvacore@@@
BEE.dll,export,3224  C97 00F3C3E8 ??_7Path@BEE_VectorArt@@6BRefCountedInterface@utility@dvacore@@@
BEE.dll,export,3225  C98 00EE6FB8 ??_7PolyStarStreamGroup@BEE_VectorStream@@6B@
BEE.dll,export,3226  C99 00EE4CA0 ??_7PuckerBloatStreamGroup@BEE_VectorStream@@6B@
BEE.dll,export,3228  C9B 00EE6CA0 ??_7RectStreamGroup@BEE_VectorStream@@6B@
BEE.dll,export,3231  C9E 00EE5DC0 ??_7RepeaterStreamGroup@BEE_VectorStream@@6B@
BEE.dll,export,3232  C9F 00EE6148 ??_7RepeaterTransformStreamGroup@BEE_VectorStream@@6B@
BEE.dll,export,3233  CA0 00EE43A0 ??_7RevealPathStreamGroup@BEE_VectorStream@@6B@
BEE.dll,export,3235  CA2 00EE55D0 ??_7RoughenStreamGroup@BEE_VectorStream@@6B@
BEE.dll,export,3236  CA3 00EE52B8 ??_7RoundCornerStreamGroup@BEE_VectorStream@@6B@
BEE.dll,export,3237  CA4 00EE1AC8 ??_7ShapeStream@BEE_VectorStream@@6B@
BEE.dll,export,3238  CA5 00EE1E20 ??_7ShapeStreamGroup@BEE_VectorStream@@6B@
BEE.dll,export,3240  CA7 00F3C300 ??_7SolidColorGraphic@BEE_VectorArt@@6BRefCountedImplementation@utility@dvacore@@@
BEE.dll,export,3241  CA8 00F3C338 ??_7SolidColorGraphic@BEE_VectorArt@@6BRefCountedInterface@utility@dvacore@@@
BEE.dll,export,3242  CA9 00F3C458 ??_7StreamBasedFilter@BEE_VectorArt@@6BRefCountedImplementation@utility@dvacore@@@
BEE.dll,export,3243  CAA 00F3C488 ??_7StreamBasedFilter@BEE_VectorArt@@6BRefCountedInterface@utility@dvacore@@@
BEE.dll,export,3244  CAB 00EE2958 ??_7StrokeDashesStreamGroup@BEE_VectorStream@@6B@
BEE.dll,export,3245  CAC 00F3C260 ??_7StrokeData@BEE_VectorArt@@6BRefCountedImplementation@utility@dvacore@@@
BEE.dll,export,3246  CAD 00F3C280 ??_7StrokeData@BEE_VectorArt@@6BRefCountedInterface@utility@dvacore@@@
BEE.dll,export,3247  CAE 00EE24E8 ??_7StrokeStreamGroup@BEE_VectorStream@@6B@
BEE.dll,export,3248  CAF 00EE2D70 ??_7StrokeTaperStreamGroup@BEE_VectorStream@@6B@
BEE.dll,export,3249  CB0 00EE3210 ??_7StrokeTaperWaveStreamGroup@BEE_VectorStream@@6B@
BEE.dll,export,3250  CB1 00F3C208 ??_7SymbolGroup@BEE_VectorArt@@6BRefCountedImplementation@utility@dvacore@@@
BEE.dll,export,3251  CB2 00F3C238 ??_7SymbolGroup@BEE_VectorArt@@6BRefCountedInterface@utility@dvacore@@@
BEE.dll,export,3252  CB3 00EE05E0 ??_7TransformStreamGroup@BEE_VectorStream@@6B@
BEE.dll,export,3253  CB4 00EE3C58 ??_7TrimStreamGroup@BEE_VectorStream@@6B@
BEE.dll,export,3254  CB5 00EE4FA8 ??_7TwistStreamGroup@BEE_VectorStream@@6B@
BEE.dll,export,3255  CB6 00EE4660 ??_7Vec3D_MaterialOptionsStreamGroup@BEE_VectorStream@@6B@
BEE.dll,export,3256  CB7 00EE0378 ??_7VectorStreamGroup@BEE_VectorStream@@6B@
BEE.dll,export,3257  CB8 00EE0128 ??_7VectorsStreamGroup@BEE_VectorStream@@6B@
BEE.dll,export,3258  CB9 00EE64A8 ??_7WigglerStreamGroup@BEE_VectorStream@@6B@
BEE.dll,export,3259  CBA 00EE6710 ??_7WigglerTransformStreamGroup@BEE_VectorStream@@6B@
BEE.dll,export,3260  CBB 00EE59B8 ??_7ZigzagStreamGroup@BEE_VectorStream@@6B@
BEE.dll,export,3275  CCA 00F3C3B0 ??_8GradientGraphic@BEE_VectorArt@@7B@
BEE.dll,export,3276  CCB 00F3C1F8 ??_8Group@BEE_VectorArt@@7B@
BEE.dll,export,3277  CCC 00FFF8C0 ??_8Path@BEE_VectorArt@@7B@
BEE.dll,export,3278  CCD 00F3C350 ??_8SolidColorGraphic@BEE_VectorArt@@7B@
BEE.dll,export,3279  CCE 00F3C4A0 ??_8StreamBasedFilter@BEE_VectorArt@@7B@
BEE.dll,export,3280  CCF 00F3C298 ??_8StrokeData@BEE_VectorArt@@7B@
BEE.dll,export,3281  CD0 00F3C250 ??_8SymbolGroup@BEE_VectorArt@@7B@
BEE.dll,export,3286  CD5 0029ED60 ??_DGradientGraphic@BEE_VectorArt@@QEAAXXZ
BEE.dll,export,3287  CD6 0029ED70 ??_DGroup@BEE_VectorArt@@QEAAXXZ
BEE.dll,export,3288  CD7 0029ED80 ??_DPath@BEE_VectorArt@@QEAAXXZ
BEE.dll,export,3289  CD8 0029EDC0 ??_DSolidColorGraphic@BEE_VectorArt@@QEAAXXZ
BEE.dll,export,3290  CD9 0029EDD0 ??_DStreamBasedFilter@BEE_VectorArt@@QEAAXXZ
BEE.dll,export,3291  CDA 0029EDF0 ??_DStrokeData@BEE_VectorArt@@QEAAXXZ
BEE.dll,export,3292  CDB 0029EE00 ??_DSymbolGroup@BEE_VectorArt@@QEAAXXZ
BEE.dll,export,3296  CDF 0029F520 ??_FGroup@BEE_VectorArt@@QEAAXXZ
BEE.dll,export,3299  CE2 0029F570 ??_FSolidColorGraphic@BEE_VectorArt@@QEAAXXZ
BEE.dll,export,3300  CE3 0029F5A0 ??_FStrokeData@BEE_VectorArt@@QEAAXXZ
BEE.dll,export,3330  D01 00079F00 ??_O?$TDB_FloatBasedStream@UBlendModeStreamTraits@BEE_VectorStream@@@@QEAAXAEAV0@@Z
BEE.dll,export,3344  D0F 00079F90 ??_O?$TDB_FloatStream@UBlendModeStreamTraits@BEE_VectorStream@@@@QEAAXAEAV0@@Z
BEE.dll,export,3347  D12 00079FC0 ??_O?$TDB_PopupStream@UBlendModeStreamTraits@BEE_VectorStream@@@@QEAAXAEAV0@@Z
BEE.dll,export,3349  D14 00079FF0 ??_OBEE_GradientColorsStream@@QEAAXAEAV0@@Z
BEE.dll,export,3367  D26 00042C30 ??_OBEE_PaintShapeStream@@QEAAXAEAV0@@Z
BEE.dll,export,3372  D2B 0007A0A0 ??_OBlendModeStream@BEE_VectorStream@@QEAAXAEAV01@@Z
BEE.dll,export,3373  D2C 0007A0D0 ??_OShapeStream@BEE_VectorStream@@QEAAXAEAV01@@Z
BEE.dll,export,3378  D31 00367E80 ?AbsToRelFromClipboard@BEE_GenericShapeStream@@QEAAXPEBVBEE_Layer@@PEBVTDB_StreamIDPath@@@Z
BEE.dll,export,3381  D34 006E5410 ?AcquireOutlinesForAnAnimatedShape@BEE_VectorLayer@@SAXAEBVTDL_VectorArt@@AEAVOM_ShapeArray@@@Z
BEE.dll,export,3390  D3D 002D8AB0 ?AddAlphaStop@BEE_GradientColors@@QEAAXAEBV?$BEE_GradientStopT@M@@@Z
BEE.dll,export,3398  D45 002D8AD0 ?AddDefaultAlphaStop@BEE_GradientColors@@QEAA?AV?$BEE_GradientStopT@M@@M@Z
BEE.dll,export,3399  D46 002D8AF0 ?AddDefaultRGBStop@BEE_GradientColors@@QEAA?AV?$BEE_GradientStopT@VPF_PixelFloat@@@@M@Z
BEE.dll,export,3415  D56 002D8B10 ?AddRGBStop@BEE_GradientColors@@QEAAXAEBV?$BEE_GradientStopT@VPF_PixelFloat@@@@@Z
BEE.dll,export,3466  D89 006CBB30 ?AppendSyntheticIndex@OriginInfo@BEE_VectorArt@@QEAAXI@Z
BEE.dll,export,3467  D8A 006CBB80 ?AppendSyntheticPath@OriginInfo@BEE_VectorArt@@QEAAXAEBVTDB_StreamIDPath@@@Z
BEE.dll,export,3508  DB3 000E93F0 ?BEE_AddStrokesGroupTail@@YAXPEBVBEE_Layer@@PEAVTDB_StreamIDPath@@@Z
BEE.dll,export,3542  DD5 0023B230 ?BEE_BetaFeature_IsArtGroupCachingForVectorLayerBoundsEnabled@@YA_NXZ
BEE.dll,export,3556  DE3 0023B4D0 ?BEE_BetaFeature_IsRetainGradientsForAIConvertToShapesEnabled@@YA_NXZ
BEE.dll,export,3560  DE7 0023B680 ?BEE_BetaFeature_IsSVGImportEnabled@@YA_NXZ
BEE.dll,export,3611  E1A 006E6C30 ?BEE_CmdAddVectorProperty@@YA?AVTDB_StreamIDPath@@PEAVBEE_VectorLayer@@AEBVTDB_MatchName@@V1@V?$Flags@I@utility@dvacore@@@Z
BEE.dll,export,3651  E42 0065CDD0 ?BEE_CmdNewVectorLayer@@YAXPEAVBEE_Project@@PEAUBEE_CommandInfo@@@Z
BEE.dll,export,3710  E7D 00661420 ?BEE_CmdSetPaintStrokeType@@YAXW4P_StrokeType@@PEBVTDB_StreamIDPath@@PEAVBEE_Layer@@@Z
BEE.dll,export,3957  F74 002DB1D0 ?BEE_GetDefaultGradientColors@@YA?AVBEE_GradientColors@@XZ
BEE.dll,export,4172 104B 006E6FD0 ?BEE_GetVectorPropertySortRange@@YA?AUBEE_VectorPropertySortRanges@@PEAVBEE_VectorLayer@@AEBVTDB_StreamIDPath@@@Z
BEE.dll,export,4224 107F 0036CB40 ?BEE_IsMaskShapeStreamPath@@YA_NAEBVTDB_StreamIDPath@@@Z
BEE.dll,export,4242 1091 0036CDB0 ?BEE_IsShapeGroupOwnerStreamPath@@YA_NAEBVTDB_StreamIDPath@@@Z
BEE.dll,export,4243 1092 0036CE00 ?BEE_IsShapeGroupStreamPath@@YA_NAEBVTDB_StreamIDPath@@@Z
BEE.dll,export,4245 1094 0036CE50 ?BEE_IsShapeStreamPath@@YA_NAEBVTDB_StreamIDPath@@@Z
BEE.dll,export,4248 1097 000E97D0 ?BEE_IsStrokesGroupMatchName@@YA_NAEBVTDB_MatchName@@@Z
BEE.dll,export,4255 109E 000E9810 ?BEE_IsTimeInStrokeDuration@@YA_NAEBUT_Time@@AEBV?$M_Vector2T@N@@@Z
BEE.dll,export,4487 1186 0036DBC0 ?BEE_ShapeGroupToShape@@YAHPEAVTDB_StreamIDPath@@@Z
BEE.dll,export,4540 11BB 015B07E0 ?BEE_StreamGroupName_PAINT_STROKES_GROUP@@3V?$TDB_DerivedMatchName@VBEE_PaintStrokesGroup@@@@B
BEE.dll,export,4548 11C3 015B07F0 ?BEE_StreamGroupName_SAMURAI_STROKES_GROUP@@3V?$TDB_DerivedMatchName@VBEE_SamuraiStrokesGroup@@@@B
BEE.dll,export,4573 11DC 015ED188 ?BEE_StreamGroupName_VECTOR_LAYER@@3V?$TDB_DerivedMatchName@VBEE_VectorLayer@@@@B
BEE.dll,export,4657 1230 015EC380 ?BEE_StreamName_IRIS_SHAPE@@3V?$TDB_DerivedMatchName@V?$TDB_PopupStream@UIrisShapeStreamTraits@@@@@@B
BEE.dll,export,4701 125C 015B0860 ?BEE_StreamName_PAINT_SHAPE@@3V?$TDB_DerivedMatchName@VBEE_PaintShapeStream@@@@B
BEE.dll,export,4847 12EE 015EEB58 ?BEE_StreamName_TEXT_SELECTOR_RANGE_SHAPE@@3V?$TDB_DerivedMatchName@V?$TDB_PopupStream@UBEE_TextSelectorRangeShapeStreamTraits@@@@@@B
BEE.dll,export,4853 12F4 015EEBE8 ?BEE_StreamName_TEXT_STROKE_BRIGHTNESS@@3V?$TDB_DerivedMatchName@V?$TDB_FloatStream@U?$BEE_TextSaturationStreamTraits@$0CKA@@@@@@@B
BEE.dll,export,4854 12F5 015EEAC8 ?BEE_StreamName_TEXT_STROKE_COLOR@@3V?$TDB_DerivedMatchName@V?$TDB_Float4Stream@U?$BEE_TextColorStreamTraits@$0CJA@@@@@@@B
BEE.dll,export,4855 12F6 015EEBA8 ?BEE_StreamName_TEXT_STROKE_HUE@@3V?$TDB_DerivedMatchName@V?$TDB_FloatStream@U?$BEE_TextRotationStreamTraits@$0CJM@@@@@@@B
BEE.dll,export,4856 12F7 015EE978 ?BEE_StreamName_TEXT_STROKE_OPACITY@@3V?$TDB_DerivedMatchName@V?$TDB_FloatStream@U?$BEE_TextOpacityStreamTraits@$0CIC@@@@@@@B
BEE.dll,export,4857 12F8 015EEBC8 ?BEE_StreamName_TEXT_STROKE_SATURATION@@3V?$TDB_DerivedMatchName@V?$TDB_FloatStream@U?$BEE_TextSaturationStreamTraits@$0CJO@@@@@@@B
BEE.dll,export,4858 12F9 015EEAD8 ?BEE_StreamName_TEXT_STROKE_WIDTH@@3V?$TDB_DerivedMatchName@V?$TDB_FloatStream@UBEE_TextStrokeWidthStreamTraits@@@@@@B
BEE.dll,export,4888 1317 015EF6E0 ?BEE_StreamName_VEC_3D_BACK_AMBIENT@BEE_VectorStream@@3V?$TDB_DerivedMatchName@V?$TDB_FloatStream@U?$BEE_Vec3DPercentStreamTraits@$0DFG@$0GE@@BEE_VectorStream@@@@@@B
BEE.dll,export,4889 1318 015EF6D0 ?BEE_StreamName_VEC_3D_BACK_COLOR@BEE_VectorStream@@3V?$TDB_DerivedMatchName@V?$TDB_Float4Stream@U?$BEE_Vec3DColorRGBStreamTraits@$0DFB@@BEE_VectorStream@@@@@@B
BEE.dll,export,4890 1319 015EF6F0 ?BEE_StreamName_VEC_3D_BACK_DIFFUSE@BEE_VectorStream@@3V?$TDB_DerivedMatchName@V?$TDB_FloatStream@U?$BEE_Vec3DPercentStreamTraits@$0DFH@$0DC@@BEE_VectorStream@@@@@@B
BEE.dll,export,4891 131A 015EF780 ?BEE_StreamName_VEC_3D_BACK_IOR@BEE_VectorStream@@3V?$TDB_DerivedMatchName@V?$TDB_FloatStream@U?$BEE_Vec3DIORStreamTraits@$0DGA@@BEE_VectorStream@@@@@@B
BEE.dll,export,4892 131B 015EF720 ?BEE_StreamName_VEC_3D_BACK_METAL@BEE_VectorStream@@3V?$TDB_DerivedMatchName@V?$TDB_FloatStream@U?$BEE_Vec3DPercentStreamTraits@$0DFK@$0GE@@BEE_VectorStream@@@@@@B
BEE.dll,export,4893 131C 015EF730 ?BEE_StreamName_VEC_3D_BACK_REFLECTION_INTENSITY@BEE_VectorStream@@3V?$TDB_DerivedMatchName@V?$TDB_FloatStream@U?$BEE_Vec3DPercentStreamTraits@$0DFL@$0A@@BEE_VectorStream@@@@@@B
BEE.dll,export,4894 131D 015EF750 ?BEE_StreamName_VEC_3D_BACK_REFLECTION_ROLLOFF@BEE_VectorStream@@3V?$TDB_DerivedMatchName@V?$TDB_FloatStream@U?$BEE_Vec3DPercentStreamTraits@$0DFN@$0A@@BEE_VectorStream@@@@@@B
BEE.dll,export,4895 131E 015EF740 ?BEE_StreamName_VEC_3D_BACK_REFLECTION_SHARPNESS@BEE_VectorStream@@3V?$TDB_DerivedMatchName@V?$TDB_FloatStream@U?$BEE_Vec3DPercentStreamTraits@$0DFM@$0GE@@BEE_VectorStream@@@@@@B
BEE.dll,export,4896 131F 015EF700 ?BEE_StreamName_VEC_3D_BACK_SPECULAR_INTENSITY@BEE_VectorStream@@3V?$TDB_DerivedMatchName@V?$TDB_FloatStream@U?$BEE_Vec3DPercentStreamTraits@$0DFI@$0DC@@BEE_VectorStream@@@@@@B
BEE.dll,export,4897 1320 015EF710 ?BEE_StreamName_VEC_3D_BACK_SPECULAR_SHININESS@BEE_VectorStream@@3V?$TDB_DerivedMatchName@V?$TDB_FloatStream@U?$BEE_Vec3DPercentStreamTraits@$0DFJ@$04@BEE_VectorStream@@@@@@B
BEE.dll,export,4898 1321 015EF760 ?BEE_StreamName_VEC_3D_BACK_TRANSPARENCY@BEE_VectorStream@@3V?$TDB_DerivedMatchName@V?$TDB_FloatStream@U?$BEE_Vec3DPercentStreamTraits@$0DFO@$0A@@BEE_VectorStream@@@@@@B
BEE.dll,export,4899 1322 015EF770 ?BEE_StreamName_VEC_3D_BACK_TRANSPARENCY_ROLLOFF@BEE_VectorStream@@3V?$TDB_DerivedMatchName@V?$TDB_FloatStream@U?$BEE_Vec3DPercentStreamTraits@$0DFP@$0A@@BEE_VectorStream@@@@@@B
BEE.dll,export,4900 1323 015EF560 ?BEE_StreamName_VEC_3D_BEVEL_AMBIENT@BEE_VectorStream@@3V?$TDB_DerivedMatchName@V?$TDB_FloatStream@U?$BEE_Vec3DPercentStreamTraits@$0DGM@$0GE@@BEE_VectorStream@@@@@@B
BEE.dll,export,4901 1324 015EF550 ?BEE_StreamName_VEC_3D_BEVEL_COLOR@BEE_VectorStream@@3V?$TDB_DerivedMatchName@V?$TDB_Float4Stream@U?$BEE_Vec3DColorRGBStreamTraits@$0DGH@@BEE_VectorStream@@@@@@B
BEE.dll,export,4902 1325 015EF570 ?BEE_StreamName_VEC_3D_BEVEL_DIFFUSE@BEE_VectorStream@@3V?$TDB_DerivedMatchName@V?$TDB_FloatStream@U?$BEE_Vec3DPercentStreamTraits@$0DGN@$0DC@@BEE_VectorStream@@@@@@B
BEE.dll,export,4903 1326 015EF600 ?BEE_StreamName_VEC_3D_BEVEL_IOR@BEE_VectorStream@@3V?$TDB_DerivedMatchName@V?$TDB_FloatStream@U?$BEE_Vec3DIORStreamTraits@$0DHG@@BEE_VectorStream@@@@@@B
BEE.dll,export,4904 1327 015EF5A0 ?BEE_StreamName_VEC_3D_BEVEL_METAL@BEE_VectorStream@@3V?$TDB_DerivedMatchName@V?$TDB_FloatStream@U?$BEE_Vec3DPercentStreamTraits@$0DHA@$0GE@@BEE_VectorStream@@@@@@B
BEE.dll,export,4905 1328 015EF5B0 ?BEE_StreamName_VEC_3D_BEVEL_REFLECTION_INTENSITY@BEE_VectorStream@@3V?$TDB_DerivedMatchName@V?$TDB_FloatStream@U?$BEE_Vec3DPercentStreamTraits@$0DHB@$0A@@BEE_VectorStream@@@@@@B
BEE.dll,export,4906 1329 015EF5D0 ?BEE_StreamName_VEC_3D_BEVEL_REFLECTION_ROLLOFF@BEE_VectorStream@@3V?$TDB_DerivedMatchName@V?$TDB_FloatStream@U?$BEE_Vec3DPercentStreamTraits@$0DHD@$0A@@BEE_VectorStream@@@@@@B
BEE.dll,export,4907 132A 015EF5C0 ?BEE_StreamName_VEC_3D_BEVEL_REFLECTION_SHARPNESS@BEE_VectorStream@@3V?$TDB_DerivedMatchName@V?$TDB_FloatStream@U?$BEE_Vec3DPercentStreamTraits@$0DHC@$0GE@@BEE_VectorStream@@@@@@B
BEE.dll,export,4908 132B 015EF580 ?BEE_StreamName_VEC_3D_BEVEL_SPECULAR_INTENSITY@BEE_VectorStream@@3V?$TDB_DerivedMatchName@V?$TDB_FloatStream@U?$BEE_Vec3DPercentStreamTraits@$0DGO@$0DC@@BEE_VectorStream@@@@@@B
BEE.dll,export,4909 132C 015EF590 ?BEE_StreamName_VEC_3D_BEVEL_SPECULAR_SHININESS@BEE_VectorStream@@3V?$TDB_DerivedMatchName@V?$TDB_FloatStream@U?$BEE_Vec3DPercentStreamTraits@$0DGP@$04@BEE_VectorStream@@@@@@B
BEE.dll,export,4910 132D 015EF5E0 ?BEE_StreamName_VEC_3D_BEVEL_TRANSPARENCY@BEE_VectorStream@@3V?$TDB_DerivedMatchName@V?$TDB_FloatStream@U?$BEE_Vec3DPercentStreamTraits@$0DHE@$0A@@BEE_VectorStream@@@@@@B
BEE.dll,export,4911 132E 015EF5F0 ?BEE_StreamName_VEC_3D_BEVEL_TRANSPARENCY_ROLLOFF@BEE_VectorStream@@3V?$TDB_DerivedMatchName@V?$TDB_FloatStream@U?$BEE_Vec3DPercentStreamTraits@$0DHF@$0A@@BEE_VectorStream@@@@@@B
BEE.dll,export,4912 132F 015EF4A0 ?BEE_StreamName_VEC_3D_FRONT_AMBIENT@BEE_VectorStream@@3V?$TDB_DerivedMatchName@V?$TDB_FloatStream@U?$BEE_Vec3DPercentStreamTraits@$0DEA@$0GE@@BEE_VectorStream@@@@@@B
BEE.dll,export,4913 1330 015EF490 ?BEE_StreamName_VEC_3D_FRONT_COLOR@BEE_VectorStream@@3V?$TDB_DerivedMatchName@V?$TDB_Float4Stream@U?$BEE_Vec3DColorRGBStreamTraits@$0DDL@@BEE_VectorStream@@@@@@B
BEE.dll,export,4914 1331 015EF4B0 ?BEE_StreamName_VEC_3D_FRONT_DIFFUSE@BEE_VectorStream@@3V?$TDB_DerivedMatchName@V?$TDB_FloatStream@U?$BEE_Vec3DPercentStreamTraits@$0DEB@$0DC@@BEE_VectorStream@@@@@@B
BEE.dll,export,4915 1332 015EF540 ?BEE_StreamName_VEC_3D_FRONT_IOR@BEE_VectorStream@@3V?$TDB_DerivedMatchName@V?$TDB_FloatStream@U?$BEE_Vec3DIORStreamTraits@$0DEK@@BEE_VectorStream@@@@@@B
BEE.dll,export,4916 1333 015EF4E0 ?BEE_StreamName_VEC_3D_FRONT_METAL@BEE_VectorStream@@3V?$TDB_DerivedMatchName@V?$TDB_FloatStream@U?$BEE_Vec3DPercentStreamTraits@$0DEE@$0GE@@BEE_VectorStream@@@@@@B
BEE.dll,export,4917 1334 015EF4F0 ?BEE_StreamName_VEC_3D_FRONT_REFLECTION_INTENSITY@BEE_VectorStream@@3V?$TDB_DerivedMatchName@V?$TDB_FloatStream@U?$BEE_Vec3DPercentStreamTraits@$0DEF@$0A@@BEE_VectorStream@@@@@@B
BEE.dll,export,4918 1335 015EF510 ?BEE_StreamName_VEC_3D_FRONT_REFLECTION_ROLLOFF@BEE_VectorStream@@3V?$TDB_DerivedMatchName@V?$TDB_FloatStream@U?$BEE_Vec3DPercentStreamTraits@$0DEH@$0A@@BEE_VectorStream@@@@@@B
BEE.dll,export,4919 1336 015EF500 ?BEE_StreamName_VEC_3D_FRONT_REFLECTION_SHARPNESS@BEE_VectorStream@@3V?$TDB_DerivedMatchName@V?$TDB_FloatStream@U?$BEE_Vec3DPercentStreamTraits@$0DEG@$0GE@@BEE_VectorStream@@@@@@B
BEE.dll,export,4920 1337 015EF4C0 ?BEE_StreamName_VEC_3D_FRONT_SPECULAR_INTENSITY@BEE_VectorStream@@3V?$TDB_DerivedMatchName@V?$TDB_FloatStream@U?$BEE_Vec3DPercentStreamTraits@$0DEC@$0DC@@BEE_VectorStream@@@@@@B
BEE.dll,export,4921 1338 015EF4D0 ?BEE_StreamName_VEC_3D_FRONT_SPECULAR_SHININESS@BEE_VectorStream@@3V?$TDB_DerivedMatchName@V?$TDB_FloatStream@U?$BEE_Vec3DPercentStreamTraits@$0DED@$04@BEE_VectorStream@@@@@@B
BEE.dll,export,4922 1339 015EF520 ?BEE_StreamName_VEC_3D_FRONT_TRANSPARENCY@BEE_VectorStream@@3V?$TDB_DerivedMatchName@V?$TDB_FloatStream@U?$BEE_Vec3DPercentStreamTraits@$0DEI@$0A@@BEE_VectorStream@@@@@@B
BEE.dll,export,4923 133A 015EF530 ?BEE_StreamName_VEC_3D_FRONT_TRANSPARENCY_ROLLOFF@BEE_VectorStream@@3V?$TDB_DerivedMatchName@V?$TDB_FloatStream@U?$BEE_Vec3DPercentStreamTraits@$0DEJ@$0A@@BEE_VectorStream@@@@@@B
BEE.dll,export,4924 133B 015EF620 ?BEE_StreamName_VEC_3D_SIDE_AMBIENT@BEE_VectorStream@@3V?$TDB_DerivedMatchName@V?$TDB_FloatStream@U?$BEE_Vec3DPercentStreamTraits@$0DIC@$0GE@@BEE_VectorStream@@@@@@B
BEE.dll,export,4925 133C 015EF610 ?BEE_StreamName_VEC_3D_SIDE_COLOR@BEE_VectorStream@@3V?$TDB_DerivedMatchName@V?$TDB_Float4Stream@U?$BEE_Vec3DColorRGBStreamTraits@$0DHN@@BEE_VectorStream@@@@@@B
BEE.dll,export,4926 133D 015EF630 ?BEE_StreamName_VEC_3D_SIDE_DIFFUSE@BEE_VectorStream@@3V?$TDB_DerivedMatchName@V?$TDB_FloatStream@U?$BEE_Vec3DPercentStreamTraits@$0DID@$0DC@@BEE_VectorStream@@@@@@B
BEE.dll,export,4927 133E 015EF6C0 ?BEE_StreamName_VEC_3D_SIDE_IOR@BEE_VectorStream@@3V?$TDB_DerivedMatchName@V?$TDB_FloatStream@U?$BEE_Vec3DIORStreamTraits@$0DIM@@BEE_VectorStream@@@@@@B
BEE.dll,export,4928 133F 015EF660 ?BEE_StreamName_VEC_3D_SIDE_METAL@BEE_VectorStream@@3V?$TDB_DerivedMatchName@V?$TDB_FloatStream@U?$BEE_Vec3DPercentStreamTraits@$0DIG@$0GE@@BEE_VectorStream@@@@@@B
BEE.dll,export,4929 1340 015EF670 ?BEE_StreamName_VEC_3D_SIDE_REFLECTION_INTENSITY@BEE_VectorStream@@3V?$TDB_DerivedMatchName@V?$TDB_FloatStream@U?$BEE_Vec3DPercentStreamTraits@$0DIH@$0A@@BEE_VectorStream@@@@@@B
BEE.dll,export,4930 1341 015EF690 ?BEE_StreamName_VEC_3D_SIDE_REFLECTION_ROLLOFF@BEE_VectorStream@@3V?$TDB_DerivedMatchName@V?$TDB_FloatStream@U?$BEE_Vec3DPercentStreamTraits@$0DIJ@$0A@@BEE_VectorStream@@@@@@B
BEE.dll,export,4931 1342 015EF680 ?BEE_StreamName_VEC_3D_SIDE_REFLECTION_SHARPNESS@BEE_VectorStream@@3V?$TDB_DerivedMatchName@V?$TDB_FloatStream@U?$BEE_Vec3DPercentStreamTraits@$0DII@$0GE@@BEE_VectorStream@@@@@@B
BEE.dll,export,4932 1343 015EF640 ?BEE_StreamName_VEC_3D_SIDE_SPECULAR_INTENSITY@BEE_VectorStream@@3V?$TDB_DerivedMatchName@V?$TDB_FloatStream@U?$BEE_Vec3DPercentStreamTraits@$0DIE@$0DC@@BEE_VectorStream@@@@@@B
BEE.dll,export,4933 1344 015EF650 ?BEE_StreamName_VEC_3D_SIDE_SPECULAR_SHININESS@BEE_VectorStream@@3V?$TDB_DerivedMatchName@V?$TDB_FloatStream@U?$BEE_Vec3DPercentStreamTraits@$0DIF@$04@BEE_VectorStream@@@@@@B
BEE.dll,export,4934 1345 015EF6A0 ?BEE_StreamName_VEC_3D_SIDE_TRANSPARENCY@BEE_VectorStream@@3V?$TDB_DerivedMatchName@V?$TDB_FloatStream@U?$BEE_Vec3DPercentStreamTraits@$0DIK@$0A@@BEE_VectorStream@@@@@@B
BEE.dll,export,4935 1346 015EF6B0 ?BEE_StreamName_VEC_3D_SIDE_TRANSPARENCY_ROLLOFF@BEE_VectorStream@@3V?$TDB_DerivedMatchName@V?$TDB_FloatStream@U?$BEE_Vec3DPercentStreamTraits@$0DIL@$0A@@BEE_VectorStream@@@@@@B
BEE.dll,export,4949 1354 005B33B0 ?BEE_TextGetPathStreamPath@@YA_NAEBVBEE_TextLayer@@_NPEAVBEE_MaskShapeStreamIDPath@@PEAI@Z
BEE.dll,export,4994 1381 00705400 ?BEE_Vec3D_CollectShapeGroupMaterialOverrides@BEE_VectorStream3D@@YAXPEAVBEE_VectorLayer@@UT_Time@@AEAVGroup@BEE_VectorArt@@AEAUShapeGroupState@1@@Z
BEE.dll,export,5088 13DF 002D8B30 ?CalcStandInRGBAOfStops@BEE_GradientColors@@QEBA?AVPF_PixelFloat@@XZ
BEE.dll,export,5107 13F2 006E13C0 ?CanChangeFlattenSwitch@BEE_VectorLayer@@UEBA_NXZ
BEE.dll,export,5119 13FE 006E13D0 ?CanFlatten@BEE_VectorLayer@@UEBA_NXZ
BEE.dll,export,5127 1406 006E13E0 ?CanHaveEffects@BEE_VectorLayer@@UEBA_NXZ
BEE.dll,export,5137 1410 006E13F0 ?CanHaveMasks@BEE_VectorLayer@@UEBA_NXZ
BEE.dll,export,5141 1414 006E1400 ?CanRasterizeOverPreviousLayer@BEE_VectorLayer@@UEBA_NXZ
BEE.dll,export,5159 1426 00700250 ?CanStore@VectorsStreamGroup@BEE_VectorStream@@UEBA_NAEBVTDB_MatchName@@@Z
BEE.dll,export,5161 1428 006E1410 ?CanUseArtCache@BEE_VectorLayer@@IEBA_NXZ
BEE.dll,export,5177 1438 00700320 ?ChangeVectorDashCount@BEE_VectorStream@@YAX_NAEBVTDB_StreamIDPath@@AEAVBEE_VectorLayer@@@Z
BEE.dll,export,5178 1439 0077D370 ?CheckAGMSafety@BEE_VectorUtils@@YA_NAEBV?$IntrusivePtr@VGroup@BEE_VectorArt@@@RefCountedInterface@utility@dvacore@@PEBD1@Z
BEE.dll,export,5181 143C 00043280 ?CheckoutBackgroundStrokesImage@BEE_RotobrushCacheViewRenderFrameData@@EEAA?AV?$shared_ptr@V?$CheckoutReceipt@V?$any_image_view@V?$image_view@V?$memory_based_2d_locator@V?$memory_based_step_iterator@PEAU?$pixel@EU?$layout@U?$mp_list@Ugray_color_t@gil@boost@@@mp11@boost@@U?$mp_list@U?$integral_constant@H$0A@@std@@@23@@gil@boost@@@gil@boost@@@gil@boost@@@gil@boost@@@gil@boost@@V?$image_view@V?$memory_based_2d_locator@V?$memory_based_step_iterator@PEAU?$pixel@U?$scoped_channel_value@GUu15x_min@samurai@@Uu15x_max@2@@gil@boost@@U?$layout@U?$mp_list@Ugray_color_t@gil@boost@@@mp11@boost@@U?$mp_list@U?$integral_constant@H$0A@@std@@@23@@23@@gil@boost@@@gil@boost@@@gil@boost@@@23@V?$image_view@V?$memory_based_2d_locator@V?$memory_based_step_iterator@PEAU?$pixel@U?$scoped_channel_value@MUhdr_float_zero@samurai@@Uhdr_float_one@2@@gil@boost@@U?$layout@U?$mp_list@Ugray_color_t@gil@boost@@@mp11@boost@@U?$mp_list@U?$integral_constant@H$0A@@std@@@23@@23@@gil@boost@@@gil@boost@@@gil@boost@@@23@V?$image_view@V?$memory_based_2d_locator@V?$memory_based_step_iterator@V?$memory_based_step_iterator@PEAU?$pixel@EU?$layout@U?$mp_list@Ugray_color_t@gil@boost@@@mp11@boost@@U?$mp_list@U?$integral_constant@H$0A@@std@@@23@@gil@boost@@@gil@boost@@@gil@boost@@@gil@boost@@@gil@boost@@@23@V?$image_view@V?$memory_based_2d_locator@V?$memory_based_step_iterator@V?$memory_based_step_iterator@PEAU?$pixel@U?$scoped_channel_value@GUu15x_min@samurai@@Uu15x_max@2@@gil@boost@@U?$layout@U?$mp_list@Ugray_color_t@gil@boost@@@mp11@boost@@U?$mp_list@U?$integral_constant@H$0A@@std@@@23@@23@@gil@boost@@@gil@boost@@@gil@boost@@@gil@boost@@@23@V?$image_view@V?$memory_based_2d_locator@V?$memory_based_step_iterator@V?$memory_based_step_iterator@PEAU?$pixel@U?$scoped_channel_value@MUhdr_float_zero@samurai@@Uhdr_float_one@2@@gil@boost@@U?$layout@U?$mp_list@Ugray_color_t@gil@boost@@@mp11@boost@@U?$mp_list@U?$integral_constant@H$0A@@std@@@23@@23@@gil@boost@@@gil@boost@@@gil@boost@@@gil@boost@@@23@@gil@boost@@@samurai@@@boost@@HPEBVPaintStrokeIndexRange@@@Z
BEE.dll,export,5182 143D 000432A0 ?CheckoutForegroundStrokesImage@BEE_RotobrushCacheViewRenderFrameData@@EEAA?AV?$shared_ptr@V?$CheckoutReceipt@V?$any_image_view@V?$image_view@V?$memory_based_2d_locator@V?$memory_based_step_iterator@PEAU?$pixel@EU?$layout@U?$mp_list@Ugray_color_t@gil@boost@@@mp11@boost@@U?$mp_list@U?$integral_constant@H$0A@@std@@@23@@gil@boost@@@gil@boost@@@gil@boost@@@gil@boost@@@gil@boost@@V?$image_view@V?$memory_based_2d_locator@V?$memory_based_step_iterator@PEAU?$pixel@U?$scoped_channel_value@GUu15x_min@samurai@@Uu15x_max@2@@gil@boost@@U?$layout@U?$mp_list@Ugray_color_t@gil@boost@@@mp11@boost@@U?$mp_list@U?$integral_constant@H$0A@@std@@@23@@23@@gil@boost@@@gil@boost@@@gil@boost@@@23@V?$image_view@V?$memory_based_2d_locator@V?$memory_based_step_iterator@PEAU?$pixel@U?$scoped_channel_value@MUhdr_float_zero@samurai@@Uhdr_float_one@2@@gil@boost@@U?$layout@U?$mp_list@Ugray_color_t@gil@boost@@@mp11@boost@@U?$mp_list@U?$integral_constant@H$0A@@std@@@23@@23@@gil@boost@@@gil@boost@@@gil@boost@@@23@V?$image_view@V?$memory_based_2d_locator@V?$memory_based_step_iterator@V?$memory_based_step_iterator@PEAU?$pixel@EU?$layout@U?$mp_list@Ugray_color_t@gil@boost@@@mp11@boost@@U?$mp_list@U?$integral_constant@H$0A@@std@@@23@@gil@boost@@@gil@boost@@@gil@boost@@@gil@boost@@@gil@boost@@@23@V?$image_view@V?$memory_based_2d_locator@V?$memory_based_step_iterator@V?$memory_based_step_iterator@PEAU?$pixel@U?$scoped_channel_value@GUu15x_min@samurai@@Uu15x_max@2@@gil@boost@@U?$layout@U?$mp_list@Ugray_color_t@gil@boost@@@mp11@boost@@U?$mp_list@U?$integral_constant@H$0A@@std@@@23@@23@@gil@boost@@@gil@boost@@@gil@boost@@@gil@boost@@@23@V?$image_view@V?$memory_based_2d_locator@V?$memory_based_step_iterator@V?$memory_based_step_iterator@PEAU?$pixel@U?$scoped_channel_value@MUhdr_float_zero@samurai@@Uhdr_float_one@2@@gil@boost@@U?$layout@U?$mp_list@Ugray_color_t@gil@boost@@@mp11@boost@@U?$mp_list@U?$integral_constant@H$0A@@std@@@23@@23@@gil@boost@@@gil@boost@@@gil@boost@@@gil@boost@@@23@@gil@boost@@@samurai@@@boost@@HPEBVPaintStrokeIndexRange@@@Z
BEE.dll,export,5186 1441 000432E0 ?CheckoutMattingMinusStrokesImage@BEE_RotobrushCacheViewRenderFrameData@@EEAA?AV?$shared_ptr@V?$CheckoutReceipt@V?$any_image_view@V?$image_view@V?$memory_based_2d_locator@V?$memory_based_step_iterator@PEAU?$pixel@EU?$layout@U?$mp_list@Ugray_color_t@gil@boost@@@mp11@boost@@U?$mp_list@U?$integral_constant@H$0A@@std@@@23@@gil@boost@@@gil@boost@@@gil@boost@@@gil@boost@@@gil@boost@@V?$image_view@V?$memory_based_2d_locator@V?$memory_based_step_iterator@PEAU?$pixel@U?$scoped_channel_value@GUu15x_min@samurai@@Uu15x_max@2@@gil@boost@@U?$layout@U?$mp_list@Ugray_color_t@gil@boost@@@mp11@boost@@U?$mp_list@U?$integral_constant@H$0A@@std@@@23@@23@@gil@boost@@@gil@boost@@@gil@boost@@@23@V?$image_view@V?$memory_based_2d_locator@V?$memory_based_step_iterator@PEAU?$pixel@U?$scoped_channel_value@MUhdr_float_zero@samurai@@Uhdr_float_one@2@@gil@boost@@U?$layout@U?$mp_list@Ugray_color_t@gil@boost@@@mp11@boost@@U?$mp_list@U?$integral_constant@H$0A@@std@@@23@@23@@gil@boost@@@gil@boost@@@gil@boost@@@23@V?$image_view@V?$memory_based_2d_locator@V?$memory_based_step_iterator@V?$memory_based_step_iterator@PEAU?$pixel@EU?$layout@U?$mp_list@Ugray_color_t@gil@boost@@@mp11@boost@@U?$mp_list@U?$integral_constant@H$0A@@std@@@23@@gil@boost@@@gil@boost@@@gil@boost@@@gil@boost@@@gil@boost@@@23@V?$image_view@V?$memory_based_2d_locator@V?$memory_based_step_iterator@V?$memory_based_step_iterator@PEAU?$pixel@U?$scoped_channel_value@GUu15x_min@samurai@@Uu15x_max@2@@gil@boost@@U?$layout@U?$mp_list@Ugray_color_t@gil@boost@@@mp11@boost@@U?$mp_list@U?$integral_constant@H$0A@@std@@@23@@23@@gil@boost@@@gil@boost@@@gil@boost@@@gil@boost@@@23@V?$image_view@V?$memory_based_2d_locator@V?$memory_based_step_iterator@V?$memory_based_step_iterator@PEAU?$pixel@U?$scoped_channel_value@MUhdr_float_zero@samurai@@Uhdr_float_one@2@@gil@boost@@U?$layout@U?$mp_list@Ugray_color_t@gil@boost@@@mp11@boost@@U?$mp_list@U?$integral_constant@H$0A@@std@@@23@@23@@gil@boost@@@gil@boost@@@gil@boost@@@gil@boost@@@23@@gil@boost@@@samurai@@@boost@@HPEBVPaintStrokeIndexRange@@@Z
BEE.dll,export,5187 1442 00043300 ?CheckoutMattingPlusStrokesImage@BEE_RotobrushCacheViewRenderFrameData@@EEAA?AV?$shared_ptr@V?$CheckoutReceipt@V?$any_image_view@V?$image_view@V?$memory_based_2d_locator@V?$memory_based_step_iterator@PEAU?$pixel@EU?$layout@U?$mp_list@Ugray_color_t@gil@boost@@@mp11@boost@@U?$mp_list@U?$integral_constant@H$0A@@std@@@23@@gil@boost@@@gil@boost@@@gil@boost@@@gil@boost@@@gil@boost@@V?$image_view@V?$memory_based_2d_locator@V?$memory_based_step_iterator@PEAU?$pixel@U?$scoped_channel_value@GUu15x_min@samurai@@Uu15x_max@2@@gil@boost@@U?$layout@U?$mp_list@Ugray_color_t@gil@boost@@@mp11@boost@@U?$mp_list@U?$integral_constant@H$0A@@std@@@23@@23@@gil@boost@@@gil@boost@@@gil@boost@@@23@V?$image_view@V?$memory_based_2d_locator@V?$memory_based_step_iterator@PEAU?$pixel@U?$scoped_channel_value@MUhdr_float_zero@samurai@@Uhdr_float_one@2@@gil@boost@@U?$layout@U?$mp_list@Ugray_color_t@gil@boost@@@mp11@boost@@U?$mp_list@U?$integral_constant@H$0A@@std@@@23@@23@@gil@boost@@@gil@boost@@@gil@boost@@@23@V?$image_view@V?$memory_based_2d_locator@V?$memory_based_step_iterator@V?$memory_based_step_iterator@PEAU?$pixel@EU?$layout@U?$mp_list@Ugray_color_t@gil@boost@@@mp11@boost@@U?$mp_list@U?$integral_constant@H$0A@@std@@@23@@gil@boost@@@gil@boost@@@gil@boost@@@gil@boost@@@gil@boost@@@23@V?$image_view@V?$memory_based_2d_locator@V?$memory_based_step_iterator@V?$memory_based_step_iterator@PEAU?$pixel@U?$scoped_channel_value@GUu15x_min@samurai@@Uu15x_max@2@@gil@boost@@U?$layout@U?$mp_list@Ugray_color_t@gil@boost@@@mp11@boost@@U?$mp_list@U?$integral_constant@H$0A@@std@@@23@@23@@gil@boost@@@gil@boost@@@gil@boost@@@gil@boost@@@23@V?$image_view@V?$memory_based_2d_locator@V?$memory_based_step_iterator@V?$memory_based_step_iterator@PEAU?$pixel@U?$scoped_channel_value@MUhdr_float_zero@samurai@@Uhdr_float_one@2@@gil@boost@@U?$layout@U?$mp_list@Ugray_color_t@gil@boost@@@mp11@boost@@U?$mp_list@U?$integral_constant@H$0A@@std@@@23@@23@@gil@boost@@@gil@boost@@@gil@boost@@@gil@boost@@@23@@gil@boost@@@samurai@@@boost@@HPEBVPaintStrokeIndexRange@@@Z
BEE.dll,export,5188 1443 00043320 ?CheckoutStrokeConfidenceImage@BEE_RotobrushCacheViewRenderFrameData@@EEAA?AV?$shared_ptr@V?$CheckoutReceipt@V?$any_image_view@V?$image_view@V?$memory_based_2d_locator@V?$memory_based_step_iterator@PEAU?$pixel@EU?$layout@U?$mp_list@Ugray_color_t@gil@boost@@@mp11@boost@@U?$mp_list@U?$integral_constant@H$0A@@std@@@23@@gil@boost@@@gil@boost@@@gil@boost@@@gil@boost@@@gil@boost@@V?$image_view@V?$memory_based_2d_locator@V?$memory_based_step_iterator@PEAU?$pixel@U?$scoped_channel_value@GUu15x_min@samurai@@Uu15x_max@2@@gil@boost@@U?$layout@U?$mp_list@Ugray_color_t@gil@boost@@@mp11@boost@@U?$mp_list@U?$integral_constant@H$0A@@std@@@23@@23@@gil@boost@@@gil@boost@@@gil@boost@@@23@V?$image_view@V?$memory_based_2d_locator@V?$memory_based_step_iterator@PEAU?$pixel@U?$scoped_channel_value@MUhdr_float_zero@samurai@@Uhdr_float_one@2@@gil@boost@@U?$layout@U?$mp_list@Ugray_color_t@gil@boost@@@mp11@boost@@U?$mp_list@U?$integral_constant@H$0A@@std@@@23@@23@@gil@boost@@@gil@boost@@@gil@boost@@@23@V?$image_view@V?$memory_based_2d_locator@V?$memory_based_step_iterator@V?$memory_based_step_iterator@PEAU?$pixel@EU?$layout@U?$mp_list@Ugray_color_t@gil@boost@@@mp11@boost@@U?$mp_list@U?$integral_constant@H$0A@@std@@@23@@gil@boost@@@gil@boost@@@gil@boost@@@gil@boost@@@gil@boost@@@23@V?$image_view@V?$memory_based_2d_locator@V?$memory_based_step_iterator@V?$memory_based_step_iterator@PEAU?$pixel@U?$scoped_channel_value@GUu15x_min@samurai@@Uu15x_max@2@@gil@boost@@U?$layout@U?$mp_list@Ugray_color_t@gil@boost@@@mp11@boost@@U?$mp_list@U?$integral_constant@H$0A@@std@@@23@@23@@gil@boost@@@gil@boost@@@gil@boost@@@gil@boost@@@23@V?$image_view@V?$memory_based_2d_locator@V?$memory_based_step_iterator@V?$memory_based_step_iterator@PEAU?$pixel@U?$scoped_channel_value@MUhdr_float_zero@samurai@@Uhdr_float_one@2@@gil@boost@@U?$layout@U?$mp_list@Ugray_color_t@gil@boost@@@mp11@boost@@U?$mp_list@U?$integral_constant@H$0A@@std@@@23@@23@@gil@boost@@@gil@boost@@@gil@boost@@@gil@boost@@@23@@gil@boost@@@samurai@@@boost@@H@Z
BEE.dll,export,5227 146A 002A0C90 ?Clone@GradientGraphic@BEE_VectorArt@@UEAA?AV?$IntrusivePtr@VBaseObject@BEE_VectorArt@@@RefCountedInterface@utility@dvacore@@XZ
BEE.dll,export,5228 146B 002A0D10 ?Clone@Group@BEE_VectorArt@@UEAA?AV?$IntrusivePtr@VBaseObject@BEE_VectorArt@@@RefCountedInterface@utility@dvacore@@XZ
BEE.dll,export,5229 146C 002A0D90 ?Clone@Path@BEE_VectorArt@@UEAA?AV?$IntrusivePtr@VBaseObject@BEE_VectorArt@@@RefCountedInterface@utility@dvacore@@XZ
BEE.dll,export,5230 146D 002A0E10 ?Clone@SolidColorGraphic@BEE_VectorArt@@UEAA?AV?$IntrusivePtr@VBaseObject@BEE_VectorArt@@@RefCountedInterface@utility@dvacore@@XZ
BEE.dll,export,5231 146E 002A0ED0 ?Clone@StreamBasedFilter@BEE_VectorArt@@UEAA?AV?$IntrusivePtr@VBaseObject@BEE_VectorArt@@@RefCountedInterface@utility@dvacore@@XZ
BEE.dll,export,5232 146F 002A0F50 ?Clone@SymbolGroup@BEE_VectorArt@@UEAA?AV?$IntrusivePtr@VBaseObject@BEE_VectorArt@@@RefCountedInterface@utility@dvacore@@XZ
BEE.dll,export,5235 1472 002A1030 ?CloneContainer@Group@BEE_VectorArt@@UEAA?AV?$IntrusivePtr@VBaseContainer@BEE_VectorArt@@@RefCountedInterface@utility@dvacore@@XZ
BEE.dll,export,5236 1473 002A10B0 ?CloneContainer@SymbolGroup@BEE_VectorArt@@UEAA?AV?$IntrusivePtr@VBaseContainer@BEE_VectorArt@@@RefCountedInterface@utility@dvacore@@XZ
BEE.dll,export,5259 148A 0007E510 ?CloneStream@?$TDB_FloatStream@UBlendModeStreamTraits@BEE_VectorStream@@@@UEBAPEAVTDB_StreamBase@@AEBUTDB_CloneStreamParams@@@Z
BEE.dll,export,5262 148D 0007E580 ?CloneStream@?$TDB_PopupStream@UBlendModeStreamTraits@BEE_VectorStream@@@@UEBAPEAVTDB_StreamBase@@AEBUTDB_CloneStreamParams@@@Z
BEE.dll,export,5282 14A1 0007EA00 ?CloneStream@BEE_GradientColorsStream@@UEBAPEAVTDB_StreamBase@@AEBUTDB_CloneStreamParams@@@Z
BEE.dll,export,5326 14CD 00044D70 ?CloneStream@BEE_PaintShapeStream@@UEBAPEAVTDB_StreamBase@@AEBUTDB_CloneStreamParams@@@Z
BEE.dll,export,5327 14CE 00044DE0 ?CloneStream@BEE_PaintStrokesGroup@@UEBAPEAVTDB_StreamBase@@AEBUTDB_CloneStreamParams@@@Z
BEE.dll,export,5337 14D8 000450E0 ?CloneStream@BEE_SamuraiStrokesGroup@@UEBAPEAVTDB_StreamBase@@AEBUTDB_CloneStreamParams@@@Z
BEE.dll,export,5358 14ED 000B0920 ?CloneStream@BEE_VectorLayer@@UEBAPEAVTDB_StreamBase@@AEBUTDB_CloneStreamParams@@@Z
BEE.dll,export,5359 14EE 0007F320 ?CloneStream@BlendModeStream@BEE_VectorStream@@UEBAPEAVTDB_StreamBase@@AEBUTDB_CloneStreamParams@@@Z
BEE.dll,export,5361 14F0 0007F3E0 ?CloneStream@EllipseStreamGroup@BEE_VectorStream@@UEBAPEAVTDB_StreamBase@@AEBUTDB_CloneStreamParams@@@Z
BEE.dll,export,5362 14F1 0007F430 ?CloneStream@FillStreamGroup@BEE_VectorStream@@UEBAPEAVTDB_StreamBase@@AEBUTDB_CloneStreamParams@@@Z
BEE.dll,export,5363 14F2 0007F480 ?CloneStream@GradientFillStreamGroup@BEE_VectorStream@@UEBAPEAVTDB_StreamBase@@AEBUTDB_CloneStreamParams@@@Z
BEE.dll,export,5364 14F3 0007F4D0 ?CloneStream@GradientStrokeStreamGroup@BEE_VectorStream@@UEBAPEAVTDB_StreamBase@@AEBUTDB_CloneStreamParams@@@Z
BEE.dll,export,5366 14F5 0007F570 ?CloneStream@MergePathStreamGroup@BEE_VectorStream@@UEBAPEAVTDB_StreamBase@@AEBUTDB_CloneStreamParams@@@Z
BEE.dll,export,5367 14F6 0007F5C0 ?CloneStream@OffsetPathStreamGroup@BEE_VectorStream@@UEBAPEAVTDB_StreamBase@@AEBUTDB_CloneStreamParams@@@Z
BEE.dll,export,5368 14F7 0007F610 ?CloneStream@PolyStarStreamGroup@BEE_VectorStream@@UEBAPEAVTDB_StreamBase@@AEBUTDB_CloneStreamParams@@@Z
BEE.dll,export,5369 14F8 0007F660 ?CloneStream@PuckerBloatStreamGroup@BEE_VectorStream@@UEBAPEAVTDB_StreamBase@@AEBUTDB_CloneStreamParams@@@Z
BEE.dll,export,5370 14F9 0007F6B0 ?CloneStream@RectStreamGroup@BEE_VectorStream@@UEBAPEAVTDB_StreamBase@@AEBUTDB_CloneStreamParams@@@Z
BEE.dll,export,5371 14FA 0007F700 ?CloneStream@RepeaterStreamGroup@BEE_VectorStream@@UEBAPEAVTDB_StreamBase@@AEBUTDB_CloneStreamParams@@@Z
BEE.dll,export,5372 14FB 0007F750 ?CloneStream@RepeaterTransformStreamGroup@BEE_VectorStream@@UEBAPEAVTDB_StreamBase@@AEBUTDB_CloneStreamParams@@@Z
BEE.dll,export,5373 14FC 0007F7A0 ?CloneStream@RevealPathStreamGroup@BEE_VectorStream@@UEBAPEAVTDB_StreamBase@@AEBUTDB_CloneStreamParams@@@Z
BEE.dll,export,5375 14FE 0007F840 ?CloneStream@RoughenStreamGroup@BEE_VectorStream@@UEBAPEAVTDB_StreamBase@@AEBUTDB_CloneStreamParams@@@Z
BEE.dll,export,5376 14FF 0007F890 ?CloneStream@RoundCornerStreamGroup@BEE_VectorStream@@UEBAPEAVTDB_StreamBase@@AEBUTDB_CloneStreamParams@@@Z
BEE.dll,export,5377 1500 0007F8E0 ?CloneStream@ShapeStream@BEE_VectorStream@@UEBAPEAVTDB_StreamBase@@AEBUTDB_CloneStreamParams@@@Z
BEE.dll,export,5378 1501 0007F950 ?CloneStream@ShapeStreamGroup@BEE_VectorStream@@UEBAPEAVTDB_StreamBase@@AEBUTDB_CloneStreamParams@@@Z
BEE.dll,export,5379 1502 0007F9A0 ?CloneStream@StrokeDashesStreamGroup@BEE_VectorStream@@UEBAPEAVTDB_StreamBase@@AEBUTDB_CloneStreamParams@@@Z
BEE.dll,export,5380 1503 0007F9F0 ?CloneStream@StrokeStreamGroup@BEE_VectorStream@@UEBAPEAVTDB_StreamBase@@AEBUTDB_CloneStreamParams@@@Z
BEE.dll,export,5381 1504 0007FA40 ?CloneStream@StrokeTaperStreamGroup@BEE_VectorStream@@UEBAPEAVTDB_StreamBase@@AEBUTDB_CloneStreamParams@@@Z
BEE.dll,export,5382 1505 0007FA90 ?CloneStream@StrokeTaperWaveStreamGroup@BEE_VectorStream@@UEBAPEAVTDB_StreamBase@@AEBUTDB_CloneStreamParams@@@Z
BEE.dll,export,5383 1506 0007FAE0 ?CloneStream@TransformStreamGroup@BEE_VectorStream@@UEBAPEAVTDB_StreamBase@@AEBUTDB_CloneStreamParams@@@Z
BEE.dll,export,5384 1507 0007FB30 ?CloneStream@TrimStreamGroup@BEE_VectorStream@@UEBAPEAVTDB_StreamBase@@AEBUTDB_CloneStreamParams@@@Z
BEE.dll,export,5385 1508 0007FB80 ?CloneStream@TwistStreamGroup@BEE_VectorStream@@UEBAPEAVTDB_StreamBase@@AEBUTDB_CloneStreamParams@@@Z
BEE.dll,export,5386 1509 0007FBD0 ?CloneStream@Vec3D_MaterialOptionsStreamGroup@BEE_VectorStream@@UEBAPEAVTDB_StreamBase@@AEBUTDB_CloneStreamParams@@@Z
BEE.dll,export,5387 150A 0007FC20 ?CloneStream@VectorStreamGroup@BEE_VectorStream@@UEBAPEAVTDB_StreamBase@@AEBUTDB_CloneStreamParams@@@Z
BEE.dll,export,5388 150B 0007FC70 ?CloneStream@VectorsStreamGroup@BEE_VectorStream@@UEBAPEAVTDB_StreamBase@@AEBUTDB_CloneStreamParams@@@Z
BEE.dll,export,5389 150C 0007FCC0 ?CloneStream@WigglerStreamGroup@BEE_VectorStream@@UEBAPEAVTDB_StreamBase@@AEBUTDB_CloneStreamParams@@@Z
BEE.dll,export,5390 150D 0007FD10 ?CloneStream@WigglerTransformStreamGroup@BEE_VectorStream@@UEBAPEAVTDB_StreamBase@@AEBUTDB_CloneStreamParams@@@Z
BEE.dll,export,5391 150E 0007FD60 ?CloneStream@ZigzagStreamGroup@BEE_VectorStream@@UEBAPEAVTDB_StreamBase@@AEBUTDB_CloneStreamParams@@@Z
BEE.dll,export,5392 150F 00368270 ?CloneToOMStream@BEE_GenericShapeStream@@QEBAPEAVOM_Stream@@XZ
BEE.dll,export,5394 1511 006941B0 ?Close@BEE_SVGToAGMDisplayListConverter@@QEAAXXZ
BEE.dll,export,5409 1520 006E1440 ?CmdParamChanged@BEE_VectorLayer@@UEAAXAEBVTDB_StreamIDPath@@AEBUT_Time@@@Z
BEE.dll,export,5435 153A 006CC500 ?CollectObjects@BEE_VectorArt@@YAXAEAVBaseContainer@1@W4Type@BaseObject@1@W4CollectSymbolType@1@AEAV?$vector@VObjectCollectionData@BEE_VectorArt@@V?$allocator@VObjectCollectionData@BEE_VectorArt@@@std@@@std@@@Z
BEE.dll,export,5436 153B 006CC5C0 ?CollectObjects@BEE_VectorArt@@YAXV?$_List_iterator@V?$_List_val@U?$_List_simple_types@V?$IntrusivePtr@VBaseObject@BEE_VectorArt@@@RefCountedInterface@utility@dvacore@@@std@@@std@@@std@@0AEAVBaseContainer@1@W4Type@BaseObject@1@W4CollectSymbolType@1@AEAV?$vector@VObjectCollectionData@BEE_VectorArt@@V?$allocator@VObjectCollectionData@BEE_VectorArt@@@std@@@3@@Z
BEE.dll,export,5460 1553 0077D8D0 ?ConvertBlendingMode@BEE_VectorUtils@@YA?AW4AGMBlendingMode@BIB_T_MT@@H@Z
BEE.dll,export,5461 1554 0077D9F0 ?ConvertBlendingMode@BEE_VectorUtils@@YAHW4AGMBlendingMode@BIB_T_MT@@@Z
BEE.dll,export,5464 1557 0077DB00 ?ConvertLineCap@BEE_VectorUtils@@YA?AW4LineCapType@StrokeData@BEE_VectorArt@@H@Z
BEE.dll,export,5465 1558 0077DB20 ?ConvertLineJoin@BEE_VectorUtils@@YA?AW4LineJoinType@StrokeData@BEE_VectorArt@@H@Z
BEE.dll,export,5480 1567 000801E0 ?CopyDefaultKey@?$TDB_DerivedStream@UBEE_GradientColorsStreamTraits@@@@UEAAXAEBUT_Time@@PEBVTDB_Stream@@@Z
BEE.dll,export,5499 157A 00080520 ?CopyDefaultKey@?$TDB_DerivedStream@UBlendModeStreamTraits@BEE_VectorStream@@@@UEAAXAEBUT_Time@@PEBVTDB_Stream@@@Z
BEE.dll,export,5528 1597 000806F0 ?Create@?$TDB_FloatStream@UBlendModeStreamTraits@BEE_VectorStream@@@@SAPEAVTDB_StreamBase@@AEBVTDB_MatchName@@PEAVTDB_StreamFactory@@_NI2@Z
BEE.dll,export,5531 159A 00080780 ?Create@?$TDB_PopupStream@UBlendModeStreamTraits@BEE_VectorStream@@@@SAPEAVTDB_StreamBase@@AEBVTDB_MatchName@@PEAVTDB_StreamFactory@@_NI2@Z
BEE.dll,export,5552 15AF 00080CE0 ?Create@BEE_GradientColorsStream@@SAPEAVTDB_StreamBase@@AEBVTDB_MatchName@@PEAVTDB_StreamFactory@@_NI2@Z
BEE.dll,export,5598 15DD 00048300 ?Create@BEE_PaintShapeStream@@SAPEAVTDB_StreamBase@@AEBVTDB_MatchName@@PEAVTDB_StreamFactory@@_NI2@Z
BEE.dll,export,5599 15DE 00048390 ?Create@BEE_PaintStrokesGroup@@SAPEAVTDB_StreamBase@@AEBVTDB_MatchName@@PEAVTDB_StreamFactory@@_NI2@Z
BEE.dll,export,5612 15EB 00048810 ?Create@BEE_SamuraiStrokesGroup@@SAPEAVTDB_StreamBase@@AEBVTDB_MatchName@@PEAVTDB_StreamFactory@@_NI2@Z
BEE.dll,export,5634 1601 000B0970 ?Create@BEE_VectorLayer@@SAPEAVTDB_StreamBase@@AEBVTDB_MatchName@@PEAVTDB_StreamFactory@@_NI2@Z
BEE.dll,export,5635 1602 000817E0 ?Create@BlendModeStream@BEE_VectorStream@@SAPEAVTDB_StreamBase@@AEBVTDB_MatchName@@PEAVTDB_StreamFactory@@_NI2@Z
BEE.dll,export,5637 1604 000818D0 ?Create@EllipseStreamGroup@BEE_VectorStream@@SAPEAVTDB_StreamBase@@AEBVTDB_MatchName@@PEAVTDB_StreamFactory@@_NI2@Z
BEE.dll,export,5638 1605 00081930 ?Create@FillStreamGroup@BEE_VectorStream@@SAPEAVTDB_StreamBase@@AEBVTDB_MatchName@@PEAVTDB_StreamFactory@@_NI2@Z
BEE.dll,export,5639 1606 00081990 ?Create@GradientFillStreamGroup@BEE_VectorStream@@SAPEAVTDB_StreamBase@@AEBVTDB_MatchName@@PEAVTDB_StreamFactory@@_NI2@Z
BEE.dll,export,5640 1607 000819F0 ?Create@GradientStrokeStreamGroup@BEE_VectorStream@@SAPEAVTDB_StreamBase@@AEBVTDB_MatchName@@PEAVTDB_StreamFactory@@_NI2@Z
BEE.dll,export,5642 1609 00081AD0 ?Create@MergePathStreamGroup@BEE_VectorStream@@SAPEAVTDB_StreamBase@@AEBVTDB_MatchName@@PEAVTDB_StreamFactory@@_NI2@Z
BEE.dll,export,5643 160A 00081B30 ?Create@OffsetPathStreamGroup@BEE_VectorStream@@SAPEAVTDB_StreamBase@@AEBVTDB_MatchName@@PEAVTDB_StreamFactory@@_NI2@Z
BEE.dll,export,5644 160B 00081B90 ?Create@PolyStarStreamGroup@BEE_VectorStream@@SAPEAVTDB_StreamBase@@AEBVTDB_MatchName@@PEAVTDB_StreamFactory@@_NI2@Z
BEE.dll,export,5645 160C 00081BF0 ?Create@PuckerBloatStreamGroup@BEE_VectorStream@@SAPEAVTDB_StreamBase@@AEBVTDB_MatchName@@PEAVTDB_StreamFactory@@_NI2@Z
BEE.dll,export,5646 160D 00081C50 ?Create@RectStreamGroup@BEE_VectorStream@@SAPEAVTDB_StreamBase@@AEBVTDB_MatchName@@PEAVTDB_StreamFactory@@_NI2@Z
BEE.dll,export,5647 160E 00081CB0 ?Create@RepeaterStreamGroup@BEE_VectorStream@@SAPEAVTDB_StreamBase@@AEBVTDB_MatchName@@PEAVTDB_StreamFactory@@_NI2@Z
BEE.dll,export,5648 160F 00081D10 ?Create@RepeaterTransformStreamGroup@BEE_VectorStream@@SAPEAVTDB_StreamBase@@AEBVTDB_MatchName@@PEAVTDB_StreamFactory@@_NI2@Z
BEE.dll,export,5649 1610 00081D70 ?Create@RevealPathStreamGroup@BEE_VectorStream@@SAPEAVTDB_StreamBase@@AEBVTDB_MatchName@@PEAVTDB_StreamFactory@@_NI2@Z
BEE.dll,export,5651 1612 00081E30 ?Create@RoughenStreamGroup@BEE_VectorStream@@SAPEAVTDB_StreamBase@@AEBVTDB_MatchName@@PEAVTDB_StreamFactory@@_NI2@Z
BEE.dll,export,5652 1613 00081E90 ?Create@RoundCornerStreamGroup@BEE_VectorStream@@SAPEAVTDB_StreamBase@@AEBVTDB_MatchName@@PEAVTDB_StreamFactory@@_NI2@Z
BEE.dll,export,5653 1614 00081EF0 ?Create@ShapeStream@BEE_VectorStream@@SAPEAVTDB_StreamBase@@AEBVTDB_MatchName@@PEAVTDB_StreamFactory@@_NI2@Z
BEE.dll,export,5654 1615 00081F80 ?Create@ShapeStreamGroup@BEE_VectorStream@@SAPEAVTDB_StreamBase@@AEBVTDB_MatchName@@PEAVTDB_StreamFactory@@_NI2@Z
BEE.dll,export,5655 1616 00081FE0 ?Create@StrokeDashesStreamGroup@BEE_VectorStream@@SAPEAVTDB_StreamBase@@AEBVTDB_MatchName@@PEAVTDB_StreamFactory@@_NI2@Z
BEE.dll,export,5656 1617 00082040 ?Create@StrokeStreamGroup@BEE_VectorStream@@SAPEAVTDB_StreamBase@@AEBVTDB_MatchName@@PEAVTDB_StreamFactory@@_NI2@Z
BEE.dll,export,5657 1618 000820A0 ?Create@StrokeTaperStreamGroup@BEE_VectorStream@@SAPEAVTDB_StreamBase@@AEBVTDB_MatchName@@PEAVTDB_StreamFactory@@_NI2@Z
BEE.dll,export,5658 1619 00082100 ?Create@StrokeTaperWaveStreamGroup@BEE_VectorStream@@SAPEAVTDB_StreamBase@@AEBVTDB_MatchName@@PEAVTDB_StreamFactory@@_NI2@Z
BEE.dll,export,5659 161A 00082160 ?Create@TransformStreamGroup@BEE_VectorStream@@SAPEAVTDB_StreamBase@@AEBVTDB_MatchName@@PEAVTDB_StreamFactory@@_NI2@Z
BEE.dll,export,5660 161B 000821C0 ?Create@TrimStreamGroup@BEE_VectorStream@@SAPEAVTDB_StreamBase@@AEBVTDB_MatchName@@PEAVTDB_StreamFactory@@_NI2@Z
BEE.dll,export,5661 161C 00082220 ?Create@TwistStreamGroup@BEE_VectorStream@@SAPEAVTDB_StreamBase@@AEBVTDB_MatchName@@PEAVTDB_StreamFactory@@_NI2@Z
BEE.dll,export,5662 161D 00082280 ?Create@Vec3D_MaterialOptionsStreamGroup@BEE_VectorStream@@SAPEAVTDB_StreamBase@@AEBVTDB_MatchName@@PEAVTDB_StreamFactory@@_NI2@Z
BEE.dll,export,5663 161E 000822E0 ?Create@VectorStreamGroup@BEE_VectorStream@@SAPEAVTDB_StreamBase@@AEBVTDB_MatchName@@PEAVTDB_StreamFactory@@_NI2@Z
BEE.dll,export,5664 161F 00082340 ?Create@VectorsStreamGroup@BEE_VectorStream@@SAPEAVTDB_StreamBase@@AEBVTDB_MatchName@@PEAVTDB_StreamFactory@@_NI2@Z
BEE.dll,export,5665 1620 000823A0 ?Create@WigglerStreamGroup@BEE_VectorStream@@SAPEAVTDB_StreamBase@@AEBVTDB_MatchName@@PEAVTDB_StreamFactory@@_NI2@Z
BEE.dll,export,5666 1621 00082400 ?Create@WigglerTransformStreamGroup@BEE_VectorStream@@SAPEAVTDB_StreamBase@@AEBVTDB_MatchName@@PEAVTDB_StreamFactory@@_NI2@Z
BEE.dll,export,5667 1622 00082460 ?Create@ZigzagStreamGroup@BEE_VectorStream@@SAPEAVTDB_StreamBase@@AEBVTDB_MatchName@@PEAVTDB_StreamFactory@@_NI2@Z
BEE.dll,export,5676 162B 00368390 ?CreateDerivedShape@BEE_GenericShapeStream@@UEBAPEAVOM_Shape@@PEBV2@@Z
BEE.dll,export,5677 162C 000EA330 ?CreateDerivedShape@BEE_PaintShapeStream@@UEBAPEAVOM_Shape@@PEBV2@@Z
BEE.dll,export,5680 162F 006D90A0 ?CreateEllipse@BEE_VectorArt@@YAXAEBV?$M_Vector2T@N@@NNAEAVCAIMBezierPath@BIB_T_MT@@@Z
BEE.dll,export,5695 163E 006D9280 ?CreatePolyStar@BEE_VectorArt@@YAXHNAEBV?$M_Vector2T@N@@NNNNNPEBVRG_ProgAbort@@AEAVCAIMBezierPath@BIB_T_MT@@@Z
BEE.dll,export,5696 163F 006D9BF0 ?CreateRect@BEE_VectorArt@@YAXAEBV?$M_Vector2T@N@@NNNAEAVCAIMBezierPath@BIB_T_MT@@@Z
BEE.dll,export,5723 165A 003683D0 ?DerivedShapeKeyToOMShapeKey@BEE_GenericShapeStream@@CAHPEAVTDB_Stream@@_JHPEAUTDB_KeyScalar@@@Z
BEE.dll,export,5754 1679 00083BB0 ?DisposeCapsuleOverrideValue@?$TDB_DerivedStream@UBEE_GradientColorsStreamTraits@@@@UEBAXAEAPEAPEAVBEE_GradientColors@@@Z
BEE.dll,export,5755 167A 00083BF0 ?DisposeCapsuleOverrideValue@?$TDB_DerivedStream@UBEE_GradientColorsStreamTraits@@@@UEBAXAEAPEAX@Z
BEE.dll,export,5792 169F 00083DE0 ?DisposeCapsuleOverrideValue@?$TDB_DerivedStream@UBlendModeStreamTraits@BEE_VectorStream@@@@UEBAXAEAPEAN@Z
BEE.dll,export,5793 16A0 00083E20 ?DisposeCapsuleOverrideValue@?$TDB_DerivedStream@UBlendModeStreamTraits@BEE_VectorStream@@@@UEBAXAEAPEAX@Z
BEE.dll,export,5805 16AC 00083E50 ?DisposeValue@?$TDB_DerivedStream@UBEE_GradientColorsStreamTraits@@@@UEBAXPEAVBEE_GradientColors@@@Z
BEE.dll,export,5824 16BF 00083EA0 ?DisposeValue@?$TDB_DerivedStream@UBlendModeStreamTraits@BEE_VectorStream@@@@UEBAXN@Z
BEE.dll,export,5829 16C4 006CC930 ?DoFilter@StreamBasedFilter@BEE_VectorArt@@UEAAXPEBVRG_ProgAbort@@PEBU?$pair@V?$_List_iterator@V?$_List_val@U?$_List_simple_types@V?$IntrusivePtr@VBaseObject@BEE_VectorArt@@@RefCountedInterface@utility@dvacore@@@std@@@std@@@std@@V12@@std@@PEAVBaseContainer@2@PEBVTDB_ParamBag@@@Z
BEE.dll,export,5871 16EE 000840C0 ?ExtractCapsuleOverrideValue@?$TDB_DerivedStream@UBEE_GradientColorsStreamTraits@@@@UEBAXAEAPEAPEAVBEE_GradientColors@@AEBUTDB_EvalData@@@Z
BEE.dll,export,5872 16EF 000840D0 ?ExtractCapsuleOverrideValue@?$TDB_DerivedStream@UBEE_GradientColorsStreamTraits@@@@UEBAXAEAPEAXAEBUTDB_EvalData@@@Z
BEE.dll,export,5909 1714 00084200 ?ExtractCapsuleOverrideValue@?$TDB_DerivedStream@UBlendModeStreamTraits@BEE_VectorStream@@@@UEBAXAEAPEANAEBUTDB_EvalData@@@Z
BEE.dll,export,5910 1715 00084210 ?ExtractCapsuleOverrideValue@?$TDB_DerivedStream@UBlendModeStreamTraits@BEE_VectorStream@@@@UEBAXAEAPEAXAEBUTDB_EvalData@@@Z
BEE.dll,export,5932 172B 00084520 ?ExtractCapsuleOverrideValue@?$TDB_FloatStream@UBlendModeStreamTraits@BEE_VectorStream@@@@UEBAXAEAPEANAEBUTDB_EvalData@@@Z
BEE.dll,export,5933 172C 002DB710 ?ExtractCapsuleOverrideValue@BEE_GradientColorsStream@@UEBAXAEAPEAPEAVBEE_GradientColors@@AEBUTDB_EvalData@@@Z
BEE.dll,export,6003 1772 000EAF00 ?FillInCanonicalUILayout@BEE_StrokesGroupBase@@UEBAXPEAV?$vector@PEBVTDB_StreamBase@@V?$U_Allocator@PEBVTDB_StreamBase@@@@@std@@@Z
BEE.dll,export,6019 1782 006E1C40 ?FillInCanonicalUILayout@BEE_VectorLayer@@UEBAXPEAV?$vector@PEBVTDB_StreamBase@@V?$U_Allocator@PEBVTDB_StreamBase@@@@@std@@@Z
BEE.dll,export,6021 1784 007004A0 ?FillInCanonicalUILayout@EllipseStreamGroup@BEE_VectorStream@@MEBAXPEAV?$vector@PEBVTDB_StreamBase@@V?$U_Allocator@PEBVTDB_StreamBase@@@@@std@@@Z
BEE.dll,export,6022 1785 00700570 ?FillInCanonicalUILayout@FillStreamGroup@BEE_VectorStream@@MEBAXPEAV?$vector@PEBVTDB_StreamBase@@V?$U_Allocator@PEBVTDB_StreamBase@@@@@std@@@Z
BEE.dll,export,6023 1786 007006A0 ?FillInCanonicalUILayout@GradientFillStreamGroup@BEE_VectorStream@@MEBAXPEAV?$vector@PEBVTDB_StreamBase@@V?$U_Allocator@PEBVTDB_StreamBase@@@@@std@@@Z
BEE.dll,export,6024 1787 00700950 ?FillInCanonicalUILayout@GradientStrokeStreamGroup@BEE_VectorStream@@MEBAXPEAV?$vector@PEBVTDB_StreamBase@@V?$U_Allocator@PEBVTDB_StreamBase@@@@@std@@@Z
BEE.dll,export,6026 1789 00700D40 ?FillInCanonicalUILayout@MergePathStreamGroup@BEE_VectorStream@@MEBAXPEAV?$vector@PEBVTDB_StreamBase@@V?$U_Allocator@PEBVTDB_StreamBase@@@@@std@@@Z
BEE.dll,export,6027 178A 00700D90 ?FillInCanonicalUILayout@OffsetPathStreamGroup@BEE_VectorStream@@MEBAXPEAV?$vector@PEBVTDB_StreamBase@@V?$U_Allocator@PEBVTDB_StreamBase@@@@@std@@@Z
BEE.dll,export,6028 178B 00700EC0 ?FillInCanonicalUILayout@PolyStarStreamGroup@BEE_VectorStream@@MEBAXPEAV?$vector@PEBVTDB_StreamBase@@V?$U_Allocator@PEBVTDB_StreamBase@@@@@std@@@Z
BEE.dll,export,6029 178C 007010D0 ?FillInCanonicalUILayout@PuckerBloatStreamGroup@BEE_VectorStream@@MEBAXPEAV?$vector@PEBVTDB_StreamBase@@V?$U_Allocator@PEBVTDB_StreamBase@@@@@std@@@Z
BEE.dll,export,6030 178D 00701120 ?FillInCanonicalUILayout@RectStreamGroup@BEE_VectorStream@@MEBAXPEAV?$vector@PEBVTDB_StreamBase@@V?$U_Allocator@PEBVTDB_StreamBase@@@@@std@@@Z
BEE.dll,export,6031 178E 00701220 ?FillInCanonicalUILayout@RepeaterStreamGroup@BEE_VectorStream@@MEBAXPEAV?$vector@PEBVTDB_StreamBase@@V?$U_Allocator@PEBVTDB_StreamBase@@@@@std@@@Z
BEE.dll,export,6032 178F 00701320 ?FillInCanonicalUILayout@RepeaterTransformStreamGroup@BEE_VectorStream@@MEBAXPEAV?$vector@PEBVTDB_StreamBase@@V?$U_Allocator@PEBVTDB_StreamBase@@@@@std@@@Z
BEE.dll,export,6033 1790 00701490 ?FillInCanonicalUILayout@RevealPathStreamGroup@BEE_VectorStream@@MEBAXPEAV?$vector@PEBVTDB_StreamBase@@V?$U_Allocator@PEBVTDB_StreamBase@@@@@std@@@Z
BEE.dll,export,6035 1792 00701560 ?FillInCanonicalUILayout@RoughenStreamGroup@BEE_VectorStream@@MEBAXPEAV?$vector@PEBVTDB_StreamBase@@V?$U_Allocator@PEBVTDB_StreamBase@@@@@std@@@Z
BEE.dll,export,6036 1793 00701740 ?FillInCanonicalUILayout@RoundCornerStreamGroup@BEE_VectorStream@@MEBAXPEAV?$vector@PEBVTDB_StreamBase@@V?$U_Allocator@PEBVTDB_StreamBase@@@@@std@@@Z
BEE.dll,export,6037 1794 00701790 ?FillInCanonicalUILayout@ShapeStreamGroup@BEE_VectorStream@@MEBAXPEAV?$vector@PEBVTDB_StreamBase@@V?$U_Allocator@PEBVTDB_StreamBase@@@@@std@@@Z
BEE.dll,export,6038 1795 00701820 ?FillInCanonicalUILayout@StrokeDashesStreamGroup@BEE_VectorStream@@MEBAXPEAV?$vector@PEBVTDB_StreamBase@@V?$U_Allocator@PEBVTDB_StreamBase@@@@@std@@@Z
BEE.dll,export,6039 1796 007019C0 ?FillInCanonicalUILayout@StrokeStreamGroup@BEE_VectorStream@@MEBAXPEAV?$vector@PEBVTDB_StreamBase@@V?$U_Allocator@PEBVTDB_StreamBase@@@@@std@@@Z
BEE.dll,export,6040 1797 00701C40 ?FillInCanonicalUILayout@StrokeTaperStreamGroup@BEE_VectorStream@@MEBAXPEAV?$vector@PEBVTDB_StreamBase@@V?$U_Allocator@PEBVTDB_StreamBase@@@@@std@@@Z
BEE.dll,export,6041 1798 00701E50 ?FillInCanonicalUILayout@StrokeTaperWaveStreamGroup@BEE_VectorStream@@MEBAXPEAV?$vector@PEBVTDB_StreamBase@@V?$U_Allocator@PEBVTDB_StreamBase@@@@@std@@@Z
BEE.dll,export,6042 1799 00701F80 ?FillInCanonicalUILayout@TransformStreamGroup@BEE_VectorStream@@MEBAXPEAV?$vector@PEBVTDB_StreamBase@@V?$U_Allocator@PEBVTDB_StreamBase@@@@@std@@@Z
BEE.dll,export,6043 179A 00702120 ?FillInCanonicalUILayout@TrimStreamGroup@BEE_VectorStream@@MEBAXPEAV?$vector@PEBVTDB_StreamBase@@V?$U_Allocator@PEBVTDB_StreamBase@@@@@std@@@Z
BEE.dll,export,6044 179B 00702220 ?FillInCanonicalUILayout@TwistStreamGroup@BEE_VectorStream@@MEBAXPEAV?$vector@PEBVTDB_StreamBase@@V?$U_Allocator@PEBVTDB_StreamBase@@@@@std@@@Z
BEE.dll,export,6045 179C 007022B0 ?FillInCanonicalUILayout@Vec3D_MaterialOptionsStreamGroup@BEE_VectorStream@@MEBAXPEAV?$vector@PEBVTDB_StreamBase@@V?$U_Allocator@PEBVTDB_StreamBase@@@@@std@@@Z
BEE.dll,export,6046 179D 00702CB0 ?FillInCanonicalUILayout@VectorStreamGroup@BEE_VectorStream@@MEBAXPEAV?$vector@PEBVTDB_StreamBase@@V?$U_Allocator@PEBVTDB_StreamBase@@@@@std@@@Z
BEE.dll,export,6047 179E 00702DB0 ?FillInCanonicalUILayout@VectorsStreamGroup@BEE_VectorStream@@UEBAXPEAV?$vector@PEBVTDB_StreamBase@@V?$U_Allocator@PEBVTDB_StreamBase@@@@@std@@@Z
BEE.dll,export,6048 179F 00703200 ?FillInCanonicalUILayout@WigglerStreamGroup@BEE_VectorStream@@MEBAXPEAV?$vector@PEBVTDB_StreamBase@@V?$U_Allocator@PEBVTDB_StreamBase@@@@@std@@@Z
BEE.dll,export,6049 17A0 00703370 ?FillInCanonicalUILayout@WigglerTransformStreamGroup@BEE_VectorStream@@MEBAXPEAV?$vector@PEBVTDB_StreamBase@@V?$U_Allocator@PEBVTDB_StreamBase@@@@@std@@@Z
BEE.dll,export,6050 17A1 00703470 ?FillInCanonicalUILayout@ZigzagStreamGroup@BEE_VectorStream@@MEBAXPEAV?$vector@PEBVTDB_StreamBase@@V?$U_Allocator@PEBVTDB_StreamBase@@@@@std@@@Z
BEE.dll,export,6063 17AE 00084C50 ?FillInDisplayName@?$TDB_DerivedStream@UBEE_GradientColorsStreamTraits@@@@UEBAXXZ
BEE.dll,export,6082 17C1 00084EC0 ?FillInDisplayName@?$TDB_DerivedStream@UBlendModeStreamTraits@BEE_VectorStream@@@@UEBAXXZ
BEE.dll,export,6099 17D2 0004C540 ?FillInDisplayName@BEE_GenericShapeStream@@UEBAXXZ
BEE.dll,export,6125 17EC 0004CB40 ?FillInDisplayName@BEE_StrokesGroupBase@@UEBAXXZ
BEE.dll,export,6142 17FD 00085C50 ?FillInDisplayName@EllipseStreamGroup@BEE_VectorStream@@UEBAXXZ
BEE.dll,export,6143 17FE 00085CC0 ?FillInDisplayName@FillStreamGroup@BEE_VectorStream@@UEBAXXZ
BEE.dll,export,6144 17FF 00085D30 ?FillInDisplayName@GradientFillStreamGroup@BEE_VectorStream@@UEBAXXZ
BEE.dll,export,6145 1800 00085DA0 ?FillInDisplayName@GradientStrokeStreamGroup@BEE_VectorStream@@UEBAXXZ
BEE.dll,export,6147 1802 00085E20 ?FillInDisplayName@MergePathStreamGroup@BEE_VectorStream@@UEBAXXZ
BEE.dll,export,6148 1803 00085E90 ?FillInDisplayName@OffsetPathStreamGroup@BEE_VectorStream@@UEBAXXZ
BEE.dll,export,6149 1804 00085F00 ?FillInDisplayName@PolyStarStreamGroup@BEE_VectorStream@@UEBAXXZ
BEE.dll,export,6150 1805 00085F70 ?FillInDisplayName@PuckerBloatStreamGroup@BEE_VectorStream@@UEBAXXZ
BEE.dll,export,6151 1806 00085FE0 ?FillInDisplayName@RectStreamGroup@BEE_VectorStream@@UEBAXXZ
BEE.dll,export,6152 1807 00086050 ?FillInDisplayName@RepeaterStreamGroup@BEE_VectorStream@@UEBAXXZ
BEE.dll,export,6153 1808 000860C0 ?FillInDisplayName@RepeaterTransformStreamGroup@BEE_VectorStream@@UEBAXXZ
BEE.dll,export,6154 1809 00086140 ?FillInDisplayName@RevealPathStreamGroup@BEE_VectorStream@@UEBAXXZ
BEE.dll,export,6156 180B 00086230 ?FillInDisplayName@RoughenStreamGroup@BEE_VectorStream@@UEBAXXZ
BEE.dll,export,6157 180C 000862A0 ?FillInDisplayName@RoundCornerStreamGroup@BEE_VectorStream@@UEBAXXZ
BEE.dll,export,6158 180D 00086310 ?FillInDisplayName@ShapeStreamGroup@BEE_VectorStream@@UEBAXXZ
BEE.dll,export,6159 180E 00086390 ?FillInDisplayName@StrokeDashesStreamGroup@BEE_VectorStream@@UEBAXXZ
BEE.dll,export,6160 180F 00086400 ?FillInDisplayName@StrokeStreamGroup@BEE_VectorStream@@UEBAXXZ
BEE.dll,export,6161 1810 00086470 ?FillInDisplayName@StrokeTaperStreamGroup@BEE_VectorStream@@UEBAXXZ
BEE.dll,export,6162 1811 000864E0 ?FillInDisplayName@StrokeTaperWaveStreamGroup@BEE_VectorStream@@UEBAXXZ
BEE.dll,export,6163 1812 00086550 ?FillInDisplayName@TransformStreamGroup@BEE_VectorStream@@UEBAXXZ
BEE.dll,export,6164 1813 000865D0 ?FillInDisplayName@TrimStreamGroup@BEE_VectorStream@@UEBAXXZ
BEE.dll,export,6165 1814 00086640 ?FillInDisplayName@TwistStreamGroup@BEE_VectorStream@@UEBAXXZ
BEE.dll,export,6166 1815 000866B0 ?FillInDisplayName@Vec3D_MaterialOptionsStreamGroup@BEE_VectorStream@@UEBAXXZ
BEE.dll,export,6167 1816 00086730 ?FillInDisplayName@VectorStreamGroup@BEE_VectorStream@@UEBAXXZ
BEE.dll,export,6168 1817 000867B0 ?FillInDisplayName@VectorsStreamGroup@BEE_VectorStream@@UEBAXXZ
BEE.dll,export,6169 1818 00086830 ?FillInDisplayName@WigglerStreamGroup@BEE_VectorStream@@UEBAXXZ
BEE.dll,export,6170 1819 000868A0 ?FillInDisplayName@WigglerTransformStreamGroup@BEE_VectorStream@@UEBAXXZ
BEE.dll,export,6171 181A 00086920 ?FillInDisplayName@ZigzagStreamGroup@BEE_VectorStream@@UEBAXXZ
BEE.dll,export,6179 1822 00086990 ?FillInParamDef@?$TDB_DerivedStream@UBEE_GradientColorsStreamTraits@@@@UEAAXXZ
BEE.dll,export,6198 1835 00086B80 ?FillInParamDef@?$TDB_DerivedStream@UBlendModeStreamTraits@BEE_VectorStream@@@@UEAAXXZ
BEE.dll,export,6201 1838 00086C20 ?FillInParamDef@?$TDB_PopupStream@UBlendModeStreamTraits@BEE_VectorStream@@@@UEAAXXZ
BEE.dll,export,6226 1851 006CD1C0 ?FindGraphicPaths@BEE_VectorArt@@YAXAEBVGroup@1@AEBVOriginInfo@1@AEAVCAGMPath@BIB_T_MT@@@Z
BEE.dll,export,6254 186D 00087210 ?ForceInterpolateAtTime@?$TDB_DerivedStream@UBEE_GradientColorsStreamTraits@@@@UEAAXAEBUT_Time@@@Z
BEE.dll,export,6273 1880 000873A0 ?ForceInterpolateAtTime@?$TDB_DerivedStream@UBlendModeStreamTraits@BEE_VectorStream@@@@UEAAXAEBUT_Time@@@Z
BEE.dll,export,6281 1888 000873F0 ?ForceKeyAtTime@?$TDB_DerivedStream@UBEE_GradientColorsStreamTraits@@@@UEAAXAEBUT_Time@@@Z
BEE.dll,export,6300 189B 00087670 ?ForceKeyAtTime@?$TDB_DerivedStream@UBlendModeStreamTraits@BEE_VectorStream@@@@UEAAXAEBUT_Time@@@Z
BEE.dll,export,6306 18A1 006E5420 ?GenerateAnimatedShapesForExtrude@BEE_VectorLayer@@QEAAXAEBUT_Time@@EAEAVBEE_AnimatedShapesArray@@@Z
BEE.dll,export,6321 18B0 006CD2E0 ?GetAGMStrokeParams@StrokeData@BEE_VectorArt@@QEBA?AU_t_AGMStrokeParameters@BIB_T_MT@@XZ
BEE.dll,export,6327 18B6 006CD380 ?GetAlpha@GradientGraphic@BEE_VectorArt@@QEBAMXZ
BEE.dll,export,6328 18B7 006CD390 ?GetAlpha@Group@BEE_VectorArt@@QEBAMXZ
BEE.dll,export,6329 18B8 002D8DB0 ?GetAlphaStops@BEE_GradientColors@@QEAAAEAV?$multiset@V?$BEE_GradientStopT@M@@U?$less@V?$BEE_GradientStopT@M@@@std@@V?$allocator@V?$BEE_GradientStopT@M@@@3@@std@@XZ
BEE.dll,export,6330 18B9 002D8DC0 ?GetAlphaStops@BEE_GradientColors@@QEBAAEBV?$multiset@V?$BEE_GradientStopT@M@@U?$less@V?$BEE_GradientStopT@M@@@std@@V?$allocator@V?$BEE_GradientStopT@M@@@3@@std@@XZ
BEE.dll,export,6333 18BC 000EB2B0 ?GetAnchorAndPositionFromShape@BEE_PaintShapeStream@@MEAAXPEBVBEE_Layer@@PEBVTDB_StreamIDPath@@PEBVTDB_StreamGroup@@HPEAV?$M_Vector2T@N@@3@Z
BEE.dll,export,6334 18BD 00703540 ?GetAnchorAndPositionFromShape@ShapeStream@BEE_VectorStream@@MEAAXPEBVBEE_Layer@@PEBVTDB_StreamIDPath@@PEBVTDB_StreamGroup@@HPEAV?$M_Vector2T@N@@3@Z
BEE.dll,export,6335 18BE 006E55F0 ?GetAnimatedShapeColor@BEE_VectorLayer@@SAXAEBVTDL_VectorArt@@AEAVPF_PixelFloat@@@Z
BEE.dll,export,6432 191F 00747FF0 ?GetBaseFlags@?$BEE_Vec3DColorRGBStreamTraits@$0DDL@@BEE_VectorStream@@SAIXZ
BEE.dll,export,6433 1920 00748010 ?GetBaseFlags@?$BEE_Vec3DColorRGBStreamTraits@$0DFB@@BEE_VectorStream@@SAIXZ
BEE.dll,export,6434 1921 00748030 ?GetBaseFlags@?$BEE_Vec3DColorRGBStreamTraits@$0DGH@@BEE_VectorStream@@SAIXZ
BEE.dll,export,6435 1922 00748050 ?GetBaseFlags@?$BEE_Vec3DColorRGBStreamTraits@$0DHN@@BEE_VectorStream@@SAIXZ
BEE.dll,export,6436 1923 00748070 ?GetBaseFlags@?$BEE_Vec3DIORStreamTraits@$0DEK@@BEE_VectorStream@@SAIXZ
BEE.dll,export,6437 1924 00748090 ?GetBaseFlags@?$BEE_Vec3DIORStreamTraits@$0DGA@@BEE_VectorStream@@SAIXZ
BEE.dll,export,6438 1925 007480B0 ?GetBaseFlags@?$BEE_Vec3DIORStreamTraits@$0DHG@@BEE_VectorStream@@SAIXZ
BEE.dll,export,6439 1926 007480D0 ?GetBaseFlags@?$BEE_Vec3DIORStreamTraits@$0DIM@@BEE_VectorStream@@SAIXZ
BEE.dll,export,6440 1927 007480F0 ?GetBaseFlags@?$BEE_Vec3DPercentStreamTraits@$0DEA@$0GE@@BEE_VectorStream@@SAIXZ
BEE.dll,export,6441 1928 00748110 ?GetBaseFlags@?$BEE_Vec3DPercentStreamTraits@$0DEB@$0DC@@BEE_VectorStream@@SAIXZ
BEE.dll,export,6442 1929 00748130 ?GetBaseFlags@?$BEE_Vec3DPercentStreamTraits@$0DEC@$0DC@@BEE_VectorStream@@SAIXZ
BEE.dll,export,6443 192A 00748150 ?GetBaseFlags@?$BEE_Vec3DPercentStreamTraits@$0DED@$04@BEE_VectorStream@@SAIXZ
BEE.dll,export,6444 192B 00748170 ?GetBaseFlags@?$BEE_Vec3DPercentStreamTraits@$0DEE@$0GE@@BEE_VectorStream@@SAIXZ
BEE.dll,export,6445 192C 00748190 ?GetBaseFlags@?$BEE_Vec3DPercentStreamTraits@$0DEF@$0A@@BEE_VectorStream@@SAIXZ
BEE.dll,export,6446 192D 007481B0 ?GetBaseFlags@?$BEE_Vec3DPercentStreamTraits@$0DEG@$0GE@@BEE_VectorStream@@SAIXZ
BEE.dll,export,6447 192E 007481D0 ?GetBaseFlags@?$BEE_Vec3DPercentStreamTraits@$0DEH@$0A@@BEE_VectorStream@@SAIXZ
BEE.dll,export,6448 192F 007481F0 ?GetBaseFlags@?$BEE_Vec3DPercentStreamTraits@$0DEI@$0A@@BEE_VectorStream@@SAIXZ
BEE.dll,export,6449 1930 00748210 ?GetBaseFlags@?$BEE_Vec3DPercentStreamTraits@$0DEJ@$0A@@BEE_VectorStream@@SAIXZ
BEE.dll,export,6450 1931 00748230 ?GetBaseFlags@?$BEE_Vec3DPercentStreamTraits@$0DFG@$0GE@@BEE_VectorStream@@SAIXZ
BEE.dll,export,6451 1932 00748250 ?GetBaseFlags@?$BEE_Vec3DPercentStreamTraits@$0DFH@$0DC@@BEE_VectorStream@@SAIXZ
BEE.dll,export,6452 1933 00748270 ?GetBaseFlags@?$BEE_Vec3DPercentStreamTraits@$0DFI@$0DC@@BEE_VectorStream@@SAIXZ
BEE.dll,export,6453 1934 00748290 ?GetBaseFlags@?$BEE_Vec3DPercentStreamTraits@$0DFJ@$04@BEE_VectorStream@@SAIXZ
BEE.dll,export,6454 1935 007482B0 ?GetBaseFlags@?$BEE_Vec3DPercentStreamTraits@$0DFK@$0GE@@BEE_VectorStream@@SAIXZ
BEE.dll,export,6455 1936 007482D0 ?GetBaseFlags@?$BEE_Vec3DPercentStreamTraits@$0DFL@$0A@@BEE_VectorStream@@SAIXZ
BEE.dll,export,6456 1937 007482F0 ?GetBaseFlags@?$BEE_Vec3DPercentStreamTraits@$0DFM@$0GE@@BEE_VectorStream@@SAIXZ
BEE.dll,export,6457 1938 00748310 ?GetBaseFlags@?$BEE_Vec3DPercentStreamTraits@$0DFN@$0A@@BEE_VectorStream@@SAIXZ
BEE.dll,export,6458 1939 00748330 ?GetBaseFlags@?$BEE_Vec3DPercentStreamTraits@$0DFO@$0A@@BEE_VectorStream@@SAIXZ
BEE.dll,export,6459 193A 00748350 ?GetBaseFlags@?$BEE_Vec3DPercentStreamTraits@$0DFP@$0A@@BEE_VectorStream@@SAIXZ
BEE.dll,export,6460 193B 00748370 ?GetBaseFlags@?$BEE_Vec3DPercentStreamTraits@$0DGM@$0GE@@BEE_VectorStream@@SAIXZ
BEE.dll,export,6461 193C 00748390 ?GetBaseFlags@?$BEE_Vec3DPercentStreamTraits@$0DGN@$0DC@@BEE_VectorStream@@SAIXZ
BEE.dll,export,6462 193D 007483B0 ?GetBaseFlags@?$BEE_Vec3DPercentStreamTraits@$0DGO@$0DC@@BEE_VectorStream@@SAIXZ
BEE.dll,export,6463 193E 007483D0 ?GetBaseFlags@?$BEE_Vec3DPercentStreamTraits@$0DGP@$04@BEE_VectorStream@@SAIXZ
BEE.dll,export,6464 193F 007483F0 ?GetBaseFlags@?$BEE_Vec3DPercentStreamTraits@$0DHA@$0GE@@BEE_VectorStream@@SAIXZ
BEE.dll,export,6465 1940 00748410 ?GetBaseFlags@?$BEE_Vec3DPercentStreamTraits@$0DHB@$0A@@BEE_VectorStream@@SAIXZ
BEE.dll,export,6466 1941 00748430 ?GetBaseFlags@?$BEE_Vec3DPercentStreamTraits@$0DHC@$0GE@@BEE_VectorStream@@SAIXZ
BEE.dll,export,6467 1942 00748450 ?GetBaseFlags@?$BEE_Vec3DPercentStreamTraits@$0DHD@$0A@@BEE_VectorStream@@SAIXZ
BEE.dll,export,6468 1943 00748470 ?GetBaseFlags@?$BEE_Vec3DPercentStreamTraits@$0DHE@$0A@@BEE_VectorStream@@SAIXZ
BEE.dll,export,6469 1944 00748490 ?GetBaseFlags@?$BEE_Vec3DPercentStreamTraits@$0DHF@$0A@@BEE_VectorStream@@SAIXZ
BEE.dll,export,6470 1945 007484B0 ?GetBaseFlags@?$BEE_Vec3DPercentStreamTraits@$0DIC@$0GE@@BEE_VectorStream@@SAIXZ
BEE.dll,export,6471 1946 007484D0 ?GetBaseFlags@?$BEE_Vec3DPercentStreamTraits@$0DID@$0DC@@BEE_VectorStream@@SAIXZ
BEE.dll,export,6472 1947 007484F0 ?GetBaseFlags@?$BEE_Vec3DPercentStreamTraits@$0DIE@$0DC@@BEE_VectorStream@@SAIXZ
BEE.dll,export,6473 1948 00748510 ?GetBaseFlags@?$BEE_Vec3DPercentStreamTraits@$0DIF@$04@BEE_VectorStream@@SAIXZ
BEE.dll,export,6474 1949 00748530 ?GetBaseFlags@?$BEE_Vec3DPercentStreamTraits@$0DIG@$0GE@@BEE_VectorStream@@SAIXZ
BEE.dll,export,6475 194A 00748550 ?GetBaseFlags@?$BEE_Vec3DPercentStreamTraits@$0DIH@$0A@@BEE_VectorStream@@SAIXZ
BEE.dll,export,6476 194B 00748570 ?GetBaseFlags@?$BEE_Vec3DPercentStreamTraits@$0DII@$0GE@@BEE_VectorStream@@SAIXZ
BEE.dll,export,6477 194C 00748590 ?GetBaseFlags@?$BEE_Vec3DPercentStreamTraits@$0DIJ@$0A@@BEE_VectorStream@@SAIXZ
BEE.dll,export,6478 194D 007485B0 ?GetBaseFlags@?$BEE_Vec3DPercentStreamTraits@$0DIK@$0A@@BEE_VectorStream@@SAIXZ
BEE.dll,export,6479 194E 007485D0 ?GetBaseFlags@?$BEE_Vec3DPercentStreamTraits@$0DIL@$0A@@BEE_VectorStream@@SAIXZ
BEE.dll,export,6480 194F 007485F0 ?GetBaseFlags@?$ShapeEffectRotationStreamTraits@$0CKP@@BEE_VectorStream@@SAIXZ
BEE.dll,export,6481 1950 00748600 ?GetBaseFlags@?$ShapeEffectRotationStreamTraits@$0CLA@@BEE_VectorStream@@SAIXZ
BEE.dll,export,6495 195E 00087C30 ?GetBaseFlags@BlendModeStreamTraits@BEE_VectorStream@@SAIXZ
BEE.dll,export,6496 195F 00087C40 ?GetBaseFlags@GradientRadialHighlightAngleStreamTraits@BEE_VectorStream@@SAIXZ
BEE.dll,export,6497 1960 00087C50 ?GetBaseFlags@GradientRadialHighlightLengthStreamTraits@BEE_VectorStream@@SAIXZ
BEE.dll,export,6498 1961 00087C60 ?GetBaseFlags@ShapeDirectionStreamTraits@BEE_VectorStream@@SAIXZ
BEE.dll,export,6499 1962 00087C70 ?GetBaseFlags@SkewStreamTraits@BEE_VectorStream@@SAIXZ
BEE.dll,export,6500 1963 00087C80 ?GetBaseFlags@StrokeDashOffsetStreamTraits@BEE_VectorStream@@SAIXZ
BEE.dll,export,6501 1964 00087C90 ?GetBaseFlags@StrokeDashStreamTraits@BEE_VectorStream@@SAIXZ
BEE.dll,export,6502 1965 00087CA0 ?GetBaseFlags@StrokeGapStreamTraits@BEE_VectorStream@@SAIXZ
BEE.dll,export,6503 1966 00087CB0 ?GetBaseFlags@TaperEaseStreamTraits@BEE_VectorStream@@SAIXZ
BEE.dll,export,6504 1967 00087CC0 ?GetBaseFlags@TaperEndPixelLengthStreamTraits@BEE_VectorStream@@SAIXZ
BEE.dll,export,6505 1968 00087CD0 ?GetBaseFlags@TaperStartPixelLengthStreamTraits@BEE_VectorStream@@SAIXZ
BEE.dll,export,6506 1969 00087CE0 ?GetBaseFlags@TaperWaveCyclesStreamTraits@BEE_VectorStream@@SAIXZ
BEE.dll,export,6513 1970 006CD3A0 ?GetBlendMode@Graphic@BEE_VectorArt@@QEBA?AW4AGMBlendingMode@BIB_T_MT@@XZ
BEE.dll,export,6514 1971 006CD3B0 ?GetBlendMode@Group@BEE_VectorArt@@QEBA?AW4AGMBlendingMode@BIB_T_MT@@XZ
BEE.dll,export,6522 1979 006E1E80 ?GetBoundingBoxCompTime@BEE_VectorLayer@@UEBAPEAVBEE_BoundingBox@@PEBUT_Time@@EPEBVTDB_ParamBag@@_N@Z
BEE.dll,export,6526 197D 006CD3C0 ?GetBounds@BEE_VectorArt@@YA?AU?$pair@_NUM_FloatRect@@@std@@AEBVGroup@1@W4RenderExtentMode@1@@Z
BEE.dll,export,6527 197E 006CD5A0 ?GetBounds@Graphic@BEE_VectorArt@@UEBA?AU?$pair@_NUM_FloatRect@@@std@@AEBVM_Matrix3@@U?$pair@V?$_List_const_iterator@V?$_List_val@U?$_List_simple_types@V?$IntrusivePtr@VBaseObject@BEE_VectorArt@@@RefCountedInterface@utility@dvacore@@@std@@@std@@@std@@V12@@4@W4RenderExtentMode@2@@Z
BEE.dll,export,6573 19AC 006CDA00 ?GetChildren@BaseContainer@BEE_VectorArt@@QEAAAEAV?$list@V?$IntrusivePtr@VBaseObject@BEE_VectorArt@@@RefCountedInterface@utility@dvacore@@V?$allocator@V?$IntrusivePtr@VBaseObject@BEE_VectorArt@@@RefCountedInterface@utility@dvacore@@@std@@@std@@XZ
BEE.dll,export,6574 19AD 006CDA10 ?GetChildren@BaseContainer@BEE_VectorArt@@QEBAAEBV?$list@V?$IntrusivePtr@VBaseObject@BEE_VectorArt@@@RefCountedInterface@utility@dvacore@@V?$allocator@V?$IntrusivePtr@VBaseObject@BEE_VectorArt@@@RefCountedInterface@utility@dvacore@@@std@@@std@@XZ
BEE.dll,export,6581 19B4 006CE000 ?GetColor@SolidColorGraphic@BEE_VectorArt@@QEBAAEBVPF_PixelFloat@@XZ
BEE.dll,export,6584 19B7 00705510 ?GetColorOverrideForFace@ShapeGroupState@BEE_VectorStream3D@@QEAA?AVPF_PixelFloat@@JV3@@Z
BEE.dll,export,6590 19BD 002D8DD0 ?GetColorStops@BEE_GradientColors@@QEAAAEAV?$multiset@V?$BEE_GradientStopT@VPF_PixelFloat@@@@U?$less@V?$BEE_GradientStopT@VPF_PixelFloat@@@@@std@@V?$allocator@V?$BEE_GradientStopT@VPF_PixelFloat@@@@@3@@std@@XZ
BEE.dll,export,6591 19BE 002D8DE0 ?GetColorStops@BEE_GradientColors@@QEBAAEBV?$multiset@V?$BEE_GradientStopT@VPF_PixelFloat@@@@U?$less@V?$BEE_GradientStopT@VPF_PixelFloat@@@@@std@@V?$allocator@V?$BEE_GradientStopT@VPF_PixelFloat@@@@@3@@std@@XZ
BEE.dll,export,6609 19D0 006CE010 ?GetCompletePath@OriginInfo@BEE_VectorArt@@QEBA?AVTDB_StreamIDPath@@XZ
BEE.dll,export,6610 19D1 006CE060 ?GetCompositeAbovePrevious@Graphic@BEE_VectorArt@@QEBA_NXZ
BEE.dll,export,6623 19DE 002A3810 ?GetCount@ObjectCounter@BEE_VectorArt@@QEBAHPEBVBaseObject@2@@Z
BEE.dll,export,6643 19F2 002A3860 ?GetDashOffset@StrokeData@BEE_VectorArt@@QEBAMXZ
BEE.dll,export,6644 19F3 002A3870 ?GetDashes@StrokeData@BEE_VectorArt@@QEBAAEBV?$vector@MV?$allocator@M@std@@@std@@XZ
BEE.dll,export,6659 1A02 006E2990 ?GetDefaultLabelID@BEE_VectorLayer@@UEAACXZ
BEE.dll,export,6667 1A0A 006E2AE0 ?GetDefaultLayerFlags@BEE_VectorLayer@@UEBAHXZ
BEE.dll,export,6680 1A17 000B09D0 ?GetDefaultTypeMagic@BEE_VectorLayer@@UEBAIXZ
BEE.dll,export,6688 1A1F 0008A200 ?GetDefaultValue@?$TDB_DerivedStream@UBEE_GradientColorsStreamTraits@@@@UEBAPEAVBEE_GradientColors@@XZ
BEE.dll,export,6707 1A32 0008A250 ?GetDefaultValue@?$TDB_DerivedStream@UBlendModeStreamTraits@BEE_VectorStream@@@@UEBANXZ
BEE.dll,export,6708 1A33 003684D0 ?GetDefaultValue@BEE_GenericShapeStream@@UEBAPEAVOM_Shape@@XZ
BEE.dll,export,6710 1A35 000EB780 ?GetDefaultValue@BEE_PaintShapeStream@@UEBAPEAVOM_Shape@@XZ
BEE.dll,export,6718 1A3D 0008A260 ?GetDefaultValueFromParamDef@?$TDB_DerivedStream@UBEE_GradientColorsStreamTraits@@@@UEBAPEAVBEE_GradientColors@@XZ
BEE.dll,export,6737 1A50 0008A2B0 ?GetDefaultValueFromParamDef@?$TDB_DerivedStream@UBlendModeStreamTraits@BEE_VectorStream@@@@UEBANXZ
BEE.dll,export,6759 1A66 0008A4C0 ?GetDefaultValueFromParamDef@?$TDB_FloatStream@UBlendModeStreamTraits@BEE_VectorStream@@@@UEBANXZ
BEE.dll,export,6781 1A7C 0008A620 ?GetDefaultVector4@?$TDB_FloatStream@UBlendModeStreamTraits@BEE_VectorStream@@@@UEBA?AV?$M_Vector4T@N@@XZ
BEE.dll,export,6813 1A9C 007523B0 ?GetDimension@?$BEE_GenericColorStreamTraits@$0CGE@UDefaultRevealPathColor@BEE_VectorStream@@@@SAFXZ
BEE.dll,export,6814 1A9D 007523C0 ?GetDimension@?$BEE_GenericColorStreamTraits@$0CGE@UDefaultStrokeColor@BEE_VectorStream@@@@SAFXZ
BEE.dll,export,6826 1AA9 00752410 ?GetDimension@?$BEE_GenericFloatBaseStreamTraitsT@UGradientRadialHighlightLengthParamDefTraits@BEE_VectorStream@@@@SAFXZ
BEE.dll,export,6827 1AAA 00752420 ?GetDimension@?$BEE_GenericFloatBaseStreamTraitsT@UTaperEaseParamDefTraits@BEE_VectorStream@@@@SAFXZ
BEE.dll,export,6965 1B34 00752460 ?GetDimension@?$ShapeEffectCorrelationTraits@$0CKM@@BEE_VectorStream@@SAFXZ
BEE.dll,export,6966 1B35 00752470 ?GetDimension@?$ShapeEffectRandomSeedStreamTraits@$0COM@@BEE_VectorStream@@SAFXZ
BEE.dll,export,6967 1B36 00752480 ?GetDimension@?$ShapeEffectWigglePathsFrequencyTraits@$0CKL@V?$TDB_DefaultMFloat@$01@@@BEE_VectorStream@@SAFXZ
BEE.dll,export,7001 1B58 0008A720 ?GetDimension@BEE_TextStrokeWidthStreamTraits@@SAFXZ
BEE.dll,export,7005 1B5C 0008A750 ?GetDimension@SkewStreamTraits@BEE_VectorStream@@SAFXZ
BEE.dll,export,7011 1B62 006E2AF0 ?GetDimensions@BEE_VectorLayer@@UEBAXPEAF0@Z
BEE.dll,export,7013 1B64 006941E0 ?GetDisplayListPort@BEE_SVGToAGMDisplayListConverter@@QEAA?AV?$shared_ptr@VCAGMDisplayListPort@BIB_T_MT@@@std@@XZ
BEE.dll,export,7035 1B7A 006F8AB0 ?GetDisplayName@?$BEE_GenericColorStreamTraits@$0CGE@UDefaultRevealPathColor@BEE_VectorStream@@@@SA?AV?$basic_string@_WU?$char_traits@_W@std@@U?$STLAllocator@_W@allocator@dvacore@@@std@@XZ
BEE.dll,export,7036 1B7B 0027CF70 ?GetDisplayName@?$BEE_GenericColorStreamTraits@$0CGE@UDefaultStrokeColor@BEE_VectorStream@@@@SA?AV?$basic_string@_WU?$char_traits@_W@std@@U?$STLAllocator@_W@allocator@dvacore@@@std@@XZ
BEE.dll,export,7182 1C0D 006F8B70 ?GetDisplayName@?$ShapeEffectCorrelationTraits@$0CKM@@BEE_VectorStream@@SA?AV?$basic_string@_WU?$char_traits@_W@std@@U?$STLAllocator@_W@allocator@dvacore@@@std@@XZ
BEE.dll,export,7183 1C0E 006F8BB0 ?GetDisplayName@?$ShapeEffectRandomSeedStreamTraits@$0COM@@BEE_VectorStream@@SA?AV?$basic_string@_WU?$char_traits@_W@std@@U?$STLAllocator@_W@allocator@dvacore@@@std@@XZ
BEE.dll,export,7184 1C0F 006F8BF0 ?GetDisplayName@?$ShapeEffectWigglePathsFrequencyTraits@$0CKL@V?$TDB_DefaultMFloat@$01@@@BEE_VectorStream@@SA?AV?$basic_string@_WU?$char_traits@_W@std@@U?$STLAllocator@_W@allocator@dvacore@@@std@@XZ
BEE.dll,export,7225 1C38 0008AC80 ?GetDisplayName@BEE_GenericZeroScaleStreamTraits@BEE_VectorStream@@SA?AV?$basic_string@_WU?$char_traits@_W@std@@U?$STLAllocator@_W@allocator@dvacore@@@std@@XZ
BEE.dll,export,7282 1C71 0008B1A0 ?GetDisplayName@BEE_TextSelectorRangeShapeStreamTraits@@SA?AV?$basic_string@_WU?$char_traits@_W@std@@U?$STLAllocator@_W@allocator@dvacore@@@std@@XZ
BEE.dll,export,7286 1C75 0008B2A0 ?GetDisplayName@BEE_TextStrokeWidthStreamTraits@@SA?AV?$basic_string@_WU?$char_traits@_W@std@@U?$STLAllocator@_W@allocator@dvacore@@@std@@XZ
BEE.dll,export,7297 1C80 0008B480 ?GetDisplayName@BlendModeStreamTraits@BEE_VectorStream@@SA?AV?$basic_string@_WU?$char_traits@_W@std@@U?$STLAllocator@_W@allocator@dvacore@@@std@@XZ
BEE.dll,export,7298 1C81 0008B4A0 ?GetDisplayName@CompositeOrderStreamTraits@BEE_VectorStream@@SA?AV?$basic_string@_WU?$char_traits@_W@std@@U?$STLAllocator@_W@allocator@dvacore@@@std@@XZ
BEE.dll,export,7299 1C82 0008B4C0 ?GetDisplayName@EllipseSizeStreamTraits@BEE_VectorStream@@SA?AV?$basic_string@_WU?$char_traits@_W@std@@U?$STLAllocator@_W@allocator@dvacore@@@std@@XZ
BEE.dll,export,7300 1C83 0008B4E0 ?GetDisplayName@EndOpacityStreamTraits@BEE_VectorStream@@SA?AV?$basic_string@_WU?$char_traits@_W@std@@U?$STLAllocator@_W@allocator@dvacore@@@std@@XZ
BEE.dll,export,7301 1C84 0008B500 ?GetDisplayName@FillRuleStreamTraits@BEE_VectorStream@@SA?AV?$basic_string@_WU?$char_traits@_W@std@@U?$STLAllocator@_W@allocator@dvacore@@@std@@XZ
BEE.dll,export,7302 1C85 0008B520 ?GetDisplayName@GradientEndPositionStreamTraits@BEE_VectorStream@@SA?AV?$basic_string@_WU?$char_traits@_W@std@@U?$STLAllocator@_W@allocator@dvacore@@@std@@XZ
BEE.dll,export,7303 1C86 0008B540 ?GetDisplayName@GradientRadialHighlightLengthStreamTraits@BEE_VectorStream@@SA?AV?$basic_string@_WU?$char_traits@_W@std@@U?$STLAllocator@_W@allocator@dvacore@@@std@@XZ
BEE.dll,export,7304 1C87 0008B560 ?GetDisplayName@GradientStartPositionStreamTraits@BEE_VectorStream@@SA?AV?$basic_string@_WU?$char_traits@_W@std@@U?$STLAllocator@_W@allocator@dvacore@@@std@@XZ
BEE.dll,export,7305 1C88 0008B580 ?GetDisplayName@GradientTypeStreamTraits@BEE_VectorStream@@SA?AV?$basic_string@_WU?$char_traits@_W@std@@U?$STLAllocator@_W@allocator@dvacore@@@std@@XZ
BEE.dll,export,7312 1C8F 00125260 ?GetDisplayName@IrisShapeStreamTraits@@SA?AV?$basic_string@_WU?$char_traits@_W@std@@U?$STLAllocator@_W@allocator@dvacore@@@std@@XZ
BEE.dll,export,7313 1C90 0008B5A0 ?GetDisplayName@LineCapStreamTraits@BEE_VectorStream@@SA?AV?$basic_string@_WU?$char_traits@_W@std@@U?$STLAllocator@_W@allocator@dvacore@@@std@@XZ
BEE.dll,export,7314 1C91 0008B5C0 ?GetDisplayName@LineJoinStreamTraits@BEE_VectorStream@@SA?AV?$basic_string@_WU?$char_traits@_W@std@@U?$STLAllocator@_W@allocator@dvacore@@@std@@XZ
BEE.dll,export,7315 1C92 0008B5E0 ?GetDisplayName@MergePathTypeStreamTraits@BEE_VectorStream@@SA?AV?$basic_string@_WU?$char_traits@_W@std@@U?$STLAllocator@_W@allocator@dvacore@@@std@@XZ
BEE.dll,export,7316 1C93 0008B600 ?GetDisplayName@OffsetAmountStreamTraits@BEE_VectorStream@@SA?AV?$basic_string@_WU?$char_traits@_W@std@@U?$STLAllocator@_W@allocator@dvacore@@@std@@XZ
BEE.dll,export,7317 1C94 0008B620 ?GetDisplayName@OffsetCopiesStreamTraits@BEE_VectorStream@@SA?AV?$basic_string@_WU?$char_traits@_W@std@@U?$STLAllocator@_W@allocator@dvacore@@@std@@XZ
BEE.dll,export,7318 1C95 0008B640 ?GetDisplayName@OffsetCopyOffsetStreamTraits@BEE_VectorStream@@SA?AV?$basic_string@_WU?$char_traits@_W@std@@U?$STLAllocator@_W@allocator@dvacore@@@std@@XZ
BEE.dll,export,7319 1C96 0008B660 ?GetDisplayName@PolyStarInnerRadiusStreamTraits@BEE_VectorStream@@SA?AV?$basic_string@_WU?$char_traits@_W@std@@U?$STLAllocator@_W@allocator@dvacore@@@std@@XZ
BEE.dll,export,7320 1C97 0008B680 ?GetDisplayName@PolyStarInnerRoundnessStreamTraits@BEE_VectorStream@@SA?AV?$basic_string@_WU?$char_traits@_W@std@@U?$STLAllocator@_W@allocator@dvacore@@@std@@XZ
BEE.dll,export,7321 1C98 0008B6A0 ?GetDisplayName@PolyStarOuterRadiusStreamTraits@BEE_VectorStream@@SA?AV?$basic_string@_WU?$char_traits@_W@std@@U?$STLAllocator@_W@allocator@dvacore@@@std@@XZ
BEE.dll,export,7322 1C99 0008B6C0 ?GetDisplayName@PolyStarOuterRoundnessStreamTraits@BEE_VectorStream@@SA?AV?$basic_string@_WU?$char_traits@_W@std@@U?$STLAllocator@_W@allocator@dvacore@@@std@@XZ
BEE.dll,export,7323 1C9A 0008B6E0 ?GetDisplayName@PolyStarPointsStreamTraits@BEE_VectorStream@@SA?AV?$basic_string@_WU?$char_traits@_W@std@@U?$STLAllocator@_W@allocator@dvacore@@@std@@XZ
BEE.dll,export,7324 1C9B 0008B700 ?GetDisplayName@PolyStarTypeStreamTraits@BEE_VectorStream@@SA?AV?$basic_string@_WU?$char_traits@_W@std@@U?$STLAllocator@_W@allocator@dvacore@@@std@@XZ
BEE.dll,export,7325 1C9C 0008B720 ?GetDisplayName@PuckerBloatAmountStreamTraits@BEE_VectorStream@@SA?AV?$basic_string@_WU?$char_traits@_W@std@@U?$STLAllocator@_W@allocator@dvacore@@@std@@XZ
BEE.dll,export,7326 1C9D 0008B740 ?GetDisplayName@RectRoundnessStreamTraits@BEE_VectorStream@@SA?AV?$basic_string@_WU?$char_traits@_W@std@@U?$STLAllocator@_W@allocator@dvacore@@@std@@XZ
BEE.dll,export,7327 1C9E 0008B760 ?GetDisplayName@RectSizeStreamTraits@BEE_VectorStream@@SA?AV?$basic_string@_WU?$char_traits@_W@std@@U?$STLAllocator@_W@allocator@dvacore@@@std@@XZ
BEE.dll,export,7328 1C9F 0008B780 ?GetDisplayName@RepeaterCopiesStreamTraits@BEE_VectorStream@@SA?AV?$basic_string@_WU?$char_traits@_W@std@@U?$STLAllocator@_W@allocator@dvacore@@@std@@XZ
BEE.dll,export,7329 1CA0 0008B7A0 ?GetDisplayName@RepeaterOffsetStreamTraits@BEE_VectorStream@@SA?AV?$basic_string@_WU?$char_traits@_W@std@@U?$STLAllocator@_W@allocator@dvacore@@@std@@XZ
BEE.dll,export,7330 1CA1 0008B7C0 ?GetDisplayName@RepeaterOrderStreamTraits@BEE_VectorStream@@SA?AV?$basic_string@_WU?$char_traits@_W@std@@U?$STLAllocator@_W@allocator@dvacore@@@std@@XZ
BEE.dll,export,7331 1CA2 0008B7E0 ?GetDisplayName@RevealPointRadiusStreamTraits@BEE_VectorStream@@SA?AV?$basic_string@_WU?$char_traits@_W@std@@U?$STLAllocator@_W@allocator@dvacore@@@std@@XZ
BEE.dll,export,7332 1CA3 0008B800 ?GetDisplayName@RoughenDetailStreamTraits@BEE_VectorStream@@SA?AV?$basic_string@_WU?$char_traits@_W@std@@U?$STLAllocator@_W@allocator@dvacore@@@std@@XZ
BEE.dll,export,7333 1CA4 0008B820 ?GetDisplayName@RoughenPointsStreamTraits@BEE_VectorStream@@SA?AV?$basic_string@_WU?$char_traits@_W@std@@U?$STLAllocator@_W@allocator@dvacore@@@std@@XZ
BEE.dll,export,7334 1CA5 0008B840 ?GetDisplayName@RoughenSizeStreamTraits@BEE_VectorStream@@SA?AV?$basic_string@_WU?$char_traits@_W@std@@U?$STLAllocator@_W@allocator@dvacore@@@std@@XZ
BEE.dll,export,7335 1CA6 0008B860 ?GetDisplayName@RoundCornerRadiusStreamTraits@BEE_VectorStream@@SA?AV?$basic_string@_WU?$char_traits@_W@std@@U?$STLAllocator@_W@allocator@dvacore@@@std@@XZ
BEE.dll,export,7336 1CA7 0008B880 ?GetDisplayName@ShapeDirectionStreamTraits@BEE_VectorStream@@SA?AV?$basic_string@_WU?$char_traits@_W@std@@U?$STLAllocator@_W@allocator@dvacore@@@std@@XZ
BEE.dll,export,7337 1CA8 0008B8A0 ?GetDisplayName@SkewStreamTraits@BEE_VectorStream@@SA?AV?$basic_string@_WU?$char_traits@_W@std@@U?$STLAllocator@_W@allocator@dvacore@@@std@@XZ
BEE.dll,export,7338 1CA9 0008B8E0 ?GetDisplayName@StartOpacityStreamTraits@BEE_VectorStream@@SA?AV?$basic_string@_WU?$char_traits@_W@std@@U?$STLAllocator@_W@allocator@dvacore@@@std@@XZ
BEE.dll,export,7339 1CAA 0008B900 ?GetDisplayName@StrokeDashOffsetStreamTraits@BEE_VectorStream@@SA?AV?$basic_string@_WU?$char_traits@_W@std@@U?$STLAllocator@_W@allocator@dvacore@@@std@@XZ
BEE.dll,export,7340 1CAB 0008B920 ?GetDisplayName@StrokeDashStreamTraits2@BEE_VectorStream@@SA?AV?$basic_string@_WU?$char_traits@_W@std@@U?$STLAllocator@_W@allocator@dvacore@@@std@@XZ
BEE.dll,export,7341 1CAC 0008B940 ?GetDisplayName@StrokeDashStreamTraits3@BEE_VectorStream@@SA?AV?$basic_string@_WU?$char_traits@_W@std@@U?$STLAllocator@_W@allocator@dvacore@@@std@@XZ
BEE.dll,export,7342 1CAD 0008B960 ?GetDisplayName@StrokeDashStreamTraits@BEE_VectorStream@@SA?AV?$basic_string@_WU?$char_traits@_W@std@@U?$STLAllocator@_W@allocator@dvacore@@@std@@XZ
BEE.dll,export,7343 1CAE 0008B980 ?GetDisplayName@StrokeGapStreamTraits2@BEE_VectorStream@@SA?AV?$basic_string@_WU?$char_traits@_W@std@@U?$STLAllocator@_W@allocator@dvacore@@@std@@XZ
BEE.dll,export,7344 1CAF 0008B9A0 ?GetDisplayName@StrokeGapStreamTraits3@BEE_VectorStream@@SA?AV?$basic_string@_WU?$char_traits@_W@std@@U?$STLAllocator@_W@allocator@dvacore@@@std@@XZ
BEE.dll,export,7345 1CB0 0008B9C0 ?GetDisplayName@StrokeGapStreamTraits@BEE_VectorStream@@SA?AV?$basic_string@_WU?$char_traits@_W@std@@U?$STLAllocator@_W@allocator@dvacore@@@std@@XZ
BEE.dll,export,7346 1CB1 0008B9E0 ?GetDisplayName@StrokeMiterLimitStreamTraits@BEE_VectorStream@@SA?AV?$basic_string@_WU?$char_traits@_W@std@@U?$STLAllocator@_W@allocator@dvacore@@@std@@XZ
BEE.dll,export,7347 1CB2 0008BA00 ?GetDisplayName@StrokeWidthStreamTraits@BEE_VectorStream@@SA?AV?$basic_string@_WU?$char_traits@_W@std@@U?$STLAllocator@_W@allocator@dvacore@@@std@@XZ
BEE.dll,export,7348 1CB3 0008BA20 ?GetDisplayName@TaperEndEaseStreamTraits@BEE_VectorStream@@SA?AV?$basic_string@_WU?$char_traits@_W@std@@U?$STLAllocator@_W@allocator@dvacore@@@std@@XZ
BEE.dll,export,7349 1CB4 0008BA40 ?GetDisplayName@TaperEndLengthStreamTraits@BEE_VectorStream@@SA?AV?$basic_string@_WU?$char_traits@_W@std@@U?$STLAllocator@_W@allocator@dvacore@@@std@@XZ
BEE.dll,export,7350 1CB5 0008BA60 ?GetDisplayName@TaperEndPixelLengthStreamTraits@BEE_VectorStream@@SA?AV?$basic_string@_WU?$char_traits@_W@std@@U?$STLAllocator@_W@allocator@dvacore@@@std@@XZ
BEE.dll,export,7351 1CB6 0008BA80 ?GetDisplayName@TaperEndWidthStreamTraits@BEE_VectorStream@@SA?AV?$basic_string@_WU?$char_traits@_W@std@@U?$STLAllocator@_W@allocator@dvacore@@@std@@XZ
BEE.dll,export,7352 1CB7 0008BAA0 ?GetDisplayName@TaperLengthUnitsStreamTraits@BEE_VectorStream@@SA?AV?$basic_string@_WU?$char_traits@_W@std@@U?$STLAllocator@_W@allocator@dvacore@@@std@@XZ
BEE.dll,export,7353 1CB8 0008BAE0 ?GetDisplayName@TaperStartEaseStreamTraits@BEE_VectorStream@@SA?AV?$basic_string@_WU?$char_traits@_W@std@@U?$STLAllocator@_W@allocator@dvacore@@@std@@XZ
BEE.dll,export,7354 1CB9 0008BB00 ?GetDisplayName@TaperStartLengthStreamTraits@BEE_VectorStream@@SA?AV?$basic_string@_WU?$char_traits@_W@std@@U?$STLAllocator@_W@allocator@dvacore@@@std@@XZ
BEE.dll,export,7355 1CBA 0008BB20 ?GetDisplayName@TaperStartPixelLengthStreamTraits@BEE_VectorStream@@SA?AV?$basic_string@_WU?$char_traits@_W@std@@U?$STLAllocator@_W@allocator@dvacore@@@std@@XZ
BEE.dll,export,7356 1CBB 0008BB40 ?GetDisplayName@TaperStartWidthStreamTraits@BEE_VectorStream@@SA?AV?$basic_string@_WU?$char_traits@_W@std@@U?$STLAllocator@_W@allocator@dvacore@@@std@@XZ
BEE.dll,export,7357 1CBC 0008BB60 ?GetDisplayName@TaperWaveAmountStreamTraits@BEE_VectorStream@@SA?AV?$basic_string@_WU?$char_traits@_W@std@@U?$STLAllocator@_W@allocator@dvacore@@@std@@XZ
BEE.dll,export,7358 1CBD 0008BB80 ?GetDisplayName@TaperWaveCyclesStreamTraits@BEE_VectorStream@@SA?AV?$basic_string@_WU?$char_traits@_W@std@@U?$STLAllocator@_W@allocator@dvacore@@@std@@XZ
BEE.dll,export,7359 1CBE 0008BBA0 ?GetDisplayName@TaperWaveUnitsStreamTraits@BEE_VectorStream@@SA?AV?$basic_string@_WU?$char_traits@_W@std@@U?$STLAllocator@_W@allocator@dvacore@@@std@@XZ
BEE.dll,export,7360 1CBF 0008BBE0 ?GetDisplayName@TaperWavelengthStreamTraits@BEE_VectorStream@@SA?AV?$basic_string@_WU?$char_traits@_W@std@@U?$STLAllocator@_W@allocator@dvacore@@@std@@XZ
BEE.dll,export,7361 1CC0 0008BC00 ?GetDisplayName@TrimEndStreamTraits@BEE_VectorStream@@SA?AV?$basic_string@_WU?$char_traits@_W@std@@U?$STLAllocator@_W@allocator@dvacore@@@std@@XZ
BEE.dll,export,7362 1CC1 0008BC20 ?GetDisplayName@TrimStartStreamTraits@BEE_VectorStream@@SA?AV?$basic_string@_WU?$char_traits@_W@std@@U?$STLAllocator@_W@allocator@dvacore@@@std@@XZ
BEE.dll,export,7363 1CC2 0008BC40 ?GetDisplayName@TrimTypeStreamTraits@BEE_VectorStream@@SA?AV?$basic_string@_WU?$char_traits@_W@std@@U?$STLAllocator@_W@allocator@dvacore@@@std@@XZ
BEE.dll,export,7364 1CC3 0008BC60 ?GetDisplayName@TwistAngleStreamTraits@BEE_VectorStream@@SA?AV?$basic_string@_WU?$char_traits@_W@std@@U?$STLAllocator@_W@allocator@dvacore@@@std@@XZ
BEE.dll,export,7365 1CC4 0008BC80 ?GetDisplayName@ZigzagDetailStreamTraits@BEE_VectorStream@@SA?AV?$basic_string@_WU?$char_traits@_W@std@@U?$STLAllocator@_W@allocator@dvacore@@@std@@XZ
BEE.dll,export,7366 1CC5 0008BCA0 ?GetDisplayName@ZigzagPointsStreamTraits@BEE_VectorStream@@SA?AV?$basic_string@_WU?$char_traits@_W@std@@U?$STLAllocator@_W@allocator@dvacore@@@std@@XZ
BEE.dll,export,7367 1CC6 0008BCC0 ?GetDisplayName@ZigzagSizeStreamTraits@BEE_VectorStream@@SA?AV?$basic_string@_WU?$char_traits@_W@std@@U?$STLAllocator@_W@allocator@dvacore@@@std@@XZ
BEE.dll,export,7371 1CCA 006943F0 ?GetDocBounds@BEE_SVGToAGMDisplayListConverter@@QEAA?AU_t_BRVFixedRect@@XZ
BEE.dll,export,7397 1CE4 006DBFA0 ?GetEllipsePathData@BEE_VectorArt@@YAXAEBVTDB_NamedStreamGroup@@AEBUT_Time@@PEBVRG_ProgAbort@@AEAVCAIMBezierPath@BIB_T_MT@@PEBVTDB_ParamBag@@@Z
BEE.dll,export,7398 1CE5 006CE070 ?GetEndPoint@GradientGraphic@BEE_VectorArt@@QEBAAEBV?$M_Vector2T@M@@XZ
BEE.dll,export,7422 1CFD 006F8C30 ?GetEnglishDisplayName@?$BEE_GenericColorStreamTraits@$0CGE@UDefaultRevealPathColor@BEE_VectorStream@@@@SA?AV?$basic_string@_WU?$char_traits@_W@std@@U?$STLAllocator@_W@allocator@dvacore@@@std@@XZ
BEE.dll,export,7423 1CFE 0027D5F0 ?GetEnglishDisplayName@?$BEE_GenericColorStreamTraits@$0CGE@UDefaultStrokeColor@BEE_VectorStream@@@@SA?AV?$basic_string@_WU?$char_traits@_W@std@@U?$STLAllocator@_W@allocator@dvacore@@@std@@XZ
BEE.dll,export,7569 1D90 006F8CF0 ?GetEnglishDisplayName@?$ShapeEffectCorrelationTraits@$0CKM@@BEE_VectorStream@@SA?AV?$basic_string@_WU?$char_traits@_W@std@@U?$STLAllocator@_W@allocator@dvacore@@@std@@XZ
BEE.dll,export,7570 1D91 006F8D30 ?GetEnglishDisplayName@?$ShapeEffectRandomSeedStreamTraits@$0COM@@BEE_VectorStream@@SA?AV?$basic_string@_WU?$char_traits@_W@std@@U?$STLAllocator@_W@allocator@dvacore@@@std@@XZ
BEE.dll,export,7571 1D92 006F8D70 ?GetEnglishDisplayName@?$ShapeEffectWigglePathsFrequencyTraits@$0CKL@V?$TDB_DefaultMFloat@$01@@@BEE_VectorStream@@SA?AV?$basic_string@_WU?$char_traits@_W@std@@U?$STLAllocator@_W@allocator@dvacore@@@std@@XZ
BEE.dll,export,7580 1D9B 0008BF30 ?GetEnglishDisplayName@?$TDB_DerivedStream@UBEE_GradientColorsStreamTraits@@@@UEBA?BV?$basic_string@_WU?$char_traits@_W@std@@U?$STLAllocator@_W@allocator@dvacore@@@std@@XZ
BEE.dll,export,7599 1DAE 0008C370 ?GetEnglishDisplayName@?$TDB_DerivedStream@UBlendModeStreamTraits@BEE_VectorStream@@@@UEBA?BV?$basic_string@_WU?$char_traits@_W@std@@U?$STLAllocator@_W@allocator@dvacore@@@std@@XZ
BEE.dll,export,7656 1DE7 00052EC0 ?GetEnglishDisplayName@BEE_GenericShapeStream@@UEBA?BV?$basic_string@_WU?$char_traits@_W@std@@U?$STLAllocator@_W@allocator@dvacore@@@std@@XZ
BEE.dll,export,7657 1DE8 0008CAB0 ?GetEnglishDisplayName@BEE_GenericZeroScaleStreamTraits@BEE_VectorStream@@SA?AV?$basic_string@_WU?$char_traits@_W@std@@U?$STLAllocator@_W@allocator@dvacore@@@std@@XZ
BEE.dll,export,7725 1E2C 00053990 ?GetEnglishDisplayName@BEE_StrokesGroupBase@@UEBA?BV?$basic_string@_WU?$char_traits@_W@std@@U?$STLAllocator@_W@allocator@dvacore@@@std@@XZ
BEE.dll,export,7748 1E43 0008D290 ?GetEnglishDisplayName@BEE_TextSelectorRangeShapeStreamTraits@@SA?AV?$basic_string@_WU?$char_traits@_W@std@@U?$STLAllocator@_W@allocator@dvacore@@@std@@XZ
BEE.dll,export,7755 1E4A 0008D450 ?GetEnglishDisplayName@BEE_TextStrokeWidthStreamTraits@@SA?AV?$basic_string@_WU?$char_traits@_W@std@@U?$STLAllocator@_W@allocator@dvacore@@@std@@XZ
BEE.dll,export,7769 1E58 0008D6B0 ?GetEnglishDisplayName@BlendModeStreamTraits@BEE_VectorStream@@SA?AV?$basic_string@_WU?$char_traits@_W@std@@U?$STLAllocator@_W@allocator@dvacore@@@std@@XZ
BEE.dll,export,7771 1E5A 0008D710 ?GetEnglishDisplayName@CompositeOrderStreamTraits@BEE_VectorStream@@SA?AV?$basic_string@_WU?$char_traits@_W@std@@U?$STLAllocator@_W@allocator@dvacore@@@std@@XZ
BEE.dll,export,7772 1E5B 0008D730 ?GetEnglishDisplayName@EllipseSizeStreamTraits@BEE_VectorStream@@SA?AV?$basic_string@_WU?$char_traits@_W@std@@U?$STLAllocator@_W@allocator@dvacore@@@std@@XZ
BEE.dll,export,7773 1E5C 0008D750 ?GetEnglishDisplayName@EllipseStreamGroup@BEE_VectorStream@@UEBA?BV?$basic_string@_WU?$char_traits@_W@std@@U?$STLAllocator@_W@allocator@dvacore@@@std@@XZ
BEE.dll,export,7774 1E5D 0008D780 ?GetEnglishDisplayName@EndOpacityStreamTraits@BEE_VectorStream@@SA?AV?$basic_string@_WU?$char_traits@_W@std@@U?$STLAllocator@_W@allocator@dvacore@@@std@@XZ
BEE.dll,export,7775 1E5E 0008D7A0 ?GetEnglishDisplayName@FillRuleStreamTraits@BEE_VectorStream@@SA?AV?$basic_string@_WU?$char_traits@_W@std@@U?$STLAllocator@_W@allocator@dvacore@@@std@@XZ
BEE.dll,export,7776 1E5F 0008D7C0 ?GetEnglishDisplayName@FillStreamGroup@BEE_VectorStream@@UEBA?BV?$basic_string@_WU?$char_traits@_W@std@@U?$STLAllocator@_W@allocator@dvacore@@@std@@XZ
BEE.dll,export,7777 1E60 0008D7F0 ?GetEnglishDisplayName@GradientEndPositionStreamTraits@BEE_VectorStream@@SA?AV?$basic_string@_WU?$char_traits@_W@std@@U?$STLAllocator@_W@allocator@dvacore@@@std@@XZ
BEE.dll,export,7778 1E61 0008D810 ?GetEnglishDisplayName@GradientFillStreamGroup@BEE_VectorStream@@UEBA?BV?$basic_string@_WU?$char_traits@_W@std@@U?$STLAllocator@_W@allocator@dvacore@@@std@@XZ
BEE.dll,export,7779 1E62 0008D840 ?GetEnglishDisplayName@GradientRadialHighlightLengthStreamTraits@BEE_VectorStream@@SA?AV?$basic_string@_WU?$char_traits@_W@std@@U?$STLAllocator@_W@allocator@dvacore@@@std@@XZ
BEE.dll,export,7780 1E63 0008D860 ?GetEnglishDisplayName@GradientStartPositionStreamTraits@BEE_VectorStream@@SA?AV?$basic_string@_WU?$char_traits@_W@std@@U?$STLAllocator@_W@allocator@dvacore@@@std@@XZ
BEE.dll,export,7781 1E64 0008D880 ?GetEnglishDisplayName@GradientStrokeStreamGroup@BEE_VectorStream@@UEBA?BV?$basic_string@_WU?$char_traits@_W@std@@U?$STLAllocator@_W@allocator@dvacore@@@std@@XZ
BEE.dll,export,7782 1E65 0008D8B0 ?GetEnglishDisplayName@GradientTypeStreamTraits@BEE_VectorStream@@SA?AV?$basic_string@_WU?$char_traits@_W@std@@U?$STLAllocator@_W@allocator@dvacore@@@std@@XZ
BEE.dll,export,7790 1E6D 00125360 ?GetEnglishDisplayName@IrisShapeStreamTraits@@SA?AV?$basic_string@_WU?$char_traits@_W@std@@U?$STLAllocator@_W@allocator@dvacore@@@std@@XZ
BEE.dll,export,7791 1E6E 0008D900 ?GetEnglishDisplayName@LineCapStreamTraits@BEE_VectorStream@@SA?AV?$basic_string@_WU?$char_traits@_W@std@@U?$STLAllocator@_W@allocator@dvacore@@@std@@XZ
BEE.dll,export,7792 1E6F 0008D920 ?GetEnglishDisplayName@LineJoinStreamTraits@BEE_VectorStream@@SA?AV?$basic_string@_WU?$char_traits@_W@std@@U?$STLAllocator@_W@allocator@dvacore@@@std@@XZ
BEE.dll,export,7793 1E70 0008D940 ?GetEnglishDisplayName@MergePathStreamGroup@BEE_VectorStream@@UEBA?BV?$basic_string@_WU?$char_traits@_W@std@@U?$STLAllocator@_W@allocator@dvacore@@@std@@XZ
BEE.dll,export,7794 1E71 0008D970 ?GetEnglishDisplayName@MergePathTypeStreamTraits@BEE_VectorStream@@SA?AV?$basic_string@_WU?$char_traits@_W@std@@U?$STLAllocator@_W@allocator@dvacore@@@std@@XZ
BEE.dll,export,7795 1E72 0008D990 ?GetEnglishDisplayName@OffsetAmountStreamTraits@BEE_VectorStream@@SA?AV?$basic_string@_WU?$char_traits@_W@std@@U?$STLAllocator@_W@allocator@dvacore@@@std@@XZ
BEE.dll,export,7796 1E73 0008D9B0 ?GetEnglishDisplayName@OffsetCopiesStreamTraits@BEE_VectorStream@@SA?AV?$basic_string@_WU?$char_traits@_W@std@@U?$STLAllocator@_W@allocator@dvacore@@@std@@XZ
BEE.dll,export,7797 1E74 0008D9D0 ?GetEnglishDisplayName@OffsetCopyOffsetStreamTraits@BEE_VectorStream@@SA?AV?$basic_string@_WU?$char_traits@_W@std@@U?$STLAllocator@_W@allocator@dvacore@@@std@@XZ
BEE.dll,export,7798 1E75 0008D9F0 ?GetEnglishDisplayName@OffsetPathStreamGroup@BEE_VectorStream@@UEBA?BV?$basic_string@_WU?$char_traits@_W@std@@U?$STLAllocator@_W@allocator@dvacore@@@std@@XZ
BEE.dll,export,7799 1E76 0008DA20 ?GetEnglishDisplayName@PolyStarInnerRadiusStreamTraits@BEE_VectorStream@@SA?AV?$basic_string@_WU?$char_traits@_W@std@@U?$STLAllocator@_W@allocator@dvacore@@@std@@XZ
BEE.dll,export,7800 1E77 0008DA40 ?GetEnglishDisplayName@PolyStarInnerRoundnessStreamTraits@BEE_VectorStream@@SA?AV?$basic_string@_WU?$char_traits@_W@std@@U?$STLAllocator@_W@allocator@dvacore@@@std@@XZ
BEE.dll,export,7801 1E78 0008DA60 ?GetEnglishDisplayName@PolyStarOuterRadiusStreamTraits@BEE_VectorStream@@SA?AV?$basic_string@_WU?$char_traits@_W@std@@U?$STLAllocator@_W@allocator@dvacore@@@std@@XZ
BEE.dll,export,7802 1E79 0008DA80 ?GetEnglishDisplayName@PolyStarOuterRoundnessStreamTraits@BEE_VectorStream@@SA?AV?$basic_string@_WU?$char_traits@_W@std@@U?$STLAllocator@_W@allocator@dvacore@@@std@@XZ
BEE.dll,export,7803 1E7A 0008DAA0 ?GetEnglishDisplayName@PolyStarPointsStreamTraits@BEE_VectorStream@@SA?AV?$basic_string@_WU?$char_traits@_W@std@@U?$STLAllocator@_W@allocator@dvacore@@@std@@XZ
BEE.dll,export,7804 1E7B 0008DAC0 ?GetEnglishDisplayName@PolyStarStreamGroup@BEE_VectorStream@@UEBA?BV?$basic_string@_WU?$char_traits@_W@std@@U?$STLAllocator@_W@allocator@dvacore@@@std@@XZ
BEE.dll,export,7805 1E7C 0008DAF0 ?GetEnglishDisplayName@PolyStarTypeStreamTraits@BEE_VectorStream@@SA?AV?$basic_string@_WU?$char_traits@_W@std@@U?$STLAllocator@_W@allocator@dvacore@@@std@@XZ
BEE.dll,export,7806 1E7D 0008DB10 ?GetEnglishDisplayName@PuckerBloatAmountStreamTraits@BEE_VectorStream@@SA?AV?$basic_string@_WU?$char_traits@_W@std@@U?$STLAllocator@_W@allocator@dvacore@@@std@@XZ
BEE.dll,export,7807 1E7E 0008DB30 ?GetEnglishDisplayName@PuckerBloatStreamGroup@BEE_VectorStream@@UEBA?BV?$basic_string@_WU?$char_traits@_W@std@@U?$STLAllocator@_W@allocator@dvacore@@@std@@XZ
BEE.dll,export,7808 1E7F 0008DB60 ?GetEnglishDisplayName@RectRoundnessStreamTraits@BEE_VectorStream@@SA?AV?$basic_string@_WU?$char_traits@_W@std@@U?$STLAllocator@_W@allocator@dvacore@@@std@@XZ
BEE.dll,export,7809 1E80 0008DB80 ?GetEnglishDisplayName@RectSizeStreamTraits@BEE_VectorStream@@SA?AV?$basic_string@_WU?$char_traits@_W@std@@U?$STLAllocator@_W@allocator@dvacore@@@std@@XZ
BEE.dll,export,7810 1E81 0008DBA0 ?GetEnglishDisplayName@RectStreamGroup@BEE_VectorStream@@UEBA?BV?$basic_string@_WU?$char_traits@_W@std@@U?$STLAllocator@_W@allocator@dvacore@@@std@@XZ
BEE.dll,export,7811 1E82 0008DBD0 ?GetEnglishDisplayName@RepeaterCopiesStreamTraits@BEE_VectorStream@@SA?AV?$basic_string@_WU?$char_traits@_W@std@@U?$STLAllocator@_W@allocator@dvacore@@@std@@XZ
BEE.dll,export,7812 1E83 0008DBF0 ?GetEnglishDisplayName@RepeaterOffsetStreamTraits@BEE_VectorStream@@SA?AV?$basic_string@_WU?$char_traits@_W@std@@U?$STLAllocator@_W@allocator@dvacore@@@std@@XZ
BEE.dll,export,7813 1E84 0008DC10 ?GetEnglishDisplayName@RepeaterOrderStreamTraits@BEE_VectorStream@@SA?AV?$basic_string@_WU?$char_traits@_W@std@@U?$STLAllocator@_W@allocator@dvacore@@@std@@XZ
BEE.dll,export,7814 1E85 0008DC30 ?GetEnglishDisplayName@RepeaterStreamGroup@BEE_VectorStream@@UEBA?BV?$basic_string@_WU?$char_traits@_W@std@@U?$STLAllocator@_W@allocator@dvacore@@@std@@XZ
BEE.dll,export,7815 1E86 0008DC60 ?GetEnglishDisplayName@RepeaterTransformStreamGroup@BEE_VectorStream@@UEBA?BV?$basic_string@_WU?$char_traits@_W@std@@U?$STLAllocator@_W@allocator@dvacore@@@std@@XZ
BEE.dll,export,7816 1E87 0008DCA0 ?GetEnglishDisplayName@RevealPathStreamGroup@BEE_VectorStream@@UEBA?BV?$basic_string@_WU?$char_traits@_W@std@@U?$STLAllocator@_W@allocator@dvacore@@@std@@XZ
BEE.dll,export,7817 1E88 0008DCD0 ?GetEnglishDisplayName@RevealPointRadiusStreamTraits@BEE_VectorStream@@SA?AV?$basic_string@_WU?$char_traits@_W@std@@U?$STLAllocator@_W@allocator@dvacore@@@std@@XZ
BEE.dll,export,7819 1E8A 0008DD30 ?GetEnglishDisplayName@RoughenDetailStreamTraits@BEE_VectorStream@@SA?AV?$basic_string@_WU?$char_traits@_W@std@@U?$STLAllocator@_W@allocator@dvacore@@@std@@XZ
BEE.dll,export,7820 1E8B 0008DD50 ?GetEnglishDisplayName@RoughenPointsStreamTraits@BEE_VectorStream@@SA?AV?$basic_string@_WU?$char_traits@_W@std@@U?$STLAllocator@_W@allocator@dvacore@@@std@@XZ
BEE.dll,export,7821 1E8C 0008DD70 ?GetEnglishDisplayName@RoughenSizeStreamTraits@BEE_VectorStream@@SA?AV?$basic_string@_WU?$char_traits@_W@std@@U?$STLAllocator@_W@allocator@dvacore@@@std@@XZ
BEE.dll,export,7822 1E8D 0008DD90 ?GetEnglishDisplayName@RoughenStreamGroup@BEE_VectorStream@@UEBA?BV?$basic_string@_WU?$char_traits@_W@std@@U?$STLAllocator@_W@allocator@dvacore@@@std@@XZ
BEE.dll,export,7823 1E8E 0008DDC0 ?GetEnglishDisplayName@RoundCornerRadiusStreamTraits@BEE_VectorStream@@SA?AV?$basic_string@_WU?$char_traits@_W@std@@U?$STLAllocator@_W@allocator@dvacore@@@std@@XZ
BEE.dll,export,7824 1E8F 0008DDE0 ?GetEnglishDisplayName@RoundCornerStreamGroup@BEE_VectorStream@@UEBA?BV?$basic_string@_WU?$char_traits@_W@std@@U?$STLAllocator@_W@allocator@dvacore@@@std@@XZ
BEE.dll,export,7825 1E90 0008DE10 ?GetEnglishDisplayName@ShapeDirectionStreamTraits@BEE_VectorStream@@SA?AV?$basic_string@_WU?$char_traits@_W@std@@U?$STLAllocator@_W@allocator@dvacore@@@std@@XZ
BEE.dll,export,7826 1E91 0008DE30 ?GetEnglishDisplayName@ShapeStreamGroup@BEE_VectorStream@@UEBA?BV?$basic_string@_WU?$char_traits@_W@std@@U?$STLAllocator@_W@allocator@dvacore@@@std@@XZ
BEE.dll,export,7827 1E92 0008DE70 ?GetEnglishDisplayName@SkewStreamTraits@BEE_VectorStream@@SA?AV?$basic_string@_WU?$char_traits@_W@std@@U?$STLAllocator@_W@allocator@dvacore@@@std@@XZ
BEE.dll,export,7828 1E93 0008DEB0 ?GetEnglishDisplayName@StartOpacityStreamTraits@BEE_VectorStream@@SA?AV?$basic_string@_WU?$char_traits@_W@std@@U?$STLAllocator@_W@allocator@dvacore@@@std@@XZ
BEE.dll,export,7829 1E94 0008DED0 ?GetEnglishDisplayName@StrokeDashOffsetStreamTraits@BEE_VectorStream@@SA?AV?$basic_string@_WU?$char_traits@_W@std@@U?$STLAllocator@_W@allocator@dvacore@@@std@@XZ
BEE.dll,export,7830 1E95 0008DEF0 ?GetEnglishDisplayName@StrokeDashStreamTraits2@BEE_VectorStream@@SA?AV?$basic_string@_WU?$char_traits@_W@std@@U?$STLAllocator@_W@allocator@dvacore@@@std@@XZ
BEE.dll,export,7831 1E96 0008DF10 ?GetEnglishDisplayName@StrokeDashStreamTraits3@BEE_VectorStream@@SA?AV?$basic_string@_WU?$char_traits@_W@std@@U?$STLAllocator@_W@allocator@dvacore@@@std@@XZ
BEE.dll,export,7832 1E97 0008DF30 ?GetEnglishDisplayName@StrokeDashStreamTraits@BEE_VectorStream@@SA?AV?$basic_string@_WU?$char_traits@_W@std@@U?$STLAllocator@_W@allocator@dvacore@@@std@@XZ
BEE.dll,export,7833 1E98 0008DF50 ?GetEnglishDisplayName@StrokeDashesStreamGroup@BEE_VectorStream@@UEBA?BV?$basic_string@_WU?$char_traits@_W@std@@U?$STLAllocator@_W@allocator@dvacore@@@std@@XZ
BEE.dll,export,7834 1E99 0008DF80 ?GetEnglishDisplayName@StrokeGapStreamTraits2@BEE_VectorStream@@SA?AV?$basic_string@_WU?$char_traits@_W@std@@U?$STLAllocator@_W@allocator@dvacore@@@std@@XZ
BEE.dll,export,7835 1E9A 0008DFA0 ?GetEnglishDisplayName@StrokeGapStreamTraits3@BEE_VectorStream@@SA?AV?$basic_string@_WU?$char_traits@_W@std@@U?$STLAllocator@_W@allocator@dvacore@@@std@@XZ
BEE.dll,export,7836 1E9B 0008DFC0 ?GetEnglishDisplayName@StrokeGapStreamTraits@BEE_VectorStream@@SA?AV?$basic_string@_WU?$char_traits@_W@std@@U?$STLAllocator@_W@allocator@dvacore@@@std@@XZ
BEE.dll,export,7837 1E9C 0008DFE0 ?GetEnglishDisplayName@StrokeMiterLimitStreamTraits@BEE_VectorStream@@SA?AV?$basic_string@_WU?$char_traits@_W@std@@U?$STLAllocator@_W@allocator@dvacore@@@std@@XZ
BEE.dll,export,7838 1E9D 0008E000 ?GetEnglishDisplayName@StrokeStreamGroup@BEE_VectorStream@@UEBA?BV?$basic_string@_WU?$char_traits@_W@std@@U?$STLAllocator@_W@allocator@dvacore@@@std@@XZ
BEE.dll,export,7839 1E9E 0008E030 ?GetEnglishDisplayName@StrokeTaperStreamGroup@BEE_VectorStream@@UEBA?BV?$basic_string@_WU?$char_traits@_W@std@@U?$STLAllocator@_W@allocator@dvacore@@@std@@XZ
BEE.dll,export,7840 1E9F 0008E060 ?GetEnglishDisplayName@StrokeTaperWaveStreamGroup@BEE_VectorStream@@UEBA?BV?$basic_string@_WU?$char_traits@_W@std@@U?$STLAllocator@_W@allocator@dvacore@@@std@@XZ
BEE.dll,export,7841 1EA0 0008E090 ?GetEnglishDisplayName@StrokeWidthStreamTraits@BEE_VectorStream@@SA?AV?$basic_string@_WU?$char_traits@_W@std@@U?$STLAllocator@_W@allocator@dvacore@@@std@@XZ
BEE.dll,export,7842 1EA1 0008E0B0 ?GetEnglishDisplayName@TaperEndEaseStreamTraits@BEE_VectorStream@@SA?AV?$basic_string@_WU?$char_traits@_W@std@@U?$STLAllocator@_W@allocator@dvacore@@@std@@XZ
BEE.dll,export,7843 1EA2 0008E0D0 ?GetEnglishDisplayName@TaperEndLengthStreamTraits@BEE_VectorStream@@SA?AV?$basic_string@_WU?$char_traits@_W@std@@U?$STLAllocator@_W@allocator@dvacore@@@std@@XZ
BEE.dll,export,7844 1EA3 0008E0F0 ?GetEnglishDisplayName@TaperEndPixelLengthStreamTraits@BEE_VectorStream@@SA?AV?$basic_string@_WU?$char_traits@_W@std@@U?$STLAllocator@_W@allocator@dvacore@@@std@@XZ
BEE.dll,export,7845 1EA4 0008E110 ?GetEnglishDisplayName@TaperEndWidthStreamTraits@BEE_VectorStream@@SA?AV?$basic_string@_WU?$char_traits@_W@std@@U?$STLAllocator@_W@allocator@dvacore@@@std@@XZ
BEE.dll,export,7846 1EA5 0008E130 ?GetEnglishDisplayName@TaperLengthUnitsStreamTraits@BEE_VectorStream@@SA?AV?$basic_string@_WU?$char_traits@_W@std@@U?$STLAllocator@_W@allocator@dvacore@@@std@@XZ
BEE.dll,export,7847 1EA6 0008E170 ?GetEnglishDisplayName@TaperStartEaseStreamTraits@BEE_VectorStream@@SA?AV?$basic_string@_WU?$char_traits@_W@std@@U?$STLAllocator@_W@allocator@dvacore@@@std@@XZ
BEE.dll,export,7848 1EA7 0008E190 ?GetEnglishDisplayName@TaperStartLengthStreamTraits@BEE_VectorStream@@SA?AV?$basic_string@_WU?$char_traits@_W@std@@U?$STLAllocator@_W@allocator@dvacore@@@std@@XZ
BEE.dll,export,7849 1EA8 0008E1B0 ?GetEnglishDisplayName@TaperStartPixelLengthStreamTraits@BEE_VectorStream@@SA?AV?$basic_string@_WU?$char_traits@_W@std@@U?$STLAllocator@_W@allocator@dvacore@@@std@@XZ
BEE.dll,export,7850 1EA9 0008E1D0 ?GetEnglishDisplayName@TaperStartWidthStreamTraits@BEE_VectorStream@@SA?AV?$basic_string@_WU?$char_traits@_W@std@@U?$STLAllocator@_W@allocator@dvacore@@@std@@XZ
BEE.dll,export,7851 1EAA 0008E1F0 ?GetEnglishDisplayName@TaperWaveAmountStreamTraits@BEE_VectorStream@@SA?AV?$basic_string@_WU?$char_traits@_W@std@@U?$STLAllocator@_W@allocator@dvacore@@@std@@XZ
BEE.dll,export,7852 1EAB 0008E210 ?GetEnglishDisplayName@TaperWaveCyclesStreamTraits@BEE_VectorStream@@SA?AV?$basic_string@_WU?$char_traits@_W@std@@U?$STLAllocator@_W@allocator@dvacore@@@std@@XZ
BEE.dll,export,7853 1EAC 0008E230 ?GetEnglishDisplayName@TaperWaveUnitsStreamTraits@BEE_VectorStream@@SA?AV?$basic_string@_WU?$char_traits@_W@std@@U?$STLAllocator@_W@allocator@dvacore@@@std@@XZ
BEE.dll,export,7854 1EAD 0008E270 ?GetEnglishDisplayName@TaperWavelengthStreamTraits@BEE_VectorStream@@SA?AV?$basic_string@_WU?$char_traits@_W@std@@U?$STLAllocator@_W@allocator@dvacore@@@std@@XZ
BEE.dll,export,7855 1EAE 0008E290 ?GetEnglishDisplayName@TransformStreamGroup@BEE_VectorStream@@UEBA?BV?$basic_string@_WU?$char_traits@_W@std@@U?$STLAllocator@_W@allocator@dvacore@@@std@@XZ
BEE.dll,export,7856 1EAF 0008E2D0 ?GetEnglishDisplayName@TrimEndStreamTraits@BEE_VectorStream@@SA?AV?$basic_string@_WU?$char_traits@_W@std@@U?$STLAllocator@_W@allocator@dvacore@@@std@@XZ
BEE.dll,export,7857 1EB0 0008E2F0 ?GetEnglishDisplayName@TrimStartStreamTraits@BEE_VectorStream@@SA?AV?$basic_string@_WU?$char_traits@_W@std@@U?$STLAllocator@_W@allocator@dvacore@@@std@@XZ
BEE.dll,export,7858 1EB1 0008E310 ?GetEnglishDisplayName@TrimStreamGroup@BEE_VectorStream@@UEBA?BV?$basic_string@_WU?$char_traits@_W@std@@U?$STLAllocator@_W@allocator@dvacore@@@std@@XZ
BEE.dll,export,7859 1EB2 0008E340 ?GetEnglishDisplayName@TrimTypeStreamTraits@BEE_VectorStream@@SA?AV?$basic_string@_WU?$char_traits@_W@std@@U?$STLAllocator@_W@allocator@dvacore@@@std@@XZ
BEE.dll,export,7860 1EB3 0008E360 ?GetEnglishDisplayName@TwistAngleStreamTraits@BEE_VectorStream@@SA?AV?$basic_string@_WU?$char_traits@_W@std@@U?$STLAllocator@_W@allocator@dvacore@@@std@@XZ
BEE.dll,export,7861 1EB4 0008E380 ?GetEnglishDisplayName@TwistStreamGroup@BEE_VectorStream@@UEBA?BV?$basic_string@_WU?$char_traits@_W@std@@U?$STLAllocator@_W@allocator@dvacore@@@std@@XZ
BEE.dll,export,7862 1EB5 0008E3B0 ?GetEnglishDisplayName@Vec3D_MaterialOptionsStreamGroup@BEE_VectorStream@@UEBA?BV?$basic_string@_WU?$char_traits@_W@std@@U?$STLAllocator@_W@allocator@dvacore@@@std@@XZ
BEE.dll,export,7863 1EB6 0008E3F0 ?GetEnglishDisplayName@VectorStreamGroup@BEE_VectorStream@@UEBA?BV?$basic_string@_WU?$char_traits@_W@std@@U?$STLAllocator@_W@allocator@dvacore@@@std@@XZ
BEE.dll,export,7864 1EB7 0008E430 ?GetEnglishDisplayName@VectorsStreamGroup@BEE_VectorStream@@UEBA?BV?$basic_string@_WU?$char_traits@_W@std@@U?$STLAllocator@_W@allocator@dvacore@@@std@@XZ
BEE.dll,export,7865 1EB8 0008E470 ?GetEnglishDisplayName@WigglerStreamGroup@BEE_VectorStream@@UEBA?BV?$basic_string@_WU?$char_traits@_W@std@@U?$STLAllocator@_W@allocator@dvacore@@@std@@XZ
BEE.dll,export,7866 1EB9 0008E4A0 ?GetEnglishDisplayName@WigglerTransformStreamGroup@BEE_VectorStream@@UEBA?BV?$basic_string@_WU?$char_traits@_W@std@@U?$STLAllocator@_W@allocator@dvacore@@@std@@XZ
BEE.dll,export,7867 1EBA 0008E4E0 ?GetEnglishDisplayName@ZigzagDetailStreamTraits@BEE_VectorStream@@SA?AV?$basic_string@_WU?$char_traits@_W@std@@U?$STLAllocator@_W@allocator@dvacore@@@std@@XZ
BEE.dll,export,7868 1EBB 0008E500 ?GetEnglishDisplayName@ZigzagPointsStreamTraits@BEE_VectorStream@@SA?AV?$basic_string@_WU?$char_traits@_W@std@@U?$STLAllocator@_W@allocator@dvacore@@@std@@XZ
BEE.dll,export,7869 1EBC 0008E520 ?GetEnglishDisplayName@ZigzagSizeStreamTraits@BEE_VectorStream@@SA?AV?$basic_string@_WU?$char_traits@_W@std@@U?$STLAllocator@_W@allocator@dvacore@@@std@@XZ
BEE.dll,export,7870 1EBD 0008E540 ?GetEnglishDisplayName@ZigzagStreamGroup@BEE_VectorStream@@UEBA?BV?$basic_string@_WU?$char_traits@_W@std@@U?$STLAllocator@_W@allocator@dvacore@@@std@@XZ
BEE.dll,export,7876 1EC3 002A3880 ?GetEvenOddFill@Graphic@BEE_VectorArt@@QEBA_NXZ
BEE.dll,export,7892 1ED3 006CE080 ?GetExtendType@GradientGraphic@BEE_VectorArt@@QEBA?AW4ExtendType@12@XZ
BEE.dll,export,7961 1F18 0008E6A0 ?GetFloatSliderFlags@BEE_TextStrokeWidthParamDefTraits@@SAIXZ
BEE.dll,export,7966 1F1D 0008E6E0 ?GetFloatSliderFlags@BEE_Vec3DColorSVParamDefTraits@BEE_VectorStream@@SAIXZ
BEE.dll,export,7968 1F1F 0008E6F0 ?GetFloatSliderFlags@ShapeEffectCorrelationParamDefTraits@BEE_VectorStream@@SAIXZ
BEE.dll,export,7969 1F20 0008E700 ?GetFloatSliderFlags@ShapeEffectWigglePathsTemporalFrequencyParamDefTraits@BEE_VectorStream@@SAIXZ
BEE.dll,export,7970 1F21 0008E710 ?GetFloatSliderFlags@SkewParamDefTraits@BEE_VectorStream@@SAIXZ
BEE.dll,export,8012 1F4B 006CE090 ?GetGradientColors@GradientGraphic@BEE_VectorArt@@QEBAAEBVBEE_GradientColors@@XZ
BEE.dll,export,8013 1F4C 006CE0A0 ?GetGradientType@GradientGraphic@BEE_VectorArt@@QEBA?AW4GradientType@12@XZ
BEE.dll,export,8015 1F4E 006CE6C0 ?GetGroup@SymbolGroup@BEE_VectorArt@@QEAAPEAVGroup@2@XZ
BEE.dll,export,8016 1F4F 006CE720 ?GetGroup@SymbolGroup@BEE_VectorArt@@QEBAPEBVGroup@2@XZ
BEE.dll,export,8043 1F6A 0008E950 ?GetHideDimensionLock@?$TDB_DerivedStream@UBEE_GradientColorsStreamTraits@@@@UEBA_NXZ
BEE.dll,export,8062 1F7D 0008E9A0 ?GetHideDimensionLock@?$TDB_DerivedStream@UBlendModeStreamTraits@BEE_VectorStream@@@@UEBA_NXZ
BEE.dll,export,8109 1FAC 00054070 ?GetInteractiveStrokeBuffer@BEE_RotobrushCacheViewRenderFrameData@@EEBA?AV?$shared_ptr@VInteractiveStrokeBuffer@RenderFrameData@samurai@@@boost@@XZ
BEE.dll,export,8131 1FC2 00759150 ?GetInterpMask@?$BEE_GenericColorStreamTraits@$0CGE@UDefaultRevealPathColor@BEE_VectorStream@@@@SAGXZ
BEE.dll,export,8132 1FC3 00759160 ?GetInterpMask@?$BEE_GenericColorStreamTraits@$0CGE@UDefaultStrokeColor@BEE_VectorStream@@@@SAGXZ
BEE.dll,export,8144 1FCF 007591B0 ?GetInterpMask@?$BEE_GenericFloatBaseStreamTraitsT@UGradientRadialHighlightLengthParamDefTraits@BEE_VectorStream@@@@SAGXZ
BEE.dll,export,8145 1FD0 007591C0 ?GetInterpMask@?$BEE_GenericFloatBaseStreamTraitsT@UTaperEaseParamDefTraits@BEE_VectorStream@@@@SAGXZ
BEE.dll,export,8283 205A 00759200 ?GetInterpMask@?$ShapeEffectCorrelationTraits@$0CKM@@BEE_VectorStream@@SAGXZ
BEE.dll,export,8284 205B 00759210 ?GetInterpMask@?$ShapeEffectRandomSeedStreamTraits@$0COM@@BEE_VectorStream@@SAGXZ
BEE.dll,export,8285 205C 00759220 ?GetInterpMask@?$ShapeEffectWigglePathsFrequencyTraits@$0CKL@V?$TDB_DefaultMFloat@$01@@@BEE_VectorStream@@SAGXZ
BEE.dll,export,8333 208C 0008F100 ?GetInterpMask@BEE_TextSelectorRangeShapeStreamTraits@@SAGXZ
BEE.dll,export,8337 2090 0008F140 ?GetInterpMask@BEE_TextStrokeWidthStreamTraits@@SAGXZ
BEE.dll,export,8341 2094 0008F170 ?GetInterpMask@BlendModeStreamTraits@BEE_VectorStream@@SAGXZ
BEE.dll,export,8342 2095 0008F180 ?GetInterpMask@CompositeOrderStreamTraits@BEE_VectorStream@@SAGXZ
BEE.dll,export,8343 2096 0008F190 ?GetInterpMask@FillRuleStreamTraits@BEE_VectorStream@@SAGXZ
BEE.dll,export,8344 2097 0008F1A0 ?GetInterpMask@GradientTypeStreamTraits@BEE_VectorStream@@SAGXZ
BEE.dll,export,8345 2098 00125580 ?GetInterpMask@IrisShapeStreamTraits@@SAGXZ
BEE.dll,export,8346 2099 0008F1B0 ?GetInterpMask@LineCapStreamTraits@BEE_VectorStream@@SAGXZ
BEE.dll,export,8347 209A 0008F1C0 ?GetInterpMask@LineJoinStreamTraits@BEE_VectorStream@@SAGXZ
BEE.dll,export,8348 209B 0008F1D0 ?GetInterpMask@MergePathTypeStreamTraits@BEE_VectorStream@@SAGXZ
BEE.dll,export,8349 209C 0008F1E0 ?GetInterpMask@PolyStarTypeStreamTraits@BEE_VectorStream@@SAGXZ
BEE.dll,export,8350 209D 0008F1F0 ?GetInterpMask@RepeaterOrderStreamTraits@BEE_VectorStream@@SAGXZ
BEE.dll,export,8351 209E 0008F200 ?GetInterpMask@ShapeDirectionStreamTraits@BEE_VectorStream@@SAGXZ
BEE.dll,export,8352 209F 0008F210 ?GetInterpMask@SkewStreamTraits@BEE_VectorStream@@SAGXZ
BEE.dll,export,8353 20A0 0008F220 ?GetInterpMask@TaperLengthUnitsStreamTraits@BEE_VectorStream@@SAGXZ
BEE.dll,export,8354 20A1 0008F230 ?GetInterpMask@TaperWaveUnitsStreamTraits@BEE_VectorStream@@SAGXZ
BEE.dll,export,8355 20A2 0008F240 ?GetInterpMask@TrimTypeStreamTraits@BEE_VectorStream@@SAGXZ
BEE.dll,export,8379 20BA 00703810 ?GetLastDashStreamID@BEE_VectorStream@@YA?AVTDB_StreamID@@AEBVTDB_StreamIDPath@@AEBVBEE_Layer@@@Z
BEE.dll,export,8400 20CF 006E2B20 ?GetLayerDepth@BEE_VectorLayer@@UEBANPEBUT_Time@@@Z
BEE.dll,export,8402 20D1 00281140 ?GetLayerFilterProc@C_AGMDLTranslatePort@@QEAAP6AXPEBVAGMPort@BIB_T_MT@@HPEAX_K@ZXZ
BEE.dll,export,8440 20F7 000B09E0 ?GetLayerType@BEE_VectorLayer@@UEBA?BHXZ
BEE.dll,export,8450 2101 002A3DD0 ?GetLineCapType@StrokeData@BEE_VectorArt@@QEBA?AW4LineCapType@12@XZ
BEE.dll,export,8451 2102 002A3DE0 ?GetLineJoinType@StrokeData@BEE_VectorArt@@QEBA?AW4LineJoinType@12@XZ
BEE.dll,export,8529 2150 00703840 ?GetMaterialsGroupForGroup@BEE_VectorStream@@YAPEBVVec3D_MaterialOptionsStreamGroup@1@PEBVTDB_StreamBase@@@Z
BEE.dll,export,8530 2151 007038E0 ?GetMatrix@BEE_VectorStream@@YA?AVM_Matrix3@@AEBVTransformStreamGroup@1@AEBUT_Time@@PEBVTDB_ParamBag@@@Z
BEE.dll,export,8531 2152 006CE900 ?GetMatrix@GradientGraphic@BEE_VectorArt@@QEBA?AVM_Matrix3@@XZ
BEE.dll,export,8550 2165 006F8F60 ?GetMaxValue@?$BEE_GenericColorStreamTraits@$0CGE@UDefaultRevealPathColor@BEE_VectorStream@@@@SANXZ
BEE.dll,export,8551 2166 00281540 ?GetMaxValue@?$BEE_GenericColorStreamTraits@$0CGE@UDefaultStrokeColor@BEE_VectorStream@@@@SANXZ
BEE.dll,export,8693 21F4 006F8F90 ?GetMaxValue@?$ShapeEffectCorrelationTraits@$0CKM@@BEE_VectorStream@@SANXZ
BEE.dll,export,8694 21F5 006F8FA0 ?GetMaxValue@?$ShapeEffectRandomSeedStreamTraits@$0COM@@BEE_VectorStream@@SANXZ
BEE.dll,export,8695 21F6 006F8FB0 ?GetMaxValue@?$ShapeEffectWigglePathsFrequencyTraits@$0CKL@V?$TDB_DefaultMFloat@$01@@@BEE_VectorStream@@SANXZ
BEE.dll,export,8756 2233 0008F610 ?GetMaxValue@BEE_TextSelectorRangeShapeStreamTraits@@SANXZ
BEE.dll,export,8760 2237 0008F650 ?GetMaxValue@BEE_TextStrokeWidthStreamTraits@@SANXZ
BEE.dll,export,8769 2240 0008F6E0 ?GetMaxValue@BlendModeStreamTraits@BEE_VectorStream@@SANXZ
BEE.dll,export,8770 2241 0008F6F0 ?GetMaxValue@CompositeOrderStreamTraits@BEE_VectorStream@@SANXZ
BEE.dll,export,8771 2242 0008F700 ?GetMaxValue@FillRuleStreamTraits@BEE_VectorStream@@SANXZ
BEE.dll,export,8772 2243 0008F710 ?GetMaxValue@GradientRadialHighlightLengthStreamTraits@BEE_VectorStream@@SANXZ
BEE.dll,export,8773 2244 0008F720 ?GetMaxValue@GradientTypeStreamTraits@BEE_VectorStream@@SANXZ
BEE.dll,export,8779 224A 00125680 ?GetMaxValue@IrisShapeStreamTraits@@SANXZ
BEE.dll,export,8780 224B 0008F730 ?GetMaxValue@LineCapStreamTraits@BEE_VectorStream@@SANXZ
BEE.dll,export,8781 224C 0008F740 ?GetMaxValue@LineJoinStreamTraits@BEE_VectorStream@@SANXZ
BEE.dll,export,8782 224D 0008F750 ?GetMaxValue@MergePathTypeStreamTraits@BEE_VectorStream@@SANXZ
BEE.dll,export,8783 224E 0008F760 ?GetMaxValue@PolyStarTypeStreamTraits@BEE_VectorStream@@SANXZ
BEE.dll,export,8784 224F 0008F770 ?GetMaxValue@RepeaterOrderStreamTraits@BEE_VectorStream@@SANXZ
BEE.dll,export,8785 2250 0008F780 ?GetMaxValue@RoughenDetailStreamTraits@BEE_VectorStream@@SANXZ
BEE.dll,export,8786 2251 0008F790 ?GetMaxValue@RoughenPointsStreamTraits@BEE_VectorStream@@SANXZ
BEE.dll,export,8787 2252 0008F7A0 ?GetMaxValue@ShapeDirectionStreamTraits@BEE_VectorStream@@SANXZ
BEE.dll,export,8788 2253 0008F7B0 ?GetMaxValue@SkewStreamTraits@BEE_VectorStream@@SANXZ
BEE.dll,export,8789 2254 0008F7C0 ?GetMaxValue@TaperEaseStreamTraits@BEE_VectorStream@@SANXZ
BEE.dll,export,8790 2255 0008F7D0 ?GetMaxValue@TaperLengthUnitsStreamTraits@BEE_VectorStream@@SANXZ
BEE.dll,export,8791 2256 0008F7E0 ?GetMaxValue@TaperWaveUnitsStreamTraits@BEE_VectorStream@@SANXZ
BEE.dll,export,8792 2257 0008F7F0 ?GetMaxValue@TrimTypeStreamTraits@BEE_VectorStream@@SANXZ
BEE.dll,export,8793 2258 0008F800 ?GetMaxValue@ZigzagDetailStreamTraits@BEE_VectorStream@@SANXZ
BEE.dll,export,8794 2259 0008F810 ?GetMaxValue@ZigzagPointsStreamTraits@BEE_VectorStream@@SANXZ
BEE.dll,export,8822 2275 006F8FC0 ?GetMinValue@?$BEE_GenericColorStreamTraits@$0CGE@UDefaultRevealPathColor@BEE_VectorStream@@@@SANXZ
BEE.dll,export,8823 2276 00281740 ?GetMinValue@?$BEE_GenericColorStreamTraits@$0CGE@UDefaultStrokeColor@BEE_VectorStream@@@@SANXZ
BEE.dll,export,8969 2308 006F8FF0 ?GetMinValue@?$ShapeEffectCorrelationTraits@$0CKM@@BEE_VectorStream@@SANXZ
BEE.dll,export,8970 2309 006F9000 ?GetMinValue@?$ShapeEffectRandomSeedStreamTraits@$0COM@@BEE_VectorStream@@SANXZ
BEE.dll,export,8971 230A 006F9010 ?GetMinValue@?$ShapeEffectWigglePathsFrequencyTraits@$0CKL@V?$TDB_DefaultMFloat@$01@@@BEE_VectorStream@@SANXZ
BEE.dll,export,9036 234B 0008FF40 ?GetMinValue@BEE_TextStrokeWidthStreamTraits@@SANXZ
BEE.dll,export,9046 2355 0008FFE0 ?GetMinValue@EllipseSizeStreamTraits@BEE_VectorStream@@SANXZ
BEE.dll,export,9047 2356 0008FFF0 ?GetMinValue@GradientRadialHighlightLengthStreamTraits@BEE_VectorStream@@SANXZ
BEE.dll,export,9053 235C 00090000 ?GetMinValue@PolyStarPointsStreamTraits@BEE_VectorStream@@SANXZ
BEE.dll,export,9054 235D 00090010 ?GetMinValue@RectSizeStreamTraits@BEE_VectorStream@@SANXZ
BEE.dll,export,9055 235E 00090020 ?GetMinValue@RoughenDetailStreamTraits@BEE_VectorStream@@SANXZ
BEE.dll,export,9056 235F 00090030 ?GetMinValue@RoughenSizeStreamTraits@BEE_VectorStream@@SANXZ
BEE.dll,export,9057 2360 00090040 ?GetMinValue@RoundCornerRadiusStreamTraits@BEE_VectorStream@@SANXZ
BEE.dll,export,9058 2361 00090050 ?GetMinValue@SkewStreamTraits@BEE_VectorStream@@SANXZ
BEE.dll,export,9059 2362 00090060 ?GetMinValue@StrokeMiterLimitStreamTraits@BEE_VectorStream@@SANXZ
BEE.dll,export,9060 2363 00090070 ?GetMinValue@TaperEaseStreamTraits@BEE_VectorStream@@SANXZ
BEE.dll,export,9061 2364 00090080 ?GetMinValue@ZigzagDetailStreamTraits@BEE_VectorStream@@SANXZ
BEE.dll,export,9062 2365 00090090 ?GetMinValue@ZigzagSizeStreamTraits@BEE_VectorStream@@SANXZ
BEE.dll,export,9064 2367 002A3DF0 ?GetMiterLimit@StrokeData@BEE_VectorArt@@QEBAMXZ
BEE.dll,export,9132 23AB 00054CE0 ?GetNumStrokes@BEE_StrokesGroupBase@@QEBAIXZ
BEE.dll,export,9134 23AD 006CE930 ?GetNumThreadsConstructingAGM@BEE_VectorArt@@YAHXZ
BEE.dll,export,9149 23BC 006CE940 ?GetOriginInfo@BaseObject@BEE_VectorArt@@QEBAPEBVOriginInfo@2@_N@Z
BEE.dll,export,9150 23BD 006CE990 ?GetOriginInfoReference@BaseObject@BEE_VectorArt@@QEAAAEAVOriginInfo@2@XZ
BEE.dll,export,9186 23E1 00054D20 ?GetPaintAtom@BEE_StrokesGroupBase@@QEAAPEAVBEE_PaintAtom@@I@Z
BEE.dll,export,9215 23FE 00091010 ?GetParamType@BEE_GradientColorsStreamParamdefTraits@@SAHXZ
BEE.dll,export,9242 2419 00091120 ?GetParamType@BEE_TextStrokeWidthParamDefTraits@@SAHXZ
BEE.dll,export,9246 241D 00091160 ?GetParamType@BEE_Vec3DColorSVParamDefTraits@BEE_VectorStream@@SAHXZ
BEE.dll,export,9247 241E 00091170 ?GetParamType@EllipseSizeParamDefTraits@BEE_VectorStream@@SAHXZ
BEE.dll,export,9249 2420 00091180 ?GetParamType@RectSizeParamDefTraits@BEE_VectorStream@@SAHXZ
BEE.dll,export,9250 2421 00091190 ?GetParamType@ShapeEffectCorrelationParamDefTraits@BEE_VectorStream@@SAHXZ
BEE.dll,export,9251 2422 000911A0 ?GetParamType@ShapeEffectRandomSeedParamDefTraits@BEE_VectorStream@@SAHXZ
BEE.dll,export,9252 2423 000911B0 ?GetParamType@ShapeEffectWigglePathsTemporalFrequencyParamDefTraits@BEE_VectorStream@@SAHXZ
BEE.dll,export,9253 2424 000911C0 ?GetParamType@SkewParamDefTraits@BEE_VectorStream@@SAHXZ
BEE.dll,export,9266 2431 006DC4A0 ?GetPathDataFromOM@BEE_VectorArt@@YAXAEBVOM_Shape@@AEAVCAIMBezierPath@BIB_T_MT@@@Z
BEE.dll,export,9267 2432 006CEB30 ?GetPathOutsetExtent@StrokeData@BEE_VectorArt@@QEBAMXZ
BEE.dll,export,9268 2433 006CEBC0 ?GetPaths@Graphic@BEE_VectorArt@@QEBA?AVCAGMPath@BIB_T_MT@@U?$pair@V?$_List_const_iterator@V?$_List_val@U?$_List_simple_types@V?$IntrusivePtr@VBaseObject@BEE_VectorArt@@@RefCountedInterface@utility@dvacore@@@std@@@std@@@std@@V12@@std@@@Z
BEE.dll,export,9281 2440 006DC6D0 ?GetPolyStarPathData@BEE_VectorArt@@YAXAEBVTDB_NamedStreamGroup@@AEBUT_Time@@PEBVRG_ProgAbort@@AEAVCAIMBezierPath@BIB_T_MT@@PEBVTDB_ParamBag@@@Z
BEE.dll,export,9299 2452 000914F0 ?GetPopupItemCount@BlendModeParamDefTraits@BEE_VectorStream@@SAHXZ
BEE.dll,export,9300 2453 00091500 ?GetPopupItemCount@CompositeOrderParamDefTraits@BEE_VectorStream@@SAHXZ
BEE.dll,export,9301 2454 00091510 ?GetPopupItemCount@FillRuleParamDefTraits@BEE_VectorStream@@SAHXZ
BEE.dll,export,9302 2455 00091520 ?GetPopupItemCount@GradientTypeParamDefTraits@BEE_VectorStream@@SAHXZ
BEE.dll,export,9304 2457 00091530 ?GetPopupItemCount@LineCapParamDefTraits@BEE_VectorStream@@SAHXZ
BEE.dll,export,9305 2458 00091540 ?GetPopupItemCount@LineJoinParamDefTraits@BEE_VectorStream@@SAHXZ
BEE.dll,export,9306 2459 00091550 ?GetPopupItemCount@MergePathTypeParamDefTraits@BEE_VectorStream@@SAHXZ
BEE.dll,export,9307 245A 00091560 ?GetPopupItemCount@PolyStarTypeParamDefTraits@BEE_VectorStream@@SAHXZ
BEE.dll,export,9308 245B 00091570 ?GetPopupItemCount@RepeaterOrderParamDefTraits@BEE_VectorStream@@SAHXZ
BEE.dll,export,9309 245C 00091580 ?GetPopupItemCount@RoughenPointsParamDefTraits@BEE_VectorStream@@SAHXZ
BEE.dll,export,9310 245D 00091590 ?GetPopupItemCount@ShapeDirectionParamDefTraits@BEE_VectorStream@@SAHXZ
BEE.dll,export,9311 245E 000915A0 ?GetPopupItemCount@TaperLengthUnitsParamDefTraits@BEE_VectorStream@@SAHXZ
BEE.dll,export,9312 245F 000915B0 ?GetPopupItemCount@TaperWaveUnitsParamDefTraits@BEE_VectorStream@@SAHXZ
BEE.dll,export,9313 2460 000915C0 ?GetPopupItemCount@TrimTypeParamDefTraits@BEE_VectorStream@@SAHXZ
BEE.dll,export,9314 2461 000915D0 ?GetPopupItemCount@ZigzagPointsParamDefTraits@BEE_VectorStream@@SAHXZ
BEE.dll,export,9332 2473 000919C0 ?GetPopupStrings@BlendModeParamDefTraits@BEE_VectorStream@@SA?AV?$basic_string@DU?$char_traits@D@std@@V?$allocator@D@2@@std@@XZ
BEE.dll,export,9333 2474 00091A40 ?GetPopupStrings@CompositeOrderParamDefTraits@BEE_VectorStream@@SA?AV?$basic_string@DU?$char_traits@D@std@@V?$allocator@D@2@@std@@XZ
BEE.dll,export,9334 2475 00091A60 ?GetPopupStrings@FillRuleParamDefTraits@BEE_VectorStream@@SA?AV?$basic_string@DU?$char_traits@D@std@@V?$allocator@D@2@@std@@XZ
BEE.dll,export,9335 2476 00091A80 ?GetPopupStrings@GradientTypeParamDefTraits@BEE_VectorStream@@SA?AV?$basic_string@DU?$char_traits@D@std@@V?$allocator@D@2@@std@@XZ
BEE.dll,export,9337 2478 00091AA0 ?GetPopupStrings@LineCapParamDefTraits@BEE_VectorStream@@SA?AV?$basic_string@DU?$char_traits@D@std@@V?$allocator@D@2@@std@@XZ
BEE.dll,export,9338 2479 00091AC0 ?GetPopupStrings@LineJoinParamDefTraits@BEE_VectorStream@@SA?AV?$basic_string@DU?$char_traits@D@std@@V?$allocator@D@2@@std@@XZ
BEE.dll,export,9339 247A 00091AE0 ?GetPopupStrings@MergePathTypeParamDefTraits@BEE_VectorStream@@SA?AV?$basic_string@DU?$char_traits@D@std@@V?$allocator@D@2@@std@@XZ
BEE.dll,export,9340 247B 00091B00 ?GetPopupStrings@PolyStarTypeParamDefTraits@BEE_VectorStream@@SA?AV?$basic_string@DU?$char_traits@D@std@@V?$allocator@D@2@@std@@XZ
BEE.dll,export,9341 247C 00091B20 ?GetPopupStrings@RepeaterOrderParamDefTraits@BEE_VectorStream@@SA?AV?$basic_string@DU?$char_traits@D@std@@V?$allocator@D@2@@std@@XZ
BEE.dll,export,9342 247D 00091B40 ?GetPopupStrings@RoughenPointsParamDefTraits@BEE_VectorStream@@SA?AV?$basic_string@DU?$char_traits@D@std@@V?$allocator@D@2@@std@@XZ
BEE.dll,export,9343 247E 00091B60 ?GetPopupStrings@ShapeDirectionParamDefTraits@BEE_VectorStream@@SA?AV?$basic_string@DU?$char_traits@D@std@@V?$allocator@D@2@@std@@XZ
BEE.dll,export,9344 247F 00091B80 ?GetPopupStrings@TaperLengthUnitsParamDefTraits@BEE_VectorStream@@SA?AV?$basic_string@DU?$char_traits@D@std@@V?$allocator@D@2@@std@@XZ
BEE.dll,export,9345 2480 00091BE0 ?GetPopupStrings@TaperWaveUnitsParamDefTraits@BEE_VectorStream@@SA?AV?$basic_string@DU?$char_traits@D@std@@V?$allocator@D@2@@std@@XZ
BEE.dll,export,9346 2481 00091C40 ?GetPopupStrings@TrimTypeParamDefTraits@BEE_VectorStream@@SA?AV?$basic_string@DU?$char_traits@D@std@@V?$allocator@D@2@@std@@XZ
BEE.dll,export,9347 2482 00091C60 ?GetPopupStrings@ZigzagPointsParamDefTraits@BEE_VectorStream@@SA?AV?$basic_string@DU?$char_traits@D@std@@V?$allocator@D@2@@std@@XZ
BEE.dll,export,9348 2483 00091C80 ?GetPopupStringsUTF16@BlendModeParamDefTraits@BEE_VectorStream@@SA?AV?$basic_string@_WU?$char_traits@_W@std@@U?$STLAllocator@_W@allocator@dvacore@@@std@@XZ
BEE.dll,export,9434 24D9 00091F90 ?GetPrecision@BEE_TextStrokeWidthParamDefTraits@@SAFXZ
BEE.dll,export,9443 24E2 00092010 ?GetPrecision@BEE_Vec3DColorSVParamDefTraits@BEE_VectorStream@@SAFXZ
BEE.dll,export,9450 24E9 00092020 ?GetPrecision@ShapeEffectCorrelationParamDefTraits@BEE_VectorStream@@SAFXZ
BEE.dll,export,9451 24EA 00092030 ?GetPrecision@ShapeEffectRandomSeedParamDefTraits@BEE_VectorStream@@SAFXZ
BEE.dll,export,9452 24EB 00092040 ?GetPrecision@ShapeEffectWigglePathsTemporalFrequencyParamDefTraits@BEE_VectorStream@@SAFXZ
BEE.dll,export,9453 24EC 00092050 ?GetPrecision@SkewParamDefTraits@BEE_VectorStream@@SAFXZ
BEE.dll,export,9463 24F6 006831E0 ?GetProcs@C_AGMDLTranslatePort@@CAPEAU_t_NewAGMDLTranslatePortInterface@@XZ
BEE.dll,export,9497 2518 006CECD0 ?GetRadialHiliteAngle@GradientGraphic@BEE_VectorArt@@QEBANXZ
BEE.dll,export,9498 2519 006CECE0 ?GetRadialHiliteLength@GradientGraphic@BEE_VectorArt@@QEBANXZ
BEE.dll,export,9506 2521 006DCB30 ?GetRectPathData@BEE_VectorArt@@YAXAEBVTDB_NamedStreamGroup@@AEBUT_Time@@PEBVRG_ProgAbort@@AEAVCAIMBezierPath@BIB_T_MT@@PEBVTDB_ParamBag@@@Z
BEE.dll,export,9528 2537 000B09F0 ?GetRelativeDimensions@BEE_VectorLayer@@UEBAXPEAF0@Z
BEE.dll,export,9537 2540 002D8DF0 ?GetRenderGuid@BEE_GradientColors@@QEBA?AVGuid@utility@dvacore@@XZ
BEE.dll,export,9554 2551 000EBD50 ?GetRenderGuid@BEE_StrokesGroupBase@@UEBA?AVGuid@utility@dvacore@@AEBVTDB_RenderOptionsBase@@PEAVGetRenderGuidFilter@@@Z
BEE.dll,export,9557 2554 00703C10 ?GetRenderGuid@RoughenStreamGroup@BEE_VectorStream@@UEBA?AVGuid@utility@dvacore@@AEBVTDB_RenderOptionsBase@@PEAVGetRenderGuidFilter@@@Z
BEE.dll,export,9558 2555 00703EF0 ?GetRenderGuid@VectorStreamGroup@BEE_VectorStream@@UEBA?AVGuid@utility@dvacore@@AEBVTDB_RenderOptionsBase@@PEAVGetRenderGuidFilter@@@Z
BEE.dll,export,9559 2556 00704050 ?GetRenderGuid@WigglerStreamGroup@BEE_VectorStream@@UEBA?AVGuid@utility@dvacore@@AEBVTDB_RenderOptionsBase@@PEAVGetRenderGuidFilter@@@Z
BEE.dll,export,9562 2559 000EC250 ?GetRenderGuidCache_Impl@BEE_StrokesGroupBase@@AEBA?AV?$shared_ptr@V?$BEE_RenderGuidCache@VBEE_LayerRenderOptions@@@@@boost@@XZ
BEE.dll,export,9622 2595 000929E0 ?GetScaleBasedConstrainment@?$TDB_DerivedStream@UBEE_GradientColorsStreamTraits@@@@UEBA_NXZ
BEE.dll,export,9641 25A8 00092A30 ?GetScaleBasedConstrainment@?$TDB_DerivedStream@UBlendModeStreamTraits@BEE_VectorStream@@@@UEBA_NXZ
BEE.dll,export,9643 25AA 00092A40 ?GetScaleBasedConstrainment@BEE_GenericZeroScaleStreamTraits@BEE_VectorStream@@SA_NXZ
BEE.dll,export,9647 25AE 00092A60 ?GetScaleBasedConstrainment@EllipseSizeStreamTraits@BEE_VectorStream@@SA_NXZ
BEE.dll,export,9648 25AF 00092A70 ?GetScaleBasedConstrainment@RectSizeStreamTraits@BEE_VectorStream@@SA_NXZ
BEE.dll,export,9688 25D7 00704200 ?GetShapeToLayerMatrix@BEE_VectorStream@@YA?AVM_Matrix3@@AEBVBEE_VectorLayer@@AEBVTDB_StreamIDPath@@AEBUT_Time@@@Z
BEE.dll,export,9704 25E7 000B0A00 ?GetSoloLayerType@BEE_VectorLayer@@UEBA?BHXZ
BEE.dll,export,9720 25F7 006E2DF0 ?GetSourceFloatRect@BEE_VectorLayer@@UEBA?AUM_FloatRect@@AEBUT_Time@@_NHV?$shared_ptr@VBEE_XformTimeCache@@@std@@PEBVTDB_ParamBag@@@Z
BEE.dll,export,9723 25FA 006E2EB0 ?GetSourceFloatRectForExpression@BEE_VectorLayer@@UEBA?AUM_FloatRect@@AEBUT_Time@@_NHV?$shared_ptr@VBEE_XformTimeCache@@@std@@PEBVTDB_ParamBag@@@Z
BEE.dll,export,9724 25FB 006E2F70 ?GetSourceFloatRectHelper@BEE_VectorLayer@@IEBA?AUM_FloatRect@@AEBUT_Time@@W4RenderExtentMode@BEE_VectorArt@@HV?$shared_ptr@VBEE_XformTimeCache@@@std@@PEBVTDB_ParamBag@@@Z
BEE.dll,export,9728 25FF 000B0A10 ?GetSourceID@BEE_VectorLayer@@UEBAHXZ
BEE.dll,export,9750 2615 007599F0 ?GetSpatialMask@?$BEE_GenericColorStreamTraits@$0CGE@UDefaultRevealPathColor@BEE_VectorStream@@@@SAGXZ
BEE.dll,export,9751 2616 00759A00 ?GetSpatialMask@?$BEE_GenericColorStreamTraits@$0CGE@UDefaultStrokeColor@BEE_VectorStream@@@@SAGXZ
BEE.dll,export,9763 2622 00759A50 ?GetSpatialMask@?$BEE_GenericFloatBaseStreamTraitsT@UGradientRadialHighlightLengthParamDefTraits@BEE_VectorStream@@@@SAGXZ
BEE.dll,export,9764 2623 00759A60 ?GetSpatialMask@?$BEE_GenericFloatBaseStreamTraitsT@UTaperEaseParamDefTraits@BEE_VectorStream@@@@SAGXZ
BEE.dll,export,9832 2667 00759AA0 ?GetSpatialMask@?$ShapeEffectCorrelationTraits@$0CKM@@BEE_VectorStream@@SAGXZ
BEE.dll,export,9833 2668 00759AB0 ?GetSpatialMask@?$ShapeEffectRandomSeedStreamTraits@$0COM@@BEE_VectorStream@@SAGXZ
BEE.dll,export,9834 2669 00759AC0 ?GetSpatialMask@?$ShapeEffectWigglePathsFrequencyTraits@$0CKL@V?$TDB_DefaultMFloat@$01@@@BEE_VectorStream@@SAGXZ
BEE.dll,export,9863 2686 00093010 ?GetSpatialMask@BEE_TextStrokeWidthStreamTraits@@SAGXZ
BEE.dll,export,9867 268A 00125B10 ?GetSpatialMask@IrisShapeStreamTraits@@SAGXZ
BEE.dll,export,9868 268B 00093040 ?GetSpatialMask@SkewStreamTraits@BEE_VectorStream@@SAGXZ
BEE.dll,export,9871 268E 006CECF0 ?GetStartPoint@GradientGraphic@BEE_VectorArt@@QEBAAEBV?$M_Vector2T@M@@XZ
BEE.dll,export,9903 26AE 006CED00 ?GetStreamIDPath@OriginInfo@BEE_VectorArt@@QEBAAEBVTDB_StreamIDPath@@XZ
BEE.dll,export,9904 26AF 002A5790 ?GetStreamIDPath@StreamBasedFilter@BEE_VectorArt@@QEBAAEBVTDB_StreamIDPath@@XZ
BEE.dll,export,9906 26B1 006CED10 ?GetStreamIDPathReference@OriginInfo@BEE_VectorArt@@QEAAAEAVTDB_StreamIDPath@@XZ
BEE.dll,export,9909 26B4 006CED20 ?GetStrokeData@Graphic@BEE_VectorArt@@QEBA?AV?$IntrusivePtr@VStrokeData@BEE_VectorArt@@@RefCountedInterface@utility@dvacore@@XZ
BEE.dll,export,9910 26B5 006DCCB0 ?GetStrokePath@BEE_VectorArt@@YAXV?$IntrusivePtr@VStrokeData@BEE_VectorArt@@@RefCountedInterface@utility@dvacore@@_NPEBVRG_ProgAbort@@AEBVCAGMPath@BIB_T_MT@@AEAVCAIMBezierPath@8@@Z
BEE.dll,export,9911 26B6 000EC6B0 ?GetStrokeTimeSpanFloat@BEE_PaintAtom@@QEBA?AV?$M_Vector2T@N@@PEBVTDB_ParamBag@@@Z
BEE.dll,export,9912 26B7 00055F30 ?GetStrokeType@BEE_PaintAtom@@QEBA?AW4P_StrokeType@@XZ
BEE.dll,export,9913 26B8 002A57A0 ?GetStrokeWidth@StrokeData@BEE_VectorArt@@QEBAMXZ
BEE.dll,export,9914 26B9 000EC730 ?GetStrokesGroup@BEE_PaintEffect@@UEBAPEBVBEE_StrokesGroupBase@@XZ
BEE.dll,export,9915 26BA 000EC780 ?GetStrokesGroup@BEE_SamuraiEffect@@UEBAPEBVBEE_StrokesGroupBase@@XZ
BEE.dll,export,9951 26DE 006CED60 ?GetSynthIDPath@OriginInfo@BEE_VectorArt@@QEBAAEBVTDB_StreamIDPath@@XZ
BEE.dll,export,9952 26DF 006CED70 ?GetSynthIDPathReference@OriginInfo@BEE_VectorArt@@QEAAAEAVTDB_StreamIDPath@@XZ
BEE.dll,export,9953 26E0 006CED80 ?GetTaperParams@StrokeData@BEE_VectorArt@@QEBA?AV?$shared_ptr@UTaperParams@bsagm@@@std@@XZ
BEE.dll,export,9969 26F0 002A57B0 ?GetTime@StreamBasedFilter@BEE_VectorArt@@QEBAAEBUT_Time@@XZ
BEE.dll,export,9989 2704 006CEDC0 ?GetTransform@Group@BEE_VectorArt@@QEBAAEBVM_Matrix3@@XZ
BEE.dll,export,9990 2705 00704360 ?GetTransformGroupForGroup@BEE_VectorStream@@YAPEBVTransformStreamGroup@1@PEBVTDB_StreamBase@@@Z
BEE.dll,export,10001 2710 002A57C0 ?GetType@BaseObject@BEE_VectorArt@@QEBA?AW4Type@12@XZ
BEE.dll,export,10059 274A 000932C0 ?GetUIMaxValue@BEE_TextStrokeWidthParamDefTraits@@SANXZ
BEE.dll,export,10065 2750 00093320 ?GetUIMaxValue@BEE_Vec3DColorSVParamDefTraits@BEE_VectorStream@@SANXZ
BEE.dll,export,10066 2751 00093330 ?GetUIMaxValue@GradientRadialHighlightLengthParamDefTraits@BEE_VectorStream@@SANXZ
BEE.dll,export,10068 2753 00093340 ?GetUIMaxValue@ShapeEffectCorrelationParamDefTraits@BEE_VectorStream@@SANXZ
BEE.dll,export,10069 2754 00093350 ?GetUIMaxValue@ShapeEffectRandomSeedParamDefTraits@BEE_VectorStream@@SANXZ
BEE.dll,export,10070 2755 00093360 ?GetUIMaxValue@ShapeEffectWigglePathsTemporalFrequencyParamDefTraits@BEE_VectorStream@@SANXZ
BEE.dll,export,10071 2756 00093370 ?GetUIMaxValue@SkewParamDefTraits@BEE_VectorStream@@SANXZ
BEE.dll,export,10072 2757 00093380 ?GetUIMaxValue@TaperEaseParamDefTraits@BEE_VectorStream@@SANXZ
BEE.dll,export,10130 2791 00093620 ?GetUIMinValue@BEE_TextStrokeWidthParamDefTraits@@SANXZ
BEE.dll,export,10136 2797 00093680 ?GetUIMinValue@BEE_Vec3DColorSVParamDefTraits@BEE_VectorStream@@SANXZ
BEE.dll,export,10137 2798 00093690 ?GetUIMinValue@GradientRadialHighlightLengthParamDefTraits@BEE_VectorStream@@SANXZ
BEE.dll,export,10139 279A 000936A0 ?GetUIMinValue@ShapeEffectCorrelationParamDefTraits@BEE_VectorStream@@SANXZ
BEE.dll,export,10140 279B 000936B0 ?GetUIMinValue@ShapeEffectRandomSeedParamDefTraits@BEE_VectorStream@@SANXZ
BEE.dll,export,10141 279C 000936C0 ?GetUIMinValue@ShapeEffectWigglePathsTemporalFrequencyParamDefTraits@BEE_VectorStream@@SANXZ
BEE.dll,export,10142 279D 000936D0 ?GetUIMinValue@SkewParamDefTraits@BEE_VectorStream@@SANXZ
BEE.dll,export,10143 279E 000936E0 ?GetUIMinValue@TaperEaseParamDefTraits@BEE_VectorStream@@SANXZ
BEE.dll,export,10161 27B0 002A57D0 ?GetUsage@Path@BEE_VectorArt@@QEBA?AW4Usage@12@XZ
BEE.dll,export,10162 27B1 006CF080 ?GetUseAccumulateBlending@Group@BEE_VectorArt@@QEBA_NXZ
BEE.dll,export,10184 27C7 00093E80 ?GetValue@?$TDB_DerivedStream@UBEE_GradientColorsStreamTraits@@@@UEBAPEAVBEE_GradientColors@@AEBUT_Time@@H@Z
BEE.dll,export,10185 27C8 00093EC0 ?GetValue@?$TDB_DerivedStream@UBEE_GradientColorsStreamTraits@@@@UEBAPEAVBEE_GradientColors@@AEBUT_Time@@PEBVTDB_ParamBag@@H@Z
BEE.dll,export,10222 27ED 000940B0 ?GetValue@?$TDB_DerivedStream@UBlendModeStreamTraits@BEE_VectorStream@@@@UEBANAEBUT_Time@@H@Z
BEE.dll,export,10223 27EE 000940F0 ?GetValue@?$TDB_DerivedStream@UBlendModeStreamTraits@BEE_VectorStream@@@@UEBANAEBUT_Time@@PEBVTDB_ParamBag@@H@Z
BEE.dll,export,10224 27EF 002DB720 ?GetValue@BEE_DefaultGradientColors@@SAPEAVBEE_GradientColors@@XZ
BEE.dll,export,10250 2809 0075B650 ?GetValueDesc@?$BEE_GenericColorStreamTraits@$0CGE@UDefaultRevealPathColor@BEE_VectorStream@@@@SA?BVTDB_ValueDesc@@XZ
BEE.dll,export,10251 280A 0075B670 ?GetValueDesc@?$BEE_GenericColorStreamTraits@$0CGE@UDefaultStrokeColor@BEE_VectorStream@@@@SA?BVTDB_ValueDesc@@XZ
BEE.dll,export,10263 2816 0075B710 ?GetValueDesc@?$BEE_GenericFloatBaseStreamTraitsT@UGradientRadialHighlightLengthParamDefTraits@BEE_VectorStream@@@@SA?BVTDB_ValueDesc@@XZ
BEE.dll,export,10264 2817 0075B730 ?GetValueDesc@?$BEE_GenericFloatBaseStreamTraitsT@UTaperEaseParamDefTraits@BEE_VectorStream@@@@SA?BVTDB_ValueDesc@@XZ
BEE.dll,export,10402 28A1 0075B7B0 ?GetValueDesc@?$ShapeEffectCorrelationTraits@$0CKM@@BEE_VectorStream@@SA?BVTDB_ValueDesc@@XZ
BEE.dll,export,10403 28A2 0075B7D0 ?GetValueDesc@?$ShapeEffectRandomSeedStreamTraits@$0COM@@BEE_VectorStream@@SA?BVTDB_ValueDesc@@XZ
BEE.dll,export,10404 28A3 0075B7F0 ?GetValueDesc@?$ShapeEffectWigglePathsFrequencyTraits@$0CKL@V?$TDB_DefaultMFloat@$01@@@BEE_VectorStream@@SA?BVTDB_ValueDesc@@XZ
BEE.dll,export,10438 28C5 000942C0 ?GetValueDesc@BEE_TextStrokeWidthStreamTraits@@SA?BVTDB_ValueDesc@@XZ
BEE.dll,export,10442 28C9 00094320 ?GetValueDesc@SkewStreamTraits@BEE_VectorStream@@SA?BVTDB_ValueDesc@@XZ
BEE.dll,export,10493 28FC 00094470 ?GetValueDisplayFlags@BEE_TextStrokeWidthParamDefTraits@@SAFXZ
BEE.dll,export,10498 2901 000944B0 ?GetValueDisplayFlags@BEE_Vec3DColorSVParamDefTraits@BEE_VectorStream@@SAFXZ
BEE.dll,export,10500 2903 000944C0 ?GetValueDisplayFlags@ShapeEffectCorrelationParamDefTraits@BEE_VectorStream@@SAFXZ
BEE.dll,export,10501 2904 000944D0 ?GetValueDisplayFlags@ShapeEffectRandomSeedParamDefTraits@BEE_VectorStream@@SAFXZ
BEE.dll,export,10502 2905 000944E0 ?GetValueDisplayFlags@ShapeEffectWigglePathsTemporalFrequencyParamDefTraits@BEE_VectorStream@@SAFXZ
BEE.dll,export,10503 2906 000944F0 ?GetValueDisplayFlags@SkewParamDefTraits@BEE_VectorStream@@SAFXZ
BEE.dll,export,10525 291C 000945A0 ?GetValueEx@?$TDB_FloatStream@UBlendModeStreamTraits@BEE_VectorStream@@@@UEBANAEBUTDB_EvalData@@@Z
BEE.dll,export,10526 291D 002DB750 ?GetValueEx@BEE_GradientColorsStream@@UEBAPEAVBEE_GradientColors@@AEBUTDB_EvalData@@@Z
BEE.dll,export,10558 293D 00094650 ?GetVector4Ex@?$TDB_FloatStream@UBlendModeStreamTraits@BEE_VectorStream@@@@UEBA?AV?$M_Vector4T@N@@AEBUTDB_EvalData@@@Z
BEE.dll,export,10559 293E 006E3930 ?GetVectorArt@BEE_VectorLayer@@QEBA?AV?$IntrusivePtr@VGroup@BEE_VectorArt@@@RefCountedInterface@utility@dvacore@@AEBUT_Time@@AEBVM_Matrix3@@PEBVRG_ProgAbort@@PEBVTDB_ParamBag@@@Z
BEE.dll,export,10560 293F 00704460 ?GetVectorDashCount@BEE_VectorStream@@YAFAEBVTDB_StreamIDPath@@AEBVBEE_VectorLayer@@@Z
BEE.dll,export,10561 2940 002A57E0 ?GetVectorLayer@StreamBasedFilter@BEE_VectorArt@@QEBAAEBVBEE_VectorLayer@@XZ
BEE.dll,export,10567 2946 006944C0 ?GetViewBox@BEE_SVGToAGMDisplayListConverter@@QEAA?AUSVGViewBoxInfo_t@@XZ
BEE.dll,export,10650 2999 00094920 ?GetZString@BlendModeStreamTraits@BEE_VectorStream@@SAPEBDXZ
BEE.dll,export,10651 299A 00094930 ?GetZString@CompositeOrderStreamTraits@BEE_VectorStream@@SAPEBDXZ
BEE.dll,export,10652 299B 00094940 ?GetZString@EllipseSizeStreamTraits@BEE_VectorStream@@SAPEBDXZ
BEE.dll,export,10653 299C 00094950 ?GetZString@EndOpacityStreamTraits@BEE_VectorStream@@SAPEBDXZ
BEE.dll,export,10654 299D 00094960 ?GetZString@FillRuleStreamTraits@BEE_VectorStream@@SAPEBDXZ
BEE.dll,export,10655 299E 00094970 ?GetZString@GradientEndPositionStreamTraits@BEE_VectorStream@@SAPEBDXZ
BEE.dll,export,10656 299F 00094980 ?GetZString@GradientRadialHighlightLengthStreamTraits@BEE_VectorStream@@SAPEBDXZ
BEE.dll,export,10657 29A0 00094990 ?GetZString@GradientStartPositionStreamTraits@BEE_VectorStream@@SAPEBDXZ
BEE.dll,export,10658 29A1 000949A0 ?GetZString@GradientTypeStreamTraits@BEE_VectorStream@@SAPEBDXZ
BEE.dll,export,10665 29A8 00125DF0 ?GetZString@IrisShapeStreamTraits@@SAPEBDXZ
BEE.dll,export,10666 29A9 000949B0 ?GetZString@LineCapStreamTraits@BEE_VectorStream@@SAPEBDXZ
BEE.dll,export,10667 29AA 000949C0 ?GetZString@LineJoinStreamTraits@BEE_VectorStream@@SAPEBDXZ
BEE.dll,export,10668 29AB 000949D0 ?GetZString@MergePathTypeStreamTraits@BEE_VectorStream@@SAPEBDXZ
BEE.dll,export,10669 29AC 000949E0 ?GetZString@OffsetAmountStreamTraits@BEE_VectorStream@@SAPEBDXZ
BEE.dll,export,10670 29AD 000949F0 ?GetZString@OffsetCopiesStreamTraits@BEE_VectorStream@@SAPEBDXZ
BEE.dll,export,10671 29AE 00094A00 ?GetZString@OffsetCopyOffsetStreamTraits@BEE_VectorStream@@SAPEBDXZ
BEE.dll,export,10672 29AF 00094A10 ?GetZString@PolyStarInnerRadiusStreamTraits@BEE_VectorStream@@SAPEBDXZ
BEE.dll,export,10673 29B0 00094A20 ?GetZString@PolyStarInnerRoundnessStreamTraits@BEE_VectorStream@@SAPEBDXZ
BEE.dll,export,10674 29B1 00094A30 ?GetZString@PolyStarOuterRadiusStreamTraits@BEE_VectorStream@@SAPEBDXZ
BEE.dll,export,10675 29B2 00094A40 ?GetZString@PolyStarOuterRoundnessStreamTraits@BEE_VectorStream@@SAPEBDXZ
BEE.dll,export,10676 29B3 00094A50 ?GetZString@PolyStarPointsStreamTraits@BEE_VectorStream@@SAPEBDXZ
BEE.dll,export,10677 29B4 00094A60 ?GetZString@PolyStarTypeStreamTraits@BEE_VectorStream@@SAPEBDXZ
BEE.dll,export,10678 29B5 00094A70 ?GetZString@PuckerBloatAmountStreamTraits@BEE_VectorStream@@SAPEBDXZ
BEE.dll,export,10679 29B6 00094A80 ?GetZString@RectRoundnessStreamTraits@BEE_VectorStream@@SAPEBDXZ
BEE.dll,export,10680 29B7 00094A90 ?GetZString@RectSizeStreamTraits@BEE_VectorStream@@SAPEBDXZ
BEE.dll,export,10681 29B8 00094AA0 ?GetZString@RepeaterCopiesStreamTraits@BEE_VectorStream@@SAPEBDXZ
BEE.dll,export,10682 29B9 00094AB0 ?GetZString@RepeaterOffsetStreamTraits@BEE_VectorStream@@SAPEBDXZ
BEE.dll,export,10683 29BA 00094AC0 ?GetZString@RepeaterOrderStreamTraits@BEE_VectorStream@@SAPEBDXZ
BEE.dll,export,10684 29BB 00094AD0 ?GetZString@RevealPointRadiusStreamTraits@BEE_VectorStream@@SAPEBDXZ
BEE.dll,export,10685 29BC 00094AE0 ?GetZString@RoughenDetailStreamTraits@BEE_VectorStream@@SAPEBDXZ
BEE.dll,export,10686 29BD 00094AF0 ?GetZString@RoughenPointsStreamTraits@BEE_VectorStream@@SAPEBDXZ
BEE.dll,export,10687 29BE 00094B00 ?GetZString@RoughenSizeStreamTraits@BEE_VectorStream@@SAPEBDXZ
BEE.dll,export,10688 29BF 00094B10 ?GetZString@RoundCornerRadiusStreamTraits@BEE_VectorStream@@SAPEBDXZ
BEE.dll,export,10689 29C0 00094B20 ?GetZString@ShapeDirectionStreamTraits@BEE_VectorStream@@SAPEBDXZ
BEE.dll,export,10690 29C1 00094B30 ?GetZString@StartOpacityStreamTraits@BEE_VectorStream@@SAPEBDXZ
BEE.dll,export,10691 29C2 00094B40 ?GetZString@StrokeDashOffsetStreamTraits@BEE_VectorStream@@SAPEBDXZ
BEE.dll,export,10692 29C3 00094B50 ?GetZString@StrokeDashStreamTraits2@BEE_VectorStream@@SAPEBDXZ
BEE.dll,export,10693 29C4 00094B60 ?GetZString@StrokeDashStreamTraits3@BEE_VectorStream@@SAPEBDXZ
BEE.dll,export,10694 29C5 00094B70 ?GetZString@StrokeDashStreamTraits@BEE_VectorStream@@SAPEBDXZ
BEE.dll,export,10695 29C6 00094B80 ?GetZString@StrokeGapStreamTraits2@BEE_VectorStream@@SAPEBDXZ
BEE.dll,export,10696 29C7 00094B90 ?GetZString@StrokeGapStreamTraits3@BEE_VectorStream@@SAPEBDXZ
BEE.dll,export,10697 29C8 00094BA0 ?GetZString@StrokeGapStreamTraits@BEE_VectorStream@@SAPEBDXZ
BEE.dll,export,10698 29C9 00094BB0 ?GetZString@StrokeMiterLimitStreamTraits@BEE_VectorStream@@SAPEBDXZ
BEE.dll,export,10699 29CA 00094BC0 ?GetZString@StrokeWidthStreamTraits@BEE_VectorStream@@SAPEBDXZ
BEE.dll,export,10700 29CB 00094BD0 ?GetZString@TaperEndEaseStreamTraits@BEE_VectorStream@@SAPEBDXZ
BEE.dll,export,10701 29CC 00094BE0 ?GetZString@TaperEndLengthStreamTraits@BEE_VectorStream@@SAPEBDXZ
BEE.dll,export,10702 29CD 00094BF0 ?GetZString@TaperEndPixelLengthStreamTraits@BEE_VectorStream@@SAPEBDXZ
BEE.dll,export,10703 29CE 00094C00 ?GetZString@TaperEndWidthStreamTraits@BEE_VectorStream@@SAPEBDXZ
BEE.dll,export,10704 29CF 00094C10 ?GetZString@TaperStartEaseStreamTraits@BEE_VectorStream@@SAPEBDXZ
BEE.dll,export,10705 29D0 00094C20 ?GetZString@TaperStartLengthStreamTraits@BEE_VectorStream@@SAPEBDXZ
BEE.dll,export,10706 29D1 00094C30 ?GetZString@TaperStartPixelLengthStreamTraits@BEE_VectorStream@@SAPEBDXZ
BEE.dll,export,10707 29D2 00094C40 ?GetZString@TaperStartWidthStreamTraits@BEE_VectorStream@@SAPEBDXZ
BEE.dll,export,10708 29D3 00094C50 ?GetZString@TaperWaveAmountStreamTraits@BEE_VectorStream@@SAPEBDXZ
BEE.dll,export,10709 29D4 00094C60 ?GetZString@TaperWaveCyclesStreamTraits@BEE_VectorStream@@SAPEBDXZ
BEE.dll,export,10710 29D5 00094C70 ?GetZString@TaperWavelengthStreamTraits@BEE_VectorStream@@SAPEBDXZ
BEE.dll,export,10711 29D6 00094C80 ?GetZString@TrimEndStreamTraits@BEE_VectorStream@@SAPEBDXZ
BEE.dll,export,10712 29D7 00094C90 ?GetZString@TrimStartStreamTraits@BEE_VectorStream@@SAPEBDXZ
BEE.dll,export,10713 29D8 00094CA0 ?GetZString@TrimTypeStreamTraits@BEE_VectorStream@@SAPEBDXZ
BEE.dll,export,10714 29D9 00094CB0 ?GetZString@TwistAngleStreamTraits@BEE_VectorStream@@SAPEBDXZ
BEE.dll,export,10715 29DA 00094CC0 ?GetZString@ZigzagDetailStreamTraits@BEE_VectorStream@@SAPEBDXZ
BEE.dll,export,10716 29DB 00094CD0 ?GetZString@ZigzagPointsStreamTraits@BEE_VectorStream@@SAPEBDXZ
BEE.dll,export,10717 29DC 00094CE0 ?GetZString@ZigzagSizeStreamTraits@BEE_VectorStream@@SAPEBDXZ
BEE.dll,export,10725 29E4 000E4930 ?HandleGradient@EffectsParser@BEE@ae@@AEAAXAEBV?$map@V?$basic_string@_WU?$char_traits@_W@std@@U?$STLAllocator@_W@allocator@dvacore@@@std@@V12@U?$less@V?$basic_string@_WU?$char_traits@_W@std@@U?$STLAllocator@_W@allocator@dvacore@@@std@@@2@V?$allocator@U?$pair@$$CBV?$basic_string@_WU?$char_traits@_W@std@@U?$STLAllocator@_W@allocator@dvacore@@@std@@V12@@std@@@2@@std@@@Z
BEE.dll,export,10780 2A1B 000ECBB0 ?HasHairBrushStrokes@BEE_SamuraiEffect@@QEBA_NXZ
BEE.dll,export,10782 2A1D 000581A0 ?HasInteractiveStroke@BEE_RotobrushCacheViewRenderFrameData@@EEBA_NXZ
BEE.dll,export,10797 2A2C 006FCBF0 ?HasMaxValue@?$BEE_GenericColorStreamTraits@$0CGE@UDefaultRevealPathColor@BEE_VectorStream@@@@SA_NXZ
BEE.dll,export,10798 2A2D 00287DC0 ?HasMaxValue@?$BEE_GenericColorStreamTraits@$0CGE@UDefaultStrokeColor@BEE_VectorStream@@@@SA_NXZ
BEE.dll,export,10945 2AC0 006FCC30 ?HasMaxValue@?$ShapeEffectCorrelationTraits@$0CKM@@BEE_VectorStream@@SA_NXZ
BEE.dll,export,10946 2AC1 006FCC40 ?HasMaxValue@?$ShapeEffectRandomSeedStreamTraits@$0COM@@BEE_VectorStream@@SA_NXZ
BEE.dll,export,10947 2AC2 006FCC50 ?HasMaxValue@?$ShapeEffectWigglePathsFrequencyTraits@$0CKL@V?$TDB_DefaultMFloat@$01@@@BEE_VectorStream@@SA_NXZ
BEE.dll,export,10969 2AD8 00094D90 ?HasMaxValue@?$TDB_FloatBasedStream@UBlendModeStreamTraits@BEE_VectorStream@@@@UEBA_NXZ
BEE.dll,export,11030 2B15 00095070 ?HasMaxValue@BEE_TextStrokeWidthStreamTraits@@SA_NXZ
BEE.dll,export,11041 2B20 00095110 ?HasMaxValue@GradientRadialHighlightLengthStreamTraits@BEE_VectorStream@@SA_NXZ
BEE.dll,export,11047 2B26 00095120 ?HasMaxValue@OffsetAmountStreamTraits@BEE_VectorStream@@SA_NXZ
BEE.dll,export,11048 2B27 00095130 ?HasMaxValue@OffsetCopiesStreamTraits@BEE_VectorStream@@SA_NXZ
BEE.dll,export,11049 2B28 00095140 ?HasMaxValue@OffsetCopyOffsetStreamTraits@BEE_VectorStream@@SA_NXZ
BEE.dll,export,11050 2B29 00095150 ?HasMaxValue@PolyStarInnerRadiusStreamTraits@BEE_VectorStream@@SA_NXZ
BEE.dll,export,11051 2B2A 00095160 ?HasMaxValue@PolyStarInnerRoundnessStreamTraits@BEE_VectorStream@@SA_NXZ
BEE.dll,export,11052 2B2B 00095170 ?HasMaxValue@PolyStarOuterRadiusStreamTraits@BEE_VectorStream@@SA_NXZ
BEE.dll,export,11053 2B2C 00095180 ?HasMaxValue@PolyStarOuterRoundnessStreamTraits@BEE_VectorStream@@SA_NXZ
BEE.dll,export,11054 2B2D 00095190 ?HasMaxValue@PolyStarPointsStreamTraits@BEE_VectorStream@@SA_NXZ
BEE.dll,export,11055 2B2E 000951A0 ?HasMaxValue@PuckerBloatAmountStreamTraits@BEE_VectorStream@@SA_NXZ
BEE.dll,export,11056 2B2F 000951B0 ?HasMaxValue@RectRoundnessStreamTraits@BEE_VectorStream@@SA_NXZ
BEE.dll,export,11057 2B30 000951C0 ?HasMaxValue@RepeaterCopiesStreamTraits@BEE_VectorStream@@SA_NXZ
BEE.dll,export,11058 2B31 000951D0 ?HasMaxValue@RepeaterOffsetStreamTraits@BEE_VectorStream@@SA_NXZ
BEE.dll,export,11059 2B32 000951E0 ?HasMaxValue@RevealPointRadiusStreamTraits@BEE_VectorStream@@SA_NXZ
BEE.dll,export,11060 2B33 000951F0 ?HasMaxValue@RoughenSizeStreamTraits@BEE_VectorStream@@SA_NXZ
BEE.dll,export,11061 2B34 00095200 ?HasMaxValue@RoundCornerRadiusStreamTraits@BEE_VectorStream@@SA_NXZ
BEE.dll,export,11062 2B35 00095210 ?HasMaxValue@SkewStreamTraits@BEE_VectorStream@@SA_NXZ
BEE.dll,export,11063 2B36 00095220 ?HasMaxValue@StrokeDashOffsetStreamTraits@BEE_VectorStream@@SA_NXZ
BEE.dll,export,11064 2B37 00095230 ?HasMaxValue@StrokeDashStreamTraits@BEE_VectorStream@@SA_NXZ
BEE.dll,export,11065 2B38 00095240 ?HasMaxValue@StrokeGapStreamTraits@BEE_VectorStream@@SA_NXZ
BEE.dll,export,11066 2B39 00095250 ?HasMaxValue@StrokeMiterLimitStreamTraits@BEE_VectorStream@@SA_NXZ
BEE.dll,export,11067 2B3A 00095260 ?HasMaxValue@StrokeWidthStreamTraits@BEE_VectorStream@@SA_NXZ
BEE.dll,export,11068 2B3B 00095270 ?HasMaxValue@TaperEaseStreamTraits@BEE_VectorStream@@SA_NXZ
BEE.dll,export,11069 2B3C 00095280 ?HasMaxValue@TaperEndPixelLengthStreamTraits@BEE_VectorStream@@SA_NXZ
BEE.dll,export,11070 2B3D 00095290 ?HasMaxValue@TaperStartPixelLengthStreamTraits@BEE_VectorStream@@SA_NXZ
BEE.dll,export,11071 2B3E 000952A0 ?HasMaxValue@TaperWaveCyclesStreamTraits@BEE_VectorStream@@SA_NXZ
BEE.dll,export,11072 2B3F 000952B0 ?HasMaxValue@TaperWavelengthStreamTraits@BEE_VectorStream@@SA_NXZ
BEE.dll,export,11073 2B40 000952C0 ?HasMaxValue@TwistAngleStreamTraits@BEE_VectorStream@@SA_NXZ
BEE.dll,export,11074 2B41 000952D0 ?HasMaxValue@ZigzagSizeStreamTraits@BEE_VectorStream@@SA_NXZ
BEE.dll,export,11094 2B55 006FCC60 ?HasMinValue@?$BEE_GenericColorStreamTraits@$0CGE@UDefaultRevealPathColor@BEE_VectorStream@@@@SA_NXZ
BEE.dll,export,11095 2B56 00288230 ?HasMinValue@?$BEE_GenericColorStreamTraits@$0CGE@UDefaultStrokeColor@BEE_VectorStream@@@@SA_NXZ
BEE.dll,export,11242 2BE9 006FCC90 ?HasMinValue@?$ShapeEffectCorrelationTraits@$0CKM@@BEE_VectorStream@@SA_NXZ
BEE.dll,export,11243 2BEA 006FCCA0 ?HasMinValue@?$ShapeEffectRandomSeedStreamTraits@$0COM@@BEE_VectorStream@@SA_NXZ
BEE.dll,export,11244 2BEB 006FCCB0 ?HasMinValue@?$ShapeEffectWigglePathsFrequencyTraits@$0CKL@V?$TDB_DefaultMFloat@$01@@@BEE_VectorStream@@SA_NXZ
BEE.dll,export,11266 2C01 00095350 ?HasMinValue@?$TDB_FloatBasedStream@UBlendModeStreamTraits@BEE_VectorStream@@@@UEBA_NXZ
BEE.dll,export,11328 2C3F 00095630 ?HasMinValue@BEE_TextStrokeWidthStreamTraits@@SA_NXZ
BEE.dll,export,11339 2C4A 000956D0 ?HasMinValue@EllipseSizeStreamTraits@BEE_VectorStream@@SA_NXZ
BEE.dll,export,11340 2C4B 000956E0 ?HasMinValue@GradientRadialHighlightLengthStreamTraits@BEE_VectorStream@@SA_NXZ
BEE.dll,export,11346 2C51 000956F0 ?HasMinValue@OffsetAmountStreamTraits@BEE_VectorStream@@SA_NXZ
BEE.dll,export,11347 2C52 00095700 ?HasMinValue@OffsetCopyOffsetStreamTraits@BEE_VectorStream@@SA_NXZ
BEE.dll,export,11348 2C53 00095710 ?HasMinValue@PolyStarInnerRoundnessStreamTraits@BEE_VectorStream@@SA_NXZ
BEE.dll,export,11349 2C54 00095720 ?HasMinValue@PolyStarOuterRoundnessStreamTraits@BEE_VectorStream@@SA_NXZ
BEE.dll,export,11350 2C55 00095730 ?HasMinValue@PuckerBloatAmountStreamTraits@BEE_VectorStream@@SA_NXZ
BEE.dll,export,11351 2C56 00095740 ?HasMinValue@RectSizeStreamTraits@BEE_VectorStream@@SA_NXZ
BEE.dll,export,11352 2C57 00095750 ?HasMinValue@RepeaterOffsetStreamTraits@BEE_VectorStream@@SA_NXZ
BEE.dll,export,11353 2C58 00095760 ?HasMinValue@RevealPointRadiusStreamTraits@BEE_VectorStream@@SA_NXZ
BEE.dll,export,11354 2C59 00095770 ?HasMinValue@SkewStreamTraits@BEE_VectorStream@@SA_NXZ
BEE.dll,export,11355 2C5A 00095780 ?HasMinValue@StrokeDashOffsetStreamTraits@BEE_VectorStream@@SA_NXZ
BEE.dll,export,11356 2C5B 00095790 ?HasMinValue@StrokeMiterLimitStreamTraits@BEE_VectorStream@@SA_NXZ
BEE.dll,export,11357 2C5C 000957A0 ?HasMinValue@TaperEaseStreamTraits@BEE_VectorStream@@SA_NXZ
BEE.dll,export,11358 2C5D 000957B0 ?HasMinValue@TwistAngleStreamTraits@BEE_VectorStream@@SA_NXZ
BEE.dll,export,11366 2C65 000B0A30 ?HasOwnGeometrics@BEE_VectorLayer@@UEBA_NXZ
BEE.dll,export,11376 2C6F 000B0A40 ?HasSource@BEE_VectorLayer@@UEBA_NXZ
BEE.dll,export,11377 2C70 006CF090 ?HasStrokeData@Graphic@BEE_VectorArt@@QEBA_NXZ
BEE.dll,export,11378 2C71 000587C0 ?HasStrokesInTimeRange@BEE_RotobrushCacheViewRenderFrameData@@EEBA_NV?$vector@W4StrokeType@RenderFrameData@samurai@@V?$allocator@W4StrokeType@RenderFrameData@samurai@@@std@@@std@@HH@Z
BEE.dll,export,11392 2C7F 006E3C70 ?HasVideo@BEE_VectorLayer@@UEBA_NXZ
BEE.dll,export,11410 2C91 002A69B0 ?IncrementCount@ObjectCounter@BEE_VectorArt@@QEAAHPEBVBaseObject@2@@Z
BEE.dll,export,11430 2CA5 006E3D20 ?InitArtCache@BEE_VectorLayer@@IEAAXXZ
BEE.dll,export,11432 2CA7 00368520 ?InitFromOMStream@BEE_GenericShapeStream@@CAXPEBVOM_Stream@@PEAV1@@Z
BEE.dll,export,11442 2CB1 006CF0F0 ?InsertAGMGraphic@GradientGraphic@BEE_VectorArt@@UEBAXAEBVArtTrace@2@AEAVCAGMGraphicGroup@BIB_T_MT@@U?$pair@V?$_List_const_iterator@V?$_List_val@U?$_List_simple_types@V?$IntrusivePtr@VBaseObject@BEE_VectorArt@@@RefCountedInterface@utility@dvacore@@@std@@@std@@@std@@V12@@std@@@Z
BEE.dll,export,11443 2CB2 006CFA60 ?InsertAGMGraphic@SolidColorGraphic@BEE_VectorArt@@UEBAXAEBVArtTrace@2@AEAVCAGMGraphicGroup@BIB_T_MT@@U?$pair@V?$_List_const_iterator@V?$_List_val@U?$_List_simple_types@V?$IntrusivePtr@VBaseObject@BEE_VectorArt@@@RefCountedInterface@utility@dvacore@@@std@@@std@@@std@@V12@@std@@@Z
BEE.dll,export,11444 2CB3 006D0050 ?InsertAGMGraphicBlendGroup@Group@BEE_VectorArt@@AEBA?AVCAGMGraphicGroup@BIB_T_MT@@AEAV34@@Z
BEE.dll,export,11445 2CB4 006D03A0 ?InsertAGMGraphicGroup@Group@BEE_VectorArt@@UEBA?AVCAGMGraphicGroup@BIB_T_MT@@AEAV34@@Z
BEE.dll,export,11455 2CBE 000962D0 ?InsertDefaultKey@?$TDB_DerivedStream@UBEE_GradientColorsStreamTraits@@@@UEAAXAEBUT_Time@@@Z
BEE.dll,export,11474 2CD1 00096550 ?InsertDefaultKey@?$TDB_DerivedStream@UBlendModeStreamTraits@BEE_VectorStream@@@@UEAAXAEBUT_Time@@@Z
BEE.dll,export,11531 2D0A 002A6F80 ?IsContainer@BaseObject@BEE_VectorArt@@QEBA_NXZ
BEE.dll,export,11532 2D0B 007045F0 ?IsContents@BEE_VectorStream@@YA_NAEBVTDB_MatchName@@@Z
BEE.dll,export,11550 2D1D 00096720 ?IsCustomValuePointer@?$TDB_DerivedStream@UBEE_GradientColorsStreamTraits@@@@UEBA_NXZ
BEE.dll,export,11569 2D30 00096770 ?IsCustomValuePointer@?$TDB_DerivedStream@UBlendModeStreamTraits@BEE_VectorStream@@@@UEBA_NXZ
BEE.dll,export,11593 2D48 00704630 ?IsFillGraphic@BEE_VectorStream@@YA_NAEBVTDB_MatchName@@@Z
BEE.dll,export,11594 2D49 007046A0 ?IsFilter@BEE_VectorStream@@YA_NAEBVTDB_MatchName@@@Z
BEE.dll,export,11616 2D5F 000970C0 ?IsFloatBased@?$TDB_FloatBasedStream@UBlendModeStreamTraits@BEE_VectorStream@@@@UEBA_NXZ
BEE.dll,export,11627 2D6A 007046D0 ?IsGradientFillGraphic@BEE_VectorStream@@YA_NAEBVTDB_MatchName@@@Z
BEE.dll,export,11628 2D6B 007046E0 ?IsGradientGraphic@BEE_VectorStream@@YA_NAEBVTDB_MatchName@@@Z
BEE.dll,export,11629 2D6C 00704720 ?IsGradientStrokeGraphic@BEE_VectorStream@@YA_NAEBVTDB_MatchName@@@Z
BEE.dll,export,11630 2D6D 00704730 ?IsGraphic@BEE_VectorStream@@YA_NAEBVTDB_MatchName@@@Z
BEE.dll,export,11631 2D6E 00704760 ?IsGroup@BEE_VectorStream@@YA_NAEBVTDB_MatchName@@@Z
BEE.dll,export,11652 2D83 000B0A50 ?IsLayerType@BEE_VectorLayer@@UEBAEH@Z
BEE.dll,export,11675 2D9A 006D0530 ?IsOriginSynthetic@OriginInfo@BEE_VectorArt@@QEBA_NXZ
BEE.dll,export,11681 2DA0 00704770 ?IsPathFilter@BEE_VectorStream@@YA_NAEBVTDB_MatchName@@@Z
BEE.dll,export,11701 2DB4 007047D0 ?IsResettableGroup@BEE_VectorStream@@YA_NAEBVTDB_MatchName@@@Z
BEE.dll,export,11721 2DC8 00097150 ?IsSeparationLeader@?$TDB_DerivedStream@UBEE_GradientColorsStreamTraits@@@@UEBA_NXZ
BEE.dll,export,11740 2DDB 000971A0 ?IsSeparationLeader@?$TDB_DerivedStream@UBlendModeStreamTraits@BEE_VectorStream@@@@UEBA_NXZ
BEE.dll,export,11743 2DDE 00704810 ?IsShape@BEE_VectorStream@@YA_NAEBVTDB_MatchName@@@Z
BEE.dll,export,11758 2DED 00765C50 ?IsSpatial@?$BEE_GenericColorStreamTraits@$0CGE@UDefaultRevealPathColor@BEE_VectorStream@@@@SA_NXZ
BEE.dll,export,11759 2DEE 00765C60 ?IsSpatial@?$BEE_GenericColorStreamTraits@$0CGE@UDefaultStrokeColor@BEE_VectorStream@@@@SA_NXZ
BEE.dll,export,11771 2DFA 00765CB0 ?IsSpatial@?$BEE_GenericFloatBaseStreamTraitsT@UGradientRadialHighlightLengthParamDefTraits@BEE_VectorStream@@@@SA_NXZ
BEE.dll,export,11772 2DFB 00765CC0 ?IsSpatial@?$BEE_GenericFloatBaseStreamTraitsT@UTaperEaseParamDefTraits@BEE_VectorStream@@@@SA_NXZ
BEE.dll,export,11840 2E3F 00765D00 ?IsSpatial@?$ShapeEffectCorrelationTraits@$0CKM@@BEE_VectorStream@@SA_NXZ
BEE.dll,export,11841 2E40 00765D10 ?IsSpatial@?$ShapeEffectRandomSeedStreamTraits@$0COM@@BEE_VectorStream@@SA_NXZ
BEE.dll,export,11842 2E41 00765D20 ?IsSpatial@?$ShapeEffectWigglePathsFrequencyTraits@$0CKL@V?$TDB_DefaultMFloat@$01@@@BEE_VectorStream@@SA_NXZ
BEE.dll,export,11852 2E4B 000971E0 ?IsSpatial@BEE_GenericZeroScaleStreamTraits@BEE_VectorStream@@SA_NXZ
BEE.dll,export,11872 2E5F 00097260 ?IsSpatial@BEE_TextStrokeWidthStreamTraits@@SA_NXZ
BEE.dll,export,11876 2E63 00097290 ?IsSpatial@EllipseSizeStreamTraits@BEE_VectorStream@@SA_NXZ
BEE.dll,export,11877 2E64 000972A0 ?IsSpatial@RectSizeStreamTraits@BEE_VectorStream@@SA_NXZ
BEE.dll,export,11878 2E65 000972B0 ?IsSpatial@SkewStreamTraits@BEE_VectorStream@@SA_NXZ
BEE.dll,export,11890 2E71 000972C0 ?IsStaticValueModified@?$TDB_DerivedStream@UBEE_GradientColorsStreamTraits@@@@UEBA_NXZ
BEE.dll,export,11909 2E84 00097600 ?IsStaticValueModified@?$TDB_DerivedStream@UBlendModeStreamTraits@BEE_VectorStream@@@@UEBA_NXZ
BEE.dll,export,11910 2E85 002DB7B0 ?IsStaticValueModified@BEE_GradientColorsStream@@UEBA_NXZ
BEE.dll,export,11922 2E91 00704840 ?IsStrokeGraphic@BEE_VectorStream@@YA_NAEBVTDB_MatchName@@@Z
BEE.dll,export,11923 2E92 000ECC90 ?IsStrokeVisible@BEE_PaintAtom@@QEBA_NAEBUT_Time@@PEBVTDB_ParamBag@@@Z
BEE.dll,export,11935 2E9E 00368630 ?KeyAbsToRelFromClipboard@BEE_GenericShapeStream@@CAHPEAVTDB_Stream@@_JHPEAUTDB_KeyScalar@@@Z
BEE.dll,export,11936 2E9F 002DB880 ?KeyOutlinesCopy@BEE_GradientColorsStream@@CAHPEBVTDB_Stream@@_JFPEBXPEAX@Z
BEE.dll,export,11937 2EA0 002DB970 ?KeyOutlinesDel@BEE_GradientColorsStream@@CAH_JFPEAX@Z
BEE.dll,export,11938 2EA1 00368700 ?KeyRelToAbsForClipboard@BEE_GenericShapeStream@@CAHPEAVTDB_Stream@@_JHPEAUTDB_KeyScalar@@@Z
BEE.dll,export,11940 2EA3 006833A0 ?LayerSelectSetupPrePlayback@C_AGMDLTranslatePort@@QEAAP6AXPEBVAGMPort@BIB_T_MT@@HPEAX_K@ZH@Z
BEE.dll,export,11941 2EA4 00683440 ?LayerSelectTeardown@C_AGMDLTranslatePort@@QEAAXXZ
BEE.dll,export,12006 2EE5 002DB9D0 ?MixInValueAtTime@BEE_GradientColorsStream@@UEBAXAEAV?$MixHashGuidT@UMurmur3MixerState@utility@dvacore@@@utility@dvacore@@AEBUT_Time@@@Z
BEE.dll,export,12007 2EE6 002DB9E0 ?MixInValueAtTime@BEE_GradientColorsStream@@UEBAXAEAV?$MixHashGuidT@UMurmur3MixerState@utility@dvacore@@@utility@dvacore@@AEBUT_Time@@PEBVTDB_ParamBag@@@Z
BEE.dll,export,12044 2F0B 003687D0 ?OMShapeKeyToDerivedShapeKey@BEE_GenericShapeStream@@CAHPEAVTDB_Stream@@_JHPEAUTDB_KeyScalar@@@Z
BEE.dll,export,12046 2F0D 006DEF20 ?OffsetStrokePath@BEE_VectorArt@@YAXV?$IntrusivePtr@VStrokeData@BEE_VectorArt@@@RefCountedInterface@utility@dvacore@@_NPEBVRG_ProgAbort@@AEBVCAGMPath@BIB_T_MT@@AEAVCAIMBezierPath@8@@Z
BEE.dll,export,12058 2F19 00694500 ?Open@BEE_SVGToAGMDisplayListConverter@@QEAA_NAEBVFile@filesupport@dvacore@@@Z
BEE.dll,export,12076 2F2B 006ECB60 ?PopulateVectorArt@BEE_VectorStream@@YAXAEBVBEE_VectorLayer@@AEBVTDB_StreamIDPath@@AEBUT_Time@@PEBVRG_ProgAbort@@PEAV?$function1@_NAEBVTDB_MatchName@@@boost@@V?$IntrusivePtr@VGroup@BEE_VectorArt@@@RefCountedInterface@utility@dvacore@@PEBVTDB_ParamBag@@W4PopulateCacheVariant@BEE_VectorArt@@@Z
BEE.dll,export,12111 2F4E 0028F520 ?Rasterize2DGraph@BEE_AVLayer@@UEBA?AV?$IntrusivePtr@VRG_RenderNode@@@RefCountedInterface@utility@dvacore@@AEBVBEE_LayerRenderOptions@@PEBVBEE_RenderTrace@@_NPEAVRG_RenderNode@@@Z
BEE.dll,export,12112 2F4F 005AE150 ?Rasterize2DGraph@BEE_TextLayer@@UEBA?AV?$IntrusivePtr@VRG_RenderNode@@@RefCountedInterface@utility@dvacore@@AEBVBEE_LayerRenderOptions@@PEBVBEE_RenderTrace@@_NPEAVRG_RenderNode@@@Z
BEE.dll,export,12113 2F50 006E3E90 ?Rasterize2DGraph@BEE_VectorLayer@@UEBA?AV?$IntrusivePtr@VRG_RenderNode@@@RefCountedInterface@utility@dvacore@@AEBVBEE_LayerRenderOptions@@PEBVBEE_RenderTrace@@_NPEAVRG_RenderNode@@@Z
BEE.dll,export,12118 2F55 002D90B0 ?Read@BEE_GradientColors@@QEAAXAEBV?$basic_string@EU?$char_traits@E@std@@U?$STLAllocator@E@allocator@dvacore@@@std@@@Z
BEE.dll,export,12119 2F56 002D9100 ?Read@BEE_GradientColors@@QEAAXAEBVPropList@proplist@dvacore@@@Z
BEE.dll,export,12120 2F57 002D92C0 ?Read@BEE_GradientColors@@QEAAXPEBUSLU_ChunkInfo@@PEAVSLU_File@@@Z
BEE.dll,export,12121 2F58 002DBAA0 ?Read@BEE_GradientColorsStream@@UEAAXPEAVSLU_File@@PEBUSLU_ChunkInfo@@@Z
BEE.dll,export,12146 2F71 00704A20 ?Read@BlendModeStream@BEE_VectorStream@@UEAAXPEAVSLU_File@@PEBUSLU_ChunkInfo@@@Z
BEE.dll,export,12194 2FA1 006E4100 ?RegisterStreams@BEE_VectorLayer@@SAXXZ
BEE.dll,export,12195 2FA2 00368900 ?RelToAbsForClipboard@BEE_GenericShapeStream@@QEAAXPEBVBEE_Layer@@AEBVTDB_StreamIDPath@@@Z
BEE.dll,export,12224 2FBF 002D9370 ?RemoveAlphaStop@BEE_GradientColors@@QEAAXAEBV?$BEE_GradientStopT@M@@@Z
BEE.dll,export,12242 2FD1 002D9380 ?RemoveRGBStop@BEE_GradientColors@@QEAAXAEBV?$BEE_GradientStopT@VPF_PixelFloat@@@@@Z
BEE.dll,export,12252 2FDB 006D0820 ?Render@BEE_VectorArt@@YAXHPEBVRG_ProgAbort@@AEBVGroup@1@PEAVPF_World@@_NPEAVBEE_MTAbort@@@Z
BEE.dll,export,12342 3035 00099540 ?SameValueAtTimes@?$TDB_DerivedStream@UBEE_GradientColorsStreamTraits@@@@UEBA_NAEBUT_Time@@0PEBVTDB_ParamBag@@@Z
BEE.dll,export,12361 3048 00099A60 ?SameValueAtTimes@?$TDB_DerivedStream@UBlendModeStreamTraits@BEE_VectorStream@@@@UEBA_NAEBUT_Time@@0PEBVTDB_ParamBag@@@Z
BEE.dll,export,12362 3049 002DBDD0 ?SameValueAtTimes@BEE_GradientColorsStream@@UEBA_NAEBUT_Time@@0PEBVTDB_ParamBag@@@Z
BEE.dll,export,12393 3068 006D15F0 ?SetAlpha@GradientGraphic@BEE_VectorArt@@QEAAXM@Z
BEE.dll,export,12394 3069 006D1600 ?SetAlpha@Group@BEE_VectorArt@@QEAAXM@Z
BEE.dll,export,12414 307D 006D1610 ?SetBlendMode@Graphic@BEE_VectorArt@@QEAAXW4AGMBlendingMode@BIB_T_MT@@@Z
BEE.dll,export,12415 307E 006D1620 ?SetBlendMode@Group@BEE_VectorArt@@QEAAXW4AGMBlendingMode@BIB_T_MT@@@Z
BEE.dll,export,12438 3095 006D1630 ?SetColor@SolidColorGraphic@BEE_VectorArt@@QEAAXAEBVPF_PixelFloat@@@Z
BEE.dll,export,12443 309A 006D1640 ?SetCompositeAbovePrevious@Graphic@BEE_VectorArt@@QEAAX_N@Z
BEE.dll,export,12457 30A8 002A93F0 ?SetDashOffset@StrokeData@BEE_VectorArt@@QEAAXM@Z
BEE.dll,export,12458 30A9 002A9400 ?SetDashes@StrokeData@BEE_VectorArt@@QEAAXAEBV?$vector@MV?$allocator@M@std@@@std@@@Z
BEE.dll,export,12478 30BD 006D1650 ?SetEndPoint@GradientGraphic@BEE_VectorArt@@QEAAXAEBV?$M_Vector2T@M@@@Z
BEE.dll,export,12487 30C6 002A9460 ?SetEvenOddFill@Graphic@BEE_VectorArt@@QEAAX_N@Z
BEE.dll,export,12508 30DB 003EDCC0 ?SetFlagModelSettingsDialogOpened@BEE_ModelItem@@SAXAEAH_N@Z
BEE.dll,export,12580 3123 002A95D0 ?SetLineCapType@StrokeData@BEE_VectorArt@@QEAAXW4LineCapType@12@@Z
BEE.dll,export,12581 3124 002A95E0 ?SetLineJoinType@StrokeData@BEE_VectorArt@@QEAAXW4LineJoinType@12@@Z
BEE.dll,export,12600 3137 006D1660 ?SetMatrix@GradientGraphic@BEE_VectorArt@@QEAAXAEBVM_Matrix3@@@Z
BEE.dll,export,12614 3145 002A95F0 ?SetMiterLimit@StrokeData@BEE_VectorArt@@QEAAXM@Z
BEE.dll,export,12626 3151 006D1690 ?SetOriginInfo@BaseObject@BEE_VectorArt@@QEAAXPEBVOriginInfo@2@@Z
BEE.dll,export,12653 316C 006D1730 ?SetRadialHiliteAngle@GradientGraphic@BEE_VectorArt@@QEAAXN@Z
BEE.dll,export,12654 316D 006D1740 ?SetRadialHiliteLength@GradientGraphic@BEE_VectorArt@@QEAAXN@Z
BEE.dll,export,12702 319D 006D1750 ?SetStartPoint@GradientGraphic@BEE_VectorArt@@QEAAXAEBV?$M_Vector2T@M@@@Z
BEE.dll,export,12710 31A5 006D1760 ?SetStreamIDPath@OriginInfo@BEE_VectorArt@@QEAAXAEBVTDB_StreamIDPath@@@Z
BEE.dll,export,12714 31A9 006D1770 ?SetStrokeData@Graphic@BEE_VectorArt@@QEAAXV?$IntrusivePtr@VStrokeData@BEE_VectorArt@@@RefCountedInterface@utility@dvacore@@@Z
BEE.dll,export,12715 31AA 0005DB60 ?SetStrokeType@BEE_PaintAtom@@QEAAXW4P_StrokeType@@@Z
BEE.dll,export,12716 31AB 002A9BF0 ?SetStrokeWidth@StrokeData@BEE_VectorArt@@QEAAXM@Z
BEE.dll,export,12722 31B1 006D1840 ?SetSynthIDPath@OriginInfo@BEE_VectorArt@@QEAAXAEBVTDB_StreamIDPath@@@Z
BEE.dll,export,12723 31B2 006D1850 ?SetTaperParams@StrokeData@BEE_VectorArt@@QEAAXV?$shared_ptr@UTaperParams@bsagm@@@std@@@Z
BEE.dll,export,12739 31C2 006D1900 ?SetTransform@Group@BEE_VectorArt@@QEAAXAEBVM_Matrix3@@@Z
BEE.dll,export,12747 31CA 002A9C20 ?SetUsage@Path@BEE_VectorArt@@QEAAXW4Usage@12@@Z
BEE.dll,export,12748 31CB 006D1930 ?SetUseAccumulateBlending@Group@BEE_VectorArt@@QEAAX_N@Z
BEE.dll,export,12772 31E3 0009AA00 ?SetValue@?$TDB_FloatStream@UBlendModeStreamTraits@BEE_VectorStream@@@@UEAAXAEBUT_Time@@AEBN@Z
BEE.dll,export,12773 31E4 002DBEF0 ?SetValue@BEE_GradientColorsStream@@UEAAXAEBUT_Time@@AEBQEAVBEE_GradientColors@@@Z
BEE.dll,export,12803 3202 0009AA90 ?SetVector4@?$TDB_FloatStream@UBlendModeStreamTraits@BEE_VectorStream@@@@UEAAXAEBUT_Time@@AEBV?$M_Vector4T@N@@@Z
BEE.dll,export,12828 321B 00368B30 ?ShapeAbsToRelFromClipboard@BEE_GenericShapeStream@@CAXPEAV1@PEBVBEE_Layer@@PEBVTDB_StreamIDPath@@HPEAVOM_Shape@@@Z
BEE.dll,export,12829 321C 00368D10 ?ShapeRelToAbsForClipboard@BEE_GenericShapeStream@@CAXPEAV1@PEBVBEE_Layer@@PEBVTDB_StreamIDPath@@HPEAVOM_Shape@@@Z
BEE.dll,export,12907 326A 00707C80 ?ShouldWriteForVersion@?$BEE_Vec3DColorRGBStreamTraits@$0DDL@@BEE_VectorStream@@SA_NPEBVSLU_File@@@Z
BEE.dll,export,12908 326B 00707C90 ?ShouldWriteForVersion@?$BEE_Vec3DColorRGBStreamTraits@$0DFB@@BEE_VectorStream@@SA_NPEBVSLU_File@@@Z
BEE.dll,export,12909 326C 00707CA0 ?ShouldWriteForVersion@?$BEE_Vec3DColorRGBStreamTraits@$0DGH@@BEE_VectorStream@@SA_NPEBVSLU_File@@@Z
BEE.dll,export,12910 326D 00707CB0 ?ShouldWriteForVersion@?$BEE_Vec3DColorRGBStreamTraits@$0DHN@@BEE_VectorStream@@SA_NPEBVSLU_File@@@Z
BEE.dll,export,12911 326E 00707CC0 ?ShouldWriteForVersion@?$BEE_Vec3DIORStreamTraits@$0DEK@@BEE_VectorStream@@SA_NPEBVSLU_File@@@Z
BEE.dll,export,12912 326F 00707CD0 ?ShouldWriteForVersion@?$BEE_Vec3DIORStreamTraits@$0DGA@@BEE_VectorStream@@SA_NPEBVSLU_File@@@Z
BEE.dll,export,12913 3270 00707CE0 ?ShouldWriteForVersion@?$BEE_Vec3DIORStreamTraits@$0DHG@@BEE_VectorStream@@SA_NPEBVSLU_File@@@Z
BEE.dll,export,12914 3271 00707CF0 ?ShouldWriteForVersion@?$BEE_Vec3DIORStreamTraits@$0DIM@@BEE_VectorStream@@SA_NPEBVSLU_File@@@Z
BEE.dll,export,12915 3272 00707D00 ?ShouldWriteForVersion@?$BEE_Vec3DPercentStreamTraits@$0DEA@$0GE@@BEE_VectorStream@@SA_NPEBVSLU_File@@@Z
BEE.dll,export,12916 3273 00707D10 ?ShouldWriteForVersion@?$BEE_Vec3DPercentStreamTraits@$0DEB@$0DC@@BEE_VectorStream@@SA_NPEBVSLU_File@@@Z
BEE.dll,export,12917 3274 00707D20 ?ShouldWriteForVersion@?$BEE_Vec3DPercentStreamTraits@$0DEC@$0DC@@BEE_VectorStream@@SA_NPEBVSLU_File@@@Z
BEE.dll,export,12918 3275 00707D30 ?ShouldWriteForVersion@?$BEE_Vec3DPercentStreamTraits@$0DED@$04@BEE_VectorStream@@SA_NPEBVSLU_File@@@Z
BEE.dll,export,12919 3276 00707D40 ?ShouldWriteForVersion@?$BEE_Vec3DPercentStreamTraits@$0DEE@$0GE@@BEE_VectorStream@@SA_NPEBVSLU_File@@@Z
BEE.dll,export,12920 3277 00707D50 ?ShouldWriteForVersion@?$BEE_Vec3DPercentStreamTraits@$0DEF@$0A@@BEE_VectorStream@@SA_NPEBVSLU_File@@@Z
BEE.dll,export,12921 3278 00707D60 ?ShouldWriteForVersion@?$BEE_Vec3DPercentStreamTraits@$0DEG@$0GE@@BEE_VectorStream@@SA_NPEBVSLU_File@@@Z
BEE.dll,export,12922 3279 00707D70 ?ShouldWriteForVersion@?$BEE_Vec3DPercentStreamTraits@$0DEH@$0A@@BEE_VectorStream@@SA_NPEBVSLU_File@@@Z
BEE.dll,export,12923 327A 00707D80 ?ShouldWriteForVersion@?$BEE_Vec3DPercentStreamTraits@$0DEI@$0A@@BEE_VectorStream@@SA_NPEBVSLU_File@@@Z
BEE.dll,export,12924 327B 00707D90 ?ShouldWriteForVersion@?$BEE_Vec3DPercentStreamTraits@$0DEJ@$0A@@BEE_VectorStream@@SA_NPEBVSLU_File@@@Z
BEE.dll,export,12925 327C 00707DA0 ?ShouldWriteForVersion@?$BEE_Vec3DPercentStreamTraits@$0DFG@$0GE@@BEE_VectorStream@@SA_NPEBVSLU_File@@@Z
BEE.dll,export,12926 327D 00707DB0 ?ShouldWriteForVersion@?$BEE_Vec3DPercentStreamTraits@$0DFH@$0DC@@BEE_VectorStream@@SA_NPEBVSLU_File@@@Z
BEE.dll,export,12927 327E 00707DC0 ?ShouldWriteForVersion@?$BEE_Vec3DPercentStreamTraits@$0DFI@$0DC@@BEE_VectorStream@@SA_NPEBVSLU_File@@@Z
BEE.dll,export,12928 327F 00707DD0 ?ShouldWriteForVersion@?$BEE_Vec3DPercentStreamTraits@$0DFJ@$04@BEE_VectorStream@@SA_NPEBVSLU_File@@@Z
BEE.dll,export,12929 3280 00707DE0 ?ShouldWriteForVersion@?$BEE_Vec3DPercentStreamTraits@$0DFK@$0GE@@BEE_VectorStream@@SA_NPEBVSLU_File@@@Z
BEE.dll,export,12930 3281 00707DF0 ?ShouldWriteForVersion@?$BEE_Vec3DPercentStreamTraits@$0DFL@$0A@@BEE_VectorStream@@SA_NPEBVSLU_File@@@Z
BEE.dll,export,12931 3282 00707E00 ?ShouldWriteForVersion@?$BEE_Vec3DPercentStreamTraits@$0DFM@$0GE@@BEE_VectorStream@@SA_NPEBVSLU_File@@@Z
BEE.dll,export,12932 3283 00707E10 ?ShouldWriteForVersion@?$BEE_Vec3DPercentStreamTraits@$0DFN@$0A@@BEE_VectorStream@@SA_NPEBVSLU_File@@@Z
BEE.dll,export,12933 3284 00707E20 ?ShouldWriteForVersion@?$BEE_Vec3DPercentStreamTraits@$0DFO@$0A@@BEE_VectorStream@@SA_NPEBVSLU_File@@@Z
BEE.dll,export,12934 3285 00707E30 ?ShouldWriteForVersion@?$BEE_Vec3DPercentStreamTraits@$0DFP@$0A@@BEE_VectorStream@@SA_NPEBVSLU_File@@@Z
BEE.dll,export,12935 3286 00707E40 ?ShouldWriteForVersion@?$BEE_Vec3DPercentStreamTraits@$0DGM@$0GE@@BEE_VectorStream@@SA_NPEBVSLU_File@@@Z
BEE.dll,export,12936 3287 00707E50 ?ShouldWriteForVersion@?$BEE_Vec3DPercentStreamTraits@$0DGN@$0DC@@BEE_VectorStream@@SA_NPEBVSLU_File@@@Z
BEE.dll,export,12937 3288 00707E60 ?ShouldWriteForVersion@?$BEE_Vec3DPercentStreamTraits@$0DGO@$0DC@@BEE_VectorStream@@SA_NPEBVSLU_File@@@Z
BEE.dll,export,12938 3289 00707E70 ?ShouldWriteForVersion@?$BEE_Vec3DPercentStreamTraits@$0DGP@$04@BEE_VectorStream@@SA_NPEBVSLU_File@@@Z
BEE.dll,export,12939 328A 00707E80 ?ShouldWriteForVersion@?$BEE_Vec3DPercentStreamTraits@$0DHA@$0GE@@BEE_VectorStream@@SA_NPEBVSLU_File@@@Z
BEE.dll,export,12940 328B 00707E90 ?ShouldWriteForVersion@?$BEE_Vec3DPercentStreamTraits@$0DHB@$0A@@BEE_VectorStream@@SA_NPEBVSLU_File@@@Z
BEE.dll,export,12941 328C 00707EA0 ?ShouldWriteForVersion@?$BEE_Vec3DPercentStreamTraits@$0DHC@$0GE@@BEE_VectorStream@@SA_NPEBVSLU_File@@@Z
BEE.dll,export,12942 328D 00707EB0 ?ShouldWriteForVersion@?$BEE_Vec3DPercentStreamTraits@$0DHD@$0A@@BEE_VectorStream@@SA_NPEBVSLU_File@@@Z
BEE.dll,export,12943 328E 00707EC0 ?ShouldWriteForVersion@?$BEE_Vec3DPercentStreamTraits@$0DHE@$0A@@BEE_VectorStream@@SA_NPEBVSLU_File@@@Z
BEE.dll,export,12944 328F 00707ED0 ?ShouldWriteForVersion@?$BEE_Vec3DPercentStreamTraits@$0DHF@$0A@@BEE_VectorStream@@SA_NPEBVSLU_File@@@Z
BEE.dll,export,12945 3290 00707EE0 ?ShouldWriteForVersion@?$BEE_Vec3DPercentStreamTraits@$0DIC@$0GE@@BEE_VectorStream@@SA_NPEBVSLU_File@@@Z
BEE.dll,export,12946 3291 00707EF0 ?ShouldWriteForVersion@?$BEE_Vec3DPercentStreamTraits@$0DID@$0DC@@BEE_VectorStream@@SA_NPEBVSLU_File@@@Z
BEE.dll,export,12947 3292 00707F00 ?ShouldWriteForVersion@?$BEE_Vec3DPercentStreamTraits@$0DIE@$0DC@@BEE_VectorStream@@SA_NPEBVSLU_File@@@Z
BEE.dll,export,12948 3293 00707F10 ?ShouldWriteForVersion@?$BEE_Vec3DPercentStreamTraits@$0DIF@$04@BEE_VectorStream@@SA_NPEBVSLU_File@@@Z
BEE.dll,export,12949 3294 00707F20 ?ShouldWriteForVersion@?$BEE_Vec3DPercentStreamTraits@$0DIG@$0GE@@BEE_VectorStream@@SA_NPEBVSLU_File@@@Z
BEE.dll,export,12950 3295 00707F30 ?ShouldWriteForVersion@?$BEE_Vec3DPercentStreamTraits@$0DIH@$0A@@BEE_VectorStream@@SA_NPEBVSLU_File@@@Z
BEE.dll,export,12951 3296 00707F40 ?ShouldWriteForVersion@?$BEE_Vec3DPercentStreamTraits@$0DII@$0GE@@BEE_VectorStream@@SA_NPEBVSLU_File@@@Z
BEE.dll,export,12952 3297 00707F50 ?ShouldWriteForVersion@?$BEE_Vec3DPercentStreamTraits@$0DIJ@$0A@@BEE_VectorStream@@SA_NPEBVSLU_File@@@Z
BEE.dll,export,12953 3298 00707F60 ?ShouldWriteForVersion@?$BEE_Vec3DPercentStreamTraits@$0DIK@$0A@@BEE_VectorStream@@SA_NPEBVSLU_File@@@Z
BEE.dll,export,12954 3299 00707F70 ?ShouldWriteForVersion@?$BEE_Vec3DPercentStreamTraits@$0DIL@$0A@@BEE_VectorStream@@SA_NPEBVSLU_File@@@Z
BEE.dll,export,12962 32A1 0009AAA0 ?ShouldWriteForVersion@?$TDB_DerivedStream@UBEE_GradientColorsStreamTraits@@@@UEBA_NPEBVSLU_File@@@Z
BEE.dll,export,12981 32B4 0009AB00 ?ShouldWriteForVersion@?$TDB_DerivedStream@UBlendModeStreamTraits@BEE_VectorStream@@@@UEBA_NPEBVSLU_File@@@Z
BEE.dll,export,13043 32F2 0009ACE0 ?ShouldWriteForVersion@EllipseStreamGroup@BEE_VectorStream@@UEBA_NPEBVSLU_File@@@Z
BEE.dll,export,13044 32F3 0009ACF0 ?ShouldWriteForVersion@FillStreamGroup@BEE_VectorStream@@UEBA_NPEBVSLU_File@@@Z
BEE.dll,export,13045 32F4 0009AD00 ?ShouldWriteForVersion@GradientFillStreamGroup@BEE_VectorStream@@UEBA_NPEBVSLU_File@@@Z
BEE.dll,export,13046 32F5 0009AD10 ?ShouldWriteForVersion@GradientStrokeStreamGroup@BEE_VectorStream@@UEBA_NPEBVSLU_File@@@Z
BEE.dll,export,13047 32F6 0009AD20 ?ShouldWriteForVersion@MergePathStreamGroup@BEE_VectorStream@@UEBA_NPEBVSLU_File@@@Z
BEE.dll,export,13048 32F7 0009AD30 ?ShouldWriteForVersion@OffsetPathStreamGroup@BEE_VectorStream@@UEBA_NPEBVSLU_File@@@Z
BEE.dll,export,13049 32F8 0009AD40 ?ShouldWriteForVersion@PolyStarStreamGroup@BEE_VectorStream@@UEBA_NPEBVSLU_File@@@Z
BEE.dll,export,13050 32F9 0009AD50 ?ShouldWriteForVersion@PuckerBloatStreamGroup@BEE_VectorStream@@UEBA_NPEBVSLU_File@@@Z
BEE.dll,export,13051 32FA 0009AD60 ?ShouldWriteForVersion@RectStreamGroup@BEE_VectorStream@@UEBA_NPEBVSLU_File@@@Z
BEE.dll,export,13052 32FB 0009AD70 ?ShouldWriteForVersion@RepeaterStreamGroup@BEE_VectorStream@@UEBA_NPEBVSLU_File@@@Z
BEE.dll,export,13053 32FC 0009AD80 ?ShouldWriteForVersion@RepeaterTransformStreamGroup@BEE_VectorStream@@UEBA_NPEBVSLU_File@@@Z
BEE.dll,export,13054 32FD 0009AD90 ?ShouldWriteForVersion@RevealPathStreamGroup@BEE_VectorStream@@UEBA_NPEBVSLU_File@@@Z
BEE.dll,export,13055 32FE 0009ADA0 ?ShouldWriteForVersion@RoundCornerStreamGroup@BEE_VectorStream@@UEBA_NPEBVSLU_File@@@Z
BEE.dll,export,13056 32FF 0009ADB0 ?ShouldWriteForVersion@ShapeStreamGroup@BEE_VectorStream@@UEBA_NPEBVSLU_File@@@Z
BEE.dll,export,13057 3300 0009ADC0 ?ShouldWriteForVersion@StrokeDashesStreamGroup@BEE_VectorStream@@UEBA_NPEBVSLU_File@@@Z
BEE.dll,export,13058 3301 0009ADD0 ?ShouldWriteForVersion@StrokeStreamGroup@BEE_VectorStream@@UEBA_NPEBVSLU_File@@@Z
BEE.dll,export,13059 3302 0009ADE0 ?ShouldWriteForVersion@StrokeTaperStreamGroup@BEE_VectorStream@@UEBA_NPEBVSLU_File@@@Z
BEE.dll,export,13060 3303 0009ADF0 ?ShouldWriteForVersion@StrokeTaperWaveStreamGroup@BEE_VectorStream@@UEBA_NPEBVSLU_File@@@Z
BEE.dll,export,13061 3304 0009AE00 ?ShouldWriteForVersion@TransformStreamGroup@BEE_VectorStream@@UEBA_NPEBVSLU_File@@@Z
BEE.dll,export,13062 3305 0009AE10 ?ShouldWriteForVersion@TrimStreamGroup@BEE_VectorStream@@UEBA_NPEBVSLU_File@@@Z
BEE.dll,export,13063 3306 0009AE20 ?ShouldWriteForVersion@TwistStreamGroup@BEE_VectorStream@@UEBA_NPEBVSLU_File@@@Z
BEE.dll,export,13064 3307 0009AE30 ?ShouldWriteForVersion@Vec3D_MaterialOptionsStreamGroup@BEE_VectorStream@@UEBA_NPEBVSLU_File@@@Z
BEE.dll,export,13065 3308 0009AE40 ?ShouldWriteForVersion@WigglerTransformStreamGroup@BEE_VectorStream@@UEBA_NPEBVSLU_File@@@Z
BEE.dll,export,13066 3309 0009AE50 ?ShouldWriteForVersion@ZigzagStreamGroup@BEE_VectorStream@@UEBA_NPEBVSLU_File@@@Z
BEE.dll,export,13068 330B 0077DB90 ?ShowGeometryWarningInUI@BEE_VectorUtils@@YAXAEBUT_Time@@PEBVBEE_VectorLayer@@@Z
BEE.dll,export,13119 333E 015EF7E0 ?StreamName_ANCHOR@BEE_VectorStream@@3V?$TDB_DerivedMatchName@V?$TDB_Float2Stream@UBEE_GenericAnchorStreamTraits@@@@@@B
BEE.dll,export,13122 3341 015EF430 ?StreamName_BLEND_MODE@BEE_VectorStream@@3V?$TDB_DerivedMatchName@VBlendModeStream@BEE_VectorStream@@@@B
BEE.dll,export,13125 3344 015EF940 ?StreamName_COMPOSITE_ORDER@BEE_VectorStream@@3V?$TDB_DerivedMatchName@V?$TDB_PopupStream@UCompositeOrderStreamTraits@BEE_VectorStream@@@@@@B
BEE.dll,export,13126 3345 015EF870 ?StreamName_ELLIPSE_GROUP@BEE_VectorStream@@3V?$TDB_DerivedMatchName@VEllipseStreamGroup@BEE_VectorStream@@@@B
BEE.dll,export,13127 3346 015EF890 ?StreamName_ELLIPSE_POSITION@BEE_VectorStream@@3V?$TDB_DerivedMatchName@V?$TDB_Float2Stream@UBEE_GenericPositionStreamTraits@@@@@@B
BEE.dll,export,13128 3347 015EF880 ?StreamName_ELLIPSE_SIZE@BEE_VectorStream@@3V?$TDB_DerivedMatchName@V?$TDB_Float2Stream@UEllipseSizeStreamTraits@BEE_VectorStream@@@@@@B
BEE.dll,export,13129 3348 015EF960 ?StreamName_FILL_COLOR@BEE_VectorStream@@3V?$TDB_DerivedMatchName@V?$TDB_Float4Stream@U?$BEE_GenericColorStreamTraits@$0CGE@UBEE_DefaultColorRed@@@@@@@@B
BEE.dll,export,13130 3349 015EF950 ?StreamName_FILL_GROUP@BEE_VectorStream@@3V?$TDB_DerivedMatchName@VFillStreamGroup@BEE_VectorStream@@@@B
BEE.dll,export,13132 334B 015EF970 ?StreamName_FILL_OPACITY@BEE_VectorStream@@3V?$TDB_DerivedMatchName@V?$TDB_FloatStream@U?$BEE_GenericOpacityStreamTraitsT@$0CHB@@@@@@@B
BEE.dll,export,13133 334C 015EF930 ?StreamName_FILL_RULE@BEE_VectorStream@@3V?$TDB_DerivedMatchName@V?$TDB_PopupStream@UFillRuleStreamTraits@BEE_VectorStream@@@@@@B
BEE.dll,export,13136 334F 015EF9E0 ?StreamName_GRADIENT_COLORS@BEE_VectorStream@@3V?$TDB_DerivedMatchName@VBEE_GradientColorsStream@@@@B
BEE.dll,export,13137 3350 015EF9B0 ?StreamName_GRADIENT_END_PT@BEE_VectorStream@@3V?$TDB_DerivedMatchName@V?$TDB_Float2Stream@UGradientEndPositionStreamTraits@BEE_VectorStream@@@@@@B
BEE.dll,export,13138 3351 015EF980 ?StreamName_GRADIENT_FILL_GROUP@BEE_VectorStream@@3V?$TDB_DerivedMatchName@VGradientFillStreamGroup@BEE_VectorStream@@@@B
BEE.dll,export,13139 3352 015EF9D0 ?StreamName_GRADIENT_RADIAL_HIGHLIGHT_ANGLE@BEE_VectorStream@@3V?$TDB_DerivedMatchName@V?$TDB_FloatStream@UGradientRadialHighlightAngleStreamTraits@BEE_VectorStream@@@@@@B
BEE.dll,export,13140 3353 015EF9C0 ?StreamName_GRADIENT_RADIAL_HIGHLIGHT_LENGTH@BEE_VectorStream@@3V?$TDB_DerivedMatchName@V?$TDB_FloatStream@UGradientRadialHighlightLengthStreamTraits@BEE_VectorStream@@@@@@B
BEE.dll,export,13141 3354 015EFA00 ?StreamName_GRADIENT_ROTATION@BEE_VectorStream@@3V?$TDB_DerivedMatchName@V?$TDB_FloatStream@U?$BEE_GenericRotationStreamTraitsT@$0CHA@VTDB_DefaultZeroMFloat@@@@@@@@B
BEE.dll,export,13142 3355 015EF9F0 ?StreamName_GRADIENT_SCALE@BEE_VectorStream@@3V?$TDB_DerivedMatchName@V?$TDB_Float2Stream@UBEE_GenericScaleStreamTraits@@@@@@B
BEE.dll,export,13143 3356 015EF9A0 ?StreamName_GRADIENT_START_PT@BEE_VectorStream@@3V?$TDB_DerivedMatchName@V?$TDB_Float2Stream@UGradientStartPositionStreamTraits@BEE_VectorStream@@@@@@B
BEE.dll,export,13144 3357 015EFA10 ?StreamName_GRADIENT_STROKE_GROUP@BEE_VectorStream@@3V?$TDB_DerivedMatchName@VGradientStrokeStreamGroup@BEE_VectorStream@@@@B
BEE.dll,export,13145 3358 015EF990 ?StreamName_GRADIENT_TYPE@BEE_VectorStream@@3V?$TDB_DerivedMatchName@V?$TDB_PopupStream@UGradientTypeStreamTraits@BEE_VectorStream@@@@@@B
BEE.dll,export,13146 3359 015EF7F0 ?StreamName_GROUP_OPACITY@BEE_VectorStream@@3V?$TDB_DerivedMatchName@V?$TDB_FloatStream@U?$BEE_GenericOpacityStreamTraitsT@$0CHB@@@@@@@B
BEE.dll,export,13148 335B 015EFD00 ?StreamName_MERGE_PATH_GROUP@BEE_VectorStream@@3V?$TDB_DerivedMatchName@VMergePathStreamGroup@BEE_VectorStream@@@@B
BEE.dll,export,13149 335C 015EFD10 ?StreamName_MERGE_PATH_TYPE@BEE_VectorStream@@3V?$TDB_DerivedMatchName@V?$TDB_PopupStream@UMergePathTypeStreamTraits@BEE_VectorStream@@@@@@B
BEE.dll,export,13150 335D 015EFC70 ?StreamName_OFFSET_AMOUNT@BEE_VectorStream@@3V?$TDB_DerivedMatchName@V?$TDB_FloatStream@UOffsetAmountStreamTraits@BEE_VectorStream@@@@@@B
BEE.dll,export,13151 335E 015EFCA0 ?StreamName_OFFSET_COPIES@BEE_VectorStream@@3V?$TDB_DerivedMatchName@V?$TDB_FloatStream@UOffsetCopiesStreamTraits@BEE_VectorStream@@@@@@B
BEE.dll,export,13152 335F 015EFCB0 ?StreamName_OFFSET_COPY_OFFSET@BEE_VectorStream@@3V?$TDB_DerivedMatchName@V?$TDB_FloatStream@UOffsetCopyOffsetStreamTraits@BEE_VectorStream@@@@@@B
BEE.dll,export,13153 3360 015EFC80 ?StreamName_OFFSET_LINE_JOIN@BEE_VectorStream@@3V?$TDB_DerivedMatchName@V?$TDB_PopupStream@ULineJoinStreamTraits@BEE_VectorStream@@@@@@B
BEE.dll,export,13154 3361 015EFC90 ?StreamName_OFFSET_MITER_LIMIT@BEE_VectorStream@@3V?$TDB_DerivedMatchName@V?$TDB_FloatStream@UStrokeMiterLimitStreamTraits@BEE_VectorStream@@@@@@B
BEE.dll,export,13155 3362 015EFC60 ?StreamName_OFFSET_PATH_GROUP@BEE_VectorStream@@3V?$TDB_DerivedMatchName@VOffsetPathStreamGroup@BEE_VectorStream@@@@B
BEE.dll,export,13156 3363 015EF8A0 ?StreamName_POLY_STAR_GROUP@BEE_VectorStream@@3V?$TDB_DerivedMatchName@VPolyStarStreamGroup@BEE_VectorStream@@@@B
BEE.dll,export,13157 3364 015EF8F0 ?StreamName_POLY_STAR_INNER_RADIUS@BEE_VectorStream@@3V?$TDB_DerivedMatchName@V?$TDB_FloatStream@UPolyStarInnerRadiusStreamTraits@BEE_VectorStream@@@@@@B
BEE.dll,export,13158 3365 015EF910 ?StreamName_POLY_STAR_INNER_ROUNDNESS@BEE_VectorStream@@3V?$TDB_DerivedMatchName@V?$TDB_FloatStream@UPolyStarInnerRoundnessStreamTraits@BEE_VectorStream@@@@@@B
BEE.dll,export,13159 3366 015EF900 ?StreamName_POLY_STAR_OUTER_RADIUS@BEE_VectorStream@@3V?$TDB_DerivedMatchName@V?$TDB_FloatStream@UPolyStarOuterRadiusStreamTraits@BEE_VectorStream@@@@@@B
BEE.dll,export,13160 3367 015EF920 ?StreamName_POLY_STAR_OUTER_ROUNDNESS@BEE_VectorStream@@3V?$TDB_DerivedMatchName@V?$TDB_FloatStream@UPolyStarOuterRoundnessStreamTraits@BEE_VectorStream@@@@@@B
BEE.dll,export,13161 3368 015EF8C0 ?StreamName_POLY_STAR_POINTS@BEE_VectorStream@@3V?$TDB_DerivedMatchName@V?$TDB_FloatStream@UPolyStarPointsStreamTraits@BEE_VectorStream@@@@@@B
BEE.dll,export,13162 3369 015EF8D0 ?StreamName_POLY_STAR_POSITION@BEE_VectorStream@@3V?$TDB_DerivedMatchName@V?$TDB_Float2Stream@UBEE_GenericPositionStreamTraits@@@@@@B
BEE.dll,export,13163 336A 015EF8E0 ?StreamName_POLY_STAR_ROTATION@BEE_VectorStream@@3V?$TDB_DerivedMatchName@V?$TDB_FloatStream@U?$BEE_GenericRotationStreamTraitsT@$0CHA@VTDB_DefaultZeroMFloat@@@@@@@@B
BEE.dll,export,13164 336B 015EF8B0 ?StreamName_POLY_STAR_TYPE@BEE_VectorStream@@3V?$TDB_DerivedMatchName@V?$TDB_PopupStream@UPolyStarTypeStreamTraits@BEE_VectorStream@@@@@@B
BEE.dll,export,13165 336C 015EF7D0 ?StreamName_POSITION@BEE_VectorStream@@3V?$TDB_DerivedMatchName@V?$TDB_Float2Stream@UBEE_GenericPositionStreamTraits@@@@@@B
BEE.dll,export,13166 336D 015EFD30 ?StreamName_PUCKER_BLOAT_AMOUNT@BEE_VectorStream@@3V?$TDB_DerivedMatchName@V?$TDB_FloatStream@UPuckerBloatAmountStreamTraits@BEE_VectorStream@@@@@@B
BEE.dll,export,13167 336E 015EFD20 ?StreamName_PUCKER_BLOAT_GROUP@BEE_VectorStream@@3V?$TDB_DerivedMatchName@VPuckerBloatStreamGroup@BEE_VectorStream@@@@B
BEE.dll,export,13168 336F 015EF830 ?StreamName_RECT_GROUP@BEE_VectorStream@@3V?$TDB_DerivedMatchName@VRectStreamGroup@BEE_VectorStream@@@@B
BEE.dll,export,13169 3370 015EF850 ?StreamName_RECT_POSITION@BEE_VectorStream@@3V?$TDB_DerivedMatchName@V?$TDB_Float2Stream@UBEE_GenericPositionStreamTraits@@@@@@B
BEE.dll,export,13170 3371 015EF860 ?StreamName_RECT_ROUNDNESS@BEE_VectorStream@@3V?$TDB_DerivedMatchName@V?$TDB_FloatStream@URectRoundnessStreamTraits@BEE_VectorStream@@@@@@B
BEE.dll,export,13171 3372 015EF840 ?StreamName_RECT_SIZE@BEE_VectorStream@@3V?$TDB_DerivedMatchName@V?$TDB_Float2Stream@URectSizeStreamTraits@BEE_VectorStream@@@@@@B
BEE.dll,export,13172 3373 015EFD90 ?StreamName_REPEATER_ANCHOR@BEE_VectorStream@@3V?$TDB_DerivedMatchName@V?$TDB_Float2Stream@UBEE_GenericAnchorStreamTraits@@@@@@B
BEE.dll,export,13173 3374 015EFD50 ?StreamName_REPEATER_COPIES@BEE_VectorStream@@3V?$TDB_DerivedMatchName@V?$TDB_FloatStream@URepeaterCopiesStreamTraits@BEE_VectorStream@@@@@@B
BEE.dll,export,13174 3375 015EFDE0 ?StreamName_REPEATER_END_OPACITY@BEE_VectorStream@@3V?$TDB_DerivedMatchName@V?$TDB_FloatStream@UEndOpacityStreamTraits@BEE_VectorStream@@@@@@B
BEE.dll,export,13175 3376 015EFD40 ?StreamName_REPEATER_GROUP@BEE_VectorStream@@3V?$TDB_DerivedMatchName@VRepeaterStreamGroup@BEE_VectorStream@@@@B
BEE.dll,export,13176 3377 015EFD60 ?StreamName_REPEATER_OFFSET@BEE_VectorStream@@3V?$TDB_DerivedMatchName@V?$TDB_FloatStream@URepeaterOffsetStreamTraits@BEE_VectorStream@@@@@@B
BEE.dll,export,13177 3378 015EFD70 ?StreamName_REPEATER_ORDER@BEE_VectorStream@@3V?$TDB_DerivedMatchName@V?$TDB_PopupStream@URepeaterOrderStreamTraits@BEE_VectorStream@@@@@@B
BEE.dll,export,13178 3379 015EFDA0 ?StreamName_REPEATER_POSITION@BEE_VectorStream@@3V?$TDB_DerivedMatchName@V?$TDB_Float2Stream@UBEE_GenericPositionStreamTraits@@@@@@B
BEE.dll,export,13179 337A 015EFDC0 ?StreamName_REPEATER_ROTATION@BEE_VectorStream@@3V?$TDB_DerivedMatchName@V?$TDB_FloatStream@U?$BEE_GenericRotationStreamTraitsT@$0CHA@VTDB_DefaultZeroMFloat@@@@@@@@B
BEE.dll,export,13180 337B 015EFDB0 ?StreamName_REPEATER_SCALE@BEE_VectorStream@@3V?$TDB_DerivedMatchName@V?$TDB_Float2Stream@UBEE_GenericScaleStreamTraits@@@@@@B
BEE.dll,export,13181 337C 015EFDD0 ?StreamName_REPEATER_START_OPACITY@BEE_VectorStream@@3V?$TDB_DerivedMatchName@V?$TDB_FloatStream@UStartOpacityStreamTraits@BEE_VectorStream@@@@@@B
BEE.dll,export,13182 337D 015EFD80 ?StreamName_REPEATER_TRANSFORM_GROUP@BEE_VectorStream@@3V?$TDB_DerivedMatchName@VRepeaterTransformStreamGroup@BEE_VectorStream@@@@B
BEE.dll,export,13183 337E 015EFCE0 ?StreamName_REVEAL_PATH_COLOR@BEE_VectorStream@@3V?$TDB_DerivedMatchName@V?$TDB_Float4Stream@U?$BEE_GenericColorStreamTraits@$0CGE@UDefaultRevealPathColor@BEE_VectorStream@@@@@@@@B
BEE.dll,export,13184 337F 015EFCC0 ?StreamName_REVEAL_PATH_GROUP@BEE_VectorStream@@3V?$TDB_DerivedMatchName@VRevealPathStreamGroup@BEE_VectorStream@@@@B
BEE.dll,export,13185 3380 015EFCF0 ?StreamName_REVEAL_PATH_OPACITY@BEE_VectorStream@@3V?$TDB_DerivedMatchName@V?$TDB_FloatStream@U?$BEE_GenericOpacityStreamTraitsT@$0CHB@@@@@@@B
BEE.dll,export,13186 3381 015EFCD0 ?StreamName_REVEAL_POINT_RADIUS@BEE_VectorStream@@3V?$TDB_DerivedMatchName@V?$TDB_FloatStream@URevealPointRadiusStreamTraits@BEE_VectorStream@@@@@@B
BEE.dll,export,13188 3383 015EF460 ?StreamName_ROOT_VECTORS_GROUP@BEE_VectorStream@@3V?$TDB_DerivedMatchName@VVectorsStreamGroup@BEE_VectorStream@@@@B
BEE.dll,export,13189 3384 015EF790 ?StreamName_ROTATION@BEE_VectorStream@@3V?$TDB_DerivedMatchName@V?$TDB_FloatStream@U?$BEE_GenericRotationStreamTraitsT@$0CHA@VTDB_DefaultZeroMFloat@@@@@@@@B
BEE.dll,export,13190 3385 015EFE10 ?StreamName_ROUGHEN_DETAIL@BEE_VectorStream@@3V?$TDB_DerivedMatchName@V?$TDB_FloatStream@URoughenDetailStreamTraits@BEE_VectorStream@@@@@@B
BEE.dll,export,13191 3386 015EFDF0 ?StreamName_ROUGHEN_GROUP@BEE_VectorStream@@3V?$TDB_DerivedMatchName@VRoughenStreamGroup@BEE_VectorStream@@@@B
BEE.dll,export,13192 3387 015EFE20 ?StreamName_ROUGHEN_POINTS@BEE_VectorStream@@3V?$TDB_DerivedMatchName@V?$TDB_PopupStream@URoughenPointsStreamTraits@BEE_VectorStream@@@@@@B
BEE.dll,export,13193 3388 015EFE00 ?StreamName_ROUGHEN_SIZE@BEE_VectorStream@@3V?$TDB_DerivedMatchName@V?$TDB_FloatStream@URoughenSizeStreamTraits@BEE_VectorStream@@@@@@B
BEE.dll,export,13194 3389 015EFEC0 ?StreamName_ROUND_CORNER_GROUP@BEE_VectorStream@@3V?$TDB_DerivedMatchName@VRoundCornerStreamGroup@BEE_VectorStream@@@@B
BEE.dll,export,13195 338A 015EFED0 ?StreamName_ROUND_CORNER_RADIUS@BEE_VectorStream@@3V?$TDB_DerivedMatchName@V?$TDB_FloatStream@URoundCornerRadiusStreamTraits@BEE_VectorStream@@@@@@B
BEE.dll,export,13197 338C 015EF7C0 ?StreamName_SCALE@BEE_VectorStream@@3V?$TDB_DerivedMatchName@V?$TDB_Float2Stream@UBEE_GenericScaleStreamTraits@@@@@@B
BEE.dll,export,13198 338D 015EF820 ?StreamName_SHAPE@BEE_VectorStream@@3V?$TDB_DerivedMatchName@VShapeStream@BEE_VectorStream@@@@B
BEE.dll,export,13199 338E 015EFE80 ?StreamName_SHAPEEFFECT_CORRELATION@BEE_VectorStream@@3V?$TDB_DerivedMatchName@V?$TDB_FloatStream@U?$ShapeEffectCorrelationTraits@$0CKM@@BEE_VectorStream@@@@@@B
BEE.dll,export,13200 338F 015EFEB0 ?StreamName_SHAPEEFFECT_RANDOM_SEED@BEE_VectorStream@@3V?$TDB_DerivedMatchName@V?$TDB_FloatStream@U?$ShapeEffectRandomSeedStreamTraits@$0COM@@BEE_VectorStream@@@@@@B
BEE.dll,export,13201 3390 015EFEA0 ?StreamName_SHAPEEFFECT_SPATIAL_PHASE@BEE_VectorStream@@3V?$TDB_DerivedMatchName@V?$TDB_FloatStream@U?$ShapeEffectRotationStreamTraits@$0CLA@@BEE_VectorStream@@@@@@B
BEE.dll,export,13202 3391 015EFE90 ?StreamName_SHAPEEFFECT_TEMPORAL_PHASE@BEE_VectorStream@@3V?$TDB_DerivedMatchName@V?$TDB_FloatStream@U?$ShapeEffectRotationStreamTraits@$0CKP@@BEE_VectorStream@@@@@@B
BEE.dll,export,13203 3392 015EFE70 ?StreamName_SHAPEEFFECT_WIGGLE_PATHS_TEMPORAL_FREQUENCY@BEE_VectorStream@@3V?$TDB_DerivedMatchName@V?$TDB_FloatStream@U?$ShapeEffectWigglePathsFrequencyTraits@$0CKL@V?$TDB_DefaultMFloat@$01@@@BEE_VectorStream@@@@@@B
BEE.dll,export,13204 3393 015EFF20 ?StreamName_SHAPEEFFECT_WIGGLE_TRANSFORM_TEMPORAL_FREQUENCY@BEE_VectorStream@@3V?$TDB_DerivedMatchName@V?$TDB_FloatStream@U?$ShapeEffectWigglePathsFrequencyTraits@$0CKL@V?$TDB_DefaultMFloat@$01@@@BEE_VectorStream@@@@@@B
BEE.dll,export,13205 3394 015EF800 ?StreamName_SHAPE_DIRECTION@BEE_VectorStream@@3V?$TDB_DerivedMatchName@V?$TDB_PopupStream@UShapeDirectionStreamTraits@BEE_VectorStream@@@@@@B
BEE.dll,export,13206 3395 015EF810 ?StreamName_SHAPE_GROUP@BEE_VectorStream@@3V?$TDB_DerivedMatchName@VShapeStreamGroup@BEE_VectorStream@@@@B
BEE.dll,export,13207 3396 015EF7A0 ?StreamName_SKEW@BEE_VectorStream@@3V?$TDB_DerivedMatchName@V?$TDB_FloatStream@USkewStreamTraits@BEE_VectorStream@@@@@@B
BEE.dll,export,13208 3397 015EF7B0 ?StreamName_SKEW_AXIS@BEE_VectorStream@@3V?$TDB_DerivedMatchName@V?$TDB_FloatStream@U?$BEE_GenericRotationStreamTraitsT@$0CIN@VTDB_DefaultZeroMFloat@@@@@@@@B
BEE.dll,export,13209 3398 015EFA30 ?StreamName_STROKE_COLOR@BEE_VectorStream@@3V?$TDB_DerivedMatchName@V?$TDB_Float4Stream@U?$BEE_GenericColorStreamTraits@$0CGE@UDefaultStrokeColor@BEE_VectorStream@@@@@@@@B
BEE.dll,export,13210 3399 015EFA90 ?StreamName_STROKE_DASHES_GROUP@BEE_VectorStream@@3V?$TDB_DerivedMatchName@VStrokeDashesStreamGroup@BEE_VectorStream@@@@B
BEE.dll,export,13211 339A 015EFAA0 ?StreamName_STROKE_DASH_1@BEE_VectorStream@@3V?$TDB_DerivedMatchName@V?$TDB_FloatStream@UStrokeDashStreamTraits@BEE_VectorStream@@@@@@B
BEE.dll,export,13212 339B 015EFAB0 ?StreamName_STROKE_DASH_2@BEE_VectorStream@@3V?$TDB_DerivedMatchName@V?$TDB_FloatStream@UStrokeDashStreamTraits2@BEE_VectorStream@@@@@@B
BEE.dll,export,13213 339C 015EFAC0 ?StreamName_STROKE_DASH_3@BEE_VectorStream@@3V?$TDB_DerivedMatchName@V?$TDB_FloatStream@UStrokeDashStreamTraits3@BEE_VectorStream@@@@@@B
BEE.dll,export,13214 339D 015EFB00 ?StreamName_STROKE_DASH_OFFSET@BEE_VectorStream@@3V?$TDB_DerivedMatchName@V?$TDB_FloatStream@UStrokeDashOffsetStreamTraits@BEE_VectorStream@@@@@@B
BEE.dll,export,13215 339E 015EFAD0 ?StreamName_STROKE_GAP_1@BEE_VectorStream@@3V?$TDB_DerivedMatchName@V?$TDB_FloatStream@UStrokeGapStreamTraits@BEE_VectorStream@@@@@@B
BEE.dll,export,13216 339F 015EFAE0 ?StreamName_STROKE_GAP_2@BEE_VectorStream@@3V?$TDB_DerivedMatchName@V?$TDB_FloatStream@UStrokeGapStreamTraits2@BEE_VectorStream@@@@@@B
BEE.dll,export,13217 33A0 015EFAF0 ?StreamName_STROKE_GAP_3@BEE_VectorStream@@3V?$TDB_DerivedMatchName@V?$TDB_FloatStream@UStrokeGapStreamTraits3@BEE_VectorStream@@@@@@B
BEE.dll,export,13218 33A1 015EFA20 ?StreamName_STROKE_GROUP@BEE_VectorStream@@3V?$TDB_DerivedMatchName@VStrokeStreamGroup@BEE_VectorStream@@@@B
BEE.dll,export,13219 33A2 015EFA60 ?StreamName_STROKE_LINE_CAP@BEE_VectorStream@@3V?$TDB_DerivedMatchName@V?$TDB_PopupStream@ULineCapStreamTraits@BEE_VectorStream@@@@@@B
BEE.dll,export,13220 33A3 015EFA70 ?StreamName_STROKE_LINE_JOIN@BEE_VectorStream@@3V?$TDB_DerivedMatchName@V?$TDB_PopupStream@ULineJoinStreamTraits@BEE_VectorStream@@@@@@B
BEE.dll,export,13221 33A4 015EFA80 ?StreamName_STROKE_MITER_LIMIT@BEE_VectorStream@@3V?$TDB_DerivedMatchName@V?$TDB_FloatStream@UStrokeMiterLimitStreamTraits@BEE_VectorStream@@@@@@B
BEE.dll,export,13222 33A5 015EFA40 ?StreamName_STROKE_OPACITY@BEE_VectorStream@@3V?$TDB_DerivedMatchName@V?$TDB_FloatStream@U?$BEE_GenericOpacityStreamTraitsT@$0CHB@@@@@@@B
BEE.dll,export,13223 33A6 015EFB10 ?StreamName_STROKE_TAPER_GROUP@BEE_VectorStream@@3V?$TDB_DerivedMatchName@VStrokeTaperStreamGroup@BEE_VectorStream@@@@B
BEE.dll,export,13224 33A7 015EFBB0 ?StreamName_STROKE_TAPER_WAVE_GROUP@BEE_VectorStream@@3V?$TDB_DerivedMatchName@VStrokeTaperWaveStreamGroup@BEE_VectorStream@@@@B
BEE.dll,export,13225 33A8 015EFA50 ?StreamName_STROKE_WIDTH@BEE_VectorStream@@3V?$TDB_DerivedMatchName@V?$TDB_FloatStream@UStrokeWidthStreamTraits@BEE_VectorStream@@@@@@B
BEE.dll,export,13226 33A9 015EFBA0 ?StreamName_TAPER_END_EASE@BEE_VectorStream@@3V?$TDB_DerivedMatchName@V?$TDB_FloatStream@UTaperEndEaseStreamTraits@BEE_VectorStream@@@@@@B
BEE.dll,export,13227 33AA 015EFB40 ?StreamName_TAPER_END_LENGTH@BEE_VectorStream@@3V?$TDB_DerivedMatchName@V?$TDB_FloatStream@UTaperEndLengthStreamTraits@BEE_VectorStream@@@@@@B
BEE.dll,export,13228 33AB 015EFB60 ?StreamName_TAPER_END_PIXEL_LENGTH@BEE_VectorStream@@3V?$TDB_DerivedMatchName@V?$TDB_FloatStream@UTaperEndPixelLengthStreamTraits@BEE_VectorStream@@@@@@B
BEE.dll,export,13229 33AC 015EFB80 ?StreamName_TAPER_END_WIDTH@BEE_VectorStream@@3V?$TDB_DerivedMatchName@V?$TDB_FloatStream@UTaperEndWidthStreamTraits@BEE_VectorStream@@@@@@B
BEE.dll,export,13230 33AD 015EFB20 ?StreamName_TAPER_LENGTH_UNITS@BEE_VectorStream@@3V?$TDB_DerivedMatchName@V?$TDB_PopupStream@UTaperLengthUnitsStreamTraits@BEE_VectorStream@@@@@@B
BEE.dll,export,13231 33AE 015EFB90 ?StreamName_TAPER_START_EASE@BEE_VectorStream@@3V?$TDB_DerivedMatchName@V?$TDB_FloatStream@UTaperStartEaseStreamTraits@BEE_VectorStream@@@@@@B
BEE.dll,export,13232 33AF 015EFB30 ?StreamName_TAPER_START_LENGTH@BEE_VectorStream@@3V?$TDB_DerivedMatchName@V?$TDB_FloatStream@UTaperStartLengthStreamTraits@BEE_VectorStream@@@@@@B
BEE.dll,export,13233 33B0 015EFB50 ?StreamName_TAPER_START_PIXEL_LENGTH@BEE_VectorStream@@3V?$TDB_DerivedMatchName@V?$TDB_FloatStream@UTaperStartPixelLengthStreamTraits@BEE_VectorStream@@@@@@B
BEE.dll,export,13234 33B1 015EFB70 ?StreamName_TAPER_START_WIDTH@BEE_VectorStream@@3V?$TDB_DerivedMatchName@V?$TDB_FloatStream@UTaperStartWidthStreamTraits@BEE_VectorStream@@@@@@B
BEE.dll,export,13235 33B2 015EFBE0 ?StreamName_TAPER_WAVELENGTH@BEE_VectorStream@@3V?$TDB_DerivedMatchName@V?$TDB_FloatStream@UTaperWavelengthStreamTraits@BEE_VectorStream@@@@@@B
BEE.dll,export,13236 33B3 015EFBC0 ?StreamName_TAPER_WAVE_AMOUNT@BEE_VectorStream@@3V?$TDB_DerivedMatchName@V?$TDB_FloatStream@UTaperWaveAmountStreamTraits@BEE_VectorStream@@@@@@B
BEE.dll,export,13237 33B4 015EFBF0 ?StreamName_TAPER_WAVE_CYCLES@BEE_VectorStream@@3V?$TDB_DerivedMatchName@V?$TDB_FloatStream@UTaperWaveCyclesStreamTraits@BEE_VectorStream@@@@@@B
BEE.dll,export,13238 33B5 015EFC00 ?StreamName_TAPER_WAVE_PHASE@BEE_VectorStream@@3V?$TDB_DerivedMatchName@V?$TDB_FloatStream@U?$BEE_GenericRotationStreamTraitsT@$0DKP@VTDB_DefaultZeroMFloat@@@@@@@@B
BEE.dll,export,13239 33B6 015EFBD0 ?StreamName_TAPER_WAVE_UNITS@BEE_VectorStream@@3V?$TDB_DerivedMatchName@V?$TDB_PopupStream@UTaperWaveUnitsStreamTraits@BEE_VectorStream@@@@@@B
BEE.dll,export,13240 33B7 015EF470 ?StreamName_TRANSFORM_GROUP@BEE_VectorStream@@3V?$TDB_DerivedMatchName@VTransformStreamGroup@BEE_VectorStream@@@@B
BEE.dll,export,13241 33B8 015EFC30 ?StreamName_TRIM_END@BEE_VectorStream@@3V?$TDB_DerivedMatchName@V?$TDB_FloatStream@UTrimEndStreamTraits@BEE_VectorStream@@@@@@B
BEE.dll,export,13242 33B9 015EFC10 ?StreamName_TRIM_GROUP@BEE_VectorStream@@3V?$TDB_DerivedMatchName@VTrimStreamGroup@BEE_VectorStream@@@@B
BEE.dll,export,13243 33BA 015EFC40 ?StreamName_TRIM_OFFSET@BEE_VectorStream@@3V?$TDB_DerivedMatchName@V?$TDB_FloatStream@U?$BEE_GenericRotationStreamTraitsT@$0CME@VTDB_DefaultZeroMFloat@@@@@@@@B
BEE.dll,export,13244 33BB 015EFC20 ?StreamName_TRIM_START@BEE_VectorStream@@3V?$TDB_DerivedMatchName@V?$TDB_FloatStream@UTrimStartStreamTraits@BEE_VectorStream@@@@@@B
BEE.dll,export,13245 33BC 015EFC50 ?StreamName_TRIM_TYPE@BEE_VectorStream@@3V?$TDB_DerivedMatchName@V?$TDB_PopupStream@UTrimTypeStreamTraits@BEE_VectorStream@@@@@@B
BEE.dll,export,13246 33BD 015EFEF0 ?StreamName_TWIST_ANGLE@BEE_VectorStream@@3V?$TDB_DerivedMatchName@V?$TDB_FloatStream@UTwistAngleStreamTraits@BEE_VectorStream@@@@@@B
BEE.dll,export,13247 33BE 015EFF00 ?StreamName_TWIST_CENTER@BEE_VectorStream@@3V?$TDB_DerivedMatchName@V?$TDB_Float2Stream@UBEE_GenericCenterStreamTraits@@@@@@B
BEE.dll,export,13248 33BF 015EFEE0 ?StreamName_TWIST_GROUP@BEE_VectorStream@@3V?$TDB_DerivedMatchName@VTwistStreamGroup@BEE_VectorStream@@@@B
BEE.dll,export,13249 33C0 015EF450 ?StreamName_VECTORS_GROUP@BEE_VectorStream@@3V?$TDB_DerivedMatchName@VVectorsStreamGroup@BEE_VectorStream@@@@B
BEE.dll,export,13250 33C1 015EF440 ?StreamName_VECTOR_DURATION@BEE_VectorStream@@3V?$TDB_DerivedMatchName@VBEE_GraphicDurationStream@@@@B
BEE.dll,export,13251 33C2 015EF420 ?StreamName_VECTOR_GROUP@BEE_VectorStream@@3V?$TDB_DerivedMatchName@VVectorStreamGroup@BEE_VectorStream@@@@B
BEE.dll,export,13252 33C3 015EF480 ?StreamName_Vec3D_MATERIAL_OPTIONS_GROUP@BEE_VectorStream@@3V?$TDB_DerivedMatchName@VVec3D_MaterialOptionsStreamGroup@BEE_VectorStream@@@@B
BEE.dll,export,13253 33C4 015EFF40 ?StreamName_WIGGLER_ANCHOR@BEE_VectorStream@@3V?$TDB_DerivedMatchName@V?$TDB_Float2Stream@UBEE_GenericAnchorStreamTraits@@@@@@B
BEE.dll,export,13254 33C5 015EFF10 ?StreamName_WIGGLER_GROUP@BEE_VectorStream@@3V?$TDB_DerivedMatchName@VWigglerStreamGroup@BEE_VectorStream@@@@B
BEE.dll,export,13255 33C6 015EFF50 ?StreamName_WIGGLER_POSITION@BEE_VectorStream@@3V?$TDB_DerivedMatchName@V?$TDB_Float2Stream@UBEE_GenericPositionStreamTraits@@@@@@B
BEE.dll,export,13256 33C7 015EFF70 ?StreamName_WIGGLER_ROTATION@BEE_VectorStream@@3V?$TDB_DerivedMatchName@V?$TDB_FloatStream@U?$BEE_GenericRotationStreamTraitsT@$0CHA@VTDB_DefaultZeroMFloat@@@@@@@@B
BEE.dll,export,13257 33C8 015EFF60 ?StreamName_WIGGLER_SCALE@BEE_VectorStream@@3V?$TDB_DerivedMatchName@V?$TDB_Float2Stream@UBEE_GenericZeroScaleStreamTraits@BEE_VectorStream@@@@@@B
BEE.dll,export,13258 33C9 015EFF30 ?StreamName_WIGGLER_TRANSFORM_GROUP@BEE_VectorStream@@3V?$TDB_DerivedMatchName@VWigglerTransformStreamGroup@BEE_VectorStream@@@@B
BEE.dll,export,13259 33CA 015EFE50 ?StreamName_ZIGZAG_DETAIL@BEE_VectorStream@@3V?$TDB_DerivedMatchName@V?$TDB_FloatStream@UZigzagDetailStreamTraits@BEE_VectorStream@@@@@@B
BEE.dll,export,13260 33CB 015EFE30 ?StreamName_ZIGZAG_GROUP@BEE_VectorStream@@3V?$TDB_DerivedMatchName@VZigzagStreamGroup@BEE_VectorStream@@@@B
BEE.dll,export,13261 33CC 015EFE60 ?StreamName_ZIGZAG_POINTS@BEE_VectorStream@@3V?$TDB_DerivedMatchName@V?$TDB_PopupStream@UZigzagPointsStreamTraits@BEE_VectorStream@@@@@@B
BEE.dll,export,13262 33CD 015EFE40 ?StreamName_ZIGZAG_SIZE@BEE_VectorStream@@3V?$TDB_DerivedMatchName@V?$TDB_FloatStream@UZigzagSizeStreamTraits@BEE_VectorStream@@@@@@B
BEE.dll,export,13265 33D0 006E42A0 ?StreamValueChanged@BEE_VectorLayer@@QEAAXPEBVTDB_StreamBase@@@Z
BEE.dll,export,13287 33E6 000B0A70 ?SupportsDynamicBounds@BEE_VectorLayer@@UEBA_NXZ
BEE.dll,export,13344 341F 006E4690 ?UnregisterStreams@BEE_VectorLayer@@SAXXZ
BEE.dll,export,13428 3473 0009F060 ?UserCanHideAndShowChildren@EllipseStreamGroup@BEE_VectorStream@@UEBA_NAEBVTDB_MatchName@@@Z
BEE.dll,export,13429 3474 0009F070 ?UserCanHideAndShowChildren@FillStreamGroup@BEE_VectorStream@@UEBA_NAEBVTDB_MatchName@@@Z
BEE.dll,export,13430 3475 0009F080 ?UserCanHideAndShowChildren@GradientFillStreamGroup@BEE_VectorStream@@UEBA_NAEBVTDB_MatchName@@@Z
BEE.dll,export,13431 3476 0009F090 ?UserCanHideAndShowChildren@GradientStrokeStreamGroup@BEE_VectorStream@@UEBA_NAEBVTDB_MatchName@@@Z
BEE.dll,export,13433 3478 0009F0A0 ?UserCanHideAndShowChildren@MergePathStreamGroup@BEE_VectorStream@@UEBA_NAEBVTDB_MatchName@@@Z
BEE.dll,export,13434 3479 0009F0B0 ?UserCanHideAndShowChildren@OffsetPathStreamGroup@BEE_VectorStream@@UEBA_NAEBVTDB_MatchName@@@Z
BEE.dll,export,13435 347A 0009F0C0 ?UserCanHideAndShowChildren@PolyStarStreamGroup@BEE_VectorStream@@UEBA_NAEBVTDB_MatchName@@@Z
BEE.dll,export,13436 347B 0009F0D0 ?UserCanHideAndShowChildren@PuckerBloatStreamGroup@BEE_VectorStream@@UEBA_NAEBVTDB_MatchName@@@Z
BEE.dll,export,13437 347C 0009F0E0 ?UserCanHideAndShowChildren@RectStreamGroup@BEE_VectorStream@@UEBA_NAEBVTDB_MatchName@@@Z
BEE.dll,export,13438 347D 0009F0F0 ?UserCanHideAndShowChildren@RepeaterStreamGroup@BEE_VectorStream@@UEBA_NAEBVTDB_MatchName@@@Z
BEE.dll,export,13439 347E 0009F100 ?UserCanHideAndShowChildren@RepeaterTransformStreamGroup@BEE_VectorStream@@UEBA_NAEBVTDB_MatchName@@@Z
BEE.dll,export,13440 347F 0009F110 ?UserCanHideAndShowChildren@RevealPathStreamGroup@BEE_VectorStream@@UEBA_NAEBVTDB_MatchName@@@Z
BEE.dll,export,13442 3481 0009F120 ?UserCanHideAndShowChildren@RoundCornerStreamGroup@BEE_VectorStream@@UEBA_NAEBVTDB_MatchName@@@Z
BEE.dll,export,13443 3482 0009F130 ?UserCanHideAndShowChildren@ShapeStreamGroup@BEE_VectorStream@@UEBA_NAEBVTDB_MatchName@@@Z
BEE.dll,export,13444 3483 0009F140 ?UserCanHideAndShowChildren@StrokeDashesStreamGroup@BEE_VectorStream@@UEBA_NAEBVTDB_MatchName@@@Z
BEE.dll,export,13445 3484 0009F150 ?UserCanHideAndShowChildren@StrokeStreamGroup@BEE_VectorStream@@UEBA_NAEBVTDB_MatchName@@@Z
BEE.dll,export,13446 3485 0009F160 ?UserCanHideAndShowChildren@StrokeTaperStreamGroup@BEE_VectorStream@@UEBA_NAEBVTDB_MatchName@@@Z
BEE.dll,export,13447 3486 0009F170 ?UserCanHideAndShowChildren@StrokeTaperWaveStreamGroup@BEE_VectorStream@@UEBA_NAEBVTDB_MatchName@@@Z
BEE.dll,export,13448 3487 0009F180 ?UserCanHideAndShowChildren@TransformStreamGroup@BEE_VectorStream@@UEBA_NAEBVTDB_MatchName@@@Z
BEE.dll,export,13449 3488 0009F190 ?UserCanHideAndShowChildren@TrimStreamGroup@BEE_VectorStream@@UEBA_NAEBVTDB_MatchName@@@Z
BEE.dll,export,13450 3489 0009F1A0 ?UserCanHideAndShowChildren@TwistStreamGroup@BEE_VectorStream@@UEBA_NAEBVTDB_MatchName@@@Z
BEE.dll,export,13451 348A 0009F1B0 ?UserCanHideAndShowChildren@Vec3D_MaterialOptionsStreamGroup@BEE_VectorStream@@UEBA_NAEBVTDB_MatchName@@@Z
BEE.dll,export,13452 348B 0009F1C0 ?UserCanHideAndShowChildren@VectorStreamGroup@BEE_VectorStream@@UEBA_NAEBVTDB_MatchName@@@Z
BEE.dll,export,13453 348C 0009F1D0 ?UserCanHideAndShowChildren@WigglerTransformStreamGroup@BEE_VectorStream@@UEBA_NAEBVTDB_MatchName@@@Z
BEE.dll,export,13454 348D 0009F1E0 ?UserCanHideAndShowChildren@ZigzagStreamGroup@BEE_VectorStream@@UEBA_NAEBVTDB_MatchName@@@Z
BEE.dll,export,13465 3498 0009F200 ?ValidateCacheAtTime@?$TDB_DerivedStream@UBEE_GradientColorsStreamTraits@@@@UEAAXAEBUT_Time@@@Z
BEE.dll,export,13484 34AB 0009F480 ?ValidateCacheAtTime@?$TDB_DerivedStream@UBlendModeStreamTraits@BEE_VectorStream@@@@UEAAXAEBUT_Time@@@Z
BEE.dll,export,13495 34B6 006D1DD0 ?VerifyGroup@SymbolGroup@BEE_VectorArt@@QEBAXXZ
BEE.dll,export,13501 34BC 006D1E20 ?WalkObjectTree@BEE_VectorArt@@YAXAEAVBaseContainer@1@AEAVShapeTreeWalker@1@@Z
BEE.dll,export,13511 34C6 002D9390 ?Write@BEE_GradientColors@@QEBA?AV?$basic_string@EU?$char_traits@E@std@@U?$STLAllocator@E@allocator@dvacore@@@std@@XZ
BEE.dll,export,13512 34C7 002D94A0 ?Write@BEE_GradientColors@@QEBAXAEAVPropList@proplist@dvacore@@@Z
BEE.dll,export,13513 34C8 002D9540 ?Write@BEE_GradientColors@@QEBAXPEAVSLU_File@@@Z
BEE.dll,export,13514 34C9 002DBF30 ?Write@BEE_GradientColorsStream@@UEBAXPEAVSLU_File@@@Z
BEE.dll,export,13555 34F2 015EF190 ?fProcs@C_AGMDLTranslatePort@@0PEAU_t_NewAGMDLTranslatePortInterface@@EA
BEE.dll,export,13562 34F9 01051810 ?kFinalAGMSafetyLimit@BEE_VectorUtils@@3NB
BEE.dll,export,13585 3510 000B0F30 ?pGetConstSourceItem@BEE_VectorLayer@@UEBAPEBVBEE_Item@@PEBVTDB_ParamBag@@@Z
BEE.dll,export,13593 3518 000B0F40 ?pGetSourceItem@BEE_VectorLayer@@UEAAPEAVBEE_Item@@PEBVTDB_ParamBag@@@Z
BEE.dll,export,13606 3525 000B0F50 ?pSetSourceID@BEE_VectorLayer@@UEAAXH@Z
BEE.dll,export,13612 352B 000B0F60 ?pSetSourceItem@BEE_VectorLayer@@UEAAXPEAVBEE_Item@@@Z
BEE.dll,import,E9F PSLSetLayerVectorStroke
BEE.dll,import,E26 PSLGetLayerVectorStroke
BEE.dll,import,385 ?TXT_SetStyleSheetShouldStroke@@YAX_NV?$U_RCPtr@VTXT_StyleSheet@@VU_RCObject@@@@@Z
BEE.dll,import,335 ?TXT_GetStyleSheetShouldStroke@@YA_NV?$U_RCPtrToConst@VTXT_StyleSheet@@VU_RCObject@@@@@Z
BEE.dll,import,386 ?TXT_SetStyleSheetStrokeColor@@YAXAEBVPF_PixelFloat@@V?$U_RCPtr@VTXT_StyleSheet@@VU_RCObject@@@@@Z
BEE.dll,import,336 ?TXT_GetStyleSheetStrokeColor@@YA?AVPF_PixelFloat@@V?$U_RCPtrToConst@VTXT_StyleSheet@@VU_RCObject@@@@@Z
BEE.dll,import,296 ?SetStrokeOpacity@TXT_GridChar@@QEAAXM@Z
BEE.dll,import,169 ?GetRenderExtent@TXT_GridChar@@QEBA?AUM_FloatRect@@PEBVM_Matrix3@@PEAV?$M_Vector2T@N@@@Z
BEE.dll,import,C ??0COR_PathCollector@@QEAA@NAEAVCAIMBezierPath@BIB_T_MT@@@Z
BEE.dll,import,3A ?COR_CombineAGMPaths@@YA?AVCAGMPath@BIB_T_MT@@AEBV?$vector@VCAGMPath@BIB_T_MT@@V?$allocator@VCAGMPath@BIB_T_MT@@@std@@@std@@_N@Z
BEE.dll,import,4C ?COR_NewAGMPort@@YAXPEBVPF_World@@AEAV?$U_ScAutoPtr@VCAGMRasterPort@BIB_T_MT@@@@@Z
BEE.dll,import,4F ?COR_PlayOutlines@@YAXAEBVCAGMPath@BIB_T_MT@@AEAUCOR_OutlinePlayer@@@Z
BEE.dll,import,4B ?COR_MakeAGMProfile@@YA?AVCAGMColorProfile@BIB_T_MT@@AEBV?$shared_ptr@VCOR_ACE_Profile@@@boost@@@Z
BEE.dll,import,54 ?COR_SetAGMErrorWasReported@@YAXE@Z
BEE.dll,import,41 ?COR_GetAGMErrorWasReported@@YAEXZ
BEE.dll,import,DA ?ShouldWriteForVersion@?$TDB_DerivedStream@UOM_MaskShapeStreamTraits@@@@UEBA_NPEBVSLU_File@@@Z
BEE.dll,import,67 ?GetValue@?$TDB_DerivedStream@UOM_MaskShapeStreamTraits@@@@UEBAPEAVOM_Shape@@AEBUT_Time@@H@Z
BEE.dll,import,68 ?GetValue@?$TDB_DerivedStream@UOM_MaskShapeStreamTraits@@@@UEBAPEAVOM_Shape@@AEBUT_Time@@PEBVTDB_ParamBag@@H@Z
BEE.dll,import,43 ?ExtractCapsuleOverrideValue@?$TDB_DerivedStream@UOM_MaskShapeStreamTraits@@@@UEBAXAEAPEAXAEBUTDB_EvalData@@@Z
BEE.dll,import,3B ?DisposeCapsuleOverrideValue@?$TDB_DerivedStream@UOM_MaskShapeStreamTraits@@@@UEBAXAEAPEAX@Z
BEE.dll,import,6F ?InsertDefaultKey@?$TDB_DerivedStream@UOM_MaskShapeStreamTraits@@@@UEAAXAEBUT_Time@@@Z
BEE.dll,import,37 ?CopyDefaultKey@?$TDB_DerivedStream@UOM_MaskShapeStreamTraits@@@@UEAAXAEBUT_Time@@PEBVTDB_Stream@@@Z
BEE.dll,import,49 ?ForceKeyAtTime@?$TDB_DerivedStream@UOM_MaskShapeStreamTraits@@@@UEAAXAEBUT_Time@@@Z
BEE.dll,import,4E ?GetDefaultValueFromParamDef@?$TDB_DerivedStream@UOM_MaskShapeStreamTraits@@@@UEBAPEAVOM_Shape@@XZ
BEE.dll,import,DF ?ValidateCacheAtTime@?$TDB_DerivedStream@UOM_MaskShapeStreamTraits@@@@UEAAXAEBUT_Time@@@Z
BEE.dll,import,55 ?GetHideDimensionLock@?$TDB_DerivedStream@UOM_MaskShapeStreamTraits@@@@UEBA_NXZ
BEE.dll,import,63 ?GetScaleBasedConstrainment@?$TDB_DerivedStream@UOM_MaskShapeStreamTraits@@@@UEBA_NXZ
BEE.dll,import,48 ?ForceInterpolateAtTime@?$TDB_DerivedStream@UOM_MaskShapeStreamTraits@@@@UEAAXAEBUT_Time@@@Z
BEE.dll,import,46 ?FillInParamDef@?$TDB_DerivedStream@UOM_MaskShapeStreamTraits@@@@UEAAXXZ
BEE.dll,import,79 ?IsSeparationLeader@?$TDB_DerivedStream@UOM_MaskShapeStreamTraits@@@@UEBA_NXZ
BEE.dll,import,75 ?IsCustomValuePointer@?$TDB_DerivedStream@UOM_MaskShapeStreamTraits@@@@UEBA_NXZ
BEE.dll,import,3A ?DisposeCapsuleOverrideValue@?$TDB_DerivedStream@UOM_MaskShapeStreamTraits@@@@UEBAXAEAPEAPEAVOM_Shape@@@Z
BEE.dll,import,14D ?GetNumberOfArrayElements@TDL_VectorArtCollection@@UEAAIXZ
BEE.dll,import,EB ?GetArrayElement@TDL_VectorArtCollection@@UEAAPEAVTDL_Geometry@@I@Z
BEE.dll,import,1EC ?SetDraftQualityMesh@TDL_VectorArtCollection@@UEAAX_N@Z
BEE.dll,import,257 ?Update@TDL_VectorArtCollection@@UEAAXXZ
BEE.dll,import,256 ?Update@TDL_VectorArt@@UEAAXXZ
BEE.dll,import,CF ?CollapseArrayToSingleElement@TDL_VectorArt@@UEBAXPEAVTDL_Geometry@@@Z
BEE.dll,import,A5 ?ApplyPostMatrix3D@TDL_VectorArt@@UEBAXHAEAVM_Matrix4@@@Z
BEE.dll,import,160 ?GetRenderOptions@TDL_VectorArtCollection@@UEBAXAEAVTDL_RenderOptions@@@Z
BEE.dll,import,221 ?SetRenderOptions@TDL_VectorArtCollection@@UEAAXAEBVTDL_RenderOptions@@@Z
BEE.dll,import,191 ?HasArray@TDL_VectorArtCollection@@UEAA_NXZ
BEE.dll,import,D0 ?CollapseArrayToSingleElement@TDL_VectorArtCollection@@UEBAXPEAVTDL_Geometry@@@Z
BEE.dll,import,17D ?GetTotalNumberOfPrimitives@TDL_VectorArtCollection@@UEAAIXZ
BEE.dll,import,A6 ?ApplyPostMatrix3D@TDL_VectorArtCollection@@UEBAXHAEAVM_Matrix4@@@Z
BEE.dll,import,9B ?AdjustPostMatrixCoplanarZ@TDL_VectorArtCollection@@QEAAXM@Z
BEE.dll,import,1B6 ?RecomputeLocalBounds@TDL_VectorArtCollection@@QEAA?AVTDL_Bounds@@XZ
BEE.dll,import,1FF ?SetHoleBevelDepth@TDL_VectorArtCollection@@QEAAXN@Z
BEE.dll,import,1C4 ?SetBevelDirection@TDL_VectorArtCollection@@QEAAXI@Z
BEE.dll,import,1CB ?SetBevelStyle@TDL_VectorArtCollection@@QEAAXJ@Z
BEE.dll,import,1C1 ?SetBevelDepth@TDL_VectorArtCollection@@QEAAXN@Z
BEE.dll,import,1F3 ?SetExtrusionDepth@TDL_VectorArtCollection@@QEAAXN@Z
BEE.dll,import,194 ?InsertVectorArt@TDL_VectorArtCollection@@QEAAXIAEAVTDL_VectorArt@@@Z
BEE.dll,import,99 ?AddVectorArt@TDL_VectorArtCollection@@QEAAXAEAVTDL_VectorArt@@@Z
BEE.dll,import,1A5 ?NumVectorArt@TDL_VectorArtCollection@@QEAAHXZ
BEE.dll,import,5B ??1TDL_VectorArtCollection@@UEAA@XZ
BEE.dll,import,44 ??0TDL_VectorArtCollection@@QEAA@XZ
BEE.dll,import,159 ?GetPostMatrix@TDL_VectorArt@@QEBAXHAEAVM_Matrix3@@@Z
BEE.dll,import,219 ?SetPostMatrix@TDL_VectorArt@@QEAAXAEBVM_Matrix3@@@Z
BEE.dll,import,1A1 ?IsVectorArtVisible@TDL_VectorArt@@SA_NAEBVM_Matrix3@@@Z
BEE.dll,import,19E ?IsRenderable@TDL_VectorArt@@QEAA_NAEBVM_Matrix3@@@Z
BEE.dll,import,5A ??1TDL_VectorArt@@UEAA@XZ
BEE.dll,import,42 ??0TDL_VectorArt@@QEAA@AEBVCAGMPath@BIB_T_MT@@AEBVM_Matrix3@@1_N@Z
BEE.dll,import,C1 ?D_YM_GetProfilePairForAGMPort@@YA?AUD_YM_ProfilePair@@PEAVPIN_SeqSpec@@_NAEBV?$shared_ptr@$$CBVPF_ColorSettings@@@std@@@Z
BEE.dll,import,drawbotagm.dll
BEE.dll,import,DC ?CreateAGMImage@drawbot@dvaui@@YA?AVCAGMImage@BIB_T_MT@@AEBV?$RectT@H@geom@dvacore@@HIPEAXVCAGMColorSpace@4@@Z
COR.dll,export,13    C 0000AC90 ??0COR_PathCollector@@QEAA@NAEAVCAIMBezierPath@BIB_T_MT@@@Z
COR.dll,export,59   3A 0000A070 ?COR_CombineAGMPaths@@YA?AVCAGMPath@BIB_T_MT@@AEBV?$vector@VCAGMPath@BIB_T_MT@@V?$allocator@VCAGMPath@BIB_T_MT@@@std@@@std@@_N@Z
COR.dll,export,66   41 0000C000 ?COR_GetAGMErrorWasReported@@YAEXZ
COR.dll,export,76   4B 00007060 ?COR_MakeAGMProfile@@YA?AVCAGMColorProfile@BIB_T_MT@@AEBV?$shared_ptr@VCOR_ACE_Profile@@@boost@@@Z
COR.dll,export,77   4C 0000A410 ?COR_NewAGMPort@@YAXPEBVPF_World@@AEAV?$U_ScAutoPtr@VCAGMRasterPort@BIB_T_MT@@@@@Z
COR.dll,export,80   4F 0000A5C0 ?COR_PlayOutlines@@YAXAEBVCAGMPath@BIB_T_MT@@AEAUCOR_OutlinePlayer@@@Z
COR.dll,export,81   50 0000A740 ?COR_PlayOutlines@@YAXAEBVCAGMSharedBezierPath@BIB_T_MT@@AEAUCOR_OutlinePlayer@@@Z
COR.dll,export,82   51 0000A860 ?COR_PlayOutlines@@YAXAEBVCAIMBezierPath@BIB_T_MT@@AEAUCOR_OutlinePlayer@@@Z
COR.dll,export,84   53 0000A980 ?COR_SetAGMColor@@YAXPEAVCAGMRasterPort@BIB_T_MT@@AEBVPF_PixelFloat@@@Z
COR.dll,export,85   54 0000C100 ?COR_SetAGMErrorWasReported@@YAXE@Z
COR.dll,export,98   61 00007A70 ?GetAGMErrorWasReported@BIBState@@QEBAEXZ
COR.dll,export,125   7C 00008810 ?SetAGMErrorWasReported@BIBState@@QEAAXE@Z
COR.dll,import,E26 PSLGetLayerVectorStroke
COR.dll,import,E9F PSLSetLayerVectorStroke
drawbotagm.dll,export,Dump of file C:\Program Files\Adobe\Adobe After Effects 2025\Support Files\drawbotagm.dll
drawbotagm.dll,export,Section contains the following exports for drawbotagm.dll
drawbotagm.dll,export,3    2 0000C3C0 ??0AGMBrushInterface@drawbot@dvaui@@QEAA@XZ
drawbotagm.dll,export,4    3 0001CB10 ??0AGMCacheInterface@drawbot@dvaui@@QEAA@AEAVAGMSurfaceInterface@12@VCAGMGraphicGroup@BIB_T_MT@@AEBV?$RectT@M@geom@dvacore@@@Z
drawbotagm.dll,export,5    4 00021530 ??0AGMFontData@drawbot@dvaui@@QEAA@AEBVCCTFontSet@BIB_T_MT@@AEBV?$basic_string@_WU?$char_traits@_W@std@@U?$STLAllocator@_W@allocator@dvacore@@@std@@1_N2@Z
drawbotagm.dll,export,6    5 00021630 ??0AGMFontData@drawbot@dvaui@@QEAA@PEBVResourceManager@utility@2@AEBV?$basic_string@_WU?$char_traits@_W@std@@U?$STLAllocator@_W@allocator@dvacore@@@std@@1_N@Z
drawbotagm.dll,export,7    6 000218C0 ??0AGMFontFallbackSet@drawbot@dvaui@@QEAA@AEBV012@@Z
drawbotagm.dll,export,8    7 00021AA0 ??0AGMFontFallbackSet@drawbot@dvaui@@QEAA@PEAVAGMSupplier@12@AEBVCCTFontSet@BIB_T_MT@@@Z
drawbotagm.dll,export,9    8 00003320 ??0AGMFontInterface@drawbot@dvaui@@QEAA@AEBV012@@Z
drawbotagm.dll,export,10    9 0000C3D0 ??0AGMFontInterface@drawbot@dvaui@@QEAA@PEBVAGMSupplier@12@PEB_W1M@Z
drawbotagm.dll,export,11    A 000033A0 ??0AGMImageBufferInterface@drawbot@dvaui@@QEAA@AEBV012@@Z
drawbotagm.dll,export,12    B 0000CC10 ??0AGMImageBufferInterface@drawbot@dvaui@@QEAA@PEBVAGMSupplier@12@HHHW4PixelLayout@12@PEBXV?$IntrusivePtr@UDataDeleter@drawbot@dvaui@@@RefCountedInterface@utility@dvacore@@@Z
drawbotagm.dll,export,13    C 00003400 ??0AGMImageFileInterface@drawbot@dvaui@@QEAA@AEBV012@@Z
drawbotagm.dll,export,14    D 0000CD60 ??0AGMImageFileInterface@drawbot@dvaui@@QEAA@PEBVAGMSupplier@12@W4ImageFileType@12@PEBXH@Z
drawbotagm.dll,export,15    E 00003470 ??0AGMImageInterface@drawbot@dvaui@@QEAA@AEBV012@@Z
drawbotagm.dll,export,16    F 0000D240 ??0AGMImageInterface@drawbot@dvaui@@QEAA@VCAGMImage@BIB_T_MT@@V?$IntrusivePtr@UDataDeleter@drawbot@dvaui@@@RefCountedInterface@utility@dvacore@@@Z
drawbotagm.dll,export,17   10 0000D2E0 ??0AGMImageInterface@drawbot@dvaui@@QEAA@XZ
drawbotagm.dll,export,18   11 0000D330 ??0AGMLinearGradientBrushInterface@drawbot@dvaui@@QEAA@AEBV?$PointT@M@geom@dvacore@@0AEBV?$vector@VColorRGBA@drawbot@dvaui@@U?$STLAllocator@VColorRGBA@drawbot@dvaui@@@allocator@dvacore@@@std@@AEBV?$vector@MU?$STLAllocator@M@allocator@dvacore@@@7@@Z
drawbotagm.dll,export,19   12 000034F0 ??0AGMPathInterface@drawbot@dvaui@@QEAA@$$QEAV012@@Z
drawbotagm.dll,export,20   13 00003540 ??0AGMPathInterface@drawbot@dvaui@@QEAA@AEBV012@@Z
drawbotagm.dll,export,21   14 0000D3E0 ??0AGMPathInterface@drawbot@dvaui@@QEAA@XZ
drawbotagm.dll,export,22   15 00003590 ??0AGMPenInterface@drawbot@dvaui@@QEAA@$$QEAV012@@Z
drawbotagm.dll,export,23   16 000035C0 ??0AGMPenInterface@drawbot@dvaui@@QEAA@AEBV012@@Z
drawbotagm.dll,export,24   17 0000D470 ??0AGMPenInterface@drawbot@dvaui@@QEAA@AEBVColorRGBA@12@M@Z
drawbotagm.dll,export,25   18 0000D510 ??0AGMRadialGradientBrushInterface@drawbot@dvaui@@QEAA@AEBV?$PointT@M@geom@dvacore@@0AEBV?$vector@VColorRGBA@drawbot@dvaui@@U?$STLAllocator@VColorRGBA@drawbot@dvaui@@@allocator@dvacore@@@std@@AEBV?$vector@MU?$STLAllocator@M@allocator@dvacore@@@7@@Z
drawbotagm.dll,export,26   19 0000D5B0 ??0AGMShaderInterface@drawbot@dvaui@@QEAA@XZ
drawbotagm.dll,export,27   1A 000035F0 ??0AGMSolidBrushInterface@drawbot@dvaui@@QEAA@$$QEAV012@@Z
drawbotagm.dll,export,28   1B 00003650 ??0AGMSolidBrushInterface@drawbot@dvaui@@QEAA@AEBV012@@Z
drawbotagm.dll,export,29   1C 0000D5F0 ??0AGMSolidBrushInterface@drawbot@dvaui@@QEAA@AEBVColorRGBA@12@@Z
drawbotagm.dll,export,30   1D 0000D640 ??0AGMSupplier@drawbot@dvaui@@QEAA@_N@Z
drawbotagm.dll,export,31   1E 0000D890 ??0AGMSurfaceInterface@drawbot@dvaui@@QEAA@PEBUSupplierInterface@12@0HH_N1@Z
drawbotagm.dll,export,32   1F 0000DD60 ??0AGMSurfaceInterface@drawbot@dvaui@@QEAA@PEBUSupplierInterface@12@0PEAUHDC__@@PEAUHRGN__@@_N3@Z
drawbotagm.dll,export,33   20 0000E490 ??0AGMSurfaceInterface@drawbot@dvaui@@QEAA@PEBUSupplierInterface@12@0VCAGMCompositor@BIB_T_MT@@AEBV?$vector@V?$RectT@H@geom@dvacore@@V?$allocator@V?$RectT@H@geom@dvacore@@@std@@@std@@_N33@Z
drawbotagm.dll,export,34   21 0000E960 ??0AGMSurfaceInterface@drawbot@dvaui@@QEAA@PEBUSupplierInterface@12@HHHW4PixelLayout@12@PEAXV?$IntrusivePtr@UDataDeleter@drawbot@dvaui@@@RefCountedInterface@utility@dvacore@@_N@Z
drawbotagm.dll,export,35   22 000036B0 ??0AGMSurfaceP@drawbot@dvaui@@QEAA@PEBUSupplierInterface@12@PEAUHDC__@@PEAUHRGN__@@_N@Z
drawbotagm.dll,export,36   23 00003740 ??0AGMSurfaceP@drawbot@dvaui@@QEAA@PEBUSupplierInterface@12@VCAGMCompositor@BIB_T_MT@@AEBV?$vector@V?$RectT@H@geom@dvacore@@V?$allocator@V?$RectT@H@geom@dvacore@@@std@@@std@@_N3@Z
drawbotagm.dll,export,37   24 000037D0 ??0AGMSurfaceP@drawbot@dvaui@@QEAA@XZ
drawbotagm.dll,export,38   25 000037F0 ??0AGMSurfaceReferenceInterface@drawbot@dvaui@@QEAA@AEBV012@@Z
drawbotagm.dll,export,39   26 0000EB00 ??0AGMSurfaceReferenceInterface@drawbot@dvaui@@QEAA@PEBUSupplierInterface@12@PEAVAGMSurfaceInterface@12@_NPEBV?$RectT@H@geom@dvacore@@@Z
drawbotagm.dll,export,40   27 00021C50 ??0AGMTextDoc@drawbot@dvaui@@QEAA@PEB_WHV?$IntrusivePtr@VAGMFontFallbackSet@drawbot@dvaui@@@RefCountedInterface@utility@dvacore@@V?$IntrusivePtr@VAGMTextDocLocale@drawbot@dvaui@@@456@@Z
drawbotagm.dll,export,41   28 000060A0 ??0DrawbotAGMEditText@controls@dvaui@@QEAA@V?$Flags@I@utility@dvacore@@W4EditTextAlignment@12@@Z
drawbotagm.dll,export,42   29 00006340 ??0DrawbotAGMEditTextItem@controls@dvaui@@QEAA@PEAVDrawbotAGMEditText@12@V?$Flags@I@utility@dvacore@@W4EditTextAlignment@12@@Z
drawbotagm.dll,export,43   2A 00003B10 ??0GradientColors@drawbotagm@dvaui@@QEAA@$$QEAV012@@Z
drawbotagm.dll,export,44   2B 00003BC0 ??0GradientColors@drawbotagm@dvaui@@QEAA@AEBV012@@Z
drawbotagm.dll,export,45   2C 0002DC50 ??0GradientColors@drawbotagm@dvaui@@QEAA@XZ
drawbotagm.dll,export,48   2F 0002F1B0 ??0UI_AGMCompositorView@ui@dvaui@@QEAA@XZ
drawbotagm.dll,export,51   32 0001CE40 ??1AGMCacheInterface@drawbot@dvaui@@UEAA@XZ
drawbotagm.dll,export,52   33 00022640 ??1AGMFontData@drawbot@dvaui@@UEAA@XZ
drawbotagm.dll,export,53   34 00022730 ??1AGMFontFallbackSet@drawbot@dvaui@@UEAA@XZ
drawbotagm.dll,export,54   35 0000F9A0 ??1AGMFontInterface@drawbot@dvaui@@UEAA@XZ
drawbotagm.dll,export,55   36 00004010 ??1AGMImageBufferInterface@drawbot@dvaui@@UEAA@XZ
drawbotagm.dll,export,56   37 00004090 ??1AGMImageFileInterface@drawbot@dvaui@@UEAA@XZ
drawbotagm.dll,export,57   38 00004120 ??1AGMImageInterface@drawbot@dvaui@@UEAA@XZ
drawbotagm.dll,export,58   39 00004170 ??1AGMLinearGradientBrushInterface@drawbot@dvaui@@UEAA@XZ
drawbotagm.dll,export,59   3A 000041C0 ??1AGMPathInterface@drawbot@dvaui@@UEAA@XZ
drawbotagm.dll,export,60   3B 00004200 ??1AGMPenInterface@drawbot@dvaui@@UEAA@XZ
drawbotagm.dll,export,61   3C 00004210 ??1AGMRadialGradientBrushInterface@drawbot@dvaui@@UEAA@XZ
drawbotagm.dll,export,62   3D 00004250 ??1AGMShaderInterface@drawbot@dvaui@@QEAA@XZ
drawbotagm.dll,export,63   3E 00004280 ??1AGMSolidBrushInterface@drawbot@dvaui@@UEAA@XZ
drawbotagm.dll,export,64   3F 0000FA80 ??1AGMSupplier@drawbot@dvaui@@UEAA@XZ
drawbotagm.dll,export,65   40 0000FB50 ??1AGMSurfaceInterface@drawbot@dvaui@@UEAA@XZ
drawbotagm.dll,export,66   41 00004290 ??1AGMSurfaceP@drawbot@dvaui@@UEAA@XZ
drawbotagm.dll,export,67   42 000042B0 ??1AGMSurfaceReferenceInterface@drawbot@dvaui@@UEAA@XZ
drawbotagm.dll,export,68   43 00022810 ??1AGMTextDoc@drawbot@dvaui@@UEAA@XZ
drawbotagm.dll,export,69   44 00006770 ??1DrawbotAGMEditText@controls@dvaui@@UEAA@XZ
drawbotagm.dll,export,70   45 000068A0 ??1DrawbotAGMEditTextItem@controls@dvaui@@UEAA@XZ
drawbotagm.dll,export,71   46 00004390 ??1GradientColors@drawbotagm@dvaui@@QEAA@XZ
drawbotagm.dll,export,73   48 0002F310 ??1UI_AGMCompositorView@ui@dvaui@@UEAA@XZ
drawbotagm.dll,export,74   49 00004410 ??4AGMBrushInterface@drawbot@dvaui@@QEAAAEAV012@$$QEAV012@@Z
drawbotagm.dll,export,75   4A 00004420 ??4AGMBrushInterface@drawbot@dvaui@@QEAAAEAV012@AEBV012@@Z
drawbotagm.dll,export,76   4B 00004430 ??4GradientColors@drawbotagm@dvaui@@QEAAAEAV012@$$QEAV012@@Z
drawbotagm.dll,export,77   4C 00004560 ??4GradientColors@drawbotagm@dvaui@@QEAAAEAV012@AEBV012@@Z
drawbotagm.dll,export,79   4E 0002DD10 ??8GradientColors@drawbotagm@dvaui@@QEBA_NAEBV012@@Z
drawbotagm.dll,export,80   4F 00004660 ??9GradientColors@drawbotagm@dvaui@@QEBA_NAEBV012@@Z
drawbotagm.dll,export,96   5F 000F4D88 ??_7AGMCacheInterface@drawbot@dvaui@@6BRefCountedImplementation@utility@dvacore@@@
drawbotagm.dll,export,97   60 000F4D58 ??_7AGMCacheInterface@drawbot@dvaui@@6BRefCountedInterface@utility@dvacore@@@
drawbotagm.dll,export,98   61 000F4E78 ??_7AGMFontData@drawbot@dvaui@@6BRefCountedImplementation@utility@dvacore@@@
drawbotagm.dll,export,99   62 000F4E98 ??_7AGMFontData@drawbot@dvaui@@6BRefCountedInterface@utility@dvacore@@@
drawbotagm.dll,export,100   63 000F4EC0 ??_7AGMFontFallbackSet@drawbot@dvaui@@6BRefCountedImplementation@utility@dvacore@@@
drawbotagm.dll,export,101   64 000F4EE0 ??_7AGMFontFallbackSet@drawbot@dvaui@@6BRefCountedInterface@utility@dvacore@@@
drawbotagm.dll,export,102   65 000F1FD0 ??_7AGMFontInterface@drawbot@dvaui@@6BRefCountedImplementation@utility@dvacore@@@
drawbotagm.dll,export,103   66 000F1F78 ??_7AGMFontInterface@drawbot@dvaui@@6BRefCountedInterface@utility@dvacore@@@
drawbotagm.dll,export,104   67 000F2070 ??_7AGMImageBufferInterface@drawbot@dvaui@@6BRefCountedImplementation@utility@dvacore@@@
drawbotagm.dll,export,105   68 000F2040 ??_7AGMImageBufferInterface@drawbot@dvaui@@6BRefCountedInterface@utility@dvacore@@@
drawbotagm.dll,export,106   69 000F2020 ??_7AGMImageFileInterface@drawbot@dvaui@@6BRefCountedImplementation@utility@dvacore@@@
drawbotagm.dll,export,107   6A 000F1FF0 ??_7AGMImageFileInterface@drawbot@dvaui@@6BRefCountedInterface@utility@dvacore@@@
drawbotagm.dll,export,108   6B 000F1C38 ??_7AGMImageInterface@drawbot@dvaui@@6BRefCountedImplementation@utility@dvacore@@@
drawbotagm.dll,export,109   6C 000F1C08 ??_7AGMImageInterface@drawbot@dvaui@@6BRefCountedInterface@utility@dvacore@@@
drawbotagm.dll,export,110   6D 000F4628 ??_7AGMLinearGradientBrushInterface@drawbot@dvaui@@6BRefCountedImplementation@utility@dvacore@@@
drawbotagm.dll,export,111   6E 000F4608 ??_7AGMLinearGradientBrushInterface@drawbot@dvaui@@6BRefCountedInterface@utility@dvacore@@@
drawbotagm.dll,export,112   6F 000F1F58 ??_7AGMPathInterface@drawbot@dvaui@@6BRefCountedImplementation@utility@dvacore@@@
drawbotagm.dll,export,113   70 000F1EE8 ??_7AGMPathInterface@drawbot@dvaui@@6BRefCountedInterface@utility@dvacore@@@
drawbotagm.dll,export,114   71 000F1E88 ??_7AGMPenInterface@drawbot@dvaui@@6BRefCountedImplementation@utility@dvacore@@@
drawbotagm.dll,export,115   72 000F1DF0 ??_7AGMPenInterface@drawbot@dvaui@@6BRefCountedInterface@utility@dvacore@@@
drawbotagm.dll,export,116   73 000F4668 ??_7AGMRadialGradientBrushInterface@drawbot@dvaui@@6BRefCountedImplementation@utility@dvacore@@@
drawbotagm.dll,export,117   74 000F4648 ??_7AGMRadialGradientBrushInterface@drawbot@dvaui@@6BRefCountedInterface@utility@dvacore@@@
drawbotagm.dll,export,118   75 000F1EC8 ??_7AGMSolidBrushInterface@drawbot@dvaui@@6BRefCountedImplementation@utility@dvacore@@@
drawbotagm.dll,export,119   76 000F1EA8 ??_7AGMSolidBrushInterface@drawbot@dvaui@@6BRefCountedInterface@utility@dvacore@@@
drawbotagm.dll,export,120   77 000F43D0 ??_7AGMSupplier@drawbot@dvaui@@6BRefCountedImplementation@utility@dvacore@@@
drawbotagm.dll,export,121   78 000F42D8 ??_7AGMSupplier@drawbot@dvaui@@6BRefCountedInterface@utility@dvacore@@@
drawbotagm.dll,export,122   79 000F4568 ??_7AGMSurfaceInterface@drawbot@dvaui@@6BRefCountedImplementation@utility@dvacore@@@
drawbotagm.dll,export,123   7A 000F43F0 ??_7AGMSurfaceInterface@drawbot@dvaui@@6BRefCountedInterface@utility@dvacore@@@
drawbotagm.dll,export,124   7B 000F1BF8 ??_7AGMSurfaceP@drawbot@dvaui@@6B@
drawbotagm.dll,export,125   7C 000F1DD0 ??_7AGMSurfaceReferenceInterface@drawbot@dvaui@@6BRefCountedImplementation@utility@dvacore@@@
drawbotagm.dll,export,126   7D 000F1C58 ??_7AGMSurfaceReferenceInterface@drawbot@dvaui@@6BRefCountedInterface@utility@dvacore@@@
drawbotagm.dll,export,127   7E 000F4F50 ??_7AGMTextDoc@drawbot@dvaui@@6BRefCountedImplementation@utility@dvacore@@@
drawbotagm.dll,export,128   7F 000F4F70 ??_7AGMTextDoc@drawbot@dvaui@@6BRefCountedInterface@utility@dvacore@@@
drawbotagm.dll,export,129   80 000F31A0 ??_7DrawbotAGMEditText@controls@dvaui@@6B@
drawbotagm.dll,export,130   81 000F3098 ??_7DrawbotAGMEditText@controls@dvaui@@6BAccessibleObject@accessibility@2@@
drawbotagm.dll,export,131   82 000F3378 ??_7DrawbotAGMEditText@controls@dvaui@@6BISizedComponent@12@@
drawbotagm.dll,export,132   83 000F3368 ??_7DrawbotAGMEditText@controls@dvaui@@6BInvalidateComponent@ui@2@@
drawbotagm.dll,export,133   84 000F3348 ??_7DrawbotAGMEditText@controls@dvaui@@6BRefCountedInterface@utility@dvacore@@@
drawbotagm.dll,export,134   85 000F2A98 ??_7DrawbotAGMEditText@controls@dvaui@@6BRefCountedObjectWithWeakPtr@utility@dvacore@@@
drawbotagm.dll,export,135   86 000F2F50 ??_7DrawbotAGMEditText@controls@dvaui@@6BSkinSetOwner@ui@2@@
drawbotagm.dll,export,136   87 000F2F30 ??_7DrawbotAGMEditText@controls@dvaui@@6BThemeOwner@ui@2@@
drawbotagm.dll,export,137   88 000F2F70 ??_7DrawbotAGMEditText@controls@dvaui@@6BThemeProvider@ui@2@@
drawbotagm.dll,export,138   89 000F3008 ??_7DrawbotAGMEditText@controls@dvaui@@6BUI_DNAReplacementModel@12@@
drawbotagm.dll,export,139   8A 000F3068 ??_7DrawbotAGMEditText@controls@dvaui@@6BUI_DragDropHandler@ui@2@@
drawbotagm.dll,export,140   8B 000F3018 ??_7DrawbotAGMEditText@controls@dvaui@@6BUI_NodeBase@ui@2@@
drawbotagm.dll,export,141   8C 000F39B0 ??_7DrawbotAGMEditTextItem@controls@dvaui@@6BAccessibleObject@accessibility@2@@
drawbotagm.dll,export,142   8D 000F3AD8 ??_7DrawbotAGMEditTextItem@controls@dvaui@@6BInvalidateComponent@ui@2@@
drawbotagm.dll,export,143   8E 000F3AB8 ??_7DrawbotAGMEditTextItem@controls@dvaui@@6BRefCountedInterface@utility@dvacore@@@
drawbotagm.dll,export,144   8F 000F33B8 ??_7DrawbotAGMEditTextItem@controls@dvaui@@6BRefCountedObjectWithWeakPtr@utility@dvacore@@@
drawbotagm.dll,export,145   90 000F3868 ??_7DrawbotAGMEditTextItem@controls@dvaui@@6BSkinSetOwner@ui@2@@
drawbotagm.dll,export,146   91 000F3848 ??_7DrawbotAGMEditTextItem@controls@dvaui@@6BThemeOwner@ui@2@@
drawbotagm.dll,export,147   92 000F3888 ??_7DrawbotAGMEditTextItem@controls@dvaui@@6BThemeProvider@ui@2@@
drawbotagm.dll,export,148   93 000F3920 ??_7DrawbotAGMEditTextItem@controls@dvaui@@6BUI_DNAReplacementModel@12@@
drawbotagm.dll,export,149   94 000F3980 ??_7DrawbotAGMEditTextItem@controls@dvaui@@6BUI_DragDropHandler@ui@2@@
drawbotagm.dll,export,150   95 000F3930 ??_7DrawbotAGMEditTextItem@controls@dvaui@@6BUI_NodeBase@ui@2@@
drawbotagm.dll,export,152   97 000F5CE0 ??_7UI_AGMCompositorView@ui@dvaui@@6B@
drawbotagm.dll,export,153   98 000F5BD8 ??_7UI_AGMCompositorView@ui@dvaui@@6BAccessibleObject@accessibility@2@@
drawbotagm.dll,export,154   99 000F5E10 ??_7UI_AGMCompositorView@ui@dvaui@@6BInvalidateComponent@12@@
drawbotagm.dll,export,155   9A 000F5DF0 ??_7UI_AGMCompositorView@ui@dvaui@@6BRefCountedInterface@utility@dvacore@@@
drawbotagm.dll,export,156   9B 000F5638 ??_7UI_AGMCompositorView@ui@dvaui@@6BRefCountedObjectWithWeakPtr@utility@dvacore@@@
drawbotagm.dll,export,157   9C 000F5A90 ??_7UI_AGMCompositorView@ui@dvaui@@6BSkinSetOwner@12@@
drawbotagm.dll,export,158   9D 000F5A70 ??_7UI_AGMCompositorView@ui@dvaui@@6BThemeOwner@12@@
drawbotagm.dll,export,159   9E 000F5AB0 ??_7UI_AGMCompositorView@ui@dvaui@@6BThemeProvider@12@@
drawbotagm.dll,export,160   9F 000F5B48 ??_7UI_AGMCompositorView@ui@dvaui@@6BUI_DNAReplacementModel@controls@2@@
drawbotagm.dll,export,161   A0 000F5BA8 ??_7UI_AGMCompositorView@ui@dvaui@@6BUI_DragDropHandler@12@@
drawbotagm.dll,export,162   A1 000F5B58 ??_7UI_AGMCompositorView@ui@dvaui@@6BUI_NodeBase@12@@
drawbotagm.dll,export,163   A2 000F4EB0 ??_8AGMFontData@drawbot@dvaui@@7B@
drawbotagm.dll,export,164   A3 000F4EF8 ??_8AGMFontFallbackSet@drawbot@dvaui@@7B@
drawbotagm.dll,export,165   A4 000F4F88 ??_8AGMTextDoc@drawbot@dvaui@@7B@
drawbotagm.dll,export,166   A5 000F33A0 ??_8DrawbotAGMEditText@controls@dvaui@@7BSizedComponent@12@@
drawbotagm.dll,export,167   A6 000F3390 ??_8DrawbotAGMEditText@controls@dvaui@@7BUI_InteractiveControlView@12@@
drawbotagm.dll,export,168   A7 000F3AE0 ??_8DrawbotAGMEditTextItem@controls@dvaui@@7B@
drawbotagm.dll,export,169   A8 000F5E18 ??_8UI_AGMCompositorView@ui@dvaui@@7B@
drawbotagm.dll,export,170   A9 00004690 ??_DAGMFontData@drawbot@dvaui@@QEAAXXZ
drawbotagm.dll,export,171   AA 000046A0 ??_DAGMFontFallbackSet@drawbot@dvaui@@QEAAXXZ
drawbotagm.dll,export,172   AB 000046B0 ??_DAGMTextDoc@drawbot@dvaui@@QEAAXXZ
drawbotagm.dll,export,173   AC 00006C30 ??_DDrawbotAGMEditText@controls@dvaui@@QEAAXXZ
drawbotagm.dll,export,174   AD 00006C40 ??_DDrawbotAGMEditTextItem@controls@dvaui@@QEAAXXZ
drawbotagm.dll,export,175   AE 0002F450 ??_DUI_AGMCompositorView@ui@dvaui@@QEAAXXZ
drawbotagm.dll,export,177   B0 00004DA0 ??_FAGMSupplier@drawbot@dvaui@@QEAAXXZ
drawbotagm.dll,export,180   B3 0002E0C0 ?AddAlphaStop@GradientColors@drawbotagm@dvaui@@QEAAXAEBV?$GradientStopT@M$00@23@@Z
drawbotagm.dll,export,181   B4 00011260 ?AddArc@AGMPathInterface@drawbot@dvaui@@UEAAXAEBV?$PointT@M@geom@dvacore@@MMM@Z
drawbotagm.dll,export,182   B5 0002E0D0 ?AddDefaultAlphaStop@GradientColors@drawbotagm@dvaui@@QEAA?AV?$GradientStopT@M$00@23@M@Z
drawbotagm.dll,export,183   B6 0002E0F0 ?AddDefaultRGBStop@GradientColors@drawbotagm@dvaui@@QEAA?AV?$GradientStopT@VColorRGBA@drawbot@dvaui@@$02@23@M@Z
drawbotagm.dll,export,184   B7 000230C0 ?AddFont@AGMFontFallbackSet@drawbot@dvaui@@QEAAXV?$IntrusivePtr@VAGMFontData@drawbot@dvaui@@@RefCountedInterface@utility@dvacore@@@Z
drawbotagm.dll,export,185   B8 00023200 ?AddFontForFallbackGroup@AGMFontFallbackSet@drawbot@dvaui@@QEAAXW4CTS_TLEF_Fg@@PEBUCTS_AGL_Locale_@@V?$IntrusivePtr@VAGMFontData@drawbot@dvaui@@@RefCountedInterface@utility@dvacore@@@Z
drawbotagm.dll,export,186   B9 000232A0 ?AddFontForScript@AGMFontFallbackSet@drawbot@dvaui@@QEAAXW4CTS_AGL_Script@@PEBUCTS_AGL_Locale_@@V?$IntrusivePtr@VAGMFontData@drawbot@dvaui@@@RefCountedInterface@utility@dvacore@@@Z
drawbotagm.dll,export,187   BA 00023340 ?AddFontFromCTSCreatedFont@AGMFontFallbackSet@drawbot@dvaui@@QEAAXV?$IntrusivePtr@VAGMFontData@drawbot@dvaui@@@RefCountedInterface@utility@dvacore@@@Z
drawbotagm.dll,export,188   BB 0002E110 ?AddRGBStop@GradientColors@drawbotagm@dvaui@@QEAAXAEBV?$GradientStopT@VColorRGBA@drawbot@dvaui@@$02@23@@Z
drawbotagm.dll,export,189   BC 000119C0 ?AddRect@AGMPathInterface@drawbot@dvaui@@UEAAXAEBV?$RectT@H@geom@dvacore@@@Z
drawbotagm.dll,export,190   BD 00011A30 ?AddRect@AGMPathInterface@drawbot@dvaui@@UEAAXAEBV?$RectT@M@geom@dvacore@@@Z
drawbotagm.dll,export,191   BE 00007280 ?AppendText@DrawbotAGMEditText@controls@dvaui@@UEAAXAEBV?$basic_string@EU?$char_traits@E@std@@U?$STLAllocator@E@allocator@dvacore@@@std@@@Z
drawbotagm.dll,export,192   BF 00007320 ?AppendText@DrawbotAGMEditText@controls@dvaui@@UEAAXAEBV?$basic_string@_WU?$char_traits@_W@std@@U?$STLAllocator@_W@allocator@dvacore@@@std@@@Z
drawbotagm.dll,export,193   C0 00007370 ?AppendText@DrawbotAGMEditTextItem@controls@dvaui@@QEAAXAEBV?$basic_string@_WU?$char_traits@_W@std@@U?$STLAllocator@_W@allocator@dvacore@@@std@@@Z
drawbotagm.dll,export,194   C1 0001D360 ?ApplyClip@SurfaceStateData@drawbot@dvaui@@QEAAXVCAGMPath@BIB_T_MT@@@Z
drawbotagm.dll,export,195   C2 00011B40 ?ApplyClipToStack@AGMSurfaceInterface@drawbot@dvaui@@AEAAXVCAGMPath@BIB_T_MT@@@Z
drawbotagm.dll,export,197   C4 00011C20 ?ApplyTransformToStack@AGMSurfaceInterface@drawbot@dvaui@@AEAAXAEBV?$MatrixT@M@geom@dvacore@@@Z
drawbotagm.dll,export,198   C5 00011DC0 ?BezierTo@AGMPathInterface@drawbot@dvaui@@UEAAXAEBV?$PointT@M@geom@dvacore@@00@Z
drawbotagm.dll,export,199   C6 000074B0 ?CanCopy@DrawbotAGMEditText@controls@dvaui@@UEBA_NXZ
drawbotagm.dll,export,200   C7 000074D0 ?CanCopy@DrawbotAGMEditTextItem@controls@dvaui@@QEBA_NXZ
drawbotagm.dll,export,201   C8 000074E0 ?CanCut@DrawbotAGMEditText@controls@dvaui@@UEBA_NXZ
drawbotagm.dll,export,202   C9 00007500 ?CanCut@DrawbotAGMEditTextItem@controls@dvaui@@QEBA_NXZ
drawbotagm.dll,export,203   CA 00007510 ?CanDelete@DrawbotAGMEditText@controls@dvaui@@UEBA_NXZ
drawbotagm.dll,export,204   CB 00007530 ?CanDelete@DrawbotAGMEditTextItem@controls@dvaui@@QEBA_NXZ
drawbotagm.dll,export,205   CC 000075A0 ?CanPaste@DrawbotAGMEditText@controls@dvaui@@UEBA_NXZ
drawbotagm.dll,export,206   CD 000075C0 ?CanPaste@DrawbotAGMEditTextItem@controls@dvaui@@QEBA_NXZ
drawbotagm.dll,export,207   CE 000075D0 ?CanRedo@DrawbotAGMEditText@controls@dvaui@@UEBA_NXZ
drawbotagm.dll,export,208   CF 000075F0 ?CanRedo@DrawbotAGMEditTextItem@controls@dvaui@@QEBA_NXZ
drawbotagm.dll,export,209   D0 00007600 ?CanUndo@DrawbotAGMEditText@controls@dvaui@@UEBA_NXZ
drawbotagm.dll,export,210   D1 00007620 ?CanUndo@DrawbotAGMEditTextItem@controls@dvaui@@QEBA_NXZ
drawbotagm.dll,export,211   D2 00012040 ?Clip@AGMSurfaceInterface@drawbot@dvaui@@UEAAXAEBUPathInterface@23@W4FillType@23@@Z
drawbotagm.dll,export,214   D5 00012170 ?Close@AGMPathInterface@drawbot@dvaui@@UEAAXXZ
drawbotagm.dll,export,216   D7 00012210 ?ConstructAGMGradient@AGMShaderInterface@drawbot@dvaui@@AEAAXW4AGMGradientType@@AEBV?$vector@VColorRGBA@drawbot@dvaui@@U?$STLAllocator@VColorRGBA@drawbot@dvaui@@@allocator@dvacore@@@std@@AEBV?$vector@MU?$STLAllocator@M@allocator@dvacore@@@6@@Z
drawbotagm.dll,export,217   D8 000124D0 ?ConstructAGMGradient@AGMShaderInterface@drawbot@dvaui@@IEAAXW4AGMGradientType@@AEBV?$PointT@M@geom@dvacore@@1AEBV?$vector@VColorRGBA@drawbot@dvaui@@U?$STLAllocator@VColorRGBA@drawbot@dvaui@@@allocator@dvacore@@@std@@AEBV?$vector@MU?$STLAllocator@M@allocator@dvacore@@@9@@Z
drawbotagm.dll,export,218   D9 0001D810 ?ConstructChangeArea@drawbot@dvaui@@YA?AVCAGMChangedArea@BIB_T_MT@@AEBV?$vector@V?$RectT@H@geom@dvacore@@V?$allocator@V?$RectT@H@geom@dvacore@@@std@@@std@@@Z
drawbotagm.dll,export,219   DA 00007670 ?Copy@DrawbotAGMEditText@controls@dvaui@@UEAAXXZ
drawbotagm.dll,export,220   DB 00007680 ?Copy@DrawbotAGMEditTextItem@controls@dvaui@@QEAAXXZ
drawbotagm.dll,export,221   DC 0001D8F0 ?CreateAGMImage@drawbot@dvaui@@YA?AVCAGMImage@BIB_T_MT@@AEBV?$RectT@H@geom@dvacore@@HIPEAXVCAGMColorSpace@4@@Z
drawbotagm.dll,export,222   DD 00012B20 ?CreateAGMOffscreen@AGMSurfaceInterface@drawbot@dvaui@@AEAAXHHHW4PixelLayout@23@PEAXV?$IntrusivePtr@UDataDeleter@drawbot@dvaui@@@RefCountedInterface@utility@dvacore@@@Z
drawbotagm.dll,export,223   DE 00023630 ?CreateAGMTextDocLocale@drawbot@dvaui@@YA?AV?$IntrusivePtr@VAGMTextDocLocale@drawbot@dvaui@@@RefCountedInterface@utility@dvacore@@XZ
drawbotagm.dll,export,224   DF 00007690 ?CreateAGMTextEdit@controls@dvaui@@YAXV?$Flags@I@utility@dvacore@@W4EditTextAlignment@12@PEAVUI_Node@ui@2@AEAV?$IntrusivePtr@VUI_Node@ui@dvaui@@@RefCountedInterface@45@AEAPEAVOS_EditText@12@@Z
drawbotagm.dll,export,225   E0 00023750 ?CreateDefaultFontFallbackSet@drawbot@dvaui@@YA?AV?$IntrusivePtr@VAGMFontFallbackSet@drawbot@dvaui@@@RefCountedInterface@utility@dvacore@@PEAVAGMSupplier@12@AEBVCCTFontSet@BIB_T_MT@@@Z
drawbotagm.dll,export,226   E1 00007860 ?Cut@DrawbotAGMEditText@controls@dvaui@@UEAAXXZ
drawbotagm.dll,export,227   E2 00007870 ?Cut@DrawbotAGMEditTextItem@controls@dvaui@@QEAAXXZ
drawbotagm.dll,export,228   E3 00007880 ?Delete@DrawbotAGMEditText@controls@dvaui@@UEAAXXZ
drawbotagm.dll,export,229   E4 00007890 ?Delete@DrawbotAGMEditTextItem@controls@dvaui@@QEAAXXZ
drawbotagm.dll,export,230   E5 000052A0 ?DetachFromSurface@AGMCacheInterface@drawbot@dvaui@@QEAAXXZ
drawbotagm.dll,export,231   E6 00026DD0 ?Dispose@AGMFontData@drawbot@dvaui@@AEAAXXZ
drawbotagm.dll,export,232   E7 0002F5C0 ?Draw@UI_AGMCompositorView@ui@dvaui@@UEBAXAEBV?$vector@V?$RectT@H@geom@dvacore@@V?$allocator@V?$RectT@H@geom@dvacore@@@std@@@std@@@Z
drawbotagm.dll,export,233   E8 00012CB0 ?DrawAGMImage@AGMSurfaceInterface@drawbot@dvaui@@AEAAXVCAGMImage@BIB_T_MT@@M@Z
drawbotagm.dll,export,234   E9 0002F750 ?DrawBackgroundAndChildren@UI_AGMCompositorView@ui@dvaui@@IEBAXPEAVDrawbot@drawbot@3@@Z
drawbotagm.dll,export,235   EA 00012F10 ?DrawCache@AGMSurfaceInterface@drawbot@dvaui@@UEAAXAEBUCacheInterface@23@@Z
drawbotagm.dll,export,236   EB 00013060 ?DrawGraphicsToOffscreen@AGMSurfaceInterface@drawbot@dvaui@@QEAAXVCAGMGraphicGroup@BIB_T_MT@@PEBH@Z
drawbotagm.dll,export,237   EC 00013B90 ?DrawImageImpl@AGMSurfaceInterface@drawbot@dvaui@@MEAAXAEBUImageInterface@23@AEBV?$PointT@M@geom@dvacore@@M@Z
drawbotagm.dll,export,238   ED 00013D10 ?DrawMultiLineStringImpl@AGMSurfaceInterface@drawbot@dvaui@@MEAAXAEBUBrushInterface@23@AEBUFontInterface@23@PEB_WAEBV?$RectT@M@geom@dvacore@@W4TextAlignment@23@@Z
drawbotagm.dll,export,239   EE 0002F7D0 ?DrawOpenGL@UI_AGMCompositorView@ui@dvaui@@UEBAXXZ
drawbotagm.dll,export,240   EF 00013D60 ?DrawStringImpl@AGMSurfaceInterface@drawbot@dvaui@@MEAAXAEBUBrushInterface@23@AEBUFontInterface@23@PEB_WAEBV?$PointT@M@geom@dvacore@@W4TextAlignment@23@@Z
drawbotagm.dll,export,241   F0 00013D90 ?DrawStringImpl_Helper@AGMSurfaceInterface@drawbot@dvaui@@AEAAXAEBUBrushInterface@23@AEBUFontInterface@23@PEB_WAEBV?$PointT@M@geom@dvacore@@W4TextAlignment@23@M@Z
drawbotagm.dll,export,242   F1 000145F0 ?DrawToOffscreen@AGMSurfaceInterface@drawbot@dvaui@@AEAAXXZ
drawbotagm.dll,export,243   F2 00014670 ?DrawVectorGraphics@AGMSurfaceInterface@drawbot@dvaui@@AEAAX_NVCAGMPath@BIB_T_MT@@VCAGMPaint@5@@Z
drawbotagm.dll,export,244   F3 00014840 ?DumpArtwork@AGMSurfaceInterface@drawbot@dvaui@@AEAAXXZ
drawbotagm.dll,export,245   F4 00015380 ?FillPath@AGMSurfaceInterface@drawbot@dvaui@@UEAAXAEBUBrushInterface@23@AEBUPathInterface@23@W4FillType@23@@Z
drawbotagm.dll,export,246   F5 000271A0 ?FindFontFromCTS@AGMFontFallbackSet@drawbot@dvaui@@QEBA?AV?$IntrusivePtr@VAGMFontData@drawbot@dvaui@@@RefCountedInterface@utility@dvacore@@PEAUCTS_FCM_Font_@@@Z
drawbotagm.dll,export,247   F6 00027220 ?FindFontFromCTSCreatedFont@AGMFontFallbackSet@drawbot@dvaui@@QEAA?AV?$IntrusivePtr@VAGMFontData@drawbot@dvaui@@@RefCountedInterface@utility@dvacore@@AEBV?$basic_string@_WU?$char_traits@_W@std@@U?$STLAllocator@_W@allocator@dvacore@@@std@@0@Z
drawbotagm.dll,export,248   F7 00015550 ?Flush@AGMSurfaceInterface@drawbot@dvaui@@UEAAXXZ
drawbotagm.dll,export,249   F8 000155C0 ?FlushCompositorToScreen@AGMSurfaceInterface@drawbot@dvaui@@AEAAXXZ
drawbotagm.dll,export,250   F9 00015B70 ?FlushOffscreenToScreen@AGMSurfaceInterface@drawbot@dvaui@@AEAAXXZ
drawbotagm.dll,export,252   FB 0002E130 ?GetAGMGradient@drawbotagm@dvaui@@YAXW4AGMGradientType@@W4AGMExtendType@@_NAEBV?$multiset@V?$GradientStopT@M$00@drawbotagm@dvaui@@U?$less@V?$GradientStopT@M$00@drawbotagm@dvaui@@@std@@V?$allocator@V?$GradientStopT@M$00@drawbotagm@dvaui@@@5@@std@@AEAU?$ScopedDeleter@PEAVAGMGradient@@$1?AGMGradientDispose@drawbotagm@dvaui@@YAXPEAV1@@Z@utility@dvacore@@@Z
drawbotagm.dll,export,253   FC 0002E140 ?GetAGMGradient@drawbotagm@dvaui@@YAXW4AGMGradientType@@W4AGMExtendType@@_NAEBV?$multiset@V?$GradientStopT@VColorRGBA@drawbot@dvaui@@$02@drawbotagm@dvaui@@U?$less@V?$GradientStopT@VColorRGBA@drawbot@dvaui@@$02@drawbotagm@dvaui@@@std@@V?$allocator@V?$GradientStopT@VColorRGBA@drawbot@dvaui@@$02@drawbotagm@dvaui@@@5@@std@@AEAU?$ScopedDeleter@PEAVAGMGradient@@$1?AGMGradientDispose@drawbotagm@dvaui@@YAXPEAV1@@Z@utility@dvacore@@@Z
drawbotagm.dll,export,254   FD 0002E150 ?GetAGMGradient@drawbotagm@dvaui@@YAXW4AGMGradientType@@W4AGMExtendType@@_NAEBV?$multiset@V?$GradientStopT@VColorRGBA@drawbot@dvaui@@$03@drawbotagm@dvaui@@U?$less@V?$GradientStopT@VColorRGBA@drawbot@dvaui@@$03@drawbotagm@dvaui@@@std@@V?$allocator@V?$GradientStopT@VColorRGBA@drawbot@dvaui@@$03@drawbotagm@dvaui@@@5@@std@@AEAU?$ScopedDeleter@PEAVAGMGradient@@$1?AGMGradientDispose@drawbotagm@dvaui@@YAXPEAV1@@Z@utility@dvacore@@@Z
drawbotagm.dll,export,255   FE 000052F0 ?GetAGMImage@AGMImageInterface@drawbot@dvaui@@QEBA?AVCAGMImage@BIB_T_MT@@XZ
drawbotagm.dll,export,256   FF 0001DD10 ?GetAGMPaintFromColor@drawbot@dvaui@@YA?AVCAGMPaint@BIB_T_MT@@AEBVColorRGBA@12@@Z
drawbotagm.dll,export,257  100 00016060 ?GetAGMStrokeParams@AGMPenInterface@drawbot@dvaui@@QEBA?AU_t_AGMStrokeParameters@BIB_T_MT@@AEAV?$vector@MV?$allocator@M@std@@@std@@@Z
drawbotagm.dll,export,258  101 0002E160 ?GetAlphaStops@GradientColors@drawbotagm@dvaui@@QEAAAEAV?$multiset@V?$GradientStopT@M$00@drawbotagm@dvaui@@U?$less@V?$GradientStopT@M$00@drawbotagm@dvaui@@@std@@V?$allocator@V?$GradientStopT@M$00@drawbotagm@dvaui@@@5@@std@@XZ
drawbotagm.dll,export,259  102 0002E170 ?GetAlphaStops@GradientColors@drawbotagm@dvaui@@QEBAAEBV?$multiset@V?$GradientStopT@M$00@drawbotagm@dvaui@@U?$less@V?$GradientStopT@M$00@drawbotagm@dvaui@@@std@@V?$allocator@V?$GradientStopT@M$00@drawbotagm@dvaui@@@5@@std@@XZ
drawbotagm.dll,export,260  103 00016470 ?GetAntiAliasPolicy@AGMSurfaceInterface@drawbot@dvaui@@UEBA?AW4AntiAliasPolicy@23@XZ
drawbotagm.dll,export,262  105 000164A0 ?GetAscent@AGMFontInterface@drawbot@dvaui@@UEBAMXZ
drawbotagm.dll,export,263  106 00005330 ?GetBaseFontStyleName@AGMFontFallbackSet@drawbot@dvaui@@QEBAAEBV?$basic_string@_WU?$char_traits@_W@std@@U?$STLAllocator@_W@allocator@dvacore@@@std@@XZ
drawbotagm.dll,export,264  107 00005340 ?GetCTFontDict@AGMFontData@drawbot@dvaui@@QEBA?AVCCTFontDict@BIB_T_MT@@XZ
drawbotagm.dll,export,265  108 00016530 ?GetCTFontSet@AGMSupplier@drawbot@dvaui@@QEBA?AVCCTFontSet@BIB_T_MT@@XZ
drawbotagm.dll,export,266  109 000053B0 ?GetCTSFallbackFontSet@AGMFontFallbackSet@drawbot@dvaui@@QEBAPEAUCTS_TLEF_FallbackFontSet_@@XZ
drawbotagm.dll,export,267  10A 000053C0 ?GetCTSFont@AGMFontData@drawbot@dvaui@@QEBAPEAUCTS_FCM_Font_@@XZ
drawbotagm.dll,export,268  10B 00027450 ?GetCTSLocale@AGMTextDoc@drawbot@dvaui@@AEBAPEBUCTS_AGL_Locale_@@XZ
drawbotagm.dll,export,271  10E 000274D0 ?GetCharFont@AGMTextDoc@drawbot@dvaui@@QEBA?AV?$IntrusivePtr@VAGMFontData@drawbot@dvaui@@@RefCountedInterface@utility@dvacore@@HH@Z
drawbotagm.dll,export,272  10F 00027610 ?GetCharPosition@AGMTextDoc@drawbot@dvaui@@QEBA?AV?$PointT@M@geom@dvacore@@HH@Z
drawbotagm.dll,export,273  110 000165A0 ?GetClipBounds@AGMSurfaceInterface@drawbot@dvaui@@UEBA?AV?$RectT@H@geom@dvacore@@XZ
drawbotagm.dll,export,274  111 0001DE00 ?GetClipPath@SurfaceStateData@drawbot@dvaui@@QEBA?AVCAGMPath@BIB_T_MT@@XZ
drawbotagm.dll,export,275  112 00016A20 ?GetColor@AGMSolidBrushInterface@drawbot@dvaui@@QEBA?AVColorRGBA@23@XZ
drawbotagm.dll,export,276  113 00016A40 ?GetColorAGMPaint@AGMShaderInterface@drawbot@dvaui@@QEBA?AVCAGMPaint@BIB_T_MT@@XZ
drawbotagm.dll,export,277  114 0002E180 ?GetColorStops@GradientColors@drawbotagm@dvaui@@QEAAAEAV?$multiset@V?$GradientStopT@VColorRGBA@drawbot@dvaui@@$02@drawbotagm@dvaui@@U?$less@V?$GradientStopT@VColorRGBA@drawbot@dvaui@@$02@drawbotagm@dvaui@@@std@@V?$allocator@V?$GradientStopT@VColorRGBA@drawbot@dvaui@@$02@drawbotagm@dvaui@@@5@@std@@XZ
drawbotagm.dll,export,278  115 0002E190 ?GetColorStops@GradientColors@drawbotagm@dvaui@@QEBAAEBV?$multiset@V?$GradientStopT@VColorRGBA@drawbot@dvaui@@$02@drawbotagm@dvaui@@U?$less@V?$GradientStopT@VColorRGBA@drawbot@dvaui@@$02@drawbotagm@dvaui@@@std@@V?$allocator@V?$GradientStopT@VColorRGBA@drawbot@dvaui@@$02@drawbotagm@dvaui@@@5@@std@@XZ
drawbotagm.dll,export,279  116 00016A80 ?GetDescent@AGMFontInterface@drawbot@dvaui@@UEBAMXZ
drawbotagm.dll,export,280  117 00007910 ?GetEditParent@DrawbotAGMEditTextItem@controls@dvaui@@IEAAPEAVDrawbotAGMEditText@23@XZ
drawbotagm.dll,export,281  118 00007920 ?GetEditParent@DrawbotAGMEditTextItem@controls@dvaui@@IEBAPEBVDrawbotAGMEditText@23@XZ
drawbotagm.dll,export,282  119 00005470 ?GetFamilyName@AGMFontData@drawbot@dvaui@@QEBA?BV?$basic_string@_WU?$char_traits@_W@std@@U?$STLAllocator@_W@allocator@dvacore@@@std@@XZ
drawbotagm.dll,export,283  11A 00027960 ?GetFont@AGMFontData@drawbot@dvaui@@SAPEAV123@PEAX@Z
drawbotagm.dll,export,284  11B 00005490 ?GetFontCache@AGMSupplier@drawbot@dvaui@@QEBAAEAV?$map@VAGMFontCacheKey@drawbot@dvaui@@VAGMFontCacheValue@23@U?$less@VAGMFontCacheKey@drawbot@dvaui@@@std@@V?$allocator@U?$pair@$$CBVAGMFontCacheKey@drawbot@dvaui@@VAGMFontCacheValue@23@@std@@@6@@std@@XZ
drawbotagm.dll,export,285  11C 00016B10 ?GetFontData@AGMFontInterface@drawbot@dvaui@@QEBA?AV?$IntrusivePtr@VAGMFontData@drawbot@dvaui@@@RefCountedInterface@utility@dvacore@@XZ
drawbotagm.dll,export,286  11D 000279A0 ?GetFontDesciptor@AGMFontData@drawbot@dvaui@@AEAA?AVFontDescriptor@123@AEBV?$basic_string@_WU?$char_traits@_W@std@@U?$STLAllocator@_W@allocator@dvacore@@@std@@0_N@Z
drawbotagm.dll,export,287  11E 00016B50 ?GetFontFallbackSet@AGMSupplier@drawbot@dvaui@@QEBA?AV?$IntrusivePtr@VAGMFontFallbackSet@drawbot@dvaui@@@RefCountedInterface@utility@dvacore@@XZ
drawbotagm.dll,export,288  11F 00027AC0 ?GetFontMetrics@AGMFontData@drawbot@dvaui@@QEBAXAEAM00@Z
drawbotagm.dll,export,289  120 00016B90 ?GetFontMetrics@AGMFontInterface@drawbot@dvaui@@AEBAXAEAM00@Z
drawbotagm.dll,export,290  121 00016C70 ?GetFontName@AGMFontInterface@drawbot@dvaui@@UEBA?AV?$basic_string@_WU?$char_traits@_W@std@@U?$STLAllocator@_W@allocator@dvacore@@@std@@XZ
drawbotagm.dll,export,291  122 000054A0 ?GetGraphicGroup@AGMCacheInterface@drawbot@dvaui@@QEBA?AVCAGMGraphicGroup@BIB_T_MT@@XZ
drawbotagm.dll,export,292  123 00016CA0 ?GetGraphicsToOffscreenTransform@AGMSurfaceInterface@drawbot@dvaui@@AEBA?AV?$MatrixT@M@geom@dvacore@@XZ
drawbotagm.dll,export,293  124 00016D70 ?GetHeight@AGMImageInterface@drawbot@dvaui@@UEBAHXZ
drawbotagm.dll,export,294  125 00016DB0 ?GetImplementationName@AGMSupplier@drawbot@dvaui@@SA?AVImmutableString@utility@dvacore@@XZ
drawbotagm.dll,export,295  126 00016E60 ?GetInsertionGroup@AGMSurfaceInterface@drawbot@dvaui@@QEAA?AVCAGMGraphicGroup@BIB_T_MT@@XZ
drawbotagm.dll,export,296  127 0001DE40 ?GetInsertionGroup@SurfaceStateData@drawbot@dvaui@@QEBA?AVCAGMGraphicGroup@BIB_T_MT@@XZ
drawbotagm.dll,export,297  128 00016EA0 ?GetInterpolationPolicy@AGMSurfaceInterface@drawbot@dvaui@@UEBA?AW4InterpolationPolicy@23@XZ
drawbotagm.dll,export,299  12A 000054E0 ?GetIsDefaultStyle@AGMFontData@drawbot@dvaui@@QEBA_NXZ
drawbotagm.dll,export,300  12B 00007930 ?GetItem@DrawbotAGMEditText@controls@dvaui@@IEAAPEAVDrawbotAGMEditTextItem@23@XZ
drawbotagm.dll,export,301  12C 00007AC0 ?GetItem@DrawbotAGMEditText@controls@dvaui@@IEBAPEBVDrawbotAGMEditTextItem@23@XZ
drawbotagm.dll,export,302  12D 00016ED0 ?GetLeading@AGMFontInterface@drawbot@dvaui@@UEBAMXZ
drawbotagm.dll,export,303  12E 000054F0 ?GetLeading@AGMTextDoc@drawbot@dvaui@@QEBAMXZ
drawbotagm.dll,export,304  12F 00027BB0 ?GetLineBounds@AGMTextDoc@drawbot@dvaui@@QEBA?AV?$RectT@M@geom@dvacore@@H@Z
drawbotagm.dll,export,305  130 000280D0 ?GetLineCharOffset@AGMTextDoc@drawbot@dvaui@@QEBA?AV?$PointT@M@geom@dvacore@@H@Z
drawbotagm.dll,export,306  131 00007C50 ?GetLineCount@DrawbotAGMEditTextItem@controls@dvaui@@UEBAHXZ
drawbotagm.dll,export,307  132 000281F0 ?GetLineData@AGMTextDoc@drawbot@dvaui@@QEBAAEBVLineData@123@H@Z
drawbotagm.dll,export,308  133 00028240 ?GetLineText@AGMTextDoc@drawbot@dvaui@@QEBAXHAEAVCCTTextList@BIB_T_MT@@@Z
drawbotagm.dll,export,309  134 00028AB0 ?GetLineWidth@AGMTextDoc@drawbot@dvaui@@QEBAMH@Z
drawbotagm.dll,export,310  135 00016F60 ?GetLocalRootGroup@AGMSurfaceInterface@drawbot@dvaui@@QEAA?AVCAGMGraphicGroup@BIB_T_MT@@XZ
drawbotagm.dll,export,311  136 0001E380 ?GetLocalRootGroup@SurfaceStateData@drawbot@dvaui@@QEBA?AVCAGMGraphicGroup@BIB_T_MT@@XZ
drawbotagm.dll,export,313  138 00028B10 ?GetMaxLineWidth@AGMTextDoc@drawbot@dvaui@@QEBAMXZ
drawbotagm.dll,export,314  139 00016FA0 ?GetName@AGMSupplier@drawbot@dvaui@@UEBA?AVImmutableString@utility@dvacore@@XZ
drawbotagm.dll,export,315  13A 00028BE0 ?GetNextTabStop@AGMTextDoc@drawbot@dvaui@@CAHPEBUCTS_TLE_Tabulator@@NPEAUCTS_TLE_TabStop@@@Z
drawbotagm.dll,export,318  13D 00016FC0 ?GetNonConstOutputSurface@AGMSurfaceInterface@drawbot@dvaui@@UEAAPEAUSurfaceInterface@23@XZ
drawbotagm.dll,export,319  13E 00028C40 ?GetNumChars@AGMTextDoc@drawbot@dvaui@@QEBAHXZ
drawbotagm.dll,export,320  13F 00028CF0 ?GetNumLines@AGMTextDoc@drawbot@dvaui@@QEBAHXZ
drawbotagm.dll,export,321  140 00005530 ?GetOSSupplier@AGMSupplier@drawbot@dvaui@@QEBAPEAUSupplierInterface@23@XZ
drawbotagm.dll,export,322  141 00016FE0 ?GetOffscreenBounds@AGMSurfaceInterface@drawbot@dvaui@@AEBA?AV?$RectT@M@geom@dvacore@@XZ
drawbotagm.dll,export,323  142 000170E0 ?GetOffscreenGraphicsBounds@AGMSurfaceInterface@drawbot@dvaui@@AEBA?AV?$RectT@H@geom@dvacore@@XZ
drawbotagm.dll,export,324  143 000170F0 ?GetOffscreenGraphicsOrigin@AGMSurfaceInterface@drawbot@dvaui@@AEBA?AV?$PointT@H@geom@dvacore@@XZ
drawbotagm.dll,export,325  144 00017110 ?GetOffscreenToSurfaceTransform@AGMSurfaceInterface@drawbot@dvaui@@AEBA?AV?$MatrixT@M@geom@dvacore@@XZ
drawbotagm.dll,export,326  145 000171E0 ?GetOutputClipRects@AGMSurfaceInterface@drawbot@dvaui@@UEBAXPEAV?$vector@V?$RectT@H@geom@dvacore@@V?$allocator@V?$RectT@H@geom@dvacore@@@std@@@std@@@Z
drawbotagm.dll,export,327  146 00017280 ?GetOutputSupplier@AGMSurfaceInterface@drawbot@dvaui@@UEBAPEBUSupplierInterface@23@XZ
drawbotagm.dll,export,328  147 000172A0 ?GetOutputSurface@AGMSurfaceInterface@drawbot@dvaui@@UEBAPEBUSurfaceInterface@23@XZ
drawbotagm.dll,export,329  148 000172C0 ?GetOutputTransform@AGMSurfaceInterface@drawbot@dvaui@@UEBAXPEAV?$MatrixT@M@geom@dvacore@@@Z
drawbotagm.dll,export,333  14C 00007C80 ?GetPastedString@DrawbotAGMEditText@controls@dvaui@@UEBA?AV?$basic_string@_WU?$char_traits@_W@std@@U?$STLAllocator@_W@allocator@dvacore@@@std@@XZ
drawbotagm.dll,export,334  14D 00017330 ?GetPathData@AGMPathInterface@drawbot@dvaui@@QEBA?AVCAIMBezierPath@BIB_T_MT@@XZ
drawbotagm.dll,export,335  14E 0002E1A0 ?GetRenderGuid@GradientColors@drawbotagm@dvaui@@QEBA?AVGuid@utility@dvacore@@XZ
drawbotagm.dll,export,336  14F 0002F7F0 ?GetRenderType@UI_AGMCompositorView@ui@dvaui@@QEBA?AW4AGMRendererType@BIB_T_MT@@XZ
drawbotagm.dll,export,337  150 00007CB0 ?GetSelection@DrawbotAGMEditText@controls@dvaui@@UEBA?AU?$pair@_K_K@std@@XZ
drawbotagm.dll,export,338  151 00007CE0 ?GetSelection@DrawbotAGMEditTextItem@controls@dvaui@@QEBA?AU?$pair@_K_K@std@@XZ
drawbotagm.dll,export,339  152 00017350 ?GetSize@AGMFontInterface@drawbot@dvaui@@UEBAMXZ
drawbotagm.dll,export,340  153 00005550 ?GetStyleName@AGMFontData@drawbot@dvaui@@QEBA?BV?$basic_string@_WU?$char_traits@_W@std@@U?$STLAllocator@_W@allocator@dvacore@@@std@@XZ
drawbotagm.dll,export,341  154 0001E400 ?GetSurface@AGMCacheInterface@drawbot@dvaui@@UEBAPEAUSurfaceInterface@23@XZ
drawbotagm.dll,export,342  155 00017360 ?GetSurfaceImage@AGMSurfaceInterface@drawbot@dvaui@@UEAA?AV?$IntrusivePtr@UImageInterface@drawbot@dvaui@@@RefCountedInterface@utility@dvacore@@XZ
drawbotagm.dll,export,343  156 000174C0 ?GetSurfacePortOptions@AGMSurfaceInterface@drawbot@dvaui@@AEBAIXZ
drawbotagm.dll,export,344  157 000174D0 ?GetSurfaceStackData@AGMSurfaceInterface@drawbot@dvaui@@AEBAAEBVSurfaceStateData@23@XZ
drawbotagm.dll,export,345  158 00007CF0 ?GetText@DrawbotAGMEditText@controls@dvaui@@UEBA?AV?$basic_string@_WU?$char_traits@_W@std@@U?$STLAllocator@_W@allocator@dvacore@@@std@@XZ
drawbotagm.dll,export,346  159 00007D20 ?GetText@DrawbotAGMEditTextItem@controls@dvaui@@QEBA?AV?$basic_string@_WU?$char_traits@_W@std@@U?$STLAllocator@_W@allocator@dvacore@@@std@@XZ
drawbotagm.dll,export,347  15A 00017500 ?GetTextDisplayPolicy@AGMSurfaceInterface@drawbot@dvaui@@UEBA?AW4TextDisplayPolicy@23@XZ
drawbotagm.dll,export,349  15C 00017530 ?GetTextDocLocale@AGMSupplier@drawbot@dvaui@@QEBA?AV?$IntrusivePtr@VAGMTextDocLocale@drawbot@dvaui@@@RefCountedInterface@utility@dvacore@@XZ
drawbotagm.dll,export,350  15D 00028D60 ?GetTextList@AGMTextDoc@drawbot@dvaui@@QEBA?AVCCTTextList@BIB_T_MT@@XZ
drawbotagm.dll,export,351  15E 0001E420 ?GetTotalClipPath@SurfaceStateData@drawbot@dvaui@@QEBA?AVCAGMPath@BIB_T_MT@@XZ
drawbotagm.dll,export,353  160 00017570 ?GetTransform@AGMSurfaceInterface@drawbot@dvaui@@AEBA?AV?$MatrixT@M@geom@dvacore@@_N@Z
drawbotagm.dll,export,354  161 000175B0 ?GetTransform@AGMSurfaceInterface@drawbot@dvaui@@UEBAXPEAV?$MatrixT@M@geom@dvacore@@@Z
drawbotagm.dll,export,356  163 00017620 ?GetTransformToScreen@AGMSurfaceInterface@drawbot@dvaui@@UEBAXPEAV?$MatrixT@M@geom@dvacore@@@Z
drawbotagm.dll,export,357  164 000178C0 ?GetWidth@AGMImageInterface@drawbot@dvaui@@UEBAHXZ
drawbotagm.dll,export,359  166 00017900 ?InitStateStack@AGMSurfaceInterface@drawbot@dvaui@@AEAAXXZ
drawbotagm.dll,export,360  167 00017AE0 ?InitializeDynamicLibrary@drawbotagm@dvaui@@YAXXZ
drawbotagm.dll,export,361  168 00017B10 ?InitializeTextEngine@AGMSupplier@drawbot@dvaui@@QEAAXXZ
drawbotagm.dll,export,362  169 00017B20 ?InstallApplicationFont@AGMSupplier@drawbot@dvaui@@AEAAXXZ
drawbotagm.dll,export,363  16A 00017D20 ?InstallResourceFont@AGMSupplier@drawbot@dvaui@@AEAAXPEBVResourceManager@utility@3@AEBV?$basic_string@_WU?$char_traits@_W@std@@U?$STLAllocator@_W@allocator@dvacore@@@std@@1_N@Z
drawbotagm.dll,export,364  16B 00018090 ?IsApplicationFontInstalled@AGMSupplier@drawbot@dvaui@@AEBA_NXZ
drawbotagm.dll,export,365  16C 000180A0 ?IsColorEmojiEnabled@drawbotagm@dvaui@@YA_NXZ
drawbotagm.dll,export,366  16D 00018200 ?IsDynamicLibraryInitialized@drawbotagm@dvaui@@YA_NXZ
drawbotagm.dll,export,367  16E 00018210 ?IsEmpty@AGMPathInterface@drawbot@dvaui@@QEBA_NXZ
drawbotagm.dll,export,368  16F 00018390 ?IsPenDown@AGMPathInterface@drawbot@dvaui@@QEBA_NXZ
drawbotagm.dll,export,369  170 0001F010 ?IsValid@AGMCacheInterface@drawbot@dvaui@@UEBA_NAEBUSurfaceInterface@23@AEBV?$RectT@M@geom@dvacore@@@Z
drawbotagm.dll,export,370  171 000290A0 ?IsValid@AGMFontData@drawbot@dvaui@@QEBA_NXZ
drawbotagm.dll,export,371  172 000183C0 ?IsWithinClipBounds@AGMSurfaceInterface@drawbot@dvaui@@UEBA_NAEBV?$RectT@H@geom@dvacore@@@Z
drawbotagm.dll,export,372  173 0002F800 ?Layout@UI_AGMCompositorView@ui@dvaui@@IEAAXAEBV?$RectT@M@geom@dvacore@@@Z
drawbotagm.dll,export,373  174 000290C0 ?LayoutText@AGMTextDoc@drawbot@dvaui@@QEAAXW4TextAlignment@23@M_N@Z
drawbotagm.dll,export,374  175 00018670 ?LineTo@AGMPathInterface@drawbot@dvaui@@UEAAXAEBV?$PointT@M@geom@dvacore@@@Z
drawbotagm.dll,export,375  176 00029660 ?LoadCTSFont@AGMFontData@drawbot@dvaui@@AEAAXAEBVFontDescriptor@123@@Z
drawbotagm.dll,export,376  177 000297E0 ?LoadCoolType@AGMFontData@drawbot@dvaui@@AEAAXAEBVCCTFontSet@BIB_T_MT@@AEBVFontDescriptor@123@@Z
drawbotagm.dll,export,377  178 00029A80 ?LoadFont@AGMFontData@drawbot@dvaui@@AEAAXAEBVCCTFontSet@BIB_T_MT@@AEBV?$basic_string@_WU?$char_traits@_W@std@@U?$STLAllocator@_W@allocator@dvacore@@@std@@1_N2@Z
drawbotagm.dll,export,378  179 00029E50 ?LoadFontFromMemory@AGMFontData@drawbot@dvaui@@AEAAXXZ
drawbotagm.dll,export,379  17A 0002F8C0 ?MakeNewContext@UI_AGMCompositorView@ui@dvaui@@IEAAXW4AGMRendererType@BIB_T_MT@@@Z
drawbotagm.dll,export,380  17B 00018710 ?MeasureMultiLineStringHeight@AGMFontInterface@drawbot@dvaui@@UEBAMPEB_WMH@Z
drawbotagm.dll,export,381  17C 00018B70 ?MeasureMultiLineStringHeight@AGMSurfaceInterface@drawbot@dvaui@@UEAAMAEBUFontInterface@23@PEB_WMH@Z
drawbotagm.dll,export,382  17D 00018B90 ?MeasureStringWidth@AGMFontInterface@drawbot@dvaui@@UEBAMPEB_WH@Z
drawbotagm.dll,export,383  17E 00018EF0 ?MeasureStringWidth@AGMSurfaceInterface@drawbot@dvaui@@UEAAMAEBUFontInterface@23@PEB_WH@Z
drawbotagm.dll,export,384  17F 0002E230 ?MixInGradientStops@drawbotagm@dvaui@@YAXAEBV?$multiset@V?$GradientStopT@M$00@drawbotagm@dvaui@@U?$less@V?$GradientStopT@M$00@drawbotagm@dvaui@@@std@@V?$allocator@V?$GradientStopT@M$00@drawbotagm@dvaui@@@5@@std@@AEAV?$MixHashGuidT@UMurmur3MixerState@utility@dvacore@@@utility@dvacore@@@Z
drawbotagm.dll,export,385  180 0002E240 ?MixInGradientStops@drawbotagm@dvaui@@YAXAEBV?$multiset@V?$GradientStopT@VColorRGBA@drawbot@dvaui@@$02@drawbotagm@dvaui@@U?$less@V?$GradientStopT@VColorRGBA@drawbot@dvaui@@$02@drawbotagm@dvaui@@@std@@V?$allocator@V?$GradientStopT@VColorRGBA@drawbot@dvaui@@$02@drawbotagm@dvaui@@@5@@std@@AEAV?$MixHashGuidT@UMurmur3MixerState@utility@dvacore@@@utility@dvacore@@@Z
drawbotagm.dll,export,386  181 0002E250 ?MixInGradientStops@drawbotagm@dvaui@@YAXAEBV?$multiset@V?$GradientStopT@VColorRGBA@drawbot@dvaui@@$03@drawbotagm@dvaui@@U?$less@V?$GradientStopT@VColorRGBA@drawbot@dvaui@@$03@drawbotagm@dvaui@@@std@@V?$allocator@V?$GradientStopT@VColorRGBA@drawbot@dvaui@@$03@drawbotagm@dvaui@@@5@@std@@AEAV?$MixHashGuidT@UMurmur3MixerState@utility@dvacore@@@utility@dvacore@@@Z
drawbotagm.dll,export,387  182 00018F10 ?MoveTo@AGMPathInterface@drawbot@dvaui@@UEAAXAEBV?$PointT@M@geom@dvacore@@@Z
drawbotagm.dll,export,388  183 00018FC0 ?NeedsFlush@AGMSurfaceInterface@drawbot@dvaui@@AEAAXXZ
drawbotagm.dll,export,389  184 00005590 ?New@AGMSurfaceP@drawbot@dvaui@@QEAAXPEBUSupplierInterface@23@PEAUHDC__@@PEAUHRGN__@@_N@Z
drawbotagm.dll,export,390  185 00005610 ?New@AGMSurfaceP@drawbot@dvaui@@QEAAXPEBUSupplierInterface@23@VCAGMCompositor@BIB_T_MT@@AEBV?$vector@V?$RectT@H@geom@dvacore@@V?$allocator@V?$RectT@H@geom@dvacore@@@std@@@std@@_N3@Z
drawbotagm.dll,export,391  186 000190A0 ?NewAGMSupplier@drawbot@dvaui@@YAPEAUSupplierInterface@12@_N@Z
drawbotagm.dll,export,392  187 000190E0 ?NewBrush@AGMSupplier@drawbot@dvaui@@UEBAPEAUBrushInterface@23@AEBVColorRGBA@23@@Z
drawbotagm.dll,export,393  188 00019160 ?NewFont@AGMSupplier@drawbot@dvaui@@UEBAPEAUFontInterface@23@PEB_W0M@Z
drawbotagm.dll,export,394  189 00019420 ?NewImageFromBuffer@AGMSupplier@drawbot@dvaui@@UEBAPEAUImageInterface@23@HHHW4PixelLayout@23@PEBXV?$IntrusivePtr@UDataDeleter@drawbot@dvaui@@@RefCountedInterface@utility@dvacore@@@Z
drawbotagm.dll,export,395  18A 000194F0 ?NewImageFromFile@AGMSupplier@drawbot@dvaui@@UEBAPEAUImageInterface@23@W4ImageFileType@23@PEBX_K@Z
drawbotagm.dll,export,396  18B 00019590 ?NewLinearShader@AGMSupplier@drawbot@dvaui@@UEBAPEAULinearShaderInterface@23@AEBV?$PointT@M@geom@dvacore@@0AEBV?$vector@VColorRGBA@drawbot@dvaui@@U?$STLAllocator@VColorRGBA@drawbot@dvaui@@@allocator@dvacore@@@std@@AEBV?$vector@MU?$STLAllocator@M@allocator@dvacore@@@9@@Z
drawbotagm.dll,export,397  18C 00019600 ?NewPNGImageFromFile@AGMSupplier@drawbot@dvaui@@UEBAPEAUImageInterface@23@AEBVFile@filesupport@dvacore@@@Z
drawbotagm.dll,export,398  18D 00019740 ?NewPNGImageFromFile@AGMSupplier@drawbot@dvaui@@UEBAPEAUImageInterface@23@PEBVResourceManager@utility@3@AEBV?$basic_string@_WU?$char_traits@_W@std@@U?$STLAllocator@_W@allocator@dvacore@@@std@@@Z
drawbotagm.dll,export,399  18E 00019850 ?NewPath@AGMSupplier@drawbot@dvaui@@UEBAPEAUPathInterface@23@XZ
drawbotagm.dll,export,400  18F 00019880 ?NewPen@AGMSupplier@drawbot@dvaui@@UEBAPEAUPenInterface@23@AEBVColorRGBA@23@M@Z
drawbotagm.dll,export,401  190 000198D0 ?NewRadialShader@AGMSupplier@drawbot@dvaui@@UEBAPEAURadialShaderInterface@23@AEBV?$PointT@M@geom@dvacore@@0AEBV?$vector@VColorRGBA@drawbot@dvaui@@U?$STLAllocator@VColorRGBA@drawbot@dvaui@@@allocator@dvacore@@@std@@AEBV?$vector@MU?$STLAllocator@M@allocator@dvacore@@@9@@Z
drawbotagm.dll,export,402  191 00019940 ?NewSurface@AGMSupplier@drawbot@dvaui@@UEBAPEAUSurfaceInterface@23@PEAUHDC__@@PEAUHRGN__@@_N2@Z
drawbotagm.dll,export,403  192 000199C0 ?NewSurface@AGMSupplier@drawbot@dvaui@@UEBAPEAUSurfaceInterface@23@VCAGMCompositor@BIB_T_MT@@AEBV?$vector@V?$RectT@H@geom@dvacore@@V?$allocator@V?$RectT@H@geom@dvacore@@@std@@@std@@_N2@Z
drawbotagm.dll,export,404  193 00019A70 ?NewSurfaceImage@AGMSupplier@drawbot@dvaui@@UEBAPEAUSurfaceInterface@23@HH_N@Z
drawbotagm.dll,export,405  194 00019AE0 ?NewSurfaceImageFromBuffer@AGMSupplier@drawbot@dvaui@@UEBAPEAUSurfaceInterface@23@HHHW4PixelLayout@23@PEAXV?$IntrusivePtr@UDataDeleter@drawbot@dvaui@@@RefCountedInterface@utility@dvacore@@@Z
drawbotagm.dll,export,406  195 00019BB0 ?NewSurfaceReference@AGMSupplier@drawbot@dvaui@@UEBAPEAUSurfaceInterface@23@PEAU423@_NPEBV?$RectT@H@geom@dvacore@@@Z
drawbotagm.dll,export,407  196 00019C70 ?PaintRect@AGMSurfaceInterface@drawbot@dvaui@@UEAAXAEBVColorRGBA@23@AEBV?$RectT@M@geom@dvacore@@@Z
drawbotagm.dll,export,408  197 00007D50 ?Paste@DrawbotAGMEditText@controls@dvaui@@UEAAXXZ
drawbotagm.dll,export,409  198 00007D60 ?Paste@DrawbotAGMEditTextItem@controls@dvaui@@QEAAXXZ
drawbotagm.dll,export,410  199 00019F00 ?PopCacheStack@AGMSurfaceInterface@drawbot@dvaui@@UEAAXV?$IntrusivePtr@UCacheInterface@drawbot@dvaui@@@RefCountedInterface@utility@dvacore@@W4CachePreference@23@@Z
drawbotagm.dll,export,411  19A 00019FB0 ?PopStateStack@AGMSurfaceInterface@drawbot@dvaui@@UEAAXXZ
drawbotagm.dll,export,412  19B 000056C0 ?PrefersPixelLayoutBGRA@AGMSupplier@drawbot@dvaui@@UEBA_NXZ
drawbotagm.dll,export,413  19C 000056D0 ?PrefersToCacheAggressively@AGMSupplier@drawbot@dvaui@@UEBA_NXZ
drawbotagm.dll,export,414  19D 0001A060 ?PrepareForDrawing@AGMSurfaceInterface@drawbot@dvaui@@AEAAXXZ
drawbotagm.dll,export,415  19E 0001A070 ?PushCacheStack@AGMSurfaceInterface@drawbot@dvaui@@UEAA?AV?$IntrusivePtr@UCacheInterface@drawbot@dvaui@@@RefCountedInterface@utility@dvacore@@AEBV?$RectT@M@geom@7@W4CachePreference@23@@Z
drawbotagm.dll,export,416  19F 0001A290 ?PushStateStack@AGMSurfaceInterface@drawbot@dvaui@@UEAAXXZ
drawbotagm.dll,export,418  1A1 00007D70 ?Redo@DrawbotAGMEditText@controls@dvaui@@UEAAXXZ
drawbotagm.dll,export,419  1A2 00007D80 ?Redo@DrawbotAGMEditTextItem@controls@dvaui@@QEAAXXZ
drawbotagm.dll,export,420  1A3 0002E3B0 ?RemoveAlphaStop@GradientColors@drawbotagm@dvaui@@QEAAXAEBV?$GradientStopT@M$00@23@@Z
drawbotagm.dll,export,421  1A4 0002E3C0 ?RemoveRGBStop@GradientColors@drawbotagm@dvaui@@QEAAXAEBV?$GradientStopT@VColorRGBA@drawbot@dvaui@@$02@23@@Z
drawbotagm.dll,export,422  1A5 00007DC0 ?ReplaceSelection@DrawbotAGMEditText@controls@dvaui@@UEAAXPEB_W@Z
drawbotagm.dll,export,423  1A6 00007DD0 ?ReplaceSelection@DrawbotAGMEditTextItem@controls@dvaui@@QEAAXPEB_W@Z
drawbotagm.dll,export,425  1A8 00007DE0 ?ScrollTo@DrawbotAGMEditText@controls@dvaui@@UEAAXW4EditTextScroll@23@@Z
drawbotagm.dll,export,426  1A9 00007E10 ?ScrollTo@DrawbotAGMEditTextItem@controls@dvaui@@UEAAXW4EditTextScroll@23@@Z
drawbotagm.dll,export,427  1AA 00007E20 ?ScrollToBegin@DrawbotAGMEditText@controls@dvaui@@UEAAXXZ
drawbotagm.dll,export,428  1AB 00007E80 ?ScrollToEnd@DrawbotAGMEditText@controls@dvaui@@UEAAXXZ
drawbotagm.dll,export,429  1AC 00007EE0 ?ScrollToLine@DrawbotAGMEditTextItem@controls@dvaui@@UEAAXH@Z
drawbotagm.dll,export,430  1AD 00007EF0 ?SelectAll@DrawbotAGMEditText@controls@dvaui@@UEAAXXZ
drawbotagm.dll,export,431  1AE 00007F00 ?SelectAll@DrawbotAGMEditTextItem@controls@dvaui@@QEAAXXZ
drawbotagm.dll,export,432  1AF 00007F10 ?SendTextEditAction@DrawbotAGMEditText@controls@dvaui@@MEAAXW4TextEditAction@23@@Z
drawbotagm.dll,export,433  1B0 0001A590 ?SetAntiAliasPolicy@AGMSurfaceInterface@drawbot@dvaui@@UEAAXW4AntiAliasPolicy@23@@Z
drawbotagm.dll,export,435  1B2 000058F0 ?SetBaseFontStyleName@AGMFontFallbackSet@drawbot@dvaui@@QEAAXAEBV?$basic_string@_WU?$char_traits@_W@std@@U?$STLAllocator@_W@allocator@dvacore@@@std@@@Z
drawbotagm.dll,export,436  1B3 0001F140 ?SetCacheData@SurfaceStateData@drawbot@dvaui@@QEAAXVCAGMGraphicGroup@BIB_T_MT@@AEBV?$RectT@M@geom@dvacore@@@Z
drawbotagm.dll,export,437  1B4 00007F30 ?SetColors@DrawbotAGMEditText@controls@dvaui@@UEAAXAEBVColorRGBA@drawbot@3@0@Z
drawbotagm.dll,export,438  1B5 00007FA0 ?SetFont@DrawbotAGMEditText@controls@dvaui@@UEAAXPEB_WMPEBV?$basic_string@_WU?$char_traits@_W@std@@U?$STLAllocator@_W@allocator@dvacore@@@std@@@Z
drawbotagm.dll,export,439  1B6 00007FF0 ?SetFont@DrawbotAGMEditTextItem@controls@dvaui@@QEAAXPEB_WMPEBV?$basic_string@_WU?$char_traits@_W@std@@U?$STLAllocator@_W@allocator@dvacore@@@std@@@Z
drawbotagm.dll,export,440  1B7 0001A650 ?SetInterpolationPolicy@AGMSurfaceInterface@drawbot@dvaui@@UEAAXW4InterpolationPolicy@23@@Z
drawbotagm.dll,export,442  1B9 00005B40 ?SetIsDefaultStyle@AGMFontData@drawbot@dvaui@@QEAAX_N@Z
drawbotagm.dll,export,443  1BA 00005B50 ?SetLeading@AGMTextDoc@drawbot@dvaui@@QEAAXM@Z
drawbotagm.dll,export,444  1BB 0001F1D0 ?SetLocalRootGroup@SurfaceStateData@drawbot@dvaui@@QEAAXVCAGMGraphicGroup@BIB_T_MT@@_N@Z
drawbotagm.dll,export,446  1BD 00008270 ?SetMargins@DrawbotAGMEditText@controls@dvaui@@UEAAXHHHH@Z
drawbotagm.dll,export,447  1BE 000082B0 ?SetMargins@DrawbotAGMEditTextItem@controls@dvaui@@QEAAXHHHH@Z
drawbotagm.dll,export,448  1BF 000082C0 ?SetMaximumCharacters@DrawbotAGMEditText@controls@dvaui@@UEBAXI@Z
drawbotagm.dll,export,449  1C0 000082F0 ?SetMaximumCharacters@DrawbotAGMEditTextItem@controls@dvaui@@UEBAXI@Z
drawbotagm.dll,export,450  1C1 0002A4C0 ?SetMonospacedText@AGMTextDoc@drawbot@dvaui@@AEAAXXZ
drawbotagm.dll,export,451  1C2 00008300 ?SetPasswordMode@DrawbotAGMEditTextItem@controls@dvaui@@MEAAX_N_W@Z
drawbotagm.dll,export,452  1C3 00008310 ?SetPlaceHolderText@DrawbotAGMEditText@controls@dvaui@@UEAAXAEBV?$basic_string@_WU?$char_traits@_W@std@@U?$STLAllocator@_W@allocator@dvacore@@@std@@@Z
drawbotagm.dll,export,453  1C4 00008320 ?SetPlaceHolderText@DrawbotAGMEditText@controls@dvaui@@UEAAXAEBV?$basic_string@_WU?$char_traits@_W@std@@U?$STLAllocator@_W@allocator@dvacore@@@std@@AEBVColorRGBA@drawbot@3@M@Z
drawbotagm.dll,export,454  1C5 00008330 ?SetPlaceHolderText@DrawbotAGMEditTextItem@controls@dvaui@@QEAAXAEBV?$basic_string@_WU?$char_traits@_W@std@@U?$STLAllocator@_W@allocator@dvacore@@@std@@@Z
drawbotagm.dll,export,455  1C6 00008340 ?SetPlaceHolderText@DrawbotAGMEditTextItem@controls@dvaui@@QEAAXAEBV?$basic_string@_WU?$char_traits@_W@std@@U?$STLAllocator@_W@allocator@dvacore@@@std@@AEBVColorRGBA@drawbot@3@M@Z
drawbotagm.dll,export,456  1C7 00008350 ?SetReadOnlyMode@DrawbotAGMEditText@controls@dvaui@@UEAAX_N@Z
drawbotagm.dll,export,457  1C8 000083A0 ?SetReadOnlyMode@DrawbotAGMEditTextItem@controls@dvaui@@MEAAX_N@Z
drawbotagm.dll,export,458  1C9 0002FA50 ?SetRenderType@UI_AGMCompositorView@ui@dvaui@@QEAAXW4AGMRendererType@BIB_T_MT@@@Z
drawbotagm.dll,export,459  1CA 000083B0 ?SetSelection@DrawbotAGMEditText@controls@dvaui@@UEAAXU?$pair@_K_K@std@@@Z
drawbotagm.dll,export,460  1CB 000083C0 ?SetSelection@DrawbotAGMEditTextItem@controls@dvaui@@QEAAXU?$pair@_K_K@std@@@Z
drawbotagm.dll,export,461  1CC 0002A750 ?SetStyle@AGMTextDoc@drawbot@dvaui@@QEAAXMV?$IntrusivePtr@VAGMFontData@drawbot@dvaui@@@RefCountedInterface@utility@dvacore@@@Z
drawbotagm.dll,export,462  1CD 0001A710 ?SetSurfaceStackData@AGMSurfaceInterface@drawbot@dvaui@@AEAAXAEBVSurfaceStateData@23@@Z
drawbotagm.dll,export,463  1CE 000083D0 ?SetText@DrawbotAGMEditText@controls@dvaui@@UEAAXAEBV?$basic_string@EU?$char_traits@E@std@@U?$STLAllocator@E@allocator@dvacore@@@std@@@Z
drawbotagm.dll,export,464  1CF 00008470 ?SetText@DrawbotAGMEditText@controls@dvaui@@UEAAXAEBV?$basic_string@_WU?$char_traits@_W@std@@U?$STLAllocator@_W@allocator@dvacore@@@std@@@Z
drawbotagm.dll,export,465  1D0 000084D0 ?SetText@DrawbotAGMEditTextItem@controls@dvaui@@QEAAXAEBV?$basic_string@_WU?$char_traits@_W@std@@U?$STLAllocator@_W@allocator@dvacore@@@std@@@Z
drawbotagm.dll,export,466  1D1 000084E0 ?SetTextDirection@DrawbotAGMEditText@controls@dvaui@@UEAAXW4TextDirection@OS_EditText@23@@Z
drawbotagm.dll,export,467  1D2 0001A740 ?SetTextDisplayPolicy@AGMSurfaceInterface@drawbot@dvaui@@UEAAXW4TextDisplayPolicy@23@@Z
drawbotagm.dll,export,469  1D4 0002A860 ?SetupJustifier@AGMTextDoc@drawbot@dvaui@@AEAAXXZ
drawbotagm.dll,export,470  1D5 0002A8E0 ?SetupTabulator@AGMTextDoc@drawbot@dvaui@@AEAAXXZ
drawbotagm.dll,export,471  1D6 0002A960 ?SetupTextRun@AGMTextDoc@drawbot@dvaui@@AEAAXXZ
drawbotagm.dll,export,472  1D7 0001A800 ?ShadePath@AGMSurfaceInterface@drawbot@dvaui@@UEAAXAEBUShaderInterface@23@AEBUPathInterface@23@W4FillType@23@@Z
drawbotagm.dll,export,473  1D8 0001A9A0 ?StrokePath@AGMSurfaceInterface@drawbot@dvaui@@UEAAXAEBUPenInterface@23@AEBUPathInterface@23@@Z
drawbotagm.dll,export,474  1D9 00005BB0 ?SupportsLinearShaders@AGMSupplier@drawbot@dvaui@@UEBA_NXZ
drawbotagm.dll,export,475  1DA 00005BC0 ?SupportsPixelLayoutARGB@AGMSupplier@drawbot@dvaui@@UEBA_NXZ
drawbotagm.dll,export,476  1DB 00005BD0 ?SupportsPixelLayoutBGRA@AGMSupplier@drawbot@dvaui@@UEBA_NXZ
drawbotagm.dll,export,477  1DC 00005BE0 ?SupportsRadialShaders@AGMSupplier@drawbot@dvaui@@UEBA_NXZ
drawbotagm.dll,export,478  1DD 00005BF0 ?SupportsText@AGMSupplier@drawbot@dvaui@@UEBA_NXZ
drawbotagm.dll,export,479  1DE 0001ADF0 ?SwapColorChannels@AGMSurfaceInterface@drawbot@dvaui@@AEAAXXZ
drawbotagm.dll,export,480  1DF 0002ABB0 ?TabsHaveNonZeroWidth@AGMTextDoc@drawbot@dvaui@@CAHPEBUCTS_TLE_Tabulator@@@Z
drawbotagm.dll,export,481  1E0 0001AE00 ?TerminateDynamicLibrary@drawbotagm@dvaui@@YAXXZ
drawbotagm.dll,export,482  1E1 0002ABC0 ?ThrowFontError@AGMFontData@drawbot@dvaui@@AEBAXAEBV?$basic_string@_WU?$char_traits@_W@std@@U?$STLAllocator@_W@allocator@dvacore@@@std@@0@Z
drawbotagm.dll,export,483  1E2 0002AE00 ?ThrowTextDocError@AGMTextDoc@drawbot@dvaui@@AEBAXXZ
drawbotagm.dll,export,484  1E3 0001B120 ?Transform@AGMSurfaceInterface@drawbot@dvaui@@UEAAXAEBV?$MatrixT@M@geom@dvacore@@@Z
drawbotagm.dll,export,487  1E6 00008550 ?UI_DoKeyboardEvent@DrawbotAGMEditTextItem@controls@dvaui@@MEAA_NPEAVUI_Node@ui@3@AEBVKeyboardEvent@53@@Z
drawbotagm.dll,export,488  1E7 00008860 ?UI_DoMouseEvent@DrawbotAGMEditTextItem@controls@dvaui@@MEAA_NPEAVUI_Node@ui@3@AEBVMouseEvent@53@@Z
drawbotagm.dll,export,489  1E8 00008950 ?UI_Draw@DrawbotAGMEditTextItem@controls@dvaui@@UEBAXPEAVDrawbot@drawbot@3@@Z
drawbotagm.dll,export,490  1E9 0002FA90 ?UI_Draw@UI_AGMCompositorView@ui@dvaui@@MEBAXPEAVDrawbot@drawbot@3@@Z
drawbotagm.dll,export,491  1EA 00008D70 ?UI_FocusChanged@DrawbotAGMEditTextItem@controls@dvaui@@MEAAXW4FocusChangeReason@ui@3@@Z
drawbotagm.dll,export,492  1EB 00008DE0 ?UI_GainKeyboardFocus@DrawbotAGMEditText@controls@dvaui@@UEAA_NW4FocusChangeReason@ui@3@@Z
drawbotagm.dll,export,494  1ED 0002FC50 ?UI_NodeChanged@UI_AGMCompositorView@ui@dvaui@@MEAAXW4NodeChange@UI_Node@23@@Z
drawbotagm.dll,export,495  1EE 00008E50 ?UI_SizeChanged@DrawbotAGMEditText@controls@dvaui@@MEAAXAEBV?$RectT@M@geom@dvacore@@@Z
drawbotagm.dll,export,496  1EF 0002FCA0 ?UI_SizeChanged@UI_AGMCompositorView@ui@dvaui@@MEAAXAEBV?$RectT@M@geom@dvacore@@@Z
drawbotagm.dll,export,498  1F1 00008EE0 ?UI_WantsKeyboardFocus@DrawbotAGMEditText@controls@dvaui@@UEBA_NXZ
drawbotagm.dll,export,499  1F2 00008EF0 ?UI_WantsKeyboardFocus@DrawbotAGMEditTextItem@controls@dvaui@@UEBA_NXZ
drawbotagm.dll,export,500  1F3 00008F00 ?Undo@DrawbotAGMEditText@controls@dvaui@@UEAAXXZ
drawbotagm.dll,export,501  1F4 00008F10 ?Undo@DrawbotAGMEditTextItem@controls@dvaui@@QEAAXXZ
drawbotagm.dll,export,502  1F5 00008F20 ?UpdateMargins@DrawbotAGMEditTextItem@controls@dvaui@@IEAAXXZ
drawbotagm.dll,export,503  1F6 0001B330 ?UsingCompositor@AGMSurfaceInterface@drawbot@dvaui@@AEBA_NXZ
drawbotagm.dll,export,504  1F7 0001B340 ?UsingOffscreen@AGMSurfaceInterface@drawbot@dvaui@@AEBA_NXZ
drawbotagm.dll,export,505  1F8 0002BCA0 ?resolveFallbackFont@AGMFontFallbackSet@drawbot@dvaui@@CAPEAUCTS_FCM_Font_@@PEAUFallbackFontSetResolver@123@PEAUCTS_RT_Runtime_@@PEAIPEAX@Z
drawbotagm.dll,import,Dump of file C:\Program Files\Adobe\Adobe After Effects 2025\Support Files\drawbotagm.dll
drawbotagm.dll,import,3565 ?GetIconData@UI_ControlView@controls@dvaui@@UEBA?AV?$IntrusivePtr@VICSSData@svg@dvaui@@@RefCountedInterface@utility@dvacore@@W4IconType@ui@3@@Z
drawbotagm.dll,import,55DC ?UI_GetInkStrokes@OS_Window@ui@dvaui@@UEAAXAEAV?$vector@V?$vector@UInkStrokePoint@IDirectInkPort@ui@dvaui@@V?$allocator@UInkStrokePoint@IDirectInkPort@ui@dvaui@@@std@@@std@@V?$allocator@V?$vector@UInkStrokePoint@IDirectInkPort@ui@dvaui@@V?$allocator@UInkStrokePoint@IDirectInkPort@ui@dvaui@@@std@@@std@@@2@@std@@@Z
drawbotagm.dll,import,57EE ?UI_ShouldOSProvideInkStrokes@UI_Window@ui@dvaui@@UEBA_NXZ
drawbotagm.dll,import,531A ?StrokePath@BasicSurfaceReferenceInterface@drawbot@dvaui@@UEAAXAEBUPenInterface@23@AEBUPathInterface@23@@Z
AdobeSVGAGM.dll,export,Dump of file C:\Program Files\Adobe\Adobe After Effects 2025\Support Files\AdobeSVGAGM.dll
AdobeSVGAGM.dll,export,Section contains the following exports for AdobeSVGAGM.dll
AdobeSVGAGM.dll,export,1    0 0001BEC0 SVGAgmBIBInitialize
AdobeSVGAGM.dll,export,2    1 0001BF40 SVGAgmBIBTerminate
AdobeSVGAGM.dll,export,3    2 0001BCF0 SVGAgmGetVersion
AdobeSVGAGM.dll,import,Dump of file C:\Program Files\Adobe\Adobe After Effects 2025\Support Files\AdobeSVGAGM.dll
AdobeSVGAGM.dll,import,SVGRE.dll
AGM.dll,export,Dump of file C:\Program Files\Adobe\Adobe After Effects 2025\Support Files\AGM.dll
AGM.dll,export,Section contains the following exports for AGM.dll
AGM.dll,export,2    0 000085D0 AGMGetVersion
AGM.dll,export,3    1 000085E0 AGMInitialize
AGM.dll,export,4    2 00008830 AGMSetProgressCallbackProc
AGM.dll,export,5    3 00008840 AGMTerminate
AGM.dll,import,Dump of file C:\Program Files\Adobe\Adobe After Effects 2025\Support Files\AGM.dll
AGM.dll,import,3BA StrokePath
BEE.dll,dependent,Dump of file C:\Program Files\Adobe\Adobe After Effects 2025\Support Files\BEE.dll
BEE.dll,dependent,AdobeXMPFiles.dll
BEE.dll,dependent,dvacore.dll
BEE.dll,dependent,ImageRenderer.dll
BEE.dll,dependent,VideoRenderer.dll
BEE.dll,dependent,sccore.dll
BEE.dll,dependent,PF.dll
BEE.dll,dependent,TDB.dll
BEE.dll,dependent,COR.dll
BEE.dll,dependent,drawbotagm.dll
BEE.dll,dependent,GPUFoundation.dll
BEE.dll,dependent,GPUAnalytics.dll
COR.dll,dependent,Dump of file C:\Program Files\Adobe\Adobe After Effects 2025\Support Files\COR.dll
COR.dll,dependent,dvacore.dll
drawbotagm.dll,dependent,Dump of file C:\Program Files\Adobe\Adobe After Effects 2025\Support Files\drawbotagm.dll
drawbotagm.dll,dependent,dvacore.dll
AdobeSVGAGM.dll,dependent,Dump of file C:\Program Files\Adobe\Adobe After Effects 2025\Support Files\AdobeSVGAGM.dll
AdobeSVGAGM.dll,dependent,SVGRE.dll
AGM.dll,dependent,Dump of file C:\Program Files\Adobe\Adobe After Effects 2025\Support Files\AGM.dll
