symbol,source,line,kind,surface
AEFX_AcquireDrawbotSuites,AEFX_SuiteHelper.h,57,callable-or-ctor,sdk-25.6-util
AEFX_AcquireDrawbotSuites,AEFX_SuiteHelper.h,131,callable-or-ctor,sdk-25.6-util
AEFX_AcquireSuite,AEFX_SuiteHelper.h,42,callable-or-ctor,sdk-25.6-util
AEFX_AcquireSuite,AEFX_SuiteHelper.h,85,callable-or-ctor,sdk-25.6-util
AEFX_AppendText,AEFX_ArbParseHelper.h,41,callable-or-ctor,sdk-25.6-util
AEFX_ArbParseHelper,AEFX_ArbParseHelper.h,1,raw-token,sdk-25.6-util
AEFX_CELL_SIZE,AEFX_ArbParseHelper.h,16,raw-token,sdk-25.6-util
AEFX_CELL_SIZE,AEFX_ArbParseHelper.h,17,macro,sdk-25.6-util
AEFX_CELL_SIZE,AEFX_ArbParseHelper.h,68,raw-token,sdk-25.6-util
AEFX_CLR_STRUCT,Param_Utils.h,146,callable-or-ctor,sdk-25.6-util
AEFX_CLR_STRUCT,Param_Utils.h,156,callable-or-ctor,sdk-25.6-util
AEFX_CLR_STRUCT,Param_Utils.h,182,callable-or-ctor,sdk-25.6-util
AEFX_CLR_STRUCT,Param_Utils.h,190,callable-or-ctor,sdk-25.6-util
AEFX_CLR_STRUCT,Param_Utils.h,285,callable-or-ctor,sdk-25.6-util
AEFX_CLR_STRUCT,Param_Utils.h,337,callable-or-ctor,sdk-25.6-util
AEFX_CLR_STRUCT,Param_Utils.h,346,callable-or-ctor,sdk-25.6-util
AEFX_CLR_STRUCT,Param_Utils.h,355,callable-or-ctor,sdk-25.6-util
AEFX_ChannelDepthTpl,AEFX_ChannelDepthTpl.h,4,raw-token,sdk-25.6-util
AEFX_Char_EOL,AEFX_ArbParseHelper.h,13,macro,sdk-25.6-util
AEFX_Char_SPACE,AEFX_ArbParseHelper.h,14,macro,sdk-25.6-util
AEFX_Char_TAB,AEFX_ArbParseHelper.h,12,macro,sdk-25.6-util
AEFX_DEFAULT_CURVE_TOLERANCE,Param_Utils.h,148,raw-token,sdk-25.6-util
AEFX_DrawbotSuitesScoper,AEFX_SuiteHelper.h,123,type,sdk-25.6-util
AEFX_DrawbotSuitesScoper,AEFX_SuiteHelper.h,126,callable-or-ctor,sdk-25.6-util
AEFX_DrawbotSuitesScoper,AEFX_SuiteHelper.h,143,callable-or-ctor,sdk-25.6-util
AEFX_MatchCell,AEFX_ArbParseHelper.h,56,callable-or-ctor,sdk-25.6-util
AEFX_ParseCell,AEFX_ArbParseHelper.h,64,callable-or-ctor,sdk-25.6-util
AEFX_ParseError_APPEND_ERROR,AEFX_ArbParseHelper.h,27,raw-token,sdk-25.6-util
AEFX_ParseError_EXPECTING_A_NUMBER,AEFX_ArbParseHelper.h,28,raw-token,sdk-25.6-util
AEFX_ParseError_EXPECTING_MORE_DATA,AEFX_ArbParseHelper.h,26,raw-token,sdk-25.6-util
AEFX_ParseError_MATCH_ERROR,AEFX_ArbParseHelper.h,29,raw-token,sdk-25.6-util
AEFX_ParseErrors,AEFX_ArbParseHelper.h,31,raw-token,sdk-25.6-util
AEFX_ParseFpLong,AEFX_ArbParseHelper.h,48,callable-or-ctor,sdk-25.6-util
AEFX_ReleaseDrawbotSuites,AEFX_SuiteHelper.h,62,callable-or-ctor,sdk-25.6-util
AEFX_ReleaseDrawbotSuites,AEFX_SuiteHelper.h,145,callable-or-ctor,sdk-25.6-util
AEFX_ReleaseSuite,AEFX_SuiteHelper.h,50,callable-or-ctor,sdk-25.6-util
AEFX_ReleaseSuite,AEFX_SuiteHelper.h,96,callable-or-ctor,sdk-25.6-util
AEFX_SUITE_HELPER_H,AEFX_SuiteHelper.h,19,raw-token,sdk-25.6-util
AEFX_SUITE_HELPER_H,AEFX_SuiteHelper.h,20,macro,sdk-25.6-util
AEFX_SUITE_HELPER_H,AEFX_SuiteHelper.h,157,raw-token,sdk-25.6-util
AEFX_SuiteHandlerTemplate,AEFX_SuiteHelper.h,31,raw-token,sdk-25.6-util
AEFX_SuiteHandlerTemplate,AEGP_SuiteHandler.h,27,raw-token,sdk-25.6-util
AEFX_SuiteHelper,AEFX_SuiteHelper.h,23,raw-token,sdk-25.6-util
AEFX_SuiteHelperT,AEFX_SuiteHelper.h,74,type,sdk-25.6-util
AEFX_SuiteHelperT,AEFX_SuiteHelper.h,77,callable-or-ctor,sdk-25.6-util
AEFX_SuiteHelperT,AEFX_SuiteHelper.h,94,callable-or-ctor,sdk-25.6-util
AEFX_SuiteScoper,AEFX_SuiteHelper.h,27,raw-token,sdk-25.6-util
AEGP,AEGP_SuiteHandler.h,33,raw-token,sdk-25.6-util
AEGP,AEGP_SuiteHandler.h,49,raw-token,sdk-25.6-util
AEGP,AEGP_SuiteHandler.h,50,raw-token,sdk-25.6-util
AEGP,DuckSuite.h,8,raw-token,sdk-25.6-util
AEGP_,AEGP_SuiteHandler.h,466,raw-token,sdk-25.6-util
AEGP_,AEGP_SuiteHandler.h,467,raw-token,sdk-25.6-util
AEGP_,AEGP_SuiteHandler.h,468,raw-token,sdk-25.6-util
AEGP_,AEGP_SuiteHandler.h,469,raw-token,sdk-25.6-util
AEGP_,AEGP_SuiteHandler.h,470,raw-token,sdk-25.6-util
AEGP_,AEGP_SuiteHandler.h,471,raw-token,sdk-25.6-util
AEGP_,AEGP_SuiteHandler.h,472,raw-token,sdk-25.6-util
AEGP_,AEGP_SuiteHandler.h,473,raw-token,sdk-25.6-util
AEGP_,AEGP_SuiteHandler.h,474,raw-token,sdk-25.6-util
AEGP_,AEGP_SuiteHandler.h,475,raw-token,sdk-25.6-util
AEGP_,AEGP_SuiteHandler.h,476,raw-token,sdk-25.6-util
AEGP_,AEGP_SuiteHandler.h,477,raw-token,sdk-25.6-util
AEGP_,AEGP_SuiteHandler.h,478,raw-token,sdk-25.6-util
AEGP_,AEGP_SuiteHandler.h,479,raw-token,sdk-25.6-util
AEGP_,AEGP_SuiteHandler.h,480,raw-token,sdk-25.6-util
AEGP_,AEGP_SuiteHandler.h,481,raw-token,sdk-25.6-util
AEGP_,AEGP_SuiteHandler.h,482,raw-token,sdk-25.6-util
AEGP_,AEGP_SuiteHandler.h,483,raw-token,sdk-25.6-util
AEGP_,AEGP_SuiteHandler.h,484,raw-token,sdk-25.6-util
AEGP_,AEGP_SuiteHandler.h,485,raw-token,sdk-25.6-util
AEGP_,AEGP_SuiteHandler.h,486,raw-token,sdk-25.6-util
AEGP_,AEGP_SuiteHandler.h,487,raw-token,sdk-25.6-util
AEGP_,AEGP_SuiteHandler.h,488,raw-token,sdk-25.6-util
AEGP_,AEGP_SuiteHandler.h,489,raw-token,sdk-25.6-util
AEGP_,AEGP_SuiteHandler.h,490,raw-token,sdk-25.6-util
AEGP_,AEGP_SuiteHandler.h,491,raw-token,sdk-25.6-util
AEGP_,AEGP_SuiteHandler.h,492,raw-token,sdk-25.6-util
AEGP_,AEGP_SuiteHandler.h,493,raw-token,sdk-25.6-util
AEGP_,AEGP_SuiteHandler.h,494,raw-token,sdk-25.6-util
AEGP_,AEGP_SuiteHandler.h,495,raw-token,sdk-25.6-util
AEGP_,AEGP_SuiteHandler.h,496,raw-token,sdk-25.6-util
AEGP_,AEGP_SuiteHandler.h,497,raw-token,sdk-25.6-util
AEGP_,AEGP_SuiteHandler.h,498,raw-token,sdk-25.6-util
AEGP_,AEGP_SuiteHandler.h,499,raw-token,sdk-25.6-util
AEGP_,AEGP_SuiteHandler.h,500,raw-token,sdk-25.6-util
AEGP_,AEGP_SuiteHandler.h,501,raw-token,sdk-25.6-util
AEGP_,AEGP_SuiteHandler.h,502,raw-token,sdk-25.6-util
AEGP_,AEGP_SuiteHandler.h,503,raw-token,sdk-25.6-util
AEGP_,AEGP_SuiteHandler.h,504,raw-token,sdk-25.6-util
AEGP_,AEGP_SuiteHandler.h,505,raw-token,sdk-25.6-util
AEGP_,AEGP_SuiteHandler.h,506,raw-token,sdk-25.6-util
AEGP_,AEGP_SuiteHandler.h,507,raw-token,sdk-25.6-util
AEGP_,AEGP_SuiteHandler.h,508,raw-token,sdk-25.6-util
AEGP_,AEGP_SuiteHandler.h,517,raw-token,sdk-25.6-util
AEGP_,AEGP_SuiteHandler.h,518,raw-token,sdk-25.6-util
AEGP_,AEGP_SuiteHandler.h,519,raw-token,sdk-25.6-util
AEGP_,AEGP_SuiteHandler.h,520,raw-token,sdk-25.6-util
AEGP_,AEGP_SuiteHandler.h,521,raw-token,sdk-25.6-util
AEGP_,AEGP_SuiteHandler.h,522,raw-token,sdk-25.6-util
AEGP_,AEGP_SuiteHandler.h,523,raw-token,sdk-25.6-util
AEGP_,AEGP_SuiteHandler.h,524,raw-token,sdk-25.6-util
AEGP_,AEGP_SuiteHandler.h,525,raw-token,sdk-25.6-util
AEGP_,AEGP_SuiteHandler.h,526,raw-token,sdk-25.6-util
AEGP_,AEGP_SuiteHandler.h,527,raw-token,sdk-25.6-util
AEGP_,AEGP_SuiteHandler.h,528,raw-token,sdk-25.6-util
AEGP_,AEGP_SuiteHandler.h,529,raw-token,sdk-25.6-util
AEGP_,AEGP_SuiteHandler.h,530,raw-token,sdk-25.6-util
AEGP_,AEGP_SuiteHandler.h,531,raw-token,sdk-25.6-util
AEGP_,AEGP_SuiteHandler.h,532,raw-token,sdk-25.6-util
AEGP_,AEGP_SuiteHandler.h,533,raw-token,sdk-25.6-util
AEGP_,AEGP_SuiteHandler.h,534,raw-token,sdk-25.6-util
AEGP_,AEGP_SuiteHandler.h,535,raw-token,sdk-25.6-util
AEGP_,AEGP_SuiteHandler.h,540,raw-token,sdk-25.6-util
AEGP_,AEGP_SuiteHandler.h,541,raw-token,sdk-25.6-util
AEGP_,AEGP_SuiteHandler.h,543,raw-token,sdk-25.6-util
AEGP_,AEGP_SuiteHandler.h,544,raw-token,sdk-25.6-util
AEGP_,AEGP_SuiteHandler.h,545,raw-token,sdk-25.6-util
AEGP_,AEGP_SuiteHandler.h,546,raw-token,sdk-25.6-util
AEGP_,AEGP_SuiteHandler.h,547,raw-token,sdk-25.6-util
AEGP_,AEGP_SuiteHandler.h,548,raw-token,sdk-25.6-util
AEGP_,AEGP_SuiteHandler.h,557,raw-token,sdk-25.6-util
AEGP_,AEGP_SuiteHandler.h,558,raw-token,sdk-25.6-util
AEGP_,AEGP_SuiteHandler.h,559,raw-token,sdk-25.6-util
AEGP_,AEGP_SuiteHandler.h,560,raw-token,sdk-25.6-util
AEGP_,AEGP_SuiteHandler.h,561,raw-token,sdk-25.6-util
AEGP_,AEGP_SuiteHandler.h,562,raw-token,sdk-25.6-util
AEGP_,AEGP_SuiteHandler.h,563,raw-token,sdk-25.6-util
AEGP_,AEGP_SuiteHandler.h,564,raw-token,sdk-25.6-util
AEGP_,AEGP_SuiteHandler.h,565,raw-token,sdk-25.6-util
AEGP_,AEGP_SuiteHandler.h,566,raw-token,sdk-25.6-util
AEGP_,AEGP_SuiteHandler.h,567,raw-token,sdk-25.6-util
AEGP_,AEGP_SuiteHandler.h,568,raw-token,sdk-25.6-util
AEGP_,AEGP_SuiteHandler.h,570,raw-token,sdk-25.6-util
AEGP_,AEGP_SuiteHandler.h,571,raw-token,sdk-25.6-util
AEGP_,AEGP_SuiteHandler.h,572,raw-token,sdk-25.6-util
AEGP_,AEGP_SuiteHandler.h,573,raw-token,sdk-25.6-util
AEGP_,AEGP_SuiteHandler.h,574,raw-token,sdk-25.6-util
AEGP_,AEGP_SuiteHandler.h,584,raw-token,sdk-25.6-util
AEGP_,AEGP_SuiteHandler.h,586,raw-token,sdk-25.6-util
AEGP_,AEGP_SuiteHandler.h,587,raw-token,sdk-25.6-util
AEGP_,AEGP_SuiteHandler.h,588,raw-token,sdk-25.6-util
AEGP_,AEGP_SuiteHandler.h,589,raw-token,sdk-25.6-util
AEGP_,AEGP_SuiteHandler.h,590,raw-token,sdk-25.6-util
AEGP_,AEGP_SuiteHandler.h,592,raw-token,sdk-25.6-util
AEGP_,AEGP_SuiteHandler.h,593,raw-token,sdk-25.6-util
AEGP_,AEGP_SuiteHandler.h,594,raw-token,sdk-25.6-util
AEGP_,AEGP_SuiteHandler.h,595,raw-token,sdk-25.6-util
AEGP_,AEGP_SuiteHandler.h,596,raw-token,sdk-25.6-util
AEGP_,AEGP_SuiteHandler.h,597,raw-token,sdk-25.6-util
AEGP_,AEGP_SuiteHandler.h,598,raw-token,sdk-25.6-util
AEGP_,AEGP_SuiteHandler.h,599,raw-token,sdk-25.6-util
AEGP_,AEGP_SuiteHandler.h,600,raw-token,sdk-25.6-util
AEGP_,AEGP_SuiteHandler.h,601,raw-token,sdk-25.6-util
AEGP_,AEGP_SuiteHandler.h,602,raw-token,sdk-25.6-util
AEGP_,AEGP_SuiteHandler.h,603,raw-token,sdk-25.6-util
AEGP_,AEGP_SuiteHandler.h,604,raw-token,sdk-25.6-util
AEGP_,AEGP_SuiteHandler.h,605,raw-token,sdk-25.6-util
AEGP_,AEGP_SuiteHandler.h,606,raw-token,sdk-25.6-util
AEGP_,AEGP_SuiteHandler.h,608,raw-token,sdk-25.6-util
AEGP_,AEGP_SuiteHandler.h,609,raw-token,sdk-25.6-util
AEGP_,AEGP_SuiteHandler.h,611,raw-token,sdk-25.6-util
AEGP_,AEGP_SuiteHandler.h,612,raw-token,sdk-25.6-util
AEGP_ArtisanUtilSuite1,AEGP_SuiteHandler.h,197,raw-token,sdk-25.6-util
AEGP_CameraSuite2,AEGP_SuiteHandler.h,129,raw-token,sdk-25.6-util
AEGP_CanvasSuite5,AEGP_SuiteHandler.h,125,raw-token,sdk-25.6-util
AEGP_CanvasSuite6,AEGP_SuiteHandler.h,126,raw-token,sdk-25.6-util
AEGP_CanvasSuite7,AEGP_SuiteHandler.h,127,raw-token,sdk-25.6-util
AEGP_CanvasSuite8,AEGP_SuiteHandler.h,128,raw-token,sdk-25.6-util
AEGP_CollectionSuite1,AEGP_SuiteHandler.h,228,raw-token,sdk-25.6-util
AEGP_CollectionSuite2,AEGP_SuiteHandler.h,191,raw-token,sdk-25.6-util
AEGP_ColorSettingsSuite1,AEGP_SuiteHandler.h,241,raw-token,sdk-25.6-util
AEGP_ColorSettingsSuite2,AEGP_SuiteHandler.h,240,raw-token,sdk-25.6-util
AEGP_ColorSettingsSuite3,AEGP_SuiteHandler.h,239,raw-token,sdk-25.6-util
AEGP_ColorSettingsSuite4,AEGP_SuiteHandler.h,238,raw-token,sdk-25.6-util
AEGP_CommandSuite1,AEGP_SuiteHandler.h,151,raw-token,sdk-25.6-util
AEGP_CompSuite1,AEGP_SuiteHandler.h,227,raw-token,sdk-25.6-util
AEGP_CompSuite10,AEGP_SuiteHandler.h,115,raw-token,sdk-25.6-util
AEGP_CompSuite11,AEGP_SuiteHandler.h,116,raw-token,sdk-25.6-util
AEGP_CompSuite12,AEGP_SuiteHandler.h,117,raw-token,sdk-25.6-util
AEGP_CompSuite4,AEGP_SuiteHandler.h,109,raw-token,sdk-25.6-util
AEGP_CompSuite5,AEGP_SuiteHandler.h,110,raw-token,sdk-25.6-util
AEGP_CompSuite6,AEGP_SuiteHandler.h,111,raw-token,sdk-25.6-util
AEGP_CompSuite7,AEGP_SuiteHandler.h,112,raw-token,sdk-25.6-util
AEGP_CompSuite8,AEGP_SuiteHandler.h,113,raw-token,sdk-25.6-util
AEGP_CompSuite9,AEGP_SuiteHandler.h,114,raw-token,sdk-25.6-util
AEGP_CompositeSuite2,AEGP_SuiteHandler.h,163,raw-token,sdk-25.6-util
AEGP_DynamicStreamSuite2,AEGP_SuiteHandler.h,121,raw-token,sdk-25.6-util
AEGP_DynamicStreamSuite3,AEGP_SuiteHandler.h,122,raw-token,sdk-25.6-util
AEGP_DynamicStreamSuite4,AEGP_SuiteHandler.h,123,raw-token,sdk-25.6-util
AEGP_EffectSuite1,AEGP_SuiteHandler.h,142,raw-token,sdk-25.6-util
AEGP_EffectSuite2,AEGP_SuiteHandler.h,143,raw-token,sdk-25.6-util
AEGP_EffectSuite3,AEGP_SuiteHandler.h,144,raw-token,sdk-25.6-util
AEGP_EffectSuite4,AEGP_SuiteHandler.h,145,raw-token,sdk-25.6-util
AEGP_EffectSuite5,AEGP_SuiteHandler.h,146,raw-token,sdk-25.6-util
AEGP_FIMSuite3,AEGP_SuiteHandler.h,182,raw-token,sdk-25.6-util
AEGP_FootageSuite5,AEGP_SuiteHandler.h,235,raw-token,sdk-25.6-util
AEGP_IOInSuite4,AEGP_SuiteHandler.h,175,raw-token,sdk-25.6-util
AEGP_IOOutSuite4,AEGP_SuiteHandler.h,176,raw-token,sdk-25.6-util
AEGP_ItemSuite1,AEGP_SuiteHandler.h,138,raw-token,sdk-25.6-util
AEGP_ItemSuite5,AEGP_SuiteHandler.h,137,raw-token,sdk-25.6-util
AEGP_ItemSuite6,AEGP_SuiteHandler.h,136,raw-token,sdk-25.6-util
AEGP_ItemSuite7,AEGP_SuiteHandler.h,135,raw-token,sdk-25.6-util
AEGP_ItemSuite8,AEGP_SuiteHandler.h,134,raw-token,sdk-25.6-util
AEGP_ItemSuite9,AEGP_SuiteHandler.h,133,raw-token,sdk-25.6-util
AEGP_ItemViewSuite1,AEGP_SuiteHandler.h,132,raw-token,sdk-25.6-util
AEGP_IterateSuite1,AEGP_SuiteHandler.h,194,raw-token,sdk-25.6-util
AEGP_IterateSuite2,AEGP_SuiteHandler.h,195,raw-token,sdk-25.6-util
AEGP_KeyframeSuite1,AEGP_SuiteHandler.h,229,raw-token,sdk-25.6-util
AEGP_KeyframeSuite3,AEGP_SuiteHandler.h,124,raw-token,sdk-25.6-util
AEGP_KeyframeSuite4,AEGP_SuiteHandler.h,101,raw-token,sdk-25.6-util
AEGP_KeyframeSuite5,AEGP_SuiteHandler.h,100,raw-token,sdk-25.6-util
AEGP_LayerH,AEGP_Utils.h,8,raw-token,sdk-25.6-util
AEGP_LayerRenderOptionsSuite1,AEGP_SuiteHandler.h,201,raw-token,sdk-25.6-util
AEGP_LayerRenderOptionsSuite2,AEGP_SuiteHandler.h,202,raw-token,sdk-25.6-util
AEGP_LayerSuite1,AEGP_SuiteHandler.h,222,raw-token,sdk-25.6-util
AEGP_LayerSuite3,AEGP_SuiteHandler.h,118,raw-token,sdk-25.6-util
AEGP_LayerSuite4,AEGP_SuiteHandler.h,119,raw-token,sdk-25.6-util
AEGP_LayerSuite5,AEGP_SuiteHandler.h,207,raw-token,sdk-25.6-util
AEGP_LayerSuite6,AEGP_SuiteHandler.h,208,raw-token,sdk-25.6-util
AEGP_LayerSuite7,AEGP_SuiteHandler.h,209,raw-token,sdk-25.6-util
AEGP_LayerSuite8,AEGP_SuiteHandler.h,210,raw-token,sdk-25.6-util
AEGP_LayerSuite9,AEGP_SuiteHandler.h,211,raw-token,sdk-25.6-util
AEGP_LightSuite1,AEGP_SuiteHandler.h,139,raw-token,sdk-25.6-util
AEGP_LightSuite2,AEGP_SuiteHandler.h,140,raw-token,sdk-25.6-util
AEGP_LightSuite3,AEGP_SuiteHandler.h,141,raw-token,sdk-25.6-util
AEGP_MarkerSuite1,AEGP_SuiteHandler.h,106,raw-token,sdk-25.6-util
AEGP_MarkerSuite2,AEGP_SuiteHandler.h,107,raw-token,sdk-25.6-util
AEGP_MarkerSuite3,AEGP_SuiteHandler.h,108,raw-token,sdk-25.6-util
AEGP_MaskOutlineSuite1,AEGP_SuiteHandler.h,148,raw-token,sdk-25.6-util
AEGP_MaskOutlineSuite2,AEGP_SuiteHandler.h,149,raw-token,sdk-25.6-util
AEGP_MaskOutlineSuite3,AEGP_SuiteHandler.h,150,raw-token,sdk-25.6-util
AEGP_MaskSuite1,AEGP_SuiteHandler.h,223,raw-token,sdk-25.6-util
AEGP_MaskSuite4,AEGP_SuiteHandler.h,147,raw-token,sdk-25.6-util
AEGP_MaskSuite5,AEGP_SuiteHandler.h,224,raw-token,sdk-25.6-util
AEGP_MaskSuite6,AEGP_SuiteHandler.h,225,raw-token,sdk-25.6-util
AEGP_MathSuite1,AEGP_SuiteHandler.h,166,raw-token,sdk-25.6-util
AEGP_MemorySuite1,AEGP_SuiteHandler.h,131,raw-token,sdk-25.6-util
AEGP_OutputModuleSuite4,AEGP_SuiteHandler.h,181,raw-token,sdk-25.6-util
AEGP_PFInterfaceSuite1,AEGP_SuiteHandler.h,165,raw-token,sdk-25.6-util
AEGP_PersistentDataSuite3,AEGP_SuiteHandler.h,177,raw-token,sdk-25.6-util
AEGP_PersistentDataSuite4,AEGP_SuiteHandler.h,178,raw-token,sdk-25.6-util
AEGP_ProjSuite5,AEGP_SuiteHandler.h,233,raw-token,sdk-25.6-util
AEGP_ProjSuite6,AEGP_SuiteHandler.h,234,raw-token,sdk-25.6-util
AEGP_QueryXformSuite2,AEGP_SuiteHandler.h,162,raw-token,sdk-25.6-util
AEGP_RQItemSuite2,AEGP_SuiteHandler.h,180,raw-token,sdk-25.6-util
AEGP_RQItemSuite3,AEGP_SuiteHandler.h,236,raw-token,sdk-25.6-util
AEGP_RegisterSuite5,AEGP_SuiteHandler.h,130,raw-token,sdk-25.6-util
AEGP_RenderAsyncManagerSuite1,AEGP_SuiteHandler.h,203,raw-token,sdk-25.6-util
AEGP_RenderOptionsSuite1,AEGP_SuiteHandler.h,200,raw-token,sdk-25.6-util
AEGP_RenderOptionsSuite2,AEGP_SuiteHandler.h,232,raw-token,sdk-25.6-util
AEGP_RenderOptionsSuite3,AEGP_SuiteHandler.h,243,raw-token,sdk-25.6-util
AEGP_RenderQueueSuite1,AEGP_SuiteHandler.h,179,raw-token,sdk-25.6-util
AEGP_RenderSuite1,AEGP_SuiteHandler.h,153,raw-token,sdk-25.6-util
AEGP_RenderSuite2,AEGP_SuiteHandler.h,154,raw-token,sdk-25.6-util
AEGP_RenderSuite3,AEGP_SuiteHandler.h,155,raw-token,sdk-25.6-util
AEGP_RenderSuite4,AEGP_SuiteHandler.h,156,raw-token,sdk-25.6-util
AEGP_RenderSuite5,AEGP_SuiteHandler.h,157,raw-token,sdk-25.6-util
AEGP_SUITE_ACCESS_BOILERPLATE,AEGP_SuiteHandler.h,56,raw-token,sdk-25.6-util
AEGP_SUITE_ACCESS_BOILERPLATE,AEGP_SuiteHandler.h,455,macro,sdk-25.6-util
AEGP_SUITE_ACCESS_BOILERPLATE,AEGP_SuiteHandler.h,466,callable-or-ctor,sdk-25.6-util
AEGP_SUITE_ACCESS_BOILERPLATE,AEGP_SuiteHandler.h,467,callable-or-ctor,sdk-25.6-util
AEGP_SUITE_ACCESS_BOILERPLATE,AEGP_SuiteHandler.h,468,callable-or-ctor,sdk-25.6-util
AEGP_SUITE_ACCESS_BOILERPLATE,AEGP_SuiteHandler.h,469,callable-or-ctor,sdk-25.6-util
AEGP_SUITE_ACCESS_BOILERPLATE,AEGP_SuiteHandler.h,470,callable-or-ctor,sdk-25.6-util
AEGP_SUITE_ACCESS_BOILERPLATE,AEGP_SuiteHandler.h,471,callable-or-ctor,sdk-25.6-util
AEGP_SUITE_ACCESS_BOILERPLATE,AEGP_SuiteHandler.h,472,callable-or-ctor,sdk-25.6-util
AEGP_SUITE_ACCESS_BOILERPLATE,AEGP_SuiteHandler.h,473,callable-or-ctor,sdk-25.6-util
AEGP_SUITE_ACCESS_BOILERPLATE,AEGP_SuiteHandler.h,474,callable-or-ctor,sdk-25.6-util
AEGP_SUITE_ACCESS_BOILERPLATE,AEGP_SuiteHandler.h,475,callable-or-ctor,sdk-25.6-util
AEGP_SUITE_ACCESS_BOILERPLATE,AEGP_SuiteHandler.h,476,callable-or-ctor,sdk-25.6-util
AEGP_SUITE_ACCESS_BOILERPLATE,AEGP_SuiteHandler.h,477,callable-or-ctor,sdk-25.6-util
AEGP_SUITE_ACCESS_BOILERPLATE,AEGP_SuiteHandler.h,478,callable-or-ctor,sdk-25.6-util
AEGP_SUITE_ACCESS_BOILERPLATE,AEGP_SuiteHandler.h,479,callable-or-ctor,sdk-25.6-util
AEGP_SUITE_ACCESS_BOILERPLATE,AEGP_SuiteHandler.h,480,callable-or-ctor,sdk-25.6-util
AEGP_SUITE_ACCESS_BOILERPLATE,AEGP_SuiteHandler.h,481,callable-or-ctor,sdk-25.6-util
AEGP_SUITE_ACCESS_BOILERPLATE,AEGP_SuiteHandler.h,482,callable-or-ctor,sdk-25.6-util
AEGP_SUITE_ACCESS_BOILERPLATE,AEGP_SuiteHandler.h,483,callable-or-ctor,sdk-25.6-util
AEGP_SUITE_ACCESS_BOILERPLATE,AEGP_SuiteHandler.h,484,callable-or-ctor,sdk-25.6-util
AEGP_SUITE_ACCESS_BOILERPLATE,AEGP_SuiteHandler.h,485,callable-or-ctor,sdk-25.6-util
AEGP_SUITE_ACCESS_BOILERPLATE,AEGP_SuiteHandler.h,486,callable-or-ctor,sdk-25.6-util
AEGP_SUITE_ACCESS_BOILERPLATE,AEGP_SuiteHandler.h,487,callable-or-ctor,sdk-25.6-util
AEGP_SUITE_ACCESS_BOILERPLATE,AEGP_SuiteHandler.h,488,callable-or-ctor,sdk-25.6-util
AEGP_SUITE_ACCESS_BOILERPLATE,AEGP_SuiteHandler.h,489,callable-or-ctor,sdk-25.6-util
AEGP_SUITE_ACCESS_BOILERPLATE,AEGP_SuiteHandler.h,490,callable-or-ctor,sdk-25.6-util
AEGP_SUITE_ACCESS_BOILERPLATE,AEGP_SuiteHandler.h,491,callable-or-ctor,sdk-25.6-util
AEGP_SUITE_ACCESS_BOILERPLATE,AEGP_SuiteHandler.h,492,callable-or-ctor,sdk-25.6-util
AEGP_SUITE_ACCESS_BOILERPLATE,AEGP_SuiteHandler.h,493,callable-or-ctor,sdk-25.6-util
AEGP_SUITE_ACCESS_BOILERPLATE,AEGP_SuiteHandler.h,494,callable-or-ctor,sdk-25.6-util
AEGP_SUITE_ACCESS_BOILERPLATE,AEGP_SuiteHandler.h,495,callable-or-ctor,sdk-25.6-util
AEGP_SUITE_ACCESS_BOILERPLATE,AEGP_SuiteHandler.h,496,callable-or-ctor,sdk-25.6-util
AEGP_SUITE_ACCESS_BOILERPLATE,AEGP_SuiteHandler.h,497,callable-or-ctor,sdk-25.6-util
AEGP_SUITE_ACCESS_BOILERPLATE,AEGP_SuiteHandler.h,498,callable-or-ctor,sdk-25.6-util
AEGP_SUITE_ACCESS_BOILERPLATE,AEGP_SuiteHandler.h,499,callable-or-ctor,sdk-25.6-util
AEGP_SUITE_ACCESS_BOILERPLATE,AEGP_SuiteHandler.h,500,callable-or-ctor,sdk-25.6-util
AEGP_SUITE_ACCESS_BOILERPLATE,AEGP_SuiteHandler.h,501,callable-or-ctor,sdk-25.6-util
AEGP_SUITE_ACCESS_BOILERPLATE,AEGP_SuiteHandler.h,502,callable-or-ctor,sdk-25.6-util
AEGP_SUITE_ACCESS_BOILERPLATE,AEGP_SuiteHandler.h,503,callable-or-ctor,sdk-25.6-util
AEGP_SUITE_ACCESS_BOILERPLATE,AEGP_SuiteHandler.h,504,callable-or-ctor,sdk-25.6-util
AEGP_SUITE_ACCESS_BOILERPLATE,AEGP_SuiteHandler.h,505,callable-or-ctor,sdk-25.6-util
AEGP_SUITE_ACCESS_BOILERPLATE,AEGP_SuiteHandler.h,506,callable-or-ctor,sdk-25.6-util
AEGP_SUITE_ACCESS_BOILERPLATE,AEGP_SuiteHandler.h,507,callable-or-ctor,sdk-25.6-util
AEGP_SUITE_ACCESS_BOILERPLATE,AEGP_SuiteHandler.h,508,callable-or-ctor,sdk-25.6-util
AEGP_SUITE_ACCESS_BOILERPLATE,AEGP_SuiteHandler.h,509,callable-or-ctor,sdk-25.6-util
AEGP_SUITE_ACCESS_BOILERPLATE,AEGP_SuiteHandler.h,510,callable-or-ctor,sdk-25.6-util
AEGP_SUITE_ACCESS_BOILERPLATE,AEGP_SuiteHandler.h,511,callable-or-ctor,sdk-25.6-util
AEGP_SUITE_ACCESS_BOILERPLATE,AEGP_SuiteHandler.h,512,callable-or-ctor,sdk-25.6-util
AEGP_SUITE_ACCESS_BOILERPLATE,AEGP_SuiteHandler.h,513,callable-or-ctor,sdk-25.6-util
AEGP_SUITE_ACCESS_BOILERPLATE,AEGP_SuiteHandler.h,514,callable-or-ctor,sdk-25.6-util
AEGP_SUITE_ACCESS_BOILERPLATE,AEGP_SuiteHandler.h,515,callable-or-ctor,sdk-25.6-util
AEGP_SUITE_ACCESS_BOILERPLATE,AEGP_SuiteHandler.h,516,callable-or-ctor,sdk-25.6-util
AEGP_SUITE_ACCESS_BOILERPLATE,AEGP_SuiteHandler.h,517,callable-or-ctor,sdk-25.6-util
AEGP_SUITE_ACCESS_BOILERPLATE,AEGP_SuiteHandler.h,518,callable-or-ctor,sdk-25.6-util
AEGP_SUITE_ACCESS_BOILERPLATE,AEGP_SuiteHandler.h,519,callable-or-ctor,sdk-25.6-util
AEGP_SUITE_ACCESS_BOILERPLATE,AEGP_SuiteHandler.h,520,callable-or-ctor,sdk-25.6-util
AEGP_SUITE_ACCESS_BOILERPLATE,AEGP_SuiteHandler.h,521,callable-or-ctor,sdk-25.6-util
AEGP_SUITE_ACCESS_BOILERPLATE,AEGP_SuiteHandler.h,522,callable-or-ctor,sdk-25.6-util
AEGP_SUITE_ACCESS_BOILERPLATE,AEGP_SuiteHandler.h,523,callable-or-ctor,sdk-25.6-util
AEGP_SUITE_ACCESS_BOILERPLATE,AEGP_SuiteHandler.h,524,callable-or-ctor,sdk-25.6-util
AEGP_SUITE_ACCESS_BOILERPLATE,AEGP_SuiteHandler.h,525,callable-or-ctor,sdk-25.6-util
AEGP_SUITE_ACCESS_BOILERPLATE,AEGP_SuiteHandler.h,526,callable-or-ctor,sdk-25.6-util
AEGP_SUITE_ACCESS_BOILERPLATE,AEGP_SuiteHandler.h,527,callable-or-ctor,sdk-25.6-util
AEGP_SUITE_ACCESS_BOILERPLATE,AEGP_SuiteHandler.h,528,callable-or-ctor,sdk-25.6-util
AEGP_SUITE_ACCESS_BOILERPLATE,AEGP_SuiteHandler.h,529,callable-or-ctor,sdk-25.6-util
AEGP_SUITE_ACCESS_BOILERPLATE,AEGP_SuiteHandler.h,530,callable-or-ctor,sdk-25.6-util
AEGP_SUITE_ACCESS_BOILERPLATE,AEGP_SuiteHandler.h,531,callable-or-ctor,sdk-25.6-util
AEGP_SUITE_ACCESS_BOILERPLATE,AEGP_SuiteHandler.h,532,callable-or-ctor,sdk-25.6-util
AEGP_SUITE_ACCESS_BOILERPLATE,AEGP_SuiteHandler.h,533,callable-or-ctor,sdk-25.6-util
AEGP_SUITE_ACCESS_BOILERPLATE,AEGP_SuiteHandler.h,534,callable-or-ctor,sdk-25.6-util
AEGP_SUITE_ACCESS_BOILERPLATE,AEGP_SuiteHandler.h,535,callable-or-ctor,sdk-25.6-util
AEGP_SUITE_ACCESS_BOILERPLATE,AEGP_SuiteHandler.h,536,callable-or-ctor,sdk-25.6-util
AEGP_SUITE_ACCESS_BOILERPLATE,AEGP_SuiteHandler.h,537,callable-or-ctor,sdk-25.6-util
AEGP_SUITE_ACCESS_BOILERPLATE,AEGP_SuiteHandler.h,538,callable-or-ctor,sdk-25.6-util
AEGP_SUITE_ACCESS_BOILERPLATE,AEGP_SuiteHandler.h,539,callable-or-ctor,sdk-25.6-util
AEGP_SUITE_ACCESS_BOILERPLATE,AEGP_SuiteHandler.h,540,callable-or-ctor,sdk-25.6-util
AEGP_SUITE_ACCESS_BOILERPLATE,AEGP_SuiteHandler.h,541,callable-or-ctor,sdk-25.6-util
AEGP_SUITE_ACCESS_BOILERPLATE,AEGP_SuiteHandler.h,542,callable-or-ctor,sdk-25.6-util
AEGP_SUITE_ACCESS_BOILERPLATE,AEGP_SuiteHandler.h,543,callable-or-ctor,sdk-25.6-util
AEGP_SUITE_ACCESS_BOILERPLATE,AEGP_SuiteHandler.h,544,callable-or-ctor,sdk-25.6-util
AEGP_SUITE_ACCESS_BOILERPLATE,AEGP_SuiteHandler.h,545,callable-or-ctor,sdk-25.6-util
AEGP_SUITE_ACCESS_BOILERPLATE,AEGP_SuiteHandler.h,546,callable-or-ctor,sdk-25.6-util
AEGP_SUITE_ACCESS_BOILERPLATE,AEGP_SuiteHandler.h,547,callable-or-ctor,sdk-25.6-util
AEGP_SUITE_ACCESS_BOILERPLATE,AEGP_SuiteHandler.h,548,callable-or-ctor,sdk-25.6-util
AEGP_SUITE_ACCESS_BOILERPLATE,AEGP_SuiteHandler.h,549,callable-or-ctor,sdk-25.6-util
AEGP_SUITE_ACCESS_BOILERPLATE,AEGP_SuiteHandler.h,550,callable-or-ctor,sdk-25.6-util
AEGP_SUITE_ACCESS_BOILERPLATE,AEGP_SuiteHandler.h,551,callable-or-ctor,sdk-25.6-util
AEGP_SUITE_ACCESS_BOILERPLATE,AEGP_SuiteHandler.h,552,callable-or-ctor,sdk-25.6-util
AEGP_SUITE_ACCESS_BOILERPLATE,AEGP_SuiteHandler.h,553,callable-or-ctor,sdk-25.6-util
AEGP_SUITE_ACCESS_BOILERPLATE,AEGP_SuiteHandler.h,554,callable-or-ctor,sdk-25.6-util
AEGP_SUITE_ACCESS_BOILERPLATE,AEGP_SuiteHandler.h,555,callable-or-ctor,sdk-25.6-util
AEGP_SUITE_ACCESS_BOILERPLATE,AEGP_SuiteHandler.h,556,callable-or-ctor,sdk-25.6-util
AEGP_SUITE_ACCESS_BOILERPLATE,AEGP_SuiteHandler.h,557,callable-or-ctor,sdk-25.6-util
AEGP_SUITE_ACCESS_BOILERPLATE,AEGP_SuiteHandler.h,558,callable-or-ctor,sdk-25.6-util
AEGP_SUITE_ACCESS_BOILERPLATE,AEGP_SuiteHandler.h,559,callable-or-ctor,sdk-25.6-util
AEGP_SUITE_ACCESS_BOILERPLATE,AEGP_SuiteHandler.h,560,callable-or-ctor,sdk-25.6-util
AEGP_SUITE_ACCESS_BOILERPLATE,AEGP_SuiteHandler.h,561,callable-or-ctor,sdk-25.6-util
AEGP_SUITE_ACCESS_BOILERPLATE,AEGP_SuiteHandler.h,562,callable-or-ctor,sdk-25.6-util
AEGP_SUITE_ACCESS_BOILERPLATE,AEGP_SuiteHandler.h,563,callable-or-ctor,sdk-25.6-util
AEGP_SUITE_ACCESS_BOILERPLATE,AEGP_SuiteHandler.h,564,callable-or-ctor,sdk-25.6-util
AEGP_SUITE_ACCESS_BOILERPLATE,AEGP_SuiteHandler.h,565,callable-or-ctor,sdk-25.6-util
AEGP_SUITE_ACCESS_BOILERPLATE,AEGP_SuiteHandler.h,566,callable-or-ctor,sdk-25.6-util
AEGP_SUITE_ACCESS_BOILERPLATE,AEGP_SuiteHandler.h,567,callable-or-ctor,sdk-25.6-util
AEGP_SUITE_ACCESS_BOILERPLATE,AEGP_SuiteHandler.h,568,callable-or-ctor,sdk-25.6-util
AEGP_SUITE_ACCESS_BOILERPLATE,AEGP_SuiteHandler.h,569,callable-or-ctor,sdk-25.6-util
AEGP_SUITE_ACCESS_BOILERPLATE,AEGP_SuiteHandler.h,570,callable-or-ctor,sdk-25.6-util
AEGP_SUITE_ACCESS_BOILERPLATE,AEGP_SuiteHandler.h,571,callable-or-ctor,sdk-25.6-util
AEGP_SUITE_ACCESS_BOILERPLATE,AEGP_SuiteHandler.h,572,callable-or-ctor,sdk-25.6-util
AEGP_SUITE_ACCESS_BOILERPLATE,AEGP_SuiteHandler.h,573,callable-or-ctor,sdk-25.6-util
AEGP_SUITE_ACCESS_BOILERPLATE,AEGP_SuiteHandler.h,574,callable-or-ctor,sdk-25.6-util
AEGP_SUITE_ACCESS_BOILERPLATE,AEGP_SuiteHandler.h,576,callable-or-ctor,sdk-25.6-util
AEGP_SUITE_ACCESS_BOILERPLATE,AEGP_SuiteHandler.h,577,callable-or-ctor,sdk-25.6-util
AEGP_SUITE_ACCESS_BOILERPLATE,AEGP_SuiteHandler.h,578,callable-or-ctor,sdk-25.6-util
AEGP_SUITE_ACCESS_BOILERPLATE,AEGP_SuiteHandler.h,579,callable-or-ctor,sdk-25.6-util
AEGP_SUITE_ACCESS_BOILERPLATE,AEGP_SuiteHandler.h,580,callable-or-ctor,sdk-25.6-util
AEGP_SUITE_ACCESS_BOILERPLATE,AEGP_SuiteHandler.h,581,callable-or-ctor,sdk-25.6-util
AEGP_SUITE_ACCESS_BOILERPLATE,AEGP_SuiteHandler.h,582,callable-or-ctor,sdk-25.6-util
AEGP_SUITE_ACCESS_BOILERPLATE,AEGP_SuiteHandler.h,584,callable-or-ctor,sdk-25.6-util
AEGP_SUITE_ACCESS_BOILERPLATE,AEGP_SuiteHandler.h,585,callable-or-ctor,sdk-25.6-util
AEGP_SUITE_ACCESS_BOILERPLATE,AEGP_SuiteHandler.h,586,callable-or-ctor,sdk-25.6-util
AEGP_SUITE_ACCESS_BOILERPLATE,AEGP_SuiteHandler.h,587,callable-or-ctor,sdk-25.6-util
AEGP_SUITE_ACCESS_BOILERPLATE,AEGP_SuiteHandler.h,588,callable-or-ctor,sdk-25.6-util
AEGP_SUITE_ACCESS_BOILERPLATE,AEGP_SuiteHandler.h,589,callable-or-ctor,sdk-25.6-util
AEGP_SUITE_ACCESS_BOILERPLATE,AEGP_SuiteHandler.h,590,callable-or-ctor,sdk-25.6-util
AEGP_SUITE_ACCESS_BOILERPLATE,AEGP_SuiteHandler.h,591,callable-or-ctor,sdk-25.6-util
AEGP_SUITE_ACCESS_BOILERPLATE,AEGP_SuiteHandler.h,592,callable-or-ctor,sdk-25.6-util
AEGP_SUITE_ACCESS_BOILERPLATE,AEGP_SuiteHandler.h,593,callable-or-ctor,sdk-25.6-util
AEGP_SUITE_ACCESS_BOILERPLATE,AEGP_SuiteHandler.h,594,callable-or-ctor,sdk-25.6-util
AEGP_SUITE_ACCESS_BOILERPLATE,AEGP_SuiteHandler.h,595,callable-or-ctor,sdk-25.6-util
AEGP_SUITE_ACCESS_BOILERPLATE,AEGP_SuiteHandler.h,596,callable-or-ctor,sdk-25.6-util
AEGP_SUITE_ACCESS_BOILERPLATE,AEGP_SuiteHandler.h,597,callable-or-ctor,sdk-25.6-util
AEGP_SUITE_ACCESS_BOILERPLATE,AEGP_SuiteHandler.h,598,callable-or-ctor,sdk-25.6-util
AEGP_SUITE_ACCESS_BOILERPLATE,AEGP_SuiteHandler.h,599,callable-or-ctor,sdk-25.6-util
AEGP_SUITE_ACCESS_BOILERPLATE,AEGP_SuiteHandler.h,600,callable-or-ctor,sdk-25.6-util
AEGP_SUITE_ACCESS_BOILERPLATE,AEGP_SuiteHandler.h,601,callable-or-ctor,sdk-25.6-util
AEGP_SUITE_ACCESS_BOILERPLATE,AEGP_SuiteHandler.h,602,callable-or-ctor,sdk-25.6-util
AEGP_SUITE_ACCESS_BOILERPLATE,AEGP_SuiteHandler.h,603,callable-or-ctor,sdk-25.6-util
AEGP_SUITE_ACCESS_BOILERPLATE,AEGP_SuiteHandler.h,604,callable-or-ctor,sdk-25.6-util
AEGP_SUITE_ACCESS_BOILERPLATE,AEGP_SuiteHandler.h,605,callable-or-ctor,sdk-25.6-util
AEGP_SUITE_ACCESS_BOILERPLATE,AEGP_SuiteHandler.h,606,callable-or-ctor,sdk-25.6-util
AEGP_SUITE_ACCESS_BOILERPLATE,AEGP_SuiteHandler.h,607,callable-or-ctor,sdk-25.6-util
AEGP_SUITE_ACCESS_BOILERPLATE,AEGP_SuiteHandler.h,608,callable-or-ctor,sdk-25.6-util
AEGP_SUITE_ACCESS_BOILERPLATE,AEGP_SuiteHandler.h,609,callable-or-ctor,sdk-25.6-util
AEGP_SUITE_ACCESS_BOILERPLATE,AEGP_SuiteHandler.h,610,callable-or-ctor,sdk-25.6-util
AEGP_SUITE_ACCESS_BOILERPLATE,AEGP_SuiteHandler.h,611,callable-or-ctor,sdk-25.6-util
AEGP_SUITE_ACCESS_BOILERPLATE,AEGP_SuiteHandler.h,612,callable-or-ctor,sdk-25.6-util
AEGP_SUITE_ACCESS_BOILERPLATE,AEGP_SuiteHandler.h,613,callable-or-ctor,sdk-25.6-util
AEGP_SUITE_ACCESS_BOILERPLATE,AEGP_SuiteHandler.h,614,callable-or-ctor,sdk-25.6-util
AEGP_SUITE_ACCESS_BOILERPLATE,AEGP_SuiteHandler.h,615,callable-or-ctor,sdk-25.6-util
AEGP_SUITE_ACCESS_BOILERPLATE,AEGP_SuiteHandler.h,616,callable-or-ctor,sdk-25.6-util
AEGP_SUITE_ACCESS_BOILERPLATE,AEGP_SuiteHandler.h,617,callable-or-ctor,sdk-25.6-util
AEGP_SUITE_ACCESS_BOILERPLATE,AEGP_SuiteHandler.h,618,callable-or-ctor,sdk-25.6-util
AEGP_SUITE_ACCESS_BOILERPLATE,AEGP_SuiteHandler.h,619,callable-or-ctor,sdk-25.6-util
AEGP_SUITE_ACCESS_BOILERPLATE,AEGP_SuiteHandler.h,621,callable-or-ctor,sdk-25.6-util
AEGP_SUITE_RELEASE_BOILERPLATE,AEGP_SuiteHandler.h,55,raw-token,sdk-25.6-util
AEGP_SUITE_RELEASE_BOILERPLATE,AEGP_SuiteHandler.h,284,macro,sdk-25.6-util
AEGP_SUITE_RELEASE_BOILERPLATE,AEGP_SuiteHandler.h,290,callable-or-ctor,sdk-25.6-util
AEGP_SUITE_RELEASE_BOILERPLATE,AEGP_SuiteHandler.h,291,callable-or-ctor,sdk-25.6-util
AEGP_SUITE_RELEASE_BOILERPLATE,AEGP_SuiteHandler.h,292,callable-or-ctor,sdk-25.6-util
AEGP_SUITE_RELEASE_BOILERPLATE,AEGP_SuiteHandler.h,293,callable-or-ctor,sdk-25.6-util
AEGP_SUITE_RELEASE_BOILERPLATE,AEGP_SuiteHandler.h,294,callable-or-ctor,sdk-25.6-util
AEGP_SUITE_RELEASE_BOILERPLATE,AEGP_SuiteHandler.h,295,callable-or-ctor,sdk-25.6-util
AEGP_SUITE_RELEASE_BOILERPLATE,AEGP_SuiteHandler.h,296,callable-or-ctor,sdk-25.6-util
AEGP_SUITE_RELEASE_BOILERPLATE,AEGP_SuiteHandler.h,297,callable-or-ctor,sdk-25.6-util
AEGP_SUITE_RELEASE_BOILERPLATE,AEGP_SuiteHandler.h,298,callable-or-ctor,sdk-25.6-util
AEGP_SUITE_RELEASE_BOILERPLATE,AEGP_SuiteHandler.h,299,callable-or-ctor,sdk-25.6-util
AEGP_SUITE_RELEASE_BOILERPLATE,AEGP_SuiteHandler.h,300,callable-or-ctor,sdk-25.6-util
AEGP_SUITE_RELEASE_BOILERPLATE,AEGP_SuiteHandler.h,301,callable-or-ctor,sdk-25.6-util
AEGP_SUITE_RELEASE_BOILERPLATE,AEGP_SuiteHandler.h,302,callable-or-ctor,sdk-25.6-util
AEGP_SUITE_RELEASE_BOILERPLATE,AEGP_SuiteHandler.h,303,callable-or-ctor,sdk-25.6-util
AEGP_SUITE_RELEASE_BOILERPLATE,AEGP_SuiteHandler.h,304,callable-or-ctor,sdk-25.6-util
AEGP_SUITE_RELEASE_BOILERPLATE,AEGP_SuiteHandler.h,305,callable-or-ctor,sdk-25.6-util
AEGP_SUITE_RELEASE_BOILERPLATE,AEGP_SuiteHandler.h,306,callable-or-ctor,sdk-25.6-util
AEGP_SUITE_RELEASE_BOILERPLATE,AEGP_SuiteHandler.h,307,callable-or-ctor,sdk-25.6-util
AEGP_SUITE_RELEASE_BOILERPLATE,AEGP_SuiteHandler.h,308,callable-or-ctor,sdk-25.6-util
AEGP_SUITE_RELEASE_BOILERPLATE,AEGP_SuiteHandler.h,309,callable-or-ctor,sdk-25.6-util
AEGP_SUITE_RELEASE_BOILERPLATE,AEGP_SuiteHandler.h,310,callable-or-ctor,sdk-25.6-util
AEGP_SUITE_RELEASE_BOILERPLATE,AEGP_SuiteHandler.h,311,callable-or-ctor,sdk-25.6-util
AEGP_SUITE_RELEASE_BOILERPLATE,AEGP_SuiteHandler.h,312,callable-or-ctor,sdk-25.6-util
AEGP_SUITE_RELEASE_BOILERPLATE,AEGP_SuiteHandler.h,313,callable-or-ctor,sdk-25.6-util
AEGP_SUITE_RELEASE_BOILERPLATE,AEGP_SuiteHandler.h,314,callable-or-ctor,sdk-25.6-util
AEGP_SUITE_RELEASE_BOILERPLATE,AEGP_SuiteHandler.h,315,callable-or-ctor,sdk-25.6-util
AEGP_SUITE_RELEASE_BOILERPLATE,AEGP_SuiteHandler.h,316,callable-or-ctor,sdk-25.6-util
AEGP_SUITE_RELEASE_BOILERPLATE,AEGP_SuiteHandler.h,317,callable-or-ctor,sdk-25.6-util
AEGP_SUITE_RELEASE_BOILERPLATE,AEGP_SuiteHandler.h,318,callable-or-ctor,sdk-25.6-util
AEGP_SUITE_RELEASE_BOILERPLATE,AEGP_SuiteHandler.h,319,callable-or-ctor,sdk-25.6-util
AEGP_SUITE_RELEASE_BOILERPLATE,AEGP_SuiteHandler.h,320,callable-or-ctor,sdk-25.6-util
AEGP_SUITE_RELEASE_BOILERPLATE,AEGP_SuiteHandler.h,321,callable-or-ctor,sdk-25.6-util
AEGP_SUITE_RELEASE_BOILERPLATE,AEGP_SuiteHandler.h,322,callable-or-ctor,sdk-25.6-util
AEGP_SUITE_RELEASE_BOILERPLATE,AEGP_SuiteHandler.h,323,callable-or-ctor,sdk-25.6-util
AEGP_SUITE_RELEASE_BOILERPLATE,AEGP_SuiteHandler.h,324,callable-or-ctor,sdk-25.6-util
AEGP_SUITE_RELEASE_BOILERPLATE,AEGP_SuiteHandler.h,325,callable-or-ctor,sdk-25.6-util
AEGP_SUITE_RELEASE_BOILERPLATE,AEGP_SuiteHandler.h,326,callable-or-ctor,sdk-25.6-util
AEGP_SUITE_RELEASE_BOILERPLATE,AEGP_SuiteHandler.h,327,callable-or-ctor,sdk-25.6-util
AEGP_SUITE_RELEASE_BOILERPLATE,AEGP_SuiteHandler.h,328,callable-or-ctor,sdk-25.6-util
AEGP_SUITE_RELEASE_BOILERPLATE,AEGP_SuiteHandler.h,329,callable-or-ctor,sdk-25.6-util
AEGP_SUITE_RELEASE_BOILERPLATE,AEGP_SuiteHandler.h,330,callable-or-ctor,sdk-25.6-util
AEGP_SUITE_RELEASE_BOILERPLATE,AEGP_SuiteHandler.h,331,callable-or-ctor,sdk-25.6-util
AEGP_SUITE_RELEASE_BOILERPLATE,AEGP_SuiteHandler.h,332,callable-or-ctor,sdk-25.6-util
AEGP_SUITE_RELEASE_BOILERPLATE,AEGP_SuiteHandler.h,333,callable-or-ctor,sdk-25.6-util
AEGP_SUITE_RELEASE_BOILERPLATE,AEGP_SuiteHandler.h,334,callable-or-ctor,sdk-25.6-util
AEGP_SUITE_RELEASE_BOILERPLATE,AEGP_SuiteHandler.h,335,callable-or-ctor,sdk-25.6-util
AEGP_SUITE_RELEASE_BOILERPLATE,AEGP_SuiteHandler.h,336,callable-or-ctor,sdk-25.6-util
AEGP_SUITE_RELEASE_BOILERPLATE,AEGP_SuiteHandler.h,337,callable-or-ctor,sdk-25.6-util
AEGP_SUITE_RELEASE_BOILERPLATE,AEGP_SuiteHandler.h,338,callable-or-ctor,sdk-25.6-util
AEGP_SUITE_RELEASE_BOILERPLATE,AEGP_SuiteHandler.h,339,callable-or-ctor,sdk-25.6-util
AEGP_SUITE_RELEASE_BOILERPLATE,AEGP_SuiteHandler.h,340,callable-or-ctor,sdk-25.6-util
AEGP_SUITE_RELEASE_BOILERPLATE,AEGP_SuiteHandler.h,341,callable-or-ctor,sdk-25.6-util
AEGP_SUITE_RELEASE_BOILERPLATE,AEGP_SuiteHandler.h,342,callable-or-ctor,sdk-25.6-util
AEGP_SUITE_RELEASE_BOILERPLATE,AEGP_SuiteHandler.h,343,callable-or-ctor,sdk-25.6-util
AEGP_SUITE_RELEASE_BOILERPLATE,AEGP_SuiteHandler.h,344,callable-or-ctor,sdk-25.6-util
AEGP_SUITE_RELEASE_BOILERPLATE,AEGP_SuiteHandler.h,345,callable-or-ctor,sdk-25.6-util
AEGP_SUITE_RELEASE_BOILERPLATE,AEGP_SuiteHandler.h,346,callable-or-ctor,sdk-25.6-util
AEGP_SUITE_RELEASE_BOILERPLATE,AEGP_SuiteHandler.h,347,callable-or-ctor,sdk-25.6-util
AEGP_SUITE_RELEASE_BOILERPLATE,AEGP_SuiteHandler.h,348,callable-or-ctor,sdk-25.6-util
AEGP_SUITE_RELEASE_BOILERPLATE,AEGP_SuiteHandler.h,349,callable-or-ctor,sdk-25.6-util
AEGP_SUITE_RELEASE_BOILERPLATE,AEGP_SuiteHandler.h,350,callable-or-ctor,sdk-25.6-util
AEGP_SUITE_RELEASE_BOILERPLATE,AEGP_SuiteHandler.h,351,callable-or-ctor,sdk-25.6-util
AEGP_SUITE_RELEASE_BOILERPLATE,AEGP_SuiteHandler.h,352,callable-or-ctor,sdk-25.6-util
AEGP_SUITE_RELEASE_BOILERPLATE,AEGP_SuiteHandler.h,353,callable-or-ctor,sdk-25.6-util
AEGP_SUITE_RELEASE_BOILERPLATE,AEGP_SuiteHandler.h,354,callable-or-ctor,sdk-25.6-util
AEGP_SUITE_RELEASE_BOILERPLATE,AEGP_SuiteHandler.h,355,callable-or-ctor,sdk-25.6-util
AEGP_SUITE_RELEASE_BOILERPLATE,AEGP_SuiteHandler.h,356,callable-or-ctor,sdk-25.6-util
AEGP_SUITE_RELEASE_BOILERPLATE,AEGP_SuiteHandler.h,357,callable-or-ctor,sdk-25.6-util
AEGP_SUITE_RELEASE_BOILERPLATE,AEGP_SuiteHandler.h,358,callable-or-ctor,sdk-25.6-util
AEGP_SUITE_RELEASE_BOILERPLATE,AEGP_SuiteHandler.h,359,callable-or-ctor,sdk-25.6-util
AEGP_SUITE_RELEASE_BOILERPLATE,AEGP_SuiteHandler.h,360,callable-or-ctor,sdk-25.6-util
AEGP_SUITE_RELEASE_BOILERPLATE,AEGP_SuiteHandler.h,361,callable-or-ctor,sdk-25.6-util
AEGP_SUITE_RELEASE_BOILERPLATE,AEGP_SuiteHandler.h,362,callable-or-ctor,sdk-25.6-util
AEGP_SUITE_RELEASE_BOILERPLATE,AEGP_SuiteHandler.h,363,callable-or-ctor,sdk-25.6-util
AEGP_SUITE_RELEASE_BOILERPLATE,AEGP_SuiteHandler.h,364,callable-or-ctor,sdk-25.6-util
AEGP_SUITE_RELEASE_BOILERPLATE,AEGP_SuiteHandler.h,365,callable-or-ctor,sdk-25.6-util
AEGP_SUITE_RELEASE_BOILERPLATE,AEGP_SuiteHandler.h,366,callable-or-ctor,sdk-25.6-util
AEGP_SUITE_RELEASE_BOILERPLATE,AEGP_SuiteHandler.h,367,callable-or-ctor,sdk-25.6-util
AEGP_SUITE_RELEASE_BOILERPLATE,AEGP_SuiteHandler.h,368,callable-or-ctor,sdk-25.6-util
AEGP_SUITE_RELEASE_BOILERPLATE,AEGP_SuiteHandler.h,369,callable-or-ctor,sdk-25.6-util
AEGP_SUITE_RELEASE_BOILERPLATE,AEGP_SuiteHandler.h,370,callable-or-ctor,sdk-25.6-util
AEGP_SUITE_RELEASE_BOILERPLATE,AEGP_SuiteHandler.h,371,callable-or-ctor,sdk-25.6-util
AEGP_SUITE_RELEASE_BOILERPLATE,AEGP_SuiteHandler.h,372,callable-or-ctor,sdk-25.6-util
AEGP_SUITE_RELEASE_BOILERPLATE,AEGP_SuiteHandler.h,373,callable-or-ctor,sdk-25.6-util
AEGP_SUITE_RELEASE_BOILERPLATE,AEGP_SuiteHandler.h,374,callable-or-ctor,sdk-25.6-util
AEGP_SUITE_RELEASE_BOILERPLATE,AEGP_SuiteHandler.h,375,callable-or-ctor,sdk-25.6-util
AEGP_SUITE_RELEASE_BOILERPLATE,AEGP_SuiteHandler.h,376,callable-or-ctor,sdk-25.6-util
AEGP_SUITE_RELEASE_BOILERPLATE,AEGP_SuiteHandler.h,377,callable-or-ctor,sdk-25.6-util
AEGP_SUITE_RELEASE_BOILERPLATE,AEGP_SuiteHandler.h,378,callable-or-ctor,sdk-25.6-util
AEGP_SUITE_RELEASE_BOILERPLATE,AEGP_SuiteHandler.h,379,callable-or-ctor,sdk-25.6-util
AEGP_SUITE_RELEASE_BOILERPLATE,AEGP_SuiteHandler.h,380,callable-or-ctor,sdk-25.6-util
AEGP_SUITE_RELEASE_BOILERPLATE,AEGP_SuiteHandler.h,381,callable-or-ctor,sdk-25.6-util
AEGP_SUITE_RELEASE_BOILERPLATE,AEGP_SuiteHandler.h,382,callable-or-ctor,sdk-25.6-util
AEGP_SUITE_RELEASE_BOILERPLATE,AEGP_SuiteHandler.h,383,callable-or-ctor,sdk-25.6-util
AEGP_SUITE_RELEASE_BOILERPLATE,AEGP_SuiteHandler.h,384,callable-or-ctor,sdk-25.6-util
AEGP_SUITE_RELEASE_BOILERPLATE,AEGP_SuiteHandler.h,385,callable-or-ctor,sdk-25.6-util
AEGP_SUITE_RELEASE_BOILERPLATE,AEGP_SuiteHandler.h,386,callable-or-ctor,sdk-25.6-util
AEGP_SUITE_RELEASE_BOILERPLATE,AEGP_SuiteHandler.h,387,callable-or-ctor,sdk-25.6-util
AEGP_SUITE_RELEASE_BOILERPLATE,AEGP_SuiteHandler.h,388,callable-or-ctor,sdk-25.6-util
AEGP_SUITE_RELEASE_BOILERPLATE,AEGP_SuiteHandler.h,389,callable-or-ctor,sdk-25.6-util
AEGP_SUITE_RELEASE_BOILERPLATE,AEGP_SuiteHandler.h,390,callable-or-ctor,sdk-25.6-util
AEGP_SUITE_RELEASE_BOILERPLATE,AEGP_SuiteHandler.h,391,callable-or-ctor,sdk-25.6-util
AEGP_SUITE_RELEASE_BOILERPLATE,AEGP_SuiteHandler.h,392,callable-or-ctor,sdk-25.6-util
AEGP_SUITE_RELEASE_BOILERPLATE,AEGP_SuiteHandler.h,393,callable-or-ctor,sdk-25.6-util
AEGP_SUITE_RELEASE_BOILERPLATE,AEGP_SuiteHandler.h,394,callable-or-ctor,sdk-25.6-util
AEGP_SUITE_RELEASE_BOILERPLATE,AEGP_SuiteHandler.h,395,callable-or-ctor,sdk-25.6-util
AEGP_SUITE_RELEASE_BOILERPLATE,AEGP_SuiteHandler.h,396,callable-or-ctor,sdk-25.6-util
AEGP_SUITE_RELEASE_BOILERPLATE,AEGP_SuiteHandler.h,398,callable-or-ctor,sdk-25.6-util
AEGP_SUITE_RELEASE_BOILERPLATE,AEGP_SuiteHandler.h,399,callable-or-ctor,sdk-25.6-util
AEGP_SUITE_RELEASE_BOILERPLATE,AEGP_SuiteHandler.h,400,callable-or-ctor,sdk-25.6-util
AEGP_SUITE_RELEASE_BOILERPLATE,AEGP_SuiteHandler.h,401,callable-or-ctor,sdk-25.6-util
AEGP_SUITE_RELEASE_BOILERPLATE,AEGP_SuiteHandler.h,402,callable-or-ctor,sdk-25.6-util
AEGP_SUITE_RELEASE_BOILERPLATE,AEGP_SuiteHandler.h,403,callable-or-ctor,sdk-25.6-util
AEGP_SUITE_RELEASE_BOILERPLATE,AEGP_SuiteHandler.h,404,callable-or-ctor,sdk-25.6-util
AEGP_SUITE_RELEASE_BOILERPLATE,AEGP_SuiteHandler.h,406,callable-or-ctor,sdk-25.6-util
AEGP_SUITE_RELEASE_BOILERPLATE,AEGP_SuiteHandler.h,407,callable-or-ctor,sdk-25.6-util
AEGP_SUITE_RELEASE_BOILERPLATE,AEGP_SuiteHandler.h,408,callable-or-ctor,sdk-25.6-util
AEGP_SUITE_RELEASE_BOILERPLATE,AEGP_SuiteHandler.h,409,callable-or-ctor,sdk-25.6-util
AEGP_SUITE_RELEASE_BOILERPLATE,AEGP_SuiteHandler.h,410,callable-or-ctor,sdk-25.6-util
AEGP_SUITE_RELEASE_BOILERPLATE,AEGP_SuiteHandler.h,411,callable-or-ctor,sdk-25.6-util
AEGP_SUITE_RELEASE_BOILERPLATE,AEGP_SuiteHandler.h,412,callable-or-ctor,sdk-25.6-util
AEGP_SUITE_RELEASE_BOILERPLATE,AEGP_SuiteHandler.h,413,callable-or-ctor,sdk-25.6-util
AEGP_SUITE_RELEASE_BOILERPLATE,AEGP_SuiteHandler.h,414,callable-or-ctor,sdk-25.6-util
AEGP_SUITE_RELEASE_BOILERPLATE,AEGP_SuiteHandler.h,415,callable-or-ctor,sdk-25.6-util
AEGP_SUITE_RELEASE_BOILERPLATE,AEGP_SuiteHandler.h,416,callable-or-ctor,sdk-25.6-util
AEGP_SUITE_RELEASE_BOILERPLATE,AEGP_SuiteHandler.h,417,callable-or-ctor,sdk-25.6-util
AEGP_SUITE_RELEASE_BOILERPLATE,AEGP_SuiteHandler.h,418,callable-or-ctor,sdk-25.6-util
AEGP_SUITE_RELEASE_BOILERPLATE,AEGP_SuiteHandler.h,419,callable-or-ctor,sdk-25.6-util
AEGP_SUITE_RELEASE_BOILERPLATE,AEGP_SuiteHandler.h,420,callable-or-ctor,sdk-25.6-util
AEGP_SUITE_RELEASE_BOILERPLATE,AEGP_SuiteHandler.h,421,callable-or-ctor,sdk-25.6-util
AEGP_SUITE_RELEASE_BOILERPLATE,AEGP_SuiteHandler.h,422,callable-or-ctor,sdk-25.6-util
AEGP_SUITE_RELEASE_BOILERPLATE,AEGP_SuiteHandler.h,423,callable-or-ctor,sdk-25.6-util
AEGP_SUITE_RELEASE_BOILERPLATE,AEGP_SuiteHandler.h,424,callable-or-ctor,sdk-25.6-util
AEGP_SUITE_RELEASE_BOILERPLATE,AEGP_SuiteHandler.h,425,callable-or-ctor,sdk-25.6-util
AEGP_SUITE_RELEASE_BOILERPLATE,AEGP_SuiteHandler.h,426,callable-or-ctor,sdk-25.6-util
AEGP_SUITE_RELEASE_BOILERPLATE,AEGP_SuiteHandler.h,427,callable-or-ctor,sdk-25.6-util
AEGP_SUITE_RELEASE_BOILERPLATE,AEGP_SuiteHandler.h,428,callable-or-ctor,sdk-25.6-util
AEGP_SUITE_RELEASE_BOILERPLATE,AEGP_SuiteHandler.h,429,callable-or-ctor,sdk-25.6-util
AEGP_SUITE_RELEASE_BOILERPLATE,AEGP_SuiteHandler.h,430,callable-or-ctor,sdk-25.6-util
AEGP_SUITE_RELEASE_BOILERPLATE,AEGP_SuiteHandler.h,431,callable-or-ctor,sdk-25.6-util
AEGP_SUITE_RELEASE_BOILERPLATE,AEGP_SuiteHandler.h,432,callable-or-ctor,sdk-25.6-util
AEGP_SUITE_RELEASE_BOILERPLATE,AEGP_SuiteHandler.h,433,callable-or-ctor,sdk-25.6-util
AEGP_SUITE_RELEASE_BOILERPLATE,AEGP_SuiteHandler.h,434,callable-or-ctor,sdk-25.6-util
AEGP_SUITE_RELEASE_BOILERPLATE,AEGP_SuiteHandler.h,435,callable-or-ctor,sdk-25.6-util
AEGP_SUITE_RELEASE_BOILERPLATE,AEGP_SuiteHandler.h,436,callable-or-ctor,sdk-25.6-util
AEGP_SUITE_RELEASE_BOILERPLATE,AEGP_SuiteHandler.h,437,callable-or-ctor,sdk-25.6-util
AEGP_SUITE_RELEASE_BOILERPLATE,AEGP_SuiteHandler.h,438,callable-or-ctor,sdk-25.6-util
AEGP_SUITE_RELEASE_BOILERPLATE,AEGP_SuiteHandler.h,439,callable-or-ctor,sdk-25.6-util
AEGP_SUITE_RELEASE_BOILERPLATE,AEGP_SuiteHandler.h,440,callable-or-ctor,sdk-25.6-util
AEGP_SoundDataSuite1,AEGP_SuiteHandler.h,193,raw-token,sdk-25.6-util
AEGP_StreamSuite1,AEGP_SuiteHandler.h,226,raw-token,sdk-25.6-util
AEGP_StreamSuite2,AEGP_SuiteHandler.h,120,raw-token,sdk-25.6-util
AEGP_StreamSuite3,AEGP_SuiteHandler.h,102,raw-token,sdk-25.6-util
AEGP_StreamSuite4,AEGP_SuiteHandler.h,103,raw-token,sdk-25.6-util
AEGP_StreamSuite5,AEGP_SuiteHandler.h,104,raw-token,sdk-25.6-util
AEGP_StreamSuite6,AEGP_SuiteHandler.h,105,raw-token,sdk-25.6-util
AEGP_SuiteHandler,AEFX_SuiteHelper.h,27,raw-token,sdk-25.6-util
AEGP_SuiteHandler,AEGP_SuiteHandler.h,24,raw-token,sdk-25.6-util
AEGP_SuiteHandler,AEGP_SuiteHandler.h,37,raw-token,sdk-25.6-util
AEGP_SuiteHandler,AEGP_SuiteHandler.h,42,raw-token,sdk-25.6-util
AEGP_SuiteHandler,AEGP_SuiteHandler.h,60,raw-token,sdk-25.6-util
AEGP_SuiteHandler,AEGP_SuiteHandler.h,87,type,sdk-25.6-util
AEGP_SuiteHandler,AEGP_SuiteHandler.h,91,callable-or-ctor,sdk-25.6-util
AEGP_SuiteHandler,AEGP_SuiteHandler.h,92,raw-token,sdk-25.6-util
AEGP_SuiteHandler,AEGP_SuiteHandler.h,449,callable-or-ctor,sdk-25.6-util
AEGP_SuiteHandler,AEGP_SuiteHandler.h,450,callable-or-ctor,sdk-25.6-util
AEGP_SuiteHandler,AEGP_Utils.h,3,raw-token,sdk-25.6-util
AEGP_TextDocumentSuite1,AEGP_SuiteHandler.h,192,raw-token,sdk-25.6-util
AEGP_TextLayerSuite1,AEGP_SuiteHandler.h,196,raw-token,sdk-25.6-util
AEGP_TrackerSuite1,AEGP_SuiteHandler.h,204,raw-token,sdk-25.6-util
AEGP_TrackerUtilitySuite1,AEGP_SuiteHandler.h,205,raw-token,sdk-25.6-util
AEGP_UtilitySuite1,AEGP_SuiteHandler.h,231,raw-token,sdk-25.6-util
AEGP_UtilitySuite3,AEGP_SuiteHandler.h,152,raw-token,sdk-25.6-util
AEGP_UtilitySuite4,AEGP_SuiteHandler.h,237,raw-token,sdk-25.6-util
AEGP_UtilitySuite5,AEGP_SuiteHandler.h,246,raw-token,sdk-25.6-util
AEGP_UtilitySuite6,AEGP_SuiteHandler.h,247,raw-token,sdk-25.6-util
AEGP_WorldSuite2,AEGP_SuiteHandler.h,198,raw-token,sdk-25.6-util
AEGP_WorldSuite3,AEGP_SuiteHandler.h,199,raw-token,sdk-25.6-util
AE_AdvEffectSuites,AEGP_SuiteHandler.h,70,raw-token,sdk-25.6-util
AE_ENTRY_POINT,entry.h,37,macro,sdk-25.6-util
AE_ENTRY_POINT,entry.h,45,raw-token,sdk-25.6-util
AE_Effect,AEFX_ArbParseHelper.h,10,raw-token,sdk-25.6-util
AE_Effect,Param_Utils.h,5,raw-token,sdk-25.6-util
AE_Effect,Smart_Utils.h,22,raw-token,sdk-25.6-util
AE_EffectCB,AEFX_SuiteHelper.h,32,raw-token,sdk-25.6-util
AE_EffectCB,Param_Utils.h,6,raw-token,sdk-25.6-util
AE_EffectCBSuites,AEGP_SuiteHandler.h,71,raw-token,sdk-25.6-util
AE_EffectSuites,AEFX_SuiteHelper.h,33,raw-token,sdk-25.6-util
AE_EffectSuites,AEGP_SuiteHandler.h,69,raw-token,sdk-25.6-util
AE_EffectSuitesHelper,AEGP_SuiteHandler.h,72,raw-token,sdk-25.6-util
AE_GeneralPlug,AEGP_SuiteHandler.h,68,raw-token,sdk-25.6-util
AE_GeneralPlug,AEGP_Utils.h,2,raw-token,sdk-25.6-util
AE_Macros,AEGP_Utils.h,4,raw-token,sdk-25.6-util
AE_Macros,Param_Utils.h,7,raw-token,sdk-25.6-util
AE_OS_MAC,entry.h,32,raw-token,sdk-25.6-util
AE_OS_WIN,DuckSuite.h,4,raw-token,sdk-25.6-util
AE_OS_WIN,Param_Utils.h,13,raw-token,sdk-25.6-util
AE_OS_WIN,entry.h,30,raw-token,sdk-25.6-util
AE_PluginData,entry.h,28,raw-token,sdk-25.6-util
AE_RESERVED_INFO,entry.h,38,macro,sdk-25.6-util
A_Err,AEGP_Utils.h,6,raw-token,sdk-25.6-util
A_Err,DuckSuite.h,12,callable-or-ctor,sdk-25.6-util
A_Err_NONE,entry.h,50,raw-token,sdk-25.6-util
A_Err_NONE,entry.h,66,raw-token,sdk-25.6-util
A_THROW,AEFX_SuiteHelper.h,88,callable-or-ctor,sdk-25.6-util
A_THROW,AEFX_SuiteHelper.h,134,callable-or-ctor,sdk-25.6-util
A_char,AEFX_ArbParseHelper.h,41,raw-token,sdk-25.6-util
A_char,AEFX_ArbParseHelper.h,43,raw-token,sdk-25.6-util
A_char,AEFX_ArbParseHelper.h,50,raw-token,sdk-25.6-util
A_char,AEFX_ArbParseHelper.h,58,raw-token,sdk-25.6-util
A_char,AEFX_ArbParseHelper.h,59,raw-token,sdk-25.6-util
A_char,AEFX_ArbParseHelper.h,66,raw-token,sdk-25.6-util
A_char,AEFX_ArbParseHelper.h,68,raw-token,sdk-25.6-util
A_char,AEGP_SuiteHandler.h,268,raw-token,sdk-25.6-util
A_char,AEGP_SuiteHandler.h,280,raw-token,sdk-25.6-util
A_char,String_Utils.h,35,raw-token,sdk-25.6-util
A_long,AEFX_ArbParseHelper.h,31,raw-token,sdk-25.6-util
A_long,AEFX_ChannelDepthTpl.h,49,raw-token,sdk-25.6-util
A_long,AEFX_ChannelDepthTpl.h,52,raw-token,sdk-25.6-util
A_long,AEGP_SuiteHandler.h,268,raw-token,sdk-25.6-util
A_long,AEGP_SuiteHandler.h,271,raw-token,sdk-25.6-util
A_long,AEGP_SuiteHandler.h,280,raw-token,sdk-25.6-util
A_long,Param_Utils.h,82,raw-token,sdk-25.6-util
A_long,Param_Utils.h,104,raw-token,sdk-25.6-util
A_long,Param_Utils.h,137,raw-token,sdk-25.6-util
A_long,Param_Utils.h,391,raw-token,sdk-25.6-util
A_long,Smart_Utils.h,34,raw-token,sdk-25.6-util
A_u_char,entry.h,42,raw-token,sdk-25.6-util
A_u_char,entry.h,43,raw-token,sdk-25.6-util
A_u_char,entry.h,44,raw-token,sdk-25.6-util
A_u_char,entry.h,45,raw-token,sdk-25.6-util
A_u_char,entry.h,57,raw-token,sdk-25.6-util
A_u_char,entry.h,58,raw-token,sdk-25.6-util
A_u_char,entry.h,59,raw-token,sdk-25.6-util
A_u_char,entry.h,60,raw-token,sdk-25.6-util
A_u_char,entry.h,65,raw-token,sdk-25.6-util
A_u_long,AEFX_ArbParseHelper.h,42,raw-token,sdk-25.6-util
A_u_long,AEFX_ArbParseHelper.h,44,raw-token,sdk-25.6-util
A_u_long,AEFX_ArbParseHelper.h,51,raw-token,sdk-25.6-util
A_u_long,AEFX_ArbParseHelper.h,60,raw-token,sdk-25.6-util
A_u_long,AEFX_ArbParseHelper.h,67,raw-token,sdk-25.6-util
A_u_short,DuckSuite.h,12,raw-token,sdk-25.6-util
DRAWBOT_,AEGP_SuiteHandler.h,616,raw-token,sdk-25.6-util
DRAWBOT_,AEGP_SuiteHandler.h,617,raw-token,sdk-25.6-util
DRAWBOT_,AEGP_SuiteHandler.h,618,raw-token,sdk-25.6-util
DRAWBOT_,AEGP_SuiteHandler.h,619,raw-token,sdk-25.6-util
DRAWBOT_DrawbotSuiteCurrent,AEGP_SuiteHandler.h,253,raw-token,sdk-25.6-util
DRAWBOT_PathSuiteCurrent,AEGP_SuiteHandler.h,256,raw-token,sdk-25.6-util
DRAWBOT_Suites,AEFX_SuiteHelper.h,59,raw-token,sdk-25.6-util
DRAWBOT_Suites,AEFX_SuiteHelper.h,138,raw-token,sdk-25.6-util
DRAWBOT_Suites,AEFX_SuiteHelper.h,149,raw-token,sdk-25.6-util
DRAWBOT_SupplierSuiteCurrent,AEGP_SuiteHandler.h,254,raw-token,sdk-25.6-util
DRAWBOT_SurfaceSuiteCurrent,AEGP_SuiteHandler.h,255,raw-token,sdk-25.6-util
PF,AEGP_SuiteHandler.h,513,raw-token,sdk-25.6-util
PF,AEGP_SuiteHandler.h,514,raw-token,sdk-25.6-util
PF,AEGP_SuiteHandler.h,515,raw-token,sdk-25.6-util
PFAppSuite4,AEGP_SuiteHandler.h,171,raw-token,sdk-25.6-util
PFAppSuite5,AEGP_SuiteHandler.h,172,raw-token,sdk-25.6-util
PFAppSuite6,AEGP_SuiteHandler.h,173,raw-token,sdk-25.6-util
PFInterfaceSuite,AEGP_SuiteHandler.h,507,raw-token,sdk-25.6-util
PF_,AEGP_SuiteHandler.h,509,raw-token,sdk-25.6-util
PF_,AEGP_SuiteHandler.h,510,raw-token,sdk-25.6-util
PF_,AEGP_SuiteHandler.h,511,raw-token,sdk-25.6-util
PF_,AEGP_SuiteHandler.h,512,raw-token,sdk-25.6-util
PF_,AEGP_SuiteHandler.h,516,raw-token,sdk-25.6-util
PF_,AEGP_SuiteHandler.h,536,raw-token,sdk-25.6-util
PF_,AEGP_SuiteHandler.h,537,raw-token,sdk-25.6-util
PF_,AEGP_SuiteHandler.h,538,raw-token,sdk-25.6-util
PF_,AEGP_SuiteHandler.h,539,raw-token,sdk-25.6-util
PF_,AEGP_SuiteHandler.h,542,raw-token,sdk-25.6-util
PF_,AEGP_SuiteHandler.h,549,raw-token,sdk-25.6-util
PF_,AEGP_SuiteHandler.h,550,raw-token,sdk-25.6-util
PF_,AEGP_SuiteHandler.h,551,raw-token,sdk-25.6-util
PF_,AEGP_SuiteHandler.h,552,raw-token,sdk-25.6-util
PF_,AEGP_SuiteHandler.h,553,raw-token,sdk-25.6-util
PF_,AEGP_SuiteHandler.h,554,raw-token,sdk-25.6-util
PF_,AEGP_SuiteHandler.h,555,raw-token,sdk-25.6-util
PF_,AEGP_SuiteHandler.h,556,raw-token,sdk-25.6-util
PF_,AEGP_SuiteHandler.h,569,raw-token,sdk-25.6-util
PF_,AEGP_SuiteHandler.h,585,raw-token,sdk-25.6-util
PF_,AEGP_SuiteHandler.h,591,raw-token,sdk-25.6-util
PF_,AEGP_SuiteHandler.h,607,raw-token,sdk-25.6-util
PF_,AEGP_SuiteHandler.h,610,raw-token,sdk-25.6-util
PF_,AEGP_SuiteHandler.h,613,raw-token,sdk-25.6-util
PF_,AEGP_SuiteHandler.h,614,raw-token,sdk-25.6-util
PF_,AEGP_SuiteHandler.h,615,raw-token,sdk-25.6-util
PF_ADD_255_SLIDER,Param_Utils.h,254,macro,sdk-25.6-util
PF_ADD_ANGLE,Param_Utils.h,203,macro,sdk-25.6-util
PF_ADD_ARBITRARY,Param_Utils.h,66,macro,sdk-25.6-util
PF_ADD_ARBITRARY2,Param_Utils.h,48,macro,sdk-25.6-util
PF_ADD_ARBITRARY2,Param_Utils.h,67,callable-or-ctor,sdk-25.6-util
PF_ADD_BUTTON,Param_Utils.h,188,macro,sdk-25.6-util
PF_ADD_CHECKBOX,Param_Utils.h,164,macro,sdk-25.6-util
PF_ADD_CHECKBOX,Param_Utils.h,183,callable-or-ctor,sdk-25.6-util
PF_ADD_CHECKBOXX,Param_Utils.h,180,macro,sdk-25.6-util
PF_ADD_COLOR,Param_Utils.h,32,macro,sdk-25.6-util
PF_ADD_FIXED,Param_Utils.h,109,macro,sdk-25.6-util
PF_ADD_FIXED,Param_Utils.h,258,callable-or-ctor,sdk-25.6-util
PF_ADD_FIXED_PRECONVERTED,Param_Utils.h,89,macro,sdk-25.6-util
PF_ADD_FIXED_PRECONVERTED,Param_Utils.h,110,callable-or-ctor,sdk-25.6-util
PF_ADD_FLOAT_EXPONENTIAL_SLIDER,Param_Utils.h,154,macro,sdk-25.6-util
PF_ADD_FLOAT_SLIDER,Param_Utils.h,122,macro,sdk-25.6-util
PF_ADD_FLOAT_SLIDER,Param_Utils.h,148,callable-or-ctor,sdk-25.6-util
PF_ADD_FLOAT_SLIDER,Param_Utils.h,159,callable-or-ctor,sdk-25.6-util
PF_ADD_FLOAT_SLIDER,Param_Utils.h,358,callable-or-ctor,sdk-25.6-util
PF_ADD_FLOAT_SLIDERX,Param_Utils.h,144,macro,sdk-25.6-util
PF_ADD_FLOAT_SLIDERX_DISABLED,Param_Utils.h,353,macro,sdk-25.6-util
PF_ADD_LAYER,Param_Utils.h,243,macro,sdk-25.6-util
PF_ADD_NULL,Param_Utils.h,216,macro,sdk-25.6-util
PF_ADD_PARAM,Param_Utils.h,43,callable-or-ctor,sdk-25.6-util
PF_ADD_PARAM,Param_Utils.h,62,callable-or-ctor,sdk-25.6-util
PF_ADD_PARAM,Param_Utils.h,83,callable-or-ctor,sdk-25.6-util
PF_ADD_PARAM,Param_Utils.h,105,callable-or-ctor,sdk-25.6-util
PF_ADD_PARAM,Param_Utils.h,138,callable-or-ctor,sdk-25.6-util
PF_ADD_PARAM,Param_Utils.h,174,callable-or-ctor,sdk-25.6-util
PF_ADD_PARAM,Param_Utils.h,198,callable-or-ctor,sdk-25.6-util
PF_ADD_PARAM,Param_Utils.h,210,callable-or-ctor,sdk-25.6-util
PF_ADD_PARAM,Param_Utils.h,222,callable-or-ctor,sdk-25.6-util
PF_ADD_PARAM,Param_Utils.h,238,callable-or-ctor,sdk-25.6-util
PF_ADD_PARAM,Param_Utils.h,250,callable-or-ctor,sdk-25.6-util
PF_ADD_PARAM,Param_Utils.h,270,callable-or-ctor,sdk-25.6-util
PF_ADD_PARAM,Param_Utils.h,293,callable-or-ctor,sdk-25.6-util
PF_ADD_PARAM,Param_Utils.h,304,callable-or-ctor,sdk-25.6-util
PF_ADD_PARAM,Param_Utils.h,314,callable-or-ctor,sdk-25.6-util
PF_ADD_PARAM,Param_Utils.h,329,callable-or-ctor,sdk-25.6-util
PF_ADD_PERCENT,Param_Utils.h,257,macro,sdk-25.6-util
PF_ADD_POINT,Param_Utils.h,273,macro,sdk-25.6-util
PF_ADD_POINT,Param_Utils.h,399,callable-or-ctor,sdk-25.6-util
PF_ADD_POINT_3D,Param_Utils.h,283,macro,sdk-25.6-util
PF_ADD_POINT_PRECONVERTED,Param_Utils.h,261,macro,sdk-25.6-util
PF_ADD_POINT_PRECONVERTED,Param_Utils.h,274,callable-or-ctor,sdk-25.6-util
PF_ADD_POPUP,Param_Utils.h,228,macro,sdk-25.6-util
PF_ADD_POPUP,Param_Utils.h,348,callable-or-ctor,sdk-25.6-util
PF_ADD_POPUPX,Param_Utils.h,344,macro,sdk-25.6-util
PF_ADD_SLIDER,Param_Utils.h,70,macro,sdk-25.6-util
PF_ADD_SLIDER,Param_Utils.h,255,callable-or-ctor,sdk-25.6-util
PF_ADD_TOPIC,Param_Utils.h,298,macro,sdk-25.6-util
PF_ADD_TOPIC,Param_Utils.h,339,callable-or-ctor,sdk-25.6-util
PF_ADD_TOPICX,Param_Utils.h,335,macro,sdk-25.6-util
PF_ADD_VERSIONED_FLAG,Param_Utils.h,319,macro,sdk-25.6-util
PF_AE_PLUG_IN_SUBVERS,entry.h,48,raw-token,sdk-25.6-util
PF_AE_PLUG_IN_SUBVERS,entry.h,63,raw-token,sdk-25.6-util
PF_AE_PLUG_IN_VERSION,entry.h,47,raw-token,sdk-25.6-util
PF_AE_PLUG_IN_VERSION,entry.h,62,raw-token,sdk-25.6-util
PF_ANSICallbacksSuite1,AEGP_SuiteHandler.h,158,raw-token,sdk-25.6-util
PF_AddPointControl,Param_Utils.h,384,callable-or-ctor,sdk-25.6-util
PF_AdvAppSuite1,AEGP_SuiteHandler.h,230,raw-token,sdk-25.6-util
PF_AdvAppSuite2,AEGP_SuiteHandler.h,174,raw-token,sdk-25.6-util
PF_AdvItemSuite1,AEGP_SuiteHandler.h,242,raw-token,sdk-25.6-util
PF_AdvTimeSuite4,AEGP_SuiteHandler.h,167,raw-token,sdk-25.6-util
PF_Boolean,AEFX_ArbParseHelper.h,61,raw-token,sdk-25.6-util
PF_Boolean,Param_Utils.h,171,raw-token,sdk-25.6-util
PF_Boolean,Smart_Utils.h,30,raw-token,sdk-25.6-util
PF_Boolean,Smart_Utils.h,34,raw-token,sdk-25.6-util
PF_ColorParamSuite1,AEGP_SuiteHandler.h,244,raw-token,sdk-25.6-util
PF_DEF_NAME,Param_Utils.h,36,raw-token,sdk-25.6-util
PF_DEF_NAME,Param_Utils.h,53,raw-token,sdk-25.6-util
PF_DEF_NAME,Param_Utils.h,74,raw-token,sdk-25.6-util
PF_DEF_NAME,Param_Utils.h,93,raw-token,sdk-25.6-util
PF_DEF_NAME,Param_Utils.h,126,raw-token,sdk-25.6-util
PF_DEF_NAME,Param_Utils.h,168,raw-token,sdk-25.6-util
PF_DEF_NAME,Param_Utils.h,193,raw-token,sdk-25.6-util
PF_DEF_NAME,Param_Utils.h,207,raw-token,sdk-25.6-util
PF_DEF_NAME,Param_Utils.h,220,raw-token,sdk-25.6-util
PF_DEF_NAME,Param_Utils.h,232,raw-token,sdk-25.6-util
PF_DEF_NAME,Param_Utils.h,247,raw-token,sdk-25.6-util
PF_DEF_NAME,Param_Utils.h,265,raw-token,sdk-25.6-util
PF_DEF_NAME,Param_Utils.h,288,raw-token,sdk-25.6-util
PF_DEF_NAME,Param_Utils.h,302,raw-token,sdk-25.6-util
PF_DEF_NAME,Param_Utils.h,323,raw-token,sdk-25.6-util
PF_DEF_NAMEPTR,Param_Utils.h,169,raw-token,sdk-25.6-util
PF_DEF_NAMEPTR,Param_Utils.h,324,raw-token,sdk-25.6-util
PF_DEF_NAMESPTR,Param_Utils.h,194,raw-token,sdk-25.6-util
PF_DEF_NAMESPTR,Param_Utils.h,236,raw-token,sdk-25.6-util
PF_END_TOPIC,Param_Utils.h,309,macro,sdk-25.6-util
PF_EffectCustomUIOverlayThemeSuite1,AEGP_SuiteHandler.h,250,raw-token,sdk-25.6-util
PF_EffectCustomUISuite1,AEGP_SuiteHandler.h,248,raw-token,sdk-25.6-util
PF_EffectCustomUISuite2,AEGP_SuiteHandler.h,249,raw-token,sdk-25.6-util
PF_Err,AEFX_ArbParseHelper.h,40,raw-token,sdk-25.6-util
PF_Err,AEFX_ArbParseHelper.h,47,raw-token,sdk-25.6-util
PF_Err,AEFX_ArbParseHelper.h,55,raw-token,sdk-25.6-util
PF_Err,AEFX_ArbParseHelper.h,63,raw-token,sdk-25.6-util
PF_Err,AEFX_SuiteHelper.h,42,raw-token,sdk-25.6-util
PF_Err,AEFX_SuiteHelper.h,50,raw-token,sdk-25.6-util
PF_Err,AEFX_SuiteHelper.h,57,raw-token,sdk-25.6-util
PF_Err,AEFX_SuiteHelper.h,62,raw-token,sdk-25.6-util
PF_Err,AEFX_SuiteHelper.h,85,raw-token,sdk-25.6-util
PF_Err,AEFX_SuiteHelper.h,131,raw-token,sdk-25.6-util
PF_Err,Param_Utils.h,34,raw-token,sdk-25.6-util
PF_Err,Param_Utils.h,50,raw-token,sdk-25.6-util
PF_Err,Param_Utils.h,72,raw-token,sdk-25.6-util
PF_Err,Param_Utils.h,91,raw-token,sdk-25.6-util
PF_Err,Param_Utils.h,124,raw-token,sdk-25.6-util
PF_Err,Param_Utils.h,166,raw-token,sdk-25.6-util
PF_Err,Param_Utils.h,191,raw-token,sdk-25.6-util
PF_Err,Param_Utils.h,205,raw-token,sdk-25.6-util
PF_Err,Param_Utils.h,218,raw-token,sdk-25.6-util
PF_Err,Param_Utils.h,230,raw-token,sdk-25.6-util
PF_Err,Param_Utils.h,245,raw-token,sdk-25.6-util
PF_Err,Param_Utils.h,263,raw-token,sdk-25.6-util
PF_Err,Param_Utils.h,286,raw-token,sdk-25.6-util
PF_Err,Param_Utils.h,300,raw-token,sdk-25.6-util
PF_Err,Param_Utils.h,311,raw-token,sdk-25.6-util
PF_Err,Param_Utils.h,321,raw-token,sdk-25.6-util
PF_Err,Param_Utils.h,384,raw-token,sdk-25.6-util
PF_Err_NONE,Param_Utils.h,34,raw-token,sdk-25.6-util
PF_Err_NONE,Param_Utils.h,43,raw-token,sdk-25.6-util
PF_Err_NONE,Param_Utils.h,50,raw-token,sdk-25.6-util
PF_Err_NONE,Param_Utils.h,62,raw-token,sdk-25.6-util
PF_Err_NONE,Param_Utils.h,72,raw-token,sdk-25.6-util
PF_Err_NONE,Param_Utils.h,83,raw-token,sdk-25.6-util
PF_Err_NONE,Param_Utils.h,91,raw-token,sdk-25.6-util
PF_Err_NONE,Param_Utils.h,105,raw-token,sdk-25.6-util
PF_Err_NONE,Param_Utils.h,124,raw-token,sdk-25.6-util
PF_Err_NONE,Param_Utils.h,138,raw-token,sdk-25.6-util
PF_Err_NONE,Param_Utils.h,166,raw-token,sdk-25.6-util
PF_Err_NONE,Param_Utils.h,174,raw-token,sdk-25.6-util
PF_Err_NONE,Param_Utils.h,191,raw-token,sdk-25.6-util
PF_Err_NONE,Param_Utils.h,198,raw-token,sdk-25.6-util
PF_Err_NONE,Param_Utils.h,205,raw-token,sdk-25.6-util
PF_Err_NONE,Param_Utils.h,210,raw-token,sdk-25.6-util
PF_Err_NONE,Param_Utils.h,218,raw-token,sdk-25.6-util
PF_Err_NONE,Param_Utils.h,222,raw-token,sdk-25.6-util
PF_Err_NONE,Param_Utils.h,230,raw-token,sdk-25.6-util
PF_Err_NONE,Param_Utils.h,238,raw-token,sdk-25.6-util
PF_Err_NONE,Param_Utils.h,245,raw-token,sdk-25.6-util
PF_Err_NONE,Param_Utils.h,250,raw-token,sdk-25.6-util
PF_Err_NONE,Param_Utils.h,263,raw-token,sdk-25.6-util
PF_Err_NONE,Param_Utils.h,270,raw-token,sdk-25.6-util
PF_Err_NONE,Param_Utils.h,286,raw-token,sdk-25.6-util
PF_Err_NONE,Param_Utils.h,293,raw-token,sdk-25.6-util
PF_Err_NONE,Param_Utils.h,300,raw-token,sdk-25.6-util
PF_Err_NONE,Param_Utils.h,304,raw-token,sdk-25.6-util
PF_Err_NONE,Param_Utils.h,311,raw-token,sdk-25.6-util
PF_Err_NONE,Param_Utils.h,314,raw-token,sdk-25.6-util
PF_Err_NONE,Param_Utils.h,321,raw-token,sdk-25.6-util
PF_Err_NONE,Param_Utils.h,329,raw-token,sdk-25.6-util
PF_Err_NONE,Param_Utils.h,401,raw-token,sdk-25.6-util
PF_Err_NONE,entry.h,52,raw-token,sdk-25.6-util
PF_Err_NONE,entry.h,68,raw-token,sdk-25.6-util
PF_FSliderFlag_WANT_PHASE,Param_Utils.h,135,raw-token,sdk-25.6-util
PF_FillMatteSuite2,AEGP_SuiteHandler.h,160,raw-token,sdk-25.6-util
PF_FpLong,AEFX_ArbParseHelper.h,52,raw-token,sdk-25.6-util
PF_FpShort,Param_Utils.h,127,raw-token,sdk-25.6-util
PF_FpShort,Param_Utils.h,128,raw-token,sdk-25.6-util
PF_FpShort,Param_Utils.h,129,raw-token,sdk-25.6-util
PF_FpShort,Param_Utils.h,130,raw-token,sdk-25.6-util
PF_FpShort,Param_Utils.h,131,raw-token,sdk-25.6-util
PF_FpShort,Param_Utils.h,132,raw-token,sdk-25.6-util
PF_FpShort,Param_Utils.h,136,raw-token,sdk-25.6-util
PF_FpShort,Param_Utils.h,158,raw-token,sdk-25.6-util
PF_HandleSuite1,AEGP_SuiteHandler.h,159,raw-token,sdk-25.6-util
PF_HelperSuite2,AEGP_SuiteHandler.h,206,raw-token,sdk-25.6-util
PF_InData,AEFX_ArbParseHelper.h,48,raw-token,sdk-25.6-util
PF_InData,AEFX_ArbParseHelper.h,56,raw-token,sdk-25.6-util
PF_InData,AEFX_ArbParseHelper.h,64,raw-token,sdk-25.6-util
PF_InData,AEFX_SuiteHelper.h,42,raw-token,sdk-25.6-util
PF_InData,AEFX_SuiteHelper.h,50,raw-token,sdk-25.6-util
PF_InData,AEFX_SuiteHelper.h,57,raw-token,sdk-25.6-util
PF_InData,AEFX_SuiteHelper.h,62,raw-token,sdk-25.6-util
PF_InData,AEFX_SuiteHelper.h,77,raw-token,sdk-25.6-util
PF_InData,AEFX_SuiteHelper.h,111,raw-token,sdk-25.6-util
PF_InData,AEFX_SuiteHelper.h,126,raw-token,sdk-25.6-util
PF_InData,AEFX_SuiteHelper.h,150,raw-token,sdk-25.6-util
PF_InData,Param_Utils.h,384,raw-token,sdk-25.6-util
PF_Iterate8Suite1,AEGP_SuiteHandler.h,185,raw-token,sdk-25.6-util
PF_Iterate8Suite2,AEGP_SuiteHandler.h,188,raw-token,sdk-25.6-util
PF_LRect,Smart_Utils.h,30,raw-token,sdk-25.6-util
PF_LRect,Smart_Utils.h,32,raw-token,sdk-25.6-util
PF_LRect,Smart_Utils.h,34,raw-token,sdk-25.6-util
PF_MAX_CHAN16,AEFX_ChannelDepthTpl.h,39,raw-token,sdk-25.6-util
PF_MAX_CHAN8,AEFX_ChannelDepthTpl.h,29,raw-token,sdk-25.6-util
PF_OutData,AEFX_ArbParseHelper.h,49,raw-token,sdk-25.6-util
PF_OutData,AEFX_ArbParseHelper.h,57,raw-token,sdk-25.6-util
PF_OutData,AEFX_ArbParseHelper.h,65,raw-token,sdk-25.6-util
PF_OutData,AEFX_SuiteHelper.h,43,raw-token,sdk-25.6-util
PF_OutData,AEFX_SuiteHelper.h,51,raw-token,sdk-25.6-util
PF_OutData,AEFX_SuiteHelper.h,58,raw-token,sdk-25.6-util
PF_OutData,AEFX_SuiteHelper.h,63,raw-token,sdk-25.6-util
PF_OutData,AEFX_SuiteHelper.h,78,raw-token,sdk-25.6-util
PF_OutData,AEFX_SuiteHelper.h,112,raw-token,sdk-25.6-util
PF_OutData,AEFX_SuiteHelper.h,126,raw-token,sdk-25.6-util
PF_OutData,AEFX_SuiteHelper.h,151,raw-token,sdk-25.6-util
PF_PUI_DISABLED,Param_Utils.h,357,raw-token,sdk-25.6-util
PF_PUI_INVISIBLE,Param_Utils.h,328,raw-token,sdk-25.6-util
PF_ParamDef,Param_Utils.h,393,raw-token,sdk-25.6-util
PF_ParamDef_IS_PARAM_FLAG_SET,Param_Utils.h,26,macro,sdk-25.6-util
PF_ParamDef_IS_PUI_FLAG_SET,Param_Utils.h,23,macro,sdk-25.6-util
PF_ParamFlag_NONE,Param_Utils.h,67,raw-token,sdk-25.6-util
PF_ParamFlag_USE_VALUE_FOR_OLD_PROJECTS,Param_Utils.h,327,raw-token,sdk-25.6-util
PF_ParamFlags,Param_Utils.h,103,raw-token,sdk-25.6-util
PF_ParamFlags,Param_Utils.h,389,raw-token,sdk-25.6-util
PF_ParamID_DFLT,Param_Utils.h,29,macro,sdk-25.6-util
PF_ParamUIFlags,Param_Utils.h,390,raw-token,sdk-25.6-util
PF_ParamUtilsSuite3,AEGP_SuiteHandler.h,170,raw-token,sdk-25.6-util
PF_Param_ANGLE,Param_Utils.h,206,raw-token,sdk-25.6-util
PF_Param_ARBITRARY_DATA,Param_Utils.h,51,raw-token,sdk-25.6-util
PF_Param_BUTTON,Param_Utils.h,192,raw-token,sdk-25.6-util
PF_Param_CHECKBOX,Param_Utils.h,167,raw-token,sdk-25.6-util
PF_Param_CHECKBOX,Param_Utils.h,322,raw-token,sdk-25.6-util
PF_Param_COLOR,Param_Utils.h,35,raw-token,sdk-25.6-util
PF_Param_FIX_SLIDER,Param_Utils.h,92,raw-token,sdk-25.6-util
PF_Param_FLOAT_SLIDER,Param_Utils.h,125,raw-token,sdk-25.6-util
PF_Param_GROUP_END,Param_Utils.h,312,raw-token,sdk-25.6-util
PF_Param_GROUP_START,Param_Utils.h,301,raw-token,sdk-25.6-util
PF_Param_LAYER,Param_Utils.h,246,raw-token,sdk-25.6-util
PF_Param_NO_DATA,Param_Utils.h,219,raw-token,sdk-25.6-util
PF_Param_POINT,Param_Utils.h,264,raw-token,sdk-25.6-util
PF_Param_POINT_3D,Param_Utils.h,287,raw-token,sdk-25.6-util
PF_Param_POPUP,Param_Utils.h,231,raw-token,sdk-25.6-util
PF_Param_SLIDER,Param_Utils.h,73,raw-token,sdk-25.6-util
PF_PathDataSuite1,AEGP_SuiteHandler.h,169,raw-token,sdk-25.6-util
PF_PathQuerySuite1,AEGP_SuiteHandler.h,168,raw-token,sdk-25.6-util
PF_Pixel16,AEFX_ChannelDepthTpl.h,34,raw-token,sdk-25.6-util
PF_Pixel16,AEFX_ChannelDepthTpl.h,35,raw-token,sdk-25.6-util
PF_Pixel16,AEFX_ChannelDepthTpl.h,44,raw-token,sdk-25.6-util
PF_Pixel8,AEFX_ChannelDepthTpl.h,24,raw-token,sdk-25.6-util
PF_Pixel8,AEFX_ChannelDepthTpl.h,25,raw-token,sdk-25.6-util
PF_Precision,Param_Utils.h,101,raw-token,sdk-25.6-util
PF_Precision,Param_Utils.h,133,raw-token,sdk-25.6-util
PF_REGISTER_EFFECT,entry.h,40,macro,sdk-25.6-util
PF_REGISTER_EFFECT_EXT2,entry.h,55,macro,sdk-25.6-util
PF_STRNNCPY,Param_Utils.h,12,callable-or-ctor,sdk-25.6-util
PF_STRNNCPY,Param_Utils.h,36,callable-or-ctor,sdk-25.6-util
PF_STRNNCPY,Param_Utils.h,53,callable-or-ctor,sdk-25.6-util
PF_STRNNCPY,Param_Utils.h,74,callable-or-ctor,sdk-25.6-util
PF_STRNNCPY,Param_Utils.h,93,callable-or-ctor,sdk-25.6-util
PF_STRNNCPY,Param_Utils.h,126,callable-or-ctor,sdk-25.6-util
PF_STRNNCPY,Param_Utils.h,168,callable-or-ctor,sdk-25.6-util
PF_STRNNCPY,Param_Utils.h,193,callable-or-ctor,sdk-25.6-util
PF_STRNNCPY,Param_Utils.h,207,callable-or-ctor,sdk-25.6-util
PF_STRNNCPY,Param_Utils.h,220,callable-or-ctor,sdk-25.6-util
PF_STRNNCPY,Param_Utils.h,232,callable-or-ctor,sdk-25.6-util
PF_STRNNCPY,Param_Utils.h,247,callable-or-ctor,sdk-25.6-util
PF_STRNNCPY,Param_Utils.h,265,callable-or-ctor,sdk-25.6-util
PF_STRNNCPY,Param_Utils.h,288,callable-or-ctor,sdk-25.6-util
PF_STRNNCPY,Param_Utils.h,302,callable-or-ctor,sdk-25.6-util
PF_Sampling16Suite1,AEGP_SuiteHandler.h,184,raw-token,sdk-25.6-util
PF_Sampling8Suite1,AEGP_SuiteHandler.h,183,raw-token,sdk-25.6-util
PF_SamplingFloatSuite1,AEGP_SuiteHandler.h,245,raw-token,sdk-25.6-util
PF_TABLE_BITS,AEFX_ChannelDepthTpl.h,47,raw-token,sdk-25.6-util
PF_TABLE_BITS,AEFX_ChannelDepthTpl.h,48,raw-token,sdk-25.6-util
PF_TABLE_BITS,AEFX_ChannelDepthTpl.h,53,raw-token,sdk-25.6-util
PF_ValueDisplayFlags,Param_Utils.h,102,raw-token,sdk-25.6-util
PF_WorldSuite1,AEGP_SuiteHandler.h,164,raw-token,sdk-25.6-util
PF_WorldTransformSuite1,AEGP_SuiteHandler.h,161,raw-token,sdk-25.6-util
PF_iterate16Suite1,AEGP_SuiteHandler.h,186,raw-token,sdk-25.6-util
PF_iterate16Suite2,AEGP_SuiteHandler.h,189,raw-token,sdk-25.6-util
PF_iterateFloatSuite1,AEGP_SuiteHandler.h,187,raw-token,sdk-25.6-util
PF_iterateFloatSuite2,AEGP_SuiteHandler.h,190,raw-token,sdk-25.6-util
PICA,AEGP_SuiteHandler.h,47,raw-token,sdk-25.6-util
SP,AEGP_SuiteHandler.h,621,raw-token,sdk-25.6-util
SPAPI,DuckSuite.h,12,raw-token,sdk-25.6-util
SPBasicSuite,AEGP_SuiteHandler.h,95,raw-token,sdk-25.6-util
SPBasicSuite,AEGP_SuiteHandler.h,449,raw-token,sdk-25.6-util
SPBasicSuite,AEGP_SuiteHandler.h,452,raw-token,sdk-25.6-util
SPBasicSuite,AEGP_Utils.h,7,raw-token,sdk-25.6-util
SPSuites,AEGP_SuiteHandler.h,74,raw-token,sdk-25.6-util
SPSuitesSuite,AEGP_SuiteHandler.h,258,raw-token,sdk-25.6-util
SPTypes,DuckSuite.h,2,raw-token,sdk-25.6-util
SPTypes,Smart_Utils.h,23,raw-token,sdk-25.6-util
kAEGPArtisanUtilSuite,AEGP_SuiteHandler.h,385,raw-token,sdk-25.6-util
kAEGPArtisanUtilSuite,AEGP_SuiteHandler.h,563,raw-token,sdk-25.6-util
kAEGPArtisanUtilSuiteVersion1,AEGP_SuiteHandler.h,385,raw-token,sdk-25.6-util
kAEGPArtisanUtilSuiteVersion1,AEGP_SuiteHandler.h,563,raw-token,sdk-25.6-util
kAEGPCameraSuite,AEGP_SuiteHandler.h,320,raw-token,sdk-25.6-util
kAEGPCameraSuite,AEGP_SuiteHandler.h,497,raw-token,sdk-25.6-util
kAEGPCameraSuiteVersion2,AEGP_SuiteHandler.h,320,raw-token,sdk-25.6-util
kAEGPCameraSuiteVersion2,AEGP_SuiteHandler.h,497,raw-token,sdk-25.6-util
kAEGPCanvasSuite,AEGP_SuiteHandler.h,316,raw-token,sdk-25.6-util
kAEGPCanvasSuite,AEGP_SuiteHandler.h,317,raw-token,sdk-25.6-util
kAEGPCanvasSuite,AEGP_SuiteHandler.h,318,raw-token,sdk-25.6-util
kAEGPCanvasSuite,AEGP_SuiteHandler.h,319,raw-token,sdk-25.6-util
kAEGPCanvasSuite,AEGP_SuiteHandler.h,493,raw-token,sdk-25.6-util
kAEGPCanvasSuite,AEGP_SuiteHandler.h,494,raw-token,sdk-25.6-util
kAEGPCanvasSuite,AEGP_SuiteHandler.h,495,raw-token,sdk-25.6-util
kAEGPCanvasSuite,AEGP_SuiteHandler.h,496,raw-token,sdk-25.6-util
kAEGPCanvasSuiteVersion5,AEGP_SuiteHandler.h,316,raw-token,sdk-25.6-util
kAEGPCanvasSuiteVersion5,AEGP_SuiteHandler.h,493,raw-token,sdk-25.6-util
kAEGPCanvasSuiteVersion6,AEGP_SuiteHandler.h,317,raw-token,sdk-25.6-util
kAEGPCanvasSuiteVersion6,AEGP_SuiteHandler.h,494,raw-token,sdk-25.6-util
kAEGPCanvasSuiteVersion7,AEGP_SuiteHandler.h,318,raw-token,sdk-25.6-util
kAEGPCanvasSuiteVersion7,AEGP_SuiteHandler.h,495,raw-token,sdk-25.6-util
kAEGPCanvasSuiteVersion8,AEGP_SuiteHandler.h,319,raw-token,sdk-25.6-util
kAEGPCanvasSuiteVersion8,AEGP_SuiteHandler.h,496,raw-token,sdk-25.6-util
kAEGPCollectionSuite,AEGP_SuiteHandler.h,381,raw-token,sdk-25.6-util
kAEGPCollectionSuite,AEGP_SuiteHandler.h,411,raw-token,sdk-25.6-util
kAEGPCollectionSuite,AEGP_SuiteHandler.h,557,raw-token,sdk-25.6-util
kAEGPCollectionSuite,AEGP_SuiteHandler.h,590,raw-token,sdk-25.6-util
kAEGPCollectionSuiteVersion1,AEGP_SuiteHandler.h,411,raw-token,sdk-25.6-util
kAEGPCollectionSuiteVersion1,AEGP_SuiteHandler.h,590,raw-token,sdk-25.6-util
kAEGPCollectionSuiteVersion2,AEGP_SuiteHandler.h,381,raw-token,sdk-25.6-util
kAEGPCollectionSuiteVersion2,AEGP_SuiteHandler.h,557,raw-token,sdk-25.6-util
kAEGPColorSettingsSuite,AEGP_SuiteHandler.h,425,raw-token,sdk-25.6-util
kAEGPColorSettingsSuite,AEGP_SuiteHandler.h,426,raw-token,sdk-25.6-util
kAEGPColorSettingsSuite,AEGP_SuiteHandler.h,427,raw-token,sdk-25.6-util
kAEGPColorSettingsSuite,AEGP_SuiteHandler.h,428,raw-token,sdk-25.6-util
kAEGPColorSettingsSuite,AEGP_SuiteHandler.h,603,raw-token,sdk-25.6-util
kAEGPColorSettingsSuite,AEGP_SuiteHandler.h,604,raw-token,sdk-25.6-util
kAEGPColorSettingsSuite,AEGP_SuiteHandler.h,605,raw-token,sdk-25.6-util
kAEGPColorSettingsSuite,AEGP_SuiteHandler.h,606,raw-token,sdk-25.6-util
kAEGPColorSettingsSuiteVersion1,AEGP_SuiteHandler.h,428,raw-token,sdk-25.6-util
kAEGPColorSettingsSuiteVersion1,AEGP_SuiteHandler.h,606,raw-token,sdk-25.6-util
kAEGPColorSettingsSuiteVersion2,AEGP_SuiteHandler.h,427,raw-token,sdk-25.6-util
kAEGPColorSettingsSuiteVersion2,AEGP_SuiteHandler.h,605,raw-token,sdk-25.6-util
kAEGPColorSettingsSuiteVersion3,AEGP_SuiteHandler.h,426,raw-token,sdk-25.6-util
kAEGPColorSettingsSuiteVersion3,AEGP_SuiteHandler.h,604,raw-token,sdk-25.6-util
kAEGPColorSettingsSuiteVersion4,AEGP_SuiteHandler.h,425,raw-token,sdk-25.6-util
kAEGPColorSettingsSuiteVersion4,AEGP_SuiteHandler.h,603,raw-token,sdk-25.6-util
kAEGPCommandSuite,AEGP_SuiteHandler.h,351,raw-token,sdk-25.6-util
kAEGPCommandSuite,AEGP_SuiteHandler.h,529,raw-token,sdk-25.6-util
kAEGPCommandSuiteVersion1,AEGP_SuiteHandler.h,351,raw-token,sdk-25.6-util
kAEGPCommandSuiteVersion1,AEGP_SuiteHandler.h,529,raw-token,sdk-25.6-util
kAEGPCompSuite,AEGP_SuiteHandler.h,308,raw-token,sdk-25.6-util
kAEGPCompSuite,AEGP_SuiteHandler.h,309,raw-token,sdk-25.6-util
kAEGPCompSuite,AEGP_SuiteHandler.h,310,raw-token,sdk-25.6-util
kAEGPCompSuite,AEGP_SuiteHandler.h,311,raw-token,sdk-25.6-util
kAEGPCompSuite,AEGP_SuiteHandler.h,312,raw-token,sdk-25.6-util
kAEGPCompSuite,AEGP_SuiteHandler.h,313,raw-token,sdk-25.6-util
kAEGPCompSuite,AEGP_SuiteHandler.h,314,raw-token,sdk-25.6-util
kAEGPCompSuite,AEGP_SuiteHandler.h,315,raw-token,sdk-25.6-util
kAEGPCompSuite,AEGP_SuiteHandler.h,410,raw-token,sdk-25.6-util
kAEGPCompSuite,AEGP_SuiteHandler.h,484,raw-token,sdk-25.6-util
kAEGPCompSuite,AEGP_SuiteHandler.h,485,raw-token,sdk-25.6-util
kAEGPCompSuite,AEGP_SuiteHandler.h,486,raw-token,sdk-25.6-util
kAEGPCompSuite,AEGP_SuiteHandler.h,487,raw-token,sdk-25.6-util
kAEGPCompSuite,AEGP_SuiteHandler.h,488,raw-token,sdk-25.6-util
kAEGPCompSuite,AEGP_SuiteHandler.h,489,raw-token,sdk-25.6-util
kAEGPCompSuite,AEGP_SuiteHandler.h,490,raw-token,sdk-25.6-util
kAEGPCompSuite,AEGP_SuiteHandler.h,491,raw-token,sdk-25.6-util
kAEGPCompSuite,AEGP_SuiteHandler.h,492,raw-token,sdk-25.6-util
kAEGPCompSuite,AEGP_SuiteHandler.h,589,raw-token,sdk-25.6-util
kAEGPCompSuiteVersion1,AEGP_SuiteHandler.h,410,raw-token,sdk-25.6-util
kAEGPCompSuiteVersion1,AEGP_SuiteHandler.h,589,raw-token,sdk-25.6-util
kAEGPCompSuiteVersion10,AEGP_SuiteHandler.h,314,raw-token,sdk-25.6-util
kAEGPCompSuiteVersion10,AEGP_SuiteHandler.h,490,raw-token,sdk-25.6-util
kAEGPCompSuiteVersion11,AEGP_SuiteHandler.h,315,raw-token,sdk-25.6-util
kAEGPCompSuiteVersion11,AEGP_SuiteHandler.h,491,raw-token,sdk-25.6-util
kAEGPCompSuiteVersion12,AEGP_SuiteHandler.h,492,raw-token,sdk-25.6-util
kAEGPCompSuiteVersion4,AEGP_SuiteHandler.h,308,raw-token,sdk-25.6-util
kAEGPCompSuiteVersion4,AEGP_SuiteHandler.h,484,raw-token,sdk-25.6-util
kAEGPCompSuiteVersion5,AEGP_SuiteHandler.h,309,raw-token,sdk-25.6-util
kAEGPCompSuiteVersion5,AEGP_SuiteHandler.h,485,raw-token,sdk-25.6-util
kAEGPCompSuiteVersion6,AEGP_SuiteHandler.h,310,raw-token,sdk-25.6-util
kAEGPCompSuiteVersion6,AEGP_SuiteHandler.h,486,raw-token,sdk-25.6-util
kAEGPCompSuiteVersion7,AEGP_SuiteHandler.h,311,raw-token,sdk-25.6-util
kAEGPCompSuiteVersion7,AEGP_SuiteHandler.h,487,raw-token,sdk-25.6-util
kAEGPCompSuiteVersion8,AEGP_SuiteHandler.h,312,raw-token,sdk-25.6-util
kAEGPCompSuiteVersion8,AEGP_SuiteHandler.h,488,raw-token,sdk-25.6-util
kAEGPCompSuiteVersion9,AEGP_SuiteHandler.h,313,raw-token,sdk-25.6-util
kAEGPCompSuiteVersion9,AEGP_SuiteHandler.h,489,raw-token,sdk-25.6-util
kAEGPCompositeSuite,AEGP_SuiteHandler.h,363,raw-token,sdk-25.6-util
kAEGPCompositeSuite,AEGP_SuiteHandler.h,541,raw-token,sdk-25.6-util
kAEGPCompositeSuiteVersion2,AEGP_SuiteHandler.h,363,raw-token,sdk-25.6-util
kAEGPCompositeSuiteVersion2,AEGP_SuiteHandler.h,541,raw-token,sdk-25.6-util
kAEGPDynamicStreamSuite,AEGP_SuiteHandler.h,301,raw-token,sdk-25.6-util
kAEGPDynamicStreamSuite,AEGP_SuiteHandler.h,302,raw-token,sdk-25.6-util
kAEGPDynamicStreamSuite,AEGP_SuiteHandler.h,303,raw-token,sdk-25.6-util
kAEGPDynamicStreamSuite,AEGP_SuiteHandler.h,477,raw-token,sdk-25.6-util
kAEGPDynamicStreamSuite,AEGP_SuiteHandler.h,478,raw-token,sdk-25.6-util
kAEGPDynamicStreamSuite,AEGP_SuiteHandler.h,479,raw-token,sdk-25.6-util
kAEGPDynamicStreamSuiteVersion2,AEGP_SuiteHandler.h,301,raw-token,sdk-25.6-util
kAEGPDynamicStreamSuiteVersion2,AEGP_SuiteHandler.h,477,raw-token,sdk-25.6-util
kAEGPDynamicStreamSuiteVersion3,AEGP_SuiteHandler.h,302,raw-token,sdk-25.6-util
kAEGPDynamicStreamSuiteVersion3,AEGP_SuiteHandler.h,478,raw-token,sdk-25.6-util
kAEGPDynamicStreamSuiteVersion4,AEGP_SuiteHandler.h,303,raw-token,sdk-25.6-util
kAEGPDynamicStreamSuiteVersion4,AEGP_SuiteHandler.h,479,raw-token,sdk-25.6-util
kAEGPEffectSuite,AEGP_SuiteHandler.h,342,raw-token,sdk-25.6-util
kAEGPEffectSuite,AEGP_SuiteHandler.h,343,raw-token,sdk-25.6-util
kAEGPEffectSuite,AEGP_SuiteHandler.h,344,raw-token,sdk-25.6-util
kAEGPEffectSuite,AEGP_SuiteHandler.h,345,raw-token,sdk-25.6-util
kAEGPEffectSuite,AEGP_SuiteHandler.h,346,raw-token,sdk-25.6-util
kAEGPEffectSuite,AEGP_SuiteHandler.h,520,raw-token,sdk-25.6-util
kAEGPEffectSuite,AEGP_SuiteHandler.h,521,raw-token,sdk-25.6-util
kAEGPEffectSuite,AEGP_SuiteHandler.h,522,raw-token,sdk-25.6-util
kAEGPEffectSuite,AEGP_SuiteHandler.h,523,raw-token,sdk-25.6-util
kAEGPEffectSuite,AEGP_SuiteHandler.h,524,raw-token,sdk-25.6-util
kAEGPEffectSuiteVersion1,AEGP_SuiteHandler.h,342,raw-token,sdk-25.6-util
kAEGPEffectSuiteVersion1,AEGP_SuiteHandler.h,520,raw-token,sdk-25.6-util
kAEGPEffectSuiteVersion2,AEGP_SuiteHandler.h,343,raw-token,sdk-25.6-util
kAEGPEffectSuiteVersion2,AEGP_SuiteHandler.h,521,raw-token,sdk-25.6-util
kAEGPEffectSuiteVersion3,AEGP_SuiteHandler.h,344,raw-token,sdk-25.6-util
kAEGPEffectSuiteVersion3,AEGP_SuiteHandler.h,522,raw-token,sdk-25.6-util
kAEGPEffectSuiteVersion4,AEGP_SuiteHandler.h,345,raw-token,sdk-25.6-util
kAEGPEffectSuiteVersion4,AEGP_SuiteHandler.h,523,raw-token,sdk-25.6-util
kAEGPEffectSuiteVersion5,AEGP_SuiteHandler.h,346,raw-token,sdk-25.6-util
kAEGPEffectSuiteVersion5,AEGP_SuiteHandler.h,524,raw-token,sdk-25.6-util
kAEGPFIMSuite,AEGP_SuiteHandler.h,370,raw-token,sdk-25.6-util
kAEGPFIMSuite,AEGP_SuiteHandler.h,548,raw-token,sdk-25.6-util
kAEGPFIMSuiteVersion3,AEGP_SuiteHandler.h,370,raw-token,sdk-25.6-util
kAEGPFIMSuiteVersion3,AEGP_SuiteHandler.h,548,raw-token,sdk-25.6-util
kAEGPFootageSuite,AEGP_SuiteHandler.h,420,raw-token,sdk-25.6-util
kAEGPFootageSuite,AEGP_SuiteHandler.h,600,raw-token,sdk-25.6-util
kAEGPFootageSuiteVersion5,AEGP_SuiteHandler.h,420,raw-token,sdk-25.6-util
kAEGPFootageSuiteVersion5,AEGP_SuiteHandler.h,600,raw-token,sdk-25.6-util
kAEGPIOInSuite,AEGP_SuiteHandler.h,365,raw-token,sdk-25.6-util
kAEGPIOInSuite,AEGP_SuiteHandler.h,543,raw-token,sdk-25.6-util
kAEGPIOInSuiteVersion4,AEGP_SuiteHandler.h,365,raw-token,sdk-25.6-util
kAEGPIOInSuiteVersion4,AEGP_SuiteHandler.h,543,raw-token,sdk-25.6-util
kAEGPIOOutSuite,AEGP_SuiteHandler.h,366,raw-token,sdk-25.6-util
kAEGPIOOutSuite,AEGP_SuiteHandler.h,544,raw-token,sdk-25.6-util
kAEGPIOOutSuiteVersion4,AEGP_SuiteHandler.h,366,raw-token,sdk-25.6-util
kAEGPIOOutSuiteVersion4,AEGP_SuiteHandler.h,544,raw-token,sdk-25.6-util
kAEGPItemSuite,AEGP_SuiteHandler.h,323,raw-token,sdk-25.6-util
kAEGPItemSuite,AEGP_SuiteHandler.h,324,raw-token,sdk-25.6-util
kAEGPItemSuite,AEGP_SuiteHandler.h,325,raw-token,sdk-25.6-util
kAEGPItemSuite,AEGP_SuiteHandler.h,326,raw-token,sdk-25.6-util
kAEGPItemSuite,AEGP_SuiteHandler.h,327,raw-token,sdk-25.6-util
kAEGPItemSuite,AEGP_SuiteHandler.h,501,raw-token,sdk-25.6-util
kAEGPItemSuite,AEGP_SuiteHandler.h,502,raw-token,sdk-25.6-util
kAEGPItemSuite,AEGP_SuiteHandler.h,503,raw-token,sdk-25.6-util
kAEGPItemSuite,AEGP_SuiteHandler.h,504,raw-token,sdk-25.6-util
kAEGPItemSuite,AEGP_SuiteHandler.h,505,raw-token,sdk-25.6-util
kAEGPItemSuite,AEGP_SuiteHandler.h,506,raw-token,sdk-25.6-util
kAEGPItemSuiteVersion1,AEGP_SuiteHandler.h,327,raw-token,sdk-25.6-util
kAEGPItemSuiteVersion1,AEGP_SuiteHandler.h,506,raw-token,sdk-25.6-util
kAEGPItemSuiteVersion5,AEGP_SuiteHandler.h,326,raw-token,sdk-25.6-util
kAEGPItemSuiteVersion5,AEGP_SuiteHandler.h,505,raw-token,sdk-25.6-util
kAEGPItemSuiteVersion6,AEGP_SuiteHandler.h,325,raw-token,sdk-25.6-util
kAEGPItemSuiteVersion6,AEGP_SuiteHandler.h,504,raw-token,sdk-25.6-util
kAEGPItemSuiteVersion7,AEGP_SuiteHandler.h,324,raw-token,sdk-25.6-util
kAEGPItemSuiteVersion7,AEGP_SuiteHandler.h,503,raw-token,sdk-25.6-util
kAEGPItemSuiteVersion8,AEGP_SuiteHandler.h,323,raw-token,sdk-25.6-util
kAEGPItemSuiteVersion8,AEGP_SuiteHandler.h,502,raw-token,sdk-25.6-util
kAEGPItemSuiteVersion9,AEGP_SuiteHandler.h,501,raw-token,sdk-25.6-util
kAEGPItemViewSuite,AEGP_SuiteHandler.h,322,raw-token,sdk-25.6-util
kAEGPItemViewSuite,AEGP_SuiteHandler.h,500,raw-token,sdk-25.6-util
kAEGPItemViewSuiteVersion1,AEGP_SuiteHandler.h,322,raw-token,sdk-25.6-util
kAEGPItemViewSuiteVersion1,AEGP_SuiteHandler.h,500,raw-token,sdk-25.6-util
kAEGPIterateSuite,AEGP_SuiteHandler.h,560,raw-token,sdk-25.6-util
kAEGPIterateSuite,AEGP_SuiteHandler.h,561,raw-token,sdk-25.6-util
kAEGPIterateSuiteVersion1,AEGP_SuiteHandler.h,560,raw-token,sdk-25.6-util
kAEGPIterateSuiteVersion2,AEGP_SuiteHandler.h,561,raw-token,sdk-25.6-util
kAEGPKeyframeSuite,AEGP_SuiteHandler.h,304,raw-token,sdk-25.6-util
kAEGPKeyframeSuite,AEGP_SuiteHandler.h,305,raw-token,sdk-25.6-util
kAEGPKeyframeSuite,AEGP_SuiteHandler.h,306,raw-token,sdk-25.6-util
kAEGPKeyframeSuite,AEGP_SuiteHandler.h,307,raw-token,sdk-25.6-util
kAEGPKeyframeSuite,AEGP_SuiteHandler.h,480,raw-token,sdk-25.6-util
kAEGPKeyframeSuite,AEGP_SuiteHandler.h,481,raw-token,sdk-25.6-util
kAEGPKeyframeSuite,AEGP_SuiteHandler.h,482,raw-token,sdk-25.6-util
kAEGPKeyframeSuite,AEGP_SuiteHandler.h,483,raw-token,sdk-25.6-util
kAEGPKeyframeSuiteVersion1,AEGP_SuiteHandler.h,307,raw-token,sdk-25.6-util
kAEGPKeyframeSuiteVersion1,AEGP_SuiteHandler.h,483,raw-token,sdk-25.6-util
kAEGPKeyframeSuiteVersion3,AEGP_SuiteHandler.h,306,raw-token,sdk-25.6-util
kAEGPKeyframeSuiteVersion3,AEGP_SuiteHandler.h,482,raw-token,sdk-25.6-util
kAEGPKeyframeSuiteVersion4,AEGP_SuiteHandler.h,305,raw-token,sdk-25.6-util
kAEGPKeyframeSuiteVersion4,AEGP_SuiteHandler.h,481,raw-token,sdk-25.6-util
kAEGPKeyframeSuiteVersion5,AEGP_SuiteHandler.h,304,raw-token,sdk-25.6-util
kAEGPKeyframeSuiteVersion5,AEGP_SuiteHandler.h,480,raw-token,sdk-25.6-util
kAEGPLayerRenderOptionsSuite,AEGP_SuiteHandler.h,415,raw-token,sdk-25.6-util
kAEGPLayerRenderOptionsSuite,AEGP_SuiteHandler.h,416,raw-token,sdk-25.6-util
kAEGPLayerRenderOptionsSuite,AEGP_SuiteHandler.h,595,raw-token,sdk-25.6-util
kAEGPLayerRenderOptionsSuite,AEGP_SuiteHandler.h,596,raw-token,sdk-25.6-util
kAEGPLayerRenderOptionsSuiteVersion1,AEGP_SuiteHandler.h,415,raw-token,sdk-25.6-util
kAEGPLayerRenderOptionsSuiteVersion1,AEGP_SuiteHandler.h,595,raw-token,sdk-25.6-util
kAEGPLayerRenderOptionsSuiteVersion2,AEGP_SuiteHandler.h,416,raw-token,sdk-25.6-util
kAEGPLayerRenderOptionsSuiteVersion2,AEGP_SuiteHandler.h,596,raw-token,sdk-25.6-util
kAEGPLayerSuite,AEGP_SuiteHandler.h,293,raw-token,sdk-25.6-util
kAEGPLayerSuite,AEGP_SuiteHandler.h,294,raw-token,sdk-25.6-util
kAEGPLayerSuite,AEGP_SuiteHandler.h,392,raw-token,sdk-25.6-util
kAEGPLayerSuite,AEGP_SuiteHandler.h,393,raw-token,sdk-25.6-util
kAEGPLayerSuite,AEGP_SuiteHandler.h,394,raw-token,sdk-25.6-util
kAEGPLayerSuite,AEGP_SuiteHandler.h,395,raw-token,sdk-25.6-util
kAEGPLayerSuite,AEGP_SuiteHandler.h,406,raw-token,sdk-25.6-util
kAEGPLayerSuite,AEGP_SuiteHandler.h,469,raw-token,sdk-25.6-util
kAEGPLayerSuite,AEGP_SuiteHandler.h,470,raw-token,sdk-25.6-util
kAEGPLayerSuite,AEGP_SuiteHandler.h,570,raw-token,sdk-25.6-util
kAEGPLayerSuite,AEGP_SuiteHandler.h,571,raw-token,sdk-25.6-util
kAEGPLayerSuite,AEGP_SuiteHandler.h,572,raw-token,sdk-25.6-util
kAEGPLayerSuite,AEGP_SuiteHandler.h,573,raw-token,sdk-25.6-util
kAEGPLayerSuite,AEGP_SuiteHandler.h,574,raw-token,sdk-25.6-util
kAEGPLayerSuite,AEGP_SuiteHandler.h,584,raw-token,sdk-25.6-util
kAEGPLayerSuiteVersion1,AEGP_SuiteHandler.h,406,raw-token,sdk-25.6-util
kAEGPLayerSuiteVersion1,AEGP_SuiteHandler.h,584,raw-token,sdk-25.6-util
kAEGPLayerSuiteVersion3,AEGP_SuiteHandler.h,293,raw-token,sdk-25.6-util
kAEGPLayerSuiteVersion3,AEGP_SuiteHandler.h,469,raw-token,sdk-25.6-util
kAEGPLayerSuiteVersion4,AEGP_SuiteHandler.h,294,raw-token,sdk-25.6-util
kAEGPLayerSuiteVersion4,AEGP_SuiteHandler.h,470,raw-token,sdk-25.6-util
kAEGPLayerSuiteVersion5,AEGP_SuiteHandler.h,392,raw-token,sdk-25.6-util
kAEGPLayerSuiteVersion5,AEGP_SuiteHandler.h,570,raw-token,sdk-25.6-util
kAEGPLayerSuiteVersion6,AEGP_SuiteHandler.h,393,raw-token,sdk-25.6-util
kAEGPLayerSuiteVersion6,AEGP_SuiteHandler.h,571,raw-token,sdk-25.6-util
kAEGPLayerSuiteVersion7,AEGP_SuiteHandler.h,394,raw-token,sdk-25.6-util
kAEGPLayerSuiteVersion7,AEGP_SuiteHandler.h,572,raw-token,sdk-25.6-util
kAEGPLayerSuiteVersion8,AEGP_SuiteHandler.h,395,raw-token,sdk-25.6-util
kAEGPLayerSuiteVersion8,AEGP_SuiteHandler.h,573,raw-token,sdk-25.6-util
kAEGPLayerSuiteVersion9,AEGP_SuiteHandler.h,574,raw-token,sdk-25.6-util
kAEGPLightSuite,AEGP_SuiteHandler.h,339,raw-token,sdk-25.6-util
kAEGPLightSuite,AEGP_SuiteHandler.h,340,raw-token,sdk-25.6-util
kAEGPLightSuite,AEGP_SuiteHandler.h,341,raw-token,sdk-25.6-util
kAEGPLightSuite,AEGP_SuiteHandler.h,517,raw-token,sdk-25.6-util
kAEGPLightSuite,AEGP_SuiteHandler.h,518,raw-token,sdk-25.6-util
kAEGPLightSuite,AEGP_SuiteHandler.h,519,raw-token,sdk-25.6-util
kAEGPLightSuiteVersion1,AEGP_SuiteHandler.h,339,raw-token,sdk-25.6-util
kAEGPLightSuiteVersion1,AEGP_SuiteHandler.h,517,raw-token,sdk-25.6-util
kAEGPLightSuiteVersion2,AEGP_SuiteHandler.h,340,raw-token,sdk-25.6-util
kAEGPLightSuiteVersion2,AEGP_SuiteHandler.h,518,raw-token,sdk-25.6-util
kAEGPLightSuiteVersion3,AEGP_SuiteHandler.h,341,raw-token,sdk-25.6-util
kAEGPLightSuiteVersion3,AEGP_SuiteHandler.h,519,raw-token,sdk-25.6-util
kAEGPMarkerSuite,AEGP_SuiteHandler.h,290,raw-token,sdk-25.6-util
kAEGPMarkerSuite,AEGP_SuiteHandler.h,291,raw-token,sdk-25.6-util
kAEGPMarkerSuite,AEGP_SuiteHandler.h,292,raw-token,sdk-25.6-util
kAEGPMarkerSuite,AEGP_SuiteHandler.h,466,raw-token,sdk-25.6-util
kAEGPMarkerSuite,AEGP_SuiteHandler.h,467,raw-token,sdk-25.6-util
kAEGPMarkerSuite,AEGP_SuiteHandler.h,468,raw-token,sdk-25.6-util
kAEGPMarkerSuiteVersion1,AEGP_SuiteHandler.h,290,raw-token,sdk-25.6-util
kAEGPMarkerSuiteVersion1,AEGP_SuiteHandler.h,466,raw-token,sdk-25.6-util
kAEGPMarkerSuiteVersion2,AEGP_SuiteHandler.h,291,raw-token,sdk-25.6-util
kAEGPMarkerSuiteVersion2,AEGP_SuiteHandler.h,467,raw-token,sdk-25.6-util
kAEGPMarkerSuiteVersion3,AEGP_SuiteHandler.h,292,raw-token,sdk-25.6-util
kAEGPMarkerSuiteVersion3,AEGP_SuiteHandler.h,468,raw-token,sdk-25.6-util
kAEGPMaskOutlineSuite,AEGP_SuiteHandler.h,348,raw-token,sdk-25.6-util
kAEGPMaskOutlineSuite,AEGP_SuiteHandler.h,349,raw-token,sdk-25.6-util
kAEGPMaskOutlineSuite,AEGP_SuiteHandler.h,350,raw-token,sdk-25.6-util
kAEGPMaskOutlineSuite,AEGP_SuiteHandler.h,526,raw-token,sdk-25.6-util
kAEGPMaskOutlineSuite,AEGP_SuiteHandler.h,527,raw-token,sdk-25.6-util
kAEGPMaskOutlineSuite,AEGP_SuiteHandler.h,528,raw-token,sdk-25.6-util
kAEGPMaskOutlineSuiteVersion1,AEGP_SuiteHandler.h,348,raw-token,sdk-25.6-util
kAEGPMaskOutlineSuiteVersion1,AEGP_SuiteHandler.h,526,raw-token,sdk-25.6-util
kAEGPMaskOutlineSuiteVersion2,AEGP_SuiteHandler.h,349,raw-token,sdk-25.6-util
kAEGPMaskOutlineSuiteVersion2,AEGP_SuiteHandler.h,527,raw-token,sdk-25.6-util
kAEGPMaskOutlineSuiteVersion3,AEGP_SuiteHandler.h,350,raw-token,sdk-25.6-util
kAEGPMaskOutlineSuiteVersion3,AEGP_SuiteHandler.h,528,raw-token,sdk-25.6-util
kAEGPMaskSuite,AEGP_SuiteHandler.h,347,raw-token,sdk-25.6-util
kAEGPMaskSuite,AEGP_SuiteHandler.h,407,raw-token,sdk-25.6-util
kAEGPMaskSuite,AEGP_SuiteHandler.h,408,raw-token,sdk-25.6-util
kAEGPMaskSuite,AEGP_SuiteHandler.h,409,raw-token,sdk-25.6-util
kAEGPMaskSuite,AEGP_SuiteHandler.h,525,raw-token,sdk-25.6-util
kAEGPMaskSuite,AEGP_SuiteHandler.h,586,raw-token,sdk-25.6-util
kAEGPMaskSuite,AEGP_SuiteHandler.h,587,raw-token,sdk-25.6-util
kAEGPMaskSuite,AEGP_SuiteHandler.h,588,raw-token,sdk-25.6-util
kAEGPMaskSuiteVersion1,AEGP_SuiteHandler.h,407,raw-token,sdk-25.6-util
kAEGPMaskSuiteVersion1,AEGP_SuiteHandler.h,586,raw-token,sdk-25.6-util
kAEGPMaskSuiteVersion4,AEGP_SuiteHandler.h,347,raw-token,sdk-25.6-util
kAEGPMaskSuiteVersion4,AEGP_SuiteHandler.h,525,raw-token,sdk-25.6-util
kAEGPMaskSuiteVersion5,AEGP_SuiteHandler.h,408,raw-token,sdk-25.6-util
kAEGPMaskSuiteVersion5,AEGP_SuiteHandler.h,587,raw-token,sdk-25.6-util
kAEGPMaskSuiteVersion6,AEGP_SuiteHandler.h,409,raw-token,sdk-25.6-util
kAEGPMaskSuiteVersion6,AEGP_SuiteHandler.h,588,raw-token,sdk-25.6-util
kAEGPMathSuite,AEGP_SuiteHandler.h,329,raw-token,sdk-25.6-util
kAEGPMathSuite,AEGP_SuiteHandler.h,371,raw-token,sdk-25.6-util
kAEGPMathSuite,AEGP_SuiteHandler.h,508,raw-token,sdk-25.6-util
kAEGPMathSuiteVersion1,AEGP_SuiteHandler.h,329,raw-token,sdk-25.6-util
kAEGPMathSuiteVersion1,AEGP_SuiteHandler.h,371,raw-token,sdk-25.6-util
kAEGPMathSuiteVersion1,AEGP_SuiteHandler.h,508,raw-token,sdk-25.6-util
kAEGPMemorySuite,AEGP_SuiteHandler.h,332,raw-token,sdk-25.6-util
kAEGPMemorySuite,AEGP_SuiteHandler.h,499,raw-token,sdk-25.6-util
kAEGPMemorySuiteVersion1,AEGP_SuiteHandler.h,332,raw-token,sdk-25.6-util
kAEGPMemorySuiteVersion1,AEGP_SuiteHandler.h,499,raw-token,sdk-25.6-util
kAEGPOutputModuleSuite,AEGP_SuiteHandler.h,369,raw-token,sdk-25.6-util
kAEGPOutputModuleSuite,AEGP_SuiteHandler.h,547,raw-token,sdk-25.6-util
kAEGPOutputModuleSuiteVersion4,AEGP_SuiteHandler.h,369,raw-token,sdk-25.6-util
kAEGPOutputModuleSuiteVersion4,AEGP_SuiteHandler.h,547,raw-token,sdk-25.6-util
kAEGPPFInterfaceSuite,AEGP_SuiteHandler.h,328,raw-token,sdk-25.6-util
kAEGPPFInterfaceSuite,AEGP_SuiteHandler.h,507,raw-token,sdk-25.6-util
kAEGPPFInterfaceSuiteVersion1,AEGP_SuiteHandler.h,328,raw-token,sdk-25.6-util
kAEGPPFInterfaceSuiteVersion1,AEGP_SuiteHandler.h,507,raw-token,sdk-25.6-util
kAEGPPersistentDataSuite,AEGP_SuiteHandler.h,423,raw-token,sdk-25.6-util
kAEGPPersistentDataSuite,AEGP_SuiteHandler.h,424,raw-token,sdk-25.6-util
kAEGPPersistentDataSuite,AEGP_SuiteHandler.h,608,raw-token,sdk-25.6-util
kAEGPPersistentDataSuite,AEGP_SuiteHandler.h,609,raw-token,sdk-25.6-util
kAEGPPersistentDataSuiteVersion3,AEGP_SuiteHandler.h,424,raw-token,sdk-25.6-util
kAEGPPersistentDataSuiteVersion3,AEGP_SuiteHandler.h,609,raw-token,sdk-25.6-util
kAEGPPersistentDataSuiteVersion4,AEGP_SuiteHandler.h,423,raw-token,sdk-25.6-util
kAEGPPersistentDataSuiteVersion4,AEGP_SuiteHandler.h,608,raw-token,sdk-25.6-util
kAEGPProjSuite,AEGP_SuiteHandler.h,418,raw-token,sdk-25.6-util
kAEGPProjSuite,AEGP_SuiteHandler.h,419,raw-token,sdk-25.6-util
kAEGPProjSuite,AEGP_SuiteHandler.h,598,raw-token,sdk-25.6-util
kAEGPProjSuite,AEGP_SuiteHandler.h,599,raw-token,sdk-25.6-util
kAEGPProjSuiteVersion5,AEGP_SuiteHandler.h,418,raw-token,sdk-25.6-util
kAEGPProjSuiteVersion5,AEGP_SuiteHandler.h,598,raw-token,sdk-25.6-util
kAEGPProjSuiteVersion6,AEGP_SuiteHandler.h,419,raw-token,sdk-25.6-util
kAEGPProjSuiteVersion6,AEGP_SuiteHandler.h,599,raw-token,sdk-25.6-util
kAEGPQueryXformSuite,AEGP_SuiteHandler.h,362,raw-token,sdk-25.6-util
kAEGPQueryXformSuite,AEGP_SuiteHandler.h,540,raw-token,sdk-25.6-util
kAEGPQueryXformSuiteVersion2,AEGP_SuiteHandler.h,362,raw-token,sdk-25.6-util
kAEGPQueryXformSuiteVersion2,AEGP_SuiteHandler.h,540,raw-token,sdk-25.6-util
kAEGPRQItemSuite,AEGP_SuiteHandler.h,368,raw-token,sdk-25.6-util
kAEGPRQItemSuite,AEGP_SuiteHandler.h,421,raw-token,sdk-25.6-util
kAEGPRQItemSuite,AEGP_SuiteHandler.h,546,raw-token,sdk-25.6-util
kAEGPRQItemSuite,AEGP_SuiteHandler.h,601,raw-token,sdk-25.6-util
kAEGPRQItemSuiteVersion2,AEGP_SuiteHandler.h,368,raw-token,sdk-25.6-util
kAEGPRQItemSuiteVersion2,AEGP_SuiteHandler.h,546,raw-token,sdk-25.6-util
kAEGPRQItemSuiteVersion3,AEGP_SuiteHandler.h,421,raw-token,sdk-25.6-util
kAEGPRQItemSuiteVersion3,AEGP_SuiteHandler.h,601,raw-token,sdk-25.6-util
kAEGPRegisterSuite,AEGP_SuiteHandler.h,321,raw-token,sdk-25.6-util
kAEGPRegisterSuite,AEGP_SuiteHandler.h,498,raw-token,sdk-25.6-util
kAEGPRegisterSuiteVersion5,AEGP_SuiteHandler.h,321,raw-token,sdk-25.6-util
kAEGPRegisterSuiteVersion5,AEGP_SuiteHandler.h,498,raw-token,sdk-25.6-util
kAEGPRenderAsyncManagerSuite,AEGP_SuiteHandler.h,417,raw-token,sdk-25.6-util
kAEGPRenderAsyncManagerSuite,AEGP_SuiteHandler.h,597,raw-token,sdk-25.6-util
kAEGPRenderAsyncManagerSuiteVersion1,AEGP_SuiteHandler.h,417,raw-token,sdk-25.6-util
kAEGPRenderAsyncManagerSuiteVersion1,AEGP_SuiteHandler.h,597,raw-token,sdk-25.6-util
kAEGPRenderOptionsSuite,AEGP_SuiteHandler.h,388,raw-token,sdk-25.6-util
kAEGPRenderOptionsSuite,AEGP_SuiteHandler.h,414,raw-token,sdk-25.6-util
kAEGPRenderOptionsSuite,AEGP_SuiteHandler.h,566,raw-token,sdk-25.6-util
kAEGPRenderOptionsSuite,AEGP_SuiteHandler.h,593,raw-token,sdk-25.6-util
kAEGPRenderOptionsSuite,AEGP_SuiteHandler.h,594,raw-token,sdk-25.6-util
kAEGPRenderOptionsSuiteVersion1,AEGP_SuiteHandler.h,388,raw-token,sdk-25.6-util
kAEGPRenderOptionsSuiteVersion1,AEGP_SuiteHandler.h,566,raw-token,sdk-25.6-util
kAEGPRenderOptionsSuiteVersion2,AEGP_SuiteHandler.h,414,raw-token,sdk-25.6-util
kAEGPRenderOptionsSuiteVersion2,AEGP_SuiteHandler.h,593,raw-token,sdk-25.6-util
kAEGPRenderOptionsSuiteVersion3,AEGP_SuiteHandler.h,594,raw-token,sdk-25.6-util
kAEGPRenderQueueSuite,AEGP_SuiteHandler.h,367,raw-token,sdk-25.6-util
kAEGPRenderQueueSuite,AEGP_SuiteHandler.h,545,raw-token,sdk-25.6-util
kAEGPRenderQueueSuiteVersion1,AEGP_SuiteHandler.h,367,raw-token,sdk-25.6-util
kAEGPRenderQueueSuiteVersion1,AEGP_SuiteHandler.h,545,raw-token,sdk-25.6-util
kAEGPRenderSuite,AEGP_SuiteHandler.h,353,raw-token,sdk-25.6-util
kAEGPRenderSuite,AEGP_SuiteHandler.h,354,raw-token,sdk-25.6-util
kAEGPRenderSuite,AEGP_SuiteHandler.h,355,raw-token,sdk-25.6-util
kAEGPRenderSuite,AEGP_SuiteHandler.h,356,raw-token,sdk-25.6-util
kAEGPRenderSuite,AEGP_SuiteHandler.h,357,raw-token,sdk-25.6-util
kAEGPRenderSuite,AEGP_SuiteHandler.h,531,raw-token,sdk-25.6-util
kAEGPRenderSuite,AEGP_SuiteHandler.h,532,raw-token,sdk-25.6-util
kAEGPRenderSuite,AEGP_SuiteHandler.h,533,raw-token,sdk-25.6-util
kAEGPRenderSuite,AEGP_SuiteHandler.h,534,raw-token,sdk-25.6-util
kAEGPRenderSuite,AEGP_SuiteHandler.h,535,raw-token,sdk-25.6-util
kAEGPRenderSuiteVersion1,AEGP_SuiteHandler.h,353,raw-token,sdk-25.6-util
kAEGPRenderSuiteVersion1,AEGP_SuiteHandler.h,531,raw-token,sdk-25.6-util
kAEGPRenderSuiteVersion2,AEGP_SuiteHandler.h,354,raw-token,sdk-25.6-util
kAEGPRenderSuiteVersion2,AEGP_SuiteHandler.h,532,raw-token,sdk-25.6-util
kAEGPRenderSuiteVersion3,AEGP_SuiteHandler.h,355,raw-token,sdk-25.6-util
kAEGPRenderSuiteVersion3,AEGP_SuiteHandler.h,533,raw-token,sdk-25.6-util
kAEGPRenderSuiteVersion4,AEGP_SuiteHandler.h,356,raw-token,sdk-25.6-util
kAEGPRenderSuiteVersion4,AEGP_SuiteHandler.h,534,raw-token,sdk-25.6-util
kAEGPRenderSuiteVersion5,AEGP_SuiteHandler.h,357,raw-token,sdk-25.6-util
kAEGPRenderSuiteVersion5,AEGP_SuiteHandler.h,535,raw-token,sdk-25.6-util
kAEGPSoundDataSuite,AEGP_SuiteHandler.h,383,raw-token,sdk-25.6-util
kAEGPSoundDataSuite,AEGP_SuiteHandler.h,559,raw-token,sdk-25.6-util
kAEGPSoundDataVersion1,AEGP_SuiteHandler.h,383,raw-token,sdk-25.6-util
kAEGPSoundDataVersion1,AEGP_SuiteHandler.h,559,raw-token,sdk-25.6-util
kAEGPStreamSuite,AEGP_SuiteHandler.h,295,raw-token,sdk-25.6-util
kAEGPStreamSuite,AEGP_SuiteHandler.h,296,raw-token,sdk-25.6-util
kAEGPStreamSuite,AEGP_SuiteHandler.h,297,raw-token,sdk-25.6-util
kAEGPStreamSuite,AEGP_SuiteHandler.h,298,raw-token,sdk-25.6-util
kAEGPStreamSuite,AEGP_SuiteHandler.h,299,raw-token,sdk-25.6-util
kAEGPStreamSuite,AEGP_SuiteHandler.h,300,raw-token,sdk-25.6-util
kAEGPStreamSuite,AEGP_SuiteHandler.h,471,raw-token,sdk-25.6-util
kAEGPStreamSuite,AEGP_SuiteHandler.h,472,raw-token,sdk-25.6-util
kAEGPStreamSuite,AEGP_SuiteHandler.h,473,raw-token,sdk-25.6-util
kAEGPStreamSuite,AEGP_SuiteHandler.h,474,raw-token,sdk-25.6-util
kAEGPStreamSuite,AEGP_SuiteHandler.h,475,raw-token,sdk-25.6-util
kAEGPStreamSuite,AEGP_SuiteHandler.h,476,raw-token,sdk-25.6-util
kAEGPStreamSuiteVersion1,AEGP_SuiteHandler.h,300,raw-token,sdk-25.6-util
kAEGPStreamSuiteVersion1,AEGP_SuiteHandler.h,476,raw-token,sdk-25.6-util
kAEGPStreamSuiteVersion2,AEGP_SuiteHandler.h,299,raw-token,sdk-25.6-util
kAEGPStreamSuiteVersion2,AEGP_SuiteHandler.h,475,raw-token,sdk-25.6-util
kAEGPStreamSuiteVersion3,AEGP_SuiteHandler.h,298,raw-token,sdk-25.6-util
kAEGPStreamSuiteVersion3,AEGP_SuiteHandler.h,474,raw-token,sdk-25.6-util
kAEGPStreamSuiteVersion4,AEGP_SuiteHandler.h,297,raw-token,sdk-25.6-util
kAEGPStreamSuiteVersion4,AEGP_SuiteHandler.h,473,raw-token,sdk-25.6-util
kAEGPStreamSuiteVersion5,AEGP_SuiteHandler.h,296,raw-token,sdk-25.6-util
kAEGPStreamSuiteVersion5,AEGP_SuiteHandler.h,472,raw-token,sdk-25.6-util
kAEGPStreamSuiteVersion6,AEGP_SuiteHandler.h,295,raw-token,sdk-25.6-util
kAEGPStreamSuiteVersion6,AEGP_SuiteHandler.h,471,raw-token,sdk-25.6-util
kAEGPTextDocumentSuite,AEGP_SuiteHandler.h,382,raw-token,sdk-25.6-util
kAEGPTextDocumentSuite,AEGP_SuiteHandler.h,558,raw-token,sdk-25.6-util
kAEGPTextDocumentSuiteVersion1,AEGP_SuiteHandler.h,382,raw-token,sdk-25.6-util
kAEGPTextDocumentSuiteVersion1,AEGP_SuiteHandler.h,558,raw-token,sdk-25.6-util
kAEGPTextLayerSuite,AEGP_SuiteHandler.h,384,raw-token,sdk-25.6-util
kAEGPTextLayerSuite,AEGP_SuiteHandler.h,562,raw-token,sdk-25.6-util
kAEGPTextLayerSuiteVersion1,AEGP_SuiteHandler.h,384,raw-token,sdk-25.6-util
kAEGPTextLayerSuiteVersion1,AEGP_SuiteHandler.h,562,raw-token,sdk-25.6-util
kAEGPTrackerSuite,AEGP_SuiteHandler.h,389,raw-token,sdk-25.6-util
kAEGPTrackerSuite,AEGP_SuiteHandler.h,567,raw-token,sdk-25.6-util
kAEGPTrackerSuiteVersion1,AEGP_SuiteHandler.h,389,raw-token,sdk-25.6-util
kAEGPTrackerSuiteVersion1,AEGP_SuiteHandler.h,567,raw-token,sdk-25.6-util
kAEGPTrackerUtilitySuite,AEGP_SuiteHandler.h,390,raw-token,sdk-25.6-util
kAEGPTrackerUtilitySuite,AEGP_SuiteHandler.h,568,raw-token,sdk-25.6-util
kAEGPTrackerUtilitySuiteVersion1,AEGP_SuiteHandler.h,390,raw-token,sdk-25.6-util
kAEGPTrackerUtilitySuiteVersion1,AEGP_SuiteHandler.h,568,raw-token,sdk-25.6-util
kAEGPUtilitySuite,AEGP_SuiteHandler.h,352,raw-token,sdk-25.6-util
kAEGPUtilitySuite,AEGP_SuiteHandler.h,413,raw-token,sdk-25.6-util
kAEGPUtilitySuite,AEGP_SuiteHandler.h,422,raw-token,sdk-25.6-util
kAEGPUtilitySuite,AEGP_SuiteHandler.h,431,raw-token,sdk-25.6-util
kAEGPUtilitySuite,AEGP_SuiteHandler.h,432,raw-token,sdk-25.6-util
kAEGPUtilitySuite,AEGP_SuiteHandler.h,530,raw-token,sdk-25.6-util
kAEGPUtilitySuite,AEGP_SuiteHandler.h,592,raw-token,sdk-25.6-util
kAEGPUtilitySuite,AEGP_SuiteHandler.h,602,raw-token,sdk-25.6-util
kAEGPUtilitySuite,AEGP_SuiteHandler.h,611,raw-token,sdk-25.6-util
kAEGPUtilitySuite,AEGP_SuiteHandler.h,612,raw-token,sdk-25.6-util
kAEGPUtilitySuiteVersion1,AEGP_SuiteHandler.h,413,raw-token,sdk-25.6-util
kAEGPUtilitySuiteVersion1,AEGP_SuiteHandler.h,592,raw-token,sdk-25.6-util
kAEGPUtilitySuiteVersion3,AEGP_SuiteHandler.h,352,raw-token,sdk-25.6-util
kAEGPUtilitySuiteVersion3,AEGP_SuiteHandler.h,530,raw-token,sdk-25.6-util
kAEGPUtilitySuiteVersion4,AEGP_SuiteHandler.h,422,raw-token,sdk-25.6-util
kAEGPUtilitySuiteVersion4,AEGP_SuiteHandler.h,602,raw-token,sdk-25.6-util
kAEGPUtilitySuiteVersion5,AEGP_SuiteHandler.h,431,raw-token,sdk-25.6-util
kAEGPUtilitySuiteVersion5,AEGP_SuiteHandler.h,611,raw-token,sdk-25.6-util
kAEGPUtilitySuiteVersion6,AEGP_SuiteHandler.h,432,raw-token,sdk-25.6-util
kAEGPUtilitySuiteVersion6,AEGP_SuiteHandler.h,612,raw-token,sdk-25.6-util
kAEGPWorldSuite,AEGP_SuiteHandler.h,386,raw-token,sdk-25.6-util
kAEGPWorldSuite,AEGP_SuiteHandler.h,387,raw-token,sdk-25.6-util
kAEGPWorldSuite,AEGP_SuiteHandler.h,564,raw-token,sdk-25.6-util
kAEGPWorldSuite,AEGP_SuiteHandler.h,565,raw-token,sdk-25.6-util
kAEGPWorldSuiteVersion2,AEGP_SuiteHandler.h,386,raw-token,sdk-25.6-util
kAEGPWorldSuiteVersion2,AEGP_SuiteHandler.h,564,raw-token,sdk-25.6-util
kAEGPWorldSuiteVersion3,AEGP_SuiteHandler.h,387,raw-token,sdk-25.6-util
kAEGPWorldSuiteVersion3,AEGP_SuiteHandler.h,565,raw-token,sdk-25.6-util
kPFANSISuite,AEGP_SuiteHandler.h,358,raw-token,sdk-25.6-util
kPFANSISuite,AEGP_SuiteHandler.h,536,raw-token,sdk-25.6-util
kPFANSISuiteVersion1,AEGP_SuiteHandler.h,358,raw-token,sdk-25.6-util
kPFANSISuiteVersion1,AEGP_SuiteHandler.h,536,raw-token,sdk-25.6-util
kPFAdvAppSuite,AEGP_SuiteHandler.h,338,raw-token,sdk-25.6-util
kPFAdvAppSuite,AEGP_SuiteHandler.h,412,raw-token,sdk-25.6-util
kPFAdvAppSuite,AEGP_SuiteHandler.h,516,raw-token,sdk-25.6-util
kPFAdvAppSuite,AEGP_SuiteHandler.h,591,raw-token,sdk-25.6-util
kPFAdvAppSuiteVersion1,AEGP_SuiteHandler.h,412,raw-token,sdk-25.6-util
kPFAdvAppSuiteVersion1,AEGP_SuiteHandler.h,591,raw-token,sdk-25.6-util
kPFAdvAppSuiteVersion2,AEGP_SuiteHandler.h,338,raw-token,sdk-25.6-util
kPFAdvAppSuiteVersion2,AEGP_SuiteHandler.h,516,raw-token,sdk-25.6-util
kPFAdvItemSuite,AEGP_SuiteHandler.h,396,raw-token,sdk-25.6-util
kPFAdvItemSuite,AEGP_SuiteHandler.h,585,raw-token,sdk-25.6-util
kPFAdvItemSuiteVersion1,AEGP_SuiteHandler.h,396,raw-token,sdk-25.6-util
kPFAdvItemSuiteVersion1,AEGP_SuiteHandler.h,585,raw-token,sdk-25.6-util
kPFAdvTimeSuite,AEGP_SuiteHandler.h,330,raw-token,sdk-25.6-util
kPFAdvTimeSuite,AEGP_SuiteHandler.h,372,raw-token,sdk-25.6-util
kPFAdvTimeSuite,AEGP_SuiteHandler.h,509,raw-token,sdk-25.6-util
kPFAdvTimeSuiteVersion4,AEGP_SuiteHandler.h,330,raw-token,sdk-25.6-util
kPFAdvTimeSuiteVersion4,AEGP_SuiteHandler.h,372,raw-token,sdk-25.6-util
kPFAdvTimeSuiteVersion4,AEGP_SuiteHandler.h,509,raw-token,sdk-25.6-util
kPFAppSuite,AEGP_SuiteHandler.h,335,raw-token,sdk-25.6-util
kPFAppSuite,AEGP_SuiteHandler.h,336,raw-token,sdk-25.6-util
kPFAppSuite,AEGP_SuiteHandler.h,337,raw-token,sdk-25.6-util
kPFAppSuite,AEGP_SuiteHandler.h,513,raw-token,sdk-25.6-util
kPFAppSuite,AEGP_SuiteHandler.h,514,raw-token,sdk-25.6-util
kPFAppSuite,AEGP_SuiteHandler.h,515,raw-token,sdk-25.6-util
kPFAppSuiteVersion4,AEGP_SuiteHandler.h,335,raw-token,sdk-25.6-util
kPFAppSuiteVersion4,AEGP_SuiteHandler.h,513,raw-token,sdk-25.6-util
kPFAppSuiteVersion5,AEGP_SuiteHandler.h,336,raw-token,sdk-25.6-util
kPFAppSuiteVersion5,AEGP_SuiteHandler.h,514,raw-token,sdk-25.6-util
kPFAppSuiteVersion6,AEGP_SuiteHandler.h,337,raw-token,sdk-25.6-util
kPFAppSuiteVersion6,AEGP_SuiteHandler.h,515,raw-token,sdk-25.6-util
kPFColorParamSuite,AEGP_SuiteHandler.h,429,raw-token,sdk-25.6-util
kPFColorParamSuite,AEGP_SuiteHandler.h,607,raw-token,sdk-25.6-util
kPFColorParamSuiteVersion1,AEGP_SuiteHandler.h,429,raw-token,sdk-25.6-util
kPFColorParamSuiteVersion1,AEGP_SuiteHandler.h,607,raw-token,sdk-25.6-util
kPFEffectCustomUIOverlayThemeSuite,AEGP_SuiteHandler.h,435,raw-token,sdk-25.6-util
kPFEffectCustomUIOverlayThemeSuite,AEGP_SuiteHandler.h,615,raw-token,sdk-25.6-util
kPFEffectCustomUIOverlayThemeSuiteVersion1,AEGP_SuiteHandler.h,435,raw-token,sdk-25.6-util
kPFEffectCustomUIOverlayThemeSuiteVersion1,AEGP_SuiteHandler.h,615,raw-token,sdk-25.6-util
kPFEffectCustomUISuite,AEGP_SuiteHandler.h,433,raw-token,sdk-25.6-util
kPFEffectCustomUISuite,AEGP_SuiteHandler.h,434,raw-token,sdk-25.6-util
kPFEffectCustomUISuite,AEGP_SuiteHandler.h,613,raw-token,sdk-25.6-util
kPFEffectCustomUISuite,AEGP_SuiteHandler.h,614,raw-token,sdk-25.6-util
kPFEffectCustomUISuiteVersion1,AEGP_SuiteHandler.h,433,raw-token,sdk-25.6-util
kPFEffectCustomUISuiteVersion1,AEGP_SuiteHandler.h,613,raw-token,sdk-25.6-util
kPFEffectCustomUISuiteVersion2,AEGP_SuiteHandler.h,434,raw-token,sdk-25.6-util
kPFEffectCustomUISuiteVersion2,AEGP_SuiteHandler.h,614,raw-token,sdk-25.6-util
kPFFillMatteSuite,AEGP_SuiteHandler.h,360,raw-token,sdk-25.6-util
kPFFillMatteSuite,AEGP_SuiteHandler.h,538,raw-token,sdk-25.6-util
kPFFillMatteSuiteVersion2,AEGP_SuiteHandler.h,360,raw-token,sdk-25.6-util
kPFFillMatteSuiteVersion2,AEGP_SuiteHandler.h,538,raw-token,sdk-25.6-util
kPFHandleSuite,AEGP_SuiteHandler.h,359,raw-token,sdk-25.6-util
kPFHandleSuite,AEGP_SuiteHandler.h,537,raw-token,sdk-25.6-util
kPFHandleSuiteVersion1,AEGP_SuiteHandler.h,359,raw-token,sdk-25.6-util
kPFHandleSuiteVersion1,AEGP_SuiteHandler.h,537,raw-token,sdk-25.6-util
kPFHelperSuite2,AEGP_SuiteHandler.h,391,raw-token,sdk-25.6-util
kPFHelperSuite2,AEGP_SuiteHandler.h,569,raw-token,sdk-25.6-util
kPFHelperSuite2Version2,AEGP_SuiteHandler.h,391,raw-token,sdk-25.6-util
kPFHelperSuite2Version2,AEGP_SuiteHandler.h,569,raw-token,sdk-25.6-util
kPFIterate16Suite,AEGP_SuiteHandler.h,376,raw-token,sdk-25.6-util
kPFIterate16Suite,AEGP_SuiteHandler.h,379,raw-token,sdk-25.6-util
kPFIterate16Suite,AEGP_SuiteHandler.h,552,raw-token,sdk-25.6-util
kPFIterate16Suite,AEGP_SuiteHandler.h,555,raw-token,sdk-25.6-util
kPFIterate16SuiteVersion1,AEGP_SuiteHandler.h,376,raw-token,sdk-25.6-util
kPFIterate16SuiteVersion1,AEGP_SuiteHandler.h,552,raw-token,sdk-25.6-util
kPFIterate16SuiteVersion2,AEGP_SuiteHandler.h,379,raw-token,sdk-25.6-util
kPFIterate16SuiteVersion2,AEGP_SuiteHandler.h,555,raw-token,sdk-25.6-util
kPFIterate8Suite,AEGP_SuiteHandler.h,375,raw-token,sdk-25.6-util
kPFIterate8Suite,AEGP_SuiteHandler.h,378,raw-token,sdk-25.6-util
kPFIterate8Suite,AEGP_SuiteHandler.h,551,raw-token,sdk-25.6-util
kPFIterate8Suite,AEGP_SuiteHandler.h,554,raw-token,sdk-25.6-util
kPFIterate8SuiteVersion1,AEGP_SuiteHandler.h,375,raw-token,sdk-25.6-util
kPFIterate8SuiteVersion1,AEGP_SuiteHandler.h,551,raw-token,sdk-25.6-util
kPFIterate8SuiteVersion2,AEGP_SuiteHandler.h,378,raw-token,sdk-25.6-util
kPFIterate8SuiteVersion2,AEGP_SuiteHandler.h,554,raw-token,sdk-25.6-util
kPFIterateFloatSuite,AEGP_SuiteHandler.h,377,raw-token,sdk-25.6-util
kPFIterateFloatSuite,AEGP_SuiteHandler.h,380,raw-token,sdk-25.6-util
kPFIterateFloatSuite,AEGP_SuiteHandler.h,553,raw-token,sdk-25.6-util
kPFIterateFloatSuite,AEGP_SuiteHandler.h,556,raw-token,sdk-25.6-util
kPFIterateFloatSuiteVersion1,AEGP_SuiteHandler.h,377,raw-token,sdk-25.6-util
kPFIterateFloatSuiteVersion1,AEGP_SuiteHandler.h,553,raw-token,sdk-25.6-util
kPFIterateFloatSuiteVersion2,AEGP_SuiteHandler.h,380,raw-token,sdk-25.6-util
kPFIterateFloatSuiteVersion2,AEGP_SuiteHandler.h,556,raw-token,sdk-25.6-util
kPFParamUtilsSuite,AEGP_SuiteHandler.h,334,raw-token,sdk-25.6-util
kPFParamUtilsSuite,AEGP_SuiteHandler.h,512,raw-token,sdk-25.6-util
kPFParamUtilsSuiteVersion3,AEGP_SuiteHandler.h,334,raw-token,sdk-25.6-util
kPFParamUtilsSuiteVersion3,AEGP_SuiteHandler.h,512,raw-token,sdk-25.6-util
kPFPathDataSuite,AEGP_SuiteHandler.h,333,raw-token,sdk-25.6-util
kPFPathDataSuite,AEGP_SuiteHandler.h,511,raw-token,sdk-25.6-util
kPFPathDataSuiteVersion1,AEGP_SuiteHandler.h,333,raw-token,sdk-25.6-util
kPFPathDataSuiteVersion1,AEGP_SuiteHandler.h,511,raw-token,sdk-25.6-util
kPFPathQuerySuite,AEGP_SuiteHandler.h,331,raw-token,sdk-25.6-util
kPFPathQuerySuite,AEGP_SuiteHandler.h,510,raw-token,sdk-25.6-util
kPFPathQuerySuiteVersion1,AEGP_SuiteHandler.h,331,raw-token,sdk-25.6-util
kPFPathQuerySuiteVersion1,AEGP_SuiteHandler.h,510,raw-token,sdk-25.6-util
kPFSampling16Suite,AEGP_SuiteHandler.h,374,raw-token,sdk-25.6-util
kPFSampling16Suite,AEGP_SuiteHandler.h,550,raw-token,sdk-25.6-util
kPFSampling16SuiteVersion1,AEGP_SuiteHandler.h,374,raw-token,sdk-25.6-util
kPFSampling16SuiteVersion1,AEGP_SuiteHandler.h,550,raw-token,sdk-25.6-util
kPFSampling8Suite,AEGP_SuiteHandler.h,373,raw-token,sdk-25.6-util
kPFSampling8Suite,AEGP_SuiteHandler.h,549,raw-token,sdk-25.6-util
kPFSampling8SuiteVersion1,AEGP_SuiteHandler.h,373,raw-token,sdk-25.6-util
kPFSampling8SuiteVersion1,AEGP_SuiteHandler.h,549,raw-token,sdk-25.6-util
kPFSamplingFloatSuite,AEGP_SuiteHandler.h,430,raw-token,sdk-25.6-util
kPFSamplingFloatSuite,AEGP_SuiteHandler.h,610,raw-token,sdk-25.6-util
kPFSamplingFloatSuiteVersion1,AEGP_SuiteHandler.h,430,raw-token,sdk-25.6-util
kPFSamplingFloatSuiteVersion1,AEGP_SuiteHandler.h,610,raw-token,sdk-25.6-util
kPFWorldSuite,AEGP_SuiteHandler.h,364,raw-token,sdk-25.6-util
kPFWorldSuite,AEGP_SuiteHandler.h,542,raw-token,sdk-25.6-util
kPFWorldSuiteVersion1,AEGP_SuiteHandler.h,364,raw-token,sdk-25.6-util
kPFWorldSuiteVersion1,AEGP_SuiteHandler.h,542,raw-token,sdk-25.6-util
kPFWorldTransformSuite,AEGP_SuiteHandler.h,361,raw-token,sdk-25.6-util
kPFWorldTransformSuite,AEGP_SuiteHandler.h,539,raw-token,sdk-25.6-util
kPFWorldTransformSuiteVersion1,AEGP_SuiteHandler.h,361,raw-token,sdk-25.6-util
kPFWorldTransformSuiteVersion1,AEGP_SuiteHandler.h,539,raw-token,sdk-25.6-util
kSPSuitesSuite,AEGP_SuiteHandler.h,440,raw-token,sdk-25.6-util
kSPSuitesSuite,AEGP_SuiteHandler.h,621,raw-token,sdk-25.6-util
kSPSuitesSuiteVersion,AEGP_SuiteHandler.h,440,raw-token,sdk-25.6-util
kSPSuitesSuiteVersion,AEGP_SuiteHandler.h,621,raw-token,sdk-25.6-util
