path,line,text
GPUUtils\PrGPUFilterModule.h,105,"const PrGPUFilterRenderParams* inRenderParams,"
GPUUtils\PrGPUFilterModule.h,116,"const PrGPUFilterRenderParams* inRenderParams,"
GPUUtils\PrGPUFilterModule.h,126,virtual prSuiteError Render(
GPUUtils\PrGPUFilterModule.h,127,"const PrGPUFilterRenderParams* inRenderParams,"
GPUUtils\PrGPUFilterModule.h,153,inIndex -= 1; // GPU filters do not include the input frame
GPUUtils\PrGPUFilterModule.h,239,ioInstanceData->ioPrivatePluginData = gpuFilter;
GPUUtils\PrGPUFilterModule.h,254,delete (GPUFilter*)ioInstanceData->ioPrivatePluginData;
GPUUtils\PrGPUFilterModule.h,255,ioInstanceData->ioPrivatePluginData = 0;
GPUUtils\PrGPUFilterModule.h,264,"const PrGPUFilterRenderParams* inRenderParams,"
GPUUtils\PrGPUFilterModule.h,268,"return ((GPUFilter*)inInstanceData->ioPrivatePluginData)->GetFrameDependencies(inRenderParams, ioQueryIndex, outFrameRequirements);"
GPUUtils\PrGPUFilterModule.h,276,"const PrGPUFilterRenderParams* inRenderParams,"
GPUUtils\PrGPUFilterModule.h,280,"return ((GPUFilter*)inInstanceData->ioPrivatePluginData)->Precompute(inRenderParams, inIndex, inFrame);"
GPUUtils\PrGPUFilterModule.h,286,static prSuiteError Render(
GPUUtils\PrGPUFilterModule.h,288,"const PrGPUFilterRenderParams* inRenderParams,"
GPUUtils\PrGPUFilterModule.h,293,"return ((GPUFilter*)inInstanceData->ioPrivatePluginData)->Render(inRenderParams, inFrames, inFrameCount, outFrame);"
GPUUtils\PrGPUFilterModule.h,322,outFilter->Render = ClassName::Render; \
Headers\A.h,30,#ifdef A_INTERNAL
Headers\A.h,32,#include <A_Private.h>
Headers\A.h,74,#pragma warning(push)
Headers\A.h,75,#pragma warning(disable : 4103)
Headers\A.h,82,#pragma warning(pop)
Headers\A.h,120,} A_LegacyRect;
Headers\A.h,139,#pragma warning(push)
Headers\A.h,140,#pragma warning(disable : 4103)
Headers\A.h,147,#pragma warning(pop)
Headers\A.h,159,#pragma warning(push)
Headers\A.h,160,#pragma warning(disable : 4103)
Headers\A.h,167,#pragma warning(pop)
Headers\A.h,181,#pragma warning(push)
Headers\A.h,182,#pragma warning(disable : 4103)
Headers\A.h,189,#pragma warning(pop)
Headers\A.h,206,"A_Err_WRONG_THREAD,					// Some calls can only be used on UI (Main) or Render threads. Also, calls back to AE can only be made from the same thread AE called you on"
Headers\A.h,223,"A_Err_NOT_IN_CACHE_OR_COMPUTE_PENDING,"
Headers\A.h,240,typedef A_char			A_LegacyEnumType;
Headers\A.h,242,typedef A_long			A_LegacyEnumType;
Headers\AEConfig.h,5,Usage guidelines for these defines. 4/12/2006
Headers\AEConfig.h,31,intrinsics. Note: we do not currently have a define for things
Headers\AEConfig.h,32,like SSE or SSE3 as we don't build the whole code base targetted
Headers\AEConfig.h,46,already defined in U which will be a no-op on platforms that don't need it.
Headers\AEConfig.h,59,"// Older SDKs ( before TV, WATCH ) do not have TARGET_OS_IOS defined."
Headers\AEConfig.h,73,#elif defined(__ANDROID__)
Headers\AEConfig.h,74,#define AE_OS_ANDROID
Headers\AEFX_SuiteHandlerTemplate.h,106,private:
Headers\AE_AdvEffectSuites.h,30,#pragma warning(push)
Headers\AE_AdvEffectSuites.h,31,#pragma warning(disable : 4103)
Headers\AE_AdvEffectSuites.h,38,#pragma warning(pop)
Headers\AE_AdvEffectSuites.h,54,SPAPI	PF_Err	(*PF_SetProjectDirty)(void);
Headers\AE_AdvEffectSuites.h,98,SPAPI	PF_Err	(*PF_SetProjectDirty)(void);
Headers\AE_AdvEffectSuites.h,147,typedef A_LegacyEnumType PF_Step;
Headers\AE_AdvEffectSuites.h,152,PF_TimeDisplayFormatFeetFrames // OBSOLETE: returned only by kPFAdvTimeSuiteVersion1
Headers\AE_AdvEffectSuites.h,336,"SPAPI PF_Err (*PF_ForceRerender)(			PF_InData		*in_data,"
Headers\AE_AdvEffectSuites.h,353,#pragma warning(push)
Headers\AE_AdvEffectSuites.h,354,#pragma warning(disable : 4103)
Headers\AE_AdvEffectSuites.h,361,#pragma warning(pop)
Headers\AE_CacheOnLoadSuite.h,22,#ifndef AECACHEONLOADSUITE
Headers\AE_CacheOnLoadSuite.h,23,#define AECACHEONLOADSUITE
Headers\AE_CacheOnLoadSuite.h,26,"**	CacheOnLoadSuite, used to signal whether or not the plugin needs to load from"
Headers\AE_CacheOnLoadSuite.h,29,"#define kPFCacheOnLoadSuite			""PF Cache On Load Suite"""
Headers\AE_CacheOnLoadSuite.h,30,#define kPFCacheOnLoadSuiteVersion1	1
Headers\AE_CacheOnLoadSuite.h,32,typedef struct PF_CacheOnLoadSuite1 {
Headers\AE_CacheOnLoadSuite.h,34,"SPAPI PF_Err	(*PF_SetNoCacheOnLoad)(	PF_ProgPtr			effect_ref,"
Headers\AE_CacheOnLoadSuite.h,37,} PF_CacheOnLoadSuite1;
Headers\AE_CacheOnLoadSuite.h,39,#endif // AECACHEONLOADSUITE
Headers\AE_ChannelSuites.h,30,#pragma warning(push)
Headers\AE_ChannelSuites.h,31,#pragma warning(disable : 4103)
Headers\AE_ChannelSuites.h,38,#pragma warning(pop)
Headers\AE_ChannelSuites.h,83,The checked out channel must be checked in to avoid memory leaks.
Headers\AE_ChannelSuites.h,572,#pragma warning(push)
Headers\AE_ChannelSuites.h,573,#pragma warning(disable : 4103)
Headers\AE_ChannelSuites.h,580,#pragma warning(pop)
Headers\AE_ComputeCacheSuite.h,18,#ifndef _H_AE_ComputeCacheSuite
Headers\AE_ComputeCacheSuite.h,19,#define _H_AE_ComputeCacheSuite
Headers\AE_ComputeCacheSuite.h,24,#ifdef AEGP_INTERNAL
Headers\AE_ComputeCacheSuite.h,25,#include <AE_GeneralPlug_Private.h>
Headers\AE_ComputeCacheSuite.h,32,///////////////////////////////////// MC Compute -- plugin registration of cached computations
Headers\AE_ComputeCacheSuite.h,34,"// Globally unique identifier for the compute class, such as ""adobe.ae.effect.test_effect.cache_v_1"""
Headers\AE_ComputeCacheSuite.h,41,// GUID used as the cache key.
Headers\AE_ComputeCacheSuite.h,42,typedef struct AEGP_GUID {
Headers\AE_ComputeCacheSuite.h,44,} AEGP_GUID;
Headers\AE_ComputeCacheSuite.h,46,typedef AEGP_GUID AEGP_CCComputeKey;
Headers\AE_ComputeCacheSuite.h,49,typedef void *AEGP_CCCheckoutReceiptP;
Headers\AE_ComputeCacheSuite.h,54,typedef struct AEGP_ComputeCacheCallbacks {
Headers\AE_ComputeCacheSuite.h,55,// Cache key. Called when creating a cache entry and when doing a cache lookup. Should be fast to compute. All of the inputs
Headers\AE_ComputeCacheSuite.h,56,// needed to uniquely address the cache entry must be hashed into the key. If a layer checkout is needed to calculate the cache
Headers\AE_ComputeCacheSuite.h,57,"// value, such as with a histogram, then the hash of that input must be included. See PF_ParamUtilsSuite::PF_GetCurrentState"
Headers\AE_ComputeCacheSuite.h,59,"// in the frame, thus a render is not triggered when making this call."
Headers\AE_ComputeCacheSuite.h,64,// The expensive call. Generate the cache data from the input parameters.
Headers\AE_ComputeCacheSuite.h,70,// to the cache purging heuristic.
Headers\AE_ComputeCacheSuite.h,74,// The computed value lives in the cache. This is called to free the value when the cached is to be purged. All resources
Headers\AE_ComputeCacheSuite.h,75,// owned by the cache value must be freed here.
Headers\AE_ComputeCacheSuite.h,78,} AEGP_ComputeCacheCallbacks;
Headers\AE_ComputeCacheSuite.h,82,"#define kAEGPComputeCacheSuite				""AEGP Compute Cache"""
Headers\AE_ComputeCacheSuite.h,83,#define kAEGPComputeCacheSuiteVersion1		1	/* frozen in AE 18.2 */
Headers\AE_ComputeCacheSuite.h,85,typedef struct AEGP_ComputeCacheSuite1 {
Headers\AE_ComputeCacheSuite.h,87,// Register a cache type.
Headers\AE_ComputeCacheSuite.h,90,const AEGP_ComputeCacheCallbacks	*callbacksP);
Headers\AE_ComputeCacheSuite.h,92,// Unregister a cache type. Note that all cached values will be purged at this time since the delete_compute_value callback
Headers\AE_ComputeCacheSuite.h,93,"// is how cache entries are deleted, and delete_compute_value is not available after unregister."
Headers\AE_ComputeCacheSuite.h,100,// When adding cache support one of the first questions to answer is if a single render call needs to checkout more than one
Headers\AE_ComputeCacheSuite.h,101,"// cache value. If more than one cache value is needed then the multi-checkout pattern, below, can be applied to concurrently"
Headers\AE_ComputeCacheSuite.h,102,// calculate the caches across multiple render calls and thus avoid serialization of the compute.
Headers\AE_ComputeCacheSuite.h,104,// SINGLE CACHE VALUE
Headers\AE_ComputeCacheSuite.h,105,"// If a render call only needs one cache value then set wait_for_other_threadB to true. The checkout call will return a receipt,"
Headers\AE_ComputeCacheSuite.h,106,// possibly calling the compute callback to populate the cache; or waiting on another thread that had already started the
Headers\AE_ComputeCacheSuite.h,110,// If a render call needs multiple cache values then this pattern can be used to keep the render threads utilized and thus
Headers\AE_ComputeCacheSuite.h,112,//    Render()
Headers\AE_ComputeCacheSuite.h,118,//          if(first_err == A_Err_NOT_IN_CACHE_OR_COMPUTE_PENDING) {
Headers\AE_ComputeCacheSuite.h,121,//          if(second_err == A_Err_NOT_IN_CACHE_OR_COMPUTE_PENDING) {
Headers\AE_ComputeCacheSuite.h,128,//      CACHE STATE   ||          FALSE                    TRUE          |
Headers\AE_ComputeCacheSuite.h,130,//        No cache    ||  Compute and checkout  |  Compute and checkout  |
Headers\AE_ComputeCacheSuite.h,135,//        Cached      ||  Checkout              |  Checkout              |
Headers\AE_ComputeCacheSuite.h,138,// Returns A_Err_NOT_IN_CACHE_OR_COMPUTE_PENDING if wait_for_other_threadB is false and another thread is currently computing
Headers\AE_ComputeCacheSuite.h,139,// the cache value. Note that the host will not notify the user of this error; it will be silent to the user.
Headers\AE_ComputeCacheSuite.h,141,// Must call AEGP_CheckinComputeReceipt on success. Check-in must be done before returning to the host.
Headers\AE_ComputeCacheSuite.h,146,AEGP_CCCheckoutReceiptP				*compute_receiptPP);
Headers\AE_ComputeCacheSuite.h,148,"// This call does a cache check, and thus should return always quickly. It does not do compute nor does it wait for another"
Headers\AE_ComputeCacheSuite.h,149,// thread that is populating the cache.
Headers\AE_ComputeCacheSuite.h,150,// This call could be used to implement a polling pattern where another piece of code is expected to populate the cache. For
Headers\AE_ComputeCacheSuite.h,151,"// example, a UI thread could poll the cache regularly for a histogram that is generated on a render thread."
Headers\AE_ComputeCacheSuite.h,153,// Either returns cache value or A_Err_NOT_IN_CACHE_OR_COMPUTE_PENDING if cache miss.
Headers\AE_ComputeCacheSuite.h,154,// Must call AEGP_CheckinComputeReceipt on success. Check-in must be done before returning to the host.
Headers\AE_ComputeCacheSuite.h,155,SPAPI A_Err (*AEGP_CheckoutCached)(
Headers\AE_ComputeCacheSuite.h,158,AEGP_CCCheckoutReceiptP				*compute_receiptPP);
Headers\AE_ComputeCacheSuite.h,160,// Get the cache value from a checkout receipt.
Headers\AE_ComputeCacheSuite.h,161,SPAPI A_Err (*AEGP_GetReceiptComputeValue)(
Headers\AE_ComputeCacheSuite.h,162,"const AEGP_CCCheckoutReceiptP		compute_receiptP,"
Headers\AE_ComputeCacheSuite.h,165,// Check-in a receipt.
Headers\AE_ComputeCacheSuite.h,166,SPAPI A_Err (*AEGP_CheckinComputeReceipt)(
Headers\AE_ComputeCacheSuite.h,167,AEGP_CCCheckoutReceiptP				compute_receiptP );
Headers\AE_ComputeCacheSuite.h,169,} AEGP_ComputeCacheSuite1;
Headers\AE_CreatorInfo.h,26,Data must be in Motorola byte order.
Headers\AE_Effect.h,51,// this file with contradictory settings of A_INTERNAL. It must
Headers\AE_Effect.h,53,// You can define A_SUPPRESS_A_INTERNAL_WARNING if you have a plugin
Headers\AE_Effect.h,55,#ifdef A_INTERNAL
Headers\AE_Effect.h,56,#define A_INTERNAL_TEST_ONE 1
Headers\AE_Effect.h,58,#define A_INTERNAL_TEST_TWO 1
Headers\AE_Effect.h,61,#if (A_INTERNAL_TEST_ONE && A_INTERNAL_TEST_TWO)
Headers\AE_Effect.h,62,#ifndef A_SUPPRESS_A_INTERNAL_WARNING
Headers\AE_Effect.h,63,"#pragma message(""Warning: You have included AE_Effect.h once with A_INTERNAL set and once without."")"
Headers\AE_Effect.h,67,// End of A_INTERNAL consistency check.
Headers\AE_Effect.h,73,#ifdef A_INTERNAL
Headers\AE_Effect.h,74,"#include ""PF_Private.h"""
Headers\AE_Effect.h,83,#pragma warning(push)
Headers\AE_Effect.h,84,#pragma warning(disable : 4103)
Headers\AE_Effect.h,91,#pragma warning(pop)
Headers\AE_Effect.h,102,#if defined(__ANDROID__)
Headers\AE_Effect.h,360,// the amplitude when rendering at low sampling rates
Headers\AE_Effect.h,390,"PF_Param_SLIDER,	/* obsolete, use PF_Param_FLOAT_SLIDER */"
Headers\AE_Effect.h,391,"PF_Param_FIX_SLIDER,/* obsolete, use PF_Param_FLOAT_SLIDER */"
Headers\AE_Effect.h,397,"PF_Param_CUSTOM,	/* obsolete */"
Headers\AE_Effect.h,456,preserve rendering behaviour for older projects.
Headers\AE_Effect.h,491,"PF_ParamFlag_RESERVED4							= 1 << 11,		/* reserved for internal use: it IS in use, don't use it! */"
Headers\AE_Effect.h,500,"PF_Err_INTERNAL_STRUCT_DAMAGED = PF_FIRST_ERR,"
Headers\AE_Effect.h,505,"PF_Interrupt_CANCEL,				/* Returned when user interrupts rendering */"
Headers\AE_Effect.h,537,undefined behavior and must not escape your plug-in.
Headers\AE_Effect.h,541,This value was ultimately chosen because it is the internal representation for
Headers\AE_Effect.h,606,PF_OutFlag_SEQUENCE_DATA_NEEDS_FLATTENING
Headers\AE_Effect.h,607,"When you allocate a sequence data handle, the app"
Headers\AE_Effect.h,614,"you have flattened a handle, you will get an"
Headers\AE_Effect.h,615,opportunity to un-flatten it before the effect
Headers\AE_Effect.h,616,"needs to continue. For sequence data, you will be"
Headers\AE_Effect.h,617,invoked with a PF_Cmd_SEQUENCE_RESETUP call. You
Headers\AE_Effect.h,619,unflattened and flattened data that says whether
Headers\AE_Effect.h,621,PF_Cmd_SEQUENCE_RESETUP and the boolean indicated
Headers\AE_Effect.h,622,"the data is flattened, you should  unflatten the"
Headers\AE_Effect.h,623,"data, free the flattened data handle, and set the"
Headers\AE_Effect.h,624,sequence_data handle in the  PF_OutData. If you
Headers\AE_Effect.h,625,"ever set the data to NULL when you flatten it, you"
Headers\AE_Effect.h,626,will NOT get the sequence  resetup call to
Headers\AE_Effect.h,627,"unflatten it. Instead, you may just get a RENDER"
Headers\AE_Effect.h,630,"flattened, should be set at  PF_Cmd_GLOBAL_SETUP time."
Headers\AE_Effect.h,644,the frame to re-render.  Specify this flag at PF_Cmd_GLOBAL_SETUP.
Headers\AE_Effect.h,650,The DO_DIALOG will be sent after PF_Cmd_SEQUENCE_SETUP.  This flag
Headers\AE_Effect.h,651,should be set in PF_Cmd_SEQUENCE_SETUP if it is going to be set.
Headers\AE_Effect.h,657,"like an error message dialog box.  If you don't set this flag, it"
Headers\AE_Effect.h,666,"PF specification, but as an extra precaution (and hint to the AE rendering"
Headers\AE_Effect.h,677,"care about (because of field rendering, for example) could be filled with garbage"
Headers\AE_Effect.h,683,"can be useful if you need an scratch buffer, but it also invalidates some speedups"
Headers\AE_Effect.h,684,"in the AE rendering pipeline, so use it with some discretion. Please set this"
Headers\AE_Effect.h,689,Obsoleted in AE 2015 (does nothing when set).
Headers\AE_Effect.h,696,PF_OutFlag_NOP_RENDER
Headers\AE_Effect.h,698,Set this flag in PF_Cmd_GLOBAL_SETUP if the render would never result in changes
Headers\AE_Effect.h,703,This flag must be set if your effect has a custom UI in the Effect Controls
Headers\AE_Effect.h,706,PF_OutFlag2_CUSTOM_UI_ASYNC_MANAGER	(new in 13.5)
Headers\AE_Effect.h,708,This flags enables use of AEGP_CheckoutOrRender_*_AsyncManager() calls
Headers\AE_Effect.h,709,which avoid the need for plugin management of the lifetime of async custom UI renders from the UI thread.
Headers\AE_Effect.h,714,"Due to separation of Render thread and UI thread in 13.5, frames for custom UI should no longer be"
Headers\AE_Effect.h,715,"rendered synchronously (see RenderSuite5 for more details). The manager simplifies this, especially when"
Headers\AE_Effect.h,718,"When enabled, this flag associates a ""PF_AsyncManager"" with the NEW_CONTEXT/CLOSE_CONTEXT and PF_Event_DRAW"
Headers\AE_Effect.h,719,that will automatically track completion of 1 or more asynch render requests made for drawing custom UI.
Headers\AE_Effect.h,728,"Can be returned from PF_Cmd_EVENT, PF_Cmd_RENDER, and PF_Cmd_DO_DIALOG."
Headers\AE_Effect.h,733,Must be set at PF_Cmd_GLOBAL_SETUP time if the effect uses
Headers\AE_Effect.h,739,Must be set at PF_Cmd_GLOBAL_SETUP time for a visual effect
Headers\AE_Effect.h,742,PF_OutFlag_I_AM_OBSOLETE
Headers\AE_Effect.h,744,Set at PF_Cmd_GLOBAL_SETUP time for effects that don't
Headers\AE_Effect.h,748,PF_OutFlag_FORCE_RERENDER
Headers\AE_Effect.h,750,"Set at PF_Cmd_EVENT if the effect modified sequence data,"
Headers\AE_Effect.h,751,or did anything else that requires the effect needs to re-render.
Headers\AE_Effect.h,753,"causes a re-render, so don't worry about setting PF_OutFlag_FORCE_RERENDER"
Headers\AE_Effect.h,754,"in that case. Also, I_MIX_GUID_DEPENDENCIES can be used to trigger a rerender on"
Headers\AE_Effect.h,755,dependant changes if sequence_data has not been changed.
Headers\AE_Effect.h,757,IMPORTANT: FORCE_RERENDER should be used as a last resort. Long term we should be eliminating the need for this
Headers\AE_Effect.h,758,because it causes forced cache invalidation that doesn't work well with undo.
Headers\AE_Effect.h,759,"Once we have the full set of APIs in place needed to manage render state, we will be able to deprecate this."
Headers\AE_Effect.h,760,Prefer using ARB data + CHANGED_VALUE or I_MIX_GUID_DEPENDENCIES when possible instead.
Headers\AE_Effect.h,762,In 13.5 the split between a UI and render threads means that FORCE_RERENDER will now also have the needed
Headers\AE_Effect.h,763,side effect of copying sequence_data state to the render project.  This can be expensive if the sequence_data is large.
Headers\AE_Effect.h,764,"Support GET_FLATTENED_SEQUENCE_DATA to prevent deallocation of your sequence_data, which can help."
Headers\AE_Effect.h,765,GET_FLATTENED_SEQUENCE_DATA support is required for FORCE_RERENDER use in custom mouse/key events.
Headers\AE_Effect.h,770,ignored at PF_Cmd_GLOBAL_SETUP time (& thus don't need to match).
Headers\AE_Effect.h,780,report its information based on the given sequence_data.
Headers\AE_Effect.h,807,Must be set at PF_Cmd_GLOBAL_SETUP time for an effect that
Headers\AE_Effect.h,812,Must be set at PF_Cmd_GLOBAL_SETUP time for an effect
Headers\AE_Effect.h,820,can be cached (as opposed to PIPL bits which cannot be changed at run-time)
Headers\AE_Effect.h,824,This bit must be set if the effect ever uses the AEGP PF_Interface suite to
Headers\AE_Effect.h,829,This bit must be set if the effect ever uses the AEGP PF_Interface suite to
Headers\AE_Effect.h,840,Added for render optimizations; shrinks the input buffer passed to the effect to
Headers\AE_Effect.h,842,"PF_OutFlag2_REVEALS_ZERO_ALPHA is set, in which case RGB must be zero as well.)"
Headers\AE_Effect.h,845,"a null input buffer if their input is completely empty, and must be able to handle"
Headers\AE_Effect.h,856,PF_OutFlag2_I_AM_DEPRECATED
Headers\AE_Effect.h,857,"this effect is still available, and shows up under user-visible ""Obsolete"" category"
Headers\AE_Effect.h,859,"may still be useful in some situations"".  distinct from PF_OutFlag_I_AM_OBSOLETE in"
Headers\AE_Effect.h,862,"instead always go into the ""Obsolete"" category"
Headers\AE_Effect.h,867,be asked to rerender.
Headers\AE_Effect.h,873,"that if you use this new flag, and you cache any time-dependent data in your"
Headers\AE_Effect.h,874,"sequence data (or anywhere else), you must validate that cache using the"
Headers\AE_Effect.h,877,This only works for smart effects (those that set PF_OutFlag2_SUPPORTS_SMART_RENDER). If you haven't
Headers\AE_Effect.h,881,"RAM Preview to fill the cache, then change one of the keyframes. The related frame and"
Headers\AE_Effect.h,883,"cache marks and require re-rendering. Simlarly, upstream changes to sources of layer"
Headers\AE_Effect.h,884,parameters should cause time-selective invalidation of the cache.
Headers\AE_Effect.h,894,Plugin authors that actually do have this state changing asynchronously must be careful to
Headers\AE_Effect.h,895,have the next render match the last state returned from QUERY_DYNAMIC_FLAGS otherwise race conditions
Headers\AE_Effect.h,896,could cause incorrect frames to be cached. (This is a non-issue if you only change this in response
Headers\AE_Effect.h,899,PF_OutFlag2_I_MIX_GUID_DEPENDENCIES	(new in 13.5)
Headers\AE_Effect.h,900,"Smart effects only. With this option, FORCE_RERENDER becomes a cache-savvy more efficient MAYBE rerender."
Headers\AE_Effect.h,901,"If custom UI or DO_DIALOG change sequence data, returning FORCE_RERENDER requests AE to check whether"
Headers\AE_Effect.h,902,"rerender needs to occur.  During PreRender, the effect uses the GuidMixInPtr callback to mix"
Headers\AE_Effect.h,903,any additional state that affects the render into our internal GUID for the cached frame.
Headers\AE_Effect.h,904,"AE can then tell whether the frame already exists and if so, no longer needs to render."
Headers\AE_Effect.h,905,This also means that DO_DIALOG no longer always blows the cache and that undo works across DO_DIALOG.
Headers\AE_Effect.h,906,Cancelation of DO_DIALOG no longer blows the cache either.
Headers\AE_Effect.h,908,Just be sure to mix in everything that can uniquely affect resulting rendered pixels (that is not already
Headers\AE_Effect.h,909,an AE stream parameter).  But don't mixin things that are disabled and have no render effect  (this
Headers\AE_Effect.h,910,results in less cache efficiency).
Headers\AE_Effect.h,912,PF_OutFlag2_SUPPORTS_THREADED_RENDERING
Headers\AE_Effect.h,913,Indicates the effect supports rendering on multiple threads at the same time. Single or multiple
Headers\AE_Effect.h,914,applications of this effect on a layer can be called to render at the same time on multiple threads.
Headers\AE_Effect.h,916,"UI selectors are still sent on the main thread, however Sequence Setup, Sequence Resetup, Sequence SetDown,"
Headers\AE_Effect.h,917,"PreRender, and Render may be sent on multiple threads at the same time as the UI selectors are being handled"
Headers\AE_Effect.h,918,so all of these selectors must be thread safe.
Headers\AE_Effect.h,923,If the effect sets PF_OutFlag_SEQUENCE_DATA_NEEDS_FLATTENING indicating the sequence data needs flattening
Headers\AE_Effect.h,924,then it must also set PF_OutFlag2_SUPPORTS_GET_FLATTENED_SEQUENCE_DATA.
Headers\AE_Effect.h,926,sequence_data is read-only at render time and must be accessed with PF_EffectSequenceDataSuite.
Headers\AE_Effect.h,927,in_data->sequence_data will be NULL during render. AEGP_ComputeCacheSuite is suggested if writing to
Headers\AE_Effect.h,928,sequence_data at render time is needed for caching. This suite unifies cache entries so multiple threads do
Headers\AE_Effect.h,929,"not recompute the same cache value. If neither of these solutions work, see the next flag,"
Headers\AE_Effect.h,930,PF_OutFlag2_MUTABLE_RENDER_SEQUENCE_DATA_SLOWER.
Headers\AE_Effect.h,932,PF_OutFlag2_MUTABLE_RENDER_SEQUENCE_DATA_SLOWER
Headers\AE_Effect.h,933,"Indicates the effect needs sequence_data replicated for each render thread, thus allowing each render to have"
Headers\AE_Effect.h,934,"sequence_data which can be written to. Note that changes to sequence_data will be discarded regularly, currently"
Headers\AE_Effect.h,935,after each span of frames is rendered such as single RAM Preview or Render Queue export.
Headers\AE_Effect.h,947,"PF_OutFlag_SEQUENCE_DATA_NEEDS_FLATTENING	= 1L << 4,		// PF_Cmd_GLOBAL_SETUP"
Headers\AE_Effect.h,950,"PF_OutFlag_SEND_DO_DIALOG					= 1L << 7,		// PF_Cmd_SEQUENCE_SETUP"
Headers\AE_Effect.h,960,"PF_OutFlag_REFRESH_UI						= 1L << 17,		// PF_Cmd_EVENT, PF_Cmd_RENDER, PF_Cmd_DO_DIALOG"
Headers\AE_Effect.h,961,"PF_OutFlag_NOP_RENDER						= 1L << 18,		// PF_Cmd_GLOBAL_SETUP"
Headers\AE_Effect.h,964,"PF_OutFlag_I_AM_OBSOLETE					= 1L << 21,		// PF_Cmd_GLOBAL_SETUP"
Headers\AE_Effect.h,965,"PF_OutFlag_FORCE_RERENDER					= 1L << 22,		// PF_Cmd_EVENT, PF_Cmd_USER_CHANGED_PARAM, PF_Cmd_UPDATE_PARAMS_UI"
Headers\AE_Effect.h,992,"PF_OutFlag2_SUPPORTS_SMART_RENDER			= 1L << 10,		// PF_Cmd_GLOBAL_SETUP"
Headers\AE_Effect.h,994,"PF_OutFlag2_FLOAT_COLOR_AWARE				= 1L << 12,		// PF_Cmd_GLOBAL_SETUP, may require PF_OutFlag2_SUPPORTS_SMART_RENDER"
Headers\AE_Effect.h,996,"PF_OutFlag2_I_AM_DEPRECATED					= 1L << 14,		// PF_Cmd_GLOBAL_SETUP"
Headers\AE_Effect.h,997,"PF_OutFlag2_PPRO_DO_NOT_CLONE_SEQUENCE_DATA_FOR_RENDER	= 1L << 15,		// PF_Cmd_GLOBAL_SETUP, Premiere only, CS4.1 and later"
Headers\AE_Effect.h,999,"PF_OutFlag2_AUTOMATIC_WIDE_TIME_INPUT		= 1L << 17,		// PF_Cmd_GLOBAL_SETUP, falls back to PF_OutFlag_WIDE_TIME_INPUT if not PF_OutFlag2_SUPPORTS_SMART_RENDER"
Headers\AE_Effect.h,1003,"PF_OutFlag2_I_MIX_GUID_DEPENDENCIES			= 1L << 21,		// PF_Cmd_GLOBAL_SETUP"
Headers\AE_Effect.h,1005,"PF_OutFlag2_SUPPORTS_GET_FLATTENED_SEQUENCE_DATA	= 1L << 23,		// PF_Cmd_GLOBAL_SETUP, support required if both PF_OutFlag_SEQUENCE_DATA_NEEDS_FLATTENING and PF_OutFlag2_SUPPORTS_THREADED_RENDERING is set"
Headers\AE_Effect.h,1006,"PF_OutFlag2_CUSTOM_UI_ASYNC_MANAGER			= 1L << 24,		// PF_Cmd_GLOBAL_SETUP"
Headers\AE_Effect.h,1007,"PF_OutFlag2_SUPPORTS_GPU_RENDER_F32			= 1L << 25,		// PF_Cmd_GLOBAL_SETUP, PF_Cmd_GPU_DEVICE_SETUP. Must also set PF_RenderOutputFlag_GPU_RENDER_POSSIBLE at pre-render to enable GPU rendering."
Headers\AE_Effect.h,1009,"PF_OutFlag2_SUPPORTS_THREADED_RENDERING		= 1L << 27,		// PF_Cmd_GLOBAL_SETUP"
Headers\AE_Effect.h,1010,"PF_OutFlag2_MUTABLE_RENDER_SEQUENCE_DATA_SLOWER = 1L << 28,	// PF_Cmd_GLOBAL_SETUP"
Headers\AE_Effect.h,1011,PF_OutFlag2_SUPPORTS_DIRECTX_RENDERING      = 1L << 29      // PF_Cmd_GLOBAL_SETUP. Filter must also set PF_OutFlag2_SUPPORTS_GPU_RENDER_F32
Headers\AE_Effect.h,1025,PF_InFlag_PROJECT_IS_RENDER_ONLY  (since 13.5)
Headers\AE_Effect.h,1027,"For efficiency, if a plugin sets up UI that is not used in render, this flag"
Headers\AE_Effect.h,1028,can be tested to skip that step when an effect is being RESETUP for render only.
Headers\AE_Effect.h,1031,This is an optimization hint.  If you don't make such optimizations in render your plugin should still work.
Headers\AE_Effect.h,1033,"This flag should generally not be used to suppress errors in render.  Errors should still be reported as usual via AE standard mechanisms,"
Headers\AE_Effect.h,1037,AE that assumed render and UI on the same effect instance.)
Headers\AE_Effect.h,1043,PF_InFlag_PROJECT_IS_RENDER_ONLY = 1L << 0	// since 13.5 and only in PF_Cmd_SEQUENCE_RESETUP
Headers\AE_Effect.h,1061,"This command can be sent at _any_ time, so don't count on having"
Headers\AE_Effect.h,1069,"(described below).  If your global data was flattened, the flat"
Headers\AE_Effect.h,1070,"data will be passed here and you should unflatten it, free the"
Headers\AE_Effect.h,1084,PF_Cmd_SEQUENCE_SETUP
Headers\AE_Effect.h,1086,A sequence is a series of images that will usually be all be of the same
Headers\AE_Effect.h,1087,size and in the same context.  You can allocate sequence data
Headers\AE_Effect.h,1092,Except for legacy (no GET_FLATTENED_SEQUENCE_DATA) effects that do I_DO_DIALOG which can still hit this in render.
Headers\AE_Effect.h,1094,PF_Cmd_SEQUENCE_RESETUP
Headers\AE_Effect.h,1095,This call is made to unflatten flattened sequence data.
Headers\AE_Effect.h,1097,"1) after the sequence data is written to disk, 2) after the"
Headers\AE_Effect.h,1098,"sequence data is read in from disk, 3) after a duplicate"
Headers\AE_Effect.h,1099,is made (called on both original and the new sequence).
Headers\AE_Effect.h,1101,"This can happen in UI or Render thread (13.5),  the effect must handle"
Headers\AE_Effect.h,1102,initialization of a NULL sequence_data input if needed.  See also PF_InFlag_PROJECT_IS_RENDER_ONLY.
Headers\AE_Effect.h,1104,PF_Cmd_SEQUENCE_FLATTEN
Headers\AE_Effect.h,1105,This call is made to flatten unflat sequence data so it can be
Headers\AE_Effect.h,1106,"cached to disk.  After the data is flattened, free the un-flat data"
Headers\AE_Effect.h,1107,and set the out_data->sequence_data to the new flat data.
Headers\AE_Effect.h,1108,"If you don't want your sequence handle written to disk, you"
Headers\AE_Effect.h,1113,the sequence.
Headers\AE_Effect.h,1115,PF_Cmd_GET_FLATTENED_SEQUENCE_DATA	(new in 13.5)
Headers\AE_Effect.h,1116,Returns an independent allocation of the sequence data which can be written
Headers\AE_Effect.h,1119,The host calls this command to serialize the sequence data without
Headers\AE_Effect.h,1120,"having to flatten and resetup the UI plug-in as was legacy practice. (However, at present effects"
Headers\AE_Effect.h,1121,still may need flattening in render if the sequence_data is about to be assigned.)
Headers\AE_Effect.h,1123,An effect that implements GET_FLATTENED_SEQUENCE_DATA will only receive SEQUENCE_SETUP on the UI thread.
Headers\AE_Effect.h,1124,SEQUENCE_RESETUP can happen on either thread. Make sure you handle a NULL sequence_data in RESETUP.
Headers\AE_Effect.h,1125,"(Without GET_FLATTENED, a legacy effect may still get SEQUENCE_SETUP in render but DO_DIALOG will not be called.)"
Headers\AE_Effect.h,1128,SEQUENCE_SETDOWN cmd to dispose the effect's sequence_data  (previously
Headers\AE_Effect.h,1129,"it was possible for AE to bypass this if the sequence_data was flat,"
Headers\AE_Effect.h,1130,but that lead to SEQUENCE_SETUP/SETDOWN imbalances for some plugins.
Headers\AE_Effect.h,1136,PF_OutFlag2_SUPPORTS_GET_FLATTENED_SEQUENCE_DATA
Headers\AE_Effect.h,1140,PF_Cmd_SEQUENCE_SETDOWN
Headers\AE_Effect.h,1141,You should free any sequence data you have allocated when you
Headers\AE_Effect.h,1150,if PF_OutFlag_SEND_DO_DIALOG is set in SEQUENCE_SETUP.
Headers\AE_Effect.h,1155,just wait for the RENDER which will immediately follow.
Headers\AE_Effect.h,1157,PF_Cmd_RENDER
Headers\AE_Effect.h,1158,This is the call to render the frame.  All fields in the in_data
Headers\AE_Effect.h,1165,to free it and clean up after rendering the frame.
Headers\AE_Effect.h,1191,"WARNING: When handling PF_Cmd_UPDATE_PARAMS_UI, you can call"
Headers\AE_Effect.h,1201,The appropriate flags must be set in out_data->out_flags and out_data->out_flags2 before
Headers\AE_Effect.h,1202,returning. The effect must decide what information is necessary to render a frame at
Headers\AE_Effect.h,1209,"new Sequence Data allocations! If so, remember to add it to"
Headers\AE_Effect.h,1210,CmdCanChangeSequenceData() in FLT_Host.cpp!
Headers\AE_Effect.h,1213,enum {		/* The order of this enumeration must not be altered! */
Headers\AE_Effect.h,1219,"PF_Cmd_SEQUENCE_SETUP,"
Headers\AE_Effect.h,1220,"PF_Cmd_SEQUENCE_RESETUP,	/* if part of in_data changed */"
Headers\AE_Effect.h,1221,"PF_Cmd_SEQUENCE_FLATTEN,	/* prepare handle to be written to disk */"
Headers\AE_Effect.h,1222,"PF_Cmd_SEQUENCE_SETDOWN,"
Headers\AE_Effect.h,1223,"PF_Cmd_DO_DIALOG,			/* called after SEQUENCE_SETUP only if effect requests */"
Headers\AE_Effect.h,1225,"PF_Cmd_RENDER,"
Headers\AE_Effect.h,1238,"PF_Cmd_AUDIO_RENDER,		/* For Audio Effects */"
Headers\AE_Effect.h,1244,"PF_Cmd_SMART_PRE_RENDER,	/* used with Smart Render effect interface */"
Headers\AE_Effect.h,1245,"PF_Cmd_SMART_RENDER,"
Headers\AE_Effect.h,1247,"PF_Cmd_RESERVED1,			/* private command */"
Headers\AE_Effect.h,1248,"PF_Cmd_RESERVED2,			/* private command */"
Headers\AE_Effect.h,1249,"PF_Cmd_RESERVED3,			/* private command */"
Headers\AE_Effect.h,1251,"PF_Cmd_GET_FLATTENED_SEQUENCE_DATA,"
Headers\AE_Effect.h,1254,"PF_Cmd_RESERVED4,			/* private command */"
Headers\AE_Effect.h,1255,"PF_Cmd_SMART_RENDER_GPU,	/* used when rendering on the GPU */"
Headers\AE_Effect.h,1286,#ifndef A_INTERNAL
Headers\AE_Effect.h,1288,#if defined(_WINDOWS) || defined(__ANDROID__)
Headers\AE_Effect.h,1297,} PF_LegacyPoint;
Headers\AE_Effect.h,1301,} PF_LegacyRect;
Headers\AE_Effect.h,1354,#ifndef A_INTERNAL
Headers\AE_Effect.h,1559,"structures are ""flattened"" between the add_param callback (in which"
Headers\AE_Effect.h,1590,#ifndef A_INTERNAL
Headers\AE_Effect.h,1610,"* the area that needs to be rendered (i.e. not covered by other layers,"
Headers\AE_Effect.h,1613,* render the full frame each time.
Headers\AE_Effect.h,1703,Do not access the underlying struct members directly.
Headers\AE_Effect.h,1838,"If restrict_bounds is TRUE, the user will not be allowed to specify"
Headers\AE_Effect.h,1839,points outside the bounds of the layer to which they are applying the
Headers\AE_Effect.h,1850,PF_Boolean			restrict_bounds;		/* restrict bounds to size of src */
Headers\AE_Effect.h,1974,PF_ArbitraryH			value;		/* pass NULL at ADD_PARAM time; owned by host at render time */
Headers\AE_Effect.h,1985,"PF_Arbitrary_FLATTEN_FUNC,"
Headers\AE_Effect.h,1986,"PF_Arbitrary_UNFLATTEN_FUNC,"
Headers\AE_Effect.h,2064,*	return in flat_data_sizePLu the number of bytes that are needed to flatten the object.
Headers\AE_Effect.h,2074,/*	PF_Arbitrary_FLATTEN_FUNC
Headers\AE_Effect.h,2076,"*	Flatten the arbH and place it into the supplied buffer, honoring its size."
Headers\AE_Effect.h,2083,} flatten_func_params;
Headers\AE_Effect.h,2087,/*	PF_Arbitrary_UNFLATTEN_FUNC
Headers\AE_Effect.h,2089,"*	opposite of FlattenFunc, unpack the buffer into a PF_ArbitraryH."
Headers\AE_Effect.h,2096,} unflatten_func_params;
Headers\AE_Effect.h,2206,#pragma warning(push)
Headers\AE_Effect.h,2207,#pragma warning(disable : 4103)
Headers\AE_Effect.h,2214,#pragma warning(pop)
Headers\AE_Effect.h,2219,#ifdef PREMIERE_INTERNAL
Headers\AE_Effect.h,2220,"#include ""PF_Private_Premiere.h"""
Headers\AE_Effect.h,2224,#pragma warning(push)
Headers\AE_Effect.h,2225,#pragma warning(disable : 4103)
Headers\AE_Effect.h,2232,#pragma warning(pop)
Headers\AE_Effect.h,2237,#ifndef PREMIERE_INTERNAL
Headers\AE_Effect.h,2287,sequence data with a standard control.  Or in your arb
Headers\AE_Effect.h,2334,if your effect needs hidden data parameters that affect rendering.
Headers\AE_Effect.h,2383,re-doable by the user.  Exception: do not set PF_PUI_STD_CONTROL_ONLY
Headers\AE_Effect.h,2457,/** -------------------- Smart Render Interface Constants and Structures --------------------
Headers\AE_Effect.h,2459,"PF_Cmd_SMART_PRE_RENDER gets a PF_PreRenderExtra struct in the extra pointer, and must"
Headers\AE_Effect.h,2462,"PF_Cmd_SMART_RENDER gets a PF_SmartRenderExtra struct in the extra pointer, if pre-render was invoked."
Headers\AE_Effect.h,2491,} PF_RenderRequest;
Headers\AE_Effect.h,2494,PF_RenderRequest	output_request;	// what the effect is being asked to render
Headers\AE_Effect.h,2499,} PF_PreRenderInput;
Headers\AE_Effect.h,2501,typedef void (*PF_DeletePreRenderDataFunc)(void *pre_render_data);
Headers\AE_Effect.h,2505,"PF_RenderOutputFlag_RETURNS_EXTRA_PIXELS = 0x1, // if it's just as cheap to compute more pixels at once, set this to allow result > request rect"
Headers\AE_Effect.h,2506,"PF_RenderOutputFlag_GPU_RENDER_POSSIBLE = 0x2,   // if the GPU render is possible given the params and frame render context"
Headers\AE_Effect.h,2507,"PF_RenderOutputFlag_RESERVED1 = 0x4,"
Headers\AE_Effect.h,2509,typedef short PF_RenderOutputFlags;
Headers\AE_Effect.h,2514,// (this must not vary depending on requested output size!)
Headers\AE_Effect.h,2518,"PF_RenderOutputFlags flags;			// RETURNS_EXTRA_PIXELS, other things later"
Headers\AE_Effect.h,2520,void*			pre_render_data;	// will be passed back to render
Headers\AE_Effect.h,2521,"PF_DeletePreRenderDataFunc	delete_pre_render_data_func; // and eventually passed to this function for deletion, if set"
Headers\AE_Effect.h,2523,} PF_PreRenderOutput;
Headers\AE_Effect.h,2542,"A_long			checkout_idL,	// chosen by effect, must be >=0 and unique"
Headers\AE_Effect.h,2543,"const PF_RenderRequest *req,"
Headers\AE_Effect.h,2549,PF_Err (*GuidMixInPtr)(
Headers\AE_Effect.h,2551,"//const PF_RenderRequest *req,"
Headers\AE_Effect.h,2552,"A_u_long                buf_sizeLu,             /* >> size of buffer to mix into guid */"
Headers\AE_Effect.h,2555,} PF_PreRenderCallbacks;
Headers\AE_Effect.h,2557,// This is passed as the extra parameter to PF_Cmd_PRE_RENDER when an effect is using the pre-render interface.
Headers\AE_Effect.h,2560,PF_PreRenderInput	*input;
Headers\AE_Effect.h,2561,PF_PreRenderOutput	*output;
Headers\AE_Effect.h,2562,PF_PreRenderCallbacks *cb;
Headers\AE_Effect.h,2563,} PF_PreRenderExtra;
Headers\AE_Effect.h,2566,PF_RenderRequest    output_request;	// what the effect is being asked to render
Headers\AE_Effect.h,2568,void                *pre_render_data;// passed back from value placed in extra->output->pre_render_data during PF_Cmd_PRE_RENDER
Headers\AE_Effect.h,2572,} PF_SmartRenderInput;
Headers\AE_Effect.h,2589,} PF_SmartRenderCallbacks;
Headers\AE_Effect.h,2591,// Passed as extra param during PF_Cmd_SMART_RENDER
Headers\AE_Effect.h,2593,PF_SmartRenderInput		*input;
Headers\AE_Effect.h,2594,PF_SmartRenderCallbacks *cb;
Headers\AE_Effect.h,2595,} PF_SmartRenderExtra;
Headers\AE_Effect.h,2666,a frame with black pixels to avoid render requests and possible deadlock.
Headers\AE_Effect.h,2667,In other selectors the actual render will be triggered as it did before.
Headers\AE_Effect.h,2688,if the effect completed rendering or not.
Headers\AE_Effect.h,2836,checked after PF_Cmd_SEQUENCE_SETUP. You will almost always leave
Headers\AE_Effect.h,2844,"flattened version of your global data, in which case you should"
Headers\AE_Effect.h,2845,"unflatten it, free the flat version, and set this field to the"
Headers\AE_Effect.h,2846,unflattened new global data.
Headers\AE_Effect.h,2848,It will be locked & unlocked for you automatically like sequence_data.
Headers\AE_Effect.h,2853,layer parameter MUST be included in the parameter count.  Use the
Headers\AE_Effect.h,2858,sequence_data
Headers\AE_Effect.h,2860,at PF_Cmd_SEQUENCE_SETUP time.
Headers\AE_Effect.h,2864,WARNING: this handle is always locked for you before your plugin
Headers\AE_Effect.h,2869,to lock & unlock your sequence data for you.  Of course during
Headers\AE_Effect.h,2870,PF_Cmd_SEQUENCE_SETUP the handle you allocate will not be
Headers\AE_Effect.h,2875,PF_OutFlag_SEQUENCE_DATA_NEEDS_FLATTENING out flag when you get
Headers\AE_Effect.h,2877,PF_Cmd_SEQUENCE_FLATTEN before your handle is written out.  At that
Headers\AE_Effect.h,2879,"free the old unflat handle, and set this field to the flattened"
Headers\AE_Effect.h,2883,You will receive a PF_Cmd_SEQUENCE_RESETUP
Headers\AE_Effect.h,2884,call to unflatten this handle (as well as to adjust the sequence
Headers\AE_Effect.h,2886,"sequence data can be flat or unflat, you should store its current"
Headers\AE_Effect.h,2888,"If the handle is flat, Resetup should unflatten it, free the flat"
Headers\AE_Effect.h,2892,"OBSOLETE.  Turns out, it was never used.  Since the handle"
Headers\AE_Effect.h,2893,"set in sequence_data must be allocated using PF_NEW_HANDLE,"
Headers\AE_Effect.h,2899,with the global_data and the sequence_data.  This will not
Headers\AE_Effect.h,2903,It will be locked & unlocked for you like sequence_data.
Headers\AE_Effect.h,2919,and PF_OutFlag2 constants (don't mix them up!) to communicate
Headers\AE_Effect.h,2963,which can be confusing.  See AE_EffectCB.h for macros to use these
Headers\AE_Effect.h,2968,most of the various callback routines.  Don't worry about it.
Headers\AE_Effect.h,2977,"to SEQUENCE and FRAME (obviously, including RENDER)."
Headers\AE_Effect.h,3002,"68020s and higher, so don't sweat it if you require that."
Headers\AE_Effect.h,3008,and then do not execute your floating point code if this value
Headers\AE_Effect.h,3010,you get the PF_Cmd_RENDER.  See OutFlag description above.
Headers\AE_Effect.h,3013,This is the time of the current frame.  It will be set in RENDER.
Headers\AE_Effect.h,3015,All effects sequences start at time 0.
Headers\AE_Effect.h,3021,at SEQUENCE_SETUP if it is not constant for all frames.  It will
Headers\AE_Effect.h,3026,image sequence on which this effect is being invoked.  The total
Headers\AE_Effect.h,3040,Will be set to PF_Field_UPPER or PF_Field_LOWER during field-rendering
Headers\AE_Effect.h,3043,"applied must not be rotated, scaled nor positioned on a subpixel."
Headers\AE_Effect.h,3064,horizontal pixel to be actually rendered by After Effects.  The width
Headers\AE_Effect.h,3070,"SEQUENCE_SETUP or RESETUP as the case may be. As of PF_PLUG_IN_VERSION 2,"
Headers\AE_Effect.h,3074,sequence_data
Headers\AE_Effect.h,3083,"only during frame calls (PF_Cmd_FRAME_SETUP, PF_Cmd_RENDER, PF_Cmd_FRAME_SETDOWN)."
Headers\AE_Effect.h,3096,PF_Handle			sequence_data;
Headers\AE_Effect.h,3097,A_long				flat_sdata_size;/* obsolete */
Headers\AE_Effect.h,3145,PF_Handle			sequence_data;	/* data from sequence_setup */
Headers\AE_Effect.h,3146,PF_Handle			frame_data;		/* data from frame_data -- state for this render */
Headers\AE_Effect.h,3153,"A_long				pre_effect_source_origin_y;		/* non-zero only during frame calls (setup, render, setdown)"
Headers\AE_Effect.h,3187,"When you are invoked to Render, all ""params"" array entries will be filled"
Headers\AE_Effect.h,3192,"In other words, on PF_Cmd_RENDER, params[0] will be a valid ready-to-use"
Headers\AE_Effect.h,3195,with their value at the current time; you do not need to call checkout_param for
Headers\AE_Effect.h,3222,#pragma warning(push)
Headers\AE_Effect.h,3223,#pragma warning(disable : 4103)
Headers\AE_Effect.h,3230,#pragma warning(pop)
Headers\AE_EffectCB.h,66,#pragma warning(push)
Headers\AE_EffectCB.h,67,#pragma warning(disable : 4103)
Headers\AE_EffectCB.h,74,#pragma warning(pop)
Headers\AE_EffectCB.h,242,"PF_Xfer_RESERVED0,								// private/useless"
Headers\AE_EffectCB.h,248,// obsolete xfer mode names
Headers\AE_EffectCB.h,262,// PF_TransferMode_ZERO_ALPHA_NOP is deprecated because it was
Headers\AE_EffectCB.h,263,// confusing -- you probably want PF_TransferMode_ZERO_SRC_ALPHA_CLEARS_DST_ALPHA
Headers\AE_EffectCB.h,266,"// WARNING: this macro is incorrect for PF_Xfer_COPY (returns true), but it's been like this for so long"
Headers\AE_EffectCB.h,308,PF_Fixed				area;			/* must fit in a Fixed; must be correct */
Headers\AE_EffectCB.h,311,A_long					allow_asynch;	/* It's okay if I don't get the result until end_sampling */
Headers\AE_EffectCB.h,346,"PF_Callback_OBSOLETE0,"
Headers\AE_EffectCB.h,406,"PF_PlatData_EXE_FILE_PATH_DEPRECATED,			// deprecated in CS6. Use _W versions below"
Headers\AE_EffectCB.h,407,"PF_PlatData_RES_FILE_PATH_DEPRECATED,			// deprecated in CS6. Use _W versions below"
Headers\AE_EffectCB.h,408,"PF_PlatData_RES_REFNUM,				// deprecated in AE 2015. Use PF_PlatData_BUNDLE_REF instead"
Headers\AE_EffectCB.h,528,"typedef void * PF_BatchSampleFunc;		/*	<<<Batch Sampling is deprecated in AE 7.0, sorry */"
Headers\AE_EffectCB.h,529,"typedef void * PF_BatchSample16Func;	/*	<<<Batch Sampling is deprecated in AE 7.0, sorry */"
Headers\AE_EffectCB.h,541,"PF_NewWorldFlag_RESERVED0		= 1L << 2,		/* now in use internally -- 5/14/2002 */"
Headers\AE_EffectCB.h,635,"know this because the ""kernel"" array must be already allocated"
Headers\AE_EffectCB.h,739,void *get_batch_func_is_deprecated;
Headers\AE_EffectCB.h,754,"PF_Field		field_rdr,		/* which scanlines to render (all, upper, lower) */"
Headers\AE_EffectCB.h,1262,#pragma warning(push)
Headers\AE_EffectCB.h,1263,#pragma warning(disable : 4103)
Headers\AE_EffectCB.h,1270,#pragma warning(pop)
Headers\AE_EffectCBSuites.h,31,#pragma warning(push)
Headers\AE_EffectCBSuites.h,32,#pragma warning(disable : 4103)
Headers\AE_EffectCBSuites.h,39,#pragma warning(pop)
Headers\AE_EffectCBSuites.h,791,"PF_Field		field_rdr,		/* which scanlines to render (all, upper, lower) */"
Headers\AE_EffectCBSuites.h,921,#pragma warning(push)
Headers\AE_EffectCBSuites.h,922,#pragma warning(disable : 4103)
Headers\AE_EffectCBSuites.h,929,#pragma warning(pop)
Headers\AE_EffectGPUSuites.h,29,#pragma warning(push)
Headers\AE_EffectGPUSuites.h,30,#pragma warning(disable : 4103)
Headers\AE_EffectGPUSuites.h,37,#pragma warning(pop)
Headers\AE_EffectGPUSuites.h,95,**	For full GPU plugins (those that use a separate entry point for GPU rendering) exclusive access is always held.
Headers\AE_EffectGPUSuites.h,96,**	These calls do not need to be made in that case.
Headers\AE_EffectGPUSuites.h,106,**	All device memory must be allocated through this suite.
Headers\AE_EffectGPUSuites.h,127,**	All host (pinned) memory must be allocated through this suite.
Headers\AE_EffectGPUSuites.h,232,#pragma warning(push)
Headers\AE_EffectGPUSuites.h,233,#pragma warning(disable : 4103)
Headers\AE_EffectGPUSuites.h,240,#pragma warning(pop)
Headers\AE_EffectSuites.h,30,#pragma warning(push)
Headers\AE_EffectSuites.h,31,#pragma warning(disable : 4103)
Headers\AE_EffectSuites.h,38,#pragma warning(pop)
Headers\AE_EffectSuites.h,209,"PF_Cmd_UPDATE_PARAMS_UI.  These changes are cosmetic only, and don't"
Headers\AE_EffectSuites.h,244,"// IMPORTANT: as of 13.5 to avoid threading deadlock problems, PF_GetCurrentState() returns a random state"
Headers\AE_EffectSuites.h,450,"PF_App_Color_TLW_CACHE_MARK_MEM,"
Headers\AE_EffectSuites.h,451,"PF_App_Color_TLW_CACHE_MARK_DISK,"
Headers\AE_EffectSuites.h,452,"PF_App_Color_TLW_CACHE_MARK_MIX,"
Headers\AE_EffectSuites.h,477,"PF_App_Color_TLW_CACHE_MARK_MEM_DUBIOUS,"
Headers\AE_EffectSuites.h,478,"PF_App_Color_TLW_CACHE_MARK_DISK_DUBIOUS,"
Headers\AE_EffectSuites.h,479,"PF_App_Color_TLW_CACHE_MARK_MIX_DUBIOUS,"
Headers\AE_EffectSuites.h,481,"PF_App_Color_HOT_TEXT_WARNING,"
Headers\AE_EffectSuites.h,533,typedef A_LegacyEnumType PF_FontStyleSheet;
Headers\AE_EffectSuites.h,571,"// as of AE6.5, this function returns TRUE if installed app is the render engine (as before)"
Headers\AE_EffectSuites.h,573,SPAPI PF_Err	(*PF_IsRenderEngine)(	PF_Boolean				*render_enginePB);		/* >> */
Headers\AE_EffectSuites.h,578,"// pushed directly to the screen. TRUE is intended for when the returned color is used in rendering, FALSE"
Headers\AE_EffectSuites.h,579,// is intended if the color is for UI elements or other nonrenderables.
Headers\AE_EffectSuites.h,590,// Use it to invalidate rect of current window being drawn. Invalidated rect will be updated during idle time.
Headers\AE_EffectSuites.h,592,// as NULL to invalidate the whole window.
Headers\AE_EffectSuites.h,594,"SPAPI PF_Err	(*PF_InvalidateRect)(	const PF_ContextH	contextH,"
Headers\AE_EffectSuites.h,607,// These calls must be used from the AE main/UI thread
Headers\AE_EffectSuites.h,619,// This must be called frequently during your algorithm to keep UI responsive and animation moving. About 100ms interval would be a good target.
Headers\AE_EffectSuites.h,626,// PF_AppProgressDialogP MUST be disposed whether the actual dialog is displayed or not
Headers\AE_EffectSuites.h,627,SPAPI PF_Err	(*PF_DisposeAppProgressDialog)(PF_AppProgressDialogP prog_dlgP);	// >> The allocated session.  MUST be disposed.
Headers\AE_EffectSuites.h,649,"typedef struct _PF_AsyncManager	 *PF_AsyncManagerP;		// manage multiple asynchronous render requests during lifetime, especially for better caching on UI thread"
Headers\AE_EffectSuites.h,661,"// When using PF_OutFlag2_CUSTOM_UI_ASYNC_MANAGER, use this to get the async manager associated with the effect PF_ContextH."
Headers\AE_EffectSuites.h,662,// The managed can then be asked to do Async render requests
Headers\AE_EffectSuites.h,663,"SPAPI PF_Err    (*PF_GetContextAsyncManager)(  PF_InData* in_data, PF_EventExtra* extra, PF_AsyncManagerP*               managerPP0);"
Headers\AE_EffectSuites.h,673,"// This suite should be used for stroking/filling paths, vertices etc on Comp/Layer window. After Effects is internally using it"
Headers\AE_EffectSuites.h,743,#pragma warning(push)
Headers\AE_EffectSuites.h,744,#pragma warning(disable : 4103)
Headers\AE_EffectSuites.h,751,#pragma warning(pop)
Headers\AE_EffectSuitesHelper.h,36,#pragma warning(push)
Headers\AE_EffectSuitesHelper.h,37,#pragma warning(disable : 4103)
Headers\AE_EffectSuitesHelper.h,44,#pragma warning(pop)
Headers\AE_EffectSuitesHelper.h,71,"PF_SuiteTool_OBSOLETE,"
Headers\AE_EffectSuitesHelper.h,83,typedef A_LegacyEnumType PF_SuiteTool;
Headers\AE_EffectSuitesHelper.h,88,"// obsolete, use PF_HelperSuite2"
Headers\AE_EffectSuitesHelper.h,147,typedef A_LegacyEnumType PF_ExtendedSuiteTool;
Headers\AE_EffectSuitesHelper.h,157,// Do not call PF_SetCurrentExtendedTool until the UI is built. i.e. Do not call it from
Headers\AE_EffectSuitesHelper.h,169,#pragma warning(push)
Headers\AE_EffectSuitesHelper.h,170,#pragma warning(disable : 4103)
Headers\AE_EffectSuitesHelper.h,177,#pragma warning(pop)
Headers\AE_EffectSuitesOld.h,6,"// These are old, deprecated versions of some suites. Please use the ones in AE_EffectSuites.h instead if at all possible."
Headers\AE_EffectSuitesOld.h,12,#error this file is designed to be included only by AE_EffectSuites.h; do not include directly
Headers\AE_EffectSuitesOld.h,21,"PF_Cmd_UPDATE_PARAMS_UI.  These changes are cosmetic only, and don't"
Headers\AE_EffectSuitesOld.h,40,"PF_HaveInputsChangedOverTimeSpan() -- OBSOLETE, see PF_AreStatesIdentical() instead."
Headers\AE_EffectSuitesOld.h,42,"dependent on frame N-1, and you have a cache in your sequence data that needs validating."
Headers\AE_EffectSuitesOld.h,43,"When asked to render frame N, assume you have your cached data from frame N-1, you'd call"
Headers\AE_EffectSuitesOld.h,44,"PF_HaveInputsChangedOverTimeSpan(start=0, duration=N-1) to see if your cache is still valid."
Headers\AE_EffectSuitesOld.h,47,"span. This is done efficiently, as the change tracking is done with timestamps."
Headers\AE_EffectSuitesOld.h,50,"cache for use during a render, the call to PF_HaveInputsChangedOverTimeSpan() must"
Headers\AE_EffectSuitesOld.h,51,"happen during one of the rendering PF_Cmds (PF_Cmd_FRAME_SETUP, PF_Cmd_RENDER,"
Headers\AE_EffectSuitesOld.h,52,"PF_Cmd_FRAME_SETDOWN,PF_Cmd_SMART_PRE_RENDER, PF_Cmd_SMART_RENDER)."
Headers\AE_EffectSuitesOld.h,54,"If *changedPB is returned FALSE, you can safely use your cache, AND the internal"
Headers\AE_EffectSuitesOld.h,56,"so if something changes upstream, AE's caches will be properly invalidated."
Headers\AE_EffectSuitesOld.h,70,"// The next 3 methods have had ""Obsolete"" added to their name to intentionally"
Headers\AE_EffectSuitesOld.h,74,SPAPI PF_Err	(*PF_GetCurrentStateObsolete)(
Headers\AE_EffectSuitesOld.h,78,SPAPI PF_Err	(*PF_HasParamChangedObsolete)(
Headers\AE_EffectSuitesOld.h,87,SPAPI PF_Err	(*PF_HaveInputsChangedOverTimeSpanObsolete)(			// see comment above
Headers\AE_EffectSuitesOld.h,169,"// as of AE6.5, this function returns TRUE if installed app is the render engine (as before)"
Headers\AE_EffectSuitesOld.h,171,SPAPI PF_Err	(*PF_IsRenderEngine)(	PF_Boolean				*render_enginePB);		/* >> */
Headers\AE_EffectSuitesOld.h,176,"// pushed directly to the screen. TRUE is intended for when the returned color is used in rendering, FALSE"
Headers\AE_EffectSuitesOld.h,177,// is intended if the color is for UI elements or other nonrenderables.
Headers\AE_EffectSuitesOld.h,188,// Use it to invalidate rect of current window being drawn. Invalidated rect will be updated during idle time.
Headers\AE_EffectSuitesOld.h,190,// as NULL to invalidate the whole window.
Headers\AE_EffectSuitesOld.h,192,"SPAPI PF_Err	(*PF_InvalidateRect)(	const PF_ContextH	contextH,"
Headers\AE_EffectSuitesOld.h,232,"// as of AE6.5, this function returns TRUE if installed app is the render engine (as before)"
Headers\AE_EffectSuitesOld.h,234,SPAPI PF_Err	(*PF_IsRenderEngine)(	PF_Boolean				*render_enginePB);		/* >> */
Headers\AE_EffectSuitesOld.h,239,"// pushed directly to the screen. TRUE is intended for when the returned color is used in rendering, FALSE"
Headers\AE_EffectSuitesOld.h,240,// is intended if the color is for UI elements or other nonrenderables.
Headers\AE_EffectSuitesOld.h,251,// Use it to invalidate rect of current window being drawn. Invalidated rect will be updated during idle time.
Headers\AE_EffectSuitesOld.h,253,// as NULL to invalidate the whole window.
Headers\AE_EffectSuitesOld.h,255,"SPAPI PF_Err	(*PF_InvalidateRect)(	const PF_ContextH	contextH,"
Headers\AE_EffectUI.h,37,#ifdef ADOBE_SDK_INTERNAL
Headers\AE_EffectUI.h,38,#include <adobesdk/private/drawbotsuite/DrawbotSuiteTypes.h>
Headers\AE_EffectUI.h,45,#pragma warning(push)
Headers\AE_EffectUI.h,46,#pragma warning(disable : 4103)
Headers\AE_EffectUI.h,53,#pragma warning(pop)
Headers\AE_EffectUI.h,112,"PF_Event_KEYDOWN_OBSOLETE,	// As of AE 7, this is no longer used."
Headers\AE_EffectUI.h,267,"set the cursor yourself, or PF_Cursor_NONE if you don't"
Headers\AE_EffectUI.h,295,"} PF_KeyDownEventObsolete;	// As of AE 7, this is no longer used."
Headers\AE_EffectUI.h,404,#if	defined(A_INTERNAL) && defined (__cplusplus)
Headers\AE_EffectUI.h,419,void                            *reserved_job_manageP;  // used for managing async job requests for UI in the context of Effect pane custom UI
Headers\AE_EffectUI.h,484,"// to remain backwards compatible.  In other words, do not add any"
Headers\AE_EffectUI.h,508,"PF_EO_ALWAYS_UPDATE		= (1L << 1),	//rerender the comp"
Headers\AE_EffectUI.h,509,"PF_EO_NEVER_UPDATE		= (1L << 2),	//do not rerender the comp"
Headers\AE_EffectUI.h,510,PF_EO_UPDATE_NOW		= (1L << 3)		//update the view immediately after the event returns when using PF_InvalidateRect
Headers\AE_EffectUI.h,516,PF_EI_DONT_DRAW			= 1L << 0		// don't draw controls in comp or layer window
Headers\AE_EffectUI.h,589,#pragma warning(push)
Headers\AE_EffectUI.h,590,#pragma warning(disable : 4103)
Headers\AE_EffectUI.h,597,#pragma warning(pop)
Headers\AE_GeneralPlug.h,34,#ifdef AEGP_INTERNAL
Headers\AE_GeneralPlug.h,35,#include <AE_GeneralPlug_Private.h>
Headers\AE_GeneralPlug.h,41,#pragma warning(push)
Headers\AE_GeneralPlug.h,42,#pragma warning(disable : 4103)
Headers\AE_GeneralPlug.h,49,#pragma warning(pop)
Headers\AE_GeneralPlug.h,59,#ifndef AEGP_INTERNAL
Headers\AE_GeneralPlug.h,68,typedef struct _AEGP_LayerContext		**AEGP_RenderLayerContextH;
Headers\AE_GeneralPlug.h,75,typedef struct _AEGP_RenderReceipt		**AEGP_RenderReceiptH;
Headers\AE_GeneralPlug.h,77,typedef struct _AEGP_RenderOptions		**AEGP_RenderOptionsH;
Headers\AE_GeneralPlug.h,78,typedef struct _AEGP_LayerRenderOptions	**AEGP_LayerRenderOptionsH;
Headers\AE_GeneralPlug.h,79,typedef struct _AEGP_FrameReceipt		**AEGP_FrameReceiptH;
Headers\AE_GeneralPlug.h,80,typedef struct _AEGP_RenderQueueItem 	**AEGP_RQItemRefH;
Headers\AE_GeneralPlug.h,86,typedef struct _AEGP_TimeStamp{A_char a[4];}	AEGP_TimeStamp;
Headers\AE_GeneralPlug.h,91,typedef struct _AEGP_Guid				*AEGP_GuidP;
Headers\AE_GeneralPlug.h,107,typedef struct _AEGP_AsyncFrameRequestRefcon	*AEGP_AsyncFrameRequestRefcon;
Headers\AE_GeneralPlug.h,303,AEGP_MemHandle		*unicode_pathPH);			// << empty string if no file. handle of A_UTF16Char (contains null terminated UTF16 string); must be disposed with AEGP_FreeMemHandle
Headers\AE_GeneralPlug.h,321,SPAPI A_Err (*AEGP_ProjectIsDirty)(
Headers\AE_GeneralPlug.h,323,A_Boolean			*is_dirtyPB);				/* << */
Headers\AE_GeneralPlug.h,330,AEGP_ProjectH	*new_projectPH);				/* << WARNING: Will close any open projects! */
Headers\AE_GeneralPlug.h,332,// WARNING: Will close any open projects!
Headers\AE_GeneralPlug.h,419,"AEGP_PersistentType_MACHINE_INDEPENDENT_RENDER,"
Headers\AE_GeneralPlug.h,470,AEGP_MemHandle		*unicode_namePH);	// <<	handle of A_UTF16Char (contains null terminated UTF16 string); must be disposed with AEGP_FreeMemHandle
Headers\AE_GeneralPlug.h,501,SPAPI A_Err	(*AEGP_GetItemCurrentTime)(							/* Returns the result in the item's native timespace (not updated while rendering)*/
Headers\AE_GeneralPlug.h,572,SPAPI A_Err (*AEGP_NewSoundData)(								/* Must be disposed with DisposeSoundData	*/
Headers\AE_GeneralPlug.h,848,AEGP_StreamRefH		*streamPH);				/* << must be disposed by caller */
Headers\AE_GeneralPlug.h,972,"AEGP_LayerFlag_GUIDE_LAYER					= 0x00040000,"
Headers\AE_GeneralPlug.h,974,"AEGP_LayerFlag_SUBLAYERS_RENDER_SEPARATELY	= 0x00100000,"
Headers\AE_GeneralPlug.h,1042,"AEGP_MemHandle		*utf_layer_namePH0,		// <<	handle of A_UTF16Char (contains null terminated UTF16 string); must be disposed with AEGP_FreeMemHandle"
Headers\AE_GeneralPlug.h,1043,AEGP_MemHandle		*utf_source_namePH0);	// <<	handle of A_UTF16Char (contains null terminated UTF16 string); must be disposed with AEGP_FreeMemHandle
Headers\AE_GeneralPlug.h,1070,SPAPI A_Err	(*AEGP_GetLayerCurrentTime)(						// not updated while rendering
Headers\AE_GeneralPlug.h,1129,SPAPI A_Err	(*AEGP_GetLayerMaskedBounds)(
Headers\AE_GeneralPlug.h,1133,A_FloatRect			*boundsPR);		/* << */
Headers\AE_GeneralPlug.h,1259,WARNING!!
Headers\AE_GeneralPlug.h,1260,"don't reorder these items, don't add in the middle"
Headers\AE_GeneralPlug.h,1481,AEGP_StreamRefH 	*streamPH);				/* << must be disposed by caller! */
Headers\AE_GeneralPlug.h,1491,AEGP_StreamRefH 	*streamPH);				/* << must be disposed by caller! */
Headers\AE_GeneralPlug.h,1497,AEGP_StreamRefH 	*mask_streamPH);		/* << must be disposed by caller! */
Headers\AE_GeneralPlug.h,1506,AEGP_MemHandle		*utf_stream_namePH);		// <<	handle of A_UTF16Char (contains null terminated UTF16 string); must be disposed with AEGP_FreeMemHandle
Headers\AE_GeneralPlug.h,1533,AEGP_StreamValue2	*valueP);				/* << must be disposed */
Headers\AE_GeneralPlug.h,1569,AEGP_MemHandle		*unicodeHZ);			/* << must be disposed with AEGP_FreeMemHandle */
Headers\AE_GeneralPlug.h,1613,"AEGP_DynStreamFlag_SKIP_REVEAL_WHEN_UNHIDDEN	= 1L << 16	// read-only, do not auto reveal this property when un-hidden"
Headers\AE_GeneralPlug.h,1645,AEGP_StreamRefH 		*streamPH);				/* << must be disposed by caller! */
Headers\AE_GeneralPlug.h,1650,AEGP_StreamRefH 		*streamPH);				/* << must be disposed by caller! */
Headers\AE_GeneralPlug.h,1683,AEGP_StreamRefH 		*streamPH);				/* << must be disposed by caller! */
Headers\AE_GeneralPlug.h,1689,AEGP_StreamRefH 		*streamPH);				/* << must be disposed by caller! */
Headers\AE_GeneralPlug.h,1718,AEGP_StreamRefH			*streamPH0);			/* << must be disposed by caller! */
Headers\AE_GeneralPlug.h,1727,AEGP_StreamRefH			*parent_streamPH);		/* << must be disposed by caller! */
Headers\AE_GeneralPlug.h,1743,"// Please *do not* write code assuming that, we anticipate allowing separation of more streams in the future."
Headers\AE_GeneralPlug.h,1959,"AEGP_MemHandle			*unicodePH);		/* << handle of A_u_short, UTF16, NULL terminated. must be disposed with AEGP_FreeMemHandle */"
Headers\AE_GeneralPlug.h,2019,"AEGP_MemHandle			*unicodePH);		/* << handle of A_u_short, UTF16, NULL terminated, must be disposed with AEGP_FreeMemHandle */"
Headers\AE_GeneralPlug.h,2034,"A_long					param_indexL,		// >> must be between 0 and count - 1. else error"
Headers\AE_GeneralPlug.h,2035,"AEGP_MemHandle			*unicodeKeyPH,		// << handle of A_u_short, UTF16, NULL terminated, must be disposed with AEGP_FreeMemHandle"
Headers\AE_GeneralPlug.h,2036,"AEGP_MemHandle			*unicodeValuePH);	// << handle of A_u_short, UTF16, NULL terminated, must be disposed with AEGP_FreeMemHandle"
Headers\AE_GeneralPlug.h,2040,"A_long					param_indexL,		// must be between 0 and count - 1. else error"
Headers\AE_GeneralPlug.h,2050,A_long					param_indexL);		// must be between 0 and count. else error
Headers\AE_GeneralPlug.h,2054,A_long					param_indexL);		// must be between 0 and count - 1. else error
Headers\AE_GeneralPlug.h,2084,"AEGP_LayerH				layerH,				/* >> must be a text layer */"
Headers\AE_GeneralPlug.h,2086,AEGP_TextOutlinesH		*outlinesPH);		/* << must be disposed with AEGP_DisposeTextOutlines */
Headers\AE_GeneralPlug.h,2098,PF_PathOutlinePtr		*pathPP);			/* << DO NOT DISPOSE */
Headers\AE_GeneralPlug.h,2147,PF_ParamDefUnion	*uP0);					/* << DO NOT USE THE VALUE FROM THIS PARAMDEF! */
Headers\AE_GeneralPlug.h,2177,AEGP_EffectRefH		*effect_refPH);				/* <<  MUST BE DISPOSED with AEGP_DisposeEffect */
Headers\AE_GeneralPlug.h,2220,AEGP_StreamRefH 	*streamPH0);	/* << must be disposed by caller! */
Headers\AE_GeneralPlug.h,2230,AEGP_StreamRefH 	*streamPH0);		/* << must be disposed by caller! */
Headers\AE_GeneralPlug.h,2232,SPAPI A_Err	(*AEGP_GetIsInternalEffect)(
Headers\AE_GeneralPlug.h,2234,A_Boolean					*isInternal);			/* << */
Headers\AE_GeneralPlug.h,2248,"typedef A_u_char AEGP_MaskMBlur; // This must be A_u_char, used in disk safe BEE_MaskInfo"
Headers\AE_GeneralPlug.h,2254,"typedef A_u_char AEGP_MaskFeatherFalloff; // This must be A_u_char, used in disk safe BEE_MaskInfo"
Headers\AE_GeneralPlug.h,2280,AEGP_MaskRefH			*maskPH);			/* << must be disposed by calling AEGP_DisposeMask() */
Headers\AE_GeneralPlug.h,2317,// AEGP_GetMaskName/SetMaskName are obsoleted. Use AEGP_GetNewDynamicStreamForMask
Headers\AE_GeneralPlug.h,2505,"AEGP_LayerDrawStyle_LAYER_BOUNDS = 0,"
Headers\AE_GeneralPlug.h,2506,AEGP_LayerDrawStyle_DOCUMENT_BOUNDS
Headers\AE_GeneralPlug.h,2514,/* pass AEGP_LayerID_UNKNOWN if you don't know this */
Headers\AE_GeneralPlug.h,2516,A_char					nameAC[AEGP_FOOTAGE_LAYER_NAME_LEN + 1];	/* used for sequences and backup for linking  */
Headers\AE_GeneralPlug.h,2524,"A_Boolean	all_in_folderB;                 /* TRUE means intepret as a sequence, FALSE means still frame."
Headers\AE_GeneralPlug.h,2526,"A_Boolean	force_alphabeticalB;			/* if TRUE, filenames of sequence will be forced to alphabetical order */"
Headers\AE_GeneralPlug.h,2527,"A_long		start_frameL;                   /* first frame of sequence, AEGP_ANY_FRAME means earliest frame found */"
Headers\AE_GeneralPlug.h,2528,"A_long		end_frameL;						/* last frame of sequence, AEGP_ANY_FRAME means last frame found */"
Headers\AE_GeneralPlug.h,2529,} AEGP_FileSequenceImportOptions;
Headers\AE_GeneralPlug.h,2572,AEGP_MemHandle		*unicode_pathPH);		// << empty string if no file. handle of A_UTF16Char (contains null terminated UTF16 string); must be disposed with AEGP_FreeMemHandle
Headers\AE_GeneralPlug.h,2582,"const AEGP_FileSequenceImportOptions *sequence_optionsP0, /* >> optional sequence info; passing NULL means not a sequence */"
Headers\AE_GeneralPlug.h,2601,AEGP_FootageH		footageH);				/* >> do not dipose footage that is owned or has been adopted by project */
Headers\AE_GeneralPlug.h,2629,"AEIO_FileType		file_type, 				// >>  AEIO_FileType_NONE is now a warning condition. If you pass AEIO_FileType_ANY, then path MUST exist.  if path may not exist: pass AEIO_FileType_DIR for folder, or AEIO_FileType_GENERIC for a file"
Headers\AE_GeneralPlug.h,2662,SPAPI A_Err (*AEGP_GetFootageSequenceImportOptions)(
Headers\AE_GeneralPlug.h,2664,AEGP_FileSequenceImportOptions		*optionsP);		/* << */
Headers\AE_GeneralPlug.h,2682,"AEGP_WindType_RENDER_QUEUE,"
Headers\AE_GeneralPlug.h,2689,typedef A_LegacyEnumType AEGP_WindowType;
Headers\AE_GeneralPlug.h,2858,typedef A_LegacyEnumType AEGP_MenuID;
Headers\AE_GeneralPlug.h,2955,SPAPI A_Err	(*AEGP_StartUndoGroup)(									/* MUST be balanced with call to AEGP_EndUndoGroup() */
Headers\AE_GeneralPlug.h,3009,// thread. It is asynchronous and will return before the idle handler is called.
Headers\AE_GeneralPlug.h,3011,"// thread safe, therefore you need to save it off"
Headers\AE_GeneralPlug.h,3061,AEGP_MemHandle		*unicode_pathPH);		// << UTF16 mem handle must be disposed with AEGP_FreeMemHandle
Headers\AE_GeneralPlug.h,3103,"PR_RenderContextH 		render_contextH,"
Headers\AE_GeneralPlug.h,3113,AEGP_WorldH		dstH);		// out; must be the same size (can be the same as source)
Headers\AE_GeneralPlug.h,3134,AEGP_MemHandle			*unicode_descPH);	// <<	handle of A_UTF16Char (contains null terminated UTF16 string); must be disposed with AEGP_FreeMemHandle
Headers\AE_GeneralPlug.h,3187,AEGP_GuidP workingColorSpaceGuid);	// <<
Headers\AE_GeneralPlug.h,3194,Render Queue Suite
Headers\AE_GeneralPlug.h,3199,"#define kAEGPRenderQueueSuite			""AEGP Render Queue Suite"""
Headers\AE_GeneralPlug.h,3200,#define kAEGPRenderQueueSuiteVersion1	1 /* frozen in AE 5.0 */
Headers\AE_GeneralPlug.h,3203,"AEGP_RenderQueueState_STOPPED,"
Headers\AE_GeneralPlug.h,3204,"AEGP_RenderQueueState_PAUSED,"
Headers\AE_GeneralPlug.h,3205,AEGP_RenderQueueState_RENDERING
Headers\AE_GeneralPlug.h,3208,typedef A_u_long AEGP_RenderQueueState;
Headers\AE_GeneralPlug.h,3211,"AEGP_RenderItemStatus_NONE = -2,"
Headers\AE_GeneralPlug.h,3213,"AEGP_RenderItemStatus_WILL_CONTINUE,	//	-1"
Headers\AE_GeneralPlug.h,3214,"AEGP_RenderItemStatus_NEEDS_OUTPUT, 	//	0"
Headers\AE_GeneralPlug.h,3215,"AEGP_RenderItemStatus_UNQUEUED, 		//	1 ready to be rendered, but not included in the queue"
Headers\AE_GeneralPlug.h,3216,"AEGP_RenderItemStatus_QUEUED, 			//	2 ready AND queued"
Headers\AE_GeneralPlug.h,3217,"AEGP_RenderItemStatus_RENDERING,"
Headers\AE_GeneralPlug.h,3218,"AEGP_RenderItemStatus_USER_STOPPED,"
Headers\AE_GeneralPlug.h,3219,"AEGP_RenderItemStatus_ERR_STOPPED,"
Headers\AE_GeneralPlug.h,3220,"AEGP_RenderItemStatus_DONE,"
Headers\AE_GeneralPlug.h,3222,AEGP_RenderItemStatus_LAST_PLUS_ONE
Headers\AE_GeneralPlug.h,3225,typedef	A_long	AEGP_RenderItemStatusType;
Headers\AE_GeneralPlug.h,3227,typedef struct AEGP_RenderQueueSuite1 {
Headers\AE_GeneralPlug.h,3228,SPAPI A_Err (*AEGP_AddCompToRenderQueue)(
Headers\AE_GeneralPlug.h,3233,SPAPI A_Err (*AEGP_SetRenderQueueState)(
Headers\AE_GeneralPlug.h,3234,AEGP_RenderQueueState	state);	/* >> */
Headers\AE_GeneralPlug.h,3236,SPAPI A_Err (*AEGP_GetRenderQueueState)(
Headers\AE_GeneralPlug.h,3237,AEGP_RenderQueueState	*stateP); /* << */
Headers\AE_GeneralPlug.h,3239,} AEGP_RenderQueueSuite1;
Headers\AE_GeneralPlug.h,3264,"AEGP_PostRenderOptions_NONE = -1,"
Headers\AE_GeneralPlug.h,3265,"AEGP_PostRenderOptions_IMPORT,"
Headers\AE_GeneralPlug.h,3266,"AEGP_PostRenderOptions_IMPORT_AND_REPLACE_USAGE,"
Headers\AE_GeneralPlug.h,3267,"AEGP_PostRenderOptions_SET_PROXY,"
Headers\AE_GeneralPlug.h,3268,AEGP_PostRenderOptions_NUM_OPTIONS
Headers\AE_GeneralPlug.h,3271,typedef A_long AEGP_PostRenderAction;
Headers\AE_GeneralPlug.h,3309,"#define kAEGPRQItemSuite				""AEGP Render Queue Item Suite"""
Headers\AE_GeneralPlug.h,3317,/*	NOTE: 	All AEGP_RQItemRefH are invalidated by ANY
Headers\AE_GeneralPlug.h,3318,"re-ordering, addition or removal of render"
Headers\AE_GeneralPlug.h,3319,items. DO NOT CACHE THEM.
Headers\AE_GeneralPlug.h,3334,SPAPI A_Err (*AEGP_GetRenderState)(
Headers\AE_GeneralPlug.h,3336,AEGP_RenderItemStatusType	*statusP);	/* << */
Headers\AE_GeneralPlug.h,3340,Err_PARAMETER if you try to call while AEGP_RenderQueueState != AEGP_RenderQueueState_STOPPED
Headers\AE_GeneralPlug.h,3346,SPAPI A_Err (*AEGP_SetRenderState)(
Headers\AE_GeneralPlug.h,3348,AEGP_RenderItemStatusType	status);	/* >> */
Headers\AE_GeneralPlug.h,3356,"A_Time				*render_timePT);	/* << 	Returns {0,1} if not rendered. */"
Headers\AE_GeneralPlug.h,3393,/*	NOTE: 	All AEGP_OutputModuleRefHs are invalidated by ANY
Headers\AE_GeneralPlug.h,3395,from a render item. DO NOT CACHE THEM.
Headers\AE_GeneralPlug.h,3413,SPAPI A_Err	(*AEGP_GetPostRenderAction)(
Headers\AE_GeneralPlug.h,3416,AEGP_PostRenderAction	*post_render_actionP);	/* << */
Headers\AE_GeneralPlug.h,3418,SPAPI A_Err	(*AEGP_SetPostRenderAction)(
Headers\AE_GeneralPlug.h,3421,AEGP_PostRenderAction	post_render_action);	/* >> */
Headers\AE_GeneralPlug.h,3483,AEGP_MemHandle			*unicode_pathPH);			// << empty string if not specified. handle of A_UTF16Char (contains null terminated UTF16 string); must be disposed with AEGP_FreeMemHandle
Headers\AE_GeneralPlug.h,3497,"AEGP_MemHandle			*format_unicodePH, 		/* << handle of A_u_short, (contains null terminated UTF16 string) must be disposed with AEGP_FreeMemHandle */"
Headers\AE_GeneralPlug.h,3498,"AEGP_MemHandle			*info__unicodePH,		/* << handle of A_u_short, (contains null terminated UTF16 string) must be disposed with AEGP_FreeMemHandle */"
Headers\AE_GeneralPlug.h,3499,"A_Boolean				*is_sequenceBP,"
Headers\AE_GeneralPlug.h,3508,** Used by artisans to render layers
Headers\AE_GeneralPlug.h,3516,"AEGP_RenderHints_NONE = 0,"
Headers\AE_GeneralPlug.h,3517,"AEGP_RenderHints_IGNORE_EXTENTS = 0x1,"
Headers\AE_GeneralPlug.h,3518,AEGP_RenderHints_NO_TRANSFER_MODE = 0x2		// prevents application of opacity & transfer mode; for RenderLayer calls
Headers\AE_GeneralPlug.h,3520,typedef A_u_long AEGP_RenderHints;
Headers\AE_GeneralPlug.h,3524,"AEGP_RenderReceiptStatus_INVALID	= 0,"
Headers\AE_GeneralPlug.h,3525,"AEGP_RenderReceiptStatus_VALID,"
Headers\AE_GeneralPlug.h,3526,AEGP_RenderReceiptStatus_VALID_BUT_INCOMPLETE
Headers\AE_GeneralPlug.h,3528,typedef A_u_long	AEGP_RenderReceiptStatus;
Headers\AE_GeneralPlug.h,3558,AEGP_RenderNumEffects_ALL_EFFECTS = -1
Headers\AE_GeneralPlug.h,3561,typedef A_short AEGP_NumEffectsToRenderType;
Headers\AE_GeneralPlug.h,3566,SPAPI A_Err	(*AEGP_GetCompToRender)(
Headers\AE_GeneralPlug.h,3567,"PR_RenderContextH 		render_contextH,   	/* >> */"
Headers\AE_GeneralPlug.h,3570,SPAPI A_Err	(*AEGP_GetNumLayersToRender)(
Headers\AE_GeneralPlug.h,3571,"const	PR_RenderContextH	render_contextH,		/* >> */"
Headers\AE_GeneralPlug.h,3572,A_long				*num_to_renderPL);		/* << */
Headers\AE_GeneralPlug.h,3575,SPAPI A_Err	(*AEGP_GetNthLayerContextToRender)(
Headers\AE_GeneralPlug.h,3576,"const	PR_RenderContextH			render_contextH,	/* >> */"
Headers\AE_GeneralPlug.h,3578,AEGP_RenderLayerContextH	*layer_contextPH);	/* << */
Headers\AE_GeneralPlug.h,3581,"const	PR_RenderContextH			render_contextH,	/* >> */"
Headers\AE_GeneralPlug.h,3582,"AEGP_RenderLayerContextH	layer_contextH,		/* >> */"
Headers\AE_GeneralPlug.h,3586,"const	PR_RenderContextH			render_contextH,	/* >> */"
Headers\AE_GeneralPlug.h,3587,"AEGP_RenderLayerContextH	layer_contextH,		/* >> */"
Headers\AE_GeneralPlug.h,3598,"const	PR_RenderContextH			render_contextH,"
Headers\AE_GeneralPlug.h,3599,"AEGP_RenderLayerContextH	layer_contextH,"
Headers\AE_GeneralPlug.h,3602,SPAPI A_Err	(*AEGP_GetCompRenderTime)(
Headers\AE_GeneralPlug.h,3603,"PR_RenderContextH	render_contextH,	/* >> */"
Headers\AE_GeneralPlug.h,3608,"PR_RenderContextH			render_contextH,	/* <> */"
Headers\AE_GeneralPlug.h,3612,SPAPI A_Err	(*AEGP_GetROI)(
Headers\AE_GeneralPlug.h,3613,"PR_RenderContextH			render_contextH,	/* <> */"
Headers\AE_GeneralPlug.h,3614,A_LegacyRect						*roiPR);			/* << */
Headers\AE_GeneralPlug.h,3616,// for rendering the texture map of a layer
Headers\AE_GeneralPlug.h,3617,SPAPI A_Err	(*AEGP_RenderTexture)(
Headers\AE_GeneralPlug.h,3618,"PR_RenderContextH			render_contextH,		/* <> */"
Headers\AE_GeneralPlug.h,3619,"AEGP_RenderLayerContextH	layer_contextH,			/* >> */"
Headers\AE_GeneralPlug.h,3620,"AEGP_RenderHints			render_hints,			/* >> */"
Headers\AE_GeneralPlug.h,3628,"PR_RenderContextH			render_contextH,	/* <> */"
Headers\AE_GeneralPlug.h,3629,"AEGP_RenderLayerContextH	layer_contextH,		/* >> */"
Headers\AE_GeneralPlug.h,3632,SPAPI A_Err	(*AEGP_GetFieldRender)(
Headers\AE_GeneralPlug.h,3633,"PR_RenderContextH 			render_contextH,   	/* >> */"
Headers\AE_GeneralPlug.h,3636,// not thread safe on MacOS
Headers\AE_GeneralPlug.h,3639,"PR_RenderContextH 				render_contextH,   	/* >> */"
Headers\AE_GeneralPlug.h,3643,SPAPI A_Err	(*AEGP_GetRenderDownsampleFactor)(
Headers\AE_GeneralPlug.h,3644,"PR_RenderContextH			render_contextH,	/* >> */"
Headers\AE_GeneralPlug.h,3647,SPAPI A_Err	(*AEGP_SetRenderDownsampleFactor)(
Headers\AE_GeneralPlug.h,3648,"PR_RenderContextH			render_contextH,	/* >> */"
Headers\AE_GeneralPlug.h,3652,"PR_RenderContextH			render_contextH,	/* >> */"
Headers\AE_GeneralPlug.h,3655,SPAPI A_Err (*AEGP_GetRenderLayerToWorldXform)(
Headers\AE_GeneralPlug.h,3656,"PR_RenderContextH				render_contextH,	/* >> */"
Headers\AE_GeneralPlug.h,3657,"AEGP_RenderLayerContextH		layer_contextH,		/* >> */"
Headers\AE_GeneralPlug.h,3661,SPAPI A_Err (*AEGP_GetRenderLayerBounds)(
Headers\AE_GeneralPlug.h,3662,"PR_RenderContextH				render_contextH,	/* >> */"
Headers\AE_GeneralPlug.h,3663,"AEGP_RenderLayerContextH		layer_contextH,		/* >> */"
Headers\AE_GeneralPlug.h,3665,A_LegacyRect							*boundsP);			/* << */
Headers\AE_GeneralPlug.h,3667,SPAPI A_Err (*AEGP_GetRenderOpacity)(
Headers\AE_GeneralPlug.h,3668,"PR_RenderContextH				render_contextH,	/* >> */"
Headers\AE_GeneralPlug.h,3669,"AEGP_RenderLayerContextH		layer_contextH,		/* >> */"
Headers\AE_GeneralPlug.h,3673,SPAPI A_Err (*AEGP_IsRenderLayerActive)(
Headers\AE_GeneralPlug.h,3674,"PR_RenderContextH				render_contextH,	/* >> */"
Headers\AE_GeneralPlug.h,3675,"AEGP_RenderLayerContextH		layer_contextH,		/* >> */"
Headers\AE_GeneralPlug.h,3681,"PR_RenderContextH 				render_contextH,   	/* >> */"
Headers\AE_GeneralPlug.h,3686,"// Returns a comp-size buffer, which must be disposed thru AEGP_Dispose in World suite"
Headers\AE_GeneralPlug.h,3687,SPAPI A_Err	(*AEGP_RenderLayerPlus)(
Headers\AE_GeneralPlug.h,3688,"PR_RenderContextH			render_contextH,	/* <> */"
Headers\AE_GeneralPlug.h,3690,"AEGP_RenderLayerContextH 	layer_contextH,		/* >> */"
Headers\AE_GeneralPlug.h,3691,"AEGP_RenderHints			render_hints,		/* >> */"
Headers\AE_GeneralPlug.h,3692,AEGP_WorldH					*render_bufferPH);	/* <<  must be disposed with AEGP_DisposeWorld */
Headers\AE_GeneralPlug.h,3696,"PR_RenderContextH			render_contextH,	/* <> */"
Headers\AE_GeneralPlug.h,3697,"AEGP_RenderLayerContextH 	fill_contextH,		/* << */"
Headers\AE_GeneralPlug.h,3698,AEGP_RenderLayerContextH	*matte_contextPH);	/* >> */
Headers\AE_GeneralPlug.h,3700,// new for 6.0 --get receipt with the returned texture
Headers\AE_GeneralPlug.h,3701,// use receipt to determine if a subsequent call to render
Headers\AE_GeneralPlug.h,3702,// this layer can be skipped (because the artisan cached it)
Headers\AE_GeneralPlug.h,3703,SPAPI A_Err	(*AEGP_RenderTextureWithReceipt)(
Headers\AE_GeneralPlug.h,3704,"PR_RenderContextH			render_contextH,		/* <> */"
Headers\AE_GeneralPlug.h,3705,"AEGP_RenderLayerContextH	layer_contextH,			/* >> */"
Headers\AE_GeneralPlug.h,3706,"AEGP_RenderHints			render_hints,			/* >> */"
Headers\AE_GeneralPlug.h,3707,"AEGP_NumEffectsToRenderType	num_effectsS,			/* >>  number of effect to render, -1 for all */"
Headers\AE_GeneralPlug.h,3711,"AEGP_RenderReceiptH			*render_receiptPH, 	 	/* << must be disposed with AEGP_DisposeRenderReceipt */"
Headers\AE_GeneralPlug.h,3717,"PR_RenderContextH			render_contextH,		/* <> */"
Headers\AE_GeneralPlug.h,3718,"AEGP_RenderLayerContextH	layer_contextH,			/* >> */"
Headers\AE_GeneralPlug.h,3721,SPAPI A_Err	(*AEGP_RenderLayerPlusWithReceipt)(
Headers\AE_GeneralPlug.h,3722,"PR_RenderContextH			render_contextH,	/* <> */"
Headers\AE_GeneralPlug.h,3724,"AEGP_RenderLayerContextH 	layer_contextH,		/* >> */"
Headers\AE_GeneralPlug.h,3725,"AEGP_RenderHints			render_hints,		/* >> */"
Headers\AE_GeneralPlug.h,3726,"AEGP_RenderReceiptH			*render_receiptPH,  /* << must be disposed with AEGP_DisposeRenderReceipt */"
Headers\AE_GeneralPlug.h,3727,AEGP_WorldH					*render_bufferPH);	/* << */
Headers\AE_GeneralPlug.h,3729,SPAPI A_Err	(*AEGP_DisposeRenderReceipt)(
Headers\AE_GeneralPlug.h,3730,AEGP_RenderReceiptH			render_receiptH);	/* >> */
Headers\AE_GeneralPlug.h,3734,SPAPI A_Err	(*AEGP_CheckRenderReceipt)(
Headers\AE_GeneralPlug.h,3735,"PR_RenderContextH			current_render_contextH,	/* in */"
Headers\AE_GeneralPlug.h,3736,"AEGP_RenderLayerContextH	current_layer_contextH,		/* in */"
Headers\AE_GeneralPlug.h,3737,"AEGP_RenderReceiptH			old_render_receiptH,		/* in */"
Headers\AE_GeneralPlug.h,3739,"AEGP_NumEffectsToRenderType	num_effectsS,				/* in */"
Headers\AE_GeneralPlug.h,3740,AEGP_RenderReceiptStatus	*receipt_statusP);			/* out */
Headers\AE_GeneralPlug.h,3743,/* new in 7.0 generate a receipt for a layer as asd if the first num_effectsS have been rendered */
Headers\AE_GeneralPlug.h,3744,SPAPI A_Err	(*AEGP_GenerateRenderReceipt)(
Headers\AE_GeneralPlug.h,3745,"PR_RenderContextH			current_render_contextH,	/* >> */"
Headers\AE_GeneralPlug.h,3746,"AEGP_RenderLayerContextH	current_layer_contextH,		/* >> */"
Headers\AE_GeneralPlug.h,3747,"AEGP_NumEffectsToRenderType	num_effectsS,				/* in */"
Headers\AE_GeneralPlug.h,3748,AEGP_RenderReceiptH			*render_receiptPH);			/* << */
Headers\AE_GeneralPlug.h,3750,SPAPI A_Err	(*AEGP_GetNumBinsToRender)(
Headers\AE_GeneralPlug.h,3751,"const	PR_RenderContextH	render_contextH,			/* >> */"
Headers\AE_GeneralPlug.h,3752,A_long				*num_bins_to_renderPL);		/* << */
Headers\AE_GeneralPlug.h,3756,"const	PR_RenderContextH			render_contextH,	/* >> */"
Headers\AE_GeneralPlug.h,3760,"const	PR_RenderContextH			render_contextH,	/* >> */"
Headers\AE_GeneralPlug.h,3763,SPAPI A_Err (*AEGP_GetRenderLayerToWorldXform2D3D)(
Headers\AE_GeneralPlug.h,3764,"PR_RenderContextH				render_contextH,	/* >> */"
Headers\AE_GeneralPlug.h,3765,"AEGP_RenderLayerContextH		layer_contextH,		/* >> */"
Headers\AE_GeneralPlug.h,3774,"const PR_RenderContextH				render_contextH,	/* >> */"
Headers\AE_GeneralPlug.h,3780,"const PR_RenderContextH				render_contextH,	/* >> */"
Headers\AE_GeneralPlug.h,3787,"const PR_RenderContextH				render_contextH,	/* >> */"
Headers\AE_GeneralPlug.h,3793,"const PR_RenderContextH				render_contextH,	/* >> */"
Headers\AE_GeneralPlug.h,3794,A_LegacyRect								*viewport_rectPR);	/* << */
Headers\AE_GeneralPlug.h,3798,"const PR_RenderContextH				render_contextH,	/* >> */"
Headers\AE_GeneralPlug.h,3802,"const PR_RenderContextH				render_contextH,	/* >> */"
Headers\AE_GeneralPlug.h,3806,"const PR_RenderContextH				render_contextH,	/* in */"
Headers\AE_GeneralPlug.h,3810,"const PR_RenderContextH				render_contextH,			/* in */"
Headers\AE_GeneralPlug.h,3815,"const PR_RenderContextH				render_contextH,			/* in */"
Headers\AE_GeneralPlug.h,3819,SPAPI A_Err (*AEGP_GetInteractiveCachedBuffer)(
Headers\AE_GeneralPlug.h,3820,"const PR_RenderContextH				render_contextH,			/* >> */"
Headers\AE_GeneralPlug.h,3824,// should we call AEGP_RenderLayer or AEGP_RenderTexture
Headers\AE_GeneralPlug.h,3825,SPAPI A_Err (*AEGP_ArtisanMustRenderAsLayer)(
Headers\AE_GeneralPlug.h,3826,"const PR_RenderContextH				render_contextH,			/* >> */"
Headers\AE_GeneralPlug.h,3827,"AEGP_RenderLayerContextH			layer_contextH,"
Headers\AE_GeneralPlug.h,3828,A_Boolean							*use_render_texturePB);
Headers\AE_GeneralPlug.h,3832,"const PR_RenderContextH				render_contextH,			/* >> */"
Headers\AE_GeneralPlug.h,3836,"const PR_RenderContextH				render_contextH,			/* >> */"
Headers\AE_GeneralPlug.h,3841,"const PR_RenderContextH				render_contextH,	/* >> */"
Headers\AE_GeneralPlug.h,3848,"PR_RenderContextH	render_contextH,	/* >> */"
Headers\AE_GeneralPlug.h,3854,"PR_RenderContextH			render_contextH,	/* in */"
Headers\AE_GeneralPlug.h,3855,"AEGP_RenderLayerContextH	layer_contextH,		/* in*/"
Headers\AE_GeneralPlug.h,3883,SPAPI A_Err	(*AEGP_GetInstanceContextFromRenderContext)(
Headers\AE_GeneralPlug.h,3884,"const PR_RenderContextH			render_contextH,			/* >> */"
Headers\AE_GeneralPlug.h,3903,SPAPI A_Err	(*AEGP_GetRenderData)(
Headers\AE_GeneralPlug.h,3904,"const PR_RenderContextH			render_contextH,			/* >> */"
Headers\AE_GeneralPlug.h,3905,PR_RenderDataH			*render_dataPH);			/* << */
Headers\AE_GeneralPlug.h,3917,"PR_RenderContextH 		render_contextH,   	/* >> */"
Headers\AE_GeneralPlug.h,4050,A_LegacyRect					*boundsPR);			/* out */
Headers\AE_GeneralPlug.h,4069,"A_LegacyRect			*viewportP,"
Headers\AE_GeneralPlug.h,4195,"These may only be called during PF_Cmd_FRAME_SETUP, PF_Cmd_RENDER,"
Headers\AE_GeneralPlug.h,4209,SPAPI A_Err	(*AEGP_GetNewEffectForEffect)(								/* must be disposed using AEGP_DisposeEffect */
Headers\AE_GeneralPlug.h,4257,"kAEIO_Colorimetry_Unknown = 0,  // default, pass it if you don't know the colorimetry of the media space"
Headers\AE_GeneralPlug.h,4280,AEGP_MemHandle	*unicode_pathPH);		// << handle of A_UTF16Char (contains null terminated UTF16 string); must be disposed with AEGP_FreeMemHandle
Headers\AE_GeneralPlug.h,4435,SPAPI A_Err	(*AEGP_SetInSpecStillSequenceNativeFPS)(
Headers\AE_GeneralPlug.h,4477,"AEGP_MemHandle	*unicode_pathPH,		// << handle of A_UTF16Char (contains null terminated UTF16 string); must be disposed with AEGP_FreeMemHandle"
Headers\AE_GeneralPlug.h,4478,"A_Boolean		*file_reservedPB);		/* << If the file is reserved, do not create the file."
Headers\AE_GeneralPlug.h,4479,"Otherwise, multi-machine rendering can fail."
Headers\AE_GeneralPlug.h,4713,// from the render queue and replacing an existing item.
Headers\AE_GeneralPlug.h,4718,SPAPI A_Err (*AEGP_FileSequenceImportOptionsFromFIMImportOptions)(
Headers\AE_GeneralPlug.h,4720,AEGP_FileSequenceImportOptions	*seq_import_optionsP);	/* << */
Headers\AE_GeneralPlug.h,4806,"A_u_long				data_sizeLu,	/* >> bufPV & default must be this big, if pref isn't then the default will be used */"
Headers\AE_GeneralPlug.h,4897,AEGP_MemHandle			*unicode_pathPH);		// << empty string if no file. handle of A_UTF16Char (contains null terminated UTF16 string); must be disposed with AEGP_FreeMemHandle
Headers\AE_GeneralPlug.h,4921,typedef A_LegacyEnumType AEGP_CollectionItemType;
Headers\AE_GeneralPlug.h,4945,typedef A_LegacyEnumType AEGP_StreamCollectionItemType;
Headers\AE_GeneralPlug.h,4972,AEGP_MaskCollectionItem	mask_sel;	/* the mask must be selected for a vertex to be selected */
Headers\AE_GeneralPlug.h,5016,"it references, will be adopted by AE; DO NOT dispose of it! */"
Headers\AE_GeneralPlug.h,5105,/* AEGP_RenderOptionsSuite
Headers\AE_GeneralPlug.h,5128,"#define	kAEGPRenderOptionsSuite					""AEGP Render Options Suite"""
Headers\AE_GeneralPlug.h,5129,#define	kAEGPRenderOptionsSuiteVersion4			4 /* frozen in AE 10.5 */
Headers\AE_GeneralPlug.h,5135,// field render to none
Headers\AE_GeneralPlug.h,5140,AEGP_RenderOptionsH	*optionsPH);		/* << */
Headers\AE_GeneralPlug.h,5144,"AEGP_RenderOptionsH	optionsH,			/* >> */"
Headers\AE_GeneralPlug.h,5145,AEGP_RenderOptionsH	*copyPH);			/* << */
Headers\AE_GeneralPlug.h,5148,AEGP_RenderOptionsH	optionsH);			/* >> */
Headers\AE_GeneralPlug.h,5150,SPAPI A_Err (*AEGP_SetTime)(							/* the render time */
Headers\AE_GeneralPlug.h,5151,"AEGP_RenderOptionsH	optionsH,			/* <> */"
Headers\AE_GeneralPlug.h,5155,"AEGP_RenderOptionsH	optionsH,			/* >> */"
Headers\AE_GeneralPlug.h,5159,"AEGP_RenderOptionsH	optionsH,			/* <> */"
Headers\AE_GeneralPlug.h,5163,"AEGP_RenderOptionsH	optionsH,			/* >> */"
Headers\AE_GeneralPlug.h,5166,SPAPI A_Err (*AEGP_SetFieldRender)(						/* How fields are to be handled. */
Headers\AE_GeneralPlug.h,5167,"AEGP_RenderOptionsH	optionsH,			/* <> */"
Headers\AE_GeneralPlug.h,5168,PF_Field			field_render);		/* >> */
Headers\AE_GeneralPlug.h,5170,SPAPI A_Err (*AEGP_GetFieldRender)(
Headers\AE_GeneralPlug.h,5171,"AEGP_RenderOptionsH	optionsH,			/* >> */"
Headers\AE_GeneralPlug.h,5172,PF_Field			*field_renderP);	/* << */
Headers\AE_GeneralPlug.h,5176,"AEGP_RenderOptionsH	optionsH,			/* <> */"
Headers\AE_GeneralPlug.h,5180,"AEGP_RenderOptionsH	optionsH,			/* >> */"
Headers\AE_GeneralPlug.h,5188,"AEGP_RenderOptionsH	optionsH,			/* <> */"
Headers\AE_GeneralPlug.h,5193,"AEGP_RenderOptionsH	optionsH,			/* >> */"
Headers\AE_GeneralPlug.h,5198,"AEGP_RenderOptionsH	optionsH,			/* <> */"
Headers\AE_GeneralPlug.h,5199,"const A_LRect		*roiP);				/* >>  {0,0,0,0} for all*/"
Headers\AE_GeneralPlug.h,5202,"AEGP_RenderOptionsH	optionsH,			/* >> */"
Headers\AE_GeneralPlug.h,5203,A_LRect				*roiP);				/* << */
Headers\AE_GeneralPlug.h,5206,"AEGP_RenderOptionsH	optionsH,			/* <> */"
Headers\AE_GeneralPlug.h,5210,"AEGP_RenderOptionsH	optionsH,			/* >> */"
Headers\AE_GeneralPlug.h,5214,"AEGP_RenderOptionsH optionsH,			/* <> */"
Headers\AE_GeneralPlug.h,5218,"AEGP_RenderOptionsH optionsH,			/* >> */"
Headers\AE_GeneralPlug.h,5221,SPAPI A_Err (*AEGP_GetRenderGuideLayers)(
Headers\AE_GeneralPlug.h,5222,"AEGP_RenderOptionsH	optionsH,			/* >> */"
Headers\AE_GeneralPlug.h,5223,A_Boolean			*will_renderPB);	/* << */
Headers\AE_GeneralPlug.h,5225,SPAPI A_Err (*AEGP_SetRenderGuideLayers)(
Headers\AE_GeneralPlug.h,5226,"AEGP_RenderOptionsH	optionsH,			/* >> */"
Headers\AE_GeneralPlug.h,5227,A_Boolean			render_themB);		/* >> */
Headers\AE_GeneralPlug.h,5233,SPAPI A_Err (*AEGP_GetRenderQuality)(
Headers\AE_GeneralPlug.h,5234,"AEGP_RenderOptionsH	optionsH,			/* >> */"
Headers\AE_GeneralPlug.h,5237,SPAPI A_Err (*AEGP_SetRenderQuality)(
Headers\AE_GeneralPlug.h,5238,"AEGP_RenderOptionsH	optionsH,		/* >> */"
Headers\AE_GeneralPlug.h,5240,} AEGP_RenderOptionsSuite4;
Headers\AE_GeneralPlug.h,5243,"#define	kAEGPLayerRenderOptionsSuite					""AEGP Layer Render Options Suite"""
Headers\AE_GeneralPlug.h,5244,#define	kAEGPLayerRenderOptionsSuiteVersion2			2 /* frozen in 13.5 */
Headers\AE_GeneralPlug.h,5247,// optionsPH must be disposed by calling code
Headers\AE_GeneralPlug.h,5252,// ROI to the layer's nominal bounds
Headers\AE_GeneralPlug.h,5253,"// EffectsToRender to ""all"""
Headers\AE_GeneralPlug.h,5257,AEGP_LayerRenderOptionsH	*optionsPH);	/* << */
Headers\AE_GeneralPlug.h,5259,// optionsPH must be disposed by calling code
Headers\AE_GeneralPlug.h,5260,"// like AEGP_NewFromLayer, but sets EffectsToRender to be the index fof effectH"
Headers\AE_GeneralPlug.h,5264,AEGP_LayerRenderOptionsH	*optionsPH);	/* << */
Headers\AE_GeneralPlug.h,5266,// optionsPH must be disposed by calling code
Headers\AE_GeneralPlug.h,5267,"// like AEGP_NewFromLayer, but sets EffectsToRender to include the effect output"
Headers\AE_GeneralPlug.h,5272,AEGP_LayerRenderOptionsH	*optionsPH);	/* << */
Headers\AE_GeneralPlug.h,5274,// copyPH must be disposed by calling code
Headers\AE_GeneralPlug.h,5277,"AEGP_LayerRenderOptionsH	optionsH,		/* >> */"
Headers\AE_GeneralPlug.h,5278,AEGP_LayerRenderOptionsH	*copyPH);		/* << */
Headers\AE_GeneralPlug.h,5281,AEGP_LayerRenderOptionsH	optionsH);		/* >> */
Headers\AE_GeneralPlug.h,5283,SPAPI A_Err (*AEGP_SetTime)(								/* the render time */
Headers\AE_GeneralPlug.h,5284,"AEGP_LayerRenderOptionsH	optionsH,		/* <> */"
Headers\AE_GeneralPlug.h,5288,"AEGP_LayerRenderOptionsH	optionsH,		/* >> */"
Headers\AE_GeneralPlug.h,5292,"AEGP_LayerRenderOptionsH	optionsH,		/* <> */"
Headers\AE_GeneralPlug.h,5296,"AEGP_LayerRenderOptionsH	optionsH,		/* >> */"
Headers\AE_GeneralPlug.h,5300,"AEGP_LayerRenderOptionsH	optionsH,		/* <> */"
Headers\AE_GeneralPlug.h,5304,"AEGP_LayerRenderOptionsH	optionsH,		/* >> */"
Headers\AE_GeneralPlug.h,5311,"AEGP_LayerRenderOptionsH	optionsH,		/* <> */"
Headers\AE_GeneralPlug.h,5316,"AEGP_LayerRenderOptionsH	optionsH,		/* >> */"
Headers\AE_GeneralPlug.h,5321,"AEGP_LayerRenderOptionsH	optionsH,		/* <> */"
Headers\AE_GeneralPlug.h,5325,"AEGP_LayerRenderOptionsH	optionsH,		/* >> */"
Headers\AE_GeneralPlug.h,5327,} AEGP_LayerRenderOptionsSuite2;
Headers\AE_GeneralPlug.h,5330,"#define	kAEGPRenderSuite					""AEGP Render Suite"""
Headers\AE_GeneralPlug.h,5331,#define	kAEGPRenderSuiteVersion5			8 /* frozen in 13.5 */
Headers\AE_GeneralPlug.h,5333,typedef A_u_longlong AEGP_AsyncRequestId;
Headers\AE_GeneralPlug.h,5335,typedef A_Err (*AEGP_RenderSuiteCheckForCancel)(
Headers\AE_GeneralPlug.h,5339,typedef A_Err (*AEGP_AsyncFrameReadyCallback)(
Headers\AE_GeneralPlug.h,5340,"AEGP_AsyncRequestId				request_id,				// this will be the AEGP_AsyncRequestId that was returned from AEGP_RenderAndCheckoutLayerFrame_Async"
Headers\AE_GeneralPlug.h,5341,"A_Boolean						was_canceled,			// will be set to true if this request was canceled via a call to AEGP_CancelAsyncRequest"
Headers\AE_GeneralPlug.h,5343,"AEGP_FrameReceiptH 				receiptH,				// frame data (only if successful)"
Headers\AE_GeneralPlug.h,5344,AEGP_AsyncFrameRequestRefcon	refconP0);				// this is the AEGP_AsyncFrameRequestRefcon that was (optionally) passed in to AEGP_RenderAndCheckoutLayerFrame_Async
Headers\AE_GeneralPlug.h,5347,// IMPORTANT: use of this call on the UI thread should be considered DEPRECATED except in a very narrow  use case:
Headers\AE_GeneralPlug.h,5351,// Asynchronous APIs should be used on the UI thread except in this specific case
Headers\AE_GeneralPlug.h,5353,"// On a render thread, these calls will work as normal with no progress dialog"
Headers\AE_GeneralPlug.h,5355,// See IMPORTANT note above about using this synchronous call on the UI thread which is considered DEPRECATED behavior
Headers\AE_GeneralPlug.h,5356,SPAPI A_Err (*AEGP_RenderAndCheckoutFrame)(
Headers\AE_GeneralPlug.h,5357,"AEGP_RenderOptionsH				optionsH,					/* >> */"
Headers\AE_GeneralPlug.h,5358,"AEGP_RenderSuiteCheckForCancel	cancel_functionP0,			/* >> optional*/"
Headers\AE_GeneralPlug.h,5360,AEGP_FrameReceiptH				*receiptPH);				/* << check in using AEGP_CheckinFrame to release memory */
Headers\AE_GeneralPlug.h,5362,// render_plain_layer_frameB was confusing and is not the design we want going forward
Headers\AE_GeneralPlug.h,5363,"// eventually this will be replaced with new RenderOptions calls. Until that is available, this will behave as if render_plain_layer_frameB is ""false"""
Headers\AE_GeneralPlug.h,5364,"// (upstream effect render). If the ""true"" behavior for adjustment layer mask is desired, see kAEGPRenderSuiteVersion4 that still has this flag"
Headers\AE_GeneralPlug.h,5366,// See IMPORTANT note above about using this synchronous call on the UI thread which is considered DEPRECATED behavior
Headers\AE_GeneralPlug.h,5367,SPAPI A_Err (*AEGP_RenderAndCheckoutLayerFrame)(
Headers\AE_GeneralPlug.h,5368,"AEGP_LayerRenderOptionsH			optionsH,					/* >> */"
Headers\AE_GeneralPlug.h,5369,"AEGP_RenderSuiteCheckForCancel		cancel_functionP0,			/* >> optional*/"
Headers\AE_GeneralPlug.h,5371,AEGP_FrameReceiptH					*receiptPH);				/* << check in using AEGP_CheckinFrame to release memory */
Headers\AE_GeneralPlug.h,5373,SPAPI A_Err (*AEGP_RenderAndCheckoutLayerFrame_Async)(
Headers\AE_GeneralPlug.h,5374,"AEGP_LayerRenderOptionsH			optionsH,						/* >> */"
Headers\AE_GeneralPlug.h,5375,"AEGP_AsyncFrameReadyCallback		callback,						/* >> this will be called when the frame is ready (guaranteed to be called unless AE is shutting down) */"
Headers\AE_GeneralPlug.h,5376,"AEGP_AsyncFrameRequestRefcon		request_completion_refconP0,	/* >> optional.  if included, it will be passed into the above callback */"
Headers\AE_GeneralPlug.h,5377,AEGP_AsyncRequestId					*asyncRequestIdP);				/* << Id associated with frame request.  Can be used to cancel early */
Headers\AE_GeneralPlug.h,5379,SPAPI A_Err (*AEGP_CancelAsyncRequest)(
Headers\AE_GeneralPlug.h,5380,AEGP_AsyncRequestId					asyncRequestId);				/* >> */
Headers\AE_GeneralPlug.h,5383,AEGP_FrameReceiptH		receiptH);							/* >> */
Headers\AE_GeneralPlug.h,5389,SPAPI A_Err (*AEGP_GetReceiptWorld)(
Headers\AE_GeneralPlug.h,5390,"AEGP_FrameReceiptH		receiptH,							/* >> */"
Headers\AE_GeneralPlug.h,5393,SPAPI A_Err (*AEGP_GetRenderedRegion)(
Headers\AE_GeneralPlug.h,5394,"AEGP_FrameReceiptH		receiptH,							/* >> */"
Headers\AE_GeneralPlug.h,5395,A_LRect					*rendered_regionP);					/* << */
Headers\AE_GeneralPlug.h,5397,SPAPI A_Err (*AEGP_IsRenderedFrameSufficient)(
Headers\AE_GeneralPlug.h,5398,"AEGP_RenderOptionsH rendered_optionsH,					/* >> */"
Headers\AE_GeneralPlug.h,5399,"AEGP_RenderOptionsH proposed_optionsH,					/* >> */"
Headers\AE_GeneralPlug.h,5400,A_Boolean			*rendered_is_sufficientPB);			/* << */
Headers\AE_GeneralPlug.h,5402,// See IMPORTANT note above about using this synchronous call on the UI thread which is considered DEPRECATED behavior
Headers\AE_GeneralPlug.h,5403,SPAPI A_Err (*AEGP_RenderNewItemSoundData)( 								/* Works on Compositions and Footage items. */
Headers\AE_GeneralPlug.h,5408,"AEGP_RenderSuiteCheckForCancel	cancel_functionP0,			/* >> optional*/"
Headers\AE_GeneralPlug.h,5410,AEGP_SoundDataH					*new_sound_dataPH);			/* << AEGP_SoundDataH must be disposed. Returns NULL if no audio */
Headers\AE_GeneralPlug.h,5413,// returns the current timestamp of the project.this is increased any time something is touched in the project
Headers\AE_GeneralPlug.h,5414,// that affects rendering
Headers\AE_GeneralPlug.h,5415,SPAPI A_Err (*AEGP_GetCurrentTimestamp)(
Headers\AE_GeneralPlug.h,5416,AEGP_TimeStamp * time_stampP); // out
Headers\AE_GeneralPlug.h,5420,"SPAPI A_Err (*AEGP_HasItemChangedSinceTimestamp)(AEGP_ItemH itemH,					// in"
Headers\AE_GeneralPlug.h,5423,"const AEGP_TimeStamp * time_stampP, //in"
Headers\AE_GeneralPlug.h,5426,// checks whether this frame would be worth rendering externally and
Headers\AE_GeneralPlug.h,5427,// checking in to the cache. a speculative renderer should check this twice:
Headers\AE_GeneralPlug.h,5428,// (1) before sending the frame out to render
Headers\AE_GeneralPlug.h,5430,// (don't forget to call AEGP_HasItemChangedSinceTimestamp also!)
Headers\AE_GeneralPlug.h,5431,"SPAPI A_Err (*AEGP_IsItemWorthwhileToRender)(	AEGP_RenderOptionsH roH,					// in"
Headers\AE_GeneralPlug.h,5432,"const AEGP_TimeStamp* time_stampP,		// in"
Headers\AE_GeneralPlug.h,5433,A_Boolean *worthwhile_to_renderPB);	// out
Headers\AE_GeneralPlug.h,5435,// ticks_to_render is the approximate amount of time needed to render the frame
Headers\AE_GeneralPlug.h,5437,"SPAPI A_Err (*AEGP_CheckinRenderedFrame)( AEGP_RenderOptionsH roH,					// in"
Headers\AE_GeneralPlug.h,5438,"const AEGP_TimeStamp* time_stampP,		// in"
Headers\AE_GeneralPlug.h,5439,"A_u_long ticks_to_renderL,				// in"
Headers\AE_GeneralPlug.h,5442,"SPAPI A_Err (*AEGP_GetReceiptGuid) (AEGP_FrameReceiptH receiptH, 	// in"
Headers\AE_GeneralPlug.h,5443,"AEGP_MemHandle *guidMH);	// out, must be disposed"
Headers\AE_GeneralPlug.h,5444,} AEGP_RenderSuite5;
Headers\AE_GeneralPlug.h,5448,// AsyncManager render suite.  For render requests that are managed by AE rather than explicitly by plugin callbacks (as in some cases in AEGP_RenderSuite5+)
Headers\AE_GeneralPlug.h,5449,// As of 13.5 the only way to get an AsyncManager is via PF_GetContextAsyncManager in PF_EffectCustomUISuite2.  (This Async Manager is PF_Event_DRAW specific
Headers\AE_GeneralPlug.h,5452,"#define kAEGPRenderAsyncManagerSuite                       ""AEGP Render Asyc Manager Suite"""
Headers\AE_GeneralPlug.h,5453,#define kAEGPRenderAsyncManagerSuiteVersion1       1       /* frozen in 13.5 */
Headers\AE_GeneralPlug.h,5458,// An AsyncManager automatically handles possibly multiple async render requests
Headers\AE_GeneralPlug.h,5459,// The first use of this in for async requests in CUSTOM_UI of PF_EventDRAW.  See PF_OutFlags2_CUSTOM_UI_ASYNC_MANAGER
Headers\AE_GeneralPlug.h,5463,"SPAPI A_Err (*AEGP_CheckoutOrRender_ItemFrame_AsyncManager)( PF_AsyncManagerP  async_managerP,	// >> the async manager to ask for the render"
Headers\AE_GeneralPlug.h,5465,"AEGP_RenderOptionsH ro,			// >> the description of the item frame to render"
Headers\AE_GeneralPlug.h,5466,"AEGP_FrameReceiptH  *out_receiptPH );	// << on success, the rendered frame.  Can succeed and have no pixels (no world)"
Headers\AE_GeneralPlug.h,5468,"SPAPI A_Err (*AEGP_CheckoutOrRender_LayerFrame_AsyncManager)( PF_AsyncManagerP  async_managerP,	// >> the async manager to ask for the render"
Headers\AE_GeneralPlug.h,5470,"AEGP_LayerRenderOptionsH lro,		// >> the description of the layer frame to render"
Headers\AE_GeneralPlug.h,5471,"AEGP_FrameReceiptH    *out_receiptPH );  // << on success, the rendered frame.  Can succeed and have no pixels (no world)"
Headers\AE_GeneralPlug.h,5475,} AEGP_RenderAsyncManagerSuite1;
Headers\AE_GeneralPlug.h,5562,"#define kAEGPRenderQueueMonitorSuite				""AEGP RenderQueue Monitor Suite"""
Headers\AE_GeneralPlug.h,5563,#define kAEGPRenderQueueMonitorSuiteVersion1		1 /* frozen AE 11.0 */
Headers\AE_GeneralPlug.h,5585,"A_Err (*AEGP_RQM_RenderJobStarted)(AEGP_RQM_BasicData *basic_dataP, AEGP_RQM_SessionId jobid);"
Headers\AE_GeneralPlug.h,5586,"A_Err (*AEGP_RQM_RenderJobEnded)(AEGP_RQM_BasicData *basic_dataP, AEGP_RQM_SessionId jobid);"
Headers\AE_GeneralPlug.h,5587,"A_Err (*AEGP_RQM_RenderJobItemStarted)(AEGP_RQM_BasicData *basic_dataP, AEGP_RQM_SessionId jobid, AEGP_RQM_ItemId itemid);"
Headers\AE_GeneralPlug.h,5588,"A_Err (*AEGP_RQM_RenderJobItemUpdated)(AEGP_RQM_BasicData *basic_dataP, AEGP_RQM_SessionId jobid, AEGP_RQM_ItemId itemid, AEGP_RQM_FrameId frameid);"
Headers\AE_GeneralPlug.h,5589,"A_Err (*AEGP_RQM_RenderJobItemEnded)(AEGP_RQM_BasicData *basic_dataP, AEGP_RQM_SessionId jobid, AEGP_RQM_ItemId itemid, AEGP_RQM_FinishedStatus fstatus);"
Headers\AE_GeneralPlug.h,5590,"A_Err (*AEGP_RQM_RenderJobItemReportLog)(AEGP_RQM_BasicData *basic_dataP, AEGP_RQM_SessionId jobid, AEGP_RQM_ItemId itemid, A_Boolean isError, AEGP_MemHandle logbuf);"
Headers\AE_GeneralPlug.h,5593,typedef struct AEGP_RenderQueueMonitorSuite1 {
Headers\AE_GeneralPlug.h,5606,AEGP_MemHandle					*utf_project_namePH0);	// <<	handle of A_UTF16Char (contains null terminated UTF16 string); must be disposed with AEGP_FreeMemHandle
Headers\AE_GeneralPlug.h,5610,AEGP_MemHandle					*utf_app_versionPH0);	// <<	handle of A_UTF16Char (contains null terminated UTF16 string); must be disposed with AEGP_FreeMemHandle
Headers\AE_GeneralPlug.h,5621,SPAPI A_Err	 (*AEGP_GetNumJobItemRenderSettings)(
Headers\AE_GeneralPlug.h,5626,SPAPI A_Err	 (*AEGP_GetJobItemRenderSetting)(
Headers\AE_GeneralPlug.h,5630,"AEGP_MemHandle					*utf_setting_namePH0,	// <<	handle of A_UTF16Char (contains null terminated UTF16 string); must be disposed with AEGP_FreeMemHandle"
Headers\AE_GeneralPlug.h,5631,AEGP_MemHandle					*utf_setting_valuePH0);	// <<	handle of A_UTF16Char (contains null terminated UTF16 string); must be disposed with AEGP_FreeMemHandle
Headers\AE_GeneralPlug.h,5649,"AEGP_MemHandle					*utf_setting_namePH0,	// <<	handle of A_UTF16Char (contains null terminated UTF16 string); must be disposed with AEGP_FreeMemHandle"
Headers\AE_GeneralPlug.h,5650,AEGP_MemHandle					*utf_setting_valuePH0);	// <<	handle of A_UTF16Char (contains null terminated UTF16 string); must be disposed with AEGP_FreeMemHandle
Headers\AE_GeneralPlug.h,5652,SPAPI A_Err	 (*AEGP_GetNumJobItemOutputModuleWarnings)(
Headers\AE_GeneralPlug.h,5656,A_long							*num_warningsPL);		// <<
Headers\AE_GeneralPlug.h,5658,SPAPI A_Err	 (*AEGP_GetJobItemOutputModuleWarning)(
Headers\AE_GeneralPlug.h,5662,"A_long							warningIndex,			// >>"
Headers\AE_GeneralPlug.h,5663,AEGP_MemHandle					*utf_warning_valuePH0);	// <<	handle of A_UTF16Char (contains null terminated UTF16 string); must be disposed with AEGP_FreeMemHandle
Headers\AE_GeneralPlug.h,5676,"AEGP_MemHandle					*utf_property_namePH0,	// <<	handle of A_UTF16Char (contains null terminated UTF16 string); must be disposed with AEGP_FreeMemHandle"
Headers\AE_GeneralPlug.h,5677,AEGP_MemHandle					*utf_property_valuePH0);// <<	handle of A_UTF16Char (contains null terminated UTF16 string); must be disposed with AEGP_FreeMemHandle
Headers\AE_GeneralPlug.h,5690,"AEGP_MemHandle					*utf_property_namePH0,	// <<	handle of A_UTF16Char (contains null terminated UTF16 string); must be disposed with AEGP_FreeMemHandle"
Headers\AE_GeneralPlug.h,5691,AEGP_MemHandle					*utf_property_valuePH0);// <<	handle of A_UTF16Char (contains null terminated UTF16 string); must be disposed with AEGP_FreeMemHandle
Headers\AE_GeneralPlug.h,5701,} AEGP_RenderQueueMonitorSuite1;
Headers\AE_GeneralPlug.h,5710,"#define kPFEffectSequenceDataSuite				""PF Effect Sequence Data Suite"""
Headers\AE_GeneralPlug.h,5711,#define kPFEffectSequenceDataSuiteVersion1		1 /* frozen in 18.2 */
Headers\AE_GeneralPlug.h,5713,typedef struct PF_EffectSequenceDataSuite1 {
Headers\AE_GeneralPlug.h,5715,"SPAPI PF_Err	(*PF_GetConstSequenceData)(	PF_ProgPtr		effect_ref,"
Headers\AE_GeneralPlug.h,5716,PF_ConstHandle *sequence_data);	/* >> */
Headers\AE_GeneralPlug.h,5718,} PF_EffectSequenceDataSuite1;
Headers\AE_GeneralPlug.h,5722,#pragma warning(push)
Headers\AE_GeneralPlug.h,5723,#pragma warning(disable : 4103)
Headers\AE_GeneralPlug.h,5730,#pragma warning(pop)
Headers\AE_GeneralPlugOld.h,24,/* this file contains the old or deprecated versions of the suites */
Headers\AE_GeneralPlugOld.h,29,#pragma warning(push)
Headers\AE_GeneralPlugOld.h,30,#pragma warning(disable : 4103)
Headers\AE_GeneralPlugOld.h,37,#pragma warning(pop)
Headers\AE_GeneralPlugOld.h,54,** Used by artisans to render layers
Headers\AE_GeneralPlugOld.h,61,SPAPI A_Err	(*AEGP_GetCompToRender)(
Headers\AE_GeneralPlugOld.h,62,"PR_RenderContextH 		render_contextH,   	/* >> */"
Headers\AE_GeneralPlugOld.h,65,SPAPI A_Err	(*AEGP_GetNumLayersToRender)(
Headers\AE_GeneralPlugOld.h,66,"const	PR_RenderContextH	render_contextH,"
Headers\AE_GeneralPlugOld.h,67,A_long				*num_to_renderPL);
Headers\AE_GeneralPlugOld.h,70,SPAPI A_Err	(*AEGP_GetNthLayerContextToRender)(
Headers\AE_GeneralPlugOld.h,71,"const	PR_RenderContextH			render_contextH,	/* >> */"
Headers\AE_GeneralPlugOld.h,73,AEGP_RenderLayerContextH	*layer_contextPH);	/* << */
Headers\AE_GeneralPlugOld.h,76,"const	PR_RenderContextH			render_contextH,"
Headers\AE_GeneralPlugOld.h,77,"AEGP_RenderLayerContextH	layer_contextH,"
Headers\AE_GeneralPlugOld.h,80,SPAPI A_Err	(*AEGP_GetCompRenderTime)(
Headers\AE_GeneralPlugOld.h,81,"PR_RenderContextH	render_contextH,	/* >> */"
Headers\AE_GeneralPlugOld.h,86,"PR_RenderContextH			render_contextH,	/* <> */"
Headers\AE_GeneralPlugOld.h,90,SPAPI A_Err	(*AEGP_GetROI)(
Headers\AE_GeneralPlugOld.h,91,"PR_RenderContextH			render_contextH,	/* <> */"
Headers\AE_GeneralPlugOld.h,92,A_LegacyRect						*roiPR);			/* << */
Headers\AE_GeneralPlugOld.h,94,/// for rendering track mattes
Headers\AE_GeneralPlugOld.h,95,SPAPI A_Err	(*AEGP_RenderLayer)(
Headers\AE_GeneralPlugOld.h,96,"PR_RenderContextH			render_contextH,	/* <> */"
Headers\AE_GeneralPlugOld.h,98,"AEGP_RenderHints			render_hints,		/* >> */"
Headers\AE_GeneralPlugOld.h,99,PF_EffectWorld					*render_bufferP);	/* >> */
Headers\AE_GeneralPlugOld.h,101,// for rendering the texture map of a layer
Headers\AE_GeneralPlugOld.h,102,SPAPI A_Err	(*AEGP_RenderTexture)(
Headers\AE_GeneralPlugOld.h,103,"PR_RenderContextH			render_contextH,	/* <> */"
Headers\AE_GeneralPlugOld.h,104,"AEGP_RenderLayerContextH	layer_contextH,		/* >> */"
Headers\AE_GeneralPlugOld.h,105,"AEGP_RenderHints			render_hints,		/* >> */"
Headers\AE_GeneralPlugOld.h,113,"PR_RenderContextH			render_contextH,	/* <> */"
Headers\AE_GeneralPlugOld.h,114,"AEGP_RenderLayerContextH	layer_contextH,		/* >> */"
Headers\AE_GeneralPlugOld.h,117,SPAPI A_Err	(*AEGP_GetFieldRender)(
Headers\AE_GeneralPlugOld.h,118,"PR_RenderContextH 			render_contextH,   	/* >> */"
Headers\AE_GeneralPlugOld.h,121,// not thread safe on MacOS
Headers\AE_GeneralPlugOld.h,124,"PR_RenderContextH 				render_contextH,   	/* >> */"
Headers\AE_GeneralPlugOld.h,128,SPAPI A_Err	(*AEGP_GetRenderDownsampleFactor)(
Headers\AE_GeneralPlugOld.h,129,"PR_RenderContextH			render_contextH,	/* >> */"
Headers\AE_GeneralPlugOld.h,133,"PR_RenderContextH			render_contextH,	/* >> */"
Headers\AE_GeneralPlugOld.h,136,SPAPI A_Err (*AEGP_GetRenderLayerToWorldXform)(
Headers\AE_GeneralPlugOld.h,137,"PR_RenderContextH				render_contextH,	/* >> */"
Headers\AE_GeneralPlugOld.h,138,"AEGP_RenderLayerContextH		layer_contextH,		/* >> */"
Headers\AE_GeneralPlugOld.h,142,SPAPI A_Err (*AEGP_GetRenderLayerBounds)(
Headers\AE_GeneralPlugOld.h,143,"PR_RenderContextH				render_contextH,	/* >> */"
Headers\AE_GeneralPlugOld.h,144,"AEGP_RenderLayerContextH		layer_contextH,		/* >> */"
Headers\AE_GeneralPlugOld.h,146,A_LegacyRect							*boundsP);			/* << */
Headers\AE_GeneralPlugOld.h,148,SPAPI A_Err (*AEGP_GetRenderOpacity)(
Headers\AE_GeneralPlugOld.h,149,"PR_RenderContextH				render_contextH,	/* >> */"
Headers\AE_GeneralPlugOld.h,150,"AEGP_RenderLayerContextH		layer_contextH,		/* >> */"
Headers\AE_GeneralPlugOld.h,154,SPAPI A_Err (*AEGP_IsRenderLayerActive)(
Headers\AE_GeneralPlugOld.h,155,"PR_RenderContextH				render_contextH,	/* >> */"
Headers\AE_GeneralPlugOld.h,156,"AEGP_RenderLayerContextH		layer_contextH,		/* >> */"
Headers\AE_GeneralPlugOld.h,162,"PR_RenderContextH 				render_contextH,   	/* >> */"
Headers\AE_GeneralPlugOld.h,177,/*	NOTE: 	All AEGP_RQItemRefH are invalidated by ANY
Headers\AE_GeneralPlugOld.h,178,"re-ordering, addition or removal of render"
Headers\AE_GeneralPlugOld.h,179,items. DO NOT CACHE THEM.
Headers\AE_GeneralPlugOld.h,194,SPAPI A_Err (*AEGP_GetRenderState)(
Headers\AE_GeneralPlugOld.h,196,AEGP_RenderItemStatusType	*statusP);	/* << */
Headers\AE_GeneralPlugOld.h,200,Err_PARAMETER if you try to call while AEGP_RenderQueueState != AEGP_RenderQueueState_STOPPED
Headers\AE_GeneralPlugOld.h,206,SPAPI A_Err (*AEGP_SetRenderState)(
Headers\AE_GeneralPlugOld.h,208,AEGP_RenderItemStatusType	status);	/* >> */
Headers\AE_GeneralPlugOld.h,216,"A_Time				*render_timePT);	/* << 	Returns {0,1} if not rendered. */"
Headers\AE_GeneralPlugOld.h,254,/*	NOTE: 	All AEGP_RQItemRefH are invalidated by ANY
Headers\AE_GeneralPlugOld.h,255,"re-ordering, addition or removal of render"
Headers\AE_GeneralPlugOld.h,256,items. DO NOT CACHE THEM.
Headers\AE_GeneralPlugOld.h,271,SPAPI A_Err (*AEGP_GetRenderState)(
Headers\AE_GeneralPlugOld.h,273,AEGP_RenderItemStatusType	*statusP);	/* << */
Headers\AE_GeneralPlugOld.h,277,Err_PARAMETER if you try to call while AEGP_RenderQueueState != AEGP_RenderQueueState_STOPPED
Headers\AE_GeneralPlugOld.h,283,SPAPI A_Err (*AEGP_SetRenderState)(
Headers\AE_GeneralPlugOld.h,285,AEGP_RenderItemStatusType	status);	/* >> */
Headers\AE_GeneralPlugOld.h,293,"A_Time				*render_timePT);	/* << 	Returns {0,1} if not rendered. */"
Headers\AE_GeneralPlugOld.h,328,/*	NOTE: 	All AEGP_RQItemRefH are invalidated by ANY
Headers\AE_GeneralPlugOld.h,329,"re-ordering, addition or removal of render"
Headers\AE_GeneralPlugOld.h,330,items. DO NOT CACHE THEM.
Headers\AE_GeneralPlugOld.h,345,SPAPI A_Err (*AEGP_GetRenderState)(
Headers\AE_GeneralPlugOld.h,347,AEGP_RenderItemStatusType	*statusP);	/* << */
Headers\AE_GeneralPlugOld.h,349,SPAPI A_Err (*AEGP_SetRenderState)(							/* Will return error if called while (AEGP_RenderQueueState != AEGP_RenderQueueState_STOPPED). */
Headers\AE_GeneralPlugOld.h,351,AEGP_RenderItemStatusType	status);	/* >> */
Headers\AE_GeneralPlugOld.h,359,"A_Time				*render_timePT);	/* << 	Returns {0,0} if not rendered. */"
Headers\AE_GeneralPlugOld.h,389,SPAPI A_Err	(*AEGP_GetCompToRender)(
Headers\AE_GeneralPlugOld.h,390,"PR_RenderContextH 		render_contextH,   	/* >> */"
Headers\AE_GeneralPlugOld.h,393,SPAPI A_Err	(*AEGP_GetNumLayersToRender)(
Headers\AE_GeneralPlugOld.h,394,"const	PR_RenderContextH	render_contextH,"
Headers\AE_GeneralPlugOld.h,395,A_long				*num_to_renderPL);
Headers\AE_GeneralPlugOld.h,398,SPAPI A_Err	(*AEGP_GetNthLayerContextToRender)(
Headers\AE_GeneralPlugOld.h,399,"const	PR_RenderContextH			render_contextH,	/* >> */"
Headers\AE_GeneralPlugOld.h,401,AEGP_RenderLayerContextH	*layer_contextPH);	/* << */
Headers\AE_GeneralPlugOld.h,404,"const	PR_RenderContextH			render_contextH,"
Headers\AE_GeneralPlugOld.h,405,"AEGP_RenderLayerContextH	layer_contextH,"
Headers\AE_GeneralPlugOld.h,415,"const	PR_RenderContextH			render_contextH,"
Headers\AE_GeneralPlugOld.h,416,"AEGP_RenderLayerContextH	layer_contextH,"
Headers\AE_GeneralPlugOld.h,419,SPAPI A_Err	(*AEGP_GetCompRenderTime)(
Headers\AE_GeneralPlugOld.h,420,"PR_RenderContextH	render_contextH,	/* >> */"
Headers\AE_GeneralPlugOld.h,425,"PR_RenderContextH			render_contextH,	/* <> */"
Headers\AE_GeneralPlugOld.h,429,SPAPI A_Err	(*AEGP_GetROI)(
Headers\AE_GeneralPlugOld.h,430,"PR_RenderContextH			render_contextH,	/* <> */"
Headers\AE_GeneralPlugOld.h,431,A_LegacyRect						*roiPR);			/* << */
Headers\AE_GeneralPlugOld.h,433,/// for rendering track mattes
Headers\AE_GeneralPlugOld.h,434,SPAPI A_Err	(*AEGP_RenderLayer)(
Headers\AE_GeneralPlugOld.h,435,"PR_RenderContextH			render_contextH,	/* <> */"
Headers\AE_GeneralPlugOld.h,437,"AEGP_RenderHints			render_hints,		/* >> */"
Headers\AE_GeneralPlugOld.h,438,PF_EffectWorld					*render_bufferP);	/* >> */
Headers\AE_GeneralPlugOld.h,440,// for rendering the texture map of a layer
Headers\AE_GeneralPlugOld.h,441,SPAPI A_Err	(*AEGP_RenderTexture)(
Headers\AE_GeneralPlugOld.h,442,"PR_RenderContextH			render_contextH,	/* <> */"
Headers\AE_GeneralPlugOld.h,443,"AEGP_RenderLayerContextH	layer_contextH,		/* >> */"
Headers\AE_GeneralPlugOld.h,444,"AEGP_RenderHints			render_hints,		/* >> */"
Headers\AE_GeneralPlugOld.h,452,"PR_RenderContextH			render_contextH,	/* <> */"
Headers\AE_GeneralPlugOld.h,453,"AEGP_RenderLayerContextH	layer_contextH,		/* >> */"
Headers\AE_GeneralPlugOld.h,456,SPAPI A_Err	(*AEGP_GetFieldRender)(
Headers\AE_GeneralPlugOld.h,457,"PR_RenderContextH 			render_contextH,   	/* >> */"
Headers\AE_GeneralPlugOld.h,460,// not thread safe on MacOS
Headers\AE_GeneralPlugOld.h,463,"PR_RenderContextH 				render_contextH,   	/* >> */"
Headers\AE_GeneralPlugOld.h,467,SPAPI A_Err	(*AEGP_GetRenderDownsampleFactor)(
Headers\AE_GeneralPlugOld.h,468,"PR_RenderContextH			render_contextH,	/* >> */"
Headers\AE_GeneralPlugOld.h,472,"PR_RenderContextH			render_contextH,	/* >> */"
Headers\AE_GeneralPlugOld.h,475,SPAPI A_Err (*AEGP_GetRenderLayerToWorldXform)(
Headers\AE_GeneralPlugOld.h,476,"PR_RenderContextH				render_contextH,	/* >> */"
Headers\AE_GeneralPlugOld.h,477,"AEGP_RenderLayerContextH		layer_contextH,		/* >> */"
Headers\AE_GeneralPlugOld.h,481,SPAPI A_Err (*AEGP_GetRenderLayerBounds)(
Headers\AE_GeneralPlugOld.h,482,"PR_RenderContextH				render_contextH,	/* >> */"
Headers\AE_GeneralPlugOld.h,483,"AEGP_RenderLayerContextH		layer_contextH,		/* >> */"
Headers\AE_GeneralPlugOld.h,485,A_LegacyRect							*boundsP);			/* << */
Headers\AE_GeneralPlugOld.h,487,SPAPI A_Err (*AEGP_GetRenderOpacity)(
Headers\AE_GeneralPlugOld.h,488,"PR_RenderContextH				render_contextH,	/* >> */"
Headers\AE_GeneralPlugOld.h,489,"AEGP_RenderLayerContextH		layer_contextH,		/* >> */"
Headers\AE_GeneralPlugOld.h,493,SPAPI A_Err (*AEGP_IsRenderLayerActive)(
Headers\AE_GeneralPlugOld.h,494,"PR_RenderContextH				render_contextH,	/* >> */"
Headers\AE_GeneralPlugOld.h,495,"AEGP_RenderLayerContextH		layer_contextH,		/* >> */"
Headers\AE_GeneralPlugOld.h,501,"PR_RenderContextH 				render_contextH,   	/* >> */"
Headers\AE_GeneralPlugOld.h,505,SPAPI A_Err	(*AEGP_RenderLayerPlus)(
Headers\AE_GeneralPlugOld.h,506,"PR_RenderContextH			render_contextH,	/* <> */"
Headers\AE_GeneralPlugOld.h,508,"AEGP_RenderLayerContextH 	layer_contextH,		/* >> */"
Headers\AE_GeneralPlugOld.h,509,"AEGP_RenderHints			render_hints,		/* >> */"
Headers\AE_GeneralPlugOld.h,510,PF_EffectWorld					*render_bufferP);	/* << */
Headers\AE_GeneralPlugOld.h,514,"PR_RenderContextH			render_contextH,	/* <> */"
Headers\AE_GeneralPlugOld.h,515,"AEGP_RenderLayerContextH 	fill_contextH,		/* << */"
Headers\AE_GeneralPlugOld.h,516,AEGP_RenderLayerContextH	*matte_contextPH);	/* >> */
Headers\AE_GeneralPlugOld.h,526,SPAPI A_Err	(*AEGP_GetCompToRender)(
Headers\AE_GeneralPlugOld.h,527,"PR_RenderContextH 		render_contextH,   	/* >> */"
Headers\AE_GeneralPlugOld.h,530,SPAPI A_Err	(*AEGP_GetNumLayersToRender)(
Headers\AE_GeneralPlugOld.h,531,"const	PR_RenderContextH	render_contextH,		/* >> */"
Headers\AE_GeneralPlugOld.h,532,A_long				*num_to_renderPL);		/* << */
Headers\AE_GeneralPlugOld.h,535,SPAPI A_Err	(*AEGP_GetNthLayerContextToRender)(
Headers\AE_GeneralPlugOld.h,536,"const	PR_RenderContextH			render_contextH,	/* >> */"
Headers\AE_GeneralPlugOld.h,538,AEGP_RenderLayerContextH	*layer_contextPH);	/* << */
Headers\AE_GeneralPlugOld.h,541,"const	PR_RenderContextH			render_contextH,	/* >> */"
Headers\AE_GeneralPlugOld.h,542,"AEGP_RenderLayerContextH	layer_contextH,		/* >> */"
Headers\AE_GeneralPlugOld.h,552,"const	PR_RenderContextH			render_contextH,"
Headers\AE_GeneralPlugOld.h,553,"AEGP_RenderLayerContextH	layer_contextH,"
Headers\AE_GeneralPlugOld.h,556,SPAPI A_Err	(*AEGP_GetCompRenderTime)(
Headers\AE_GeneralPlugOld.h,557,"PR_RenderContextH	render_contextH,	/* >> */"
Headers\AE_GeneralPlugOld.h,562,"PR_RenderContextH			render_contextH,	/* <> */"
Headers\AE_GeneralPlugOld.h,566,SPAPI A_Err	(*AEGP_GetROI)(
Headers\AE_GeneralPlugOld.h,567,"PR_RenderContextH			render_contextH,	/* <> */"
Headers\AE_GeneralPlugOld.h,568,A_LegacyRect						*roiPR);			/* << */
Headers\AE_GeneralPlugOld.h,570,// for rendering the texture map of a layer
Headers\AE_GeneralPlugOld.h,571,SPAPI A_Err	(*AEGP_RenderTexture)(
Headers\AE_GeneralPlugOld.h,572,"PR_RenderContextH			render_contextH,		/* <> */"
Headers\AE_GeneralPlugOld.h,573,"AEGP_RenderLayerContextH	layer_contextH,			/* >> */"
Headers\AE_GeneralPlugOld.h,574,"AEGP_RenderHints			render_hints,			/* >> */"
Headers\AE_GeneralPlugOld.h,582,"PR_RenderContextH			render_contextH,	/* <> */"
Headers\AE_GeneralPlugOld.h,583,"AEGP_RenderLayerContextH	layer_contextH,		/* >> */"
Headers\AE_GeneralPlugOld.h,586,SPAPI A_Err	(*AEGP_GetFieldRender)(
Headers\AE_GeneralPlugOld.h,587,"PR_RenderContextH 			render_contextH,   	/* >> */"
Headers\AE_GeneralPlugOld.h,590,// not thread safe on MacOS
Headers\AE_GeneralPlugOld.h,593,"PR_RenderContextH 				render_contextH,   	/* >> */"
Headers\AE_GeneralPlugOld.h,597,SPAPI A_Err	(*AEGP_GetRenderDownsampleFactor)(
Headers\AE_GeneralPlugOld.h,598,"PR_RenderContextH			render_contextH,	/* >> */"
Headers\AE_GeneralPlugOld.h,601,SPAPI A_Err	(*AEGP_SetRenderDownsampleFactor)(
Headers\AE_GeneralPlugOld.h,602,"PR_RenderContextH			render_contextH,	/* >> */"
Headers\AE_GeneralPlugOld.h,606,"PR_RenderContextH			render_contextH,	/* >> */"
Headers\AE_GeneralPlugOld.h,609,SPAPI A_Err (*AEGP_GetRenderLayerToWorldXform)(
Headers\AE_GeneralPlugOld.h,610,"PR_RenderContextH				render_contextH,	/* >> */"
Headers\AE_GeneralPlugOld.h,611,"AEGP_RenderLayerContextH		layer_contextH,		/* >> */"
Headers\AE_GeneralPlugOld.h,615,SPAPI A_Err (*AEGP_GetRenderLayerBounds)(
Headers\AE_GeneralPlugOld.h,616,"PR_RenderContextH				render_contextH,	/* >> */"
Headers\AE_GeneralPlugOld.h,617,"AEGP_RenderLayerContextH		layer_contextH,		/* >> */"
Headers\AE_GeneralPlugOld.h,619,A_LegacyRect							*boundsP);			/* << */
Headers\AE_GeneralPlugOld.h,621,SPAPI A_Err (*AEGP_GetRenderOpacity)(
Headers\AE_GeneralPlugOld.h,622,"PR_RenderContextH				render_contextH,	/* >> */"
Headers\AE_GeneralPlugOld.h,623,"AEGP_RenderLayerContextH		layer_contextH,		/* >> */"
Headers\AE_GeneralPlugOld.h,627,SPAPI A_Err (*AEGP_IsRenderLayerActive)(
Headers\AE_GeneralPlugOld.h,628,"PR_RenderContextH				render_contextH,	/* >> */"
Headers\AE_GeneralPlugOld.h,629,"AEGP_RenderLayerContextH		layer_contextH,		/* >> */"
Headers\AE_GeneralPlugOld.h,635,"PR_RenderContextH 				render_contextH,   	/* >> */"
Headers\AE_GeneralPlugOld.h,640,"// Returns a comp-size buffer, which must be disposed thru AEGP_Dispose in World suite"
Headers\AE_GeneralPlugOld.h,641,SPAPI A_Err	(*AEGP_RenderLayerPlus)(
Headers\AE_GeneralPlugOld.h,642,"PR_RenderContextH			render_contextH,	/* <> */"
Headers\AE_GeneralPlugOld.h,644,"AEGP_RenderLayerContextH 	layer_contextH,		/* >> */"
Headers\AE_GeneralPlugOld.h,645,"AEGP_RenderHints			render_hints,		/* >> */"
Headers\AE_GeneralPlugOld.h,646,AEGP_WorldH					*render_bufferPH);	/* <<  must be disposed with AEGP_DisposeWorld */
Headers\AE_GeneralPlugOld.h,650,"PR_RenderContextH			render_contextH,	/* <> */"
Headers\AE_GeneralPlugOld.h,651,"AEGP_RenderLayerContextH 	fill_contextH,		/* << */"
Headers\AE_GeneralPlugOld.h,652,AEGP_RenderLayerContextH	*matte_contextPH);	/* >> */
Headers\AE_GeneralPlugOld.h,654,// new for 6.0 --get receipt with the returned texture
Headers\AE_GeneralPlugOld.h,655,// use receipt to determine if a subsequent call to render
Headers\AE_GeneralPlugOld.h,656,// this layer can be skipped (because the artisan cached it)
Headers\AE_GeneralPlugOld.h,657,SPAPI A_Err	(*AEGP_RenderTextureWithReceipt)(
Headers\AE_GeneralPlugOld.h,658,"PR_RenderContextH			render_contextH,		/* <> */"
Headers\AE_GeneralPlugOld.h,659,"AEGP_RenderLayerContextH	layer_contextH,			/* >> */"
Headers\AE_GeneralPlugOld.h,660,"AEGP_RenderHints			render_hints,			/* >> */"
Headers\AE_GeneralPlugOld.h,664,"AEGP_RenderReceiptH			*render_receiptPH, 	 	/* << must be disposed with AEGP_DisposeRenderReceipt */"
Headers\AE_GeneralPlugOld.h,667,SPAPI A_Err	(*AEGP_RenderLayerPlusWithReceipt)(
Headers\AE_GeneralPlugOld.h,668,"PR_RenderContextH			render_contextH,	/* <> */"
Headers\AE_GeneralPlugOld.h,670,"AEGP_RenderLayerContextH 	layer_contextH,		/* >> */"
Headers\AE_GeneralPlugOld.h,671,"AEGP_RenderHints			render_hints,		/* >> */"
Headers\AE_GeneralPlugOld.h,672,"AEGP_RenderReceiptH			*render_receiptPH,  /* << must be disposed with AEGP_DisposeRenderReceipt */"
Headers\AE_GeneralPlugOld.h,673,AEGP_WorldH					*render_bufferPH);	/* << */
Headers\AE_GeneralPlugOld.h,675,SPAPI A_Err	(*AEGP_DisposeRenderReceipt)(
Headers\AE_GeneralPlugOld.h,676,AEGP_RenderReceiptH			render_receiptH);	/* >> */
Headers\AE_GeneralPlugOld.h,679,SPAPI A_Err	(*AEGP_CheckRenderReceipt)(
Headers\AE_GeneralPlugOld.h,680,"PR_RenderContextH			current_render_contextH,	/* >> */"
Headers\AE_GeneralPlugOld.h,681,"AEGP_RenderLayerContextH	current_layer_contextH,		/* >> */"
Headers\AE_GeneralPlugOld.h,682,"AEGP_RenderReceiptH			old_render_receiptH,		/* >> */"
Headers\AE_GeneralPlugOld.h,684,AEGP_RenderReceiptStatus	*receipt_statusP);			/* << */
Headers\AE_GeneralPlugOld.h,687,SPAPI A_Err	(*AEGP_GetNumBinsToRender)(
Headers\AE_GeneralPlugOld.h,688,"const	PR_RenderContextH	render_contextH,			/* >> */"
Headers\AE_GeneralPlugOld.h,689,A_long				*num_bins_to_renderPL);		/* << */
Headers\AE_GeneralPlugOld.h,693,"const	PR_RenderContextH			render_contextH,	/* >> */"
Headers\AE_GeneralPlugOld.h,697,"const	PR_RenderContextH			render_contextH,	/* >> */"
Headers\AE_GeneralPlugOld.h,700,SPAPI A_Err (*AEGP_GetRenderLayerToWorldXform2D3D)(
Headers\AE_GeneralPlugOld.h,701,"PR_RenderContextH				render_contextH,	/* >> */"
Headers\AE_GeneralPlugOld.h,702,"AEGP_RenderLayerContextH		layer_contextH,		/* >> */"
Headers\AE_GeneralPlugOld.h,711,"const PR_RenderContextH				render_contextH,	/* >> */"
Headers\AE_GeneralPlugOld.h,717,"const PR_RenderContextH				render_contextH,	/* >> */"
Headers\AE_GeneralPlugOld.h,724,"const PR_RenderContextH				render_contextH,	/* >> */"
Headers\AE_GeneralPlugOld.h,730,"const PR_RenderContextH				render_contextH,	/* >> */"
Headers\AE_GeneralPlugOld.h,731,A_LegacyRect								*viewport_rectPR);	/* << */
Headers\AE_GeneralPlugOld.h,735,"const PR_RenderContextH				render_contextH,	/* >> */"
Headers\AE_GeneralPlugOld.h,739,"const PR_RenderContextH				render_contextH,	/* >> */"
Headers\AE_GeneralPlugOld.h,743,"const PR_RenderContextH				render_contextH,	/* in */"
Headers\AE_GeneralPlugOld.h,747,"const PR_RenderContextH				render_contextH,			/* in */"
Headers\AE_GeneralPlugOld.h,752,"const PR_RenderContextH				render_contextH,			/* in */"
Headers\AE_GeneralPlugOld.h,756,SPAPI A_Err (*AEGP_GetInteractiveCachedBuffer)(
Headers\AE_GeneralPlugOld.h,757,"const PR_RenderContextH				render_contextH,	/* >> */"
Headers\AE_GeneralPlugOld.h,761,// should we call AEGP_RenderLayer or AEGP_RenderTexture
Headers\AE_GeneralPlugOld.h,762,SPAPI A_Err (*AEGP_ArtisanMustRenderAsLayer)(
Headers\AE_GeneralPlugOld.h,763,"const PR_RenderContextH				render_contextH,	/* >> */"
Headers\AE_GeneralPlugOld.h,764,"AEGP_RenderLayerContextH			layer_contextH,"
Headers\AE_GeneralPlugOld.h,765,A_Boolean							*use_render_texturePB);
Headers\AE_GeneralPlugOld.h,775,SPAPI A_Err	(*AEGP_GetCompToRender)(
Headers\AE_GeneralPlugOld.h,776,"PR_RenderContextH 		render_contextH,   	/* >> */"
Headers\AE_GeneralPlugOld.h,779,SPAPI A_Err	(*AEGP_GetNumLayersToRender)(
Headers\AE_GeneralPlugOld.h,780,"const	PR_RenderContextH	render_contextH,		/* >> */"
Headers\AE_GeneralPlugOld.h,781,A_long				*num_to_renderPL);		/* << */
Headers\AE_GeneralPlugOld.h,784,SPAPI A_Err	(*AEGP_GetNthLayerContextToRender)(
Headers\AE_GeneralPlugOld.h,785,"const	PR_RenderContextH			render_contextH,	/* >> */"
Headers\AE_GeneralPlugOld.h,787,AEGP_RenderLayerContextH	*layer_contextPH);	/* << */
Headers\AE_GeneralPlugOld.h,790,"const	PR_RenderContextH			render_contextH,	/* >> */"
Headers\AE_GeneralPlugOld.h,791,"AEGP_RenderLayerContextH	layer_contextH,		/* >> */"
Headers\AE_GeneralPlugOld.h,801,"const	PR_RenderContextH			render_contextH,"
Headers\AE_GeneralPlugOld.h,802,"AEGP_RenderLayerContextH	layer_contextH,"
Headers\AE_GeneralPlugOld.h,805,SPAPI A_Err	(*AEGP_GetCompRenderTime)(
Headers\AE_GeneralPlugOld.h,806,"PR_RenderContextH	render_contextH,	/* >> */"
Headers\AE_GeneralPlugOld.h,811,"PR_RenderContextH			render_contextH,	/* <> */"
Headers\AE_GeneralPlugOld.h,815,SPAPI A_Err	(*AEGP_GetROI)(
Headers\AE_GeneralPlugOld.h,816,"PR_RenderContextH			render_contextH,	/* <> */"
Headers\AE_GeneralPlugOld.h,817,A_LegacyRect						*roiPR);			/* << */
Headers\AE_GeneralPlugOld.h,819,// for rendering the texture map of a layer
Headers\AE_GeneralPlugOld.h,820,SPAPI A_Err	(*AEGP_RenderTexture)(
Headers\AE_GeneralPlugOld.h,821,"PR_RenderContextH			render_contextH,		/* <> */"
Headers\AE_GeneralPlugOld.h,822,"AEGP_RenderLayerContextH	layer_contextH,			/* >> */"
Headers\AE_GeneralPlugOld.h,823,"AEGP_RenderHints			render_hints,			/* >> */"
Headers\AE_GeneralPlugOld.h,831,"PR_RenderContextH			render_contextH,	/* <> */"
Headers\AE_GeneralPlugOld.h,832,"AEGP_RenderLayerContextH	layer_contextH,		/* >> */"
Headers\AE_GeneralPlugOld.h,835,SPAPI A_Err	(*AEGP_GetFieldRender)(
Headers\AE_GeneralPlugOld.h,836,"PR_RenderContextH 			render_contextH,   	/* >> */"
Headers\AE_GeneralPlugOld.h,839,// not thread safe on MacOS
Headers\AE_GeneralPlugOld.h,842,"PR_RenderContextH 				render_contextH,   	/* >> */"
Headers\AE_GeneralPlugOld.h,846,SPAPI A_Err	(*AEGP_GetRenderDownsampleFactor)(
Headers\AE_GeneralPlugOld.h,847,"PR_RenderContextH			render_contextH,	/* >> */"
Headers\AE_GeneralPlugOld.h,850,SPAPI A_Err	(*AEGP_SetRenderDownsampleFactor)(
Headers\AE_GeneralPlugOld.h,851,"PR_RenderContextH			render_contextH,	/* >> */"
Headers\AE_GeneralPlugOld.h,855,"PR_RenderContextH			render_contextH,	/* >> */"
Headers\AE_GeneralPlugOld.h,858,SPAPI A_Err (*AEGP_GetRenderLayerToWorldXform)(
Headers\AE_GeneralPlugOld.h,859,"PR_RenderContextH				render_contextH,	/* >> */"
Headers\AE_GeneralPlugOld.h,860,"AEGP_RenderLayerContextH		layer_contextH,		/* >> */"
Headers\AE_GeneralPlugOld.h,864,SPAPI A_Err (*AEGP_GetRenderLayerBounds)(
Headers\AE_GeneralPlugOld.h,865,"PR_RenderContextH				render_contextH,	/* >> */"
Headers\AE_GeneralPlugOld.h,866,"AEGP_RenderLayerContextH		layer_contextH,		/* >> */"
Headers\AE_GeneralPlugOld.h,868,A_LegacyRect							*boundsP);			/* << */
Headers\AE_GeneralPlugOld.h,870,SPAPI A_Err (*AEGP_GetRenderOpacity)(
Headers\AE_GeneralPlugOld.h,871,"PR_RenderContextH				render_contextH,	/* >> */"
Headers\AE_GeneralPlugOld.h,872,"AEGP_RenderLayerContextH		layer_contextH,		/* >> */"
Headers\AE_GeneralPlugOld.h,876,SPAPI A_Err (*AEGP_IsRenderLayerActive)(
Headers\AE_GeneralPlugOld.h,877,"PR_RenderContextH				render_contextH,	/* >> */"
Headers\AE_GeneralPlugOld.h,878,"AEGP_RenderLayerContextH		layer_contextH,		/* >> */"
Headers\AE_GeneralPlugOld.h,884,"PR_RenderContextH 				render_contextH,   	/* >> */"
Headers\AE_GeneralPlugOld.h,889,"// Returns a comp-size buffer, which must be disposed thru AEGP_Dispose in World suite"
Headers\AE_GeneralPlugOld.h,890,SPAPI A_Err	(*AEGP_RenderLayerPlus)(
Headers\AE_GeneralPlugOld.h,891,"PR_RenderContextH			render_contextH,	/* <> */"
Headers\AE_GeneralPlugOld.h,893,"AEGP_RenderLayerContextH 	layer_contextH,		/* >> */"
Headers\AE_GeneralPlugOld.h,894,"AEGP_RenderHints			render_hints,		/* >> */"
Headers\AE_GeneralPlugOld.h,895,AEGP_WorldH					*render_bufferPH);	/* <<  must be disposed with AEGP_DisposeWorld */
Headers\AE_GeneralPlugOld.h,899,"PR_RenderContextH			render_contextH,	/* <> */"
Headers\AE_GeneralPlugOld.h,900,"AEGP_RenderLayerContextH 	fill_contextH,		/* << */"
Headers\AE_GeneralPlugOld.h,901,AEGP_RenderLayerContextH	*matte_contextPH);	/* >> */
Headers\AE_GeneralPlugOld.h,903,// new for 6.0 --get receipt with the returned texture
Headers\AE_GeneralPlugOld.h,904,// use receipt to determine if a subsequent call to render
Headers\AE_GeneralPlugOld.h,905,// this layer can be skipped (because the artisan cached it)
Headers\AE_GeneralPlugOld.h,906,SPAPI A_Err	(*AEGP_RenderTextureWithReceipt)(
Headers\AE_GeneralPlugOld.h,907,"PR_RenderContextH			render_contextH,		/* <> */"
Headers\AE_GeneralPlugOld.h,908,"AEGP_RenderLayerContextH	layer_contextH,			/* >> */"
Headers\AE_GeneralPlugOld.h,909,"AEGP_RenderHints			render_hints,			/* >> */"
Headers\AE_GeneralPlugOld.h,913,"AEGP_RenderReceiptH			*render_receiptPH, 	 	/* << must be disposed with AEGP_DisposeRenderReceipt */"
Headers\AE_GeneralPlugOld.h,916,SPAPI A_Err	(*AEGP_RenderLayerPlusWithReceipt)(
Headers\AE_GeneralPlugOld.h,917,"PR_RenderContextH			render_contextH,	/* <> */"
Headers\AE_GeneralPlugOld.h,919,"AEGP_RenderLayerContextH 	layer_contextH,		/* >> */"
Headers\AE_GeneralPlugOld.h,920,"AEGP_RenderHints			render_hints,		/* >> */"
Headers\AE_GeneralPlugOld.h,921,"AEGP_RenderReceiptH			*render_receiptPH,  /* << must be disposed with AEGP_DisposeRenderReceipt */"
Headers\AE_GeneralPlugOld.h,922,AEGP_WorldH					*render_bufferPH);	/* << */
Headers\AE_GeneralPlugOld.h,924,SPAPI A_Err	(*AEGP_DisposeRenderReceipt)(
Headers\AE_GeneralPlugOld.h,925,AEGP_RenderReceiptH			render_receiptH);	/* >> */
Headers\AE_GeneralPlugOld.h,928,SPAPI A_Err	(*AEGP_CheckRenderReceipt)(
Headers\AE_GeneralPlugOld.h,929,"PR_RenderContextH			current_render_contextH,	/* >> */"
Headers\AE_GeneralPlugOld.h,930,"AEGP_RenderLayerContextH	current_layer_contextH,		/* >> */"
Headers\AE_GeneralPlugOld.h,931,"AEGP_RenderReceiptH			old_render_receiptH,		/* >> */"
Headers\AE_GeneralPlugOld.h,933,AEGP_RenderReceiptStatus	*receipt_statusP);			/* << */
Headers\AE_GeneralPlugOld.h,936,SPAPI A_Err	(*AEGP_GetNumBinsToRender)(
Headers\AE_GeneralPlugOld.h,937,"const	PR_RenderContextH	render_contextH,			/* >> */"
Headers\AE_GeneralPlugOld.h,938,A_long				*num_bins_to_renderPL);		/* << */
Headers\AE_GeneralPlugOld.h,942,"const	PR_RenderContextH			render_contextH,	/* >> */"
Headers\AE_GeneralPlugOld.h,946,"const	PR_RenderContextH			render_contextH,	/* >> */"
Headers\AE_GeneralPlugOld.h,949,SPAPI A_Err (*AEGP_GetRenderLayerToWorldXform2D3D)(
Headers\AE_GeneralPlugOld.h,950,"PR_RenderContextH				render_contextH,	/* >> */"
Headers\AE_GeneralPlugOld.h,951,"AEGP_RenderLayerContextH		layer_contextH,		/* >> */"
Headers\AE_GeneralPlugOld.h,960,"const PR_RenderContextH				render_contextH,	/* >> */"
Headers\AE_GeneralPlugOld.h,966,"const PR_RenderContextH				render_contextH,	/* >> */"
Headers\AE_GeneralPlugOld.h,973,"const PR_RenderContextH				render_contextH,	/* >> */"
Headers\AE_GeneralPlugOld.h,979,"const PR_RenderContextH				render_contextH,	/* >> */"
Headers\AE_GeneralPlugOld.h,980,A_LegacyRect								*viewport_rectPR);	/* << */
Headers\AE_GeneralPlugOld.h,984,"const PR_RenderContextH				render_contextH,	/* >> */"
Headers\AE_GeneralPlugOld.h,988,"const PR_RenderContextH				render_contextH,	/* >> */"
Headers\AE_GeneralPlugOld.h,992,"const PR_RenderContextH				render_contextH,	/* in */"
Headers\AE_GeneralPlugOld.h,996,"const PR_RenderContextH				render_contextH,			/* in */"
Headers\AE_GeneralPlugOld.h,1001,"const PR_RenderContextH				render_contextH,			/* in */"
Headers\AE_GeneralPlugOld.h,1005,SPAPI A_Err (*AEGP_GetInteractiveCachedBuffer)(
Headers\AE_GeneralPlugOld.h,1006,"const PR_RenderContextH				render_contextH,	/* >> */"
Headers\AE_GeneralPlugOld.h,1010,// should we call AEGP_RenderLayer or AEGP_RenderTexture
Headers\AE_GeneralPlugOld.h,1011,SPAPI A_Err (*AEGP_ArtisanMustRenderAsLayer)(
Headers\AE_GeneralPlugOld.h,1012,"const PR_RenderContextH				render_contextH,	/* >> */"
Headers\AE_GeneralPlugOld.h,1013,"AEGP_RenderLayerContextH			layer_contextH,"
Headers\AE_GeneralPlugOld.h,1014,A_Boolean							*use_render_texturePB);
Headers\AE_GeneralPlugOld.h,1018,"const PR_RenderContextH				render_contextH,	/* >> */"
Headers\AE_GeneralPlugOld.h,1028,SPAPI A_Err	(*AEGP_GetCompToRender)(
Headers\AE_GeneralPlugOld.h,1029,"PR_RenderContextH 		render_contextH,   	/* >> */"
Headers\AE_GeneralPlugOld.h,1032,SPAPI A_Err	(*AEGP_GetNumLayersToRender)(
Headers\AE_GeneralPlugOld.h,1033,"const	PR_RenderContextH	render_contextH,		/* >> */"
Headers\AE_GeneralPlugOld.h,1034,A_long				*num_to_renderPL);		/* << */
Headers\AE_GeneralPlugOld.h,1037,SPAPI A_Err	(*AEGP_GetNthLayerContextToRender)(
Headers\AE_GeneralPlugOld.h,1038,"const	PR_RenderContextH			render_contextH,	/* >> */"
Headers\AE_GeneralPlugOld.h,1040,AEGP_RenderLayerContextH	*layer_contextPH);	/* << */
Headers\AE_GeneralPlugOld.h,1043,"const	PR_RenderContextH			render_contextH,	/* >> */"
Headers\AE_GeneralPlugOld.h,1044,"AEGP_RenderLayerContextH	layer_contextH,		/* >> */"
Headers\AE_GeneralPlugOld.h,1054,"const	PR_RenderContextH			render_contextH,"
Headers\AE_GeneralPlugOld.h,1055,"AEGP_RenderLayerContextH	layer_contextH,"
Headers\AE_GeneralPlugOld.h,1058,SPAPI A_Err	(*AEGP_GetCompRenderTime)(
Headers\AE_GeneralPlugOld.h,1059,"PR_RenderContextH	render_contextH,	/* >> */"
Headers\AE_GeneralPlugOld.h,1064,"PR_RenderContextH			render_contextH,	/* <> */"
Headers\AE_GeneralPlugOld.h,1068,SPAPI A_Err	(*AEGP_GetROI)(
Headers\AE_GeneralPlugOld.h,1069,"PR_RenderContextH			render_contextH,	/* <> */"
Headers\AE_GeneralPlugOld.h,1070,A_LegacyRect						*roiPR);			/* << */
Headers\AE_GeneralPlugOld.h,1072,// for rendering the texture map of a layer
Headers\AE_GeneralPlugOld.h,1073,SPAPI A_Err	(*AEGP_RenderTexture)(
Headers\AE_GeneralPlugOld.h,1074,"PR_RenderContextH			render_contextH,		/* <> */"
Headers\AE_GeneralPlugOld.h,1075,"AEGP_RenderLayerContextH	layer_contextH,			/* >> */"
Headers\AE_GeneralPlugOld.h,1076,"AEGP_RenderHints			render_hints,			/* >> */"
Headers\AE_GeneralPlugOld.h,1084,"PR_RenderContextH			render_contextH,	/* <> */"
Headers\AE_GeneralPlugOld.h,1085,"AEGP_RenderLayerContextH	layer_contextH,		/* >> */"
Headers\AE_GeneralPlugOld.h,1088,SPAPI A_Err	(*AEGP_GetFieldRender)(
Headers\AE_GeneralPlugOld.h,1089,"PR_RenderContextH 			render_contextH,   	/* >> */"
Headers\AE_GeneralPlugOld.h,1092,// not thread safe on MacOS
Headers\AE_GeneralPlugOld.h,1095,"PR_RenderContextH 				render_contextH,   	/* >> */"
Headers\AE_GeneralPlugOld.h,1099,SPAPI A_Err	(*AEGP_GetRenderDownsampleFactor)(
Headers\AE_GeneralPlugOld.h,1100,"PR_RenderContextH			render_contextH,	/* >> */"
Headers\AE_GeneralPlugOld.h,1103,SPAPI A_Err	(*AEGP_SetRenderDownsampleFactor)(
Headers\AE_GeneralPlugOld.h,1104,"PR_RenderContextH			render_contextH,	/* >> */"
Headers\AE_GeneralPlugOld.h,1108,"PR_RenderContextH			render_contextH,	/* >> */"
Headers\AE_GeneralPlugOld.h,1111,SPAPI A_Err (*AEGP_GetRenderLayerToWorldXform)(
Headers\AE_GeneralPlugOld.h,1112,"PR_RenderContextH				render_contextH,	/* >> */"
Headers\AE_GeneralPlugOld.h,1113,"AEGP_RenderLayerContextH		layer_contextH,		/* >> */"
Headers\AE_GeneralPlugOld.h,1117,SPAPI A_Err (*AEGP_GetRenderLayerBounds)(
Headers\AE_GeneralPlugOld.h,1118,"PR_RenderContextH				render_contextH,	/* >> */"
Headers\AE_GeneralPlugOld.h,1119,"AEGP_RenderLayerContextH		layer_contextH,		/* >> */"
Headers\AE_GeneralPlugOld.h,1121,A_LegacyRect							*boundsP);			/* << */
Headers\AE_GeneralPlugOld.h,1123,SPAPI A_Err (*AEGP_GetRenderOpacity)(
Headers\AE_GeneralPlugOld.h,1124,"PR_RenderContextH				render_contextH,	/* >> */"
Headers\AE_GeneralPlugOld.h,1125,"AEGP_RenderLayerContextH		layer_contextH,		/* >> */"
Headers\AE_GeneralPlugOld.h,1129,SPAPI A_Err (*AEGP_IsRenderLayerActive)(
Headers\AE_GeneralPlugOld.h,1130,"PR_RenderContextH				render_contextH,	/* >> */"
Headers\AE_GeneralPlugOld.h,1131,"AEGP_RenderLayerContextH		layer_contextH,		/* >> */"
Headers\AE_GeneralPlugOld.h,1137,"PR_RenderContextH 				render_contextH,   	/* >> */"
Headers\AE_GeneralPlugOld.h,1142,"// Returns a comp-size buffer, which must be disposed thru AEGP_Dispose in World suite"
Headers\AE_GeneralPlugOld.h,1143,SPAPI A_Err	(*AEGP_RenderLayerPlus)(
Headers\AE_GeneralPlugOld.h,1144,"PR_RenderContextH			render_contextH,	/* <> */"
Headers\AE_GeneralPlugOld.h,1146,"AEGP_RenderLayerContextH 	layer_contextH,		/* >> */"
Headers\AE_GeneralPlugOld.h,1147,"AEGP_RenderHints			render_hints,		/* >> */"
Headers\AE_GeneralPlugOld.h,1148,AEGP_WorldH					*render_bufferPH);	/* <<  must be disposed with AEGP_DisposeWorld */
Headers\AE_GeneralPlugOld.h,1152,"PR_RenderContextH			render_contextH,	/* <> */"
Headers\AE_GeneralPlugOld.h,1153,"AEGP_RenderLayerContextH 	fill_contextH,		/* << */"
Headers\AE_GeneralPlugOld.h,1154,AEGP_RenderLayerContextH	*matte_contextPH);	/* >> */
Headers\AE_GeneralPlugOld.h,1156,// new for 6.0 --get receipt with the returned texture
Headers\AE_GeneralPlugOld.h,1157,// use receipt to determine if a subsequent call to render
Headers\AE_GeneralPlugOld.h,1158,// this layer can be skipped (because the artisan cached it)
Headers\AE_GeneralPlugOld.h,1159,SPAPI A_Err	(*AEGP_RenderTextureWithReceipt)(
Headers\AE_GeneralPlugOld.h,1160,"PR_RenderContextH			render_contextH,		/* <> */"
Headers\AE_GeneralPlugOld.h,1161,"AEGP_RenderLayerContextH	layer_contextH,			/* >> */"
Headers\AE_GeneralPlugOld.h,1162,"AEGP_RenderHints			render_hints,			/* >> */"
Headers\AE_GeneralPlugOld.h,1163,"AEGP_NumEffectsToRenderType	num_effectsS,			/* >>  number of effect to render, -1 for all */"
Headers\AE_GeneralPlugOld.h,1167,"AEGP_RenderReceiptH			*render_receiptPH, 	 	/* << must be disposed with AEGP_DisposeRenderReceipt */"
Headers\AE_GeneralPlugOld.h,1173,"PR_RenderContextH			render_contextH,		/* <> */"
Headers\AE_GeneralPlugOld.h,1174,"AEGP_RenderLayerContextH	layer_contextH,			/* >> */"
Headers\AE_GeneralPlugOld.h,1177,SPAPI A_Err	(*AEGP_RenderLayerPlusWithReceipt)(
Headers\AE_GeneralPlugOld.h,1178,"PR_RenderContextH			render_contextH,	/* <> */"
Headers\AE_GeneralPlugOld.h,1180,"AEGP_RenderLayerContextH 	layer_contextH,		/* >> */"
Headers\AE_GeneralPlugOld.h,1181,"AEGP_RenderHints			render_hints,		/* >> */"
Headers\AE_GeneralPlugOld.h,1182,"AEGP_RenderReceiptH			*render_receiptPH,  /* << must be disposed with AEGP_DisposeRenderReceipt */"
Headers\AE_GeneralPlugOld.h,1183,AEGP_WorldH					*render_bufferPH);	/* << */
Headers\AE_GeneralPlugOld.h,1185,SPAPI A_Err	(*AEGP_DisposeRenderReceipt)(
Headers\AE_GeneralPlugOld.h,1186,AEGP_RenderReceiptH			render_receiptH);	/* >> */
Headers\AE_GeneralPlugOld.h,1190,SPAPI A_Err	(*AEGP_CheckRenderReceipt)(
Headers\AE_GeneralPlugOld.h,1191,"PR_RenderContextH			current_render_contextH,	/* in */"
Headers\AE_GeneralPlugOld.h,1192,"AEGP_RenderLayerContextH	current_layer_contextH,		/* in */"
Headers\AE_GeneralPlugOld.h,1193,"AEGP_RenderReceiptH			old_render_receiptH,		/* in */"
Headers\AE_GeneralPlugOld.h,1195,"AEGP_NumEffectsToRenderType	num_effectsS,				/* in */"
Headers\AE_GeneralPlugOld.h,1196,AEGP_RenderReceiptStatus	*receipt_statusP);			/* out */
Headers\AE_GeneralPlugOld.h,1199,/* new in 7.0 generate a receipt for a layer as asd if the first num_effectsS have been rendered */
Headers\AE_GeneralPlugOld.h,1200,SPAPI A_Err	(*AEGP_GenerateRenderReceipt)(
Headers\AE_GeneralPlugOld.h,1201,"PR_RenderContextH			current_render_contextH,	/* >> */"
Headers\AE_GeneralPlugOld.h,1202,"AEGP_RenderLayerContextH	current_layer_contextH,		/* >> */"
Headers\AE_GeneralPlugOld.h,1203,"AEGP_NumEffectsToRenderType	num_effectsS,				/* in */"
Headers\AE_GeneralPlugOld.h,1204,AEGP_RenderReceiptH			*render_receiptPH);			/* << */
Headers\AE_GeneralPlugOld.h,1206,SPAPI A_Err	(*AEGP_GetNumBinsToRender)(
Headers\AE_GeneralPlugOld.h,1207,"const	PR_RenderContextH	render_contextH,			/* >> */"
Headers\AE_GeneralPlugOld.h,1208,A_long				*num_bins_to_renderPL);		/* << */
Headers\AE_GeneralPlugOld.h,1212,"const	PR_RenderContextH			render_contextH,	/* >> */"
Headers\AE_GeneralPlugOld.h,1216,"const	PR_RenderContextH			render_contextH,	/* >> */"
Headers\AE_GeneralPlugOld.h,1219,SPAPI A_Err (*AEGP_GetRenderLayerToWorldXform2D3D)(
Headers\AE_GeneralPlugOld.h,1220,"PR_RenderContextH				render_contextH,	/* >> */"
Headers\AE_GeneralPlugOld.h,1221,"AEGP_RenderLayerContextH		layer_contextH,		/* >> */"
Headers\AE_GeneralPlugOld.h,1230,"const PR_RenderContextH				render_contextH,	/* >> */"
Headers\AE_GeneralPlugOld.h,1236,"const PR_RenderContextH				render_contextH,	/* >> */"
Headers\AE_GeneralPlugOld.h,1243,"const PR_RenderContextH				render_contextH,	/* >> */"
Headers\AE_GeneralPlugOld.h,1249,"const PR_RenderContextH				render_contextH,	/* >> */"
Headers\AE_GeneralPlugOld.h,1250,A_LegacyRect								*viewport_rectPR);	/* << */
Headers\AE_GeneralPlugOld.h,1254,"const PR_RenderContextH				render_contextH,	/* >> */"
Headers\AE_GeneralPlugOld.h,1258,"const PR_RenderContextH				render_contextH,	/* >> */"
Headers\AE_GeneralPlugOld.h,1262,"const PR_RenderContextH				render_contextH,	/* in */"
Headers\AE_GeneralPlugOld.h,1266,"const PR_RenderContextH				render_contextH,			/* in */"
Headers\AE_GeneralPlugOld.h,1271,"const PR_RenderContextH				render_contextH,			/* in */"
Headers\AE_GeneralPlugOld.h,1275,SPAPI A_Err (*AEGP_GetInteractiveCachedBuffer)(
Headers\AE_GeneralPlugOld.h,1276,"const PR_RenderContextH				render_contextH,	/* >> */"
Headers\AE_GeneralPlugOld.h,1280,// should we call AEGP_RenderLayer or AEGP_RenderTexture
Headers\AE_GeneralPlugOld.h,1281,SPAPI A_Err (*AEGP_ArtisanMustRenderAsLayer)(
Headers\AE_GeneralPlugOld.h,1282,"const PR_RenderContextH				render_contextH,	/* >> */"
Headers\AE_GeneralPlugOld.h,1283,"AEGP_RenderLayerContextH			layer_contextH,"
Headers\AE_GeneralPlugOld.h,1284,A_Boolean							*use_render_texturePB);
Headers\AE_GeneralPlugOld.h,1288,"const PR_RenderContextH				render_contextH,	/* >> */"
Headers\AE_GeneralPlugOld.h,1300,SPAPI A_Err	(*AEGP_GetCompToRender)(
Headers\AE_GeneralPlugOld.h,1301,"PR_RenderContextH 		render_contextH,   	/* >> */"
Headers\AE_GeneralPlugOld.h,1304,SPAPI A_Err	(*AEGP_GetNumLayersToRender)(
Headers\AE_GeneralPlugOld.h,1305,"const	PR_RenderContextH	render_contextH,		/* >> */"
Headers\AE_GeneralPlugOld.h,1306,A_long				*num_to_renderPL);		/* << */
Headers\AE_GeneralPlugOld.h,1309,SPAPI A_Err	(*AEGP_GetNthLayerContextToRender)(
Headers\AE_GeneralPlugOld.h,1310,"const	PR_RenderContextH			render_contextH,	/* >> */"
Headers\AE_GeneralPlugOld.h,1312,AEGP_RenderLayerContextH	*layer_contextPH);	/* << */
Headers\AE_GeneralPlugOld.h,1315,"const	PR_RenderContextH			render_contextH,	/* >> */"
Headers\AE_GeneralPlugOld.h,1316,"AEGP_RenderLayerContextH	layer_contextH,		/* >> */"
Headers\AE_GeneralPlugOld.h,1320,"const	PR_RenderContextH			render_contextH,	/* >> */"
Headers\AE_GeneralPlugOld.h,1321,"AEGP_RenderLayerContextH	layer_contextH,		/* >> */"
Headers\AE_GeneralPlugOld.h,1332,"const	PR_RenderContextH			render_contextH,"
Headers\AE_GeneralPlugOld.h,1333,"AEGP_RenderLayerContextH	layer_contextH,"
Headers\AE_GeneralPlugOld.h,1336,SPAPI A_Err	(*AEGP_GetCompRenderTime)(
Headers\AE_GeneralPlugOld.h,1337,"PR_RenderContextH	render_contextH,	/* >> */"
Headers\AE_GeneralPlugOld.h,1342,"PR_RenderContextH			render_contextH,	/* <> */"
Headers\AE_GeneralPlugOld.h,1346,SPAPI A_Err	(*AEGP_GetROI)(
Headers\AE_GeneralPlugOld.h,1347,"PR_RenderContextH			render_contextH,	/* <> */"
Headers\AE_GeneralPlugOld.h,1348,A_LegacyRect						*roiPR);			/* << */
Headers\AE_GeneralPlugOld.h,1350,// for rendering the texture map of a layer
Headers\AE_GeneralPlugOld.h,1351,SPAPI A_Err	(*AEGP_RenderTexture)(
Headers\AE_GeneralPlugOld.h,1352,"PR_RenderContextH			render_contextH,		/* <> */"
Headers\AE_GeneralPlugOld.h,1353,"AEGP_RenderLayerContextH	layer_contextH,			/* >> */"
Headers\AE_GeneralPlugOld.h,1354,"AEGP_RenderHints			render_hints,			/* >> */"
Headers\AE_GeneralPlugOld.h,1362,"PR_RenderContextH			render_contextH,	/* <> */"
Headers\AE_GeneralPlugOld.h,1363,"AEGP_RenderLayerContextH	layer_contextH,		/* >> */"
Headers\AE_GeneralPlugOld.h,1366,SPAPI A_Err	(*AEGP_GetFieldRender)(
Headers\AE_GeneralPlugOld.h,1367,"PR_RenderContextH 			render_contextH,   	/* >> */"
Headers\AE_GeneralPlugOld.h,1370,// not thread safe on MacOS
Headers\AE_GeneralPlugOld.h,1373,"PR_RenderContextH 				render_contextH,   	/* >> */"
Headers\AE_GeneralPlugOld.h,1377,SPAPI A_Err	(*AEGP_GetRenderDownsampleFactor)(
Headers\AE_GeneralPlugOld.h,1378,"PR_RenderContextH			render_contextH,	/* >> */"
Headers\AE_GeneralPlugOld.h,1381,SPAPI A_Err	(*AEGP_SetRenderDownsampleFactor)(
Headers\AE_GeneralPlugOld.h,1382,"PR_RenderContextH			render_contextH,	/* >> */"
Headers\AE_GeneralPlugOld.h,1386,"PR_RenderContextH			render_contextH,	/* >> */"
Headers\AE_GeneralPlugOld.h,1389,SPAPI A_Err (*AEGP_GetRenderLayerToWorldXform)(
Headers\AE_GeneralPlugOld.h,1390,"PR_RenderContextH				render_contextH,	/* >> */"
Headers\AE_GeneralPlugOld.h,1391,"AEGP_RenderLayerContextH		layer_contextH,		/* >> */"
Headers\AE_GeneralPlugOld.h,1395,SPAPI A_Err (*AEGP_GetRenderLayerBounds)(
Headers\AE_GeneralPlugOld.h,1396,"PR_RenderContextH				render_contextH,	/* >> */"
Headers\AE_GeneralPlugOld.h,1397,"AEGP_RenderLayerContextH		layer_contextH,		/* >> */"
Headers\AE_GeneralPlugOld.h,1399,A_LegacyRect							*boundsP);			/* << */
Headers\AE_GeneralPlugOld.h,1401,SPAPI A_Err (*AEGP_GetRenderOpacity)(
Headers\AE_GeneralPlugOld.h,1402,"PR_RenderContextH				render_contextH,	/* >> */"
Headers\AE_GeneralPlugOld.h,1403,"AEGP_RenderLayerContextH		layer_contextH,		/* >> */"
Headers\AE_GeneralPlugOld.h,1407,SPAPI A_Err (*AEGP_IsRenderLayerActive)(
Headers\AE_GeneralPlugOld.h,1408,"PR_RenderContextH				render_contextH,	/* >> */"
Headers\AE_GeneralPlugOld.h,1409,"AEGP_RenderLayerContextH		layer_contextH,		/* >> */"
Headers\AE_GeneralPlugOld.h,1415,"PR_RenderContextH 				render_contextH,   	/* >> */"
Headers\AE_GeneralPlugOld.h,1420,"// Returns a comp-size buffer, which must be disposed thru AEGP_Dispose in World suite"
Headers\AE_GeneralPlugOld.h,1421,SPAPI A_Err	(*AEGP_RenderLayerPlus)(
Headers\AE_GeneralPlugOld.h,1422,"PR_RenderContextH			render_contextH,	/* <> */"
Headers\AE_GeneralPlugOld.h,1424,"AEGP_RenderLayerContextH 	layer_contextH,		/* >> */"
Headers\AE_GeneralPlugOld.h,1425,"AEGP_RenderHints			render_hints,		/* >> */"
Headers\AE_GeneralPlugOld.h,1426,AEGP_WorldH					*render_bufferPH);	/* <<  must be disposed with AEGP_DisposeWorld */
Headers\AE_GeneralPlugOld.h,1430,"PR_RenderContextH			render_contextH,	/* <> */"
Headers\AE_GeneralPlugOld.h,1431,"AEGP_RenderLayerContextH 	fill_contextH,		/* << */"
Headers\AE_GeneralPlugOld.h,1432,AEGP_RenderLayerContextH	*matte_contextPH);	/* >> */
Headers\AE_GeneralPlugOld.h,1434,// new for 6.0 --get receipt with the returned texture
Headers\AE_GeneralPlugOld.h,1435,// use receipt to determine if a subsequent call to render
Headers\AE_GeneralPlugOld.h,1436,// this layer can be skipped (because the artisan cached it)
Headers\AE_GeneralPlugOld.h,1437,SPAPI A_Err	(*AEGP_RenderTextureWithReceipt)(
Headers\AE_GeneralPlugOld.h,1438,"PR_RenderContextH			render_contextH,		/* <> */"
Headers\AE_GeneralPlugOld.h,1439,"AEGP_RenderLayerContextH	layer_contextH,			/* >> */"
Headers\AE_GeneralPlugOld.h,1440,"AEGP_RenderHints			render_hints,			/* >> */"
Headers\AE_GeneralPlugOld.h,1441,"AEGP_NumEffectsToRenderType	num_effectsS,			/* >>  number of effect to render, -1 for all */"
Headers\AE_GeneralPlugOld.h,1445,"AEGP_RenderReceiptH			*render_receiptPH, 	 	/* << must be disposed with AEGP_DisposeRenderReceipt */"
Headers\AE_GeneralPlugOld.h,1451,"PR_RenderContextH			render_contextH,		/* <> */"
Headers\AE_GeneralPlugOld.h,1452,"AEGP_RenderLayerContextH	layer_contextH,			/* >> */"
Headers\AE_GeneralPlugOld.h,1455,SPAPI A_Err	(*AEGP_RenderLayerPlusWithReceipt)(
Headers\AE_GeneralPlugOld.h,1456,"PR_RenderContextH			render_contextH,	/* <> */"
Headers\AE_GeneralPlugOld.h,1458,"AEGP_RenderLayerContextH 	layer_contextH,		/* >> */"
Headers\AE_GeneralPlugOld.h,1459,"AEGP_RenderHints			render_hints,		/* >> */"
Headers\AE_GeneralPlugOld.h,1460,"AEGP_RenderReceiptH			*render_receiptPH,  /* << must be disposed with AEGP_DisposeRenderReceipt */"
Headers\AE_GeneralPlugOld.h,1461,AEGP_WorldH					*render_bufferPH);	/* << */
Headers\AE_GeneralPlugOld.h,1463,SPAPI A_Err	(*AEGP_DisposeRenderReceipt)(
Headers\AE_GeneralPlugOld.h,1464,AEGP_RenderReceiptH			render_receiptH);	/* >> */
Headers\AE_GeneralPlugOld.h,1468,SPAPI A_Err	(*AEGP_CheckRenderReceipt)(
Headers\AE_GeneralPlugOld.h,1469,"PR_RenderContextH			current_render_contextH,	/* in */"
Headers\AE_GeneralPlugOld.h,1470,"AEGP_RenderLayerContextH	current_layer_contextH,		/* in */"
Headers\AE_GeneralPlugOld.h,1471,"AEGP_RenderReceiptH			old_render_receiptH,		/* in */"
Headers\AE_GeneralPlugOld.h,1473,"AEGP_NumEffectsToRenderType	num_effectsS,				/* in */"
Headers\AE_GeneralPlugOld.h,1474,AEGP_RenderReceiptStatus	*receipt_statusP);			/* out */
Headers\AE_GeneralPlugOld.h,1477,/* new in 7.0 generate a receipt for a layer as asd if the first num_effectsS have been rendered */
Headers\AE_GeneralPlugOld.h,1478,SPAPI A_Err	(*AEGP_GenerateRenderReceipt)(
Headers\AE_GeneralPlugOld.h,1479,"PR_RenderContextH			current_render_contextH,	/* >> */"
Headers\AE_GeneralPlugOld.h,1480,"AEGP_RenderLayerContextH	current_layer_contextH,		/* >> */"
Headers\AE_GeneralPlugOld.h,1481,"AEGP_NumEffectsToRenderType	num_effectsS,				/* in */"
Headers\AE_GeneralPlugOld.h,1482,AEGP_RenderReceiptH			*render_receiptPH);			/* << */
Headers\AE_GeneralPlugOld.h,1484,SPAPI A_Err	(*AEGP_GetNumBinsToRender)(
Headers\AE_GeneralPlugOld.h,1485,"const	PR_RenderContextH	render_contextH,			/* >> */"
Headers\AE_GeneralPlugOld.h,1486,A_long				*num_bins_to_renderPL);		/* << */
Headers\AE_GeneralPlugOld.h,1490,"const	PR_RenderContextH			render_contextH,	/* >> */"
Headers\AE_GeneralPlugOld.h,1494,"const	PR_RenderContextH			render_contextH,	/* >> */"
Headers\AE_GeneralPlugOld.h,1497,SPAPI A_Err (*AEGP_GetRenderLayerToWorldXform2D3D)(
Headers\AE_GeneralPlugOld.h,1498,"PR_RenderContextH				render_contextH,	/* >> */"
Headers\AE_GeneralPlugOld.h,1499,"AEGP_RenderLayerContextH		layer_contextH,		/* >> */"
Headers\AE_GeneralPlugOld.h,1508,"const PR_RenderContextH				render_contextH,	/* >> */"
Headers\AE_GeneralPlugOld.h,1514,"const PR_RenderContextH				render_contextH,	/* >> */"
Headers\AE_GeneralPlugOld.h,1521,"const PR_RenderContextH				render_contextH,	/* >> */"
Headers\AE_GeneralPlugOld.h,1527,"const PR_RenderContextH				render_contextH,	/* >> */"
Headers\AE_GeneralPlugOld.h,1528,A_LegacyRect								*viewport_rectPR);	/* << */
Headers\AE_GeneralPlugOld.h,1532,"const PR_RenderContextH				render_contextH,	/* >> */"
Headers\AE_GeneralPlugOld.h,1536,"const PR_RenderContextH				render_contextH,	/* >> */"
Headers\AE_GeneralPlugOld.h,1540,"const PR_RenderContextH				render_contextH,	/* in */"
Headers\AE_GeneralPlugOld.h,1544,"const PR_RenderContextH				render_contextH,			/* in */"
Headers\AE_GeneralPlugOld.h,1549,"const PR_RenderContextH				render_contextH,			/* in */"
Headers\AE_GeneralPlugOld.h,1553,SPAPI A_Err (*AEGP_GetInteractiveCachedBuffer)(
Headers\AE_GeneralPlugOld.h,1554,"const PR_RenderContextH				render_contextH,			/* >> */"
Headers\AE_GeneralPlugOld.h,1558,// should we call AEGP_RenderLayer or AEGP_RenderTexture
Headers\AE_GeneralPlugOld.h,1559,SPAPI A_Err (*AEGP_ArtisanMustRenderAsLayer)(
Headers\AE_GeneralPlugOld.h,1560,"const PR_RenderContextH				render_contextH,			/* >> */"
Headers\AE_GeneralPlugOld.h,1561,"AEGP_RenderLayerContextH			layer_contextH,"
Headers\AE_GeneralPlugOld.h,1562,A_Boolean							*use_render_texturePB);
Headers\AE_GeneralPlugOld.h,1566,"const PR_RenderContextH				render_contextH,			/* >> */"
Headers\AE_GeneralPlugOld.h,1570,"const PR_RenderContextH				render_contextH,			/* >> */"
Headers\AE_GeneralPlugOld.h,1575,"const PR_RenderContextH				render_contextH,	/* >> */"
Headers\AE_GeneralPlugOld.h,1582,"PR_RenderContextH	render_contextH,	/* >> */"
Headers\AE_GeneralPlugOld.h,1866,AEGP_StreamRefH		*streamPH);				/* << must be disposed by caller */
Headers\AE_GeneralPlugOld.h,2079,AEGP_StreamRefH		*streamPH);				/* << must be disposed by caller */
Headers\AE_GeneralPlugOld.h,2260,AEGP_StreamRefH		*streamPH);				/* << must be disposed by caller */
Headers\AE_GeneralPlugOld.h,2440,AEGP_StreamRefH		*streamPH);				/* << must be disposed by caller */
Headers\AE_GeneralPlugOld.h,2616,AEGP_StreamRefH		*streamPH);				/* << must be disposed by caller */
Headers\AE_GeneralPlugOld.h,2782,AEGP_StreamRefH		*streamPH);				/* << must be disposed by caller */
Headers\AE_GeneralPlugOld.h,3445,"AEGP_MemHandle		*utf_layer_namePH0,		// <<	handle of A_UTF16Char (contains null terminated UTF16 string); must be disposed with AEGP_FreeMemHandle"
Headers\AE_GeneralPlugOld.h,3446,AEGP_MemHandle		*utf_source_namePH0);	// <<	handle of A_UTF16Char (contains null terminated UTF16 string); must be disposed with AEGP_FreeMemHandle
Headers\AE_GeneralPlugOld.h,3473,SPAPI A_Err	(*AEGP_GetLayerCurrentTime)(						// not updated while rendering
Headers\AE_GeneralPlugOld.h,3532,SPAPI A_Err	(*AEGP_GetLayerMaskedBounds)(
Headers\AE_GeneralPlugOld.h,3536,A_FloatRect			*boundsPR);		/* << */
Headers\AE_GeneralPlugOld.h,3677,"AEGP_MemHandle		*utf_layer_namePH0,		// <<	handle of A_UTF16Char (contains null terminated UTF16 string); must be disposed with AEGP_FreeMemHandle"
Headers\AE_GeneralPlugOld.h,3678,AEGP_MemHandle		*utf_source_namePH0);	// <<	handle of A_UTF16Char (contains null terminated UTF16 string); must be disposed with AEGP_FreeMemHandle
Headers\AE_GeneralPlugOld.h,3705,SPAPI A_Err	(*AEGP_GetLayerCurrentTime)(						// not updated while rendering
Headers\AE_GeneralPlugOld.h,3764,SPAPI A_Err	(*AEGP_GetLayerMaskedBounds)(
Headers\AE_GeneralPlugOld.h,3768,A_FloatRect			*boundsPR);		/* << */
Headers\AE_GeneralPlugOld.h,3897,"AEGP_MemHandle		*utf_layer_namePH0,		// <<	handle of A_UTF16Char (contains null terminated UTF16 string); must be disposed with AEGP_FreeMemHandle"
Headers\AE_GeneralPlugOld.h,3898,AEGP_MemHandle		*utf_source_namePH0);	// <<	handle of A_UTF16Char (contains null terminated UTF16 string); must be disposed with AEGP_FreeMemHandle
Headers\AE_GeneralPlugOld.h,3925,SPAPI A_Err	(*AEGP_GetLayerCurrentTime)(						// not updated while rendering
Headers\AE_GeneralPlugOld.h,3984,SPAPI A_Err	(*AEGP_GetLayerMaskedBounds)(
Headers\AE_GeneralPlugOld.h,3988,A_FloatRect			*boundsPR);		/* << */
Headers\AE_GeneralPlugOld.h,4136,SPAPI A_Err	(*AEGP_GetLayerCurrentTime)(						// not updated while rendering
Headers\AE_GeneralPlugOld.h,4195,SPAPI A_Err	(*AEGP_GetLayerMaskedBounds)(
Headers\AE_GeneralPlugOld.h,4199,A_FloatRect			*boundsPR);		/* << */
Headers\AE_GeneralPlugOld.h,4348,SPAPI A_Err	(*AEGP_GetLayerCurrentTime)(						// not updated while rendering
Headers\AE_GeneralPlugOld.h,4407,SPAPI A_Err	(*AEGP_GetLayerMaskedBounds)(
Headers\AE_GeneralPlugOld.h,4411,A_FloatRect			*boundsPR);		/* << */
Headers\AE_GeneralPlugOld.h,4549,SPAPI A_Err	(*AEGP_GetLayerCurrentTime)(						// not updated while rendering
Headers\AE_GeneralPlugOld.h,4608,SPAPI A_Err	(*AEGP_GetLayerMaskedBounds)(
Headers\AE_GeneralPlugOld.h,4612,A_FloatRect			*boundsPR);		/* << */
Headers\AE_GeneralPlugOld.h,4756,AEGP_StreamRefH     *streamPH);                /* << must be disposed by caller! */
Headers\AE_GeneralPlugOld.h,4766,AEGP_StreamRefH     *streamPH);                /* << must be disposed by caller! */
Headers\AE_GeneralPlugOld.h,4772,AEGP_StreamRefH     *mask_streamPH);        /* << must be disposed by caller! */
Headers\AE_GeneralPlugOld.h,4781,AEGP_MemHandle        *utf_stream_namePH);        // <<    handle of A_UTF16Char (contains null terminated UTF16 string); must be disposed with AEGP_FreeMemHandle
Headers\AE_GeneralPlugOld.h,4808,AEGP_StreamValue2    *valueP);                /* << must be disposed */
Headers\AE_GeneralPlugOld.h,4844,AEGP_MemHandle        *unicodeHZ);            /* << must be disposed with AEGP_FreeMemHandle */
Headers\AE_GeneralPlugOld.h,4880,AEGP_StreamRefH 	*streamPH);				/* << must be disposed by caller! */
Headers\AE_GeneralPlugOld.h,4890,AEGP_StreamRefH 	*streamPH);				/* << must be disposed by caller! */
Headers\AE_GeneralPlugOld.h,4896,AEGP_StreamRefH 	*mask_streamPH);		/* << must be disposed by caller! */
Headers\AE_GeneralPlugOld.h,4905,AEGP_MemHandle		*utf_stream_namePH);		// <<	handle of A_UTF16Char (contains null terminated UTF16 string); must be disposed with AEGP_FreeMemHandle
Headers\AE_GeneralPlugOld.h,4932,AEGP_StreamValue2	*valueP);				/* << must be disposed */
Headers\AE_GeneralPlugOld.h,4968,AEGP_MemHandle		*expressionHZ);			/* << must be disposed with AEGP_FreeMemHandle */
Headers\AE_GeneralPlugOld.h,5006,AEGP_StreamRefH 	*streamPH);				/* << must be disposed by caller! */
Headers\AE_GeneralPlugOld.h,5016,AEGP_StreamRefH 	*streamPH);				/* << must be disposed by caller! */
Headers\AE_GeneralPlugOld.h,5022,AEGP_StreamRefH 	*mask_streamPH);		/* << must be disposed by caller! */
Headers\AE_GeneralPlugOld.h,5057,AEGP_StreamValue2	*valueP);				/* << must be disposed */
Headers\AE_GeneralPlugOld.h,5093,AEGP_MemHandle		*expressionHZ);			/* << must be disposed with AEGP_FreeMemHandle */
Headers\AE_GeneralPlugOld.h,5129,AEGP_StreamRefH 	*streamPH);				/* << must be disposed by caller! */
Headers\AE_GeneralPlugOld.h,5139,AEGP_StreamRefH 	*streamPH);				/* << must be disposed by caller! */
Headers\AE_GeneralPlugOld.h,5145,AEGP_StreamRefH 	*mask_streamPH);		/* << must be disposed by caller! */
Headers\AE_GeneralPlugOld.h,5180,AEGP_StreamValue	*valueP);				/* << must be disposed */
Headers\AE_GeneralPlugOld.h,5216,AEGP_MemHandle		*expressionHZ);			/* << must be disposed with AEGP_FreeMemHandle */
Headers\AE_GeneralPlugOld.h,5249,AEGP_StreamRefH 	*streamPH);				/* << must be disposed by caller! */
Headers\AE_GeneralPlugOld.h,5259,AEGP_StreamRefH 	*streamPH);				/* << must be disposed by caller! */
Headers\AE_GeneralPlugOld.h,5265,AEGP_StreamRefH 	*mask_streamPH);		/* << must be disposed by caller! */
Headers\AE_GeneralPlugOld.h,5300,AEGP_StreamValue	*valueP);				/* << must be disposed */
Headers\AE_GeneralPlugOld.h,5336,AEGP_MemHandle		*expressionHZ);			/* << must be disposed with AEGP_FreeMemHandle */
Headers\AE_GeneralPlugOld.h,5405,SPAPI A_Err	(*AEGP_GetLayerCurrentTime)(						// not updated while rendering
Headers\AE_GeneralPlugOld.h,5464,SPAPI A_Err	(*AEGP_GetLayerMaskedBounds)(
Headers\AE_GeneralPlugOld.h,5468,A_FloatRect			*boundsPR);		/* << */
Headers\AE_GeneralPlugOld.h,5586,SPAPI A_Err	(*AEGP_GetLayerCurrentTime)(						// not updated while rendering
Headers\AE_GeneralPlugOld.h,5645,SPAPI A_Err	(*AEGP_GetLayerMaskedBounds)(
Headers\AE_GeneralPlugOld.h,5649,A_FloatRect			*boundsPR);		/* << */
Headers\AE_GeneralPlugOld.h,5750,PF_ParamDefUnion	*uP0);					/* << DO NOT USE THE VALUE FROM THIS PARAMDEF! */
Headers\AE_GeneralPlugOld.h,5778,AEGP_EffectRefH		*effect_refPH);				/* <<  MUST BE DISPOSED with AEGP_DisposeEffect */
Headers\AE_GeneralPlugOld.h,5833,PF_ParamDefUnion	*uP0);					/* << DO NOT USE THE VALUE FROM THIS PARAMDEF! */
Headers\AE_GeneralPlugOld.h,5861,AEGP_EffectRefH		*effect_refPH);				/* <<  MUST BE DISPOSED with AEGP_DisposeEffect */
Headers\AE_GeneralPlugOld.h,5917,PF_ParamDefUnion	*uP0);					/* << DO NOT USE THE VALUE FROM THIS PARAMDEF! */
Headers\AE_GeneralPlugOld.h,5947,AEGP_EffectRefH		*effect_refPH);				/* <<  MUST BE DISPOSED with AEGP_DisposeEffect */
Headers\AE_GeneralPlugOld.h,6001,PF_ParamDefUnion	*uP0);					/* << DO NOT USE THE VALUE FROM THIS PARAMDEF! */
Headers\AE_GeneralPlugOld.h,6031,AEGP_EffectRefH		*effect_refPH);				/* <<  MUST BE DISPOSED with AEGP_DisposeEffect */
Headers\AE_GeneralPlugOld.h,6074,AEGP_StreamRefH 	*streamPH0);	/* << must be disposed by caller! */
Headers\AE_GeneralPlugOld.h,6084,AEGP_StreamRefH 	*streamPH0);		/* << must be disposed by caller! */
Headers\AE_GeneralPlugOld.h,6116,AEGP_MaskRefH			*maskPH);			/* << must be disposed by calling AEGP_DisposeMask() */
Headers\AE_GeneralPlugOld.h,6145,// AEGP_GetMaskName/SetMaskName are obsoleted. Use AEGP_GetNewDynamicStreamForMask
Headers\AE_GeneralPlugOld.h,6201,AEGP_MaskRefH			*maskPH);			/* << must be disposed by calling AEGP_DisposeMask() */
Headers\AE_GeneralPlugOld.h,6291,AEGP_MaskRefH			*maskPH);			/* << must be disposed by calling AEGP_DisposeMask() */
Headers\AE_GeneralPlugOld.h,6377,AEGP_MaskRefH			*maskPH);			/* << must be disposed by calling AEGP_DisposeMask() */
Headers\AE_GeneralPlugOld.h,6419,AEGP_MaskRefH			*maskPH);			/* << must be disposed by calling AEGP_DisposeMask() */
Headers\AE_GeneralPlugOld.h,6477,"PR_RenderContextH 		render_contextH,   	/* >> */"
Headers\AE_GeneralPlugOld.h,6531,AEGP_MemHandle		*unicode_namePH);	// <<	handle of A_UTF16Char (contains null terminated UTF16 string); must be disposed with AEGP_FreeMemHandle
Headers\AE_GeneralPlugOld.h,6562,SPAPI A_Err	(*AEGP_GetItemCurrentTime)(							/* Returns the result in the item's native timespace (not updated while rendering)*/
Headers\AE_GeneralPlugOld.h,6680,SPAPI A_Err	(*AEGP_GetItemCurrentTime)(							/* Returns the result in the item's native timespace (not updated while rendering)*/
Headers\AE_GeneralPlugOld.h,6799,SPAPI A_Err	(*AEGP_GetItemCurrentTime)(							/* Returns the result in the item's native timespace (not updated while rendering)*/
Headers\AE_GeneralPlugOld.h,6905,SPAPI A_Err	(*AEGP_GetItemCurrentTime)(							/* Returns the result in the item's native timespace (not updated while rendering)*/
Headers\AE_GeneralPlugOld.h,6999,SPAPI A_Err	(*AEGP_GetItemCurrentTime)(							/* Returns the result in the item's native timespace (not updated while rendering)*/
Headers\AE_GeneralPlugOld.h,7094,SPAPI A_Err	(*AEGP_GetItemCurrentTime)(							/* Returns the result in the item's native timespace (not updated while rendering)*/
Headers\AE_GeneralPlugOld.h,7658,SPAPI A_Err	(*AEGP_GetItemCurrentTime)(							/* Returns the result in the item's native timespace (not updated while rendering)*/
Headers\AE_GeneralPlugOld.h,7698,SPAPI A_Err (*AEGP_RenderNewItemSoundData)( // AEGP_SoundDataH must be disposed.
Headers\AE_GeneralPlugOld.h,7761,SPAPI A_Err	(*AEGP_GetItemCurrentTime)(							/* Returns the result in the item's native timespace (not updated while rendering)*/
Headers\AE_GeneralPlugOld.h,7792,SPAPI A_Err (*AEGP_RenderNewItemSoundData)( // AEGP_SoundDataH must be disposed.
Headers\AE_GeneralPlugOld.h,7832,SPAPI A_Err	(*AEGP_StartUndoGroup)(									/* MUST be balanced with call to AEGP_EndUndoGroup() */
Headers\AE_GeneralPlugOld.h,7886,// thread. It is asynchronous and will return before the idle handler is called.
Headers\AE_GeneralPlugOld.h,7888,"// thread safe, therefore you need to save it off"
Headers\AE_GeneralPlugOld.h,7967,SPAPI A_Err	(*AEGP_StartUndoGroup)(									/* MUST be balanced with call to AEGP_EndUndoGroup() */
Headers\AE_GeneralPlugOld.h,8021,// thread. It is asynchronous and will return before the idle handler is called.
Headers\AE_GeneralPlugOld.h,8023,"// thread safe, therefore you need to save it off"
Headers\AE_GeneralPlugOld.h,8095,SPAPI A_Err	(*AEGP_StartUndoGroup)(									/* MUST be balanced with call to AEGP_EndUndoGroup() */
Headers\AE_GeneralPlugOld.h,8149,// thread. It is asynchronous and will return before the idle handler is called.
Headers\AE_GeneralPlugOld.h,8151,"// thread safe, therefore you need to save it off"
Headers\AE_GeneralPlugOld.h,8201,SPAPI A_Err	(*AEGP_StartUndoGroup)(									/* MUST be balanced with call to AEGP_EndUndoGroup() */
Headers\AE_GeneralPlugOld.h,8272,SPAPI A_Err	(*AEGP_StartUndoGroup)(									/* MUST be balanced with call to AEGP_EndUndoGroup() */
Headers\AE_GeneralPlugOld.h,8337,#define	kAEGPRenderSuiteVersion1			1 /* frozen in AE 5.5.1 */
Headers\AE_GeneralPlugOld.h,8341,SPAPI A_Err (*AEGP_RenderAndCheckoutFrame)(
Headers\AE_GeneralPlugOld.h,8342,"AEGP_RenderOptionsH				optionsH,					/* >> */"
Headers\AE_GeneralPlugOld.h,8343,"AEGP_RenderSuiteCheckForCancel	cancel_functionP0,			/* >> optional*/"
Headers\AE_GeneralPlugOld.h,8345,AEGP_FrameReceiptH				*receiptPH);				/* << check in using AEGP_CheckinFrame to release memory */
Headers\AE_GeneralPlugOld.h,8348,AEGP_FrameReceiptH		receiptH);							/* >> */
Headers\AE_GeneralPlugOld.h,8354,SPAPI A_Err (*AEGP_GetReceiptWorld)(
Headers\AE_GeneralPlugOld.h,8355,"AEGP_FrameReceiptH		receiptH,							/* >> */"
Headers\AE_GeneralPlugOld.h,8358,SPAPI A_Err (*AEGP_GetRenderedRegion)(
Headers\AE_GeneralPlugOld.h,8359,"AEGP_FrameReceiptH		receiptH,							/* >> */"
Headers\AE_GeneralPlugOld.h,8360,A_LRect					*rendered_regionP);					/* << */
Headers\AE_GeneralPlugOld.h,8362,SPAPI A_Err (*AEGP_IsRenderedFrameSufficient)(
Headers\AE_GeneralPlugOld.h,8363,"AEGP_RenderOptionsH rendered_optionsH,					/* >> */"
Headers\AE_GeneralPlugOld.h,8364,"AEGP_RenderOptionsH proposed_optionsH,					/* >> */"
Headers\AE_GeneralPlugOld.h,8365,A_Boolean			*rendered_is_sufficientPB);			/* << */
Headers\AE_GeneralPlugOld.h,8367,SPAPI A_Err (*AEGP_RenderNewItemSoundData)( 								/* Works on Compositions and Footage items. */
Headers\AE_GeneralPlugOld.h,8372,"AEGP_RenderSuiteCheckForCancel	cancel_functionP0,			/* >> optional*/"
Headers\AE_GeneralPlugOld.h,8374,AEGP_SoundDataH					*new_sound_dataPH);			/* << AEGP_SoundDataH must be disposed. Returns NULL if no audio */
Headers\AE_GeneralPlugOld.h,8376,} AEGP_RenderSuite1;
Headers\AE_GeneralPlugOld.h,8379,#define	kAEGPRenderSuiteVersion2			2 /* frozen in 6.5 */
Headers\AE_GeneralPlugOld.h,8382,typedef A_Err (*AEGP_RenderSuiteCheckForCancelv1)(
Headers\AE_GeneralPlugOld.h,8387,SPAPI A_Err (*AEGP_RenderAndCheckoutFrame)(
Headers\AE_GeneralPlugOld.h,8388,"AEGP_RenderOptionsH				optionsH,					/* >> */"
Headers\AE_GeneralPlugOld.h,8389,"AEGP_RenderSuiteCheckForCancelv1	cancel_functionP0,			/* >> optional*/"
Headers\AE_GeneralPlugOld.h,8391,AEGP_FrameReceiptH				*receiptPH);				/* << check in using AEGP_CheckinFrame to release memory */
Headers\AE_GeneralPlugOld.h,8394,AEGP_FrameReceiptH		receiptH);							/* >> */
Headers\AE_GeneralPlugOld.h,8400,SPAPI A_Err (*AEGP_GetReceiptWorld)(
Headers\AE_GeneralPlugOld.h,8401,"AEGP_FrameReceiptH		receiptH,							/* >> */"
Headers\AE_GeneralPlugOld.h,8404,SPAPI A_Err (*AEGP_GetRenderedRegion)(
Headers\AE_GeneralPlugOld.h,8405,"AEGP_FrameReceiptH		receiptH,							/* >> */"
Headers\AE_GeneralPlugOld.h,8406,A_LRect					*rendered_regionP);					/* << */
Headers\AE_GeneralPlugOld.h,8408,SPAPI A_Err (*AEGP_IsRenderedFrameSufficient)(
Headers\AE_GeneralPlugOld.h,8409,"AEGP_RenderOptionsH rendered_optionsH,					/* >> */"
Headers\AE_GeneralPlugOld.h,8410,"AEGP_RenderOptionsH proposed_optionsH,					/* >> */"
Headers\AE_GeneralPlugOld.h,8411,A_Boolean			*rendered_is_sufficientPB);			/* << */
Headers\AE_GeneralPlugOld.h,8413,SPAPI A_Err (*AEGP_RenderNewItemSoundData)( 								/* Works on Compositions and Footage items. */
Headers\AE_GeneralPlugOld.h,8418,"AEGP_RenderSuiteCheckForCancel	cancel_functionP0,			/* >> optional*/"
Headers\AE_GeneralPlugOld.h,8420,AEGP_SoundDataH					*new_sound_dataPH);			/* << AEGP_SoundDataH must be disposed. Returns NULL if no audio */
Headers\AE_GeneralPlugOld.h,8423,// returns the current timestamp of the project.this is increased any time something is touched in the project
Headers\AE_GeneralPlugOld.h,8424,// that affects rendering
Headers\AE_GeneralPlugOld.h,8425,SPAPI A_Err (*AEGP_GetCurrentTimestamp)(
Headers\AE_GeneralPlugOld.h,8426,AEGP_TimeStamp * time_stampP); // out
Headers\AE_GeneralPlugOld.h,8430,"SPAPI A_Err (*AEGP_HasItemChangedSinceTimestamp)(AEGP_ItemH itemH,					// in"
Headers\AE_GeneralPlugOld.h,8433,"const AEGP_TimeStamp * time_stampP, //in"
Headers\AE_GeneralPlugOld.h,8436,// checks whether this frame would be worth rendering externally and
Headers\AE_GeneralPlugOld.h,8437,// checking in to the cache. a speculative renderer should check this twice:
Headers\AE_GeneralPlugOld.h,8438,// (1) before sending the frame out to render
Headers\AE_GeneralPlugOld.h,8440,// (don't forget to call AEGP_HasItemChangedSinceTimestamp also!)
Headers\AE_GeneralPlugOld.h,8441,"SPAPI A_Err (*AEGP_IsItemWorthwhileToRender)(	AEGP_RenderOptionsH roH,					// in"
Headers\AE_GeneralPlugOld.h,8442,"const AEGP_TimeStamp* time_stampP,		// in"
Headers\AE_GeneralPlugOld.h,8443,A_Boolean *worthwhile_to_renderPB);	// out
Headers\AE_GeneralPlugOld.h,8445,// ticks_to_render is the approximate amount of time needed to render the frame
Headers\AE_GeneralPlugOld.h,8447,"SPAPI A_Err (*AEGP_CheckinRenderedFrame)( AEGP_RenderOptionsH roH,					// in"
Headers\AE_GeneralPlugOld.h,8448,"const AEGP_TimeStamp* time_stampP,		// in"
Headers\AE_GeneralPlugOld.h,8449,"A_u_long ticks_to_renderL,				// in"
Headers\AE_GeneralPlugOld.h,8451,} AEGP_RenderSuite2;
Headers\AE_GeneralPlugOld.h,8454,#define	kAEGPRenderSuiteVersion3			3 /* frozen in 11.0 */
Headers\AE_GeneralPlugOld.h,8457,SPAPI A_Err (*AEGP_RenderAndCheckoutFrame)(
Headers\AE_GeneralPlugOld.h,8458,"AEGP_RenderOptionsH				optionsH,					/* >> */"
Headers\AE_GeneralPlugOld.h,8459,"AEGP_RenderSuiteCheckForCancel	cancel_functionP0,			/* >> optional*/"
Headers\AE_GeneralPlugOld.h,8461,AEGP_FrameReceiptH				*receiptPH);				/* << check in using AEGP_CheckinFrame to release memory */
Headers\AE_GeneralPlugOld.h,8464,AEGP_FrameReceiptH		receiptH);							/* >> */
Headers\AE_GeneralPlugOld.h,8470,SPAPI A_Err (*AEGP_GetReceiptWorld)(
Headers\AE_GeneralPlugOld.h,8471,"AEGP_FrameReceiptH		receiptH,							/* >> */"
Headers\AE_GeneralPlugOld.h,8474,SPAPI A_Err (*AEGP_GetRenderedRegion)(
Headers\AE_GeneralPlugOld.h,8475,"AEGP_FrameReceiptH		receiptH,							/* >> */"
Headers\AE_GeneralPlugOld.h,8476,A_LRect					*rendered_regionP);					/* << */
Headers\AE_GeneralPlugOld.h,8478,SPAPI A_Err (*AEGP_IsRenderedFrameSufficient)(
Headers\AE_GeneralPlugOld.h,8479,"AEGP_RenderOptionsH rendered_optionsH,					/* >> */"
Headers\AE_GeneralPlugOld.h,8480,"AEGP_RenderOptionsH proposed_optionsH,					/* >> */"
Headers\AE_GeneralPlugOld.h,8481,A_Boolean			*rendered_is_sufficientPB);			/* << */
Headers\AE_GeneralPlugOld.h,8483,SPAPI A_Err (*AEGP_RenderNewItemSoundData)( 								/* Works on Compositions and Footage items. */
Headers\AE_GeneralPlugOld.h,8488,"AEGP_RenderSuiteCheckForCancel	cancel_functionP0,			/* >> optional*/"
Headers\AE_GeneralPlugOld.h,8490,AEGP_SoundDataH					*new_sound_dataPH);			/* << AEGP_SoundDataH must be disposed. Returns NULL if no audio */
Headers\AE_GeneralPlugOld.h,8493,// returns the current timestamp of the project.this is increased any time something is touched in the project
Headers\AE_GeneralPlugOld.h,8494,// that affects rendering
Headers\AE_GeneralPlugOld.h,8495,SPAPI A_Err (*AEGP_GetCurrentTimestamp)(
Headers\AE_GeneralPlugOld.h,8496,AEGP_TimeStamp * time_stampP); // out
Headers\AE_GeneralPlugOld.h,8500,"SPAPI A_Err (*AEGP_HasItemChangedSinceTimestamp)(AEGP_ItemH itemH,					// in"
Headers\AE_GeneralPlugOld.h,8503,"const AEGP_TimeStamp * time_stampP, //in"
Headers\AE_GeneralPlugOld.h,8506,// checks whether this frame would be worth rendering externally and
Headers\AE_GeneralPlugOld.h,8507,// checking in to the cache. a speculative renderer should check this twice:
Headers\AE_GeneralPlugOld.h,8508,// (1) before sending the frame out to render
Headers\AE_GeneralPlugOld.h,8510,// (don't forget to call AEGP_HasItemChangedSinceTimestamp also!)
Headers\AE_GeneralPlugOld.h,8511,"SPAPI A_Err (*AEGP_IsItemWorthwhileToRender)(	AEGP_RenderOptionsH roH,					// in"
Headers\AE_GeneralPlugOld.h,8512,"const AEGP_TimeStamp* time_stampP,		// in"
Headers\AE_GeneralPlugOld.h,8513,A_Boolean *worthwhile_to_renderPB);	// out
Headers\AE_GeneralPlugOld.h,8515,// ticks_to_render is the approximate amount of time needed to render the frame
Headers\AE_GeneralPlugOld.h,8517,"SPAPI A_Err (*AEGP_CheckinRenderedFrame)( AEGP_RenderOptionsH roH,					// in"
Headers\AE_GeneralPlugOld.h,8518,"const AEGP_TimeStamp* time_stampP,		// in"
Headers\AE_GeneralPlugOld.h,8519,"A_u_long ticks_to_renderL,				// in"
Headers\AE_GeneralPlugOld.h,8522,"SPAPI A_Err (*AEGP_GetReceiptGuid) (AEGP_FrameReceiptH receiptH, 	// in"
Headers\AE_GeneralPlugOld.h,8523,"AEGP_MemHandle *guidMH);	// out, must be disposed"
Headers\AE_GeneralPlugOld.h,8524,} AEGP_RenderSuite3;
Headers\AE_GeneralPlugOld.h,8527,#define	kAEGPRenderSuiteVersion4			5 /* frozen in 13.0 */
Headers\AE_GeneralPlugOld.h,8530,SPAPI A_Err (*AEGP_RenderAndCheckoutFrame)(
Headers\AE_GeneralPlugOld.h,8531,"AEGP_RenderOptionsH				optionsH,					/* >> */"
Headers\AE_GeneralPlugOld.h,8532,"AEGP_RenderSuiteCheckForCancel	cancel_functionP0,			/* >> optional*/"
Headers\AE_GeneralPlugOld.h,8534,AEGP_FrameReceiptH				*receiptPH);				/* << check in using AEGP_CheckinFrame to release memory */
Headers\AE_GeneralPlugOld.h,8536,SPAPI A_Err (*AEGP_RenderAndCheckoutLayerFrame)(
Headers\AE_GeneralPlugOld.h,8537,"AEGP_LayerRenderOptionsH			optionsH,					/* >> */"
Headers\AE_GeneralPlugOld.h,8538,"A_Boolean							render_plain_layer_frameB,	/* >> true to render layer frame, false to render effect input frame */"
Headers\AE_GeneralPlugOld.h,8539,"AEGP_RenderSuiteCheckForCancel		cancel_functionP0,			/* >> optional*/"
Headers\AE_GeneralPlugOld.h,8541,AEGP_FrameReceiptH					*receiptPH);				/* << check in using AEGP_CheckinFrame to release memory */
Headers\AE_GeneralPlugOld.h,8544,AEGP_FrameReceiptH		receiptH);							/* >> */
Headers\AE_GeneralPlugOld.h,8550,SPAPI A_Err (*AEGP_GetReceiptWorld)(
Headers\AE_GeneralPlugOld.h,8551,"AEGP_FrameReceiptH		receiptH,							/* >> */"
Headers\AE_GeneralPlugOld.h,8554,SPAPI A_Err (*AEGP_GetRenderedRegion)(
Headers\AE_GeneralPlugOld.h,8555,"AEGP_FrameReceiptH		receiptH,							/* >> */"
Headers\AE_GeneralPlugOld.h,8556,A_LRect					*rendered_regionP);					/* << */
Headers\AE_GeneralPlugOld.h,8558,SPAPI A_Err (*AEGP_IsRenderedFrameSufficient)(
Headers\AE_GeneralPlugOld.h,8559,"AEGP_RenderOptionsH rendered_optionsH,					/* >> */"
Headers\AE_GeneralPlugOld.h,8560,"AEGP_RenderOptionsH proposed_optionsH,					/* >> */"
Headers\AE_GeneralPlugOld.h,8561,A_Boolean			*rendered_is_sufficientPB);			/* << */
Headers\AE_GeneralPlugOld.h,8563,SPAPI A_Err (*AEGP_RenderNewItemSoundData)( 								/* Works on Compositions and Footage items. */
Headers\AE_GeneralPlugOld.h,8568,"AEGP_RenderSuiteCheckForCancel	cancel_functionP0,			/* >> optional*/"
Headers\AE_GeneralPlugOld.h,8570,AEGP_SoundDataH					*new_sound_dataPH);			/* << AEGP_SoundDataH must be disposed. Returns NULL if no audio */
Headers\AE_GeneralPlugOld.h,8573,// returns the current timestamp of the project.this is increased any time something is touched in the project
Headers\AE_GeneralPlugOld.h,8574,// that affects rendering
Headers\AE_GeneralPlugOld.h,8575,SPAPI A_Err (*AEGP_GetCurrentTimestamp)(
Headers\AE_GeneralPlugOld.h,8576,AEGP_TimeStamp * time_stampP); // out
Headers\AE_GeneralPlugOld.h,8580,"SPAPI A_Err (*AEGP_HasItemChangedSinceTimestamp)(AEGP_ItemH itemH,					// in"
Headers\AE_GeneralPlugOld.h,8583,"const AEGP_TimeStamp * time_stampP, //in"
Headers\AE_GeneralPlugOld.h,8586,// checks whether this frame would be worth rendering externally and
Headers\AE_GeneralPlugOld.h,8587,// checking in to the cache. a speculative renderer should check this twice:
Headers\AE_GeneralPlugOld.h,8588,// (1) before sending the frame out to render
Headers\AE_GeneralPlugOld.h,8590,// (don't forget to call AEGP_HasItemChangedSinceTimestamp also!)
Headers\AE_GeneralPlugOld.h,8591,"SPAPI A_Err (*AEGP_IsItemWorthwhileToRender)(	AEGP_RenderOptionsH roH,					// in"
Headers\AE_GeneralPlugOld.h,8592,"const AEGP_TimeStamp* time_stampP,		// in"
Headers\AE_GeneralPlugOld.h,8593,A_Boolean *worthwhile_to_renderPB);	// out
Headers\AE_GeneralPlugOld.h,8595,// ticks_to_render is the approximate amount of time needed to render the frame
Headers\AE_GeneralPlugOld.h,8597,"SPAPI A_Err (*AEGP_CheckinRenderedFrame)( AEGP_RenderOptionsH roH,					// in"
Headers\AE_GeneralPlugOld.h,8598,"const AEGP_TimeStamp* time_stampP,		// in"
Headers\AE_GeneralPlugOld.h,8599,"A_u_long ticks_to_renderL,				// in"
Headers\AE_GeneralPlugOld.h,8602,"SPAPI A_Err (*AEGP_GetReceiptGuid) (AEGP_FrameReceiptH receiptH, 	// in"
Headers\AE_GeneralPlugOld.h,8603,"AEGP_MemHandle *guidMH);	// out, must be disposed"
Headers\AE_GeneralPlugOld.h,8604,} AEGP_RenderSuite4;
Headers\AE_GeneralPlugOld.h,8768,AEGP_StreamRefH 		*streamPH);				/* << must be disposed by caller! */
Headers\AE_GeneralPlugOld.h,8798,AEGP_StreamRefH 		*streamPH);				/* << must be disposed by caller! */
Headers\AE_GeneralPlugOld.h,8804,AEGP_StreamRefH 		*streamPH);				/* << must be disposed by caller! */
Headers\AE_GeneralPlugOld.h,8833,AEGP_StreamRefH			*streamPH0);			/* << must be disposed by caller! */
Headers\AE_GeneralPlugOld.h,8842,AEGP_StreamRefH			*parent_streamPH);		/* << must be disposed by caller! */
Headers\AE_GeneralPlugOld.h,8857,AEGP_StreamRefH 		*streamPH);				/* << must be disposed by caller! */
Headers\AE_GeneralPlugOld.h,8889,AEGP_StreamRefH 		*streamPH);				/* << must be disposed by caller! */
Headers\AE_GeneralPlugOld.h,8895,AEGP_StreamRefH 		*streamPH);				/* << must be disposed by caller! */
Headers\AE_GeneralPlugOld.h,8924,AEGP_StreamRefH			*streamPH0);			/* << must be disposed by caller! */
Headers\AE_GeneralPlugOld.h,8933,AEGP_StreamRefH			*parent_streamPH);		/* << must be disposed by caller! */
Headers\AE_GeneralPlugOld.h,8948,AEGP_StreamRefH 		*streamPH);				/* << must be disposed by caller! */
Headers\AE_GeneralPlugOld.h,8980,AEGP_StreamRefH 		*streamPH);				/* << must be disposed by caller! */
Headers\AE_GeneralPlugOld.h,8986,AEGP_StreamRefH 		*streamPH);				/* << must be disposed by caller! */
Headers\AE_GeneralPlugOld.h,9015,AEGP_StreamRefH			*streamPH0);			/* << must be disposed by caller! */
Headers\AE_GeneralPlugOld.h,9024,AEGP_StreamRefH			*parent_streamPH);		/* << must be disposed by caller! */
Headers\AE_GeneralPlugOld.h,9039,"#define	kAEGPRenderOptionsSuite					""AEGP Render Options Suite"""
Headers\AE_GeneralPlugOld.h,9040,#define	kAEGPRenderOptionsSuiteVersion3			3 /* frozen in AE 7.01 */
Headers\AE_GeneralPlugOld.h,9046,// field render to none
Headers\AE_GeneralPlugOld.h,9051,AEGP_RenderOptionsH	*optionsPH);		/* << */
Headers\AE_GeneralPlugOld.h,9055,"AEGP_RenderOptionsH	optionsH,			/* >> */"
Headers\AE_GeneralPlugOld.h,9056,AEGP_RenderOptionsH	*copyPH);			/* << */
Headers\AE_GeneralPlugOld.h,9059,AEGP_RenderOptionsH	optionsH);			/* >> */
Headers\AE_GeneralPlugOld.h,9061,SPAPI A_Err (*AEGP_SetTime)(							/* the render time */
Headers\AE_GeneralPlugOld.h,9062,"AEGP_RenderOptionsH	optionsH,			/* <> */"
Headers\AE_GeneralPlugOld.h,9066,"AEGP_RenderOptionsH	optionsH,			/* >> */"
Headers\AE_GeneralPlugOld.h,9070,"AEGP_RenderOptionsH	optionsH,			/* <> */"
Headers\AE_GeneralPlugOld.h,9074,"AEGP_RenderOptionsH	optionsH,			/* >> */"
Headers\AE_GeneralPlugOld.h,9077,SPAPI A_Err (*AEGP_SetFieldRender)(						/* How fields are to be handled. */
Headers\AE_GeneralPlugOld.h,9078,"AEGP_RenderOptionsH	optionsH,			/* <> */"
Headers\AE_GeneralPlugOld.h,9079,PF_Field			field_render);		/* >> */
Headers\AE_GeneralPlugOld.h,9081,SPAPI A_Err (*AEGP_GetFieldRender)(
Headers\AE_GeneralPlugOld.h,9082,"AEGP_RenderOptionsH	optionsH,			/* >> */"
Headers\AE_GeneralPlugOld.h,9083,PF_Field			*field_renderP);	/* << */
Headers\AE_GeneralPlugOld.h,9087,"AEGP_RenderOptionsH	optionsH,			/* <> */"
Headers\AE_GeneralPlugOld.h,9091,"AEGP_RenderOptionsH	optionsH,			/* >> */"
Headers\AE_GeneralPlugOld.h,9099,"AEGP_RenderOptionsH	optionsH,			/* <> */"
Headers\AE_GeneralPlugOld.h,9104,"AEGP_RenderOptionsH	optionsH,			/* >> */"
Headers\AE_GeneralPlugOld.h,9109,"AEGP_RenderOptionsH	optionsH,			/* <> */"
Headers\AE_GeneralPlugOld.h,9110,"const A_LRect		*roiP);				/* >>  {0,0,0,0} for all*/"
Headers\AE_GeneralPlugOld.h,9113,"AEGP_RenderOptionsH	optionsH,			/* >> */"
Headers\AE_GeneralPlugOld.h,9114,A_LRect				*roiP);				/* << */
Headers\AE_GeneralPlugOld.h,9117,"AEGP_RenderOptionsH	optionsH,			/* <> */"
Headers\AE_GeneralPlugOld.h,9121,"AEGP_RenderOptionsH	optionsH,			/* >> */"
Headers\AE_GeneralPlugOld.h,9125,"AEGP_RenderOptionsH optionsH,			/* <> */"
Headers\AE_GeneralPlugOld.h,9129,"AEGP_RenderOptionsH optionsH,			/* >> */"
Headers\AE_GeneralPlugOld.h,9132,SPAPI A_Err (*AEGP_GetRenderGuideLayers)(
Headers\AE_GeneralPlugOld.h,9133,"AEGP_RenderOptionsH	optionsH,			/* >> */"
Headers\AE_GeneralPlugOld.h,9134,A_Boolean			*will_renderPB);	/* << */
Headers\AE_GeneralPlugOld.h,9136,SPAPI A_Err (*AEGP_SetRenderGuideLayers)(
Headers\AE_GeneralPlugOld.h,9137,"AEGP_RenderOptionsH	optionsH,			/* >> */"
Headers\AE_GeneralPlugOld.h,9138,A_Boolean			render_themB);		/* >> */
Headers\AE_GeneralPlugOld.h,9140,} AEGP_RenderOptionsSuite3;
Headers\AE_GeneralPlugOld.h,9143,"#define	kAEGPRenderOptionsSuite					""AEGP Render Options Suite"""
Headers\AE_GeneralPlugOld.h,9144,#define	kAEGPRenderOptionsSuiteVersion2			2 /* frozen in AE 7.0 */
Headers\AE_GeneralPlugOld.h,9150,// field render to none
Headers\AE_GeneralPlugOld.h,9155,AEGP_RenderOptionsH	*optionsPH);		/* << */
Headers\AE_GeneralPlugOld.h,9159,"AEGP_RenderOptionsH	optionsH,			/* >> */"
Headers\AE_GeneralPlugOld.h,9160,AEGP_RenderOptionsH	*copyPH);			/* << */
Headers\AE_GeneralPlugOld.h,9163,AEGP_RenderOptionsH	optionsH);			/* >> */
Headers\AE_GeneralPlugOld.h,9165,SPAPI A_Err (*AEGP_SetTime)(							/* the render time */
Headers\AE_GeneralPlugOld.h,9166,"AEGP_RenderOptionsH	optionsH,			/* <> */"
Headers\AE_GeneralPlugOld.h,9170,"AEGP_RenderOptionsH	optionsH,			/* >> */"
Headers\AE_GeneralPlugOld.h,9174,"AEGP_RenderOptionsH	optionsH,			/* <> */"
Headers\AE_GeneralPlugOld.h,9178,"AEGP_RenderOptionsH	optionsH,			/* >> */"
Headers\AE_GeneralPlugOld.h,9181,SPAPI A_Err (*AEGP_SetFieldRender)(						/* How fields are to be handled. */
Headers\AE_GeneralPlugOld.h,9182,"AEGP_RenderOptionsH	optionsH,			/* <> */"
Headers\AE_GeneralPlugOld.h,9183,PF_Field			field_render);		/* >> */
Headers\AE_GeneralPlugOld.h,9185,SPAPI A_Err (*AEGP_GetFieldRender)(
Headers\AE_GeneralPlugOld.h,9186,"AEGP_RenderOptionsH	optionsH,			/* >> */"
Headers\AE_GeneralPlugOld.h,9187,PF_Field			*field_renderP);	/* << */
Headers\AE_GeneralPlugOld.h,9191,"AEGP_RenderOptionsH	optionsH,			/* <> */"
Headers\AE_GeneralPlugOld.h,9195,"AEGP_RenderOptionsH	optionsH,			/* >> */"
Headers\AE_GeneralPlugOld.h,9203,"AEGP_RenderOptionsH	optionsH,			/* <> */"
Headers\AE_GeneralPlugOld.h,9208,"AEGP_RenderOptionsH	optionsH,			/* >> */"
Headers\AE_GeneralPlugOld.h,9213,"AEGP_RenderOptionsH	optionsH,			/* <> */"
Headers\AE_GeneralPlugOld.h,9214,"const A_LRect		*roiP);				/* >>  {0,0,0,0} for all*/"
Headers\AE_GeneralPlugOld.h,9217,"AEGP_RenderOptionsH	optionsH,			/* >> */"
Headers\AE_GeneralPlugOld.h,9218,A_LRect				*roiP);				/* << */
Headers\AE_GeneralPlugOld.h,9221,"AEGP_RenderOptionsH	optionsH,			/* <> */"
Headers\AE_GeneralPlugOld.h,9225,"AEGP_RenderOptionsH	optionsH,			/* >> */"
Headers\AE_GeneralPlugOld.h,9229,"AEGP_RenderOptionsH optionsH,			/* <> */"
Headers\AE_GeneralPlugOld.h,9233,"AEGP_RenderOptionsH optionsH,			/* >> */"
Headers\AE_GeneralPlugOld.h,9235,} AEGP_RenderOptionsSuite2;
Headers\AE_GeneralPlugOld.h,9238,"#define	kAEGPRenderOptionsSuite					""AEGP Render Options Suite"""
Headers\AE_GeneralPlugOld.h,9239,#define	kAEGPRenderOptionsSuiteVersion1			1 /* frozen in AE 5.5.1 */
Headers\AE_GeneralPlugOld.h,9245,// field render to none
Headers\AE_GeneralPlugOld.h,9250,AEGP_RenderOptionsH	*optionsPH);		/* << */
Headers\AE_GeneralPlugOld.h,9254,"AEGP_RenderOptionsH	optionsH,			/* >> */"
Headers\AE_GeneralPlugOld.h,9255,AEGP_RenderOptionsH	*copyPH);			/* << */
Headers\AE_GeneralPlugOld.h,9258,AEGP_RenderOptionsH	optionsH);			/* >> */
Headers\AE_GeneralPlugOld.h,9260,SPAPI A_Err (*AEGP_SetTime)(							/* the render time */
Headers\AE_GeneralPlugOld.h,9261,"AEGP_RenderOptionsH	optionsH,			/* <> */"
Headers\AE_GeneralPlugOld.h,9265,"AEGP_RenderOptionsH	optionsH,			/* >> */"
Headers\AE_GeneralPlugOld.h,9269,"AEGP_RenderOptionsH	optionsH,			/* <> */"
Headers\AE_GeneralPlugOld.h,9273,"AEGP_RenderOptionsH	optionsH,			/* >> */"
Headers\AE_GeneralPlugOld.h,9276,SPAPI A_Err (*AEGP_SetFieldRender)(						/* How fields are to be handled. */
Headers\AE_GeneralPlugOld.h,9277,"AEGP_RenderOptionsH	optionsH,			/* <> */"
Headers\AE_GeneralPlugOld.h,9278,PF_Field			field_render);		/* >> */
Headers\AE_GeneralPlugOld.h,9280,SPAPI A_Err (*AEGP_GetFieldRender)(
Headers\AE_GeneralPlugOld.h,9281,"AEGP_RenderOptionsH	optionsH,			/* >> */"
Headers\AE_GeneralPlugOld.h,9282,PF_Field			*field_renderP);	/* << */
Headers\AE_GeneralPlugOld.h,9286,"AEGP_RenderOptionsH	optionsH,			/* <> */"
Headers\AE_GeneralPlugOld.h,9290,"AEGP_RenderOptionsH	optionsH,			/* >> */"
Headers\AE_GeneralPlugOld.h,9298,"AEGP_RenderOptionsH	optionsH,			/* <> */"
Headers\AE_GeneralPlugOld.h,9303,"AEGP_RenderOptionsH	optionsH,			/* >> */"
Headers\AE_GeneralPlugOld.h,9308,"AEGP_RenderOptionsH	optionsH,			/* <> */"
Headers\AE_GeneralPlugOld.h,9309,"const A_LRect		*roiP);				/* >>  {0,0,0,0} for all*/"
Headers\AE_GeneralPlugOld.h,9312,"AEGP_RenderOptionsH	optionsH,			/* >> */"
Headers\AE_GeneralPlugOld.h,9313,A_LRect				*roiP);				/* << */
Headers\AE_GeneralPlugOld.h,9316,"AEGP_RenderOptionsH	optionsH,			/* <> */"
Headers\AE_GeneralPlugOld.h,9320,"AEGP_RenderOptionsH	optionsH,			/* >> */"
Headers\AE_GeneralPlugOld.h,9323,} AEGP_RenderOptionsSuite1;
Headers\AE_GeneralPlugOld.h,9328,"#define	kAEGPLayerRenderOptionsSuite					""AEGP Layer Render Options Suite"""
Headers\AE_GeneralPlugOld.h,9329,#define	kAEGPLayerRenderOptionsSuiteVersion1			1 /* frozen in 13.0 */
Headers\AE_GeneralPlugOld.h,9332,// optionsPH must be disposed by calling code
Headers\AE_GeneralPlugOld.h,9337,// ROI to the layer's nominal bounds
Headers\AE_GeneralPlugOld.h,9338,"// EffectsToRender to ""all"""
Headers\AE_GeneralPlugOld.h,9342,AEGP_LayerRenderOptionsH	*optionsPH);	/* << */
Headers\AE_GeneralPlugOld.h,9344,// optionsPH must be disposed by calling code
Headers\AE_GeneralPlugOld.h,9345,"// like AEGP_NewFromLayer, but sets EffectsToRender to be the index fof effectH"
Headers\AE_GeneralPlugOld.h,9349,AEGP_LayerRenderOptionsH	*optionsPH);	/* << */
Headers\AE_GeneralPlugOld.h,9351,// copyPH must be disposed by calling code
Headers\AE_GeneralPlugOld.h,9354,"AEGP_LayerRenderOptionsH	optionsH,		/* >> */"
Headers\AE_GeneralPlugOld.h,9355,AEGP_LayerRenderOptionsH	*copyPH);		/* << */
Headers\AE_GeneralPlugOld.h,9358,AEGP_LayerRenderOptionsH	optionsH);		/* >> */
Headers\AE_GeneralPlugOld.h,9360,SPAPI A_Err (*AEGP_SetTime)(								/* the render time */
Headers\AE_GeneralPlugOld.h,9361,"AEGP_LayerRenderOptionsH	optionsH,		/* <> */"
Headers\AE_GeneralPlugOld.h,9365,"AEGP_LayerRenderOptionsH	optionsH,		/* >> */"
Headers\AE_GeneralPlugOld.h,9369,"AEGP_LayerRenderOptionsH	optionsH,		/* <> */"
Headers\AE_GeneralPlugOld.h,9373,"AEGP_LayerRenderOptionsH	optionsH,		/* >> */"
Headers\AE_GeneralPlugOld.h,9377,"AEGP_LayerRenderOptionsH	optionsH,		/* <> */"
Headers\AE_GeneralPlugOld.h,9381,"AEGP_LayerRenderOptionsH	optionsH,		/* >> */"
Headers\AE_GeneralPlugOld.h,9388,"AEGP_LayerRenderOptionsH	optionsH,		/* <> */"
Headers\AE_GeneralPlugOld.h,9393,"AEGP_LayerRenderOptionsH	optionsH,		/* >> */"
Headers\AE_GeneralPlugOld.h,9398,"AEGP_LayerRenderOptionsH	optionsH,		/* <> */"
Headers\AE_GeneralPlugOld.h,9402,"AEGP_LayerRenderOptionsH	optionsH,		/* >> */"
Headers\AE_GeneralPlugOld.h,9404,} AEGP_LayerRenderOptionsSuite1;
Headers\AE_GeneralPlugOld.h,9414,"PR_RenderContextH 		render_contextH,"
Headers\AE_GeneralPlugOld.h,9424,"PR_RenderContextH 		render_contextH,"
Headers\AE_GeneralPlugOld.h,9434,AEGP_WorldH		dstH);		// out; must be the same size (can be the same as source)
Headers\AE_GeneralPlugOld.h,9455,AEGP_MemHandle			*unicode_descPH);	// <<	handle of A_UTF16Char (contains null terminated UTF16 string); must be disposed with AEGP_FreeMemHandle
Headers\AE_GeneralPlugOld.h,9476,"PR_RenderContextH 		render_contextH,"
Headers\AE_GeneralPlugOld.h,9486,AEGP_WorldH		dstH);		// out; must be the same size (can be the same as source)
Headers\AE_GeneralPlugOld.h,9507,AEGP_MemHandle			*unicode_descPH);	// <<	handle of A_UTF16Char (contains null terminated UTF16 string); must be disposed with AEGP_FreeMemHandle
Headers\AE_GeneralPlugOld.h,9530,"PR_RenderContextH 		render_contextH,"
Headers\AE_GeneralPlugOld.h,9540,AEGP_WorldH		dstH);		// out; must be the same size (can be the same as source)
Headers\AE_GeneralPlugOld.h,9561,AEGP_MemHandle			*unicode_descPH);	// <<	handle of A_UTF16Char (contains null terminated UTF16 string); must be disposed with AEGP_FreeMemHandle
Headers\AE_GeneralPlugOld.h,9593,"PR_RenderContextH 		render_contextH,"
Headers\AE_GeneralPlugOld.h,9603,AEGP_WorldH		dstH);		// out; must be the same size (can be the same as source)
Headers\AE_GeneralPlugOld.h,9624,AEGP_MemHandle			*unicode_descPH);	// <<	handle of A_UTF16Char (contains null terminated UTF16 string); must be disposed with AEGP_FreeMemHandle
Headers\AE_GeneralPlugOld.h,9693,"AEGP_MemHandle			*unicodePH);		/* << handle of A_u_short, UTF16, NULL terminated, must be disposed with AEGP_FreeMemHandle */"
Headers\AE_GeneralPlugOld.h,9708,"A_long					param_indexL,		// >> must be between 0 and count - 1. else error"
Headers\AE_GeneralPlugOld.h,9709,"AEGP_MemHandle			*unicodeKeyPH,		// << handle of A_u_short, UTF16, NULL terminated, must be disposed with AEGP_FreeMemHandle"
Headers\AE_GeneralPlugOld.h,9710,"AEGP_MemHandle			*unicodeValuePH);	// << handle of A_u_short, UTF16, NULL terminated, must be disposed with AEGP_FreeMemHandle"
Headers\AE_GeneralPlugOld.h,9714,"A_long					param_indexL,		// must be between 0 and count - 1. else error"
Headers\AE_GeneralPlugOld.h,9724,A_long					param_indexL);		// must be between 0 and count. else error
Headers\AE_GeneralPlugOld.h,9728,A_long					param_indexL);		// must be between 0 and count - 1. else error
Headers\AE_GeneralPlugOld.h,9760,"AEGP_MemHandle			*unicodePH);		/* << handle of A_u_short, UTF16, NULL terminated, must be disposed with AEGP_FreeMemHandle */"
Headers\AE_GeneralPlugOld.h,9775,"A_long					param_indexL,		// >> must be between 0 and count - 1. else error"
Headers\AE_GeneralPlugOld.h,9776,"AEGP_MemHandle			*unicodeKeyPH,		// << handle of A_u_short, UTF16, NULL terminated, must be disposed with AEGP_FreeMemHandle"
Headers\AE_GeneralPlugOld.h,9777,"AEGP_MemHandle			*unicodeValuePH);	// << handle of A_u_short, UTF16, NULL terminated, must be disposed with AEGP_FreeMemHandle"
Headers\AE_GeneralPlugOld.h,9781,"A_long					param_indexL,		// must be between 0 and count - 1. else error"
Headers\AE_GeneralPlugOld.h,9791,A_long					param_indexL);		// must be between 0 and count. else error
Headers\AE_GeneralPlugOld.h,9795,A_long					param_indexL);		// must be between 0 and count - 1. else error
Headers\AE_GeneralPlugOld.h,9826,AEGP_MemHandle		*unicode_pathPH);			// << empty string if no file. handle of A_UTF16Char (contains null terminated UTF16 string); must be disposed with AEGP_FreeMemHandle
Headers\AE_GeneralPlugOld.h,9844,SPAPI A_Err (*AEGP_ProjectIsDirty)(
Headers\AE_GeneralPlugOld.h,9846,A_Boolean			*is_dirtyPB);				/* << */
Headers\AE_GeneralPlugOld.h,9853,AEGP_ProjectH	*new_projectPH);				/* << WARNING: Will close any open projects! */
Headers\AE_GeneralPlugOld.h,9855,// WARNING: Will close any open projects!
Headers\AE_GeneralPlugOld.h,9926,"A_u_long				data_sizeLu,	/* >> bufPV & default must be this big, if pref isn't then the default will be used */"
Headers\AE_GeneralPlugOld.h,9992,AEGP_MemHandle			*unicode_pathPH);		// << empty string if no file. handle of A_UTF16Char (contains null terminated UTF16 string); must be disposed with AEGP_FreeMemHandle
Headers\AE_GeneralPlugOld.h,10032,AEGP_MemHandle    *unicode_pathPH);        // << handle of A_UTF16Char (contains null terminated UTF16 string); must be disposed with AEGP_FreeMemHandle
Headers\AE_GeneralPlugOld.h,10187,SPAPI A_Err    (*AEGP_SetInSpecStillSequenceNativeFPS)(
Headers\AE_GeneralPlugOld.h,10217,AEGP_MemHandle    *unicode_pathPH);        // << handle of A_UTF16Char (contains null terminated UTF16 string); must be disposed with AEGP_FreeMemHandle
Headers\AE_GeneralPlugOld.h,10372,SPAPI A_Err    (*AEGP_SetInSpecStillSequenceNativeFPS)(
Headers\AE_GeneralPlugOld.h,10393,AEGP_MemHandle	*unicode_pathPH);		// << handle of A_UTF16Char (contains null terminated UTF16 string); must be disposed with AEGP_FreeMemHandle
Headers\AE_GeneralPlugOld.h,10544,"AEGP_MemHandle    *unicode_pathPH,        // << handle of A_UTF16Char (contains null terminated UTF16 string); must be disposed with AEGP_FreeMemHandle"
Headers\AE_GeneralPlugOld.h,10545,"A_Boolean        *file_reservedPB);        /* << If the file is reserved, do not create the file."
Headers\AE_GeneralPlugOld.h,10546,"Otherwise, multi-machine rendering can fail."
Headers\AE_GeneralPlugOld.h,10702,"AEGP_MemHandle	*unicode_pathPH,		// << handle of A_UTF16Char (contains null terminated UTF16 string); must be disposed with AEGP_FreeMemHandle"
Headers\AE_GeneralPlugOld.h,10703,"A_Boolean		*file_reservedPB);		/* << If the file is reserved, do not create the file."
Headers\AE_GeneralPlugOld.h,10704,"Otherwise, multi-machine rendering can fail."
Headers\AE_GeneralPlugOld.h,10862,// from the render queue and replacing an existing item.
Headers\AE_GeneralPlugOld.h,10871,#pragma warning(push)
Headers\AE_GeneralPlugOld.h,10872,#pragma warning(disable : 4103)
Headers\AE_GeneralPlugOld.h,10879,#pragma warning(pop)
Headers\AE_GeneralPlugPanels.h,23,#ifndef AEGP_INTERNAL
Headers\AE_GeneralPlugPanels.h,31,#pragma warning(push)
Headers\AE_GeneralPlugPanels.h,32,#pragma warning(disable : 4103)
Headers\AE_GeneralPlugPanels.h,39,#pragma warning(pop)
Headers\AE_GeneralPlugPanels.h,111,"const A_u_char*				in_utf8_match_nameZ, // do not localize"
Headers\AE_GeneralPlugPanels.h,118,const A_u_char*				in_utf8_match_nameZ);	// do not localize match name
Headers\AE_GeneralPlugPanels.h,144,#pragma warning(push)
Headers\AE_GeneralPlugPanels.h,145,#pragma warning(disable : 4103)
Headers\AE_GeneralPlugPanels.h,152,#pragma warning(pop)
Headers\AE_GeneralPlugPost.h,9,#pragma warning(push)
Headers\AE_GeneralPlugPost.h,10,#pragma warning(disable : 4103)
Headers\AE_GeneralPlugPost.h,17,#pragma warning(pop)
Headers\AE_GeneralPlugPre.h,6,#pragma warning(push)
Headers\AE_GeneralPlugPre.h,7,#pragma warning(disable : 4103)
Headers\AE_GeneralPlugPre.h,14,#pragma warning(pop)
Headers\AE_HashSuite.h,21,#ifdef AEGP_INTERNAL
Headers\AE_HashSuite.h,22,#include <AE_GeneralPlug_Private.h>
Headers\AE_HashSuite.h,25,#include <AE_ComputeCacheSuite.h>
Headers\AE_HashSuite.h,39,AEGP_GUID				*hashP);		/* << result */
Headers\AE_HashSuite.h,44,AEGP_GUID				*hashP);		/* <> guid to be mixed in */
Headers\AE_Hook.h,49,AE_BlitOutFlag_ASYNCHRONOUS = 1L << 0
Headers\AE_Hook.h,54,AE_BlitInFlag_RENDERING = 1L << 0
Headers\AE_Hook.h,96,typedef struct _AE_BlitReceipt			*AE_BlitReceipt;		// opaque
Headers\AE_Hook.h,111,"typedef void		(*AE_BlitCompleteFunc)(	AE_BlitReceipt			receipt,"
Headers\AE_Hook.h,112,PF_Err					err);		// non zero if error during asynch operation
Headers\AE_Hook.h,118,"AE_BlitReceipt				receipt,		/* >> */"
Headers\AE_IO.h,32,#pragma warning(push)
Headers\AE_IO.h,33,#pragma warning(disable : 4103)
Headers\AE_IO.h,40,#pragma warning(pop)
Headers\AE_IO.h,62,#ifndef AEGP_INTERNAL
Headers\AE_IO.h,65,#ifndef _H_AE_GENERALPLUG_PRIVATE_H
Headers\AE_IO.h,66,#error include general plug private header before including AEIO
Headers\AE_IO.h,99,"AEIO_Err_NOT_SEQUENCE,"
Headers\AE_IO.h,276,"A_char				type[AEIO_MAX_SEQ_NAME_LEN+1];			// e.g. ""PICT Sequence"" ""QT Movie"""
Headers\AE_IO.h,285,#pragma warning(push)
Headers\AE_IO.h,286,#pragma warning(disable : 4103)
Headers\AE_IO.h,293,#pragma warning(pop)
Headers\AE_IO.h,300,////////////////// redefined in PRIVATE /////////////////
Headers\AE_IO.h,303,#ifdef A_INTERNAL
Headers\AE_IO.h,304,#include <AE_IO_Private.h>
Headers\AE_IO.h,307,#pragma warning(push)
Headers\AE_IO.h,308,#pragma warning(disable : 4103)
Headers\AE_IO.h,315,#pragma warning(pop)
Headers\AE_IO.h,365,#if defined(A_INTERNAL) && defined(__cplusplus)
Headers\AE_IO.h,399,"AEIO_RenderMarkerFlag_NONE = 0x00000000,"
Headers\AE_IO.h,400,AEIO_RenderMarkerFlag_COMP = 0x00000001 // if 1 means comp marker; 0 means Layer marker
Headers\AE_IO.h,402,typedef A_long	AEIO_RenderMarkerFlag;
Headers\AE_IO.h,409,#pragma warning(push)
Headers\AE_IO.h,410,#pragma warning(disable : 4103)
Headers\AE_IO.h,417,#pragma warning(pop)
Headers\AE_IO.h,421,#endif // A_INTERNAL
Headers\AE_IO.h,424,#pragma warning(push)
Headers\AE_IO.h,425,#pragma warning(disable : 4103)
Headers\AE_IO.h,432,#pragma warning(pop)
Headers\AE_IO.h,466,"AEIO_MFlag_CANT_SOUND_INTERLEAVE	= (1L<<11),	// all frames must be added, then sound"
Headers\AE_IO.h,476,"AEIO_MFlag_SEQUENCE_OPTIONS_OK		= (1L<<20),	// this module should take the options of its parent sequence when a folder is selected"
Headers\AE_IO.h,477,"AEIO_MFlag_INPUT_OPTIONS			= (1L<<21),	// this module has user options associated with an input sequence. NOTE: options must be flat."
Headers\AE_IO.h,478,"AEIO_MFlag_HSF_AWARE			  	= (1L<<22),	// this module set the hsf for incoming sequences -> don't guess what it is!"
Headers\AE_IO.h,481,"AEIO_MFlag_NO_UI					= (1L<<25),	// don't show any UI for this module"
Headers\AE_IO.h,482,"AEIO_MFlag_SEQ_OPTIONS_DLG			= (1L<<26),	// module has sequence options"
Headers\AE_IO.h,584,A_Err	(*AEIO_FlattenOptions)(
Headers\AE_IO.h,788,AEGP_MemHandle			*pathPH);			// << handle of A_UTF16Char (contains null terminated UTF16 string); must be disposed with AEGP_FreeMemHandle
Headers\AE_IO.h,847,"AEIO_RenderMarkerFlag	marker_flag,"
Headers\AE_IO.h,864,#pragma warning(push)
Headers\AE_IO.h,865,#pragma warning(disable : 4103)
Headers\AE_IO.h,872,#pragma warning(pop)
Headers\AE_PluginData.h,26,#ifdef A_INTERNAL
Headers\AE_PluginData.h,27,"#include ""PF_Private.h"""
Headers\AE_PluginData.h,33,#pragma warning(push)
Headers\AE_PluginData.h,34,#pragma warning(disable : 4103)
Headers\AE_PluginData.h,41,#pragma warning(pop)
Headers\AE_PluginData.h,70,"// If the kind is eFKT, this argument must be PF_AE_PLUG_IN_VERSION"
Headers\AE_PluginData.h,72,"// If the kind is eFKT, this argument must be PF_AE_PLUG_IN_SUBVERS"
Headers\AE_PluginData.h,80,* This is the Entry point function signature that must be implemented by the plugin
Headers\AE_PluginData.h,81,* Name of the function must be PluginDataEntryFunction2
Headers\AE_PluginData.h,84,"// An opaque pointer, which must be sent as an argument in the callback"
Headers\AE_PluginData.h,121,"// If the kind is eFKT, this argument must be PF_AE_PLUG_IN_VERSION"
Headers\AE_PluginData.h,123,"// If the kind is eFKT, this argument must be PF_AE_PLUG_IN_SUBVERS"
Headers\AE_PluginData.h,129,* This is the Entry point function signature that must be implemented by the plugin
Headers\AE_PluginData.h,130,* Name of the function must be PluginDataEntryFunction
Headers\AE_PluginData.h,133,"// An opaque pointer, which must be sent as an argument in the callback"
Headers\AE_PluginData.h,154,#pragma warning(push)
Headers\AE_PluginData.h,155,#pragma warning(disable : 4103)
Headers\AE_PluginData.h,162,#pragma warning(pop)
Headers\FIEL_Public.h,15,"honored, however. If a sequence of frames is composed of multiple files, the FIEL_Label from only"
Headers\FIEL_Public.h,22,***	formats are included so the spec is as general as possible. If you choose to store field-rendered
Headers\FIEL_Public.h,25,"CoSA After Effects 1.0/1.1 outputs FIEL_Label version 0, with the obsolete tag 'Fiel' (not 'FIEL')."
Headers\FIEL_Public.h,26,"The struct has a short version (set to 0) followed by a std::int32_t type that is 0 if field rendered, 1"
Headers\FIEL_Public.h,27,"if upper field is first, and 2 if lower field is first. All field rendered frames output from"
Headers\FIEL_Public.h,43,"FIEL_Type_FRAME_RENDERED	= 0,		// FIEL_Order is irrelevant"
Headers\FIEL_Public.h,47,FIEL_Type_UNSPECIFIED		= 4			// do not use!
Headers\FIEL_Public.h,54,temporally first. If the frames are not interlaced but the animation was field rendered
Headers\FIEL_Public.h,76,#if	defined(A_INTERNAL) && defined(__cplusplus)
Headers\PrSDKAESupport.h,25,#ifdef PREMIERE_INTERNAL
Headers\PrSDKAESupport.h,56,#ifndef PREMIERE_INTERNAL
Headers\PrSDKAESupport.h,73,// other than PPRO because PREMIERE_INTERNAL
Headers\PrSDKAESupport.h,154,need to be added.  The default pixel format will be used when the rendering pipeline
Headers\PrSDKAESupport.h,205,The filter must be able to do its effect and composite onto the background.
Headers\PrSDKAESupport.h,262,SPAPI PF_Err (*EffectWantsCheckedOutFramesToMatchRenderPixelFormat)(
Headers\PrSDKAESupport.h,306,SPAPI PF_Err (*EffectWantsCheckedOutFramesToMatchRenderPixelFormat)(
Headers\PrSDKAESupport.h,349,"PrTime inSequenceTime,"
Headers\PrSDKAESupport.h,356,PrTime inSequenceTime);
Headers\PrSDKAESupport.h,361,PrTime inSequenceTime);
Headers\PrSDKAESupport.h,365,"PrTime inSequenceTime,"
Headers\PrSDKAESupport.h,370,"PrTime inSequenceTime,"
Headers\PrSDKAESupport.h,375,"PrTime inSequenceTime,"
Headers\PrSDKAESupport.h,380,"PrTime inSequenceTime,"
Headers\PrSDKAESupport.h,385,"PrTime inSequenceTime,"
Headers\PrSDKAESupport.h,390,"PrTime inSequenceTime,"
Headers\PrSDKAESupport.h,395,"PrTime inSequenceTime,"
Headers\PrSDKAESupport.h,400,"PrTime inSequenceTime,"
Headers\PrSDKAESupport.h,405,"PrTime inSequenceTime,"
Headers\PrSDKAESupport.h,410,"PrTime inSequenceTime,"
Headers\PrSDKAESupport.h,415,"PrTime inSequenceTime,"
Headers\PrSDKAESupport.h,420,"PrTime inSequenceTime,"
Headers\PrSDKAESupport.h,425,"PrTime inSequenceTime,"
Headers\PrSDKAESupport.h,427,SPAPI PF_Err (*GetSequenceTime)(
Headers\PrSDKAESupport.h,429,PrTime* outSequenceTime);
Headers\PrSDKAESupport.h,433,"PrTime inSequenceTime,"
Headers\PrSDKAESupport.h,442,"PrTime inSequenceTime,"
Headers\PrSDKAESupport.h,447,"PrTime inSequenceTime,"
Headers\PrSDKAESupport.h,452,"PrTime inSequenceTime,"
Headers\PrSDKAESupport.h,456,"PrTime inSequenceTime,"
Headers\PrSDKAESupport.h,461,"PrTime inSequenceTime,"
Headers\PrSDKAESupport.h,468,// Legacy function tables
Headers\PrSDKPixelFormat.h,25,#ifdef PREMIERE_INTERNAL
Headers\PrSDKPixelFormat.h,42,**	Premiere supported pixel formats for RenderFrame and PPixs
Headers\PrSDKPixelFormat.h,156,"#define MAKE_ADOBE_PRIVATE_PIXEL_FORMAT_FOURCC(ch1, ch2, ch3) (static_cast<PrPixelFormat>(MAKE_PIXEL_FORMAT_FOURCC('@', ch1, ch2, ch3)))"
Headers\PR_Public.h,6,**	Public header that defines the API for plug-in renderers
Headers\PR_Public.h,8,** Plugin renderers are known as artisans. They are AEGP modules which register
Headers\PR_Public.h,9,** themselves with the plug-in render manager when they are loaded at
Headers\PR_Public.h,13,** for other rendering parameters via AEGP suites. The appropriate
Headers\PR_Public.h,14,** suites will take one of the opaque rendering contexts as one of their
Headers\PR_Public.h,36,**	PR_FlattenInstanceFunc
Headers\PR_Public.h,37,**		Return a flattened platform independent version of the instance data.
Headers\PR_Public.h,39,**		artisan is being made. Do not disturb the src instance handle.
Headers\PR_Public.h,45,"**		Called just berfore render. Allocate the render handle, if needed."
Headers\PR_Public.h,47,**	PR_RenderFunc
Headers\PR_Public.h,48,**		This is the main rendering function.
Headers\PR_Public.h,51,**		Called just after render. Deallocate the render handle if needed.
Headers\PR_Public.h,92,typedef PR_Handle						PR_GlobalDataH;				// holds data private to the plug-in
Headers\PR_Public.h,94,typedef PR_Handle						PR_RenderDataH;
Headers\PR_Public.h,98,typedef struct PR_RenderContext			**PR_RenderContextH;	// opaque until PR.h
Headers\PR_Public.h,189,PR_GlobalDataH			global_dataH);		/* <> */ // must be disposed by plugin
Headers\PR_Public.h,202,** Analogous to an Effect's Sequence setup call. This sets up the renderer's
Headers\PR_Public.h,223,PR_InstanceDataH			instance_dataH);		/* >> */ // must be disposed by plugin
Headers\PR_Public.h,228,** flatten your data in preparation to being written to disk.
Headers\PR_Public.h,231,typedef	A_Err	(*PR_FlattenInstanceFunc)(
Headers\PR_Public.h,244,"** if the renderer has parameters, this is where they get set or changed."
Headers\PR_Public.h,258,** allocate render data if needed
Headers\PR_Public.h,264,"PR_RenderContextH		render_contextH,			/* >> */"
Headers\PR_Public.h,267,PR_RenderDataH			*render_dataPH);			/* << */
Headers\PR_Public.h,271,** deallocate render data
Headers\PR_Public.h,277,"PR_RenderContextH		render_contextH,			/* >> */"
Headers\PR_Public.h,280,PR_RenderDataH			render_dataH);
Headers\PR_Public.h,286,typedef A_Err	(*PR_RenderFunc)(
Headers\PR_Public.h,290,"PR_RenderContextH		render_contextH,			/* >> */"
Headers\PR_Public.h,293,PR_RenderDataH			render_dataH);
Headers\PR_Public.h,327,PR_FlattenInstanceFunc				flatten_instance_func0;
Headers\PR_Public.h,331,PR_RenderFunc						render_func;			// must have at least this one function
Headers\PR_Public.h,374,typedef void	(*PR_CacheIconFunc)(PF_EffectWorldPtr iconP);
Headers\PR_Public.h,376,"typedef void	(*PR_DrawCachedIconFunc)(A_long x, A_long y);"
Headers\PR_Public.h,403,PR_CacheIconFunc				cache_icon_func;
Headers\PR_Public.h,404,PR_DrawCachedIconFunc			draw_cached_icon_func;
Headers\PT_Public.h,80,typedef A_Err	(*PT_InstanceFlattenFunc)(
Headers\PT_Public.h,105,PT_InstanceFlattenFunc			instance_flatten_func;
Headers\SimpleSuiteHelper.h,36,private:
Headers\SuiteHelper.h,48,private:
Resources\AE_General.r,464,"boolean noObsolete, obsolete;"
Resources\AE_General.r,467,"boolean noNopRender, nopRender;"
Resources\AE_General.r,481,"boolean noSeqFlatten, seqFlatten;"
Util\AEFX_ArbParseHelper.c,101,The first non-space character must be numeric.
Util\AEFX_SuiteHelper.h,109,private:
Util\AEFX_SuiteHelper.h,148,private:
Util\AEGP_SuiteHandler.h,26,DEPRECATED:
Util\AEGP_SuiteHandler.h,52,"NOTE!!!  If you need to upgrade a suite, DO NOT SIMPLY UPDATE THE VERSION NUMBER."
Util\AEGP_SuiteHandler.h,89,private:
Util\AEGP_SuiteHandler.h,153,AEGP_RenderSuite1			*render_suite1P;
Util\AEGP_SuiteHandler.h,154,AEGP_RenderSuite2			*render_suite2P;
Util\AEGP_SuiteHandler.h,155,AEGP_RenderSuite3			*render_suite3P;
Util\AEGP_SuiteHandler.h,156,AEGP_RenderSuite4			*render_suite4P;
Util\AEGP_SuiteHandler.h,157,AEGP_RenderSuite5			*render_suite5P;
Util\AEGP_SuiteHandler.h,179,AEGP_RenderQueueSuite1		*render_queue_suite1P;
Util\AEGP_SuiteHandler.h,200,AEGP_RenderOptionsSuite1	*render_options_suite_1P;
Util\AEGP_SuiteHandler.h,201,AEGP_LayerRenderOptionsSuite1	*layer_render_options_suite_1P;
Util\AEGP_SuiteHandler.h,202,AEGP_LayerRenderOptionsSuite2	*layer_render_options_suite_2P;
Util\AEGP_SuiteHandler.h,203,AEGP_RenderAsyncManagerSuite1		*async_manager_suite_1P;
Util\AEGP_SuiteHandler.h,232,AEGP_RenderOptionsSuite2	*render_options_suite_2P;
Util\AEGP_SuiteHandler.h,243,AEGP_RenderOptionsSuite3	*render_options_suite_3P;
Util\AEGP_SuiteHandler.h,263,// private methods
Util\AEGP_SuiteHandler.h,353,"AEGP_SUITE_RELEASE_BOILERPLATE(render_suite1P, kAEGPRenderSuite, kAEGPRenderSuiteVersion1);"
Util\AEGP_SuiteHandler.h,354,"AEGP_SUITE_RELEASE_BOILERPLATE(render_suite2P, kAEGPRenderSuite, kAEGPRenderSuiteVersion2);"
Util\AEGP_SuiteHandler.h,355,"AEGP_SUITE_RELEASE_BOILERPLATE(render_suite3P, kAEGPRenderSuite, kAEGPRenderSuiteVersion3);"
Util\AEGP_SuiteHandler.h,356,"AEGP_SUITE_RELEASE_BOILERPLATE(render_suite4P, kAEGPRenderSuite, kAEGPRenderSuiteVersion4);"
Util\AEGP_SuiteHandler.h,357,"AEGP_SUITE_RELEASE_BOILERPLATE(render_suite5P, kAEGPRenderSuite, kAEGPRenderSuiteVersion5);"
Util\AEGP_SuiteHandler.h,367,"AEGP_SUITE_RELEASE_BOILERPLATE(render_queue_suite1P, kAEGPRenderQueueSuite, kAEGPRenderQueueSuiteVersion1);"
Util\AEGP_SuiteHandler.h,388,"AEGP_SUITE_RELEASE_BOILERPLATE(render_options_suite_1P, kAEGPRenderOptionsSuite, kAEGPRenderOptionsSuiteVersion1);"
Util\AEGP_SuiteHandler.h,414,"AEGP_SUITE_RELEASE_BOILERPLATE(render_options_suite_2P, kAEGPRenderOptionsSuite, kAEGPRenderOptionsSuiteVersion2);"
Util\AEGP_SuiteHandler.h,415,"AEGP_SUITE_RELEASE_BOILERPLATE(layer_render_options_suite_1P, kAEGPLayerRenderOptionsSuite, kAEGPLayerRenderOptionsSuiteVersion1);"
Util\AEGP_SuiteHandler.h,416,"AEGP_SUITE_RELEASE_BOILERPLATE(layer_render_options_suite_2P, kAEGPLayerRenderOptionsSuite, kAEGPLayerRenderOptionsSuiteVersion2);"
Util\AEGP_SuiteHandler.h,417,"AEGP_SUITE_RELEASE_BOILERPLATE(async_manager_suite_1P, kAEGPRenderAsyncManagerSuite, kAEGPRenderAsyncManagerSuiteVersion1);"
Util\AEGP_SuiteHandler.h,443,// Here is the error handling function which must be defined.
Util\AEGP_SuiteHandler.h,531,"AEGP_SUITE_ACCESS_BOILERPLATE(RenderSuite, 1, AEGP_, render_suite1P, kAEGPRenderSuite, kAEGPRenderSuiteVersion1);"
Util\AEGP_SuiteHandler.h,532,"AEGP_SUITE_ACCESS_BOILERPLATE(RenderSuite, 2, AEGP_, render_suite2P, kAEGPRenderSuite, kAEGPRenderSuiteVersion2);"
Util\AEGP_SuiteHandler.h,533,"AEGP_SUITE_ACCESS_BOILERPLATE(RenderSuite, 3, AEGP_, render_suite3P, kAEGPRenderSuite, kAEGPRenderSuiteVersion3);"
Util\AEGP_SuiteHandler.h,534,"AEGP_SUITE_ACCESS_BOILERPLATE(RenderSuite, 4, AEGP_, render_suite4P, kAEGPRenderSuite, kAEGPRenderSuiteVersion4);"
Util\AEGP_SuiteHandler.h,535,"AEGP_SUITE_ACCESS_BOILERPLATE(RenderSuite, 5, AEGP_, render_suite5P, kAEGPRenderSuite, kAEGPRenderSuiteVersion5);"
Util\AEGP_SuiteHandler.h,545,"AEGP_SUITE_ACCESS_BOILERPLATE(RenderQueueSuite, 1, AEGP_, render_queue_suite1P, kAEGPRenderQueueSuite, kAEGPRenderQueueSuiteVersion1);"
Util\AEGP_SuiteHandler.h,566,"AEGP_SUITE_ACCESS_BOILERPLATE(RenderOptionsSuite, 1, AEGP_, render_options_suite_1P, kAEGPRenderOptionsSuite, kAEGPRenderOptionsSuiteVersion1);"
Util\AEGP_SuiteHandler.h,593,"AEGP_SUITE_ACCESS_BOILERPLATE(RenderOptionsSuite, 2, AEGP_, render_options_suite_2P, kAEGPRenderOptionsSuite, kAEGPRenderOptionsSuiteVersion2);"
Util\AEGP_SuiteHandler.h,594,"AEGP_SUITE_ACCESS_BOILERPLATE(RenderOptionsSuite, 3, AEGP_, render_options_suite_3P, kAEGPRenderOptionsSuite, kAEGPRenderOptionsSuiteVersion3);"
Util\AEGP_SuiteHandler.h,595,"AEGP_SUITE_ACCESS_BOILERPLATE(LayerRenderOptionsSuite, 1, AEGP_, layer_render_options_suite_1P, kAEGPLayerRenderOptionsSuite, kAEGPLayerRenderOptionsSuiteVersion1);"
Util\AEGP_SuiteHandler.h,596,"AEGP_SUITE_ACCESS_BOILERPLATE(LayerRenderOptionsSuite, 2, AEGP_, layer_render_options_suite_2P, kAEGPLayerRenderOptionsSuite, kAEGPLayerRenderOptionsSuiteVersion2);"
Util\AEGP_SuiteHandler.h,597,"AEGP_SUITE_ACCESS_BOILERPLATE(RenderAsyncManagerSuite, 1, AEGP_, async_manager_suite_1P, kAEGPRenderAsyncManagerSuite, kAEGPRenderAsyncManagerSuiteVersion1);"
Util\DirectXUtils.cpp,42,/* Subtle: The ComPtr constructor does an internal AddRef which would balance the RelaseRef when DXContext is deleted
Util\DirectXUtils.cpp,114,"// Note: All descriptors must be on the same heap, so if we don't have enough slots available,"
Util\DirectXUtils.h,97,private:
Util\Param_Utils.h,4,//	do not include DVA headers here
Util\Param_Utils.h,10,// Returns DST pointer. DST must be of size SZ. SRC must be null terminated.
Util\Param_Utils.h,261,"#define PF_ADD_POINT_PRECONVERTED(NAME, X_DFLT_FIXED, Y_DFLT_FIXED, RESTRICT_BOUNDS, ID) \"
Util\Param_Utils.h,266,def.u.td.restrict_bounds = RESTRICT_BOUNDS;\
Util\Param_Utils.h,273,"#define PF_ADD_POINT(NAME, X_DFLT, Y_DFLT, RESTRICT_BOUNDS, ID) \"
Util\Param_Utils.h,278,"RESTRICT_BOUNDS,        \"
Util\Param_Utils.h,388,"bool restrict_boundsB,"
Util\Param_Utils.h,399,"PF_ADD_POINT(nameZ, du::RoundF(x_defaultF*100), du::RoundF(y_defaultF*100), restrict_boundsB, param_id);	// has error return in macro"
UI\CCU\CCU.cpp,34,3.2			Remove deprecated 'register' keyword					cb			12/18/2020
UI\CCU\CCU.cpp,78,out_data->out_flags2    |=  PF_OutFlag2_SUPPORTS_THREADED_RENDERING;
UI\CCU\CCU.cpp,124,"RESTRICT_BOUNDS,"
UI\CCU\CCU.cpp,161,Render (
UI\CCU\CCU.cpp,358,case PF_Cmd_RENDER:
UI\CCU\CCU.cpp,360,"err =	Render(	in_data,"
UI\CCU\CCU.h,82,#define RESTRICT_BOUNDS		0
UI\ColorGrid\ColorGrid.cpp,84,PF_OutFlag2_SUPPORTS_SMART_RENDER   |
UI\ColorGrid\ColorGrid.cpp,85,PF_OutFlag2_SUPPORTS_THREADED_RENDERING;
UI\ColorGrid\ColorGrid.cpp,197,Render (
UI\ColorGrid\ColorGrid.cpp,271,PreRender(
UI\ColorGrid\ColorGrid.cpp,274,PF_PreRenderExtra		*extra)
UI\ColorGrid\ColorGrid.cpp,280,PF_RenderRequest req = extra->input->output_request;
UI\ColorGrid\ColorGrid.cpp,310,SmartRender(
UI\ColorGrid\ColorGrid.cpp,313,PF_SmartRenderExtra		*extra)
UI\ColorGrid\ColorGrid.cpp,492,"//	don't draw info palette *during* a draw event, it will mess up"
UI\ColorGrid\ColorGrid.cpp,530,err = PF_Err_INTERNAL_STRUCT_DAMAGED;
UI\ColorGrid\ColorGrid.cpp,540,err = PF_Err_INTERNAL_STRUCT_DAMAGED;
UI\ColorGrid\ColorGrid.cpp,562,case PF_Arbitrary_FLATTEN_FUNC:
UI\ColorGrid\ColorGrid.cpp,564,if(extra->u.flatten_func_params.buf_sizeLu == sizeof(CG_ArbData)){
UI\ColorGrid\ColorGrid.cpp,565,srcP = (CG_ArbData*)PF_LOCK_HANDLE(extra->u.flatten_func_params.arbH);
UI\ColorGrid\ColorGrid.cpp,566,dstP = extra->u.flatten_func_params.flat_dataPV;
UI\ColorGrid\ColorGrid.cpp,570,PF_UNLOCK_HANDLE(extra->u.flatten_func_params.arbH);
UI\ColorGrid\ColorGrid.cpp,574,case PF_Arbitrary_UNFLATTEN_FUNC:
UI\ColorGrid\ColorGrid.cpp,575,if(extra->u.unflatten_func_params.buf_sizeLu == sizeof(CG_ArbData)){
UI\ColorGrid\ColorGrid.cpp,578,srcP = (void*)extra->u.unflatten_func_params.flat_dataPV;
UI\ColorGrid\ColorGrid.cpp,582,*(extra->u.unflatten_func_params.arbPH) = handle;
UI\ColorGrid\ColorGrid.cpp,699,case PF_Cmd_RENDER:
UI\ColorGrid\ColorGrid.cpp,700,"err = Render(	in_data, out_data, params, output);"
UI\ColorGrid\ColorGrid.cpp,711,case  PF_Cmd_SMART_PRE_RENDER:
UI\ColorGrid\ColorGrid.cpp,712,"err = PreRender(in_data, out_data, reinterpret_cast<PF_PreRenderExtra*>(extra));"
UI\ColorGrid\ColorGrid.cpp,715,case  PF_Cmd_SMART_RENDER:
UI\ColorGrid\ColorGrid.cpp,716,"err = SmartRender(	in_data, out_data, reinterpret_cast<PF_SmartRenderExtra*>(extra));"
UI\ColorGrid\ColorGrid.h,88,} CG_RenderInfo;
UI\ColorGrid\ColorGrid_Arb_Handler.cpp,44,#pragma warning (disable : 4305)
UI\ColorGrid\ColorGrid_Arb_Handler.cpp,91,#pragma warning (pop)
UI\ColorGrid\ColorGrid_Arb_Handler.cpp,282,// All data for this one parameter must be on the same line
UI\ColorGrid\ColorGrid_UI_Handler.cpp,154,// Premiere Pro/Elements don't support PF_AppColorPickerDialog
UI\ColorGrid\ColorGrid_UI_Handler.cpp,244,"ERR(suites.AppSuite4()->PF_InvalidateRect(extra->contextH, &inval));"
UI\Custom_ECW_UI\Custom_ECW_UI.cpp,35,"1.5			enforced some CoSA guidelines,							bbb"
UI\Custom_ECW_UI\Custom_ECW_UI.cpp,108,out_data->out_flags2    |=  PF_OutFlag2_SUPPORTS_THREADED_RENDERING;
UI\Custom_ECW_UI\Custom_ECW_UI.cpp,156,// [TODO] Implement arbitrary data selectors
UI\Custom_ECW_UI\Custom_ECW_UI.cpp,231,Render(
UI\Custom_ECW_UI\Custom_ECW_UI.cpp,350,case PF_Cmd_RENDER:
UI\Custom_ECW_UI\Custom_ECW_UI.cpp,351,"err = Render(in_data, out_data, params, output);"
UI\Custom_ECW_UI\Custom_ECW_UI.cpp,360,err = PF_Err_INTERNAL_STRUCT_DAMAGED;
UI\Custom_ECW_UI\Custom_ECW_UIUI.cpp,55,"destination[length] = 0; // Set NULL-terminator, since CFString calls don't set it"
UI\HistoGrid\HistoGrid.cpp,23,A simple example of how the UI can request asynchronous rendered upstream frames
UI\HistoGrid\HistoGrid.cpp,26,"of that color grid.  In render, a higher quality grid is calculated and used to"
UI\HistoGrid\HistoGrid.cpp,31,"As of 13.5, UI and Render thread introduction means lightweight histograms must"
UI\HistoGrid\HistoGrid.cpp,32,asynchronously request the frame needed inside of DRAW.  This replaces the pattern of
UI\HistoGrid\HistoGrid.cpp,33,"calculation of histograms inside of render, storing in sequence data, and then"
UI\HistoGrid\HistoGrid.cpp,35,the render sequence data is not in the same database as the UI and must not be written to.
UI\HistoGrid\HistoGrid.cpp,38,1. how to use the new RenderAsyncManager inside of PF_Event_DRAW to manage
UI\HistoGrid\HistoGrid.cpp,39,asynchronous frame requests for CUSTOM UI
UI\HistoGrid\HistoGrid.cpp,42,Note how the requested render size is downsampled to keep preview render fast.
UI\HistoGrid\HistoGrid.cpp,43,Note how code shared by preview and by render is factored into a common function
UI\HistoGrid\HistoGrid.cpp,44,that can be called by either without introducing UI dependencies in render
UI\HistoGrid\HistoGrid.cpp,46,3. Storing a cached preview to prevent flicker in asynchronous requests
UI\HistoGrid\HistoGrid.cpp,60,converted arb data to none-persist sequence data color caching
UI\HistoGrid\HistoGrid.cpp,114,PF_OutFlag2_SUPPORTS_SMART_RENDER   |
UI\HistoGrid\HistoGrid.cpp,115,PF_OutFlag2_CUSTOM_UI_ASYNC_MANAGER |           // flag for AsyncManager usage in PF_Event_DRAW.   EXAMPLE
UI\HistoGrid\HistoGrid.cpp,116,PF_OutFlag2_SUPPORTS_THREADED_RENDERING;
UI\HistoGrid\HistoGrid.cpp,229,// EXAMPLE setting up transient sequence data for caching of computed preview data
UI\HistoGrid\HistoGrid.cpp,231,SequenceSetup(
UI\HistoGrid\HistoGrid.cpp,239,if (in_data->sequence_data) {
UI\HistoGrid\HistoGrid.cpp,240,//CA_SeqData		**seqH = (CA_SeqData**)in_data->sequence_data;
UI\HistoGrid\HistoGrid.cpp,241,PF_DISPOSE_HANDLE(in_data->sequence_data);
UI\HistoGrid\HistoGrid.cpp,242,out_data->sequence_data = NULL;
UI\HistoGrid\HistoGrid.cpp,252,seqP->validB = FALSE;		// EXAMPLE cached preview is not yet valid
UI\HistoGrid\HistoGrid.cpp,255,in_data->sequence_data = out_data->sequence_data = (PF_Handle)seqH;
UI\HistoGrid\HistoGrid.cpp,265,"PF_SPRINTF(out_data->return_msg, ""SequenceSetup failure in HistoGrid Effect"");"
UI\HistoGrid\HistoGrid.cpp,275,SequenceResetup(
UI\HistoGrid\HistoGrid.cpp,280,"return SequenceSetup(in_data, out_data);"
UI\HistoGrid\HistoGrid.cpp,287,SequenceSetdown(
UI\HistoGrid\HistoGrid.cpp,295,if (in_data->sequence_data) {
UI\HistoGrid\HistoGrid.cpp,296,PF_DISPOSE_HANDLE(in_data->sequence_data);
UI\HistoGrid\HistoGrid.cpp,297,in_data->sequence_data = out_data->sequence_data = NULL;
UI\HistoGrid\HistoGrid.cpp,304,SequenceFlatten(
UI\HistoGrid\HistoGrid.cpp,312,if (in_data->sequence_data)
UI\HistoGrid\HistoGrid.cpp,314,out_data->sequence_data = in_data->sequence_data;
UI\HistoGrid\HistoGrid.cpp,336,// for each grid cell get the central cell color for preview or render usage
UI\HistoGrid\HistoGrid.cpp,340,"CA_ColorCache	*color_cacheP,"
UI\HistoGrid\HistoGrid.cpp,359,box_colorP	= &color_cacheP->colorA[row_boxL * (BOXES_ACROSS) + col_boxL];
UI\HistoGrid\HistoGrid.cpp,369,static void ClearColorCache(CA_ColorCache* color_cacheP) {
UI\HistoGrid\HistoGrid.cpp,371,for (int32_t i=0; i < CACHE_ELEMENTS; i++) {
UI\HistoGrid\HistoGrid.cpp,372,color_cacheP->colorA[i] = black;
UI\HistoGrid\HistoGrid.cpp,378,"// render and custom UI preview.  To keep this operation lightweight on the UI,  we'll pass a highly downsampled frame."
UI\HistoGrid\HistoGrid.cpp,379,// On the UI thread the result is cached in sequence data to prevent flicker if we don't have a completed computation yet
UI\HistoGrid\HistoGrid.cpp,380,"PF_Err ComputeColorGridFromFrame( PF_InData		*in_data, PF_EffectWorld* worldP,  CA_ColorCache*	color_cacheP)"
UI\HistoGrid\HistoGrid.cpp,388,ClearColorCache(color_cacheP);
UI\HistoGrid\HistoGrid.cpp,400,"ComputeGridCellColors<PF_PixelFloat>(  in_data,  color_cacheP, worldP );"
UI\HistoGrid\HistoGrid.cpp,404,"ComputeGridCellColors<PF_Pixel16>( in_data,  color_cacheP, worldP );"
UI\HistoGrid\HistoGrid.cpp,408,"ComputeGridCellColors<PF_Pixel8>( in_data,  color_cacheP, worldP );"
UI\HistoGrid\HistoGrid.cpp,425,Render (
UI\HistoGrid\HistoGrid.cpp,448,// EXAMPLE compute the colors we will use for render. high quality
UI\HistoGrid\HistoGrid.cpp,451,CA_ColorCache color_cache;
UI\HistoGrid\HistoGrid.cpp,452,"ERR( ComputeColorGridFromFrame( in_data, input_worldP, &color_cache));"
UI\HistoGrid\HistoGrid.cpp,453,current_colorP = reinterpret_cast<PF_PixelFloat*>(&color_cache);
UI\HistoGrid\HistoGrid.cpp,502,PreRender(
UI\HistoGrid\HistoGrid.cpp,505,PF_PreRenderExtra		*extra)
UI\HistoGrid\HistoGrid.cpp,509,PF_RenderRequest req = extra->input->output_request;
UI\HistoGrid\HistoGrid.cpp,531,SmartRender(
UI\HistoGrid\HistoGrid.cpp,534,PF_SmartRenderExtra		*extra)
UI\HistoGrid\HistoGrid.cpp,552,CA_ColorCache		*color_cacheP			= NULL;
UI\HistoGrid\HistoGrid.cpp,561,// EXAMPLE compute the colors we will use for render..high quality
UI\HistoGrid\HistoGrid.cpp,562,CA_ColorCache color_cache;
UI\HistoGrid\HistoGrid.cpp,563,color_cacheP = &color_cache;
UI\HistoGrid\HistoGrid.cpp,564,"ERR( ComputeColorGridFromFrame( in_data, input_worldP,  &color_cache));"
UI\HistoGrid\HistoGrid.cpp,565,current_colorP = reinterpret_cast<PF_PixelFloat*>(color_cacheP);
UI\HistoGrid\HistoGrid.cpp,567,// actually render
UI\HistoGrid\HistoGrid.cpp,683,if (in_data->sequence_data == NULL &&
UI\HistoGrid\HistoGrid.cpp,686,"err = SequenceResetup(in_data, out_data, params);"
UI\HistoGrid\HistoGrid.cpp,687,if (!err) in_data->sequence_data = out_data->sequence_data;
UI\HistoGrid\HistoGrid.cpp,754,case PF_Cmd_SEQUENCE_SETUP:
UI\HistoGrid\HistoGrid.cpp,755,"err = SequenceSetup(in_data, out_data);"
UI\HistoGrid\HistoGrid.cpp,757,case PF_Cmd_SEQUENCE_SETDOWN:
UI\HistoGrid\HistoGrid.cpp,758,"err = SequenceSetdown(in_data, out_data, params, output);"
UI\HistoGrid\HistoGrid.cpp,760,case PF_Cmd_SEQUENCE_RESETUP:
UI\HistoGrid\HistoGrid.cpp,761,"err = SequenceResetup(in_data, out_data, params);"
UI\HistoGrid\HistoGrid.cpp,763,case PF_Cmd_SEQUENCE_FLATTEN:
UI\HistoGrid\HistoGrid.cpp,764,"err = SequenceFlatten(in_data, out_data, params, output);"
UI\HistoGrid\HistoGrid.cpp,767,case PF_Cmd_RENDER:
UI\HistoGrid\HistoGrid.cpp,768,"err = Render(	in_data, out_data, params, output);"
UI\HistoGrid\HistoGrid.cpp,775,case  PF_Cmd_SMART_PRE_RENDER:
UI\HistoGrid\HistoGrid.cpp,776,"err = PreRender(in_data, out_data, reinterpret_cast<PF_PreRenderExtra*>(extra));"
UI\HistoGrid\HistoGrid.cpp,779,case  PF_Cmd_SMART_RENDER:
UI\HistoGrid\HistoGrid.cpp,780,"err = SmartRender(	in_data, out_data, reinterpret_cast<PF_SmartRenderExtra*>(extra));"
UI\HistoGrid\HistoGrid.h,79,#define CACHE_ELEMENTS		BOXES_PER_GRID
UI\HistoGrid\HistoGrid.h,83,PF_PixelFloat	colorA[CACHE_ELEMENTS];
UI\HistoGrid\HistoGrid.h,84,} CA_ColorCache;
UI\HistoGrid\HistoGrid.h,88,} CG_RenderInfo;
UI\HistoGrid\HistoGrid.h,92,// EXAMPLE. storing preview info in sequence data to prevent flicker
UI\HistoGrid\HistoGrid.h,97,CA_ColorCache	cached_color_preview;
UI\HistoGrid\HistoGrid.h,98,"PF_Boolean		validB;				// whether cached color data for DRAW is valid, otherwise draw blank"
UI\HistoGrid\HistoGrid.h,124,CA_ColorCache*		color_cacheP);
UI\HistoGrid\HistoGrid.h,177,CA_ColorCache		*color_cacheP);
UI\HistoGrid\HistoGrid.h,182,CA_ColorCache*	color_cacheP);
UI\HistoGrid\HistoGrid_UI_Handler.cpp,160,// The frame may not be immediately available.  PF_Event_DRAW will get triggered again when async render completes
UI\HistoGrid\HistoGrid_UI_Handler.cpp,162,RequestAsyncFrameForPreview(
UI\HistoGrid\HistoGrid_UI_Handler.cpp,167,AEGP_FrameReceiptH  *frame_receiptPH )	// << the resulting receipt if we have one yet
UI\HistoGrid\HistoGrid_UI_Handler.cpp,173,"AEFX_SuiteScoper<AEGP_LayerRenderOptionsSuite1>	lro_suite(in_data,	kAEGPLayerRenderOptionsSuite, kAEGPLayerRenderOptionsSuiteVersion1);"
UI\HistoGrid\HistoGrid_UI_Handler.cpp,174,"AEFX_SuiteScoper<AEGP_RenderOptionsSuite1>       ro_suite(in_data,	kAEGPRenderOptionsSuite,      kAEGPRenderOptionsSuiteVersion1);"
UI\HistoGrid\HistoGrid_UI_Handler.cpp,177,"AEFX_SuiteScoper<AEGP_RenderAsyncManagerSuite1> ram_suite(in_data,	kAEGPRenderAsyncManagerSuite, kAEGPRenderAsyncManagerSuiteVersion1);"
UI\HistoGrid\HistoGrid_UI_Handler.cpp,181,AEGP_LayerRenderOptionsH layer_ropsH = NULL;
UI\HistoGrid\HistoGrid_UI_Handler.cpp,183,// get render options description of upstream input frame to effect
UI\HistoGrid\HistoGrid_UI_Handler.cpp,187,// make the preview render request fast by downsampling a lot.  This could be more intelligent
UI\HistoGrid\HistoGrid_UI_Handler.cpp,191,"// ask the async manager to checkout the desired frame. if this isn't in cache,"
UI\HistoGrid\HistoGrid_UI_Handler.cpp,192,// this will fail but the async manager will schedule an asynchronous render.
UI\HistoGrid\HistoGrid_UI_Handler.cpp,193,"// when that render completes, PF_Event_DRAW will be called again"
UI\HistoGrid\HistoGrid_UI_Handler.cpp,195,PF_AsyncManagerP async_mgrP = NULL;	// no dispose needed
UI\HistoGrid\HistoGrid_UI_Handler.cpp,196,"ERR(pfcu_suite->PF_GetContextAsyncManager(in_data, event_extra, &async_mgrP));"
UI\HistoGrid\HistoGrid_UI_Handler.cpp,198,#define PURPOSE1 1		// unique ID for effect helps hints auto cancelation of rendering by async manager when using multiple render requests
UI\HistoGrid\HistoGrid_UI_Handler.cpp,199,"ERR((ram_suite->AEGP_CheckoutOrRender_LayerFrame_AsyncManager( async_mgrP,  PURPOSE1, layer_ropsH,  frame_receiptPH)));"
UI\HistoGrid\HistoGrid_UI_Handler.cpp,223,CA_ColorCache			*arbP;
UI\HistoGrid\HistoGrid_UI_Handler.cpp,242,DRAWBOT_ColorRGBA		pixel_colr[CACHE_ELEMENTS];
UI\HistoGrid\HistoGrid_UI_Handler.cpp,298,"// If the have a frame, update our sequence data color cache with the new computation"
UI\HistoGrid\HistoGrid_UI_Handler.cpp,299,"// If the frame is not be immediately available, we draw our cached (or blank) state"
UI\HistoGrid\HistoGrid_UI_Handler.cpp,300,// PF_Event_DRAW will get called again later when the frame render completes and then we'll try again
UI\HistoGrid\HistoGrid_UI_Handler.cpp,302,CA_SeqData* seqP = reinterpret_cast<CA_SeqData*>(PF_LOCK_HANDLE(in_data->sequence_data));
UI\HistoGrid\HistoGrid_UI_Handler.cpp,305,AEGP_FrameReceiptH frame_receiptH = NULL;
UI\HistoGrid\HistoGrid_UI_Handler.cpp,306,"ERR(RequestAsyncFrameForPreview(in_data, out_data, params, event_extra, &frame_receiptH));"
UI\HistoGrid\HistoGrid_UI_Handler.cpp,308,if (!err && frame_receiptH != NULL) {
UI\HistoGrid\HistoGrid_UI_Handler.cpp,313,"AEFX_SuiteScoper<AEGP_RenderSuite4>              r_suite(in_data,	kAEGPRenderSuite,             kAEGPRenderSuiteVersion4);"
UI\HistoGrid\HistoGrid_UI_Handler.cpp,316,"ERR( r_suite->AEGP_GetReceiptWorld(frame_receiptH, &worldH));"
UI\HistoGrid\HistoGrid_UI_Handler.cpp,318,if (!err && worldH) {	// receipt could be valid but empty
UI\HistoGrid\HistoGrid_UI_Handler.cpp,319,CA_ColorCache	new_color_preview;
UI\HistoGrid\HistoGrid_UI_Handler.cpp,324,"// we got an updated color cache, refresh our sequence data cache"
UI\HistoGrid\HistoGrid_UI_Handler.cpp,326,seqP->cached_color_preview = new_color_preview;
UI\HistoGrid\HistoGrid_UI_Handler.cpp,330,r_suite->AEGP_CheckinFrame(frame_receiptH);
UI\HistoGrid\HistoGrid_UI_Handler.cpp,334,"// Might be fresh computed, previously cached (to reduce flicker), or just blank because it isn't valid yet"
UI\HistoGrid\HistoGrid_UI_Handler.cpp,335,// (on sequence data setup)
UI\HistoGrid\HistoGrid_UI_Handler.cpp,338,// Draw the color grid using the cached color preview (if valid)
UI\HistoGrid\HistoGrid_UI_Handler.cpp,339,arbP = (seqP && seqP->validB) ? &seqP->cached_color_preview : NULL;
UI\HistoGrid\HistoGrid_UI_Handler.cpp,344,for(i = 0; i < CACHE_ELEMENTS; i++){
UI\HistoGrid\HistoGrid_UI_Handler.cpp,397,PF_UNLOCK_HANDLE(in_data->sequence_data);
UI\Supervisor\Supervisor.cpp,50,5.9         Remove deprecated 'register' keyword                      cb          12/18/2020
UI\Supervisor\Supervisor.cpp,158,PF_OutFlag2_SUPPORTS_SMART_RENDER                |
UI\Supervisor\Supervisor.cpp,163,This plugin is not marked as Thread-Safe because it is writing to sequence data during PF_Cmd_UPDATE_PARAMS_UI.
UI\Supervisor\Supervisor.cpp,164,There is an exisiting issue that's preventing this from working during Multi-Frame rendering.
UI\Supervisor\Supervisor.cpp,190,err = PF_Err_INTERNAL_STRUCT_DAMAGED;
UI\Supervisor\Supervisor.cpp,196,SequenceSetdown (
UI\Supervisor\Supervisor.cpp,202,if (in_data->sequence_data){
UI\Supervisor\Supervisor.cpp,204,suites.HandleSuite1()->host_dispose_handle(in_data->sequence_data);
UI\Supervisor\Supervisor.cpp,210,SequenceSetup (
UI\Supervisor\Supervisor.cpp,217,"err = SequenceSetdown(in_data, out_data);"
UI\Supervisor\Supervisor.cpp,220,PF_Handle   seq_dataH = suites.HandleSuite1()->host_new_handle(sizeof(my_sequence_data));
UI\Supervisor\Supervisor.cpp,223,my_sequence_dataP seqP = static_cast<my_sequence_dataP>(suites.HandleSuite1()->host_lock_handle(seq_dataH));
UI\Supervisor\Supervisor.cpp,234,//  currently this is updating during SmartRender!
UI\Supervisor\Supervisor.cpp,236,//  but i do not know how - davec
UI\Supervisor\Supervisor.cpp,273,out_data->sequence_data = seq_dataH;
UI\Supervisor\Supervisor.cpp,276,"} else {    // whoa, we couldn't allocate sequence data; bail!"
UI\Supervisor\Supervisor.cpp,395,prerender_stuff*        stuffP = reinterpret_cast<prerender_stuff*>(refcon);
UI\Supervisor\Supervisor.cpp,508,out_data->out_flags |= PF_OutFlag_REFRESH_UI | PF_OutFlag_FORCE_RERENDER;
UI\Supervisor\Supervisor.cpp,530,out_data->out_flags |= PF_OutFlag_REFRESH_UI | PF_OutFlag_FORCE_RERENDER;
UI\Supervisor\Supervisor.cpp,548,my_sequence_dataP   seqP                = reinterpret_cast<my_sequence_dataP>(DH(out_data->sequence_data));
UI\Supervisor\Supervisor.cpp,690,out_data->out_flags |= PF_OutFlag_FORCE_RERENDER;
UI\Supervisor\Supervisor.cpp,710,//  get the new state and store it in our sequence data
UI\Supervisor\Supervisor.cpp,793,PF_OutFlag_FORCE_RERENDER;
UI\Supervisor\Supervisor.cpp,813,Render16(
UI\Supervisor\Supervisor.cpp,845,Render8(
UI\Supervisor\Supervisor.cpp,853,prerender_stuff     stuff;
UI\Supervisor\Supervisor.cpp,871,"Render( PF_InData       *in_data,"
UI\Supervisor\Supervisor.cpp,885,"ERR(Render16(in_data,"
UI\Supervisor\Supervisor.cpp,892,"ERR(Render8(in_data,"
UI\Supervisor\Supervisor.cpp,902,PreRender(
UI\Supervisor\Supervisor.cpp,905,PF_PreRenderExtra       *extraP)
UI\Supervisor\Supervisor.cpp,909,PF_RenderRequest req    = extraP->input->output_request;
UI\Supervisor\Supervisor.cpp,914,PF_Handle   infoH       =   suites.HandleSuite1()->host_new_handle(sizeof(prerender_stuff));
UI\Supervisor\Supervisor.cpp,916,prerender_stuff     *stuffP = NULL;
UI\Supervisor\Supervisor.cpp,919,stuffP = reinterpret_cast<prerender_stuff*>(suites.HandleSuite1()->host_lock_handle(infoH));
UI\Supervisor\Supervisor.cpp,921,extraP->output->pre_render_data = infoH;
UI\Supervisor\Supervisor.cpp,925,a few clues for rendering later. Because pre-render gets
UI\Supervisor\Supervisor.cpp,927,in SmartRender(). Because smart pre-computing of what you'll
UI\Supervisor\Supervisor.cpp,929,here in pre-render.
UI\Supervisor\Supervisor.cpp,957,SmartRender(
UI\Supervisor\Supervisor.cpp,960,PF_SmartRenderExtra     *extraP)
UI\Supervisor\Supervisor.cpp,971,my_sequence_dataP   seqP    = reinterpret_cast<my_sequence_dataP>(DH(in_data->sequence_data));
UI\Supervisor\Supervisor.cpp,977,"// don't want to fiddle with a utility class shared by N effects,"
UI\Supervisor\Supervisor.cpp,989,prerender_stuff *stuffP = reinterpret_cast<prerender_stuff*>(suites.HandleSuite1()->host_lock_handle(reinterpret_cast<PF_Handle>(extraP->input->pre_render_data)));
UI\Supervisor\Supervisor.cpp,1013,//  this should be done during SequenceSetup
UI\Supervisor\Supervisor.cpp,1014,//  but i do not know how -davec
UI\Supervisor\Supervisor.cpp,1074,err = PF_Err_INTERNAL_STRUCT_DAMAGED;
UI\Supervisor\Supervisor.cpp,1079,suites.HandleSuite1()->host_unlock_handle(reinterpret_cast<PF_Handle>(extraP->input->pre_render_data));
UI\Supervisor\Supervisor.cpp,1153,case PF_Cmd_SEQUENCE_SETUP:
UI\Supervisor\Supervisor.cpp,1154,"err = SequenceSetup(in_data,out_data);"
UI\Supervisor\Supervisor.cpp,1157,case PF_Cmd_SEQUENCE_SETDOWN:
UI\Supervisor\Supervisor.cpp,1158,"err = SequenceSetdown(in_data,out_data);"
UI\Supervisor\Supervisor.cpp,1161,case PF_Cmd_SEQUENCE_RESETUP:
UI\Supervisor\Supervisor.cpp,1162,"err = SequenceSetup(in_data,out_data);"
UI\Supervisor\Supervisor.cpp,1165,case PF_Cmd_RENDER:
UI\Supervisor\Supervisor.cpp,1166,"err = Render(   in_data,"
UI\Supervisor\Supervisor.cpp,1172,case PF_Cmd_SMART_RENDER:
UI\Supervisor\Supervisor.cpp,1173,"err = SmartRender(  in_data,"
UI\Supervisor\Supervisor.cpp,1175,reinterpret_cast<PF_SmartRenderExtra*>(extra));
UI\Supervisor\Supervisor.cpp,1178,case PF_Cmd_SMART_PRE_RENDER:
UI\Supervisor\Supervisor.cpp,1179,"err = PreRender(    in_data,"
UI\Supervisor\Supervisor.cpp,1181,reinterpret_cast<PF_PreRenderExtra*>(extra));
UI\Supervisor\Supervisor.cpp,1205,err = PF_Err_INTERNAL_STRUCT_DAMAGED;
UI\Supervisor\Supervisor.h,95,"} my_sequence_data, *my_sequence_dataP, **my_sequence_dataH;"
UI\Supervisor\Supervisor.h,99,"} prerender_stuff, *pre_render_stuffP, **pre_render_stuffH;"
Template\Skeleton\Skeleton.cpp,178,Render (
Template\Skeleton\Skeleton.cpp,280,case PF_Cmd_RENDER:
Template\Skeleton\Skeleton.cpp,282,"err = Render(	in_data,"
Headers\adobesdk\DrawbotSuite.h,28,#ifdef ADOBE_SDK_INTERNAL
Headers\adobesdk\DrawbotSuite.h,29,#include <adobesdk/private/drawbotsuite/DrawbotSuiteTypes.h>
Headers\adobesdk\DrawbotSuite.h,37,#pragma warning(push)
Headers\adobesdk\DrawbotSuite.h,38,#pragma warning(disable : 4103)
Headers\adobesdk\DrawbotSuite.h,45,#pragma warning(pop)
Headers\adobesdk\DrawbotSuite.h,59,if you are creating cpp files as it is more elegant and you don't have to deal with retain/release of objects.
Headers\adobesdk\DrawbotSuite.h,100,//We are done. Release (delete) all the objects. There will be memory leak if you don't release.
Headers\adobesdk\DrawbotSuite.h,104,//Don't forget to pop surface state (if pushed earlier)
Headers\adobesdk\DrawbotSuite.h,107,//DO NOT CALL ReleaseObject on surface_ref and supplier_ref as you did not create them.
Headers\adobesdk\DrawbotSuite.h,195,//This function MUST be called for any object created using NewXYZ() from this suite.
Headers\adobesdk\DrawbotSuite.h,234,//Get clip bounds
Headers\adobesdk\DrawbotSuite.h,235,"SPErr (*GetClipBounds)(DRAWBOT_SurfaceRef in_surface_ref, DRAWBOT_Rect32* out_rectPR);"
Headers\adobesdk\DrawbotSuite.h,237,//Checks whether a rect is within the clip bounds.
Headers\adobesdk\DrawbotSuite.h,238,SPErr (*IsWithinClipBounds)(
Headers\adobesdk\DrawbotSuite.h,406,//We are DONE. You don't have to release brush & path objects as you did in C-style.
Headers\adobesdk\DrawbotSuite.h,493,private:
Headers\adobesdk\DrawbotSuite.h,632,private:
Headers\adobesdk\DrawbotSuite.h,640,#pragma warning(push)
Headers\adobesdk\DrawbotSuite.h,641,#pragma warning(disable : 4103)
Headers\adobesdk\DrawbotSuite.h,648,#pragma warning(pop)
Headers\SP\SPAccess.h,14,/* for their internal use. Any reproduction or dissemination of this   */
Headers\SP\SPAccess.h,96,"/** The name of the object that the \c #SPAccessSuite caches,"
Headers\SP\SPAccess.h,97,"which can be purged when caches are flushed. During a cache flush,"
Headers\SP\SPAccess.h,98,"if this is the type sent to the \c #SPFlushCachesProc, it can"
Headers\SP\SPAccess.h,104,"int32 myFlushCachesProc( const char *type, void *data, SPErr *error ) {"
Headers\SP\SPAccess.h,146,so you must be careful to balance these calls. The object is automatically
Headers\SP\SPAccess.h,151,"/** Plug-in library handle on Windows, resource chain on Mac. \deprecated  */"
Headers\SP\SPAccess.h,158,"/** File access for entry and resources, when resource-access has not been set. \deprecated */"
Headers\SP\SPAccess.h,160,"/** \deprecated File access for entry and resources, when resource-access"
Headers\SP\SPAccess.h,337,/** Internal */
Headers\SP\SPAccess.h,339,/** Internal */
Headers\SP\SPAccess.h,342,/** Internal */
Headers\SP\SPAccess.h,344,/** Internal */
Headers\SP\SPAccess.h,346,/** Internal */
Headers\SP\SPAccess.h,348,/** Internal */
Headers\SP\SPAccess.h,350,/** Internal */
Headers\SP\SPAccess.h,353,/** Internal */
Headers\SP\SPAccess.h,355,/** Internal */
Headers\SP\SPAccess.h,358,/** Internal */
Headers\SP\SPAccess.h,362,/** Internal */
Headers\SP\SPAccess.h,364,/** Internal */
Headers\SP\SPAdapts.h,14,/* for their internal use. Any reproduction or dissemination of this   */
Headers\SP\SPAdapts.h,30,"#include ""SPCaches.h"""
Headers\SP\SPAdapts.h,54,"compatability with legacy versions of PICA, the application,"
Headers\SP\SPAdapts.h,73,"\c #SPCachesSuite::SPFlushCaches(), for a final flush of"
Headers\SP\SPAdapts.h,74,"any memory used for private data, including PICA lists and"
Headers\SP\SPAdapts.h,125,"// Sweet Pea and maybe legacy adapters (i.e., AI6Adapter for AI7)."
Headers\SP\SPAdapts.h,126,"// For newer adapters, all of these methods are now deprecated."
Headers\SP\SPAdapts.h,129,/** @deprecated Used internally. */
Headers\SP\SPAdapts.h,131,/** @deprecated Used internally.  */
Headers\SP\SPAdapts.h,133,/** @deprecated Used internally.   */
Headers\SP\SPAdapts.h,135,/** @deprecated Used internally.   */
Headers\SP\SPAdapts.h,188,"/** For \c #kSPAdaptersFlushSelector. The procedure with which to flush caches,"
Headers\SP\SPAdapts.h,189,passed from the call to \c #SPCachesSuite::SPFlushCaches().
Headers\SP\SPAdapts.h,192,SPFlushCachesProc flushProc;
Headers\SP\SPAdapts.h,199,"struct SPSuiteList* suiteList; /* use these if you need name, apiVersion, internalVersion */"
Headers\SP\SPAdapts.h,235,internal PICA adapters. Plug-ins can add other adapters to PICA's
Headers\SP\SPAdapts.h,248,"There are always at least two adapters, the internal adapters for PICA"
Headers\SP\SPAdapts.h,250,The internal adapters translate any legacy function calls into those
Headers\SP\SPAdapts.h,274,"} else if ( strcmp( adapterName, ""MYAPP Legacy Plug-in Adapter"" ) == 0 ) {"
Headers\SP\SPAdapts.h,296,also frees any entries in the list. Do not free the global list (\c #kSPRuntimeAdapterList).
Headers\SP\SPAdapts.h,368,/** Internal */
Headers\SP\SPAdapts.h,370,/** Internal */
Headers\SP\SPAdapts.h,373,/** Internal */
Headers\SP\SPAdapts.h,377,/** Internal */
Headers\SP\SPAdapts.h,380,/** Internal */
Headers\SP\SPAdapts.h,382,/** Internal */
Headers\SP\SPAdapts.h,384,/** Internal */
Headers\SP\SPAdapts.h,387,/** Internal */
Headers\SP\SPAdapts.h,389,/** Internal */
Headers\SP\SPAdapts.h,391,/** Internal */
Headers\SP\SPBasic.h,14,/* for their internal use. Any reproduction or dissemination of this   */
Headers\SP\SPBasic.h,62,Do not attempt to acquire a suite (other than the \c #SPBlocksSuite)
Headers\SP\SPBasic.h,155,/** Internal */
Headers\SP\SPBasic.h,157,/** Internal */
Headers\SP\SPBasic.h,159,/** Internal */
Headers\SP\SPBasic.h,161,/** Internal */
Headers\SP\SPBasic.h,163,/** Internal */
Headers\SP\SPBasic.h,165,/** Internal */
Headers\SP\SPBasic.h,167,/** Internal */
Headers\SP\SPBckDbg.h,14,/* for their internal use. Any reproduction or dissemination of this   */
Headers\SP\SPBckDbg.h,92,/** Internal */
Headers\SP\SPBckDbg.h,94,/** Internal */
Headers\SP\SPBckDbg.h,96,/** Internal */
Headers\SP\SPBckDbg.h,98,/** Internal */
Headers\SP\SPBckDbg.h,100,/** Internal */
Headers\SP\SPBlocks.h,14,/* for their internal use. Any reproduction or dissemination of this   */
Headers\SP\SPBlocks.h,97,/** Internal */
Headers\SP\SPBlocks.h,99,/** Internal */
Headers\SP\SPBlocks.h,101,/** Internal */
Headers\SP\SPCaches.h,3,/* SPCaches.h                                                          */
Headers\SP\SPCaches.h,14,/* for their internal use. Any reproduction or dissemination of this   */
Headers\SP\SPCaches.h,20,#ifndef __SPCaches__
Headers\SP\SPCaches.h,21,#define __SPCaches__
Headers\SP\SPCaches.h,42,/** Cache suite name */
Headers\SP\SPCaches.h,43,"#define kSPCachesSuite ""SP Caches Suite"""
Headers\SP\SPCaches.h,44,/** Cache suite version */
Headers\SP\SPCaches.h,45,#define kSPCachesSuiteVersion 2
Headers\SP\SPCaches.h,47,"/* To receive these, an PIConditionalMessages property must be present"
Headers\SP\SPCaches.h,48,* with the PIAcceptsPurgeCachesMessage flag set. */
Headers\SP\SPCaches.h,50,The cache management caller. See \c #SPCachesSuite */
Headers\SP\SPCaches.h,51,"#define kSPCacheCaller ""SP Cache"""
Headers\SP\SPCaches.h,53,Received by plug-in adapters with the \c #PIAcceptsPurgeCachesMessage flag set
Headers\SP\SPCaches.h,55,been made to \c #SPCachesSuite::SPFlushCaches(). Accompanied by
Headers\SP\SPCaches.h,56,the \c #SPPurgeCachesMessage.
Headers\SP\SPCaches.h,59,"#define kSPPluginPurgeCachesSelector ""Plug-in Purge"""
Headers\SP\SPCaches.h,61,/* The plug-in should return one of these two responses when it receives the kSPPluginPurgeCachesSelector */
Headers\SP\SPCaches.h,63,//#define kSPPluginCachesFlushResponse  'pFls'
Headers\SP\SPCaches.h,72,/** Prototype for the cache-flushing procedure an adapter calls in response to the
Headers\SP\SPCaches.h,80,"typedef SPErr (*SPFlushCachesProc)(const char* type, void* data, int32* flushed);"
Headers\SP\SPCaches.h,82,/** Message passed with the \c #kSPPluginPurgeCachesSelector. */
Headers\SP\SPCaches.h,83,typedef struct SPPurgeCachesMessage
Headers\SP\SPCaches.h,87,} SPPurgeCachesMessage;
Headers\SP\SPCaches.h,95,This suite allows you to manage PICA cache memory.
Headers\SP\SPCaches.h,97,"PICA plug-ins are intended to move in and out of memory (cache) as necessary,"
Headers\SP\SPCaches.h,99,"cache until the application heap has been filled, and then unloads them."
Headers\SP\SPCaches.h,101,function to unload plug-ins when needed. Plug-ins do not typically need
Headers\SP\SPCaches.h,105,\c #kSPCachesSuite and \c #kSPCachesSuiteVersion.
Headers\SP\SPCaches.h,107,typedef struct SPCachesSuite
Headers\SP\SPCaches.h,116,"SPAPI SPErr (*SPFlushCaches)(SPFlushCachesProc flushProc, int32* flushed);"
Headers\SP\SPCaches.h,118,} SPCachesSuite;
Headers\SP\SPCaches.h,120,/** Internal */
Headers\SP\SPCaches.h,121,"SPAPI SPErr SPFlushCaches(SPFlushCachesProc flushProc, int32* flushed);"
Headers\SP\SPCOM.h,7,/* This module is obsolete. */
Headers\SP\SPConfig.h,14,/* for their internal use. Any reproduction or dissemination of this   */
Headers\SP\SPConfig.h,56,#ifdef __ANDROID__
Headers\SP\SPConfig.h,57,#define ANDROID_ENV 1
Headers\SP\SPConfig.h,68,#if !defined(WIN_ENV) && !defined(MAC_ENV) && !defined(ANDROID_ENV) && !defined(UNIX_ENV) && !defined(WEB_ENV)
Headers\SP\SPConfig.h,72,#if defined(WIN_ENV) && defined(MAC_ENV) && defined(ANDROID_ENV) && defined(UNIX_ENV) && defined(WEB_ENV)
Headers\SP\SPErrorCodes.h,14,/* for their internal use. Any reproduction or dissemination of this   */
Headers\SP\SPErrorCodes.h,98,// SPCaches errors
Headers\SP\SPErrorCodes.h,100,PICA cache-flushing error. See \c #SPCachesSuite */
Headers\SP\SPErrorCodes.h,101,#define kSPPluginCachesFlushResponse 'pFls'
Headers\SP\SPErrorCodes.h,103,PICA cache-flushing error. See \c #SPCachesSuite */
Headers\SP\SPErrorCodes.h,169,#define kSPBadSuiteInternalVersionError 'SIVs'
Headers\SP\SPErrors.h,14,/* for their internal use. Any reproduction or dissemination of this   */
Headers\SP\SPFiles.h,14,/* for their internal use. Any reproduction or dissemination of this   */
Headers\SP\SPFiles.h,124,#if defined(WIN_ENV) || defined(ANDROID_ENV) || WEB_ENV || defined(UNIX_ENV)
Headers\SP\SPFiles.h,125,uint16* mFileReference; ///< \brief mFileReference could be as long as 64K but MUST be NULL terminated.
Headers\SP\SPFiles.h,152,/** mReference could be as long as 64K but MUST be NULL terminated. */
Headers\SP\SPFiles.h,224,/** mReference could be as long as 64K but MUST be NULL terminated. */
Headers\SP\SPFiles.h,250,#if defined(__ANDROID__) || defined(__LINUX__) || defined(__EMSCRIPTEN__) || defined(SIMULATED_WASM)
Headers\SP\SPFiles.h,260,/** mReference could be as long as 64K but MUST be NULL terminated. */
Headers\SP\SPFiles.h,276,#endif // __ANDROID__
Headers\SP\SPFiles.h,283,/** Internal ? */
Headers\SP\SPFiles.h,296,/** Internal */
Headers\SP\SPFiles.h,496,/** Internal */
Headers\SP\SPFiles.h,498,/** Internal */
Headers\SP\SPFiles.h,500,/** Internal */
Headers\SP\SPFiles.h,502,/** Internal */
Headers\SP\SPFiles.h,505,/** Internal */
Headers\SP\SPFiles.h,507,/** Internal */
Headers\SP\SPFiles.h,509,/** Internal */
Headers\SP\SPFiles.h,512,/** Internal */
Headers\SP\SPFiles.h,514,/** Internal */
Headers\SP\SPFiles.h,516,/** Internal */
Headers\SP\SPFiles.h,518,/** Internal */
Headers\SP\SPFiles.h,520,/** Internal */
Headers\SP\SPFiles.h,523,/** Internal */
Headers\SP\SPFiles.h,525,/** Internal */
Headers\SP\SPHost.h,14,/* for their internal use. Any reproduction or dissemination of this   */
Headers\SP\SPHost.h,35,"#include ""SPCaches.h"""
Headers\SP\SPInterf.h,14,/* for their internal use. Any reproduction or dissemination of this   */
Headers\SP\SPInterf.h,152,/** Internal */
Headers\SP\SPInterf.h,156,/** Internal */
Headers\SP\SPInterf.h,158,/** Internal */
Headers\SP\SPInterf.h,161,/** Internal */
Headers\SP\SPMData.h,14,/* for their internal use. Any reproduction or dissemination of this   */
Headers\SP\SPObject.h,14,/* This module is obsolete. */
Headers\SP\SPPiPL.h,14,/* for their internal use. Any reproduction or dissemination of this   */
Headers\SP\SPPiPL.h,39,"** Note: 4-character long IDs must be defined in hexidecimal, not long"
Headers\SP\SPPiPL.h,78,<br> 'pinm' Internal plug-in name */
Headers\SP\SPPiPL.h,88,/** Flag bit for \c #PIConditionalMessages: plug-in accepts purge-cache messages. */
Headers\SP\SPPiPL.h,89,#define PIAcceptsPurgeCachesMessage (1L << 2)
Headers\SP\SPPiPL.h,93,"/** Internal. Plug-in resource type, \c #PIProperty::propertyKey value."
Headers\SP\SPPiPL.h,107,/** Internal: Defines the general properties only if the application has
Headers\SP\SPPiPL.h,156,// \deprecated 'fx86' <PIWin16X86CodeDesc> Win16 Intel code descriptor. See struct below.
Headers\SP\SPPiPL.h,168,Must be unique for properties of a given type within
Headers\SP\SPPiPL.h,195,//<<are these internal?>>
Headers\SP\SPPiPL.h,222,must be an exported symbol of the code fragment. */
Headers\SP\SPPiPL.h,274,/** \deprecated Win16 Intel code descriptor.
Headers\SP\SPPiPL.h,307,must be an exported symbol of the code fragment. */
Headers\SP\SPPlugs.h,14,/* for their internal use. Any reproduction or dissemination of this   */
Headers\SP\SPPlugs.h,128,also frees any entries in the list. Do not free the global list (\c #kSPRuntimePluginList).
Headers\SP\SPPlugs.h,309,/* This attribute frees the adapterInfo field for private data for adapters.
Headers\SP\SPPlugs.h,350,also frees any entries in the list. Do not free the global list (\c #kSPRuntimePluginList).
Headers\SP\SPPlugs.h,531,/* This attribute frees the adapterInfo field for private data for adapters.
Headers\SP\SPPlugs.h,547,/** Internal */
Headers\SP\SPPlugs.h,549,/** Internal */
Headers\SP\SPPlugs.h,551,/** Internal */
Headers\SP\SPPlugs.h,554,/** Internal */
Headers\SP\SPPlugs.h,563,/** Internal */
Headers\SP\SPPlugs.h,572,/** Internal */
Headers\SP\SPPlugs.h,574,/** Internal */
Headers\SP\SPPlugs.h,576,/** Internal */
Headers\SP\SPPlugs.h,579,/** Internal */
Headers\SP\SPPlugs.h,581,/** Internal */
Headers\SP\SPPlugs.h,583,/** Internal */
Headers\SP\SPPlugs.h,585,/** Internal */
Headers\SP\SPPlugs.h,587,/** Internal */
Headers\SP\SPPlugs.h,589,/** Internal */
Headers\SP\SPPlugs.h,591,/** Internal */
Headers\SP\SPPlugs.h,593,/** Internal */
Headers\SP\SPPlugs.h,595,/** Internal */
Headers\SP\SPPlugs.h,597,/** Internal */
Headers\SP\SPPlugs.h,599,/** Internal */
Headers\SP\SPPlugs.h,601,/** Internal */
Headers\SP\SPPlugs.h,603,/** Internal */
Headers\SP\SPPlugs.h,605,/** Internal */
Headers\SP\SPPlugs.h,607,/** Internal */
Headers\SP\SPPlugs.h,610,/** Internal */
Headers\SP\SPPlugs.h,614,/** Internal */
Headers\SP\SPPlugs.h,616,/** Internal */
Headers\SP\SPPlugs.h,618,/** Internal */
Headers\SP\SPPlugs.h,621,/** Internal */
Headers\SP\SPPlugs.h,624,/** Internal */
Headers\SP\SPPlugs.h,636,/* This attribute frees the adapterInfo field for private data for adapters. */
Headers\SP\SPPlugs.h,637,/** Internal */
Headers\SP\SPPlugs.h,639,/** Internal */
Headers\SP\SPProps.h,14,/* for their internal use. Any reproduction or dissemination of this   */
Headers\SP\SPProps.h,102,and can be cached by the application in the start-up preferences
Headers\SP\SPProps.h,104,int32 cacheable;
Headers\SP\SPProps.h,146,@param cacheable True (non-zero) if these properties do not change betweeen sessions
Headers\SP\SPProps.h,147,and can be cached by the application in the start-up preferences
Headers\SP\SPProps.h,152,"SPPropertyListRef propertyList, PIPropertyList* pList, int32 refCon, int32 cacheable);"
Headers\SP\SPProps.h,163,@param cacheable True (non-zero) if this property does not change betweeen sessions
Headers\SP\SPProps.h,164,and can be cached by the application in the start-up preferences
Headers\SP\SPProps.h,176,"int32 cacheable,"
Headers\SP\SPProps.h,226,/** Reports whether a property is cacheable.
Headers\SP\SPProps.h,228,@param cacheable [out] A buffer in which to return true (non-zero)
Headers\SP\SPProps.h,230,and can be cached by the application in the start-up preferences
Headers\SP\SPProps.h,233,"SPAPI SPErr (*GetPropertyCacheable)(SPPropertyRef property, int32* cacheable);"
Headers\SP\SPProps.h,277,/** Internal */
Headers\SP\SPProps.h,279,/** Internal */
Headers\SP\SPProps.h,282,/** Internal */
Headers\SP\SPProps.h,283,"SPAPI SPErr SPAddProperties(SPPropertyListRef propertyList, PIPropertyList* pList, int32 refCon, int32 cacheable);"
Headers\SP\SPProps.h,285,/** Internal */
Headers\SP\SPProps.h,293,"int32 cacheable,"
Headers\SP\SPProps.h,296,/** Internal */
Headers\SP\SPProps.h,300,/** Internal */
Headers\SP\SPProps.h,302,/** Internal */
Headers\SP\SPProps.h,304,/** Internal */
Headers\SP\SPProps.h,307,/** Internal */
Headers\SP\SPProps.h,309,/** Internal */
Headers\SP\SPProps.h,311,/** Internal */
Headers\SP\SPProps.h,312,"SPAPI SPErr SPGetPropertyCacheable(SPPropertyRef property, int32* cacheable);"
Headers\SP\SPProps.h,313,/** Internal */
Headers\SP\SPProps.h,316,/** Internal */
Headers\SP\SPProps.h,318,/** Internal */
Headers\SP\SPProps.h,321,/** Internal */
Headers\SP\SPRuntme.h,14,/* for their internal use. Any reproduction or dissemination of this   */
Headers\SP\SPRuntme.h,58,/*  INTERNAL DOCS
Headers\SP\SPRuntme.h,93,*  throwTrap - called when an internal error is thrown. This can be used
Headers\SP\SPRuntme.h,104,*  The string pool functions replace the default routines used internally
Headers\SP\SPRuntme.h,161,"*      this from cached data or, as SP would, from the file list.  A returned error will"
Headers\SP\SPRuntme.h,169,"*      The host would be responsible, for instance, for defining the cacheable"
Headers\SP\SPRuntme.h,172,"*      is selected.)  Two notes: don't forget to SetPluginStarted(), and make sure"
Headers\SP\SPRuntme.h,200,"kAddFile,   /*  Internal: for filter file, received before a file is"
Headers\SP\SPRuntme.h,205,"kAddPlugin, /*  Internal: for filter file, received before a file is"
Headers\SP\SPRuntme.h,211,/** Internal */
Headers\SP\SPRuntme.h,212,"kSuitesAvailable,  /*  Internal: used only by event filter to allow host to"
Headers\SP\SPRuntme.h,214,/** Internal */
Headers\SP\SPRuntme.h,215,"kError,            /*  Internal: notifyData is SPErrorDataPtr*/"
Headers\SP\SPRuntme.h,218,"kStartingupPlugin, /*  Internal: for filter file, received before a file is"
Headers\SP\SPRuntme.h,221,"kXPlatError,       /*  Internal: notifyData is SPXPlatErrorData */"
Headers\SP\SPRuntme.h,224,/** Internal */
Headers\SP\SPRuntme.h,228,/** Internal */
Headers\SP\SPRuntme.h,230,/** Internal */
Headers\SP\SPRuntme.h,232,/** Internal */
Headers\SP\SPRuntme.h,251,/** Internal */
Headers\SP\SPRuntme.h,253,/** Internal */
Headers\SP\SPRuntme.h,255,/** Internal */
Headers\SP\SPRuntme.h,258,/** Internal */
Headers\SP\SPRuntme.h,260,/** Internal */
Headers\SP\SPRuntme.h,262,/** Internal */
Headers\SP\SPRuntme.h,265,/** Internal */
Headers\SP\SPRuntme.h,268,/** Internal */
Headers\SP\SPRuntme.h,270,/** Internal */
Headers\SP\SPRuntme.h,272,/** Internal */
Headers\SP\SPRuntme.h,275,#if defined(WIN_ENV) || defined(ANDROID_ENV)
Headers\SP\SPRuntme.h,276,/** Internal */
Headers\SP\SPRuntme.h,280,/** Internal */
Headers\SP\SPRuntme.h,283,/** Internal */
Headers\SP\SPRuntme.h,287,"Plug-ins do not use these, except for adapters, which"
Headers\SP\SPRuntme.h,320,#if defined(WIN_ENV) || defined(ANDROID_ENV)
Headers\SP\SPRuntme.h,458,/** Internal */
Headers\SP\SPRuntme.h,460,/** Internal */
Headers\SP\SPRuntme.h,462,/** Internal */
Headers\SP\SPRuntme.h,464,/** Internal */
Headers\SP\SPRuntme.h,466,/** Internal */
Headers\SP\SPRuntme.h,468,/** Internal */
Headers\SP\SPRuntme.h,470,/** Internal */
Headers\SP\SPRuntme.h,472,/** Internal */
Headers\SP\SPRuntme.h,474,/** Internal */
Headers\SP\SPRuntme.h,476,/** Internal */
Headers\SP\SPRuntme.h,479,/** Internal */
Headers\SP\SPRuntme.h,486,"int32 internalVersion,"
Headers\SP\SPRuntme.h,489,"SPSuiteListRef suiteList, const char* name, int32 apiVersion, int32 internalVersion);"
Headers\SP\SPRuntme.h,497,/** Internal */
Headers\SP\SPStrngs.h,14,/* for their internal use. Any reproduction or dissemination of this   */
Headers\SP\SPStrngs.h,105,Do not free the global string pool (\c #kSPRuntimeStringPool).
Headers\SP\SPSTSPrp.h,14,/* for their internal use. Any reproduction or dissemination of this   */
Headers\SP\SPSTSPrp.h,37,/** Internal */
Headers\SP\SPSTSPrp.h,39,/** Internal */
Headers\SP\SPSuites.h,14,/* for their internal use. Any reproduction or dissemination of this   */
Headers\SP\SPSuites.h,49,/** Internal */
Headers\SP\SPSuites.h,50,#define kSPLatestInternalVersion 0
Headers\SP\SPSuites.h,111,also frees any entries in the list. Do not free the global list (\c #kSPRuntimeSuiteList).
Headers\SP\SPSuites.h,117,Identifying constants for the suite name and version must be made
Headers\SP\SPSuites.h,124,@param internalVersion The internal version number of the suite.
Headers\SP\SPSuites.h,134,"int32 internalVersion,"
Headers\SP\SPSuites.h,141,and internal version number.
Headers\SP\SPSuites.h,146,@param internalVersion The internal suite version number.
Headers\SP\SPSuites.h,154,"int32 internalVersion,"
Headers\SP\SPSuites.h,163,@param internalVersion The internal suite version number.
Headers\SP\SPSuites.h,166,"SPSuiteListRef suiteList, const char* name, int32 apiVersion, int32 internalVersion);"
Headers\SP\SPSuites.h,173,@param internalVersion The internal suite version number.
Headers\SP\SPSuites.h,178,"SPSuiteListRef suiteList, const char* name, int32 apiVersion, int32 internalVersion, SPSuiteRef* suite);"
Headers\SP\SPSuites.h,216,/** Retrieves the internal version number of a suite.
Headers\SP\SPSuites.h,218,@param version [out] A buffer in which to return the internal version number.
Headers\SP\SPSuites.h,220,"SPAPI SPErr (*GetSuiteInternalVersion)(SPSuiteRef suite, int32* version);"
Headers\SP\SPSuites.h,235,/** Internal */
Headers\SP\SPSuites.h,238,/** Internal */
Headers\SP\SPSuites.h,241,/** Internal */
Headers\SP\SPSuites.h,247,"int32 internalVersion,"
Headers\SP\SPSuites.h,251,/** Internal */
Headers\SP\SPSuites.h,253,"SPSuiteListRef suiteList, const char* name, int32 apiVersion, int32 internalVersion, const void** suiteProcs);"
Headers\SP\SPSuites.h,255,/** Internal */
Headers\SP\SPSuites.h,256,"SPAPI SPErr SPReleaseSuite(SPSuiteListRef suiteList, const char* name, int32 apiVersion, int32 internalVersion);"
Headers\SP\SPSuites.h,258,/** Internal */
Headers\SP\SPSuites.h,260,"SPFindSuite(SPSuiteListRef suiteList, const char* name, int32 apiVersion, int32 internalVersion, SPSuiteRef* suite);"
Headers\SP\SPSuites.h,262,/** Internal */
Headers\SP\SPSuites.h,264,/** Internal */
Headers\SP\SPSuites.h,266,/** Internal */
Headers\SP\SPSuites.h,269,/** Internal */
Headers\SP\SPSuites.h,271,/** Internal */
Headers\SP\SPSuites.h,273,/** Internal */
Headers\SP\SPSuites.h,275,/** Internal */
Headers\SP\SPSuites.h,276,"SPAPI SPErr SPGetSuiteInternalVersion(SPSuiteRef suite, int32* version);"
Headers\SP\SPSuites.h,277,/** Internal */
Headers\SP\SPSuites.h,279,/** Internal */
Headers\SP\SPTypes.h,14,/* for their internal use. Any reproduction or dissemination of this   */
Headers\SP\SPTypes.h,79,#if defined(MAC_ENV) || defined(__ANDROID__) || defined(__LINUX__) || defined(__EMSCRIPTEN__) ||                   \
Headers\SP\SPTypes.h,100,#if defined(MAC_ENV) || defined(__ANDROID__) || defined(__LINUX__) || defined(__EMSCRIPTEN__) ||                   \
Headers\SP\photoshop\config\platform.hpp,25,// #error Windows resource compiler - do not include this file!
Headers\SP\photoshop\config\platform.hpp,35,// alias to the private artemis macros via concatenation because calling PHOTOSHOP_PLATFORM(X) errors
Headers\SP\photoshop\config\platform.hpp,39,#define PHOTOSHOP_PLATFORM(X) (ARTEMIS_PRIVATE_PLATFORM_##X())
Headers\SP\photoshop\config\platform.hpp,40,#define PHOTOSHOP_ARCH(X) (ARTEMIS_PRIVATE_ARCH_##X())
Headers\SP\photoshop\config\platform.hpp,41,#define PHOTOSHOP_BITS(X) (ARTEMIS_PRIVATE_BITS_##X())
Headers\SP\photoshop\config\platform.hpp,42,"#define PHOTOSHOP_CPU(A,B) (ARTEMIS_PRIVATE_ARCH_##A() && ARTEMIS_PRIVATE_BITS_##B())"
Headers\SP\photoshop\config\platform.hpp,43,"#define PHOTOSHOP_PLATFORM_ARCH(X, A) (ARTEMIS_PRIVATE_PLATFORM_##X() && ARTEMIS_PRIVATE_ARCH_##A())"
Headers\SP\photoshop\config\platform.hpp,44,"#define PHOTOSHOP_PLATFORM_ARCH_BITS(X, A, B) (ARTEMIS_PRIVATE_PLATFORM_##X() && ARTEMIS_PRIVATE_ARCH_##A() && ARTEMIS_PRIVATE_BITS_##B())"
Headers\SP\photoshop\config\platform.hpp,48,#define PS_PLATFORM_ANDROID PHOTOSHOP_PLATFORM(ANDROID)
Headers\SP\photoshop\config\platform.hpp,69,#ifndef PS_OS_ANDROID // Some Windows projects define this in their props file
Headers\SP\photoshop\config\platform.hpp,70,#define PS_OS_ANDROID PHOTOSHOP_PLATFORM(ANDROID)
Headers\SP\photoshop\config\platform.hpp,78,// features that do not work in a simulated WASM environment.
Headers\SP\photoshop\config\platform.hpp,80,// warning: macro expansion producing 'defined' has undefined behavior [-Wexpansion-to-defined]
Headers\SP\photoshop\config\platform.hpp,83,#define PHOTOSHOP_PRIVATE_PLATFORM_SIMULATED_WASM() 1
Headers\SP\photoshop\config\platform.hpp,85,#define PHOTOSHOP_PRIVATE_PLATFORM_SIMULATED_WASM() 0
Headers\SP\photoshop\config\platform.hpp,90,// Deprecated
Headers\SP\artemis\config\platform.hpp,46,ANDROID - compiled for Android
Headers\SP\artemis\config\platform.hpp,51,#define ARTEMIS_PLATFORM(X) (ARTEMIS_PRIVATE_PLATFORM_##X())
Headers\SP\artemis\config\platform.hpp,67,#define ARTEMIS_ARCH(X) (ARTEMIS_PRIVATE_ARCH_##X())
Headers\SP\artemis\config\platform.hpp,80,#define ARTEMIS_BITS(X) (ARTEMIS_PRIVATE_BITS_##X())
Headers\SP\artemis\config\platform.hpp,93,"#define ARTEMIS_CPU(A,B) (ARTEMIS_PRIVATE_ARCH_##A() && ARTEMIS_PRIVATE_BITS_##B())"
Headers\SP\artemis\config\platform.hpp,106,"#define ARTEMIS_PLATFORM_ARCH(X, A) (ARTEMIS_PRIVATE_PLATFORM_##X() && ARTEMIS_PRIVATE_ARCH_##A())"
Headers\SP\artemis\config\platform.hpp,119,"#define ARTEMIS_PLATFORM_ARCH_BITS(X, A, B) (ARTEMIS_PRIVATE_PLATFORM_##X() && ARTEMIS_PRIVATE_ARCH_##A() && ARTEMIS_PRIVATE_BITS_##B())"
Headers\SP\artemis\config\platform.hpp,123,// The *_PRIVATE_* macros are just that. Don't use them directly.
Headers\SP\artemis\config\platform.hpp,125,#define ARTEMIS_PRIVATE_PLATFORM_ANDROID() 0
Headers\SP\artemis\config\platform.hpp,126,#define ARTEMIS_PRIVATE_PLATFORM_WEB() 0
Headers\SP\artemis\config\platform.hpp,127,#define ARTEMIS_PRIVATE_PLATFORM_APPLE() 0
Headers\SP\artemis\config\platform.hpp,128,#define ARTEMIS_PRIVATE_PLATFORM_IOS() 0
Headers\SP\artemis\config\platform.hpp,129,#define ARTEMIS_PRIVATE_PLATFORM_LINUX() 0
Headers\SP\artemis\config\platform.hpp,130,#define ARTEMIS_PRIVATE_PLATFORM_MACOS() 0
Headers\SP\artemis\config\platform.hpp,131,#define ARTEMIS_PRIVATE_PLATFORM_MICROSOFT() 0
Headers\SP\artemis\config\platform.hpp,132,#define ARTEMIS_PRIVATE_PLATFORM_POSIX() 0
Headers\SP\artemis\config\platform.hpp,133,#define ARTEMIS_PRIVATE_PLATFORM_UWP() 0
Headers\SP\artemis\config\platform.hpp,134,#define ARTEMIS_PRIVATE_PLATFORM_WIN32() 0
Headers\SP\artemis\config\platform.hpp,136,#define ARTEMIS_PRIVATE_ARCH_ARM() 0
Headers\SP\artemis\config\platform.hpp,137,#define ARTEMIS_PRIVATE_ARCH_X86() 0
Headers\SP\artemis\config\platform.hpp,138,#define ARTEMIS_PRIVATE_ARCH_WASM() 0
Headers\SP\artemis\config\platform.hpp,140,#define ARTEMIS_PRIVATE_BITS_32() 0
Headers\SP\artemis\config\platform.hpp,141,#define ARTEMIS_PRIVATE_BITS_64() 0
Headers\SP\artemis\config\platform.hpp,143,#if defined(__ANDROID__)
Headers\SP\artemis\config\platform.hpp,144,#undef ARTEMIS_PRIVATE_PLATFORM_POSIX
Headers\SP\artemis\config\platform.hpp,145,#define ARTEMIS_PRIVATE_PLATFORM_POSIX() 1
Headers\SP\artemis\config\platform.hpp,146,#undef ARTEMIS_PRIVATE_PLATFORM_ANDROID
Headers\SP\artemis\config\platform.hpp,147,#define ARTEMIS_PRIVATE_PLATFORM_ANDROID() 1
Headers\SP\artemis\config\platform.hpp,150,#undef ARTEMIS_PRIVATE_ARCH_ARM
Headers\SP\artemis\config\platform.hpp,151,#define ARTEMIS_PRIVATE_ARCH_ARM() 1
Headers\SP\artemis\config\platform.hpp,152,#undef ARTEMIS_PRIVATE_BITS_32
Headers\SP\artemis\config\platform.hpp,153,#define ARTEMIS_PRIVATE_BITS_32() 1
Headers\SP\artemis\config\platform.hpp,157,#undef ARTEMIS_PRIVATE_ARCH_ARM
Headers\SP\artemis\config\platform.hpp,158,#define ARTEMIS_PRIVATE_ARCH_ARM() 1
Headers\SP\artemis\config\platform.hpp,159,#undef ARTEMIS_PRIVATE_BITS_64
Headers\SP\artemis\config\platform.hpp,160,#define ARTEMIS_PRIVATE_BITS_64() 1
Headers\SP\artemis\config\platform.hpp,164,#undef ARTEMIS_PRIVATE_ARCH_X86
Headers\SP\artemis\config\platform.hpp,165,#define ARTEMIS_PRIVATE_ARCH_X86() 1
Headers\SP\artemis\config\platform.hpp,166,#undef ARTEMIS_PRIVATE_BITS_32
Headers\SP\artemis\config\platform.hpp,167,#define ARTEMIS_PRIVATE_BITS_32() 1
Headers\SP\artemis\config\platform.hpp,171,#undef ARTEMIS_PRIVATE_ARCH_X86
Headers\SP\artemis\config\platform.hpp,172,#define ARTEMIS_PRIVATE_ARCH_X86() 1
Headers\SP\artemis\config\platform.hpp,173,#undef ARTEMIS_PRIVATE_BITS_64
Headers\SP\artemis\config\platform.hpp,174,#define ARTEMIS_PRIVATE_BITS_64() 1
Headers\SP\artemis\config\platform.hpp,184,#undef ARTEMIS_PRIVATE_PLATFORM_POSIX
Headers\SP\artemis\config\platform.hpp,185,#define ARTEMIS_PRIVATE_PLATFORM_POSIX() 1
Headers\SP\artemis\config\platform.hpp,186,#undef ARTEMIS_PRIVATE_PLATFORM_WEB
Headers\SP\artemis\config\platform.hpp,187,#define ARTEMIS_PRIVATE_PLATFORM_WEB() 1
Headers\SP\artemis\config\platform.hpp,189,#undef ARTEMIS_PRIVATE_ARCH_WASM
Headers\SP\artemis\config\platform.hpp,190,#define ARTEMIS_PRIVATE_ARCH_WASM() 1
Headers\SP\artemis\config\platform.hpp,191,#undef ARTEMIS_PRIVATE_BITS_32
Headers\SP\artemis\config\platform.hpp,192,#define ARTEMIS_PRIVATE_BITS_32() 1
Headers\SP\artemis\config\platform.hpp,198,#undef ARTEMIS_PRIVATE_PLATFORM_MICROSOFT
Headers\SP\artemis\config\platform.hpp,199,#define ARTEMIS_PRIVATE_PLATFORM_MICROSOFT() 1
Headers\SP\artemis\config\platform.hpp,202,#undef ARTEMIS_PRIVATE_PLATFORM_UWP
Headers\SP\artemis\config\platform.hpp,203,#define ARTEMIS_PRIVATE_PLATFORM_UWP() 1
Headers\SP\artemis\config\platform.hpp,205,#undef ARTEMIS_PRIVATE_PLATFORM_WIN32
Headers\SP\artemis\config\platform.hpp,206,#define ARTEMIS_PRIVATE_PLATFORM_WIN32() 1
Headers\SP\artemis\config\platform.hpp,210,#undef ARTEMIS_PRIVATE_ARCH_ARM
Headers\SP\artemis\config\platform.hpp,211,#define ARTEMIS_PRIVATE_ARCH_ARM() 1
Headers\SP\artemis\config\platform.hpp,212,#undef ARTEMIS_PRIVATE_BITS_32
Headers\SP\artemis\config\platform.hpp,213,#define ARTEMIS_PRIVATE_BITS_32() 1
Headers\SP\artemis\config\platform.hpp,217,#undef ARTEMIS_PRIVATE_ARCH_ARM
Headers\SP\artemis\config\platform.hpp,218,#define ARTEMIS_PRIVATE_ARCH_ARM() 1
Headers\SP\artemis\config\platform.hpp,219,#undef ARTEMIS_PRIVATE_BITS_64
Headers\SP\artemis\config\platform.hpp,220,#define ARTEMIS_PRIVATE_BITS_64() 1
Headers\SP\artemis\config\platform.hpp,225,#undef ARTEMIS_PRIVATE_ARCH_X86
Headers\SP\artemis\config\platform.hpp,226,#define ARTEMIS_PRIVATE_ARCH_X86() 1
Headers\SP\artemis\config\platform.hpp,227,#undef ARTEMIS_PRIVATE_BITS_32
Headers\SP\artemis\config\platform.hpp,228,#define ARTEMIS_PRIVATE_BITS_32() 1
Headers\SP\artemis\config\platform.hpp,232,#undef ARTEMIS_PRIVATE_ARCH_X86
Headers\SP\artemis\config\platform.hpp,233,#define ARTEMIS_PRIVATE_ARCH_X86() 1
Headers\SP\artemis\config\platform.hpp,234,#undef ARTEMIS_PRIVATE_BITS_64
Headers\SP\artemis\config\platform.hpp,235,#define ARTEMIS_PRIVATE_BITS_64() 1
Headers\SP\artemis\config\platform.hpp,243,#undef ARTEMIS_PRIVATE_PLATFORM_POSIX
Headers\SP\artemis\config\platform.hpp,244,#define ARTEMIS_PRIVATE_PLATFORM_POSIX() 1
Headers\SP\artemis\config\platform.hpp,245,#undef ARTEMIS_PRIVATE_PLATFORM_APPLE
Headers\SP\artemis\config\platform.hpp,246,#define ARTEMIS_PRIVATE_PLATFORM_APPLE() 1
Headers\SP\artemis\config\platform.hpp,249,#undef ARTEMIS_PRIVATE_PLATFORM_IOS
Headers\SP\artemis\config\platform.hpp,250,#define ARTEMIS_PRIVATE_PLATFORM_IOS() 1
Headers\SP\artemis\config\platform.hpp,252,#undef ARTEMIS_PRIVATE_PLATFORM_MACOS
Headers\SP\artemis\config\platform.hpp,253,#define ARTEMIS_PRIVATE_PLATFORM_MACOS() 1
Headers\SP\artemis\config\platform.hpp,257,#undef ARTEMIS_PRIVATE_ARCH_ARM
Headers\SP\artemis\config\platform.hpp,258,#define ARTEMIS_PRIVATE_ARCH_ARM() 1
Headers\SP\artemis\config\platform.hpp,259,#undef ARTEMIS_PRIVATE_BITS_32
Headers\SP\artemis\config\platform.hpp,260,#define ARTEMIS_PRIVATE_BITS_32() 1
Headers\SP\artemis\config\platform.hpp,264,#undef ARTEMIS_PRIVATE_ARCH_ARM
Headers\SP\artemis\config\platform.hpp,265,#define ARTEMIS_PRIVATE_ARCH_ARM() 1
Headers\SP\artemis\config\platform.hpp,266,#undef ARTEMIS_PRIVATE_BITS_64
Headers\SP\artemis\config\platform.hpp,267,#define ARTEMIS_PRIVATE_BITS_64() 1
Headers\SP\artemis\config\platform.hpp,271,#undef ARTEMIS_PRIVATE_ARCH_X86
Headers\SP\artemis\config\platform.hpp,272,#define ARTEMIS_PRIVATE_ARCH_X86() 1
Headers\SP\artemis\config\platform.hpp,273,#undef ARTEMIS_PRIVATE_BITS_32
Headers\SP\artemis\config\platform.hpp,274,#define ARTEMIS_PRIVATE_BITS_32() 1
Headers\SP\artemis\config\platform.hpp,278,#undef ARTEMIS_PRIVATE_ARCH_X86
Headers\SP\artemis\config\platform.hpp,279,#define ARTEMIS_PRIVATE_ARCH_X86() 1
Headers\SP\artemis\config\platform.hpp,280,#undef ARTEMIS_PRIVATE_BITS_64
Headers\SP\artemis\config\platform.hpp,281,#define ARTEMIS_PRIVATE_BITS_64() 1
Headers\SP\artemis\config\platform.hpp,285,#undef ARTEMIS_PRIVATE_PLATFORM_POSIX
Headers\SP\artemis\config\platform.hpp,286,#define ARTEMIS_PRIVATE_PLATFORM_POSIX() 1
Headers\SP\artemis\config\platform.hpp,287,#undef ARTEMIS_PRIVATE_PLATFORM_LINUX
Headers\SP\artemis\config\platform.hpp,288,#define ARTEMIS_PRIVATE_PLATFORM_LINUX() 1
Headers\SP\artemis\config\platform.hpp,291,#undef ARTEMIS_PRIVATE_ARCH_X86
Headers\SP\artemis\config\platform.hpp,292,#define ARTEMIS_PRIVATE_ARCH_X86() 1
Headers\SP\artemis\config\platform.hpp,293,#undef ARTEMIS_PRIVATE_BITS_64
Headers\SP\artemis\config\platform.hpp,294,#define ARTEMIS_PRIVATE_BITS_64() 1
Headers\SP\artemis\config\platform.hpp,298,#if (ARTEMIS_PRIVATE_ARCH_ARM() + ARTEMIS_PRIVATE_ARCH_X86() + ARTEMIS_PRIVATE_ARCH_WASM()) != 1
Headers\SP\artemis\config\platform.hpp,302,#if (ARTEMIS_PRIVATE_BITS_32() + ARTEMIS_PRIVATE_BITS_64()) != 1
Headers\adobesdk\config\AdobesdkTypes.h,29,#pragma warning(push)
Headers\adobesdk\config\AdobesdkTypes.h,30,#pragma warning(disable : 4103)
Headers\adobesdk\config\AdobesdkTypes.h,37,#pragma warning(pop)
Headers\adobesdk\config\AdobesdkTypes.h,61,#pragma warning(push)
Headers\adobesdk\config\AdobesdkTypes.h,62,#pragma warning(disable : 4103)
Headers\adobesdk\config\AdobesdkTypes.h,69,#pragma warning(pop)
Headers\adobesdk\config\PreConfig.h,2,//Must be balanced with PostConfig.h!
Headers\adobesdk\drawbotsuite\DrawbotSuiteTypes.h,24,#pragma warning(push)
Headers\adobesdk\drawbotsuite\DrawbotSuiteTypes.h,25,#pragma warning(disable : 4103)
Headers\adobesdk\drawbotsuite\DrawbotSuiteTypes.h,32,#pragma warning(pop)
Headers\adobesdk\drawbotsuite\DrawbotSuiteTypes.h,151,#pragma warning(push)
Headers\adobesdk\drawbotsuite\DrawbotSuiteTypes.h,152,#pragma warning(disable : 4103)
Headers\adobesdk\drawbotsuite\DrawbotSuiteTypes.h,159,#pragma warning(pop)
GPUUtils\PrGPU\KernelSupport\KernelCore.h,86,** Don't use section macros for more than one liners or structures. Line number tracking doesn't work within them.
GPUUtils\PrGPU\KernelSupport\KernelCore.h,131,** The macro uses Boost preprocessor sequences to express a type/name pair:
GPUUtils\PrGPU\KernelSupport\KernelCore.h,133,** These pairs are then nested into a sequence of parameters:
GPUUtils\PrGPU\KernelSupport\KernelCore.h,136,** Each category sequence is a separate macro parameter.
GPUUtils\PrGPU\KernelSupport\KernelCore.h,161,**  The GF_KERNEL_FUNCTION_SHARED macro takes a fifth argument that is a sequence:
GPUUtils\PrGPU\KernelSupport\KernelCore.h,167,"**  Shared memory parameters to functions must be pointers in OpenCL, so arrays must be passed by pointer."
GPUUtils\PrGPU\KernelSupport\KernelCore.h,230,** GF_THREAD_PTR declares a pointer to thread private memory:
GPUUtils\PrGPU\KernelSupport\KernelCore.h,285,// HLSL enforces 16 byte packing for cbuffer but legacy binding rules can quite finicky and weird
GPUUtils\PrGPU\KernelSupport\KernelCore.h,287,// TODO: Figure out any specific binding needs
GPUUtils\PrGPU\KernelSupport\KernelCore.h,328,**  HLSL receives them as a UAV Structured Buffer to work around the legacy packing requirements for CBVs
GPUUtils\PrGPU\KernelSupport\KernelCore.h,625,GFMetalTextureType<ChannelType> //boost preprocessor sequences don't like commas
GPUUtils\PrGPU\KernelSupport\KernelCore.h,627,GFMetal3DTextureType<ChannelType> //boost preprocessor sequences don't like commas
GPUUtils\PrGPU\KernelSupport\KernelCore.h,631,GFMetalTextureTypeWriteOnly<ChannelType> //boost preprocessor sequences don't like commas
GPUUtils\PrGPU\KernelSupport\KernelWrapper.h,36,//Operators used by boost Preprocessor metaprogramming sequence operations
GPUUtils\PrGPU\KernelSupport\KernelWrapper.h,52,//Transformations for boost preprocessing sequences
GP\EMP\EMP.cpp,37,"AE_BlitReceipt				receipt,"
Effect\Checkout\Checkout.cpp,79,out_data->out_flags2 =	PF_OutFlag2_SUPPORTS_THREADED_RENDERING;
Effect\Checkout\Checkout.cpp,129,Render(
Effect\Checkout\Checkout.cpp,304,case PF_Cmd_RENDER:
Effect\Checkout\Checkout.cpp,305,"err = Render(in_data,out_data,params,output);"
Effect\Convolutrix\Convolutrix.cpp,74,PF_OutFlag2_SUPPORTS_THREADED_RENDERING;
Effect\Convolutrix\Convolutrix.cpp,133,Render(
Effect\Convolutrix\Convolutrix.cpp,333,case PF_Cmd_RENDER:
Effect\Convolutrix\Convolutrix.cpp,334,"ERR(Render(in_data, out_data, params, output));"
Effect\Gamma_Table\Gamma_Table.cpp,26,using a sequence data Handle
Effect\Gamma_Table\Gamma_Table.cpp,42,1.6			Remove deprecated 'register' keyword					cb			12/18/2020
Effect\Gamma_Table\Gamma_Table.cpp,86,out_data->out_flags2 = PF_OutFlag2_SUPPORTS_THREADED_RENDERING;
Effect\Gamma_Table\Gamma_Table.cpp,120,SequenceSetup (
Effect\Gamma_Table\Gamma_Table.cpp,129,if (out_data->sequence_data){
Effect\Gamma_Table\Gamma_Table.cpp,130,PF_DISPOSE_HANDLE(out_data->sequence_data);
Effect\Gamma_Table\Gamma_Table.cpp,132,out_data->sequence_data = PF_NEW_HANDLE(sizeof(Gamma_Table));
Effect\Gamma_Table\Gamma_Table.cpp,133,if (!out_data->sequence_data) {
Effect\Gamma_Table\Gamma_Table.cpp,134,return PF_Err_INTERNAL_STRUCT_DAMAGED;
Effect\Gamma_Table\Gamma_Table.cpp,139,g_tableP = *(Gamma_Table**)out_data->sequence_data;
Effect\Gamma_Table\Gamma_Table.cpp,150,SequenceSetdown (
Effect\Gamma_Table\Gamma_Table.cpp,156,if (in_data->sequence_data) {
Effect\Gamma_Table\Gamma_Table.cpp,157,PF_DISPOSE_HANDLE(in_data->sequence_data);
Effect\Gamma_Table\Gamma_Table.cpp,158,out_data->sequence_data = NULL;
Effect\Gamma_Table\Gamma_Table.cpp,165,SequenceResetup (
Effect\Gamma_Table\Gamma_Table.cpp,171,if (!in_data->sequence_data) {
Effect\Gamma_Table\Gamma_Table.cpp,172,"return SequenceSetup(in_data, out_data, params, output);"
Effect\Gamma_Table\Gamma_Table.cpp,202,Render (
Effect\Gamma_Table\Gamma_Table.cpp,227,if (!out_data->sequence_data) {
Effect\Gamma_Table\Gamma_Table.cpp,230,err = PF_Err_INTERNAL_STRUCT_DAMAGED;
Effect\Gamma_Table\Gamma_Table.cpp,234,g_tableP = *(Gamma_Table **)out_data->sequence_data;
Effect\Gamma_Table\Gamma_Table.cpp,329,case PF_Cmd_SEQUENCE_SETUP:
Effect\Gamma_Table\Gamma_Table.cpp,330,"err = SequenceSetup(in_data,out_data,params,output);"
Effect\Gamma_Table\Gamma_Table.cpp,332,case PF_Cmd_SEQUENCE_SETDOWN:
Effect\Gamma_Table\Gamma_Table.cpp,333,"err = SequenceSetdown(in_data,out_data,params,output);"
Effect\Gamma_Table\Gamma_Table.cpp,335,case PF_Cmd_SEQUENCE_RESETUP:
Effect\Gamma_Table\Gamma_Table.cpp,336,"err = SequenceResetup(in_data,out_data,params,output);"
Effect\Gamma_Table\Gamma_Table.cpp,338,case PF_Cmd_RENDER:
Effect\Gamma_Table\Gamma_Table.cpp,339,"err = Render(in_data,out_data,params,output);"
Effect\Paramarama\Paramarama.cpp,76,out_data->out_flags2 = PF_OutFlag2_SUPPORTS_THREADED_RENDERING;
Effect\Paramarama\Paramarama.cpp,161,// Add a placeholder for hosts that don't support 3D points
Effect\Paramarama\Paramarama.cpp,192,Render(
Effect\Paramarama\Paramarama.cpp,352,case PF_Cmd_RENDER:
Effect\Paramarama\Paramarama.cpp,354,"err = Render(	in_data,"
Effect\Paramarama\Paramarama_Strings.cpp,35,"StrID_Slider_Param_Name,		""An obsolete slider"","
Effect\PathMaster\PathMaster.cpp,33,"2.0			Updated to ""old school"" coding guidelines, added mask	bbb			5/20/2003"
Effect\PathMaster\PathMaster.cpp,35,3.0			Added sequence data handling							bbb			8/1/2006
Effect\PathMaster\PathMaster.cpp,37,3.6			Delete unflat sequence data after flattening during		zal			6/11/2014
Effect\PathMaster\PathMaster.cpp,38,SEQUENCE_FLATTEN. Fix incorrect comment.
Effect\PathMaster\PathMaster.cpp,39,4.0			Support PF_Cmd_GET_FLATTENED_SEQUENCE_DATA.  Fix more	zal			3/24/2015
Effect\PathMaster\PathMaster.cpp,42,4.2			Remove deprecated 'register' keyword					cb			12/18/2020
Effect\PathMaster\PathMaster.cpp,80,out_data->out_flags = 	PF_OutFlag_SEQUENCE_DATA_NEEDS_FLATTENING	|
Effect\PathMaster\PathMaster.cpp,83,out_data->out_flags2 =	PF_OutFlag2_SUPPORTS_THREADED_RENDERING |
Effect\PathMaster\PathMaster.cpp,84,PF_OutFlag2_SUPPORTS_GET_FLATTENED_SEQUENCE_DATA;
Effect\PathMaster\PathMaster.cpp,90,SequenceSetup (
Effect\PathMaster\PathMaster.cpp,128,// Create sequence data
Effect\PathMaster\PathMaster.cpp,144,//	WARNING: The following assignments are not safe for cross-platform use.
Effect\PathMaster\PathMaster.cpp,153,out_data->sequence_data = seq_dataH;
Effect\PathMaster\PathMaster.cpp,160,"} else {	// whoa, we couldn't allocate sequence data; bail!"
Effect\PathMaster\PathMaster.cpp,167,SequenceSetdown (
Effect\PathMaster\PathMaster.cpp,175,if (in_data->sequence_data){
Effect\PathMaster\PathMaster.cpp,176,Unflat_Seq_Data	*seqP = reinterpret_cast<Unflat_Seq_Data*>(DH(in_data->sequence_data));
Effect\PathMaster\PathMaster.cpp,180,suites.HandleSuite1()->host_dispose_handle(in_data->sequence_data);
Effect\PathMaster\PathMaster.cpp,186,SequenceFlatten(
Effect\PathMaster\PathMaster.cpp,195,if (in_data->sequence_data){
Effect\PathMaster\PathMaster.cpp,196,Unflat_Seq_Data* unflat_seq_dataP = reinterpret_cast<Unflat_Seq_Data*>(DH(in_data->sequence_data));
Effect\PathMaster\PathMaster.cpp,215,// In SequenceSetdown we toss out the unflat data
Effect\PathMaster\PathMaster.cpp,217,suites.HandleSuite1()->host_dispose_handle(in_data->sequence_data);
Effect\PathMaster\PathMaster.cpp,219,out_data->sequence_data = flat_seq_dataH;
Effect\PathMaster\PathMaster.cpp,223,err = PF_Err_INTERNAL_STRUCT_DAMAGED;
Effect\PathMaster\PathMaster.cpp,227,err = PF_Err_INTERNAL_STRUCT_DAMAGED;
Effect\PathMaster\PathMaster.cpp,233,GetFlattenedSequenceData(
Effect\PathMaster\PathMaster.cpp,242,if (in_data->sequence_data){
Effect\PathMaster\PathMaster.cpp,243,Unflat_Seq_Data* unflat_seq_dataP = reinterpret_cast<Unflat_Seq_Data*>(DH(in_data->sequence_data));
Effect\PathMaster\PathMaster.cpp,262,// The whole point of this function is that we don't dispose of the unflat data!
Effect\PathMaster\PathMaster.cpp,264,//suites.HandleSuite1()->host_dispose_handle(in_data->sequence_data);
Effect\PathMaster\PathMaster.cpp,266,out_data->sequence_data = flat_seq_dataH;
Effect\PathMaster\PathMaster.cpp,270,err = PF_Err_INTERNAL_STRUCT_DAMAGED;
Effect\PathMaster\PathMaster.cpp,274,err = PF_Err_INTERNAL_STRUCT_DAMAGED;
Effect\PathMaster\PathMaster.cpp,280,SequenceResetup (
Effect\PathMaster\PathMaster.cpp,287,"// We got here because we're either opening a project w/saved (flat) sequence data,"
Effect\PathMaster\PathMaster.cpp,288,// or we've just been asked to flatten our sequence data (for a save) and now
Effect\PathMaster\PathMaster.cpp,291,if (in_data->sequence_data){
Effect\PathMaster\PathMaster.cpp,292,Flat_Seq_Data*	flatP = reinterpret_cast<Flat_Seq_Data*>(DH(in_data->sequence_data));
Effect\PathMaster\PathMaster.cpp,302,unflatP->fixed_valF = flatP->fixed_valF;	// Warning: NOT X-PLATFORM SAFE!
Effect\PathMaster\PathMaster.cpp,315,"// if it all went well, set the sequence data to our new, inflated seq data."
Effect\PathMaster\PathMaster.cpp,316,out_data->sequence_data = unflat_seq_dataH;
Effect\PathMaster\PathMaster.cpp,318,err = PF_Err_INTERNAL_STRUCT_DAMAGED;
Effect\PathMaster\PathMaster.cpp,324,err = PF_Err_INTERNAL_STRUCT_DAMAGED;
Effect\PathMaster\PathMaster.cpp,455,Render (
Effect\PathMaster\PathMaster.cpp,685,case PF_Cmd_SEQUENCE_SETUP:
Effect\PathMaster\PathMaster.cpp,686,"err = SequenceSetup(in_data,out_data);"
Effect\PathMaster\PathMaster.cpp,688,case PF_Cmd_SEQUENCE_SETDOWN:
Effect\PathMaster\PathMaster.cpp,689,"err = SequenceSetdown(in_data,out_data);"
Effect\PathMaster\PathMaster.cpp,691,case PF_Cmd_GET_FLATTENED_SEQUENCE_DATA:
Effect\PathMaster\PathMaster.cpp,692,"err = GetFlattenedSequenceData(in_data,out_data);"
Effect\PathMaster\PathMaster.cpp,694,case PF_Cmd_SEQUENCE_FLATTEN:
Effect\PathMaster\PathMaster.cpp,695,"err = SequenceFlatten(in_data,out_data);"
Effect\PathMaster\PathMaster.cpp,697,case PF_Cmd_SEQUENCE_RESETUP:
Effect\PathMaster\PathMaster.cpp,698,"err = SequenceResetup(in_data,out_data);"
Effect\PathMaster\PathMaster.cpp,706,case PF_Cmd_RENDER:
Effect\PathMaster\PathMaster.cpp,707,"err = Render(in_data,out_data,params,output);"
Effect\PathMaster\PathMaster.h,114,"StrID_API_Vers_Warning,"
Effect\PathMaster\PathMaster_Strings.cpp,14,"StrID_Description,		""API Path usage, and sequence data flattening/unflattening.\rCopyright 2007-2023 Adobe Inc."","
Effect\PathMaster\PathMaster_Strings.cpp,24,"StrID_API_Vers_Warning, ""PathMaster requires After Effects 5.0 or later."","
Effect\Portable\Portable.cpp,35,3.2			Remove deprecated 'register' keyword					cb			12/18/2020
Effect\Portable\Portable.cpp,139,//	DisplayWarningAboutUsingPluginInOldHost();
Effect\Portable\Portable.cpp,207,out_data->out_flags2 = PF_OutFlag2_SUPPORTS_THREADED_RENDERING;
Effect\Portable\Portable.cpp,241,SequenceSetup (
Effect\Portable\Portable.cpp,268,PortableRenderInfo	*sliderP	= (PortableRenderInfo*)refcon;
Effect\Portable\Portable.cpp,290,Render (
Effect\Portable\Portable.cpp,297,PortableRenderInfo	render_info;
Effect\Portable\Portable.cpp,299,render_info.slider_value = params[PORTABLE_SLIDER]->u.fs_d.value;
Effect\Portable\Portable.cpp,303,if (render_info.slider_value < 0.001) {
Effect\Portable\Portable.cpp,330,"(void*)&render_info,"
Effect\Portable\Portable.cpp,384,case PF_Cmd_SEQUENCE_SETUP:
Effect\Portable\Portable.cpp,385,"err = SequenceSetup(in_data,out_data,params,output);"
Effect\Portable\Portable.cpp,387,case PF_Cmd_RENDER:
Effect\Portable\Portable.cpp,388,"err = Render(in_data,out_data,params,output);"
Effect\Portable\Portable.h,66,} PortableRenderInfo;
Effect\Portable\Portable_Strings.cpp,14,"StrID_Slider_Param_Name,		""An obsolete slider"","
Effect\Resizer\Resizer.cpp,41,2.3			Remove deprecated 'register' keyword					cb			12/18/2020
Effect\Resizer\Resizer.cpp,94,PF_OutFlag2_SUPPORTS_THREADED_RENDERING;
Effect\Resizer\Resizer.cpp,130,def.u.bd.value = FALSE;		// value for legacy projects which did not have this param
Effect\Resizer\Resizer.cpp,138,"// Don't expose 3D capabilities in PPro, since they are unsupported"
Effect\Resizer\Resizer.cpp,194,Render (
Effect\Resizer\Resizer.cpp,323,"// For PPro, since effects operate on the sequence rectangle, not the clip rectangle, we need to take care to color the proper area"
Effect\Resizer\Resizer.cpp,352,/*	The suite functions do not automatically detect the requested
Effect\Resizer\Resizer.cpp,372,"// For PPro, since effects operate on the sequence rectangle, not the clip rectangle, we need to take care to place the video in the proper area"
Effect\Resizer\Resizer.cpp,536,case PF_Cmd_RENDER:
Effect\Resizer\Resizer.cpp,537,"err = Render(in_data,out_data,params,output);"
Effect\SDK_Backwards\SDK_Backwards.cpp,37,1.4			Remove deprecated 'register' keyword					cb			12/18/2020
Effect\SDK_Backwards\SDK_Backwards.cpp,73,out_data->out_flags2 = PF_OutFlag2_SUPPORTS_THREADED_RENDERING;
Effect\SDK_Backwards\SDK_Backwards.cpp,155,Audio_Render (
Effect\SDK_Backwards\SDK_Backwards.cpp,355,case PF_Cmd_AUDIO_RENDER:
Effect\SDK_Backwards\SDK_Backwards.cpp,356,"err = Audio_Render(in_data, out_data, params, output);"
Effect\SDK_Invert_ProcAmp\SDK_Invert_ProcAmp.cpp,60,return PF_Err_INTERNAL_STRUCT_DAMAGED;
Effect\SDK_Invert_ProcAmp\SDK_Invert_ProcAmp.cpp,129,PF_OutFlag2_SUPPORTS_SMART_RENDER	|
Effect\SDK_Invert_ProcAmp\SDK_Invert_ProcAmp.cpp,130,PF_OutFlag2_SUPPORTS_THREADED_RENDERING;
Effect\SDK_Invert_ProcAmp\SDK_Invert_ProcAmp.cpp,147,out_data->out_flags2 |= PF_OutFlag2_SUPPORTS_GPU_RENDER_F32 | PF_OutFlag2_SUPPORTS_DIRECTX_RENDERING;
Effect\SDK_Invert_ProcAmp\SDK_Invert_ProcAmp.cpp,224,"return PF_Err_INTERNAL_STRUCT_DAMAGED;  //For debugging, uncomment above line and set breakpoint here"
Effect\SDK_Invert_ProcAmp\SDK_Invert_ProcAmp.cpp,231,// GPU data initialized at GPU setup and used during render.
Effect\SDK_Invert_ProcAmp\SDK_Invert_ProcAmp.cpp,241,else { return PF_Err_INTERNAL_STRUCT_DAMAGED; }
Effect\SDK_Invert_ProcAmp\SDK_Invert_ProcAmp.cpp,288,// Load and compile the kernel - a real plugin would cache binaries to disk
Effect\SDK_Invert_ProcAmp\SDK_Invert_ProcAmp.cpp,292,out_dataP->out_flags2 = PF_OutFlag2_SUPPORTS_GPU_RENDER_F32;
Effect\SDK_Invert_ProcAmp\SDK_Invert_ProcAmp.cpp,327,out_dataP->out_flags2 = PF_OutFlag2_SUPPORTS_GPU_RENDER_F32;
Effect\SDK_Invert_ProcAmp\SDK_Invert_ProcAmp.cpp,363,out_dataP->out_flags2 = PF_OutFlag2_SUPPORTS_GPU_RENDER_F32;
Effect\SDK_Invert_ProcAmp\SDK_Invert_ProcAmp.cpp,378,"// An error code is set for Metal compile warnings, so use nil library as the error signal"
Effect\SDK_Invert_ProcAmp\SDK_Invert_ProcAmp.cpp,383,// For debugging only. This will contain Metal compile warnings and erorrs.
Effect\SDK_Invert_ProcAmp\SDK_Invert_ProcAmp.cpp,401,err = PF_Err_INTERNAL_STRUCT_DAMAGED;
Effect\SDK_Invert_ProcAmp\SDK_Invert_ProcAmp.cpp,416,out_dataP->out_flags2 = PF_OutFlag2_SUPPORTS_GPU_RENDER_F32;
Effect\SDK_Invert_ProcAmp\SDK_Invert_ProcAmp.cpp,495,/* Render ProcAmp */
Effect\SDK_Invert_ProcAmp\SDK_Invert_ProcAmp.cpp,573,/* Render ProcAmp */
Effect\SDK_Invert_ProcAmp\SDK_Invert_ProcAmp.cpp,589,Render (
Effect\SDK_Invert_ProcAmp\SDK_Invert_ProcAmp.cpp,639,DisposePreRenderData(
Effect\SDK_Invert_ProcAmp\SDK_Invert_ProcAmp.cpp,640,void *pre_render_dataPV)
Effect\SDK_Invert_ProcAmp\SDK_Invert_ProcAmp.cpp,642,if(pre_render_dataPV) {
Effect\SDK_Invert_ProcAmp\SDK_Invert_ProcAmp.cpp,643,InvertProcAmpParams *infoP = reinterpret_cast<InvertProcAmpParams *>(pre_render_dataPV);
Effect\SDK_Invert_ProcAmp\SDK_Invert_ProcAmp.cpp,650,PreRender(
Effect\SDK_Invert_ProcAmp\SDK_Invert_ProcAmp.cpp,653,PF_PreRenderExtra	*extraP)
Effect\SDK_Invert_ProcAmp\SDK_Invert_ProcAmp.cpp,657,PF_RenderRequest req = extraP->input->output_request;
Effect\SDK_Invert_ProcAmp\SDK_Invert_ProcAmp.cpp,659,extraP->output->flags |= PF_RenderOutputFlag_GPU_RENDER_POSSIBLE;
Effect\SDK_Invert_ProcAmp\SDK_Invert_ProcAmp.cpp,665,"// Querying parameters to demoonstrate they are available at PreRender, and data can be passed from PreRender to Render with pre_render_data."
Effect\SDK_Invert_ProcAmp\SDK_Invert_ProcAmp.cpp,686,extraP->output->pre_render_data = infoP;
Effect\SDK_Invert_ProcAmp\SDK_Invert_ProcAmp.cpp,687,extraP->output->delete_pre_render_data_func = DisposePreRenderData;
Effect\SDK_Invert_ProcAmp\SDK_Invert_ProcAmp.cpp,708,SmartRenderCPU(
Effect\SDK_Invert_ProcAmp\SDK_Invert_ProcAmp.cpp,714,"PF_SmartRenderExtra		*extraP,"
Effect\SDK_Invert_ProcAmp\SDK_Invert_ProcAmp.cpp,830,SmartRenderGPU(
Effect\SDK_Invert_ProcAmp\SDK_Invert_ProcAmp.cpp,836,"PF_SmartRenderExtra		*extraP,"
Effect\SDK_Invert_ProcAmp\SDK_Invert_ProcAmp.cpp,972,err = PF_Err_INTERNAL_STRUCT_DAMAGED;
Effect\SDK_Invert_ProcAmp\SDK_Invert_ProcAmp.cpp,989,err = PF_Err_INTERNAL_STRUCT_DAMAGED;
Effect\SDK_Invert_ProcAmp\SDK_Invert_ProcAmp.cpp,1099,SmartRender(
Effect\SDK_Invert_ProcAmp\SDK_Invert_ProcAmp.cpp,1102,"PF_SmartRenderExtra		*extraP,"
Effect\SDK_Invert_ProcAmp\SDK_Invert_ProcAmp.cpp,1112,"// Parameters can be queried during render. In this example, we pass them from PreRender as an example of using pre_render_data."
Effect\SDK_Invert_ProcAmp\SDK_Invert_ProcAmp.cpp,1113,InvertProcAmpParams *infoP = reinterpret_cast<InvertProcAmpParams *>(extraP->input->pre_render_data);
Effect\SDK_Invert_ProcAmp\SDK_Invert_ProcAmp.cpp,1127,"ERR(SmartRenderGPU(in_data, out_data, pixel_format, input_worldP, output_worldP, extraP, infoP));"
Effect\SDK_Invert_ProcAmp\SDK_Invert_ProcAmp.cpp,1129,"ERR(SmartRenderCPU(in_data, out_data, pixel_format, input_worldP, output_worldP, extraP, infoP));"
Effect\SDK_Invert_ProcAmp\SDK_Invert_ProcAmp.cpp,1133,return PF_Err_INTERNAL_STRUCT_DAMAGED;
Effect\SDK_Invert_ProcAmp\SDK_Invert_ProcAmp.cpp,1192,case PF_Cmd_RENDER:
Effect\SDK_Invert_ProcAmp\SDK_Invert_ProcAmp.cpp,1193,"err = Render(in_dataP,out_data,params,output);"
Effect\SDK_Invert_ProcAmp\SDK_Invert_ProcAmp.cpp,1195,case PF_Cmd_SMART_PRE_RENDER:
Effect\SDK_Invert_ProcAmp\SDK_Invert_ProcAmp.cpp,1196,"err = PreRender(in_dataP, out_data, (PF_PreRenderExtra*)extra);"
Effect\SDK_Invert_ProcAmp\SDK_Invert_ProcAmp.cpp,1198,case PF_Cmd_SMART_RENDER:
Effect\SDK_Invert_ProcAmp\SDK_Invert_ProcAmp.cpp,1199,"err = SmartRender(in_dataP, out_data, (PF_SmartRenderExtra*)extra, false);"
Effect\SDK_Invert_ProcAmp\SDK_Invert_ProcAmp.cpp,1201,case PF_Cmd_SMART_RENDER_GPU:
Effect\SDK_Invert_ProcAmp\SDK_Invert_ProcAmp.cpp,1202,"err = SmartRender(in_dataP, out_data, (PF_SmartRenderExtra *)extra, true);"
Effect\SDK_Invert_ProcAmp\SDK_Invert_ProcAmp.h,116,** Plugins must not rely on a host autorelease pool.
Effect\SDK_Invert_ProcAmp\SDK_Invert_ProcAmp.h,117,"** Create a pool if autorelease is used, or Cocoa convention calls, such as Metal, might internally autorelease."
Effect\SDK_Noise\SDK_Noise.cpp,41,rerendered for each frame on a still image.
Effect\SDK_Noise\SDK_Noise.cpp,91,PF_OutFlag2_SUPPORTS_SMART_RENDER	|
Effect\SDK_Noise\SDK_Noise.cpp,92,PF_OutFlag2_SUPPORTS_THREADED_RENDERING;
Effect\SDK_Noise\SDK_Noise.cpp,376,Render (
Effect\SDK_Noise\SDK_Noise.cpp,392,// Do high-bit depth rendering in Premiere Pro
Effect\SDK_Noise\SDK_Noise.cpp,463,"//	Return error, because we don't know how to handle the specified pixel type"
Effect\SDK_Noise\SDK_Noise.cpp,501,PreRender(
Effect\SDK_Noise\SDK_Noise.cpp,504,PF_PreRenderExtra	*extraP)
Effect\SDK_Noise\SDK_Noise.cpp,508,PF_RenderRequest req = extraP->input->output_request;
Effect\SDK_Noise\SDK_Noise.cpp,526,extraP->output->pre_render_data = infoH;
Effect\SDK_Noise\SDK_Noise.cpp,559,SmartRender(
Effect\SDK_Noise\SDK_Noise.cpp,562,PF_SmartRenderExtra		*extraP)
Effect\SDK_Noise\SDK_Noise.cpp,576,NoiseInfo	*infoP = reinterpret_cast<NoiseInfo*>(handleSuite->host_lock_handle(reinterpret_cast<PF_Handle>(extraP->input->pre_render_data)));
Effect\SDK_Noise\SDK_Noise.cpp,710,case PF_Cmd_RENDER:
Effect\SDK_Noise\SDK_Noise.cpp,711,"err = Render(in_dataP,out_data,params,output);"
Effect\SDK_Noise\SDK_Noise.cpp,713,case PF_Cmd_SMART_PRE_RENDER:
Effect\SDK_Noise\SDK_Noise.cpp,714,"err = PreRender(in_dataP, out_data, (PF_PreRenderExtra*)extra);"
Effect\SDK_Noise\SDK_Noise.cpp,716,case PF_Cmd_SMART_RENDER:
Effect\SDK_Noise\SDK_Noise.cpp,717,"err = SmartRender(in_dataP, out_data, (PF_SmartRenderExtra*)extra);"
Effect\SDK_Noise\SDK_Noise.h,69,#define RESTRICT_BOUNDS			0
Effect\Shifter\Shifter.cpp,33,1.2			Remove deprecated 'register' keyword					cb			12/18/2020
Effect\Shifter\Shifter.cpp,76,out_data->out_flags2	|=	PF_OutFlag2_SUPPORTS_SMART_RENDER	|
Effect\Shifter\Shifter.cpp,78,PF_OutFlag2_SUPPORTS_THREADED_RENDERING;
Effect\Shifter\Shifter.cpp,98,"RESTRICT_BOUNDS,"
Effect\Shifter\Shifter.cpp,116,"PF_ADD_CHECKBOXX(	""Use Xform in Legacy Render Path"","
Effect\Shifter\Shifter.cpp,211,Render (
Effect\Shifter\Shifter.cpp,241,"// Note: We're aware that this path produces different rendering results than the SmartFX render code,"
Effect\Shifter\Shifter.cpp,243,if (params[SHIFT_USE_TRANSFORM_IN_LEGACY_RENDER_PATH]->u.bd.value) {
Effect\Shifter\Shifter.cpp,330,SmartRender(
Effect\Shifter\Shifter.cpp,333,PF_SmartRenderExtra		*extra)
Effect\Shifter\Shifter.cpp,348,ShiftInfo	*infoP = reinterpret_cast<ShiftInfo*>(suites.HandleSuite1()->host_lock_handle(reinterpret_cast<PF_Handle>(extra->input->pre_render_data)));
Effect\Shifter\Shifter.cpp,434,suites.HandleSuite1()->host_unlock_handle(reinterpret_cast<PF_Handle>(extra->input->pre_render_data));
Effect\Shifter\Shifter.cpp,448,PreRender(
Effect\Shifter\Shifter.cpp,451,PF_PreRenderExtra		*extra)
Effect\Shifter\Shifter.cpp,455,PF_RenderRequest req = extra->input->output_request;
Effect\Shifter\Shifter.cpp,467,extra->output->pre_render_data = infoH;
Effect\Shifter\Shifter.cpp,515,"//	during PF_Cmd_SMART_PRE_RENDER, new or old-fashioned."
Effect\Shifter\Shifter.cpp,587,case PF_Cmd_RENDER:
Effect\Shifter\Shifter.cpp,588,"err = Render(	in_data,"
Effect\Shifter\Shifter.cpp,594,case PF_Cmd_SMART_PRE_RENDER:
Effect\Shifter\Shifter.cpp,595,"err = PreRender(in_data,"
Effect\Shifter\Shifter.cpp,597,reinterpret_cast<PF_PreRenderExtra*>(extraP));
Effect\Shifter\Shifter.cpp,600,case PF_Cmd_SMART_RENDER:
Effect\Shifter\Shifter.cpp,601,"err = SmartRender(	in_data,"
Effect\Shifter\Shifter.cpp,603,reinterpret_cast<PF_SmartRenderExtra*>(extraP));
Effect\Shifter\Shifter.h,56,"SHIFT_USE_TRANSFORM_IN_LEGACY_RENDER_PATH,"
Effect\Shifter\Shifter.h,72,#define RESTRICT_BOUNDS		0
Effect\SmartyPants\SmartyPants.cpp,32,1.1			Add demonstration of GuidMixInPtr()						zal			3/24/2015
Effect\SmartyPants\SmartyPants.cpp,34,1.3			Remove deprecated 'register' keyword					cb			12/18/2020
Effect\SmartyPants\SmartyPants.cpp,317,PF_OutFlag2_SUPPORTS_SMART_RENDER				|
Effect\SmartyPants\SmartyPants.cpp,320,PF_OutFlag2_I_MIX_GUID_DEPENDENCIES				|
Effect\SmartyPants\SmartyPants.cpp,321,PF_OutFlag2_SUPPORTS_THREADED_RENDERING;
Effect\SmartyPants\SmartyPants.cpp,327,PreRender(
Effect\SmartyPants\SmartyPants.cpp,330,PF_PreRenderExtra		*extra)
Effect\SmartyPants\SmartyPants.cpp,334,PF_RenderRequest req = extra->input->output_request;
Effect\SmartyPants\SmartyPants.cpp,337,"// Mix in the background color of the comp, as a demonstration of GuidMixInPtr()"
Effect\SmartyPants\SmartyPants.cpp,338,"// When the background color changes, the effect will need to be rerendered."
Effect\SmartyPants\SmartyPants.cpp,340,// Your effect can use a similar approach to trigger a rerender based on changes beyond just its effect parameters.
Effect\SmartyPants\SmartyPants.cpp,344,if (extra->cb->GuidMixInPtr) {
Effect\SmartyPants\SmartyPants.cpp,363,"extra->cb->GuidMixInPtr(in_data->effect_ref, sizeof(bg_color), reinterpret_cast<void *>(&bg_color));"
Effect\SmartyPants\SmartyPants.cpp,403,"//	during PF_Cmd_SMART_PRE_RENDER, new or old-fashioned."
Effect\SmartyPants\SmartyPants.cpp,817,ActuallyRender(
Effect\SmartyPants\SmartyPants.cpp,849,if (!in_data->sequence_data) {
Effect\SmartyPants\SmartyPants.cpp,851,err = PF_Err_INTERNAL_STRUCT_DAMAGED;
Effect\SmartyPants\SmartyPants.cpp,855,id = (SmartyPantsData*)*(in_data->sequence_data);
Effect\SmartyPants\SmartyPants.cpp,941,SmartRender(
Effect\SmartyPants\SmartyPants.cpp,944,PF_SmartRenderExtra		*extra)
Effect\SmartyPants\SmartyPants.cpp,979,"ERR(ActuallyRender(	in_data,"
Effect\SmartyPants\SmartyPants.cpp,1031,SequenceSetup(
Effect\SmartyPants\SmartyPants.cpp,1039,if ((out_data->sequence_data = PF_NEW_HANDLE(sizeof(SmartyPantsData)))) {
Effect\SmartyPants\SmartyPants.cpp,1040,((SmartyPantsData *)DH(out_data->sequence_data))->channel = -1L;
Effect\SmartyPants\SmartyPants.cpp,1046,err = PF_Err_INTERNAL_STRUCT_DAMAGED;
Effect\SmartyPants\SmartyPants.cpp,1052,SequenceSetdown(
Effect\SmartyPants\SmartyPants.cpp,1058,if (in_data->sequence_data) {
Effect\SmartyPants\SmartyPants.cpp,1059,PF_DISPOSE_HANDLE(in_data->sequence_data);
Effect\SmartyPants\SmartyPants.cpp,1060,in_data->sequence_data = out_data->sequence_data = NULL;
Effect\SmartyPants\SmartyPants.cpp,1066,SequenceResetup(
Effect\SmartyPants\SmartyPants.cpp,1072,if (in_data->sequence_data) {
Effect\SmartyPants\SmartyPants.cpp,1073,PF_DISPOSE_HANDLE(in_data->sequence_data);
Effect\SmartyPants\SmartyPants.cpp,1075,"return SequenceSetup(in_data, out_data, params, output);"
Effect\SmartyPants\SmartyPants.cpp,1153,case PF_Cmd_SEQUENCE_SETUP:
Effect\SmartyPants\SmartyPants.cpp,1154,"err = SequenceSetup(in_data,out_data,params,output);"
Effect\SmartyPants\SmartyPants.cpp,1156,case PF_Cmd_SEQUENCE_RESETUP:
Effect\SmartyPants\SmartyPants.cpp,1157,"err = SequenceResetup(in_data,out_data,params,output);"
Effect\SmartyPants\SmartyPants.cpp,1159,case PF_Cmd_SEQUENCE_SETDOWN:
Effect\SmartyPants\SmartyPants.cpp,1160,"err = SequenceSetdown(in_data,out_data,params,output);"
Effect\SmartyPants\SmartyPants.cpp,1165,case PF_Cmd_SMART_PRE_RENDER:
Effect\SmartyPants\SmartyPants.cpp,1166,"err = PreRender(in_data, out_data, (PF_PreRenderExtra*)extra);"
Effect\SmartyPants\SmartyPants.cpp,1168,case PF_Cmd_SMART_RENDER:
Effect\SmartyPants\SmartyPants.cpp,1169,"err = SmartRender(in_data, out_data, (PF_SmartRenderExtra*)extra);"
Effect\SmartyPants\SmartyPants.h,116,A_Boolean	cache_good;
Effect\SmartyPants\SmartyPants_Strings.cpp,32,"StrID_Description,				""Demonstrate new SmartFX render messaging.\nCopyright 2007-2023 Adobe Inc."","
Effect\Transformer\Transformer.cpp,70,"don't, we won't."
Effect\Transformer\Transformer.cpp,84,PF_OutFlag2_SUPPORTS_THREADED_RENDERING;
Effect\Transformer\Transformer.cpp,162,err = PF_Err_INTERNAL_STRUCT_DAMAGED;
Effect\Transformer\Transformer.cpp,175,Render (
Effect\Transformer\Transformer.cpp,404,case PF_Cmd_RENDER:
Effect\Transformer\Transformer.cpp,406,"ERR(Render(in_data,"
AEGP\Artie\Artie.cpp,291,/*	allocate flat handle and write flatten instance data into it */
AEGP\Artie\Artie.cpp,294,Artie_FlattenInstance(
AEGP\Artie\Artie.cpp,305,/*	dispose of render data */
AEGP\Artie\Artie.cpp,312,"PR_RenderContextH		render_contextH,		/* >> */"
AEGP\Artie\Artie.cpp,315,PR_RenderDataH			render_dataH)			/* << */
AEGP\Artie\Artie.cpp,321,/*	Called immediately before rendering; allocate any render data here */
AEGP\Artie\Artie.cpp,328,"PR_RenderContextH		render_contextH,		/* >> */"
AEGP\Artie\Artie.cpp,331,PR_RenderDataH			*render_dataPH)			/* << */
AEGP\Artie\Artie.cpp,351,PR_GlobalDataH			global_dataH)		/* <> */ // must be disposed by plugin
AEGP\Artie\Artie.cpp,393,PR_InstanceDataH			instance_dataH)			/* >> */ // must be disposed by plugin
AEGP\Artie\Artie.cpp,423,"PR_RenderContextH		render_contextH,	/* >> */"
AEGP\Artie\Artie.cpp,434,"ERR(suites.CanvasSuite5()->AEGP_GetCompRenderTime(render_contextH, &comp_time, &comp_time_step));"
AEGP\Artie\Artie.cpp,538,"PR_RenderContextH			render_contextH,"
AEGP\Artie\Artie.cpp,543,A_long				layers_to_renderL	=	0;
AEGP\Artie\Artie.cpp,561,"ERR(suites.CanvasSuite5()->AEGP_GetCompToRender(render_contextH, &compH));"
AEGP\Artie\Artie.cpp,562,"ERR(suites.LayerSuite5()->AEGP_GetCompNumLayers(compH, &layers_to_renderL));"
AEGP\Artie\Artie.cpp,564,for (A_long iL = 0; !err && iL < layers_to_renderL && iL < Artie_MAX_LIGHTS; iL++){
AEGP\Artie\Artie.cpp,566,"ERR(suites.CanvasSuite5()->AEGP_GetCompRenderTime(render_contextH, &comp_time, &comp_time_step));"
AEGP\Artie\Artie.cpp,574,"err = Artie_BuildLight(in_dataP,  render_contextH, layerH,  lightP);"
AEGP\Artie\Artie.cpp,592,"PR_RenderContextH			render_contextH,"
AEGP\Artie\Artie.cpp,735,"PR_RenderContextH			render_contextH,"
AEGP\Artie\Artie.cpp,819,"PR_RenderContextH		render_contextH,"
AEGP\Artie\Artie.cpp,849,"PR_RenderContextH			render_contextH,"
AEGP\Artie\Artie.cpp,857,AEGP_WorldH			render_world    = nullptr;
AEGP\Artie\Artie.cpp,870,"ERR(suites.CanvasSuite5()->AEGP_GetCompToRender(render_contextH, &compH));"
AEGP\Artie\Artie.cpp,873,"ERR(suites.CanvasSuite5()->AEGP_GetCompDestinationBuffer(render_contextH, compH, &dst));"
AEGP\Artie\Artie.cpp,879,&render_world));
AEGP\Artie\Artie.cpp,882,"render_contextH,"
AEGP\Artie\Artie.cpp,887,"render_contextH,"
AEGP\Artie\Artie.cpp,890,&render_world));
AEGP\Artie\Artie.cpp,893,"render_contextH,"
AEGP\Artie\Artie.cpp,895,"&render_world,"
AEGP\Artie\Artie.cpp,899,ERR2(suites.WorldSuite2()->AEGP_Dispose(render_world));
AEGP\Artie\Artie.cpp,913,"PR_RenderContextH			render_contextH,"
AEGP\Artie\Artie.cpp,918,AEGP_RenderLayerContextH	layer_contextH 			= NULL;
AEGP\Artie\Artie.cpp,919,A_long						local_layers_to_renderL	= 0;
AEGP\Artie\Artie.cpp,926,"err = csP->AEGP_GetNumLayersToRender(render_contextH, &local_layers_to_renderL);"
AEGP\Artie\Artie.cpp,929,for(A_long iL = 0; (!err && (iL < local_layers_to_renderL) && (iL < Artie_MAX_POLYGONS)); iL++){
AEGP\Artie\Artie.cpp,930,"ERR(csP->AEGP_GetNthLayerContextToRender(render_contextH, iL, &layer_contextH));"
AEGP\Artie\Artie.cpp,936,*num_layersPL = local_layers_to_renderL;
AEGP\Artie\Artie.cpp,944,"PR_RenderContextH			render_contextH,		/* >> */"
AEGP\Artie\Artie.cpp,976,"// Use AEGP_GetCompRenderTime, AEGP_GetRenderLayerBounds, AEGP_GetRenderDownsampleFactor instead?"
AEGP\Artie\Artie.cpp,986,"ERR(suites.CanvasSuite5()->AEGP_GetRenderDownsampleFactor(render_contextH, &dsf));"
AEGP\Artie\Artie.cpp,1000,"PR_RenderContextH		render_contextH,"
AEGP\Artie\Artie.cpp,1008,"err = canP->AEGP_DisposeTexture(render_contextH, polygonP->layer_contextH, polygonP->texture);"
AEGP\Artie\Artie.cpp,1026,"PR_RenderContextH		render_contextH,"
AEGP\Artie\Artie.cpp,1027,"AEGP_RenderHints		render_hints,"
AEGP\Artie\Artie.cpp,1048,"render_contextH,"
AEGP\Artie\Artie.cpp,1059,"ERR(suites.CanvasSuite5()->AEGP_RenderTexture(	render_contextH,"
AEGP\Artie\Artie.cpp,1061,"AEGP_RenderHints_NONE,"
AEGP\Artie\Artie.cpp,1076,"render_contextH,"
AEGP\Artie\Artie.cpp,1150,"PR_RenderContextH			render_contextH,"
AEGP\Artie\Artie.cpp,1151,"AEGP_RenderLayerContextH	layer_contextH,"
AEGP\Artie\Artie.cpp,1180,"render_contextH,"
AEGP\Artie\Artie.cpp,1181,"AEGP_RenderHints_NONE,"
AEGP\Artie\Artie.cpp,1190,"PR_RenderContextH			render_contextH,"
AEGP\Artie\Artie.cpp,1192,"AEGP_RenderLayerContextH	layer_contextH,"
AEGP\Artie\Artie.cpp,1222,"ERR(suites.CanvasSuite5()->AEGP_GetCompRenderTime(render_contextH, &comp_time, &comp_time_step));"
AEGP\Artie\Artie.cpp,1224,"ERR(suites.CanvasSuite5()->AEGP_GetCompRenderTime(render_contextH, &comp_time, &comp_time_step));"
AEGP\Artie\Artie.cpp,1225,"ERR(suites.CanvasSuite5()->AEGP_GetRenderOpacity(render_contextH, layer_contextH, &comp_time, &opacityF));"
AEGP\Artie\Artie.cpp,1283,"render_contextH,"
AEGP\Artie\Artie.cpp,1291,"render_contextH,"
AEGP\Artie\Artie.cpp,1315,"PR_RenderContextH			render_contextH,"
AEGP\Artie\Artie.cpp,1328,"ERR(Artie_DisposePolygonTexture(in_dataP, render_contextH, &sceneP->polygons[iL]));"
AEGP\Artie\Artie.cpp,1340,"PR_RenderContextH			render_contextH,"
AEGP\Artie\Artie.cpp,1351,A_long			layers_to_renderL	= 0;
AEGP\Artie\Artie.cpp,1363,"ERR(suites.CanvasSuite5()->AEGP_GetCompToRender(render_contextH, &compH));"
AEGP\Artie\Artie.cpp,1366,"render_contextH,"
AEGP\Artie\Artie.cpp,1367,"&layers_to_renderL,"
AEGP\Artie\Artie.cpp,1370,"ERR(Artie_BuildLights(in_dataP, render_contextH, &lightsH));"
AEGP\Artie\Artie.cpp,1373,for(A_long iL = 0; iL < layers_to_renderL; iL++){
AEGP\Artie\Artie.cpp,1374,"ERR(suites.CanvasSuite5()->AEGP_GetLayerFromLayerContext(	render_contextH,"
AEGP\Artie\Artie.cpp,1383,"render_contextH,"
AEGP\Artie\Artie.cpp,1475,"A_Rect						*roiRP0,"
AEGP\Artie\Artie.cpp,1523,if (roiRP0){
AEGP\Artie\Artie.cpp,1524,cameraP->roiR		=	*roiRP0;
AEGP\Artie\Artie.cpp,1540,"PR_RenderContextH			render_contextH,"
AEGP\Artie\Artie.cpp,1545,"A_Time					render_time		= {0,1},"
AEGP\Artie\Artie.cpp,1549,"A_LegacyRect			roiLR			= {0,0,0,0};"
AEGP\Artie\Artie.cpp,1550,"A_Rect					roiR			= {0,0,0,0};"
AEGP\Artie\Artie.cpp,1556,"ERR(suites.CanvasSuite5()->AEGP_GetCompToRender(render_contextH, &compH));"
AEGP\Artie\Artie.cpp,1557,"ERR(suites.CanvasSuite5()->AEGP_GetRenderDownsampleFactor(render_contextH, &dsf));"
AEGP\Artie\Artie.cpp,1558,"ERR(suites.CanvasSuite5()->AEGP_GetCompRenderTime(render_contextH, &render_time, &time_step));"
AEGP\Artie\Artie.cpp,1559,"ERR(suites.CameraSuite2()->AEGP_GetCamera(render_contextH, &render_time, &camera_layerH));"
AEGP\Artie\Artie.cpp,1560,"ERR(suites.CanvasSuite5()->AEGP_GetROI(render_contextH, &roiLR));"
AEGP\Artie\Artie.cpp,1564,roiR.top	= roiLR.top;
AEGP\Artie\Artie.cpp,1565,roiR.left	= roiLR.left;
AEGP\Artie\Artie.cpp,1566,roiR.right	= roiLR.right;
AEGP\Artie\Artie.cpp,1567,roiR.bottom	= roiLR.bottom;
AEGP\Artie\Artie.cpp,1571,"render_time,"
AEGP\Artie\Artie.cpp,1572,"&roiR,"
AEGP\Artie\Artie.cpp,1580,Artie_Render(
AEGP\Artie\Artie.cpp,1584,"PR_RenderContextH		render_contextH,			/* >> */"
AEGP\Artie\Artie.cpp,1587,PR_RenderDataH			render_dataH)
AEGP\Artie\Artie.cpp,1598,"ERR(Artie_BuildCamera(in_dataP, render_contextH, &cameraH));"
AEGP\Artie\Artie.cpp,1601,"ERR(Artie_BuildScene(in_dataP, layer_contexts, render_contextH, &sceneH));"
AEGP\Artie\Artie.cpp,1603,"ERR(Artie_Paint(in_dataP, render_contextH, sceneH, cameraH));"
AEGP\Artie\Artie.cpp,1604,"ERR2(Artie_DisposeScene(in_dataP, render_contextH, sceneH));"
AEGP\Artie\Artie.cpp,1641,// only render_func is not optional.
AEGP\Artie\Artie.cpp,1645,entry_funcs.flatten_instance_func0			= Artie_FlattenInstance;
AEGP\Artie\Artie.cpp,1651,entry_funcs.render_func						= Artie_Render;
AEGP\Artie\Artie.h,48,AEGP_RenderLayerContextH			layer_contexts[Artie_MAX_POLYGONS];
AEGP\Artie\Artie_types.h,34,A_Rect					roiR;					// region of interest rectangle
AEGP\Artie\Artie_types.h,79,AEGP_RenderLayerContextH			layer_contextH;
AEGP\Commando\Commando.cpp,41,"//	weight gain and hair loss. Still, AEGPs just plain don't get"
AEGP\FBIO\FBIO.cpp,157,FBIO_FlattenOptions(
AEGP\FBIO\FBIO.cpp,174,//	version. Do NOT de-allocate the non-flat
AEGP\FBIO\FBIO.cpp,185,"""flattened_options"","
AEGP\FBIO\FBIO.cpp,613,"basic_dataP->msg_func(0, ""IO: Here's my sequence options dialog!"");"
AEGP\FBIO\FBIO.cpp,751,You may want to update your plug-in's internal
AEGP\FBIO\FBIO.cpp,885,funcs->AEIO_FlattenOptions			=	FBIO_FlattenOptions;
AEGP\Grabba\Grabba.cpp,26,"Answers the timeless question, ""How do I get a rendered frame"
AEGP\Grabba\Grabba.cpp,116,AEGP_RenderOptionsH	roH				=	NULL;
AEGP\Grabba\Grabba.cpp,121,"ERR(suites.RenderOptionsSuite1()->AEGP_NewFromItem(S_my_id, active_itemH, &roH));"
AEGP\Grabba\Grabba.cpp,124,AEGP_FrameReceiptH	receiptH 	= NULL;
AEGP\Grabba\Grabba.cpp,129,"ERR(suites.RenderOptionsSuite1()->AEGP_SetTime(roH, timeT)); // avoid ""div by 0"""
AEGP\Grabba\Grabba.cpp,130,"ERR(suites.RenderOptionsSuite1()->AEGP_GetWorldType(roH, &type));"
AEGP\Grabba\Grabba.cpp,131,"ERR(suites.RenderSuite2()->AEGP_RenderAndCheckoutFrame(roH, NULL, NULL, &receiptH));"
AEGP\Grabba\Grabba.cpp,133,if (receiptH){
AEGP\Grabba\Grabba.cpp,134,"ERR(suites.RenderSuite2()->AEGP_GetReceiptWorld(receiptH, &frameH));"
AEGP\Grabba\Grabba.cpp,138,"// 	We Crash, So You Don't Have To..."
AEGP\Grabba\Grabba.cpp,146,ERR2(suites.RenderSuite2()->AEGP_CheckinFrame(receiptH));
AEGP\Grabba\Grabba.cpp,149,ERR(suites.RenderOptionsSuite1()->AEGP_Dispose(roH));
AEGP\IO\IO.cpp,115,//	Do NOT free the old options handle. There is old code
AEGP\IO\IO.cpp,154,label.type		=	FIEL_Type_FRAME_RENDERED;
AEGP\IO\IO.cpp,200,My_FlattenOptions(
AEGP\IO\IO.cpp,217,//	version. Do NOT de-allocate the non-flat
AEGP\IO\IO.cpp,228,"""flattened_options"","
AEGP\IO\IO.cpp,602,You may want to update your plug-in's internal
AEGP\IO\IO.cpp,890,"basic_dataP->msg_func(0, ""IO: Here's my sequence options dialog!"");"
AEGP\IO\IO.cpp,1046,funcs->AEIO_FlattenOptions			=	My_FlattenOptions;
AEGP\Panelator\PanelatorUI.cpp,70,#pragma warning(push)
AEGP\Panelator\PanelatorUI.cpp,71,#pragma warning(disable:4996)
AEGP\Panelator\PanelatorUI.cpp,79,#pragma warning(pop)
AEGP\Panelator\PanelatorUI.cpp,116,InvalidateAll();
AEGP\Panelator\PanelatorUI.h,53,"PanelatorUI(const PanelatorUI&); // private, unimplemented"
AEGP\Panelator\PanelatorUI.h,68,virtual void InvalidateAll() = 0;
AEGP\Panelator\PanelatorUI.h,73,private:
AEGP\ProjDumper\GP_Vers.h,7,"#define INTERNAL_NAME	""ProjDumper.AEX"""
AEGP\ProjDumper\ProjDumper.cpp,65,if (!err && stream_nameZ) {		// don't bother to print blank name...
AEGP\ProjDumper\ProjDumper.cpp,445,"destination[length] = 0; // Set NULL-terminator, since CFString calls don't set it"
AEGP\Projector\Projector.cpp,105,"destination[length] = 0; // Set NULL-terminator, since CFString calls don't set it"
AEGP\Projector\Projector.cpp,209,"A_FloatRect			masked_boundsR		= {0,0,0,0};"
AEGP\Projector\Projector.cpp,331,//	WARNING: If you don't fix these hard-coded paths (in
AEGP\Projector\Projector.cpp,333,//	plug-in. Don't blame us; change them!
AEGP\Projector\Projector.cpp,340,"#define RENDER_PATH ""c:\\stinky.avi"""
AEGP\Projector\Projector.cpp,345,"#define RENDER_PATH ""/stinky.mov"""
AEGP\Projector\Projector.cpp,462,"ERR(suites.LayerSuite5()->AEGP_GetLayerMaskedBounds(added_layerH,"
AEGP\Projector\Projector.cpp,465,&masked_boundsR));
AEGP\Projector\Projector.cpp,670,// Add some items to the render queue
AEGP\Projector\Projector.cpp,673,"ERR(suites.RenderQueueSuite1()->AEGP_AddCompToRenderQueue(	compH, ""Yesod:output.mov""));"
AEGP\Projector\Projector.cpp,687,"If all that worked, let's render!"
AEGP\Projector\Projector.cpp,690,//	Set to AEGP_RenderQueueState_RENDERING because adding to render
AEGP\Projector\Projector.cpp,691,queue is illegal during rendering.
AEGP\Projector\Projector.cpp,694,AEGP_RenderQueueState current_state  = AEGP_RenderQueueState_RENDERING;
AEGP\Projector\Projector.cpp,696,err = suites.RenderQueueSuite1()->AEGP_GetRenderQueueState(&current_state);
AEGP\Projector\Projector.cpp,698,if (!err && (AEGP_RenderQueueState_STOPPED == current_state)){
AEGP\Projector\Projector.cpp,699,"err = suites.RenderQueueSuite1()->AEGP_AddCompToRenderQueue(compH, RENDER_PATH);"
AEGP\Projector\Projector.cpp,701,ERR(suites.RenderQueueSuite1()->AEGP_SetRenderQueueState(AEGP_RenderQueueState_RENDERING));
AEGP\Projector\Projector.h,27,"#define RENDER_PATH L""c:\\stinky.avi"""
AEGP\Projector\Projector.h,36,"#define RENDER_PATH L""/stinky.mov"""
AEGP\Queuebert\QueueBert.cpp,59,"destination[length] = 0; // Set NULL-terminator, since CFString calls don't set it"
AEGP\Queuebert\QueueBert.cpp,87,AEGP_PostRenderAction	post_action 	= AEGP_PostRenderOptions_NONE;
AEGP\Queuebert\QueueBert.cpp,95,AEGP_RenderItemStatusType	status		= AEGP_RenderItemStatus_NONE;
AEGP\Queuebert\QueueBert.cpp,117,"ERR(suites.RenderQueueSuite1()->AEGP_AddCompToRenderQueue(compH, ""Yesod:output.mov""));"
AEGP\Queuebert\QueueBert.cpp,119,"ERR(suites.RQItemSuite3()->AEGP_SetRenderState(rq_itemH, AEGP_RenderItemStatus_UNQUEUED));"
AEGP\Queuebert\QueueBert.cpp,130,"ERR(suites.RQItemSuite3()->AEGP_GetRenderState(0, &status));"
AEGP\Queuebert\QueueBert.cpp,131,"ERR(suites.RQItemSuite3()->AEGP_SetRenderState(0, TRUE));"
AEGP\Queuebert\QueueBert.cpp,191,"ERR(suites.OutputModuleSuite4()->AEGP_GetPostRenderAction(	0, 0, &post_action));"
AEGP\Queuebert\QueueBert.cpp,192,"ERR(suites.OutputModuleSuite4()->AEGP_SetPostRenderAction(	0, 0, AEGP_PostRenderOptions_IMPORT_AND_REPLACE_USAGE));"
AEGP\Queuebert\QueueBert.cpp,193,"ERR(suites.OutputModuleSuite4()->AEGP_GetPostRenderAction(	0, 0, &post_action));"
AEGP\Streamie\Streamie.cpp,69,// Don't call AEGP_GetNewStreamRefByMatchname for AEGP_StreamGroupName_EFFECT_PARADE on a camera or light layer - it will pop an error
AEGP\Streamie\Streamie.cpp,89,"//	We don't check for errors, since it is not a problem if there are no paint strokes (thanks jwfearn)"
AEGP\Streamie\Streamie.cpp,153,"--num_strokesL;	// the last stream is ""paint on transparency"", which we don't want -bbb"
AEGP\Sweetie\Win\Sweetie_PiPL.rc,68,"VALUE ""InternalName"", ""Sweetie\0"""
AEGP\Sweetie\Win\Sweetie_PiPL.rc,72,"VALUE ""PrivateBuild"", ""\0"""
AEGP\Streamie\Win\Streamie_PiPL.rc,68,"VALUE ""InternalName"", ""Streamie\0"""
AEGP\Streamie\Win\Streamie_PiPL.rc,72,"VALUE ""PrivateBuild"", ""\0"""
AEGP\Queuebert\Win\Queuebert_PiPL.rc,68,"VALUE ""InternalName"", ""Queuebert\0"""
AEGP\Queuebert\Win\Queuebert_PiPL.rc,72,"VALUE ""PrivateBuild"", ""\0"""
AEGP\Projector\Win\Projector_PiPL.rc,70,"VALUE ""InternalName"", ""Projector\0"""
AEGP\Projector\Win\Projector_PiPL.rc,74,"VALUE ""PrivateBuild"", ""\0"""
AEGP\Persisto\Win\Persisto_PiPL.rc,69,"VALUE ""InternalName"", ""Persisto\0"""
AEGP\Persisto\Win\Persisto_PiPL.rc,73,"VALUE ""PrivateBuild"", ""\0"""
AEGP\Panelator\Mac\PanelatorUI_Plat.cpp,47,void PanelatorUI_Plat::InvalidateAll()
AEGP\Panelator\Mac\PanelatorUI_Plat.h,35,virtual void	InvalidateAll();
AEGP\Panelator\Mac\PanelatorUI_Plat.h,37,private:
AEGP\Panelator\Win\PanelatorUI_Plat.cpp,128,InvalidateAll();
AEGP\Panelator\Win\PanelatorUI_Plat.cpp,134,InvalidateAll();
AEGP\Panelator\Win\PanelatorUI_Plat.cpp,154,void PanelatorUI_Plat::InvalidateAll()
AEGP\Panelator\Win\PanelatorUI_Plat.cpp,159,"InvalidateRect(i_refH, &clientArea, FALSE);"
AEGP\Panelator\Win\PanelatorUI_Plat.h,18,virtual void InvalidateAll();
AEGP\Panelator\Win\PanelatorUI_Plat.h,20,private:
AEGP\Panelator\Win\PanelatorUI_Plat.h,22,"PanelatorUI_Plat(const PanelatorUI_Plat&); // private, unimplemented"
AEGP\IO\Win\IO_PiPL.rc,68,"VALUE ""InternalName"", ""IO\0"""
AEGP\IO\Win\IO_PiPL.rc,72,"VALUE ""PrivateBuild"", ""\0"""
