path,kind,symbol
Headers\AEFX_SuiteHelper.h,suite,AEFX_AcquireSuite
Headers\AEFX_SuiteHelper.h,suite,AEFX_ReleaseSuite
Headers\AEFX_SuiteHelper.h,suite,DrawbotSuite
Headers\AEFX_SuiteHelper.h,suite,mSuiteVersion
Headers\AEFX_SuiteHelper.h,api,AEGP_SuiteHandler
Headers\AEGP_SuiteHandler.h,suite,ADMBasicSuite8
Headers\AEGP_SuiteHandler.h,suite,ADMDialogGroupSuite3
Headers\AEGP_SuiteHandler.h,suite,ADMDialogSuite8
Headers\AEGP_SuiteHandler.h,suite,ADMEntrySuite5
Headers\AEGP_SuiteHandler.h,suite,ADMItemSuite8
Headers\AEGP_SuiteHandler.h,suite,ADMListSuite3
Headers\AEGP_SuiteHandler.h,suite,ADMNotifierSuite2
Headers\AEGP_SuiteHandler.h,suite,AEGP_ArtisanUtilSuite1
Headers\AEGP_SuiteHandler.h,suite,AEGP_CameraSuite2
Headers\AEGP_SuiteHandler.h,suite,AEGP_CanvasSuite5
Headers\AEGP_SuiteHandler.h,suite,AEGP_CanvasSuite6
Headers\AEGP_SuiteHandler.h,suite,AEGP_CanvasSuite7
Headers\AEGP_SuiteHandler.h,suite,AEGP_CanvasSuite8
Headers\AEGP_SuiteHandler.h,suite,AEGP_CollectionSuite1
Headers\AEGP_SuiteHandler.h,suite,AEGP_CollectionSuite2
Headers\AEGP_SuiteHandler.h,suite,AEGP_ColorSettingsSuite1
Headers\AEGP_SuiteHandler.h,suite,AEGP_ColorSettingsSuite2
Headers\AEGP_SuiteHandler.h,suite,AEGP_ColorSettingsSuite3
Headers\AEGP_SuiteHandler.h,suite,AEGP_CommandSuite1
Headers\AEGP_SuiteHandler.h,suite,AEGP_CompSuite1
Headers\AEGP_SuiteHandler.h,suite,AEGP_CompSuite10
Headers\AEGP_SuiteHandler.h,suite,AEGP_CompSuite11
Headers\AEGP_SuiteHandler.h,suite,AEGP_CompSuite4
Headers\AEGP_SuiteHandler.h,suite,AEGP_CompSuite5
Headers\AEGP_SuiteHandler.h,suite,AEGP_CompSuite6
Headers\AEGP_SuiteHandler.h,suite,AEGP_CompSuite7
Headers\AEGP_SuiteHandler.h,suite,AEGP_CompSuite8
Headers\AEGP_SuiteHandler.h,suite,AEGP_CompSuite9
Headers\AEGP_SuiteHandler.h,suite,AEGP_CompositeSuite2
Headers\AEGP_SuiteHandler.h,suite,AEGP_DynamicStreamSuite2
Headers\AEGP_SuiteHandler.h,suite,AEGP_DynamicStreamSuite3
Headers\AEGP_SuiteHandler.h,suite,AEGP_DynamicStreamSuite4
Headers\AEGP_SuiteHandler.h,suite,AEGP_EffectSuite1
Headers\AEGP_SuiteHandler.h,suite,AEGP_EffectSuite2
Headers\AEGP_SuiteHandler.h,suite,AEGP_EffectSuite3
Headers\AEGP_SuiteHandler.h,suite,AEGP_EffectSuite4
Headers\AEGP_SuiteHandler.h,suite,AEGP_FIMSuite3
Headers\AEGP_SuiteHandler.h,suite,AEGP_FootageSuite5
Headers\AEGP_SuiteHandler.h,suite,AEGP_IOInSuite4
Headers\AEGP_SuiteHandler.h,suite,AEGP_IOOutSuite4
Headers\AEGP_SuiteHandler.h,suite,AEGP_ItemSuite1
Headers\AEGP_SuiteHandler.h,suite,AEGP_ItemSuite5
Headers\AEGP_SuiteHandler.h,suite,AEGP_ItemSuite6
Headers\AEGP_SuiteHandler.h,suite,AEGP_ItemSuite7
Headers\AEGP_SuiteHandler.h,suite,AEGP_ItemSuite8
Headers\AEGP_SuiteHandler.h,suite,AEGP_ItemSuite9
Headers\AEGP_SuiteHandler.h,suite,AEGP_ItemViewSuite1
Headers\AEGP_SuiteHandler.h,suite,AEGP_IterateSuite1
Headers\AEGP_SuiteHandler.h,suite,AEGP_KeyframeSuite1
Headers\AEGP_SuiteHandler.h,suite,AEGP_KeyframeSuite3
Headers\AEGP_SuiteHandler.h,suite,AEGP_KeyframeSuite4
Headers\AEGP_SuiteHandler.h,suite,AEGP_LayerRenderOptionsSuite1
Headers\AEGP_SuiteHandler.h,suite,AEGP_LayerRenderOptionsSuite2
Headers\AEGP_SuiteHandler.h,suite,AEGP_LayerSuite1
Headers\AEGP_SuiteHandler.h,suite,AEGP_LayerSuite3
Headers\AEGP_SuiteHandler.h,suite,AEGP_LayerSuite4
Headers\AEGP_SuiteHandler.h,suite,AEGP_LayerSuite5
Headers\AEGP_SuiteHandler.h,suite,AEGP_LayerSuite6
Headers\AEGP_SuiteHandler.h,suite,AEGP_LayerSuite7
Headers\AEGP_SuiteHandler.h,suite,AEGP_LayerSuite8
Headers\AEGP_SuiteHandler.h,suite,AEGP_LightSuite1
Headers\AEGP_SuiteHandler.h,suite,AEGP_LightSuite2
Headers\AEGP_SuiteHandler.h,suite,AEGP_MarkerSuite1
Headers\AEGP_SuiteHandler.h,suite,AEGP_MarkerSuite2
Headers\AEGP_SuiteHandler.h,suite,AEGP_MarkerSuite3
Headers\AEGP_SuiteHandler.h,suite,AEGP_MaskOutlineSuite1
Headers\AEGP_SuiteHandler.h,suite,AEGP_MaskOutlineSuite2
Headers\AEGP_SuiteHandler.h,suite,AEGP_MaskOutlineSuite3
Headers\AEGP_SuiteHandler.h,suite,AEGP_MaskSuite1
Headers\AEGP_SuiteHandler.h,suite,AEGP_MaskSuite4
Headers\AEGP_SuiteHandler.h,suite,AEGP_MaskSuite5
Headers\AEGP_SuiteHandler.h,suite,AEGP_MaskSuite6
Headers\AEGP_SuiteHandler.h,suite,AEGP_MathSuite1
Headers\AEGP_SuiteHandler.h,suite,AEGP_MemorySuite1
Headers\AEGP_SuiteHandler.h,suite,AEGP_OutputModuleSuite4
Headers\AEGP_SuiteHandler.h,suite,AEGP_PFInterfaceSuite1
Headers\AEGP_SuiteHandler.h,suite,AEGP_PersistentDataSuite3
Headers\AEGP_SuiteHandler.h,suite,AEGP_PersistentDataSuite4
Headers\AEGP_SuiteHandler.h,suite,AEGP_ProjSuite5
Headers\AEGP_SuiteHandler.h,suite,AEGP_ProjSuite6
Headers\AEGP_SuiteHandler.h,suite,AEGP_QueryXformSuite2
Headers\AEGP_SuiteHandler.h,suite,AEGP_RQItemSuite2
Headers\AEGP_SuiteHandler.h,suite,AEGP_RQItemSuite3
Headers\AEGP_SuiteHandler.h,suite,AEGP_RegisterSuite5
Headers\AEGP_SuiteHandler.h,suite,AEGP_RenderAsyncManagerSuite1
Headers\AEGP_SuiteHandler.h,suite,AEGP_RenderOptionsSuite1
Headers\AEGP_SuiteHandler.h,suite,AEGP_RenderOptionsSuite2
Headers\AEGP_SuiteHandler.h,suite,AEGP_RenderOptionsSuite3
Headers\AEGP_SuiteHandler.h,suite,AEGP_RenderQueueSuite1
Headers\AEGP_SuiteHandler.h,suite,AEGP_RenderSuite1
Headers\AEGP_SuiteHandler.h,suite,AEGP_RenderSuite2
Headers\AEGP_SuiteHandler.h,suite,AEGP_RenderSuite3
Headers\AEGP_SuiteHandler.h,suite,AEGP_RenderSuite4
Headers\AEGP_SuiteHandler.h,suite,AEGP_RenderSuite5
Headers\AEGP_SuiteHandler.h,suite,AEGP_SoundDataSuite1
Headers\AEGP_SuiteHandler.h,suite,AEGP_StreamSuite1
Headers\AEGP_SuiteHandler.h,suite,AEGP_StreamSuite2
Headers\AEGP_SuiteHandler.h,suite,AEGP_StreamSuite3
Headers\AEGP_SuiteHandler.h,suite,AEGP_StreamSuite4
Headers\AEGP_SuiteHandler.h,suite,AEGP_StreamSuite5
Headers\AEGP_SuiteHandler.h,suite,AEGP_TextDocumentSuite1
Headers\AEGP_SuiteHandler.h,suite,AEGP_TextLayerSuite1
Headers\AEGP_SuiteHandler.h,suite,AEGP_TrackerSuite1
Headers\AEGP_SuiteHandler.h,suite,AEGP_TrackerUtilitySuite1
Headers\AEGP_SuiteHandler.h,suite,AEGP_UtilitySuite1
Headers\AEGP_SuiteHandler.h,suite,AEGP_UtilitySuite3
Headers\AEGP_SuiteHandler.h,suite,AEGP_UtilitySuite4
Headers\AEGP_SuiteHandler.h,suite,AEGP_UtilitySuite5
Headers\AEGP_SuiteHandler.h,suite,AEGP_UtilitySuite6
Headers\AEGP_SuiteHandler.h,suite,AEGP_WorldSuite2
Headers\AEGP_SuiteHandler.h,suite,AEGP_WorldSuite3
Headers\AEGP_SuiteHandler.h,suite,ANSICallbacksSuite
Headers\AEGP_SuiteHandler.h,suite,AcquireSuite
Headers\AEGP_SuiteHandler.h,suite,AdvAppSuite
Headers\AEGP_SuiteHandler.h,suite,AdvItemSuite
Headers\AEGP_SuiteHandler.h,suite,AdvTimeSuite
Headers\AEGP_SuiteHandler.h,suite,AppSuite
Headers\AEGP_SuiteHandler.h,suite,ArtisanUtilSuite
Headers\AEGP_SuiteHandler.h,suite,BasicSuite
Headers\AEGP_SuiteHandler.h,suite,CameraSuite
Headers\AEGP_SuiteHandler.h,suite,CanvasSuite
Headers\AEGP_SuiteHandler.h,suite,CollectionSuite
Headers\AEGP_SuiteHandler.h,suite,ColorParamSuite
Headers\AEGP_SuiteHandler.h,suite,ColorSettingsSuite
Headers\AEGP_SuiteHandler.h,suite,CommandSuite
Headers\AEGP_SuiteHandler.h,suite,CompSuite
Headers\AEGP_SuiteHandler.h,suite,CompositeSuite
Headers\AEGP_SuiteHandler.h,suite,DialogGroupSuite
Headers\AEGP_SuiteHandler.h,suite,DialogSuite
Headers\AEGP_SuiteHandler.h,suite,DrawbotSuite
Headers\AEGP_SuiteHandler.h,suite,DynamicStreamSuite
Headers\AEGP_SuiteHandler.h,suite,EffectCustomUIOverlayThemeSuite
Headers\AEGP_SuiteHandler.h,suite,EffectCustomUISuite
Headers\AEGP_SuiteHandler.h,suite,EffectSuite
Headers\AEGP_SuiteHandler.h,suite,EntrySuite
Headers\AEGP_SuiteHandler.h,suite,FIMSuite
Headers\AEGP_SuiteHandler.h,suite,FillMatteSuite
Headers\AEGP_SuiteHandler.h,suite,FootageSuite
Headers\AEGP_SuiteHandler.h,suite,HandleSuite
Headers\AEGP_SuiteHandler.h,suite,HelperSuite
Headers\AEGP_SuiteHandler.h,suite,IOInSuite
Headers\AEGP_SuiteHandler.h,suite,IOOutSuite
Headers\AEGP_SuiteHandler.h,suite,ItemSuite
Headers\AEGP_SuiteHandler.h,suite,ItemViewSuite
Headers\AEGP_SuiteHandler.h,suite,Iterate16Suite
Headers\AEGP_SuiteHandler.h,suite,Iterate8Suite
Headers\AEGP_SuiteHandler.h,suite,IterateFloatSuite
Headers\AEGP_SuiteHandler.h,suite,IterateSuite
Headers\AEGP_SuiteHandler.h,suite,KeyframeSuite
Headers\AEGP_SuiteHandler.h,suite,LayerRenderOptionsSuite
Headers\AEGP_SuiteHandler.h,suite,LayerSuite
Headers\AEGP_SuiteHandler.h,suite,LightSuite
Headers\AEGP_SuiteHandler.h,suite,ListSuite
Headers\AEGP_SuiteHandler.h,suite,LoadSuite
Headers\AEGP_SuiteHandler.h,suite,MarkerSuite
Headers\AEGP_SuiteHandler.h,suite,MaskOutlineSuite
Headers\AEGP_SuiteHandler.h,suite,MaskSuite
Headers\AEGP_SuiteHandler.h,suite,MathSuite
Headers\AEGP_SuiteHandler.h,suite,MemorySuite
Headers\AEGP_SuiteHandler.h,suite,NotifierSuite
Headers\AEGP_SuiteHandler.h,suite,OutputModuleSuite
Headers\AEGP_SuiteHandler.h,suite,PFAppSuite4
Headers\AEGP_SuiteHandler.h,suite,PFAppSuite5
Headers\AEGP_SuiteHandler.h,suite,PFAppSuite6
Headers\AEGP_SuiteHandler.h,suite,PFInterfaceSuite
Headers\AEGP_SuiteHandler.h,suite,PF_ANSICallbacksSuite1
Headers\AEGP_SuiteHandler.h,suite,PF_AdvAppSuite1
Headers\AEGP_SuiteHandler.h,suite,PF_AdvAppSuite2
Headers\AEGP_SuiteHandler.h,suite,PF_AdvItemSuite1
Headers\AEGP_SuiteHandler.h,suite,PF_AdvTimeSuite4
Headers\AEGP_SuiteHandler.h,suite,PF_ColorParamSuite1
Headers\AEGP_SuiteHandler.h,suite,PF_EffectCustomUIOverlayThemeSuite1
Headers\AEGP_SuiteHandler.h,suite,PF_EffectCustomUISuite1
Headers\AEGP_SuiteHandler.h,suite,PF_EffectCustomUISuite2
Headers\AEGP_SuiteHandler.h,suite,PF_FillMatteSuite2
Headers\AEGP_SuiteHandler.h,suite,PF_HandleSuite1
Headers\AEGP_SuiteHandler.h,suite,PF_HelperSuite2
Headers\AEGP_SuiteHandler.h,suite,PF_Iterate8Suite1
Headers\AEGP_SuiteHandler.h,suite,PF_ParamUtilsSuite3
Headers\AEGP_SuiteHandler.h,suite,PF_PathDataSuite1
Headers\AEGP_SuiteHandler.h,suite,PF_PathQuerySuite1
Headers\AEGP_SuiteHandler.h,suite,PF_Sampling16Suite1
Headers\AEGP_SuiteHandler.h,suite,PF_Sampling8Suite1
Headers\AEGP_SuiteHandler.h,suite,PF_SamplingFloatSuite1
Headers\AEGP_SuiteHandler.h,suite,PF_WorldSuite1
Headers\AEGP_SuiteHandler.h,suite,PF_WorldTransformSuite1
Headers\AEGP_SuiteHandler.h,suite,PF_iterate16Suite1
Headers\AEGP_SuiteHandler.h,suite,PF_iterateFloatSuite1
Headers\AEGP_SuiteHandler.h,suite,ParamUtilsSuite
Headers\AEGP_SuiteHandler.h,suite,PathDataSuite
Headers\AEGP_SuiteHandler.h,suite,PathQuerySuite
Headers\AEGP_SuiteHandler.h,suite,PathSuite
Headers\AEGP_SuiteHandler.h,suite,PersistentDataSuite
Headers\AEGP_SuiteHandler.h,suite,ProjSuite
Headers\AEGP_SuiteHandler.h,suite,QueryXformSuite
Headers\AEGP_SuiteHandler.h,suite,RQItemSuite
Headers\AEGP_SuiteHandler.h,suite,RegisterSuite
Headers\AEGP_SuiteHandler.h,suite,ReleaseSuite
Headers\AEGP_SuiteHandler.h,suite,RenderAsyncManagerSuite
Headers\AEGP_SuiteHandler.h,suite,RenderOptionsSuite
Headers\AEGP_SuiteHandler.h,suite,RenderQueueSuite
Headers\AEGP_SuiteHandler.h,suite,RenderSuite
Headers\AEGP_SuiteHandler.h,suite,SPBasicSuite
Headers\AEGP_SuiteHandler.h,suite,SPSuitesSuite
Headers\AEGP_SuiteHandler.h,suite,Sampling16Suite
Headers\AEGP_SuiteHandler.h,suite,Sampling8Suite
Headers\AEGP_SuiteHandler.h,suite,SamplingFloatSuite
Headers\AEGP_SuiteHandler.h,suite,SoundDataSuite
Headers\AEGP_SuiteHandler.h,suite,StreamSuite
Headers\AEGP_SuiteHandler.h,suite,Suite
Headers\AEGP_SuiteHandler.h,suite,SuitesSuite
Headers\AEGP_SuiteHandler.h,suite,SupplierSuite
Headers\AEGP_SuiteHandler.h,suite,SurfaceSuite
Headers\AEGP_SuiteHandler.h,suite,TextDocumentSuite
Headers\AEGP_SuiteHandler.h,suite,TextLayerSuite
Headers\AEGP_SuiteHandler.h,suite,TrackerSuite
Headers\AEGP_SuiteHandler.h,suite,TrackerUtilitySuite
Headers\AEGP_SuiteHandler.h,suite,UtilitySuite
Headers\AEGP_SuiteHandler.h,suite,WorldSuite
Headers\AEGP_SuiteHandler.h,suite,WorldTransformSuite
Headers\AEGP_SuiteHandler.h,suite,kADMBasicSuite
Headers\AEGP_SuiteHandler.h,suite,kADMBasicSuiteVersion8
Headers\AEGP_SuiteHandler.h,suite,kADMDialogGroupSuite
Headers\AEGP_SuiteHandler.h,suite,kADMDialogGroupSuiteVersion3
Headers\AEGP_SuiteHandler.h,suite,kADMDialogSuite
Headers\AEGP_SuiteHandler.h,suite,kADMDialogSuiteVersion8
Headers\AEGP_SuiteHandler.h,suite,kADMEntrySuite
Headers\AEGP_SuiteHandler.h,suite,kADMEntrySuiteVersion5
Headers\AEGP_SuiteHandler.h,suite,kADMItemSuite
Headers\AEGP_SuiteHandler.h,suite,kADMItemSuiteVersion8
Headers\AEGP_SuiteHandler.h,suite,kADMListSuite
Headers\AEGP_SuiteHandler.h,suite,kADMListSuiteVersion3
Headers\AEGP_SuiteHandler.h,suite,kADMNotifierSuite
Headers\AEGP_SuiteHandler.h,suite,kADMNotifierSuiteVersion2
Headers\AEGP_SuiteHandler.h,suite,kAEGPArtisanUtilSuite
Headers\AEGP_SuiteHandler.h,suite,kAEGPArtisanUtilSuiteVersion1
Headers\AEGP_SuiteHandler.h,suite,kAEGPCameraSuite
Headers\AEGP_SuiteHandler.h,suite,kAEGPCameraSuiteVersion2
Headers\AEGP_SuiteHandler.h,suite,kAEGPCanvasSuite
Headers\AEGP_SuiteHandler.h,suite,kAEGPCanvasSuiteVersion5
Headers\AEGP_SuiteHandler.h,suite,kAEGPCanvasSuiteVersion6
Headers\AEGP_SuiteHandler.h,suite,kAEGPCanvasSuiteVersion7
Headers\AEGP_SuiteHandler.h,suite,kAEGPCanvasSuiteVersion8
Headers\AEGP_SuiteHandler.h,suite,kAEGPCollectionSuite
Headers\AEGP_SuiteHandler.h,suite,kAEGPCollectionSuiteVersion1
Headers\AEGP_SuiteHandler.h,suite,kAEGPCollectionSuiteVersion2
Headers\AEGP_SuiteHandler.h,suite,kAEGPColorSettingsSuite
Headers\AEGP_SuiteHandler.h,suite,kAEGPColorSettingsSuiteVersion1
Headers\AEGP_SuiteHandler.h,suite,kAEGPColorSettingsSuiteVersion2
Headers\AEGP_SuiteHandler.h,suite,kAEGPColorSettingsSuiteVersion3
Headers\AEGP_SuiteHandler.h,suite,kAEGPCommandSuite
Headers\AEGP_SuiteHandler.h,suite,kAEGPCommandSuiteVersion1
Headers\AEGP_SuiteHandler.h,suite,kAEGPCompSuite
Headers\AEGP_SuiteHandler.h,suite,kAEGPCompSuiteVersion1
Headers\AEGP_SuiteHandler.h,suite,kAEGPCompSuiteVersion10
Headers\AEGP_SuiteHandler.h,suite,kAEGPCompSuiteVersion11
Headers\AEGP_SuiteHandler.h,suite,kAEGPCompSuiteVersion4
Headers\AEGP_SuiteHandler.h,suite,kAEGPCompSuiteVersion5
Headers\AEGP_SuiteHandler.h,suite,kAEGPCompSuiteVersion6
Headers\AEGP_SuiteHandler.h,suite,kAEGPCompSuiteVersion7
Headers\AEGP_SuiteHandler.h,suite,kAEGPCompSuiteVersion8
Headers\AEGP_SuiteHandler.h,suite,kAEGPCompSuiteVersion9
Headers\AEGP_SuiteHandler.h,suite,kAEGPCompositeSuite
Headers\AEGP_SuiteHandler.h,suite,kAEGPCompositeSuiteVersion2
Headers\AEGP_SuiteHandler.h,suite,kAEGPDynamicStreamSuite
Headers\AEGP_SuiteHandler.h,suite,kAEGPDynamicStreamSuiteVersion2
Headers\AEGP_SuiteHandler.h,suite,kAEGPDynamicStreamSuiteVersion3
Headers\AEGP_SuiteHandler.h,suite,kAEGPDynamicStreamSuiteVersion4
Headers\AEGP_SuiteHandler.h,suite,kAEGPEffectSuite
Headers\AEGP_SuiteHandler.h,suite,kAEGPEffectSuiteVersion1
Headers\AEGP_SuiteHandler.h,suite,kAEGPEffectSuiteVersion2
Headers\AEGP_SuiteHandler.h,suite,kAEGPEffectSuiteVersion3
Headers\AEGP_SuiteHandler.h,suite,kAEGPEffectSuiteVersion4
Headers\AEGP_SuiteHandler.h,suite,kAEGPFIMSuite
Headers\AEGP_SuiteHandler.h,suite,kAEGPFIMSuiteVersion3
Headers\AEGP_SuiteHandler.h,suite,kAEGPFootageSuite
Headers\AEGP_SuiteHandler.h,suite,kAEGPFootageSuiteVersion5
Headers\AEGP_SuiteHandler.h,suite,kAEGPIOInSuite
Headers\AEGP_SuiteHandler.h,suite,kAEGPIOInSuiteVersion4
Headers\AEGP_SuiteHandler.h,suite,kAEGPIOOutSuite
Headers\AEGP_SuiteHandler.h,suite,kAEGPIOOutSuiteVersion4
Headers\AEGP_SuiteHandler.h,suite,kAEGPItemSuite
Headers\AEGP_SuiteHandler.h,suite,kAEGPItemSuiteVersion1
Headers\AEGP_SuiteHandler.h,suite,kAEGPItemSuiteVersion5
Headers\AEGP_SuiteHandler.h,suite,kAEGPItemSuiteVersion6
Headers\AEGP_SuiteHandler.h,suite,kAEGPItemSuiteVersion7
Headers\AEGP_SuiteHandler.h,suite,kAEGPItemSuiteVersion8
Headers\AEGP_SuiteHandler.h,suite,kAEGPItemSuiteVersion9
Headers\AEGP_SuiteHandler.h,suite,kAEGPItemViewSuite
Headers\AEGP_SuiteHandler.h,suite,kAEGPItemViewSuiteVersion1
Headers\AEGP_SuiteHandler.h,suite,kAEGPIterateSuite
Headers\AEGP_SuiteHandler.h,suite,kAEGPIterateSuiteVersion1
Headers\AEGP_SuiteHandler.h,suite,kAEGPKeyframeSuite
Headers\AEGP_SuiteHandler.h,suite,kAEGPKeyframeSuiteVersion1
Headers\AEGP_SuiteHandler.h,suite,kAEGPKeyframeSuiteVersion3
Headers\AEGP_SuiteHandler.h,suite,kAEGPKeyframeSuiteVersion4
Headers\AEGP_SuiteHandler.h,suite,kAEGPLayerRenderOptionsSuite
Headers\AEGP_SuiteHandler.h,suite,kAEGPLayerRenderOptionsSuiteVersion1
Headers\AEGP_SuiteHandler.h,suite,kAEGPLayerRenderOptionsSuiteVersion2
Headers\AEGP_SuiteHandler.h,suite,kAEGPLayerSuite
Headers\AEGP_SuiteHandler.h,suite,kAEGPLayerSuiteVersion1
Headers\AEGP_SuiteHandler.h,suite,kAEGPLayerSuiteVersion3
Headers\AEGP_SuiteHandler.h,suite,kAEGPLayerSuiteVersion4
Headers\AEGP_SuiteHandler.h,suite,kAEGPLayerSuiteVersion5
Headers\AEGP_SuiteHandler.h,suite,kAEGPLayerSuiteVersion6
Headers\AEGP_SuiteHandler.h,suite,kAEGPLayerSuiteVersion7
Headers\AEGP_SuiteHandler.h,suite,kAEGPLayerSuiteVersion8
Headers\AEGP_SuiteHandler.h,suite,kAEGPLightSuite
Headers\AEGP_SuiteHandler.h,suite,kAEGPLightSuiteVersion1
Headers\AEGP_SuiteHandler.h,suite,kAEGPLightSuiteVersion2
Headers\AEGP_SuiteHandler.h,suite,kAEGPMarkerSuite
Headers\AEGP_SuiteHandler.h,suite,kAEGPMarkerSuiteVersion1
Headers\AEGP_SuiteHandler.h,suite,kAEGPMarkerSuiteVersion2
Headers\AEGP_SuiteHandler.h,suite,kAEGPMarkerSuiteVersion3
Headers\AEGP_SuiteHandler.h,suite,kAEGPMaskOutlineSuite
Headers\AEGP_SuiteHandler.h,suite,kAEGPMaskOutlineSuiteVersion1
Headers\AEGP_SuiteHandler.h,suite,kAEGPMaskOutlineSuiteVersion2
Headers\AEGP_SuiteHandler.h,suite,kAEGPMaskOutlineSuiteVersion3
Headers\AEGP_SuiteHandler.h,suite,kAEGPMaskSuite
Headers\AEGP_SuiteHandler.h,suite,kAEGPMaskSuiteVersion1
Headers\AEGP_SuiteHandler.h,suite,kAEGPMaskSuiteVersion4
Headers\AEGP_SuiteHandler.h,suite,kAEGPMaskSuiteVersion5
Headers\AEGP_SuiteHandler.h,suite,kAEGPMaskSuiteVersion6
Headers\AEGP_SuiteHandler.h,suite,kAEGPMathSuite
Headers\AEGP_SuiteHandler.h,suite,kAEGPMathSuiteVersion1
Headers\AEGP_SuiteHandler.h,suite,kAEGPMemorySuite
Headers\AEGP_SuiteHandler.h,suite,kAEGPMemorySuiteVersion1
Headers\AEGP_SuiteHandler.h,suite,kAEGPOutputModuleSuite
Headers\AEGP_SuiteHandler.h,suite,kAEGPOutputModuleSuiteVersion4
Headers\AEGP_SuiteHandler.h,suite,kAEGPPFInterfaceSuite
Headers\AEGP_SuiteHandler.h,suite,kAEGPPFInterfaceSuiteVersion1
Headers\AEGP_SuiteHandler.h,suite,kAEGPPersistentDataSuite
Headers\AEGP_SuiteHandler.h,suite,kAEGPPersistentDataSuiteVersion3
Headers\AEGP_SuiteHandler.h,suite,kAEGPPersistentDataSuiteVersion4
Headers\AEGP_SuiteHandler.h,suite,kAEGPProjSuite
Headers\AEGP_SuiteHandler.h,suite,kAEGPProjSuiteVersion5
Headers\AEGP_SuiteHandler.h,suite,kAEGPProjSuiteVersion6
Headers\AEGP_SuiteHandler.h,suite,kAEGPQueryXformSuite
Headers\AEGP_SuiteHandler.h,suite,kAEGPQueryXformSuiteVersion2
Headers\AEGP_SuiteHandler.h,suite,kAEGPRQItemSuite
Headers\AEGP_SuiteHandler.h,suite,kAEGPRQItemSuiteVersion2
Headers\AEGP_SuiteHandler.h,suite,kAEGPRQItemSuiteVersion3
Headers\AEGP_SuiteHandler.h,suite,kAEGPRegisterSuite
Headers\AEGP_SuiteHandler.h,suite,kAEGPRegisterSuiteVersion5
Headers\AEGP_SuiteHandler.h,suite,kAEGPRenderAsyncManagerSuite
Headers\AEGP_SuiteHandler.h,suite,kAEGPRenderAsyncManagerSuiteVersion1
Headers\AEGP_SuiteHandler.h,suite,kAEGPRenderOptionsSuite
Headers\AEGP_SuiteHandler.h,suite,kAEGPRenderOptionsSuiteVersion1
Headers\AEGP_SuiteHandler.h,suite,kAEGPRenderOptionsSuiteVersion2
Headers\AEGP_SuiteHandler.h,suite,kAEGPRenderOptionsSuiteVersion3
Headers\AEGP_SuiteHandler.h,suite,kAEGPRenderQueueSuite
Headers\AEGP_SuiteHandler.h,suite,kAEGPRenderQueueSuiteVersion1
Headers\AEGP_SuiteHandler.h,suite,kAEGPRenderSuite
Headers\AEGP_SuiteHandler.h,suite,kAEGPRenderSuiteVersion1
Headers\AEGP_SuiteHandler.h,suite,kAEGPRenderSuiteVersion2
Headers\AEGP_SuiteHandler.h,suite,kAEGPRenderSuiteVersion3
Headers\AEGP_SuiteHandler.h,suite,kAEGPRenderSuiteVersion4
Headers\AEGP_SuiteHandler.h,suite,kAEGPRenderSuiteVersion5
Headers\AEGP_SuiteHandler.h,suite,kAEGPSoundDataSuite
Headers\AEGP_SuiteHandler.h,suite,kAEGPStreamSuite
Headers\AEGP_SuiteHandler.h,suite,kAEGPStreamSuiteVersion1
Headers\AEGP_SuiteHandler.h,suite,kAEGPStreamSuiteVersion2
Headers\AEGP_SuiteHandler.h,suite,kAEGPStreamSuiteVersion3
Headers\AEGP_SuiteHandler.h,suite,kAEGPStreamSuiteVersion4
Headers\AEGP_SuiteHandler.h,suite,kAEGPStreamSuiteVersion5
Headers\AEGP_SuiteHandler.h,suite,kAEGPTextDocumentSuite
Headers\AEGP_SuiteHandler.h,suite,kAEGPTextDocumentSuiteVersion1
Headers\AEGP_SuiteHandler.h,suite,kAEGPTextLayerSuite
Headers\AEGP_SuiteHandler.h,suite,kAEGPTextLayerSuiteVersion1
Headers\AEGP_SuiteHandler.h,suite,kAEGPTrackerSuite
Headers\AEGP_SuiteHandler.h,suite,kAEGPTrackerSuiteVersion1
Headers\AEGP_SuiteHandler.h,suite,kAEGPTrackerUtilitySuite
Headers\AEGP_SuiteHandler.h,suite,kAEGPTrackerUtilitySuiteVersion1
Headers\AEGP_SuiteHandler.h,suite,kAEGPUtilitySuite
Headers\AEGP_SuiteHandler.h,suite,kAEGPUtilitySuiteVersion1
Headers\AEGP_SuiteHandler.h,suite,kAEGPUtilitySuiteVersion3
Headers\AEGP_SuiteHandler.h,suite,kAEGPUtilitySuiteVersion4
Headers\AEGP_SuiteHandler.h,suite,kAEGPUtilitySuiteVersion5
Headers\AEGP_SuiteHandler.h,suite,kAEGPUtilitySuiteVersion6
Headers\AEGP_SuiteHandler.h,suite,kAEGPWorldSuite
Headers\AEGP_SuiteHandler.h,suite,kAEGPWorldSuiteVersion2
Headers\AEGP_SuiteHandler.h,suite,kAEGPWorldSuiteVersion3
Headers\AEGP_SuiteHandler.h,suite,kDRAWBOT_DrawSuite
Headers\AEGP_SuiteHandler.h,suite,kDRAWBOT_DrawSuite_VersionCurrent
Headers\AEGP_SuiteHandler.h,suite,kDRAWBOT_PathSuite
Headers\AEGP_SuiteHandler.h,suite,kDRAWBOT_PathSuite_VersionCurrent
Headers\AEGP_SuiteHandler.h,suite,kDRAWBOT_SupplierSuite
Headers\AEGP_SuiteHandler.h,suite,kDRAWBOT_SupplierSuite_VersionCurrent
Headers\AEGP_SuiteHandler.h,suite,kDRAWBOT_SurfaceSuite
Headers\AEGP_SuiteHandler.h,suite,kDRAWBOT_SurfaceSuite_VersionCurrent
Headers\AEGP_SuiteHandler.h,suite,kPFANSISuite
Headers\AEGP_SuiteHandler.h,suite,kPFANSISuiteVersion1
Headers\AEGP_SuiteHandler.h,suite,kPFAdvAppSuite
Headers\AEGP_SuiteHandler.h,suite,kPFAdvAppSuiteVersion1
Headers\AEGP_SuiteHandler.h,suite,kPFAdvAppSuiteVersion2
Headers\AEGP_SuiteHandler.h,suite,kPFAdvItemSuite
Headers\AEGP_SuiteHandler.h,suite,kPFAdvItemSuiteVersion1
Headers\AEGP_SuiteHandler.h,suite,kPFAdvTimeSuite
Headers\AEGP_SuiteHandler.h,suite,kPFAdvTimeSuiteVersion4
Headers\AEGP_SuiteHandler.h,suite,kPFAppSuite
Headers\AEGP_SuiteHandler.h,suite,kPFAppSuiteVersion4
Headers\AEGP_SuiteHandler.h,suite,kPFAppSuiteVersion5
Headers\AEGP_SuiteHandler.h,suite,kPFAppSuiteVersion6
Headers\AEGP_SuiteHandler.h,suite,kPFColorParamSuite
Headers\AEGP_SuiteHandler.h,suite,kPFColorParamSuiteVersion1
Headers\AEGP_SuiteHandler.h,suite,kPFEffectCustomUIOverlayThemeSuite
Headers\AEGP_SuiteHandler.h,suite,kPFEffectCustomUIOverlayThemeSuiteVersion1
Headers\AEGP_SuiteHandler.h,suite,kPFEffectCustomUISuite
Headers\AEGP_SuiteHandler.h,suite,kPFEffectCustomUISuiteVersion1
Headers\AEGP_SuiteHandler.h,suite,kPFEffectCustomUISuiteVersion2
Headers\AEGP_SuiteHandler.h,suite,kPFFillMatteSuite
Headers\AEGP_SuiteHandler.h,suite,kPFFillMatteSuiteVersion2
Headers\AEGP_SuiteHandler.h,suite,kPFHandleSuite
Headers\AEGP_SuiteHandler.h,suite,kPFHandleSuiteVersion1
Headers\AEGP_SuiteHandler.h,suite,kPFHelperSuite2
Headers\AEGP_SuiteHandler.h,suite,kPFHelperSuite2Version2
Headers\AEGP_SuiteHandler.h,suite,kPFIterate16Suite
Headers\AEGP_SuiteHandler.h,suite,kPFIterate16SuiteVersion1
Headers\AEGP_SuiteHandler.h,suite,kPFIterate8Suite
Headers\AEGP_SuiteHandler.h,suite,kPFIterate8SuiteVersion1
Headers\AEGP_SuiteHandler.h,suite,kPFIterateFloatSuite
Headers\AEGP_SuiteHandler.h,suite,kPFIterateFloatSuiteVersion1
Headers\AEGP_SuiteHandler.h,suite,kPFParamUtilsSuite
Headers\AEGP_SuiteHandler.h,suite,kPFParamUtilsSuiteVersion3
Headers\AEGP_SuiteHandler.h,suite,kPFPathDataSuite
Headers\AEGP_SuiteHandler.h,suite,kPFPathDataSuiteVersion1
Headers\AEGP_SuiteHandler.h,suite,kPFPathQuerySuite
Headers\AEGP_SuiteHandler.h,suite,kPFPathQuerySuiteVersion1
Headers\AEGP_SuiteHandler.h,suite,kPFSampling16Suite
Headers\AEGP_SuiteHandler.h,suite,kPFSampling16SuiteVersion1
Headers\AEGP_SuiteHandler.h,suite,kPFSampling8Suite
Headers\AEGP_SuiteHandler.h,suite,kPFSampling8SuiteVersion1
Headers\AEGP_SuiteHandler.h,suite,kPFSamplingFloatSuite
Headers\AEGP_SuiteHandler.h,suite,kPFSamplingFloatSuiteVersion1
Headers\AEGP_SuiteHandler.h,suite,kPFWorldSuite
Headers\AEGP_SuiteHandler.h,suite,kPFWorldSuiteVersion1
Headers\AEGP_SuiteHandler.h,suite,kPFWorldTransformSuite
Headers\AEGP_SuiteHandler.h,suite,kPFWorldTransformSuiteVersion1
Headers\AEGP_SuiteHandler.h,suite,kSPSuitesSuite
Headers\AEGP_SuiteHandler.h,suite,kSPSuitesSuiteVersion
Headers\AEGP_SuiteHandler.h,api,AEGP_ArtisanUtilSuite1
Headers\AEGP_SuiteHandler.h,api,AEGP_CameraSuite2
Headers\AEGP_SuiteHandler.h,api,AEGP_CanvasSuite5
Headers\AEGP_SuiteHandler.h,api,AEGP_CanvasSuite6
Headers\AEGP_SuiteHandler.h,api,AEGP_CanvasSuite7
Headers\AEGP_SuiteHandler.h,api,AEGP_CanvasSuite8
Headers\AEGP_SuiteHandler.h,api,AEGP_CollectionSuite1
Headers\AEGP_SuiteHandler.h,api,AEGP_CollectionSuite2
Headers\AEGP_SuiteHandler.h,api,AEGP_ColorSettingsSuite1
Headers\AEGP_SuiteHandler.h,api,AEGP_ColorSettingsSuite2
Headers\AEGP_SuiteHandler.h,api,AEGP_ColorSettingsSuite3
Headers\AEGP_SuiteHandler.h,api,AEGP_CommandSuite1
Headers\AEGP_SuiteHandler.h,api,AEGP_CompSuite1
Headers\AEGP_SuiteHandler.h,api,AEGP_CompSuite10
Headers\AEGP_SuiteHandler.h,api,AEGP_CompSuite11
Headers\AEGP_SuiteHandler.h,api,AEGP_CompSuite4
Headers\AEGP_SuiteHandler.h,api,AEGP_CompSuite5
Headers\AEGP_SuiteHandler.h,api,AEGP_CompSuite6
Headers\AEGP_SuiteHandler.h,api,AEGP_CompSuite7
Headers\AEGP_SuiteHandler.h,api,AEGP_CompSuite8
Headers\AEGP_SuiteHandler.h,api,AEGP_CompSuite9
Headers\AEGP_SuiteHandler.h,api,AEGP_CompositeSuite2
Headers\AEGP_SuiteHandler.h,api,AEGP_DynamicStreamSuite2
Headers\AEGP_SuiteHandler.h,api,AEGP_DynamicStreamSuite3
Headers\AEGP_SuiteHandler.h,api,AEGP_DynamicStreamSuite4
Headers\AEGP_SuiteHandler.h,api,AEGP_EffectSuite1
Headers\AEGP_SuiteHandler.h,api,AEGP_EffectSuite2
Headers\AEGP_SuiteHandler.h,api,AEGP_EffectSuite3
Headers\AEGP_SuiteHandler.h,api,AEGP_EffectSuite4
Headers\AEGP_SuiteHandler.h,api,AEGP_FIMSuite3
Headers\AEGP_SuiteHandler.h,api,AEGP_FootageSuite5
Headers\AEGP_SuiteHandler.h,api,AEGP_IOInSuite4
Headers\AEGP_SuiteHandler.h,api,AEGP_IOOutSuite4
Headers\AEGP_SuiteHandler.h,api,AEGP_ItemSuite1
Headers\AEGP_SuiteHandler.h,api,AEGP_ItemSuite5
Headers\AEGP_SuiteHandler.h,api,AEGP_ItemSuite6
Headers\AEGP_SuiteHandler.h,api,AEGP_ItemSuite7
Headers\AEGP_SuiteHandler.h,api,AEGP_ItemSuite8
Headers\AEGP_SuiteHandler.h,api,AEGP_ItemSuite9
Headers\AEGP_SuiteHandler.h,api,AEGP_ItemViewSuite1
Headers\AEGP_SuiteHandler.h,api,AEGP_IterateSuite1
Headers\AEGP_SuiteHandler.h,api,AEGP_KeyframeSuite1
Headers\AEGP_SuiteHandler.h,api,AEGP_KeyframeSuite3
Headers\AEGP_SuiteHandler.h,api,AEGP_KeyframeSuite4
Headers\AEGP_SuiteHandler.h,api,AEGP_LayerRenderOptionsSuite1
Headers\AEGP_SuiteHandler.h,api,AEGP_LayerRenderOptionsSuite2
Headers\AEGP_SuiteHandler.h,api,AEGP_LayerSuite1
Headers\AEGP_SuiteHandler.h,api,AEGP_LayerSuite3
Headers\AEGP_SuiteHandler.h,api,AEGP_LayerSuite4
Headers\AEGP_SuiteHandler.h,api,AEGP_LayerSuite5
Headers\AEGP_SuiteHandler.h,api,AEGP_LayerSuite6
Headers\AEGP_SuiteHandler.h,api,AEGP_LayerSuite7
Headers\AEGP_SuiteHandler.h,api,AEGP_LayerSuite8
Headers\AEGP_SuiteHandler.h,api,AEGP_LightSuite1
Headers\AEGP_SuiteHandler.h,api,AEGP_LightSuite2
Headers\AEGP_SuiteHandler.h,api,AEGP_MarkerSuite1
Headers\AEGP_SuiteHandler.h,api,AEGP_MarkerSuite2
Headers\AEGP_SuiteHandler.h,api,AEGP_MarkerSuite3
Headers\AEGP_SuiteHandler.h,api,AEGP_MaskOutlineSuite1
Headers\AEGP_SuiteHandler.h,api,AEGP_MaskOutlineSuite2
Headers\AEGP_SuiteHandler.h,api,AEGP_MaskOutlineSuite3
Headers\AEGP_SuiteHandler.h,api,AEGP_MaskSuite1
Headers\AEGP_SuiteHandler.h,api,AEGP_MaskSuite4
Headers\AEGP_SuiteHandler.h,api,AEGP_MaskSuite5
Headers\AEGP_SuiteHandler.h,api,AEGP_MaskSuite6
Headers\AEGP_SuiteHandler.h,api,AEGP_MathSuite1
Headers\AEGP_SuiteHandler.h,api,AEGP_MemorySuite1
Headers\AEGP_SuiteHandler.h,api,AEGP_OutputModuleSuite4
Headers\AEGP_SuiteHandler.h,api,AEGP_PFInterfaceSuite1
Headers\AEGP_SuiteHandler.h,api,AEGP_PersistentDataSuite3
Headers\AEGP_SuiteHandler.h,api,AEGP_PersistentDataSuite4
Headers\AEGP_SuiteHandler.h,api,AEGP_ProjSuite5
Headers\AEGP_SuiteHandler.h,api,AEGP_ProjSuite6
Headers\AEGP_SuiteHandler.h,api,AEGP_QueryXformSuite2
Headers\AEGP_SuiteHandler.h,api,AEGP_RQItemSuite2
Headers\AEGP_SuiteHandler.h,api,AEGP_RQItemSuite3
Headers\AEGP_SuiteHandler.h,api,AEGP_RegisterSuite5
Headers\AEGP_SuiteHandler.h,api,AEGP_RenderAsyncManagerSuite1
Headers\AEGP_SuiteHandler.h,api,AEGP_RenderOptionsSuite1
Headers\AEGP_SuiteHandler.h,api,AEGP_RenderOptionsSuite2
Headers\AEGP_SuiteHandler.h,api,AEGP_RenderOptionsSuite3
Headers\AEGP_SuiteHandler.h,api,AEGP_RenderQueueSuite1
Headers\AEGP_SuiteHandler.h,api,AEGP_RenderSuite1
Headers\AEGP_SuiteHandler.h,api,AEGP_RenderSuite2
Headers\AEGP_SuiteHandler.h,api,AEGP_RenderSuite3
Headers\AEGP_SuiteHandler.h,api,AEGP_RenderSuite4
Headers\AEGP_SuiteHandler.h,api,AEGP_RenderSuite5
Headers\AEGP_SuiteHandler.h,api,AEGP_SUITE_ACCESS_BOILERPLATE
Headers\AEGP_SuiteHandler.h,api,AEGP_SUITE_RELEASE_BOILERPLATE
Headers\AEGP_SuiteHandler.h,api,AEGP_SoundDataSuite1
Headers\AEGP_SuiteHandler.h,api,AEGP_StreamSuite1
Headers\AEGP_SuiteHandler.h,api,AEGP_StreamSuite2
Headers\AEGP_SuiteHandler.h,api,AEGP_StreamSuite3
Headers\AEGP_SuiteHandler.h,api,AEGP_StreamSuite4
Headers\AEGP_SuiteHandler.h,api,AEGP_StreamSuite5
Headers\AEGP_SuiteHandler.h,api,AEGP_SuiteHandler
Headers\AEGP_SuiteHandler.h,api,AEGP_TextDocumentSuite1
Headers\AEGP_SuiteHandler.h,api,AEGP_TextLayerSuite1
Headers\AEGP_SuiteHandler.h,api,AEGP_TrackerSuite1
Headers\AEGP_SuiteHandler.h,api,AEGP_TrackerUtilitySuite1
Headers\AEGP_SuiteHandler.h,api,AEGP_UtilitySuite1
Headers\AEGP_SuiteHandler.h,api,AEGP_UtilitySuite3
Headers\AEGP_SuiteHandler.h,api,AEGP_UtilitySuite4
Headers\AEGP_SuiteHandler.h,api,AEGP_UtilitySuite5
Headers\AEGP_SuiteHandler.h,api,AEGP_UtilitySuite6
Headers\AEGP_SuiteHandler.h,api,AEGP_WorldSuite2
Headers\AEGP_SuiteHandler.h,api,AEGP_WorldSuite3
Headers\AE_CacheOnLoadSuite.h,suite,CacheOnLoadSuite
Headers\AE_CacheOnLoadSuite.h,suite,PF_CacheOnLoadSuite1
Headers\AE_CacheOnLoadSuite.h,suite,Suite
Headers\AE_CacheOnLoadSuite.h,suite,kPFCacheOnLoadSuite
Headers\AE_CacheOnLoadSuite.h,suite,kPFCacheOnLoadSuiteVersion1
Headers\PrSDKAcceleratedRender.h,suite,PrSDKTimeSuite
Headers\PrSDKAcceleratedRender.h,api,PrSDKCaptionStreamFormat
Headers\PrSDKAcceleratedRender.h,api,PrSDKColorSpaceID
Headers\PrSDKAcceleratedRender.h,api,PrSDKEntry
Headers\PrSDKAcceleratedRender.h,api,PrSDKImporterShared
Headers\PrSDKAcceleratedRender.h,api,PrSDKLUTID
Headers\PrSDKAcceleratedRender.h,api,PrSDKPixelFormat
Headers\PrSDKAcceleratedRender.h,api,PrSDKPlayModule
Headers\PrSDKAcceleratedRender.h,api,PrSDKPlugSuites
Headers\PrSDKAcceleratedRender.h,api,PrSDKQuality
Headers\PrSDKAcceleratedRender.h,api,PrSDKStreamLabel
Headers\PrSDKAcceleratedRender.h,api,PrSDKTimeSuite
Headers\PrSDKAcceleratedRender.h,api,PrSDKTypes
Headers\PrSDKAcceleratedRenderInvocationSuite.h,suite,PrSDKAcceleratedRenderInvocationSuite
Headers\PrSDKAcceleratedRenderInvocationSuite.h,suite,Suite
Headers\PrSDKAcceleratedRenderInvocationSuite.h,suite,kPrSDKAcceleratedRenderInvocationSuite
Headers\PrSDKAcceleratedRenderInvocationSuite.h,suite,kPrSDKAcceleratedRenderInvocationSuiteVersion
Headers\PrSDKAcceleratedRenderInvocationSuite.h,suite,kPrSDKAcceleratedRenderInvocationSuiteVersion3
Headers\PrSDKAcceleratedRenderInvocationSuite.h,suite,kPrSDKAcceleratedRenderInvocationSuiteVersion4
Headers\PrSDKAcceleratedRenderInvocationSuite.h,api,PrSDKAcceleratedRender
Headers\PrSDKAcceleratedRenderInvocationSuite.h,api,PrSDKAcceleratedRenderInvocationSuite
Headers\PrSDKAcceleratedRenderInvocationSuite.h,api,PrSDKRendererIDs
Headers\PrSDKAcceleratedRenderInvocationSuite.h,api,PrSDKStreamLabel
Headers\PrSDKAcceleratedRenderInvocationSuite.h,api,PrSDKTypes
Headers\PrSDKActivationEvent.h,api,PrSDKTypes
Headers\PrSDKAESupport.h,suite,PF_BackgroundFrameSuite1
Headers\PrSDKAESupport.h,suite,PF_PixelFormatSuite1
Headers\PrSDKAESupport.h,suite,PF_SourceSettingsSuite
Headers\PrSDKAESupport.h,suite,PF_SourceSettingsSuite2
Headers\PrSDKAESupport.h,suite,PF_TransitionSuite
Headers\PrSDKAESupport.h,suite,PF_UtilitySuite
Headers\PrSDKAESupport.h,suite,PF_UtilitySuite10
Headers\PrSDKAESupport.h,suite,PF_UtilitySuite11
Headers\PrSDKAESupport.h,suite,PF_UtilitySuite12
Headers\PrSDKAESupport.h,suite,PF_UtilitySuite13
Headers\PrSDKAESupport.h,suite,PF_UtilitySuite2
Headers\PrSDKAESupport.h,suite,PF_UtilitySuite3
Headers\PrSDKAESupport.h,suite,PF_UtilitySuite4
Headers\PrSDKAESupport.h,suite,PF_UtilitySuite5
Headers\PrSDKAESupport.h,suite,PF_UtilitySuite6
Headers\PrSDKAESupport.h,suite,PF_UtilitySuite7
Headers\PrSDKAESupport.h,suite,PF_UtilitySuite8
Headers\PrSDKAESupport.h,suite,PF_UtilitySuiteVersion1
Headers\PrSDKAESupport.h,suite,PF_WorldSuite
Headers\PrSDKAESupport.h,suite,PrSDKTimeSuite
Headers\PrSDKAESupport.h,suite,Suite
Headers\PrSDKAESupport.h,suite,kPFBackgroundFrameSuite
Headers\PrSDKAESupport.h,suite,kPFBackgroundFrameSuiteVersion1
Headers\PrSDKAESupport.h,suite,kPFPixelFormatSuite
Headers\PrSDKAESupport.h,suite,kPFPixelFormatSuiteVersion1
Headers\PrSDKAESupport.h,suite,kPFSourceSettingsSuite
Headers\PrSDKAESupport.h,suite,kPFSourceSettingsSuiteVersion
Headers\PrSDKAESupport.h,suite,kPFSourceSettingsSuiteVersion1
Headers\PrSDKAESupport.h,suite,kPFSourceSettingsSuiteVersion2
Headers\PrSDKAESupport.h,suite,kPFTransitionSuite
Headers\PrSDKAESupport.h,suite,kPFTransitionSuiteVersion
Headers\PrSDKAESupport.h,suite,kPFTransitionSuiteVersion1
Headers\PrSDKAESupport.h,suite,kPFTransitionSuiteVersion2
Headers\PrSDKAESupport.h,suite,kPFUtilitySuite
Headers\PrSDKAESupport.h,suite,kPFUtilitySuiteVersion
Headers\PrSDKAESupport.h,suite,kPFUtilitySuiteVersion10
Headers\PrSDKAESupport.h,suite,kPFUtilitySuiteVersion11
Headers\PrSDKAESupport.h,suite,kPFUtilitySuiteVersion12
Headers\PrSDKAESupport.h,suite,kPFUtilitySuiteVersion13
Headers\PrSDKAESupport.h,suite,kPFUtilitySuiteVersion2
Headers\PrSDKAESupport.h,suite,kPFUtilitySuiteVersion3
Headers\PrSDKAESupport.h,suite,kPFUtilitySuiteVersion4
Headers\PrSDKAESupport.h,suite,kPFUtilitySuiteVersion5
Headers\PrSDKAESupport.h,suite,kPFUtilitySuiteVersion6
Headers\PrSDKAESupport.h,suite,kPFUtilitySuiteVersion7
Headers\PrSDKAESupport.h,suite,kPFUtilitySuiteVersion8
Headers\PrSDKAESupport.h,suite,kPFUtilitySuiteVersion9
Headers\PrSDKAESupport.h,api,PF_Cmd_GLOBAL_SETUP
Headers\PrSDKAESupport.h,api,PF_Cmd_USER_CHANGED_PARAM
Headers\PrSDKAESupport.h,api,PrSDKPixelFormat
Headers\PrSDKAESupport.h,api,PrSDKString
Headers\PrSDKAESupport.h,api,PrSDKTimeSuite
Headers\PrSDKAESupport.h,api,PrSDKTypes
Headers\PrSDKAlphaTypes.h,api,PrSDKAlphaType
Headers\PrSDKAlphaTypes.h,api,PrSDKTypes
Headers\PrSDKAppInfoSuite.h,suite,PrSDKAppInfoSuite
Headers\PrSDKAppInfoSuite.h,suite,Suite
Headers\PrSDKAppInfoSuite.h,suite,kPrSDKAppInfoSuite
Headers\PrSDKAppInfoSuite.h,suite,kPrSDKAppInfoSuiteVersion
Headers\PrSDKAppInfoSuite.h,api,PrSDKAppInfoSuite
Headers\PrSDKAppInfoSuite.h,api,PrSDKMALErrors
Headers\PrSDKApplicationSettingsSuite.h,suite,PrSDKApplicationSettingsSuite
Headers\PrSDKApplicationSettingsSuite.h,suite,PrSDKStringSuite
Headers\PrSDKApplicationSettingsSuite.h,suite,Suite
Headers\PrSDKApplicationSettingsSuite.h,suite,applicationSettingsSuite
Headers\PrSDKApplicationSettingsSuite.h,suite,kPrSDKApplicationSettingsSuite
Headers\PrSDKApplicationSettingsSuite.h,suite,kPrSDKApplicationSettingsSuiteVersion
Headers\PrSDKApplicationSettingsSuite.h,suite,stringSuite
Headers\PrSDKApplicationSettingsSuite.h,api,PrSDKApplicationSettingsSuite
Headers\PrSDKApplicationSettingsSuite.h,api,PrSDKMALErrors
Headers\PrSDKApplicationSettingsSuite.h,api,PrSDKString
Headers\PrSDKApplicationSettingsSuite.h,api,PrSDKStringSuite
Headers\PrSDKAsyncFileReaderSuite.h,suite,PrSDKAsyncFileReaderSuite
Headers\PrSDKAsyncFileReaderSuite.h,suite,PrSDKStringSuite
Headers\PrSDKAsyncFileReaderSuite.h,suite,Suite
Headers\PrSDKAsyncFileReaderSuite.h,suite,kPrSDKAsyncFileReaderSuite
Headers\PrSDKAsyncFileReaderSuite.h,suite,kPrSDKAsyncFileReaderSuiteVersion
Headers\PrSDKAsyncFileReaderSuite.h,api,PrSDKAsyncFileHandle
Headers\PrSDKAsyncFileReaderSuite.h,api,PrSDKAsyncFileReaderSuite
Headers\PrSDKAsyncFileReaderSuite.h,api,PrSDKAsyncReadResult
Headers\PrSDKAsyncFileReaderSuite.h,api,PrSDKString
Headers\PrSDKAsyncFileReaderSuite.h,api,PrSDKStringSuite
Headers\PrSDKAsyncFileReaderSuite.h,api,PrSDKTypes
Headers\PrSDKAsyncImporter.h,suite,PrSDKTimeSuite
Headers\PrSDKAsyncImporter.h,api,PrSDKEntry
Headers\PrSDKAsyncImporter.h,api,PrSDKImporterShared
Headers\PrSDKAsyncImporter.h,api,PrSDKTimeSuite
Headers\PrSDKAsyncImporter.h,api,PrSDKTypes
Headers\PrSDKAsyncOperationSuite.h,suite,PrSDKAsyncOperationSuite
Headers\PrSDKAsyncOperationSuite.h,suite,PrSDKStringSuite
Headers\PrSDKAsyncOperationSuite.h,suite,Suite
Headers\PrSDKAsyncOperationSuite.h,suite,kPrSDKAsyncOperationSuite
Headers\PrSDKAsyncOperationSuite.h,suite,kPrSDKAsyncOperationSuiteVersion
Headers\PrSDKAsyncOperationSuite.h,api,PrSDKAsyncOperationID
Headers\PrSDKAsyncOperationSuite.h,api,PrSDKAsyncOperationSuite
Headers\PrSDKAsyncOperationSuite.h,api,PrSDKString
Headers\PrSDKAsyncOperationSuite.h,api,PrSDKStringSuite
Headers\PrSDKAsyncOperationSuite.h,api,PrSDKTypes
Headers\PrSDKAudioSuite.h,suite,PrSDKAudioSuite
Headers\PrSDKAudioSuite.h,suite,Suite
Headers\PrSDKAudioSuite.h,suite,kPrSDKAudioSuite
Headers\PrSDKAudioSuite.h,suite,kPrSDKAudioSuiteVersion
Headers\PrSDKAudioSuite.h,api,PrSDKAudioSuite
Headers\PrSDKAudioSuite.h,api,PrSDKMALErrors
Headers\PrSDKAudioSuite.h,api,PrSDKTypes
Headers\PrSDKCaptioningSuite.h,suite,PrSDKCaptioningSuite
Headers\PrSDKCaptioningSuite.h,suite,PrSDKTimeSuite
Headers\PrSDKCaptioningSuite.h,suite,Suite
Headers\PrSDKCaptioningSuite.h,suite,kPrSDKCaptioningSuite
Headers\PrSDKCaptioningSuite.h,suite,kPrSDKCaptioningSuiteVersion
Headers\PrSDKCaptioningSuite.h,api,PrSDKCaptioningSuite
Headers\PrSDKCaptioningSuite.h,api,PrSDKMALErrors
Headers\PrSDKCaptioningSuite.h,api,PrSDKString
Headers\PrSDKCaptioningSuite.h,api,PrSDKTimeSuite
Headers\PrSDKCaptioningSuite.h,api,PrSDKTypes
Headers\PrSDKCaptionStreamFormat.h,api,PrSDKTypes
Headers\PrSDKClassData.h,api,PrSDKTypes
Headers\PrSDKClipRenderSuite.h,suite,ClipRenderSuite
Headers\PrSDKClipRenderSuite.h,suite,PrSDKClipRenderSuite
Headers\PrSDKClipRenderSuite.h,suite,PrSDKTimeSuite
Headers\PrSDKClipRenderSuite.h,suite,Suite
Headers\PrSDKClipRenderSuite.h,suite,SupportsClipRenderSuite
Headers\PrSDKClipRenderSuite.h,suite,kPrSDKClipRenderSuite
Headers\PrSDKClipRenderSuite.h,suite,kPrSDKClipRenderSuiteVersion
Headers\PrSDKClipRenderSuite.h,api,PrSDKClipRenderSuite
Headers\PrSDKClipRenderSuite.h,api,PrSDKMALErrors
Headers\PrSDKClipRenderSuite.h,api,PrSDKPixelFormat
Headers\PrSDKClipRenderSuite.h,api,PrSDKPlugTimeline
Headers\PrSDKClipRenderSuite.h,api,PrSDKQuality
Headers\PrSDKClipRenderSuite.h,api,PrSDKRenderCacheType
Headers\PrSDKClipRenderSuite.h,api,PrSDKTimeSuite
Headers\PrSDKClipRenderSuite.h,api,PrSDKTypes
Headers\PrSDKColorManagementSuite.h,suite,PrSDKColorManagementSuite
Headers\PrSDKColorManagementSuite.h,suite,Suite
Headers\PrSDKColorManagementSuite.h,suite,kPrSDKColorManagementSuite
Headers\PrSDKColorManagementSuite.h,suite,kPrSDKColorManagementSuiteVersion
Headers\PrSDKColorManagementSuite.h,suite,kPrSDKColorManagementSuiteVersion1
Headers\PrSDKColorManagementSuite.h,api,PrSDKColorManagementSuite
Headers\PrSDKColorManagementSuite.h,api,PrSDKColorProfile
Headers\PrSDKColorManagementSuite.h,api,PrSDKColorSpaceID
Headers\PrSDKColorManagementSuite.h,api,PrSDKColorSpaceType
Headers\PrSDKColorManagementSuite.h,api,PrSDKColorSpaces
Headers\PrSDKColorManagementSuite.h,api,PrSDKMALErrors
Headers\PrSDKColorManagementSuite.h,api,PrSDKTypes
Headers\PrSDKColorProfile.h,api,PrSDKColorSEICodes
Headers\PrSDKColorProfile.h,api,PrSDKColorSpaceType
Headers\PrSDKColorProfile.h,api,PrSDKColorSpaces
Headers\PrSDKColorProfile.h,api,PrSDKString
Headers\PrSDKColorProfile.h,api,PrSDKTypes
Headers\PrSDKColorSEICodes.h,api,PrSDKTypes
Headers\PrSDKDataStreamTypes.h,api,PrSDKTypes
Headers\PrSDKDeferredProcessingSuite.h,suite,PrSDKDeferredProcessingSuite
Headers\PrSDKDeferredProcessingSuite.h,suite,Suite
Headers\PrSDKDeferredProcessingSuite.h,suite,kPrSDKDeferredProcessingSuite
Headers\PrSDKDeferredProcessingSuite.h,suite,kPrSDKDeferredProcessingSuiteVersion
Headers\PrSDKDeferredProcessingSuite.h,api,PrSDKDeferredProcessingSuite
Headers\PrSDKDeferredProcessingSuite.h,api,PrSDKMALErrors
Headers\PrSDKDeferredProcessingSuite.h,api,PrSDKTypes
Headers\PrSDKDevice.h,suite,ErrorSuite
Headers\PrSDKDevice.h,api,PrSDKEntry
Headers\PrSDKDevice.h,api,PrSDKPlugSuites
Headers\PrSDKDevice.h,api,PrSDKTypes
Headers\PrSDKEffect.h,api,PrSDKEntry
Headers\PrSDKEffect.h,api,PrSDKPlugSuites
Headers\PrSDKEffect.h,api,PrSDKStructs
Headers\PrSDKEffect.h,api,PrSDKTypes
Headers\PrSDKEntry.h,api,PrSDKTypes
Headers\PrSDKErrorSuite.h,suite,PrSDKErrorSuite
Headers\PrSDKErrorSuite.h,suite,PrSDKErrorSuite1
Headers\PrSDKErrorSuite.h,suite,PrSDKErrorSuite2
Headers\PrSDKErrorSuite.h,suite,PrSDKErrorSuite3
Headers\PrSDKErrorSuite.h,suite,Suite
Headers\PrSDKErrorSuite.h,suite,kPrSDKErrorSuite
Headers\PrSDKErrorSuite.h,suite,kPrSDKErrorSuiteVersion
Headers\PrSDKErrorSuite.h,suite,kPrSDKErrorSuiteVersion1
Headers\PrSDKErrorSuite.h,suite,kPrSDKErrorSuiteVersion2
Headers\PrSDKErrorSuite.h,suite,kPrSDKErrorSuiteVersion3
Headers\PrSDKErrorSuite.h,api,PrSDKErrorSuite
Headers\PrSDKErrorSuite.h,api,PrSDKErrorSuite1
Headers\PrSDKErrorSuite.h,api,PrSDKErrorSuite2
Headers\PrSDKErrorSuite.h,api,PrSDKErrorSuite3
Headers\PrSDKErrorSuite.h,api,PrSDKMALErrors
Headers\PrSDKErrorSuite.h,api,PrSDKTypes
Headers\PrSDKExport.h,suite,ExportParamSuite
Headers\PrSDKExport.h,suite,PrSDKAudioSuite
Headers\PrSDKExport.h,suite,PrSDKCaptioningSuite
Headers\PrSDKExport.h,suite,PrSDKErrorSuite
Headers\PrSDKExport.h,suite,PrSDKExportFileSuite
Headers\PrSDKExport.h,suite,PrSDKTimeSuite
Headers\PrSDKExport.h,suite,SPBasicSuite
Headers\PrSDKExport.h,suite,getSPBasicSuite
Headers\PrSDKExport.h,api,PrSDKAudioSuite
Headers\PrSDKExport.h,api,PrSDKCaptioningSuite
Headers\PrSDKExport.h,api,PrSDKColorProfile
Headers\PrSDKExport.h,api,PrSDKColorSpaceID
Headers\PrSDKExport.h,api,PrSDKEntry
Headers\PrSDKExport.h,api,PrSDKErrorSuite
Headers\PrSDKExport.h,api,PrSDKExportFileSuite
Headers\PrSDKExport.h,api,PrSDKLUTID
Headers\PrSDKExport.h,api,PrSDKPixelFormat
Headers\PrSDKExport.h,api,PrSDKQuality
Headers\PrSDKExport.h,api,PrSDKRenderCacheType
Headers\PrSDKExport.h,api,PrSDKString
Headers\PrSDKExport.h,api,PrSDKTimeSuite
Headers\PrSDKExport.h,api,PrSDKTypes
Headers\PrSDKExportAudioParamSuite.h,suite,PrSDKAudioSuite
Headers\PrSDKExportAudioParamSuite.h,suite,PrSDKExportAudioParamSuite
Headers\PrSDKExportAudioParamSuite.h,suite,Suite
Headers\PrSDKExportAudioParamSuite.h,suite,kPrSDKExportAudioParamSuite
Headers\PrSDKExportAudioParamSuite.h,suite,kPrSDKExportAudioParamSuiteVersion
Headers\PrSDKExportAudioParamSuite.h,api,PrSDKAudioSuite
Headers\PrSDKExportAudioParamSuite.h,api,PrSDKExport
Headers\PrSDKExportAudioParamSuite.h,api,PrSDKExportAudioParamSuite
Headers\PrSDKExportAudioParamSuite.h,api,PrSDKMALErrors
Headers\PrSDKExportAudioParamSuite.h,api,PrSDKString
Headers\PrSDKExportAudioParamSuite.h,api,PrSDKTypes
Headers\PrSDKExportController.h,suite,PrSDKErrorSuite
Headers\PrSDKExportController.h,suite,PrSDKExportControllerSuite
Headers\PrSDKExportController.h,suite,eExportControllerErrorReportedInSuite
Headers\PrSDKExportController.h,suite,kErrorReportedInSuite
Headers\PrSDKExportController.h,api,PrSDKEntry
Headers\PrSDKExportController.h,api,PrSDKErrorSuite
Headers\PrSDKExportController.h,api,PrSDKExportControllerSuite
Headers\PrSDKExportController.h,api,PrSDKPlugMemory
Headers\PrSDKExportController.h,api,PrSDKPlugSuites
Headers\PrSDKExportController.h,api,PrSDKTypes
Headers\PrSDKExportControllerSuite.h,suite,PrSDKExportControllerSuite
Headers\PrSDKExportControllerSuite.h,suite,Suite
Headers\PrSDKExportControllerSuite.h,suite,kPrSDKExportControllerSuite
Headers\PrSDKExportControllerSuite.h,suite,kPrSDKExportControllerSuiteVersion
Headers\PrSDKExportControllerSuite.h,api,PrSDKExportController
Headers\PrSDKExportControllerSuite.h,api,PrSDKExportControllerSuite
Headers\PrSDKExportControllerSuite.h,api,PrSDKMALErrors
Headers\PrSDKExportControllerSuite.h,api,PrSDKTypes
Headers\PrSDKExporterUtilitySuite.h,suite,PPixSuite
Headers\PrSDKExporterUtilitySuite.h,suite,PrSDKExporterUtilitySuite
Headers\PrSDKExporterUtilitySuite.h,suite,Suite
Headers\PrSDKExporterUtilitySuite.h,suite,kPrSDKExporterUtilitySuite
Headers\PrSDKExporterUtilitySuite.h,suite,kPrSDKExporterUtilitySuiteVersion
Headers\PrSDKExporterUtilitySuite.h,suite,kPrSDKExporterUtilitySuiteVersion1
Headers\PrSDKExporterUtilitySuite.h,api,PrSDKExport
Headers\PrSDKExporterUtilitySuite.h,api,PrSDKExporterUtilitySuite
Headers\PrSDKExporterUtilitySuite.h,api,PrSDKMALErrors
Headers\PrSDKExporterUtilitySuite.h,api,PrSDKMultipassExportLoopFrameCompletionFunction
Headers\PrSDKExporterUtilitySuite.h,api,PrSDKTypes
Headers\PrSDKExportFileSuite.h,suite,PrSDKExportFileSuite
Headers\PrSDKExportFileSuite.h,suite,Suite
Headers\PrSDKExportFileSuite.h,suite,kPrSDKExportFileSuite
Headers\PrSDKExportFileSuite.h,suite,kPrSDKExportFileSuiteVersion
Headers\PrSDKExportFileSuite.h,suite,kPrSDKExportFileSuiteVersion1
Headers\PrSDKExportFileSuite.h,suite,kPrSDKExportFileSuiteVersion2
Headers\PrSDKExportFileSuite.h,api,PrSDKExportFileSuite
Headers\PrSDKExportFileSuite.h,api,PrSDKMALErrors
Headers\PrSDKExportFileSuite.h,api,PrSDKTypes
Headers\PrSDKExportInfoSuite.h,suite,PrSDKExportInfoSuite
Headers\PrSDKExportInfoSuite.h,suite,Suite
Headers\PrSDKExportInfoSuite.h,suite,kPrSDKExportInfoSuite
Headers\PrSDKExportInfoSuite.h,suite,kPrSDKExportInfoSuiteVersion
Headers\PrSDKExportInfoSuite.h,api,PrSDKExport
Headers\PrSDKExportInfoSuite.h,api,PrSDKExportInfoSuite
Headers\PrSDKExportInfoSuite.h,api,PrSDKMALErrors
Headers\PrSDKExportInfoSuite.h,api,PrSDKPixelFormat
Headers\PrSDKExportInfoSuite.h,api,PrSDKTypes
Headers\PrSDKExportParamSuite.h,suite,PrSDKExportParamSuite
Headers\PrSDKExportParamSuite.h,suite,PrSDKStringSuite
Headers\PrSDKExportParamSuite.h,suite,PrSDKTimeSuite
Headers\PrSDKExportParamSuite.h,suite,Suite
Headers\PrSDKExportParamSuite.h,suite,kPrSDKExportParamSuite
Headers\PrSDKExportParamSuite.h,suite,kPrSDKExportParamSuiteVersion
Headers\PrSDKExportParamSuite.h,suite,kPrSDKExportParamSuiteVersion1
Headers\PrSDKExportParamSuite.h,suite,kPrSDKExportParamSuiteVersion2
Headers\PrSDKExportParamSuite.h,suite,kPrSDKExportParamSuiteVersion3
Headers\PrSDKExportParamSuite.h,suite,kPrSDKExportParamSuiteVersion4
Headers\PrSDKExportParamSuite.h,suite,kPrSDKExportParamSuiteVersion5
Headers\PrSDKExportParamSuite.h,suite,kPrSDKExportParamSuiteVersion6
Headers\PrSDKExportParamSuite.h,suite,kPrSDKExportParamSuiteVersion7
Headers\PrSDKExportParamSuite.h,api,PrSDKExport
Headers\PrSDKExportParamSuite.h,api,PrSDKExportParamSuite
Headers\PrSDKExportParamSuite.h,api,PrSDKMALErrors
Headers\PrSDKExportParamSuite.h,api,PrSDKString
Headers\PrSDKExportParamSuite.h,api,PrSDKStringSuite
Headers\PrSDKExportParamSuite.h,api,PrSDKTimeSuite
Headers\PrSDKExportParamSuite.h,api,PrSDKTypes
Headers\PrSDKExportProgressSuite.h,suite,PrSDKExportProgressSuite
Headers\PrSDKExportProgressSuite.h,suite,PrSDKExportProgressSuite1
Headers\PrSDKExportProgressSuite.h,suite,Suite
Headers\PrSDKExportProgressSuite.h,suite,kPrSDKExportProgressSuite
Headers\PrSDKExportProgressSuite.h,suite,kPrSDKExportProgressSuiteVersion
Headers\PrSDKExportProgressSuite.h,api,PrSDKExportProgressSuite
Headers\PrSDKExportProgressSuite.h,api,PrSDKExportProgressSuite1
Headers\PrSDKExportProgressSuite.h,api,PrSDKMALErrors
Headers\PrSDKExportProgressSuite.h,api,PrSDKTypes
Headers\PrSDKExportStdParamSuite.h,suite,PrSDKExportStdParamSuite
Headers\PrSDKExportStdParamSuite.h,suite,Suite
Headers\PrSDKExportStdParamSuite.h,suite,kPrExportStdParamSuite
Headers\PrSDKExportStdParamSuite.h,suite,kPrExportStdParamSuiteVersion
Headers\PrSDKExportStdParamSuite.h,api,PrSDKExportStdParamSuite
Headers\PrSDKExportStdParamSuite.h,api,PrSDKStdParamGroup
Headers\PrSDKExportStdParamSuite.h,api,PrSDKStdParamType
Headers\PrSDKFileRegistrationSuite.h,suite,PrSDKFileRegistrationSuite
Headers\PrSDKFileRegistrationSuite.h,suite,Suite
Headers\PrSDKFileRegistrationSuite.h,suite,kPrSDKFileRegistrationSuite
Headers\PrSDKFileRegistrationSuite.h,suite,kPrSDKFileRegistrationSuiteVersion
Headers\PrSDKFileRegistrationSuite.h,api,PrSDKFileRegistrationSuite
Headers\PrSDKFileRegistrationSuite.h,api,PrSDKMALErrors
Headers\PrSDKFileRegistrationSuite.h,api,PrSDKTypes
Headers\PrSDKFlashCueMarkerDataSuite.h,suite,PrMarkerSuite
Headers\PrSDKFlashCueMarkerDataSuite.h,suite,PrSDKFlashCueMarkerDataSuite
Headers\PrSDKFlashCueMarkerDataSuite.h,suite,PrSDKTimeSuite
Headers\PrSDKFlashCueMarkerDataSuite.h,suite,Suite
Headers\PrSDKFlashCueMarkerDataSuite.h,suite,kPrSDKFlashCueMarkerDataSuite
Headers\PrSDKFlashCueMarkerDataSuite.h,suite,kPrSDKFlashCueMarkerDataSuiteVersion
Headers\PrSDKFlashCueMarkerDataSuite.h,api,PrSDKFlashCueMarkerDataSuite
Headers\PrSDKFlashCueMarkerDataSuite.h,api,PrSDKMALErrors
Headers\PrSDKFlashCueMarkerDataSuite.h,api,PrSDKTimeSuite
Headers\PrSDKFlashCueMarkerDataSuite.h,api,PrSDKTypes
Headers\PrSDKGPUDeviceSuite.h,suite,PrSDKGPUDeviceSuite
Headers\PrSDKGPUDeviceSuite.h,suite,PrSDKPPix2Suite
Headers\PrSDKGPUDeviceSuite.h,suite,PrSDKPPixSuite
Headers\PrSDKGPUDeviceSuite.h,suite,Suite
Headers\PrSDKGPUDeviceSuite.h,suite,inSuiteVersion
Headers\PrSDKGPUDeviceSuite.h,suite,kPrSDKGPUDeviceSuite
Headers\PrSDKGPUDeviceSuite.h,suite,kPrSDKGPUDeviceSuiteVersion
Headers\PrSDKGPUDeviceSuite.h,api,PrSDKGPUDeviceSuite
Headers\PrSDKGPUDeviceSuite.h,api,PrSDKMALErrors
Headers\PrSDKGPUDeviceSuite.h,api,PrSDKPPix2Suite
Headers\PrSDKGPUDeviceSuite.h,api,PrSDKPPixSuite
Headers\PrSDKGPUDeviceSuite.h,api,PrSDKPixelFormat
Headers\PrSDKGPUDeviceSuite.h,api,PrSDKTypes
Headers\PrSDKGPUFilter.h,suite,PrSDKGPUDeviceSuite
Headers\PrSDKGPUFilter.h,suite,PrSDKTimeSuite
Headers\PrSDKGPUFilter.h,suite,PrSDKVideoSegmentSuite
Headers\PrSDKGPUFilter.h,api,PrSDKGPUDeviceSuite
Headers\PrSDKGPUFilter.h,api,PrSDKGPUFilterInterfaceVersion
Headers\PrSDKGPUFilter.h,api,PrSDKGPUFilterInterfaceVersion1
Headers\PrSDKGPUFilter.h,api,PrSDKGPUFilterInterfaceVersion2
Headers\PrSDKGPUFilter.h,api,PrSDKMALErrors
Headers\PrSDKGPUFilter.h,api,PrSDKPlayModule
Headers\PrSDKGPUFilter.h,api,PrSDKPlugSuites
Headers\PrSDKGPUFilter.h,api,PrSDKQuality
Headers\PrSDKGPUFilter.h,api,PrSDKString
Headers\PrSDKGPUFilter.h,api,PrSDKTimeSuite
Headers\PrSDKGPUFilter.h,api,PrSDKVideoSegmentSuite
Headers\PrSDKGPUImageProcessingSuite.h,suite,PrSDKGPUImageProcessingSuite
Headers\PrSDKGPUImageProcessingSuite.h,suite,Suite
Headers\PrSDKGPUImageProcessingSuite.h,suite,kPrSDKGPUImageProcessingSuite
Headers\PrSDKGPUImageProcessingSuite.h,suite,kPrSDKGPUImageProcessingSuiteVersion
Headers\PrSDKGPUImageProcessingSuite.h,api,PrSDKGPUImageProcessingSuite
Headers\PrSDKGPUImageProcessingSuite.h,api,PrSDKMALErrors
Headers\PrSDKGPUImageProcessingSuite.h,api,PrSDKPixelFormat
Headers\PrSDKGPUImageProcessingSuite.h,api,PrSDKQuality
Headers\PrSDKGPUImageProcessingSuite.h,api,PrSDKTypes
Headers\PrSDKImageProcessingSuite.h,suite,PrSDKImageProcessingSuite
Headers\PrSDKImageProcessingSuite.h,suite,Suite
Headers\PrSDKImageProcessingSuite.h,suite,kPrSDKImageProcessingSuite
Headers\PrSDKImageProcessingSuite.h,suite,kPrSDKImageProcessingSuiteVersion
Headers\PrSDKImageProcessingSuite.h,suite,kPrSDKImageProcessingSuiteVersion1
Headers\PrSDKImageProcessingSuite.h,suite,kPrSDKImageProcessingSuiteVersion2
Headers\PrSDKImageProcessingSuite.h,api,PrSDKImageProcessingSuite
Headers\PrSDKImageProcessingSuite.h,api,PrSDKMALErrors
Headers\PrSDKImageProcessingSuite.h,api,PrSDKPixelFormat
Headers\PrSDKImageProcessingSuite.h,api,PrSDKQuality
Headers\PrSDKImageProcessingSuite.h,api,PrSDKTypes
Headers\PrSDKImmersiveVideoTypes.h,api,PrSDKTypes
Headers\PrSDKImport.h,suite,PrSDKAudioSuite
Headers\PrSDKImport.h,suite,PrSDKRollCrawlSuite
Headers\PrSDKImport.h,suite,PrSDKStringSuite
Headers\PrSDKImport.h,suite,PrSDKTimeSuite
Headers\PrSDKImport.h,api,PrSDKAlphaType
Headers\PrSDKImport.h,api,PrSDKAlphaTypes
Headers\PrSDKImport.h,api,PrSDKAsyncImporter
Headers\PrSDKImport.h,api,PrSDKAudioSuite
Headers\PrSDKImport.h,api,PrSDKClassData
Headers\PrSDKImport.h,api,PrSDKColorProfile
Headers\PrSDKImport.h,api,PrSDKDataStreamTypes
Headers\PrSDKImport.h,api,PrSDKEntry
Headers\PrSDKImport.h,api,PrSDKImmersiveVideoTypes
Headers\PrSDKImport.h,api,PrSDKImporterShared
Headers\PrSDKImport.h,api,PrSDKPlugSuites
Headers\PrSDKImport.h,api,PrSDKRollCrawlSuite
Headers\PrSDKImport.h,api,PrSDKStreamLabel
Headers\PrSDKImport.h,api,PrSDKString
Headers\PrSDKImport.h,api,PrSDKStringSuite
Headers\PrSDKImport.h,api,PrSDKStrings
Headers\PrSDKImport.h,api,PrSDKStructs
Headers\PrSDKImport.h,api,PrSDKTimeSuite
Headers\PrSDKImport.h,api,PrSDKTypes
Headers\PrSDKImporterFileManagerSuite.h,suite,PrSDKImporterFileManagerSuite
Headers\PrSDKImporterFileManagerSuite.h,suite,Suite
Headers\PrSDKImporterFileManagerSuite.h,suite,kPrSDKImporterFileManagerSuite
Headers\PrSDKImporterFileManagerSuite.h,suite,kPrSDKImporterFileManagerSuiteVersion
Headers\PrSDKImporterFileManagerSuite.h,api,PrSDKImporterFileManagerSuite
Headers\PrSDKImporterFileManagerSuite.h,api,PrSDKMALErrors
Headers\PrSDKImporterFileManagerSuite.h,api,PrSDKTypes
Headers\PrSDKImporterShared.h,suite,PrSDKTimeSuite
Headers\PrSDKImporterShared.h,api,PrSDKColorSpaceID
Headers\PrSDKImporterShared.h,api,PrSDKColorSpaces
Headers\PrSDKImporterShared.h,api,PrSDKPixelFormat
Headers\PrSDKImporterShared.h,api,PrSDKQuality
Headers\PrSDKImporterShared.h,api,PrSDKString
Headers\PrSDKImporterShared.h,api,PrSDKTimeSuite
Headers\PrSDKImporterShared.h,api,PrSDKTypes
Headers\PrSDKLegacySuite.h,suite,PrSDKLegacySuite
Headers\PrSDKLegacySuite.h,suite,PrSDKLegacySuite2
Headers\PrSDKLegacySuite.h,suite,PrSDKTimeSuite
Headers\PrSDKLegacySuite.h,suite,Suite
Headers\PrSDKLegacySuite.h,suite,kPrSDKLegacySuite
Headers\PrSDKLegacySuite.h,suite,kPrSDKLegacySuiteVersion
Headers\PrSDKLegacySuite.h,suite,kPrSDKLegacySuiteVersion2
Headers\PrSDKLegacySuite.h,api,PrSDKLegacySuite
Headers\PrSDKLegacySuite.h,api,PrSDKLegacySuite2
Headers\PrSDKLegacySuite.h,api,PrSDKTimeSuite
Headers\PrSDKLegacySuite.h,api,PrSDKTypes
Headers\PrSDKMALErrors.h,suite,FileSuite
Headers\PrSDKMALErrors.h,suite,LegacySuite
Headers\PrSDKMALErrors.h,suite,MediaAcceleratorSuite
Headers\PrSDKMALErrors.h,suite,PlayModuleAudioSuite
Headers\PrSDKMALErrors.h,suite,PlayModuleDeviceControlSuite
Headers\PrSDKMALErrors.h,suite,PrSDKCaptioningSuite
Headers\PrSDKMALErrors.h,suite,PrSDKStringSuite
Headers\PrSDKMALErrors.h,suite,PrSDKThreadedWorkSuite
Headers\PrSDKMALErrors.h,suite,PrSDKVideoSegmentSuite
Headers\PrSDKMALErrors.h,suite,RenderSuite
Headers\PrSDKMALErrors.h,suite,Suite
Headers\PrSDKMALErrors.h,suite,TimeSuite
Headers\PrSDKMALErrors.h,api,PrSDKCaptioningSuite
Headers\PrSDKMALErrors.h,api,PrSDKStringSuite
Headers\PrSDKMALErrors.h,api,PrSDKThreadedWorkSuite
Headers\PrSDKMALErrors.h,api,PrSDKTypes
Headers\PrSDKMALErrors.h,api,PrSDKVideoSegmentSuite
Headers\PrSDKMarkerSuite.h,suite,PrSDKFlashCueMarkerDataSuite
Headers\PrSDKMarkerSuite.h,suite,PrSDKMarkerSuite
Headers\PrSDKMarkerSuite.h,suite,PrSDKTimeSuite
Headers\PrSDKMarkerSuite.h,suite,Suite
Headers\PrSDKMarkerSuite.h,suite,kMarkerSuiteType_FlashVideoCue
Headers\PrSDKMarkerSuite.h,suite,kPrSDKMarkerSuite
Headers\PrSDKMarkerSuite.h,suite,kPrSDKMarkerSuiteVersion
Headers\PrSDKMarkerSuite.h,suite,kPrSDKMarkerSuiteVersionV1
Headers\PrSDKMarkerSuite.h,suite,kPrSDKMarkerSuiteVersionV2
Headers\PrSDKMarkerSuite.h,api,PrSDKFlashCueMarkerDataSuite
Headers\PrSDKMarkerSuite.h,api,PrSDKMALErrors
Headers\PrSDKMarkerSuite.h,api,PrSDKMarkerSuite
Headers\PrSDKMarkerSuite.h,api,PrSDKTimeSuite
Headers\PrSDKMarkerSuite.h,api,PrSDKTypes
Headers\PrSDKMediaAcceleratorSuite.h,suite,PrSDKMediaAcceleratorSuite
Headers\PrSDKMediaAcceleratorSuite.h,suite,Suite
Headers\PrSDKMediaAcceleratorSuite.h,suite,kPrSDKMediaAcceleratorSuite
Headers\PrSDKMediaAcceleratorSuite.h,suite,kPrSDKMediaAcceleratorSuiteVersion
Headers\PrSDKMediaAcceleratorSuite.h,suite,kPrSDKMediaAcceleratorSuiteVersion3
Headers\PrSDKMediaAcceleratorSuite.h,suite,kPrSDKMediaAcceleratorSuiteVersion4
Headers\PrSDKMediaAcceleratorSuite.h,api,PrSDKMALErrors
Headers\PrSDKMediaAcceleratorSuite.h,api,PrSDKMediaAcceleratorSuite
Headers\PrSDKMediaAcceleratorSuite.h,api,PrSDKPixelFormat
Headers\PrSDKMediaAcceleratorSuite.h,api,PrSDKTypes
Headers\PrSDKMemoryManagerSuite.h,suite,PrSDKMemoryManagerSuite
Headers\PrSDKMemoryManagerSuite.h,suite,Suite
Headers\PrSDKMemoryManagerSuite.h,suite,kPrSDKMemoryManagerSuite
Headers\PrSDKMemoryManagerSuite.h,suite,kPrSDKMemoryManagerSuiteVersion
Headers\PrSDKMemoryManagerSuite.h,suite,kPrSDKMemoryManagerSuiteVersion1
Headers\PrSDKMemoryManagerSuite.h,suite,kPrSDKMemoryManagerSuiteVersion2
Headers\PrSDKMemoryManagerSuite.h,suite,kPrSDKMemoryManagerSuiteVersion3
Headers\PrSDKMemoryManagerSuite.h,suite,kPrSDKMemoryManagerSuiteVersion4
Headers\PrSDKMemoryManagerSuite.h,api,PrSDKMALErrors
Headers\PrSDKMemoryManagerSuite.h,api,PrSDKMemoryManagerSuite
Headers\PrSDKMemoryManagerSuite.h,api,PrSDKMemoryManagerSuiteV1
Headers\PrSDKMemoryManagerSuite.h,api,PrSDKMemoryManagerSuiteV2
Headers\PrSDKMemoryManagerSuite.h,api,PrSDKMemoryManagerSuite_PurgeMemoryFunction
Headers\PrSDKMemoryManagerSuite.h,api,PrSDKPixelFormat
Headers\PrSDKMemoryManagerSuite.h,api,PrSDKTypes
Headers\PrSDKOpaqueEffectDataSuite.h,suite,PrSDKOpaqueEffectDataSuite
Headers\PrSDKOpaqueEffectDataSuite.h,suite,Suite
Headers\PrSDKOpaqueEffectDataSuite.h,suite,kPrSDKOpaqueEffectDataSuite
Headers\PrSDKOpaqueEffectDataSuite.h,suite,kPrSDKOpaqueEffectDataSuiteVersion
Headers\PrSDKOpaqueEffectDataSuite.h,suite,kPrSDKOpaqueEffectDataSuiteVersion2
Headers\PrSDKOpaqueEffectDataSuite.h,suite,opaqueEffectDataSuite
Headers\PrSDKOpaqueEffectDataSuite.h,api,PrSDKOpaqueEffectDataSuite
Headers\PrSDKOpaqueEffectDataSuite.h,api,PrSDKTypes
Headers\PrSDKPaletteSuite.h,suite,PrSDKPaletteSuite
Headers\PrSDKPaletteSuite.h,suite,Suite
Headers\PrSDKPaletteSuite.h,suite,kPrSDKPaletteSuite
Headers\PrSDKPaletteSuite.h,suite,kPrSDKPaletteSuiteVersion
Headers\PrSDKPaletteSuite.h,api,PrSDKMALErrors
Headers\PrSDKPaletteSuite.h,api,PrSDKPaletteSuite
Headers\PrSDKPaletteSuite.h,api,PrSDKTypes
Headers\PrSDKPiPL.r,suite,Suite
Headers\PrSDKPiPL.r,api,PF_OutFlag_CUSTOM_NTRP
Headers\PrSDKPiPL.r,api,PF_OutFlag_CUSTOM_UI
Headers\PrSDKPiPL.r,api,PF_OutFlag_DISPLAY_ERROR_MESSAGE
Headers\PrSDKPiPL.r,api,PF_OutFlag_I_AM_OBSOLETE
Headers\PrSDKPiPL.r,api,PF_OutFlag_I_DO_DIALOG
Headers\PrSDKPiPL.r,api,PF_OutFlag_I_EXPAND_BUFFER
Headers\PrSDKPiPL.r,api,PF_OutFlag_I_SHRINK_BUFFER
Headers\PrSDKPiPL.r,api,PF_OutFlag_I_USE_AUDIO
Headers\PrSDKPiPL.r,api,PF_OutFlag_I_USE_SHUTTER_ANGLE
Headers\PrSDKPiPL.r,api,PF_OutFlag_I_WRITE_INPUT_BUFFER
Headers\PrSDKPiPL.r,api,PF_OutFlag_KEEP_RESOURCE_OPEN
Headers\PrSDKPiPL.r,api,PF_OutFlag_NON_PARAM_VARY
Headers\PrSDKPiPL.r,api,PF_OutFlag_NOP_RENDER
Headers\PrSDKPiPL.r,api,PF_OutFlag_PIX_INDEPENDENT
Headers\PrSDKPiPL.r,api,PF_OutFlag_REFRESH_UI
Headers\PrSDKPiPL.r,api,PF_OutFlag_RESERVED1
Headers\PrSDKPiPL.r,api,PF_OutFlag_RESERVED2
Headers\PrSDKPiPL.r,api,PF_OutFlag_RESERVED3
Headers\PrSDKPiPL.r,api,PF_OutFlag_RESERVED4
Headers\PrSDKPiPL.r,api,PF_OutFlag_SEND_DO_DIALOG
Headers\PrSDKPiPL.r,api,PF_OutFlag_SEND_PARAMS_UPDATE
Headers\PrSDKPiPL.r,api,PF_OutFlag_SEQUENCE_DATA_NEEDS_FLATTENING
Headers\PrSDKPiPL.r,api,PF_OutFlag_SQUARE_PIX_ONLY
Headers\PrSDKPiPL.r,api,PF_OutFlag_USE_OUTPUT_EXTENT
Headers\PrSDKPiPL.r,api,PF_OutFlag_WIDE_TIME_INPUT
Headers\PrSDKPiPL.r,api,PF_OutFlag_WORKS_IN_PLACE
Headers\PrSDKPiPLVer.h,api,PrSDKTypes
Headers\PrSDKPixelFormat.h,api,PrSDKTypes
Headers\PrSDKPixelFormatSuite.h,suite,PrSDKPixelFormatSuite
Headers\PrSDKPixelFormatSuite.h,suite,Suite
Headers\PrSDKPixelFormatSuite.h,suite,kPrSDKPixelFormatSuite
Headers\PrSDKPixelFormatSuite.h,suite,kPrSDKPixelFormatSuiteVersion
Headers\PrSDKPixelFormatSuite.h,api,PrSDKMALErrors
Headers\PrSDKPixelFormatSuite.h,api,PrSDKPixelFormat
Headers\PrSDKPixelFormatSuite.h,api,PrSDKPixelFormatSuite
Headers\PrSDKPixelFormatSuite.h,api,PrSDKTypes
Headers\PrSDKPlayModule.h,suite,PlayModuleAudioSuite
Headers\PrSDKPlayModule.h,suite,PrSDKAudioSuite
Headers\PrSDKPlayModule.h,suite,PrSDKImmersiveVideoSuite
Headers\PrSDKPlayModule.h,suite,PrSDKPlayModuleDeviceControlSuite
Headers\PrSDKPlayModule.h,suite,PrSDKPlayModuleOverlaySuite
Headers\PrSDKPlayModule.h,suite,PrSDKTimeSuite
Headers\PrSDKPlayModule.h,api,PrSDKActivationEvent
Headers\PrSDKPlayModule.h,api,PrSDKAudioSuite
Headers\PrSDKPlayModule.h,api,PrSDKCaptionStreamFormat
Headers\PrSDKPlayModule.h,api,PrSDKClassData
Headers\PrSDKPlayModule.h,api,PrSDKEntry
Headers\PrSDKPlayModule.h,api,PrSDKImmersiveVideoSuite
Headers\PrSDKPlayModule.h,api,PrSDKImmersiveVideoTypes
Headers\PrSDKPlayModule.h,api,PrSDKPixelFormat
Headers\PrSDKPlayModule.h,api,PrSDKPlayModuleDeviceControlSuite
Headers\PrSDKPlayModule.h,api,PrSDKPlayModuleOverlaySuite
Headers\PrSDKPlayModule.h,api,PrSDKPlugSuites
Headers\PrSDKPlayModule.h,api,PrSDKQuality
Headers\PrSDKPlayModule.h,api,PrSDKTimeSuite
Headers\PrSDKPlayModule.h,api,PrSDKTypes
Headers\PrSDKPlayModuleAudioSuite.h,suite,PrSDKAudioSuite
Headers\PrSDKPlayModuleAudioSuite.h,suite,PrSDKPlayModuleAudioSuite
Headers\PrSDKPlayModuleAudioSuite.h,suite,PrSDKPlayModuleAudioSuiteVersion1
Headers\PrSDKPlayModuleAudioSuite.h,suite,PrSDKTimeSuite
Headers\PrSDKPlayModuleAudioSuite.h,suite,Suite
Headers\PrSDKPlayModuleAudioSuite.h,suite,kPrSDKPlayModuleAudioSuite
Headers\PrSDKPlayModuleAudioSuite.h,suite,kPrSDKPlayModuleAudioSuiteVersion
Headers\PrSDKPlayModuleAudioSuite.h,api,PrSDKAudioSuite
Headers\PrSDKPlayModuleAudioSuite.h,api,PrSDKMALErrors
Headers\PrSDKPlayModuleAudioSuite.h,api,PrSDKPlayModuleAudioSuite
Headers\PrSDKPlayModuleAudioSuite.h,api,PrSDKPlayModuleAudioSuiteVersion1
Headers\PrSDKPlayModuleAudioSuite.h,api,PrSDKTimeSuite
Headers\PrSDKPlayModuleAudioSuite.h,api,PrSDKTypes
Headers\PrSDKPlayModuleDeviceControlSuite.h,suite,PrSDKPlayModuleDeviceControlSuite
Headers\PrSDKPlayModuleDeviceControlSuite.h,suite,Suite
Headers\PrSDKPlayModuleDeviceControlSuite.h,suite,kPrSDKPlayModuleDeviceControlSuite
Headers\PrSDKPlayModuleDeviceControlSuite.h,suite,kPrSDKPlayModuleDeviceControlSuiteVersion
Headers\PrSDKPlayModuleDeviceControlSuite.h,api,PrSDKMALErrors
Headers\PrSDKPlayModuleDeviceControlSuite.h,api,PrSDKPlayModuleDeviceControlSuite
Headers\PrSDKPlayModuleDeviceControlSuite.h,api,PrSDKTypes
Headers\PrSDKPlayModuleImmersiveVideoSuite.h,suite,PrSDKPlayModuleImmersiveVideoSuite
Headers\PrSDKPlayModuleImmersiveVideoSuite.h,suite,Suite
Headers\PrSDKPlayModuleImmersiveVideoSuite.h,suite,kPrSDKPlayModuleImmersiveVideoSuite
Headers\PrSDKPlayModuleImmersiveVideoSuite.h,suite,kPrSDKPlayModuleImmersiveVideoSuiteVersion
Headers\PrSDKPlayModuleImmersiveVideoSuite.h,api,PrSDKMALErrors
Headers\PrSDKPlayModuleImmersiveVideoSuite.h,api,PrSDKPlayModule
Headers\PrSDKPlayModuleImmersiveVideoSuite.h,api,PrSDKPlayModuleImmersiveVideoSuite
Headers\PrSDKPlayModuleImmersiveVideoSuite.h,api,PrSDKTypes
Headers\PrSDKPlayModuleOverlaySuite.h,suite,PrSDKPlayModuleOverlaySuite
Headers\PrSDKPlayModuleOverlaySuite.h,suite,Suite
Headers\PrSDKPlayModuleOverlaySuite.h,suite,kPrSDKPlayModuleOverlaySuite
Headers\PrSDKPlayModuleOverlaySuite.h,suite,kPrSDKPlayModuleOverlaySuiteVersion
Headers\PrSDKPlayModuleOverlaySuite.h,suite,kPrSDKPlayModuleOverlaySuiteVersion3
Headers\PrSDKPlayModuleOverlaySuite.h,suite,kPrSDKPlayModuleOverlaySuiteVersion4
Headers\PrSDKPlayModuleOverlaySuite.h,api,PrSDKMALErrors
Headers\PrSDKPlayModuleOverlaySuite.h,api,PrSDKPlayModule
Headers\PrSDKPlayModuleOverlaySuite.h,api,PrSDKPlayModuleOverlaySuite
Headers\PrSDKPlayModuleOverlaySuite.h,api,PrSDKTypes
Headers\PrSDKPlugMemory.h,api,PrSDKTypes
Headers\PrSDKPlugPPix.h,api,PrSDKPixelFormat
Headers\PrSDKPlugPPix.h,api,PrSDKTypes
Headers\PrSDKPlugSuites.h,api,PrSDKPlugMemory
Headers\PrSDKPlugSuites.h,api,PrSDKPlugPPix
Headers\PrSDKPlugSuites.h,api,PrSDKPlugTimeline
Headers\PrSDKPlugSuites.h,api,PrSDKPlugUtilities
Headers\PrSDKPlugSuites.h,api,PrSDKPlugWindow
Headers\PrSDKPlugSuites.h,api,PrSDKTypes
Headers\PrSDKPlugTimeline.h,api,PrSDKPixelFormat
Headers\PrSDKPlugTimeline.h,api,PrSDKTypes
Headers\PrSDKPlugUtilities.h,suite,SPBasicSuite
Headers\PrSDKPlugUtilities.h,suite,getSPBasicSuite
Headers\PrSDKPlugUtilities.h,api,PrSDKTypes
Headers\PrSDKPlugWindow.h,api,PrSDKTypes
Headers\PrSDKPPix2Suite.h,suite,PrSDKPPix2Suite
Headers\PrSDKPPix2Suite.h,suite,PrSDKPPixSuite
Headers\PrSDKPPix2Suite.h,suite,Suite
Headers\PrSDKPPix2Suite.h,suite,VideoSegmentRenderSuite
Headers\PrSDKPPix2Suite.h,suite,kPrSDKPPix2Suite
Headers\PrSDKPPix2Suite.h,suite,kPrSDKPPix2SuiteVersion
Headers\PrSDKPPix2Suite.h,suite,kPrSDKPPix2SuiteVersion1
Headers\PrSDKPPix2Suite.h,suite,kPrSDKPPix2SuiteVersion2
Headers\PrSDKPPix2Suite.h,suite,kPrSDKPPix2SuiteVersion3
Headers\PrSDKPPix2Suite.h,api,PrSDKMALErrors
Headers\PrSDKPPix2Suite.h,api,PrSDKPPix2Suite
Headers\PrSDKPPix2Suite.h,api,PrSDKPPixSuite
Headers\PrSDKPPix2Suite.h,api,PrSDKPixelFormat
Headers\PrSDKPPix2Suite.h,api,PrSDKTypes
Headers\PrSDKPPixCacheSuite.h,suite,PrSDKPPixCacheSuite
Headers\PrSDKPPixCacheSuite.h,suite,PrSDKPPixCacheSuite1
Headers\PrSDKPPixCacheSuite.h,suite,Suite
Headers\PrSDKPPixCacheSuite.h,suite,kPrSDKPPixCacheSuite
Headers\PrSDKPPixCacheSuite.h,suite,kPrSDKPPixCacheSuiteVersion
Headers\PrSDKPPixCacheSuite.h,suite,kPrSDKPPixCacheSuiteVersion1
Headers\PrSDKPPixCacheSuite.h,suite,kPrSDKPPixCacheSuiteVersion2
Headers\PrSDKPPixCacheSuite.h,suite,kPrSDKPPixCacheSuiteVersion3
Headers\PrSDKPPixCacheSuite.h,suite,kPrSDKPPixCacheSuiteVersion4
Headers\PrSDKPPixCacheSuite.h,suite,kPrSDKPPixCacheSuiteVersion5
Headers\PrSDKPPixCacheSuite.h,suite,kPrSDKPPixCacheSuiteVersion6
Headers\PrSDKPPixCacheSuite.h,suite,kPrSDKPPixCacheSuiteVersion7
Headers\PrSDKPPixCacheSuite.h,suite,kPrSDKPPixCacheSuiteVersion8
Headers\PrSDKPPixCacheSuite.h,api,PrSDKColorSpaceID
Headers\PrSDKPPixCacheSuite.h,api,PrSDKImporterShared
Headers\PrSDKPPixCacheSuite.h,api,PrSDKMALErrors
Headers\PrSDKPPixCacheSuite.h,api,PrSDKPPixCacheSuite
Headers\PrSDKPPixCacheSuite.h,api,PrSDKPPixCacheSuite1
Headers\PrSDKPPixCacheSuite.h,api,PrSDKPixelFormat
Headers\PrSDKPPixCacheSuite.h,api,PrSDKString
Headers\PrSDKPPixCacheSuite.h,api,PrSDKTypes
Headers\PrSDKPPixCreator2Suite.h,suite,PrSDKPPixCreator2Suite
Headers\PrSDKPPixCreator2Suite.h,suite,PrSDKPPixSuite
Headers\PrSDKPPixCreator2Suite.h,suite,Suite
Headers\PrSDKPPixCreator2Suite.h,suite,kPrSDKPPixCreator2Suite
Headers\PrSDKPPixCreator2Suite.h,suite,kPrSDKPPixCreator2SuiteVersion
Headers\PrSDKPPixCreator2Suite.h,suite,kPrSDKPPixCreator2SuiteVersion1
Headers\PrSDKPPixCreator2Suite.h,suite,kPrSDKPPixCreator2SuiteVersion2
Headers\PrSDKPPixCreator2Suite.h,suite,kPrSDKPPixCreator2SuiteVersion3
Headers\PrSDKPPixCreator2Suite.h,suite,kPrSDKPPixCreator2SuiteVersion4
Headers\PrSDKPPixCreator2Suite.h,api,PrSDKColorSpaceID
Headers\PrSDKPPixCreator2Suite.h,api,PrSDKMALErrors
Headers\PrSDKPPixCreator2Suite.h,api,PrSDKPPixCreator2Suite
Headers\PrSDKPPixCreator2Suite.h,api,PrSDKPPixSuite
Headers\PrSDKPPixCreator2Suite.h,api,PrSDKPixelFormat
Headers\PrSDKPPixCreator2Suite.h,api,PrSDKTypes
Headers\PrSDKPPixCreatorSuite.h,suite,PrSDKPPixCreatorSuite
Headers\PrSDKPPixCreatorSuite.h,suite,PrSDKPPixSuite
Headers\PrSDKPPixCreatorSuite.h,suite,Suite
Headers\PrSDKPPixCreatorSuite.h,suite,kPrSDKPPixCreatorSuite
Headers\PrSDKPPixCreatorSuite.h,suite,kPrSDKPPixCreatorSuiteVersion
Headers\PrSDKPPixCreatorSuite.h,api,PrSDKMALErrors
Headers\PrSDKPPixCreatorSuite.h,api,PrSDKPPixCreatorSuite
Headers\PrSDKPPixCreatorSuite.h,api,PrSDKPPixSuite
Headers\PrSDKPPixCreatorSuite.h,api,PrSDKPixelFormat
Headers\PrSDKPPixCreatorSuite.h,api,PrSDKTypes
Headers\PrSDKPPixSuite.h,suite,PrSDKPPixSuite
Headers\PrSDKPPixSuite.h,suite,Suite
Headers\PrSDKPPixSuite.h,suite,kPrSDKPPixSuite
Headers\PrSDKPPixSuite.h,suite,kPrSDKPPixSuiteVersion
Headers\PrSDKPPixSuite.h,api,PrSDKMALErrors
Headers\PrSDKPPixSuite.h,api,PrSDKPPixSuite
Headers\PrSDKPPixSuite.h,api,PrSDKPixelFormat
Headers\PrSDKPPixSuite.h,api,PrSDKQuality
Headers\PrSDKPPixSuite.h,api,PrSDKTypes
Headers\PrSDKQuality.h,api,PrSDKTypes
Headers\PrSDKRecordModule.h,suite,ErrorSuite
Headers\PrSDKRecordModule.h,suite,PrSDKAudioSuite
Headers\PrSDKRecordModule.h,api,PrSDKAudioSuite
Headers\PrSDKRecordModule.h,api,PrSDKClassData
Headers\PrSDKRecordModule.h,api,PrSDKEntry
Headers\PrSDKRecordModule.h,api,PrSDKMALErrors
Headers\PrSDKRecordModule.h,api,PrSDKPlugMemory
Headers\PrSDKRecordModule.h,api,PrSDKPlugSuites
Headers\PrSDKRecordModule.h,api,PrSDKRecordModule
Headers\PrSDKRecordModule.h,api,PrSDKStructs
Headers\PrSDKRecordModule.h,api,PrSDKTypes
Headers\PrSDKRollCrawlSuite.h,suite,PrSDKRollCrawlSuite
Headers\PrSDKRollCrawlSuite.h,suite,PrSDKTimeSuite
Headers\PrSDKRollCrawlSuite.h,suite,Suite
Headers\PrSDKRollCrawlSuite.h,suite,kPrSDKRollCrawlSuite
Headers\PrSDKRollCrawlSuite.h,suite,kPrSDKRollCrawlSuiteVersion
Headers\PrSDKRollCrawlSuite.h,api,PrSDKMALErrors
Headers\PrSDKRollCrawlSuite.h,api,PrSDKPixelFormat
Headers\PrSDKRollCrawlSuite.h,api,PrSDKQuality
Headers\PrSDKRollCrawlSuite.h,api,PrSDKRollCrawlSuite
Headers\PrSDKRollCrawlSuite.h,api,PrSDKTimeSuite
Headers\PrSDKRollCrawlSuite.h,api,PrSDKTypes
Headers\PrSDKSequenceAudioSuite.h,suite,PrSDKAudioSuite
Headers\PrSDKSequenceAudioSuite.h,suite,PrSDKSequenceAudioSuite
Headers\PrSDKSequenceAudioSuite.h,suite,PrSDKSequenceAudioSuite1
Headers\PrSDKSequenceAudioSuite.h,suite,PrSDKSequenceAudioSuite2
Headers\PrSDKSequenceAudioSuite.h,suite,PrSDKSequenceAudioSuite3
Headers\PrSDKSequenceAudioSuite.h,suite,PrSDKTimeSuite
Headers\PrSDKSequenceAudioSuite.h,suite,Suite
Headers\PrSDKSequenceAudioSuite.h,suite,kPrSDKSequenceAudioSuite
Headers\PrSDKSequenceAudioSuite.h,suite,kPrSDKSequenceAudioSuiteVersion
Headers\PrSDKSequenceAudioSuite.h,suite,kPrSDKSequenceAudioSuiteVersion1
Headers\PrSDKSequenceAudioSuite.h,suite,kPrSDKSequenceAudioSuiteVersion2
Headers\PrSDKSequenceAudioSuite.h,suite,kPrSDKSequenceAudioSuiteVersion3
Headers\PrSDKSequenceAudioSuite.h,api,PrSDKAudioSuite
Headers\PrSDKSequenceAudioSuite.h,api,PrSDKMALErrors
Headers\PrSDKSequenceAudioSuite.h,api,PrSDKQuality
Headers\PrSDKSequenceAudioSuite.h,api,PrSDKSequenceAudioSuite
Headers\PrSDKSequenceAudioSuite.h,api,PrSDKSequenceAudioSuite1
Headers\PrSDKSequenceAudioSuite.h,api,PrSDKSequenceAudioSuite2
Headers\PrSDKSequenceAudioSuite.h,api,PrSDKSequenceAudioSuite3
Headers\PrSDKSequenceAudioSuite.h,api,PrSDKTimeSuite
Headers\PrSDKSequenceAudioSuite.h,api,PrSDKTypes
Headers\PrSDKSequenceInfoSuite.h,suite,PrSDKSequenceInfoSuite
Headers\PrSDKSequenceInfoSuite.h,suite,PrSDKTimeSuite
Headers\PrSDKSequenceInfoSuite.h,suite,Suite
Headers\PrSDKSequenceInfoSuite.h,suite,kPrSDKSequenceInfoSuite
Headers\PrSDKSequenceInfoSuite.h,suite,kPrSDKSequenceInfoSuiteVersion
Headers\PrSDKSequenceInfoSuite.h,api,PrSDKColorSpaceID
Headers\PrSDKSequenceInfoSuite.h,api,PrSDKImmersiveVideoTypes
Headers\PrSDKSequenceInfoSuite.h,api,PrSDKMALErrors
Headers\PrSDKSequenceInfoSuite.h,api,PrSDKSequenceInfoSuite
Headers\PrSDKSequenceInfoSuite.h,api,PrSDKTimeSuite
Headers\PrSDKSequenceInfoSuite.h,api,PrSDKTypes
Headers\PrSDKSequenceRenderSuite.h,suite,PrSDKSequenceRenderSuite
Headers\PrSDKSequenceRenderSuite.h,suite,PrSDKTimeSuite
Headers\PrSDKSequenceRenderSuite.h,suite,Suite
Headers\PrSDKSequenceRenderSuite.h,suite,kPrSDKSequenceRenderSuite
Headers\PrSDKSequenceRenderSuite.h,suite,kPrSDKSequenceRenderSuiteVersion
Headers\PrSDKSequenceRenderSuite.h,suite,kPrSDKSequenceRenderSuiteVersion1
Headers\PrSDKSequenceRenderSuite.h,suite,kPrSDKSequenceRenderSuiteVersion2
Headers\PrSDKSequenceRenderSuite.h,suite,kPrSDKSequenceRenderSuiteVersion3
Headers\PrSDKSequenceRenderSuite.h,suite,kPrSDKSequenceRenderSuiteVersion4
Headers\PrSDKSequenceRenderSuite.h,suite,kPrSDKSequenceRenderSuiteVersion5
Headers\PrSDKSequenceRenderSuite.h,suite,kPrSDKSequenceRenderSuiteVersion6
Headers\PrSDKSequenceRenderSuite.h,suite,ppixSuite
Headers\PrSDKSequenceRenderSuite.h,api,PrSDKColorSpaceID
Headers\PrSDKSequenceRenderSuite.h,api,PrSDKLUTID
Headers\PrSDKSequenceRenderSuite.h,api,PrSDKMALErrors
Headers\PrSDKSequenceRenderSuite.h,api,PrSDKPixelFormat
Headers\PrSDKSequenceRenderSuite.h,api,PrSDKQuality
Headers\PrSDKSequenceRenderSuite.h,api,PrSDKRenderCacheType
Headers\PrSDKSequenceRenderSuite.h,api,PrSDKSequenceAsyncRenderCompletionProc
Headers\PrSDKSequenceRenderSuite.h,api,PrSDKSequenceRenderSuite
Headers\PrSDKSequenceRenderSuite.h,api,PrSDKStreamLabel
Headers\PrSDKSequenceRenderSuite.h,api,PrSDKTimeSuite
Headers\PrSDKSequenceRenderSuite.h,api,PrSDKTypes
Headers\PrSDKSetEnv.h,api,PrSDKSetEnv
Headers\PrSDKSmartRenderingSuite.h,suite,PrSDKSmartRenderingSuite
Headers\PrSDKSmartRenderingSuite.h,suite,PrSDKTimeSuite
Headers\PrSDKSmartRenderingSuite.h,suite,SDKSuite
Headers\PrSDKSmartRenderingSuite.h,suite,Suite
Headers\PrSDKSmartRenderingSuite.h,suite,kPrSDKSmartRenderingSuite
Headers\PrSDKSmartRenderingSuite.h,suite,kPrSDKSmartRenderingSuiteVersion
Headers\PrSDKSmartRenderingSuite.h,suite,kPrSDKSmartRenderingSuiteVersion1
Headers\PrSDKSmartRenderingSuite.h,suite,kPrSDKSmartRenderingSuiteVersion2
Headers\PrSDKSmartRenderingSuite.h,suite,kPrSDKSmartRenderingSuiteVersion3
Headers\PrSDKSmartRenderingSuite.h,api,PrSDKColorSpaceID
Headers\PrSDKSmartRenderingSuite.h,api,PrSDKMALErrors
Headers\PrSDKSmartRenderingSuite.h,api,PrSDKPixelFormat
Headers\PrSDKSmartRenderingSuite.h,api,PrSDKSmartRenderingSuite
Headers\PrSDKSmartRenderingSuite.h,api,PrSDKString
Headers\PrSDKSmartRenderingSuite.h,api,PrSDKTimeSuite
Headers\PrSDKSmartRenderingSuite.h,api,PrSDKTypes
Headers\PrSDKStreamLabel.h,api,PrSDKStreamLabel
Headers\PrSDKStreamLabelEffectSuite.h,suite,PrSDKStreamLabelEffectSuite
Headers\PrSDKStreamLabelEffectSuite.h,suite,Suite
Headers\PrSDKStreamLabelEffectSuite.h,suite,kPrSDKStreamLabelEffectSuite
Headers\PrSDKStreamLabelEffectSuite.h,suite,kPrSDKStreamLabelEffectSuiteVersion
Headers\PrSDKStreamLabelEffectSuite.h,suite,kPrSDKStreamLabelEffectSuiteVersion1
Headers\PrSDKStreamLabelEffectSuite.h,api,PrSDKStreamLabel
Headers\PrSDKStreamLabelEffectSuite.h,api,PrSDKStreamLabelEffectSuite
Headers\PrSDKStringSuite.h,suite,PrSDKStringSuite
Headers\PrSDKStringSuite.h,suite,StringSuite
Headers\PrSDKStringSuite.h,suite,kPrSDKStringSuite
Headers\PrSDKStringSuite.h,suite,kPrSDKStringSuiteVersion
Headers\PrSDKStringSuite.h,api,PrSDKMALErrors
Headers\PrSDKStringSuite.h,api,PrSDKString
Headers\PrSDKStringSuite.h,api,PrSDKStringSuite
Headers\PrSDKStringSuite.h,api,PrSDKTypes
Headers\PrSDKStructs.h,api,PrSDKTypes
Headers\PrSDKThreadedWorkSuite.h,suite,PrSDKThreadedWorkSuite
Headers\PrSDKThreadedWorkSuite.h,suite,PrSDKThreadedWorkSuiteVersion2
Headers\PrSDKThreadedWorkSuite.h,suite,PrSDKThreadedWorkSuiteVersion3
Headers\PrSDKThreadedWorkSuite.h,suite,Suite
Headers\PrSDKThreadedWorkSuite.h,suite,kPrSDKThreadedWorkSuite
Headers\PrSDKThreadedWorkSuite.h,suite,kPrSDKThreadedWorkSuiteVersion2
Headers\PrSDKThreadedWorkSuite.h,suite,kPrSDKThreadedWorkSuiteVersion3
Headers\PrSDKThreadedWorkSuite.h,api,PrSDKMALErrors
Headers\PrSDKThreadedWorkSuite.h,api,PrSDKThreadedWorkSuite
Headers\PrSDKThreadedWorkSuite.h,api,PrSDKThreadedWorkSuiteVersion2
Headers\PrSDKThreadedWorkSuite.h,api,PrSDKThreadedWorkSuiteVersion3
Headers\PrSDKThreadedWorkSuite.h,api,PrSDKTypes
Headers\PrSDKTimeSuite.h,suite,PrSDKTimeSuite
Headers\PrSDKTimeSuite.h,suite,Suite
Headers\PrSDKTimeSuite.h,suite,kPrSDKTimeSuite
Headers\PrSDKTimeSuite.h,suite,kPrSDKTimeSuiteVersion
Headers\PrSDKTimeSuite.h,suite,kPrTimeSuite_RoundedAudioRate
Headers\PrSDKTimeSuite.h,api,PrSDKMALErrors
Headers\PrSDKTimeSuite.h,api,PrSDKPlayModule
Headers\PrSDKTimeSuite.h,api,PrSDKRealTime
Headers\PrSDKTimeSuite.h,api,PrSDKTimeSuite
Headers\PrSDKTimeSuite.h,api,PrSDKTypes
Headers\PrSDKTransmit.h,suite,PrSDKAudioSuite
Headers\PrSDKTransmit.h,suite,PrSDKPlayModuleAudioSuite
Headers\PrSDKTransmit.h,suite,PrSDKTimeSuite
Headers\PrSDKTransmit.h,api,PrSDKActivationEvent
Headers\PrSDKTransmit.h,api,PrSDKAudioSuite
Headers\PrSDKTransmit.h,api,PrSDKColorProfile
Headers\PrSDKTransmit.h,api,PrSDKPlayModule
Headers\PrSDKTransmit.h,api,PrSDKPlayModuleAudioSuite
Headers\PrSDKTransmit.h,api,PrSDKPlugSuites
Headers\PrSDKTransmit.h,api,PrSDKQuality
Headers\PrSDKTransmit.h,api,PrSDKStreamLabel
Headers\PrSDKTransmit.h,api,PrSDKString
Headers\PrSDKTransmit.h,api,PrSDKTimeSuite
Headers\PrSDKTransmitInvocationSuite.h,suite,PrSDKTransmitInvocationSuite
Headers\PrSDKTransmitInvocationSuite.h,suite,Suite
Headers\PrSDKTransmitInvocationSuite.h,suite,kPrSDKTransmitInvocationSuite
Headers\PrSDKTransmitInvocationSuite.h,suite,kPrSDKTransmitInvocationSuiteVersion
Headers\PrSDKTransmitInvocationSuite.h,api,PrSDKTransmit
Headers\PrSDKTransmitInvocationSuite.h,api,PrSDKTransmitChangedProc
Headers\PrSDKTransmitInvocationSuite.h,api,PrSDKTransmitInvocationSuite
Headers\PrSDKTypes.h,suite,PrSDKStringSuite
Headers\PrSDKTypes.h,api,PrSDKColorSpaceID
Headers\PrSDKTypes.h,api,PrSDKGuid
Headers\PrSDKTypes.h,api,PrSDKLUTID
Headers\PrSDKTypes.h,api,PrSDKSetEnv
Headers\PrSDKTypes.h,api,PrSDKString
Headers\PrSDKTypes.h,api,PrSDKStringSuite
Headers\PrSDKVideoSegmentProperties.h,api,PrSDKTypes
Headers\PrSDKVideoSegmentRenderSuite.h,suite,PrSDKSequenceRenderSuite
Headers\PrSDKVideoSegmentRenderSuite.h,suite,PrSDKVideoSegmentRenderSuite
Headers\PrSDKVideoSegmentRenderSuite.h,suite,SequenceRenderSuite
Headers\PrSDKVideoSegmentRenderSuite.h,suite,Suite
Headers\PrSDKVideoSegmentRenderSuite.h,suite,kPrSDKVideoSegmentRenderSuite
Headers\PrSDKVideoSegmentRenderSuite.h,suite,kPrSDKVideoSegmentRenderSuiteVersion
Headers\PrSDKVideoSegmentRenderSuite.h,suite,kPrSDKVideoSegmentRenderSuiteVersion5
Headers\PrSDKVideoSegmentRenderSuite.h,suite,kPrSDKVideoSegmentRenderSuiteVersion6
Headers\PrSDKVideoSegmentRenderSuite.h,suite,kPrSDKVideoSegmentRenderSuiteVersion7
Headers\PrSDKVideoSegmentRenderSuite.h,suite,ppixSuite
Headers\PrSDKVideoSegmentRenderSuite.h,api,PrSDKCaptionStreamFormat
Headers\PrSDKVideoSegmentRenderSuite.h,api,PrSDKImporterShared
Headers\PrSDKVideoSegmentRenderSuite.h,api,PrSDKMALErrors
Headers\PrSDKVideoSegmentRenderSuite.h,api,PrSDKSequenceRenderSuite
Headers\PrSDKVideoSegmentRenderSuite.h,api,PrSDKTypes
Headers\PrSDKVideoSegmentRenderSuite.h,api,PrSDKVideoSegmentAsyncRenderCompletionProc
Headers\PrSDKVideoSegmentRenderSuite.h,api,PrSDKVideoSegmentRenderSuite
Headers\PrSDKVideoSegmentSuite.h,suite,PrSDKTimeSuite
Headers\PrSDKVideoSegmentSuite.h,suite,PrSDKVideoSegmentSuite
Headers\PrSDKVideoSegmentSuite.h,suite,Suite
Headers\PrSDKVideoSegmentSuite.h,suite,kPrSDKVideoSegmentSuite
Headers\PrSDKVideoSegmentSuite.h,suite,kPrSDKVideoSegmentSuiteVersion
Headers\PrSDKVideoSegmentSuite.h,suite,kPrSDKVideoSegmentSuiteVersion4
Headers\PrSDKVideoSegmentSuite.h,suite,kPrSDKVideoSegmentSuiteVersion5
Headers\PrSDKVideoSegmentSuite.h,suite,kPrSDKVideoSegmentSuiteVersion6
Headers\PrSDKVideoSegmentSuite.h,suite,kPrSDKVideoSegmentSuiteVersion7
Headers\PrSDKVideoSegmentSuite.h,suite,kPrSDKVideoSegmentSuiteVersion8
Headers\PrSDKVideoSegmentSuite.h,suite,kPrSDKVideoSegmentSuiteVersion9
Headers\PrSDKVideoSegmentSuite.h,api,PrSDKColorSpaceID
Headers\PrSDKVideoSegmentSuite.h,api,PrSDKMALErrors
Headers\PrSDKVideoSegmentSuite.h,api,PrSDKStreamLabel
Headers\PrSDKVideoSegmentSuite.h,api,PrSDKTimeSuite
Headers\PrSDKVideoSegmentSuite.h,api,PrSDKTypes
Headers\PrSDKVideoSegmentSuite.h,api,PrSDKVideoSegmentSuite
Headers\PrSDKWindowSuite.h,suite,PrSDKWindowSuite
Headers\PrSDKWindowSuite.h,suite,Suite
Headers\PrSDKWindowSuite.h,suite,kPrSDKWindowSuite
Headers\PrSDKWindowSuite.h,suite,kPrSDKWindowSuiteVersion
Headers\PrSDKWindowSuite.h,api,PrSDKTypes
Headers\PrSDKWindowSuite.h,api,PrSDKWindowSuite
Headers\SPAccess.h,suite,AcquireSuite
Headers\SPAccess.h,suite,MySuite
Headers\SPAccess.h,suite,ReloadSuite
Headers\SPAccess.h,suite,SPAccessSuite
Headers\SPAccess.h,suite,SPBasicSuite
Headers\SPAccess.h,suite,SPInterfaceSuite
Headers\SPAccess.h,suite,Suite
Headers\SPAccess.h,suite,UnloadSuite
Headers\SPAccess.h,suite,kSPAccessSuite
Headers\SPAccess.h,suite,kSPAccessSuiteVersion
Headers\SPAccess.h,suite,mySuite
Headers\SPAdapts.h,suite,AcquireSuite
Headers\SPAdapts.h,suite,SPAdaptersSuite
Headers\SPAdapts.h,suite,SPBasicSuite
Headers\SPAdapts.h,suite,SPCachesSuite
Headers\SPAdapts.h,suite,SPRuntimeSuite
Headers\SPAdapts.h,suite,SPStringsSuite
Headers\SPAdapts.h,suite,SPSuite
Headers\SPAdapts.h,suite,Suite
Headers\SPAdapts.h,suite,kSPAdaptersAcquireSuiteHostSelector
Headers\SPAdapts.h,suite,kSPAdaptersReleaseSuiteHostSelector
Headers\SPAdapts.h,suite,kSPAdaptersSuite
Headers\SPAdapts.h,suite,kSPAdaptersSuiteVersion
Headers\SPBasic.h,suite,AIRandomSuite
Headers\SPBasic.h,suite,AcquireSuite
Headers\SPBasic.h,suite,MySuite
Headers\SPBasic.h,suite,ReleaseSuite
Headers\SPBasic.h,suite,ReloadSuite
Headers\SPBasic.h,suite,SPBasicAcquireSuite
Headers\SPBasic.h,suite,SPBasicReleaseSuite
Headers\SPBasic.h,suite,SPBasicSuite
Headers\SPBasic.h,suite,SPBlocksSuite
Headers\SPBasic.h,suite,SPSuitesSuite
Headers\SPBasic.h,suite,Suite
Headers\SPBasic.h,suite,UnloadSuite
Headers\SPBasic.h,suite,kAIRandomSuite
Headers\SPBasic.h,suite,kSPBasicSuite
Headers\SPBasic.h,suite,kSPBasicSuiteVersion
Headers\SPBasic.h,suite,mySuite
Headers\SPCaches.h,suite,AcquireSuite
Headers\SPCaches.h,suite,SPAdaptersSuite
Headers\SPCaches.h,suite,SPBasicSuite
Headers\SPCaches.h,suite,SPCachesSuite
Headers\SPCaches.h,suite,Suite
Headers\SPCaches.h,suite,kSPCachesSuite
Headers\SPCaches.h,suite,kSPCachesSuiteVersion
Headers\SPErrorCodes.h,suite,SPAccessSuite
Headers\SPErrorCodes.h,suite,SPAdaptsSuite
Headers\SPErrorCodes.h,suite,SPBasicSuite
Headers\SPErrorCodes.h,suite,SPBlockDebugSuite
Headers\SPErrorCodes.h,suite,SPBlocksSuite
Headers\SPErrorCodes.h,suite,SPCachesSuite
Headers\SPErrorCodes.h,suite,SPFilesSuite
Headers\SPErrorCodes.h,suite,SPHostSuite
Headers\SPErrorCodes.h,suite,SPInterfaceSuite
Headers\SPErrorCodes.h,suite,SPPluginsSuite
Headers\SPErrorCodes.h,suite,SPPropertiesSuite
Headers\SPErrorCodes.h,suite,SPSuitesSuite
Headers\SPErrorCodes.h,suite,kSPBadSuiteInternalVersionError
Headers\SPErrorCodes.h,suite,kSPBadSuiteListIteratorError
Headers\SPErrorCodes.h,suite,kSPSuiteAlreadyExistsError
Headers\SPErrorCodes.h,suite,kSPSuiteAlreadyReleasedError
Headers\SPErrorCodes.h,suite,kSPSuiteNotFoundError
Headers\SPFiles.h,suite,AcquireSuite
Headers\SPFiles.h,suite,SPBasicSuite
Headers\SPFiles.h,suite,SPFilesSuite
Headers\SPFiles.h,suite,SPRuntimeSuite
Headers\SPFiles.h,suite,Suite
Headers\SPFiles.h,suite,kSPFilesSuite
Headers\SPFiles.h,suite,kSPFilesSuiteVersion
Headers\SPMData.h,suite,SPBasicSuite
Headers\SPMData.h,suite,SPInterfaceSuite
Headers\SPPiPL.h,suite,Suite
Headers\SPPlugs.h,suite,AIPluginSuite
Headers\SPPlugs.h,suite,AcquireSuite
Headers\SPPlugs.h,suite,SPAdaptersSuite
Headers\SPPlugs.h,suite,SPBasicSuite
Headers\SPPlugs.h,suite,SPFilesSuite
Headers\SPPlugs.h,suite,SPInterfaceSuite
Headers\SPPlugs.h,suite,SPPluginsSuite
Headers\SPPlugs.h,suite,SPPropertiesSuite
Headers\SPPlugs.h,suite,SPRuntimeSuite
Headers\SPPlugs.h,suite,Suite
Headers\SPPlugs.h,suite,kSPPluginsSuite
Headers\SPPlugs.h,suite,kSPPluginsSuiteVersion
Headers\SPPlugs.h,suite,kSPPluginsSuiteVersion4
Headers\SPPlugs.h,suite,kSPPluginsSuiteVersion5
Headers\SPProps.h,suite,AcquireSuite
Headers\SPProps.h,suite,SPBasicSuite
Headers\SPProps.h,suite,SPPropertiesSuite
Headers\SPProps.h,suite,Suite
Headers\SPProps.h,suite,kSPPropertiesSuite
Headers\SPProps.h,suite,kSPPropertiesSuiteVersion
Headers\SPProps.h,suite,kSPPropertiesSuiteVersion2
Headers\SPProps.h,suite,kSPPropertiesSuiteVersion3
Headers\SPStrngs.h,suite,AcquireSuite
Headers\SPStrngs.h,suite,SPBasicSuite
Headers\SPStrngs.h,suite,SPRuntimeSuite
Headers\SPStrngs.h,suite,SPStringsSuite
Headers\SPStrngs.h,suite,Suite
Headers\SPStrngs.h,suite,kSPStringsSuite
Headers\SPStrngs.h,suite,kSPStringsSuiteVersion
Headers\SPSuites.h,suite,AcquireSuite
Headers\SPSuites.h,suite,AddSuite
Headers\SPSuites.h,suite,FindSuite
Headers\SPSuites.h,suite,NextSuite
Headers\SPSuites.h,suite,ReleaseSuite
Headers\SPSuites.h,suite,SPAcquireSuite
Headers\SPSuites.h,suite,SPAddSuite
Headers\SPSuites.h,suite,SPBasicSuite
Headers\SPSuites.h,suite,SPFindSuite
Headers\SPSuites.h,suite,SPNextSuite
Headers\SPSuites.h,suite,SPReleaseSuite
Headers\SPSuites.h,suite,SPRuntimeSuite
Headers\SPSuites.h,suite,SPSuite
Headers\SPSuites.h,suite,SPSuitesSuite
Headers\SPSuites.h,suite,Suite
Headers\SPSuites.h,suite,kSPRuntimeSuiteList
Headers\SPSuites.h,suite,kSPSuitesSuite
Headers\SPSuites.h,suite,kSPSuitesSuiteVersion
Utils\AEFX_SuiteHelper.c,suite,AEFX_AcquireSuite
Utils\AEFX_SuiteHelper.c,suite,AEFX_ReleaseSuite
Utils\AEFX_SuiteHelper.c,suite,AcquireSuite
Utils\AEFX_SuiteHelper.c,suite,DrawbotSuite
Utils\AEFX_SuiteHelper.c,suite,ReleaseSuite
Utils\AEFX_SuiteHelper.c,suite,SPBasicSuite
Utils\AEFX_SuiteHelper.c,suite,Suite
Utils\AEFX_SuiteHelper.c,suite,kDRAWBOT_DrawSuite
Utils\AEFX_SuiteHelper.c,suite,kDRAWBOT_DrawSuite_VersionCurrent
Utils\AEFX_SuiteHelper.c,suite,kDRAWBOT_PathSuite
Utils\AEFX_SuiteHelper.c,suite,kDRAWBOT_PathSuite_VersionCurrent
Utils\AEFX_SuiteHelper.c,suite,kDRAWBOT_SupplierSuite
Utils\AEFX_SuiteHelper.c,suite,kDRAWBOT_SupplierSuite_VersionCurrent
Utils\AEFX_SuiteHelper.c,suite,kDRAWBOT_SurfaceSuite
Utils\AEFX_SuiteHelper.c,suite,kDRAWBOT_SurfaceSuite_VersionCurrent
Utils\AEFX_SuiteHelper.c,api,PF_OutFlag_DISPLAY_ERROR_MESSAGE
Utils\AEGP_SuiteHandler.cpp,suite,AcquireSuite
Utils\AEGP_SuiteHandler.cpp,suite,ReleaseSuite
Utils\AEGP_SuiteHandler.cpp,suite,SPBasicSuite
Utils\AEGP_SuiteHandler.cpp,suite,pLoadSuite
Utils\AEGP_SuiteHandler.cpp,api,AEGP_SuiteHandler
Utils\MissingSuiteError.cpp,api,AEGP_SuiteHandler
Utils\SDK_File.cpp,suite,PrSDKExportParamSuite
Utils\SDK_File.cpp,suite,PrSDKMemoryManagerSuite
Utils\SDK_File.cpp,suite,PrSDKTimeSuite
Utils\SDK_File.cpp,suite,exportFileSuite
Utils\SDK_File.cpp,suite,exportParamSuite
Utils\SDK_File.cpp,suite,markerSuite
Utils\SDK_File.cpp,suite,memorySuite
Utils\SDK_File.cpp,suite,paramSuite
Utils\SDK_File.cpp,suite,ppixSuite
Utils\SDK_File.cpp,suite,sequenceAudioSuite
Utils\SDK_File.cpp,suite,sequenceRenderSuite
Utils\SDK_File.cpp,suite,timeSuite
Utils\SDK_File.cpp,api,PrSDKExportParamSuite
Utils\SDK_File.cpp,api,PrSDKMemoryManagerSuite
Utils\SDK_File.cpp,api,PrSDKTimeSuite
Utils\SDK_File.h,suite,BasicSuite
Utils\SDK_File.h,suite,PPixCacheSuite
Utils\SDK_File.h,suite,PPixCreatorSuite
Utils\SDK_File.h,suite,PPixSuite
Utils\SDK_File.h,suite,PrSDKApplicationSettingsSuite
Utils\SDK_File.h,suite,PrSDKAudioSuite
Utils\SDK_File.h,suite,PrSDKClipRenderSuite
Utils\SDK_File.h,suite,PrSDKErrorSuite
Utils\SDK_File.h,suite,PrSDKErrorSuite3
Utils\SDK_File.h,suite,PrSDKExportFileSuite
Utils\SDK_File.h,suite,PrSDKExportInfoSuite
Utils\SDK_File.h,suite,PrSDKExportParamSuite
Utils\SDK_File.h,suite,PrSDKExportProgressSuite
Utils\SDK_File.h,suite,PrSDKMarkerSuite
Utils\SDK_File.h,suite,PrSDKMemoryManagerSuite
Utils\SDK_File.h,suite,PrSDKPPixCacheSuite
Utils\SDK_File.h,suite,PrSDKPPixCreatorSuite
Utils\SDK_File.h,suite,PrSDKPPixSuite
Utils\SDK_File.h,suite,PrSDKSequenceAudioSuite
Utils\SDK_File.h,suite,PrSDKSequenceAudioSuite1
Utils\SDK_File.h,suite,PrSDKSequenceRenderSuite
Utils\SDK_File.h,suite,PrSDKStringSuite
Utils\SDK_File.h,suite,PrSDKTimeSuite
Utils\SDK_File.h,suite,PrSDKWindowSuite
Utils\SDK_File.h,suite,SPBasicSuite
Utils\SDK_File.h,suite,TimeSuite
Utils\SDK_File.h,suite,appSettingsSuite
Utils\SDK_File.h,suite,clipRenderSuite
Utils\SDK_File.h,suite,errorSuite
Utils\SDK_File.h,suite,exportFileSuite
Utils\SDK_File.h,suite,exportInfoSuite
Utils\SDK_File.h,suite,exportParamSuite
Utils\SDK_File.h,suite,exportProgressSuite
Utils\SDK_File.h,suite,markerSuite
Utils\SDK_File.h,suite,memorySuite
Utils\SDK_File.h,suite,ppixSuite
Utils\SDK_File.h,suite,sequenceAudioSuite
Utils\SDK_File.h,suite,sequenceRenderSuite
Utils\SDK_File.h,suite,stringSuite
Utils\SDK_File.h,suite,timeSuite
Utils\SDK_File.h,suite,windowSuite
Utils\SDK_File.h,api,PrSDKApplicationSettingsSuite
Utils\SDK_File.h,api,PrSDKAudioSuite
Utils\SDK_File.h,api,PrSDKClipRenderSuite
Utils\SDK_File.h,api,PrSDKErrorSuite
Utils\SDK_File.h,api,PrSDKErrorSuite3
Utils\SDK_File.h,api,PrSDKExport
Utils\SDK_File.h,api,PrSDKExportFileSuite
Utils\SDK_File.h,api,PrSDKExportInfoSuite
Utils\SDK_File.h,api,PrSDKExportParamSuite
Utils\SDK_File.h,api,PrSDKExportProgressSuite
Utils\SDK_File.h,api,PrSDKImport
Utils\SDK_File.h,api,PrSDKMALErrors
Utils\SDK_File.h,api,PrSDKMarkerSuite
Utils\SDK_File.h,api,PrSDKMemoryManagerSuite
Utils\SDK_File.h,api,PrSDKPPixCacheSuite
Utils\SDK_File.h,api,PrSDKPPixCreatorSuite
Utils\SDK_File.h,api,PrSDKPPixSuite
Utils\SDK_File.h,api,PrSDKSequenceAudioSuite
Utils\SDK_File.h,api,PrSDKSequenceAudioSuite1
Utils\SDK_File.h,api,PrSDKSequenceRenderSuite
Utils\SDK_File.h,api,PrSDKStringSuite
Utils\SDK_File.h,api,PrSDKStructs
Utils\SDK_File.h,api,PrSDKTimeSuite
Utils\SDK_File.h,api,PrSDKWindowSuite
Utils\SDK_Segment_Utils.cpp,suite,AcquireSuite
Utils\SDK_Segment_Utils.cpp,suite,SPBasicSuite
Utils\SDK_Segment_Utils.cpp,suite,kPrSDKMediaAcceleratorSuite
Utils\SDK_Segment_Utils.cpp,suite,kPrSDKMediaAcceleratorSuiteVersion
Utils\SDK_Segment_Utils.cpp,suite,kPrSDKMemoryManagerSuite
Utils\SDK_Segment_Utils.cpp,suite,kPrSDKMemoryManagerSuiteVersion
Utils\SDK_Segment_Utils.cpp,suite,kPrSDKPPixSuite
Utils\SDK_Segment_Utils.cpp,suite,kPrSDKPPixSuiteVersion
Utils\SDK_Segment_Utils.cpp,suite,kPrSDKRollCrawlSuite
Utils\SDK_Segment_Utils.cpp,suite,kPrSDKRollCrawlSuiteVersion
Utils\SDK_Segment_Utils.cpp,suite,kPrSDKVideoSegmentSuite
Utils\SDK_Segment_Utils.cpp,suite,kPrSDKVideoSegmentSuiteVersion
Utils\SDK_Segment_Utils.cpp,suite,mMediaAccelSuite
Utils\SDK_Segment_Utils.cpp,suite,mMemorySuite
Utils\SDK_Segment_Utils.cpp,suite,mPPixSuite
Utils\SDK_Segment_Utils.cpp,suite,mRollCrawlSuite
Utils\SDK_Segment_Utils.cpp,suite,mSegmentSuite
Utils\SDK_Segment_Utils.h,suite,PrSDKMediaAcceleratorSuite
Utils\SDK_Segment_Utils.h,suite,PrSDKMemoryManagerSuite
Utils\SDK_Segment_Utils.h,suite,PrSDKPPixSuite
Utils\SDK_Segment_Utils.h,suite,PrSDKRollCrawlSuite
Utils\SDK_Segment_Utils.h,suite,PrSDKVideoSegmentSuite
Utils\SDK_Segment_Utils.h,suite,SPBasicSuite
Utils\SDK_Segment_Utils.h,suite,mMediaAccelSuite
Utils\SDK_Segment_Utils.h,suite,mMemorySuite
Utils\SDK_Segment_Utils.h,suite,mPPixSuite
Utils\SDK_Segment_Utils.h,suite,mRollCrawlSuite
Utils\SDK_Segment_Utils.h,suite,mSegmentSuite
Utils\SDK_Segment_Utils.h,api,PrSDKMediaAcceleratorSuite
Utils\SDK_Segment_Utils.h,api,PrSDKMemoryManagerSuite
Utils\SDK_Segment_Utils.h,api,PrSDKPPixSuite
Utils\SDK_Segment_Utils.h,api,PrSDKRollCrawlSuite
Utils\SDK_Segment_Utils.h,api,PrSDKVideoSegmentProperties
Utils\SDK_Segment_Utils.h,api,PrSDKVideoSegmentSuite
Projects\ExportController\ExportController.cpp,suite,AcquireSuite
Projects\ExportController\ExportController.cpp,suite,PrSDKErrorSuite3
Projects\ExportController\ExportController.cpp,suite,PrSDKExportControllerSuite
Projects\ExportController\ExportController.cpp,suite,PrSDKSequenceInfoSuite
Projects\ExportController\ExportController.cpp,suite,PrSDKTimeSuite
Projects\ExportController\ExportController.cpp,suite,ReleaseSuite
Projects\ExportController\ExportController.cpp,suite,SPBasicSuite
Projects\ExportController\ExportController.cpp,suite,eExportControllerErrorReportedInSuite
Projects\ExportController\ExportController.cpp,suite,getSPBasicSuite
Projects\ExportController\ExportController.cpp,suite,kPrSDKErrorSuite
Projects\ExportController\ExportController.cpp,suite,kPrSDKErrorSuiteVersion3
Projects\ExportController\ExportController.cpp,suite,kPrSDKExportControllerSuite
Projects\ExportController\ExportController.cpp,suite,kPrSDKExportControllerSuiteVersion
Projects\ExportController\ExportController.cpp,suite,kPrSDKSequenceInfoSuite
Projects\ExportController\ExportController.cpp,suite,kPrSDKSequenceInfoSuiteVersion
Projects\ExportController\ExportController.cpp,suite,kPrSDKTimeSuite
Projects\ExportController\ExportController.cpp,suite,kPrSDKTimeSuiteVersion
Projects\ExportController\ExportController.cpp,api,PrSDKErrorSuite3
Projects\ExportController\ExportController.cpp,api,PrSDKExportControllerSuite
Projects\ExportController\ExportController.cpp,api,PrSDKSequenceInfoSuite
Projects\ExportController\ExportController.cpp,api,PrSDKTimeSuite
Projects\ExportController\ExportController.h,suite,PrSDKErrorSuite
Projects\ExportController\ExportController.h,suite,PrSDKExportControllerSuite
Projects\ExportController\ExportController.h,suite,PrSDKSequenceInfoSuite
Projects\ExportController\ExportController.h,api,PrSDKErrorSuite
Projects\ExportController\ExportController.h,api,PrSDKExport
Projects\ExportController\ExportController.h,api,PrSDKExportControllerSuite
Projects\ExportController\ExportController.h,api,PrSDKSequenceInfoSuite
Projects\SDK_Custom_Import\SDK_Custom_Import.cpp,suite,AcquireSuite
Projects\SDK_Custom_Import\SDK_Custom_Import.cpp,suite,BasicSuite
Projects\SDK_Custom_Import\SDK_Custom_Import.cpp,suite,FileImporterSuite
Projects\SDK_Custom_Import\SDK_Custom_Import.cpp,suite,PrSDKImporterFileManagerSuite
Projects\SDK_Custom_Import\SDK_Custom_Import.cpp,suite,PrSDKTimeSuite
Projects\SDK_Custom_Import\SDK_Custom_Import.cpp,suite,ReleaseSuite
Projects\SDK_Custom_Import\SDK_Custom_Import.cpp,suite,SPBasicSuite
Projects\SDK_Custom_Import\SDK_Custom_Import.cpp,suite,Suite
Projects\SDK_Custom_Import\SDK_Custom_Import.cpp,suite,TimeSuite
Projects\SDK_Custom_Import\SDK_Custom_Import.cpp,suite,getSPBasicSuite
Projects\SDK_Custom_Import\SDK_Custom_Import.cpp,suite,kPrSDKImporterFileManagerSuite
Projects\SDK_Custom_Import\SDK_Custom_Import.cpp,suite,kPrSDKImporterFileManagerSuiteVersion
Projects\SDK_Custom_Import\SDK_Custom_Import.cpp,suite,kPrSDKTimeSuite
Projects\SDK_Custom_Import\SDK_Custom_Import.cpp,suite,kPrSDKTimeSuiteVersion
Projects\SDK_Custom_Import\SDK_Custom_Import.cpp,api,PrSDKImporterFileManagerSuite
Projects\SDK_Custom_Import\SDK_Custom_Import.cpp,api,PrSDKPixelFormat
Projects\SDK_Custom_Import\SDK_Custom_Import.cpp,api,PrSDKTimeSuite
Projects\SDK_Custom_Import\SDK_Custom_Import.h,suite,PrSDKImporterFileManagerSuite
Projects\SDK_Custom_Import\SDK_Custom_Import.h,api,PrSDKImport
Projects\SDK_Custom_Import\SDK_Custom_Import.h,api,PrSDKImporterFileManagerSuite
Projects\SDK_Custom_Import\SDK_Custom_ImportPiPL.r,api,PrSDKPiPL
Projects\SDK_Custom_Import\SDK_Custom_ImportPiPL.r,api,PrSDKPiPLVer
Projects\SDK_Exporter\SDK_Exporter.cpp,suite,AcquireSuite
Projects\SDK_Exporter\SDK_Exporter.cpp,suite,PrSDKErrorSuite3
Projects\SDK_Exporter\SDK_Exporter.cpp,suite,PrSDKExportParamSuite
Projects\SDK_Exporter\SDK_Exporter.cpp,suite,PrSDKMemoryManagerSuite
Projects\SDK_Exporter\SDK_Exporter.cpp,suite,ReleaseSuite
Projects\SDK_Exporter\SDK_Exporter.cpp,suite,SPBasicSuite
Projects\SDK_Exporter\SDK_Exporter.cpp,suite,appSettingsSuite
Projects\SDK_Exporter\SDK_Exporter.cpp,suite,clipRenderSuite
Projects\SDK_Exporter\SDK_Exporter.cpp,suite,errorSuite
Projects\SDK_Exporter\SDK_Exporter.cpp,suite,exportFileSuite
Projects\SDK_Exporter\SDK_Exporter.cpp,suite,exportInfoSuite
Projects\SDK_Exporter\SDK_Exporter.cpp,suite,exportParamSuite
Projects\SDK_Exporter\SDK_Exporter.cpp,suite,exportProgressSuite
Projects\SDK_Exporter\SDK_Exporter.cpp,suite,getSPBasicSuite
Projects\SDK_Exporter\SDK_Exporter.cpp,suite,kPrSDKApplicationSettingsSuite
Projects\SDK_Exporter\SDK_Exporter.cpp,suite,kPrSDKApplicationSettingsSuiteVersion
Projects\SDK_Exporter\SDK_Exporter.cpp,suite,kPrSDKClipRenderSuite
Projects\SDK_Exporter\SDK_Exporter.cpp,suite,kPrSDKClipRenderSuiteVersion
Projects\SDK_Exporter\SDK_Exporter.cpp,suite,kPrSDKErrorSuite
Projects\SDK_Exporter\SDK_Exporter.cpp,suite,kPrSDKErrorSuiteVersion3
Projects\SDK_Exporter\SDK_Exporter.cpp,suite,kPrSDKExportFileSuite
Projects\SDK_Exporter\SDK_Exporter.cpp,suite,kPrSDKExportFileSuiteVersion
Projects\SDK_Exporter\SDK_Exporter.cpp,suite,kPrSDKExportInfoSuite
Projects\SDK_Exporter\SDK_Exporter.cpp,suite,kPrSDKExportInfoSuiteVersion
Projects\SDK_Exporter\SDK_Exporter.cpp,suite,kPrSDKExportParamSuite
Projects\SDK_Exporter\SDK_Exporter.cpp,suite,kPrSDKExportParamSuiteVersion
Projects\SDK_Exporter\SDK_Exporter.cpp,suite,kPrSDKExportProgressSuite
Projects\SDK_Exporter\SDK_Exporter.cpp,suite,kPrSDKExportProgressSuiteVersion
Projects\SDK_Exporter\SDK_Exporter.cpp,suite,kPrSDKMarkerSuite
Projects\SDK_Exporter\SDK_Exporter.cpp,suite,kPrSDKMarkerSuiteVersion
Projects\SDK_Exporter\SDK_Exporter.cpp,suite,kPrSDKMemoryManagerSuite
Projects\SDK_Exporter\SDK_Exporter.cpp,suite,kPrSDKMemoryManagerSuiteVersion
Projects\SDK_Exporter\SDK_Exporter.cpp,suite,kPrSDKPPixSuite
Projects\SDK_Exporter\SDK_Exporter.cpp,suite,kPrSDKPPixSuiteVersion
Projects\SDK_Exporter\SDK_Exporter.cpp,suite,kPrSDKSequenceAudioSuite
Projects\SDK_Exporter\SDK_Exporter.cpp,suite,kPrSDKSequenceAudioSuiteVersion1
Projects\SDK_Exporter\SDK_Exporter.cpp,suite,kPrSDKSequenceRenderSuite
Projects\SDK_Exporter\SDK_Exporter.cpp,suite,kPrSDKSequenceRenderSuiteVersion
Projects\SDK_Exporter\SDK_Exporter.cpp,suite,kPrSDKTimeSuite
Projects\SDK_Exporter\SDK_Exporter.cpp,suite,kPrSDKTimeSuiteVersion
Projects\SDK_Exporter\SDK_Exporter.cpp,suite,kPrSDKWindowSuite
Projects\SDK_Exporter\SDK_Exporter.cpp,suite,kPrSDKWindowSuiteVersion
Projects\SDK_Exporter\SDK_Exporter.cpp,suite,markerSuite
Projects\SDK_Exporter\SDK_Exporter.cpp,suite,memorySuite
Projects\SDK_Exporter\SDK_Exporter.cpp,suite,paramSuite
Projects\SDK_Exporter\SDK_Exporter.cpp,suite,ppixSuite
Projects\SDK_Exporter\SDK_Exporter.cpp,suite,sequenceAudioSuite
Projects\SDK_Exporter\SDK_Exporter.cpp,suite,sequenceRenderSuite
Projects\SDK_Exporter\SDK_Exporter.cpp,suite,timeSuite
Projects\SDK_Exporter\SDK_Exporter.cpp,suite,windowSuite
Projects\SDK_Exporter\SDK_Exporter.cpp,api,PrSDKErrorSuite3
Projects\SDK_Exporter\SDK_Exporter.cpp,api,PrSDKExportParamSuite
Projects\SDK_Exporter\SDK_Exporter.cpp,api,PrSDKMemoryManagerSuite
Projects\SDK_Exporter\SDK_Exporter.h,suite,PrSDKApplicationSettingsSuite
Projects\SDK_Exporter\SDK_Exporter.h,suite,PrSDKErrorSuite
Projects\SDK_Exporter\SDK_Exporter.h,suite,PrSDKMarkerSuite
Projects\SDK_Exporter\SDK_Exporter.h,api,PrSDKApplicationSettingsSuite
Projects\SDK_Exporter\SDK_Exporter.h,api,PrSDKErrorSuite
Projects\SDK_Exporter\SDK_Exporter.h,api,PrSDKMarkerSuite
Projects\SDK_Exporter\SDK_Exporter_Params.cpp,suite,PrSDKExportInfoSuite
Projects\SDK_Exporter\SDK_Exporter_Params.cpp,suite,PrSDKExportParamSuite
Projects\SDK_Exporter\SDK_Exporter_Params.cpp,suite,PrSDKTimeSuite
Projects\SDK_Exporter\SDK_Exporter_Params.cpp,suite,exportInfoSuite
Projects\SDK_Exporter\SDK_Exporter_Params.cpp,suite,exportParamSuite
Projects\SDK_Exporter\SDK_Exporter_Params.cpp,suite,paramSuite
Projects\SDK_Exporter\SDK_Exporter_Params.cpp,suite,timeSuite
Projects\SDK_Exporter\SDK_Exporter_Params.cpp,suite,windowSuite
Projects\SDK_Exporter\SDK_Exporter_Params.cpp,api,PrSDKExportInfoSuite
Projects\SDK_Exporter\SDK_Exporter_Params.cpp,api,PrSDKExportParamSuite
Projects\SDK_Exporter\SDK_Exporter_Params.cpp,api,PrSDKTimeSuite
Projects\SDK_File_Import\SDK_Async_Import.cpp,suite,BasicSuite
Projects\SDK_File_Import\SDK_Async_Import.cpp,suite,PPixCacheSuite
Projects\SDK_File_Import\SDK_Async_Import.cpp,suite,PPixCreatorSuite
Projects\SDK_File_Import\SDK_Async_Import.cpp,suite,PPixSuite
Projects\SDK_File_Import\SDK_Async_Import.cpp,suite,ReleaseSuite
Projects\SDK_File_Import\SDK_Async_Import.cpp,suite,TimeSuite
Projects\SDK_File_Import\SDK_Async_Import.cpp,suite,kPrSDKPPixCacheSuite
Projects\SDK_File_Import\SDK_Async_Import.cpp,suite,kPrSDKPPixCacheSuiteVersion
Projects\SDK_File_Import\SDK_Async_Import.cpp,suite,kPrSDKPPixCreatorSuite
Projects\SDK_File_Import\SDK_Async_Import.cpp,suite,kPrSDKPPixCreatorSuiteVersion
Projects\SDK_File_Import\SDK_Async_Import.cpp,suite,kPrSDKPPixSuite
Projects\SDK_File_Import\SDK_Async_Import.cpp,suite,kPrSDKPPixSuiteVersion
Projects\SDK_File_Import\SDK_Async_Import.cpp,suite,kPrSDKTimeSuite
Projects\SDK_File_Import\SDK_Async_Import.cpp,suite,kPrSDKTimeSuiteVersion
Projects\SDK_File_Import\SDK_File_Import.cpp,suite,AcquireSuite
Projects\SDK_File_Import\SDK_File_Import.cpp,suite,BasicSuite
Projects\SDK_File_Import\SDK_File_Import.cpp,suite,PPixCacheSuite
Projects\SDK_File_Import\SDK_File_Import.cpp,suite,PPixCreatorSuite
Projects\SDK_File_Import\SDK_File_Import.cpp,suite,PPixSuite
Projects\SDK_File_Import\SDK_File_Import.cpp,suite,ReleaseSuite
Projects\SDK_File_Import\SDK_File_Import.cpp,suite,TimeSuite
Projects\SDK_File_Import\SDK_File_Import.cpp,suite,getSPBasicSuite
Projects\SDK_File_Import\SDK_File_Import.cpp,suite,kPrSDKPPixCacheSuite
Projects\SDK_File_Import\SDK_File_Import.cpp,suite,kPrSDKPPixCacheSuiteVersion
Projects\SDK_File_Import\SDK_File_Import.cpp,suite,kPrSDKPPixCreatorSuite
Projects\SDK_File_Import\SDK_File_Import.cpp,suite,kPrSDKPPixCreatorSuiteVersion
Projects\SDK_File_Import\SDK_File_Import.cpp,suite,kPrSDKPPixSuite
Projects\SDK_File_Import\SDK_File_Import.cpp,suite,kPrSDKPPixSuiteVersion
Projects\SDK_File_Import\SDK_File_Import.cpp,suite,kPrSDKTimeSuite
Projects\SDK_File_Import\SDK_File_Import.cpp,suite,kPrSDKTimeSuiteVersion
Projects\Synth_Import\Synth_Import.cpp,suite,Suite
Projects\Synth_Import\Synth_Import.cpp,api,PrSDKPixelFormat
Projects\Synth_Import\Synth_Import.h,api,PrSDKImport
Projects\Synth_Import\Synth_Import.h,api,PrSDKPixelFormat
Projects\Synth_Import\Synth_ImportPiPL.r,api,PrSDKPiPL
Projects\Synth_Import\Synth_ImportPiPL.r,api,PrSDKPiPLVer
Projects\Transmitter\TransmitterPlugin.cpp,suite,AcquireSuite
Projects\Transmitter\TransmitterPlugin.cpp,suite,PPixSuite
Projects\Transmitter\TransmitterPlugin.cpp,suite,PlayModuleAudioSuite
Projects\Transmitter\TransmitterPlugin.cpp,suite,ReleaseSuite
Projects\Transmitter\TransmitterPlugin.cpp,suite,SequenceInfoSuite
Projects\Transmitter\TransmitterPlugin.cpp,suite,ThreadedWorkSuite
Projects\Transmitter\TransmitterPlugin.cpp,suite,TimeSuite
Projects\Transmitter\TransmitterPlugin.cpp,suite,getSPBasicSuite
Projects\Transmitter\TransmitterPlugin.cpp,suite,kPrSDKPPixSuite
Projects\Transmitter\TransmitterPlugin.cpp,suite,kPrSDKPPixSuiteVersion
Projects\Transmitter\TransmitterPlugin.cpp,suite,kPrSDKPlayModuleAudioSuite
Projects\Transmitter\TransmitterPlugin.cpp,suite,kPrSDKPlayModuleAudioSuiteVersion
Projects\Transmitter\TransmitterPlugin.cpp,suite,kPrSDKSequenceInfoSuite
Projects\Transmitter\TransmitterPlugin.cpp,suite,kPrSDKSequenceInfoSuiteVersion
Projects\Transmitter\TransmitterPlugin.cpp,suite,kPrSDKThreadedWorkSuite
Projects\Transmitter\TransmitterPlugin.cpp,suite,kPrSDKThreadedWorkSuiteVersion3
Projects\Transmitter\TransmitterPlugin.cpp,suite,kPrSDKTimeSuite
Projects\Transmitter\TransmitterPlugin.cpp,suite,kPrSDKTimeSuiteVersion
Projects\Transmitter\TransmitterPlugin.h,suite,PPixSuite
Projects\Transmitter\TransmitterPlugin.h,suite,PlayModuleAudioSuite
Projects\Transmitter\TransmitterPlugin.h,suite,PrSDKPPixSuite
Projects\Transmitter\TransmitterPlugin.h,suite,PrSDKPlayModuleAudioSuite
Projects\Transmitter\TransmitterPlugin.h,suite,PrSDKSequenceInfoSuite
Projects\Transmitter\TransmitterPlugin.h,suite,PrSDKThreadedWorkSuite
Projects\Transmitter\TransmitterPlugin.h,suite,PrSDKThreadedWorkSuiteVersion3
Projects\Transmitter\TransmitterPlugin.h,suite,PrSDKTimeSuite
Projects\Transmitter\TransmitterPlugin.h,suite,SPBasicSuite
Projects\Transmitter\TransmitterPlugin.h,suite,SequenceInfoSuite
Projects\Transmitter\TransmitterPlugin.h,suite,ThreadedWorkSuite
Projects\Transmitter\TransmitterPlugin.h,suite,TimeSuite
Projects\Transmitter\TransmitterPlugin.h,api,PrSDKPPixSuite
Projects\Transmitter\TransmitterPlugin.h,api,PrSDKPlayModuleAudioSuite
Projects\Transmitter\TransmitterPlugin.h,api,PrSDKSequenceInfoSuite
Projects\Transmitter\TransmitterPlugin.h,api,PrSDKThreadedWorkSuite
Projects\Transmitter\TransmitterPlugin.h,api,PrSDKThreadedWorkSuiteVersion3
Projects\Transmitter\TransmitterPlugin.h,api,PrSDKTimeSuite
Projects\Transmitter\TransmitterPlugin.h,api,PrSDKTransmit
Projects\GPUVideoFilter\SDK_CrossDissolve\SDK_CrossDissolve.h,api,PrSDKAESupport
Projects\GPUVideoFilter\SDK_CrossDissolve\SDK_CrossDissolve.h,api,PrSDKTypes
Projects\GPUVideoFilter\SDK_CrossDissolve\SDK_CrossDissolve_CPU.cpp,suite,PF_PixelFormatSuite1
Projects\GPUVideoFilter\SDK_CrossDissolve\SDK_CrossDissolve_CPU.cpp,suite,PF_TransitionSuite
Projects\GPUVideoFilter\SDK_CrossDissolve\SDK_CrossDissolve_CPU.cpp,suite,PF_UtilitySuite4
Projects\GPUVideoFilter\SDK_CrossDissolve\SDK_CrossDissolve_CPU.cpp,suite,kPFPixelFormatSuite
Projects\GPUVideoFilter\SDK_CrossDissolve\SDK_CrossDissolve_CPU.cpp,suite,kPFPixelFormatSuiteVersion1
Projects\GPUVideoFilter\SDK_CrossDissolve\SDK_CrossDissolve_CPU.cpp,suite,kPFTransitionSuite
Projects\GPUVideoFilter\SDK_CrossDissolve\SDK_CrossDissolve_CPU.cpp,suite,kPFTransitionSuiteVersion
Projects\GPUVideoFilter\SDK_CrossDissolve\SDK_CrossDissolve_CPU.cpp,suite,kPFUtilitySuite
Projects\GPUVideoFilter\SDK_CrossDissolve\SDK_CrossDissolve_CPU.cpp,suite,kPFUtilitySuiteVersion4
Projects\GPUVideoFilter\SDK_CrossDissolve\SDK_CrossDissolve_CPU.cpp,suite,pixelFormatSuite
Projects\GPUVideoFilter\SDK_CrossDissolve\SDK_CrossDissolve_CPU.cpp,suite,transitionSuite
Projects\GPUVideoFilter\SDK_CrossDissolve\SDK_CrossDissolve_CPU.cpp,suite,utilitySuite
Projects\GPUVideoFilter\SDK_CrossDissolve\SDK_CrossDissolve_CPU.cpp,api,PF_Cmd_GLOBAL_SETDOWN
Projects\GPUVideoFilter\SDK_CrossDissolve\SDK_CrossDissolve_CPU.cpp,api,PF_Cmd_GLOBAL_SETUP
Projects\GPUVideoFilter\SDK_CrossDissolve\SDK_CrossDissolve_CPU.cpp,api,PF_Cmd_PARAMS_SETUP
Projects\GPUVideoFilter\SDK_CrossDissolve\SDK_CrossDissolve_CPU.cpp,api,PF_Cmd_RENDER
Projects\GPUVideoFilter\SDK_CrossDissolve\SDK_CrossDissolve_CPU.cpp,api,PF_OutFlag2_PRESERVES_FULLY_OPAQUE_PIXELS
Projects\GPUVideoFilter\SDK_CrossDissolve\SDK_CrossDissolve_CPU.cpp,api,PF_OutFlag_NON_PARAM_VARY
Projects\GPUVideoFilter\SDK_CrossDissolve\SDK_CrossDissolve_CPU.cpp,api,PF_OutFlag_USE_OUTPUT_EXTENT
Projects\GPUVideoFilter\SDK_CrossDissolve\SDK_CrossDissolve_GPU.cpp,suite,TransitionSuite
Projects\GPUVideoFilter\SDK_CrossDissolve\SDK_CrossDissolve_GPU.cpp,suite,mGPUDeviceSuite
Projects\GPUVideoFilter\SDK_CrossDissolve\SDK_CrossDissolve_GPU.cpp,suite,mPPix2Suite
Projects\GPUVideoFilter\SDK_CrossDissolve\SDK_CrossDissolve_GPU.cpp,suite,mPPixSuite
Projects\GPUVideoFilter\SDK_CrossDissolve\SDK_CrossDissolve_GPU.cpp,suite,mTransitionSuite
Projects\GPUVideoFilter\SDK_CrossDissolve\SDK_CrossDissolve_GPU.cpp,api,PrSDKVideoSegmentProperties
Projects\GPUVideoFilter\SDK_ProcAmp\SDK_ProcAmp.h,api,PrSDKAESupport
Projects\GPUVideoFilter\SDK_ProcAmp\SDK_ProcAmp.h,api,PrSDKTypes
Projects\GPUVideoFilter\SDK_ProcAmp\SDK_ProcAmp_CPU.cpp,suite,PF_PixelFormatSuite1
Projects\GPUVideoFilter\SDK_ProcAmp\SDK_ProcAmp_CPU.cpp,suite,kPFPixelFormatSuite
Projects\GPUVideoFilter\SDK_ProcAmp\SDK_ProcAmp_CPU.cpp,suite,kPFPixelFormatSuiteVersion1
Projects\GPUVideoFilter\SDK_ProcAmp\SDK_ProcAmp_CPU.cpp,suite,pixelFormatSuite
Projects\GPUVideoFilter\SDK_ProcAmp\SDK_ProcAmp_CPU.cpp,api,PF_Cmd_GLOBAL_SETDOWN
Projects\GPUVideoFilter\SDK_ProcAmp\SDK_ProcAmp_CPU.cpp,api,PF_Cmd_GLOBAL_SETUP
Projects\GPUVideoFilter\SDK_ProcAmp\SDK_ProcAmp_CPU.cpp,api,PF_Cmd_PARAMS_SETUP
Projects\GPUVideoFilter\SDK_ProcAmp\SDK_ProcAmp_CPU.cpp,api,PF_Cmd_RENDER
Projects\GPUVideoFilter\SDK_ProcAmp\SDK_ProcAmp_CPU.cpp,api,PF_OutFlag2_PRESERVES_FULLY_OPAQUE_PIXELS
Projects\GPUVideoFilter\SDK_ProcAmp\SDK_ProcAmp_CPU.cpp,api,PF_OutFlag_USE_OUTPUT_EXTENT
Projects\GPUVideoFilter\SDK_ProcAmp\SDK_ProcAmp_GPU.cpp,suite,mGPUDeviceSuite
Projects\GPUVideoFilter\SDK_ProcAmp\SDK_ProcAmp_GPU.cpp,suite,mPPixSuite
Projects\GPUVideoFilter\Utils\PrGPUFilterModule.h,suite,AcquireSuite
Projects\GPUVideoFilter\Utils\PrGPUFilterModule.h,suite,PF_TransitionSuite
Projects\GPUVideoFilter\Utils\PrGPUFilterModule.h,suite,PrSDKGPUDeviceSuite
Projects\GPUVideoFilter\Utils\PrGPUFilterModule.h,suite,PrSDKGPUImageProcessingSuite
Projects\GPUVideoFilter\Utils\PrGPUFilterModule.h,suite,PrSDKMemoryManagerSuite
Projects\GPUVideoFilter\Utils\PrGPUFilterModule.h,suite,PrSDKPPix2Suite
Projects\GPUVideoFilter\Utils\PrGPUFilterModule.h,suite,PrSDKPPixSuite
Projects\GPUVideoFilter\Utils\PrGPUFilterModule.h,suite,PrSDKVideoSegmentSuite
Projects\GPUVideoFilter\Utils\PrGPUFilterModule.h,suite,getSPBasicSuite
Projects\GPUVideoFilter\Utils\PrGPUFilterModule.h,suite,kPFTransitionSuite
Projects\GPUVideoFilter\Utils\PrGPUFilterModule.h,suite,kPFTransitionSuiteVersion
Projects\GPUVideoFilter\Utils\PrGPUFilterModule.h,suite,kPrSDKGPUDeviceSuite
Projects\GPUVideoFilter\Utils\PrGPUFilterModule.h,suite,kPrSDKGPUDeviceSuiteVersion
Projects\GPUVideoFilter\Utils\PrGPUFilterModule.h,suite,kPrSDKGPUImageProcessingSuite
Projects\GPUVideoFilter\Utils\PrGPUFilterModule.h,suite,kPrSDKGPUImageProcessingSuiteVersion
Projects\GPUVideoFilter\Utils\PrGPUFilterModule.h,suite,kPrSDKMemoryManagerSuite
Projects\GPUVideoFilter\Utils\PrGPUFilterModule.h,suite,kPrSDKMemoryManagerSuiteVersion
Projects\GPUVideoFilter\Utils\PrGPUFilterModule.h,suite,kPrSDKPPix2Suite
Projects\GPUVideoFilter\Utils\PrGPUFilterModule.h,suite,kPrSDKPPix2SuiteVersion
Projects\GPUVideoFilter\Utils\PrGPUFilterModule.h,suite,kPrSDKPPixSuite
Projects\GPUVideoFilter\Utils\PrGPUFilterModule.h,suite,kPrSDKPPixSuiteVersion
Projects\GPUVideoFilter\Utils\PrGPUFilterModule.h,suite,kPrSDKVideoSegmentSuite
Projects\GPUVideoFilter\Utils\PrGPUFilterModule.h,suite,kPrSDKVideoSegmentSuiteVersion
Projects\GPUVideoFilter\Utils\PrGPUFilterModule.h,suite,mGPUDeviceSuite
Projects\GPUVideoFilter\Utils\PrGPUFilterModule.h,suite,mGPUImageProcessingSuite
Projects\GPUVideoFilter\Utils\PrGPUFilterModule.h,suite,mMemoryManagerSuite
Projects\GPUVideoFilter\Utils\PrGPUFilterModule.h,suite,mPPix2Suite
Projects\GPUVideoFilter\Utils\PrGPUFilterModule.h,suite,mPPixSuite
Projects\GPUVideoFilter\Utils\PrGPUFilterModule.h,suite,mTransitionSuite
Projects\GPUVideoFilter\Utils\PrGPUFilterModule.h,suite,mVideoSegmentSuite
Projects\GPUVideoFilter\Utils\PrGPUFilterModule.h,api,PrSDKGPUDeviceSuite
Projects\GPUVideoFilter\Utils\PrGPUFilterModule.h,api,PrSDKGPUFilter
Projects\GPUVideoFilter\Utils\PrGPUFilterModule.h,api,PrSDKGPUFilterInterfaceVersion
Projects\GPUVideoFilter\Utils\PrGPUFilterModule.h,api,PrSDKGPUImageProcessingSuite
Projects\GPUVideoFilter\Utils\PrGPUFilterModule.h,api,PrSDKMemoryManagerSuite
Projects\GPUVideoFilter\Utils\PrGPUFilterModule.h,api,PrSDKPPix2Suite
Projects\GPUVideoFilter\Utils\PrGPUFilterModule.h,api,PrSDKPPixSuite
Projects\GPUVideoFilter\Utils\PrGPUFilterModule.h,api,PrSDKString
Projects\GPUVideoFilter\Utils\PrGPUFilterModule.h,api,PrSDKVideoSegmentSuite
Projects\GPUVideoFilter\Vignette\Vignette.h,api,AEGP_SuiteHandler
Projects\GPUVideoFilter\Vignette\Vignette.h,api,PrSDKAESupport
Projects\GPUVideoFilter\Vignette\Vignette.h,api,PrSDKTypes
Projects\GPUVideoFilter\Vignette\Vignette_CPU.cpp,suite,AEFX_AcquireSuite
Projects\GPUVideoFilter\Vignette\Vignette_CPU.cpp,suite,AEFX_ReleaseSuite
Projects\GPUVideoFilter\Vignette\Vignette_CPU.cpp,suite,ANSICallbacksSuite1
Projects\GPUVideoFilter\Vignette\Vignette_CPU.cpp,suite,Iterate16Suite1
Projects\GPUVideoFilter\Vignette\Vignette_CPU.cpp,suite,Iterate8Suite1
Projects\GPUVideoFilter\Vignette\Vignette_CPU.cpp,suite,IterateFloatSuite1
Projects\GPUVideoFilter\Vignette\Vignette_CPU.cpp,suite,PF_Iterate8Suite1
Projects\GPUVideoFilter\Vignette\Vignette_CPU.cpp,suite,PF_PixelFormatSuite1
Projects\GPUVideoFilter\Vignette\Vignette_CPU.cpp,suite,PF_WorldSuite2
Projects\GPUVideoFilter\Vignette\Vignette_CPU.cpp,suite,iterate8Suite
Projects\GPUVideoFilter\Vignette\Vignette_CPU.cpp,suite,kPFIterate8Suite
Projects\GPUVideoFilter\Vignette\Vignette_CPU.cpp,suite,kPFIterate8SuiteVersion1
Projects\GPUVideoFilter\Vignette\Vignette_CPU.cpp,suite,kPFPixelFormatSuite
Projects\GPUVideoFilter\Vignette\Vignette_CPU.cpp,suite,kPFPixelFormatSuiteVersion1
Projects\GPUVideoFilter\Vignette\Vignette_CPU.cpp,suite,kPFWorldSuite
Projects\GPUVideoFilter\Vignette\Vignette_CPU.cpp,suite,kPFWorldSuiteVersion2
Projects\GPUVideoFilter\Vignette\Vignette_CPU.cpp,suite,pixelFormatSuite
Projects\GPUVideoFilter\Vignette\Vignette_CPU.cpp,api,AEGP_SuiteHandler
Projects\GPUVideoFilter\Vignette\Vignette_CPU.cpp,api,PF_Cmd_ABOUT
Projects\GPUVideoFilter\Vignette\Vignette_CPU.cpp,api,PF_Cmd_GLOBAL_SETUP
Projects\GPUVideoFilter\Vignette\Vignette_CPU.cpp,api,PF_Cmd_PARAMS_SETUP
Projects\GPUVideoFilter\Vignette\Vignette_CPU.cpp,api,PF_Cmd_RENDER
Projects\GPUVideoFilter\Vignette\Vignette_CPU.cpp,api,PF_Cmd_SMART_PRE_RENDER
Projects\GPUVideoFilter\Vignette\Vignette_CPU.cpp,api,PF_Cmd_SMART_RENDER
Projects\GPUVideoFilter\Vignette\Vignette_CPU.cpp,api,PF_OutFlag2_DOESNT_NEED_EMPTY_PIXELS
Projects\GPUVideoFilter\Vignette\Vignette_CPU.cpp,api,PF_OutFlag2_FLOAT_COLOR_AWARE
Projects\GPUVideoFilter\Vignette\Vignette_CPU.cpp,api,PF_OutFlag2_SUPPORTS_SMART_RENDER
Projects\GPUVideoFilter\Vignette\Vignette_CPU.cpp,api,PF_OutFlag_PIX_INDEPENDENT
Projects\GPUVideoFilter\Vignette\Vignette_CPU.cpp,api,PF_OutFlag_USE_OUTPUT_EXTENT
Projects\GPUVideoFilter\Vignette\Vignette_GPU.cpp,suite,mGPUDeviceSuite
Projects\GPUVideoFilter\Vignette\Vignette_GPU.cpp,suite,mPPixSuite
Projects\GPUVideoFilter\Vignette\Vignette_GPU.cpp,api,PrSDKVideoSegmentProperties
Projects\ControlSurface\Src\ControlSurface.cpp,suite,ADOBESDK_ControlSurfaceHostCommandSuite1
Projects\ControlSurface\Src\ControlSurface.cpp,suite,ADOBESDK_ControlSurfaceHostLumetriSuite1
Projects\ControlSurface\Src\ControlSurface.cpp,suite,ADOBESDK_ControlSurfaceHostMixerSuite1
Projects\ControlSurface\Src\ControlSurface.cpp,suite,ADOBESDK_ControlSurfaceHostSuite1
Projects\ControlSurface\Src\ControlSurface.cpp,suite,ADOBESDK_ControlSurfaceHostTransportSuite1
Projects\ControlSurface\Src\ControlSurface.cpp,suite,AcquireSuite
Projects\ControlSurface\Src\ControlSurface.cpp,suite,ControlSurfaceCommandSuite
Projects\ControlSurface\Src\ControlSurface.cpp,suite,ControlSurfaceLumetriSuite
Projects\ControlSurface\Src\ControlSurface.cpp,suite,ControlSurfaceMixerSuite
Projects\ControlSurface\Src\ControlSurface.cpp,suite,ControlSurfaceSuite
Projects\ControlSurface\Src\ControlSurface.cpp,suite,ControlSurfaceTransportSuite
Projects\ControlSurface\Src\ControlSurface.cpp,suite,RegisterSuite
Projects\ControlSurface\Src\ControlSurface.cpp,suite,ReleaseSuite
Projects\ControlSurface\Src\ControlSurface.cpp,suite,SPBasicSuite
Projects\ControlSurface\Src\ControlSurface.cpp,suite,SPSuitesSuite
Projects\ControlSurface\Src\ControlSurface.cpp,suite,controlSurfaceHostCommandSuite
Projects\ControlSurface\Src\ControlSurface.cpp,suite,controlSurfaceHostLumetriSuite
Projects\ControlSurface\Src\ControlSurface.cpp,suite,controlSurfaceHostMixerSuite
Projects\ControlSurface\Src\ControlSurface.cpp,suite,controlSurfaceHostSuite
Projects\ControlSurface\Src\ControlSurface.cpp,suite,controlSurfaceHostTransportSuite
Projects\ControlSurface\Src\ControlSurface.cpp,suite,inSPSuitesSuite
Projects\ControlSurface\Src\ControlSurface.cpp,suite,kADOBESDK_ControlSurfaceHostCommandSuite
Projects\ControlSurface\Src\ControlSurface.cpp,suite,kADOBESDK_ControlSurfaceHostCommandSuite_Version1
Projects\ControlSurface\Src\ControlSurface.cpp,suite,kADOBESDK_ControlSurfaceHostLumetriSuite
Projects\ControlSurface\Src\ControlSurface.cpp,suite,kADOBESDK_ControlSurfaceHostLumetriSuite_Version1
Projects\ControlSurface\Src\ControlSurface.cpp,suite,kADOBESDK_ControlSurfaceHostMixerSuite
Projects\ControlSurface\Src\ControlSurface.cpp,suite,kADOBESDK_ControlSurfaceHostMixerSuite_Version1
Projects\ControlSurface\Src\ControlSurface.cpp,suite,kADOBESDK_ControlSurfaceHostSuite
Projects\ControlSurface\Src\ControlSurface.cpp,suite,kADOBESDK_ControlSurfaceHostSuite_Version1
Projects\ControlSurface\Src\ControlSurface.cpp,suite,kADOBESDK_ControlSurfaceHostTransportSuite
Projects\ControlSurface\Src\ControlSurface.cpp,suite,kADOBESDK_ControlSurfaceHostTransportSuite_Version1
Projects\ControlSurface\Src\ControlSurface.cpp,suite,mControlSurfaceHostCommandSuite
Projects\ControlSurface\Src\ControlSurface.cpp,suite,mControlSurfaceHostLumetriSuite
Projects\ControlSurface\Src\ControlSurface.cpp,suite,mControlSurfaceHostMemorySuite
Projects\ControlSurface\Src\ControlSurface.cpp,suite,mControlSurfaceHostMixerSuite
Projects\ControlSurface\Src\ControlSurface.cpp,suite,mControlSurfaceHostSuite
Projects\ControlSurface\Src\ControlSurface.cpp,suite,mControlSurfaceHostTransportSuite
Projects\ControlSurface\Src\ControlSurface.h,suite,ADOBESDK_ControlSurfaceHostCommandSuite1
Projects\ControlSurface\Src\ControlSurface.h,suite,ADOBESDK_ControlSurfaceHostLumetriSuite1
Projects\ControlSurface\Src\ControlSurface.h,suite,ADOBESDK_ControlSurfaceHostMixerSuite1
Projects\ControlSurface\Src\ControlSurface.h,suite,ADOBESDK_ControlSurfaceHostSuite1
Projects\ControlSurface\Src\ControlSurface.h,suite,ADOBESDK_ControlSurfaceHostTransportSuite1
Projects\ControlSurface\Src\ControlSurface.h,suite,AdobesdkStringSuite
Projects\ControlSurface\Src\ControlSurface.h,suite,ControlSurfaceHostCommandSuite
Projects\ControlSurface\Src\ControlSurface.h,suite,ControlSurfaceHostLumetriSuite
Projects\ControlSurface\Src\ControlSurface.h,suite,ControlSurfaceHostMixerSuite
Projects\ControlSurface\Src\ControlSurface.h,suite,ControlSurfaceHostSuite
Projects\ControlSurface\Src\ControlSurface.h,suite,ControlSurfaceHostTransportSuite
Projects\ControlSurface\Src\ControlSurface.h,suite,SPBasicSuite
Projects\ControlSurface\Src\ControlSurface.h,suite,SPSuitesSuite
Projects\ControlSurface\Src\ControlSurface.h,suite,inSPSuitesSuite
Projects\ControlSurface\Src\ControlSurface.h,suite,mControlSurfaceHostCommandSuite
Projects\ControlSurface\Src\ControlSurface.h,suite,mControlSurfaceHostLumetriSuite
Projects\ControlSurface\Src\ControlSurface.h,suite,mControlSurfaceHostMixerSuite
Projects\ControlSurface\Src\ControlSurface.h,suite,mControlSurfaceHostSuite
Projects\ControlSurface\Src\ControlSurface.h,suite,mControlSurfaceHostTransportSuite
Projects\ControlSurface\Src\ControlSurfacePlugin.cpp,suite,ADOBESDK_ControlSurfacePluginSuite1
Projects\ControlSurface\Src\ControlSurfacePlugin.cpp,suite,ADOBESDK_StringSuite1
Projects\ControlSurface\Src\ControlSurfacePlugin.cpp,suite,AcquireSuite
Projects\ControlSurface\Src\ControlSurfacePlugin.cpp,suite,AddSuite
Projects\ControlSurface\Src\ControlSurfacePlugin.cpp,suite,ControlSurfacePluginSuite
Projects\ControlSurface\Src\ControlSurfacePlugin.cpp,suite,ControlSurfaceSuite
Projects\ControlSurface\Src\ControlSurfacePlugin.cpp,suite,ReleaseSuite
Projects\ControlSurface\Src\ControlSurfacePlugin.cpp,suite,SPBasicSuite
Projects\ControlSurface\Src\ControlSurfacePlugin.cpp,suite,SPSuitesSuite
Projects\ControlSurface\Src\ControlSurfacePlugin.cpp,suite,kADOBESDK_ControlSurfacePluginSuite
Projects\ControlSurface\Src\ControlSurfacePlugin.cpp,suite,kADOBESDK_ControlSurfacePluginSuite_Version1
Projects\ControlSurface\Src\ControlSurfacePlugin.cpp,suite,kADOBESDK_StringSuite
Projects\ControlSurface\Src\ControlSurfacePlugin.cpp,suite,kADOBESDK_StringSuite_Version1
Projects\ControlSurface\Src\ControlSurfacePlugin.cpp,suite,kSPSuitesSuite
Projects\ControlSurface\Src\ControlSurfacePlugin.cpp,suite,kSPSuitesSuiteVersion
Projects\ControlSurface\Src\ControlSurfacePlugin.cpp,suite,memorySuite
Projects\ControlSurface\Src\ControlSurfacePlugin.cpp,suite,sPluginSuite
Projects\ControlSurface\Src\ControlSurfacePlugin.cpp,suite,sSPBasicSuite
Projects\ControlSurface\Src\ControlSurfacePlugin.cpp,suite,sSPSuitesSuite
Projects\ControlSurface\Src\ControlSurfacePlugin.cpp,suite,sStringSuite
Headers\adobesdk\AdobesdkStringSuite.h,suite,ADOBESDK_StringSuite1
Headers\adobesdk\AdobesdkStringSuite.h,suite,StringSuite
Headers\adobesdk\AdobesdkStringSuite.h,suite,kADOBESDK_StringSuite
Headers\adobesdk\AdobesdkStringSuite.h,suite,kADOBESDK_StringSuiteCurrent
Headers\adobesdk\AdobesdkStringSuite.h,suite,kADOBESDK_StringSuite_Version1
Headers\adobesdk\AdobesdkStringSuite.h,suite,kADOBESDK_StringSuite_VersionCurrent
Headers\adobesdk\controlsurface\host\ControlSurfaceHostCommandSuite.h,suite,ADOBESDK_ControlSurfaceHostCommandSuite1
Headers\adobesdk\controlsurface\host\ControlSurfaceHostCommandSuite.h,suite,Suite
Headers\adobesdk\controlsurface\host\ControlSurfaceHostCommandSuite.h,suite,kADOBESDK_ControlSurfaceHostCommandSuite
Headers\adobesdk\controlsurface\host\ControlSurfaceHostCommandSuite.h,suite,kADOBESDK_ControlSurfaceHostCommandSuiteCurrent
Headers\adobesdk\controlsurface\host\ControlSurfaceHostCommandSuite.h,suite,kADOBESDK_ControlSurfaceHostCommandSuite_Version1
Headers\adobesdk\controlsurface\host\ControlSurfaceHostCommandSuite.h,suite,kADOBESDK_ControlSurfaceHostCommandSuite_VersionCurrent
Headers\adobesdk\controlsurface\host\ControlSurfaceHostLumetriSuite.h,suite,ADOBESDK_ControlSurfaceHostLumetriSuite1
Headers\adobesdk\controlsurface\host\ControlSurfaceHostLumetriSuite.h,suite,Suite
Headers\adobesdk\controlsurface\host\ControlSurfaceHostLumetriSuite.h,suite,kADOBESDK_ControlSurfaceHostLumetriSuite
Headers\adobesdk\controlsurface\host\ControlSurfaceHostLumetriSuite.h,suite,kADOBESDK_ControlSurfaceHostLumetriSuiteCurrent
Headers\adobesdk\controlsurface\host\ControlSurfaceHostLumetriSuite.h,suite,kADOBESDK_ControlSurfaceHostLumetriSuite_Version1
Headers\adobesdk\controlsurface\host\ControlSurfaceHostLumetriSuite.h,suite,kADOBESDK_ControlSurfaceHostLumetriSuite_VersionCurrent
Headers\adobesdk\controlsurface\host\ControlSurfaceHostMarkerSuite.h,suite,ADOBESDK_ControlSurfaceHostMarkerSuite1
Headers\adobesdk\controlsurface\host\ControlSurfaceHostMarkerSuite.h,suite,ADOBESDK_ControlSurfaceHostMemorySuite1
Headers\adobesdk\controlsurface\host\ControlSurfaceHostMarkerSuite.h,suite,Suite
Headers\adobesdk\controlsurface\host\ControlSurfaceHostMarkerSuite.h,suite,kADOBESDK_ControlSurfaceHostMarkerSuite
Headers\adobesdk\controlsurface\host\ControlSurfaceHostMarkerSuite.h,suite,kADOBESDK_ControlSurfaceHostMarkerSuiteCurrent
Headers\adobesdk\controlsurface\host\ControlSurfaceHostMarkerSuite.h,suite,kADOBESDK_ControlSurfaceHostMarkerSuite_Version1
Headers\adobesdk\controlsurface\host\ControlSurfaceHostMarkerSuite.h,suite,kADOBESDK_ControlSurfaceHostMarkerSuite_VersionCurrent
Headers\adobesdk\controlsurface\host\ControlSurfaceHostMixerSuite.h,suite,ADOBESDK_ControlSurfaceHostMixerSuite1
Headers\adobesdk\controlsurface\host\ControlSurfaceHostMixerSuite.h,suite,Suite
Headers\adobesdk\controlsurface\host\ControlSurfaceHostMixerSuite.h,suite,kADOBESDK_ControlSurfaceHostMixerSuite
Headers\adobesdk\controlsurface\host\ControlSurfaceHostMixerSuite.h,suite,kADOBESDK_ControlSurfaceHostMixerSuiteCurrent
Headers\adobesdk\controlsurface\host\ControlSurfaceHostMixerSuite.h,suite,kADOBESDK_ControlSurfaceHostMixerSuite_Version1
Headers\adobesdk\controlsurface\host\ControlSurfaceHostMixerSuite.h,suite,kADOBESDK_ControlSurfaceHostMixerSuite_VersionCurrent
Headers\adobesdk\controlsurface\host\ControlSurfaceHostSuite.h,suite,ADOBESDK_ControlSurfaceHostSuite1
Headers\adobesdk\controlsurface\host\ControlSurfaceHostSuite.h,suite,ADOBESDK_ControlSurfaceHostSuite2
Headers\adobesdk\controlsurface\host\ControlSurfaceHostSuite.h,suite,Suite
Headers\adobesdk\controlsurface\host\ControlSurfaceHostSuite.h,suite,kADOBESDK_ControlSurfaceHostSuite
Headers\adobesdk\controlsurface\host\ControlSurfaceHostSuite.h,suite,kADOBESDK_ControlSurfaceHostSuiteCurrent
Headers\adobesdk\controlsurface\host\ControlSurfaceHostSuite.h,suite,kADOBESDK_ControlSurfaceHostSuite_Version1
Headers\adobesdk\controlsurface\host\ControlSurfaceHostSuite.h,suite,kADOBESDK_ControlSurfaceHostSuite_Version2
Headers\adobesdk\controlsurface\host\ControlSurfaceHostSuite.h,suite,kADOBESDK_ControlSurfaceHostSuite_VersionCurrent
Headers\adobesdk\controlsurface\host\ControlSurfaceHostTransportSuite.h,suite,ADOBESDK_ControlSurfaceHostTransportSuite1
Headers\adobesdk\controlsurface\host\ControlSurfaceHostTransportSuite.h,suite,Suite
Headers\adobesdk\controlsurface\host\ControlSurfaceHostTransportSuite.h,suite,kADOBESDK_ControlSurfaceHostTransportSuite
Headers\adobesdk\controlsurface\host\ControlSurfaceHostTransportSuite.h,suite,kADOBESDK_ControlSurfaceHostTransportSuiteCurrent
Headers\adobesdk\controlsurface\host\ControlSurfaceHostTransportSuite.h,suite,kADOBESDK_ControlSurfaceHostTransportSuite_Version1
Headers\adobesdk\controlsurface\host\ControlSurfaceHostTransportSuite.h,suite,kADOBESDK_ControlSurfaceHostTransportSuite_VersionCurrent
Headers\adobesdk\controlsurface\plugin\ControlSurfaceCommandSuite.h,suite,ADOBESDK_ControlSurfaceCommandSuite1
Headers\adobesdk\controlsurface\plugin\ControlSurfaceCommandSuite.h,suite,ADOBESDK_ControlSurfaceHostMemorySuite1
Headers\adobesdk\controlsurface\plugin\ControlSurfaceCommandSuite.h,suite,Suite
Headers\adobesdk\controlsurface\plugin\ControlSurfaceCommandSuite.h,suite,kADOBESDK_ControlSurfaceCommandSuite
Headers\adobesdk\controlsurface\plugin\ControlSurfaceCommandSuite.h,suite,kADOBESDK_ControlSurfaceCommandSuiteCurrent
Headers\adobesdk\controlsurface\plugin\ControlSurfaceCommandSuite.h,suite,kADOBESDK_ControlSurfaceCommandSuite_Version1
Headers\adobesdk\controlsurface\plugin\ControlSurfaceCommandSuite.h,suite,kADOBESDK_ControlSurfaceCommandSuite_VersionCurrent
Headers\adobesdk\controlsurface\plugin\ControlSurfaceLumetriSuite.h,suite,ADOBESDK_ControlSurfaceLumetriSuite1
Headers\adobesdk\controlsurface\plugin\ControlSurfaceLumetriSuite.h,suite,Suite
Headers\adobesdk\controlsurface\plugin\ControlSurfaceLumetriSuite.h,suite,kADOBESDK_ControlSurfaceLumetriSuite
Headers\adobesdk\controlsurface\plugin\ControlSurfaceLumetriSuite.h,suite,kADOBESDK_ControlSurfaceLumetriSuiteCurrent
Headers\adobesdk\controlsurface\plugin\ControlSurfaceLumetriSuite.h,suite,kADOBESDK_ControlSurfaceLumetriSuite_Version1
Headers\adobesdk\controlsurface\plugin\ControlSurfaceLumetriSuite.h,suite,kADOBESDK_ControlSurfaceLumetriSuite_VersionCurrent
Headers\adobesdk\controlsurface\plugin\ControlSurfaceMarkerSuite.h,suite,ADOBESDK_ControlSurfaceMarkerSuite1
Headers\adobesdk\controlsurface\plugin\ControlSurfaceMarkerSuite.h,suite,Suite
Headers\adobesdk\controlsurface\plugin\ControlSurfaceMarkerSuite.h,suite,kADOBESDK_ControlSurfaceMarkerSuite
Headers\adobesdk\controlsurface\plugin\ControlSurfaceMarkerSuite.h,suite,kADOBESDK_ControlSurfaceMarkerSuiteCurrent
Headers\adobesdk\controlsurface\plugin\ControlSurfaceMarkerSuite.h,suite,kADOBESDK_ControlSurfaceMarkerSuite_Version1
Headers\adobesdk\controlsurface\plugin\ControlSurfaceMarkerSuite.h,suite,kADOBESDK_ControlSurfaceMarkerSuite_VersionCurrent
Headers\adobesdk\controlsurface\plugin\ControlSurfaceMixerSuite.h,suite,ADOBESDK_ControlSurfaceMixerSuite1
Headers\adobesdk\controlsurface\plugin\ControlSurfaceMixerSuite.h,suite,ADOBESDK_ControlSurfaceMixerSuite2
Headers\adobesdk\controlsurface\plugin\ControlSurfaceMixerSuite.h,suite,Suite
Headers\adobesdk\controlsurface\plugin\ControlSurfaceMixerSuite.h,suite,kADOBESDK_ControlSurfaceMixerSuite
Headers\adobesdk\controlsurface\plugin\ControlSurfaceMixerSuite.h,suite,kADOBESDK_ControlSurfaceMixerSuiteCurrent
Headers\adobesdk\controlsurface\plugin\ControlSurfaceMixerSuite.h,suite,kADOBESDK_ControlSurfaceMixerSuite_Version1
Headers\adobesdk\controlsurface\plugin\ControlSurfaceMixerSuite.h,suite,kADOBESDK_ControlSurfaceMixerSuite_Version2
Headers\adobesdk\controlsurface\plugin\ControlSurfaceMixerSuite.h,suite,kADOBESDK_ControlSurfaceMixerSuite_VersionCurrent
Headers\adobesdk\controlsurface\plugin\ControlSurfacePluginSuite.h,suite,ADOBESDK_ControlSurfacePluginSuite1
Headers\adobesdk\controlsurface\plugin\ControlSurfacePluginSuite.h,suite,ControlSurfaceSuite
Headers\adobesdk\controlsurface\plugin\ControlSurfacePluginSuite.h,suite,SPBasicSuite
Headers\adobesdk\controlsurface\plugin\ControlSurfacePluginSuite.h,suite,Suite
Headers\adobesdk\controlsurface\plugin\ControlSurfacePluginSuite.h,suite,kADOBESDK_ControlSurfacePluginSuite
Headers\adobesdk\controlsurface\plugin\ControlSurfacePluginSuite.h,suite,kADOBESDK_ControlSurfacePluginSuiteCurrent
Headers\adobesdk\controlsurface\plugin\ControlSurfacePluginSuite.h,suite,kADOBESDK_ControlSurfacePluginSuite_Version1
Headers\adobesdk\controlsurface\plugin\ControlSurfacePluginSuite.h,suite,kADOBESDK_ControlSurfacePluginSuite_VersionCurrent
Headers\adobesdk\controlsurface\plugin\ControlSurfaceSuite.h,suite,ADOBESDK_ControlSurfaceSuite1
Headers\adobesdk\controlsurface\plugin\ControlSurfaceSuite.h,suite,ADOBESDK_ControlSurfaceSuite2
Headers\adobesdk\controlsurface\plugin\ControlSurfaceSuite.h,suite,Suite
Headers\adobesdk\controlsurface\plugin\ControlSurfaceSuite.h,suite,kADOBESDK_ControlSurfaceSuite
Headers\adobesdk\controlsurface\plugin\ControlSurfaceSuite.h,suite,kADOBESDK_ControlSurfaceSuiteCurrent
Headers\adobesdk\controlsurface\plugin\ControlSurfaceSuite.h,suite,kADOBESDK_ControlSurfaceSuite_Version1
Headers\adobesdk\controlsurface\plugin\ControlSurfaceSuite.h,suite,kADOBESDK_ControlSurfaceSuite_Version2
Headers\adobesdk\controlsurface\plugin\ControlSurfaceSuite.h,suite,kADOBESDK_ControlSurfaceSuite_VersionCurrent
Headers\adobesdk\controlsurface\plugin\ControlSurfaceTransportSuite.h,suite,ADOBESDK_ControlSurfaceTransportSuite1
Headers\adobesdk\controlsurface\plugin\ControlSurfaceTransportSuite.h,suite,Suite
Headers\adobesdk\controlsurface\plugin\ControlSurfaceTransportSuite.h,suite,kADOBESDK_ControlSurfaceTransportSuite
Headers\adobesdk\controlsurface\plugin\ControlSurfaceTransportSuite.h,suite,kADOBESDK_ControlSurfaceTransportSuiteCurrent
Headers\adobesdk\controlsurface\plugin\ControlSurfaceTransportSuite.h,suite,kADOBESDK_ControlSurfaceTransportSuite_Version1
Headers\adobesdk\controlsurface\plugin\ControlSurfaceTransportSuite.h,suite,kADOBESDK_ControlSurfaceTransportSuite_VersionCurrent
Headers\adobesdk\controlsurface\plugin\wrapper\ControlSurfaceBase.cpp,suite,ADOBESDK_ControlSurfaceSuite2
Headers\adobesdk\controlsurface\plugin\wrapper\ControlSurfaceBase.cpp,suite,AddSuite
Headers\adobesdk\controlsurface\plugin\wrapper\ControlSurfaceBase.cpp,suite,ControlSurfaceMarkerSuite
Headers\adobesdk\controlsurface\plugin\wrapper\ControlSurfaceBase.cpp,suite,RegisterSuite
Headers\adobesdk\controlsurface\plugin\wrapper\ControlSurfaceBase.cpp,suite,SPSuitesSuite
Headers\adobesdk\controlsurface\plugin\wrapper\ControlSurfaceBase.cpp,suite,inSPSuitesSuite
Headers\adobesdk\controlsurface\plugin\wrapper\ControlSurfaceBase.cpp,suite,kADOBESDK_ControlSurfaceSuite
Headers\adobesdk\controlsurface\plugin\wrapper\ControlSurfaceBase.cpp,suite,kADOBESDK_ControlSurfaceSuite_Version1
Headers\adobesdk\controlsurface\plugin\wrapper\ControlSurfaceBase.cpp,suite,kADOBESDK_ControlSurfaceSuite_Version2
Headers\adobesdk\controlsurface\plugin\wrapper\ControlSurfaceBase.cpp,suite,sControlSurfaceSuite
Headers\adobesdk\controlsurface\plugin\wrapper\ControlSurfaceBase.h,suite,ControlSurfaceSuite
Headers\adobesdk\controlsurface\plugin\wrapper\ControlSurfaceBase.h,suite,RegisterSuite
Headers\adobesdk\controlsurface\plugin\wrapper\ControlSurfaceBase.h,suite,SPSuitesSuite
Headers\adobesdk\controlsurface\plugin\wrapper\ControlSurfaceBase.h,suite,inSPSuitesSuite
Headers\adobesdk\controlsurface\plugin\wrapper\ControlSurfaceCommandBase.cpp,suite,ADOBESDK_ControlSurfaceCommandSuite1
Headers\adobesdk\controlsurface\plugin\wrapper\ControlSurfaceCommandBase.cpp,suite,AddSuite
Headers\adobesdk\controlsurface\plugin\wrapper\ControlSurfaceCommandBase.cpp,suite,ControlSurfaceCommandSuite
Headers\adobesdk\controlsurface\plugin\wrapper\ControlSurfaceCommandBase.cpp,suite,RegisterSuite
Headers\adobesdk\controlsurface\plugin\wrapper\ControlSurfaceCommandBase.cpp,suite,SPSuitesSuite
Headers\adobesdk\controlsurface\plugin\wrapper\ControlSurfaceCommandBase.cpp,suite,inSPSuitesSuite
Headers\adobesdk\controlsurface\plugin\wrapper\ControlSurfaceCommandBase.cpp,suite,kADOBESDK_ControlSurfaceCommandSuite
Headers\adobesdk\controlsurface\plugin\wrapper\ControlSurfaceCommandBase.cpp,suite,kADOBESDK_ControlSurfaceCommandSuite_Version1
Headers\adobesdk\controlsurface\plugin\wrapper\ControlSurfaceCommandBase.cpp,suite,sControlSurfaceCommandSuite
Headers\adobesdk\controlsurface\plugin\wrapper\ControlSurfaceCommandBase.h,suite,ControlSurfaceCommandSuite
Headers\adobesdk\controlsurface\plugin\wrapper\ControlSurfaceCommandBase.h,suite,RegisterSuite
Headers\adobesdk\controlsurface\plugin\wrapper\ControlSurfaceCommandBase.h,suite,SPSuitesSuite
Headers\adobesdk\controlsurface\plugin\wrapper\ControlSurfaceCommandBase.h,suite,inSPSuitesSuite
Headers\adobesdk\controlsurface\plugin\wrapper\ControlSurfaceLumetriBase.cpp,suite,ADOBESDK_ControlSurfaceLumetriSuite1
Headers\adobesdk\controlsurface\plugin\wrapper\ControlSurfaceLumetriBase.cpp,suite,AddSuite
Headers\adobesdk\controlsurface\plugin\wrapper\ControlSurfaceLumetriBase.cpp,suite,ControlSurfaceLumetriSuite
Headers\adobesdk\controlsurface\plugin\wrapper\ControlSurfaceLumetriBase.cpp,suite,RegisterSuite
Headers\adobesdk\controlsurface\plugin\wrapper\ControlSurfaceLumetriBase.cpp,suite,SPSuitesSuite
Headers\adobesdk\controlsurface\plugin\wrapper\ControlSurfaceLumetriBase.cpp,suite,inSPSuitesSuite
Headers\adobesdk\controlsurface\plugin\wrapper\ControlSurfaceLumetriBase.cpp,suite,kADOBESDK_ControlSurfaceLumetriSuite
Headers\adobesdk\controlsurface\plugin\wrapper\ControlSurfaceLumetriBase.cpp,suite,kADOBESDK_ControlSurfaceLumetriSuite_Version1
Headers\adobesdk\controlsurface\plugin\wrapper\ControlSurfaceLumetriBase.cpp,suite,sControlSurfaceLumetriSuite
Headers\adobesdk\controlsurface\plugin\wrapper\ControlSurfaceLumetriBase.h,suite,ControlSurfaceLumetriSuite
Headers\adobesdk\controlsurface\plugin\wrapper\ControlSurfaceLumetriBase.h,suite,RegisterSuite
Headers\adobesdk\controlsurface\plugin\wrapper\ControlSurfaceLumetriBase.h,suite,SPSuitesSuite
Headers\adobesdk\controlsurface\plugin\wrapper\ControlSurfaceLumetriBase.h,suite,inSPSuitesSuite
Headers\adobesdk\controlsurface\plugin\wrapper\ControlSurfaceMarkerBase.cpp,suite,ADOBESDK_ControlSurfaceMarkerSuite1
Headers\adobesdk\controlsurface\plugin\wrapper\ControlSurfaceMarkerBase.cpp,suite,AddSuite
Headers\adobesdk\controlsurface\plugin\wrapper\ControlSurfaceMarkerBase.cpp,suite,ControlSurfaceMarkerSuite
Headers\adobesdk\controlsurface\plugin\wrapper\ControlSurfaceMarkerBase.cpp,suite,RegisterSuite
Headers\adobesdk\controlsurface\plugin\wrapper\ControlSurfaceMarkerBase.cpp,suite,SPSuitesSuite
Headers\adobesdk\controlsurface\plugin\wrapper\ControlSurfaceMarkerBase.cpp,suite,inSPSuitesSuite
Headers\adobesdk\controlsurface\plugin\wrapper\ControlSurfaceMarkerBase.cpp,suite,kADOBESDK_ControlSurfaceMarkerSuite
Headers\adobesdk\controlsurface\plugin\wrapper\ControlSurfaceMarkerBase.cpp,suite,kADOBESDK_ControlSurfaceMarkerSuite_Version1
Headers\adobesdk\controlsurface\plugin\wrapper\ControlSurfaceMarkerBase.cpp,suite,sControlSurfaceMarkerSuite
Headers\adobesdk\controlsurface\plugin\wrapper\ControlSurfaceMarkerBase.h,suite,ControlSurfaceMarkerSuite
Headers\adobesdk\controlsurface\plugin\wrapper\ControlSurfaceMarkerBase.h,suite,RegisterSuite
Headers\adobesdk\controlsurface\plugin\wrapper\ControlSurfaceMarkerBase.h,suite,SPSuitesSuite
Headers\adobesdk\controlsurface\plugin\wrapper\ControlSurfaceMarkerBase.h,suite,inSPSuitesSuite
Headers\adobesdk\controlsurface\plugin\wrapper\ControlSurfaceMixerBase.cpp,suite,ADOBESDK_ControlSurfaceMixerSuite2
Headers\adobesdk\controlsurface\plugin\wrapper\ControlSurfaceMixerBase.cpp,suite,AddSuite
Headers\adobesdk\controlsurface\plugin\wrapper\ControlSurfaceMixerBase.cpp,suite,ControlSurfaceMixerSuite
Headers\adobesdk\controlsurface\plugin\wrapper\ControlSurfaceMixerBase.cpp,suite,RegisterSuite
Headers\adobesdk\controlsurface\plugin\wrapper\ControlSurfaceMixerBase.cpp,suite,SPSuitesSuite
Headers\adobesdk\controlsurface\plugin\wrapper\ControlSurfaceMixerBase.cpp,suite,inSPSuitesSuite
Headers\adobesdk\controlsurface\plugin\wrapper\ControlSurfaceMixerBase.cpp,suite,kADOBESDK_ControlSurfaceMixerSuite
Headers\adobesdk\controlsurface\plugin\wrapper\ControlSurfaceMixerBase.cpp,suite,kADOBESDK_ControlSurfaceMixerSuite_Version2
Headers\adobesdk\controlsurface\plugin\wrapper\ControlSurfaceMixerBase.cpp,suite,sControlSurfaceMixerSuite
Headers\adobesdk\controlsurface\plugin\wrapper\ControlSurfaceMixerBase.h,suite,ControlSurfaceMixerSuite
Headers\adobesdk\controlsurface\plugin\wrapper\ControlSurfaceMixerBase.h,suite,RegisterSuite
Headers\adobesdk\controlsurface\plugin\wrapper\ControlSurfaceMixerBase.h,suite,SPSuitesSuite
Headers\adobesdk\controlsurface\plugin\wrapper\ControlSurfaceMixerBase.h,suite,inSPSuitesSuite
Headers\adobesdk\controlsurface\plugin\wrapper\ControlSurfaceTransportBase.cpp,suite,ADOBESDK_ControlSurfaceTransportSuite1
Headers\adobesdk\controlsurface\plugin\wrapper\ControlSurfaceTransportBase.cpp,suite,AddSuite
Headers\adobesdk\controlsurface\plugin\wrapper\ControlSurfaceTransportBase.cpp,suite,ControlSurfaceTransportSuite
Headers\adobesdk\controlsurface\plugin\wrapper\ControlSurfaceTransportBase.cpp,suite,RegisterSuite
Headers\adobesdk\controlsurface\plugin\wrapper\ControlSurfaceTransportBase.cpp,suite,SPSuitesSuite
Headers\adobesdk\controlsurface\plugin\wrapper\ControlSurfaceTransportBase.cpp,suite,inSPSuitesSuite
Headers\adobesdk\controlsurface\plugin\wrapper\ControlSurfaceTransportBase.cpp,suite,kADOBESDK_ControlSurfaceTransportSuite
Headers\adobesdk\controlsurface\plugin\wrapper\ControlSurfaceTransportBase.cpp,suite,kADOBESDK_ControlSurfaceTransportSuite_Version1
Headers\adobesdk\controlsurface\plugin\wrapper\ControlSurfaceTransportBase.cpp,suite,sControlSurfaceTransportSuite
Headers\adobesdk\controlsurface\plugin\wrapper\ControlSurfaceTransportBase.h,suite,ControlSurfaceTransportSuite
Headers\adobesdk\controlsurface\plugin\wrapper\ControlSurfaceTransportBase.h,suite,RegisterSuite
Headers\adobesdk\controlsurface\plugin\wrapper\ControlSurfaceTransportBase.h,suite,SPSuitesSuite
Headers\adobesdk\controlsurface\plugin\wrapper\ControlSurfaceTransportBase.h,suite,inSPSuitesSuite
