20700	126	3	AEGPArtisanUtilSuite	AEGP Artisan Util Suite	1	0	00007FFAABD5C558
20700	126	3	AEGPArtisanUtilSuite	AEGP Artisan Util Suite	2	0	00007FFAABD5C590
20700	126	3	AEGPArtisanUtilSuite	AEGP Artisan Util Suite	3	1394689636	0000000000000000
20700	126	3	AEGPArtisanUtilSuite	AEGP Artisan Util Suite	4	1394689636	0000000000000000
20700	126	3	AEGPArtisanUtilSuite	AEGP Artisan Util Suite	5	1394689636	0000000000000000
20700	126	3	AEGPArtisanUtilSuite	AEGP Artisan Util Suite	6	1394689636	0000000000000000
20700	126	3	AEGPArtisanUtilSuite	AEGP Artisan Util Suite	7	1394689636	0000000000000000
20700	126	3	AEGPArtisanUtilSuite	AEGP Artisan Util Suite	8	1394689636	0000000000000000
20700	126	3	AEGPArtisanUtilSuite	AEGP Artisan Util Suite	9	1394689636	0000000000000000
20700	126	3	AEGPArtisanUtilSuite	AEGP Artisan Util Suite	10	1394689636	0000000000000000
20700	126	3	AEGPArtisanUtilSuite	AEGP Artisan Util Suite	11	1394689636	0000000000000000
20700	126	3	AEGPArtisanUtilSuite	AEGP Artisan Util Suite	12	1394689636	0000000000000000
20700	126	3	AEGPArtisanUtilSuite	AEGP Artisan Util Suite	13	1394689636	0000000000000000
20700	126	3	AEGPArtisanUtilSuite	AEGP Artisan Util Suite	14	1394689636	0000000000000000
20700	126	3	AEGPArtisanUtilSuite	AEGP Artisan Util Suite	15	1394689636	0000000000000000
20700	126	3	AEGPArtisanUtilSuite	AEGP Artisan Util Suite	16	1394689636	0000000000000000
20700	126	3	AEGPArtisanUtilSuite	AEGP Artisan Util Suite	17	1394689636	0000000000000000
20700	126	3	AEGPArtisanUtilSuite	AEGP Artisan Util Suite	18	1394689636	0000000000000000
20700	126	3	AEGPArtisanUtilSuite	AEGP Artisan Util Suite	19	1394689636	0000000000000000
20700	126	3	AEGPArtisanUtilSuite	AEGP Artisan Util Suite	20	1394689636	0000000000000000
20700	126	3	AEGPArtisanUtilSuite	AEGP Artisan Util Suite	21	1394689636	0000000000000000
20700	126	3	AEGPArtisanUtilSuite	AEGP Artisan Util Suite	22	1394689636	0000000000000000
20700	126	3	AEGPArtisanUtilSuite	AEGP Artisan Util Suite	23	1394689636	0000000000000000
20700	126	3	AEGPArtisanUtilSuite	AEGP Artisan Util Suite	24	1394689636	0000000000000000
20700	126	3	AEGPArtisanUtilSuite	AEGP Artisan Util Suite	25	1394689636	0000000000000000
20700	126	3	AEGPArtisanUtilSuite	AEGP Artisan Util Suite	26	1394689636	0000000000000000
20700	126	3	AEGPArtisanUtilSuite	AEGP Artisan Util Suite	27	1394689636	0000000000000000
20700	126	3	AEGPArtisanUtilSuite	AEGP Artisan Util Suite	28	1394689636	0000000000000000
20700	126	3	AEGPArtisanUtilSuite	AEGP Artisan Util Suite	29	1394689636	0000000000000000
20700	126	3	AEGPArtisanUtilSuite	AEGP Artisan Util Suite	30	1394689636	0000000000000000
20700	126	3	AEGPArtisanUtilSuite	AEGP Artisan Util Suite	31	1394689636	0000000000000000
20700	126	3	AEGPArtisanUtilSuite	AEGP Artisan Util Suite	32	1394689636	0000000000000000
20700	126	3	AEGPCameraSuite	AEGP Camera Suite	1	0	00007FFAABD5C5D0
20700	126	3	AEGPCameraSuite	AEGP Camera Suite	2	0	00007FFAABD5C5E8
20700	126	3	AEGPCameraSuite	AEGP Camera Suite	3	1394689636	0000000000000000
20700	126	3	AEGPCameraSuite	AEGP Camera Suite	4	1394689636	0000000000000000
20700	126	3	AEGPCameraSuite	AEGP Camera Suite	5	1394689636	0000000000000000
20700	126	3	AEGPCameraSuite	AEGP Camera Suite	6	1394689636	0000000000000000
20700	126	3	AEGPCameraSuite	AEGP Camera Suite	7	1394689636	0000000000000000
20700	126	3	AEGPCameraSuite	AEGP Camera Suite	8	1394689636	0000000000000000
20700	126	3	AEGPCameraSuite	AEGP Camera Suite	9	1394689636	0000000000000000
20700	126	3	AEGPCameraSuite	AEGP Camera Suite	10	1394689636	0000000000000000
20700	126	3	AEGPCameraSuite	AEGP Camera Suite	11	1394689636	0000000000000000
20700	126	3	AEGPCameraSuite	AEGP Camera Suite	12	1394689636	0000000000000000
20700	126	3	AEGPCameraSuite	AEGP Camera Suite	13	1394689636	0000000000000000
20700	126	3	AEGPCameraSuite	AEGP Camera Suite	14	1394689636	0000000000000000
20700	126	3	AEGPCameraSuite	AEGP Camera Suite	15	1394689636	0000000000000000
20700	126	3	AEGPCameraSuite	AEGP Camera Suite	16	1394689636	0000000000000000
20700	126	3	AEGPCameraSuite	AEGP Camera Suite	17	1394689636	0000000000000000
20700	126	3	AEGPCameraSuite	AEGP Camera Suite	18	1394689636	0000000000000000
20700	126	3	AEGPCameraSuite	AEGP Camera Suite	19	1394689636	0000000000000000
20700	126	3	AEGPCameraSuite	AEGP Camera Suite	20	1394689636	0000000000000000
20700	126	3	AEGPCameraSuite	AEGP Camera Suite	21	1394689636	0000000000000000
20700	126	3	AEGPCameraSuite	AEGP Camera Suite	22	1394689636	0000000000000000
20700	126	3	AEGPCameraSuite	AEGP Camera Suite	23	1394689636	0000000000000000
20700	126	3	AEGPCameraSuite	AEGP Camera Suite	24	1394689636	0000000000000000
20700	126	3	AEGPCameraSuite	AEGP Camera Suite	25	1394689636	0000000000000000
20700	126	3	AEGPCameraSuite	AEGP Camera Suite	26	1394689636	0000000000000000
20700	126	3	AEGPCameraSuite	AEGP Camera Suite	27	1394689636	0000000000000000
20700	126	3	AEGPCameraSuite	AEGP Camera Suite	28	1394689636	0000000000000000
20700	126	3	AEGPCameraSuite	AEGP Camera Suite	29	1394689636	0000000000000000
20700	126	3	AEGPCameraSuite	AEGP Camera Suite	30	1394689636	0000000000000000
20700	126	3	AEGPCameraSuite	AEGP Camera Suite	31	1394689636	0000000000000000
20700	126	3	AEGPCameraSuite	AEGP Camera Suite	32	1394689636	0000000000000000
20700	126	3	AEGPCanvasSuite	AEGP Canvas Suite	1	1394689636	0000000000000000
20700	126	3	AEGPCanvasSuite	AEGP Canvas Suite	2	1394689636	0000000000000000
20700	126	3	AEGPCanvasSuite	AEGP Canvas Suite	3	1394689636	0000000000000000
20700	126	3	AEGPCanvasSuite	AEGP Canvas Suite	4	1394689636	0000000000000000
20700	126	3	AEGPCanvasSuite	AEGP Canvas Suite	5	1394689636	0000000000000000
20700	126	3	AEGPCanvasSuite	AEGP Canvas Suite	6	1394689636	0000000000000000
20700	126	3	AEGPCanvasSuite	AEGP Canvas Suite	7	1394689636	0000000000000000
20700	126	3	AEGPCanvasSuite	AEGP Canvas Suite	8	1394689636	0000000000000000
20700	126	3	AEGPCanvasSuite	AEGP Canvas Suite	9	0	00007FFAABD5BE40
20700	126	3	AEGPCanvasSuite	AEGP Canvas Suite	10	0	00007FFAABD5BF90
20700	126	3	AEGPCanvasSuite	AEGP Canvas Suite	11	0	00007FFAABD5C0E0
20700	126	3	AEGPCanvasSuite	AEGP Canvas Suite	12	1394689636	0000000000000000
20700	126	3	AEGPCanvasSuite	AEGP Canvas Suite	13	0	00007FFAABD5C240
20700	126	3	AEGPCanvasSuite	AEGP Canvas Suite	14	0	00007FFAABD5C3C0
20700	126	3	AEGPCanvasSuite	AEGP Canvas Suite	15	1394689636	0000000000000000
20700	126	3	AEGPCanvasSuite	AEGP Canvas Suite	16	1394689636	0000000000000000
20700	126	3	AEGPCanvasSuite	AEGP Canvas Suite	17	1394689636	0000000000000000
20700	126	3	AEGPCanvasSuite	AEGP Canvas Suite	18	1394689636	0000000000000000
20700	126	3	AEGPCanvasSuite	AEGP Canvas Suite	19	1394689636	0000000000000000
20700	126	3	AEGPCanvasSuite	AEGP Canvas Suite	20	1394689636	0000000000000000
20700	126	3	AEGPCanvasSuite	AEGP Canvas Suite	21	1394689636	0000000000000000
20700	126	3	AEGPCanvasSuite	AEGP Canvas Suite	22	1394689636	0000000000000000
20700	126	3	AEGPCanvasSuite	AEGP Canvas Suite	23	1394689636	0000000000000000
20700	126	3	AEGPCanvasSuite	AEGP Canvas Suite	24	1394689636	0000000000000000
20700	126	3	AEGPCanvasSuite	AEGP Canvas Suite	25	1394689636	0000000000000000
20700	126	3	AEGPCanvasSuite	AEGP Canvas Suite	26	1394689636	0000000000000000
20700	126	3	AEGPCanvasSuite	AEGP Canvas Suite	27	1394689636	0000000000000000
20700	126	3	AEGPCanvasSuite	AEGP Canvas Suite	28	1394689636	0000000000000000
20700	126	3	AEGPCanvasSuite	AEGP Canvas Suite	29	1394689636	0000000000000000
20700	126	3	AEGPCanvasSuite	AEGP Canvas Suite	30	1394689636	0000000000000000
20700	126	3	AEGPCanvasSuite	AEGP Canvas Suite	31	1394689636	0000000000000000
20700	126	3	AEGPCanvasSuite	AEGP Canvas Suite	32	1394689636	0000000000000000
20700	126	3	AEGPCollectionSuite	AEGP Collection Suite	1	0	00007FFAABD5CD60
20700	126	3	AEGPCollectionSuite	AEGP Collection Suite	2	0	00007FFAABD59AD0
20700	126	3	AEGPCollectionSuite	AEGP Collection Suite	3	1394689636	0000000000000000
20700	126	3	AEGPCollectionSuite	AEGP Collection Suite	4	1394689636	0000000000000000
20700	126	3	AEGPCollectionSuite	AEGP Collection Suite	5	1394689636	0000000000000000
20700	126	3	AEGPCollectionSuite	AEGP Collection Suite	6	1394689636	0000000000000000
20700	126	3	AEGPCollectionSuite	AEGP Collection Suite	7	1394689636	0000000000000000
20700	126	3	AEGPCollectionSuite	AEGP Collection Suite	8	1394689636	0000000000000000
20700	126	3	AEGPCollectionSuite	AEGP Collection Suite	9	1394689636	0000000000000000
20700	126	3	AEGPCollectionSuite	AEGP Collection Suite	10	1394689636	0000000000000000
20700	126	3	AEGPCollectionSuite	AEGP Collection Suite	11	1394689636	0000000000000000
20700	126	3	AEGPCollectionSuite	AEGP Collection Suite	12	1394689636	0000000000000000
20700	126	3	AEGPCollectionSuite	AEGP Collection Suite	13	1394689636	0000000000000000
20700	126	3	AEGPCollectionSuite	AEGP Collection Suite	14	1394689636	0000000000000000
20700	126	3	AEGPCollectionSuite	AEGP Collection Suite	15	1394689636	0000000000000000
20700	126	3	AEGPCollectionSuite	AEGP Collection Suite	16	1394689636	0000000000000000
20700	126	3	AEGPCollectionSuite	AEGP Collection Suite	17	1394689636	0000000000000000
20700	126	3	AEGPCollectionSuite	AEGP Collection Suite	18	1394689636	0000000000000000
20700	126	3	AEGPCollectionSuite	AEGP Collection Suite	19	1394689636	0000000000000000
20700	126	3	AEGPCollectionSuite	AEGP Collection Suite	20	1394689636	0000000000000000
20700	126	3	AEGPCollectionSuite	AEGP Collection Suite	21	1394689636	0000000000000000
20700	126	3	AEGPCollectionSuite	AEGP Collection Suite	22	1394689636	0000000000000000
20700	126	3	AEGPCollectionSuite	AEGP Collection Suite	23	1394689636	0000000000000000
20700	126	3	AEGPCollectionSuite	AEGP Collection Suite	24	1394689636	0000000000000000
20700	126	3	AEGPCollectionSuite	AEGP Collection Suite	25	1394689636	0000000000000000
20700	126	3	AEGPCollectionSuite	AEGP Collection Suite	26	1394689636	0000000000000000
20700	126	3	AEGPCollectionSuite	AEGP Collection Suite	27	1394689636	0000000000000000
20700	126	3	AEGPCollectionSuite	AEGP Collection Suite	28	1394689636	0000000000000000
20700	126	3	AEGPCollectionSuite	AEGP Collection Suite	29	1394689636	0000000000000000
20700	126	3	AEGPCollectionSuite	AEGP Collection Suite	30	1394689636	0000000000000000
20700	126	3	AEGPCollectionSuite	AEGP Collection Suite	31	1394689636	0000000000000000
20700	126	3	AEGPCollectionSuite	AEGP Collection Suite	32	1394689636	0000000000000000
20700	126	3	AEGPCommandSuite	AEGP Command Suite	1	0	00007FFAABD5D480
20700	126	3	AEGPCommandSuite	AEGP Command Suite	2	1394689636	0000000000000000
20700	126	3	AEGPCommandSuite	AEGP Command Suite	3	1394689636	0000000000000000
20700	126	3	AEGPCommandSuite	AEGP Command Suite	4	1394689636	0000000000000000
20700	126	3	AEGPCommandSuite	AEGP Command Suite	5	1394689636	0000000000000000
20700	126	3	AEGPCommandSuite	AEGP Command Suite	6	1394689636	0000000000000000
20700	126	3	AEGPCommandSuite	AEGP Command Suite	7	1394689636	0000000000000000
20700	126	3	AEGPCommandSuite	AEGP Command Suite	8	1394689636	0000000000000000
20700	126	3	AEGPCommandSuite	AEGP Command Suite	9	1394689636	0000000000000000
20700	126	3	AEGPCommandSuite	AEGP Command Suite	10	1394689636	0000000000000000
20700	126	3	AEGPCommandSuite	AEGP Command Suite	11	1394689636	0000000000000000
20700	126	3	AEGPCommandSuite	AEGP Command Suite	12	1394689636	0000000000000000
20700	126	3	AEGPCommandSuite	AEGP Command Suite	13	1394689636	0000000000000000
20700	126	3	AEGPCommandSuite	AEGP Command Suite	14	1394689636	0000000000000000
20700	126	3	AEGPCommandSuite	AEGP Command Suite	15	1394689636	0000000000000000
20700	126	3	AEGPCommandSuite	AEGP Command Suite	16	1394689636	0000000000000000
20700	126	3	AEGPCommandSuite	AEGP Command Suite	17	1394689636	0000000000000000
20700	126	3	AEGPCommandSuite	AEGP Command Suite	18	1394689636	0000000000000000
20700	126	3	AEGPCommandSuite	AEGP Command Suite	19	1394689636	0000000000000000
20700	126	3	AEGPCommandSuite	AEGP Command Suite	20	1394689636	0000000000000000
20700	126	3	AEGPCommandSuite	AEGP Command Suite	21	1394689636	0000000000000000
20700	126	3	AEGPCommandSuite	AEGP Command Suite	22	1394689636	0000000000000000
20700	126	3	AEGPCommandSuite	AEGP Command Suite	23	1394689636	0000000000000000
20700	126	3	AEGPCommandSuite	AEGP Command Suite	24	1394689636	0000000000000000
20700	126	3	AEGPCommandSuite	AEGP Command Suite	25	1394689636	0000000000000000
20700	126	3	AEGPCommandSuite	AEGP Command Suite	26	1394689636	0000000000000000
20700	126	3	AEGPCommandSuite	AEGP Command Suite	27	1394689636	0000000000000000
20700	126	3	AEGPCommandSuite	AEGP Command Suite	28	1394689636	0000000000000000
20700	126	3	AEGPCommandSuite	AEGP Command Suite	29	1394689636	0000000000000000
20700	126	3	AEGPCommandSuite	AEGP Command Suite	30	1394689636	0000000000000000
20700	126	3	AEGPCommandSuite	AEGP Command Suite	31	1394689636	0000000000000000
20700	126	3	AEGPCommandSuite	AEGP Command Suite	32	1394689636	0000000000000000
20700	126	3	AEGPCompSuite	AEGP Comp Suite	1	1394689636	0000000000000000
20700	126	3	AEGPCompSuite	AEGP Comp Suite	2	1394689636	0000000000000000
20700	126	3	AEGPCompSuite	AEGP Comp Suite	3	1394689636	0000000000000000
20700	126	3	AEGPCompSuite	AEGP Comp Suite	4	0	00007FFAABD5E280
20700	126	3	AEGPCompSuite	AEGP Comp Suite	5	1394689636	0000000000000000
20700	126	3	AEGPCompSuite	AEGP Comp Suite	6	0	00007FFAABD5E1D0
20700	126	3	AEGPCompSuite	AEGP Comp Suite	7	0	00007FFAABD5E100
20700	126	3	AEGPCompSuite	AEGP Comp Suite	8	1394689636	0000000000000000
20700	126	3	AEGPCompSuite	AEGP Comp Suite	9	0	00007FFAABD5E020
20700	126	3	AEGPCompSuite	AEGP Comp Suite	10	1394689636	0000000000000000
20700	126	3	AEGPCompSuite	AEGP Comp Suite	11	0	00007FFAABD5DF30
20700	126	3	AEGPCompSuite	AEGP Comp Suite	12	1394689636	0000000000000000
20700	126	3	AEGPCompSuite	AEGP Comp Suite	13	1394689636	0000000000000000
20700	126	3	AEGPCompSuite	AEGP Comp Suite	14	0	00007FFAABD5DE20
20700	126	3	AEGPCompSuite	AEGP Comp Suite	15	0	00007FFAABD5DD10
20700	126	3	AEGPCompSuite	AEGP Comp Suite	16	1394689636	0000000000000000
20700	126	3	AEGPCompSuite	AEGP Comp Suite	17	1394689636	0000000000000000
20700	126	3	AEGPCompSuite	AEGP Comp Suite	18	0	00007FFAABD5DBE0
20700	126	3	AEGPCompSuite	AEGP Comp Suite	19	0	00007FFAABD5DAB0
20700	126	3	AEGPCompSuite	AEGP Comp Suite	20	1394689636	0000000000000000
20700	126	3	AEGPCompSuite	AEGP Comp Suite	21	0	00007FFAABD5D950
20700	126	3	AEGPCompSuite	AEGP Comp Suite	22	1394689636	0000000000000000
20700	126	3	AEGPCompSuite	AEGP Comp Suite	23	1394689636	0000000000000000
20700	126	3	AEGPCompSuite	AEGP Comp Suite	24	1394689636	0000000000000000
20700	126	3	AEGPCompSuite	AEGP Comp Suite	25	0	00007FFAABD5D7F0
20700	126	3	AEGPCompSuite	AEGP Comp Suite	26	0	00007FFAABD5D690
20700	126	3	AEGPCompSuite	AEGP Comp Suite	27	0	00007FFAABD5D520
20700	126	3	AEGPCompSuite	AEGP Comp Suite	28	1394689636	0000000000000000
20700	126	3	AEGPCompSuite	AEGP Comp Suite	29	1394689636	0000000000000000
20700	126	3	AEGPCompSuite	AEGP Comp Suite	30	1394689636	0000000000000000
20700	126	3	AEGPCompSuite	AEGP Comp Suite	31	1394689636	0000000000000000
20700	126	3	AEGPCompSuite	AEGP Comp Suite	32	1394689636	0000000000000000
20700	126	3	AEGPCompositeSuite	AEGP Composite Suite	1	1394689636	0000000000000000
20700	126	3	AEGPCompositeSuite	AEGP Composite Suite	2	1394689636	0000000000000000
20700	126	3	AEGPCompositeSuite	AEGP Composite Suite	3	1394689636	0000000000000000
20700	126	3	AEGPCompositeSuite	AEGP Composite Suite	4	0	00007FFAABD5C760
20700	126	3	AEGPCompositeSuite	AEGP Composite Suite	5	1394689636	0000000000000000
20700	126	3	AEGPCompositeSuite	AEGP Composite Suite	6	1394689636	0000000000000000
20700	126	3	AEGPCompositeSuite	AEGP Composite Suite	7	1394689636	0000000000000000
20700	126	3	AEGPCompositeSuite	AEGP Composite Suite	8	1394689636	0000000000000000
20700	126	3	AEGPCompositeSuite	AEGP Composite Suite	9	1394689636	0000000000000000
20700	126	3	AEGPCompositeSuite	AEGP Composite Suite	10	1394689636	0000000000000000
20700	126	3	AEGPCompositeSuite	AEGP Composite Suite	11	1394689636	0000000000000000
20700	126	3	AEGPCompositeSuite	AEGP Composite Suite	12	1394689636	0000000000000000
20700	126	3	AEGPCompositeSuite	AEGP Composite Suite	13	1394689636	0000000000000000
20700	126	3	AEGPCompositeSuite	AEGP Composite Suite	14	1394689636	0000000000000000
20700	126	3	AEGPCompositeSuite	AEGP Composite Suite	15	1394689636	0000000000000000
20700	126	3	AEGPCompositeSuite	AEGP Composite Suite	16	1394689636	0000000000000000
20700	126	3	AEGPCompositeSuite	AEGP Composite Suite	17	1394689636	0000000000000000
20700	126	3	AEGPCompositeSuite	AEGP Composite Suite	18	1394689636	0000000000000000
20700	126	3	AEGPCompositeSuite	AEGP Composite Suite	19	1394689636	0000000000000000
20700	126	3	AEGPCompositeSuite	AEGP Composite Suite	20	1394689636	0000000000000000
20700	126	3	AEGPCompositeSuite	AEGP Composite Suite	21	1394689636	0000000000000000
20700	126	3	AEGPCompositeSuite	AEGP Composite Suite	22	1394689636	0000000000000000
20700	126	3	AEGPCompositeSuite	AEGP Composite Suite	23	1394689636	0000000000000000
20700	126	3	AEGPCompositeSuite	AEGP Composite Suite	24	1394689636	0000000000000000
20700	126	3	AEGPCompositeSuite	AEGP Composite Suite	25	1394689636	0000000000000000
20700	126	3	AEGPCompositeSuite	AEGP Composite Suite	26	1394689636	0000000000000000
20700	126	3	AEGPCompositeSuite	AEGP Composite Suite	27	1394689636	0000000000000000
20700	126	3	AEGPCompositeSuite	AEGP Composite Suite	28	1394689636	0000000000000000
20700	126	3	AEGPCompositeSuite	AEGP Composite Suite	29	1394689636	0000000000000000
20700	126	3	AEGPCompositeSuite	AEGP Composite Suite	30	1394689636	0000000000000000
20700	126	3	AEGPCompositeSuite	AEGP Composite Suite	31	1394689636	0000000000000000
20700	126	3	AEGPCompositeSuite	AEGP Composite Suite	32	1394689636	0000000000000000
20700	126	3	AEGPDynamicStreamSuite	AEGP Dynamic Stream Suite	1	0	00007FFAABD5F1E0
20700	126	3	AEGPDynamicStreamSuite	AEGP Dynamic Stream Suite	2	0	00007FFAABD5F270
20700	126	3	AEGPDynamicStreamSuite	AEGP Dynamic Stream Suite	3	0	00007FFAABD5F300
20700	126	3	AEGPDynamicStreamSuite	AEGP Dynamic Stream Suite	4	1394689636	0000000000000000
20700	126	3	AEGPDynamicStreamSuite	AEGP Dynamic Stream Suite	5	0	00007FFAABD5F390
20700	126	3	AEGPDynamicStreamSuite	AEGP Dynamic Stream Suite	6	1394689636	0000000000000000
20700	126	3	AEGPDynamicStreamSuite	AEGP Dynamic Stream Suite	7	1394689636	0000000000000000
20700	126	3	AEGPDynamicStreamSuite	AEGP Dynamic Stream Suite	8	1394689636	0000000000000000
20700	126	3	AEGPDynamicStreamSuite	AEGP Dynamic Stream Suite	9	1394689636	0000000000000000
20700	126	3	AEGPDynamicStreamSuite	AEGP Dynamic Stream Suite	10	1394689636	0000000000000000
20700	126	3	AEGPDynamicStreamSuite	AEGP Dynamic Stream Suite	11	1394689636	0000000000000000
20700	126	3	AEGPDynamicStreamSuite	AEGP Dynamic Stream Suite	12	1394689636	0000000000000000
20700	126	3	AEGPDynamicStreamSuite	AEGP Dynamic Stream Suite	13	1394689636	0000000000000000
20700	126	3	AEGPDynamicStreamSuite	AEGP Dynamic Stream Suite	14	1394689636	0000000000000000
20700	126	3	AEGPDynamicStreamSuite	AEGP Dynamic Stream Suite	15	1394689636	0000000000000000
20700	126	3	AEGPDynamicStreamSuite	AEGP Dynamic Stream Suite	16	1394689636	0000000000000000
20700	126	3	AEGPDynamicStreamSuite	AEGP Dynamic Stream Suite	17	1394689636	0000000000000000
20700	126	3	AEGPDynamicStreamSuite	AEGP Dynamic Stream Suite	18	1394689636	0000000000000000
20700	126	3	AEGPDynamicStreamSuite	AEGP Dynamic Stream Suite	19	1394689636	0000000000000000
20700	126	3	AEGPDynamicStreamSuite	AEGP Dynamic Stream Suite	20	1394689636	0000000000000000
20700	126	3	AEGPDynamicStreamSuite	AEGP Dynamic Stream Suite	21	1394689636	0000000000000000
20700	126	3	AEGPDynamicStreamSuite	AEGP Dynamic Stream Suite	22	1394689636	0000000000000000
20700	126	3	AEGPDynamicStreamSuite	AEGP Dynamic Stream Suite	23	1394689636	0000000000000000
20700	126	3	AEGPDynamicStreamSuite	AEGP Dynamic Stream Suite	24	1394689636	0000000000000000
20700	126	3	AEGPDynamicStreamSuite	AEGP Dynamic Stream Suite	25	1394689636	0000000000000000
20700	126	3	AEGPDynamicStreamSuite	AEGP Dynamic Stream Suite	26	1394689636	0000000000000000
20700	126	3	AEGPDynamicStreamSuite	AEGP Dynamic Stream Suite	27	1394689636	0000000000000000
20700	126	3	AEGPDynamicStreamSuite	AEGP Dynamic Stream Suite	28	1394689636	0000000000000000
20700	126	3	AEGPDynamicStreamSuite	AEGP Dynamic Stream Suite	29	1394689636	0000000000000000
20700	126	3	AEGPDynamicStreamSuite	AEGP Dynamic Stream Suite	30	1394689636	0000000000000000
20700	126	3	AEGPDynamicStreamSuite	AEGP Dynamic Stream Suite	31	1394689636	0000000000000000
20700	126	3	AEGPDynamicStreamSuite	AEGP Dynamic Stream Suite	32	1394689636	0000000000000000
20700	126	3	AEGPEffectSuite	AEGP Effect Suite	1	0	00007FFAABD5F790
20700	126	3	AEGPEffectSuite	AEGP Effect Suite	2	0	00007FFAABD5F810
20700	126	3	AEGPEffectSuite	AEGP Effect Suite	3	0	00007FFAABD5F8A0
20700	126	3	AEGPEffectSuite	AEGP Effect Suite	4	0	00007FFAABD5F930
20700	126	3	AEGPEffectSuite	AEGP Effect Suite	5	0	00007FFAABD5F9E0
20700	126	3	AEGPEffectSuite	AEGP Effect Suite	6	1394689636	0000000000000000
20700	126	3	AEGPEffectSuite	AEGP Effect Suite	7	1394689636	0000000000000000
20700	126	3	AEGPEffectSuite	AEGP Effect Suite	8	1394689636	0000000000000000
20700	126	3	AEGPEffectSuite	AEGP Effect Suite	9	1394689636	0000000000000000
20700	126	3	AEGPEffectSuite	AEGP Effect Suite	10	1394689636	0000000000000000
20700	126	3	AEGPEffectSuite	AEGP Effect Suite	11	1394689636	0000000000000000
20700	126	3	AEGPEffectSuite	AEGP Effect Suite	12	1394689636	0000000000000000
20700	126	3	AEGPEffectSuite	AEGP Effect Suite	13	1394689636	0000000000000000
20700	126	3	AEGPEffectSuite	AEGP Effect Suite	14	1394689636	0000000000000000
20700	126	3	AEGPEffectSuite	AEGP Effect Suite	15	1394689636	0000000000000000
20700	126	3	AEGPEffectSuite	AEGP Effect Suite	16	1394689636	0000000000000000
20700	126	3	AEGPEffectSuite	AEGP Effect Suite	17	1394689636	0000000000000000
20700	126	3	AEGPEffectSuite	AEGP Effect Suite	18	1394689636	0000000000000000
20700	126	3	AEGPEffectSuite	AEGP Effect Suite	19	1394689636	0000000000000000
20700	126	3	AEGPEffectSuite	AEGP Effect Suite	20	1394689636	0000000000000000
20700	126	3	AEGPEffectSuite	AEGP Effect Suite	21	1394689636	0000000000000000
20700	126	3	AEGPEffectSuite	AEGP Effect Suite	22	1394689636	0000000000000000
20700	126	3	AEGPEffectSuite	AEGP Effect Suite	23	1394689636	0000000000000000
20700	126	3	AEGPEffectSuite	AEGP Effect Suite	24	1394689636	0000000000000000
20700	126	3	AEGPEffectSuite	AEGP Effect Suite	25	1394689636	0000000000000000
20700	126	3	AEGPEffectSuite	AEGP Effect Suite	26	1394689636	0000000000000000
20700	126	3	AEGPEffectSuite	AEGP Effect Suite	27	1394689636	0000000000000000
20700	126	3	AEGPEffectSuite	AEGP Effect Suite	28	1394689636	0000000000000000
20700	126	3	AEGPEffectSuite	AEGP Effect Suite	29	1394689636	0000000000000000
20700	126	3	AEGPEffectSuite	AEGP Effect Suite	30	1394689636	0000000000000000
20700	126	3	AEGPEffectSuite	AEGP Effect Suite	31	1394689636	0000000000000000
20700	126	3	AEGPEffectSuite	AEGP Effect Suite	32	1394689636	0000000000000000
20700	126	3	AEGPFIMSuite	AEGP File Import Manager Suite	1	1394689636	0000000000000000
20700	126	3	AEGPFIMSuite	AEGP File Import Manager Suite	2	1394689636	0000000000000000
20700	126	3	AEGPFIMSuite	AEGP File Import Manager Suite	3	0	00007FFB181AB7B8
20700	126	3	AEGPFIMSuite	AEGP File Import Manager Suite	4	0	00007FFB181AB7D8
20700	126	3	AEGPFIMSuite	AEGP File Import Manager Suite	5	1394689636	0000000000000000
20700	126	3	AEGPFIMSuite	AEGP File Import Manager Suite	6	1394689636	0000000000000000
20700	126	3	AEGPFIMSuite	AEGP File Import Manager Suite	7	1394689636	0000000000000000
20700	126	3	AEGPFIMSuite	AEGP File Import Manager Suite	8	1394689636	0000000000000000
20700	126	3	AEGPFIMSuite	AEGP File Import Manager Suite	9	1394689636	0000000000000000
20700	126	3	AEGPFIMSuite	AEGP File Import Manager Suite	10	1394689636	0000000000000000
20700	126	3	AEGPFIMSuite	AEGP File Import Manager Suite	11	1394689636	0000000000000000
20700	126	3	AEGPFIMSuite	AEGP File Import Manager Suite	12	1394689636	0000000000000000
20700	126	3	AEGPFIMSuite	AEGP File Import Manager Suite	13	1394689636	0000000000000000
20700	126	3	AEGPFIMSuite	AEGP File Import Manager Suite	14	1394689636	0000000000000000
20700	126	3	AEGPFIMSuite	AEGP File Import Manager Suite	15	1394689636	0000000000000000
20700	126	3	AEGPFIMSuite	AEGP File Import Manager Suite	16	1394689636	0000000000000000
20700	126	3	AEGPFIMSuite	AEGP File Import Manager Suite	17	1394689636	0000000000000000
20700	126	3	AEGPFIMSuite	AEGP File Import Manager Suite	18	1394689636	0000000000000000
20700	126	3	AEGPFIMSuite	AEGP File Import Manager Suite	19	1394689636	0000000000000000
20700	126	3	AEGPFIMSuite	AEGP File Import Manager Suite	20	1394689636	0000000000000000
20700	126	3	AEGPFIMSuite	AEGP File Import Manager Suite	21	1394689636	0000000000000000
20700	126	3	AEGPFIMSuite	AEGP File Import Manager Suite	22	1394689636	0000000000000000
20700	126	3	AEGPFIMSuite	AEGP File Import Manager Suite	23	1394689636	0000000000000000
20700	126	3	AEGPFIMSuite	AEGP File Import Manager Suite	24	1394689636	0000000000000000
20700	126	3	AEGPFIMSuite	AEGP File Import Manager Suite	25	1394689636	0000000000000000
20700	126	3	AEGPFIMSuite	AEGP File Import Manager Suite	26	1394689636	0000000000000000
20700	126	3	AEGPFIMSuite	AEGP File Import Manager Suite	27	1394689636	0000000000000000
20700	126	3	AEGPFIMSuite	AEGP File Import Manager Suite	28	1394689636	0000000000000000
20700	126	3	AEGPFIMSuite	AEGP File Import Manager Suite	29	1394689636	0000000000000000
20700	126	3	AEGPFIMSuite	AEGP File Import Manager Suite	30	1394689636	0000000000000000
20700	126	3	AEGPFIMSuite	AEGP File Import Manager Suite	31	1394689636	0000000000000000
20700	126	3	AEGPFIMSuite	AEGP File Import Manager Suite	32	1394689636	0000000000000000
20700	126	3	AEGPFootageSuite	AEGP Footage Suite	1	1394689636	0000000000000000
20700	126	3	AEGPFootageSuite	AEGP Footage Suite	2	1394689636	0000000000000000
20700	126	3	AEGPFootageSuite	AEGP Footage Suite	3	1394689636	0000000000000000
20700	126	3	AEGPFootageSuite	AEGP Footage Suite	4	1394689636	0000000000000000
20700	126	3	AEGPFootageSuite	AEGP Footage Suite	5	1394689636	0000000000000000
20700	126	3	AEGPFootageSuite	AEGP Footage Suite	6	1394689636	0000000000000000
20700	126	3	AEGPFootageSuite	AEGP Footage Suite	7	1394689636	0000000000000000
20700	126	3	AEGPFootageSuite	AEGP Footage Suite	8	1394689636	0000000000000000
20700	126	3	AEGPFootageSuite	AEGP Footage Suite	9	1394689636	0000000000000000
20700	126	3	AEGPFootageSuite	AEGP Footage Suite	10	1394689636	0000000000000000
20700	126	3	AEGPFootageSuite	AEGP Footage Suite	11	0	00007FFAABD5FE80
20700	126	3	AEGPFootageSuite	AEGP Footage Suite	12	1394689636	0000000000000000
20700	126	3	AEGPFootageSuite	AEGP Footage Suite	13	1394689636	0000000000000000
20700	126	3	AEGPFootageSuite	AEGP Footage Suite	14	1394689636	0000000000000000
20700	126	3	AEGPFootageSuite	AEGP Footage Suite	15	1394689636	0000000000000000
20700	126	3	AEGPFootageSuite	AEGP Footage Suite	16	1394689636	0000000000000000
20700	126	3	AEGPFootageSuite	AEGP Footage Suite	17	1394689636	0000000000000000
20700	126	3	AEGPFootageSuite	AEGP Footage Suite	18	1394689636	0000000000000000
20700	126	3	AEGPFootageSuite	AEGP Footage Suite	19	1394689636	0000000000000000
20700	126	3	AEGPFootageSuite	AEGP Footage Suite	20	1394689636	0000000000000000
20700	126	3	AEGPFootageSuite	AEGP Footage Suite	21	1394689636	0000000000000000
20700	126	3	AEGPFootageSuite	AEGP Footage Suite	22	1394689636	0000000000000000
20700	126	3	AEGPFootageSuite	AEGP Footage Suite	23	1394689636	0000000000000000
20700	126	3	AEGPFootageSuite	AEGP Footage Suite	24	1394689636	0000000000000000
20700	126	3	AEGPFootageSuite	AEGP Footage Suite	25	1394689636	0000000000000000
20700	126	3	AEGPFootageSuite	AEGP Footage Suite	26	1394689636	0000000000000000
20700	126	3	AEGPFootageSuite	AEGP Footage Suite	27	1394689636	0000000000000000
20700	126	3	AEGPFootageSuite	AEGP Footage Suite	28	1394689636	0000000000000000
20700	126	3	AEGPFootageSuite	AEGP Footage Suite	29	1394689636	0000000000000000
20700	126	3	AEGPFootageSuite	AEGP Footage Suite	30	1394689636	0000000000000000
20700	126	3	AEGPFootageSuite	AEGP Footage Suite	31	1394689636	0000000000000000
20700	126	3	AEGPFootageSuite	AEGP Footage Suite	32	1394689636	0000000000000000
20700	126	3	AEGPGuideSuite	AEGP Guide Suite	1	0	00007FFAABDA6820
20700	126	3	AEGPGuideSuite	AEGP Guide Suite	2	0	00007FFAABDA6870
20700	126	3	AEGPGuideSuite	AEGP Guide Suite	3	1394689636	0000000000000000
20700	126	3	AEGPGuideSuite	AEGP Guide Suite	4	1394689636	0000000000000000
20700	126	3	AEGPGuideSuite	AEGP Guide Suite	5	1394689636	0000000000000000
20700	126	3	AEGPGuideSuite	AEGP Guide Suite	6	1394689636	0000000000000000
20700	126	3	AEGPGuideSuite	AEGP Guide Suite	7	1394689636	0000000000000000
20700	126	3	AEGPGuideSuite	AEGP Guide Suite	8	1394689636	0000000000000000
20700	126	3	AEGPGuideSuite	AEGP Guide Suite	9	1394689636	0000000000000000
20700	126	3	AEGPGuideSuite	AEGP Guide Suite	10	1394689636	0000000000000000
20700	126	3	AEGPGuideSuite	AEGP Guide Suite	11	1394689636	0000000000000000
20700	126	3	AEGPGuideSuite	AEGP Guide Suite	12	1394689636	0000000000000000
20700	126	3	AEGPGuideSuite	AEGP Guide Suite	13	1394689636	0000000000000000
20700	126	3	AEGPGuideSuite	AEGP Guide Suite	14	1394689636	0000000000000000
20700	126	3	AEGPGuideSuite	AEGP Guide Suite	15	1394689636	0000000000000000
20700	126	3	AEGPGuideSuite	AEGP Guide Suite	16	1394689636	0000000000000000
20700	126	3	AEGPGuideSuite	AEGP Guide Suite	17	1394689636	0000000000000000
20700	126	3	AEGPGuideSuite	AEGP Guide Suite	18	1394689636	0000000000000000
20700	126	3	AEGPGuideSuite	AEGP Guide Suite	19	1394689636	0000000000000000
20700	126	3	AEGPGuideSuite	AEGP Guide Suite	20	1394689636	0000000000000000
20700	126	3	AEGPGuideSuite	AEGP Guide Suite	21	1394689636	0000000000000000
20700	126	3	AEGPGuideSuite	AEGP Guide Suite	22	1394689636	0000000000000000
20700	126	3	AEGPGuideSuite	AEGP Guide Suite	23	1394689636	0000000000000000
20700	126	3	AEGPGuideSuite	AEGP Guide Suite	24	1394689636	0000000000000000
20700	126	3	AEGPGuideSuite	AEGP Guide Suite	25	1394689636	0000000000000000
20700	126	3	AEGPGuideSuite	AEGP Guide Suite	26	1394689636	0000000000000000
20700	126	3	AEGPGuideSuite	AEGP Guide Suite	27	1394689636	0000000000000000
20700	126	3	AEGPGuideSuite	AEGP Guide Suite	28	1394689636	0000000000000000
20700	126	3	AEGPGuideSuite	AEGP Guide Suite	29	1394689636	0000000000000000
20700	126	3	AEGPGuideSuite	AEGP Guide Suite	30	1394689636	0000000000000000
20700	126	3	AEGPGuideSuite	AEGP Guide Suite	31	1394689636	0000000000000000
20700	126	3	AEGPGuideSuite	AEGP Guide Suite	32	1394689636	0000000000000000
20700	126	3	AEGPIOInSuite	AEGP IO In Suite	1	1394689636	0000000000000000
20700	126	3	AEGPIOInSuite	AEGP IO In Suite	2	1394689636	0000000000000000
20700	126	3	AEGPIOInSuite	AEGP IO In Suite	3	1394689636	0000000000000000
20700	126	3	AEGPIOInSuite	AEGP IO In Suite	4	1394689636	0000000000000000
20700	126	3	AEGPIOInSuite	AEGP IO In Suite	5	0	00007FFAABD60650
20700	126	3	AEGPIOInSuite	AEGP IO In Suite	6	0	00007FFAABD60520
20700	126	3	AEGPIOInSuite	AEGP IO In Suite	7	0	00007FFAABD603F0
20700	126	3	AEGPIOInSuite	AEGP IO In Suite	8	0	00007FFAABD602B0
20700	126	3	AEGPIOInSuite	AEGP IO In Suite	9	1394689636	0000000000000000
20700	126	3	AEGPIOInSuite	AEGP IO In Suite	10	1394689636	0000000000000000
20700	126	3	AEGPIOInSuite	AEGP IO In Suite	11	1394689636	0000000000000000
20700	126	3	AEGPIOInSuite	AEGP IO In Suite	12	1394689636	0000000000000000
20700	126	3	AEGPIOInSuite	AEGP IO In Suite	13	1394689636	0000000000000000
20700	126	3	AEGPIOInSuite	AEGP IO In Suite	14	1394689636	0000000000000000
20700	126	3	AEGPIOInSuite	AEGP IO In Suite	15	1394689636	0000000000000000
20700	126	3	AEGPIOInSuite	AEGP IO In Suite	16	1394689636	0000000000000000
20700	126	3	AEGPIOInSuite	AEGP IO In Suite	17	1394689636	0000000000000000
20700	126	3	AEGPIOInSuite	AEGP IO In Suite	18	1394689636	0000000000000000
20700	126	3	AEGPIOInSuite	AEGP IO In Suite	19	1394689636	0000000000000000
20700	126	3	AEGPIOInSuite	AEGP IO In Suite	20	1394689636	0000000000000000
20700	126	3	AEGPIOInSuite	AEGP IO In Suite	21	1394689636	0000000000000000
20700	126	3	AEGPIOInSuite	AEGP IO In Suite	22	1394689636	0000000000000000
20700	126	3	AEGPIOInSuite	AEGP IO In Suite	23	1394689636	0000000000000000
20700	126	3	AEGPIOInSuite	AEGP IO In Suite	24	1394689636	0000000000000000
20700	126	3	AEGPIOInSuite	AEGP IO In Suite	25	1394689636	0000000000000000
20700	126	3	AEGPIOInSuite	AEGP IO In Suite	26	1394689636	0000000000000000
20700	126	3	AEGPIOInSuite	AEGP IO In Suite	27	1394689636	0000000000000000
20700	126	3	AEGPIOInSuite	AEGP IO In Suite	28	1394689636	0000000000000000
20700	126	3	AEGPIOInSuite	AEGP IO In Suite	29	1394689636	0000000000000000
20700	126	3	AEGPIOInSuite	AEGP IO In Suite	30	1394689636	0000000000000000
20700	126	3	AEGPIOInSuite	AEGP IO In Suite	31	1394689636	0000000000000000
20700	126	3	AEGPIOInSuite	AEGP IO In Suite	32	1394689636	0000000000000000
20700	126	3	AEGPIOOutSuite	AEGP IO Out Suite	1	1394689636	0000000000000000
20700	126	3	AEGPIOOutSuite	AEGP IO Out Suite	2	1394689636	0000000000000000
20700	126	3	AEGPIOOutSuite	AEGP IO Out Suite	3	1394689636	0000000000000000
20700	126	3	AEGPIOOutSuite	AEGP IO Out Suite	4	1394689636	0000000000000000
20700	126	3	AEGPIOOutSuite	AEGP IO Out Suite	5	1394689636	0000000000000000
20700	126	3	AEGPIOOutSuite	AEGP IO Out Suite	6	1394689636	0000000000000000
20700	126	3	AEGPIOOutSuite	AEGP IO Out Suite	7	0	00007FFAABD60990
20700	126	3	AEGPIOOutSuite	AEGP IO Out Suite	8	0	00007FFAABD60870
20700	126	3	AEGPIOOutSuite	AEGP IO Out Suite	9	0	00007FFAABD60750
20700	126	3	AEGPIOOutSuite	AEGP IO Out Suite	10	1394689636	0000000000000000
20700	126	3	AEGPIOOutSuite	AEGP IO Out Suite	11	1394689636	0000000000000000
20700	126	3	AEGPIOOutSuite	AEGP IO Out Suite	12	1394689636	0000000000000000
20700	126	3	AEGPIOOutSuite	AEGP IO Out Suite	13	1394689636	0000000000000000
20700	126	3	AEGPIOOutSuite	AEGP IO Out Suite	14	1394689636	0000000000000000
20700	126	3	AEGPIOOutSuite	AEGP IO Out Suite	15	1394689636	0000000000000000
20700	126	3	AEGPIOOutSuite	AEGP IO Out Suite	16	1394689636	0000000000000000
20700	126	3	AEGPIOOutSuite	AEGP IO Out Suite	17	1394689636	0000000000000000
20700	126	3	AEGPIOOutSuite	AEGP IO Out Suite	18	1394689636	0000000000000000
20700	126	3	AEGPIOOutSuite	AEGP IO Out Suite	19	1394689636	0000000000000000
20700	126	3	AEGPIOOutSuite	AEGP IO Out Suite	20	1394689636	0000000000000000
20700	126	3	AEGPIOOutSuite	AEGP IO Out Suite	21	1394689636	0000000000000000
20700	126	3	AEGPIOOutSuite	AEGP IO Out Suite	22	1394689636	0000000000000000
20700	126	3	AEGPIOOutSuite	AEGP IO Out Suite	23	1394689636	0000000000000000
20700	126	3	AEGPIOOutSuite	AEGP IO Out Suite	24	1394689636	0000000000000000
20700	126	3	AEGPIOOutSuite	AEGP IO Out Suite	25	1394689636	0000000000000000
20700	126	3	AEGPIOOutSuite	AEGP IO Out Suite	26	1394689636	0000000000000000
20700	126	3	AEGPIOOutSuite	AEGP IO Out Suite	27	1394689636	0000000000000000
20700	126	3	AEGPIOOutSuite	AEGP IO Out Suite	28	1394689636	0000000000000000
20700	126	3	AEGPIOOutSuite	AEGP IO Out Suite	29	1394689636	0000000000000000
20700	126	3	AEGPIOOutSuite	AEGP IO Out Suite	30	1394689636	0000000000000000
20700	126	3	AEGPIOOutSuite	AEGP IO Out Suite	31	1394689636	0000000000000000
20700	126	3	AEGPIOOutSuite	AEGP IO Out Suite	32	1394689636	0000000000000000
20700	126	3	AEGPItemSuite	AEGP Item Suite	1	1394689636	0000000000000000
20700	126	3	AEGPItemSuite	AEGP Item Suite	2	1394689636	0000000000000000
20700	126	3	AEGPItemSuite	AEGP Item Suite	3	0	00007FFAABD60EF0
20700	126	3	AEGPItemSuite	AEGP Item Suite	4	0	00007FFAABD60F90
20700	126	3	AEGPItemSuite	AEGP Item Suite	5	0	00007FFAABD61040
20700	126	3	AEGPItemSuite	AEGP Item Suite	6	0	00007FFAABD610F0
20700	126	3	AEGPItemSuite	AEGP Item Suite	7	0	00007FFAABD611A0
20700	126	3	AEGPItemSuite	AEGP Item Suite	8	1394689636	0000000000000000
20700	126	3	AEGPItemSuite	AEGP Item Suite	9	1394689636	0000000000000000
20700	126	3	AEGPItemSuite	AEGP Item Suite	10	0	00007FFAABD61250
20700	126	3	AEGPItemSuite	AEGP Item Suite	11	0	00007FFAABD61320
20700	126	3	AEGPItemSuite	AEGP Item Suite	12	1394689636	0000000000000000
20700	126	3	AEGPItemSuite	AEGP Item Suite	13	0	00007FFAABD61400
20700	126	3	AEGPItemSuite	AEGP Item Suite	14	0	00007FFAABD614E0
20700	126	3	AEGPItemSuite	AEGP Item Suite	15	1394689636	0000000000000000
20700	126	3	AEGPItemSuite	AEGP Item Suite	16	1394689636	0000000000000000
20700	126	3	AEGPItemSuite	AEGP Item Suite	17	1394689636	0000000000000000
20700	126	3	AEGPItemSuite	AEGP Item Suite	18	1394689636	0000000000000000
20700	126	3	AEGPItemSuite	AEGP Item Suite	19	1394689636	0000000000000000
20700	126	3	AEGPItemSuite	AEGP Item Suite	20	1394689636	0000000000000000
20700	126	3	AEGPItemSuite	AEGP Item Suite	21	1394689636	0000000000000000
20700	126	3	AEGPItemSuite	AEGP Item Suite	22	1394689636	0000000000000000
20700	126	3	AEGPItemSuite	AEGP Item Suite	23	1394689636	0000000000000000
20700	126	3	AEGPItemSuite	AEGP Item Suite	24	1394689636	0000000000000000
20700	126	3	AEGPItemSuite	AEGP Item Suite	25	1394689636	0000000000000000
20700	126	3	AEGPItemSuite	AEGP Item Suite	26	1394689636	0000000000000000
20700	126	3	AEGPItemSuite	AEGP Item Suite	27	1394689636	0000000000000000
20700	126	3	AEGPItemSuite	AEGP Item Suite	28	1394689636	0000000000000000
20700	126	3	AEGPItemSuite	AEGP Item Suite	29	1394689636	0000000000000000
20700	126	3	AEGPItemSuite	AEGP Item Suite	30	1394689636	0000000000000000
20700	126	3	AEGPItemSuite	AEGP Item Suite	31	1394689636	0000000000000000
20700	126	3	AEGPItemSuite	AEGP Item Suite	32	1394689636	0000000000000000
20700	126	3	AEGPItemViewSuite	AEGP Item View Suite	1	0	00007FFAABD61198
20700	126	3	AEGPItemViewSuite	AEGP Item View Suite	2	0	00007FFAABD615B0
20700	126	3	AEGPItemViewSuite	AEGP Item View Suite	3	1394689636	0000000000000000
20700	126	3	AEGPItemViewSuite	AEGP Item View Suite	4	1394689636	0000000000000000
20700	126	3	AEGPItemViewSuite	AEGP Item View Suite	5	1394689636	0000000000000000
20700	126	3	AEGPItemViewSuite	AEGP Item View Suite	6	1394689636	0000000000000000
20700	126	3	AEGPItemViewSuite	AEGP Item View Suite	7	1394689636	0000000000000000
20700	126	3	AEGPItemViewSuite	AEGP Item View Suite	8	1394689636	0000000000000000
20700	126	3	AEGPItemViewSuite	AEGP Item View Suite	9	1394689636	0000000000000000
20700	126	3	AEGPItemViewSuite	AEGP Item View Suite	10	1394689636	0000000000000000
20700	126	3	AEGPItemViewSuite	AEGP Item View Suite	11	1394689636	0000000000000000
20700	126	3	AEGPItemViewSuite	AEGP Item View Suite	12	1394689636	0000000000000000
20700	126	3	AEGPItemViewSuite	AEGP Item View Suite	13	1394689636	0000000000000000
20700	126	3	AEGPItemViewSuite	AEGP Item View Suite	14	1394689636	0000000000000000
20700	126	3	AEGPItemViewSuite	AEGP Item View Suite	15	1394689636	0000000000000000
20700	126	3	AEGPItemViewSuite	AEGP Item View Suite	16	1394689636	0000000000000000
20700	126	3	AEGPItemViewSuite	AEGP Item View Suite	17	1394689636	0000000000000000
20700	126	3	AEGPItemViewSuite	AEGP Item View Suite	18	1394689636	0000000000000000
20700	126	3	AEGPItemViewSuite	AEGP Item View Suite	19	1394689636	0000000000000000
20700	126	3	AEGPItemViewSuite	AEGP Item View Suite	20	1394689636	0000000000000000
20700	126	3	AEGPItemViewSuite	AEGP Item View Suite	21	1394689636	0000000000000000
20700	126	3	AEGPItemViewSuite	AEGP Item View Suite	22	1394689636	0000000000000000
20700	126	3	AEGPItemViewSuite	AEGP Item View Suite	23	1394689636	0000000000000000
20700	126	3	AEGPItemViewSuite	AEGP Item View Suite	24	1394689636	0000000000000000
20700	126	3	AEGPItemViewSuite	AEGP Item View Suite	25	1394689636	0000000000000000
20700	126	3	AEGPItemViewSuite	AEGP Item View Suite	26	1394689636	0000000000000000
20700	126	3	AEGPItemViewSuite	AEGP Item View Suite	27	1394689636	0000000000000000
20700	126	3	AEGPItemViewSuite	AEGP Item View Suite	28	1394689636	0000000000000000
20700	126	3	AEGPItemViewSuite	AEGP Item View Suite	29	1394689636	0000000000000000
20700	126	3	AEGPItemViewSuite	AEGP Item View Suite	30	1394689636	0000000000000000
20700	126	3	AEGPItemViewSuite	AEGP Item View Suite	31	1394689636	0000000000000000
20700	126	3	AEGPItemViewSuite	AEGP Item View Suite	32	1394689636	0000000000000000
20700	126	3	AEGPIterateSuite	AEGP Iterate Suite	1	0	00007FFAABD5C740
20700	126	3	AEGPIterateSuite	AEGP Iterate Suite	2	0	00007FFAABD5C750
20700	126	3	AEGPIterateSuite	AEGP Iterate Suite	3	1394689636	0000000000000000
20700	126	3	AEGPIterateSuite	AEGP Iterate Suite	4	1394689636	0000000000000000
20700	126	3	AEGPIterateSuite	AEGP Iterate Suite	5	1394689636	0000000000000000
20700	126	3	AEGPIterateSuite	AEGP Iterate Suite	6	1394689636	0000000000000000
20700	126	3	AEGPIterateSuite	AEGP Iterate Suite	7	1394689636	0000000000000000
20700	126	3	AEGPIterateSuite	AEGP Iterate Suite	8	1394689636	0000000000000000
20700	126	3	AEGPIterateSuite	AEGP Iterate Suite	9	1394689636	0000000000000000
20700	126	3	AEGPIterateSuite	AEGP Iterate Suite	10	1394689636	0000000000000000
20700	126	3	AEGPIterateSuite	AEGP Iterate Suite	11	1394689636	0000000000000000
20700	126	3	AEGPIterateSuite	AEGP Iterate Suite	12	1394689636	0000000000000000
20700	126	3	AEGPIterateSuite	AEGP Iterate Suite	13	1394689636	0000000000000000
20700	126	3	AEGPIterateSuite	AEGP Iterate Suite	14	1394689636	0000000000000000
20700	126	3	AEGPIterateSuite	AEGP Iterate Suite	15	1394689636	0000000000000000
20700	126	3	AEGPIterateSuite	AEGP Iterate Suite	16	1394689636	0000000000000000
20700	126	3	AEGPIterateSuite	AEGP Iterate Suite	17	1394689636	0000000000000000
20700	126	3	AEGPIterateSuite	AEGP Iterate Suite	18	1394689636	0000000000000000
20700	126	3	AEGPIterateSuite	AEGP Iterate Suite	19	1394689636	0000000000000000
20700	126	3	AEGPIterateSuite	AEGP Iterate Suite	20	1394689636	0000000000000000
20700	126	3	AEGPIterateSuite	AEGP Iterate Suite	21	1394689636	0000000000000000
20700	126	3	AEGPIterateSuite	AEGP Iterate Suite	22	1394689636	0000000000000000
20700	126	3	AEGPIterateSuite	AEGP Iterate Suite	23	1394689636	0000000000000000
20700	126	3	AEGPIterateSuite	AEGP Iterate Suite	24	1394689636	0000000000000000
20700	126	3	AEGPIterateSuite	AEGP Iterate Suite	25	1394689636	0000000000000000
20700	126	3	AEGPIterateSuite	AEGP Iterate Suite	26	1394689636	0000000000000000
20700	126	3	AEGPIterateSuite	AEGP Iterate Suite	27	1394689636	0000000000000000
20700	126	3	AEGPIterateSuite	AEGP Iterate Suite	28	1394689636	0000000000000000
20700	126	3	AEGPIterateSuite	AEGP Iterate Suite	29	1394689636	0000000000000000
20700	126	3	AEGPIterateSuite	AEGP Iterate Suite	30	1394689636	0000000000000000
20700	126	3	AEGPIterateSuite	AEGP Iterate Suite	31	1394689636	0000000000000000
20700	126	3	AEGPIterateSuite	AEGP Iterate Suite	32	1394689636	0000000000000000
20700	126	3	AEGPKeyframeSuite	AEGP Keyframe Suite	1	0	00007FFAABD61AA0
20700	126	3	AEGPKeyframeSuite	AEGP Keyframe Suite	2	0	00007FFAABD61B20
20700	126	3	AEGPKeyframeSuite	AEGP Keyframe Suite	3	0	00007FFAABD61BC0
20700	126	3	AEGPKeyframeSuite	AEGP Keyframe Suite	4	0	00007FFAABD61C60
20700	126	3	AEGPKeyframeSuite	AEGP Keyframe Suite	5	0	00007FFAABD61D00
20700	126	3	AEGPKeyframeSuite	AEGP Keyframe Suite	6	1394689636	0000000000000000
20700	126	3	AEGPKeyframeSuite	AEGP Keyframe Suite	7	1394689636	0000000000000000
20700	126	3	AEGPKeyframeSuite	AEGP Keyframe Suite	8	1394689636	0000000000000000
20700	126	3	AEGPKeyframeSuite	AEGP Keyframe Suite	9	1394689636	0000000000000000
20700	126	3	AEGPKeyframeSuite	AEGP Keyframe Suite	10	1394689636	0000000000000000
20700	126	3	AEGPKeyframeSuite	AEGP Keyframe Suite	11	1394689636	0000000000000000
20700	126	3	AEGPKeyframeSuite	AEGP Keyframe Suite	12	1394689636	0000000000000000
20700	126	3	AEGPKeyframeSuite	AEGP Keyframe Suite	13	1394689636	0000000000000000
20700	126	3	AEGPKeyframeSuite	AEGP Keyframe Suite	14	1394689636	0000000000000000
20700	126	3	AEGPKeyframeSuite	AEGP Keyframe Suite	15	1394689636	0000000000000000
20700	126	3	AEGPKeyframeSuite	AEGP Keyframe Suite	16	1394689636	0000000000000000
20700	126	3	AEGPKeyframeSuite	AEGP Keyframe Suite	17	1394689636	0000000000000000
20700	126	3	AEGPKeyframeSuite	AEGP Keyframe Suite	18	1394689636	0000000000000000
20700	126	3	AEGPKeyframeSuite	AEGP Keyframe Suite	19	1394689636	0000000000000000
20700	126	3	AEGPKeyframeSuite	AEGP Keyframe Suite	20	1394689636	0000000000000000
20700	126	3	AEGPKeyframeSuite	AEGP Keyframe Suite	21	1394689636	0000000000000000
20700	126	3	AEGPKeyframeSuite	AEGP Keyframe Suite	22	1394689636	0000000000000000
20700	126	3	AEGPKeyframeSuite	AEGP Keyframe Suite	23	1394689636	0000000000000000
20700	126	3	AEGPKeyframeSuite	AEGP Keyframe Suite	24	1394689636	0000000000000000
20700	126	3	AEGPKeyframeSuite	AEGP Keyframe Suite	25	1394689636	0000000000000000
20700	126	3	AEGPKeyframeSuite	AEGP Keyframe Suite	26	1394689636	0000000000000000
20700	126	3	AEGPKeyframeSuite	AEGP Keyframe Suite	27	1394689636	0000000000000000
20700	126	3	AEGPKeyframeSuite	AEGP Keyframe Suite	28	1394689636	0000000000000000
20700	126	3	AEGPKeyframeSuite	AEGP Keyframe Suite	29	1394689636	0000000000000000
20700	126	3	AEGPKeyframeSuite	AEGP Keyframe Suite	30	1394689636	0000000000000000
20700	126	3	AEGPKeyframeSuite	AEGP Keyframe Suite	31	1394689636	0000000000000000
20700	126	3	AEGPKeyframeSuite	AEGP Keyframe Suite	32	1394689636	0000000000000000
20700	126	3	AEGPMaskSuite	AEGP Layer Mask Suite	1	1394689636	0000000000000000
20700	126	3	AEGPMaskSuite	AEGP Layer Mask Suite	2	0	00007FFAABD638B0
20700	126	3	AEGPMaskSuite	AEGP Layer Mask Suite	3	0	00007FFAABD63840
20700	126	3	AEGPMaskSuite	AEGP Layer Mask Suite	4	0	00007FFAABD637A0
20700	126	3	AEGPMaskSuite	AEGP Layer Mask Suite	5	0	00007FFAABD636F0
20700	126	3	AEGPMaskSuite	AEGP Layer Mask Suite	6	0	00007FFAABD63650
20700	126	3	AEGPMaskSuite	AEGP Layer Mask Suite	7	0	00007FFAABD635A0
20700	126	3	AEGPMaskSuite	AEGP Layer Mask Suite	8	1394689636	0000000000000000
20700	126	3	AEGPMaskSuite	AEGP Layer Mask Suite	9	1394689636	0000000000000000
20700	126	3	AEGPMaskSuite	AEGP Layer Mask Suite	10	1394689636	0000000000000000
20700	126	3	AEGPMaskSuite	AEGP Layer Mask Suite	11	1394689636	0000000000000000
20700	126	3	AEGPMaskSuite	AEGP Layer Mask Suite	12	1394689636	0000000000000000
20700	126	3	AEGPMaskSuite	AEGP Layer Mask Suite	13	1394689636	0000000000000000
20700	126	3	AEGPMaskSuite	AEGP Layer Mask Suite	14	1394689636	0000000000000000
20700	126	3	AEGPMaskSuite	AEGP Layer Mask Suite	15	1394689636	0000000000000000
20700	126	3	AEGPMaskSuite	AEGP Layer Mask Suite	16	1394689636	0000000000000000
20700	126	3	AEGPMaskSuite	AEGP Layer Mask Suite	17	1394689636	0000000000000000
20700	126	3	AEGPMaskSuite	AEGP Layer Mask Suite	18	1394689636	0000000000000000
20700	126	3	AEGPMaskSuite	AEGP Layer Mask Suite	19	1394689636	0000000000000000
20700	126	3	AEGPMaskSuite	AEGP Layer Mask Suite	20	1394689636	0000000000000000
20700	126	3	AEGPMaskSuite	AEGP Layer Mask Suite	21	1394689636	0000000000000000
20700	126	3	AEGPMaskSuite	AEGP Layer Mask Suite	22	1394689636	0000000000000000
20700	126	3	AEGPMaskSuite	AEGP Layer Mask Suite	23	1394689636	0000000000000000
20700	126	3	AEGPMaskSuite	AEGP Layer Mask Suite	24	1394689636	0000000000000000
20700	126	3	AEGPMaskSuite	AEGP Layer Mask Suite	25	1394689636	0000000000000000
20700	126	3	AEGPMaskSuite	AEGP Layer Mask Suite	26	1394689636	0000000000000000
20700	126	3	AEGPMaskSuite	AEGP Layer Mask Suite	27	1394689636	0000000000000000
20700	126	3	AEGPMaskSuite	AEGP Layer Mask Suite	28	1394689636	0000000000000000
20700	126	3	AEGPMaskSuite	AEGP Layer Mask Suite	29	1394689636	0000000000000000
20700	126	3	AEGPMaskSuite	AEGP Layer Mask Suite	30	1394689636	0000000000000000
20700	126	3	AEGPMaskSuite	AEGP Layer Mask Suite	31	1394689636	0000000000000000
20700	126	3	AEGPMaskSuite	AEGP Layer Mask Suite	32	1394689636	0000000000000000
20700	126	3	AEGPLayerRenderOptionsSuite	AEGP Layer Render Options Suite	1	0	00007FFAABD66520
20700	126	3	AEGPLayerRenderOptionsSuite	AEGP Layer Render Options Suite	2	0	00007FFAABD66590
20700	126	3	AEGPLayerRenderOptionsSuite	AEGP Layer Render Options Suite	3	1394689636	0000000000000000
20700	126	3	AEGPLayerRenderOptionsSuite	AEGP Layer Render Options Suite	4	1394689636	0000000000000000
20700	126	3	AEGPLayerRenderOptionsSuite	AEGP Layer Render Options Suite	5	1394689636	0000000000000000
20700	126	3	AEGPLayerRenderOptionsSuite	AEGP Layer Render Options Suite	6	1394689636	0000000000000000
20700	126	3	AEGPLayerRenderOptionsSuite	AEGP Layer Render Options Suite	7	1394689636	0000000000000000
20700	126	3	AEGPLayerRenderOptionsSuite	AEGP Layer Render Options Suite	8	1394689636	0000000000000000
20700	126	3	AEGPLayerRenderOptionsSuite	AEGP Layer Render Options Suite	9	1394689636	0000000000000000
20700	126	3	AEGPLayerRenderOptionsSuite	AEGP Layer Render Options Suite	10	1394689636	0000000000000000
20700	126	3	AEGPLayerRenderOptionsSuite	AEGP Layer Render Options Suite	11	1394689636	0000000000000000
20700	126	3	AEGPLayerRenderOptionsSuite	AEGP Layer Render Options Suite	12	1394689636	0000000000000000
20700	126	3	AEGPLayerRenderOptionsSuite	AEGP Layer Render Options Suite	13	1394689636	0000000000000000
20700	126	3	AEGPLayerRenderOptionsSuite	AEGP Layer Render Options Suite	14	1394689636	0000000000000000
20700	126	3	AEGPLayerRenderOptionsSuite	AEGP Layer Render Options Suite	15	1394689636	0000000000000000
20700	126	3	AEGPLayerRenderOptionsSuite	AEGP Layer Render Options Suite	16	1394689636	0000000000000000
20700	126	3	AEGPLayerRenderOptionsSuite	AEGP Layer Render Options Suite	17	1394689636	0000000000000000
20700	126	3	AEGPLayerRenderOptionsSuite	AEGP Layer Render Options Suite	18	1394689636	0000000000000000
20700	126	3	AEGPLayerRenderOptionsSuite	AEGP Layer Render Options Suite	19	1394689636	0000000000000000
20700	126	3	AEGPLayerRenderOptionsSuite	AEGP Layer Render Options Suite	20	1394689636	0000000000000000
20700	126	3	AEGPLayerRenderOptionsSuite	AEGP Layer Render Options Suite	21	1394689636	0000000000000000
20700	126	3	AEGPLayerRenderOptionsSuite	AEGP Layer Render Options Suite	22	1394689636	0000000000000000
20700	126	3	AEGPLayerRenderOptionsSuite	AEGP Layer Render Options Suite	23	1394689636	0000000000000000
20700	126	3	AEGPLayerRenderOptionsSuite	AEGP Layer Render Options Suite	24	1394689636	0000000000000000
20700	126	3	AEGPLayerRenderOptionsSuite	AEGP Layer Render Options Suite	25	1394689636	0000000000000000
20700	126	3	AEGPLayerRenderOptionsSuite	AEGP Layer Render Options Suite	26	1394689636	0000000000000000
20700	126	3	AEGPLayerRenderOptionsSuite	AEGP Layer Render Options Suite	27	1394689636	0000000000000000
20700	126	3	AEGPLayerRenderOptionsSuite	AEGP Layer Render Options Suite	28	1394689636	0000000000000000
20700	126	3	AEGPLayerRenderOptionsSuite	AEGP Layer Render Options Suite	29	1394689636	0000000000000000
20700	126	3	AEGPLayerRenderOptionsSuite	AEGP Layer Render Options Suite	30	1394689636	0000000000000000
20700	126	3	AEGPLayerRenderOptionsSuite	AEGP Layer Render Options Suite	31	1394689636	0000000000000000
20700	126	3	AEGPLayerRenderOptionsSuite	AEGP Layer Render Options Suite	32	1394689636	0000000000000000
20700	126	3	AEGPLayerSuite	AEGP Layer Suite	1	1394689636	0000000000000000
20700	126	3	AEGPLayerSuite	AEGP Layer Suite	2	1394689636	0000000000000000
20700	126	3	AEGPLayerSuite	AEGP Layer Suite	3	1394689636	0000000000000000
20700	126	3	AEGPLayerSuite	AEGP Layer Suite	4	1394689636	0000000000000000
20700	126	3	AEGPLayerSuite	AEGP Layer Suite	5	0	00007FFAABD622D0
20700	126	3	AEGPLayerSuite	AEGP Layer Suite	6	1394689636	0000000000000000
20700	126	3	AEGPLayerSuite	AEGP Layer Suite	7	0	00007FFAABD62410
20700	126	3	AEGPLayerSuite	AEGP Layer Suite	8	0	00007FFAABD62560
20700	126	3	AEGPLayerSuite	AEGP Layer Suite	9	1394689636	0000000000000000
20700	126	3	AEGPLayerSuite	AEGP Layer Suite	10	0	00007FFAABD626C0
20700	126	3	AEGPLayerSuite	AEGP Layer Suite	11	0	00007FFAABD62830
20700	126	3	AEGPLayerSuite	AEGP Layer Suite	12	0	00007FFAABD629A0
20700	126	3	AEGPLayerSuite	AEGP Layer Suite	13	0	00007FFAABD62B10
20700	126	3	AEGPLayerSuite	AEGP Layer Suite	14	0	00007FFAABD62C90
20700	126	3	AEGPLayerSuite	AEGP Layer Suite	15	0	00007FFAABD62E20
20700	126	3	AEGPLayerSuite	AEGP Layer Suite	16	1394689636	0000000000000000
20700	126	3	AEGPLayerSuite	AEGP Layer Suite	17	1394689636	0000000000000000
20700	126	3	AEGPLayerSuite	AEGP Layer Suite	18	1394689636	0000000000000000
20700	126	3	AEGPLayerSuite	AEGP Layer Suite	19	1394689636	0000000000000000
20700	126	3	AEGPLayerSuite	AEGP Layer Suite	20	1394689636	0000000000000000
20700	126	3	AEGPLayerSuite	AEGP Layer Suite	21	1394689636	0000000000000000
20700	126	3	AEGPLayerSuite	AEGP Layer Suite	22	1394689636	0000000000000000
20700	126	3	AEGPLayerSuite	AEGP Layer Suite	23	1394689636	0000000000000000
20700	126	3	AEGPLayerSuite	AEGP Layer Suite	24	1394689636	0000000000000000
20700	126	3	AEGPLayerSuite	AEGP Layer Suite	25	1394689636	0000000000000000
20700	126	3	AEGPLayerSuite	AEGP Layer Suite	26	1394689636	0000000000000000
20700	126	3	AEGPLayerSuite	AEGP Layer Suite	27	1394689636	0000000000000000
20700	126	3	AEGPLayerSuite	AEGP Layer Suite	28	1394689636	0000000000000000
20700	126	3	AEGPLayerSuite	AEGP Layer Suite	29	1394689636	0000000000000000
20700	126	3	AEGPLayerSuite	AEGP Layer Suite	30	1394689636	0000000000000000
20700	126	3	AEGPLayerSuite	AEGP Layer Suite	31	1394689636	0000000000000000
20700	126	3	AEGPLayerSuite	AEGP Layer Suite	32	1394689636	0000000000000000
20700	126	3	AEGPLightSuite	AEGP Light Suite	1	0	00007FFAABD5C588
20700	126	3	AEGPLightSuite	AEGP Light Suite	2	0	00007FFAABD5C610
20700	126	3	AEGPLightSuite	AEGP Light Suite	3	0	00007FFAABD5C620
20700	126	3	AEGPLightSuite	AEGP Light Suite	4	1394689636	0000000000000000
20700	126	3	AEGPLightSuite	AEGP Light Suite	5	1394689636	0000000000000000
20700	126	3	AEGPLightSuite	AEGP Light Suite	6	1394689636	0000000000000000
20700	126	3	AEGPLightSuite	AEGP Light Suite	7	1394689636	0000000000000000
20700	126	3	AEGPLightSuite	AEGP Light Suite	8	1394689636	0000000000000000
20700	126	3	AEGPLightSuite	AEGP Light Suite	9	1394689636	0000000000000000
20700	126	3	AEGPLightSuite	AEGP Light Suite	10	1394689636	0000000000000000
20700	126	3	AEGPLightSuite	AEGP Light Suite	11	1394689636	0000000000000000
20700	126	3	AEGPLightSuite	AEGP Light Suite	12	1394689636	0000000000000000
20700	126	3	AEGPLightSuite	AEGP Light Suite	13	1394689636	0000000000000000
20700	126	3	AEGPLightSuite	AEGP Light Suite	14	1394689636	0000000000000000
20700	126	3	AEGPLightSuite	AEGP Light Suite	15	1394689636	0000000000000000
20700	126	3	AEGPLightSuite	AEGP Light Suite	16	1394689636	0000000000000000
20700	126	3	AEGPLightSuite	AEGP Light Suite	17	1394689636	0000000000000000
20700	126	3	AEGPLightSuite	AEGP Light Suite	18	1394689636	0000000000000000
20700	126	3	AEGPLightSuite	AEGP Light Suite	19	1394689636	0000000000000000
20700	126	3	AEGPLightSuite	AEGP Light Suite	20	1394689636	0000000000000000
20700	126	3	AEGPLightSuite	AEGP Light Suite	21	1394689636	0000000000000000
20700	126	3	AEGPLightSuite	AEGP Light Suite	22	1394689636	0000000000000000
20700	126	3	AEGPLightSuite	AEGP Light Suite	23	1394689636	0000000000000000
20700	126	3	AEGPLightSuite	AEGP Light Suite	24	1394689636	0000000000000000
20700	126	3	AEGPLightSuite	AEGP Light Suite	25	1394689636	0000000000000000
20700	126	3	AEGPLightSuite	AEGP Light Suite	26	1394689636	0000000000000000
20700	126	3	AEGPLightSuite	AEGP Light Suite	27	1394689636	0000000000000000
20700	126	3	AEGPLightSuite	AEGP Light Suite	28	1394689636	0000000000000000
20700	126	3	AEGPLightSuite	AEGP Light Suite	29	1394689636	0000000000000000
20700	126	3	AEGPLightSuite	AEGP Light Suite	30	1394689636	0000000000000000
20700	126	3	AEGPLightSuite	AEGP Light Suite	31	1394689636	0000000000000000
20700	126	3	AEGPLightSuite	AEGP Light Suite	32	1394689636	0000000000000000
20700	126	3	AEGPMarkerSuite	AEGP Marker Suite	1	0	00007FFAABD633B0
20700	126	3	AEGPMarkerSuite	AEGP Marker Suite	2	0	00007FFAABD63410
20700	126	3	AEGPMarkerSuite	AEGP Marker Suite	3	0	00007FFAABD63480
20700	126	3	AEGPMarkerSuite	AEGP Marker Suite	4	1394689636	0000000000000000
20700	126	3	AEGPMarkerSuite	AEGP Marker Suite	5	1394689636	0000000000000000
20700	126	3	AEGPMarkerSuite	AEGP Marker Suite	6	1394689636	0000000000000000
20700	126	3	AEGPMarkerSuite	AEGP Marker Suite	7	1394689636	0000000000000000
20700	126	3	AEGPMarkerSuite	AEGP Marker Suite	8	1394689636	0000000000000000
20700	126	3	AEGPMarkerSuite	AEGP Marker Suite	9	1394689636	0000000000000000
20700	126	3	AEGPMarkerSuite	AEGP Marker Suite	10	1394689636	0000000000000000
20700	126	3	AEGPMarkerSuite	AEGP Marker Suite	11	1394689636	0000000000000000
20700	126	3	AEGPMarkerSuite	AEGP Marker Suite	12	1394689636	0000000000000000
20700	126	3	AEGPMarkerSuite	AEGP Marker Suite	13	1394689636	0000000000000000
20700	126	3	AEGPMarkerSuite	AEGP Marker Suite	14	1394689636	0000000000000000
20700	126	3	AEGPMarkerSuite	AEGP Marker Suite	15	1394689636	0000000000000000
20700	126	3	AEGPMarkerSuite	AEGP Marker Suite	16	1394689636	0000000000000000
20700	126	3	AEGPMarkerSuite	AEGP Marker Suite	17	1394689636	0000000000000000
20700	126	3	AEGPMarkerSuite	AEGP Marker Suite	18	1394689636	0000000000000000
20700	126	3	AEGPMarkerSuite	AEGP Marker Suite	19	1394689636	0000000000000000
20700	126	3	AEGPMarkerSuite	AEGP Marker Suite	20	1394689636	0000000000000000
20700	126	3	AEGPMarkerSuite	AEGP Marker Suite	21	1394689636	0000000000000000
20700	126	3	AEGPMarkerSuite	AEGP Marker Suite	22	1394689636	0000000000000000
20700	126	3	AEGPMarkerSuite	AEGP Marker Suite	23	1394689636	0000000000000000
20700	126	3	AEGPMarkerSuite	AEGP Marker Suite	24	1394689636	0000000000000000
20700	126	3	AEGPMarkerSuite	AEGP Marker Suite	25	1394689636	0000000000000000
20700	126	3	AEGPMarkerSuite	AEGP Marker Suite	26	1394689636	0000000000000000
20700	126	3	AEGPMarkerSuite	AEGP Marker Suite	27	1394689636	0000000000000000
20700	126	3	AEGPMarkerSuite	AEGP Marker Suite	28	1394689636	0000000000000000
20700	126	3	AEGPMarkerSuite	AEGP Marker Suite	29	1394689636	0000000000000000
20700	126	3	AEGPMarkerSuite	AEGP Marker Suite	30	1394689636	0000000000000000
20700	126	3	AEGPMarkerSuite	AEGP Marker Suite	31	1394689636	0000000000000000
20700	126	3	AEGPMarkerSuite	AEGP Marker Suite	32	1394689636	0000000000000000
20700	126	3	AEGPMaskOutlineSuite	AEGP Mask Outline Suite	1	1394689636	0000000000000000
20700	126	3	AEGPMaskOutlineSuite	AEGP Mask Outline Suite	2	0	00007FFAABD638F8
20700	126	3	AEGPMaskOutlineSuite	AEGP Mask Outline Suite	3	0	00007FFAABD63928
20700	126	3	AEGPMaskOutlineSuite	AEGP Mask Outline Suite	4	1394689636	0000000000000000
20700	126	3	AEGPMaskOutlineSuite	AEGP Mask Outline Suite	5	0	00007FFAABD63960
20700	126	3	AEGPMaskOutlineSuite	AEGP Mask Outline Suite	6	1394689636	0000000000000000
20700	126	3	AEGPMaskOutlineSuite	AEGP Mask Outline Suite	7	1394689636	0000000000000000
20700	126	3	AEGPMaskOutlineSuite	AEGP Mask Outline Suite	8	1394689636	0000000000000000
20700	126	3	AEGPMaskOutlineSuite	AEGP Mask Outline Suite	9	1394689636	0000000000000000
20700	126	3	AEGPMaskOutlineSuite	AEGP Mask Outline Suite	10	1394689636	0000000000000000
20700	126	3	AEGPMaskOutlineSuite	AEGP Mask Outline Suite	11	1394689636	0000000000000000
20700	126	3	AEGPMaskOutlineSuite	AEGP Mask Outline Suite	12	1394689636	0000000000000000
20700	126	3	AEGPMaskOutlineSuite	AEGP Mask Outline Suite	13	1394689636	0000000000000000
20700	126	3	AEGPMaskOutlineSuite	AEGP Mask Outline Suite	14	1394689636	0000000000000000
20700	126	3	AEGPMaskOutlineSuite	AEGP Mask Outline Suite	15	1394689636	0000000000000000
20700	126	3	AEGPMaskOutlineSuite	AEGP Mask Outline Suite	16	1394689636	0000000000000000
20700	126	3	AEGPMaskOutlineSuite	AEGP Mask Outline Suite	17	1394689636	0000000000000000
20700	126	3	AEGPMaskOutlineSuite	AEGP Mask Outline Suite	18	1394689636	0000000000000000
20700	126	3	AEGPMaskOutlineSuite	AEGP Mask Outline Suite	19	1394689636	0000000000000000
20700	126	3	AEGPMaskOutlineSuite	AEGP Mask Outline Suite	20	1394689636	0000000000000000
20700	126	3	AEGPMaskOutlineSuite	AEGP Mask Outline Suite	21	1394689636	0000000000000000
20700	126	3	AEGPMaskOutlineSuite	AEGP Mask Outline Suite	22	1394689636	0000000000000000
20700	126	3	AEGPMaskOutlineSuite	AEGP Mask Outline Suite	23	1394689636	0000000000000000
20700	126	3	AEGPMaskOutlineSuite	AEGP Mask Outline Suite	24	1394689636	0000000000000000
20700	126	3	AEGPMaskOutlineSuite	AEGP Mask Outline Suite	25	1394689636	0000000000000000
20700	126	3	AEGPMaskOutlineSuite	AEGP Mask Outline Suite	26	1394689636	0000000000000000
20700	126	3	AEGPMaskOutlineSuite	AEGP Mask Outline Suite	27	1394689636	0000000000000000
20700	126	3	AEGPMaskOutlineSuite	AEGP Mask Outline Suite	28	1394689636	0000000000000000
20700	126	3	AEGPMaskOutlineSuite	AEGP Mask Outline Suite	29	1394689636	0000000000000000
20700	126	3	AEGPMaskOutlineSuite	AEGP Mask Outline Suite	30	1394689636	0000000000000000
20700	126	3	AEGPMaskOutlineSuite	AEGP Mask Outline Suite	31	1394689636	0000000000000000
20700	126	3	AEGPMaskOutlineSuite	AEGP Mask Outline Suite	32	1394689636	0000000000000000
20700	126	3	AEGPMathSuite	AEGP Math Suite	1	0	00007FFAABD5CC40
20700	126	3	AEGPMathSuite	AEGP Math Suite	2	1394689636	0000000000000000
20700	126	3	AEGPMathSuite	AEGP Math Suite	3	1394689636	0000000000000000
20700	126	3	AEGPMathSuite	AEGP Math Suite	4	1394689636	0000000000000000
20700	126	3	AEGPMathSuite	AEGP Math Suite	5	1394689636	0000000000000000
20700	126	3	AEGPMathSuite	AEGP Math Suite	6	1394689636	0000000000000000
20700	126	3	AEGPMathSuite	AEGP Math Suite	7	1394689636	0000000000000000
20700	126	3	AEGPMathSuite	AEGP Math Suite	8	1394689636	0000000000000000
20700	126	3	AEGPMathSuite	AEGP Math Suite	9	1394689636	0000000000000000
20700	126	3	AEGPMathSuite	AEGP Math Suite	10	1394689636	0000000000000000
20700	126	3	AEGPMathSuite	AEGP Math Suite	11	1394689636	0000000000000000
20700	126	3	AEGPMathSuite	AEGP Math Suite	12	1394689636	0000000000000000
20700	126	3	AEGPMathSuite	AEGP Math Suite	13	1394689636	0000000000000000
20700	126	3	AEGPMathSuite	AEGP Math Suite	14	1394689636	0000000000000000
20700	126	3	AEGPMathSuite	AEGP Math Suite	15	1394689636	0000000000000000
20700	126	3	AEGPMathSuite	AEGP Math Suite	16	1394689636	0000000000000000
20700	126	3	AEGPMathSuite	AEGP Math Suite	17	1394689636	0000000000000000
20700	126	3	AEGPMathSuite	AEGP Math Suite	18	1394689636	0000000000000000
20700	126	3	AEGPMathSuite	AEGP Math Suite	19	1394689636	0000000000000000
20700	126	3	AEGPMathSuite	AEGP Math Suite	20	1394689636	0000000000000000
20700	126	3	AEGPMathSuite	AEGP Math Suite	21	1394689636	0000000000000000
20700	126	3	AEGPMathSuite	AEGP Math Suite	22	1394689636	0000000000000000
20700	126	3	AEGPMathSuite	AEGP Math Suite	23	1394689636	0000000000000000
20700	126	3	AEGPMathSuite	AEGP Math Suite	24	1394689636	0000000000000000
20700	126	3	AEGPMathSuite	AEGP Math Suite	25	1394689636	0000000000000000
20700	126	3	AEGPMathSuite	AEGP Math Suite	26	1394689636	0000000000000000
20700	126	3	AEGPMathSuite	AEGP Math Suite	27	1394689636	0000000000000000
20700	126	3	AEGPMathSuite	AEGP Math Suite	28	1394689636	0000000000000000
20700	126	3	AEGPMathSuite	AEGP Math Suite	29	1394689636	0000000000000000
20700	126	3	AEGPMathSuite	AEGP Math Suite	30	1394689636	0000000000000000
20700	126	3	AEGPMathSuite	AEGP Math Suite	31	1394689636	0000000000000000
20700	126	3	AEGPMathSuite	AEGP Math Suite	32	1394689636	0000000000000000
20700	126	3	AEGPMemorySuite	AEGP Memory Suite	1	0	00007FFAABD5A640
20700	126	3	AEGPMemorySuite	AEGP Memory Suite	2	1394689636	0000000000000000
20700	126	3	AEGPMemorySuite	AEGP Memory Suite	3	1394689636	0000000000000000
20700	126	3	AEGPMemorySuite	AEGP Memory Suite	4	1394689636	0000000000000000
20700	126	3	AEGPMemorySuite	AEGP Memory Suite	5	1394689636	0000000000000000
20700	126	3	AEGPMemorySuite	AEGP Memory Suite	6	1394689636	0000000000000000
20700	126	3	AEGPMemorySuite	AEGP Memory Suite	7	1394689636	0000000000000000
20700	126	3	AEGPMemorySuite	AEGP Memory Suite	8	1394689636	0000000000000000
20700	126	3	AEGPMemorySuite	AEGP Memory Suite	9	1394689636	0000000000000000
20700	126	3	AEGPMemorySuite	AEGP Memory Suite	10	1394689636	0000000000000000
20700	126	3	AEGPMemorySuite	AEGP Memory Suite	11	1394689636	0000000000000000
20700	126	3	AEGPMemorySuite	AEGP Memory Suite	12	1394689636	0000000000000000
20700	126	3	AEGPMemorySuite	AEGP Memory Suite	13	1394689636	0000000000000000
20700	126	3	AEGPMemorySuite	AEGP Memory Suite	14	1394689636	0000000000000000
20700	126	3	AEGPMemorySuite	AEGP Memory Suite	15	1394689636	0000000000000000
20700	126	3	AEGPMemorySuite	AEGP Memory Suite	16	1394689636	0000000000000000
20700	126	3	AEGPMemorySuite	AEGP Memory Suite	17	1394689636	0000000000000000
20700	126	3	AEGPMemorySuite	AEGP Memory Suite	18	1394689636	0000000000000000
20700	126	3	AEGPMemorySuite	AEGP Memory Suite	19	1394689636	0000000000000000
20700	126	3	AEGPMemorySuite	AEGP Memory Suite	20	1394689636	0000000000000000
20700	126	3	AEGPMemorySuite	AEGP Memory Suite	21	1394689636	0000000000000000
20700	126	3	AEGPMemorySuite	AEGP Memory Suite	22	1394689636	0000000000000000
20700	126	3	AEGPMemorySuite	AEGP Memory Suite	23	1394689636	0000000000000000
20700	126	3	AEGPMemorySuite	AEGP Memory Suite	24	1394689636	0000000000000000
20700	126	3	AEGPMemorySuite	AEGP Memory Suite	25	1394689636	0000000000000000
20700	126	3	AEGPMemorySuite	AEGP Memory Suite	26	1394689636	0000000000000000
20700	126	3	AEGPMemorySuite	AEGP Memory Suite	27	1394689636	0000000000000000
20700	126	3	AEGPMemorySuite	AEGP Memory Suite	28	1394689636	0000000000000000
20700	126	3	AEGPMemorySuite	AEGP Memory Suite	29	1394689636	0000000000000000
20700	126	3	AEGPMemorySuite	AEGP Memory Suite	30	1394689636	0000000000000000
20700	126	3	AEGPMemorySuite	AEGP Memory Suite	31	1394689636	0000000000000000
20700	126	3	AEGPMemorySuite	AEGP Memory Suite	32	1394689636	0000000000000000
20700	126	3	AEGPOutputModuleSuite	AEGP Output Module Suite	1	1394689636	0000000000000000
20700	126	3	AEGPOutputModuleSuite	AEGP Output Module Suite	2	1394689636	0000000000000000
20700	126	3	AEGPOutputModuleSuite	AEGP Output Module Suite	3	1394689636	0000000000000000
20700	126	3	AEGPOutputModuleSuite	AEGP Output Module Suite	4	0	00007FFAABD5A6C0
20700	126	3	AEGPOutputModuleSuite	AEGP Output Module Suite	5	1394689636	0000000000000000
20700	126	3	AEGPOutputModuleSuite	AEGP Output Module Suite	6	1394689636	0000000000000000
20700	126	3	AEGPOutputModuleSuite	AEGP Output Module Suite	7	1394689636	0000000000000000
20700	126	3	AEGPOutputModuleSuite	AEGP Output Module Suite	8	1394689636	0000000000000000
20700	126	3	AEGPOutputModuleSuite	AEGP Output Module Suite	9	1394689636	0000000000000000
20700	126	3	AEGPOutputModuleSuite	AEGP Output Module Suite	10	1394689636	0000000000000000
20700	126	3	AEGPOutputModuleSuite	AEGP Output Module Suite	11	1394689636	0000000000000000
20700	126	3	AEGPOutputModuleSuite	AEGP Output Module Suite	12	1394689636	0000000000000000
20700	126	3	AEGPOutputModuleSuite	AEGP Output Module Suite	13	1394689636	0000000000000000
20700	126	3	AEGPOutputModuleSuite	AEGP Output Module Suite	14	1394689636	0000000000000000
20700	126	3	AEGPOutputModuleSuite	AEGP Output Module Suite	15	1394689636	0000000000000000
20700	126	3	AEGPOutputModuleSuite	AEGP Output Module Suite	16	1394689636	0000000000000000
20700	126	3	AEGPOutputModuleSuite	AEGP Output Module Suite	17	1394689636	0000000000000000
20700	126	3	AEGPOutputModuleSuite	AEGP Output Module Suite	18	1394689636	0000000000000000
20700	126	3	AEGPOutputModuleSuite	AEGP Output Module Suite	19	1394689636	0000000000000000
20700	126	3	AEGPOutputModuleSuite	AEGP Output Module Suite	20	1394689636	0000000000000000
20700	126	3	AEGPOutputModuleSuite	AEGP Output Module Suite	21	1394689636	0000000000000000
20700	126	3	AEGPOutputModuleSuite	AEGP Output Module Suite	22	1394689636	0000000000000000
20700	126	3	AEGPOutputModuleSuite	AEGP Output Module Suite	23	1394689636	0000000000000000
20700	126	3	AEGPOutputModuleSuite	AEGP Output Module Suite	24	1394689636	0000000000000000
20700	126	3	AEGPOutputModuleSuite	AEGP Output Module Suite	25	1394689636	0000000000000000
20700	126	3	AEGPOutputModuleSuite	AEGP Output Module Suite	26	1394689636	0000000000000000
20700	126	3	AEGPOutputModuleSuite	AEGP Output Module Suite	27	1394689636	0000000000000000
20700	126	3	AEGPOutputModuleSuite	AEGP Output Module Suite	28	1394689636	0000000000000000
20700	126	3	AEGPOutputModuleSuite	AEGP Output Module Suite	29	1394689636	0000000000000000
20700	126	3	AEGPOutputModuleSuite	AEGP Output Module Suite	30	1394689636	0000000000000000
20700	126	3	AEGPOutputModuleSuite	AEGP Output Module Suite	31	1394689636	0000000000000000
20700	126	3	AEGPOutputModuleSuite	AEGP Output Module Suite	32	1394689636	0000000000000000
20700	126	3	AEGPPFInterfaceSuite	AEGP PF Interface Suite	1	0	00007FFAABD63F40
20700	126	3	AEGPPFInterfaceSuite	AEGP PF Interface Suite	2	1394689636	0000000000000000
20700	126	3	AEGPPFInterfaceSuite	AEGP PF Interface Suite	3	1394689636	0000000000000000
20700	126	3	AEGPPFInterfaceSuite	AEGP PF Interface Suite	4	1394689636	0000000000000000
20700	126	3	AEGPPFInterfaceSuite	AEGP PF Interface Suite	5	1394689636	0000000000000000
20700	126	3	AEGPPFInterfaceSuite	AEGP PF Interface Suite	6	1394689636	0000000000000000
20700	126	3	AEGPPFInterfaceSuite	AEGP PF Interface Suite	7	1394689636	0000000000000000
20700	126	3	AEGPPFInterfaceSuite	AEGP PF Interface Suite	8	1394689636	0000000000000000
20700	126	3	AEGPPFInterfaceSuite	AEGP PF Interface Suite	9	1394689636	0000000000000000
20700	126	3	AEGPPFInterfaceSuite	AEGP PF Interface Suite	10	1394689636	0000000000000000
20700	126	3	AEGPPFInterfaceSuite	AEGP PF Interface Suite	11	1394689636	0000000000000000
20700	126	3	AEGPPFInterfaceSuite	AEGP PF Interface Suite	12	1394689636	0000000000000000
20700	126	3	AEGPPFInterfaceSuite	AEGP PF Interface Suite	13	1394689636	0000000000000000
20700	126	3	AEGPPFInterfaceSuite	AEGP PF Interface Suite	14	1394689636	0000000000000000
20700	126	3	AEGPPFInterfaceSuite	AEGP PF Interface Suite	15	1394689636	0000000000000000
20700	126	3	AEGPPFInterfaceSuite	AEGP PF Interface Suite	16	1394689636	0000000000000000
20700	126	3	AEGPPFInterfaceSuite	AEGP PF Interface Suite	17	1394689636	0000000000000000
20700	126	3	AEGPPFInterfaceSuite	AEGP PF Interface Suite	18	1394689636	0000000000000000
20700	126	3	AEGPPFInterfaceSuite	AEGP PF Interface Suite	19	1394689636	0000000000000000
20700	126	3	AEGPPFInterfaceSuite	AEGP PF Interface Suite	20	1394689636	0000000000000000
20700	126	3	AEGPPFInterfaceSuite	AEGP PF Interface Suite	21	1394689636	0000000000000000
20700	126	3	AEGPPFInterfaceSuite	AEGP PF Interface Suite	22	1394689636	0000000000000000
20700	126	3	AEGPPFInterfaceSuite	AEGP PF Interface Suite	23	1394689636	0000000000000000
20700	126	3	AEGPPFInterfaceSuite	AEGP PF Interface Suite	24	1394689636	0000000000000000
20700	126	3	AEGPPFInterfaceSuite	AEGP PF Interface Suite	25	1394689636	0000000000000000
20700	126	3	AEGPPFInterfaceSuite	AEGP PF Interface Suite	26	1394689636	0000000000000000
20700	126	3	AEGPPFInterfaceSuite	AEGP PF Interface Suite	27	1394689636	0000000000000000
20700	126	3	AEGPPFInterfaceSuite	AEGP PF Interface Suite	28	1394689636	0000000000000000
20700	126	3	AEGPPFInterfaceSuite	AEGP PF Interface Suite	29	1394689636	0000000000000000
20700	126	3	AEGPPFInterfaceSuite	AEGP PF Interface Suite	30	1394689636	0000000000000000
20700	126	3	AEGPPFInterfaceSuite	AEGP PF Interface Suite	31	1394689636	0000000000000000
20700	126	3	AEGPPFInterfaceSuite	AEGP PF Interface Suite	32	1394689636	0000000000000000
20700	126	3	AEGPPersistentDataSuite	AEGP Persistent Data Suite	1	1394689636	0000000000000000
20700	126	3	AEGPPersistentDataSuite	AEGP Persistent Data Suite	2	1394689636	0000000000000000
20700	126	3	AEGPPersistentDataSuite	AEGP Persistent Data Suite	3	0	00007FFAABD64A80
20700	126	3	AEGPPersistentDataSuite	AEGP Persistent Data Suite	4	0	00007FFAABD64B10
20700	126	3	AEGPPersistentDataSuite	AEGP Persistent Data Suite	5	1394689636	0000000000000000
20700	126	3	AEGPPersistentDataSuite	AEGP Persistent Data Suite	6	1394689636	0000000000000000
20700	126	3	AEGPPersistentDataSuite	AEGP Persistent Data Suite	7	1394689636	0000000000000000
20700	126	3	AEGPPersistentDataSuite	AEGP Persistent Data Suite	8	1394689636	0000000000000000
20700	126	3	AEGPPersistentDataSuite	AEGP Persistent Data Suite	9	1394689636	0000000000000000
20700	126	3	AEGPPersistentDataSuite	AEGP Persistent Data Suite	10	1394689636	0000000000000000
20700	126	3	AEGPPersistentDataSuite	AEGP Persistent Data Suite	11	1394689636	0000000000000000
20700	126	3	AEGPPersistentDataSuite	AEGP Persistent Data Suite	12	1394689636	0000000000000000
20700	126	3	AEGPPersistentDataSuite	AEGP Persistent Data Suite	13	1394689636	0000000000000000
20700	126	3	AEGPPersistentDataSuite	AEGP Persistent Data Suite	14	1394689636	0000000000000000
20700	126	3	AEGPPersistentDataSuite	AEGP Persistent Data Suite	15	1394689636	0000000000000000
20700	126	3	AEGPPersistentDataSuite	AEGP Persistent Data Suite	16	1394689636	0000000000000000
20700	126	3	AEGPPersistentDataSuite	AEGP Persistent Data Suite	17	1394689636	0000000000000000
20700	126	3	AEGPPersistentDataSuite	AEGP Persistent Data Suite	18	1394689636	0000000000000000
20700	126	3	AEGPPersistentDataSuite	AEGP Persistent Data Suite	19	1394689636	0000000000000000
20700	126	3	AEGPPersistentDataSuite	AEGP Persistent Data Suite	20	1394689636	0000000000000000
20700	126	3	AEGPPersistentDataSuite	AEGP Persistent Data Suite	21	1394689636	0000000000000000
20700	126	3	AEGPPersistentDataSuite	AEGP Persistent Data Suite	22	1394689636	0000000000000000
20700	126	3	AEGPPersistentDataSuite	AEGP Persistent Data Suite	23	1394689636	0000000000000000
20700	126	3	AEGPPersistentDataSuite	AEGP Persistent Data Suite	24	1394689636	0000000000000000
20700	126	3	AEGPPersistentDataSuite	AEGP Persistent Data Suite	25	1394689636	0000000000000000
20700	126	3	AEGPPersistentDataSuite	AEGP Persistent Data Suite	26	1394689636	0000000000000000
20700	126	3	AEGPPersistentDataSuite	AEGP Persistent Data Suite	27	1394689636	0000000000000000
20700	126	3	AEGPPersistentDataSuite	AEGP Persistent Data Suite	28	1394689636	0000000000000000
20700	126	3	AEGPPersistentDataSuite	AEGP Persistent Data Suite	29	1394689636	0000000000000000
20700	126	3	AEGPPersistentDataSuite	AEGP Persistent Data Suite	30	1394689636	0000000000000000
20700	126	3	AEGPPersistentDataSuite	AEGP Persistent Data Suite	31	1394689636	0000000000000000
20700	126	3	AEGPPersistentDataSuite	AEGP Persistent Data Suite	32	1394689636	0000000000000000
20700	126	3	AEGPProjSuite	AEGP Proj Suite	1	1394689636	0000000000000000
20700	126	3	AEGPProjSuite	AEGP Proj Suite	2	1394689636	0000000000000000
20700	126	3	AEGPProjSuite	AEGP Proj Suite	3	1394689636	0000000000000000
20700	126	3	AEGPProjSuite	AEGP Proj Suite	4	1394689636	0000000000000000
20700	126	3	AEGPProjSuite	AEGP Proj Suite	5	1394689636	0000000000000000
20700	126	3	AEGPProjSuite	AEGP Proj Suite	6	1394689636	0000000000000000
20700	126	3	AEGPProjSuite	AEGP Proj Suite	7	1394689636	0000000000000000
20700	126	3	AEGPProjSuite	AEGP Proj Suite	8	0	00007FFAABD64C60
20700	126	3	AEGPProjSuite	AEGP Proj Suite	9	0	00007FFAABD64CD0
20700	126	3	AEGPProjSuite	AEGP Proj Suite	10	1394689636	0000000000000000
20700	126	3	AEGPProjSuite	AEGP Proj Suite	11	1394689636	0000000000000000
20700	126	3	AEGPProjSuite	AEGP Proj Suite	12	1394689636	0000000000000000
20700	126	3	AEGPProjSuite	AEGP Proj Suite	13	1394689636	0000000000000000
20700	126	3	AEGPProjSuite	AEGP Proj Suite	14	1394689636	0000000000000000
20700	126	3	AEGPProjSuite	AEGP Proj Suite	15	1394689636	0000000000000000
20700	126	3	AEGPProjSuite	AEGP Proj Suite	16	1394689636	0000000000000000
20700	126	3	AEGPProjSuite	AEGP Proj Suite	17	1394689636	0000000000000000
20700	126	3	AEGPProjSuite	AEGP Proj Suite	18	1394689636	0000000000000000
20700	126	3	AEGPProjSuite	AEGP Proj Suite	19	1394689636	0000000000000000
20700	126	3	AEGPProjSuite	AEGP Proj Suite	20	1394689636	0000000000000000
20700	126	3	AEGPProjSuite	AEGP Proj Suite	21	1394689636	0000000000000000
20700	126	3	AEGPProjSuite	AEGP Proj Suite	22	1394689636	0000000000000000
20700	126	3	AEGPProjSuite	AEGP Proj Suite	23	1394689636	0000000000000000
20700	126	3	AEGPProjSuite	AEGP Proj Suite	24	1394689636	0000000000000000
20700	126	3	AEGPProjSuite	AEGP Proj Suite	25	1394689636	0000000000000000
20700	126	3	AEGPProjSuite	AEGP Proj Suite	26	1394689636	0000000000000000
20700	126	3	AEGPProjSuite	AEGP Proj Suite	27	1394689636	0000000000000000
20700	126	3	AEGPProjSuite	AEGP Proj Suite	28	1394689636	0000000000000000
20700	126	3	AEGPProjSuite	AEGP Proj Suite	29	1394689636	0000000000000000
20700	126	3	AEGPProjSuite	AEGP Proj Suite	30	1394689636	0000000000000000
20700	126	3	AEGPProjSuite	AEGP Proj Suite	31	1394689636	0000000000000000
20700	126	3	AEGPProjSuite	AEGP Proj Suite	32	1394689636	0000000000000000
20700	126	3	AEGPQueryXformSuite	AEGP QueryXform Suite	1	0	00007FFAABD5C660
20700	126	3	AEGPQueryXformSuite	AEGP QueryXform Suite	2	1394689636	0000000000000000
20700	126	3	AEGPQueryXformSuite	AEGP QueryXform Suite	3	1394689636	0000000000000000
20700	126	3	AEGPQueryXformSuite	AEGP QueryXform Suite	4	0	00007FFAABD5C6B0
20700	126	3	AEGPQueryXformSuite	AEGP QueryXform Suite	5	1394689636	0000000000000000
20700	126	3	AEGPQueryXformSuite	AEGP QueryXform Suite	6	1394689636	0000000000000000
20700	126	3	AEGPQueryXformSuite	AEGP QueryXform Suite	7	1394689636	0000000000000000
20700	126	3	AEGPQueryXformSuite	AEGP QueryXform Suite	8	1394689636	0000000000000000
20700	126	3	AEGPQueryXformSuite	AEGP QueryXform Suite	9	1394689636	0000000000000000
20700	126	3	AEGPQueryXformSuite	AEGP QueryXform Suite	10	1394689636	0000000000000000
20700	126	3	AEGPQueryXformSuite	AEGP QueryXform Suite	11	1394689636	0000000000000000
20700	126	3	AEGPQueryXformSuite	AEGP QueryXform Suite	12	1394689636	0000000000000000
20700	126	3	AEGPQueryXformSuite	AEGP QueryXform Suite	13	1394689636	0000000000000000
20700	126	3	AEGPQueryXformSuite	AEGP QueryXform Suite	14	1394689636	0000000000000000
20700	126	3	AEGPQueryXformSuite	AEGP QueryXform Suite	15	1394689636	0000000000000000
20700	126	3	AEGPQueryXformSuite	AEGP QueryXform Suite	16	1394689636	0000000000000000
20700	126	3	AEGPQueryXformSuite	AEGP QueryXform Suite	17	1394689636	0000000000000000
20700	126	3	AEGPQueryXformSuite	AEGP QueryXform Suite	18	1394689636	0000000000000000
20700	126	3	AEGPQueryXformSuite	AEGP QueryXform Suite	19	1394689636	0000000000000000
20700	126	3	AEGPQueryXformSuite	AEGP QueryXform Suite	20	1394689636	0000000000000000
20700	126	3	AEGPQueryXformSuite	AEGP QueryXform Suite	21	1394689636	0000000000000000
20700	126	3	AEGPQueryXformSuite	AEGP QueryXform Suite	22	1394689636	0000000000000000
20700	126	3	AEGPQueryXformSuite	AEGP QueryXform Suite	23	1394689636	0000000000000000
20700	126	3	AEGPQueryXformSuite	AEGP QueryXform Suite	24	1394689636	0000000000000000
20700	126	3	AEGPQueryXformSuite	AEGP QueryXform Suite	25	1394689636	0000000000000000
20700	126	3	AEGPQueryXformSuite	AEGP QueryXform Suite	26	1394689636	0000000000000000
20700	126	3	AEGPQueryXformSuite	AEGP QueryXform Suite	27	1394689636	0000000000000000
20700	126	3	AEGPQueryXformSuite	AEGP QueryXform Suite	28	1394689636	0000000000000000
20700	126	3	AEGPQueryXformSuite	AEGP QueryXform Suite	29	1394689636	0000000000000000
20700	126	3	AEGPQueryXformSuite	AEGP QueryXform Suite	30	1394689636	0000000000000000
20700	126	3	AEGPQueryXformSuite	AEGP QueryXform Suite	31	1394689636	0000000000000000
20700	126	3	AEGPQueryXformSuite	AEGP QueryXform Suite	32	1394689636	0000000000000000
20700	126	3	AEGPRegisterSuite	AEGP Register Suite	1	1394689636	0000000000000000
20700	126	3	AEGPRegisterSuite	AEGP Register Suite	2	1394689636	0000000000000000
20700	126	3	AEGPRegisterSuite	AEGP Register Suite	3	1394689636	0000000000000000
20700	126	3	AEGPRegisterSuite	AEGP Register Suite	4	1394689636	0000000000000000
20700	126	3	AEGPRegisterSuite	AEGP Register Suite	5	1394689636	0000000000000000
20700	126	3	AEGPRegisterSuite	AEGP Register Suite	6	0	00007FFAABD65470
20700	126	3	AEGPRegisterSuite	AEGP Register Suite	7	0	00007FFAABD654D0
20700	126	3	AEGPRegisterSuite	AEGP Register Suite	8	0	00007FFAABD65530
20700	126	3	AEGPRegisterSuite	AEGP Register Suite	9	1394689636	0000000000000000
20700	126	3	AEGPRegisterSuite	AEGP Register Suite	10	1394689636	0000000000000000
20700	126	3	AEGPRegisterSuite	AEGP Register Suite	11	1394689636	0000000000000000
20700	126	3	AEGPRegisterSuite	AEGP Register Suite	12	1394689636	0000000000000000
20700	126	3	AEGPRegisterSuite	AEGP Register Suite	13	1394689636	0000000000000000
20700	126	3	AEGPRegisterSuite	AEGP Register Suite	14	1394689636	0000000000000000
20700	126	3	AEGPRegisterSuite	AEGP Register Suite	15	1394689636	0000000000000000
20700	126	3	AEGPRegisterSuite	AEGP Register Suite	16	1394689636	0000000000000000
20700	126	3	AEGPRegisterSuite	AEGP Register Suite	17	1394689636	0000000000000000
20700	126	3	AEGPRegisterSuite	AEGP Register Suite	18	1394689636	0000000000000000
20700	126	3	AEGPRegisterSuite	AEGP Register Suite	19	1394689636	0000000000000000
20700	126	3	AEGPRegisterSuite	AEGP Register Suite	20	1394689636	0000000000000000
20700	126	3	AEGPRegisterSuite	AEGP Register Suite	21	1394689636	0000000000000000
20700	126	3	AEGPRegisterSuite	AEGP Register Suite	22	1394689636	0000000000000000
20700	126	3	AEGPRegisterSuite	AEGP Register Suite	23	1394689636	0000000000000000
20700	126	3	AEGPRegisterSuite	AEGP Register Suite	24	1394689636	0000000000000000
20700	126	3	AEGPRegisterSuite	AEGP Register Suite	25	1394689636	0000000000000000
20700	126	3	AEGPRegisterSuite	AEGP Register Suite	26	1394689636	0000000000000000
20700	126	3	AEGPRegisterSuite	AEGP Register Suite	27	1394689636	0000000000000000
20700	126	3	AEGPRegisterSuite	AEGP Register Suite	28	1394689636	0000000000000000
20700	126	3	AEGPRegisterSuite	AEGP Register Suite	29	1394689636	0000000000000000
20700	126	3	AEGPRegisterSuite	AEGP Register Suite	30	1394689636	0000000000000000
20700	126	3	AEGPRegisterSuite	AEGP Register Suite	31	1394689636	0000000000000000
20700	126	3	AEGPRegisterSuite	AEGP Register Suite	32	1394689636	0000000000000000
20700	126	3	AEGPRenderAsyncManagerSuite	AEGP Render Asyc Manager Suite	1	0	00007FFAABD65A40
20700	126	3	AEGPRenderAsyncManagerSuite	AEGP Render Asyc Manager Suite	2	1394689636	0000000000000000
20700	126	3	AEGPRenderAsyncManagerSuite	AEGP Render Asyc Manager Suite	3	1394689636	0000000000000000
20700	126	3	AEGPRenderAsyncManagerSuite	AEGP Render Asyc Manager Suite	4	1394689636	0000000000000000
20700	126	3	AEGPRenderAsyncManagerSuite	AEGP Render Asyc Manager Suite	5	1394689636	0000000000000000
20700	126	3	AEGPRenderAsyncManagerSuite	AEGP Render Asyc Manager Suite	6	1394689636	0000000000000000
20700	126	3	AEGPRenderAsyncManagerSuite	AEGP Render Asyc Manager Suite	7	1394689636	0000000000000000
20700	126	3	AEGPRenderAsyncManagerSuite	AEGP Render Asyc Manager Suite	8	1394689636	0000000000000000
20700	126	3	AEGPRenderAsyncManagerSuite	AEGP Render Asyc Manager Suite	9	1394689636	0000000000000000
20700	126	3	AEGPRenderAsyncManagerSuite	AEGP Render Asyc Manager Suite	10	1394689636	0000000000000000
20700	126	3	AEGPRenderAsyncManagerSuite	AEGP Render Asyc Manager Suite	11	1394689636	0000000000000000
20700	126	3	AEGPRenderAsyncManagerSuite	AEGP Render Asyc Manager Suite	12	1394689636	0000000000000000
20700	126	3	AEGPRenderAsyncManagerSuite	AEGP Render Asyc Manager Suite	13	1394689636	0000000000000000
20700	126	3	AEGPRenderAsyncManagerSuite	AEGP Render Asyc Manager Suite	14	1394689636	0000000000000000
20700	126	3	AEGPRenderAsyncManagerSuite	AEGP Render Asyc Manager Suite	15	1394689636	0000000000000000
20700	126	3	AEGPRenderAsyncManagerSuite	AEGP Render Asyc Manager Suite	16	1394689636	0000000000000000
20700	126	3	AEGPRenderAsyncManagerSuite	AEGP Render Asyc Manager Suite	17	1394689636	0000000000000000
20700	126	3	AEGPRenderAsyncManagerSuite	AEGP Render Asyc Manager Suite	18	1394689636	0000000000000000
20700	126	3	AEGPRenderAsyncManagerSuite	AEGP Render Asyc Manager Suite	19	1394689636	0000000000000000
20700	126	3	AEGPRenderAsyncManagerSuite	AEGP Render Asyc Manager Suite	20	1394689636	0000000000000000
20700	126	3	AEGPRenderAsyncManagerSuite	AEGP Render Asyc Manager Suite	21	1394689636	0000000000000000
20700	126	3	AEGPRenderAsyncManagerSuite	AEGP Render Asyc Manager Suite	22	1394689636	0000000000000000
20700	126	3	AEGPRenderAsyncManagerSuite	AEGP Render Asyc Manager Suite	23	1394689636	0000000000000000
20700	126	3	AEGPRenderAsyncManagerSuite	AEGP Render Asyc Manager Suite	24	1394689636	0000000000000000
20700	126	3	AEGPRenderAsyncManagerSuite	AEGP Render Asyc Manager Suite	25	1394689636	0000000000000000
20700	126	3	AEGPRenderAsyncManagerSuite	AEGP Render Asyc Manager Suite	26	1394689636	0000000000000000
20700	126	3	AEGPRenderAsyncManagerSuite	AEGP Render Asyc Manager Suite	27	1394689636	0000000000000000
20700	126	3	AEGPRenderAsyncManagerSuite	AEGP Render Asyc Manager Suite	28	1394689636	0000000000000000
20700	126	3	AEGPRenderAsyncManagerSuite	AEGP Render Asyc Manager Suite	29	1394689636	0000000000000000
20700	126	3	AEGPRenderAsyncManagerSuite	AEGP Render Asyc Manager Suite	30	1394689636	0000000000000000
20700	126	3	AEGPRenderAsyncManagerSuite	AEGP Render Asyc Manager Suite	31	1394689636	0000000000000000
20700	126	3	AEGPRenderAsyncManagerSuite	AEGP Render Asyc Manager Suite	32	1394689636	0000000000000000
20700	126	3	AEGPRenderOptionsSuite	AEGP Render Options Suite	1	0	00007FFAABD66280
20700	126	3	AEGPRenderOptionsSuite	AEGP Render Options Suite	2	0	00007FFAABD66310
20700	126	3	AEGPRenderOptionsSuite	AEGP Render Options Suite	3	0	00007FFAABD663B0
20700	126	3	AEGPRenderOptionsSuite	AEGP Render Options Suite	4	0	00007FFAABD66460
20700	126	3	AEGPRenderOptionsSuite	AEGP Render Options Suite	5	1394689636	0000000000000000
20700	126	3	AEGPRenderOptionsSuite	AEGP Render Options Suite	6	1394689636	0000000000000000
20700	126	3	AEGPRenderOptionsSuite	AEGP Render Options Suite	7	1394689636	0000000000000000
20700	126	3	AEGPRenderOptionsSuite	AEGP Render Options Suite	8	1394689636	0000000000000000
20700	126	3	AEGPRenderOptionsSuite	AEGP Render Options Suite	9	1394689636	0000000000000000
20700	126	3	AEGPRenderOptionsSuite	AEGP Render Options Suite	10	1394689636	0000000000000000
20700	126	3	AEGPRenderOptionsSuite	AEGP Render Options Suite	11	1394689636	0000000000000000
20700	126	3	AEGPRenderOptionsSuite	AEGP Render Options Suite	12	1394689636	0000000000000000
20700	126	3	AEGPRenderOptionsSuite	AEGP Render Options Suite	13	1394689636	0000000000000000
20700	126	3	AEGPRenderOptionsSuite	AEGP Render Options Suite	14	1394689636	0000000000000000
20700	126	3	AEGPRenderOptionsSuite	AEGP Render Options Suite	15	1394689636	0000000000000000
20700	126	3	AEGPRenderOptionsSuite	AEGP Render Options Suite	16	1394689636	0000000000000000
20700	126	3	AEGPRenderOptionsSuite	AEGP Render Options Suite	17	1394689636	0000000000000000
20700	126	3	AEGPRenderOptionsSuite	AEGP Render Options Suite	18	1394689636	0000000000000000
20700	126	3	AEGPRenderOptionsSuite	AEGP Render Options Suite	19	1394689636	0000000000000000
20700	126	3	AEGPRenderOptionsSuite	AEGP Render Options Suite	20	1394689636	0000000000000000
20700	126	3	AEGPRenderOptionsSuite	AEGP Render Options Suite	21	1394689636	0000000000000000
20700	126	3	AEGPRenderOptionsSuite	AEGP Render Options Suite	22	1394689636	0000000000000000
20700	126	3	AEGPRenderOptionsSuite	AEGP Render Options Suite	23	1394689636	0000000000000000
20700	126	3	AEGPRenderOptionsSuite	AEGP Render Options Suite	24	1394689636	0000000000000000
20700	126	3	AEGPRenderOptionsSuite	AEGP Render Options Suite	25	1394689636	0000000000000000
20700	126	3	AEGPRenderOptionsSuite	AEGP Render Options Suite	26	1394689636	0000000000000000
20700	126	3	AEGPRenderOptionsSuite	AEGP Render Options Suite	27	1394689636	0000000000000000
20700	126	3	AEGPRenderOptionsSuite	AEGP Render Options Suite	28	1394689636	0000000000000000
20700	126	3	AEGPRenderOptionsSuite	AEGP Render Options Suite	29	1394689636	0000000000000000
20700	126	3	AEGPRenderOptionsSuite	AEGP Render Options Suite	30	1394689636	0000000000000000
20700	126	3	AEGPRenderOptionsSuite	AEGP Render Options Suite	31	1394689636	0000000000000000
20700	126	3	AEGPRenderOptionsSuite	AEGP Render Options Suite	32	1394689636	0000000000000000
20700	126	3	AEGPRQItemSuite	AEGP Render Queue Item Suite	1	0	00007FFAABD5B030
20700	126	3	AEGPRQItemSuite	AEGP Render Queue Item Suite	2	1394689636	0000000000000000
20700	126	3	AEGPRQItemSuite	AEGP Render Queue Item Suite	3	0	00007FFAABD5B0A0
20700	126	3	AEGPRQItemSuite	AEGP Render Queue Item Suite	4	0	00007FFAABD5B110
20700	126	3	AEGPRQItemSuite	AEGP Render Queue Item Suite	5	0	00007FFAABD5B190
20700	126	3	AEGPRQItemSuite	AEGP Render Queue Item Suite	6	1394689636	0000000000000000
20700	126	3	AEGPRQItemSuite	AEGP Render Queue Item Suite	7	1394689636	0000000000000000
20700	126	3	AEGPRQItemSuite	AEGP Render Queue Item Suite	8	1394689636	0000000000000000
20700	126	3	AEGPRQItemSuite	AEGP Render Queue Item Suite	9	1394689636	0000000000000000
20700	126	3	AEGPRQItemSuite	AEGP Render Queue Item Suite	10	1394689636	0000000000000000
20700	126	3	AEGPRQItemSuite	AEGP Render Queue Item Suite	11	1394689636	0000000000000000
20700	126	3	AEGPRQItemSuite	AEGP Render Queue Item Suite	12	1394689636	0000000000000000
20700	126	3	AEGPRQItemSuite	AEGP Render Queue Item Suite	13	1394689636	0000000000000000
20700	126	3	AEGPRQItemSuite	AEGP Render Queue Item Suite	14	1394689636	0000000000000000
20700	126	3	AEGPRQItemSuite	AEGP Render Queue Item Suite	15	1394689636	0000000000000000
20700	126	3	AEGPRQItemSuite	AEGP Render Queue Item Suite	16	1394689636	0000000000000000
20700	126	3	AEGPRQItemSuite	AEGP Render Queue Item Suite	17	1394689636	0000000000000000
20700	126	3	AEGPRQItemSuite	AEGP Render Queue Item Suite	18	1394689636	0000000000000000
20700	126	3	AEGPRQItemSuite	AEGP Render Queue Item Suite	19	1394689636	0000000000000000
20700	126	3	AEGPRQItemSuite	AEGP Render Queue Item Suite	20	1394689636	0000000000000000
20700	126	3	AEGPRQItemSuite	AEGP Render Queue Item Suite	21	1394689636	0000000000000000
20700	126	3	AEGPRQItemSuite	AEGP Render Queue Item Suite	22	1394689636	0000000000000000
20700	126	3	AEGPRQItemSuite	AEGP Render Queue Item Suite	23	1394689636	0000000000000000
20700	126	3	AEGPRQItemSuite	AEGP Render Queue Item Suite	24	1394689636	0000000000000000
20700	126	3	AEGPRQItemSuite	AEGP Render Queue Item Suite	25	1394689636	0000000000000000
20700	126	3	AEGPRQItemSuite	AEGP Render Queue Item Suite	26	1394689636	0000000000000000
20700	126	3	AEGPRQItemSuite	AEGP Render Queue Item Suite	27	1394689636	0000000000000000
20700	126	3	AEGPRQItemSuite	AEGP Render Queue Item Suite	28	1394689636	0000000000000000
20700	126	3	AEGPRQItemSuite	AEGP Render Queue Item Suite	29	1394689636	0000000000000000
20700	126	3	AEGPRQItemSuite	AEGP Render Queue Item Suite	30	1394689636	0000000000000000
20700	126	3	AEGPRQItemSuite	AEGP Render Queue Item Suite	31	1394689636	0000000000000000
20700	126	3	AEGPRQItemSuite	AEGP Render Queue Item Suite	32	1394689636	0000000000000000
20700	126	3	AEGPRenderQueueSuite	AEGP Render Queue Suite	1	0	00007FFAABD5B668
20700	126	3	AEGPRenderQueueSuite	AEGP Render Queue Suite	2	1394689636	0000000000000000
20700	126	3	AEGPRenderQueueSuite	AEGP Render Queue Suite	3	1394689636	0000000000000000
20700	126	3	AEGPRenderQueueSuite	AEGP Render Queue Suite	4	1394689636	0000000000000000
20700	126	3	AEGPRenderQueueSuite	AEGP Render Queue Suite	5	1394689636	0000000000000000
20700	126	3	AEGPRenderQueueSuite	AEGP Render Queue Suite	6	1394689636	0000000000000000
20700	126	3	AEGPRenderQueueSuite	AEGP Render Queue Suite	7	1394689636	0000000000000000
20700	126	3	AEGPRenderQueueSuite	AEGP Render Queue Suite	8	1394689636	0000000000000000
20700	126	3	AEGPRenderQueueSuite	AEGP Render Queue Suite	9	1394689636	0000000000000000
20700	126	3	AEGPRenderQueueSuite	AEGP Render Queue Suite	10	1394689636	0000000000000000
20700	126	3	AEGPRenderQueueSuite	AEGP Render Queue Suite	11	1394689636	0000000000000000
20700	126	3	AEGPRenderQueueSuite	AEGP Render Queue Suite	12	1394689636	0000000000000000
20700	126	3	AEGPRenderQueueSuite	AEGP Render Queue Suite	13	1394689636	0000000000000000
20700	126	3	AEGPRenderQueueSuite	AEGP Render Queue Suite	14	1394689636	0000000000000000
20700	126	3	AEGPRenderQueueSuite	AEGP Render Queue Suite	15	1394689636	0000000000000000
20700	126	3	AEGPRenderQueueSuite	AEGP Render Queue Suite	16	1394689636	0000000000000000
20700	126	3	AEGPRenderQueueSuite	AEGP Render Queue Suite	17	1394689636	0000000000000000
20700	126	3	AEGPRenderQueueSuite	AEGP Render Queue Suite	18	1394689636	0000000000000000
20700	126	3	AEGPRenderQueueSuite	AEGP Render Queue Suite	19	1394689636	0000000000000000
20700	126	3	AEGPRenderQueueSuite	AEGP Render Queue Suite	20	1394689636	0000000000000000
20700	126	3	AEGPRenderQueueSuite	AEGP Render Queue Suite	21	1394689636	0000000000000000
20700	126	3	AEGPRenderQueueSuite	AEGP Render Queue Suite	22	1394689636	0000000000000000
20700	126	3	AEGPRenderQueueSuite	AEGP Render Queue Suite	23	1394689636	0000000000000000
20700	126	3	AEGPRenderQueueSuite	AEGP Render Queue Suite	24	1394689636	0000000000000000
20700	126	3	AEGPRenderQueueSuite	AEGP Render Queue Suite	25	1394689636	0000000000000000
20700	126	3	AEGPRenderQueueSuite	AEGP Render Queue Suite	26	1394689636	0000000000000000
20700	126	3	AEGPRenderQueueSuite	AEGP Render Queue Suite	27	1394689636	0000000000000000
20700	126	3	AEGPRenderQueueSuite	AEGP Render Queue Suite	28	1394689636	0000000000000000
20700	126	3	AEGPRenderQueueSuite	AEGP Render Queue Suite	29	1394689636	0000000000000000
20700	126	3	AEGPRenderQueueSuite	AEGP Render Queue Suite	30	1394689636	0000000000000000
20700	126	3	AEGPRenderQueueSuite	AEGP Render Queue Suite	31	1394689636	0000000000000000
20700	126	3	AEGPRenderQueueSuite	AEGP Render Queue Suite	32	1394689636	0000000000000000
20700	126	3	AEGPRenderSuite	AEGP Render Suite	1	0	00007FFAABD65888
20700	126	3	AEGPRenderSuite	AEGP Render Suite	2	0	00007FFAABD658C0
20700	126	3	AEGPRenderSuite	AEGP Render Suite	3	0	00007FFAABD65910
20700	126	3	AEGPRenderSuite	AEGP Render Suite	4	1394689636	0000000000000000
20700	126	3	AEGPRenderSuite	AEGP Render Suite	5	0	00007FFAABD65970
20700	126	3	AEGPRenderSuite	AEGP Render Suite	6	1394689636	0000000000000000
20700	126	3	AEGPRenderSuite	AEGP Render Suite	7	1394689636	0000000000000000
20700	126	3	AEGPRenderSuite	AEGP Render Suite	8	0	00007FFAABD659D0
20700	126	3	AEGPRenderSuite	AEGP Render Suite	9	1394689636	0000000000000000
20700	126	3	AEGPRenderSuite	AEGP Render Suite	10	1394689636	0000000000000000
20700	126	3	AEGPRenderSuite	AEGP Render Suite	11	1394689636	0000000000000000
20700	126	3	AEGPRenderSuite	AEGP Render Suite	12	1394689636	0000000000000000
20700	126	3	AEGPRenderSuite	AEGP Render Suite	13	1394689636	0000000000000000
20700	126	3	AEGPRenderSuite	AEGP Render Suite	14	1394689636	0000000000000000
20700	126	3	AEGPRenderSuite	AEGP Render Suite	15	1394689636	0000000000000000
20700	126	3	AEGPRenderSuite	AEGP Render Suite	16	1394689636	0000000000000000
20700	126	3	AEGPRenderSuite	AEGP Render Suite	17	1394689636	0000000000000000
20700	126	3	AEGPRenderSuite	AEGP Render Suite	18	1394689636	0000000000000000
20700	126	3	AEGPRenderSuite	AEGP Render Suite	19	1394689636	0000000000000000
20700	126	3	AEGPRenderSuite	AEGP Render Suite	20	1394689636	0000000000000000
20700	126	3	AEGPRenderSuite	AEGP Render Suite	21	1394689636	0000000000000000
20700	126	3	AEGPRenderSuite	AEGP Render Suite	22	1394689636	0000000000000000
20700	126	3	AEGPRenderSuite	AEGP Render Suite	23	1394689636	0000000000000000
20700	126	3	AEGPRenderSuite	AEGP Render Suite	24	1394689636	0000000000000000
20700	126	3	AEGPRenderSuite	AEGP Render Suite	25	1394689636	0000000000000000
20700	126	3	AEGPRenderSuite	AEGP Render Suite	26	1394689636	0000000000000000
20700	126	3	AEGPRenderSuite	AEGP Render Suite	27	1394689636	0000000000000000
20700	126	3	AEGPRenderSuite	AEGP Render Suite	28	1394689636	0000000000000000
20700	126	3	AEGPRenderSuite	AEGP Render Suite	29	1394689636	0000000000000000
20700	126	3	AEGPRenderSuite	AEGP Render Suite	30	1394689636	0000000000000000
20700	126	3	AEGPRenderSuite	AEGP Render Suite	31	1394689636	0000000000000000
20700	126	3	AEGPRenderSuite	AEGP Render Suite	32	1394689636	0000000000000000
20700	126	3	AEGPRenderQueueMonitorSuite	AEGP RenderQueue Monitor Suite	1	1394689636	0000000000000000
20700	126	3	AEGPRenderQueueMonitorSuite	AEGP RenderQueue Monitor Suite	2	1394689636	0000000000000000
20700	126	3	AEGPRenderQueueMonitorSuite	AEGP RenderQueue Monitor Suite	3	1394689636	0000000000000000
20700	126	3	AEGPRenderQueueMonitorSuite	AEGP RenderQueue Monitor Suite	4	1394689636	0000000000000000
20700	126	3	AEGPRenderQueueMonitorSuite	AEGP RenderQueue Monitor Suite	5	1394689636	0000000000000000
20700	126	3	AEGPRenderQueueMonitorSuite	AEGP RenderQueue Monitor Suite	6	1394689636	0000000000000000
20700	126	3	AEGPRenderQueueMonitorSuite	AEGP RenderQueue Monitor Suite	7	1394689636	0000000000000000
20700	126	3	AEGPRenderQueueMonitorSuite	AEGP RenderQueue Monitor Suite	8	1394689636	0000000000000000
20700	126	3	AEGPRenderQueueMonitorSuite	AEGP RenderQueue Monitor Suite	9	1394689636	0000000000000000
20700	126	3	AEGPRenderQueueMonitorSuite	AEGP RenderQueue Monitor Suite	10	1394689636	0000000000000000
20700	126	3	AEGPRenderQueueMonitorSuite	AEGP RenderQueue Monitor Suite	11	1394689636	0000000000000000
20700	126	3	AEGPRenderQueueMonitorSuite	AEGP RenderQueue Monitor Suite	12	1394689636	0000000000000000
20700	126	3	AEGPRenderQueueMonitorSuite	AEGP RenderQueue Monitor Suite	13	1394689636	0000000000000000
20700	126	3	AEGPRenderQueueMonitorSuite	AEGP RenderQueue Monitor Suite	14	1394689636	0000000000000000
20700	126	3	AEGPRenderQueueMonitorSuite	AEGP RenderQueue Monitor Suite	15	1394689636	0000000000000000
20700	126	3	AEGPRenderQueueMonitorSuite	AEGP RenderQueue Monitor Suite	16	1394689636	0000000000000000
20700	126	3	AEGPRenderQueueMonitorSuite	AEGP RenderQueue Monitor Suite	17	1394689636	0000000000000000
20700	126	3	AEGPRenderQueueMonitorSuite	AEGP RenderQueue Monitor Suite	18	1394689636	0000000000000000
20700	126	3	AEGPRenderQueueMonitorSuite	AEGP RenderQueue Monitor Suite	19	1394689636	0000000000000000
20700	126	3	AEGPRenderQueueMonitorSuite	AEGP RenderQueue Monitor Suite	20	1394689636	0000000000000000
20700	126	3	AEGPRenderQueueMonitorSuite	AEGP RenderQueue Monitor Suite	21	1394689636	0000000000000000
20700	126	3	AEGPRenderQueueMonitorSuite	AEGP RenderQueue Monitor Suite	22	1394689636	0000000000000000
20700	126	3	AEGPRenderQueueMonitorSuite	AEGP RenderQueue Monitor Suite	23	1394689636	0000000000000000
20700	126	3	AEGPRenderQueueMonitorSuite	AEGP RenderQueue Monitor Suite	24	1394689636	0000000000000000
20700	126	3	AEGPRenderQueueMonitorSuite	AEGP RenderQueue Monitor Suite	25	1394689636	0000000000000000
20700	126	3	AEGPRenderQueueMonitorSuite	AEGP RenderQueue Monitor Suite	26	1394689636	0000000000000000
20700	126	3	AEGPRenderQueueMonitorSuite	AEGP RenderQueue Monitor Suite	27	1394689636	0000000000000000
20700	126	3	AEGPRenderQueueMonitorSuite	AEGP RenderQueue Monitor Suite	28	1394689636	0000000000000000
20700	126	3	AEGPRenderQueueMonitorSuite	AEGP RenderQueue Monitor Suite	29	1394689636	0000000000000000
20700	126	3	AEGPRenderQueueMonitorSuite	AEGP RenderQueue Monitor Suite	30	1394689636	0000000000000000
20700	126	3	AEGPRenderQueueMonitorSuite	AEGP RenderQueue Monitor Suite	31	1394689636	0000000000000000
20700	126	3	AEGPRenderQueueMonitorSuite	AEGP RenderQueue Monitor Suite	32	1394689636	0000000000000000
20700	126	3	AEGPSoundDataSuite	AEGP Sound Data Suite	1	0	00007FFAABD5B808
20700	126	3	AEGPSoundDataSuite	AEGP Sound Data Suite	2	1394689636	0000000000000000
20700	126	3	AEGPSoundDataSuite	AEGP Sound Data Suite	3	1394689636	0000000000000000
20700	126	3	AEGPSoundDataSuite	AEGP Sound Data Suite	4	1394689636	0000000000000000
20700	126	3	AEGPSoundDataSuite	AEGP Sound Data Suite	5	1394689636	0000000000000000
20700	126	3	AEGPSoundDataSuite	AEGP Sound Data Suite	6	1394689636	0000000000000000
20700	126	3	AEGPSoundDataSuite	AEGP Sound Data Suite	7	1394689636	0000000000000000
20700	126	3	AEGPSoundDataSuite	AEGP Sound Data Suite	8	1394689636	0000000000000000
20700	126	3	AEGPSoundDataSuite	AEGP Sound Data Suite	9	1394689636	0000000000000000
20700	126	3	AEGPSoundDataSuite	AEGP Sound Data Suite	10	1394689636	0000000000000000
20700	126	3	AEGPSoundDataSuite	AEGP Sound Data Suite	11	1394689636	0000000000000000
20700	126	3	AEGPSoundDataSuite	AEGP Sound Data Suite	12	1394689636	0000000000000000
20700	126	3	AEGPSoundDataSuite	AEGP Sound Data Suite	13	1394689636	0000000000000000
20700	126	3	AEGPSoundDataSuite	AEGP Sound Data Suite	14	1394689636	0000000000000000
20700	126	3	AEGPSoundDataSuite	AEGP Sound Data Suite	15	1394689636	0000000000000000
20700	126	3	AEGPSoundDataSuite	AEGP Sound Data Suite	16	1394689636	0000000000000000
20700	126	3	AEGPSoundDataSuite	AEGP Sound Data Suite	17	1394689636	0000000000000000
20700	126	3	AEGPSoundDataSuite	AEGP Sound Data Suite	18	1394689636	0000000000000000
20700	126	3	AEGPSoundDataSuite	AEGP Sound Data Suite	19	1394689636	0000000000000000
20700	126	3	AEGPSoundDataSuite	AEGP Sound Data Suite	20	1394689636	0000000000000000
20700	126	3	AEGPSoundDataSuite	AEGP Sound Data Suite	21	1394689636	0000000000000000
20700	126	3	AEGPSoundDataSuite	AEGP Sound Data Suite	22	1394689636	0000000000000000
20700	126	3	AEGPSoundDataSuite	AEGP Sound Data Suite	23	1394689636	0000000000000000
20700	126	3	AEGPSoundDataSuite	AEGP Sound Data Suite	24	1394689636	0000000000000000
20700	126	3	AEGPSoundDataSuite	AEGP Sound Data Suite	25	1394689636	0000000000000000
20700	126	3	AEGPSoundDataSuite	AEGP Sound Data Suite	26	1394689636	0000000000000000
20700	126	3	AEGPSoundDataSuite	AEGP Sound Data Suite	27	1394689636	0000000000000000
20700	126	3	AEGPSoundDataSuite	AEGP Sound Data Suite	28	1394689636	0000000000000000
20700	126	3	AEGPSoundDataSuite	AEGP Sound Data Suite	29	1394689636	0000000000000000
20700	126	3	AEGPSoundDataSuite	AEGP Sound Data Suite	30	1394689636	0000000000000000
20700	126	3	AEGPSoundDataSuite	AEGP Sound Data Suite	31	1394689636	0000000000000000
20700	126	3	AEGPSoundDataSuite	AEGP Sound Data Suite	32	1394689636	0000000000000000
20700	126	3	AEGPStreamSuite	AEGP Stream Suite	1	1394689636	0000000000000000
20700	126	3	AEGPStreamSuite	AEGP Stream Suite	2	1394689636	0000000000000000
20700	126	3	AEGPStreamSuite	AEGP Stream Suite	3	1394689636	0000000000000000
20700	126	3	AEGPStreamSuite	AEGP Stream Suite	4	0	00007FFAABD669B0
20700	126	3	AEGPStreamSuite	AEGP Stream Suite	5	1394689636	0000000000000000
20700	126	3	AEGPStreamSuite	AEGP Stream Suite	6	1394689636	0000000000000000
20700	126	3	AEGPStreamSuite	AEGP Stream Suite	7	0	00007FFAABD66A50
20700	126	3	AEGPStreamSuite	AEGP Stream Suite	8	0	00007FFAABD66B00
20700	126	3	AEGPStreamSuite	AEGP Stream Suite	9	0	00007FFAABD66BB0
20700	126	3	AEGPStreamSuite	AEGP Stream Suite	10	0	00007FFAABD66C60
20700	126	3	AEGPStreamSuite	AEGP Stream Suite	11	0	00007FFAABD66D10
20700	126	3	AEGPStreamSuite	AEGP Stream Suite	12	1394689636	0000000000000000
20700	126	3	AEGPStreamSuite	AEGP Stream Suite	13	1394689636	0000000000000000
20700	126	3	AEGPStreamSuite	AEGP Stream Suite	14	1394689636	0000000000000000
20700	126	3	AEGPStreamSuite	AEGP Stream Suite	15	1394689636	0000000000000000
20700	126	3	AEGPStreamSuite	AEGP Stream Suite	16	1394689636	0000000000000000
20700	126	3	AEGPStreamSuite	AEGP Stream Suite	17	1394689636	0000000000000000
20700	126	3	AEGPStreamSuite	AEGP Stream Suite	18	1394689636	0000000000000000
20700	126	3	AEGPStreamSuite	AEGP Stream Suite	19	1394689636	0000000000000000
20700	126	3	AEGPStreamSuite	AEGP Stream Suite	20	1394689636	0000000000000000
20700	126	3	AEGPStreamSuite	AEGP Stream Suite	21	1394689636	0000000000000000
20700	126	3	AEGPStreamSuite	AEGP Stream Suite	22	1394689636	0000000000000000
20700	126	3	AEGPStreamSuite	AEGP Stream Suite	23	1394689636	0000000000000000
20700	126	3	AEGPStreamSuite	AEGP Stream Suite	24	1394689636	0000000000000000
20700	126	3	AEGPStreamSuite	AEGP Stream Suite	25	1394689636	0000000000000000
20700	126	3	AEGPStreamSuite	AEGP Stream Suite	26	1394689636	0000000000000000
20700	126	3	AEGPStreamSuite	AEGP Stream Suite	27	1394689636	0000000000000000
20700	126	3	AEGPStreamSuite	AEGP Stream Suite	28	1394689636	0000000000000000
20700	126	3	AEGPStreamSuite	AEGP Stream Suite	29	1394689636	0000000000000000
20700	126	3	AEGPStreamSuite	AEGP Stream Suite	30	1394689636	0000000000000000
20700	126	3	AEGPStreamSuite	AEGP Stream Suite	31	1394689636	0000000000000000
20700	126	3	AEGPStreamSuite	AEGP Stream Suite	32	1394689636	0000000000000000
20700	126	3	AEGPTextDocumentSuite	AEGP Text Document Suite	1	0	00007FFAABD67298
20700	126	3	AEGPTextDocumentSuite	AEGP Text Document Suite	2	1394689636	0000000000000000
20700	126	3	AEGPTextDocumentSuite	AEGP Text Document Suite	3	1394689636	0000000000000000
20700	126	3	AEGPTextDocumentSuite	AEGP Text Document Suite	4	1394689636	0000000000000000
20700	126	3	AEGPTextDocumentSuite	AEGP Text Document Suite	5	1394689636	0000000000000000
20700	126	3	AEGPTextDocumentSuite	AEGP Text Document Suite	6	1394689636	0000000000000000
20700	126	3	AEGPTextDocumentSuite	AEGP Text Document Suite	7	1394689636	0000000000000000
20700	126	3	AEGPTextDocumentSuite	AEGP Text Document Suite	8	1394689636	0000000000000000
20700	126	3	AEGPTextDocumentSuite	AEGP Text Document Suite	9	1394689636	0000000000000000
20700	126	3	AEGPTextDocumentSuite	AEGP Text Document Suite	10	1394689636	0000000000000000
20700	126	3	AEGPTextDocumentSuite	AEGP Text Document Suite	11	1394689636	0000000000000000
20700	126	3	AEGPTextDocumentSuite	AEGP Text Document Suite	12	1394689636	0000000000000000
20700	126	3	AEGPTextDocumentSuite	AEGP Text Document Suite	13	1394689636	0000000000000000
20700	126	3	AEGPTextDocumentSuite	AEGP Text Document Suite	14	1394689636	0000000000000000
20700	126	3	AEGPTextDocumentSuite	AEGP Text Document Suite	15	1394689636	0000000000000000
20700	126	3	AEGPTextDocumentSuite	AEGP Text Document Suite	16	1394689636	0000000000000000
20700	126	3	AEGPTextDocumentSuite	AEGP Text Document Suite	17	1394689636	0000000000000000
20700	126	3	AEGPTextDocumentSuite	AEGP Text Document Suite	18	1394689636	0000000000000000
20700	126	3	AEGPTextDocumentSuite	AEGP Text Document Suite	19	1394689636	0000000000000000
20700	126	3	AEGPTextDocumentSuite	AEGP Text Document Suite	20	1394689636	0000000000000000
20700	126	3	AEGPTextDocumentSuite	AEGP Text Document Suite	21	1394689636	0000000000000000
20700	126	3	AEGPTextDocumentSuite	AEGP Text Document Suite	22	1394689636	0000000000000000
20700	126	3	AEGPTextDocumentSuite	AEGP Text Document Suite	23	1394689636	0000000000000000
20700	126	3	AEGPTextDocumentSuite	AEGP Text Document Suite	24	1394689636	0000000000000000
20700	126	3	AEGPTextDocumentSuite	AEGP Text Document Suite	25	1394689636	0000000000000000
20700	126	3	AEGPTextDocumentSuite	AEGP Text Document Suite	26	1394689636	0000000000000000
20700	126	3	AEGPTextDocumentSuite	AEGP Text Document Suite	27	1394689636	0000000000000000
20700	126	3	AEGPTextDocumentSuite	AEGP Text Document Suite	28	1394689636	0000000000000000
20700	126	3	AEGPTextDocumentSuite	AEGP Text Document Suite	29	1394689636	0000000000000000
20700	126	3	AEGPTextDocumentSuite	AEGP Text Document Suite	30	1394689636	0000000000000000
20700	126	3	AEGPTextDocumentSuite	AEGP Text Document Suite	31	1394689636	0000000000000000
20700	126	3	AEGPTextDocumentSuite	AEGP Text Document Suite	32	1394689636	0000000000000000
20700	126	3	AEGPTextLayerSuite	AEGP Text Layer Suite	1	0	00007FFAABD673B0
20700	126	3	AEGPTextLayerSuite	AEGP Text Layer Suite	2	0	00007FFAABD673D0
20700	126	3	AEGPTextLayerSuite	AEGP Text Layer Suite	3	1394689636	0000000000000000
20700	126	3	AEGPTextLayerSuite	AEGP Text Layer Suite	4	1394689636	0000000000000000
20700	126	3	AEGPTextLayerSuite	AEGP Text Layer Suite	5	1394689636	0000000000000000
20700	126	3	AEGPTextLayerSuite	AEGP Text Layer Suite	6	1394689636	0000000000000000
20700	126	3	AEGPTextLayerSuite	AEGP Text Layer Suite	7	1394689636	0000000000000000
20700	126	3	AEGPTextLayerSuite	AEGP Text Layer Suite	8	1394689636	0000000000000000
20700	126	3	AEGPTextLayerSuite	AEGP Text Layer Suite	9	1394689636	0000000000000000
20700	126	3	AEGPTextLayerSuite	AEGP Text Layer Suite	10	1394689636	0000000000000000
20700	126	3	AEGPTextLayerSuite	AEGP Text Layer Suite	11	1394689636	0000000000000000
20700	126	3	AEGPTextLayerSuite	AEGP Text Layer Suite	12	1394689636	0000000000000000
20700	126	3	AEGPTextLayerSuite	AEGP Text Layer Suite	13	1394689636	0000000000000000
20700	126	3	AEGPTextLayerSuite	AEGP Text Layer Suite	14	1394689636	0000000000000000
20700	126	3	AEGPTextLayerSuite	AEGP Text Layer Suite	15	1394689636	0000000000000000
20700	126	3	AEGPTextLayerSuite	AEGP Text Layer Suite	16	1394689636	0000000000000000
20700	126	3	AEGPTextLayerSuite	AEGP Text Layer Suite	17	1394689636	0000000000000000
20700	126	3	AEGPTextLayerSuite	AEGP Text Layer Suite	18	1394689636	0000000000000000
20700	126	3	AEGPTextLayerSuite	AEGP Text Layer Suite	19	1394689636	0000000000000000
20700	126	3	AEGPTextLayerSuite	AEGP Text Layer Suite	20	1394689636	0000000000000000
20700	126	3	AEGPTextLayerSuite	AEGP Text Layer Suite	21	1394689636	0000000000000000
20700	126	3	AEGPTextLayerSuite	AEGP Text Layer Suite	22	1394689636	0000000000000000
20700	126	3	AEGPTextLayerSuite	AEGP Text Layer Suite	23	1394689636	0000000000000000
20700	126	3	AEGPTextLayerSuite	AEGP Text Layer Suite	24	1394689636	0000000000000000
20700	126	3	AEGPTextLayerSuite	AEGP Text Layer Suite	25	1394689636	0000000000000000
20700	126	3	AEGPTextLayerSuite	AEGP Text Layer Suite	26	1394689636	0000000000000000
20700	126	3	AEGPTextLayerSuite	AEGP Text Layer Suite	27	1394689636	0000000000000000
20700	126	3	AEGPTextLayerSuite	AEGP Text Layer Suite	28	1394689636	0000000000000000
20700	126	3	AEGPTextLayerSuite	AEGP Text Layer Suite	29	1394689636	0000000000000000
20700	126	3	AEGPTextLayerSuite	AEGP Text Layer Suite	30	1394689636	0000000000000000
20700	126	3	AEGPTextLayerSuite	AEGP Text Layer Suite	31	1394689636	0000000000000000
20700	126	3	AEGPTextLayerSuite	AEGP Text Layer Suite	32	1394689636	0000000000000000
20700	126	3	AEGPTrackerSuite	AEGP Tracker Suite	1	0	00007FFAABD67480
20700	126	3	AEGPTrackerSuite	AEGP Tracker Suite	2	1394689636	0000000000000000
20700	126	3	AEGPTrackerSuite	AEGP Tracker Suite	3	1394689636	0000000000000000
20700	126	3	AEGPTrackerSuite	AEGP Tracker Suite	4	1394689636	0000000000000000
20700	126	3	AEGPTrackerSuite	AEGP Tracker Suite	5	1394689636	0000000000000000
20700	126	3	AEGPTrackerSuite	AEGP Tracker Suite	6	1394689636	0000000000000000
20700	126	3	AEGPTrackerSuite	AEGP Tracker Suite	7	1394689636	0000000000000000
20700	126	3	AEGPTrackerSuite	AEGP Tracker Suite	8	1394689636	0000000000000000
20700	126	3	AEGPTrackerSuite	AEGP Tracker Suite	9	1394689636	0000000000000000
20700	126	3	AEGPTrackerSuite	AEGP Tracker Suite	10	1394689636	0000000000000000
20700	126	3	AEGPTrackerSuite	AEGP Tracker Suite	11	1394689636	0000000000000000
20700	126	3	AEGPTrackerSuite	AEGP Tracker Suite	12	1394689636	0000000000000000
20700	126	3	AEGPTrackerSuite	AEGP Tracker Suite	13	1394689636	0000000000000000
20700	126	3	AEGPTrackerSuite	AEGP Tracker Suite	14	1394689636	0000000000000000
20700	126	3	AEGPTrackerSuite	AEGP Tracker Suite	15	1394689636	0000000000000000
20700	126	3	AEGPTrackerSuite	AEGP Tracker Suite	16	1394689636	0000000000000000
20700	126	3	AEGPTrackerSuite	AEGP Tracker Suite	17	1394689636	0000000000000000
20700	126	3	AEGPTrackerSuite	AEGP Tracker Suite	18	1394689636	0000000000000000
20700	126	3	AEGPTrackerSuite	AEGP Tracker Suite	19	1394689636	0000000000000000
20700	126	3	AEGPTrackerSuite	AEGP Tracker Suite	20	1394689636	0000000000000000
20700	126	3	AEGPTrackerSuite	AEGP Tracker Suite	21	1394689636	0000000000000000
20700	126	3	AEGPTrackerSuite	AEGP Tracker Suite	22	1394689636	0000000000000000
20700	126	3	AEGPTrackerSuite	AEGP Tracker Suite	23	1394689636	0000000000000000
20700	126	3	AEGPTrackerSuite	AEGP Tracker Suite	24	1394689636	0000000000000000
20700	126	3	AEGPTrackerSuite	AEGP Tracker Suite	25	1394689636	0000000000000000
20700	126	3	AEGPTrackerSuite	AEGP Tracker Suite	26	1394689636	0000000000000000
20700	126	3	AEGPTrackerSuite	AEGP Tracker Suite	27	1394689636	0000000000000000
20700	126	3	AEGPTrackerSuite	AEGP Tracker Suite	28	1394689636	0000000000000000
20700	126	3	AEGPTrackerSuite	AEGP Tracker Suite	29	1394689636	0000000000000000
20700	126	3	AEGPTrackerSuite	AEGP Tracker Suite	30	1394689636	0000000000000000
20700	126	3	AEGPTrackerSuite	AEGP Tracker Suite	31	1394689636	0000000000000000
20700	126	3	AEGPTrackerSuite	AEGP Tracker Suite	32	1394689636	0000000000000000
20700	126	3	AEGPTrackerUtilitySuite	AEGP Tracker Utility Suite	1	0	00007FFAABD674C8
20700	126	3	AEGPTrackerUtilitySuite	AEGP Tracker Utility Suite	2	1394689636	0000000000000000
20700	126	3	AEGPTrackerUtilitySuite	AEGP Tracker Utility Suite	3	1394689636	0000000000000000
20700	126	3	AEGPTrackerUtilitySuite	AEGP Tracker Utility Suite	4	1394689636	0000000000000000
20700	126	3	AEGPTrackerUtilitySuite	AEGP Tracker Utility Suite	5	1394689636	0000000000000000
20700	126	3	AEGPTrackerUtilitySuite	AEGP Tracker Utility Suite	6	1394689636	0000000000000000
20700	126	3	AEGPTrackerUtilitySuite	AEGP Tracker Utility Suite	7	1394689636	0000000000000000
20700	126	3	AEGPTrackerUtilitySuite	AEGP Tracker Utility Suite	8	1394689636	0000000000000000
20700	126	3	AEGPTrackerUtilitySuite	AEGP Tracker Utility Suite	9	1394689636	0000000000000000
20700	126	3	AEGPTrackerUtilitySuite	AEGP Tracker Utility Suite	10	1394689636	0000000000000000
20700	126	3	AEGPTrackerUtilitySuite	AEGP Tracker Utility Suite	11	1394689636	0000000000000000
20700	126	3	AEGPTrackerUtilitySuite	AEGP Tracker Utility Suite	12	1394689636	0000000000000000
20700	126	3	AEGPTrackerUtilitySuite	AEGP Tracker Utility Suite	13	1394689636	0000000000000000
20700	126	3	AEGPTrackerUtilitySuite	AEGP Tracker Utility Suite	14	1394689636	0000000000000000
20700	126	3	AEGPTrackerUtilitySuite	AEGP Tracker Utility Suite	15	1394689636	0000000000000000
20700	126	3	AEGPTrackerUtilitySuite	AEGP Tracker Utility Suite	16	1394689636	0000000000000000
20700	126	3	AEGPTrackerUtilitySuite	AEGP Tracker Utility Suite	17	1394689636	0000000000000000
20700	126	3	AEGPTrackerUtilitySuite	AEGP Tracker Utility Suite	18	1394689636	0000000000000000
20700	126	3	AEGPTrackerUtilitySuite	AEGP Tracker Utility Suite	19	1394689636	0000000000000000
20700	126	3	AEGPTrackerUtilitySuite	AEGP Tracker Utility Suite	20	1394689636	0000000000000000
20700	126	3	AEGPTrackerUtilitySuite	AEGP Tracker Utility Suite	21	1394689636	0000000000000000
20700	126	3	AEGPTrackerUtilitySuite	AEGP Tracker Utility Suite	22	1394689636	0000000000000000
20700	126	3	AEGPTrackerUtilitySuite	AEGP Tracker Utility Suite	23	1394689636	0000000000000000
20700	126	3	AEGPTrackerUtilitySuite	AEGP Tracker Utility Suite	24	1394689636	0000000000000000
20700	126	3	AEGPTrackerUtilitySuite	AEGP Tracker Utility Suite	25	1394689636	0000000000000000
20700	126	3	AEGPTrackerUtilitySuite	AEGP Tracker Utility Suite	26	1394689636	0000000000000000
20700	126	3	AEGPTrackerUtilitySuite	AEGP Tracker Utility Suite	27	1394689636	0000000000000000
20700	126	3	AEGPTrackerUtilitySuite	AEGP Tracker Utility Suite	28	1394689636	0000000000000000
20700	126	3	AEGPTrackerUtilitySuite	AEGP Tracker Utility Suite	29	1394689636	0000000000000000
20700	126	3	AEGPTrackerUtilitySuite	AEGP Tracker Utility Suite	30	1394689636	0000000000000000
20700	126	3	AEGPTrackerUtilitySuite	AEGP Tracker Utility Suite	31	1394689636	0000000000000000
20700	126	3	AEGPTrackerUtilitySuite	AEGP Tracker Utility Suite	32	1394689636	0000000000000000
20700	126	3	AEGPUtilitySuite	AEGP Utility Suite	1	1394689636	0000000000000000
20700	126	3	AEGPUtilitySuite	AEGP Utility Suite	2	1394689636	0000000000000000
20700	126	3	AEGPUtilitySuite	AEGP Utility Suite	3	0	00007FFAABD679A0
20700	126	3	AEGPUtilitySuite	AEGP Utility Suite	4	1394689636	0000000000000000
20700	126	3	AEGPUtilitySuite	AEGP Utility Suite	5	0	00007FFAABD679F0
20700	126	3	AEGPUtilitySuite	AEGP Utility Suite	6	1394689636	0000000000000000
20700	126	3	AEGPUtilitySuite	AEGP Utility Suite	7	0	00007FFAABD67A90
20700	126	3	AEGPUtilitySuite	AEGP Utility Suite	8	1394689636	0000000000000000
20700	126	3	AEGPUtilitySuite	AEGP Utility Suite	9	1394689636	0000000000000000
20700	126	3	AEGPUtilitySuite	AEGP Utility Suite	10	0	00007FFAABD67B60
20700	126	3	AEGPUtilitySuite	AEGP Utility Suite	11	0	00007FFAABD67C50
20700	126	3	AEGPUtilitySuite	AEGP Utility Suite	12	1394689636	0000000000000000
20700	126	3	AEGPUtilitySuite	AEGP Utility Suite	13	0	00007FFAABD67D50
20700	126	3	AEGPUtilitySuite	AEGP Utility Suite	14	1394689636	0000000000000000
20700	126	3	AEGPUtilitySuite	AEGP Utility Suite	15	1394689636	0000000000000000
20700	126	3	AEGPUtilitySuite	AEGP Utility Suite	16	1394689636	0000000000000000
20700	126	3	AEGPUtilitySuite	AEGP Utility Suite	17	1394689636	0000000000000000
20700	126	3	AEGPUtilitySuite	AEGP Utility Suite	18	1394689636	0000000000000000
20700	126	3	AEGPUtilitySuite	AEGP Utility Suite	19	1394689636	0000000000000000
20700	126	3	AEGPUtilitySuite	AEGP Utility Suite	20	1394689636	0000000000000000
20700	126	3	AEGPUtilitySuite	AEGP Utility Suite	21	1394689636	0000000000000000
20700	126	3	AEGPUtilitySuite	AEGP Utility Suite	22	1394689636	0000000000000000
20700	126	3	AEGPUtilitySuite	AEGP Utility Suite	23	1394689636	0000000000000000
20700	126	3	AEGPUtilitySuite	AEGP Utility Suite	24	1394689636	0000000000000000
20700	126	3	AEGPUtilitySuite	AEGP Utility Suite	25	1394689636	0000000000000000
20700	126	3	AEGPUtilitySuite	AEGP Utility Suite	26	1394689636	0000000000000000
20700	126	3	AEGPUtilitySuite	AEGP Utility Suite	27	1394689636	0000000000000000
20700	126	3	AEGPUtilitySuite	AEGP Utility Suite	28	1394689636	0000000000000000
20700	126	3	AEGPUtilitySuite	AEGP Utility Suite	29	1394689636	0000000000000000
20700	126	3	AEGPUtilitySuite	AEGP Utility Suite	30	1394689636	0000000000000000
20700	126	3	AEGPUtilitySuite	AEGP Utility Suite	31	1394689636	0000000000000000
20700	126	3	AEGPUtilitySuite	AEGP Utility Suite	32	1394689636	0000000000000000
20700	126	3	AEGPWorldSuite	AEGP World Suite	1	0	00007FFAABD65770
20700	126	3	AEGPWorldSuite	AEGP World Suite	2	0	00007FFAABD657C0
20700	126	3	AEGPWorldSuite	AEGP World Suite	3	0	00007FFAABD65820
20700	126	3	AEGPWorldSuite	AEGP World Suite	4	1394689636	0000000000000000
20700	126	3	AEGPWorldSuite	AEGP World Suite	5	1394689636	0000000000000000
20700	126	3	AEGPWorldSuite	AEGP World Suite	6	1394689636	0000000000000000
20700	126	3	AEGPWorldSuite	AEGP World Suite	7	1394689636	0000000000000000
20700	126	3	AEGPWorldSuite	AEGP World Suite	8	1394689636	0000000000000000
20700	126	3	AEGPWorldSuite	AEGP World Suite	9	1394689636	0000000000000000
20700	126	3	AEGPWorldSuite	AEGP World Suite	10	1394689636	0000000000000000
20700	126	3	AEGPWorldSuite	AEGP World Suite	11	1394689636	0000000000000000
20700	126	3	AEGPWorldSuite	AEGP World Suite	12	1394689636	0000000000000000
20700	126	3	AEGPWorldSuite	AEGP World Suite	13	1394689636	0000000000000000
20700	126	3	AEGPWorldSuite	AEGP World Suite	14	1394689636	0000000000000000
20700	126	3	AEGPWorldSuite	AEGP World Suite	15	1394689636	0000000000000000
20700	126	3	AEGPWorldSuite	AEGP World Suite	16	1394689636	0000000000000000
20700	126	3	AEGPWorldSuite	AEGP World Suite	17	1394689636	0000000000000000
20700	126	3	AEGPWorldSuite	AEGP World Suite	18	1394689636	0000000000000000
20700	126	3	AEGPWorldSuite	AEGP World Suite	19	1394689636	0000000000000000
20700	126	3	AEGPWorldSuite	AEGP World Suite	20	1394689636	0000000000000000
20700	126	3	AEGPWorldSuite	AEGP World Suite	21	1394689636	0000000000000000
20700	126	3	AEGPWorldSuite	AEGP World Suite	22	1394689636	0000000000000000
20700	126	3	AEGPWorldSuite	AEGP World Suite	23	1394689636	0000000000000000
20700	126	3	AEGPWorldSuite	AEGP World Suite	24	1394689636	0000000000000000
20700	126	3	AEGPWorldSuite	AEGP World Suite	25	1394689636	0000000000000000
20700	126	3	AEGPWorldSuite	AEGP World Suite	26	1394689636	0000000000000000
20700	126	3	AEGPWorldSuite	AEGP World Suite	27	1394689636	0000000000000000
20700	126	3	AEGPWorldSuite	AEGP World Suite	28	1394689636	0000000000000000
20700	126	3	AEGPWorldSuite	AEGP World Suite	29	1394689636	0000000000000000
20700	126	3	AEGPWorldSuite	AEGP World Suite	30	1394689636	0000000000000000
20700	126	3	AEGPWorldSuite	AEGP World Suite	31	1394689636	0000000000000000
20700	126	3	AEGPWorldSuite	AEGP World Suite	32	1394689636	0000000000000000
20700	126	3	AEGPColorSettingsSuite	PF Color Settings Suite	1	0	00007FFAABD5CE08
20700	126	3	AEGPColorSettingsSuite	PF Color Settings Suite	2	1394689636	0000000000000000
20700	126	3	AEGPColorSettingsSuite	PF Color Settings Suite	3	0	00007FFAABD5CE10
20700	126	3	AEGPColorSettingsSuite	PF Color Settings Suite	4	0	00007FFAABD5CE60
20700	126	3	AEGPColorSettingsSuite	PF Color Settings Suite	5	0	00007FFAABD5CEC0
20700	126	3	AEGPColorSettingsSuite	PF Color Settings Suite	6	0	00007FFAABD5CF30
20700	126	3	AEGPColorSettingsSuite	PF Color Settings Suite	7	0	00007FFAABD5CFB0
20700	126	3	AEGPColorSettingsSuite	PF Color Settings Suite	8	1394689636	0000000000000000
20700	126	3	AEGPColorSettingsSuite	PF Color Settings Suite	9	1394689636	0000000000000000
20700	126	3	AEGPColorSettingsSuite	PF Color Settings Suite	10	1394689636	0000000000000000
20700	126	3	AEGPColorSettingsSuite	PF Color Settings Suite	11	1394689636	0000000000000000
20700	126	3	AEGPColorSettingsSuite	PF Color Settings Suite	12	1394689636	0000000000000000
20700	126	3	AEGPColorSettingsSuite	PF Color Settings Suite	13	1394689636	0000000000000000
20700	126	3	AEGPColorSettingsSuite	PF Color Settings Suite	14	1394689636	0000000000000000
20700	126	3	AEGPColorSettingsSuite	PF Color Settings Suite	15	1394689636	0000000000000000
20700	126	3	AEGPColorSettingsSuite	PF Color Settings Suite	16	1394689636	0000000000000000
20700	126	3	AEGPColorSettingsSuite	PF Color Settings Suite	17	1394689636	0000000000000000
20700	126	3	AEGPColorSettingsSuite	PF Color Settings Suite	18	1394689636	0000000000000000
20700	126	3	AEGPColorSettingsSuite	PF Color Settings Suite	19	1394689636	0000000000000000
20700	126	3	AEGPColorSettingsSuite	PF Color Settings Suite	20	1394689636	0000000000000000
20700	126	3	AEGPColorSettingsSuite	PF Color Settings Suite	21	1394689636	0000000000000000
20700	126	3	AEGPColorSettingsSuite	PF Color Settings Suite	22	1394689636	0000000000000000
20700	126	3	AEGPColorSettingsSuite	PF Color Settings Suite	23	1394689636	0000000000000000
20700	126	3	AEGPColorSettingsSuite	PF Color Settings Suite	24	1394689636	0000000000000000
20700	126	3	AEGPColorSettingsSuite	PF Color Settings Suite	25	1394689636	0000000000000000
20700	126	3	AEGPColorSettingsSuite	PF Color Settings Suite	26	1394689636	0000000000000000
20700	126	3	AEGPColorSettingsSuite	PF Color Settings Suite	27	1394689636	0000000000000000
20700	126	3	AEGPColorSettingsSuite	PF Color Settings Suite	28	1394689636	0000000000000000
20700	126	3	AEGPColorSettingsSuite	PF Color Settings Suite	29	1394689636	0000000000000000
20700	126	3	AEGPColorSettingsSuite	PF Color Settings Suite	30	1394689636	0000000000000000
20700	126	3	AEGPColorSettingsSuite	PF Color Settings Suite	31	1394689636	0000000000000000
20700	126	3	AEGPColorSettingsSuite	PF Color Settings Suite	32	1394689636	0000000000000000
20700	126	3	PFEffectSequenceDataSuite	PF Effect Sequence Data Suite	1	0	00007FFB19A95888
20700	126	3	PFEffectSequenceDataSuite	PF Effect Sequence Data Suite	2	1394689636	0000000000000000
20700	126	3	PFEffectSequenceDataSuite	PF Effect Sequence Data Suite	3	1394689636	0000000000000000
20700	126	3	PFEffectSequenceDataSuite	PF Effect Sequence Data Suite	4	1394689636	0000000000000000
20700	126	3	PFEffectSequenceDataSuite	PF Effect Sequence Data Suite	5	1394689636	0000000000000000
20700	126	3	PFEffectSequenceDataSuite	PF Effect Sequence Data Suite	6	1394689636	0000000000000000
20700	126	3	PFEffectSequenceDataSuite	PF Effect Sequence Data Suite	7	1394689636	0000000000000000
20700	126	3	PFEffectSequenceDataSuite	PF Effect Sequence Data Suite	8	1394689636	0000000000000000
20700	126	3	PFEffectSequenceDataSuite	PF Effect Sequence Data Suite	9	1394689636	0000000000000000
20700	126	3	PFEffectSequenceDataSuite	PF Effect Sequence Data Suite	10	1394689636	0000000000000000
20700	126	3	PFEffectSequenceDataSuite	PF Effect Sequence Data Suite	11	1394689636	0000000000000000
20700	126	3	PFEffectSequenceDataSuite	PF Effect Sequence Data Suite	12	1394689636	0000000000000000
20700	126	3	PFEffectSequenceDataSuite	PF Effect Sequence Data Suite	13	1394689636	0000000000000000
20700	126	3	PFEffectSequenceDataSuite	PF Effect Sequence Data Suite	14	1394689636	0000000000000000
20700	126	3	PFEffectSequenceDataSuite	PF Effect Sequence Data Suite	15	1394689636	0000000000000000
20700	126	3	PFEffectSequenceDataSuite	PF Effect Sequence Data Suite	16	1394689636	0000000000000000
20700	126	3	PFEffectSequenceDataSuite	PF Effect Sequence Data Suite	17	1394689636	0000000000000000
20700	126	3	PFEffectSequenceDataSuite	PF Effect Sequence Data Suite	18	1394689636	0000000000000000
20700	126	3	PFEffectSequenceDataSuite	PF Effect Sequence Data Suite	19	1394689636	0000000000000000
20700	126	3	PFEffectSequenceDataSuite	PF Effect Sequence Data Suite	20	1394689636	0000000000000000
20700	126	3	PFEffectSequenceDataSuite	PF Effect Sequence Data Suite	21	1394689636	0000000000000000
20700	126	3	PFEffectSequenceDataSuite	PF Effect Sequence Data Suite	22	1394689636	0000000000000000
20700	126	3	PFEffectSequenceDataSuite	PF Effect Sequence Data Suite	23	1394689636	0000000000000000
20700	126	3	PFEffectSequenceDataSuite	PF Effect Sequence Data Suite	24	1394689636	0000000000000000
20700	126	3	PFEffectSequenceDataSuite	PF Effect Sequence Data Suite	25	1394689636	0000000000000000
20700	126	3	PFEffectSequenceDataSuite	PF Effect Sequence Data Suite	26	1394689636	0000000000000000
20700	126	3	PFEffectSequenceDataSuite	PF Effect Sequence Data Suite	27	1394689636	0000000000000000
20700	126	3	PFEffectSequenceDataSuite	PF Effect Sequence Data Suite	28	1394689636	0000000000000000
20700	126	3	PFEffectSequenceDataSuite	PF Effect Sequence Data Suite	29	1394689636	0000000000000000
20700	126	3	PFEffectSequenceDataSuite	PF Effect Sequence Data Suite	30	1394689636	0000000000000000
20700	126	3	PFEffectSequenceDataSuite	PF Effect Sequence Data Suite	31	1394689636	0000000000000000
20700	126	3	PFEffectSequenceDataSuite	PF Effect Sequence Data Suite	32	1394689636	0000000000000000
46640	126	3	AEGPArtisanUtilSuite	AEGP Artisan Util Suite	1	0	00007FFAABF0C558
46640	126	3	AEGPArtisanUtilSuite	AEGP Artisan Util Suite	2	0	00007FFAABF0C590
46640	126	3	AEGPArtisanUtilSuite	AEGP Artisan Util Suite	3	1394689636	0000000000000000
46640	126	3	AEGPArtisanUtilSuite	AEGP Artisan Util Suite	4	1394689636	0000000000000000
46640	126	3	AEGPArtisanUtilSuite	AEGP Artisan Util Suite	5	1394689636	0000000000000000
46640	126	3	AEGPArtisanUtilSuite	AEGP Artisan Util Suite	6	1394689636	0000000000000000
46640	126	3	AEGPArtisanUtilSuite	AEGP Artisan Util Suite	7	1394689636	0000000000000000
46640	126	3	AEGPArtisanUtilSuite	AEGP Artisan Util Suite	8	1394689636	0000000000000000
46640	126	3	AEGPArtisanUtilSuite	AEGP Artisan Util Suite	9	1394689636	0000000000000000
46640	126	3	AEGPArtisanUtilSuite	AEGP Artisan Util Suite	10	1394689636	0000000000000000
46640	126	3	AEGPArtisanUtilSuite	AEGP Artisan Util Suite	11	1394689636	0000000000000000
46640	126	3	AEGPArtisanUtilSuite	AEGP Artisan Util Suite	12	1394689636	0000000000000000
46640	126	3	AEGPArtisanUtilSuite	AEGP Artisan Util Suite	13	1394689636	0000000000000000
46640	126	3	AEGPArtisanUtilSuite	AEGP Artisan Util Suite	14	1394689636	0000000000000000
46640	126	3	AEGPArtisanUtilSuite	AEGP Artisan Util Suite	15	1394689636	0000000000000000
46640	126	3	AEGPArtisanUtilSuite	AEGP Artisan Util Suite	16	1394689636	0000000000000000
46640	126	3	AEGPArtisanUtilSuite	AEGP Artisan Util Suite	17	1394689636	0000000000000000
46640	126	3	AEGPArtisanUtilSuite	AEGP Artisan Util Suite	18	1394689636	0000000000000000
46640	126	3	AEGPArtisanUtilSuite	AEGP Artisan Util Suite	19	1394689636	0000000000000000
46640	126	3	AEGPArtisanUtilSuite	AEGP Artisan Util Suite	20	1394689636	0000000000000000
46640	126	3	AEGPArtisanUtilSuite	AEGP Artisan Util Suite	21	1394689636	0000000000000000
46640	126	3	AEGPArtisanUtilSuite	AEGP Artisan Util Suite	22	1394689636	0000000000000000
46640	126	3	AEGPArtisanUtilSuite	AEGP Artisan Util Suite	23	1394689636	0000000000000000
46640	126	3	AEGPArtisanUtilSuite	AEGP Artisan Util Suite	24	1394689636	0000000000000000
46640	126	3	AEGPArtisanUtilSuite	AEGP Artisan Util Suite	25	1394689636	0000000000000000
46640	126	3	AEGPArtisanUtilSuite	AEGP Artisan Util Suite	26	1394689636	0000000000000000
46640	126	3	AEGPArtisanUtilSuite	AEGP Artisan Util Suite	27	1394689636	0000000000000000
46640	126	3	AEGPArtisanUtilSuite	AEGP Artisan Util Suite	28	1394689636	0000000000000000
46640	126	3	AEGPArtisanUtilSuite	AEGP Artisan Util Suite	29	1394689636	0000000000000000
46640	126	3	AEGPArtisanUtilSuite	AEGP Artisan Util Suite	30	1394689636	0000000000000000
46640	126	3	AEGPArtisanUtilSuite	AEGP Artisan Util Suite	31	1394689636	0000000000000000
46640	126	3	AEGPArtisanUtilSuite	AEGP Artisan Util Suite	32	1394689636	0000000000000000
46640	126	3	AEGPCameraSuite	AEGP Camera Suite	1	0	00007FFAABF0C5D0
46640	126	3	AEGPCameraSuite	AEGP Camera Suite	2	0	00007FFAABF0C5E8
46640	126	3	AEGPCameraSuite	AEGP Camera Suite	3	1394689636	0000000000000000
46640	126	3	AEGPCameraSuite	AEGP Camera Suite	4	1394689636	0000000000000000
46640	126	3	AEGPCameraSuite	AEGP Camera Suite	5	1394689636	0000000000000000
46640	126	3	AEGPCameraSuite	AEGP Camera Suite	6	1394689636	0000000000000000
46640	126	3	AEGPCameraSuite	AEGP Camera Suite	7	1394689636	0000000000000000
46640	126	3	AEGPCameraSuite	AEGP Camera Suite	8	1394689636	0000000000000000
46640	126	3	AEGPCameraSuite	AEGP Camera Suite	9	1394689636	0000000000000000
46640	126	3	AEGPCameraSuite	AEGP Camera Suite	10	1394689636	0000000000000000
46640	126	3	AEGPCameraSuite	AEGP Camera Suite	11	1394689636	0000000000000000
46640	126	3	AEGPCameraSuite	AEGP Camera Suite	12	1394689636	0000000000000000
46640	126	3	AEGPCameraSuite	AEGP Camera Suite	13	1394689636	0000000000000000
46640	126	3	AEGPCameraSuite	AEGP Camera Suite	14	1394689636	0000000000000000
46640	126	3	AEGPCameraSuite	AEGP Camera Suite	15	1394689636	0000000000000000
46640	126	3	AEGPCameraSuite	AEGP Camera Suite	16	1394689636	0000000000000000
46640	126	3	AEGPCameraSuite	AEGP Camera Suite	17	1394689636	0000000000000000
46640	126	3	AEGPCameraSuite	AEGP Camera Suite	18	1394689636	0000000000000000
46640	126	3	AEGPCameraSuite	AEGP Camera Suite	19	1394689636	0000000000000000
46640	126	3	AEGPCameraSuite	AEGP Camera Suite	20	1394689636	0000000000000000
46640	126	3	AEGPCameraSuite	AEGP Camera Suite	21	1394689636	0000000000000000
46640	126	3	AEGPCameraSuite	AEGP Camera Suite	22	1394689636	0000000000000000
46640	126	3	AEGPCameraSuite	AEGP Camera Suite	23	1394689636	0000000000000000
46640	126	3	AEGPCameraSuite	AEGP Camera Suite	24	1394689636	0000000000000000
46640	126	3	AEGPCameraSuite	AEGP Camera Suite	25	1394689636	0000000000000000
46640	126	3	AEGPCameraSuite	AEGP Camera Suite	26	1394689636	0000000000000000
46640	126	3	AEGPCameraSuite	AEGP Camera Suite	27	1394689636	0000000000000000
46640	126	3	AEGPCameraSuite	AEGP Camera Suite	28	1394689636	0000000000000000
46640	126	3	AEGPCameraSuite	AEGP Camera Suite	29	1394689636	0000000000000000
46640	126	3	AEGPCameraSuite	AEGP Camera Suite	30	1394689636	0000000000000000
46640	126	3	AEGPCameraSuite	AEGP Camera Suite	31	1394689636	0000000000000000
46640	126	3	AEGPCameraSuite	AEGP Camera Suite	32	1394689636	0000000000000000
46640	126	3	AEGPCanvasSuite	AEGP Canvas Suite	1	1394689636	0000000000000000
46640	126	3	AEGPCanvasSuite	AEGP Canvas Suite	2	1394689636	0000000000000000
46640	126	3	AEGPCanvasSuite	AEGP Canvas Suite	3	1394689636	0000000000000000
46640	126	3	AEGPCanvasSuite	AEGP Canvas Suite	4	1394689636	0000000000000000
46640	126	3	AEGPCanvasSuite	AEGP Canvas Suite	5	1394689636	0000000000000000
46640	126	3	AEGPCanvasSuite	AEGP Canvas Suite	6	1394689636	0000000000000000
46640	126	3	AEGPCanvasSuite	AEGP Canvas Suite	7	1394689636	0000000000000000
46640	126	3	AEGPCanvasSuite	AEGP Canvas Suite	8	1394689636	0000000000000000
46640	126	3	AEGPCanvasSuite	AEGP Canvas Suite	9	0	00007FFAABF0BE40
46640	126	3	AEGPCanvasSuite	AEGP Canvas Suite	10	0	00007FFAABF0BF90
46640	126	3	AEGPCanvasSuite	AEGP Canvas Suite	11	0	00007FFAABF0C0E0
46640	126	3	AEGPCanvasSuite	AEGP Canvas Suite	12	1394689636	0000000000000000
46640	126	3	AEGPCanvasSuite	AEGP Canvas Suite	13	0	00007FFAABF0C240
46640	126	3	AEGPCanvasSuite	AEGP Canvas Suite	14	0	00007FFAABF0C3C0
46640	126	3	AEGPCanvasSuite	AEGP Canvas Suite	15	1394689636	0000000000000000
46640	126	3	AEGPCanvasSuite	AEGP Canvas Suite	16	1394689636	0000000000000000
46640	126	3	AEGPCanvasSuite	AEGP Canvas Suite	17	1394689636	0000000000000000
46640	126	3	AEGPCanvasSuite	AEGP Canvas Suite	18	1394689636	0000000000000000
46640	126	3	AEGPCanvasSuite	AEGP Canvas Suite	19	1394689636	0000000000000000
46640	126	3	AEGPCanvasSuite	AEGP Canvas Suite	20	1394689636	0000000000000000
46640	126	3	AEGPCanvasSuite	AEGP Canvas Suite	21	1394689636	0000000000000000
46640	126	3	AEGPCanvasSuite	AEGP Canvas Suite	22	1394689636	0000000000000000
46640	126	3	AEGPCanvasSuite	AEGP Canvas Suite	23	1394689636	0000000000000000
46640	126	3	AEGPCanvasSuite	AEGP Canvas Suite	24	1394689636	0000000000000000
46640	126	3	AEGPCanvasSuite	AEGP Canvas Suite	25	1394689636	0000000000000000
46640	126	3	AEGPCanvasSuite	AEGP Canvas Suite	26	1394689636	0000000000000000
46640	126	3	AEGPCanvasSuite	AEGP Canvas Suite	27	1394689636	0000000000000000
46640	126	3	AEGPCanvasSuite	AEGP Canvas Suite	28	1394689636	0000000000000000
46640	126	3	AEGPCanvasSuite	AEGP Canvas Suite	29	1394689636	0000000000000000
46640	126	3	AEGPCanvasSuite	AEGP Canvas Suite	30	1394689636	0000000000000000
46640	126	3	AEGPCanvasSuite	AEGP Canvas Suite	31	1394689636	0000000000000000
46640	126	3	AEGPCanvasSuite	AEGP Canvas Suite	32	1394689636	0000000000000000
46640	126	3	AEGPCollectionSuite	AEGP Collection Suite	1	0	00007FFAABF0CD60
46640	126	3	AEGPCollectionSuite	AEGP Collection Suite	2	0	00007FFAABF09AD0
46640	126	3	AEGPCollectionSuite	AEGP Collection Suite	3	1394689636	0000000000000000
46640	126	3	AEGPCollectionSuite	AEGP Collection Suite	4	1394689636	0000000000000000
46640	126	3	AEGPCollectionSuite	AEGP Collection Suite	5	1394689636	0000000000000000
46640	126	3	AEGPCollectionSuite	AEGP Collection Suite	6	1394689636	0000000000000000
46640	126	3	AEGPCollectionSuite	AEGP Collection Suite	7	1394689636	0000000000000000
46640	126	3	AEGPCollectionSuite	AEGP Collection Suite	8	1394689636	0000000000000000
46640	126	3	AEGPCollectionSuite	AEGP Collection Suite	9	1394689636	0000000000000000
46640	126	3	AEGPCollectionSuite	AEGP Collection Suite	10	1394689636	0000000000000000
46640	126	3	AEGPCollectionSuite	AEGP Collection Suite	11	1394689636	0000000000000000
46640	126	3	AEGPCollectionSuite	AEGP Collection Suite	12	1394689636	0000000000000000
46640	126	3	AEGPCollectionSuite	AEGP Collection Suite	13	1394689636	0000000000000000
46640	126	3	AEGPCollectionSuite	AEGP Collection Suite	14	1394689636	0000000000000000
46640	126	3	AEGPCollectionSuite	AEGP Collection Suite	15	1394689636	0000000000000000
46640	126	3	AEGPCollectionSuite	AEGP Collection Suite	16	1394689636	0000000000000000
46640	126	3	AEGPCollectionSuite	AEGP Collection Suite	17	1394689636	0000000000000000
46640	126	3	AEGPCollectionSuite	AEGP Collection Suite	18	1394689636	0000000000000000
46640	126	3	AEGPCollectionSuite	AEGP Collection Suite	19	1394689636	0000000000000000
46640	126	3	AEGPCollectionSuite	AEGP Collection Suite	20	1394689636	0000000000000000
46640	126	3	AEGPCollectionSuite	AEGP Collection Suite	21	1394689636	0000000000000000
46640	126	3	AEGPCollectionSuite	AEGP Collection Suite	22	1394689636	0000000000000000
46640	126	3	AEGPCollectionSuite	AEGP Collection Suite	23	1394689636	0000000000000000
46640	126	3	AEGPCollectionSuite	AEGP Collection Suite	24	1394689636	0000000000000000
46640	126	3	AEGPCollectionSuite	AEGP Collection Suite	25	1394689636	0000000000000000
46640	126	3	AEGPCollectionSuite	AEGP Collection Suite	26	1394689636	0000000000000000
46640	126	3	AEGPCollectionSuite	AEGP Collection Suite	27	1394689636	0000000000000000
46640	126	3	AEGPCollectionSuite	AEGP Collection Suite	28	1394689636	0000000000000000
46640	126	3	AEGPCollectionSuite	AEGP Collection Suite	29	1394689636	0000000000000000
46640	126	3	AEGPCollectionSuite	AEGP Collection Suite	30	1394689636	0000000000000000
46640	126	3	AEGPCollectionSuite	AEGP Collection Suite	31	1394689636	0000000000000000
46640	126	3	AEGPCollectionSuite	AEGP Collection Suite	32	1394689636	0000000000000000
46640	126	3	AEGPCommandSuite	AEGP Command Suite	1	0	00007FFAABF0D480
46640	126	3	AEGPCommandSuite	AEGP Command Suite	2	1394689636	0000000000000000
46640	126	3	AEGPCommandSuite	AEGP Command Suite	3	1394689636	0000000000000000
46640	126	3	AEGPCommandSuite	AEGP Command Suite	4	1394689636	0000000000000000
46640	126	3	AEGPCommandSuite	AEGP Command Suite	5	1394689636	0000000000000000
46640	126	3	AEGPCommandSuite	AEGP Command Suite	6	1394689636	0000000000000000
46640	126	3	AEGPCommandSuite	AEGP Command Suite	7	1394689636	0000000000000000
46640	126	3	AEGPCommandSuite	AEGP Command Suite	8	1394689636	0000000000000000
46640	126	3	AEGPCommandSuite	AEGP Command Suite	9	1394689636	0000000000000000
46640	126	3	AEGPCommandSuite	AEGP Command Suite	10	1394689636	0000000000000000
46640	126	3	AEGPCommandSuite	AEGP Command Suite	11	1394689636	0000000000000000
46640	126	3	AEGPCommandSuite	AEGP Command Suite	12	1394689636	0000000000000000
46640	126	3	AEGPCommandSuite	AEGP Command Suite	13	1394689636	0000000000000000
46640	126	3	AEGPCommandSuite	AEGP Command Suite	14	1394689636	0000000000000000
46640	126	3	AEGPCommandSuite	AEGP Command Suite	15	1394689636	0000000000000000
46640	126	3	AEGPCommandSuite	AEGP Command Suite	16	1394689636	0000000000000000
46640	126	3	AEGPCommandSuite	AEGP Command Suite	17	1394689636	0000000000000000
46640	126	3	AEGPCommandSuite	AEGP Command Suite	18	1394689636	0000000000000000
46640	126	3	AEGPCommandSuite	AEGP Command Suite	19	1394689636	0000000000000000
46640	126	3	AEGPCommandSuite	AEGP Command Suite	20	1394689636	0000000000000000
46640	126	3	AEGPCommandSuite	AEGP Command Suite	21	1394689636	0000000000000000
46640	126	3	AEGPCommandSuite	AEGP Command Suite	22	1394689636	0000000000000000
46640	126	3	AEGPCommandSuite	AEGP Command Suite	23	1394689636	0000000000000000
46640	126	3	AEGPCommandSuite	AEGP Command Suite	24	1394689636	0000000000000000
46640	126	3	AEGPCommandSuite	AEGP Command Suite	25	1394689636	0000000000000000
46640	126	3	AEGPCommandSuite	AEGP Command Suite	26	1394689636	0000000000000000
46640	126	3	AEGPCommandSuite	AEGP Command Suite	27	1394689636	0000000000000000
46640	126	3	AEGPCommandSuite	AEGP Command Suite	28	1394689636	0000000000000000
46640	126	3	AEGPCommandSuite	AEGP Command Suite	29	1394689636	0000000000000000
46640	126	3	AEGPCommandSuite	AEGP Command Suite	30	1394689636	0000000000000000
46640	126	3	AEGPCommandSuite	AEGP Command Suite	31	1394689636	0000000000000000
46640	126	3	AEGPCommandSuite	AEGP Command Suite	32	1394689636	0000000000000000
46640	126	3	AEGPCompSuite	AEGP Comp Suite	1	1394689636	0000000000000000
46640	126	3	AEGPCompSuite	AEGP Comp Suite	2	1394689636	0000000000000000
46640	126	3	AEGPCompSuite	AEGP Comp Suite	3	1394689636	0000000000000000
46640	126	3	AEGPCompSuite	AEGP Comp Suite	4	0	00007FFAABF0E280
46640	126	3	AEGPCompSuite	AEGP Comp Suite	5	1394689636	0000000000000000
46640	126	3	AEGPCompSuite	AEGP Comp Suite	6	0	00007FFAABF0E1D0
46640	126	3	AEGPCompSuite	AEGP Comp Suite	7	0	00007FFAABF0E100
46640	126	3	AEGPCompSuite	AEGP Comp Suite	8	1394689636	0000000000000000
46640	126	3	AEGPCompSuite	AEGP Comp Suite	9	0	00007FFAABF0E020
46640	126	3	AEGPCompSuite	AEGP Comp Suite	10	1394689636	0000000000000000
46640	126	3	AEGPCompSuite	AEGP Comp Suite	11	0	00007FFAABF0DF30
46640	126	3	AEGPCompSuite	AEGP Comp Suite	12	1394689636	0000000000000000
46640	126	3	AEGPCompSuite	AEGP Comp Suite	13	1394689636	0000000000000000
46640	126	3	AEGPCompSuite	AEGP Comp Suite	14	0	00007FFAABF0DE20
46640	126	3	AEGPCompSuite	AEGP Comp Suite	15	0	00007FFAABF0DD10
46640	126	3	AEGPCompSuite	AEGP Comp Suite	16	1394689636	0000000000000000
46640	126	3	AEGPCompSuite	AEGP Comp Suite	17	1394689636	0000000000000000
46640	126	3	AEGPCompSuite	AEGP Comp Suite	18	0	00007FFAABF0DBE0
46640	126	3	AEGPCompSuite	AEGP Comp Suite	19	0	00007FFAABF0DAB0
46640	126	3	AEGPCompSuite	AEGP Comp Suite	20	1394689636	0000000000000000
46640	126	3	AEGPCompSuite	AEGP Comp Suite	21	0	00007FFAABF0D950
46640	126	3	AEGPCompSuite	AEGP Comp Suite	22	1394689636	0000000000000000
46640	126	3	AEGPCompSuite	AEGP Comp Suite	23	1394689636	0000000000000000
46640	126	3	AEGPCompSuite	AEGP Comp Suite	24	1394689636	0000000000000000
46640	126	3	AEGPCompSuite	AEGP Comp Suite	25	0	00007FFAABF0D7F0
46640	126	3	AEGPCompSuite	AEGP Comp Suite	26	0	00007FFAABF0D690
46640	126	3	AEGPCompSuite	AEGP Comp Suite	27	0	00007FFAABF0D520
46640	126	3	AEGPCompSuite	AEGP Comp Suite	28	1394689636	0000000000000000
46640	126	3	AEGPCompSuite	AEGP Comp Suite	29	1394689636	0000000000000000
46640	126	3	AEGPCompSuite	AEGP Comp Suite	30	1394689636	0000000000000000
46640	126	3	AEGPCompSuite	AEGP Comp Suite	31	1394689636	0000000000000000
46640	126	3	AEGPCompSuite	AEGP Comp Suite	32	1394689636	0000000000000000
46640	126	3	AEGPCompositeSuite	AEGP Composite Suite	1	1394689636	0000000000000000
46640	126	3	AEGPCompositeSuite	AEGP Composite Suite	2	1394689636	0000000000000000
46640	126	3	AEGPCompositeSuite	AEGP Composite Suite	3	1394689636	0000000000000000
46640	126	3	AEGPCompositeSuite	AEGP Composite Suite	4	0	00007FFAABF0C760
46640	126	3	AEGPCompositeSuite	AEGP Composite Suite	5	1394689636	0000000000000000
46640	126	3	AEGPCompositeSuite	AEGP Composite Suite	6	1394689636	0000000000000000
46640	126	3	AEGPCompositeSuite	AEGP Composite Suite	7	1394689636	0000000000000000
46640	126	3	AEGPCompositeSuite	AEGP Composite Suite	8	1394689636	0000000000000000
46640	126	3	AEGPCompositeSuite	AEGP Composite Suite	9	1394689636	0000000000000000
46640	126	3	AEGPCompositeSuite	AEGP Composite Suite	10	1394689636	0000000000000000
46640	126	3	AEGPCompositeSuite	AEGP Composite Suite	11	1394689636	0000000000000000
46640	126	3	AEGPCompositeSuite	AEGP Composite Suite	12	1394689636	0000000000000000
46640	126	3	AEGPCompositeSuite	AEGP Composite Suite	13	1394689636	0000000000000000
46640	126	3	AEGPCompositeSuite	AEGP Composite Suite	14	1394689636	0000000000000000
46640	126	3	AEGPCompositeSuite	AEGP Composite Suite	15	1394689636	0000000000000000
46640	126	3	AEGPCompositeSuite	AEGP Composite Suite	16	1394689636	0000000000000000
46640	126	3	AEGPCompositeSuite	AEGP Composite Suite	17	1394689636	0000000000000000
46640	126	3	AEGPCompositeSuite	AEGP Composite Suite	18	1394689636	0000000000000000
46640	126	3	AEGPCompositeSuite	AEGP Composite Suite	19	1394689636	0000000000000000
46640	126	3	AEGPCompositeSuite	AEGP Composite Suite	20	1394689636	0000000000000000
46640	126	3	AEGPCompositeSuite	AEGP Composite Suite	21	1394689636	0000000000000000
46640	126	3	AEGPCompositeSuite	AEGP Composite Suite	22	1394689636	0000000000000000
46640	126	3	AEGPCompositeSuite	AEGP Composite Suite	23	1394689636	0000000000000000
46640	126	3	AEGPCompositeSuite	AEGP Composite Suite	24	1394689636	0000000000000000
46640	126	3	AEGPCompositeSuite	AEGP Composite Suite	25	1394689636	0000000000000000
46640	126	3	AEGPCompositeSuite	AEGP Composite Suite	26	1394689636	0000000000000000
46640	126	3	AEGPCompositeSuite	AEGP Composite Suite	27	1394689636	0000000000000000
46640	126	3	AEGPCompositeSuite	AEGP Composite Suite	28	1394689636	0000000000000000
46640	126	3	AEGPCompositeSuite	AEGP Composite Suite	29	1394689636	0000000000000000
46640	126	3	AEGPCompositeSuite	AEGP Composite Suite	30	1394689636	0000000000000000
46640	126	3	AEGPCompositeSuite	AEGP Composite Suite	31	1394689636	0000000000000000
46640	126	3	AEGPCompositeSuite	AEGP Composite Suite	32	1394689636	0000000000000000
46640	126	3	AEGPDynamicStreamSuite	AEGP Dynamic Stream Suite	1	0	00007FFAABF0F1E0
46640	126	3	AEGPDynamicStreamSuite	AEGP Dynamic Stream Suite	2	0	00007FFAABF0F270
46640	126	3	AEGPDynamicStreamSuite	AEGP Dynamic Stream Suite	3	0	00007FFAABF0F300
46640	126	3	AEGPDynamicStreamSuite	AEGP Dynamic Stream Suite	4	1394689636	0000000000000000
46640	126	3	AEGPDynamicStreamSuite	AEGP Dynamic Stream Suite	5	0	00007FFAABF0F390
46640	126	3	AEGPDynamicStreamSuite	AEGP Dynamic Stream Suite	6	1394689636	0000000000000000
46640	126	3	AEGPDynamicStreamSuite	AEGP Dynamic Stream Suite	7	1394689636	0000000000000000
46640	126	3	AEGPDynamicStreamSuite	AEGP Dynamic Stream Suite	8	1394689636	0000000000000000
46640	126	3	AEGPDynamicStreamSuite	AEGP Dynamic Stream Suite	9	1394689636	0000000000000000
46640	126	3	AEGPDynamicStreamSuite	AEGP Dynamic Stream Suite	10	1394689636	0000000000000000
46640	126	3	AEGPDynamicStreamSuite	AEGP Dynamic Stream Suite	11	1394689636	0000000000000000
46640	126	3	AEGPDynamicStreamSuite	AEGP Dynamic Stream Suite	12	1394689636	0000000000000000
46640	126	3	AEGPDynamicStreamSuite	AEGP Dynamic Stream Suite	13	1394689636	0000000000000000
46640	126	3	AEGPDynamicStreamSuite	AEGP Dynamic Stream Suite	14	1394689636	0000000000000000
46640	126	3	AEGPDynamicStreamSuite	AEGP Dynamic Stream Suite	15	1394689636	0000000000000000
46640	126	3	AEGPDynamicStreamSuite	AEGP Dynamic Stream Suite	16	1394689636	0000000000000000
46640	126	3	AEGPDynamicStreamSuite	AEGP Dynamic Stream Suite	17	1394689636	0000000000000000
46640	126	3	AEGPDynamicStreamSuite	AEGP Dynamic Stream Suite	18	1394689636	0000000000000000
46640	126	3	AEGPDynamicStreamSuite	AEGP Dynamic Stream Suite	19	1394689636	0000000000000000
46640	126	3	AEGPDynamicStreamSuite	AEGP Dynamic Stream Suite	20	1394689636	0000000000000000
46640	126	3	AEGPDynamicStreamSuite	AEGP Dynamic Stream Suite	21	1394689636	0000000000000000
46640	126	3	AEGPDynamicStreamSuite	AEGP Dynamic Stream Suite	22	1394689636	0000000000000000
46640	126	3	AEGPDynamicStreamSuite	AEGP Dynamic Stream Suite	23	1394689636	0000000000000000
46640	126	3	AEGPDynamicStreamSuite	AEGP Dynamic Stream Suite	24	1394689636	0000000000000000
46640	126	3	AEGPDynamicStreamSuite	AEGP Dynamic Stream Suite	25	1394689636	0000000000000000
46640	126	3	AEGPDynamicStreamSuite	AEGP Dynamic Stream Suite	26	1394689636	0000000000000000
46640	126	3	AEGPDynamicStreamSuite	AEGP Dynamic Stream Suite	27	1394689636	0000000000000000
46640	126	3	AEGPDynamicStreamSuite	AEGP Dynamic Stream Suite	28	1394689636	0000000000000000
46640	126	3	AEGPDynamicStreamSuite	AEGP Dynamic Stream Suite	29	1394689636	0000000000000000
46640	126	3	AEGPDynamicStreamSuite	AEGP Dynamic Stream Suite	30	1394689636	0000000000000000
46640	126	3	AEGPDynamicStreamSuite	AEGP Dynamic Stream Suite	31	1394689636	0000000000000000
46640	126	3	AEGPDynamicStreamSuite	AEGP Dynamic Stream Suite	32	1394689636	0000000000000000
46640	126	3	AEGPEffectSuite	AEGP Effect Suite	1	0	00007FFAABF0F790
46640	126	3	AEGPEffectSuite	AEGP Effect Suite	2	0	00007FFAABF0F810
46640	126	3	AEGPEffectSuite	AEGP Effect Suite	3	0	00007FFAABF0F8A0
46640	126	3	AEGPEffectSuite	AEGP Effect Suite	4	0	00007FFAABF0F930
46640	126	3	AEGPEffectSuite	AEGP Effect Suite	5	0	00007FFAABF0F9E0
46640	126	3	AEGPEffectSuite	AEGP Effect Suite	6	1394689636	0000000000000000
46640	126	3	AEGPEffectSuite	AEGP Effect Suite	7	1394689636	0000000000000000
46640	126	3	AEGPEffectSuite	AEGP Effect Suite	8	1394689636	0000000000000000
46640	126	3	AEGPEffectSuite	AEGP Effect Suite	9	1394689636	0000000000000000
46640	126	3	AEGPEffectSuite	AEGP Effect Suite	10	1394689636	0000000000000000
46640	126	3	AEGPEffectSuite	AEGP Effect Suite	11	1394689636	0000000000000000
46640	126	3	AEGPEffectSuite	AEGP Effect Suite	12	1394689636	0000000000000000
46640	126	3	AEGPEffectSuite	AEGP Effect Suite	13	1394689636	0000000000000000
46640	126	3	AEGPEffectSuite	AEGP Effect Suite	14	1394689636	0000000000000000
46640	126	3	AEGPEffectSuite	AEGP Effect Suite	15	1394689636	0000000000000000
46640	126	3	AEGPEffectSuite	AEGP Effect Suite	16	1394689636	0000000000000000
46640	126	3	AEGPEffectSuite	AEGP Effect Suite	17	1394689636	0000000000000000
46640	126	3	AEGPEffectSuite	AEGP Effect Suite	18	1394689636	0000000000000000
46640	126	3	AEGPEffectSuite	AEGP Effect Suite	19	1394689636	0000000000000000
46640	126	3	AEGPEffectSuite	AEGP Effect Suite	20	1394689636	0000000000000000
46640	126	3	AEGPEffectSuite	AEGP Effect Suite	21	1394689636	0000000000000000
46640	126	3	AEGPEffectSuite	AEGP Effect Suite	22	1394689636	0000000000000000
46640	126	3	AEGPEffectSuite	AEGP Effect Suite	23	1394689636	0000000000000000
46640	126	3	AEGPEffectSuite	AEGP Effect Suite	24	1394689636	0000000000000000
46640	126	3	AEGPEffectSuite	AEGP Effect Suite	25	1394689636	0000000000000000
46640	126	3	AEGPEffectSuite	AEGP Effect Suite	26	1394689636	0000000000000000
46640	126	3	AEGPEffectSuite	AEGP Effect Suite	27	1394689636	0000000000000000
46640	126	3	AEGPEffectSuite	AEGP Effect Suite	28	1394689636	0000000000000000
46640	126	3	AEGPEffectSuite	AEGP Effect Suite	29	1394689636	0000000000000000
46640	126	3	AEGPEffectSuite	AEGP Effect Suite	30	1394689636	0000000000000000
46640	126	3	AEGPEffectSuite	AEGP Effect Suite	31	1394689636	0000000000000000
46640	126	3	AEGPEffectSuite	AEGP Effect Suite	32	1394689636	0000000000000000
46640	126	3	AEGPFIMSuite	AEGP File Import Manager Suite	1	1394689636	0000000000000000
46640	126	3	AEGPFIMSuite	AEGP File Import Manager Suite	2	1394689636	0000000000000000
46640	126	3	AEGPFIMSuite	AEGP File Import Manager Suite	3	0	00007FFB1B20B7B8
46640	126	3	AEGPFIMSuite	AEGP File Import Manager Suite	4	0	00007FFB1B20B7D8
46640	126	3	AEGPFIMSuite	AEGP File Import Manager Suite	5	1394689636	0000000000000000
46640	126	3	AEGPFIMSuite	AEGP File Import Manager Suite	6	1394689636	0000000000000000
46640	126	3	AEGPFIMSuite	AEGP File Import Manager Suite	7	1394689636	0000000000000000
46640	126	3	AEGPFIMSuite	AEGP File Import Manager Suite	8	1394689636	0000000000000000
46640	126	3	AEGPFIMSuite	AEGP File Import Manager Suite	9	1394689636	0000000000000000
46640	126	3	AEGPFIMSuite	AEGP File Import Manager Suite	10	1394689636	0000000000000000
46640	126	3	AEGPFIMSuite	AEGP File Import Manager Suite	11	1394689636	0000000000000000
46640	126	3	AEGPFIMSuite	AEGP File Import Manager Suite	12	1394689636	0000000000000000
46640	126	3	AEGPFIMSuite	AEGP File Import Manager Suite	13	1394689636	0000000000000000
46640	126	3	AEGPFIMSuite	AEGP File Import Manager Suite	14	1394689636	0000000000000000
46640	126	3	AEGPFIMSuite	AEGP File Import Manager Suite	15	1394689636	0000000000000000
46640	126	3	AEGPFIMSuite	AEGP File Import Manager Suite	16	1394689636	0000000000000000
46640	126	3	AEGPFIMSuite	AEGP File Import Manager Suite	17	1394689636	0000000000000000
46640	126	3	AEGPFIMSuite	AEGP File Import Manager Suite	18	1394689636	0000000000000000
46640	126	3	AEGPFIMSuite	AEGP File Import Manager Suite	19	1394689636	0000000000000000
46640	126	3	AEGPFIMSuite	AEGP File Import Manager Suite	20	1394689636	0000000000000000
46640	126	3	AEGPFIMSuite	AEGP File Import Manager Suite	21	1394689636	0000000000000000
46640	126	3	AEGPFIMSuite	AEGP File Import Manager Suite	22	1394689636	0000000000000000
46640	126	3	AEGPFIMSuite	AEGP File Import Manager Suite	23	1394689636	0000000000000000
46640	126	3	AEGPFIMSuite	AEGP File Import Manager Suite	24	1394689636	0000000000000000
46640	126	3	AEGPFIMSuite	AEGP File Import Manager Suite	25	1394689636	0000000000000000
46640	126	3	AEGPFIMSuite	AEGP File Import Manager Suite	26	1394689636	0000000000000000
46640	126	3	AEGPFIMSuite	AEGP File Import Manager Suite	27	1394689636	0000000000000000
46640	126	3	AEGPFIMSuite	AEGP File Import Manager Suite	28	1394689636	0000000000000000
46640	126	3	AEGPFIMSuite	AEGP File Import Manager Suite	29	1394689636	0000000000000000
46640	126	3	AEGPFIMSuite	AEGP File Import Manager Suite	30	1394689636	0000000000000000
46640	126	3	AEGPFIMSuite	AEGP File Import Manager Suite	31	1394689636	0000000000000000
46640	126	3	AEGPFIMSuite	AEGP File Import Manager Suite	32	1394689636	0000000000000000
46640	126	3	AEGPFootageSuite	AEGP Footage Suite	1	1394689636	0000000000000000
46640	126	3	AEGPFootageSuite	AEGP Footage Suite	2	1394689636	0000000000000000
46640	126	3	AEGPFootageSuite	AEGP Footage Suite	3	1394689636	0000000000000000
46640	126	3	AEGPFootageSuite	AEGP Footage Suite	4	1394689636	0000000000000000
46640	126	3	AEGPFootageSuite	AEGP Footage Suite	5	1394689636	0000000000000000
46640	126	3	AEGPFootageSuite	AEGP Footage Suite	6	1394689636	0000000000000000
46640	126	3	AEGPFootageSuite	AEGP Footage Suite	7	1394689636	0000000000000000
46640	126	3	AEGPFootageSuite	AEGP Footage Suite	8	1394689636	0000000000000000
46640	126	3	AEGPFootageSuite	AEGP Footage Suite	9	1394689636	0000000000000000
46640	126	3	AEGPFootageSuite	AEGP Footage Suite	10	1394689636	0000000000000000
46640	126	3	AEGPFootageSuite	AEGP Footage Suite	11	0	00007FFAABF0FE80
46640	126	3	AEGPFootageSuite	AEGP Footage Suite	12	1394689636	0000000000000000
46640	126	3	AEGPFootageSuite	AEGP Footage Suite	13	1394689636	0000000000000000
46640	126	3	AEGPFootageSuite	AEGP Footage Suite	14	1394689636	0000000000000000
46640	126	3	AEGPFootageSuite	AEGP Footage Suite	15	1394689636	0000000000000000
46640	126	3	AEGPFootageSuite	AEGP Footage Suite	16	1394689636	0000000000000000
46640	126	3	AEGPFootageSuite	AEGP Footage Suite	17	1394689636	0000000000000000
46640	126	3	AEGPFootageSuite	AEGP Footage Suite	18	1394689636	0000000000000000
46640	126	3	AEGPFootageSuite	AEGP Footage Suite	19	1394689636	0000000000000000
46640	126	3	AEGPFootageSuite	AEGP Footage Suite	20	1394689636	0000000000000000
46640	126	3	AEGPFootageSuite	AEGP Footage Suite	21	1394689636	0000000000000000
46640	126	3	AEGPFootageSuite	AEGP Footage Suite	22	1394689636	0000000000000000
46640	126	3	AEGPFootageSuite	AEGP Footage Suite	23	1394689636	0000000000000000
46640	126	3	AEGPFootageSuite	AEGP Footage Suite	24	1394689636	0000000000000000
46640	126	3	AEGPFootageSuite	AEGP Footage Suite	25	1394689636	0000000000000000
46640	126	3	AEGPFootageSuite	AEGP Footage Suite	26	1394689636	0000000000000000
46640	126	3	AEGPFootageSuite	AEGP Footage Suite	27	1394689636	0000000000000000
46640	126	3	AEGPFootageSuite	AEGP Footage Suite	28	1394689636	0000000000000000
46640	126	3	AEGPFootageSuite	AEGP Footage Suite	29	1394689636	0000000000000000
46640	126	3	AEGPFootageSuite	AEGP Footage Suite	30	1394689636	0000000000000000
46640	126	3	AEGPFootageSuite	AEGP Footage Suite	31	1394689636	0000000000000000
46640	126	3	AEGPFootageSuite	AEGP Footage Suite	32	1394689636	0000000000000000
46640	126	3	AEGPGuideSuite	AEGP Guide Suite	1	0	00007FFAABF56820
46640	126	3	AEGPGuideSuite	AEGP Guide Suite	2	0	00007FFAABF56870
46640	126	3	AEGPGuideSuite	AEGP Guide Suite	3	1394689636	0000000000000000
46640	126	3	AEGPGuideSuite	AEGP Guide Suite	4	1394689636	0000000000000000
46640	126	3	AEGPGuideSuite	AEGP Guide Suite	5	1394689636	0000000000000000
46640	126	3	AEGPGuideSuite	AEGP Guide Suite	6	1394689636	0000000000000000
46640	126	3	AEGPGuideSuite	AEGP Guide Suite	7	1394689636	0000000000000000
46640	126	3	AEGPGuideSuite	AEGP Guide Suite	8	1394689636	0000000000000000
46640	126	3	AEGPGuideSuite	AEGP Guide Suite	9	1394689636	0000000000000000
46640	126	3	AEGPGuideSuite	AEGP Guide Suite	10	1394689636	0000000000000000
46640	126	3	AEGPGuideSuite	AEGP Guide Suite	11	1394689636	0000000000000000
46640	126	3	AEGPGuideSuite	AEGP Guide Suite	12	1394689636	0000000000000000
46640	126	3	AEGPGuideSuite	AEGP Guide Suite	13	1394689636	0000000000000000
46640	126	3	AEGPGuideSuite	AEGP Guide Suite	14	1394689636	0000000000000000
46640	126	3	AEGPGuideSuite	AEGP Guide Suite	15	1394689636	0000000000000000
46640	126	3	AEGPGuideSuite	AEGP Guide Suite	16	1394689636	0000000000000000
46640	126	3	AEGPGuideSuite	AEGP Guide Suite	17	1394689636	0000000000000000
46640	126	3	AEGPGuideSuite	AEGP Guide Suite	18	1394689636	0000000000000000
46640	126	3	AEGPGuideSuite	AEGP Guide Suite	19	1394689636	0000000000000000
46640	126	3	AEGPGuideSuite	AEGP Guide Suite	20	1394689636	0000000000000000
46640	126	3	AEGPGuideSuite	AEGP Guide Suite	21	1394689636	0000000000000000
46640	126	3	AEGPGuideSuite	AEGP Guide Suite	22	1394689636	0000000000000000
46640	126	3	AEGPGuideSuite	AEGP Guide Suite	23	1394689636	0000000000000000
46640	126	3	AEGPGuideSuite	AEGP Guide Suite	24	1394689636	0000000000000000
46640	126	3	AEGPGuideSuite	AEGP Guide Suite	25	1394689636	0000000000000000
46640	126	3	AEGPGuideSuite	AEGP Guide Suite	26	1394689636	0000000000000000
46640	126	3	AEGPGuideSuite	AEGP Guide Suite	27	1394689636	0000000000000000
46640	126	3	AEGPGuideSuite	AEGP Guide Suite	28	1394689636	0000000000000000
46640	126	3	AEGPGuideSuite	AEGP Guide Suite	29	1394689636	0000000000000000
46640	126	3	AEGPGuideSuite	AEGP Guide Suite	30	1394689636	0000000000000000
46640	126	3	AEGPGuideSuite	AEGP Guide Suite	31	1394689636	0000000000000000
46640	126	3	AEGPGuideSuite	AEGP Guide Suite	32	1394689636	0000000000000000
46640	126	3	AEGPIOInSuite	AEGP IO In Suite	1	1394689636	0000000000000000
46640	126	3	AEGPIOInSuite	AEGP IO In Suite	2	1394689636	0000000000000000
46640	126	3	AEGPIOInSuite	AEGP IO In Suite	3	1394689636	0000000000000000
46640	126	3	AEGPIOInSuite	AEGP IO In Suite	4	1394689636	0000000000000000
46640	126	3	AEGPIOInSuite	AEGP IO In Suite	5	0	00007FFAABF10650
46640	126	3	AEGPIOInSuite	AEGP IO In Suite	6	0	00007FFAABF10520
46640	126	3	AEGPIOInSuite	AEGP IO In Suite	7	0	00007FFAABF103F0
46640	126	3	AEGPIOInSuite	AEGP IO In Suite	8	0	00007FFAABF102B0
46640	126	3	AEGPIOInSuite	AEGP IO In Suite	9	1394689636	0000000000000000
46640	126	3	AEGPIOInSuite	AEGP IO In Suite	10	1394689636	0000000000000000
46640	126	3	AEGPIOInSuite	AEGP IO In Suite	11	1394689636	0000000000000000
46640	126	3	AEGPIOInSuite	AEGP IO In Suite	12	1394689636	0000000000000000
46640	126	3	AEGPIOInSuite	AEGP IO In Suite	13	1394689636	0000000000000000
46640	126	3	AEGPIOInSuite	AEGP IO In Suite	14	1394689636	0000000000000000
46640	126	3	AEGPIOInSuite	AEGP IO In Suite	15	1394689636	0000000000000000
46640	126	3	AEGPIOInSuite	AEGP IO In Suite	16	1394689636	0000000000000000
46640	126	3	AEGPIOInSuite	AEGP IO In Suite	17	1394689636	0000000000000000
46640	126	3	AEGPIOInSuite	AEGP IO In Suite	18	1394689636	0000000000000000
46640	126	3	AEGPIOInSuite	AEGP IO In Suite	19	1394689636	0000000000000000
46640	126	3	AEGPIOInSuite	AEGP IO In Suite	20	1394689636	0000000000000000
46640	126	3	AEGPIOInSuite	AEGP IO In Suite	21	1394689636	0000000000000000
46640	126	3	AEGPIOInSuite	AEGP IO In Suite	22	1394689636	0000000000000000
46640	126	3	AEGPIOInSuite	AEGP IO In Suite	23	1394689636	0000000000000000
46640	126	3	AEGPIOInSuite	AEGP IO In Suite	24	1394689636	0000000000000000
46640	126	3	AEGPIOInSuite	AEGP IO In Suite	25	1394689636	0000000000000000
46640	126	3	AEGPIOInSuite	AEGP IO In Suite	26	1394689636	0000000000000000
46640	126	3	AEGPIOInSuite	AEGP IO In Suite	27	1394689636	0000000000000000
46640	126	3	AEGPIOInSuite	AEGP IO In Suite	28	1394689636	0000000000000000
46640	126	3	AEGPIOInSuite	AEGP IO In Suite	29	1394689636	0000000000000000
46640	126	3	AEGPIOInSuite	AEGP IO In Suite	30	1394689636	0000000000000000
46640	126	3	AEGPIOInSuite	AEGP IO In Suite	31	1394689636	0000000000000000
46640	126	3	AEGPIOInSuite	AEGP IO In Suite	32	1394689636	0000000000000000
46640	126	3	AEGPIOOutSuite	AEGP IO Out Suite	1	1394689636	0000000000000000
46640	126	3	AEGPIOOutSuite	AEGP IO Out Suite	2	1394689636	0000000000000000
46640	126	3	AEGPIOOutSuite	AEGP IO Out Suite	3	1394689636	0000000000000000
46640	126	3	AEGPIOOutSuite	AEGP IO Out Suite	4	1394689636	0000000000000000
46640	126	3	AEGPIOOutSuite	AEGP IO Out Suite	5	1394689636	0000000000000000
46640	126	3	AEGPIOOutSuite	AEGP IO Out Suite	6	1394689636	0000000000000000
46640	126	3	AEGPIOOutSuite	AEGP IO Out Suite	7	0	00007FFAABF10990
46640	126	3	AEGPIOOutSuite	AEGP IO Out Suite	8	0	00007FFAABF10870
46640	126	3	AEGPIOOutSuite	AEGP IO Out Suite	9	0	00007FFAABF10750
46640	126	3	AEGPIOOutSuite	AEGP IO Out Suite	10	1394689636	0000000000000000
46640	126	3	AEGPIOOutSuite	AEGP IO Out Suite	11	1394689636	0000000000000000
46640	126	3	AEGPIOOutSuite	AEGP IO Out Suite	12	1394689636	0000000000000000
46640	126	3	AEGPIOOutSuite	AEGP IO Out Suite	13	1394689636	0000000000000000
46640	126	3	AEGPIOOutSuite	AEGP IO Out Suite	14	1394689636	0000000000000000
46640	126	3	AEGPIOOutSuite	AEGP IO Out Suite	15	1394689636	0000000000000000
46640	126	3	AEGPIOOutSuite	AEGP IO Out Suite	16	1394689636	0000000000000000
46640	126	3	AEGPIOOutSuite	AEGP IO Out Suite	17	1394689636	0000000000000000
46640	126	3	AEGPIOOutSuite	AEGP IO Out Suite	18	1394689636	0000000000000000
46640	126	3	AEGPIOOutSuite	AEGP IO Out Suite	19	1394689636	0000000000000000
46640	126	3	AEGPIOOutSuite	AEGP IO Out Suite	20	1394689636	0000000000000000
46640	126	3	AEGPIOOutSuite	AEGP IO Out Suite	21	1394689636	0000000000000000
46640	126	3	AEGPIOOutSuite	AEGP IO Out Suite	22	1394689636	0000000000000000
46640	126	3	AEGPIOOutSuite	AEGP IO Out Suite	23	1394689636	0000000000000000
46640	126	3	AEGPIOOutSuite	AEGP IO Out Suite	24	1394689636	0000000000000000
46640	126	3	AEGPIOOutSuite	AEGP IO Out Suite	25	1394689636	0000000000000000
46640	126	3	AEGPIOOutSuite	AEGP IO Out Suite	26	1394689636	0000000000000000
46640	126	3	AEGPIOOutSuite	AEGP IO Out Suite	27	1394689636	0000000000000000
46640	126	3	AEGPIOOutSuite	AEGP IO Out Suite	28	1394689636	0000000000000000
46640	126	3	AEGPIOOutSuite	AEGP IO Out Suite	29	1394689636	0000000000000000
46640	126	3	AEGPIOOutSuite	AEGP IO Out Suite	30	1394689636	0000000000000000
46640	126	3	AEGPIOOutSuite	AEGP IO Out Suite	31	1394689636	0000000000000000
46640	126	3	AEGPIOOutSuite	AEGP IO Out Suite	32	1394689636	0000000000000000
46640	126	3	AEGPItemSuite	AEGP Item Suite	1	1394689636	0000000000000000
46640	126	3	AEGPItemSuite	AEGP Item Suite	2	1394689636	0000000000000000
46640	126	3	AEGPItemSuite	AEGP Item Suite	3	0	00007FFAABF10EF0
46640	126	3	AEGPItemSuite	AEGP Item Suite	4	0	00007FFAABF10F90
46640	126	3	AEGPItemSuite	AEGP Item Suite	5	0	00007FFAABF11040
46640	126	3	AEGPItemSuite	AEGP Item Suite	6	0	00007FFAABF110F0
46640	126	3	AEGPItemSuite	AEGP Item Suite	7	0	00007FFAABF111A0
46640	126	3	AEGPItemSuite	AEGP Item Suite	8	1394689636	0000000000000000
46640	126	3	AEGPItemSuite	AEGP Item Suite	9	1394689636	0000000000000000
46640	126	3	AEGPItemSuite	AEGP Item Suite	10	0	00007FFAABF11250
46640	126	3	AEGPItemSuite	AEGP Item Suite	11	0	00007FFAABF11320
46640	126	3	AEGPItemSuite	AEGP Item Suite	12	1394689636	0000000000000000
46640	126	3	AEGPItemSuite	AEGP Item Suite	13	0	00007FFAABF11400
46640	126	3	AEGPItemSuite	AEGP Item Suite	14	0	00007FFAABF114E0
46640	126	3	AEGPItemSuite	AEGP Item Suite	15	1394689636	0000000000000000
46640	126	3	AEGPItemSuite	AEGP Item Suite	16	1394689636	0000000000000000
46640	126	3	AEGPItemSuite	AEGP Item Suite	17	1394689636	0000000000000000
46640	126	3	AEGPItemSuite	AEGP Item Suite	18	1394689636	0000000000000000
46640	126	3	AEGPItemSuite	AEGP Item Suite	19	1394689636	0000000000000000
46640	126	3	AEGPItemSuite	AEGP Item Suite	20	1394689636	0000000000000000
46640	126	3	AEGPItemSuite	AEGP Item Suite	21	1394689636	0000000000000000
46640	126	3	AEGPItemSuite	AEGP Item Suite	22	1394689636	0000000000000000
46640	126	3	AEGPItemSuite	AEGP Item Suite	23	1394689636	0000000000000000
46640	126	3	AEGPItemSuite	AEGP Item Suite	24	1394689636	0000000000000000
46640	126	3	AEGPItemSuite	AEGP Item Suite	25	1394689636	0000000000000000
46640	126	3	AEGPItemSuite	AEGP Item Suite	26	1394689636	0000000000000000
46640	126	3	AEGPItemSuite	AEGP Item Suite	27	1394689636	0000000000000000
46640	126	3	AEGPItemSuite	AEGP Item Suite	28	1394689636	0000000000000000
46640	126	3	AEGPItemSuite	AEGP Item Suite	29	1394689636	0000000000000000
46640	126	3	AEGPItemSuite	AEGP Item Suite	30	1394689636	0000000000000000
46640	126	3	AEGPItemSuite	AEGP Item Suite	31	1394689636	0000000000000000
46640	126	3	AEGPItemSuite	AEGP Item Suite	32	1394689636	0000000000000000
46640	126	3	AEGPItemViewSuite	AEGP Item View Suite	1	0	00007FFAABF11198
46640	126	3	AEGPItemViewSuite	AEGP Item View Suite	2	0	00007FFAABF115B0
46640	126	3	AEGPItemViewSuite	AEGP Item View Suite	3	1394689636	0000000000000000
46640	126	3	AEGPItemViewSuite	AEGP Item View Suite	4	1394689636	0000000000000000
46640	126	3	AEGPItemViewSuite	AEGP Item View Suite	5	1394689636	0000000000000000
46640	126	3	AEGPItemViewSuite	AEGP Item View Suite	6	1394689636	0000000000000000
46640	126	3	AEGPItemViewSuite	AEGP Item View Suite	7	1394689636	0000000000000000
46640	126	3	AEGPItemViewSuite	AEGP Item View Suite	8	1394689636	0000000000000000
46640	126	3	AEGPItemViewSuite	AEGP Item View Suite	9	1394689636	0000000000000000
46640	126	3	AEGPItemViewSuite	AEGP Item View Suite	10	1394689636	0000000000000000
46640	126	3	AEGPItemViewSuite	AEGP Item View Suite	11	1394689636	0000000000000000
46640	126	3	AEGPItemViewSuite	AEGP Item View Suite	12	1394689636	0000000000000000
46640	126	3	AEGPItemViewSuite	AEGP Item View Suite	13	1394689636	0000000000000000
46640	126	3	AEGPItemViewSuite	AEGP Item View Suite	14	1394689636	0000000000000000
46640	126	3	AEGPItemViewSuite	AEGP Item View Suite	15	1394689636	0000000000000000
46640	126	3	AEGPItemViewSuite	AEGP Item View Suite	16	1394689636	0000000000000000
46640	126	3	AEGPItemViewSuite	AEGP Item View Suite	17	1394689636	0000000000000000
46640	126	3	AEGPItemViewSuite	AEGP Item View Suite	18	1394689636	0000000000000000
46640	126	3	AEGPItemViewSuite	AEGP Item View Suite	19	1394689636	0000000000000000
46640	126	3	AEGPItemViewSuite	AEGP Item View Suite	20	1394689636	0000000000000000
46640	126	3	AEGPItemViewSuite	AEGP Item View Suite	21	1394689636	0000000000000000
46640	126	3	AEGPItemViewSuite	AEGP Item View Suite	22	1394689636	0000000000000000
46640	126	3	AEGPItemViewSuite	AEGP Item View Suite	23	1394689636	0000000000000000
46640	126	3	AEGPItemViewSuite	AEGP Item View Suite	24	1394689636	0000000000000000
46640	126	3	AEGPItemViewSuite	AEGP Item View Suite	25	1394689636	0000000000000000
46640	126	3	AEGPItemViewSuite	AEGP Item View Suite	26	1394689636	0000000000000000
46640	126	3	AEGPItemViewSuite	AEGP Item View Suite	27	1394689636	0000000000000000
46640	126	3	AEGPItemViewSuite	AEGP Item View Suite	28	1394689636	0000000000000000
46640	126	3	AEGPItemViewSuite	AEGP Item View Suite	29	1394689636	0000000000000000
46640	126	3	AEGPItemViewSuite	AEGP Item View Suite	30	1394689636	0000000000000000
46640	126	3	AEGPItemViewSuite	AEGP Item View Suite	31	1394689636	0000000000000000
46640	126	3	AEGPItemViewSuite	AEGP Item View Suite	32	1394689636	0000000000000000
46640	126	3	AEGPIterateSuite	AEGP Iterate Suite	1	0	00007FFAABF0C740
46640	126	3	AEGPIterateSuite	AEGP Iterate Suite	2	0	00007FFAABF0C750
46640	126	3	AEGPIterateSuite	AEGP Iterate Suite	3	1394689636	0000000000000000
46640	126	3	AEGPIterateSuite	AEGP Iterate Suite	4	1394689636	0000000000000000
46640	126	3	AEGPIterateSuite	AEGP Iterate Suite	5	1394689636	0000000000000000
46640	126	3	AEGPIterateSuite	AEGP Iterate Suite	6	1394689636	0000000000000000
46640	126	3	AEGPIterateSuite	AEGP Iterate Suite	7	1394689636	0000000000000000
46640	126	3	AEGPIterateSuite	AEGP Iterate Suite	8	1394689636	0000000000000000
46640	126	3	AEGPIterateSuite	AEGP Iterate Suite	9	1394689636	0000000000000000
46640	126	3	AEGPIterateSuite	AEGP Iterate Suite	10	1394689636	0000000000000000
46640	126	3	AEGPIterateSuite	AEGP Iterate Suite	11	1394689636	0000000000000000
46640	126	3	AEGPIterateSuite	AEGP Iterate Suite	12	1394689636	0000000000000000
46640	126	3	AEGPIterateSuite	AEGP Iterate Suite	13	1394689636	0000000000000000
46640	126	3	AEGPIterateSuite	AEGP Iterate Suite	14	1394689636	0000000000000000
46640	126	3	AEGPIterateSuite	AEGP Iterate Suite	15	1394689636	0000000000000000
46640	126	3	AEGPIterateSuite	AEGP Iterate Suite	16	1394689636	0000000000000000
46640	126	3	AEGPIterateSuite	AEGP Iterate Suite	17	1394689636	0000000000000000
46640	126	3	AEGPIterateSuite	AEGP Iterate Suite	18	1394689636	0000000000000000
46640	126	3	AEGPIterateSuite	AEGP Iterate Suite	19	1394689636	0000000000000000
46640	126	3	AEGPIterateSuite	AEGP Iterate Suite	20	1394689636	0000000000000000
46640	126	3	AEGPIterateSuite	AEGP Iterate Suite	21	1394689636	0000000000000000
46640	126	3	AEGPIterateSuite	AEGP Iterate Suite	22	1394689636	0000000000000000
46640	126	3	AEGPIterateSuite	AEGP Iterate Suite	23	1394689636	0000000000000000
46640	126	3	AEGPIterateSuite	AEGP Iterate Suite	24	1394689636	0000000000000000
46640	126	3	AEGPIterateSuite	AEGP Iterate Suite	25	1394689636	0000000000000000
46640	126	3	AEGPIterateSuite	AEGP Iterate Suite	26	1394689636	0000000000000000
46640	126	3	AEGPIterateSuite	AEGP Iterate Suite	27	1394689636	0000000000000000
46640	126	3	AEGPIterateSuite	AEGP Iterate Suite	28	1394689636	0000000000000000
46640	126	3	AEGPIterateSuite	AEGP Iterate Suite	29	1394689636	0000000000000000
46640	126	3	AEGPIterateSuite	AEGP Iterate Suite	30	1394689636	0000000000000000
46640	126	3	AEGPIterateSuite	AEGP Iterate Suite	31	1394689636	0000000000000000
46640	126	3	AEGPIterateSuite	AEGP Iterate Suite	32	1394689636	0000000000000000
46640	126	3	AEGPKeyframeSuite	AEGP Keyframe Suite	1	0	00007FFAABF11AA0
46640	126	3	AEGPKeyframeSuite	AEGP Keyframe Suite	2	0	00007FFAABF11B20
46640	126	3	AEGPKeyframeSuite	AEGP Keyframe Suite	3	0	00007FFAABF11BC0
46640	126	3	AEGPKeyframeSuite	AEGP Keyframe Suite	4	0	00007FFAABF11C60
46640	126	3	AEGPKeyframeSuite	AEGP Keyframe Suite	5	0	00007FFAABF11D00
46640	126	3	AEGPKeyframeSuite	AEGP Keyframe Suite	6	1394689636	0000000000000000
46640	126	3	AEGPKeyframeSuite	AEGP Keyframe Suite	7	1394689636	0000000000000000
46640	126	3	AEGPKeyframeSuite	AEGP Keyframe Suite	8	1394689636	0000000000000000
46640	126	3	AEGPKeyframeSuite	AEGP Keyframe Suite	9	1394689636	0000000000000000
46640	126	3	AEGPKeyframeSuite	AEGP Keyframe Suite	10	1394689636	0000000000000000
46640	126	3	AEGPKeyframeSuite	AEGP Keyframe Suite	11	1394689636	0000000000000000
46640	126	3	AEGPKeyframeSuite	AEGP Keyframe Suite	12	1394689636	0000000000000000
46640	126	3	AEGPKeyframeSuite	AEGP Keyframe Suite	13	1394689636	0000000000000000
46640	126	3	AEGPKeyframeSuite	AEGP Keyframe Suite	14	1394689636	0000000000000000
46640	126	3	AEGPKeyframeSuite	AEGP Keyframe Suite	15	1394689636	0000000000000000
46640	126	3	AEGPKeyframeSuite	AEGP Keyframe Suite	16	1394689636	0000000000000000
46640	126	3	AEGPKeyframeSuite	AEGP Keyframe Suite	17	1394689636	0000000000000000
46640	126	3	AEGPKeyframeSuite	AEGP Keyframe Suite	18	1394689636	0000000000000000
46640	126	3	AEGPKeyframeSuite	AEGP Keyframe Suite	19	1394689636	0000000000000000
46640	126	3	AEGPKeyframeSuite	AEGP Keyframe Suite	20	1394689636	0000000000000000
46640	126	3	AEGPKeyframeSuite	AEGP Keyframe Suite	21	1394689636	0000000000000000
46640	126	3	AEGPKeyframeSuite	AEGP Keyframe Suite	22	1394689636	0000000000000000
46640	126	3	AEGPKeyframeSuite	AEGP Keyframe Suite	23	1394689636	0000000000000000
46640	126	3	AEGPKeyframeSuite	AEGP Keyframe Suite	24	1394689636	0000000000000000
46640	126	3	AEGPKeyframeSuite	AEGP Keyframe Suite	25	1394689636	0000000000000000
46640	126	3	AEGPKeyframeSuite	AEGP Keyframe Suite	26	1394689636	0000000000000000
46640	126	3	AEGPKeyframeSuite	AEGP Keyframe Suite	27	1394689636	0000000000000000
46640	126	3	AEGPKeyframeSuite	AEGP Keyframe Suite	28	1394689636	0000000000000000
46640	126	3	AEGPKeyframeSuite	AEGP Keyframe Suite	29	1394689636	0000000000000000
46640	126	3	AEGPKeyframeSuite	AEGP Keyframe Suite	30	1394689636	0000000000000000
46640	126	3	AEGPKeyframeSuite	AEGP Keyframe Suite	31	1394689636	0000000000000000
46640	126	3	AEGPKeyframeSuite	AEGP Keyframe Suite	32	1394689636	0000000000000000
46640	126	3	AEGPMaskSuite	AEGP Layer Mask Suite	1	1394689636	0000000000000000
46640	126	3	AEGPMaskSuite	AEGP Layer Mask Suite	2	0	00007FFAABF138B0
46640	126	3	AEGPMaskSuite	AEGP Layer Mask Suite	3	0	00007FFAABF13840
46640	126	3	AEGPMaskSuite	AEGP Layer Mask Suite	4	0	00007FFAABF137A0
46640	126	3	AEGPMaskSuite	AEGP Layer Mask Suite	5	0	00007FFAABF136F0
46640	126	3	AEGPMaskSuite	AEGP Layer Mask Suite	6	0	00007FFAABF13650
46640	126	3	AEGPMaskSuite	AEGP Layer Mask Suite	7	0	00007FFAABF135A0
46640	126	3	AEGPMaskSuite	AEGP Layer Mask Suite	8	1394689636	0000000000000000
46640	126	3	AEGPMaskSuite	AEGP Layer Mask Suite	9	1394689636	0000000000000000
46640	126	3	AEGPMaskSuite	AEGP Layer Mask Suite	10	1394689636	0000000000000000
46640	126	3	AEGPMaskSuite	AEGP Layer Mask Suite	11	1394689636	0000000000000000
46640	126	3	AEGPMaskSuite	AEGP Layer Mask Suite	12	1394689636	0000000000000000
46640	126	3	AEGPMaskSuite	AEGP Layer Mask Suite	13	1394689636	0000000000000000
46640	126	3	AEGPMaskSuite	AEGP Layer Mask Suite	14	1394689636	0000000000000000
46640	126	3	AEGPMaskSuite	AEGP Layer Mask Suite	15	1394689636	0000000000000000
46640	126	3	AEGPMaskSuite	AEGP Layer Mask Suite	16	1394689636	0000000000000000
46640	126	3	AEGPMaskSuite	AEGP Layer Mask Suite	17	1394689636	0000000000000000
46640	126	3	AEGPMaskSuite	AEGP Layer Mask Suite	18	1394689636	0000000000000000
46640	126	3	AEGPMaskSuite	AEGP Layer Mask Suite	19	1394689636	0000000000000000
46640	126	3	AEGPMaskSuite	AEGP Layer Mask Suite	20	1394689636	0000000000000000
46640	126	3	AEGPMaskSuite	AEGP Layer Mask Suite	21	1394689636	0000000000000000
46640	126	3	AEGPMaskSuite	AEGP Layer Mask Suite	22	1394689636	0000000000000000
46640	126	3	AEGPMaskSuite	AEGP Layer Mask Suite	23	1394689636	0000000000000000
46640	126	3	AEGPMaskSuite	AEGP Layer Mask Suite	24	1394689636	0000000000000000
46640	126	3	AEGPMaskSuite	AEGP Layer Mask Suite	25	1394689636	0000000000000000
46640	126	3	AEGPMaskSuite	AEGP Layer Mask Suite	26	1394689636	0000000000000000
46640	126	3	AEGPMaskSuite	AEGP Layer Mask Suite	27	1394689636	0000000000000000
46640	126	3	AEGPMaskSuite	AEGP Layer Mask Suite	28	1394689636	0000000000000000
46640	126	3	AEGPMaskSuite	AEGP Layer Mask Suite	29	1394689636	0000000000000000
46640	126	3	AEGPMaskSuite	AEGP Layer Mask Suite	30	1394689636	0000000000000000
46640	126	3	AEGPMaskSuite	AEGP Layer Mask Suite	31	1394689636	0000000000000000
46640	126	3	AEGPMaskSuite	AEGP Layer Mask Suite	32	1394689636	0000000000000000
46640	126	3	AEGPLayerRenderOptionsSuite	AEGP Layer Render Options Suite	1	0	00007FFAABF16520
46640	126	3	AEGPLayerRenderOptionsSuite	AEGP Layer Render Options Suite	2	0	00007FFAABF16590
46640	126	3	AEGPLayerRenderOptionsSuite	AEGP Layer Render Options Suite	3	1394689636	0000000000000000
46640	126	3	AEGPLayerRenderOptionsSuite	AEGP Layer Render Options Suite	4	1394689636	0000000000000000
46640	126	3	AEGPLayerRenderOptionsSuite	AEGP Layer Render Options Suite	5	1394689636	0000000000000000
46640	126	3	AEGPLayerRenderOptionsSuite	AEGP Layer Render Options Suite	6	1394689636	0000000000000000
46640	126	3	AEGPLayerRenderOptionsSuite	AEGP Layer Render Options Suite	7	1394689636	0000000000000000
46640	126	3	AEGPLayerRenderOptionsSuite	AEGP Layer Render Options Suite	8	1394689636	0000000000000000
46640	126	3	AEGPLayerRenderOptionsSuite	AEGP Layer Render Options Suite	9	1394689636	0000000000000000
46640	126	3	AEGPLayerRenderOptionsSuite	AEGP Layer Render Options Suite	10	1394689636	0000000000000000
46640	126	3	AEGPLayerRenderOptionsSuite	AEGP Layer Render Options Suite	11	1394689636	0000000000000000
46640	126	3	AEGPLayerRenderOptionsSuite	AEGP Layer Render Options Suite	12	1394689636	0000000000000000
46640	126	3	AEGPLayerRenderOptionsSuite	AEGP Layer Render Options Suite	13	1394689636	0000000000000000
46640	126	3	AEGPLayerRenderOptionsSuite	AEGP Layer Render Options Suite	14	1394689636	0000000000000000
46640	126	3	AEGPLayerRenderOptionsSuite	AEGP Layer Render Options Suite	15	1394689636	0000000000000000
46640	126	3	AEGPLayerRenderOptionsSuite	AEGP Layer Render Options Suite	16	1394689636	0000000000000000
46640	126	3	AEGPLayerRenderOptionsSuite	AEGP Layer Render Options Suite	17	1394689636	0000000000000000
46640	126	3	AEGPLayerRenderOptionsSuite	AEGP Layer Render Options Suite	18	1394689636	0000000000000000
46640	126	3	AEGPLayerRenderOptionsSuite	AEGP Layer Render Options Suite	19	1394689636	0000000000000000
46640	126	3	AEGPLayerRenderOptionsSuite	AEGP Layer Render Options Suite	20	1394689636	0000000000000000
46640	126	3	AEGPLayerRenderOptionsSuite	AEGP Layer Render Options Suite	21	1394689636	0000000000000000
46640	126	3	AEGPLayerRenderOptionsSuite	AEGP Layer Render Options Suite	22	1394689636	0000000000000000
46640	126	3	AEGPLayerRenderOptionsSuite	AEGP Layer Render Options Suite	23	1394689636	0000000000000000
46640	126	3	AEGPLayerRenderOptionsSuite	AEGP Layer Render Options Suite	24	1394689636	0000000000000000
46640	126	3	AEGPLayerRenderOptionsSuite	AEGP Layer Render Options Suite	25	1394689636	0000000000000000
46640	126	3	AEGPLayerRenderOptionsSuite	AEGP Layer Render Options Suite	26	1394689636	0000000000000000
46640	126	3	AEGPLayerRenderOptionsSuite	AEGP Layer Render Options Suite	27	1394689636	0000000000000000
46640	126	3	AEGPLayerRenderOptionsSuite	AEGP Layer Render Options Suite	28	1394689636	0000000000000000
46640	126	3	AEGPLayerRenderOptionsSuite	AEGP Layer Render Options Suite	29	1394689636	0000000000000000
46640	126	3	AEGPLayerRenderOptionsSuite	AEGP Layer Render Options Suite	30	1394689636	0000000000000000
46640	126	3	AEGPLayerRenderOptionsSuite	AEGP Layer Render Options Suite	31	1394689636	0000000000000000
46640	126	3	AEGPLayerRenderOptionsSuite	AEGP Layer Render Options Suite	32	1394689636	0000000000000000
46640	126	3	AEGPLayerSuite	AEGP Layer Suite	1	1394689636	0000000000000000
46640	126	3	AEGPLayerSuite	AEGP Layer Suite	2	1394689636	0000000000000000
46640	126	3	AEGPLayerSuite	AEGP Layer Suite	3	1394689636	0000000000000000
46640	126	3	AEGPLayerSuite	AEGP Layer Suite	4	1394689636	0000000000000000
46640	126	3	AEGPLayerSuite	AEGP Layer Suite	5	0	00007FFAABF122D0
46640	126	3	AEGPLayerSuite	AEGP Layer Suite	6	1394689636	0000000000000000
46640	126	3	AEGPLayerSuite	AEGP Layer Suite	7	0	00007FFAABF12410
46640	126	3	AEGPLayerSuite	AEGP Layer Suite	8	0	00007FFAABF12560
46640	126	3	AEGPLayerSuite	AEGP Layer Suite	9	1394689636	0000000000000000
46640	126	3	AEGPLayerSuite	AEGP Layer Suite	10	0	00007FFAABF126C0
46640	126	3	AEGPLayerSuite	AEGP Layer Suite	11	0	00007FFAABF12830
46640	126	3	AEGPLayerSuite	AEGP Layer Suite	12	0	00007FFAABF129A0
46640	126	3	AEGPLayerSuite	AEGP Layer Suite	13	0	00007FFAABF12B10
46640	126	3	AEGPLayerSuite	AEGP Layer Suite	14	0	00007FFAABF12C90
46640	126	3	AEGPLayerSuite	AEGP Layer Suite	15	0	00007FFAABF12E20
46640	126	3	AEGPLayerSuite	AEGP Layer Suite	16	1394689636	0000000000000000
46640	126	3	AEGPLayerSuite	AEGP Layer Suite	17	1394689636	0000000000000000
46640	126	3	AEGPLayerSuite	AEGP Layer Suite	18	1394689636	0000000000000000
46640	126	3	AEGPLayerSuite	AEGP Layer Suite	19	1394689636	0000000000000000
46640	126	3	AEGPLayerSuite	AEGP Layer Suite	20	1394689636	0000000000000000
46640	126	3	AEGPLayerSuite	AEGP Layer Suite	21	1394689636	0000000000000000
46640	126	3	AEGPLayerSuite	AEGP Layer Suite	22	1394689636	0000000000000000
46640	126	3	AEGPLayerSuite	AEGP Layer Suite	23	1394689636	0000000000000000
46640	126	3	AEGPLayerSuite	AEGP Layer Suite	24	1394689636	0000000000000000
46640	126	3	AEGPLayerSuite	AEGP Layer Suite	25	1394689636	0000000000000000
46640	126	3	AEGPLayerSuite	AEGP Layer Suite	26	1394689636	0000000000000000
46640	126	3	AEGPLayerSuite	AEGP Layer Suite	27	1394689636	0000000000000000
46640	126	3	AEGPLayerSuite	AEGP Layer Suite	28	1394689636	0000000000000000
46640	126	3	AEGPLayerSuite	AEGP Layer Suite	29	1394689636	0000000000000000
46640	126	3	AEGPLayerSuite	AEGP Layer Suite	30	1394689636	0000000000000000
46640	126	3	AEGPLayerSuite	AEGP Layer Suite	31	1394689636	0000000000000000
46640	126	3	AEGPLayerSuite	AEGP Layer Suite	32	1394689636	0000000000000000
46640	126	3	AEGPLightSuite	AEGP Light Suite	1	0	00007FFAABF0C588
46640	126	3	AEGPLightSuite	AEGP Light Suite	2	0	00007FFAABF0C610
46640	126	3	AEGPLightSuite	AEGP Light Suite	3	0	00007FFAABF0C620
46640	126	3	AEGPLightSuite	AEGP Light Suite	4	1394689636	0000000000000000
46640	126	3	AEGPLightSuite	AEGP Light Suite	5	1394689636	0000000000000000
46640	126	3	AEGPLightSuite	AEGP Light Suite	6	1394689636	0000000000000000
46640	126	3	AEGPLightSuite	AEGP Light Suite	7	1394689636	0000000000000000
46640	126	3	AEGPLightSuite	AEGP Light Suite	8	1394689636	0000000000000000
46640	126	3	AEGPLightSuite	AEGP Light Suite	9	1394689636	0000000000000000
46640	126	3	AEGPLightSuite	AEGP Light Suite	10	1394689636	0000000000000000
46640	126	3	AEGPLightSuite	AEGP Light Suite	11	1394689636	0000000000000000
46640	126	3	AEGPLightSuite	AEGP Light Suite	12	1394689636	0000000000000000
46640	126	3	AEGPLightSuite	AEGP Light Suite	13	1394689636	0000000000000000
46640	126	3	AEGPLightSuite	AEGP Light Suite	14	1394689636	0000000000000000
46640	126	3	AEGPLightSuite	AEGP Light Suite	15	1394689636	0000000000000000
46640	126	3	AEGPLightSuite	AEGP Light Suite	16	1394689636	0000000000000000
46640	126	3	AEGPLightSuite	AEGP Light Suite	17	1394689636	0000000000000000
46640	126	3	AEGPLightSuite	AEGP Light Suite	18	1394689636	0000000000000000
46640	126	3	AEGPLightSuite	AEGP Light Suite	19	1394689636	0000000000000000
46640	126	3	AEGPLightSuite	AEGP Light Suite	20	1394689636	0000000000000000
46640	126	3	AEGPLightSuite	AEGP Light Suite	21	1394689636	0000000000000000
46640	126	3	AEGPLightSuite	AEGP Light Suite	22	1394689636	0000000000000000
46640	126	3	AEGPLightSuite	AEGP Light Suite	23	1394689636	0000000000000000
46640	126	3	AEGPLightSuite	AEGP Light Suite	24	1394689636	0000000000000000
46640	126	3	AEGPLightSuite	AEGP Light Suite	25	1394689636	0000000000000000
46640	126	3	AEGPLightSuite	AEGP Light Suite	26	1394689636	0000000000000000
46640	126	3	AEGPLightSuite	AEGP Light Suite	27	1394689636	0000000000000000
46640	126	3	AEGPLightSuite	AEGP Light Suite	28	1394689636	0000000000000000
46640	126	3	AEGPLightSuite	AEGP Light Suite	29	1394689636	0000000000000000
46640	126	3	AEGPLightSuite	AEGP Light Suite	30	1394689636	0000000000000000
46640	126	3	AEGPLightSuite	AEGP Light Suite	31	1394689636	0000000000000000
46640	126	3	AEGPLightSuite	AEGP Light Suite	32	1394689636	0000000000000000
46640	126	3	AEGPMarkerSuite	AEGP Marker Suite	1	0	00007FFAABF133B0
46640	126	3	AEGPMarkerSuite	AEGP Marker Suite	2	0	00007FFAABF13410
46640	126	3	AEGPMarkerSuite	AEGP Marker Suite	3	0	00007FFAABF13480
46640	126	3	AEGPMarkerSuite	AEGP Marker Suite	4	1394689636	0000000000000000
46640	126	3	AEGPMarkerSuite	AEGP Marker Suite	5	1394689636	0000000000000000
46640	126	3	AEGPMarkerSuite	AEGP Marker Suite	6	1394689636	0000000000000000
46640	126	3	AEGPMarkerSuite	AEGP Marker Suite	7	1394689636	0000000000000000
46640	126	3	AEGPMarkerSuite	AEGP Marker Suite	8	1394689636	0000000000000000
46640	126	3	AEGPMarkerSuite	AEGP Marker Suite	9	1394689636	0000000000000000
46640	126	3	AEGPMarkerSuite	AEGP Marker Suite	10	1394689636	0000000000000000
46640	126	3	AEGPMarkerSuite	AEGP Marker Suite	11	1394689636	0000000000000000
46640	126	3	AEGPMarkerSuite	AEGP Marker Suite	12	1394689636	0000000000000000
46640	126	3	AEGPMarkerSuite	AEGP Marker Suite	13	1394689636	0000000000000000
46640	126	3	AEGPMarkerSuite	AEGP Marker Suite	14	1394689636	0000000000000000
46640	126	3	AEGPMarkerSuite	AEGP Marker Suite	15	1394689636	0000000000000000
46640	126	3	AEGPMarkerSuite	AEGP Marker Suite	16	1394689636	0000000000000000
46640	126	3	AEGPMarkerSuite	AEGP Marker Suite	17	1394689636	0000000000000000
46640	126	3	AEGPMarkerSuite	AEGP Marker Suite	18	1394689636	0000000000000000
46640	126	3	AEGPMarkerSuite	AEGP Marker Suite	19	1394689636	0000000000000000
46640	126	3	AEGPMarkerSuite	AEGP Marker Suite	20	1394689636	0000000000000000
46640	126	3	AEGPMarkerSuite	AEGP Marker Suite	21	1394689636	0000000000000000
46640	126	3	AEGPMarkerSuite	AEGP Marker Suite	22	1394689636	0000000000000000
46640	126	3	AEGPMarkerSuite	AEGP Marker Suite	23	1394689636	0000000000000000
46640	126	3	AEGPMarkerSuite	AEGP Marker Suite	24	1394689636	0000000000000000
46640	126	3	AEGPMarkerSuite	AEGP Marker Suite	25	1394689636	0000000000000000
46640	126	3	AEGPMarkerSuite	AEGP Marker Suite	26	1394689636	0000000000000000
46640	126	3	AEGPMarkerSuite	AEGP Marker Suite	27	1394689636	0000000000000000
46640	126	3	AEGPMarkerSuite	AEGP Marker Suite	28	1394689636	0000000000000000
46640	126	3	AEGPMarkerSuite	AEGP Marker Suite	29	1394689636	0000000000000000
46640	126	3	AEGPMarkerSuite	AEGP Marker Suite	30	1394689636	0000000000000000
46640	126	3	AEGPMarkerSuite	AEGP Marker Suite	31	1394689636	0000000000000000
46640	126	3	AEGPMarkerSuite	AEGP Marker Suite	32	1394689636	0000000000000000
46640	126	3	AEGPMaskOutlineSuite	AEGP Mask Outline Suite	1	1394689636	0000000000000000
46640	126	3	AEGPMaskOutlineSuite	AEGP Mask Outline Suite	2	0	00007FFAABF138F8
46640	126	3	AEGPMaskOutlineSuite	AEGP Mask Outline Suite	3	0	00007FFAABF13928
46640	126	3	AEGPMaskOutlineSuite	AEGP Mask Outline Suite	4	1394689636	0000000000000000
46640	126	3	AEGPMaskOutlineSuite	AEGP Mask Outline Suite	5	0	00007FFAABF13960
46640	126	3	AEGPMaskOutlineSuite	AEGP Mask Outline Suite	6	1394689636	0000000000000000
46640	126	3	AEGPMaskOutlineSuite	AEGP Mask Outline Suite	7	1394689636	0000000000000000
46640	126	3	AEGPMaskOutlineSuite	AEGP Mask Outline Suite	8	1394689636	0000000000000000
46640	126	3	AEGPMaskOutlineSuite	AEGP Mask Outline Suite	9	1394689636	0000000000000000
46640	126	3	AEGPMaskOutlineSuite	AEGP Mask Outline Suite	10	1394689636	0000000000000000
46640	126	3	AEGPMaskOutlineSuite	AEGP Mask Outline Suite	11	1394689636	0000000000000000
46640	126	3	AEGPMaskOutlineSuite	AEGP Mask Outline Suite	12	1394689636	0000000000000000
46640	126	3	AEGPMaskOutlineSuite	AEGP Mask Outline Suite	13	1394689636	0000000000000000
46640	126	3	AEGPMaskOutlineSuite	AEGP Mask Outline Suite	14	1394689636	0000000000000000
46640	126	3	AEGPMaskOutlineSuite	AEGP Mask Outline Suite	15	1394689636	0000000000000000
46640	126	3	AEGPMaskOutlineSuite	AEGP Mask Outline Suite	16	1394689636	0000000000000000
46640	126	3	AEGPMaskOutlineSuite	AEGP Mask Outline Suite	17	1394689636	0000000000000000
46640	126	3	AEGPMaskOutlineSuite	AEGP Mask Outline Suite	18	1394689636	0000000000000000
46640	126	3	AEGPMaskOutlineSuite	AEGP Mask Outline Suite	19	1394689636	0000000000000000
46640	126	3	AEGPMaskOutlineSuite	AEGP Mask Outline Suite	20	1394689636	0000000000000000
46640	126	3	AEGPMaskOutlineSuite	AEGP Mask Outline Suite	21	1394689636	0000000000000000
46640	126	3	AEGPMaskOutlineSuite	AEGP Mask Outline Suite	22	1394689636	0000000000000000
46640	126	3	AEGPMaskOutlineSuite	AEGP Mask Outline Suite	23	1394689636	0000000000000000
46640	126	3	AEGPMaskOutlineSuite	AEGP Mask Outline Suite	24	1394689636	0000000000000000
46640	126	3	AEGPMaskOutlineSuite	AEGP Mask Outline Suite	25	1394689636	0000000000000000
46640	126	3	AEGPMaskOutlineSuite	AEGP Mask Outline Suite	26	1394689636	0000000000000000
46640	126	3	AEGPMaskOutlineSuite	AEGP Mask Outline Suite	27	1394689636	0000000000000000
46640	126	3	AEGPMaskOutlineSuite	AEGP Mask Outline Suite	28	1394689636	0000000000000000
46640	126	3	AEGPMaskOutlineSuite	AEGP Mask Outline Suite	29	1394689636	0000000000000000
46640	126	3	AEGPMaskOutlineSuite	AEGP Mask Outline Suite	30	1394689636	0000000000000000
46640	126	3	AEGPMaskOutlineSuite	AEGP Mask Outline Suite	31	1394689636	0000000000000000
46640	126	3	AEGPMaskOutlineSuite	AEGP Mask Outline Suite	32	1394689636	0000000000000000
46640	126	3	AEGPMathSuite	AEGP Math Suite	1	0	00007FFAABF0CC40
46640	126	3	AEGPMathSuite	AEGP Math Suite	2	1394689636	0000000000000000
46640	126	3	AEGPMathSuite	AEGP Math Suite	3	1394689636	0000000000000000
46640	126	3	AEGPMathSuite	AEGP Math Suite	4	1394689636	0000000000000000
46640	126	3	AEGPMathSuite	AEGP Math Suite	5	1394689636	0000000000000000
46640	126	3	AEGPMathSuite	AEGP Math Suite	6	1394689636	0000000000000000
46640	126	3	AEGPMathSuite	AEGP Math Suite	7	1394689636	0000000000000000
46640	126	3	AEGPMathSuite	AEGP Math Suite	8	1394689636	0000000000000000
46640	126	3	AEGPMathSuite	AEGP Math Suite	9	1394689636	0000000000000000
46640	126	3	AEGPMathSuite	AEGP Math Suite	10	1394689636	0000000000000000
46640	126	3	AEGPMathSuite	AEGP Math Suite	11	1394689636	0000000000000000
46640	126	3	AEGPMathSuite	AEGP Math Suite	12	1394689636	0000000000000000
46640	126	3	AEGPMathSuite	AEGP Math Suite	13	1394689636	0000000000000000
46640	126	3	AEGPMathSuite	AEGP Math Suite	14	1394689636	0000000000000000
46640	126	3	AEGPMathSuite	AEGP Math Suite	15	1394689636	0000000000000000
46640	126	3	AEGPMathSuite	AEGP Math Suite	16	1394689636	0000000000000000
46640	126	3	AEGPMathSuite	AEGP Math Suite	17	1394689636	0000000000000000
46640	126	3	AEGPMathSuite	AEGP Math Suite	18	1394689636	0000000000000000
46640	126	3	AEGPMathSuite	AEGP Math Suite	19	1394689636	0000000000000000
46640	126	3	AEGPMathSuite	AEGP Math Suite	20	1394689636	0000000000000000
46640	126	3	AEGPMathSuite	AEGP Math Suite	21	1394689636	0000000000000000
46640	126	3	AEGPMathSuite	AEGP Math Suite	22	1394689636	0000000000000000
46640	126	3	AEGPMathSuite	AEGP Math Suite	23	1394689636	0000000000000000
46640	126	3	AEGPMathSuite	AEGP Math Suite	24	1394689636	0000000000000000
46640	126	3	AEGPMathSuite	AEGP Math Suite	25	1394689636	0000000000000000
46640	126	3	AEGPMathSuite	AEGP Math Suite	26	1394689636	0000000000000000
46640	126	3	AEGPMathSuite	AEGP Math Suite	27	1394689636	0000000000000000
46640	126	3	AEGPMathSuite	AEGP Math Suite	28	1394689636	0000000000000000
46640	126	3	AEGPMathSuite	AEGP Math Suite	29	1394689636	0000000000000000
46640	126	3	AEGPMathSuite	AEGP Math Suite	30	1394689636	0000000000000000
46640	126	3	AEGPMathSuite	AEGP Math Suite	31	1394689636	0000000000000000
46640	126	3	AEGPMathSuite	AEGP Math Suite	32	1394689636	0000000000000000
46640	126	3	AEGPMemorySuite	AEGP Memory Suite	1	0	00007FFAABF0A640
46640	126	3	AEGPMemorySuite	AEGP Memory Suite	2	1394689636	0000000000000000
46640	126	3	AEGPMemorySuite	AEGP Memory Suite	3	1394689636	0000000000000000
46640	126	3	AEGPMemorySuite	AEGP Memory Suite	4	1394689636	0000000000000000
46640	126	3	AEGPMemorySuite	AEGP Memory Suite	5	1394689636	0000000000000000
46640	126	3	AEGPMemorySuite	AEGP Memory Suite	6	1394689636	0000000000000000
46640	126	3	AEGPMemorySuite	AEGP Memory Suite	7	1394689636	0000000000000000
46640	126	3	AEGPMemorySuite	AEGP Memory Suite	8	1394689636	0000000000000000
46640	126	3	AEGPMemorySuite	AEGP Memory Suite	9	1394689636	0000000000000000
46640	126	3	AEGPMemorySuite	AEGP Memory Suite	10	1394689636	0000000000000000
46640	126	3	AEGPMemorySuite	AEGP Memory Suite	11	1394689636	0000000000000000
46640	126	3	AEGPMemorySuite	AEGP Memory Suite	12	1394689636	0000000000000000
46640	126	3	AEGPMemorySuite	AEGP Memory Suite	13	1394689636	0000000000000000
46640	126	3	AEGPMemorySuite	AEGP Memory Suite	14	1394689636	0000000000000000
46640	126	3	AEGPMemorySuite	AEGP Memory Suite	15	1394689636	0000000000000000
46640	126	3	AEGPMemorySuite	AEGP Memory Suite	16	1394689636	0000000000000000
46640	126	3	AEGPMemorySuite	AEGP Memory Suite	17	1394689636	0000000000000000
46640	126	3	AEGPMemorySuite	AEGP Memory Suite	18	1394689636	0000000000000000
46640	126	3	AEGPMemorySuite	AEGP Memory Suite	19	1394689636	0000000000000000
46640	126	3	AEGPMemorySuite	AEGP Memory Suite	20	1394689636	0000000000000000
46640	126	3	AEGPMemorySuite	AEGP Memory Suite	21	1394689636	0000000000000000
46640	126	3	AEGPMemorySuite	AEGP Memory Suite	22	1394689636	0000000000000000
46640	126	3	AEGPMemorySuite	AEGP Memory Suite	23	1394689636	0000000000000000
46640	126	3	AEGPMemorySuite	AEGP Memory Suite	24	1394689636	0000000000000000
46640	126	3	AEGPMemorySuite	AEGP Memory Suite	25	1394689636	0000000000000000
46640	126	3	AEGPMemorySuite	AEGP Memory Suite	26	1394689636	0000000000000000
46640	126	3	AEGPMemorySuite	AEGP Memory Suite	27	1394689636	0000000000000000
46640	126	3	AEGPMemorySuite	AEGP Memory Suite	28	1394689636	0000000000000000
46640	126	3	AEGPMemorySuite	AEGP Memory Suite	29	1394689636	0000000000000000
46640	126	3	AEGPMemorySuite	AEGP Memory Suite	30	1394689636	0000000000000000
46640	126	3	AEGPMemorySuite	AEGP Memory Suite	31	1394689636	0000000000000000
46640	126	3	AEGPMemorySuite	AEGP Memory Suite	32	1394689636	0000000000000000
46640	126	3	AEGPOutputModuleSuite	AEGP Output Module Suite	1	1394689636	0000000000000000
46640	126	3	AEGPOutputModuleSuite	AEGP Output Module Suite	2	1394689636	0000000000000000
46640	126	3	AEGPOutputModuleSuite	AEGP Output Module Suite	3	1394689636	0000000000000000
46640	126	3	AEGPOutputModuleSuite	AEGP Output Module Suite	4	0	00007FFAABF0A6C0
46640	126	3	AEGPOutputModuleSuite	AEGP Output Module Suite	5	1394689636	0000000000000000
46640	126	3	AEGPOutputModuleSuite	AEGP Output Module Suite	6	1394689636	0000000000000000
46640	126	3	AEGPOutputModuleSuite	AEGP Output Module Suite	7	1394689636	0000000000000000
46640	126	3	AEGPOutputModuleSuite	AEGP Output Module Suite	8	1394689636	0000000000000000
46640	126	3	AEGPOutputModuleSuite	AEGP Output Module Suite	9	1394689636	0000000000000000
46640	126	3	AEGPOutputModuleSuite	AEGP Output Module Suite	10	1394689636	0000000000000000
46640	126	3	AEGPOutputModuleSuite	AEGP Output Module Suite	11	1394689636	0000000000000000
46640	126	3	AEGPOutputModuleSuite	AEGP Output Module Suite	12	1394689636	0000000000000000
46640	126	3	AEGPOutputModuleSuite	AEGP Output Module Suite	13	1394689636	0000000000000000
46640	126	3	AEGPOutputModuleSuite	AEGP Output Module Suite	14	1394689636	0000000000000000
46640	126	3	AEGPOutputModuleSuite	AEGP Output Module Suite	15	1394689636	0000000000000000
46640	126	3	AEGPOutputModuleSuite	AEGP Output Module Suite	16	1394689636	0000000000000000
46640	126	3	AEGPOutputModuleSuite	AEGP Output Module Suite	17	1394689636	0000000000000000
46640	126	3	AEGPOutputModuleSuite	AEGP Output Module Suite	18	1394689636	0000000000000000
46640	126	3	AEGPOutputModuleSuite	AEGP Output Module Suite	19	1394689636	0000000000000000
46640	126	3	AEGPOutputModuleSuite	AEGP Output Module Suite	20	1394689636	0000000000000000
46640	126	3	AEGPOutputModuleSuite	AEGP Output Module Suite	21	1394689636	0000000000000000
46640	126	3	AEGPOutputModuleSuite	AEGP Output Module Suite	22	1394689636	0000000000000000
46640	126	3	AEGPOutputModuleSuite	AEGP Output Module Suite	23	1394689636	0000000000000000
46640	126	3	AEGPOutputModuleSuite	AEGP Output Module Suite	24	1394689636	0000000000000000
46640	126	3	AEGPOutputModuleSuite	AEGP Output Module Suite	25	1394689636	0000000000000000
46640	126	3	AEGPOutputModuleSuite	AEGP Output Module Suite	26	1394689636	0000000000000000
46640	126	3	AEGPOutputModuleSuite	AEGP Output Module Suite	27	1394689636	0000000000000000
46640	126	3	AEGPOutputModuleSuite	AEGP Output Module Suite	28	1394689636	0000000000000000
46640	126	3	AEGPOutputModuleSuite	AEGP Output Module Suite	29	1394689636	0000000000000000
46640	126	3	AEGPOutputModuleSuite	AEGP Output Module Suite	30	1394689636	0000000000000000
46640	126	3	AEGPOutputModuleSuite	AEGP Output Module Suite	31	1394689636	0000000000000000
46640	126	3	AEGPOutputModuleSuite	AEGP Output Module Suite	32	1394689636	0000000000000000
46640	126	3	AEGPPFInterfaceSuite	AEGP PF Interface Suite	1	0	00007FFAABF13F40
46640	126	3	AEGPPFInterfaceSuite	AEGP PF Interface Suite	2	1394689636	0000000000000000
46640	126	3	AEGPPFInterfaceSuite	AEGP PF Interface Suite	3	1394689636	0000000000000000
46640	126	3	AEGPPFInterfaceSuite	AEGP PF Interface Suite	4	1394689636	0000000000000000
46640	126	3	AEGPPFInterfaceSuite	AEGP PF Interface Suite	5	1394689636	0000000000000000
46640	126	3	AEGPPFInterfaceSuite	AEGP PF Interface Suite	6	1394689636	0000000000000000
46640	126	3	AEGPPFInterfaceSuite	AEGP PF Interface Suite	7	1394689636	0000000000000000
46640	126	3	AEGPPFInterfaceSuite	AEGP PF Interface Suite	8	1394689636	0000000000000000
46640	126	3	AEGPPFInterfaceSuite	AEGP PF Interface Suite	9	1394689636	0000000000000000
46640	126	3	AEGPPFInterfaceSuite	AEGP PF Interface Suite	10	1394689636	0000000000000000
46640	126	3	AEGPPFInterfaceSuite	AEGP PF Interface Suite	11	1394689636	0000000000000000
46640	126	3	AEGPPFInterfaceSuite	AEGP PF Interface Suite	12	1394689636	0000000000000000
46640	126	3	AEGPPFInterfaceSuite	AEGP PF Interface Suite	13	1394689636	0000000000000000
46640	126	3	AEGPPFInterfaceSuite	AEGP PF Interface Suite	14	1394689636	0000000000000000
46640	126	3	AEGPPFInterfaceSuite	AEGP PF Interface Suite	15	1394689636	0000000000000000
46640	126	3	AEGPPFInterfaceSuite	AEGP PF Interface Suite	16	1394689636	0000000000000000
46640	126	3	AEGPPFInterfaceSuite	AEGP PF Interface Suite	17	1394689636	0000000000000000
46640	126	3	AEGPPFInterfaceSuite	AEGP PF Interface Suite	18	1394689636	0000000000000000
46640	126	3	AEGPPFInterfaceSuite	AEGP PF Interface Suite	19	1394689636	0000000000000000
46640	126	3	AEGPPFInterfaceSuite	AEGP PF Interface Suite	20	1394689636	0000000000000000
46640	126	3	AEGPPFInterfaceSuite	AEGP PF Interface Suite	21	1394689636	0000000000000000
46640	126	3	AEGPPFInterfaceSuite	AEGP PF Interface Suite	22	1394689636	0000000000000000
46640	126	3	AEGPPFInterfaceSuite	AEGP PF Interface Suite	23	1394689636	0000000000000000
46640	126	3	AEGPPFInterfaceSuite	AEGP PF Interface Suite	24	1394689636	0000000000000000
46640	126	3	AEGPPFInterfaceSuite	AEGP PF Interface Suite	25	1394689636	0000000000000000
46640	126	3	AEGPPFInterfaceSuite	AEGP PF Interface Suite	26	1394689636	0000000000000000
46640	126	3	AEGPPFInterfaceSuite	AEGP PF Interface Suite	27	1394689636	0000000000000000
46640	126	3	AEGPPFInterfaceSuite	AEGP PF Interface Suite	28	1394689636	0000000000000000
46640	126	3	AEGPPFInterfaceSuite	AEGP PF Interface Suite	29	1394689636	0000000000000000
46640	126	3	AEGPPFInterfaceSuite	AEGP PF Interface Suite	30	1394689636	0000000000000000
46640	126	3	AEGPPFInterfaceSuite	AEGP PF Interface Suite	31	1394689636	0000000000000000
46640	126	3	AEGPPFInterfaceSuite	AEGP PF Interface Suite	32	1394689636	0000000000000000
46640	126	3	AEGPPersistentDataSuite	AEGP Persistent Data Suite	1	1394689636	0000000000000000
46640	126	3	AEGPPersistentDataSuite	AEGP Persistent Data Suite	2	1394689636	0000000000000000
46640	126	3	AEGPPersistentDataSuite	AEGP Persistent Data Suite	3	0	00007FFAABF14A80
46640	126	3	AEGPPersistentDataSuite	AEGP Persistent Data Suite	4	0	00007FFAABF14B10
46640	126	3	AEGPPersistentDataSuite	AEGP Persistent Data Suite	5	1394689636	0000000000000000
46640	126	3	AEGPPersistentDataSuite	AEGP Persistent Data Suite	6	1394689636	0000000000000000
46640	126	3	AEGPPersistentDataSuite	AEGP Persistent Data Suite	7	1394689636	0000000000000000
46640	126	3	AEGPPersistentDataSuite	AEGP Persistent Data Suite	8	1394689636	0000000000000000
46640	126	3	AEGPPersistentDataSuite	AEGP Persistent Data Suite	9	1394689636	0000000000000000
46640	126	3	AEGPPersistentDataSuite	AEGP Persistent Data Suite	10	1394689636	0000000000000000
46640	126	3	AEGPPersistentDataSuite	AEGP Persistent Data Suite	11	1394689636	0000000000000000
46640	126	3	AEGPPersistentDataSuite	AEGP Persistent Data Suite	12	1394689636	0000000000000000
46640	126	3	AEGPPersistentDataSuite	AEGP Persistent Data Suite	13	1394689636	0000000000000000
46640	126	3	AEGPPersistentDataSuite	AEGP Persistent Data Suite	14	1394689636	0000000000000000
46640	126	3	AEGPPersistentDataSuite	AEGP Persistent Data Suite	15	1394689636	0000000000000000
46640	126	3	AEGPPersistentDataSuite	AEGP Persistent Data Suite	16	1394689636	0000000000000000
46640	126	3	AEGPPersistentDataSuite	AEGP Persistent Data Suite	17	1394689636	0000000000000000
46640	126	3	AEGPPersistentDataSuite	AEGP Persistent Data Suite	18	1394689636	0000000000000000
46640	126	3	AEGPPersistentDataSuite	AEGP Persistent Data Suite	19	1394689636	0000000000000000
46640	126	3	AEGPPersistentDataSuite	AEGP Persistent Data Suite	20	1394689636	0000000000000000
46640	126	3	AEGPPersistentDataSuite	AEGP Persistent Data Suite	21	1394689636	0000000000000000
46640	126	3	AEGPPersistentDataSuite	AEGP Persistent Data Suite	22	1394689636	0000000000000000
46640	126	3	AEGPPersistentDataSuite	AEGP Persistent Data Suite	23	1394689636	0000000000000000
46640	126	3	AEGPPersistentDataSuite	AEGP Persistent Data Suite	24	1394689636	0000000000000000
46640	126	3	AEGPPersistentDataSuite	AEGP Persistent Data Suite	25	1394689636	0000000000000000
46640	126	3	AEGPPersistentDataSuite	AEGP Persistent Data Suite	26	1394689636	0000000000000000
46640	126	3	AEGPPersistentDataSuite	AEGP Persistent Data Suite	27	1394689636	0000000000000000
46640	126	3	AEGPPersistentDataSuite	AEGP Persistent Data Suite	28	1394689636	0000000000000000
46640	126	3	AEGPPersistentDataSuite	AEGP Persistent Data Suite	29	1394689636	0000000000000000
46640	126	3	AEGPPersistentDataSuite	AEGP Persistent Data Suite	30	1394689636	0000000000000000
46640	126	3	AEGPPersistentDataSuite	AEGP Persistent Data Suite	31	1394689636	0000000000000000
46640	126	3	AEGPPersistentDataSuite	AEGP Persistent Data Suite	32	1394689636	0000000000000000
46640	126	3	AEGPProjSuite	AEGP Proj Suite	1	1394689636	0000000000000000
46640	126	3	AEGPProjSuite	AEGP Proj Suite	2	1394689636	0000000000000000
46640	126	3	AEGPProjSuite	AEGP Proj Suite	3	1394689636	0000000000000000
46640	126	3	AEGPProjSuite	AEGP Proj Suite	4	1394689636	0000000000000000
46640	126	3	AEGPProjSuite	AEGP Proj Suite	5	1394689636	0000000000000000
46640	126	3	AEGPProjSuite	AEGP Proj Suite	6	1394689636	0000000000000000
46640	126	3	AEGPProjSuite	AEGP Proj Suite	7	1394689636	0000000000000000
46640	126	3	AEGPProjSuite	AEGP Proj Suite	8	0	00007FFAABF14C60
46640	126	3	AEGPProjSuite	AEGP Proj Suite	9	0	00007FFAABF14CD0
46640	126	3	AEGPProjSuite	AEGP Proj Suite	10	1394689636	0000000000000000
46640	126	3	AEGPProjSuite	AEGP Proj Suite	11	1394689636	0000000000000000
46640	126	3	AEGPProjSuite	AEGP Proj Suite	12	1394689636	0000000000000000
46640	126	3	AEGPProjSuite	AEGP Proj Suite	13	1394689636	0000000000000000
46640	126	3	AEGPProjSuite	AEGP Proj Suite	14	1394689636	0000000000000000
46640	126	3	AEGPProjSuite	AEGP Proj Suite	15	1394689636	0000000000000000
46640	126	3	AEGPProjSuite	AEGP Proj Suite	16	1394689636	0000000000000000
46640	126	3	AEGPProjSuite	AEGP Proj Suite	17	1394689636	0000000000000000
46640	126	3	AEGPProjSuite	AEGP Proj Suite	18	1394689636	0000000000000000
46640	126	3	AEGPProjSuite	AEGP Proj Suite	19	1394689636	0000000000000000
46640	126	3	AEGPProjSuite	AEGP Proj Suite	20	1394689636	0000000000000000
46640	126	3	AEGPProjSuite	AEGP Proj Suite	21	1394689636	0000000000000000
46640	126	3	AEGPProjSuite	AEGP Proj Suite	22	1394689636	0000000000000000
46640	126	3	AEGPProjSuite	AEGP Proj Suite	23	1394689636	0000000000000000
46640	126	3	AEGPProjSuite	AEGP Proj Suite	24	1394689636	0000000000000000
46640	126	3	AEGPProjSuite	AEGP Proj Suite	25	1394689636	0000000000000000
46640	126	3	AEGPProjSuite	AEGP Proj Suite	26	1394689636	0000000000000000
46640	126	3	AEGPProjSuite	AEGP Proj Suite	27	1394689636	0000000000000000
46640	126	3	AEGPProjSuite	AEGP Proj Suite	28	1394689636	0000000000000000
46640	126	3	AEGPProjSuite	AEGP Proj Suite	29	1394689636	0000000000000000
46640	126	3	AEGPProjSuite	AEGP Proj Suite	30	1394689636	0000000000000000
46640	126	3	AEGPProjSuite	AEGP Proj Suite	31	1394689636	0000000000000000
46640	126	3	AEGPProjSuite	AEGP Proj Suite	32	1394689636	0000000000000000
46640	126	3	AEGPQueryXformSuite	AEGP QueryXform Suite	1	0	00007FFAABF0C660
46640	126	3	AEGPQueryXformSuite	AEGP QueryXform Suite	2	1394689636	0000000000000000
46640	126	3	AEGPQueryXformSuite	AEGP QueryXform Suite	3	1394689636	0000000000000000
46640	126	3	AEGPQueryXformSuite	AEGP QueryXform Suite	4	0	00007FFAABF0C6B0
46640	126	3	AEGPQueryXformSuite	AEGP QueryXform Suite	5	1394689636	0000000000000000
46640	126	3	AEGPQueryXformSuite	AEGP QueryXform Suite	6	1394689636	0000000000000000
46640	126	3	AEGPQueryXformSuite	AEGP QueryXform Suite	7	1394689636	0000000000000000
46640	126	3	AEGPQueryXformSuite	AEGP QueryXform Suite	8	1394689636	0000000000000000
46640	126	3	AEGPQueryXformSuite	AEGP QueryXform Suite	9	1394689636	0000000000000000
46640	126	3	AEGPQueryXformSuite	AEGP QueryXform Suite	10	1394689636	0000000000000000
46640	126	3	AEGPQueryXformSuite	AEGP QueryXform Suite	11	1394689636	0000000000000000
46640	126	3	AEGPQueryXformSuite	AEGP QueryXform Suite	12	1394689636	0000000000000000
46640	126	3	AEGPQueryXformSuite	AEGP QueryXform Suite	13	1394689636	0000000000000000
46640	126	3	AEGPQueryXformSuite	AEGP QueryXform Suite	14	1394689636	0000000000000000
46640	126	3	AEGPQueryXformSuite	AEGP QueryXform Suite	15	1394689636	0000000000000000
46640	126	3	AEGPQueryXformSuite	AEGP QueryXform Suite	16	1394689636	0000000000000000
46640	126	3	AEGPQueryXformSuite	AEGP QueryXform Suite	17	1394689636	0000000000000000
46640	126	3	AEGPQueryXformSuite	AEGP QueryXform Suite	18	1394689636	0000000000000000
46640	126	3	AEGPQueryXformSuite	AEGP QueryXform Suite	19	1394689636	0000000000000000
46640	126	3	AEGPQueryXformSuite	AEGP QueryXform Suite	20	1394689636	0000000000000000
46640	126	3	AEGPQueryXformSuite	AEGP QueryXform Suite	21	1394689636	0000000000000000
46640	126	3	AEGPQueryXformSuite	AEGP QueryXform Suite	22	1394689636	0000000000000000
46640	126	3	AEGPQueryXformSuite	AEGP QueryXform Suite	23	1394689636	0000000000000000
46640	126	3	AEGPQueryXformSuite	AEGP QueryXform Suite	24	1394689636	0000000000000000
46640	126	3	AEGPQueryXformSuite	AEGP QueryXform Suite	25	1394689636	0000000000000000
46640	126	3	AEGPQueryXformSuite	AEGP QueryXform Suite	26	1394689636	0000000000000000
46640	126	3	AEGPQueryXformSuite	AEGP QueryXform Suite	27	1394689636	0000000000000000
46640	126	3	AEGPQueryXformSuite	AEGP QueryXform Suite	28	1394689636	0000000000000000
46640	126	3	AEGPQueryXformSuite	AEGP QueryXform Suite	29	1394689636	0000000000000000
46640	126	3	AEGPQueryXformSuite	AEGP QueryXform Suite	30	1394689636	0000000000000000
46640	126	3	AEGPQueryXformSuite	AEGP QueryXform Suite	31	1394689636	0000000000000000
46640	126	3	AEGPQueryXformSuite	AEGP QueryXform Suite	32	1394689636	0000000000000000
46640	126	3	AEGPRegisterSuite	AEGP Register Suite	1	1394689636	0000000000000000
46640	126	3	AEGPRegisterSuite	AEGP Register Suite	2	1394689636	0000000000000000
46640	126	3	AEGPRegisterSuite	AEGP Register Suite	3	1394689636	0000000000000000
46640	126	3	AEGPRegisterSuite	AEGP Register Suite	4	1394689636	0000000000000000
46640	126	3	AEGPRegisterSuite	AEGP Register Suite	5	1394689636	0000000000000000
46640	126	3	AEGPRegisterSuite	AEGP Register Suite	6	0	00007FFAABF15470
46640	126	3	AEGPRegisterSuite	AEGP Register Suite	7	0	00007FFAABF154D0
46640	126	3	AEGPRegisterSuite	AEGP Register Suite	8	0	00007FFAABF15530
46640	126	3	AEGPRegisterSuite	AEGP Register Suite	9	1394689636	0000000000000000
46640	126	3	AEGPRegisterSuite	AEGP Register Suite	10	1394689636	0000000000000000
46640	126	3	AEGPRegisterSuite	AEGP Register Suite	11	1394689636	0000000000000000
46640	126	3	AEGPRegisterSuite	AEGP Register Suite	12	1394689636	0000000000000000
46640	126	3	AEGPRegisterSuite	AEGP Register Suite	13	1394689636	0000000000000000
46640	126	3	AEGPRegisterSuite	AEGP Register Suite	14	1394689636	0000000000000000
46640	126	3	AEGPRegisterSuite	AEGP Register Suite	15	1394689636	0000000000000000
46640	126	3	AEGPRegisterSuite	AEGP Register Suite	16	1394689636	0000000000000000
46640	126	3	AEGPRegisterSuite	AEGP Register Suite	17	1394689636	0000000000000000
46640	126	3	AEGPRegisterSuite	AEGP Register Suite	18	1394689636	0000000000000000
46640	126	3	AEGPRegisterSuite	AEGP Register Suite	19	1394689636	0000000000000000
46640	126	3	AEGPRegisterSuite	AEGP Register Suite	20	1394689636	0000000000000000
46640	126	3	AEGPRegisterSuite	AEGP Register Suite	21	1394689636	0000000000000000
46640	126	3	AEGPRegisterSuite	AEGP Register Suite	22	1394689636	0000000000000000
46640	126	3	AEGPRegisterSuite	AEGP Register Suite	23	1394689636	0000000000000000
46640	126	3	AEGPRegisterSuite	AEGP Register Suite	24	1394689636	0000000000000000
46640	126	3	AEGPRegisterSuite	AEGP Register Suite	25	1394689636	0000000000000000
46640	126	3	AEGPRegisterSuite	AEGP Register Suite	26	1394689636	0000000000000000
46640	126	3	AEGPRegisterSuite	AEGP Register Suite	27	1394689636	0000000000000000
46640	126	3	AEGPRegisterSuite	AEGP Register Suite	28	1394689636	0000000000000000
46640	126	3	AEGPRegisterSuite	AEGP Register Suite	29	1394689636	0000000000000000
46640	126	3	AEGPRegisterSuite	AEGP Register Suite	30	1394689636	0000000000000000
46640	126	3	AEGPRegisterSuite	AEGP Register Suite	31	1394689636	0000000000000000
46640	126	3	AEGPRegisterSuite	AEGP Register Suite	32	1394689636	0000000000000000
46640	126	3	AEGPRenderAsyncManagerSuite	AEGP Render Asyc Manager Suite	1	0	00007FFAABF15A40
46640	126	3	AEGPRenderAsyncManagerSuite	AEGP Render Asyc Manager Suite	2	1394689636	0000000000000000
46640	126	3	AEGPRenderAsyncManagerSuite	AEGP Render Asyc Manager Suite	3	1394689636	0000000000000000
46640	126	3	AEGPRenderAsyncManagerSuite	AEGP Render Asyc Manager Suite	4	1394689636	0000000000000000
46640	126	3	AEGPRenderAsyncManagerSuite	AEGP Render Asyc Manager Suite	5	1394689636	0000000000000000
46640	126	3	AEGPRenderAsyncManagerSuite	AEGP Render Asyc Manager Suite	6	1394689636	0000000000000000
46640	126	3	AEGPRenderAsyncManagerSuite	AEGP Render Asyc Manager Suite	7	1394689636	0000000000000000
46640	126	3	AEGPRenderAsyncManagerSuite	AEGP Render Asyc Manager Suite	8	1394689636	0000000000000000
46640	126	3	AEGPRenderAsyncManagerSuite	AEGP Render Asyc Manager Suite	9	1394689636	0000000000000000
46640	126	3	AEGPRenderAsyncManagerSuite	AEGP Render Asyc Manager Suite	10	1394689636	0000000000000000
46640	126	3	AEGPRenderAsyncManagerSuite	AEGP Render Asyc Manager Suite	11	1394689636	0000000000000000
46640	126	3	AEGPRenderAsyncManagerSuite	AEGP Render Asyc Manager Suite	12	1394689636	0000000000000000
46640	126	3	AEGPRenderAsyncManagerSuite	AEGP Render Asyc Manager Suite	13	1394689636	0000000000000000
46640	126	3	AEGPRenderAsyncManagerSuite	AEGP Render Asyc Manager Suite	14	1394689636	0000000000000000
46640	126	3	AEGPRenderAsyncManagerSuite	AEGP Render Asyc Manager Suite	15	1394689636	0000000000000000
46640	126	3	AEGPRenderAsyncManagerSuite	AEGP Render Asyc Manager Suite	16	1394689636	0000000000000000
46640	126	3	AEGPRenderAsyncManagerSuite	AEGP Render Asyc Manager Suite	17	1394689636	0000000000000000
46640	126	3	AEGPRenderAsyncManagerSuite	AEGP Render Asyc Manager Suite	18	1394689636	0000000000000000
46640	126	3	AEGPRenderAsyncManagerSuite	AEGP Render Asyc Manager Suite	19	1394689636	0000000000000000
46640	126	3	AEGPRenderAsyncManagerSuite	AEGP Render Asyc Manager Suite	20	1394689636	0000000000000000
46640	126	3	AEGPRenderAsyncManagerSuite	AEGP Render Asyc Manager Suite	21	1394689636	0000000000000000
46640	126	3	AEGPRenderAsyncManagerSuite	AEGP Render Asyc Manager Suite	22	1394689636	0000000000000000
46640	126	3	AEGPRenderAsyncManagerSuite	AEGP Render Asyc Manager Suite	23	1394689636	0000000000000000
46640	126	3	AEGPRenderAsyncManagerSuite	AEGP Render Asyc Manager Suite	24	1394689636	0000000000000000
46640	126	3	AEGPRenderAsyncManagerSuite	AEGP Render Asyc Manager Suite	25	1394689636	0000000000000000
46640	126	3	AEGPRenderAsyncManagerSuite	AEGP Render Asyc Manager Suite	26	1394689636	0000000000000000
46640	126	3	AEGPRenderAsyncManagerSuite	AEGP Render Asyc Manager Suite	27	1394689636	0000000000000000
46640	126	3	AEGPRenderAsyncManagerSuite	AEGP Render Asyc Manager Suite	28	1394689636	0000000000000000
46640	126	3	AEGPRenderAsyncManagerSuite	AEGP Render Asyc Manager Suite	29	1394689636	0000000000000000
46640	126	3	AEGPRenderAsyncManagerSuite	AEGP Render Asyc Manager Suite	30	1394689636	0000000000000000
46640	126	3	AEGPRenderAsyncManagerSuite	AEGP Render Asyc Manager Suite	31	1394689636	0000000000000000
46640	126	3	AEGPRenderAsyncManagerSuite	AEGP Render Asyc Manager Suite	32	1394689636	0000000000000000
46640	126	3	AEGPRenderOptionsSuite	AEGP Render Options Suite	1	0	00007FFAABF16280
46640	126	3	AEGPRenderOptionsSuite	AEGP Render Options Suite	2	0	00007FFAABF16310
46640	126	3	AEGPRenderOptionsSuite	AEGP Render Options Suite	3	0	00007FFAABF163B0
46640	126	3	AEGPRenderOptionsSuite	AEGP Render Options Suite	4	0	00007FFAABF16460
46640	126	3	AEGPRenderOptionsSuite	AEGP Render Options Suite	5	1394689636	0000000000000000
46640	126	3	AEGPRenderOptionsSuite	AEGP Render Options Suite	6	1394689636	0000000000000000
46640	126	3	AEGPRenderOptionsSuite	AEGP Render Options Suite	7	1394689636	0000000000000000
46640	126	3	AEGPRenderOptionsSuite	AEGP Render Options Suite	8	1394689636	0000000000000000
46640	126	3	AEGPRenderOptionsSuite	AEGP Render Options Suite	9	1394689636	0000000000000000
46640	126	3	AEGPRenderOptionsSuite	AEGP Render Options Suite	10	1394689636	0000000000000000
46640	126	3	AEGPRenderOptionsSuite	AEGP Render Options Suite	11	1394689636	0000000000000000
46640	126	3	AEGPRenderOptionsSuite	AEGP Render Options Suite	12	1394689636	0000000000000000
46640	126	3	AEGPRenderOptionsSuite	AEGP Render Options Suite	13	1394689636	0000000000000000
46640	126	3	AEGPRenderOptionsSuite	AEGP Render Options Suite	14	1394689636	0000000000000000
46640	126	3	AEGPRenderOptionsSuite	AEGP Render Options Suite	15	1394689636	0000000000000000
46640	126	3	AEGPRenderOptionsSuite	AEGP Render Options Suite	16	1394689636	0000000000000000
46640	126	3	AEGPRenderOptionsSuite	AEGP Render Options Suite	17	1394689636	0000000000000000
46640	126	3	AEGPRenderOptionsSuite	AEGP Render Options Suite	18	1394689636	0000000000000000
46640	126	3	AEGPRenderOptionsSuite	AEGP Render Options Suite	19	1394689636	0000000000000000
46640	126	3	AEGPRenderOptionsSuite	AEGP Render Options Suite	20	1394689636	0000000000000000
46640	126	3	AEGPRenderOptionsSuite	AEGP Render Options Suite	21	1394689636	0000000000000000
46640	126	3	AEGPRenderOptionsSuite	AEGP Render Options Suite	22	1394689636	0000000000000000
46640	126	3	AEGPRenderOptionsSuite	AEGP Render Options Suite	23	1394689636	0000000000000000
46640	126	3	AEGPRenderOptionsSuite	AEGP Render Options Suite	24	1394689636	0000000000000000
46640	126	3	AEGPRenderOptionsSuite	AEGP Render Options Suite	25	1394689636	0000000000000000
46640	126	3	AEGPRenderOptionsSuite	AEGP Render Options Suite	26	1394689636	0000000000000000
46640	126	3	AEGPRenderOptionsSuite	AEGP Render Options Suite	27	1394689636	0000000000000000
46640	126	3	AEGPRenderOptionsSuite	AEGP Render Options Suite	28	1394689636	0000000000000000
46640	126	3	AEGPRenderOptionsSuite	AEGP Render Options Suite	29	1394689636	0000000000000000
46640	126	3	AEGPRenderOptionsSuite	AEGP Render Options Suite	30	1394689636	0000000000000000
46640	126	3	AEGPRenderOptionsSuite	AEGP Render Options Suite	31	1394689636	0000000000000000
46640	126	3	AEGPRenderOptionsSuite	AEGP Render Options Suite	32	1394689636	0000000000000000
46640	126	3	AEGPRQItemSuite	AEGP Render Queue Item Suite	1	0	00007FFAABF0B030
46640	126	3	AEGPRQItemSuite	AEGP Render Queue Item Suite	2	1394689636	0000000000000000
46640	126	3	AEGPRQItemSuite	AEGP Render Queue Item Suite	3	0	00007FFAABF0B0A0
46640	126	3	AEGPRQItemSuite	AEGP Render Queue Item Suite	4	0	00007FFAABF0B110
46640	126	3	AEGPRQItemSuite	AEGP Render Queue Item Suite	5	0	00007FFAABF0B190
46640	126	3	AEGPRQItemSuite	AEGP Render Queue Item Suite	6	1394689636	0000000000000000
46640	126	3	AEGPRQItemSuite	AEGP Render Queue Item Suite	7	1394689636	0000000000000000
46640	126	3	AEGPRQItemSuite	AEGP Render Queue Item Suite	8	1394689636	0000000000000000
46640	126	3	AEGPRQItemSuite	AEGP Render Queue Item Suite	9	1394689636	0000000000000000
46640	126	3	AEGPRQItemSuite	AEGP Render Queue Item Suite	10	1394689636	0000000000000000
46640	126	3	AEGPRQItemSuite	AEGP Render Queue Item Suite	11	1394689636	0000000000000000
46640	126	3	AEGPRQItemSuite	AEGP Render Queue Item Suite	12	1394689636	0000000000000000
46640	126	3	AEGPRQItemSuite	AEGP Render Queue Item Suite	13	1394689636	0000000000000000
46640	126	3	AEGPRQItemSuite	AEGP Render Queue Item Suite	14	1394689636	0000000000000000
46640	126	3	AEGPRQItemSuite	AEGP Render Queue Item Suite	15	1394689636	0000000000000000
46640	126	3	AEGPRQItemSuite	AEGP Render Queue Item Suite	16	1394689636	0000000000000000
46640	126	3	AEGPRQItemSuite	AEGP Render Queue Item Suite	17	1394689636	0000000000000000
46640	126	3	AEGPRQItemSuite	AEGP Render Queue Item Suite	18	1394689636	0000000000000000
46640	126	3	AEGPRQItemSuite	AEGP Render Queue Item Suite	19	1394689636	0000000000000000
46640	126	3	AEGPRQItemSuite	AEGP Render Queue Item Suite	20	1394689636	0000000000000000
46640	126	3	AEGPRQItemSuite	AEGP Render Queue Item Suite	21	1394689636	0000000000000000
46640	126	3	AEGPRQItemSuite	AEGP Render Queue Item Suite	22	1394689636	0000000000000000
46640	126	3	AEGPRQItemSuite	AEGP Render Queue Item Suite	23	1394689636	0000000000000000
46640	126	3	AEGPRQItemSuite	AEGP Render Queue Item Suite	24	1394689636	0000000000000000
46640	126	3	AEGPRQItemSuite	AEGP Render Queue Item Suite	25	1394689636	0000000000000000
46640	126	3	AEGPRQItemSuite	AEGP Render Queue Item Suite	26	1394689636	0000000000000000
46640	126	3	AEGPRQItemSuite	AEGP Render Queue Item Suite	27	1394689636	0000000000000000
46640	126	3	AEGPRQItemSuite	AEGP Render Queue Item Suite	28	1394689636	0000000000000000
46640	126	3	AEGPRQItemSuite	AEGP Render Queue Item Suite	29	1394689636	0000000000000000
46640	126	3	AEGPRQItemSuite	AEGP Render Queue Item Suite	30	1394689636	0000000000000000
46640	126	3	AEGPRQItemSuite	AEGP Render Queue Item Suite	31	1394689636	0000000000000000
46640	126	3	AEGPRQItemSuite	AEGP Render Queue Item Suite	32	1394689636	0000000000000000
46640	126	3	AEGPRenderQueueSuite	AEGP Render Queue Suite	1	0	00007FFAABF0B668
46640	126	3	AEGPRenderQueueSuite	AEGP Render Queue Suite	2	1394689636	0000000000000000
46640	126	3	AEGPRenderQueueSuite	AEGP Render Queue Suite	3	1394689636	0000000000000000
46640	126	3	AEGPRenderQueueSuite	AEGP Render Queue Suite	4	1394689636	0000000000000000
46640	126	3	AEGPRenderQueueSuite	AEGP Render Queue Suite	5	1394689636	0000000000000000
46640	126	3	AEGPRenderQueueSuite	AEGP Render Queue Suite	6	1394689636	0000000000000000
46640	126	3	AEGPRenderQueueSuite	AEGP Render Queue Suite	7	1394689636	0000000000000000
46640	126	3	AEGPRenderQueueSuite	AEGP Render Queue Suite	8	1394689636	0000000000000000
46640	126	3	AEGPRenderQueueSuite	AEGP Render Queue Suite	9	1394689636	0000000000000000
46640	126	3	AEGPRenderQueueSuite	AEGP Render Queue Suite	10	1394689636	0000000000000000
46640	126	3	AEGPRenderQueueSuite	AEGP Render Queue Suite	11	1394689636	0000000000000000
46640	126	3	AEGPRenderQueueSuite	AEGP Render Queue Suite	12	1394689636	0000000000000000
46640	126	3	AEGPRenderQueueSuite	AEGP Render Queue Suite	13	1394689636	0000000000000000
46640	126	3	AEGPRenderQueueSuite	AEGP Render Queue Suite	14	1394689636	0000000000000000
46640	126	3	AEGPRenderQueueSuite	AEGP Render Queue Suite	15	1394689636	0000000000000000
46640	126	3	AEGPRenderQueueSuite	AEGP Render Queue Suite	16	1394689636	0000000000000000
46640	126	3	AEGPRenderQueueSuite	AEGP Render Queue Suite	17	1394689636	0000000000000000
46640	126	3	AEGPRenderQueueSuite	AEGP Render Queue Suite	18	1394689636	0000000000000000
46640	126	3	AEGPRenderQueueSuite	AEGP Render Queue Suite	19	1394689636	0000000000000000
46640	126	3	AEGPRenderQueueSuite	AEGP Render Queue Suite	20	1394689636	0000000000000000
46640	126	3	AEGPRenderQueueSuite	AEGP Render Queue Suite	21	1394689636	0000000000000000
46640	126	3	AEGPRenderQueueSuite	AEGP Render Queue Suite	22	1394689636	0000000000000000
46640	126	3	AEGPRenderQueueSuite	AEGP Render Queue Suite	23	1394689636	0000000000000000
46640	126	3	AEGPRenderQueueSuite	AEGP Render Queue Suite	24	1394689636	0000000000000000
46640	126	3	AEGPRenderQueueSuite	AEGP Render Queue Suite	25	1394689636	0000000000000000
46640	126	3	AEGPRenderQueueSuite	AEGP Render Queue Suite	26	1394689636	0000000000000000
46640	126	3	AEGPRenderQueueSuite	AEGP Render Queue Suite	27	1394689636	0000000000000000
46640	126	3	AEGPRenderQueueSuite	AEGP Render Queue Suite	28	1394689636	0000000000000000
46640	126	3	AEGPRenderQueueSuite	AEGP Render Queue Suite	29	1394689636	0000000000000000
46640	126	3	AEGPRenderQueueSuite	AEGP Render Queue Suite	30	1394689636	0000000000000000
46640	126	3	AEGPRenderQueueSuite	AEGP Render Queue Suite	31	1394689636	0000000000000000
46640	126	3	AEGPRenderQueueSuite	AEGP Render Queue Suite	32	1394689636	0000000000000000
46640	126	3	AEGPRenderSuite	AEGP Render Suite	1	0	00007FFAABF15888
46640	126	3	AEGPRenderSuite	AEGP Render Suite	2	0	00007FFAABF158C0
46640	126	3	AEGPRenderSuite	AEGP Render Suite	3	0	00007FFAABF15910
46640	126	3	AEGPRenderSuite	AEGP Render Suite	4	1394689636	0000000000000000
46640	126	3	AEGPRenderSuite	AEGP Render Suite	5	0	00007FFAABF15970
46640	126	3	AEGPRenderSuite	AEGP Render Suite	6	1394689636	0000000000000000
46640	126	3	AEGPRenderSuite	AEGP Render Suite	7	1394689636	0000000000000000
46640	126	3	AEGPRenderSuite	AEGP Render Suite	8	0	00007FFAABF159D0
46640	126	3	AEGPRenderSuite	AEGP Render Suite	9	1394689636	0000000000000000
46640	126	3	AEGPRenderSuite	AEGP Render Suite	10	1394689636	0000000000000000
46640	126	3	AEGPRenderSuite	AEGP Render Suite	11	1394689636	0000000000000000
46640	126	3	AEGPRenderSuite	AEGP Render Suite	12	1394689636	0000000000000000
46640	126	3	AEGPRenderSuite	AEGP Render Suite	13	1394689636	0000000000000000
46640	126	3	AEGPRenderSuite	AEGP Render Suite	14	1394689636	0000000000000000
46640	126	3	AEGPRenderSuite	AEGP Render Suite	15	1394689636	0000000000000000
46640	126	3	AEGPRenderSuite	AEGP Render Suite	16	1394689636	0000000000000000
46640	126	3	AEGPRenderSuite	AEGP Render Suite	17	1394689636	0000000000000000
46640	126	3	AEGPRenderSuite	AEGP Render Suite	18	1394689636	0000000000000000
46640	126	3	AEGPRenderSuite	AEGP Render Suite	19	1394689636	0000000000000000
46640	126	3	AEGPRenderSuite	AEGP Render Suite	20	1394689636	0000000000000000
46640	126	3	AEGPRenderSuite	AEGP Render Suite	21	1394689636	0000000000000000
46640	126	3	AEGPRenderSuite	AEGP Render Suite	22	1394689636	0000000000000000
46640	126	3	AEGPRenderSuite	AEGP Render Suite	23	1394689636	0000000000000000
46640	126	3	AEGPRenderSuite	AEGP Render Suite	24	1394689636	0000000000000000
46640	126	3	AEGPRenderSuite	AEGP Render Suite	25	1394689636	0000000000000000
46640	126	3	AEGPRenderSuite	AEGP Render Suite	26	1394689636	0000000000000000
46640	126	3	AEGPRenderSuite	AEGP Render Suite	27	1394689636	0000000000000000
46640	126	3	AEGPRenderSuite	AEGP Render Suite	28	1394689636	0000000000000000
46640	126	3	AEGPRenderSuite	AEGP Render Suite	29	1394689636	0000000000000000
46640	126	3	AEGPRenderSuite	AEGP Render Suite	30	1394689636	0000000000000000
46640	126	3	AEGPRenderSuite	AEGP Render Suite	31	1394689636	0000000000000000
46640	126	3	AEGPRenderSuite	AEGP Render Suite	32	1394689636	0000000000000000
46640	126	3	AEGPRenderQueueMonitorSuite	AEGP RenderQueue Monitor Suite	1	1394689636	0000000000000000
46640	126	3	AEGPRenderQueueMonitorSuite	AEGP RenderQueue Monitor Suite	2	1394689636	0000000000000000
46640	126	3	AEGPRenderQueueMonitorSuite	AEGP RenderQueue Monitor Suite	3	1394689636	0000000000000000
46640	126	3	AEGPRenderQueueMonitorSuite	AEGP RenderQueue Monitor Suite	4	1394689636	0000000000000000
46640	126	3	AEGPRenderQueueMonitorSuite	AEGP RenderQueue Monitor Suite	5	1394689636	0000000000000000
46640	126	3	AEGPRenderQueueMonitorSuite	AEGP RenderQueue Monitor Suite	6	1394689636	0000000000000000
46640	126	3	AEGPRenderQueueMonitorSuite	AEGP RenderQueue Monitor Suite	7	1394689636	0000000000000000
46640	126	3	AEGPRenderQueueMonitorSuite	AEGP RenderQueue Monitor Suite	8	1394689636	0000000000000000
46640	126	3	AEGPRenderQueueMonitorSuite	AEGP RenderQueue Monitor Suite	9	1394689636	0000000000000000
46640	126	3	AEGPRenderQueueMonitorSuite	AEGP RenderQueue Monitor Suite	10	1394689636	0000000000000000
46640	126	3	AEGPRenderQueueMonitorSuite	AEGP RenderQueue Monitor Suite	11	1394689636	0000000000000000
46640	126	3	AEGPRenderQueueMonitorSuite	AEGP RenderQueue Monitor Suite	12	1394689636	0000000000000000
46640	126	3	AEGPRenderQueueMonitorSuite	AEGP RenderQueue Monitor Suite	13	1394689636	0000000000000000
46640	126	3	AEGPRenderQueueMonitorSuite	AEGP RenderQueue Monitor Suite	14	1394689636	0000000000000000
46640	126	3	AEGPRenderQueueMonitorSuite	AEGP RenderQueue Monitor Suite	15	1394689636	0000000000000000
46640	126	3	AEGPRenderQueueMonitorSuite	AEGP RenderQueue Monitor Suite	16	1394689636	0000000000000000
46640	126	3	AEGPRenderQueueMonitorSuite	AEGP RenderQueue Monitor Suite	17	1394689636	0000000000000000
46640	126	3	AEGPRenderQueueMonitorSuite	AEGP RenderQueue Monitor Suite	18	1394689636	0000000000000000
46640	126	3	AEGPRenderQueueMonitorSuite	AEGP RenderQueue Monitor Suite	19	1394689636	0000000000000000
46640	126	3	AEGPRenderQueueMonitorSuite	AEGP RenderQueue Monitor Suite	20	1394689636	0000000000000000
46640	126	3	AEGPRenderQueueMonitorSuite	AEGP RenderQueue Monitor Suite	21	1394689636	0000000000000000
46640	126	3	AEGPRenderQueueMonitorSuite	AEGP RenderQueue Monitor Suite	22	1394689636	0000000000000000
46640	126	3	AEGPRenderQueueMonitorSuite	AEGP RenderQueue Monitor Suite	23	1394689636	0000000000000000
46640	126	3	AEGPRenderQueueMonitorSuite	AEGP RenderQueue Monitor Suite	24	1394689636	0000000000000000
46640	126	3	AEGPRenderQueueMonitorSuite	AEGP RenderQueue Monitor Suite	25	1394689636	0000000000000000
46640	126	3	AEGPRenderQueueMonitorSuite	AEGP RenderQueue Monitor Suite	26	1394689636	0000000000000000
46640	126	3	AEGPRenderQueueMonitorSuite	AEGP RenderQueue Monitor Suite	27	1394689636	0000000000000000
46640	126	3	AEGPRenderQueueMonitorSuite	AEGP RenderQueue Monitor Suite	28	1394689636	0000000000000000
46640	126	3	AEGPRenderQueueMonitorSuite	AEGP RenderQueue Monitor Suite	29	1394689636	0000000000000000
46640	126	3	AEGPRenderQueueMonitorSuite	AEGP RenderQueue Monitor Suite	30	1394689636	0000000000000000
46640	126	3	AEGPRenderQueueMonitorSuite	AEGP RenderQueue Monitor Suite	31	1394689636	0000000000000000
46640	126	3	AEGPRenderQueueMonitorSuite	AEGP RenderQueue Monitor Suite	32	1394689636	0000000000000000
46640	126	3	AEGPSoundDataSuite	AEGP Sound Data Suite	1	0	00007FFAABF0B808
46640	126	3	AEGPSoundDataSuite	AEGP Sound Data Suite	2	1394689636	0000000000000000
46640	126	3	AEGPSoundDataSuite	AEGP Sound Data Suite	3	1394689636	0000000000000000
46640	126	3	AEGPSoundDataSuite	AEGP Sound Data Suite	4	1394689636	0000000000000000
46640	126	3	AEGPSoundDataSuite	AEGP Sound Data Suite	5	1394689636	0000000000000000
46640	126	3	AEGPSoundDataSuite	AEGP Sound Data Suite	6	1394689636	0000000000000000
46640	126	3	AEGPSoundDataSuite	AEGP Sound Data Suite	7	1394689636	0000000000000000
46640	126	3	AEGPSoundDataSuite	AEGP Sound Data Suite	8	1394689636	0000000000000000
46640	126	3	AEGPSoundDataSuite	AEGP Sound Data Suite	9	1394689636	0000000000000000
46640	126	3	AEGPSoundDataSuite	AEGP Sound Data Suite	10	1394689636	0000000000000000
46640	126	3	AEGPSoundDataSuite	AEGP Sound Data Suite	11	1394689636	0000000000000000
46640	126	3	AEGPSoundDataSuite	AEGP Sound Data Suite	12	1394689636	0000000000000000
46640	126	3	AEGPSoundDataSuite	AEGP Sound Data Suite	13	1394689636	0000000000000000
46640	126	3	AEGPSoundDataSuite	AEGP Sound Data Suite	14	1394689636	0000000000000000
46640	126	3	AEGPSoundDataSuite	AEGP Sound Data Suite	15	1394689636	0000000000000000
46640	126	3	AEGPSoundDataSuite	AEGP Sound Data Suite	16	1394689636	0000000000000000
46640	126	3	AEGPSoundDataSuite	AEGP Sound Data Suite	17	1394689636	0000000000000000
46640	126	3	AEGPSoundDataSuite	AEGP Sound Data Suite	18	1394689636	0000000000000000
46640	126	3	AEGPSoundDataSuite	AEGP Sound Data Suite	19	1394689636	0000000000000000
46640	126	3	AEGPSoundDataSuite	AEGP Sound Data Suite	20	1394689636	0000000000000000
46640	126	3	AEGPSoundDataSuite	AEGP Sound Data Suite	21	1394689636	0000000000000000
46640	126	3	AEGPSoundDataSuite	AEGP Sound Data Suite	22	1394689636	0000000000000000
46640	126	3	AEGPSoundDataSuite	AEGP Sound Data Suite	23	1394689636	0000000000000000
46640	126	3	AEGPSoundDataSuite	AEGP Sound Data Suite	24	1394689636	0000000000000000
46640	126	3	AEGPSoundDataSuite	AEGP Sound Data Suite	25	1394689636	0000000000000000
46640	126	3	AEGPSoundDataSuite	AEGP Sound Data Suite	26	1394689636	0000000000000000
46640	126	3	AEGPSoundDataSuite	AEGP Sound Data Suite	27	1394689636	0000000000000000
46640	126	3	AEGPSoundDataSuite	AEGP Sound Data Suite	28	1394689636	0000000000000000
46640	126	3	AEGPSoundDataSuite	AEGP Sound Data Suite	29	1394689636	0000000000000000
46640	126	3	AEGPSoundDataSuite	AEGP Sound Data Suite	30	1394689636	0000000000000000
46640	126	3	AEGPSoundDataSuite	AEGP Sound Data Suite	31	1394689636	0000000000000000
46640	126	3	AEGPSoundDataSuite	AEGP Sound Data Suite	32	1394689636	0000000000000000
46640	126	3	AEGPStreamSuite	AEGP Stream Suite	1	1394689636	0000000000000000
46640	126	3	AEGPStreamSuite	AEGP Stream Suite	2	1394689636	0000000000000000
46640	126	3	AEGPStreamSuite	AEGP Stream Suite	3	1394689636	0000000000000000
46640	126	3	AEGPStreamSuite	AEGP Stream Suite	4	0	00007FFAABF169B0
46640	126	3	AEGPStreamSuite	AEGP Stream Suite	5	1394689636	0000000000000000
46640	126	3	AEGPStreamSuite	AEGP Stream Suite	6	1394689636	0000000000000000
46640	126	3	AEGPStreamSuite	AEGP Stream Suite	7	0	00007FFAABF16A50
46640	126	3	AEGPStreamSuite	AEGP Stream Suite	8	0	00007FFAABF16B00
46640	126	3	AEGPStreamSuite	AEGP Stream Suite	9	0	00007FFAABF16BB0
46640	126	3	AEGPStreamSuite	AEGP Stream Suite	10	0	00007FFAABF16C60
46640	126	3	AEGPStreamSuite	AEGP Stream Suite	11	0	00007FFAABF16D10
46640	126	3	AEGPStreamSuite	AEGP Stream Suite	12	1394689636	0000000000000000
46640	126	3	AEGPStreamSuite	AEGP Stream Suite	13	1394689636	0000000000000000
46640	126	3	AEGPStreamSuite	AEGP Stream Suite	14	1394689636	0000000000000000
46640	126	3	AEGPStreamSuite	AEGP Stream Suite	15	1394689636	0000000000000000
46640	126	3	AEGPStreamSuite	AEGP Stream Suite	16	1394689636	0000000000000000
46640	126	3	AEGPStreamSuite	AEGP Stream Suite	17	1394689636	0000000000000000
46640	126	3	AEGPStreamSuite	AEGP Stream Suite	18	1394689636	0000000000000000
46640	126	3	AEGPStreamSuite	AEGP Stream Suite	19	1394689636	0000000000000000
46640	126	3	AEGPStreamSuite	AEGP Stream Suite	20	1394689636	0000000000000000
46640	126	3	AEGPStreamSuite	AEGP Stream Suite	21	1394689636	0000000000000000
46640	126	3	AEGPStreamSuite	AEGP Stream Suite	22	1394689636	0000000000000000
46640	126	3	AEGPStreamSuite	AEGP Stream Suite	23	1394689636	0000000000000000
46640	126	3	AEGPStreamSuite	AEGP Stream Suite	24	1394689636	0000000000000000
46640	126	3	AEGPStreamSuite	AEGP Stream Suite	25	1394689636	0000000000000000
46640	126	3	AEGPStreamSuite	AEGP Stream Suite	26	1394689636	0000000000000000
46640	126	3	AEGPStreamSuite	AEGP Stream Suite	27	1394689636	0000000000000000
46640	126	3	AEGPStreamSuite	AEGP Stream Suite	28	1394689636	0000000000000000
46640	126	3	AEGPStreamSuite	AEGP Stream Suite	29	1394689636	0000000000000000
46640	126	3	AEGPStreamSuite	AEGP Stream Suite	30	1394689636	0000000000000000
46640	126	3	AEGPStreamSuite	AEGP Stream Suite	31	1394689636	0000000000000000
46640	126	3	AEGPStreamSuite	AEGP Stream Suite	32	1394689636	0000000000000000
46640	126	3	AEGPTextDocumentSuite	AEGP Text Document Suite	1	0	00007FFAABF17298
46640	126	3	AEGPTextDocumentSuite	AEGP Text Document Suite	2	1394689636	0000000000000000
46640	126	3	AEGPTextDocumentSuite	AEGP Text Document Suite	3	1394689636	0000000000000000
46640	126	3	AEGPTextDocumentSuite	AEGP Text Document Suite	4	1394689636	0000000000000000
46640	126	3	AEGPTextDocumentSuite	AEGP Text Document Suite	5	1394689636	0000000000000000
46640	126	3	AEGPTextDocumentSuite	AEGP Text Document Suite	6	1394689636	0000000000000000
46640	126	3	AEGPTextDocumentSuite	AEGP Text Document Suite	7	1394689636	0000000000000000
46640	126	3	AEGPTextDocumentSuite	AEGP Text Document Suite	8	1394689636	0000000000000000
46640	126	3	AEGPTextDocumentSuite	AEGP Text Document Suite	9	1394689636	0000000000000000
46640	126	3	AEGPTextDocumentSuite	AEGP Text Document Suite	10	1394689636	0000000000000000
46640	126	3	AEGPTextDocumentSuite	AEGP Text Document Suite	11	1394689636	0000000000000000
46640	126	3	AEGPTextDocumentSuite	AEGP Text Document Suite	12	1394689636	0000000000000000
46640	126	3	AEGPTextDocumentSuite	AEGP Text Document Suite	13	1394689636	0000000000000000
46640	126	3	AEGPTextDocumentSuite	AEGP Text Document Suite	14	1394689636	0000000000000000
46640	126	3	AEGPTextDocumentSuite	AEGP Text Document Suite	15	1394689636	0000000000000000
46640	126	3	AEGPTextDocumentSuite	AEGP Text Document Suite	16	1394689636	0000000000000000
46640	126	3	AEGPTextDocumentSuite	AEGP Text Document Suite	17	1394689636	0000000000000000
46640	126	3	AEGPTextDocumentSuite	AEGP Text Document Suite	18	1394689636	0000000000000000
46640	126	3	AEGPTextDocumentSuite	AEGP Text Document Suite	19	1394689636	0000000000000000
46640	126	3	AEGPTextDocumentSuite	AEGP Text Document Suite	20	1394689636	0000000000000000
46640	126	3	AEGPTextDocumentSuite	AEGP Text Document Suite	21	1394689636	0000000000000000
46640	126	3	AEGPTextDocumentSuite	AEGP Text Document Suite	22	1394689636	0000000000000000
46640	126	3	AEGPTextDocumentSuite	AEGP Text Document Suite	23	1394689636	0000000000000000
46640	126	3	AEGPTextDocumentSuite	AEGP Text Document Suite	24	1394689636	0000000000000000
46640	126	3	AEGPTextDocumentSuite	AEGP Text Document Suite	25	1394689636	0000000000000000
46640	126	3	AEGPTextDocumentSuite	AEGP Text Document Suite	26	1394689636	0000000000000000
46640	126	3	AEGPTextDocumentSuite	AEGP Text Document Suite	27	1394689636	0000000000000000
46640	126	3	AEGPTextDocumentSuite	AEGP Text Document Suite	28	1394689636	0000000000000000
46640	126	3	AEGPTextDocumentSuite	AEGP Text Document Suite	29	1394689636	0000000000000000
46640	126	3	AEGPTextDocumentSuite	AEGP Text Document Suite	30	1394689636	0000000000000000
46640	126	3	AEGPTextDocumentSuite	AEGP Text Document Suite	31	1394689636	0000000000000000
46640	126	3	AEGPTextDocumentSuite	AEGP Text Document Suite	32	1394689636	0000000000000000
46640	126	3	AEGPTextLayerSuite	AEGP Text Layer Suite	1	0	00007FFAABF173B0
46640	126	3	AEGPTextLayerSuite	AEGP Text Layer Suite	2	0	00007FFAABF173D0
46640	126	3	AEGPTextLayerSuite	AEGP Text Layer Suite	3	1394689636	0000000000000000
46640	126	3	AEGPTextLayerSuite	AEGP Text Layer Suite	4	1394689636	0000000000000000
46640	126	3	AEGPTextLayerSuite	AEGP Text Layer Suite	5	1394689636	0000000000000000
46640	126	3	AEGPTextLayerSuite	AEGP Text Layer Suite	6	1394689636	0000000000000000
46640	126	3	AEGPTextLayerSuite	AEGP Text Layer Suite	7	1394689636	0000000000000000
46640	126	3	AEGPTextLayerSuite	AEGP Text Layer Suite	8	1394689636	0000000000000000
46640	126	3	AEGPTextLayerSuite	AEGP Text Layer Suite	9	1394689636	0000000000000000
46640	126	3	AEGPTextLayerSuite	AEGP Text Layer Suite	10	1394689636	0000000000000000
46640	126	3	AEGPTextLayerSuite	AEGP Text Layer Suite	11	1394689636	0000000000000000
46640	126	3	AEGPTextLayerSuite	AEGP Text Layer Suite	12	1394689636	0000000000000000
46640	126	3	AEGPTextLayerSuite	AEGP Text Layer Suite	13	1394689636	0000000000000000
46640	126	3	AEGPTextLayerSuite	AEGP Text Layer Suite	14	1394689636	0000000000000000
46640	126	3	AEGPTextLayerSuite	AEGP Text Layer Suite	15	1394689636	0000000000000000
46640	126	3	AEGPTextLayerSuite	AEGP Text Layer Suite	16	1394689636	0000000000000000
46640	126	3	AEGPTextLayerSuite	AEGP Text Layer Suite	17	1394689636	0000000000000000
46640	126	3	AEGPTextLayerSuite	AEGP Text Layer Suite	18	1394689636	0000000000000000
46640	126	3	AEGPTextLayerSuite	AEGP Text Layer Suite	19	1394689636	0000000000000000
46640	126	3	AEGPTextLayerSuite	AEGP Text Layer Suite	20	1394689636	0000000000000000
46640	126	3	AEGPTextLayerSuite	AEGP Text Layer Suite	21	1394689636	0000000000000000
46640	126	3	AEGPTextLayerSuite	AEGP Text Layer Suite	22	1394689636	0000000000000000
46640	126	3	AEGPTextLayerSuite	AEGP Text Layer Suite	23	1394689636	0000000000000000
46640	126	3	AEGPTextLayerSuite	AEGP Text Layer Suite	24	1394689636	0000000000000000
46640	126	3	AEGPTextLayerSuite	AEGP Text Layer Suite	25	1394689636	0000000000000000
46640	126	3	AEGPTextLayerSuite	AEGP Text Layer Suite	26	1394689636	0000000000000000
46640	126	3	AEGPTextLayerSuite	AEGP Text Layer Suite	27	1394689636	0000000000000000
46640	126	3	AEGPTextLayerSuite	AEGP Text Layer Suite	28	1394689636	0000000000000000
46640	126	3	AEGPTextLayerSuite	AEGP Text Layer Suite	29	1394689636	0000000000000000
46640	126	3	AEGPTextLayerSuite	AEGP Text Layer Suite	30	1394689636	0000000000000000
46640	126	3	AEGPTextLayerSuite	AEGP Text Layer Suite	31	1394689636	0000000000000000
46640	126	3	AEGPTextLayerSuite	AEGP Text Layer Suite	32	1394689636	0000000000000000
46640	126	3	AEGPTrackerSuite	AEGP Tracker Suite	1	0	00007FFAABF17480
46640	126	3	AEGPTrackerSuite	AEGP Tracker Suite	2	1394689636	0000000000000000
46640	126	3	AEGPTrackerSuite	AEGP Tracker Suite	3	1394689636	0000000000000000
46640	126	3	AEGPTrackerSuite	AEGP Tracker Suite	4	1394689636	0000000000000000
46640	126	3	AEGPTrackerSuite	AEGP Tracker Suite	5	1394689636	0000000000000000
46640	126	3	AEGPTrackerSuite	AEGP Tracker Suite	6	1394689636	0000000000000000
46640	126	3	AEGPTrackerSuite	AEGP Tracker Suite	7	1394689636	0000000000000000
46640	126	3	AEGPTrackerSuite	AEGP Tracker Suite	8	1394689636	0000000000000000
46640	126	3	AEGPTrackerSuite	AEGP Tracker Suite	9	1394689636	0000000000000000
46640	126	3	AEGPTrackerSuite	AEGP Tracker Suite	10	1394689636	0000000000000000
46640	126	3	AEGPTrackerSuite	AEGP Tracker Suite	11	1394689636	0000000000000000
46640	126	3	AEGPTrackerSuite	AEGP Tracker Suite	12	1394689636	0000000000000000
46640	126	3	AEGPTrackerSuite	AEGP Tracker Suite	13	1394689636	0000000000000000
46640	126	3	AEGPTrackerSuite	AEGP Tracker Suite	14	1394689636	0000000000000000
46640	126	3	AEGPTrackerSuite	AEGP Tracker Suite	15	1394689636	0000000000000000
46640	126	3	AEGPTrackerSuite	AEGP Tracker Suite	16	1394689636	0000000000000000
46640	126	3	AEGPTrackerSuite	AEGP Tracker Suite	17	1394689636	0000000000000000
46640	126	3	AEGPTrackerSuite	AEGP Tracker Suite	18	1394689636	0000000000000000
46640	126	3	AEGPTrackerSuite	AEGP Tracker Suite	19	1394689636	0000000000000000
46640	126	3	AEGPTrackerSuite	AEGP Tracker Suite	20	1394689636	0000000000000000
46640	126	3	AEGPTrackerSuite	AEGP Tracker Suite	21	1394689636	0000000000000000
46640	126	3	AEGPTrackerSuite	AEGP Tracker Suite	22	1394689636	0000000000000000
46640	126	3	AEGPTrackerSuite	AEGP Tracker Suite	23	1394689636	0000000000000000
46640	126	3	AEGPTrackerSuite	AEGP Tracker Suite	24	1394689636	0000000000000000
46640	126	3	AEGPTrackerSuite	AEGP Tracker Suite	25	1394689636	0000000000000000
46640	126	3	AEGPTrackerSuite	AEGP Tracker Suite	26	1394689636	0000000000000000
46640	126	3	AEGPTrackerSuite	AEGP Tracker Suite	27	1394689636	0000000000000000
46640	126	3	AEGPTrackerSuite	AEGP Tracker Suite	28	1394689636	0000000000000000
46640	126	3	AEGPTrackerSuite	AEGP Tracker Suite	29	1394689636	0000000000000000
46640	126	3	AEGPTrackerSuite	AEGP Tracker Suite	30	1394689636	0000000000000000
46640	126	3	AEGPTrackerSuite	AEGP Tracker Suite	31	1394689636	0000000000000000
46640	126	3	AEGPTrackerSuite	AEGP Tracker Suite	32	1394689636	0000000000000000
46640	126	3	AEGPTrackerUtilitySuite	AEGP Tracker Utility Suite	1	0	00007FFAABF174C8
46640	126	3	AEGPTrackerUtilitySuite	AEGP Tracker Utility Suite	2	1394689636	0000000000000000
46640	126	3	AEGPTrackerUtilitySuite	AEGP Tracker Utility Suite	3	1394689636	0000000000000000
46640	126	3	AEGPTrackerUtilitySuite	AEGP Tracker Utility Suite	4	1394689636	0000000000000000
46640	126	3	AEGPTrackerUtilitySuite	AEGP Tracker Utility Suite	5	1394689636	0000000000000000
46640	126	3	AEGPTrackerUtilitySuite	AEGP Tracker Utility Suite	6	1394689636	0000000000000000
46640	126	3	AEGPTrackerUtilitySuite	AEGP Tracker Utility Suite	7	1394689636	0000000000000000
46640	126	3	AEGPTrackerUtilitySuite	AEGP Tracker Utility Suite	8	1394689636	0000000000000000
46640	126	3	AEGPTrackerUtilitySuite	AEGP Tracker Utility Suite	9	1394689636	0000000000000000
46640	126	3	AEGPTrackerUtilitySuite	AEGP Tracker Utility Suite	10	1394689636	0000000000000000
46640	126	3	AEGPTrackerUtilitySuite	AEGP Tracker Utility Suite	11	1394689636	0000000000000000
46640	126	3	AEGPTrackerUtilitySuite	AEGP Tracker Utility Suite	12	1394689636	0000000000000000
46640	126	3	AEGPTrackerUtilitySuite	AEGP Tracker Utility Suite	13	1394689636	0000000000000000
46640	126	3	AEGPTrackerUtilitySuite	AEGP Tracker Utility Suite	14	1394689636	0000000000000000
46640	126	3	AEGPTrackerUtilitySuite	AEGP Tracker Utility Suite	15	1394689636	0000000000000000
46640	126	3	AEGPTrackerUtilitySuite	AEGP Tracker Utility Suite	16	1394689636	0000000000000000
46640	126	3	AEGPTrackerUtilitySuite	AEGP Tracker Utility Suite	17	1394689636	0000000000000000
46640	126	3	AEGPTrackerUtilitySuite	AEGP Tracker Utility Suite	18	1394689636	0000000000000000
46640	126	3	AEGPTrackerUtilitySuite	AEGP Tracker Utility Suite	19	1394689636	0000000000000000
46640	126	3	AEGPTrackerUtilitySuite	AEGP Tracker Utility Suite	20	1394689636	0000000000000000
46640	126	3	AEGPTrackerUtilitySuite	AEGP Tracker Utility Suite	21	1394689636	0000000000000000
46640	126	3	AEGPTrackerUtilitySuite	AEGP Tracker Utility Suite	22	1394689636	0000000000000000
46640	126	3	AEGPTrackerUtilitySuite	AEGP Tracker Utility Suite	23	1394689636	0000000000000000
46640	126	3	AEGPTrackerUtilitySuite	AEGP Tracker Utility Suite	24	1394689636	0000000000000000
46640	126	3	AEGPTrackerUtilitySuite	AEGP Tracker Utility Suite	25	1394689636	0000000000000000
46640	126	3	AEGPTrackerUtilitySuite	AEGP Tracker Utility Suite	26	1394689636	0000000000000000
46640	126	3	AEGPTrackerUtilitySuite	AEGP Tracker Utility Suite	27	1394689636	0000000000000000
46640	126	3	AEGPTrackerUtilitySuite	AEGP Tracker Utility Suite	28	1394689636	0000000000000000
46640	126	3	AEGPTrackerUtilitySuite	AEGP Tracker Utility Suite	29	1394689636	0000000000000000
46640	126	3	AEGPTrackerUtilitySuite	AEGP Tracker Utility Suite	30	1394689636	0000000000000000
46640	126	3	AEGPTrackerUtilitySuite	AEGP Tracker Utility Suite	31	1394689636	0000000000000000
46640	126	3	AEGPTrackerUtilitySuite	AEGP Tracker Utility Suite	32	1394689636	0000000000000000
46640	126	3	AEGPUtilitySuite	AEGP Utility Suite	1	1394689636	0000000000000000
46640	126	3	AEGPUtilitySuite	AEGP Utility Suite	2	1394689636	0000000000000000
46640	126	3	AEGPUtilitySuite	AEGP Utility Suite	3	0	00007FFAABF179A0
46640	126	3	AEGPUtilitySuite	AEGP Utility Suite	4	1394689636	0000000000000000
46640	126	3	AEGPUtilitySuite	AEGP Utility Suite	5	0	00007FFAABF179F0
46640	126	3	AEGPUtilitySuite	AEGP Utility Suite	6	1394689636	0000000000000000
46640	126	3	AEGPUtilitySuite	AEGP Utility Suite	7	0	00007FFAABF17A90
46640	126	3	AEGPUtilitySuite	AEGP Utility Suite	8	1394689636	0000000000000000
46640	126	3	AEGPUtilitySuite	AEGP Utility Suite	9	1394689636	0000000000000000
46640	126	3	AEGPUtilitySuite	AEGP Utility Suite	10	0	00007FFAABF17B60
46640	126	3	AEGPUtilitySuite	AEGP Utility Suite	11	0	00007FFAABF17C50
46640	126	3	AEGPUtilitySuite	AEGP Utility Suite	12	1394689636	0000000000000000
46640	126	3	AEGPUtilitySuite	AEGP Utility Suite	13	0	00007FFAABF17D50
46640	126	3	AEGPUtilitySuite	AEGP Utility Suite	14	1394689636	0000000000000000
46640	126	3	AEGPUtilitySuite	AEGP Utility Suite	15	1394689636	0000000000000000
46640	126	3	AEGPUtilitySuite	AEGP Utility Suite	16	1394689636	0000000000000000
46640	126	3	AEGPUtilitySuite	AEGP Utility Suite	17	1394689636	0000000000000000
46640	126	3	AEGPUtilitySuite	AEGP Utility Suite	18	1394689636	0000000000000000
46640	126	3	AEGPUtilitySuite	AEGP Utility Suite	19	1394689636	0000000000000000
46640	126	3	AEGPUtilitySuite	AEGP Utility Suite	20	1394689636	0000000000000000
46640	126	3	AEGPUtilitySuite	AEGP Utility Suite	21	1394689636	0000000000000000
46640	126	3	AEGPUtilitySuite	AEGP Utility Suite	22	1394689636	0000000000000000
46640	126	3	AEGPUtilitySuite	AEGP Utility Suite	23	1394689636	0000000000000000
46640	126	3	AEGPUtilitySuite	AEGP Utility Suite	24	1394689636	0000000000000000
46640	126	3	AEGPUtilitySuite	AEGP Utility Suite	25	1394689636	0000000000000000
46640	126	3	AEGPUtilitySuite	AEGP Utility Suite	26	1394689636	0000000000000000
46640	126	3	AEGPUtilitySuite	AEGP Utility Suite	27	1394689636	0000000000000000
46640	126	3	AEGPUtilitySuite	AEGP Utility Suite	28	1394689636	0000000000000000
46640	126	3	AEGPUtilitySuite	AEGP Utility Suite	29	1394689636	0000000000000000
46640	126	3	AEGPUtilitySuite	AEGP Utility Suite	30	1394689636	0000000000000000
46640	126	3	AEGPUtilitySuite	AEGP Utility Suite	31	1394689636	0000000000000000
46640	126	3	AEGPUtilitySuite	AEGP Utility Suite	32	1394689636	0000000000000000
46640	126	3	AEGPWorldSuite	AEGP World Suite	1	0	00007FFAABF15770
46640	126	3	AEGPWorldSuite	AEGP World Suite	2	0	00007FFAABF157C0
46640	126	3	AEGPWorldSuite	AEGP World Suite	3	0	00007FFAABF15820
46640	126	3	AEGPWorldSuite	AEGP World Suite	4	1394689636	0000000000000000
46640	126	3	AEGPWorldSuite	AEGP World Suite	5	1394689636	0000000000000000
46640	126	3	AEGPWorldSuite	AEGP World Suite	6	1394689636	0000000000000000
46640	126	3	AEGPWorldSuite	AEGP World Suite	7	1394689636	0000000000000000
46640	126	3	AEGPWorldSuite	AEGP World Suite	8	1394689636	0000000000000000
46640	126	3	AEGPWorldSuite	AEGP World Suite	9	1394689636	0000000000000000
46640	126	3	AEGPWorldSuite	AEGP World Suite	10	1394689636	0000000000000000
46640	126	3	AEGPWorldSuite	AEGP World Suite	11	1394689636	0000000000000000
46640	126	3	AEGPWorldSuite	AEGP World Suite	12	1394689636	0000000000000000
46640	126	3	AEGPWorldSuite	AEGP World Suite	13	1394689636	0000000000000000
46640	126	3	AEGPWorldSuite	AEGP World Suite	14	1394689636	0000000000000000
46640	126	3	AEGPWorldSuite	AEGP World Suite	15	1394689636	0000000000000000
46640	126	3	AEGPWorldSuite	AEGP World Suite	16	1394689636	0000000000000000
46640	126	3	AEGPWorldSuite	AEGP World Suite	17	1394689636	0000000000000000
46640	126	3	AEGPWorldSuite	AEGP World Suite	18	1394689636	0000000000000000
46640	126	3	AEGPWorldSuite	AEGP World Suite	19	1394689636	0000000000000000
46640	126	3	AEGPWorldSuite	AEGP World Suite	20	1394689636	0000000000000000
46640	126	3	AEGPWorldSuite	AEGP World Suite	21	1394689636	0000000000000000
46640	126	3	AEGPWorldSuite	AEGP World Suite	22	1394689636	0000000000000000
46640	126	3	AEGPWorldSuite	AEGP World Suite	23	1394689636	0000000000000000
46640	126	3	AEGPWorldSuite	AEGP World Suite	24	1394689636	0000000000000000
46640	126	3	AEGPWorldSuite	AEGP World Suite	25	1394689636	0000000000000000
46640	126	3	AEGPWorldSuite	AEGP World Suite	26	1394689636	0000000000000000
46640	126	3	AEGPWorldSuite	AEGP World Suite	27	1394689636	0000000000000000
46640	126	3	AEGPWorldSuite	AEGP World Suite	28	1394689636	0000000000000000
46640	126	3	AEGPWorldSuite	AEGP World Suite	29	1394689636	0000000000000000
46640	126	3	AEGPWorldSuite	AEGP World Suite	30	1394689636	0000000000000000
46640	126	3	AEGPWorldSuite	AEGP World Suite	31	1394689636	0000000000000000
46640	126	3	AEGPWorldSuite	AEGP World Suite	32	1394689636	0000000000000000
46640	126	3	AEGPColorSettingsSuite	PF Color Settings Suite	1	0	00007FFAABF0CE08
46640	126	3	AEGPColorSettingsSuite	PF Color Settings Suite	2	1394689636	0000000000000000
46640	126	3	AEGPColorSettingsSuite	PF Color Settings Suite	3	0	00007FFAABF0CE10
46640	126	3	AEGPColorSettingsSuite	PF Color Settings Suite	4	0	00007FFAABF0CE60
46640	126	3	AEGPColorSettingsSuite	PF Color Settings Suite	5	0	00007FFAABF0CEC0
46640	126	3	AEGPColorSettingsSuite	PF Color Settings Suite	6	0	00007FFAABF0CF30
46640	126	3	AEGPColorSettingsSuite	PF Color Settings Suite	7	0	00007FFAABF0CFB0
46640	126	3	AEGPColorSettingsSuite	PF Color Settings Suite	8	1394689636	0000000000000000
46640	126	3	AEGPColorSettingsSuite	PF Color Settings Suite	9	1394689636	0000000000000000
46640	126	3	AEGPColorSettingsSuite	PF Color Settings Suite	10	1394689636	0000000000000000
46640	126	3	AEGPColorSettingsSuite	PF Color Settings Suite	11	1394689636	0000000000000000
46640	126	3	AEGPColorSettingsSuite	PF Color Settings Suite	12	1394689636	0000000000000000
46640	126	3	AEGPColorSettingsSuite	PF Color Settings Suite	13	1394689636	0000000000000000
46640	126	3	AEGPColorSettingsSuite	PF Color Settings Suite	14	1394689636	0000000000000000
46640	126	3	AEGPColorSettingsSuite	PF Color Settings Suite	15	1394689636	0000000000000000
46640	126	3	AEGPColorSettingsSuite	PF Color Settings Suite	16	1394689636	0000000000000000
46640	126	3	AEGPColorSettingsSuite	PF Color Settings Suite	17	1394689636	0000000000000000
46640	126	3	AEGPColorSettingsSuite	PF Color Settings Suite	18	1394689636	0000000000000000
46640	126	3	AEGPColorSettingsSuite	PF Color Settings Suite	19	1394689636	0000000000000000
46640	126	3	AEGPColorSettingsSuite	PF Color Settings Suite	20	1394689636	0000000000000000
46640	126	3	AEGPColorSettingsSuite	PF Color Settings Suite	21	1394689636	0000000000000000
46640	126	3	AEGPColorSettingsSuite	PF Color Settings Suite	22	1394689636	0000000000000000
46640	126	3	AEGPColorSettingsSuite	PF Color Settings Suite	23	1394689636	0000000000000000
46640	126	3	AEGPColorSettingsSuite	PF Color Settings Suite	24	1394689636	0000000000000000
46640	126	3	AEGPColorSettingsSuite	PF Color Settings Suite	25	1394689636	0000000000000000
46640	126	3	AEGPColorSettingsSuite	PF Color Settings Suite	26	1394689636	0000000000000000
46640	126	3	AEGPColorSettingsSuite	PF Color Settings Suite	27	1394689636	0000000000000000
46640	126	3	AEGPColorSettingsSuite	PF Color Settings Suite	28	1394689636	0000000000000000
46640	126	3	AEGPColorSettingsSuite	PF Color Settings Suite	29	1394689636	0000000000000000
46640	126	3	AEGPColorSettingsSuite	PF Color Settings Suite	30	1394689636	0000000000000000
46640	126	3	AEGPColorSettingsSuite	PF Color Settings Suite	31	1394689636	0000000000000000
46640	126	3	AEGPColorSettingsSuite	PF Color Settings Suite	32	1394689636	0000000000000000
46640	126	3	PFEffectSequenceDataSuite	PF Effect Sequence Data Suite	1	0	00007FFB1DF15888
46640	126	3	PFEffectSequenceDataSuite	PF Effect Sequence Data Suite	2	1394689636	0000000000000000
46640	126	3	PFEffectSequenceDataSuite	PF Effect Sequence Data Suite	3	1394689636	0000000000000000
46640	126	3	PFEffectSequenceDataSuite	PF Effect Sequence Data Suite	4	1394689636	0000000000000000
46640	126	3	PFEffectSequenceDataSuite	PF Effect Sequence Data Suite	5	1394689636	0000000000000000
46640	126	3	PFEffectSequenceDataSuite	PF Effect Sequence Data Suite	6	1394689636	0000000000000000
46640	126	3	PFEffectSequenceDataSuite	PF Effect Sequence Data Suite	7	1394689636	0000000000000000
46640	126	3	PFEffectSequenceDataSuite	PF Effect Sequence Data Suite	8	1394689636	0000000000000000
46640	126	3	PFEffectSequenceDataSuite	PF Effect Sequence Data Suite	9	1394689636	0000000000000000
46640	126	3	PFEffectSequenceDataSuite	PF Effect Sequence Data Suite	10	1394689636	0000000000000000
46640	126	3	PFEffectSequenceDataSuite	PF Effect Sequence Data Suite	11	1394689636	0000000000000000
46640	126	3	PFEffectSequenceDataSuite	PF Effect Sequence Data Suite	12	1394689636	0000000000000000
46640	126	3	PFEffectSequenceDataSuite	PF Effect Sequence Data Suite	13	1394689636	0000000000000000
46640	126	3	PFEffectSequenceDataSuite	PF Effect Sequence Data Suite	14	1394689636	0000000000000000
46640	126	3	PFEffectSequenceDataSuite	PF Effect Sequence Data Suite	15	1394689636	0000000000000000
46640	126	3	PFEffectSequenceDataSuite	PF Effect Sequence Data Suite	16	1394689636	0000000000000000
46640	126	3	PFEffectSequenceDataSuite	PF Effect Sequence Data Suite	17	1394689636	0000000000000000
46640	126	3	PFEffectSequenceDataSuite	PF Effect Sequence Data Suite	18	1394689636	0000000000000000
46640	126	3	PFEffectSequenceDataSuite	PF Effect Sequence Data Suite	19	1394689636	0000000000000000
46640	126	3	PFEffectSequenceDataSuite	PF Effect Sequence Data Suite	20	1394689636	0000000000000000
46640	126	3	PFEffectSequenceDataSuite	PF Effect Sequence Data Suite	21	1394689636	0000000000000000
46640	126	3	PFEffectSequenceDataSuite	PF Effect Sequence Data Suite	22	1394689636	0000000000000000
46640	126	3	PFEffectSequenceDataSuite	PF Effect Sequence Data Suite	23	1394689636	0000000000000000
46640	126	3	PFEffectSequenceDataSuite	PF Effect Sequence Data Suite	24	1394689636	0000000000000000
46640	126	3	PFEffectSequenceDataSuite	PF Effect Sequence Data Suite	25	1394689636	0000000000000000
46640	126	3	PFEffectSequenceDataSuite	PF Effect Sequence Data Suite	26	1394689636	0000000000000000
46640	126	3	PFEffectSequenceDataSuite	PF Effect Sequence Data Suite	27	1394689636	0000000000000000
46640	126	3	PFEffectSequenceDataSuite	PF Effect Sequence Data Suite	28	1394689636	0000000000000000
46640	126	3	PFEffectSequenceDataSuite	PF Effect Sequence Data Suite	29	1394689636	0000000000000000
46640	126	3	PFEffectSequenceDataSuite	PF Effect Sequence Data Suite	30	1394689636	0000000000000000
46640	126	3	PFEffectSequenceDataSuite	PF Effect Sequence Data Suite	31	1394689636	0000000000000000
46640	126	3	PFEffectSequenceDataSuite	PF Effect Sequence Data Suite	32	1394689636	0000000000000000
